# File created = Monday, May 11, 2026 7:10:27 PM EDT
# Data set = ADF_TR_Nirmat400-Mpro400_EDTA_VT_2026-05-07  303  1  /Users/ramelt2/Library/CloudStorage/Box-Box/Montelione-Lab-Box/MPro_NMR_and_MS_data_and_analysis/MPro-Nirmatrelvir_19F-NMR/Mohawk-600-EDTA-Mpro-2026-04
# Spectral Region:
# LEFT = 2.0 ppm. RIGHT = -2.0 ppm.
#
# SIZE = 16282 ( = number of points)
#
# In the following ordering is from the 'left' to the 'right' limits!
# Lines beginning with '#' must be considered as comment lines.
#
-342736.0
-220712.0
-104176.0
6632.0
111496.0
210320.0
303040.0
389640.0
470160.0
544640.0
613176.0
675800.0
732624.0
783672.0
829016.0
868688.0
902704.0
931040.0
953680.0
970600.0
981736.0
987040.0
986464.0
979936.0
967448.0
948944.0
924440.0
893944.0
857528.0
815256.0
767264.0
713720.0
654784.0
590752.0
521848.0
448400.0
370760.0
289296.0
204400.0
116512.0
26080.0
-66440.0
-160584.0
-255872.0
-351816.0
-447976.0
-543880.0
-639104.0
-733248.0
-825936.0
-916832.0
-1005632.0
-1092112.0
-1176024.0
-1257224.0
-1335640.0
-1411136.0
-1483736.0
-1553416.0
-1620240.0
-1684296.0
-1745696.0
-1804616.0
-1861240.0
-1915776.0
-1968496.0
-2019712.0
-2069760.0
-2119064.0
-2168032.0
-2217200.0
-2267120.0
-2318408.0
-2371728.0
-2427800.0
-2487392.0
-2551328.0
-2620424.0
-2695536.0
-2777536.0
-2867272.0
-2965568.0
-3073240.0
-3191032.0
-3319616.0
-3459640.0
-3611600.0
-3775952.0
-3953008.0
-4142984.0
-4346000.0
-4562032.0
-4791000.0
-5032608.0
-5286536.0
-5552344.0
-5829488.0
-6117336.0
-6415184.0
-6722248.0
-7037680.0
-7360600.0
-7690088.0
-8025192.0
-8364920.0
-8708264.0
-9054224.0
-9401808.0
-9749928.0
-1.00976E7
-1.0443792E7
-1.0787488E7
-1.1127648E7
-1.1463296E7
-1.17934E7
-1.2116992E7
-1.2433056E7
-1.2740664E7
-1.3038872E7
-1.3326752E7
-1.360348E7
-1.3868184E7
-1.4120136E7
-1.4358616E7
-1.4583008E7
-1.4792744E7
-1.4987376E7
-1.5166552E7
-1.5330008E7
-1.5477584E7
-1.5609216E7
-1.5724944E7
-1.5824936E7
-1.5909432E7
-1.5978744E7
-1.6033312E7
-1.6073576E7
-1.6100136E7
-1.6113544E7
-1.6114472E7
-1.6103632E7
-1.608172E7
-1.6049472E7
-1.6007656E7
-1.5957072E7
-1.589848E7
-1.5832712E7
-1.5760536E7
-1.5682784E7
-1.5600248E7
-1.551372E7
-1.5424008E7
-1.5331896E7
-1.5238136E7
-1.5143448E7
-1.5048584E7
-1.4954192E7
-1.4860896E7
-1.476928E7
-1.4679864E7
-1.4593096E7
-1.4509352E7
-1.4428928E7
-1.4352064E7
-1.4278896E7
-1.4209488E7
-1.4143832E7
-1.40818E7
-1.402324E7
-1.3967896E7
-1.391548E7
-1.386564E7
-1.381792E7
-1.377188E7
-1.372704E7
-1.3682872E7
-1.36388E7
-1.3594272E7
-1.3548696E7
-1.3501432E7
-1.3451832E7
-1.3399256E7
-1.3342976E7
-1.3282248E7
-1.3216328E7
-1.3144376E7
-1.3065544E7
-1.2978896E7
-1.288348E7
-1.2778264E7
-1.2662224E7
-1.2534192E7
-1.239308E7
-1.2237712E7
-1.206692E7
-1.1879536E7
-1.1674416E7
-1.1450472E7
-1.1206656E7
-1.0942008E7
-1.065564E7
-1.0346856E7
-1.0015008E7
-9659632.0
-9280464.0
-8877368.0
-8450448.0
-7999992.0
-7526464.0
-7030592.0
-6513248.0
-5975568.0
-5418888.0
-4844672.0
-4254624.0
-3650584.0
-3034576.0
-2408696.0
-1775208.0
-1136376.0
-494592.0
147792.0
788368.0
1424824.0
2054832.0
2676232.0
3286920.0
3884960.0
4468568.0
5036144.0
5586280.0
6117760.0
6629608.0
7121048.0
7591520.0
8040696.0
8468440.0
8874832.0
9260144.0
9624832.0
9969504.0
1.0294904E7
1.0601936E7
1.0891584E7
1.1164928E7
1.1423112E7
1.166732E7
1.1898776E7
1.2118688E7
1.232824E7
1.252856E7
1.2720784E7
1.2905928E7
1.3084888E7
1.3258536E7
1.3427568E7
1.3592592E7
1.3754104E7
1.391244E7
1.4067808E7
1.422032E7
1.4369944E7
1.4516552E7
1.465984E7
1.4799496E7
1.4935008E7
1.5065832E7
1.5191312E7
1.5310744E7
1.542332E7
1.5528168E7
1.5624368E7
1.571092E7
1.5786808E7
1.5850944E7
1.5902192E7
1.5939424E7
1.5961464E7
1.5967104E7
1.5955176E7
1.592448E7
1.5873864E7
1.580224E7
1.570852E7
1.5591736E7
1.5450976E7
1.5285456E7
1.5094488E7
1.4877536E7
1.4634216E7
1.4364288E7
1.4067632E7
1.3744376E7
1.3394784E7
1.3019272E7
1.2618456E7
1.2193112E7
1.1744168E7
1.127272E7
1.078E7
1.0267376E7
9736352.0
9188528.0
8625624.0
8049416.0
7461776.0
6864640.0
6259936.0
5649704.0
5035944.0
4420688.0
3805928.0
3193704.0
2585952.0
1984608.0
1391512.0
808480.0
237264.0
-320512.0
-863264.0
-1389560.0
-1898008.0
-2387376.0
-2856480.0
-3304336.0
-3730008.0
-4132728.0
-4511856.0
-4866848.0
-5197328.0
-5503088.0
-5783984.0
-6040064.0
-6271480.0
-6478568.0
-6661768.0
-6821648.0
-6958928.0
-7074456.0
-7169176.0
-7244104.0
-7300456.0
-7339416.0
-7362320.0
-7370520.0
-7365392.0
-7348400.0
-7320952.0
-7284448.0
-7240312.0
-7189904.0
-7134480.0
-7075320.0
-7013568.0
-6950312.0
-6886512.0
-6823120.0
-6760880.0
-6700536.0
-6642680.0
-6587840.0
-6536480.0
-6488920.0
-6445480.0
-6406376.0
-6371768.0
-6341784.0
-6316496.0
-6295920.0
-6280072.0
-6268928.0
-6262384.0
-6260376.0
-6262744.0
-6269320.0
-6279872.0
-6294168.0
-6311864.0
-6332608.0
-6355944.0
-6381392.0
-6408424.0
-6436432.0
-6464776.0
-6492768.0
-6519696.0
-6544824.0
-6567416.0
-6586744.0
-6602072.0
-6612728.0
-6618064.0
-6617464.0
-6610400.0
-6596400.0
-6575048.0
-6546008.0
-6509056.0
-6463968.0
-6410632.0
-6348992.0
-6279064.0
-6200856.0
-6114520.0
-6020184.0
-5917992.0
-5808168.0
-5690880.0
-5566408.0
-5434952.0
-5296752.0
-5152048.0
-5001056.0
-4844000.0
-4681088.0
-4512512.0
-4338440.0
-4159040.0
-3974440.0
-3784800.0
-3590128.0
-3390552.0
-3186080.0
-2976760.0
-2762560.0
-2543464.0
-2319448.0
-2090464.0
-1856416.0
-1617288.0
-1373064.0
-1123688.0
-869184.0
-609640.0
-345128.0
-75832.0
197984.0
476048.0
757920.0
1043160.0
1331160.0
1621256.0
1912728.0
2204672.0
2496232.0
2786368.0
3074048.0
3358128.0
3637472.0
3910880.0
4177144.0
4435056.0
4683424.0
4921088.0
5146952.0
5359968.0
5559200.0
5743792.0
5913008.0
6066280.0
6203112.0
6323248.0
6426520.0
6512944.0
6582696.0
6636088.0
6673584.0
6695800.0
6703376.0
6697144.0
6677952.0
6646664.0
6604216.0
6551504.0
6489408.0
6418768.0
6340312.0
6254744.0
6162624.0
6064432.0
5960544.0
5851232.0
5736672.0
5616952.0
5492112.0
5362120.0
5226944.0
5086512.0
4940816.0
4789856.0
4633744.0
4472632.0
4306848.0
4136864.0
3963248.0
3786800.0
3608456.0
3429392.0
3250920.0
3074552.0
2901960.0
2735016.0
2575680.0
2426088.0
2288424.0
2164960.0
2058008.0
1969856.0
1902792.0
1859000.0
1840616.0
1849552.0
1887600.0
1956336.0
2057096.0
2190952.0
2358704.0
2560840.0
2797544.0
3068680.0
3373824.0
3712200.0
4082752.0
4484128.0
4914704.0
5372624.0
5855832.0
6362040.0
6888816.0
7433600.0
7993760.0
8566544.0
9149184.0
9738872.0
1.0332832E7
1.0928296E7
1.1522544E7
1.211292E7
1.2696816E7
1.3271744E7
1.3835264E7
1.4385056E7
1.4918896E7
1.5434648E7
1.5930304E7
1.6403944E7
1.6853776E7
1.7278088E7
1.7675288E7
1.8043888E7
1.8382552E7
1.869E7
1.896508E7
1.9206816E7
1.9414304E7
1.9586832E7
1.9723752E7
1.9824648E7
1.9889216E7
1.9917304E7
1.9909008E7
1.9864528E7
1.9784272E7
1.9668872E7
1.9519096E7
1.933592E7
1.9120544E7
1.887428E7
1.8598656E7
1.8295376E7
1.7966216E7
1.7613152E7
1.723824E7
1.684364E7
1.6431568E7
1.6004328E7
1.5564224E7
1.5113616E7
1.4654824E7
1.4190192E7
1.3722008E7
1.3252544E7
1.2783992E7
1.2318528E7
1.1858192E7
1.1404992E7
1.096084E7
1.052752E7
1.0106768E7
9700160.0
9309160.0
8935104.0
8579184.0
8242440.0
7925744.0
7629792.0
7355120.0
7102096.0
6870832.0
6661328.0
6473352.0
6306520.0
6160264.0
6033848.0
5926392.0
5836920.0
5764312.0
5707352.0
5664752.0
5635192.0
5617336.0
5609784.0
5611200.0
5620272.0
5635680.0
5656232.0
5680752.0
5708192.0
5737560.0
5767992.0
5798720.0
5829048.0
5858424.0
5886424.0
5912664.0
5936912.0
5959000.0
5978896.0
5996624.0
6012280.0
6026016.0
6038112.0
6048832.0
6058520.0
6067576.0
6076384.0
6085416.0
6095080.0
6105848.0
6118200.0
6132552.0
6149392.0
6169128.0
6192160.0
6218880.0
6249624.0
6284712.0
6324440.0
6369056.0
6418792.0
6473824.0
6534328.0
6600456.0
6672312.0
6749984.0
6833576.0
6923104.0
7018624.0
7120176.0
7227760.0
7341376.0
7461000.0
7586560.0
7718000.0
7855216.0
7998056.0
8146344.0
8299856.0
8458320.0
8621416.0
8788720.0
8959800.0
9134104.0
9311024.0
9489888.0
9669912.0
9850312.0
1.0030168E7
1.0208472E7
1.0384248E7
1.0556416E7
1.0723864E7
1.088548E7
1.1040144E7
1.118672E7
1.1324128E7
1.1451352E7
1.1567384E7
1.1671336E7
1.1762408E7
1.1839904E7
1.190324E7
1.1951992E7
1.1985832E7
1.2004608E7
1.2008296E7
1.1997024E7
1.1971096E7
1.193092E7
1.1877048E7
1.1810152E7
1.1731072E7
1.1640688E7
1.154E7
1.143008E7
1.1312064E7
1.1187144E7
1.1056472E7
1.0921288E7
1.0782736E7
1.0641992E7
1.0500104E7
1.0358152E7
1.0217032E7
1.0077616E7
9940632.0
9806712.0
9676336.0
9549920.0
9427696.0
9309816.0
9196272.0
9087000.0
8981776.0
8880336.0
8782328.0
8687288.0
8594800.0
8504328.0
8415400.0
8327528.0
8240224.0
8153112.0
8065824.0
7978104.0
7889808.0
7800848.0
7711296.0
7621344.0
7531312.0
7441648.0
7352896.0
7265752.0
7181024.0
7099584.0
7022384.0
6950464.0
6884856.0
6826656.0
6776912.0
6736656.0
6706864.0
6688416.0
6682128.0
6688648.0
6708536.0
6742160.0
6789720.0
6851280.0
6926728.0
7015752.0
7117848.0
7232384.0
7358528.0
7495328.0
7641664.0
7796280.0
7957832.0
8124856.0
8295808.0
8469072.0
8642984.0
8815824.0
8985880.0
9151432.0
9310768.0
9462200.0
9604096.0
9734928.0
9853192.0
9957520.0
1.0046696E7
1.0119552E7
1.0175144E7
1.021264E7
1.0231368E7
1.0230856E7
1.0210792E7
1.0170992E7
1.0111464E7
1.0032368E7
9934024.0
9816888.0
9681520.0
9528592.0
9358904.0
9173272.0
8972648.0
8757992.0
8530312.0
8290632.0
8040000.0
7779448.0
7510008.0
7232688.0
6948448.0
6658240.0
6362936.0
6063376.0
5760360.0
5454608.0
5146768.0
4837464.0
4527264.0
4216672.0
3906184.0
3596248.0
3287288.0
2979704.0
2673960.0
2370496.0
2069776.0
1772328.0
1478712.0
1189528.0
905472.0
627248.0
355696.0
91616.0
-164048.0
-410368.0
-646384.0
-871072.0
-1083448.0
-1282472.0
-1467232.0
-1636760.0
-1790176.0
-1926664.0
-2045472.0
-2145984.0
-2227640.0
-2289992.0
-2332768.0
-2355728.0
-2358824.0
-2342120.0
-2305808.0
-2250232.0
-2175840.0
-2083232.0
-1973136.0
-1846408.0
-1704056.0
-1547168.0
-1377048.0
-1195016.0
-1002616.0
-801456.0
-593216.0
-379760.0
-162984.0
55112.0
272496.0
487072.0
696712.0
899312.0
1092768.0
1275048.0
1444176.0
1598280.0
1735648.0
1854672.0
1953944.0
2032288.0
2088712.0
2122456.0
2133032.0
2120168.0
2083888.0
2024448.0
1942320.0
1838256.0
1713192.0
1568256.0
1404752.0
1224096.0
1027880.0
817696.0
595248.0
362200.0
120256.0
-128944.0
-383832.0
-642896.0
-904736.0
-1168072.0
-1431760.0
-1694744.0
-1956128.0
-2215160.0
-2471184.0
-2723664.0
-2972168.0
-3216416.0
-3456128.0
-3691192.0
-3921520.0
-4147096.0
-4367968.0
-4584232.0
-4796008.0
-5003528.0
-5207000.0
-5406688.0
-5602928.0
-5796072.0
-5986512.0
-6174696.0
-6361088.0
-6546184.0
-6730528.0
-6914688.0
-7099176.0
-7284544.0
-7471360.0
-7660096.0
-7851256.0
-8045224.0
-8242376.0
-8443000.0
-8647304.0
-8855392.0
-9067328.0
-9283056.0
-9502440.0
-9725272.0
-9951264.0
-1.0180072E7
-1.0411264E7
-1.0644448E7
-1.0879088E7
-1.111472E7
-1.1350832E7
-1.158688E7
-1.1822424E7
-1.2056952E7
-1.2290016E7
-1.2521216E7
-1.2750168E7
-1.2976552E7
-1.320004E7
-1.3420448E7
-1.363752E7
-1.3851112E7
-1.4061144E7
-1.4267504E7
-1.4470192E7
-1.4669176E7
-1.4864536E7
-1.5056296E7
-1.5244568E7
-1.5429496E7
-1.56112E7
-1.5789864E7
-1.5965664E7
-1.6138848E7
-1.63096E7
-1.6478176E7
-1.66448E7
-1.680976E7
-1.6973288E7
-1.713568E7
-1.72972E7
-1.745812E7
-1.7618728E7
-1.7779304E7
-1.7940152E7
-1.8101544E7
-1.8263792E7
-1.8427152E7
-1.8591976E7
-1.8758536E7
-1.8927144E7
-1.9098072E7
-1.9271656E7
-1.9448104E7
-1.962772E7
-1.9810696E7
-1.9997232E7
-2.0187432E7
-2.0381408E7
-2.0579136E7
-2.07806E7
-2.0985608E7
-2.1193952E7
-2.1405296E7
-2.1619232E7
-2.1835288E7
-2.2052888E7
-2.2271384E7
-2.249012E7
-2.2708368E7
-2.292544E7
-2.3140592E7
-2.3353144E7
-2.3562472E7
-2.3768024E7
-2.3969312E7
-2.4165976E7
-2.4357784E7
-2.4544576E7
-2.47264E7
-2.4903376E7
-2.5075784E7
-2.5243984E7
-2.5408456E7
-2.5569784E7
-2.57286E7
-2.5885584E7
-2.6041448E7
-2.6196904E7
-2.6352664E7
-2.650936E7
-2.666756E7
-2.6827792E7
-2.6990432E7
-2.7155784E7
-2.7323984E7
-2.749504E7
-2.7668816E7
-2.7845072E7
-2.8023344E7
-2.8203072E7
-2.8383536E7
-2.856392E7
-2.8743272E7
-2.8920544E7
-2.9094632E7
-2.9264352E7
-2.9428504E7
-2.9585848E7
-2.9735168E7
-2.9875296E7
-3.0005112E7
-3.0123544E7
-3.0229656E7
-3.0322624E7
-3.040172E7
-3.04664E7
-3.0516248E7
-3.0551E7
-3.0570592E7
-3.0575088E7
-3.056472E7
-3.0539896E7
-3.0501144E7
-3.0449128E7
-3.0384656E7
-3.0308624E7
-3.0222E7
-3.0125864E7
-3.002132E7
-2.990948E7
-2.9791536E7
-2.9668608E7
-2.954188E7
-2.9412456E7
-2.92814E7
-2.9149752E7
-2.9018472E7
-2.8888536E7
-2.8760752E7
-2.863596E7
-2.8514896E7
-2.839824E7
-2.8286624E7
-2.8180608E7
-2.8080696E7
-2.798736E7
-2.7900944E7
-2.7821808E7
-2.7750168E7
-2.768624E7
-2.7630152E7
-2.7581936E7
-2.7541576E7
-2.7509E7
-2.7484032E7
-2.7466456E7
-2.7456024E7
-2.7452368E7
-2.7455136E7
-2.7463928E7
-2.7478288E7
-2.749776E7
-2.7521872E7
-2.7550136E7
-2.7582064E7
-2.7617176E7
-2.7654968E7
-2.7694928E7
-2.7736616E7
-2.7779488E7
-2.7823032E7
-2.7866728E7
-2.7909992E7
-2.795224E7
-2.7992808E7
-2.8031008E7
-2.806608E7
-2.8097176E7
-2.81234E7
-2.8143784E7
-2.8157256E7
-2.8162712E7
-2.8158936E7
-2.8144688E7
-2.8118648E7
-2.807948E7
-2.8025808E7
-2.7956288E7
-2.7869568E7
-2.776432E7
-2.763932E7
-2.7493392E7
-2.7325464E7
-2.7134616E7
-2.6920056E7
-2.668116E7
-2.6417472E7
-2.612872E7
-2.581488E7
-2.5476048E7
-2.5112584E7
-2.4725032E7
-2.4314112E7
-2.3880744E7
-2.3426E7
-2.2951184E7
-2.245764E7
-2.1946904E7
-2.1420616E7
-2.0880488E7
-2.0328304E7
-1.9765912E7
-1.91952E7
-1.8618064E7
-1.8036408E7
-1.7452144E7
-1.686712E7
-1.62832E7
-1.5702152E7
-1.5125736E7
-1.4555624E7
-1.3993416E7
-1.3440656E7
-1.2898768E7
-1.2369128E7
-1.1852976E7
-1.1351512E7
-1.086576E7
-1.0396688E7
-9945120.0
-9511760.0
-9097232.0
-8701976.0
-8326344.0
-7970536.0
-7634624.0
-7318552.0
-7022104.0
-6745000.0
-6486744.0
-6246792.0
-6024448.0
-5818896.0
-5629256.0
-5454544.0
-5293664.0
-5145512.0
-5008888.0
-4882544.0
-4765232.0
-4655656.0
-4552552.0
-4454616.0
-4360560.0
-4269144.0
-4179112.0
-4089288.0
-3998480.0
-3905600.0
-3809504.0
-3709216.0
-3603712.0
-3492080.0
-3373440.0
-3247008.0
-3112080.0
-2967992.0
-2814280.0
-2650456.0
-2476288.0
-2291568.0
-2096320.0
-1890640.0
-1674832.0
-1449352.0
-1214808.0
-971944.0
-721736.0
-465224.0
-203648.0
61656.0
329248.0
597600.0
865104.0
1130072.0
1390848.0
1645776.0
1893136.0
2131360.0
2358896.0
2574304.0
2776248.0
2963528.0
3135104.0
3290128.0
3427888.0
3547920.0
3649920.0
3733816.0
3799704.0
3847936.0
3879016.0
3893648.0
3892688.0
3877168.0
3848192.0
3807072.0
3755152.0
3693792.0
3624472.0
3548640.0
3467752.0
3383240.0
3296472.0
3208744.0
3121296.0
3035256.0
2951648.0
2871376.0
2795248.0
2723936.0
2658000.0
2597888.0
2543952.0
2496416.0
2455448.0
2421120.0
2393448.0
2372360.0
2357800.0
2349624.0
2347760.0
2352040.0
2362368.0
2378656.0
2400832.0
2428872.0
2462784.0
2502656.0
2548592.0
2600744.0
2659320.0
2724592.0
2796840.0
2876416.0
2963648.0
3058928.0
3162632.0
3275152.0
3396856.0
3528088.0
3669176.0
3820368.0
3981872.0
4153840.0
4336328.0
4529304.0
4732664.0
4946136.0
5169440.0
5402120.0
5643568.0
5893184.0
6150136.0
6413552.0
6682424.0
6955672.0
7232096.0
7510424.0
7789336.0
8067376.0
8343152.0
8615112.0
8881744.0
9141528.0
9392912.0
9634336.0
9864328.0
1.0081392E7
1.028412E7
1.0471136E7
1.064116E7
1.0793E7
1.0925512E7
1.1037728E7
1.1128736E7
1.119776E7
1.1244152E7
1.1267376E7
1.1267056E7
1.1242896E7
1.119476E7
1.1122648E7
1.1026632E7
1.0906912E7
1.0763848E7
1.0597816E7
1.0409336E7
1.019896E7
9967376.0
9715264.0
9443384.0
9152544.0
8843592.0
8517360.0
8174728.0
7816592.0
7443832.0
7057400.0
6658192.0
6247152.0
5825216.0
5393360.0
4952576.0
4503896.0
4048392.0
3587120.0
3121272.0
2652024.0
2180648.0
1708440.0
1236736.0
766952.0
300512.0
-161096.0
-616408.0
-1063920.0
-1502144.0
-1929608.0
-2344864.0
-2746496.0
-3133168.0
-3503616.0
-3856632.0
-4191128.0
-4506096.0
-4800624.0
-5073968.0
-5325408.0
-5554408.0
-5760528.0
-5943424.0
-6102856.0
-6238688.0
-6350880.0
-6439464.0
-6504560.0
-6546336.0
-6565032.0
-6560920.0
-6534336.0
-6485632.0
-6415256.0
-6323616.0
-6211216.0
-6078536.0
-5926168.0
-5754648.0
-5564632.0
-5356752.0
-5131704.0
-4890240.0
-4633128.0
-4361176.0
-4075264.0
-3776288.0
-3465192.0
-3142976.0
-2810672.0
-2469344.0
-2120136.0
-1764184.0
-1402712.0
-1036952.0
-668160.0
-297688.0
73136.0
442968.0
810392.0
1174048.0
1532528.0
1884480.0
2228536.0
2563440.0
2887936.0
3200920.0
3501336.0
3788288.0
4061016.0
4318928.0
4561616.0
4788856.0
5000648.0
5197200.0
5378912.0
5546424.0
5700584.0
5842400.0
5973064.0
6093976.0
6206608.0
6312560.0
6413544.0
6511280.0
6607520.0
6704032.0
6802528.0
6904672.0
7012032.0
7126104.0
7248192.0
7379512.0
7521112.0
7673904.0
7838608.0
8015752.0
8205728.0
8408776.0
8624944.0
8854144.0
9096104.0
9350496.0
9616776.0
9894344.0
1.0182464E7
1.0480304E7
1.078696E7
1.1101448E7
1.142268E7
1.1749552E7
1.2080864E7
1.2415408E7
1.2751904E7
1.3089048E7
1.342552E7
1.3759968E7
1.4091056E7
1.4417416E7
1.4737744E7
1.5050688E7
1.5355008E7
1.5649456E7
1.5932872E7
1.6204144E7
1.646228E7
1.6706344E7
1.6935528E7
1.7149128E7
1.7346584E7
1.752744E7
1.7691376E7
1.7838216E7
1.7967928E7
1.8080568E7
1.817636E7
1.8255648E7
1.831888E7
1.8366624E7
1.8399528E7
1.8418352E7
1.8423904E7
1.8417104E7
1.8398888E7
1.8370264E7
1.8332296E7
1.8286016E7
1.8232528E7
1.8172912E7
1.8108288E7
1.8039712E7
1.7968248E7
1.789496E7
1.7820848E7
1.7746856E7
1.7673928E7
1.7602936E7
1.7534664E7
1.7469872E7
1.7409248E7
1.7353408E7
1.7302864E7
1.7258104E7
1.7219512E7
1.7187384E7
1.716196E7
1.7143392E7
1.7131768E7
1.7127056E7
1.7129224E7
1.7138096E7
1.7153472E7
1.7175104E7
1.720264E7
1.7235728E7
1.727396E7
1.7316864E7
1.7364008E7
1.741484E7
1.7468912E7
1.7525672E7
1.7584624E7
1.7645248E7
1.7707072E7
1.7769576E7
1.783232E7
1.7894848E7
1.7956744E7
1.8017632E7
1.8077128E7
1.8134904E7
1.8190664E7
1.8244144E7
1.829508E7
1.834332E7
1.8388656E7
1.8430968E7
1.8470152E7
1.8506144E7
1.853888E7
1.8568336E7
1.859448E7
1.8617312E7
1.8636816E7
1.8652976E7
1.8665736E7
1.867504E7
1.8680776E7
1.8682824E7
1.8680984E7
1.8675E7
1.8664592E7
1.86494E7
1.8628984E7
1.8602912E7
1.8570608E7
1.853152E7
1.8485024E7
1.8430448E7
1.8367128E7
1.8294336E7
1.8211368E7
1.8117512E7
1.8012088E7
1.7894424E7
1.7763904E7
1.761996E7
1.7462064E7
1.7289792E7
1.7102808E7
1.6900832E7
1.6683728E7
1.6451448E7
1.620408E7
1.5941824E7
1.5665024E7
1.537412E7
1.5069752E7
1.4752616E7
1.4423584E7
1.408368E7
1.3734008E7
1.3375816E7
1.301048E7
1.2639456E7
1.226432E7
1.1886712E7
1.1508352E7
1.1131008E7
1.0756496E7
1.0386656E7
1.0023288E7
9668200.0
9323144.0
8989760.0
8669656.0
8364256.0
8074848.0
7802568.0
7548368.0
7312984.0
7096928.0
6900504.0
6723816.0
6566656.0
6428688.0
6309336.0
6207816.0
6123216.0
6054432.0
6000256.0
5959376.0
5930424.0
5911968.0
5902600.0
5900904.0
5905496.0
5915080.0
5928432.0
5944424.0
5962040.0
5980392.0
5998704.0
6016368.0
6032872.0
6047856.0
6061072.0
6072408.0
6081824.0
6089400.0
6095264.0
6099656.0
6102792.0
6104952.0
6106456.0
6107552.0
6108536.0
6109624.0
6111008.0
6112832.0
6115184.0
6118104.0
6121576.0
6125528.0
6129848.0
6134440.0
6139120.0
6143768.0
6148232.0
6152416.0
6156272.0
6159816.0
6163096.0
6166272.0
6169600.0
6173424.0
6178120.0
6184232.0
6192336.0
6203072.0
6217152.0
6235296.0
6258296.0
6286896.0
6321840.0
6363808.0
6413464.0
6471368.0
6537952.0
6613608.0
6698552.0
6792888.0
6896592.0
7009496.0
7131288.0
7261560.0
7399744.0
7545240.0
7697272.0
7855040.0
8017664.0
8184256.0
8353880.0
8525576.0
8698440.0
8871560.0
9044056.0
9215096.0
9383888.0
9549704.0
9711872.0
9869760.0
1.00228E7
1.0170472E7
1.031232E7
1.0447928E7
1.0576944E7
1.0699048E7
1.0813928E7
1.0921384E7
1.1021216E7
1.1113272E7
1.1197432E7
1.1273616E7
1.13418E7
1.1401976E7
1.14542E7
1.149856E7
1.1535176E7
1.1564208E7
1.1585848E7
1.1600344E7
1.1607968E7
1.1609016E7
1.1603808E7
1.1592728E7
1.1576144E7
1.1554464E7
1.1528136E7
1.1497616E7
1.1463368E7
1.1425896E7
1.1385696E7
1.134332E7
1.129928E7
1.1254168E7
1.1208528E7
1.116296E7
1.1118032E7
1.1074408E7
1.1032688E7
1.0993544E7
1.095764E7
1.0925688E7
1.0898384E7
1.0876504E7
1.0860792E7
1.0852064E7
1.0851088E7
1.085872E7
1.087576E7
1.0903024E7
1.0941328E7
1.0991424E7
1.1054048E7
1.1129904E7
1.12196E7
1.1323688E7
1.1442616E7
1.1576768E7
1.1726464E7
1.1891832E7
1.2072976E7
1.226988E7
1.24824E7
1.271032E7
1.2953328E7
1.3210984E7
1.3482776E7
1.376812E7
1.4066264E7
1.4376472E7
1.4697832E7
1.502936E7
1.5369992E7
1.5718552E7
1.607376E7
1.6434256E7
1.6798576E7
1.7165168E7
1.7532368E7
1.789844E7
1.8261592E7
1.8619912E7
1.8971512E7
1.9314392E7
1.9646584E7
1.9966088E7
2.0270928E7
2.0559152E7
2.0828904E7
2.1078376E7
2.1305896E7
2.1509912E7
2.168904E7
2.184204E7
2.1967928E7
2.2065936E7
2.213548E7
2.2176296E7
2.2188384E7
2.2171976E7
2.2127648E7
2.2056192E7
2.1958704E7
2.1836552E7
2.1691312E7
2.1524816E7
2.1339096E7
2.1136296E7
2.0918776E7
2.0688904E7
2.0449176E7
2.0202072E7
1.9950072E7
1.9695608E7
1.9441008E7
1.9188456E7
1.8940016E7
1.8697544E7
1.8462664E7
1.8236792E7
1.802108E7
1.7816416E7
1.7623384E7
1.7442304E7
1.7273232E7
1.7115912E7
1.6969832E7
1.68342E7
1.6708008E7
1.6590008E7
1.6478768E7
1.6372632E7
1.6269824E7
1.6168472E7
1.6066528E7
1.596196E7
1.5852624E7
1.5736456E7
1.561132E7
1.5475184E7
1.532608E7
1.5162128E7
1.4981592E7
1.4782824E7
1.4564424E7
1.4325104E7
1.406384E7
1.377976E7
1.347228E7
1.3141016E7
1.2785816E7
1.2406824E7
1.2004376E7
1.1579112E7
1.1131832E7
1.0663632E7
1.0175792E7
9669792.0
9147304.0
8610128.0
8060168.0
7499496.0
6930232.0
6354528.0
5774600.0
5192600.0
4610688.0
4030960.0
3455448.0
2886112.0
2324760.0
1773104.0
1232744.0
705112.0
191520.0
-306888.0
-789096.0
-1254280.0
-1701728.0
-2130896.0
-2541384.0
-2932936.0
-3305400.0
-3658824.0
-3993288.0
-4309080.0
-4606512.0
-4886024.0
-5148120.0
-5393376.0
-5622424.0
-5835952.0
-6034616.0
-6219160.0
-6390272.0
-6548680.0
-6695064.0
-6830088.0
-6954408.0
-7068624.0
-7173312.0
-7269008.0
-7356232.0
-7435480.0
-7507200.0
-7571856.0
-7629880.0
-7681680.0
-7727696.0
-7768344.0
-7804048.0
-7835224.0
-7862304.0
-7885680.0
-7905760.0
-7922904.0
-7937456.0
-7949728.0
-7959928.0
-7968256.0
-7974784.0
-7979552.0
-7982504.0
-7983432.0
-7982120.0
-7978232.0
-7971376.0
-7961072.0
-7946816.0
-7928056.0
-7904216.0
-7874768.0
-7839144.0
-7796872.0
-7747520.0
-7690712.0
-7626168.0
-7553696.0
-7473216.0
-7384720.0
-7288304.0
-7184168.0
-7072576.0
-6953880.0
-6828496.0
-6696904.0
-6559600.0
-6417112.0
-6270016.0
-6118864.0
-5964248.0
-5806720.0
-5646824.0
-5485152.0
-5322224.0
-5158568.0
-4994712.0
-4831200.0
-4668544.0
-4507296.0
-4348024.0
-4191288.0
-4037688.0
-3887872.0
-3742480.0
-3602184.0
-3467728.0
-3339840.0
-3219264.0
-3106800.0
-3003184.0
-2909216.0
-2825640.0
-2753208.0
-2692576.0
-2644432.0
-2609328.0
-2587808.0
-2580296.0
-2587160.0
-2608624.0
-2644856.0
-2695912.0
-2761720.0
-2842112.0
-2936784.0
-3045376.0
-3167360.0
-3302144.0
-3449032.0
-3607192.0
-3775744.0
-3953712.0
-4140040.0
-4333560.0
-4533080.0
-4737344.0
-4945048.0
-5154784.0
-5365176.0
-5574816.0
-5782232.0
-5985992.0
-6184664.0
-6376840.0
-6561160.0
-6736304.0
-6901032.0
-7054184.0
-7194704.0
-7321664.0
-7434248.0
-7531800.0
-7613776.0
-7679848.0
-7729816.0
-7763648.0
-7781472.0
-7783592.0
-7770432.0
-7742624.0
-7700848.0
-7645936.0
-7578784.0
-7500392.0
-7411776.0
-7313976.0
-7208016.0
-7094912.0
-6975600.0
-6850928.0
-6721632.0
-6588392.0
-6451688.0
-6311872.0
-6169168.0
-6023624.0
-5875184.0
-5723624.0
-5568648.0
-5409824.0
-5246696.0
-5078736.0
-4905392.0
-4726152.0
-4540504.0
-4348040.0
-4148432.0
-3941432.0
-3726936.0
-3504992.0
-3275752.0
-3039536.0
-2796800.0
-2548120.0
-2294224.0
-2035888.0
-1774064.0
-1509688.0
-1243816.0
-977480.0
-711736.0
-447640.0
-186216.0
71592.0
324872.0
572832.0
814728.0
1049968.0
1278024.0
1498552.0
1711264.0
1916032.0
2112872.0
2301888.0
2483328.0
2657528.0
2824976.0
2986208.0
3141856.0
3292664.0
3439392.0
3582864.0
3723952.0
3863496.0
4002384.0
4141456.0
4281536.0
4423408.0
4567776.0
4715352.0
4866696.0
5022336.0
5182736.0
5348256.0
5519208.0
5695816.0
5878264.0
6066680.0
6261144.0
6461696.0
6668400.0
6881280.0
7100360.0
7325696.0
7557376.0
7795496.0
8040184.0
8291616.0
8549984.0
8815512.0
9088464.0
9369056.0
9657520.0
9954088.0
1.0258896E7
1.0572056E7
1.089356E7
1.1223304E7
1.1561048E7
1.19064E7
1.2258816E7
1.2617544E7
1.2981688E7
1.3350088E7
1.3721456E7
1.4094296E7
1.446692E7
1.4837456E7
1.5203928E7
1.5564216E7
1.5916112E7
1.6257312E7
1.6585528E7
1.6898432E7
1.719372E7
1.746916E7
1.772264E7
1.7952096E7
1.8155664E7
1.8331608E7
1.8478392E7
1.8594664E7
1.8679256E7
1.8731264E7
1.8749936E7
1.87348E7
1.8685544E7
1.8602096E7
1.84846E7
1.8333384E7
1.8148968E7
1.7932056E7
1.768348E7
1.740428E7
1.7095592E7
1.6758704E7
1.639496E7
1.6005832E7
1.5592856E7
1.5157616E7
1.470172E7
1.4226816E7
1.3734568E7
1.3226616E7
1.270456E7
1.2170024E7
1.1624552E7
1.1069656E7
1.0506792E7
9937376.0
9362776.0
8784304.0
8203208.0
7620736.0
7038096.0
6456488.0
5877064.0
5300992.0
4729472.0
4163704.0
3604856.0
3054184.0
2512896.0
1982256.0
1463504.0
957872.0
466568.0
-9216.0
-468408.0
-909928.0
-1332880.0
-1736400.0
-2119800.0
-2482536.0
-2824232.0
-3144616.0
-3443648.0
-3721424.0
-3978232.0
-4214472.0
-4430760.0
-4627808.0
-4806440.0
-4967600.0
-5112344.0
-5241752.0
-5356984.0
-5459200.0
-5549616.0
-5629392.0
-5699744.0
-5761776.0
-5816592.0
-5865232.0
-5908656.0
-5947744.0
-5983312.0
-6016072.0
-6046648.0
-6075544.0
-6103176.0
-6129840.0
-6155752.0
-6180984.0
-6205560.0
-6229344.0
-6252184.0
-6273800.0
-6293880.0
-6312016.0
-6327800.0
-6340776.0
-6350480.0
-6356480.0
-6358304.0
-6355560.0
-6347896.0
-6335008.0
-6316624.0
-6292616.0
-6262880.0
-6227416.0
-6186304.0
-6139680.0
-6087808.0
-6030960.0
-5969520.0
-5903904.0
-5834560.0
-5761976.0
-5686664.0
-5609112.0
-5529824.0
-5449272.0
-5367912.0
-5286136.0
-5204320.0
-5122752.0
-5041744.0
-4961496.0
-4882192.0
-4804008.0
-4727064.0
-4651496.0
-4577424.0
-4505008.0
-4434416.0
-4365888.0
-4299656.0
-4236064.0
-4175528.0
-4118456.0
-4065408.0
-4016936.0
-3973696.0
-3936304.0
-3905456.0
-3881840.0
-3866080.0
-3858808.0
-3860520.0
-3871704.0
-3892656.0
-3923600.0
-3964608.0
-4015552.0
-4076176.0
-4146080.0
-4224640.0
-4311160.0
-4404696.0
-4504280.0
-4608776.0
-4716960.0
-4827568.0
-4939296.0
-5050800.0
-5160776.0
-5267944.0
-5371064.0
-5468976.0
-5560664.0
-5645128.0
-5721528.0
-5789136.0
-5847328.0
-5895592.0
-5933576.0
-5961008.0
-5977696.0
-5983584.0
-5978664.0
-5963064.0
-5936936.0
-5900488.0
-5854024.0
-5797832.0
-5732280.0
-5657752.0
-5574632.0
-5483344.0
-5384296.0
-5277928.0
-5164624.0
-5044816.0
-4918904.0
-4787240.0
-4650208.0
-4508120.0
-4361288.0
-4209952.0
-4054376.0
-3894744.0
-3731184.0
-3563824.0
-3392720.0
-3217848.0
-3039184.0
-2856584.0
-2669936.0
-2478968.0
-2283408.0
-2082928.0
-1877112.0
-1665560.0
-1447728.0
-1223152.0
-991208.0
-751336.0
-502936.0
-245384.0
21928.0
299592.0
588216.0
888304.0
1200392.0
1524936.0
1862352.0
2212960.0
2577048.0
2954808.0
3346376.0
3751792.0
4171024.0
4603968.0
5050440.0
5510168.0
5982816.0
6467944.0
6965120.0
7473760.0
7993280.0
8522976.0
9062120.0
9609936.0
1.0165536E7
1.0728E7
1.1296344E7
1.1869496E7
1.2446336E7
1.3025656E7
1.36062E7
1.4186656E7
1.4765616E7
1.5341672E7
1.5913312E7
1.647904E7
1.7037312E7
1.7586576E7
1.8125328E7
1.8652048E7
1.916528E7
1.9663584E7
2.0145656E7
2.0610248E7
2.1056216E7
2.1482528E7
2.1888304E7
2.2272728E7
2.2635192E7
2.2975192E7
2.3292336E7
2.3586408E7
2.3857288E7
2.4105008E7
2.4329672E7
2.4531496E7
2.4710816E7
2.4867984E7
2.500348E7
2.5117832E7
2.521156E7
2.5285256E7
2.5339536E7
2.5375008E7
2.5392304E7
2.5392024E7
2.5374808E7
2.5341272E7
2.5291976E7
2.5227512E7
2.51484E7
2.5055192E7
2.4948368E7
2.4828368E7
2.469564E7
2.4550584E7
2.4393528E7
2.4224776E7
2.4044584E7
2.3853184E7
2.3650696E7
2.3437232E7
2.3212816E7
2.2977424E7
2.2730968E7
2.2473272E7
2.2204136E7
2.192328E7
2.1630352E7
2.1324968E7
2.100668E7
2.067508E7
2.0329616E7
1.9969832E7
1.959524E7
1.92054E7
1.879988E7
1.8378352E7
1.7940552E7
1.7486336E7
1.7015648E7
1.6528616E7
1.6025456E7
1.55066E7
1.4972648E7
1.4424304E7
1.3862528E7
1.3288392E7
1.2703128E7
1.2108128E7
1.1504904E7
1.0895064E7
1.0280328E7
9662456.0
9043216.0
8424456.0
7807936.0
7195416.0
6588568.0
5989008.0
5398256.0
4817680.0
4248568.0
3692072.0
3149168.0
2620736.0
2107464.0
1609984.0
1128744.0
664096.0
216264.0
-214592.0
-628448.0
-1025296.0
-1405216.0
-1768304.0
-2114664.0
-2444480.0
-2757840.0
-3054888.0
-3335688.0
-3600288.0
-3848720.0
-4080976.0
-4296936.0
-4496512.0
-4679560.0
-4845872.0
-4995248.0
-5127480.0
-5242296.0
-5339488.0
-5418784.0
-5479968.0
-5522832.0
-5547168.0
-5552800.0
-5539560.0
-5507336.0
-5456000.0
-5385512.0
-5295808.0
-5186848.0
-5058696.0
-4911360.0
-4744944.0
-4559584.0
-4355440.0
-4132744.0
-3891768.0
-3632872.0
-3356464.0
-3063024.0
-2753144.0
-2427464.0
-2086736.0
-1731848.0
-1363736.0
-983432.0
-592144.0
-191128.0
218256.0
634544.0
1056192.0
1481560.0
1908976.0
2336720.0
2763000.0
3186064.0
3604128.0
4015464.0
4418336.0
4811120.0
5192216.0
5560152.0
5913528.0
6251072.0
6571568.0
6873992.0
7157384.0
7420904.0
7663888.0
7885712.0
8085920.0
8264136.0
8420080.0
8553640.0
8664744.0
8753416.0
8819840.0
8864224.0
8886904.0
8888280.0
8868872.0
8829232.0
8770008.0
8691896.0
8595648.0
8482064.0
8351936.0
8206128.0
8045488.0
7870832.0
7682984.0
7482744.0
7270896.0
7048160.0
6815224.0
6572752.0
6321360.0
6061608.0
5794064.0
5519272.0
5237720.0
4949928.0
4656392.0
4357640.0
4054184.0
3746568.0
3435336.0
3121104.0
2804432.0
2485976.0
2166344.0
1846176.0
1526152.0
1206888.0
889024.0
573208.0
260008.0
-49968.0
-356216.0
-658216.0
-955512.0
-1247728.0
-1534480.0
-1815456.0
-2090408.0
-2359136.0
-2621440.0
-2877224.0
-3126368.0
-3368856.0
-3604608.0
-3833624.0
-4055912.0
-4271480.0
-4480288.0
-4682376.0
-4877720.0
-5066328.0
-5248160.0
-5423192.0
-5591408.0
-5752784.0
-5907288.0
-6054920.0
-6195704.0
-6329664.0
-6456872.0
-6577416.0
-6691432.0
-6799104.0
-6900648.0
-6996312.0
-7086400.0
-7171272.0
-7251304.0
-7326936.0
-7398632.0
-7466936.0
-7532408.0
-7595664.0
-7657368.0
-7718224.0
-7778968.0
-7840440.0
-7903472.0
-7968976.0
-8037864.0
-8111112.0
-8189704.0
-8274680.0
-8367032.0
-8467792.0
-8577944.0
-8698416.0
-8830104.0
-8973808.0
-9130240.0
-9299952.0
-9483384.0
-9680800.0
-9892296.0
-1.01178E7
-1.0356992E7
-1.0609384E7
-1.0874296E7
-1.115084E7
-1.143796E7
-1.1734424E7
-1.2038872E7
-1.2349792E7
-1.26656E7
-1.2984656E7
-1.3305264E7
-1.3625704E7
-1.3944304E7
-1.425944E7
-1.456952E7
-1.4873064E7
-1.516868E7
-1.5455104E7
-1.573116E7
-1.5995816E7
-1.6248152E7
-1.6487352E7
-1.6712704E7
-1.6923592E7
-1.7119504E7
-1.7299936E7
-1.7464512E7
-1.7612856E7
-1.7744616E7
-1.7859504E7
-1.7957216E7
-1.8037464E7
-1.8099944E7
-1.8144384E7
-1.8170504E7
-1.8178032E7
-1.8166704E7
-1.8136256E7
-1.808648E7
-1.8017176E7
-1.7928192E7
-1.7819424E7
-1.7690832E7
-1.7542464E7
-1.7374376E7
-1.7186768E7
-1.6979928E7
-1.6754216E7
-1.6510112E7
-1.6248192E7
-1.5969136E7
-1.5673744E7
-1.5362952E7
-1.5037776E7
-1.4699352E7
-1.434896E7
-1.3987968E7
-1.3617832E7
-1.3240144E7
-1.2856536E7
-1.2468736E7
-1.2078536E7
-1.168772E7
-1.1298144E7
-1.0911624E7
-1.0529944E7
-1.0154832E7
-9787944.0
-9430824.0
-9084904.0
-8751448.0
-8431584.0
-8126264.0
-7836256.0
-7562208.0
-7304536.0
-7063552.0
-6839376.0
-6632080.0
-6441576.0
-6267728.0
-6110312.0
-5969112.0
-5843872.0
-5734400.0
-5640424.0
-5561800.0
-5498408.0
-5450120.0
-5416920.0
-5398800.0
-5395808.0
-5407992.0
-5435424.0
-5478184.0
-5536328.0
-5609920.0
-5698984.0
-5803456.0
-5923288.0
-6058344.0
-6208448.0
-6373400.0
-6552904.0
-6746656.0
-6954320.0
-7175528.0
-7409904.0
-7657104.0
-7916720.0
-8188416.0
-8471888.0
-8766848.0
-9073040.0
-9390256.0
-9718368.0
-1.0057224E7
-1.0406776E7
-1.0766944E7
-1.1137752E7
-1.1519152E7
-1.191116E7
-1.2313776E7
-1.2726968E7
-1.3150656E7
-1.3584768E7
-1.4029136E7
-1.448356E7
-1.4947736E7
-1.5421296E7
-1.5903808E7
-1.639476E7
-1.689356E7
-1.739952E7
-1.7911912E7
-1.8429944E7
-1.895276E7
-1.947948E7
-2.0009176E7
-2.0540928E7
-2.10738E7
-2.1606888E7
-2.213928E7
-2.2670104E7
-2.319856E7
-2.3723848E7
-2.424528E7
-2.4762184E7
-2.5273944E7
-2.5780064E7
-2.6280008E7
-2.6773376E7
-2.7259744E7
-2.7738736E7
-2.8209976E7
-2.8673104E7
-2.9127696E7
-2.9573344E7
-3.0009528E7
-3.0435736E7
-3.0851256E7
-3.1255376E7
-3.1647248E7
-3.2025904E7
-3.2390272E7
-3.2739192E7
-3.307136E7
-3.3385448E7
-3.368E7
-3.3953536E7
-3.4204608E7
-3.4431712E7
-3.4633424E7
-3.4808352E7
-3.4955256E7
-3.5073016E7
-3.5160696E7
-3.5217512E7
-3.5242968E7
-3.5236744E7
-3.5198816E7
-3.5129392E7
-3.5028984E7
-3.4898336E7
-3.4738448E7
-3.4550568E7
-3.4336184E7
-3.4096952E7
-3.3834704E7
-3.355144E7
-3.3249256E7
-3.2930304E7
-3.2596824E7
-3.2251064E7
-3.189524E7
-3.153156E7
-3.1162144E7
-3.0789048E7
-3.04142E7
-3.0039456E7
-2.9666488E7
-2.9296928E7
-2.893216E7
-2.8573544E7
-2.8222248E7
-2.7879336E7
-2.7545752E7
-2.7222352E7
-2.6909872E7
-2.6608992E7
-2.6320312E7
-2.6044392E7
-2.5781696E7
-2.5532704E7
-2.529784E7
-2.5077496E7
-2.4872048E7
-2.4681832E7
-2.4507168E7
-2.434836E7
-2.4205672E7
-2.407932E7
-2.3969472E7
-2.3876264E7
-2.3799736E7
-2.373996E7
-2.3696872E7
-2.3670352E7
-2.3660248E7
-2.3666344E7
-2.368836E7
-2.3725952E7
-2.3778792E7
-2.3846432E7
-2.392848E7
-2.4024456E7
-2.4133864E7
-2.4256256E7
-2.4391088E7
-2.453788E7
-2.4696136E7
-2.4865288E7
-2.5044808E7
-2.5234168E7
-2.5432784E7
-2.564008E7
-2.5855424E7
-2.6078136E7
-2.6307552E7
-2.6542896E7
-2.6783368E7
-2.7028144E7
-2.727628E7
-2.7526824E7
-2.777872E7
-2.8030904E7
-2.8282208E7
-2.8531448E7
-2.87774E7
-2.9018736E7
-2.9254224E7
-2.9482496E7
-2.9702224E7
-2.9912112E7
-3.0110856E7
-3.0297168E7
-3.0469848E7
-3.0627752E7
-3.0769744E7
-3.0894872E7
-3.1002224E7
-3.1090976E7
-3.1160464E7
-3.1210104E7
-3.1239512E7
-3.1248336E7
-3.1236448E7
-3.120384E7
-3.1150656E7
-3.1077144E7
-3.0983792E7
-3.0871184E7
-3.0740072E7
-3.0591376E7
-3.0426128E7
-3.0245536E7
-3.0050952E7
-2.9843816E7
-2.9625728E7
-2.9398344E7
-2.9163432E7
-2.89228E7
-2.8678288E7
-2.8431768E7
-2.8185096E7
-2.7940112E7
-2.7698568E7
-2.7462176E7
-2.7232552E7
-2.7011168E7
-2.6799416E7
-2.6598544E7
-2.640964E7
-2.6233664E7
-2.607144E7
-2.5923608E7
-2.5790688E7
-2.567304E7
-2.5570904E7
-2.5484376E7
-2.541344E7
-2.5357976E7
-2.5317704E7
-2.5292304E7
-2.528132E7
-2.5284224E7
-2.5300416E7
-2.5329264E7
-2.5370008E7
-2.5421872E7
-2.5484008E7
-2.5555536E7
-2.5635544E7
-2.5723072E7
-2.5817128E7
-2.5916672E7
-2.6020656E7
-2.6128008E7
-2.6237568E7
-2.6348224E7
-2.645876E7
-2.6568016E7
-2.6674696E7
-2.6777576E7
-2.6875312E7
-2.6966648E7
-2.7050192E7
-2.7124592E7
-2.7188504E7
-2.7240544E7
-2.7279384E7
-2.7303696E7
-2.7312176E7
-2.7303616E7
-2.7276848E7
-2.7230808E7
-2.7164504E7
-2.7077136E7
-2.696796E7
-2.6836424E7
-2.6682128E7
-2.6504856E7
-2.6304536E7
-2.6081296E7
-2.583544E7
-2.55674E7
-2.527784E7
-2.4967544E7
-2.4637392E7
-2.4288456E7
-2.3921872E7
-2.3538872E7
-2.3140744E7
-2.2728832E7
-2.2304472E7
-2.1869056E7
-2.142388E7
-2.0970224E7
-2.050932E7
-2.0042312E7
-1.9570192E7
-1.909392E7
-1.8614224E7
-1.81318E7
-1.764712E7
-1.7160544E7
-1.667228E7
-1.61824E7
-1.5690864E7
-1.5197512E7
-1.4702088E7
-1.420424E7
-1.37036E7
-1.3199768E7
-1.2692304E7
-1.2180792E7
-1.166484E7
-1.1144112E7
-1.0618344E7
-1.0087288E7
-9550824.0
-9008864.0
-8461432.0
-7908592.0
-7350480.0
-6787296.0
-6219296.0
-5646744.0
-5069992.0
-4489376.0
-3905264.0
-3318032.0
-2728112.0
-2135888.0
-1541808.0
-946296.0
-349832.0
247128.0
844088.0
1440512.0
2035872.0
2629576.0
3221008.0
3809536.0
4394520.0
4975216.0
5550928.0
6120864.0
6684280.0
7240344.0
7788208.0
8327024.0
8855904.0
9373928.0
9880192.0
1.0373728E7
1.0853608E7
1.1318832E7
1.1768392E7
1.2201328E7
1.2616616E7
1.3013272E7
1.339028E7
1.3746704E7
1.4081568E7
1.4393984E7
1.4683088E7
1.4948032E7
1.5188112E7
1.5402616E7
1.559096E7
1.5752632E7
1.5887232E7
1.599444E7
1.6074016E7
1.6125872E7
1.6149984E7
1.6146472E7
1.611552E7
1.6057432E7
1.5972632E7
1.5861616E7
1.572496E7
1.5563376E7
1.5377624E7
1.5168576E7
1.4937184E7
1.4684456E7
1.4411496E7
1.411944E7
1.3809536E7
1.348304E7
1.3141288E7
1.2785624E7
1.2417456E7
1.203816E7
1.164916E7
1.1251808E7
1.084752E7
1.04376E7
1.0023336E7
9605936.0
9186536.0
8766192.0
8345864.0
7926424.0
7508656.0
7093224.0
6680720.0
6271704.0
5866576.0
5465752.0
5069584.0
4678424.0
4292568.0
3912376.0
3538200.0
3170416.0
2809480.0
2455840.0
2110056.0
1772648.0
1444264.0
1125512.0
817088.0
519640.0
233832.0
-39688.0
-300344.0
-547640.0
-781096.0
-1000384.0
-1205272.0
-1395624.0
-1571512.0
-1733032.0
-1880520.0
-2014368.0
-2135200.0
-2243632.0
-2340504.0
-2426696.0
-2503176.0
-2570992.0
-2631184.0
-2684864.0
-2733112.0
-2777008.0
-2817528.0
-2855632.0
-2892200.0
-2927968.0
-2963600.0
-2999648.0
-3036464.0
-3074368.0
-3113496.0
-3153896.0
-3195480.0
-3238080.0
-3281424.0
-3325232.0
-3369096.0
-3412656.0
-3455512.0
-3497296.0
-3537672.0
-3576360.0
-3613168.0
-3647976.0
-3680744.0
-3711576.0
-3740640.0
-3768256.0
-3794808.0
-3820776.0
-3846720.0
-3873320.0
-3901224.0
-3931200.0
-3963984.0
-4000368.0
-4041064.0
-4086832.0
-4138336.0
-4196216.0
-4261088.0
-4333440.0
-4413712.0
-4502320.0
-4599600.0
-4705800.0
-4821144.0
-4945824.0
-5079976.0
-5223744.0
-5377232.0
-5540576.0
-5713888.0
-5897312.0
-6090976.0
-6295032.0
-6509656.0
-6734992.0
-6971216.0
-7218448.0
-7476800.0
-7746328.0
-8027024.0
-8318824.0
-8621568.0
-8934992.0
-9258720.0
-9592288.0
-9935056.0
-1.0286304E7
-1.0645184E7
-1.1010664E7
-1.138168E7
-1.1756944E7
-1.2135128E7
-1.2514784E7
-1.289436E7
-1.3272232E7
-1.364668E7
-1.401596E7
-1.4378256E7
-1.4731768E7
-1.5074592E7
-1.5404896E7
-1.5720872E7
-1.6020672E7
-1.6302512E7
-1.6564736E7
-1.6805672E7
-1.7023768E7
-1.7217576E7
-1.7385728E7
-1.7526992E7
-1.7640264E7
-1.7724568E7
-1.7779096E7
-1.7803128E7
-1.7796176E7
-1.7757848E7
-1.7687912E7
-1.7586344E7
-1.7453232E7
-1.7288856E7
-1.7093656E7
-1.6868216E7
-1.6613304E7
-1.6329816E7
-1.601884E7
-1.5681576E7
-1.5319416E7
-1.4933848E7
-1.452652E7
-1.4099176E7
-1.365372E7
-1.319212E7
-1.2716424E7
-1.2228808E7
-1.1731456E7
-1.1226616E7
-1.0716528E7
-1.0203512E7
-9689784.0
-9177584.0
-8669080.0
-8166416.0
-7671568.0
-7186472.0
-6712920.0
-6252632.0
-5807120.0
-5377768.0
-4965840.0
-4572432.0
-4198480.0
-3844768.0
-3511936.0
-3200464.0
-2910736.0
-2642968.0
-2397256.0
-2173600.0
-1971896.0
-1791920.0
-1633400.0
-1495952.0
-1379128.0
-1282392.0
-1205168.0
-1146784.0
-1106544.0
-1083680.0
-1077344.0
-1086640.0
-1110672.0
-1148408.0
-1198856.0
-1260904.0
-1333472.0
-1415384.0
-1505480.0
-1602568.0
-1705408.0
-1812776.0
-1923456.0
-2036168.0
-2149664.0
-2262728.0
-2374096.0
-2482552.0
-2586896.0
-2685944.0
-2778544.0
-2863592.0
-2939992.0
-3006776.0
-3062960.0
-3107680.0
-3140152.0
-3159688.0
-3165712.0
-3157744.0
-3135472.0
-3098672.0
-3047312.0
-2981448.0
-2901344.0
-2807368.0
-2700024.0
-2579992.0
-2448016.0
-2304976.0
-2151840.0
-1989656.0
-1819472.0
-1642440.0
-1459624.0
-1272184.0
-1081112.0
-887440.0
-692104.0
-495928.0
-299664.0
-103920.0
90768.0
283976.0
475424.0
664912.0
852336.0
1037672.0
1221000.0
1402408.0
1582136.0
1760384.0
1937424.0
2113536.0
2289056.0
2464320.0
2639656.0
2815448.0
2992048.0
3169864.0
3349280.0
3530680.0
3714520.0
3901224.0
4091200.0
4284912.0
4482792.0
4685288.0
4892776.0
5105688.0
5324352.0
5549072.0
5780136.0
6017720.0
6261944.0
6512848.0
6770416.0
7034520.0
7304936.0
7581432.0
7863632.0
8151104.0
8443424.0
8740040.0
9040392.0
9343928.0
9650008.0
9958048.0
1.0267416E7
1.0577504E7
1.0887688E7
1.1197368E7
1.1505928E7
1.1812752E7
1.2117232E7
1.2418768E7
1.2716704E7
1.3010384E7
1.3299128E7
1.3582264E7
1.3859056E7
1.4128696E7
1.4390432E7
1.4643408E7
1.4886792E7
1.5119664E7
1.5341152E7
1.5550312E7
1.5746232E7
1.5928008E7
1.6094712E7
1.6245472E7
1.6379456E7
1.649584E7
1.6593912E7
1.6672984E7
1.6732464E7
1.6771856E7
1.6790728E7
1.6788768E7
1.676576E7
1.6721608E7
1.665628E7
1.656988E7
1.6462632E7
1.6334792E7
1.618676E7
1.6019E7
1.5832008E7
1.5626392E7
1.5402776E7
1.5161808E7
1.4904208E7
1.4630624E7
1.434176E7
1.4038288E7
1.3720864E7
1.339012E7
1.3046656E7
1.2691048E7
1.2323848E7
1.1945576E7
1.1556744E7
1.1157864E7
1.0749456E7
1.0332024E7
9906168.0
9472440.0
9031496.0
8584080.0
8130920.0
7672896.0
7210936.0
6746056.0
6279344.0
5811968.0
5345200.0
4880376.0
4418832.0
3962072.0
3511576.0
3068864.0
2635488.0
2213056.0
1803072.0
1407136.0
1026760.0
663400.0
318496.0
-6608.0
-310704.0
-592624.0
-851336.0
-1085992.0
-1295800.0
-1480184.0
-1638712.0
-1771112.0
-1877264.0
-1957232.0
-2011192.0
-2039520.0
-2042736.0
-2021424.0
-1976384.0
-1908432.0
-1818536.0
-1707744.0
-1577120.0
-1427824.0
-1261056.0
-1078040.0
-880016.0
-668272.0
-444072.0
-208712.0
36496.0
290288.0
551344.0
818384.0
1090120.0
1365288.0
1642640.0
1920936.0
2198976.0
2475608.0
2749704.0
3020240.0
3286184.0
3546648.0
3800752.0
4047744.0
4286976.0
4517816.0
4739800.0
4952488.0
5155528.0
5348688.0
5531744.0
5704560.0
5867016.0
6019096.0
6160744.0
6291912.0
6412664.0
6522952.0
6622824.0
6712264.0
6791296.0
6859928.0
6918168.0
6966056.0
7003616.0
7030952.0
7048136.0
7055320.0
7052664.0
7040456.0
7019000.0
6988640.0
6949856.0
6903136.0
6849104.0
6788424.0
6721808.0
6650056.0
6574024.0
6494584.0
6412616.0
6329048.0
6244776.0
6160696.0
6077632.0
5996352.0
5917560.0
5841896.0
5769856.0
5701848.0
5638184.0
5579000.0
5524360.0
5474224.0
5428408.0
5386656.0
5348608.0
5313840.0
5281888.0
5252224.0
5224336.0
5197704.0
5171808.0
5146184.0
5120416.0
5094152.0
5067144.0
5039208.0
5010264.0
4980304.0
4949488.0
4917984.0
4886144.0
4854360.0
4823104.0
4792944.0
4764504.0
4738416.0
4715392.0
4696128.0
4681336.0
4671744.0
4667984.0
4670704.0
4680480.0
4697808.0
4723136.0
4756800.0
4799016.0
4849968.0
4909632.0
4977992.0
5054792.0
5139760.0
5232472.0
5332392.0
5438960.0
5551432.0
5669032.0
5790960.0
5916296.0
6044144.0
6173560.0
6303592.0
6433336.0
6561856.0
6688304.0
6811864.0
6931776.0
7047360.0
7158008.0
7263200.0
7362488.0
7455528.0
7542056.0
7621888.0
7694928.0
7761152.0
7820616.0
7873432.0
7919784.0
7959880.0
7993968.0
8022360.0
8045320.0
8063192.0
8076272.0
8084832.0
8089160.0
8089480.0
8085952.0
8078736.0
8067872.0
8053392.0
8035224.0
8013240.0
7987264.0
7957056.0
7922296.0
7882664.0
7837776.0
7787264.0
7730712.0
7667768.0
7598032.0
7521184.0
7436952.0
7345080.0
7245424.0
7137856.0
7022352.0
6898960.0
6767776.0
6628992.0
6482848.0
6329656.0
6169784.0
6003640.0
5831688.0
5654464.0
5472496.0
5286352.0
5096704.0
4904152.0
4709400.0
4513144.0
4316096.0
4119016.0
3922624.0
3727688.0
3534920.0
3345104.0
3158888.0
2976952.0
2799904.0
2628304.0
2462624.0
2303264.0
2150504.0
2004576.0
1865528.0
1733384.0
1607992.0
1489104.0
1376384.0
1269376.0
1167528.0
1070216.0
976680.0
886176.0
797840.0
710808.0
624128.0
536888.0
448152.0
356952.0
262432.0
163672.0
59880.0
-49688.0
-165752.0
-288840.0
-419456.0
-557960.0
-704520.0
-859256.0
-1022096.0
-1192760.0
-1370880.0
-1555880.0
-1747024.0
-1943440.0
-2144064.0
-2347696.0
-2553032.0
-2758640.0
-2962984.0
-3164432.0
-3361344.0
-3551992.0
-3734656.0
-3907616.0
-4069168.0
-4217672.0
-4351528.0
-4469192.0
-4569264.0
-4650408.0
-4711416.0
-4751224.0
-4768888.0
-4763656.0
-4734912.0
-4682208.0
-4605336.0
-4504208.0
-4378992.0
-4230048.0
-4057928.0
-3863408.0
-3647440.0
-3411176.0
-3155968.0
-2883280.0
-2594752.0
-2292128.0
-1977264.0
-1652048.0
-1318408.0
-978304.0
-633632.0
-286304.0
61920.0
409352.0
754440.0
1095728.0
1431944.0
1761976.0
2084880.0
2399864.0
2706304.0
3003720.0
3291760.0
3570232.0
3839008.0
4098048.0
4347440.0
4587224.0
4817520.0
5038448.0
5250128.0
5452640.0
5646040.0
5830360.0
6005568.0
6171648.0
6328496.0
6476016.0
6614064.0
6742560.0
6861368.0
6970416.0
7069680.0
7159176.0
7238968.0
7309248.0
7370216.0
7422248.0
7465728.0
7501168.0
7529144.0
7550288.0
7565288.0
7574856.0
7579736.0
7580648.0
7578304.0
7573352.0
7566368.0
7557880.0
7548264.0
7537816.0
7526712.0
7514976.0
7502536.0
7489152.0
7474504.0
7458152.0
7439520.0
7418000.0
7392912.0
7363504.0
7329024.0
7288704.0
7241776.0
7187552.0
7125336.0
7054528.0
6974600.0
6885104.0
6785664.0
6676032.0
6556064.0
6425672.0
6284896.0
6133856.0
5972784.0
5801944.0
5621688.0
5432432.0
5234640.0
5028816.0
4815440.0
4595120.0
4368368.0
4135744.0
3897816.0
3655096.0
3408152.0
3157448.0
2903520.0
2646872.0
2387992.0
2127368.0
1865488.0
1602872.0
1340040.0
1077552.0
815960.0
555872.0
297944.0
42848.0
-208696.0
-455984.0
-698216.0
-934624.0
-1164384.0
-1386688.0
-1600728.0
-1805688.0
-2000776.0
-2185272.0
-2358416.0
-2519552.0
-2668096.0
-2803488.0
-2925232.0
-3032960.0
-3126344.0
-3205120.0
-3269152.0
-3318344.0
-3352728.0
-3372352.0
-3377384.0
-3368056.0
-3344656.0
-3307520.0
-3257112.0
-3193880.0
-3118336.0
-3031104.0
-2932784.0
-2824056.0
-2705648.0
-2578328.0
-2442912.0
-2300224.0
-2151160.0
-1996640.0
-1837592.0
-1674992.0
-1509824.0
-1343072.0
-1175776.0
-1008920.0
-843544.0
-680576.0
-521000.0
-365760.0
-215696.0
-71632.0
65680.0
195600.0
317536.0
431032.0
535752.0
631448.0
718056.0
795552.0
864144.0
924104.0
975864.0
1019944.0
1056984.0
1087728.0
1112928.0
1133464.0
1150192.0
1163968.0
1175624.0
1185960.0
1195648.0
1205296.0
1215360.0
1226160.0
1237832.0
1250352.0
1263520.0
1276928.0
1290032.0
1302040.0
1312072.0
1319072.0
1321856.0
1319136.0
1309584.0
1291776.0
1264296.0
1225712.0
1174656.0
1109816.0
1029952.0
933952.0
820864.0
689832.0
540240.0
371616.0
183720.0
-23512.0
-249896.0
-495080.0
-758464.0
-1039280.0
-1336536.0
-1649104.0
-1975696.0
-2314864.0
-2665056.0
-3024664.0
-3392000.0
-3765328.0
-4142944.0
-4523152.0
-4904288.0
-5284792.0
-5663168.0
-6038048.0
-6408208.0
-6772536.0
-7130112.0
-7480152.0
-7822040.0
-8155352.0
-8479824.0
-8795296.0
-9101832.0
-9399616.0
-9688912.0
-9970152.0
-1.0243776E7
-1.0510408E7
-1.0770584E7
-1.1024976E7
-1.1274192E7
-1.151884E7
-1.1759528E7
-1.1996776E7
-1.2231064E7
-1.2462792E7
-1.2692304E7
-1.2919816E7
-1.3145512E7
-1.3369408E7
-1.3591568E7
-1.3811848E7
-1.4030112E7
-1.424612E7
-1.4459632E7
-1.4670312E7
-1.4877808E7
-1.5081768E7
-1.5281784E7
-1.5477472E7
-1.566844E7
-1.5854328E7
-1.6034728E7
-1.6209336E7
-1.6377768E7
-1.65398E7
-1.6695128E7
-1.6843536E7
-1.6984816E7
-1.7118816E7
-1.7245416E7
-1.7364512E7
-1.747608E7
-1.7580064E7
-1.7676504E7
-1.7765416E7
-1.7846864E7
-1.7920904E7
-1.7987624E7
-1.8047104E7
-1.8099392E7
-1.8144552E7
-1.8182608E7
-1.8213552E7
-1.823736E7
-1.8253904E7
-1.826304E7
-1.826464E7
-1.8258424E7
-1.8244112E7
-1.8221432E7
-1.819E7
-1.8149472E7
-1.809944E7
-1.8039576E7
-1.7969488E7
-1.7888848E7
-1.7797376E7
-1.7694848E7
-1.7581072E7
-1.7455992E7
-1.7319584E7
-1.7171936E7
-1.7013248E7
-1.6843808E7
-1.6664016E7
-1.647436E7
-1.627544E7
-1.6067936E7
-1.5852632E7
-1.5630392E7
-1.5402144E7
-1.5168872E7
-1.4931616E7
-1.4691472E7
-1.4449568E7
-1.4207024E7
-1.3965008E7
-1.3724728E7
-1.3487328E7
-1.3253976E7
-1.3025848E7
-1.2804064E7
-1.2589784E7
-1.238408E7
-1.218804E7
-1.2002664E7
-1.182896E7
-1.1667848E7
-1.1520216E7
-1.1386808E7
-1.1268384E7
-1.1165536E7
-1.1078816E7
-1.1008616E7
-1.095524E7
-1.0918864E7
-1.089956E7
-1.0897232E7
-1.0911696E7
-1.0942608E7
-1.0989544E7
-1.1051936E7
-1.1129096E7
-1.1220272E7
-1.1324568E7
-1.1441064E7
-1.1568712E7
-1.1706408E7
-1.185304E7
-1.2007384E7
-1.2168208E7
-1.2334224E7
-1.250416E7
-1.2676696E7
-1.2850512E7
-1.3024272E7
-1.3196664E7
-1.3366384E7
-1.353212E7
-1.3692648E7
-1.384676E7
-1.399328E7
-1.4131112E7
-1.425924E7
-1.4376736E7
-1.4482712E7
-1.457644E7
-1.4657296E7
-1.472472E7
-1.4778304E7
-1.4817744E7
-1.484284E7
-1.4853536E7
-1.4849872E7
-1.4831992E7
-1.4800136E7
-1.475468E7
-1.4696072E7
-1.4624872E7
-1.4541704E7
-1.444732E7
-1.434256E7
-1.4228328E7
-1.410568E7
-1.3975704E7
-1.38396E7
-1.369868E7
-1.3554328E7
-1.3408E7
-1.3261224E7
-1.3115624E7
-1.297284E7
-1.283456E7
-1.2702488E7
-1.2578336E7
-1.2463784E7
-1.2360464E7
-1.2269976E7
-1.2193744E7
-1.2133168E7
-1.2089464E7
-1.2063672E7
-1.2056672E7
-1.206916E7
-1.2101576E7
-1.2154152E7
-1.2226888E7
-1.2319528E7
-1.2431576E7
-1.2562296E7
-1.2710664E7
-1.2875552E7
-1.3055496E7
-1.3248896E7
-1.3453976E7
-1.3668832E7
-1.3891408E7
-1.4119608E7
-1.4351264E7
-1.4584208E7
-1.4816248E7
-1.5045296E7
-1.5269296E7
-1.5486312E7
-1.5694544E7
-1.589236E7
-1.6078224E7
-1.6250856E7
-1.640912E7
-1.655208E7
-1.6678992E7
-1.6789296E7
-1.6882624E7
-1.6958752E7
-1.7017656E7
-1.7059432E7
-1.7084344E7
-1.709276E7
-1.7085208E7
-1.7062272E7
-1.7024656E7
-1.6973136E7
-1.6908568E7
-1.6831856E7
-1.6743976E7
-1.6645936E7
-1.6538776E7
-1.6423544E7
-1.6301336E7
-1.6173176E7
-1.604016E7
-1.5903304E7
-1.5763608E7
-1.5622E7
-1.5479424E7
-1.5336696E7
-1.5194544E7
-1.505368E7
-1.4914696E7
-1.477808E7
-1.4644272E7
-1.4513568E7
-1.4386248E7
-1.4262448E7
-1.4142272E7
-1.4025744E7
-1.3912856E7
-1.3803528E7
-1.3697672E7
-1.359516E7
-1.3495904E7
-1.3399768E7
-1.330668E7
-1.3216536E7
-1.3129304E7
-1.3045E7
-1.2963624E7
-1.2885224E7
-1.2809872E7
-1.273768E7
-1.2668768E7
-1.2603256E7
-1.2541248E7
-1.2482856E7
-1.2428144E7
-1.2377168E7
-1.2329928E7
-1.2286368E7
-1.2246416E7
-1.2209904E7
-1.2176632E7
-1.2146368E7
-1.2118848E7
-1.2093752E7
-1.2070768E7
-1.2049568E7
-1.2029856E7
-1.2011312E7
-1.199368E7
-1.1976744E7
-1.1960376E7
-1.1944456E7
-1.1928968E7
-1.1913936E7
-1.1899528E7
-1.1885872E7
-1.1873264E7
-1.1861992E7
-1.1852392E7
-1.1844872E7
-1.1839824E7
-1.1837672E7
-1.1838824E7
-1.1843688E7
-1.1852648E7
-1.1866024E7
-1.1884144E7
-1.1907264E7
-1.19356E7
-1.1969296E7
-1.2008496E7
-1.2053216E7
-1.2103512E7
-1.2159328E7
-1.2220632E7
-1.2287312E7
-1.2359264E7
-1.2436344E7
-1.2518424E7
-1.2605336E7
-1.269696E7
-1.2793144E7
-1.289376E7
-1.299872E7
-1.310792E7
-1.3221288E7
-1.3338776E7
-1.3460352E7
-1.3585992E7
-1.3715672E7
-1.3849384E7
-1.3987088E7
-1.4128728E7
-1.427424E7
-1.4423464E7
-1.4576216E7
-1.4732256E7
-1.4891224E7
-1.5052736E7
-1.521624E7
-1.5381136E7
-1.554672E7
-1.5712144E7
-1.587652E7
-1.6038808E7
-1.6197936E7
-1.635268E7
-1.650184E7
-1.6644072E7
-1.6778032E7
-1.6902368E7
-1.7015672E7
-1.7116608E7
-1.72038E7
-1.727592E7
-1.733172E7
-1.7369992E7
-1.7389592E7
-1.7389504E7
-1.7368784E7
-1.7326568E7
-1.7262128E7
-1.7174856E7
-1.7064248E7
-1.6929936E7
-1.6771664E7
-1.6589328E7
-1.6382936E7
-1.6152608E7
-1.5898624E7
-1.5621392E7
-1.532144E7
-1.4999416E7
-1.465608E7
-1.4292304E7
-1.3909088E7
-1.3507504E7
-1.3088728E7
-1.2654E7
-1.2204648E7
-1.1742056E7
-1.1267616E7
-1.0782816E7
-1.028912E7
-9788040.0
-9281104.0
-8769776.0
-8255608.0
-7740072.0
-7224640.0
-6710808.0
-6199960.0
-5693544.0
-5192928.0
-4699464.0
-4214440.0
-3739152.0
-3274824.0
-2822616.0
-2383640.0
-1958992.0
-1549600.0
-1156400.0
-780208.0
-421712.0
-81544.0
239816.0
541992.0
824736.0
1087944.0
1331640.0
1555976.0
1761256.0
1947912.0
2116480.0
2267608.0
2402096.0
2520744.0
2624488.0
2714288.0
2791160.0
2856096.0
2910136.0
2954224.0
2989320.0
3016320.0
3036064.0
3049264.0
3056592.0
3058584.0
3055704.0
3048312.0
3036632.0
3020832.0
3000960.0
2976976.0
2948760.0
2916152.0
2878888.0
2836696.0
2789272.0
2736296.0
2677432.0
2612368.0
2540816.0
2462520.0
2377240.0
2284840.0
2185200.0
2078216.0
1963896.0
1842264.0
1713384.0
1577400.0
1434392.0
1284552.0
1128048.0
965072.0
795800.0
620408.0
439112.0
252056.0
59456.0
-138512.0
-341640.0
-549720.0
-762472.0
-979592.0
-1200744.0
-1425480.0
-1653296.0
-1883600.0
-2115696.0
-2348768.0
-2581920.0
-2814136.0
-3044280.0
-3271152.0
-3493440.0
-3709784.0
-3918736.0
-4118864.0
-4308664.0
-4486704.0
-4651528.0
-4801792.0
-4936136.0
-5053392.0
-5152416.0
-5232216.0
-5291912.0
-5330776.0
-5348176.0
-5343672.0
-5316928.0
-5267736.0
-5196040.0
-5101904.0
-4985520.0
-4847192.0
-4687344.0
-4506504.0
-4305320.0
-4084528.0
-3844944.0
-3587528.0
-3313288.0
-3023328.0
-2718880.0
-2401184.0
-2071576.0
-1731504.0
-1382432.0
-1025880.0
-663432.0
-296680.0
72728.0
443192.0
813072.0
1180736.0
1544640.0
1903240.0
2255048.0
2598696.0
2932856.0
3256352.0
3568072.0
3867032.0
4152400.0
4423464.0
4679616.0
4920432.0
5145600.0
5354912.0
5548336.0
5725928.0
5887832.0
6034304.0
6165680.0
6282376.0
6384856.0
6473624.0
6549208.0
6612192.0
6663136.0
6702624.0
6731208.0
6749472.0
6757952.0
6757200.0
6747728.0
6730048.0
6704680.0
6672120.0
6632928.0
6587592.0
6536704.0
6480856.0
6420688.0
6356888.0
6290208.0
6221440.0
6151480.0
6081232.0
6011704.0
5943952.0
5879064.0
5818184.0
5762464.0
5713136.0
5671344.0
5638296.0
5615184.0
5603144.0
5603280.0
5616648.0
5644248.0
5687048.0
5745920.0
5821672.0
5915056.0
6026712.0
6157288.0
6307256.0
6477088.0
6667128.0
6877672.0
7108904.0
7360912.0
7633720.0
7927216.0
8241200.0
8575328.0
8929144.0
9302080.0
9693408.0
1.0102296E7
1.0527736E7
1.096864E7
1.1423768E7
1.1891776E7
1.2371192E7
1.2860472E7
1.3358024E7
1.3862128E7
1.4371104E7
1.488316E7
1.5396608E7
1.5909664E7
1.6420616E7
1.6927816E7
1.7429632E7
1.792452E7
1.8410936E7
1.888752E7
1.9352912E7
1.9805872E7
2.024524E7
2.0669928E7
2.1078928E7
2.1471344E7
2.1846344E7
2.2203216E7
2.2541264E7
2.285996E7
2.31588E7
2.3437448E7
2.369556E7
2.3932952E7
2.4149552E7
2.4345328E7
2.4520392E7
2.4674984E7
2.4809368E7
2.4924016E7
2.501944E7
2.5096288E7
2.5155312E7
2.519736E7
2.5223408E7
2.5234496E7
2.5231776E7
2.521644E7
2.51898E7
2.5153192E7
2.5108008E7
2.5055616E7
2.499748E7
2.4934976E7
2.486948E7
2.4802368E7
2.473488E7
2.4668232E7
2.4603552E7
2.4541832E7
2.4483992E7
2.4430808E7
2.4382944E7
2.4340944E7
2.43052E7
2.4276016E7
2.4253512E7
2.4237792E7
2.4228752E7
2.4226256E7
2.4230048E7
2.4239816E7
2.4255192E7
2.4275712E7
2.4300888E7
2.4330232E7
2.4363168E7
2.4399168E7
2.4437664E7
2.4478064E7
2.4519824E7
2.4562352E7
2.4605096E7
2.4647488E7
2.4688992E7
2.4729032E7
2.4767048E7
2.4802504E7
2.4834816E7
2.48634E7
2.488764E7
2.4906944E7
2.4920632E7
2.4928064E7
2.4928496E7
2.4921216E7
2.4905448E7
2.4880424E7
2.484532E7
2.4799352E7
2.474168E7
2.4671496E7
2.4588072E7
2.449064E7
2.4378536E7
2.4251152E7
2.4107952E7
2.3948536E7
2.3772608E7
2.3579976E7
2.3370592E7
2.3144552E7
2.2902104E7
2.26436E7
2.2369568E7
2.208068E7
2.1777688E7
2.1461496E7
2.1133128E7
2.0793632E7
2.0444184E7
2.0085984E7
1.9720288E7
1.934836E7
1.897144E7
1.85908E7
1.8207592E7
1.7823008E7
1.7438096E7
1.7053872E7
1.667124E7
1.629104E7
1.591396E7
1.5540648E7
1.51716E7
1.480728E7
1.4448016E7
1.4094048E7
1.37456E7
1.34028E7
1.3065752E7
1.2734512E7
1.2409096E7
1.208956E7
1.177592E7
1.146824E7
1.1166552E7
1.0870976E7
1.058164E7
1.0298696E7
1.0022368E7
9752912.0
9490632.0
9235848.0
8988952.0
8750328.0
8520432.0
8299696.0
8088576.0
7887528.0
7696992.0
7517376.0
7349056.0
7192376.0
7047616.0
6915008.0
6794664.0
6686648.0
6590944.0
6507424.0
6435888.0
6376016.0
6327416.0
6289600.0
6262000.0
6243952.0
6234752.0
6233616.0
6239744.0
6252256.0
6270296.0
6292976.0
6319424.0
6348768.0
6380200.0
6412928.0
6446216.0
6479440.0
6511952.0
6543248.0
6572896.0
6600544.0
6625888.0
6648768.0
6669048.0
6686712.0
6701792.0
6714392.0
6724696.0
6732912.0
6739328.0
6744240.0
6747984.0
6750952.0
6753512.0
6756064.0
6758984.0
6762688.0
6767496.0
6773784.0
6781848.0
6791976.0
6804376.0
6819272.0
6836768.0
6856976.0
6879936.0
6905624.0
6934008.0
6964976.0
6998432.0
7034208.0
7072152.0
7112056.0
7153768.0
7197104.0
7241904.0
7288040.0
7335376.0
7383808.0
7433312.0
7483832.0
7535376.0
7587936.0
7641608.0
7696448.0
7752536.0
7810000.0
7868944.0
7929536.0
7991928.0
8056304.0
8122856.0
8191808.0
8263424.0
8337960.0
8415728.0
8497056.0
8582296.0
8671824.0
8766056.0
8865376.0
8970160.0
9080832.0
9197728.0
9321136.0
9451320.0
9588448.0
9732608.0
9883792.0
1.0041872E7
1.0206592E7
1.0377608E7
1.0554408E7
1.0736392E7
1.0922808E7
1.1112816E7
1.1305456E7
1.1499664E7
1.169428E7
1.1888128E7
1.2079904E7
1.2268288E7
1.2451952E7
1.262952E7
1.2799616E7
1.2960864E7
1.3111944E7
1.325156E7
1.3378464E7
1.349148E7
1.358948E7
1.3671496E7
1.373656E7
1.3783896E7
1.381284E7
1.382284E7
1.3813496E7
1.378452E7
1.3735848E7
1.3667464E7
1.3579592E7
1.347252E7
1.334676E7
1.3202872E7
1.3041616E7
1.2863792E7
1.2670336E7
1.2462312E7
1.2240784E7
1.2006952E7
1.1762048E7
1.150732E7
1.1244096E7
1.097372E7
1.0697512E7
1.0416832E7
1.013304E7
9847472.0
9561424.0
9276208.0
8993064.0
8713200.0
8437776.0
8167912.0
7904632.0
7648904.0
7401664.0
7163728.0
6935880.0
6718824.0
6513192.0
6319568.0
6138488.0
5970440.0
5815816.0
5675064.0
5548488.0
5436448.0
5339200.0
5257008.0
5190088.0
5138600.0
5102664.0
5082328.0
5077600.0
5088376.0
5114504.0
5155712.0
5211664.0
5281888.0
5365848.0
5462864.0
5572176.0
5692936.0
5824200.0
5964944.0
6114080.0
6270504.0
6432984.0
6600352.0
6771408.0
6944896.0
7119656.0
7294504.0
7468328.0
7640032.0
7808608.0
7973088.0
8132568.0
8286248.0
8433368.0
8573240.0
8705256.0
8828896.0
8943664.0
9049184.0
9145112.0
9231168.0
9307136.0
9372880.0
9428312.0
9473424.0
9508256.0
9532928.0
9547640.0
9552656.0
9548320.0
9535024.0
9513288.0
9483664.0
9446784.0
9403296.0
9353968.0
9299552.0
9240840.0
9178608.0
9113688.0
9046832.0
8978784.0
8910224.0
8841792.0
8774016.0
8707408.0
8642312.0
8579088.0
8517912.0
8458952.0
8402272.0
8347904.0
8295776.0
8245856.0
8198048.0
8152256.0
8108416.0
8066464.0
8026384.0
7988216.0
7952056.0
7918040.0
7886376.0
7857360.0
7831320.0
7808648.0
7789784.0
7775224.0
7765464.0
7761072.0
7762592.0
7770560.0
7785536.0
7808032.0
7838544.0
7877512.0
7925344.0
7982376.0
8048928.0
8125160.0
8211224.0
8307176.0
8412976.0
8528504.0
8653528.0
8787768.0
8930800.0
9082160.0
9241240.0
9407368.0
9579848.0
9757808.0
9940376.0
1.0126592E7
1.031544E7
1.0505888E7
1.0696808E7
1.088712E7
1.1075672E7
1.1261336E7
1.1443E7
1.161952E7
1.1789832E7
1.1952904E7
1.2107744E7
1.22534E7
1.2389024E7
1.2513792E7
1.2626992E7
1.2727984E7
1.281616E7
1.2891048E7
1.2952224E7
1.2999304E7
1.3032056E7
1.3050192E7
1.3053608E7
1.3042144E7
1.3015752E7
1.2974384E7
1.2918104E7
1.2846936E7
1.276096E7
1.266036E7
1.254528E7
1.2415968E7
1.227268E7
1.2115728E7
1.1945512E7
1.1762496E7
1.1567152E7
1.1360072E7
1.1141912E7
1.0913392E7
1.0675312E7
1.0428536E7
1.0173968E7
9912616.0
9645496.0
9373680.0
9098280.0
8820400.0
8541176.0
8261696.0
7983032.0
7706232.0
7432256.0
7162008.0
6896288.0
6635792.0
6381144.0
6132800.0
5891096.0
5656256.0
5428344.0
5207312.0
4992968.0
4785016.0
4583064.0
4386584.0
4194992.0
4007640.0
3823872.0
3642936.0
3464160.0
3286848.0
3110392.0
2934168.0
2757704.0
2580608.0
2402576.0
2223432.0
2043104.0
1861672.0
1679328.0
1496368.0
1313192.0
1130360.0
948456.0
768192.0
590296.0
415592.0
244944.0
79208.0
-80704.0
-233896.0
-379464.0
-516536.0
-644192.0
-761584.0
-867888.0
-962256.0
-1043888.0
-1112032.0
-1165920.0
-1204848.0
-1228136.0
-1235168.0
-1225328.0
-1198096.0
-1153016.0
-1089664.0
-1007720.0
-906944.0
-787168.0
-648328.0
-490464.0
-313688.0
-118240.0
95584.0
327400.0
576720.0
842968.0
1125544.0
1423776.0
1736904.0
2064176.0
2404792.0
2757888.0
3122632.0
3498120.0
3883440.0
4277672.0
4679856.0
5089016.0
5504112.0
5924128.0
6347936.0
6774416.0
7202392.0
7630616.0
8057808.0
8482664.0
8903816.0
9319848.0
9729336.0
1.0130832E7
1.052288E7
1.0904008E7
1.1272784E7
1.1627808E7
1.1967688E7
1.2291112E7
1.259684E7
1.2883688E7
1.3150592E7
1.3396544E7
1.362068E7
1.3822248E7
1.4000584E7
1.4155192E7
1.4285648E7
1.4391688E7
1.4473152E7
1.4529968E7
1.45622E7
1.4570032E7
1.4553656E7
1.4513448E7
1.4449752E7
1.4363048E7
1.42538E7
1.4122544E7
1.3969808E7
1.3796168E7
1.3602168E7
1.3388344E7
1.3155232E7
1.29034E7
1.2633336E7
1.2345544E7
1.2040568E7
1.1718856E7
1.1380984E7
1.1027456E7
1.0658864E7
1.0275832E7
9879016.0
9469176.0
9047128.0
8613744.0
8170016.0
7717000.0
7255824.0
6787728.0
6313952.0
5835840.0
5354776.0
4872136.0
4389288.0
3907656.0
3428552.0
2953248.0
2483000.0
2018928.0
1562072.0
1113368.0
673624.0
243584.0
-176192.0
-585216.0
-983104.0
-1369544.0
-1744344.0
-2107352.0
-2458472.0
-2797640.0
-3124848.0
-3440064.0
-3743272.0
-4034456.0
-4313584.0
-4580656.0
-4835576.0
-5078312.0
-5308816.0
-5527000.0
-5732840.0
-5926336.0
-6107464.0
-6276312.0
-6432912.0
-6577480.0
-6710184.0
-6831280.0
-6941104.0
-7040016.0
-7128480.0
-7206936.0
-7275936.0
-7336056.0
-7387880.0
-7432048.0
-7469216.0
-7500056.0
-7525280.0
-7545552.0
-7561632.0
-7574208.0
-7584032.0
-7591824.0
-7598344.0
-7604288.0
-7610416.0
-7617424.0
-7626048.0
-7636944.0
-7650784.0
-7668136.0
-7689600.0
-7715648.0
-7746672.0
-7783032.0
-7824992.0
-7872640.0
-7926040.0
-7985120.0
-8049712.0
-8119488.0
-8194096.0
-8273000.0
-8355624.0
-8441304.0
-8529264.0
-8618720.0
-8708776.0
-8798528.0
-8887024.0
-8973328.0
-9056440.0
-9135368.0
-9209176.0
-9276904.0
-9337624.0
-9390456.0
-9434568.0
-9469168.0
-9493536.0
-9507008.0
-9508984.0
-9498960.0
-9476496.0
-9441232.0
-9392888.0
-9331264.0
-9256208.0
-9167688.0
-9065672.0
-8950240.0
-8821464.0
-8679488.0
-8524456.0
-8356520.0
-8175856.0
-7982624.0
-7776928.0
-7558888.0
-7328528.0
-7085888.0
-6830912.0
-6563504.0
-6283504.0
-5990712.0
-5684864.0
-5365680.0
-5032824.0
-4685992.0
-4324816.0
-3948968.0
-3558168.0
-3152192.0
-2730864.0
-2294080.0
-1841864.0
-1374368.0
-891848.0
-394680.0
116584.0
641288.0
1178600.0
1727568.0
2287104.0
2856016.0
3432944.0
4016504.0
4605152.0
5197312.0
5791328.0
6385480.0
6978064.0
7567272.0
8151352.0
8728504.0
9296944.0
9854904.0
1.040064E7
1.0932392E7
1.1448512E7
1.1947336E7
1.2427296E7
1.2886816E7
1.332448E7
1.373888E7
1.412872E7
1.44928E7
1.4829984E7
1.5139312E7
1.5419904E7
1.5670992E7
1.5891968E7
1.6082352E7
1.6241792E7
1.6370104E7
1.646724E7
1.6533344E7
1.6568656E7
1.6573624E7
1.6548808E7
1.6495E7
1.6413056E7
1.6304048E7
1.6169152E7
1.6009688E7
1.5827096E7
1.5622936E7
1.5398856E7
1.5156552E7
1.4897832E7
1.4624504E7
1.4338392E7
1.4041336E7
1.3735128E7
1.3421536E7
1.3102264E7
1.2778896E7
1.2452976E7
1.2125872E7
1.1798896E7
1.1473176E7
1.1149768E7
1.0829488E7
1.051312E7
1.0201296E7
9894440.0
9592928.0
9296992.0
9006776.0
8722296.0
8443472.0
8170176.0
7902200.0
7639288.0
7381128.0
7127384.0
6877712.0
6631776.0
6389264.0
6149856.0
5913320.0
5679448.0
5448176.0
5219456.0
4993408.0
4770200.0
4550168.0
4333744.0
4121472.0
3914064.0
3712248.0
3516904.0
3328992.0
3149496.0
2979488.0
2820000.0
2672064.0
2536696.0
2414856.0
2307392.0
2215024.0
2138392.0
2077952.0
2034040.0
2006752.0
1996080.0
2001816.0
2023560.0
2060736.0
2112648.0
2178456.0
2257168.0
2347720.0
2448952.0
2559640.0
2678560.0
2804416.0
2935976.0
3072008.0
3211344.0
3352872.0
3495560.0
3638472.0
3780736.0
3921600.0
4060424.0
4196640.0
4329776.0
4459448.0
4585328.0
4707144.0
4824688.0
4937768.0
5046200.0
5149808.0
5248384.0
5341680.0
5429408.0
5511240.0
5586760.0
5655504.0
5716912.0
5770392.0
5815264.0
5850808.0
5876232.0
5890768.0
5893592.0
5883864.0
5860800.0
5823608.0
5771536.0
5703936.0
5620160.0
5519672.0
5402008.0
5266800.0
5113776.0
4942744.0
4753624.0
4546432.0
4321280.0
4078368.0
3817992.0
3540576.0
3246568.0
2936600.0
2611320.0
2271480.0
1917944.0
1551648.0
1173616.0
784920.0
386752.0
-19672.0
-433072.0
-852120.0
-1275432.0
-1701624.0
-2129304.0
-2557088.0
-2983560.0
-3407384.0
-3827240.0
-4241840.0
-4649968.0
-5050440.0
-5442152.0
-5824056.0
-6195168.0
-6554592.0
-6901440.0
-7234960.0
-7554384.0
-7859048.0
-8148328.0
-8421680.0
-8678560.0
-8918552.0
-9141248.0
-9346336.0
-9533560.0
-9702728.0
-9853720.0
-9986512.0
-1.0101152E7
-1.0197784E7
-1.0276624E7
-1.0337952E7
-1.0382168E7
-1.0409704E7
-1.0421096E7
-1.0416912E7
-1.0397792E7
-1.0364416E7
-1.0317464E7
-1.0257672E7
-1.0185752E7
-1.0102464E7
-1.0008512E7
-9904600.0
-9791424.0
-9669672.0
-9539952.0
-9402888.0
-9259104.0
-9109120.0
-8953464.0
-8792704.0
-8627280.0
-8457656.0
-8284288.0
-8107560.0
-7927888.0
-7745608.0
-7561048.0
-7374520.0
-7186256.0
-6996504.0
-6805464.0
-6613256.0
-6420040.0
-6225904.0
-6030888.0
-5835016.0
-5638312.0
-5440752.0
-5242344.0
-5043016.0
-4842784.0
-4641624.0
-4439552.0
-4236576.0
-4032792.0
-3828256.0
-3623152.0
-3417632.0
-3211928.0
-3006328.0
-2801160.0
-2596760.0
-2393544.0
-2191968.0
-1992480.0
-1795592.0
-1601816.0
-1411672.0
-1225688.0
-1044448.0
-868448.0
-698208.0
-534264.0
-377120.0
-227248.0
-85088.0
48928.0
174400.0
291000.0
398400.0
496344.0
584632.0
663104.0
731696.0
790416.0
839344.0
878624.0
908552.0
929464.0
941800.0
946128.0
943080.0
933400.0
917936.0
897576.0
873336.0
846224.0
817376.0
787928.0
759080.0
731984.0
707864.0
687872.0
673200.0
664920.0
664120.0
671792.0
688864.0
716176.0
754472.0
804408.0
866536.0
941288.0
1029008.0
1129888.0
1244040.0
1371440.0
1511984.0
1665448.0
1831504.0
2009728.0
2199648.0
2400696.0
2612232.0
2833608.0
3064136.0
3303072.0
3549744.0
3803416.0
4063456.0
4329224.0
4600128.0
4875712.0
5155520.0
5439184.0
5726456.0
6017136.0
6311104.0
6608304.0
6908760.0
7212528.0
7519704.0
7830408.0
8144728.0
8462808.0
8784712.0
9110456.0
9440024.0
9773312.0
1.011012E7
1.045016E7
1.0793048E7
1.1138272E7
1.1485192E7
1.1833088E7
1.218108E7
1.25282E7
1.28734E7
1.3215472E7
1.3553216E7
1.388528E7
1.4210336E7
1.4526984E7
1.483384E7
1.5129568E7
1.541284E7
1.5682408E7
1.5937128E7
1.617596E7
1.6398E7
1.6602512E7
1.6788936E7
1.6956864E7
1.7106128E7
1.7236728E7
1.7348832E7
1.7442856E7
1.7519376E7
1.7579136E7
1.7623048E7
1.7652176E7
1.7667624E7
1.7670696E7
1.7662712E7
1.7645E7
1.7618984E7
1.7586016E7
1.7547408E7
1.7504464E7
1.745836E7
1.7410192E7
1.7360944E7
1.7311448E7
1.7262432E7
1.7214448E7
1.7167944E7
1.7123184E7
1.7080304E7
1.7039296E7
1.7000072E7
1.6962392E7
1.6925936E7
1.6890304E7
1.6855032E7
1.68196E7
1.6783472E7
1.674608E7
1.6706856E7
1.666524E7
1.6620712E7
1.6572776E7
1.652096E7
1.6464888E7
1.6404192E7
1.6338608E7
1.626792E7
1.6192008E7
1.6110784E7
1.6024256E7
1.5932544E7
1.5835832E7
1.5734352E7
1.5628488E7
1.5518648E7
1.5405384E7
1.5289312E7
1.517116E7
1.5051728E7
1.4931936E7
1.4812752E7
1.4695288E7
1.4580712E7
1.4470264E7
1.4365256E7
1.4267048E7
1.417708E7
1.4096776E7
1.4027616E7
1.3971032E7
1.392848E7
1.3901384E7
1.3891088E7
1.3898912E7
1.392612E7
1.3973816E7
1.404312E7
1.4134992E7
1.4250328E7
1.4389928E7
1.4554536E7
1.4744728E7
1.4961064E7
1.5204032E7
1.5474008E7
1.5771336E7
1.6096264E7
1.6449E7
1.6829688E7
1.72384E7
1.7675112E7
1.813976E7
1.8632176E7
1.9152088E7
1.9699112E7
2.0272744E7
2.087236E7
2.1497128E7
2.214612E7
2.2818184E7
2.3512008E7
2.4226072E7
2.4958656E7
2.570788E7
2.6471592E7
2.7247544E7
2.8033224E7
2.8826008E7
2.9623128E7
3.042172E7
3.1218776E7
3.2011288E7
3.27962E7
3.3570512E7
3.4331224E7
3.5075488E7
3.580056E7
3.6503856E7
3.7183048E7
3.7835968E7
3.846076E7
3.9055824E7
3.9619912E7
4.015204E7
4.0651544E7
4.1118096E7
4.1551712E7
4.1952664E7
4.2321568E7
4.265932E7
4.2967024E7
4.324604E7
4.3497944E7
4.3724456E7
4.3927416E7
4.4108768E7
4.4270504E7
4.4414632E7
4.4543104E7
4.4657832E7
4.4760616E7
4.4853128E7
4.4936872E7
4.5013176E7
4.5083168E7
4.5147776E7
4.5207688E7
4.5263416E7
4.5315256E7
4.5363328E7
4.5407584E7
4.5447848E7
4.5483856E7
4.5515224E7
4.5541584E7
4.5562488E7
4.5577576E7
4.5586512E7
4.5589032E7
4.5584944E7
4.5574176E7
4.5556768E7
4.5532888E7
4.5502792E7
4.5466832E7
4.542552E7
4.5379392E7
4.5329048E7
4.5275168E7
4.5218496E7
4.5159736E7
4.5099624E7
4.5038904E7
4.497828E7
4.4918472E7
4.4860144E7
4.480396E7
4.4750528E7
4.4700464E7
4.4654336E7
4.461272E7
4.4576152E7
4.4545152E7
4.4520272E7
4.4502E7
4.4490824E7
4.4487216E7
4.4491592E7
4.4504376E7
4.4525872E7
4.4556384E7
4.4596104E7
4.4645176E7
4.4703592E7
4.477132E7
4.484816E7
4.493376E7
4.5027768E7
4.5129624E7
4.523868E7
4.5354184E7
4.5475248E7
4.5600944E7
4.5730216E7
4.5861936E7
4.5994976E7
4.6128072E7
4.6259976E7
4.6389432E7
4.6515152E7
4.6635848E7
4.6750312E7
4.6857336E7
4.6955776E7
4.7044544E7
4.7122672E7
4.7189256E7
4.7243552E7
4.7284904E7
4.73128E7
4.7326904E7
4.7327016E7
4.7313128E7
4.7285408E7
4.7244192E7
4.7190008E7
4.7123552E7
4.7045744E7
4.6957584E7
4.6860288E7
4.6755184E7
4.6643736E7
4.6527472E7
4.6408008E7
4.6286968E7
4.6165984E7
4.6046688E7
4.5930632E7
4.581928E7
4.5714E7
4.5615968E7
4.5526264E7
4.544576E7
4.5375128E7
4.5314848E7
4.5265224E7
4.5226328E7
4.5198064E7
4.5180144E7
4.5172128E7
4.5173424E7
4.518332E7
4.5200992E7
4.5225544E7
4.5256032E7
4.5291472E7
4.5330856E7
4.5373216E7
4.5417608E7
4.5463128E7
4.5508944E7
4.5554296E7
4.5598536E7
4.5641072E7
4.5681432E7
4.5719232E7
4.57542E7
4.5786104E7
4.5814848E7
4.5840392E7
4.5862712E7
4.588188E7
4.5897976E7
4.5911104E7
4.5921328E7
4.5928776E7
4.5933504E7
4.5935536E7
4.593488E7
4.5931504E7
4.5925344E7
4.5916248E7
4.5904096E7
4.5888704E7
4.5869896E7
4.5847464E7
4.5821264E7
4.5791136E7
4.575696E7
4.5718712E7
4.5676408E7
4.5630144E7
4.5580136E7
4.5526696E7
4.547024E7
4.5411288E7
4.5350488E7
4.5288624E7
4.5226544E7
4.5165224E7
4.510576E7
4.5049304E7
4.4997096E7
4.4950432E7
4.4910672E7
4.4879176E7
4.4857384E7
4.4846656E7
4.48484E7
4.4863992E7
4.4894736E7
4.4941872E7
4.5006592E7
4.5090032E7
4.5193176E7
4.5316912E7
4.546204E7
4.5629232E7
4.5819024E7
4.6031784E7
4.62678E7
4.6527208E7
4.6809944E7
4.7115896E7
4.7444728E7
4.7796008E7
4.8169176E7
4.856352E7
4.8978208E7
4.941228E7
4.986468E7
5.0334248E7
5.0819688E7
5.1319696E7
5.1832808E7
5.2357592E7
5.2892472E7
5.343592E7
5.3986328E7
5.454212E7
5.5101704E7
5.5663512E7
5.6226E7
5.6787656E7
5.7347016E7
5.7902656E7
5.8453216E7
5.8997384E7
5.9533912E7
6.0061584E7
6.0579296E7
6.1085904E7
6.1580448E7
6.2061952E7
6.252952E7
6.2982328E7
6.3419648E7
6.384084E7
6.4245312E7
6.463264E7
6.500244E7
6.5354472E7
6.5688624E7
6.6004904E7
6.63034E7
6.6584352E7
6.6848104E7
6.7095072E7
6.7325792E7
6.754084E7
6.7740888E7
6.7926616E7
6.809868E7
6.8257832E7
6.8404744E7
6.854004E7
6.8664376E7
6.877828E7
6.8882272E7
6.8976816E7
6.9062264E7
6.9138984E7
6.9207256E7
6.9267328E7
6.9319432E7
6.9363744E7
6.9400464E7
6.9429768E7
6.945184E7
6.9466896E7
6.9475112E7
6.9476752E7
6.9472056E7
6.946128E7
6.9444728E7
6.9422696E7
6.9395496E7
6.9363464E7
6.932688E7
6.9286064E7
6.9241336E7
6.9192912E7
6.9141088E7
6.908604E7
6.902796E7
6.8966968E7
6.8903128E7
6.8836512E7
6.8767072E7
6.8694752E7
6.8619456E7
6.854104E7
6.845932E7
6.8374064E7
6.8285024E7
6.819196E7
6.809456E7
6.799252E7
6.7885552E7
6.7773344E7
6.7655568E7
6.7531896E7
6.7402024E7
6.7265608E7
6.7122304E7
6.6971776E7
6.6813696E7
6.6647672E7
6.647336E7
6.6290416E7
6.609844E7
6.5897112E7
6.5686104E7
6.5465104E7
6.5233856E7
6.4992152E7
6.4739824E7
6.4476816E7
6.420312E7
6.3918816E7
6.3624104E7
6.3319272E7
6.3004672E7
6.2680832E7
6.2348264E7
6.2007632E7
6.1659672E7
6.1305128E7
6.0944848E7
6.0579672E7
6.0210464E7
5.983812E7
5.9463488E7
5.9087432E7
5.8710768E7
5.8334288E7
5.795876E7
5.758488E7
5.7213328E7
5.6844752E7
5.6479752E7
5.6118912E7
5.5762808E7
5.5411976E7
5.506696E7
5.472824E7
5.4396376E7
5.407188E7
5.3755264E7
5.344704E7
5.314768E7
5.2857712E7
5.2577632E7
5.230784E7
5.2048808E7
5.180092E7
5.1564552E7
5.1340008E7
5.1127544E7
5.0927384E7
5.0739672E7
5.0564456E7
5.0401768E7
5.0251536E7
5.0113608E7
4.9987752E7
4.9873672E7
4.9770976E7
4.9679208E7
4.9597832E7
4.9526248E7
4.94638E7
4.9409752E7
4.9363384E7
4.932388E7
4.9290456E7
4.9262272E7
4.9238536E7
4.9218432E7
4.9201184E7
4.9186032E7
4.9172296E7
4.915928E7
4.9146368E7
4.9133E7
4.911864E7
4.9102808E7
4.9085048E7
4.9065E7
4.9042288E7
4.9016584E7
4.8987608E7
4.8955088E7
4.89188E7
4.8878568E7
4.8834224E7
4.8785688E7
4.8732888E7
4.8675824E7
4.86146E7
4.8549368E7
4.8480352E7
4.8407912E7
4.8332464E7
4.825456E7
4.8174816E7
4.8094016E7
4.8012984E7
4.7932648E7
4.785404E7
4.777824E7
4.7706392E7
4.7639664E7
4.7579272E7
4.7526392E7
4.7482216E7
4.7447896E7
4.7424496E7
4.7413056E7
4.7414472E7
4.7429624E7
4.7459208E7
4.75038E7
4.7563896E7
4.7639856E7
4.7731896E7
4.7840112E7
4.7964464E7
4.8104824E7
4.8260944E7
4.8432448E7
4.8618888E7
4.8819696E7
4.9034264E7
4.9261856E7
4.9501672E7
4.975284E7
5.0014424E7
5.0285392E7
5.0564616E7
5.0850968E7
5.1143144E7
5.1439856E7
5.173964E7
5.2041032E7
5.2342448E7
5.2642256E7
5.2938736E7
5.323016E7
5.351472E7
5.37906E7
5.4055984E7
5.430908E7
5.4548112E7
5.4771416E7
5.4977328E7
5.5164384E7
5.5331208E7
5.5476584E7
5.5599488E7
5.5699072E7
5.5774688E7
5.5825912E7
5.5852544E7
5.5854584E7
5.5832256E7
5.5785992E7
5.5716432E7
5.5624376E7
5.5510808E7
5.5376856E7
5.5223792E7
5.5052984E7
5.4865896E7
5.4664088E7
5.444916E7
5.4222736E7
5.3986496E7
5.3742112E7
5.349124E7
5.3235504E7
5.2976536E7
5.2715864E7
5.2454984E7
5.2195328E7
5.1938208E7
5.1684888E7
5.1436504E7
5.119408E7
5.0958544E7
5.0730696E7
5.0511232E7
5.030072E7
5.0099576E7
4.9908184E7
4.9726728E7
4.9555344E7
4.9394072E7
4.9242856E7
4.910156E7
4.8970008E7
4.8847944E7
4.8735088E7
4.8631128E7
4.8535712E7
4.844848E7
4.836908E7
4.8297112E7
4.8232184E7
4.8173896E7
4.8121848E7
4.8075584E7
4.8034664E7
4.7998592E7
4.7966872E7
4.7938944E7
4.7914216E7
4.7892048E7
4.787176E7
4.785264E7
4.7833912E7
4.7814824E7
4.7794536E7
4.7772272E7
4.7747216E7
4.7718632E7
4.7685776E7
4.7648056E7
4.760488E7
4.7555816E7
4.750056E7
4.7438976E7
4.7371032E7
4.7296944E7
4.7217064E7
4.7131992E7
4.7042504E7
4.6949568E7
4.685436E7
4.6758264E7
4.6662808E7
4.6569688E7
4.6480728E7
4.6397928E7
4.6323272E7
4.6258864E7
4.6206808E7
4.6169208E7
4.6148104E7
4.6145496E7
4.6163216E7
4.6203024E7
4.6266488E7
4.6354968E7
4.646968E7
4.6611576E7
4.6781392E7
4.6979656E7
4.7206632E7
4.746236E7
4.7746664E7
4.8059144E7
4.83992E7
4.8765992E7
4.9158544E7
4.9575712E7
5.0016168E7
5.0478472E7
5.096108E7
5.1462328E7
5.1980488E7
5.2513776E7
5.3060424E7
5.3618552E7
5.4186408E7
5.4762176E7
5.5344128E7
5.5930616E7
5.6520056E7
5.7111E7
5.7702072E7
5.8292048E7
5.8879856E7
5.9464544E7
6.0045304E7
6.0621504E7
6.1192608E7
6.1758256E7
6.23182E7
6.287232E7
6.3420568E7
6.396304E7
6.4499864E7
6.5031256E7
6.5557456E7
6.6078792E7
6.659552E7
6.7107984E7
6.7616464E7
6.8121256E7
6.8622576E7
6.9120688E7
6.9615728E7
7.0107816E7
7.0597056E7
7.1083432E7
7.1566976E7
7.2047592E7
7.25252E7
7.299968E7
7.347088E7
7.3938608E7
7.4402744E7
7.486308E7
7.5319432E7
7.577168E7
7.6219672E7
7.666328E7
7.71024E7
7.7536984E7
7.7966992E7
7.8392384E7
7.8813192E7
7.922948E7
7.9641256E7
8.0048648E7
8.0451768E7
8.085072E7
8.1245648E7
8.1636696E7
8.202404E7
8.2407816E7
8.2788224E7
8.3165408E7
8.353956E7
8.3910824E7
8.4279392E7
8.4645424E7
8.5009072E7
8.537048E7
8.5729832E7
8.6087232E7
8.6442856E7
8.6796832E7
8.7149288E7
8.7500344E7
8.7850104E7
8.8198672E7
8.8546096E7
8.8892472E7
8.9237776E7
8.9582016E7
8.992512E7
9.0266968E7
9.060744E7
9.0946304E7
9.1283288E7
9.1618056E7
9.1950216E7
9.227932E7
9.2604856E7
9.292628E7
9.3242992E7
9.3554376E7
9.3859752E7
9.4158488E7
9.4449944E7
9.4733464E7
9.5008456E7
9.5274368E7
9.5530688E7
9.5777016E7
9.6012968E7
9.6238304E7
9.6452832E7
9.665652E7
9.6849368E7
9.7031512E7
9.7203176E7
9.7364648E7
9.7516312E7
9.7658624E7
9.7792096E7
9.7917272E7
9.8034696E7
9.8145E7
9.8248768E7
9.8346528E7
9.8438864E7
9.8526272E7
9.8609184E7
9.8688032E7
9.8763112E7
9.8834704E7
9.8903008E7
9.896816E7
9.903024E7
9.9089272E7
9.9145256E7
9.9198152E7
9.9247936E7
9.9294536E7
9.9337976E7
9.9378248E7
9.9415424E7
9.944964E7
9.9481048E7
9.9509952E7
9.9536664E7
9.956156E7
9.9585152E7
9.9607944E7
9.9630504E7
9.9653448E7
9.9677376E7
9.9702936E7
9.9730744E7
9.9761408E7
9.9795448E7
9.9833416E7
9.9875752E7
9.9922832E7
9.9975E7
1.0003248E8
1.00095456E8
1.00164032E8
1.00238248E8
1.00318024E8
1.00403296E8
1.00493872E8
1.00589528E8
1.00689976E8
1.00794904E8
1.00903872E8
1.01016504E8
1.01132272E8
1.01250672E8
1.0137116E8
1.0149312E8
1.01615936E8
1.01738984E8
1.018616E8
1.01983144E8
1.02102976E8
1.02220496E8
1.02335144E8
1.024464E8
1.02553848E8
1.02657128E8
1.02756008E8
1.02850368E8
1.02940192E8
1.03025632E8
1.03106904E8
1.03184416E8
1.03258672E8
1.03330256E8
1.03399888E8
1.03468328E8
1.03536408E8
1.03604976E8
1.03674912E8
1.03747032E8
1.03822152E8
1.03900992E8
1.039842E8
1.04072328E8
1.04165784E8
1.04264888E8
1.043698E8
1.0448056E8
1.04597048E8
1.0471904E8
1.04846184E8
1.04978E8
1.05113944E8
1.0525336E8
1.05395544E8
1.05539744E8
1.0568516E8
1.0583104E8
1.05976608E8
1.0612112E8
1.06263912E8
1.06404368E8
1.06541984E8
1.06676344E8
1.0680716E8
1.06934248E8
1.07057584E8
1.0717728E8
1.07293544E8
1.07406792E8
1.07517496E8
1.07626312E8
1.07733928E8
1.07841184E8
1.07948952E8
1.08058168E8
1.08169792E8
1.08284784E8
1.08404136E8
1.08528712E8
1.08659416E8
1.08797048E8
1.08942368E8
1.09095968E8
1.09258464E8
1.0943032E8
1.09611952E8
1.0980364E8
1.10005672E8
1.10218248E8
1.10441512E8
1.10675608E8
1.10920632E8
1.11176656E8
1.1144384E8
1.1172224E8
1.12012E8
1.12313264E8
1.12626176E8
1.1295092E8
1.1328764E8
1.1363656E8
1.13997784E8
1.1437148E8
1.14757712E8
1.1515656E8
1.15567968E8
1.15991848E8
1.1642804E8
1.16876232E8
1.17336088E8
1.17807112E8
1.18288768E8
1.18780376E8
1.192812E8
1.197904E8
1.20307112E8
1.20830376E8
1.21359184E8
1.2189256E8
1.22429432E8
1.22968768E8
1.23509544E8
1.24050744E8
1.2459136E8
1.25130424E8
1.25667E8
1.26200208E8
1.26729136E8
1.27252992E8
1.27770936E8
1.28282184E8
1.28785992E8
1.292816E8
1.29768264E8
1.30245256E8
1.30711864E8
1.3116736E8
1.31611024E8
1.32042136E8
1.32460008E8
1.32863936E8
1.33253248E8
1.3362732E8
1.33985536E8
1.34327344E8
1.34652256E8
1.3495984E8
1.35249784E8
1.3552184E8
1.35775896E8
1.36011936E8
1.3623008E8
1.36430584E8
1.36613872E8
1.36780464E8
1.36931064E8
1.37066512E8
1.37187784E8
1.37296008E8
1.37392416E8
1.37478376E8
1.3755536E8
1.37624936E8
1.37688768E8
1.37748536E8
1.37806024E8
1.37862984E8
1.3792124E8
1.37982552E8
1.38048704E8
1.38121424E8
1.38202336E8
1.38293072E8
1.38395064E8
1.38509744E8
1.38638368E8
1.38782072E8
1.38941832E8
1.39118552E8
1.39312888E8
1.3952544E8
1.3975656E8
1.40006512E8
1.402754E8
1.4056316E8
1.40869616E8
1.41194496E8
1.41537384E8
1.41897808E8
1.42275176E8
1.42668856E8
1.43078184E8
1.43502464E8
1.4394096E8
1.4439296E8
1.44857752E8
1.45334648E8
1.45822928E8
1.46321968E8
1.46831144E8
1.47349832E8
1.47877424E8
1.48413368E8
1.48957088E8
1.49507992E8
1.5006552E8
1.50629064E8
1.51198032E8
1.51771784E8
1.52349656E8
1.5293096E8
1.53514992E8
1.54101024E8
1.54688264E8
1.55275952E8
1.55863256E8
1.56449344E8
1.57033384E8
1.57614504E8
1.58191824E8
1.58764424E8
1.59331424E8
1.59891888E8
1.60444848E8
1.60989384E8
1.61524472E8
1.62049128E8
1.62562336E8
1.63063072E8
1.63550296E8
1.64022968E8
1.64480032E8
1.6492044E8
1.65343168E8
1.65747248E8
1.66131664E8
1.66495528E8
1.66837976E8
1.671582E8
1.67455512E8
1.67729328E8
1.67979112E8
1.68204544E8
1.68405368E8
1.68581496E8
1.68733008E8
1.68860144E8
1.68963312E8
1.69043096E8
1.69100224E8
1.69135664E8
1.69150464E8
1.69145944E8
1.6912344E8
1.6908456E8
1.69030944E8
1.689644E8
1.688868E8
1.68800096E8
1.68706296E8
1.68607472E8
1.68505696E8
1.68403064E8
1.68301616E8
1.6820344E8
1.68110536E8
1.6802488E8
1.679484E8
1.67882944E8
1.67830288E8
1.67792104E8
1.67770048E8
1.67765576E8
1.6778012E8
1.67814944E8
1.67871216E8
1.67949928E8
1.68051944E8
1.68177952E8
1.68328464E8
1.68503792E8
1.68704032E8
1.68929064E8
1.69178584E8
1.69451992E8
1.69748504E8
1.70067072E8
1.70406432E8
1.70765088E8
1.71141344E8
1.71533328E8
1.71938992E8
1.7235612E8
1.72782432E8
1.73215544E8
1.73652976E8
1.74092304E8
1.74531072E8
1.74966896E8
1.75397416E8
1.75820496E8
1.76234016E8
1.7663608E8
1.77024944E8
1.77399064E8
1.77757112E8
1.78097944E8
1.78420688E8
1.78724624E8
1.79009304E8
1.79274456E8
1.79520048E8
1.79746192E8
1.79953264E8
1.80141736E8
1.80312272E8
1.80465728E8
1.80603016E8
1.80725248E8
1.80833632E8
1.80929448E8
1.81014096E8
1.8108904E8
1.81155784E8
1.81215928E8
1.81271048E8
1.81322776E8
1.8137268E8
1.81422384E8
1.81473408E8
1.8152724E8
1.81585264E8
1.81648776E8
1.81718944E8
1.817968E8
1.81883248E8
1.81979E8
1.820846E8
1.8220044E8
1.82326696E8
1.82463416E8
1.82610416E8
1.82767392E8
1.8293388E8
1.8310924E8
1.83292744E8
1.8348352E8
1.83680672E8
1.83883136E8
1.84089896E8
1.84299856E8
1.84511912E8
1.84725008E8
1.84938104E8
1.85150224E8
1.85360408E8
1.8556784E8
1.85771768E8
1.85971504E8
1.86166536E8
1.86356368E8
1.86540664E8
1.8671916E8
1.8689168E8
1.87058128E8
1.87218448E8
1.8737272E8
1.87520976E8
1.87663368E8
1.87800008E8
1.87931048E8
1.88056672E8
1.88177048E8
1.88292328E8
1.88402696E8
1.88508312E8
1.88609352E8
1.88705976E8
1.8879832E8
1.88886552E8
1.8897084E8
1.89051384E8
1.89128304E8
1.89201816E8
1.89272104E8
1.89339368E8
1.89403832E8
1.89465712E8
1.89525264E8
1.89582728E8
1.89638408E8
1.8969256E8
1.89745576E8
1.89797768E8
1.89849544E8
1.89901336E8
1.89953624E8
1.90006968E8
1.90061912E8
1.9011916E8
1.90179352E8
1.90243312E8
1.90311816E8
1.9038576E8
1.90466056E8
1.90553656E8
1.90649528E8
1.90754712E8
1.90870184E8
1.9099692E8
1.9113588E8
1.91287944E8
1.91453976E8
1.91634736E8
1.91830848E8
1.92042904E8
1.9227132E8
1.92516424E8
1.92778408E8
1.93057328E8
1.9335312E8
1.93665608E8
1.93994512E8
1.94339432E8
1.94699912E8
1.950754E8
1.95465288E8
1.95868952E8
1.96285736E8
1.96714976E8
1.97155976E8
1.9760812E8
1.98070744E8
1.98543264E8
1.99025072E8
1.99515656E8
2.00014448E8
2.00520952E8
2.01034648E8
2.01555072E8
2.02081672E8
2.02613952E8
2.03151328E8
2.03693224E8
2.04239016E8
2.0478796E8
2.05339368E8
2.05892424E8
2.06446304E8
2.0700012E8
2.07552944E8
2.0810384E8
2.08651872E8
2.0919608E8
2.09735528E8
2.10269344E8
2.10796672E8
2.1131676E8
2.11828912E8
2.12332536E8
2.12827192E8
2.13312504E8
2.13788248E8
2.14254352E8
2.14710872E8
2.15157968E8
2.15596E8
2.16025376E8
2.16446664E8
2.16860536E8
2.1726772E8
2.17669008E8
2.1806528E8
2.18457376E8
2.18846216E8
2.1923264E8
2.19617504E8
2.20001576E8
2.2038556E8
2.20770096E8
2.21155752E8
2.21542968E8
2.21932136E8
2.22323528E8
2.22717376E8
2.23113792E8
2.23512888E8
2.23914744E8
2.2431936E8
2.24726816E8
2.25137184E8
2.25550576E8
2.25967168E8
2.2638724E8
2.26811128E8
2.2723928E8
2.2767228E8
2.28110792E8
2.28555616E8
2.29007624E8
2.294678E8
2.29937208E8
2.30416968E8
2.30908232E8
2.31412176E8
2.31929936E8
2.32462648E8
2.3301132E8
2.33576944E8
2.34160288E8
2.34762016E8
2.35382616E8
2.36022336E8
2.3668124E8
2.37359128E8
2.38055616E8
2.38770008E8
2.3950144E8
2.40248768E8
2.4101064E8
2.4178552E8
2.42571712E8
2.4336732E8
2.44170368E8
2.44978776E8
2.457904E8
2.46603088E8
2.47414664E8
2.48223032E8
2.49026096E8
2.49821912E8
2.50608632E8
2.5138456E8
2.52148192E8
2.52898128E8
2.53633264E8
2.54352656E8
2.55055592E8
2.55741592E8
2.56410392E8
2.57062E8
2.57696592E8
2.58314624E8
2.58916728E8
2.59503776E8
2.60076792E8
2.60637E8
2.61185832E8
2.6172476E8
2.6225548E8
2.62779784E8
2.63299512E8
2.63816688E8
2.64333272E8
2.64851384E8
2.65373104E8
2.65900576E8
2.66435928E8
2.66981256E8
2.67538688E8
2.68110248E8
2.68697944E8
2.69303704E8
2.69929352E8
2.70576648E8
2.712472E8
2.71942504E8
2.72663936E8
2.73412688E8
2.74189792E8
2.74996096E8
2.75832296E8
2.76698872E8
2.77596104E8
2.78524064E8
2.79482656E8
2.8047152E8
2.81490152E8
2.82537784E8
2.83613464E8
2.84716016E8
2.85844128E8
2.86996176E8
2.88170432E8
2.89364928E8
2.90577536E8
2.9180592E8
2.93047584E8
2.94299848E8
2.9555992E8
2.96824808E8
2.98091432E8
2.99356592E8
3.00617E8
3.01869312E8
3.0311012E8
3.04336048E8
3.05543696E8
3.06729776E8
3.0789104E8
3.090244E8
3.1012692E8
3.11195864E8
3.12228728E8
3.13223272E8
3.14177536E8
3.15089904E8
3.15959064E8
3.16784064E8
3.17564344E8
3.18299656E8
3.18990144E8
3.19636344E8
3.20239104E8
3.20799608E8
3.21319376E8
3.21800184E8
3.2224408E8
3.22653336E8
3.230304E8
3.23377848E8
3.23698384E8
3.23994792E8
3.24269856E8
3.2452636E8
3.24767032E8
3.24994528E8
3.25211424E8
3.2542012E8
3.25622912E8
3.25821872E8
3.26018936E8
3.26215848E8
3.2641412E8
3.26615088E8
3.26819864E8
3.27029392E8
3.2724436E8
3.27465304E8
3.2769256E8
3.27926256E8
3.28166384E8
3.28412728E8
3.28664936E8
3.28922512E8
3.29184848E8
3.29451208E8
3.29720768E8
3.29992616E8
3.30265824E8
3.30539384E8
3.30812288E8
3.31083552E8
3.3135216E8
3.3161716E8
3.31877664E8
3.32132792E8
3.32381768E8
3.32623872E8
3.32858472E8
3.33085016E8
3.33303032E8
3.3351212E8
3.33712E8
3.33902416E8
3.34083296E8
3.34254576E8
3.34416296E8
3.34568648E8
3.34711856E8
3.34846304E8
3.34972464E8
3.3509092E8
3.3520244E8
3.35307864E8
3.35408176E8
3.35504504E8
3.35598168E8
3.3569052E8
3.35783096E8
3.35877552E8
3.35975584E8
3.36079024E8
3.3618972E8
3.36309576E8
3.36440448E8
3.36584224E8
3.36742688E8
3.36917592E8
3.37110504E8
3.37322944E8
3.37556184E8
3.378114E8
3.38089544E8
3.38391376E8
3.3871748E8
3.39068232E8
3.39443816E8
3.39844248E8
3.40269352E8
3.40718832E8
3.41192232E8
3.41688976E8
3.42208424E8
3.42749824E8
3.43312376E8
3.43895208E8
3.4449744E8
3.451182E8
3.45756568E8
3.46411656E8
3.47082536E8
3.47768376E8
3.4846832E8
3.49181544E8
3.49907272E8
3.50644728E8
3.51393224E8
3.52152072E8
3.52920632E8
3.5369832E8
3.544846E8
3.55278944E8
3.56080928E8
3.56890168E8
3.5770632E8
3.5852912E8
3.59358352E8
3.60193832E8
3.61035472E8
3.61883216E8
3.62737088E8
3.6359712E8
3.64463424E8
3.65336104E8
3.66215336E8
3.67101304E8
3.67994168E8
3.68894168E8
3.69801456E8
3.70716232E8
3.71638656E8
3.72568824E8
3.73506888E8
3.74452896E8
3.75406856E8
3.76368784E8
3.77338608E8
3.78316224E8
3.79301512E8
3.8029428E8
3.81294296E8
3.82301312E8
3.83315024E8
3.8433512E8
3.85361208E8
3.86392896E8
3.87429752E8
3.88471304E8
3.89517088E8
3.90566544E8
3.91619136E8
3.9267428E8
3.93731368E8
3.94789744E8
3.95848776E8
3.96907752E8
3.97965968E8
3.99022696E8
4.00077192E8
4.01128672E8
4.0217636E8
4.03219456E8
4.04257192E8
4.05288712E8
4.06313256E8
4.07330008E8
4.08338232E8
4.09337144E8
4.10326072E8
4.11304312E8
4.1227128E8
4.1322644E8
4.14169312E8
4.15099552E8
4.16016832E8
4.16921032E8
4.1781208E8
4.18690024E8
4.19555104E8
4.20407632E8
4.21248056E8
4.22077E8
4.22895192E8
4.23703488E8
4.24502872E8
4.2529444E8
4.260794E8
4.26859048E8
4.27634784E8
4.2840804E8
4.29180368E8
4.29953344E8
4.30728584E8
4.31507736E8
4.32292472E8
4.3308448E8
4.33885432E8
4.34697024E8
4.35520912E8
4.36358696E8
4.37212008E8
4.38082384E8
4.38971312E8
4.39880208E8
4.40810424E8
4.41763208E8
4.42739688E8
4.43740928E8
4.44767808E8
4.45821128E8
4.46901496E8
4.48009408E8
4.4914516E8
4.50308952E8
4.5150076E8
4.52720424E8
4.53967648E8
4.55241944E8
4.56542704E8
4.57869192E8
4.59220544E8
4.60595784E8
4.61993872E8
4.6341368E8
4.64854016E8
4.6631372E8
4.67791544E8
4.69286264E8
4.70796736E8
4.72321768E8
4.7386028E8
4.75411248E8
4.7697368E8
4.78546712E8
4.80129512E8
4.8172136E8
4.83321592E8
4.849296E8
4.86544856E8
4.88166824E8
4.89795088E8
4.91429136E8
4.93068568E8
4.94712856E8
4.9636156E8
4.98014104E8
4.9966988E8
5.01328256E8
5.02988456E8
5.04649672E8
5.06311008E8
5.07971472E8
5.09630032E8
5.11285544E8
5.12936856E8
5.14582768E8
5.1622208E8
5.17853576E8
5.19476112E8
5.210886E8
5.2269E8
5.24279456E8
5.258562E8
5.2741968E8
5.28969488E8
5.3050544E8
5.32027568E8
5.3353608E8
5.35031504E8
5.36514464E8
5.3798588E8
5.394468E8
5.4089844E8
5.42342176E8
5.43779432E8
5.45211752E8
5.46640656E8
5.48067672E8
5.49494264E8
5.50921824E8
5.52351608E8
5.5378472E8
5.5522208E8
5.56664432E8
5.58112256E8
5.5956584E8
5.61025264E8
5.62490296E8
5.63960584E8
5.65435456E8
5.6691412E8
5.68395568E8
5.698786E8
5.7136196E8
5.72844168E8
5.7432372E8
5.75799008E8
5.77268424E8
5.78730272E8
5.8018292E8
5.81624736E8
5.83054112E8
5.84469536E8
5.85869552E8
5.87252832E8
5.8861812E8
5.89964336E8
5.91290528E8
5.9259588E8
5.93879776E8
5.95141768E8
5.96381592E8
5.97599184E8
5.98794712E8
5.9996852E8
6.01121176E8
6.02253456E8
6.03366344E8
6.04461008E8
6.05538864E8
6.06601408E8
6.07650376E8
6.08687616E8
6.09715112E8
6.10734928E8
6.11749208E8
6.12760152E8
6.13769976E8
6.14780864E8
6.15795032E8
6.16814576E8
6.17841496E8
6.1887776E8
6.19925112E8
6.20985216E8
6.22059512E8
6.23149296E8
6.2425568E8
6.25379536E8
6.26521584E8
6.27682304E8
6.28861992E8
6.3006076E8
6.31278536E8
6.32515072E8
6.3376992E8
6.3504256E8
6.36332272E8
6.37638256E8
6.389596E8
6.40295344E8
6.41644416E8
6.43005768E8
6.44378264E8
6.45760808E8
6.47152288E8
6.48551656E8
6.49957864E8
6.51369936E8
6.52786928E8
6.54208032E8
6.55632416E8
6.57059392E8
6.58488336E8
6.59918648E8
6.61349848E8
6.62781512E8
6.64213216E8
6.65644672E8
6.67075568E8
6.6850564E8
6.69934696E8
6.71362552E8
6.7278904E8
6.74214048E8
6.75637528E8
6.77059416E8
6.78479736E8
6.79898584E8
6.81316136E8
6.827326E8
6.84148328E8
6.8556376E8
6.8697944E8
6.88396056E8
6.89814368E8
6.9123532E8
6.9265992E8
6.94089344E8
6.9552484E8
6.969678E8
6.9841964E8
6.99881928E8
7.01356248E8
7.02844256E8
7.04347592E8
7.05867928E8
7.07406936E8
7.08966208E8
7.10547344E8
7.12151816E8
7.13781E8
7.15436208E8
7.17118584E8
7.18829128E8
7.20568728E8
7.22338064E8
7.24137672E8
7.25967896E8
7.27828944E8
7.29720808E8
7.3164332E8
7.33596144E8
7.35578816E8
7.3759068E8
7.39630976E8
7.41698792E8
7.43793104E8
7.45912792E8
7.48056664E8
7.50223448E8
7.5241184E8
7.54620456E8
7.56847952E8
7.5909296E8
7.61354128E8
7.63630136E8
7.65919768E8
7.68221808E8
7.70535144E8
7.7285876E8
7.75191712E8
7.77533144E8
7.7988232E8
7.82238576E8
7.84601304E8
7.8697E8
7.89344208E8
7.91723496E8
7.94107496E8
7.96495816E8
7.98888096E8
8.0128392E8
8.03682912E8
8.06084568E8
8.08488416E8
8.1089388E8
8.13300336E8
8.1570712E8
8.1811352E8
8.2051872E8
8.2292192E8
8.25322272E8
8.27718888E8
8.30110896E8
8.32497432E8
8.34877632E8
8.37250688E8
8.39615832E8
8.41972368E8
8.44319672E8
8.46657176E8
8.4898444E8
8.51301088E8
8.53606872E8
8.55901576E8
8.58185144E8
8.60457568E8
8.62718952E8
8.64969464E8
8.67209328E8
8.69438872E8
8.71658456E8
8.73868544E8
8.76069592E8
8.7826212E8
8.80446752E8
8.82624096E8
8.84794856E8
8.86959808E8
8.89119728E8
8.91275512E8
8.93428112E8
8.95578552E8
8.97727944E8
8.9987748E8
9.02028424E8
9.04182152E8
9.06340104E8
9.085038E8
9.1067484E8
9.12854896E8
9.15045648E8
9.17248912E8
9.1946644E8
9.21700056E8
9.23951552E8
9.26222736E8
9.2851536E8
9.30831136E8
9.33171728E8
9.35538704E8
9.37933552E8
9.40357672E8
9.42812368E8
9.45298792E8
9.47818E8
9.5037096E8
9.5295844E8
9.55581144E8
9.58239632E8
9.60934344E8
9.63665544E8
9.6643344E8
9.6923808E8
9.72079392E8
9.74957192E8
9.77871152E8
9.80820832E8
9.83805712E8
9.86825104E8
9.89878272E8
9.9296432E8
9.96082312E8
9.99231216E8
1.002409904E9
1.005617224E9
1.008851976E9
1.012112904E9
1.015398784E9
1.018708376E9
1.022040464E9
1.025393888E9
1.028767512E9
1.032160328E9
1.035571336E9
1.03899972E9
1.042444664E9
1.045905552E9
1.049381792E9
1.052872952E9
1.056378632E9
1.059898592E9
1.063432584E9
1.066980464E9
1.07054208E9
1.074117352E9
1.077706112E9
1.081308192E9
1.084923408E9
1.088551464E9
1.092191984E9
1.095844488E9
1.0995084E9
1.103183016E9
1.106867512E9
1.110560968E9
1.114262344E9
1.11797052E9
1.121684304E9
1.12540244E9
1.129123656E9
1.132846648E9
1.13657016E9
1.14029296E9
1.144013888E9
1.147731872E9
1.151445936E9
1.155155256E9
1.158859096E9
1.162556904E9
1.166248264E9
1.16993292E9
1.173610752E9
1.1772818E9
1.180946272E9
1.18460448E9
1.188256896E9
1.191904072E9
1.195546712E9
1.199185592E9
1.202821608E9
1.20645572E9
1.210088936E9
1.213722352E9
1.21735712E9
1.220994384E9
1.224635384E9
1.22828132E9
1.23193344E9
1.235592976E9
1.239261184E9
1.242939296E9
1.246628488E9
1.250329984E9
1.25404492E9
1.257774416E9
1.26151956E9
1.265281408E9
1.269060968E9
1.272859216E9
1.276677088E9
1.280515496E9
1.284375296E9
1.288257376E9
1.292162536E9
1.296091592E9
1.300045368E9
1.304024608E9
1.308030096E9
1.312062568E9
1.316122776E9
1.320211376E9
1.324329064E9
1.328476424E9
1.332654E9
1.336862336E9
1.341101776E9
1.345372648E9
1.34967516E9
1.354009424E9
1.358375424E9
1.362773032E9
1.367201976E9
1.371661904E9
1.376152336E9
1.380672704E9
1.385222328E9
1.389800472E9
1.394406296E9
1.399038976E9
1.403697584E9
1.408381224E9
1.413088976E9
1.417819912E9
1.422573184E9
1.42734792E9
1.432143344E9
1.436958712E9
1.44179336E9
1.446646696E9
1.451518176E9
1.456407384E9
1.461313928E9
1.466237544E9
1.471178E9
1.47613516E9
1.481108968E9
1.4860994E9
1.491106496E9
1.496130328E9
1.501171016E9
1.506228712E9
1.511303584E9
1.516395792E9
1.521505504E9
1.526632864E9
1.531778024E9
1.53694108E9
1.542122144E9
1.547321256E9
1.552538432E9
1.55777368E9
1.563026944E9
1.568298152E9
1.573587232E9
1.578894096E9
1.584218632E9
1.58956076E9
1.594920416E9
1.600297544E9
1.605692144E9
1.611104264E9
1.616533984E9
1.621981488E9
1.627446952E9
1.632930672E9
1.638433024E9
1.64395436E9
1.649495184E9
1.655055992E9
1.660637376E9
1.666239912E9
1.671864256E9
1.677511096E9
1.68318108E9
1.688874944E9
1.6945934E9
1.7003372E9
1.706107056E9
1.711903744E9
1.717728024E9
1.72358068E9
1.729462512E9
1.735374344E9
1.741316992E9
1.74729132E9
1.753298224E9
1.759338608E9
1.765413376E9
1.77152348E9
1.777669864E9
1.783853472E9
1.790075296E9
1.796336264E9
1.80263732E9
1.80897944E9
1.815363488E9
1.821790368E9
1.82826096E9
1.834776072E9
1.841336472E9
1.847942936E9
1.854596128E9
1.86129672E9
1.868045272E9
1.874842312E9
1.88168832E9
1.888583656E9
1.895528624E9
1.902523456E9
1.909568272E9
1.916663096E9
1.923807848E9
1.93100232E9
1.938246224E9
1.945539104E9
1.952880416E9
1.960269488E9
1.967705504E9
1.97518756E9
1.982714648E9
1.990285624E9
1.997899296E9
2.005554376E9
2.013249544E9
2.020983432E9
2.028754656E9
2.036561824E9
2.044403584E9
2.0522786E9
2.060185656E9
2.068123552E9
2.076091224E9
2.084087704E9
2.09211212E9
2.100163808E9
2.108242128E9
2.116346664E9
2.124477104E9
2.132633288E9
2.140815168E9
2.149022872E9
2.157256576E9
2.165516656E9
2.173803528E9
2.182117768E9
2.190460024E9
2.198831E9
2.207231544E9
2.21566252E9
2.224124928E9
2.232619776E9
2.24114816E9
2.24971124E9
2.258310184E9
2.266946264E9
2.27562076E9
2.284335008E9
2.29309032E9
2.30188812E9
2.310729744E9
2.3196166E9
2.328550064E9
2.337531496E9
2.346562208E9
2.355643512E9
2.36477664E9
2.37396276E9
2.383202976E9
2.39249828E9
2.401849584E9
2.41125768E9
2.420723272E9
2.430246872E9
2.439828896E9
2.449469608E9
2.459169128E9
2.468927384E9
2.478744192E9
2.4886192E9
2.498551864E9
2.508541544E9
2.5185874E9
2.52868848E9
2.538843696E9
2.549051808E9
2.559311472E9
2.56962124E9
2.579979576E9
2.590384856E9
2.600835352E9
2.61132932E9
2.62186492E9
2.632440296E9
2.643053584E9
2.653702872E9
2.66438628E9
2.675101888E9
2.685847848E9
2.696622328E9
2.70742356E9
2.71824984E9
2.729099544E9
2.739971176E9
2.750863336E9
2.761774744E9
2.772704312E9
2.783651128E9
2.79461444E9
2.805593696E9
2.816588608E9
2.827599096E9
2.838625296E9
2.849667616E9
2.860726752E9
2.871803592E9
2.882899312E9
2.894015296E9
2.905153184E9
2.916314808E9
2.927502144E9
2.938717368E9
2.949962704E9
2.96124048E9
2.972553048E9
2.983902712E9
2.99529168E9
3.006722104E9
3.018195872E9
3.029714672E9
3.041279944E9
3.0528928E9
3.064553976E9
3.07626384E9
3.08802236E9
3.099829064E9
3.111683088E9
3.123583128E9
3.135527416E9
3.147513848E9
3.159539872E9
3.171602592E9
3.183698792E9
3.19582496E9
3.207977288E9
3.220151784E9
3.232344232E9
3.244550264E9
3.2567654E9
3.268985056E9
3.2812046E9
3.293419352E9
3.305624592E9
3.317815672E9
3.329987872E9
3.342136584E9
3.354257168E9
3.36634504E9
3.378395672E9
3.390404592E9
3.402367312E9
3.41427944E9
3.426136584E9
3.4379344E9
3.44966856E9
3.461334776E9
3.472928784E9
3.484446344E9
3.495883224E9
3.50723524E9
3.518498248E9
3.529668112E9
3.54074076E9
3.551712144E9
3.562578304E9
3.573335328E9
3.583979408E9
3.5945068E9
3.604913872E9
3.61519708E9
3.625353056E9
3.63537852E9
3.645270344E9
3.65502556E9
3.664641312E9
3.674114976E9
3.683443992E9
3.692626032E9
3.701658864E9
3.710540424E9
3.719268776E9
3.727842096E9
3.736258664E9
3.744516896E9
3.752615248E9
3.760552232E9
3.768326416E9
3.775936424E9
3.783380864E9
3.790658328E9
3.797767456E9
3.804706792E9
3.81147488E9
3.818070224E9
3.824491224E9
3.830736264E9
3.836803648E9
3.842691568E9
3.848398184E9
3.853921512E9
3.859259512E9
3.864410016E9
3.869370768E9
3.874139408E9
3.878713448E9
3.88309028E9
3.887267192E9
3.891241416E9
3.89500996E9
3.898569848E9
3.901917928E9
3.905051032E9
3.907965896E9
3.9106592E9
3.913127624E9
3.915367832E9
3.917376512E9
3.919150384E9
3.920686288E9
3.921981136E9
3.923031976E9
3.923836056E9
3.924390808E9
3.924693912E9
3.924743288E9
3.924537184E9
3.924074136E9
3.923353032E9
3.922373136E9
3.921134072E9
3.91963588E9
3.917878992E9
3.915864224E9
3.91359284E9
3.911066472E9
3.908287168E9
3.905257352E9
3.901979816E9
3.898457704E9
3.894694456E9
3.890693904E9
3.886460072E9
3.881997304E9
3.877310112E9
3.87240328E9
3.867281728E9
3.861950576E9
3.856415008E9
3.850680392E9
3.844752152E9
3.838635776E9
3.832336784E9
3.825860792E9
3.819213344E9
3.812400048E9
3.805426472E9
3.79829812E9
3.79102052E9
3.783599032E9
3.776039048E9
3.768345808E9
3.760524456E9
3.752580072E9
3.744517544E9
3.736341696E9
3.728057136E9
3.719668424E9
3.711179872E9
3.702595696E9
3.693919952E9
3.685156472E9
3.676309008E9
3.66738108E9
3.658376056E9
3.649297176E9
3.64014748E9
3.630929896E9
3.621647128E9
3.612301792E9
3.602896296E9
3.593432968E9
3.58391392E9
3.574341168E9
3.56471656E9
3.55504184E9
3.545318592E9
3.535548288E9
3.525732272E9
3.515871784E9
3.505967976E9
3.496021888E9
3.486034504E9
3.476006752E9
3.465939504E9
3.455833616E9
3.445689968E9
3.435509424E9
3.42529288E9
3.415041312E9
3.404755776E9
3.394437384E9
3.384087352E9
3.37370704E9
3.363297832E9
3.352861352E9
3.342399224E9
3.331913288E9
3.321405416E9
3.310877616E9
3.30033196E9
3.289770624E9
3.2791958E9
3.268609776E9
3.258014816E9
3.247413224E9
3.236807312E9
3.22619936E9
3.2155916E9
3.204986248E9
3.194385464E9
3.183791328E9
3.173205864E9
3.162630984E9
3.152068544E9
3.141520312E9
3.130987896E9
3.12047292E9
3.109976792E9
3.099500896E9
3.08904648E9
3.078614696E9
3.068206632E9
3.057823256E9
3.047465456E9
3.037134056E9
3.026829776E9
3.016553304E9
3.006305232E9
2.996086128E9
2.98589644E9
2.97573664E9
2.965607096E9
2.95550812E9
2.945439968E9
2.935402888E9
2.925396992E9
2.915422368E9
2.905479048E9
2.895566976E9
2.885686056E9
2.875836144E9
2.866017E9
2.856228432E9
2.846470184E9
2.836742032E9
2.827043728E9
2.817375168E9
2.807736232E9
2.79812696E9
2.788547504E9
2.778998184E9
2.769479488E9
2.759992096E9
2.750536888E9
2.741114976E9
2.73172772E9
2.722376656E9
2.713063584E9
2.703790472E9
2.694559544E9
2.685373112E9
2.676233712E9
2.667143976E9
2.658106608E9
2.649124368E9
2.640200048E9
2.6313364E9
2.622536128E9
2.613801808E9
2.605135912E9
2.596540696E9
2.588018232E9
2.579570368E9
2.571198664E9
2.562904392E9
2.554688528E9
2.546551784E9
2.538494488E9
2.530516672E9
2.522618104E9
2.514798184E9
2.50705608E9
2.499390632E9
2.491800496E9
2.484283984E9
2.476839312E9
2.469464424E9
2.46215712E9
2.454915032E9
2.44773568E9
2.440616448E9
2.433554632E9
2.426547464E9
2.419592088E9
2.412685624E9
2.405825144E9
2.399007704E9
2.392230376E9
2.385490272E9
2.378784472E9
2.3721102E9
2.365464664E9
2.358845264E9
2.35224944E9
2.345674824E9
2.339119192E9
2.332580448E9
2.326056792E9
2.319546568E9
2.313048368E9
2.30656104E9
2.300083624E9
2.293615456E9
2.287156096E9
2.280705328E9
2.274263208E9
2.267829928E9
2.26140596E9
2.254991904E9
2.24858852E9
2.242196704E9
2.23581748E9
2.229451936E9
2.22310124E9
2.2167666E9
2.210449272E9
2.204150496E9
2.197871552E9
2.191613656E9
2.185378024E9
2.17916588E9
2.172978352E9
2.166816544E9
2.16068152E9
2.154574312E9
2.148495848E9
2.14244704E9
2.13642872E9
2.13044168E9
2.124486632E9
2.118564232E9
2.112675072E9
2.10681964E9
2.100998416E9
2.09521176E9
2.08945996E9
2.08374328E9
2.07806184E9
2.072415736E9
2.066805008E9
2.06122956E9
2.055689304E9
2.050184056E9
2.044713544E9
2.039277504E9
2.033875568E9
2.028507352E9
2.023172416E9
2.017870272E9
2.012600408E9
2.007362264E9
2.002155272E9
1.9969788E9
1.991832248E9
1.98671492E9
1.981626168E9
1.976565312E9
1.97153168E9
1.966524568E9
1.961543328E9
1.956587272E9
1.951655824E9
1.946748312E9
1.941864224E9
1.937003016E9
1.932164216E9
1.9273474E9
1.922552224E9
1.917778336E9
1.913025536E9
1.908293592E9
1.903582392E9
1.898891856E9
1.894221952E9
1.889572704E9
1.884944168E9
1.880336456E9
1.875749704E9
1.871184048E9
1.86663972E9
1.86211692E9
1.85761588E9
1.853136856E9
1.84868016E9
1.84424608E9
1.839834912E9
1.835447072E9
1.831082904E9
1.826742832E9
1.822427272E9
1.818136728E9
1.813871688E9
1.809632656E9
1.805420168E9
1.801234752E9
1.797076976E9
1.79294736E9
1.7888464E9
1.784774608E9
1.780732408E9
1.776720192E9
1.77273828E9
1.76878692E9
1.764866296E9
1.760976456E9
1.757117416E9
1.753289032E9
1.749491112E9
1.745723312E9
1.74198524E9
1.7382764E9
1.73459616E9
1.730943872E9
1.727318792E9
1.723720096E9
1.72014696E9
1.71659848E9
1.713073768E9
1.709571896E9
1.706092008E9
1.702633216E9
1.699194696E9
1.69577568E9
1.692375472E9
1.68899344E9
1.68562904E9
1.682281816E9
1.678951408E9
1.67563756E9
1.67234008E9
1.669058936E9
1.665794064E9
1.662545576E9
1.659313632E9
1.656098432E9
1.65290024E9
1.64971936E9
1.646556104E9
1.643410824E9
1.64028388E9
1.637175616E9
1.634086384E9
1.631016488E9
1.627966272E9
1.624935976E9
1.621925888E9
1.61893624E9
1.615967208E9
1.613019E9
1.610091736E9
1.607185568E9
1.604300576E9
1.601436848E9
1.598594448E9
1.595773408E9
1.592973736E9
1.590195416E9
1.587438464E9
1.584702792E9
1.581988312E9
1.57929496E9
1.576622592E9
1.57397108E9
1.57134024E9
1.568729856E9
1.566139744E9
1.563569656E9
1.561019328E9
1.558488456E9
1.555976736E9
1.553483872E9
1.551009464E9
1.54855316E9
1.54611456E9
1.543693248E9
1.541288744E9
1.538900592E9
1.536528272E9
1.534171272E9
1.53182904E9
1.529501E9
1.527186568E9
1.524885112E9
1.522596024E9
1.520318688E9
1.518052464E9
1.515796728E9
1.513550856E9
1.511314256E9
1.50908632E9
1.50686652E9
1.50465432E9
1.502449248E9
1.50025088E9
1.498058856E9
1.49587284E9
1.493692624E9
1.491518032E9
1.489349016E9
1.487185544E9
1.485027744E9
1.482875784E9
1.48072992E9
1.47859052E9
1.476458E9
1.474332848E9
1.472215656E9
1.470107024E9
1.468007632E9
1.465918192E9
1.463839408E9
1.461772104E9
1.459717E9
1.457674912E9
1.455646576E9
1.453632816E9
1.451634344E9
1.449651928E9
1.447686256E9
1.445738024E9
1.443807888E9
1.441896472E9
1.44000436E9
1.438132056E9
1.436280072E9
1.434448808E9
1.432638672E9
1.430849952E9
1.429082896E9
1.42733764E9
1.425614304E9
1.423912856E9
1.422233232E9
1.42057524E9
1.4189386E9
1.417322928E9
1.415727776E9
1.414152544E9
1.4125966E9
1.411059192E9
1.409539488E9
1.408036584E9
1.406549512E9
1.405077264E9
1.403618784E9
1.402172984E9
1.400738792E9
1.39931512E9
1.397900912E9
1.39649512E9
1.395096776E9
1.393704968E9
1.392318816E9
1.390937568E9
1.389560488E9
1.388186992E9
1.386816512E9
1.3854486E9
1.384082872E9
1.382718984E9
1.381356672E9
1.379995696E9
1.378635856E9
1.377276928E9
1.375918736E9
1.37456104E9
1.373203584E9
1.37184604E9
1.370488072E9
1.369129224E9
1.367769008E9
1.366406848E9
1.365042128E9
1.36367416E9
1.362302176E9
1.360925416E9
1.359543088E9
1.3581544E9
1.356758568E9
1.355354856E9
1.35394256E9
1.352521112E9
1.351089944E9
1.349648656E9
1.348197E9
1.346734776E9
1.345261976E9
1.343778712E9
1.342285288E9
1.340782104E9
1.339269736E9
1.337748896E9
1.336220448E9
1.33468536E9
1.333144768E9
1.331599864E9
1.330051992E9
1.328502592E9
1.32695316E9
1.325405256E9
1.323860576E9
1.322320784E9
1.320787632E9
1.319262912E9
1.317748368E9
1.316245824E9
1.314757104E9
1.313283976E9
1.311828208E9
1.310391536E9
1.308975704E9
1.307582368E9
1.306213144E9
1.304869608E9
1.30355328E9
1.302265608E9
1.301008E9
1.299781808E9
1.298588312E9
1.29742872E9
1.2963042E9
1.295215856E9
1.294164712E9
1.293151792E9
1.292177968E9
1.291244112E9
1.290351016E9
1.289499392E9
1.288689872E9
1.287923016E9
1.287199296E9
1.286519072E9
1.285882616E9
1.285290088E9
1.284741488E9
1.284236752E9
1.283775608E9
1.28335768E9
1.282982424E9
1.282649192E9
1.282357104E9
1.282105184E9
1.28189228E9
1.28171712E9
1.281578296E9
1.281474296E9
1.281403464E9
1.281364144E9
1.281354552E9
1.281372888E9
1.281417376E9
1.281486176E9
1.28157756E9
1.281689784E9
1.281821208E9
1.281970232E9
1.282135408E9
1.282315352E9
1.282508776E9
1.28271456E9
1.282931592E9
1.283158944E9
1.283395736E9
1.283641216E9
1.28389464E9
1.284155368E9
1.284422808E9
1.284696384E9
1.284975552E9
1.285259784E9
1.285548552E9
1.285841328E9
1.286137592E9
1.286436816E9
1.286738448E9
1.287041976E9
1.28734684E9
1.287652536E9
1.287958544E9
1.288264416E9
1.28856968E9
1.288873904E9
1.289176752E9
1.289477896E9
1.289777032E9
1.290073936E9
1.290368448E9
1.290660384E9
1.290949672E9
1.2912362E9
1.291519944E9
1.291800848E9
1.292078872E9
1.292353968E9
1.292626112E9
1.292895232E9
1.293161248E9
1.293424032E9
1.29368344E9
1.293939296E9
1.294191384E9
1.294439456E9
1.294683232E9
1.294922416E9
1.295156712E9
1.295385776E9
1.29560932E9
1.295827008E9
1.296038576E9
1.296243768E9
1.296442384E9
1.296634296E9
1.296819424E9
1.296997824E9
1.297169552E9
1.297334864E9
1.297494056E9
1.2976476E9
1.29779604E9
1.29794004E9
1.298080408E9
1.298218056E9
1.29835396E9
1.298489224E9
1.298625016E9
1.298762536E9
1.298903064E9
1.29904784E9
1.29919816E9
1.29935524E9
1.299520328E9
1.299694528E9
1.299878944E9
1.300074544E9
1.300282264E9
1.30050288E9
1.300737168E9
1.300985728E9
1.301249152E9
1.30152792E9
1.301822504E9
1.30213332E9
1.302460776E9
1.30280528E9
1.30316724E9
1.303547128E9
1.303945416E9
1.304362648E9
1.304799424E9
1.305256384E9
1.305734256E9
1.30623376E9
1.30675568E9
1.307300856E9
1.307870072E9
1.308464136E9
1.30908384E9
1.309729896E9
1.310402976E9
1.311103648E9
1.311832384E9
1.312589528E9
1.313375328E9
1.314189856E9
1.315033088E9
1.31590484E9
1.316804768E9
1.317732464E9
1.318687344E9
1.31966876E9
1.320675936E9
1.321708072E9
1.322764296E9
1.323843672E9
1.324945288E9
1.3260682E9
1.327211464E9
1.328374176E9
1.329555432E9
1.330754384E9
1.331970192E9
1.333202064E9
1.334449224E9
1.335710912E9
1.336986432E9
1.338275016E9
1.339575968E9
1.34088852E9
1.34221196E9
1.343545504E9
1.344888328E9
1.34623964E9
1.347598528E9
1.34896412E9
1.350335456E9
1.351711576E9
1.35309148E9
1.354474168E9
1.355858592E9
1.357243752E9
1.35862864E9
1.360012272E9
1.361393712E9
1.362772112E9
1.364146656E9
1.365516664E9
1.366881528E9
1.3682408E9
1.369594136E9
1.37094136E9
1.372282448E9
1.37361752E9
1.374946896E9
1.376271032E9
1.377590536E9
1.378906176E9
1.38021884E9
1.3815296E9
1.38283956E9
1.384149992E9
1.38546216E9
1.386777456E9
1.388097304E9
1.38942308E9
1.390756256E9
1.3920982E9
1.393450312E9
1.394813872E9
1.396190192E9
1.397580448E9
1.398985736E9
1.400407136E9
1.401845536E9
1.40330184E9
1.404776776E9
1.406271048E9
1.407785256E9
1.409319944E9
1.410875576E9
1.41245256E9
1.414051264E9
1.415672016E9
1.41731512E9
1.41898084E9
1.420669424E9
1.422381096E9
1.42411608E9
1.425874544E9
1.427656648E9
1.429462544E9
1.431292288E9
1.433145968E9
1.435023592E9
1.436925088E9
1.438850344E9
1.440799184E9
1.442771384E9
1.444766608E9
1.446784504E9
1.448824632E9
1.450886552E9
1.452969728E9
1.455073664E9
1.4571978E9
1.45934164E9
1.461504704E9
1.463686552E9
1.465886808E9
1.468105216E9
1.4703416E9
1.472595872E9
1.474868144E9
1.477158568E9
1.479467504E9
1.481795432E9
1.484143016E9
1.486510944E9
1.488900152E9
1.491311632E9
1.493746472E9
1.496205888E9
1.498691112E9
1.501203488E9
1.503744296E9
1.506314888E9
1.508916576E9
1.511550608E9
1.514218176E9
1.5169204E9
1.519658256E9
1.522432608E9
1.525244184E9
1.528093488E9
1.530980936E9
1.533906688E9
1.536870768E9
1.539872976E9
1.542912888E9
1.545989912E9
1.54910328E9
1.552251992E9
1.555434912E9
1.558650704E9
1.561897912E9
1.565174912E9
1.568479968E9
1.571811256E9
1.57516684E9
1.578544728E9
1.581942896E9
1.585359312E9
1.588791904E9
1.592238624E9
1.595697448E9
1.599166424E9
1.602643656E9
1.606127344E9
1.609615744E9
1.613107256E9
1.616600384E9
1.620093752E9
1.623586144E9
1.62707644E9
1.630563728E9
1.634047224E9
1.637526328E9
1.6410006E9
1.644469784E9
1.647933816E9
1.651392816E9
1.654847112E9
1.658297176E9
1.661743728E9
1.665187632E9
1.668629944E9
1.672071896E9
1.67551484E9
1.678960304E9
1.682409888E9
1.68586532E9
1.689328408E9
1.692800944E9
1.696284808E9
1.699781864E9
1.703293912E9
1.706822712E9
1.710369992E9
1.713937336E9
1.717526224E9
1.721138056E9
1.724774008E9
1.728435184E9
1.732122496E9
1.735836656E9
1.739578256E9
1.743347688E9
1.747145152E9
1.75097072E9
1.75482424E9
1.758705384E9
1.762613696E9
1.766548536E9
1.770509104E9
1.774494464E9
1.77850356E9
1.782535192E9
1.786588064E9
1.790660776E9
1.794751856E9
1.798859784E9
1.802982944E9
1.807119736E9
1.811268488E9
1.815427528E9
1.819595224E9
1.823769904E9
1.827949936E9
1.832133744E9
1.836319704E9
1.840506296E9
1.844692024E9
1.8488754E9
1.853055008E9
1.857229424E9
1.861397288E9
1.865557248E9
1.869707968E9
1.873848144E9
1.877976464E9
1.882091632E9
1.886192376E9
1.890277408E9
1.89434548E9
1.898395312E9
1.902425712E9
1.906435472E9
1.910423424E9
1.914388472E9
1.91832956E9
1.922245728E9
1.92613608E9
1.929999784E9
1.933836176E9
1.937644624E9
1.94142464E9
1.945175832E9
1.948897928E9
1.952590704E9
1.956254064E9
1.959887976E9
1.963492504E9
1.96706772E9
1.970613792E9
1.974130792E9
1.977618944E9
1.98107836E9
1.9845092E9
1.98791152E9
1.99128536E9
1.994630728E9
1.997947496E9
2.001235528E9
2.004494576E9
2.007724304E9
2.010924328E9
2.01409416E9
2.017233224E9
2.020340864E9
2.023416392E9
2.026458984E9
2.029467792E9
2.032441896E9
2.035380288E9
2.038281936E9
2.041145736E9
2.04397052E9
2.046755104E9
2.049498216E9
2.052198592E9
2.054854896E9
2.057465776E9
2.060029872E9
2.062545816E9
2.065012216E9
2.06742772E9
2.06979096E9
2.072100632E9
2.07435548E9
2.076554224E9
2.078695752E9
2.080778928E9
2.082802728E9
2.08476616E9
2.086668368E9
2.088508504E9
2.09028584E9
2.091999648E9
2.093649336E9
2.095234304E9
2.096754048E9
2.09820804E9
2.09959584E9
2.100917E9
2.102171112E9
2.103357784E9
2.104476584E9
2.10552716E9
2.106509088E9
2.107422E9
2.108265472E9
2.109039136E9
2.10974256E9
2.110375344E9
2.110937064E9
2.11142728E9
2.11184556E9
2.112191432E9
2.112464432E9
2.112664072E9
2.112789816E9
2.11284112E9
2.112817424E9
2.112718128E9
2.112542624E9
2.112290216E9
2.111960272E9
2.111552072E9
2.11106492E9
2.11049808E9
2.109850856E9
2.10912256E9
2.108312536E9
2.107420176E9
2.10644492E9
2.10538632E9
2.104244E9
2.103017704E9
2.101707304E9
2.10031284E9
2.098834456E9
2.097272464E9
2.09562736E9
2.093899792E9
2.092090512E9
2.090200488E9
2.088230776E9
2.08618256E9
2.084057128E9
2.081855848E9
2.079580176E9
2.077231536E9
2.074811424E9
2.072321376E9
2.069762832E9
2.067137224E9
2.064446032E9
2.061690552E9
2.058872144E9
2.05599204E9
2.053051456E9
2.050051568E9
2.046993464E9
2.043878232E9
2.040706928E9
2.037480544E9
2.034200088E9
2.030866552E9
2.027480904E9
2.02404408E9
2.020557056E9
2.017020784E9
2.013436168E9
2.009804144E9
2.006125632E9
2.00240152E9
1.998632648E9
1.994819912E9
1.990964136E9
1.987066128E9
1.98312668E9
1.9791466E9
1.975126656E9
1.971067616E9
1.966970264E9
1.962835416E9
1.95866388E9
1.954456504E9
1.950214184E9
1.945937896E9
1.941628632E9
1.937287464E9
1.932915552E9
1.928514128E9
1.924084512E9
1.919628072E9
1.915146288E9
1.910640696E9
1.906112904E9
1.90156456E9
1.896997352E9
1.892412992E9
1.887813184E9
1.883199616E9
1.878573936E9
1.873937728E9
1.86929248E9
1.864639592E9
1.859980312E9
1.855315776E9
1.850646912E9
1.845974536E9
1.841299248E9
1.836621488E9
1.831941496E9
1.82725936E9
1.822575016E9
1.817888264E9
1.81319872E9
1.808505984E9
1.803809504E9
1.79910872E9
1.79440304E9
1.78969184E9
1.78497452E9
1.780250568E9
1.775519464E9
1.770780816E9
1.766034248E9
1.761279576E9
1.756516608E9
1.751745256E9
1.746965624E9
1.742177792E9
1.737381992E9
1.732578512E9
1.727767712E9
1.722950072E9
1.71812608E9
1.713296304E9
1.708461424E9
1.703622128E9
1.698779184E9
1.693933416E9
1.68908572E9
1.684237024E9
1.67938832E9
1.67454064E9
1.669695048E9
1.66485264E9
1.660014552E9
1.655181896E9
1.650355808E9
1.645537368E9
1.64072768E9
1.635927728E9
1.631138496E9
1.626360856E9
1.621595608E9
1.61684344E9
1.612104936E9
1.607380552E9
1.602670616E9
1.597975336E9
1.593294784E9
1.588628888E9
1.58397748E9
1.579340256E9
1.5747168E9
1.570106584E9
1.565508968E9
1.560923264E9
1.556348672E9
1.551784328E9
1.547229304E9
1.5426826E9
1.538143192E9
1.533610008E9
1.529081888E9
1.524557688E9
1.520036224E9
1.515516304E9
1.510996688E9
1.506476168E9
1.501953552E9
1.497427648E9
1.492897304E9
1.488361488E9
1.483819168E9
1.479269448E9
1.474711552E9
1.47014484E9
1.465568816E9
1.460983168E9
1.456387776E9
1.451782704E9
1.44716824E9
1.442544904E9
1.4379134E9
1.43327468E9
1.428629896E9
1.42398036E9
1.419327664E9
1.414673496E9
1.410019736E9
1.405368344E9
1.400721456E9
1.396081208E9
1.391449816E9
1.38682952E9
1.382222488E9
1.377630896E9
1.373056824E9
1.368502184E9
1.363968808E9
1.359458352E9
1.35497224E9
1.350511728E9
1.3460778E9
1.341671248E9
1.337292608E9
1.332942128E9
1.328619872E9
1.324325608E9
1.320058944E9
1.315819256E9
1.311605728E9
1.307417432E9
1.303253248E9
1.299112024E9
1.294992512E9
1.290893432E9
1.286813504E9
1.282751464E9
1.27870612E9
1.274676312E9
1.27066104E9
1.266659344E9
1.262670424E9
1.258693584E9
1.254728304E9
1.250774128E9
1.246830768E9
1.242898072E9
1.238975968E9
1.235064496E9
1.231163808E9
1.227274112E9
1.223395712E9
1.21952896E9
1.215674232E9
1.211831984E9
1.208002648E9
1.204186696E9
1.200384608E9
1.196596864E9
1.19282388E9
1.189066096E9
1.185323952E9
1.181597792E9
1.177887952E9
1.174194752E9
1.170518432E9
1.166859216E9
1.163217256E9
1.159592672E9
1.155985536E9
1.152395872E9
1.148823624E9
1.145268736E9
1.141731016E9
1.138210328E9
1.134706384E9
1.131218896E9
1.12774752E9
1.124291848E9
1.120851432E9
1.117425776E9
1.114014376E9
1.110616688E9
1.107232168E9
1.10386024E9
1.100500328E9
1.097151928E9
1.093814512E9
1.090487648E9
1.087170904E9
1.083863928E9
1.080566424E9
1.077278216E9
1.073999136E9
1.07072912E9
1.067468176E9
1.064216384E9
1.060973832E9
1.057740736E9
1.054517288E9
1.051303768E9
1.048100448E9
1.044907624E9
1.04172564E9
1.038554816E9
1.035395504E9
1.032248064E9
1.029112856E9
1.025990264E9
1.022880688E9
1.01978456E9
1.016702296E9
1.013634384E9
1.010581328E9
1.007543672E9
1.004522E9
1.001516984E9
9.98529248E8
9.95559536E8
9.9260864E8
9.89677352E8
9.8676652E8
9.83877024E8
9.81009744E8
9.78165584E8
9.75345424E8
9.72550096E8
9.69780408E8
9.67037072E8
9.64320744E8
9.6163192E8
9.58970976E8
9.56338136E8
9.53733456E8
9.51156776E8
9.48607752E8
9.46085864E8
9.43590352E8
9.41120256E8
9.38674464E8
9.36251672E8
9.33850416E8
9.31469144E8
9.29106144E8
9.2675968E8
9.24427984E8
9.2210924E8
9.19801728E8
9.17503664E8
9.15213456E8
9.12929536E8
9.10650512E8
9.0837504E8
9.06102008E8
9.03830376E8
9.01559288E8
8.99288016E8
8.97015928E8
8.94742616E8
8.92467688E8
8.90190896E8
8.87912104E8
8.85631216E8
8.8334824E8
8.81063216E8
8.78776272E8
8.7648756E8
8.74197288E8
8.71905728E8
8.69613152E8
8.67319936E8
8.65026472E8
8.62733264E8
8.60440832E8
8.58149816E8
8.5586092E8
8.53574944E8
8.51292776E8
8.49015424E8
8.4674396E8
8.44479592E8
8.42223584E8
8.39977264E8
8.37742064E8
8.35519448E8
8.33310896E8
8.31117888E8
8.28941904E8
8.26784352E8
8.24646568E8
8.22529792E8
8.20435112E8
8.1836348E8
8.16315616E8
8.14292064E8
8.12293136E8
8.10318888E8
8.08369128E8
8.06443424E8
8.04541024E8
8.02660968E8
8.00802016E8
7.98962736E8
7.97141472E8
7.95336376E8
7.93545424E8
7.91766528E8
7.89997464E8
7.88235984E8
7.86479832E8
7.84726824E8
7.82974792E8
7.81221704E8
7.79465696E8
7.7770508E8
7.75938328E8
7.74164216E8
7.7238168E8
7.70589984E8
7.68788584E8
7.66977224E8
7.65155896E8
7.63324776E8
7.6148428E8
7.59634984E8
7.57777632E8
7.55913072E8
7.54042272E8
7.52166208E8
7.50285928E8
7.48402432E8
7.46516728E8
7.44629752E8
7.42742336E8
7.40855272E8
7.38969176E8
7.37084592E8
7.35201936E8
7.33321512E8
7.31443448E8
7.29567824E8
7.27694608E8
7.2582364E8
7.23954704E8
7.22087552E8
7.20221856E8
7.18357272E8
7.16493464E8
7.14630104E8
7.12766904E8
7.10903608E8
7.0904004E8
7.07176112E8
7.053118E8
7.03447232E8
7.01582608E8
6.9971828E8
6.97854712E8
6.95992504E8
6.94132368E8
6.92275152E8
6.904218E8
6.88573368E8
6.8673104E8
6.84895992E8
6.8306956E8
6.81253032E8
6.79447792E8
6.77655168E8
6.75876504E8
6.7411308E8
6.72366168E8
6.70636912E8
6.68926392E8
6.67235552E8
6.65565272E8
6.63916224E8
6.62289E8
6.60684032E8
6.59101568E8
6.57541728E8
6.56004448E8
6.54489536E8
6.52996592E8
6.5152512E8
6.50074424E8
6.48643696E8
6.47231976E8
6.4583816E8
6.4446108E8
6.43099392E8
6.41751744E8
6.40416656E8
6.39092632E8
6.37778112E8
6.36471528E8
6.35171344E8
6.33876016E8
6.3258408E8
6.31294104E8
6.3000476E8
6.28714792E8
6.27423096E8
6.26128632E8
6.2483056E8
6.23528096E8
6.22220672E8
6.20907824E8
6.1958924E8
6.18264784E8
6.16934408E8
6.15598248E8
6.14256576E8
6.1290976E8
6.11558344E8
6.10202976E8
6.08844416E8
6.07483512E8
6.06121264E8
6.04758736E8
6.03397064E8
6.02037504E8
6.0068132E8
5.99329856E8
5.97984488E8
5.96646608E8
5.953176E8
5.93998824E8
5.92691592E8
5.91397208E8
5.90116824E8
5.88851536E8
5.87602312E8
5.86369944E8
5.8515512E8
5.8395832E8
5.82779864E8
5.81619856E8
5.80478224E8
5.79354664E8
5.78248712E8
5.77159688E8
5.76086736E8
5.75028824E8
5.73984776E8
5.7295324E8
5.71932816E8
5.70921968E8
5.69919088E8
5.68922576E8
5.67930776E8
5.66942088E8
5.65954904E8
5.64967744E8
5.63979192E8
5.62987912E8
5.61992776E8
5.60992704E8
5.59986832E8
5.58974448E8
5.57954992E8
5.56928072E8
5.5589348E8
5.54851104E8
5.53801048E8
5.52743496E8
5.51678776E8
5.50607336E8
5.49529672E8
5.484464E8
5.47358136E8
5.46265568E8
5.45169408E8
5.44070344E8
5.42969056E8
5.41866168E8
5.40762288E8
5.39657936E8
5.38553552E8
5.37449488E8
5.36346E8
5.3524324E8
5.34141248E8
5.33039936E8
5.31939152E8
5.308386E8
5.29737912E8
5.28636624E8
5.27534232E8
5.26430104E8
5.25323688E8
5.24214288E8
5.23101288E8
5.21984032E8
5.20861928E8
5.19734408E8
5.18600976E8
5.17461208E8
5.16314744E8
5.15161328E8
5.140008E8
5.12833096E8
5.11658232E8
5.10476352E8
5.09287648E8
5.08092424E8
5.06891048E8
5.05684E8
5.0447176E8
5.03254928E8
5.02034096E8
5.00809928E8
4.99583128E8
4.9835444E8
4.97124584E8
4.95894376E8
4.94664592E8
4.93436048E8
4.92209584E8
4.90986032E8
4.89766216E8
4.8855096E8
4.87341112E8
4.86137424E8
4.84940696E8
4.83751624E8
4.8257084E8
4.8139896E8
4.8023648E8
4.790838E8
4.77941184E8
4.76808856E8
4.7568684E8
4.74575032E8
4.73473208E8
4.72381008E8
4.7129792E8
4.70223304E8
4.69156376E8
4.68096272E8
4.67041976E8
4.65992456E8
4.64946528E8
4.63903032E8
4.62860728E8
4.61818384E8
4.60774816E8
4.59728832E8
4.58679312E8
4.576252E8
4.5656556E8
4.55499552E8
4.54426456E8
4.53345728E8
4.5225692E8
4.51159816E8
4.50054304E8
4.48940512E8
4.47818688E8
4.46689296E8
4.45552976E8
4.44410496E8
4.43262824E8
4.42111048E8
4.40956416E8
4.39800224E8
4.38643944E8
4.37489064E8
4.36337104E8
4.35189632E8
4.34048176E8
4.32914296E8
4.31789416E8
4.30674984E8
4.29572272E8
4.28482512E8
4.27406808E8
4.26346144E8
4.25301416E8
4.24273384E8
4.2326272E8
4.22270008E8
4.21295728E8
4.20340296E8
4.19404088E8
4.18487392E8
4.17590472E8
4.16713568E8
4.15856856E8
4.15020504E8
4.14204648E8
4.134094E8
4.12634824E8
4.11880952E8
4.11147736E8
4.10435144E8
4.09743032E8
4.09071184E8
4.08419328E8
4.07787152E8
4.07174208E8
4.06580016E8
4.06004E8
4.05445504E8
4.04903808E8
4.04378128E8
4.03867624E8
4.0337136E8
4.02888392E8
4.02417728E8
4.01958296E8
4.01509048E8
4.01068888E8
4.0063672E8
4.00211432E8
3.9979192E8
3.9937712E8
3.98965984E8
3.98557464E8
3.98150592E8
3.97744432E8
3.9733812E8
3.96930864E8
3.96521888E8
3.96110584E8
3.95696352E8
3.95278712E8
3.94857272E8
3.9443172E8
3.94001872E8
3.93567608E8
3.93128976E8
3.9268604E8
3.92239016E8
3.91788208E8
3.91334024E8
3.90876912E8
3.90417488E8
3.89956384E8
3.89494312E8
3.8903204E8
3.88570376E8
3.88110152E8
3.87652224E8
3.87197456E8
3.8674668E8
3.86300688E8
3.85860264E8
3.85426104E8
3.84998832E8
3.84578992E8
3.84167032E8
3.83763264E8
3.83367888E8
3.82980992E8
3.82602488E8
3.82232168E8
3.81869696E8
3.81514528E8
3.81166024E8
3.80823384E8
3.80485672E8
3.80151824E8
3.79820648E8
3.79490864E8
3.79161088E8
3.78829864E8
3.78495696E8
3.78157016E8
3.77812272E8
3.77459912E8
3.77098424E8
3.7672632E8
3.76342216E8
3.75944808E8
3.75532912E8
3.75105512E8
3.74661728E8
3.7420088E8
3.73722456E8
3.73226168E8
3.72711912E8
3.72179856E8
3.71630288E8
3.7106376E8
3.70481032E8
3.69882992E8
3.69270712E8
3.6864544E8
3.6800848E8
3.67361312E8
3.66705432E8
3.66042416E8
3.65373888E8
3.64701432E8
3.64026688E8
3.63351208E8
3.62676568E8
3.62004248E8
3.61335696E8
3.60672272E8
3.60015264E8
3.59365896E8
3.58725304E8
3.58094568E8
3.5747464E8
3.56866416E8
3.56270728E8
3.55688312E8
3.5511984E8
3.54565928E8
3.54027112E8
3.5350384E8
3.52996552E8
3.52505592E8
3.52031264E8
3.51573816E8
3.51133472E8
3.50710408E8
3.5030472E8
3.49916512E8
3.49545848E8
3.49192744E8
3.48857184E8
3.48539144E8
3.4823856E8
3.47955328E8
3.47689312E8
3.4744036E8
3.47208304E8
3.46992872E8
3.467938E8
3.46610776E8
3.464434E8
3.4629124E8
3.46153808E8
3.4603052E8
3.45920752E8
3.4582376E8
3.45738736E8
3.456648E8
3.45600976E8
3.455462E8
3.4549932E8
3.45459128E8
3.45424272E8
3.45393424E8
3.45365112E8
3.45337888E8
3.453102E8
3.45280512E8
3.45247264E8
3.45208896E8
3.45163864E8
3.45110664E8
3.45047864E8
3.44974032E8
3.44887896E8
3.44788216E8
3.44673824E8
3.44543752E8
3.44397072E8
3.44233016E8
3.4405092E8
3.43850288E8
3.4363072E8
3.43392016E8
3.43134048E8
3.42856872E8
3.42560712E8
3.42245888E8
3.41912864E8
3.41562288E8
3.41194896E8
3.40811552E8
3.40413296E8
3.40001208E8
3.39576496E8
3.39140448E8
3.38694448E8
3.38239896E8
3.377782E8
3.37310864E8
3.3683928E8
3.3636488E8
3.35888976E8
3.35412832E8
3.34937608E8
3.3446432E8
3.33993864E8
3.33526928E8
3.3306412E8
3.32605808E8
3.32152184E8
3.31703288E8
3.31258992E8
3.30818984E8
3.30382808E8
3.29949896E8
3.29519536E8
3.29090952E8
3.28663256E8
3.28235536E8
3.27806832E8
3.2737616E8
3.2694252E8
3.26504968E8
3.26062568E8
3.25614408E8
3.25159656E8
3.24697536E8
3.24227296E8
3.2374832E8
3.23260008E8
3.22761872E8
3.2225352E8
3.21734592E8
3.21204856E8
3.20664144E8
3.20112408E8
3.1954964E8
3.18975968E8
3.18391576E8
3.17796744E8
3.17191824E8
3.16577296E8
3.1595368E8
3.15321576E8
3.14681656E8
3.14034688E8
3.13381488E8
3.12722888E8
3.12059824E8
3.1139324E8
3.10724152E8
3.1005356E8
3.09382528E8
3.08712128E8
3.08043408E8
3.07377488E8
3.06715456E8
3.06058408E8
3.05407448E8
3.04763664E8
3.04128144E8
3.03501992E8
3.02886264E8
3.02282064E8
3.01690432E8
3.01112416E8
3.00549024E8
3.00001296E8
2.99470176E8
2.9895664E8
2.98461576E8
2.97985856E8
2.9753028E8
2.97095624E8
2.9668256E8
2.96291744E8
2.95923688E8
2.95578912E8
2.95257776E8
2.94960584E8
2.94687576E8
2.9443884E8
2.94214416E8
2.94014208E8
2.93838048E8
2.93685648E8
2.93556616E8
2.93450448E8
2.93366584E8
2.93304296E8
2.93262808E8
2.93241216E8
2.9323856E8
2.93253768E8
2.9328572E8
2.933332E8
2.93394976E8
2.93469752E8
2.93556176E8
2.93652888E8
2.93758528E8
2.93871728E8
2.93991136E8
2.94115408E8
2.94243224E8
2.9437336E8
2.94504576E8
2.9463572E8
2.9476572E8
2.94893552E8
2.9501828E8
2.95139032E8
2.95255048E8
2.95365632E8
2.95470192E8
2.9556824E8
2.95659328E8
2.95743144E8
2.95819424E8
2.95888056E8
2.9594892E8
2.96002008E8
2.96047384E8
2.96085136E8
2.96115432E8
2.96138416E8
2.9615428E8
2.96163208E8
2.96165344E8
2.96160816E8
2.9614972E8
2.96132064E8
2.96107776E8
2.9607672E8
2.96038656E8
2.95993264E8
2.95940088E8
2.95878624E8
2.95808208E8
2.9572816E8
2.9563764E8
2.95535824E8
2.95421752E8
2.95294456E8
2.95152944E8
2.9499616E8
2.94823104E8
2.94632752E8
2.94424144E8
2.9419632E8
2.9394844E8
2.93679704E8
2.933894E8
2.93076928E8
2.92741832E8
2.92383728E8
2.92002392E8
2.91597776E8
2.91169936E8
2.9071912E8
2.90245744E8
2.89750344E8
2.89233664E8
2.88696608E8
2.88140216E8
2.87565728E8
2.86974496E8
2.86367976E8
2.85747824E8
2.85115728E8
2.8447352E8
2.83823088E8
2.83166328E8
2.82505232E8
2.81841752E8
2.81177856E8
2.8051544E8
2.79856384E8
2.7920248E8
2.78555392E8
2.77916696E8
2.7728784E8
2.7667008E8
2.76064544E8
2.754722E8
2.748938E8
2.74329928E8
2.73780976E8
2.73247152E8
2.7272848E8
2.72224776E8
2.7173572E8
2.712608E8
2.70799376E8
2.70350672E8
2.69913776E8
2.6948768E8
2.69071288E8
2.68663456E8
2.68262952E8
2.67868544E8
2.67478984E8
2.67093024E8
2.6670944E8
2.66327048E8
2.65944688E8
2.65561328E8
2.65175968E8
2.64787704E8
2.6439576E8
2.63999432E8
2.63598152E8
2.63191472E8
2.62779E8
2.6236056E8
2.61935976E8
2.6150528E8
2.61068536E8
2.60625936E8
2.6017776E8
2.59724344E8
2.59266136E8
2.588036E8
2.58337304E8
2.57867808E8
2.57395736E8
2.56921744E8
2.5644644E8
2.5597056E8
2.55494704E8
2.55019544E8
2.54545704E8
2.54073776E8
2.53604328E8
2.53137872E8
2.52674888E8
2.5221576E8
2.51760832E8
2.51310376E8
2.50864552E8
2.50423488E8
2.49987192E8
2.49555584E8
2.49128504E8
2.48705688E8
2.48286808E8
2.47871464E8
2.47459168E8
2.47049392E8
2.46641536E8
2.46234992E8
2.45829096E8
2.45423208E8
2.4501668E8
2.44608904E8
2.4419924E8
2.43787208E8
2.43372248E8
2.42953976E8
2.42531992E8
2.42106032E8
2.41675872E8
2.4124136E8
2.40802464E8
2.40359168E8
2.39911576E8
2.39459784E8
2.39004016E8
2.38544512E8
2.3808156E8
2.37615456E8
2.37146552E8
2.3667516E8
2.36201648E8
2.35726344E8
2.35249544E8
2.3477156E8
2.34292632E8
2.33812976E8
2.33332736E8
2.32852064E8
2.32370992E8
2.31889576E8
2.31407792E8
2.30925576E8
2.30442848E8
2.29959512E8
2.29475448E8
2.2899052E8
2.28504632E8
2.28017664E8
2.27529576E8
2.27040296E8
2.26549824E8
2.260582E8
2.25565504E8
2.25071816E8
2.2457732E8
2.2408216E8
2.23586544E8
2.23090672E8
2.22594744E8
2.22098976E8
2.2160352E8
2.2110852E8
2.2061408E8
2.2012024E8
2.1962696E8
2.19134184E8
2.18641752E8
2.18149432E8
2.17656952E8
2.17163928E8
2.16669936E8
2.16174528E8
2.15677136E8
2.15177224E8
2.146742E8
2.1416744E8
2.13656352E8
2.13140312E8
2.12618752E8
2.12091112E8
2.11556912E8
2.11015696E8
2.10467104E8
2.09910856E8
2.09346776E8
2.08774792E8
2.08194944E8
2.07607408E8
2.07012496E8
2.06410632E8
2.05802376E8
2.05188472E8
2.04569752E8
2.0394716E8
2.03321824E8
2.02694904E8
2.02067712E8
2.01441576E8
2.00817944E8
2.00198248E8
1.99583992E8
1.98976584E8
1.98377488E8
1.97788056E8
1.972096E8
1.9664328E8
1.96090168E8
1.95551208E8
1.95027144E8
1.94518584E8
1.94025936E8
1.93549448E8
1.9308912E8
1.9264484E8
1.92216264E8
1.9180284E8
1.91403928E8
1.9101864E8
1.90646024E8
1.90284984E8
1.89934296E8
1.89592688E8
1.89258776E8
1.88931224E8
1.88608592E8
1.88289448E8
1.87972392E8
1.8765604E8
1.87339024E8
1.8702E8
1.86697712E8
1.86370872E8
1.86038296E8
1.856988E8
1.85351224E8
1.8499448E8
1.8462744E8
1.8424904E8
1.83858264E8
1.83454064E8
1.83035504E8
1.8260164E8
1.82151624E8
1.81684696E8
1.81200208E8
1.80697576E8
1.8017648E8
1.79636672E8
1.79078104E8
1.7850096E8
1.77905632E8
1.77292712E8
1.76663064E8
1.76017712E8
1.75357912E8
1.74685136E8
1.74001016E8
1.7330732E8
1.72605968E8
1.71898952E8
1.71188376E8
1.70476304E8
1.69764888E8
1.69056184E8
1.68352264E8
1.67655088E8
1.66966552E8
1.66288408E8
1.65622328E8
1.64969848E8
1.64332352E8
1.6371108E8
1.63107152E8
1.62521536E8
1.61955056E8
1.61408408E8
1.60882152E8
1.60376728E8
1.5989244E8
1.59429504E8
1.58988024E8
1.58567976E8
1.5816928E8
1.5779176E8
1.57435152E8
1.57099112E8
1.56783248E8
1.56487088E8
1.56210112E8
1.55951744E8
1.55711344E8
1.55488232E8
1.55281704E8
1.55090968E8
1.54915272E8
1.54753736E8
1.54605512E8
1.54469728E8
1.54345464E8
1.542318E8
1.5412784E8
1.5403264E8
1.53945328E8
1.53865016E8
1.53790856E8
1.53722064E8
1.53657888E8
1.53597656E8
1.53540744E8
1.5348664E8
1.53434856E8
1.53385032E8
1.53336936E8
1.5329032E8
1.53245112E8
1.53201312E8
1.53158992E8
1.53118304E8
1.53079448E8
1.5304272E8
1.5300848E8
1.5297708E8
1.52948888E8
1.5292436E8
1.52903888E8
1.52887872E8
1.52876688E8
1.5287064E8
1.5287004E8
1.52875112E8
1.52885984E8
1.52902784E8
1.52925504E8
1.52954112E8
1.52988472E8
1.53028376E8
1.530736E8
1.53123816E8
1.53178672E8
1.53237824E8
1.53300824E8
1.53367304E8
1.53436808E8
1.53508944E8
1.5358332E8
1.53659576E8
1.53737344E8
1.5381632E8
1.53896232E8
1.53976792E8
1.54057792E8
1.54138992E8
1.54220184E8
1.54301176E8
1.54381776E8
1.5446176E8
1.54540888E8
1.54618944E8
1.54695632E8
1.5477064E8
1.5484364E8
1.54914264E8
1.54982112E8
1.5504672E8
1.5510764E8
1.55164376E8
1.55216392E8
1.55263176E8
1.55304176E8
1.5533884E8
1.55366576E8
1.55386888E8
1.55399184E8
1.55402984E8
1.55397776E8
1.55383088E8
1.5535848E8
1.553236E8
1.55278072E8
1.55221648E8
1.55154048E8
1.55075168E8
1.54984864E8
1.54883096E8
1.5476992E8
1.546454E8
1.54509704E8
1.54363016E8
1.54205592E8
1.54037744E8
1.538598E8
1.53672088E8
1.53474976E8
1.53268816E8
1.53053976E8
1.52830736E8
1.52599392E8
1.52360184E8
1.52113256E8
1.5185876E8
1.5159668E8
1.5132704E8
1.51049704E8
1.50764544E8
1.50471328E8
1.501698E8
1.49859664E8
1.49540616E8
1.49212328E8
1.48874512E8
1.48526888E8
1.48169256E8
1.47801432E8
1.47423336E8
1.47034968E8
1.466364E8
1.46227832E8
1.4580956E8
1.45381936E8
1.44945432E8
1.44500632E8
1.4404816E8
1.43588712E8
1.4312308E8
1.42652032E8
1.42176456E8
1.41697184E8
1.41215088E8
1.40731088E8
1.40246008E8
1.3976072E8
1.39276024E8
1.3879272E8
1.38311576E8
1.37833272E8
1.37358488E8
1.368878E8
1.3642176E8
1.35960872E8
1.35505544E8
1.35056112E8
1.34612888E8
1.34176032E8
1.33745744E8
1.33322048E8
1.32904984E8
1.32494464E8
1.32090368E8
1.31692552E8
1.31300792E8
1.30914856E8
1.30534496E8
1.30159432E8
1.29789376E8
1.2942412E8
1.29063392E8
1.28707E8
1.28354776E8
1.28006552E8
1.27662256E8
1.27321784E8
1.2698512E8
1.26652208E8
1.2632304E8
1.25997608E8
1.25675872E8
1.25357776E8
1.25043232E8
1.24732112E8
1.24424264E8
1.24119432E8
1.23817368E8
1.23517768E8
1.23220256E8
1.22924496E8
1.22630104E8
1.22336704E8
1.22044008E8
1.21751712E8
1.21459656E8
1.21167688E8
1.20875864E8
1.20584304E8
1.20293312E8
1.20003328E8
1.19714912E8
1.19428824E8
1.19145944E8
1.18867248E8
1.18593864E8
1.18327008E8
1.18067912E8
1.17817872E8
1.17578168E8
1.17350064E8
1.17134744E8
1.1693332E8
1.16746752E8
1.1657588E8
1.1642136E8
1.16283728E8
1.16163224E8
1.16059976E8
1.1597388E8
1.15904624E8
1.1585176E8
1.15814584E8
1.15792296E8
1.15783936E8
1.15788408E8
1.15804528E8
1.15831048E8
1.15866656E8
1.15910008E8
1.15959792E8
1.16014696E8
1.16073464E8
1.16134896E8
1.16197872E8
1.162614E8
1.16324584E8
1.16386648E8
1.16446944E8
1.16504968E8
1.16560344E8
1.16612808E8
1.16662232E8
1.16708608E8
1.16751992E8
1.1679256E8
1.16830512E8
1.16866112E8
1.1689964E8
1.16931352E8
1.16961552E8
1.16990424E8
1.17018168E8
1.17044872E8
1.1707056E8
1.17095176E8
1.171186E8
1.17140592E8
1.17160872E8
1.17179112E8
1.17194896E8
1.17207792E8
1.17217408E8
1.1722332E8
1.17225144E8
1.17222592E8
1.17215376E8
1.1720336E8
1.17186504E8
1.1716484E8
1.17138528E8
1.1710784E8
1.17073136E8
1.17034888E8
1.16993616E8
1.16949944E8
1.16904472E8
1.1685788E8
1.168108E8
1.1676388E8
1.1671768E8
1.16672736E8
1.16629504E8
1.1658832E8
1.16549432E8
1.16512984E8
1.16478992E8
1.16447368E8
1.16417888E8
1.16390232E8
1.16363984E8
1.16338616E8
1.16313528E8
1.16288072E8
1.16261512E8
1.16233104E8
1.16202064E8
1.16167624E8
1.16129024E8
1.16085544E8
1.16036488E8
1.1598124E8
1.1591928E8
1.15850168E8
1.15773544E8
1.15689168E8
1.15596952E8
1.15496872E8
1.15389112E8
1.15273928E8
1.15151712E8
1.15023E8
1.14888424E8
1.1474876E8
1.14604848E8
1.1445768E8
1.14308256E8
1.14157688E8
1.14007096E8
1.13857656E8
1.13710536E8
1.13566872E8
1.134278E8
1.13294336E8
1.13167464E8
1.13048024E8
1.1293672E8
1.12834168E8
1.1274076E8
1.1265672E8
1.1258212E8
1.12516832E8
1.12460536E8
1.12412736E8
1.12372776E8
1.12339832E8
1.12312984E8
1.12291168E8
1.12273288E8
1.12258144E8
1.12244584E8
1.12231416E8
1.12217552E8
1.12201896E8
1.1218352E8
1.121616E8
1.12135456E8
1.1210452E8
1.12068448E8
1.12027008E8
1.11980136E8
1.11927952E8
1.11870704E8
1.11808744E8
1.11742576E8
1.11672752E8
1.11599928E8
1.1152476E8
1.1144796E8
1.11370224E8
1.11292208E8
1.11214512E8
1.11137688E8
1.110622E8
1.10988392E8
1.10916536E8
1.10846768E8
1.1077912E8
1.10713496E8
1.10649696E8
1.10587424E8
1.10526304E8
1.10465824E8
1.10405464E8
1.10344624E8
1.10282632E8
1.10218848E8
1.10152592E8
1.10083184E8
1.10009984E8
1.09932368E8
1.098498E8
1.0976172E8
1.09667712E8
1.09567392E8
1.09460424E8
1.09346592E8
1.09225712E8
1.09097688E8
1.08962472E8
1.08820064E8
1.08670536E8
1.08513928E8
1.0835036E8
1.08179928E8
1.08002712E8
1.078188E8
1.07628256E8
1.07431048E8
1.07227168E8
1.07016512E8
1.06798952E8
1.06574296E8
1.06342272E8
1.061026E8
1.05854936E8
1.0559892E8
1.05334136E8
1.05060208E8
1.04776736E8
1.04483328E8
1.04179616E8
1.03865312E8
1.03540168E8
1.03203976E8
1.02856616E8
1.02498048E8
1.0212832E8
1.01747584E8
1.01356064E8
1.0095408E8
1.0054204E8
1.0012044E8
9.9689856E7
9.9250928E7
9.8804368E7
9.835096E7
9.789148E7
9.7426816E7
9.6957856E7
9.6485496E7
9.601068E7
9.5534352E7
9.505748E7
9.4581048E7
9.4105992E7
9.3633352E7
9.3164088E7
9.2699224E7
9.223976E7
9.178672E7
9.1341152E7
9.0904088E7
9.0476568E7
9.005964E7
8.965436E7
8.9261744E7
8.8882816E7
8.8518584E7
8.8169984E7
8.7837904E7
8.7523184E7
8.7226592E7
8.6948792E7
8.6690328E7
8.6451672E7
8.6233128E7
8.6034888E7
8.5856992E7
8.5699304E7
8.5561528E7
8.5443248E7
8.5343832E7
8.5262504E7
8.519832E7
8.5150232E7
8.5116952E7
8.5097168E7
8.5089384E7
8.5092032E7
8.5103472E7
8.5122E7
8.5145872E7
8.5173344E7
8.5202696E7
8.5232208E7
8.5260248E7
8.528524E7
8.5305704E7
8.5320264E7
8.532768E7
8.5326792E7
8.531664E7
8.5296368E7
8.5265192E7
8.5222608E7
8.5168112E7
8.5101368E7
8.5022208E7
8.4930512E7
8.4826288E7
8.4709648E7
8.4580776E7
8.4439944E7
8.4287472E7
8.4123744E7
8.394916E7
8.3764208E7
8.3569352E7
8.3365024E7
8.315172E7
8.292988E7
8.2699896E7
8.2462152E7
8.221696E7
8.19646E7
8.1705232E7
8.1439032E7
8.1166064E7
8.0886312E7
8.0599752E7
8.0306248E7
8.0005648E7
7.9697736E7
7.9382272E7
7.9058984E7
7.8727584E7
7.8387736E7
7.803912E7
7.76814E7
7.7314216E7
7.6937216E7
7.6550024E7
7.615228E7
7.5743576E7
7.5323544E7
7.4891776E7
7.4447872E7
7.3991424E7
7.3522032E7
7.3039328E7
7.2542952E7
7.203256E7
7.150788E7
7.0968688E7
7.0414824E7
6.9846184E7
6.9262816E7
6.8664816E7
6.8052392E7
6.7425904E7
6.6785744E7
6.6132512E7
6.5466832E7
6.4789512E7
6.4101424E7
6.3403528E7
6.269688E7
6.1982616E7
6.126192E7
6.0536064E7
5.980632E7
5.907404E7
5.8340544E7
5.7607224E7
5.6875432E7
5.6146544E7
5.5421912E7
5.4702864E7
5.3990736E7
5.3286808E7
5.2592296E7
5.190844E7
5.1236408E7
5.0577288E7
4.9932184E7
4.9302128E7
4.8688096E7
4.809104E7
4.7511856E7
4.6951416E7
4.6410536E7
4.5890016E7
4.5390624E7
4.4913072E7
4.4458072E7
4.4026264E7
4.361828E7
4.3234696E7
4.2876032E7
4.2542768E7
4.2235304E7
4.1953944E7
4.1699E7
4.1470616E7
4.1268896E7
4.1093872E7
4.0945448E7
4.0823504E7
4.07278E7
4.065808E7
4.0613992E7
4.0595152E7
4.0601176E7
4.06316E7
4.0686E7
4.0763912E7
4.0864928E7
4.0988632E7
4.1134608E7
4.1302496E7
4.1491968E7
4.1702672E7
4.1934352E7
4.2186696E7
4.245944E7
4.2752328E7
4.3065088E7
4.33974E7
4.3748976E7
4.411948E7
4.450852E7
4.491564E7
4.5340376E7
4.578216E7
4.6240368E7
4.6714296E7
4.7203152E7
4.7706096E7
4.8222176E7
4.8750352E7
4.9289512E7
4.9838464E7
5.0395896E7
5.0960448E7
5.1530672E7
5.2104976E7
5.2681808E7
5.3259448E7
5.3836128E7
5.4410032E7
5.4979256E7
5.5541896E7
5.6095952E7
5.663944E7
5.7170336E7
5.7686592E7
5.818624E7
5.8667248E7
5.9127696E7
5.9565704E7
5.9979448E7
6.0367192E7
6.0727344E7
6.1058384E7
6.1358928E7
6.1627728E7
6.186368E7
6.2065848E7
6.2233408E7
6.2365696E7
6.2462232E7
6.252264E7
6.2546696E7
6.2534352E7
6.2485672E7
6.240084E7
6.2280216E7
6.2124224E7
6.1933448E7
6.1708568E7
6.1450416E7
6.115992E7
6.0838104E7
6.0486152E7
6.010532E7
5.9697016E7
5.9262792E7
5.8804288E7
5.8323288E7
5.782172E7
5.730164E7
5.6765232E7
5.6214832E7
5.5652832E7
5.5081816E7
5.4504408E7
5.3923328E7
5.3341376E7
5.2761344E7
5.2186072E7
5.161832E7
5.1060864E7
5.0516352E7
4.9987304E7
4.9476128E7
4.8985016E7
4.8515968E7
4.807076E7
4.765096E7
4.7257816E7
4.6892368E7
4.6555416E7
4.6247416E7
4.5968672E7
4.5719224E7
4.5498888E7
4.5307312E7
4.5143952E7
4.500812E7
4.4898992E7
4.4815656E7
4.475712E7
4.4722288E7
4.4710032E7
4.4719192E7
4.474856E7
4.4796928E7
4.4863048E7
4.4945616E7
4.5043424E7
4.5155144E7
4.5279536E7
4.541528E7
4.5561096E7
4.5715688E7
4.58778E7
4.6046144E7
4.621952E7
4.6396704E7
4.6576536E7
4.675788E7
4.6939712E7
4.7121016E7
4.730084E7
4.7478344E7
4.7652672E7
4.7823144E7
4.7989032E7
4.814972E7
4.8304632E7
4.8453192E7
4.8594904E7
4.8729272E7
4.8855808E7
4.897404E7
4.9083464E7
4.9183624E7
4.9274024E7
4.9354176E7
4.9423576E7
4.9481728E7
4.952816E7
4.9562384E7
4.9583936E7
4.9592376E7
4.9587312E7
4.9568344E7
4.9535168E7
4.9487488E7
4.9425072E7
4.9347728E7
4.9255312E7
4.914772E7
4.9024904E7
4.8886848E7
4.873356E7
4.8565088E7
4.8381488E7
4.8182824E7
4.7969192E7
4.7740688E7
4.7497424E7
4.7239472E7
4.6966976E7
4.668004E7
4.6378808E7
4.6063432E7
4.573412E7
4.5391088E7
4.5034624E7
4.4665088E7
4.428288E7
4.3888536E7
4.348264E7
4.306592E7
4.2639168E7
4.2203328E7
4.175944E7
4.1308656E7
4.0852224E7
4.0391496E7
3.9927912E7
3.9462952E7
3.8998144E7
3.8535072E7
3.8075272E7
3.7620336E7
3.7171744E7
3.6730944E7
3.6299312E7
3.5878104E7
3.5468464E7
3.5071408E7
3.4687808E7
3.4318376E7
3.3963664E7
3.3624104E7
3.3299896E7
3.2991144E7
3.2697792E7
3.241964E7
3.2156344E7
3.1907432E7
3.1672336E7
3.1450432E7
3.1240944E7
3.1043088E7
3.0856032E7
3.0678904E7
3.051084E7
3.0350976E7
3.0198528E7
3.0052704E7
2.9912808E7
2.9778224E7
2.9648456E7
2.9523096E7
2.9401896E7
2.9284664E7
2.9171416E7
2.9062248E7
2.8957432E7
2.8857312E7
2.8762392E7
2.8673264E7
2.85906E7
2.851516E7
2.8447744E7
2.8389192E7
2.8340376E7
2.8302128E7
2.8275288E7
2.8260624E7
2.8258848E7
2.8270536E7
2.8296224E7
2.8336312E7
2.8391048E7
2.846052E7
2.8544712E7
2.8643432E7
2.8756344E7
2.8882952E7
2.902264E7
2.9174688E7
2.93382E7
2.951224E7
2.9695776E7
2.9887704E7
3.0086904E7
3.0292208E7
3.0502464E7
3.0716528E7
3.0933264E7
3.11516E7
3.137052E7
3.1589024E7
3.180624E7
3.2021304E7
3.2233472E7
3.2442048E7
3.2646416E7
3.2846E7
3.3040312E7
3.3228944E7
3.3411504E7
3.3587704E7
3.375728E7
3.3920024E7
3.40758E7
3.4224544E7
3.436624E7
3.4500944E7
3.4628824E7
3.4750088E7
3.4865088E7
3.4974232E7
3.5078072E7
3.5177256E7
3.5272544E7
3.5364792E7
3.5454984E7
3.55442E7
3.56336E7
3.57244E7
3.5817888E7
3.5915368E7
3.6018176E7
3.6127616E7
3.6244944E7
3.637136E7
3.6507976E7
3.6655768E7
3.6815568E7
3.6988112E7
3.717388E7
3.7373232E7
3.7586288E7
3.7813E7
3.805312E7
3.8306208E7
3.8571664E7
3.884868E7
3.9136336E7
3.943356E7
3.9739216E7
4.0052048E7
4.0370744E7
4.0694E7
4.1020488E7
4.134892E7
4.1678056E7
4.200672E7
4.2333824E7
4.2658424E7
4.2979696E7
4.3296896E7
4.3609488E7
4.3917048E7
4.421928E7
4.4516032E7
4.4807304E7
4.5093144E7
4.5373768E7
4.564944E7
4.5920504E7
4.618732E7
4.6450304E7
4.6709912E7
4.6966584E7
4.7220704E7
4.7472712E7
4.7722952E7
4.7971784E7
4.8219512E7
4.846636E7
4.8712592E7
4.8958328E7
4.9203768E7
4.9449E7
4.9694128E7
4.9939248E7
5.0184392E7
5.0429616E7
5.0674944E7
5.0920424E7
5.1166072E7
5.141184E7
5.1657728E7
5.1903664E7
5.214956E7
5.2395264E7
5.2640592E7
5.2885264E7
5.3128952E7
5.3371232E7
5.3611576E7
5.3849432E7
5.408408E7
5.431472E7
5.4540496E7
5.4760432E7
5.4973464E7
5.5178496E7
5.5374328E7
5.5559776E7
5.5733552E7
5.5894432E7
5.6041168E7
5.6172528E7
5.6287352E7
5.6384536E7
5.6463048E7
5.652196E7
5.6560416E7
5.6577744E7
5.6573328E7
5.654672E7
5.6497568E7
5.6425696E7
5.6331E7
5.6213544E7
5.6073552E7
5.5911288E7
5.5727192E7
5.5521808E7
5.52958E7
5.5049904E7
5.4784968E7
5.4501944E7
5.4201872E7
5.3885816E7
5.3554944E7
5.3210472E7
5.2853672E7
5.2485776E7
5.2108104E7
5.172192E7
5.1328496E7
5.092908E7
5.0524872E7
5.0116976E7
4.970648E7
4.929436E7
4.888152E7
4.846876E7
4.805676E7
4.7646136E7
4.7237384E7
4.6830872E7
4.6426888E7
4.6025624E7
4.5627168E7
4.5231536E7
4.4838616E7
4.4448272E7
4.406028E7
4.3674304E7
4.3289992E7
4.290692E7
4.25246E7
4.214248E7
4.1759968E7
4.1376416E7
4.0991128E7
4.0603376E7
4.0212384E7
3.9817384E7
3.9417536E7
3.9012016E7
3.8600072E7
3.8180896E7
3.7753776E7
3.7318032E7
3.6873104E7
3.6418488E7
3.5953832E7
3.5478904E7
3.49936E7
3.4497968E7
3.3992232E7
3.3476728E7
3.2951984E7
3.2418632E7
3.1877456E7
3.132932E7
3.07752E7
3.0216152E7
2.9653248E7
2.9087592E7
2.8520312E7
2.7952456E7
2.7385064E7
2.6819072E7
2.6255376E7
2.5694736E7
2.5137808E7
2.4585144E7
2.4037192E7
2.3494232E7
2.2956504E7
2.242412E7
2.1897112E7
2.1375432E7
2.0859008E7
2.0347696E7
1.9841344E7
1.93398E7
1.8842928E7
1.8350576E7
1.7862664E7
1.7379136E7
1.6899968E7
1.64252E7
1.5954872E7
1.5489112E7
1.5028032E7
1.4571816E7
1.412064E7
1.367468E7
1.3234128E7
1.279916E7
1.2369952E7
1.1946712E7
1.1529528E7
1.11186E7
1.0714032E7
1.0315984E7
9924600.0
9540080.0
9162600.0
8792472.0
8429976.0
8075488.0
7729488.0
7392480.0
7065112.0
6748056.0
6442120.0
6148144.0
5867048.0
5599848.0
5347544.0
5111208.0
4891936.0
4690808.0
4508912.0
4347304.0
4207016.0
4088992.0
3994160.0
3923320.0
3877248.0
3856568.0
3861856.0
3893512.0
3951888.0
4037192.0
4149464.0
4288704.0
4454752.0
4647304.0
4865952.0
5110160.0
5379296.0
5672584.0
5989152.0
6328008.0
6688088.0
7068200.0
7467072.0
7883360.0
8315632.0
8762376.0
9222000.0
9692896.0
1.0173336E7
1.0661584E7
1.1155832E7
1.1654272E7
1.2155024E7
1.26562E7
1.3155928E7
1.3652296E7
1.4143456E7
1.4627552E7
1.5102832E7
1.5567536E7
1.6020048E7
1.6458856E7
1.6882536E7
1.7289816E7
1.7679568E7
1.8050832E7
1.8402832E7
1.8734944E7
1.904676E7
1.9337984E7
1.9608552E7
1.985852E7
2.0088112E7
2.0297712E7
2.0487776E7
2.0658896E7
2.081172E7
2.0946984E7
2.1065432E7
2.116788E7
2.1255088E7
2.1327872E7
2.1386968E7
2.1433128E7
2.1466984E7
2.1489192E7
2.1500296E7
2.1500784E7
2.149112E7
2.1471632E7
2.1442624E7
2.1404344E7
2.1356968E7
2.1300584E7
2.123532E7
2.1161176E7
2.1078192E7
2.0986336E7
2.0885608E7
2.0776E7
2.0657504E7
2.0530168E7
2.0394048E7
2.0249288E7
2.0096056E7
1.9934608E7
1.9765248E7
1.9588432E7
1.9404584E7
1.9214336E7
1.9018336E7
1.8817304E7
1.8612096E7
1.8403552E7
1.8192688E7
1.798048E7
1.7768E7
1.7556344E7
1.7346608E7
1.713992E7
1.6937368E7
1.6740016E7
1.6548936E7
1.6365064E7
1.6189288E7
1.6022424E7
1.5865144E7
1.5718032E7
1.5581528E7
1.5455952E7
1.5341456E7
1.5238096E7
1.5145744E7
1.5064184E7
1.4993032E7
1.4931808E7
1.4879952E7
1.4836768E7
1.4801504E7
1.4773384E7
1.4751528E7
1.4735056E7
1.4723064E7
1.4714672E7
1.4708904E7
1.4704928E7
1.4701832E7
1.4698776E7
1.4694928E7
1.4689472E7
1.4681648E7
1.4670712E7
1.4655896E7
1.4636512E7
1.4611864E7
1.4581264E7
1.4544056E7
1.44996E7
1.4447272E7
1.438648E7
1.4316688E7
1.4237368E7
1.4148088E7
1.404848E7
1.393824E7
1.381716E7
1.3685192E7
1.3542344E7
1.3388776E7
1.3224784E7
1.3050784E7
1.2867344E7
1.2675152E7
1.2475E7
1.2267816E7
1.2054584E7
1.1836408E7
1.1614432E7
1.1389848E7
1.1163824E7
1.0937616E7
1.0712392E7
1.0489272E7
1.0269392E7
1.005376E7
9843304.0
9638896.0
9441288.0
9251080.0
9068816.0
8894896.0
8729592.0
8573064.0
8425360.0
8286416.0
8156064.0
8034048.0
7919984.0
7813472.0
7714032.0
7621112.0
7534152.0
7452568.0
7375744.0
7303088.0
7234032.0
7167992.0
7104448.0
7042896.0
6982888.0
6923992.0
6865856.0
6808096.0
6750408.0
6692512.0
6634144.0
6575032.0
6514888.0
6453472.0
6390472.0
6325560.0
6258384.0
6188552.0
6115592.0
6038992.0
5958184.0
5872536.0
5781344.0
5683840.0
5579216.0
5466608.0
5345072.0
5213672.0
5071408.0
4917272.0
4750240.0
4569320.0
4373488.0
4161832.0
3933400.0
3687376.0
3423008.0
3139624.0
2836712.0
2513864.0
2170840.0
1807536.0
1424072.0
1020744.0
598008.0
156576.0
-302672.0
-778624.0
-1269984.0
-1775272.0
-2292760.0
-2820656.0
-3356944.0
-3899504.0
-4446112.0
-4994488.0
-5542216.0
-6086960.0
-6626328.0
-7157976.0
-7679576.0
-8188960.0
-8684000.0
-9162712.0
-9623272.0
-1.0064008E7
-1.0483448E7
-1.088024E7
-1.125328E7
-1.1601648E7
-1.1924592E7
-1.2221552E7
-1.2492152E7
-1.27362E7
-1.2953624E7
-1.3144536E7
-1.3309184E7
-1.344792E7
-1.35612E7
-1.3649616E7
-1.3713816E7
-1.3754552E7
-1.3772616E7
-1.376892E7
-1.3744384E7
-1.3700056E7
-1.3636968E7
-1.3556232E7
-1.345904E7
-1.3346576E7
-1.3220104E7
-1.3080904E7
-1.293032E7
-1.2769704E7
-1.2600392E7
-1.2423792E7
-1.2241264E7
-1.205416E7
-1.1863872E7
-1.1671688E7
-1.1478864E7
-1.1286664E7
-1.109624E7
-1.0908664E7
-1.0724968E7
-1.0546056E7
-1.0372776E7
-1.0205808E7
-1.0045832E7
-9893320.0
-9748680.0
-9612208.0
-9484088.0
-9364416.0
-9253152.0
-9150232.0
-9055456.0
-8968568.0
-8889240.0
-8817136.0
-8751840.0
-8692928.0
-8639928.0
-8592408.0
-8549912.0
-8511984.0
-8478192.0
-8448152.0
-8421440.0
-8397720.0
-8376624.0
-8357880.0
-8341160.0
-8326224.0
-8312832.0
-8300760.0
-8289816.0
-8279832.0
-8270656.0
-8262160.0
-8254256.0
-8246896.0
-8240024.0
-8233672.0
-8227880.0
-8222728.0
-8218384.0
-8215016.0
-8212848.0
-8212176.0
-8213328.0
-8216696.0
-8222672.0
-8231760.0
-8244416.0
-8261216.0
-8282664.0
-8309344.0
-8341808.0
-8380600.0
-8426248.0
-8479232.0
-8539976.0
-8608848.0
-8686136.0
-8772008.0
-8866544.0
-8969688.0
-9081248.0
-9200920.0
-9328216.0
-9462496.0
-9603000.0
-9748776.0
-9898720.0
-1.00516E7
-1.0206016E7
-1.0360408E7
-1.0513144E7
-1.0662424E7
-1.0806344E7
-1.094292E7
-1.1070064E7
-1.1185632E7
-1.1287416E7
-1.1373208E7
-1.1440736E7
-1.1487784E7
-1.1512104E7
-1.151156E7
-1.1484048E7
-1.1427576E7
-1.1340264E7
-1.1220376E7
-1.1066344E7
-1.087684E7
-1.0650664E7
-1.0386888E7
-1.0084856E7
-9744168.0
-9364672.0
-8946528.0
-8490224.0
-7996496.0
-7466392.0
-6901280.0
-6302800.0
-5672856.0
-5013640.0
-4327560.0
-3617248.0
-2885544.0
-2135456.0
-1370080.0
-592680.0
193448.0
985008.0
1778632.0
2571040.0
3358968.0
4139288.0
4908952.0
5665088.0
6404936.0
7125952.0
7825760.0
8502208.0
9153304.0
9777304.0
1.0372656E7
1.0938008E7
1.1472248E7
1.19744E7
1.2443752E7
1.2879736E7
1.3281984E7
1.365028E7
1.3984608E7
1.4285112E7
1.4552056E7
1.4785872E7
1.4987184E7
1.515668E7
1.5295248E7
1.540388E7
1.5483712E7
1.5536E7
1.5562176E7
1.5563704E7
1.5542264E7
1.5499624E7
1.5437672E7
1.5358416E7
1.5263976E7
1.5156592E7
1.5038584E7
1.4912384E7
1.478052E7
1.4645544E7
1.4510136E7
1.4376936E7
1.4248672E7
1.412804E7
1.4017704E7
1.3920336E7
1.3838448E7
1.3774544E7
1.373092E7
1.37098E7
1.3713184E7
1.3742888E7
1.380056E7
1.3887568E7
1.4005048E7
1.4153896E7
1.4334752E7
1.4548E7
1.4793712E7
1.5071752E7
1.538172E7
1.5722904E7
1.609444E7
1.649516E7
1.692368E7
1.7378456E7
1.785772E7
1.8359512E7
1.8881728E7
1.9422152E7
1.9978416E7
2.0548096E7
2.1128664E7
2.1717568E7
2.231224E7
2.2910136E7
2.350872E7
2.4105512E7
2.4698152E7
2.5284336E7
2.5861912E7
2.6428856E7
2.6983288E7
2.752352E7
2.8048016E7
2.8555408E7
2.9044528E7
2.951436E7
2.9964128E7
3.0393192E7
3.080108E7
3.118752E7
3.1552384E7
3.189572E7
3.2217688E7
3.2518664E7
3.2799056E7
3.305948E7
3.3300608E7
3.3523224E7
3.3728248E7
3.3916576E7
3.408928E7
3.4247408E7
3.4392088E7
3.4524456E7
3.4645688E7
3.4756944E7
3.4859392E7
3.49542E7
3.5042512E7
3.5125424E7
3.5204032E7
3.5279376E7
3.5352456E7
3.5424248E7
3.5495632E7
3.5567472E7
3.5640552E7
3.5715592E7
3.5793232E7
3.5874032E7
3.5958464E7
3.6046928E7
3.613968E7
3.6236904E7
3.6338624E7
3.6444784E7
3.6555192E7
3.6669512E7
3.6787304E7
3.6907952E7
3.7030792E7
3.7154968E7
3.7279568E7
3.7403544E7
3.7525768E7
3.7645048E7
3.7760096E7
3.7869632E7
3.7972296E7
3.8066712E7
3.8151528E7
3.8225416E7
3.8287056E7
3.8335152E7
3.8368536E7
3.8386048E7
3.8386608E7
3.836924E7
3.8333048E7
3.8277216E7
3.8201016E7
3.8103816E7
3.7985056E7
3.7844272E7
3.7681048E7
3.7495064E7
3.7286048E7
3.70538E7
3.6798184E7
3.6519104E7
3.621656E7
3.5890552E7
3.5541232E7
3.5168744E7
3.4773376E7
3.435544E7
3.3915344E7
3.345364E7
3.2970928E7
3.2467936E7
3.1945464E7
3.140444E7
3.0845872E7
3.0270888E7
2.9680672E7
2.907652E7
2.8459752E7
2.7831792E7
2.7194088E7
2.654816E7
2.5895536E7
2.5237736E7
2.4576304E7
2.3912776E7
2.3248696E7
2.2585544E7
2.1924752E7
2.1267744E7
2.0615864E7
1.99704E7
1.9332552E7
1.8703432E7
1.808408E7
1.7475416E7
1.6878288E7
1.62934E7
1.5721392E7
1.5162768E7
1.461792E7
1.4087176E7
1.3570712E7
1.3068656E7
1.2581064E7
1.2107856E7
1.164896E7
1.1204208E7
1.07734E7
1.0356312E7
9952672.0
9562224.0
9184680.0
8819776.0
8467224.0
8126760.0
7798160.0
7481152.0
7175560.0
6881160.0
6597736.0
6325160.0
6063256.0
5811864.0
5570848.0
5340072.0
5119352.0
4908568.0
4707560.0
4516144.0
4334128.0
4161296.0
3997400.0
3842184.0
3695376.0
3556616.0
3425552.0
3301808.0
3184944.0
3074528.0
2970056.0
2871032.0
2776904.0
2687128.0
2601144.0
2518336.0
2438136.0
2359920.0
2283112.0
2207096.0
2131304.0
2055120.0
1977968.0
1899280.0
1818488.0
1735064.0
1648416.0
1558048.0
1463368.0
1363880.0
1259000.0
1148168.0
1030856.0
906480.0
774488.0
634304.0
485360.0
327128.0
159096.0
-19200.0
-208240.0
-408328.0
-619784.0
-842736.0
-1077264.0
-1323272.0
-1580544.0
-1848656.0
-2127048.0
-2414936.0
-2711384.0
-3015216.0
-3325072.0
-3639440.0
-3956592.0
-4274624.0
-4591528.0
-4905112.0
-5213120.0
-5513184.0
-5802904.0
-6079864.0
-6341648.0
-6585880.0
-6810248.0
-7012544.0
-7190704.0
-7342808.0
-7467128.0
-7562096.0
-7626424.0
-7658984.0
-7658928.0
-7625656.0
-7558824.0
-7458280.0
-7324192.0
-7156936.0
-6957104.0
-6725536.0
-6463248.0
-6171472.0
-5851632.0
-5505232.0
-5133976.0
-4739672.0
-4324208.0
-3889560.0
-3437728.0
-2970776.0
-2490768.0
-1999720.0
-1499688.0
-992632.0
-480480.0
34904.0
551752.0
1068368.0
1583144.0
2094584.0
2601264.0
3101864.0
3595176.0
4080048.0
4555464.0
5020448.0
5474136.0
5915752.0
6344584.0
6760008.0
7161480.0
7548512.0
7920736.0
8277824.0
8619544.0
8945752.0
9256328.0
9551304.0
9830744.0
1.0094776E7
1.0343592E7
1.0577504E7
1.07968E7
1.1001896E7
1.1193192E7
1.1371208E7
1.1536432E7
1.1689408E7
1.1830704E7
1.1960904E7
1.2080616E7
1.21904E7
1.2290848E7
1.2382536E7
1.2465984E7
1.254168E7
1.2610088E7
1.2671584E7
1.2726544E7
1.2775208E7
1.281776E7
1.2854368E7
1.2885088E7
1.2909904E7
1.292876E7
1.29416E7
1.294828E7
1.2948696E7
1.2942744E7
1.2930328E7
1.2911456E7
1.2886168E7
1.2854616E7
1.2817104E7
1.2773984E7
1.2725816E7
1.2673256E7
1.2617168E7
1.2558504E7
1.2498368E7
1.2438016E7
1.2378768E7
1.2322112E7
1.2269528E7
1.2222624E7
1.2182976E7
1.2152192E7
1.2131848E7
1.2123488E7
1.2128552E7
1.2148432E7
1.2184336E7
1.2237392E7
1.2308528E7
1.2398472E7
1.2507816E7
1.263688E7
1.2785784E7
1.295444E7
1.3142472E7
1.3349344E7
1.3574224E7
1.3816112E7
1.4073784E7
1.43458E7
1.4630576E7
1.49264E7
1.5231408E7
1.5543688E7
1.5861256E7
1.6182096E7
1.6504224E7
1.6825656E7
1.7144544E7
1.7459104E7
1.776768E7
1.8068784E7
1.8361088E7
1.8643416E7
1.8914856E7
1.91746E7
1.9422096E7
1.965696E7
1.9879016E7
2.0088184E7
2.028464E7
2.0468632E7
2.0640512E7
2.0800792E7
2.0949984E7
2.1088688E7
2.121756E7
2.13372E7
2.1448272E7
2.1551344E7
2.1646976E7
2.1735704E7
2.1817944E7
2.1894096E7
2.196448E7
2.2029304E7
2.2088736E7
2.2142912E7
2.2191848E7
2.22356E7
2.2274096E7
2.2307336E7
2.2335248E7
2.2357776E7
2.237488E7
2.2386568E7
2.2392848E7
2.2393776E7
2.238948E7
2.2380096E7
2.2365848E7
2.2346976E7
2.2323824E7
2.229672E7
2.2266088E7
2.2232376E7
2.2196088E7
2.2157752E7
2.2117928E7
2.2077232E7
2.2036328E7
2.1995832E7
2.1956472E7
2.1918984E7
2.1884088E7
2.1852568E7
2.1825208E7
2.1802776E7
2.1786096E7
2.1775936E7
2.1773072E7
2.1778256E7
2.1792192E7
2.1815528E7
2.1848864E7
2.1892744E7
2.1947576E7
2.201372E7
2.2091416E7
2.21808E7
2.2281896E7
2.23946E7
2.2518696E7
2.2653872E7
2.2799672E7
2.29556E7
2.3120968E7
2.329512E7
2.3477232E7
2.3666456E7
2.3861936E7
2.4062688E7
2.4267776E7
2.4476232E7
2.468704E7
2.4899232E7
2.511184E7
2.532388E7
2.5534408E7
2.5742472E7
2.59472E7
2.6147688E7
2.6343088E7
2.6532592E7
2.67154E7
2.68908E7
2.7058096E7
2.7216656E7
2.736592E7
2.7505376E7
2.763464E7
2.7753352E7
2.786132E7
2.79584E7
2.8044536E7
2.8119824E7
2.8184424E7
2.8238632E7
2.8282784E7
2.8317352E7
2.8342832E7
2.8359808E7
2.836892E7
2.8370784E7
2.836608E7
2.835544E7
2.8339464E7
2.8318768E7
2.829384E7
2.8265128E7
2.8233008E7
2.8197744E7
2.815956E7
2.8118504E7
2.8074616E7
2.8027808E7
2.7977928E7
2.7924728E7
2.7867936E7
2.7807208E7
2.7742168E7
2.7672416E7
2.7597544E7
2.751712E7
2.7430784E7
2.7338096E7
2.7238744E7
2.7132408E7
2.70188E7
2.6897728E7
2.6769016E7
2.663256E7
2.6488352E7
2.6336424E7
2.617688E7
2.6009928E7
2.5835816E7
2.565488E7
2.5467512E7
2.5274216E7
2.5075512E7
2.4871984E7
2.4664288E7
2.4453064E7
2.4239048E7
2.4022952E7
2.3805448E7
2.3587296E7
2.3369136E7
2.3151616E7
2.2935312E7
2.2720792E7
2.2508496E7
2.22988E7
2.2092072E7
2.1888528E7
2.1688328E7
2.1491568E7
2.1298256E7
2.110832E7
2.0921608E7
2.0737928E7
2.0556984E7
2.0378448E7
2.0201904E7
2.0026872E7
1.9852816E7
1.9679192E7
1.9505304E7
1.9330496E7
1.9154056E7
1.8975224E7
1.879324E7
1.8607336E7
1.8416776E7
1.822084E7
1.8018896E7
1.7810344E7
1.759472E7
1.7371648E7
1.7140896E7
1.690236E7
1.6656152E7
1.6402456E7
1.6141704E7
1.5874488E7
1.5601488E7
1.5323616E7
1.504188E7
1.4757384E7
1.4471376E7
1.4185112E7
1.3899912E7
1.3617128E7
1.3338096E7
1.306412E7
1.2796416E7
1.253616E7
1.228444E7
1.204224E7
1.18104E7
1.158968E7
1.1380704E7
1.1184E7
1.0999936E7
1.0828848E7
1.0670888E7
1.0526192E7
1.0394776E7
1.0276576E7
1.0171504E7
1.0079352E7
9999912.0
9932888.0
9877952.0
9834704.0
9802688.0
9781400.0
9770272.0
9768640.0
9775808.0
9790992.0
9813336.0
9841920.0
9875776.0
9913888.0
9955200.0
9998648.0
1.0043128E7
1.00876E7
1.0130984E7
1.0172304E7
1.02106E7
1.0245024E7
1.0274728E7
1.0299024E7
1.0317272E7
1.0328904E7
1.0333456E7
1.0330528E7
1.031976E7
1.0300888E7
1.0273656E7
1.0237816E7
1.0193176E7
1.0139472E7
1.0076528E7
1.0004016E7
9921704.0
9829240.0
9726272.0
9612400.0
9487200.0
9350232.0
9201016.0
9039096.0
8864000.0
8675288.0
8472568.0
8255432.0
8023608.0
7776856.0
7515040.0
7238112.0
6946120.0
6639264.0
6317832.0
5982296.0
5633216.0
5271336.0
4897520.0
4512792.0
4118312.0
3715360.0
3305384.0
2889888.0
2470488.0
2048912.0
1626920.0
1206304.0
788904.0
376504.0
-29088.0
-426168.0
-813040.0
-1188184.0
-1550120.0
-1897520.0
-2229192.0
-2544096.0
-2841328.0
-3120160.0
-3379976.0
-3620376.0
-3841064.0
-4041880.0
-4222824.0
-4383984.0
-4525576.0
-4647920.0
-4751400.0
-4836488.0
-4903696.0
-4953608.0
-4986840.0
-5004032.0
-5005856.0
-4992992.0
-4966152.0
-4926056.0
-4873408.0
-4808936.0
-4733360.0
-4647424.0
-4551848.0
-4447360.0
-4334704.0
-4214568.0
-4087696.0
-3954768.0
-3816464.0
-3673456.0
-3526368.0
-3375808.0
-3222336.0
-3066504.0
-2908792.0
-2749656.0
-2589496.0
-2428720.0
-2267600.0
-2106456.0
-1945536.0
-1785040.0
-1625168.0
-1466080.0
-1307912.0
-1150792.0
-994840.0
-840168.0
-686944.0
-535288.0
-385392.0
-237480.0
-91808.0
51288.0
191464.0
328272.0
461208.0
589696.0
713104.0
830712.0
941816.0
1045576.0
1141192.0
1227808.0
1304600.0
1370728.0
1425408.0
1467888.0
1497504.0
1513680.0
1515920.0
1503856.0
1477256.0
1435992.0
1380112.0
1309776.0
1225304.0
1127144.0
1015896.0
892272.0
757144.0
611464.0
456320.0
292872.0
122384.0
-53816.0
-234328.0
-417720.0
-602480.0
-787104.0
-970048.0
-1149816.0
-1324872.0
-1493728.0
-1654952.0
-1807144.0
-1948992.0
-2079296.0
-2196896.0
-2300816.0
-2390152.0
-2464152.0
-2522232.0
-2563944.0
-2589000.0
-2597256.0
-2588776.0
-2563736.0
-2522504.0
-2465608.0
-2393704.0
-2307568.0
-2208168.0
-2096512.0
-1973728.0
-1841016.0
-1699664.0
-1550976.0
-1396240.0
-1236816.0
-1073952.0
-908960.0
-742976.0
-577128.0
-412424.0
-249760.0
-89904.0
66488.0
218968.0
367136.0
510808.0
649904.0
784520.0
914864.0
1041248.0
1164112.0
1283976.0
1401456.0
1517208.0
1631936.0
1746352.0
1861192.0
1977144.0
2094904.0
2215072.0
2338224.0
2464784.0
2595168.0
2729640.0
2868344.0
3011344.0
3158600.0
3309936.0
3465072.0
3623664.0
3785288.0
3949416.0
4115520.0
4283024.0
4451336.0
4619864.0
4788064.0
4955416.0
5121448.0
5285744.0
5448000.0
5607928.0
5765360.0
5920184.0
6072376.0
6221912.0
6368896.0
6513392.0
6655520.0
6795376.0
6933056.0
7068616.0
7202032.0
7333248.0
7462088.0
7588344.0
7711624.0
7831520.0
7947424.0
8058720.0
8164616.0
8264288.0
8356832.0
8441240.0
8516576.0
8581816.0
8636024.0
8678248.0
8707712.0
8723728.0
8725720.0
8713320.0
8686392.0
8644976.0
8589376.0
8520104.0
8437968.0
8343992.0
8239416.0
8125728.0
8004552.0
7877704.0
7747096.0
7614744.0
7482640.0
7352840.0
7227288.0
7107880.0
6996352.0
6894280.0
6803040.0
6723784.0
6657432.0
6604616.0
6565768.0
6541000.0
6530192.0
6533008.0
6548872.0
6576968.0
6616344.0
6665880.0
6724304.0
6790272.0
6862376.0
6939160.0
7019104.0
7100776.0
7182752.0
7263680.0
7342280.0
7417384.0
7487944.0
7553056.0
7611944.0
7663984.0
7708728.0
7745856.0
7775200.0
7796704.0
7810456.0
7816624.0
7815504.0
7807384.0
7792624.0
7771600.0
7744664.0
7712112.0
7674208.0
7631128.0
7582968.0
7529696.0
7471192.0
7407224.0
7337440.0
7261392.0
7178576.0
7088392.0
6990160.0
6883240.0
6766888.0
6640472.0
6503312.0
6354848.0
6194568.0
6022080.0
5837064.0
5639384.0
5429000.0
5206040.0
4970760.0
4723592.0
4465072.0
4195904.0
3916896.0
3628976.0
3333168.0
3030584.0
2722384.0
2409768.0
2093976.0
1776256.0
1457848.0
1139976.0
823808.0
510496.0
201120.0
-103264.0
-401720.0
-693320.0
-977200.0
-1252600.0
-1518768.0
-1775040.0
-2020752.0
-2255336.0
-2478192.0
-2688816.0
-2886672.0
-3071280.0
-3242128.0
-3398760.0
-3540672.0
-3667424.0
-3778536.0
-3873544.0
-3951992.0
-4013440.0
-4057472.0
-4083696.0
-4091736.0
-4081296.0
-4052120.0
-4004040.0
-3936968.0
-3850896.0
-3745936.0
-3622328.0
-3480416.0
-3320704.0
-3143808.0
-2950472.0
-2741632.0
-2518296.0
-2281624.0
-2032848.0
-1773360.0
-1504592.0
-1228048.0
-945280.0
-657864.0
-367368.0
-75384.0
216576.0
507040.0
794624.0
1078024.0
1356032.0
1627600.0
1891760.0
2147744.0
2394856.0
2632616.0
2860608.0
3078600.0
3286432.0
3484120.0
3671704.0
3849344.0
4017224.0
4175544.0
4324600.0
4464624.0
4595832.0
4718432.0
4832584.0
4938376.0
5035896.0
5125112.0
5206008.0
5278496.0
5342416.0
5397664.0
5444072.0
5481528.0
5509864.0
5529040.0
5539000.0
5539816.0
5531560.0
5514432.0
5488704.0
5454736.0
5412976.0
5363928.0
5308200.0
5246432.0
5179360.0
5107680.0
5032192.0
4953672.0
4872880.0
4790608.0
4707576.0
4624496.0
4542056.0
4460888.0
4381552.0
4304600.0
4230512.0
4159736.0
4092648.0
4029632.0
3970952.0
3916912.0
3867704.0
3823520.0
3784464.0
3750648.0
3722080.0
3698696.0
3680408.0
3667032.0
3658264.0
3653760.0
3653064.0
3655640.0
3660840.0
3667928.0
3676096.0
3684464.0
3692048.0
3697856.0
3700840.0
3699928.0
3694088.0
3682248.0
3663408.0
3636640.0
3601064.0
3555864.0
3500392.0
3434032.0
3356336.0
3266968.0
3165712.0
3052480.0
2927304.0
2790376.0
2641944.0
2482440.0
2312376.0
2132352.0
1943112.0
1745488.0
1540384.0
1328808.0
1111856.0
890696.0
666568.0
440792.0
214736.0
-10168.0
-232440.0
-450608.0
-663120.0
-868472.0
-1065136.0
-1251656.0
-1426600.0
-1588608.0
-1736464.0
-1869016.0
-1985280.0
-2084440.0
-2165824.0
-2228976.0
-2273648.0
-2299792.0
-2307560.0
-2297360.0
-2269768.0
-2225584.0
-2165832.0
-2091672.0
-2004408.0
-1905552.0
-1796672.0
-1679464.0
-1555664.0
-1427088.0
-1295504.0
-1162720.0
-1030472.0
-900424.0
-774192.0
-653224.0
-538880.0
-432368.0
-334712.0
-246784.0
-169264.0
-102648.0
-47272.0
-3256.0
29416.0
51000.0
61832.0
62416.0
53400.0
35536.0
9640.0
-23384.0
-62616.0
-107080.0
-155824.0
-207920.0
-262488.0
-318728.0
-375896.0
-433400.0
-490712.0
-547480.0
-603480.0
-658632.0
-713000.0
-766784.0
-820360.0
-874192.0
-928888.0
-985168.0
-1043808.0
-1105712.0
-1171752.0
-1242888.0
-1320064.0
-1404200.0
-1496168.0
-1596816.0
-1706824.0
-1826816.0
-1957320.0
-2098664.0
-2251072.0
-2414568.0
-2589056.0
-2774256.0
-2969704.0
-3174808.0
-3388840.0
-3610912.0
-3840040.0
-4075184.0
-4315216.0
-4558936.0
-4805200.0
-5052840.0
-5300736.0
-5547816.0
-5793160.0
-6035904.0
-6275296.0
-6510776.0
-6741888.0
-6968328.0
-7189968.0
-7406768.0
-7618896.0
-7826592.0
-8030208.0
-8230200.0
-8427104.0
-8621480.0
-8813936.0
-9005120.0
-9195600.0
-9385960.0
-9576768.0
-9768480.0
-9961504.0
-1.0156128E7
-1.03526E7
-1.0551032E7
-1.0751448E7
-1.0953736E7
-1.1157696E7
-1.1363032E7
-1.1569336E7
-1.1776152E7
-1.1982888E7
-1.218892E7
-1.2393552E7
-1.2596056E7
-1.279568E7
-1.2991632E7
-1.3183128E7
-1.33694E7
-1.3549728E7
-1.3723408E7
-1.3889752E7
-1.40482E7
-1.41982E7
-1.433928E7
-1.4471088E7
-1.4593312E7
-1.4705744E7
-1.4808248E7
-1.49008E7
-1.4983424E7
-1.5056296E7
-1.51196E7
-1.5173656E7
-1.5218816E7
-1.5255544E7
-1.5284352E7
-1.5305816E7
-1.5320568E7
-1.5329264E7
-1.5332632E7
-1.5331368E7
-1.5326248E7
-1.5317952E7
-1.5307264E7
-1.529484E7
-1.5281344E7
-1.5267344E7
-1.5253392E7
-1.5239912E7
-1.522728E7
-1.5215736E7
-1.5205432E7
-1.5196432E7
-1.518864E7
-1.5181912E7
-1.5175984E7
-1.5170464E7
-1.5164952E7
-1.5158896E7
-1.5151744E7
-1.5142904E7
-1.5131768E7
-1.5117664E7
-1.5099992E7
-1.5078184E7
-1.5051664E7
-1.5019944E7
-1.4982576E7
-1.4939192E7
-1.4889496E7
-1.4833272E7
-1.477036E7
-1.4700688E7
-1.4624256E7
-1.4541136E7
-1.445144E7
-1.4355352E7
-1.4253128E7
-1.414504E7
-1.40314E7
-1.3912616E7
-1.378912E7
-1.3661312E7
-1.3529728E7
-1.3394872E7
-1.3257336E7
-1.311772E7
-1.2976656E7
-1.2834808E7
-1.269292E7
-1.2551704E7
-1.241192E7
-1.2274368E7
-1.213984E7
-1.2009112E7
-1.1883016E7
-1.1762304E7
-1.1647776E7
-1.1540168E7
-1.1440168E7
-1.1348464E7
-1.1265656E7
-1.1192304E7
-1.1128936E7
-1.1075984E7
-1.1033848E7
-1.1002848E7
-1.0983288E7
-1.0975408E7
-1.0979352E7
-1.099532E7
-1.1023384E7
-1.1063624E7
-1.1116056E7
-1.1180688E7
-1.1257488E7
-1.134632E7
-1.144712E7
-1.1559656E7
-1.1683704E7
-1.1818944E7
-1.1964992E7
-1.2121376E7
-1.2287576E7
-1.246292E7
-1.2646696E7
-1.2838088E7
-1.3036168E7
-1.3239968E7
-1.3448416E7
-1.3660384E7
-1.3874696E7
-1.4090136E7
-1.4305496E7
-1.4519528E7
-1.4731016E7
-1.4938808E7
-1.5141792E7
-1.5338912E7
-1.5529216E7
-1.571188E7
-1.588612E7
-1.6051344E7
-1.6207064E7
-1.635292E7
-1.648864E7
-1.6614144E7
-1.6729392E7
-1.6834536E7
-1.6929752E7
-1.7015328E7
-1.7091616E7
-1.7159032E7
-1.721804E7
-1.7269104E7
-1.7312728E7
-1.7349416E7
-1.7379648E7
-1.7403912E7
-1.7422664E7
-1.7436328E7
-1.744528E7
-1.7449928E7
-1.7450552E7
-1.7447472E7
-1.7440936E7
-1.7431208E7
-1.7418448E7
-1.740284E7
-1.7384552E7
-1.736368E7
-1.7340328E7
-1.731456E7
-1.7286408E7
-1.7255864E7
-1.7222904E7
-1.7187448E7
-1.7149384E7
-1.7108568E7
-1.7064784E7
-1.70178E7
-1.6967304E7
-1.6912968E7
-1.6854408E7
-1.6791216E7
-1.6722928E7
-1.6649104E7
-1.6569232E7
-1.648284E7
-1.6389432E7
-1.6288584E7
-1.6179824E7
-1.6062776E7
-1.5937072E7
-1.5802448E7
-1.5658632E7
-1.5505504E7
-1.5342952E7
-1.517096E7
-1.49896E7
-1.4799024E7
-1.459944E7
-1.4391184E7
-1.4174624E7
-1.39502E7
-1.3718472E7
-1.3480048E7
-1.3235608E7
-1.298588E7
-1.2731696E7
-1.247388E7
-1.2213376E7
-1.195108E7
-1.1687984E7
-1.1425048E7
-1.1163264E7
-1.0903568E7
-1.064692E7
-1.0394192E7
-1.0146208E7
-9903728.0
-9667448.0
-9437896.0
-9215568.0
-9000776.0
-8793768.0
-8594672.0
-8403472.0
-8220056.0
-8044192.0
-7875608.0
-7713888.0
-7558600.0
-7409248.0
-7265304.0
-7126256.0
-6991552.0
-6860704.0
-6733264.0
-6608808.0
-6486976.0
-6367496.0
-6250160.0
-6134864.0
-6021536.0
-5910208.0
-5801024.0
-5694112.0
-5589712.0
-5488096.0
-5389600.0
-5294544.0
-5203304.0
-5116240.0
-5033736.0
-4956136.0
-4883800.0
-4817048.0
-4756200.0
-4701544.0
-4653328.0
-4611824.0
-4577240.0
-4549784.0
-4529688.0
-4517136.0
-4512344.0
-4515536.0
-4526912.0
-4546728.0
-4575240.0
-4612728.0
-4659472.0
-4715784.0
-4782024.0
-4858536.0
-4945696.0
-5043864.0
-5153424.0
-5274760.0
-5408240.0
-5554232.0
-5713056.0
-5885008.0
-6070352.0
-6269312.0
-6482008.0
-6708544.0
-6948904.0
-7203016.0
-7470720.0
-7751720.0
-8045656.0
-8352064.0
-8670344.0
-8999792.0
-9339656.0
-9689024.0
-1.004692E7
-1.0412304E7
-1.0784048E7
-1.1160936E7
-1.15418E7
-1.1925344E7
-1.2310336E7
-1.2695496E7
-1.3079584E7
-1.3461392E7
-1.3839728E7
-1.421352E7
-1.458168E7
-1.4943248E7
-1.5297336E7
-1.564308E7
-1.5979776E7
-1.63068E7
-1.6623528E7
-1.692952E7
-1.7224328E7
-1.7507632E7
-1.7779136E7
-1.8038648E7
-1.8285984E7
-1.8521016E7
-1.8743696E7
-1.8953944E7
-1.915176E7
-1.9337168E7
-1.9510168E7
-1.96708E7
-1.9819152E7
-1.9955256E7
-2.0079184E7
-2.0191048E7
-2.0290928E7
-2.0378928E7
-2.0455184E7
-2.0519856E7
-2.0573136E7
-2.0615264E7
-2.0646488E7
-2.0667184E7
-2.0677744E7
-2.0678648E7
-2.067048E7
-2.0653872E7
-2.0629552E7
-2.0598376E7
-2.0561232E7
-2.0519144E7
-2.0473168E7
-2.0424448E7
-2.037416E7
-2.0323536E7
-2.0273776E7
-2.0226144E7
-2.0181816E7
-2.0141928E7
-2.010756E7
-2.0079696E7
-2.0059216E7
-2.004684E7
-2.0043128E7
-2.0048528E7
-2.0063272E7
-2.0087416E7
-2.0120824E7
-2.016316E7
-2.0213944E7
-2.0272456E7
-2.0337848E7
-2.0409064E7
-2.0484928E7
-2.0564128E7
-2.0645232E7
-2.0726736E7
-2.0807024E7
-2.0884424E7
-2.0957328E7
-2.1024008E7
-2.1082824E7
-2.1132152E7
-2.117044E7
-2.11962E7
-2.1208032E7
-2.1204696E7
-2.1185E7
-2.1147904E7
-2.1092544E7
-2.1018112E7
-2.092396E7
-2.0809584E7
-2.06746E7
-2.0518704E7
-2.0341736E7
-2.01436E7
-1.9924296E7
-1.9683896E7
-1.942256E7
-1.9140472E7
-1.883792E7
-1.8515192E7
-1.8172664E7
-1.7810768E7
-1.7429952E7
-1.7030808E7
-1.6613888E7
-1.6179888E7
-1.5729536E7
-1.5263648E7
-1.4783128E7
-1.4288944E7
-1.3782168E7
-1.3263944E7
-1.2735464E7
-1.2198056E7
-1.165308E7
-1.110196E7
-1.0546176E7
-9987264.0
-9426784.0
-8866312.0
-8307440.0
-7751776.0
-7200856.0
-6656224.0
-6119336.0
-5591616.0
-5074392.0
-4568888.0
-4076232.0
-3597432.0
-3133344.0
-2684688.0
-2252048.0
-1835864.0
-1436384.0
-1053752.0
-687944.0
-338792.0
-6008.0
310824.0
612208.0
898752.0
1171104.0
1429968.0
1676080.0
1910160.0
2132928.0
2345048.0
2547136.0
2739712.0
2923216.0
3098016.0
3264328.0
3422264.0
3571856.0
3712976.0
3845408.0
3968832.0
4082896.0
4187112.0
4281000.0
4364008.0
4435616.0
4495280.0
4542528.0
4576888.0
4598000.0
4605560.0
4599344.0
4579240.0
4545240.0
4497368.0
4435840.0
4360864.0
4272760.0
4171936.0
4058768.0
3933744.0
3797320.0
3650000.0
3492224.0
3324480.0
3147184.0
2960776.0
2765584.0
2561992.0
2350280.0
2130744.0
1903616.0
1669160.0
1427584.0
1179112.0
923960.0
662312.0
394440.0
120600.0
-158976.0
-443968.0
-734064.0
-1028896.0
-1328072.0
-1631192.0
-1937776.0
-2247336.0
-2559304.0
-2873136.0
-3188224.0
-3503896.0
-3819472.0
-4134232.0
-4447400.0
-4758184.0
-5065760.0
-5369280.0
-5667872.0
-5960632.0
-6246656.0
-6525056.0
-6794888.0
-7055296.0
-7305376.0
-7544304.0
-7771256.0
-7985504.0
-8186312.0
-8373072.0
-8545216.0
-8702264.0
-8843864.0
-8969696.0
-9079576.0
-9173432.0
-9251248.0
-9313128.0
-9359256.0
-9389888.0
-9405432.0
-9406272.0
-9392896.0
-9365832.0
-9325704.0
-9273104.0
-9208656.0
-9133056.0
-9046952.0
-8951064.0
-8846040.0
-8732576.0
-8611312.0
-8482936.0
-8348072.0
-8207336.0
-8061368.0
-7910728.0
-7756000.0
-7597744.0
-7436488.0
-7272736.0
-7107024.0
-6939808.0
-6771568.0
-6602768.0
-6433872.0
-6265304.0
-6097504.0
-5930888.0
-5765896.0
-5602896.0
-5442304.0
-5284504.0
-5129880.0
-4978800.0
-4831600.0
-4688664.0
-4550256.0
-4416728.0
-4288360.0
-4165416.0
-4048144.0
-3936768.0
-3831488.0
-3732440.0
-3639760.0
-3553512.0
-3473712.0
-3400328.0
-3333232.0
-3272232.0
-3217024.0
-3167272.0
-3122464.0
-3082016.0
-3045248.0
-3011376.0
-2979472.0
-2948584.0
-2917648.0
-2885536.0
-2851120.0
-2813224.0
-2770712.0
-2722448.0
-2667400.0
-2604608.0
-2533272.0
-2452688.0
-2362368.0
-2261960.0
-2151344.0
-2030608.0
-1900000.0
-1760040.0
-1611368.0
-1454832.0
-1291448.0
-1122328.0
-948720.0
-771912.0
-593256.0
-414072.0
-235680.0
-59312.0
113880.0
282904.0
446856.0
605072.0
757024.0
902416.0
1041144.0
1173312.0
1299248.0
1419416.0
1534544.0
1645480.0
1753224.0
1858936.0
1963832.0
2069264.0
2176560.0
2287128.0
2402368.0
2523592.0
2652096.0
2789048.0
2935496.0
3092328.0
3260272.0
3439832.0
3631312.0
3834728.0
4049936.0
4276440.0
4513552.0
4760320.0
5015520.0
5277752.0
5545368.0
5816592.0
6089472.0
6361952.0
6631920.0
6897216.0
7155712.0
7405296.0
7643968.0
7869832.0
8081120.0
8276296.0
8453976.0
8612992.0
8752456.0
8871656.0
8970160.0
9047768.0
9104512.0
9140656.0
9156672.0
9153216.0
9131144.0
9091440.0
9035240.0
8963776.0
8878400.0
8780488.0
8671480.0
8552832.0
8426032.0
8292520.0
8153728.0
8011032.0
7865752.0
7719192.0
7572504.0
7426792.0
7283072.0
7142288.0
7005216.0
6872616.0
6745056.0
6623088.0
6507104.0
6397448.0
6294376.0
6198048.0
6108576.0
6026040.0
5950488.0
5881920.0
5820376.0
5765880.0
5718504.0
5678328.0
5645520.0
5620280.0
5602824.0
5593496.0
5592672.0
5600736.0
5618160.0
5645392.0
5682928.0
5731264.0
5790832.0
5862024.0
5945208.0
6040656.0
6148512.0
6268840.0
6401616.0
6546600.0
6703448.0
6871704.0
7050680.0
7239592.0
7437512.0
7643344.0
7855888.0
8073792.0
8295640.0
8519928.0
8745096.0
8969512.0
9191624.0
9409808.0
9622568.0
9828416.0
1.0026056E7
1.0214216E7
1.0391856E7
1.055808E7
1.0712184E7
1.085364E7
1.098216E7
1.109764E7
1.1200208E7
1.1290168E7
1.1368032E7
1.1434456E7
1.1490328E7
1.1536592E7
1.1574352E7
1.1604784E7
1.162916E7
1.1648744E7
1.1664832E7
1.1678704E7
1.16916E7
1.1704704E7
1.1719088E7
1.1735744E7
1.1755568E7
1.177932E7
1.1807664E7
1.1841048E7
1.1879896E7
1.1924448E7
1.197484E7
1.2031128E7
1.2093232E7
1.2161E7
1.2234216E7
1.2312608E7
1.239584E7
1.248356E7
1.2575376E7
1.2670888E7
1.2769704E7
1.2871416E7
1.2975624E7
1.3081984E7
1.3190128E7
1.329972E7
1.341044E7
1.3522008E7
1.3634136E7
1.3746568E7
1.385908E7
1.3971392E7
1.408328E7
1.419448E7
1.4304728E7
1.441376E7
1.4521224E7
1.4626792E7
1.4730064E7
1.4830624E7
1.4928E7
1.5021672E7
1.5111072E7
1.5195616E7
1.5274664E7
1.5347576E7
1.5413632E7
1.5472168E7
1.5522512E7
1.5563992E7
1.5595952E7
1.5617832E7
1.5629088E7
1.5629248E7
1.561796E7
1.5594912E7
1.5559936E7
1.5512944E7
1.5453952E7
1.5383096E7
1.53006E7
1.5206816E7
1.5102128E7
1.4987072E7
1.4862192E7
1.4728128E7
1.4585552E7
1.4435168E7
1.4277744E7
1.4113992E7
1.3944696E7
1.3770632E7
1.3592552E7
1.3411168E7
1.3227216E7
1.3041392E7
1.285432E7
1.2666656E7
1.2478992E7
1.2291824E7
1.2105664E7
1.192092E7
1.1737992E7
1.1557184E7
1.1378744E7
1.120284E7
1.1029608E7
1.0859088E7
1.0691248E7
1.0526032E7
1.0363296E7
1.0202848E7
1.0044456E7
9887896.0
9732840.0
9578992.0
9426056.0
9273720.0
9121672.0
8969664.0
8817416.0
8664728.0
8511400.0
8357280.0
8202240.0
8046192.0
7889088.0
7730880.0
7571552.0
7411104.0
7249568.0
7086920.0
6923176.0
6758336.0
6592376.0
6425248.0
6256864.0
6087120.0
5915888.0
5742952.0
5568104.0
5391056.0
5211512.0
5029120.0
4843480.0
4654184.0
4460784.0
4262808.0
4059784.0
3851248.0
3636712.0
3415712.0
3187832.0
2952672.0
2709864.0
2459088.0
2200128.0
1932744.0
1656808.0
1372264.0
1079088.0
777368.0
467216.0
148832.0
-177504.0
-511488.0
-852704.0
-1200720.0
-1555008.0
-1914960.0
-2279992.0
-2649368.0
-3022360.0
-3398184.0
-3776008.0
-4154960.0
-4534160.0
-4912744.0
-5289792.0
-5664456.0
-6035880.0
-6403272.0
-6765912.0
-7123112.0
-7474328.0
-7819056.0
-8156896.0
-8487624.0
-8811024.0
-9127056.0
-9435752.0
-9737232.0
-1.0031728E7
-1.0319552E7
-1.060104E7
-1.08766E7
-1.1146712E7
-1.141184E7
-1.167244E7
-1.1929024E7
-1.2182048E7
-1.243196E7
-1.267916E7
-1.2924064E7
-1.316696E7
-1.340816E7
-1.3647864E7
-1.3886272E7
-1.4123512E7
-1.4359624E7
-1.459464E7
-1.4828504E7
-1.5061112E7
-1.529232E7
-1.5521904E7
-1.5749592E7
-1.5975048E7
-1.619792E7
-1.6417744E7
-1.6634056E7
-1.684632E7
-1.7053968E7
-1.72564E7
-1.7453008E7
-1.7643152E7
-1.782624E7
-1.8001656E7
-1.8168824E7
-1.8327248E7
-1.8476488E7
-1.8616176E7
-1.8746024E7
-1.8865872E7
-1.8975648E7
-1.9075424E7
-1.916536E7
-1.924572E7
-1.9316896E7
-1.9379336E7
-1.9433616E7
-1.9480352E7
-1.9520208E7
-1.9553888E7
-1.9582096E7
-1.9605544E7
-1.9624904E7
-1.9640816E7
-1.9653888E7
-1.966464E7
-1.9673528E7
-1.968092E7
-1.9687128E7
-1.9692368E7
-1.96968E7
-1.9700528E7
-1.97036E7
-1.9706008E7
-1.9707736E7
-1.970876E7
-1.9709048E7
-1.9708608E7
-1.9707416E7
-1.9705576E7
-1.9703112E7
-1.9700192E7
-1.9696976E7
-1.9693656E7
-1.969048E7
-1.9687664E7
-1.9685504E7
-1.96842E7
-1.9683968E7
-1.9684968E7
-1.9687288E7
-1.9690976E7
-1.9695928E7
-1.9702E7
-1.970892E7
-1.971628E7
-1.9723608E7
-1.9730288E7
-1.973564E7
-1.9738864E7
-1.9739136E7
-1.9735544E7
-1.972716E7
-1.9713064E7
-1.9692344E7
-1.966412E7
-1.9627608E7
-1.9582072E7
-1.952692E7
-1.946168E7
-1.9385992E7
-1.9299704E7
-1.9202776E7
-1.909532E7
-1.897764E7
-1.8850136E7
-1.8713392E7
-1.8568064E7
-1.8414936E7
-1.8254872E7
-1.808876E7
-1.791752E7
-1.7742112E7
-1.7563432E7
-1.7382392E7
-1.7199792E7
-1.7016416E7
-1.6832936E7
-1.6649952E7
-1.646796E7
-1.62874E7
-1.610856E7
-1.5931704E7
-1.575696E7
-1.5584416E7
-1.5414056E7
-1.524584E7
-1.5079616E7
-1.4915216E7
-1.4752416E7
-1.4590936E7
-1.4430432E7
-1.4270528E7
-1.4110824E7
-1.3950848E7
-1.3790096E7
-1.3628024E7
-1.3464072E7
-1.32976E7
-1.3127984E7
-1.2954536E7
-1.2776624E7
-1.259356E7
-1.2404664E7
-1.2209328E7
-1.2006912E7
-1.1796888E7
-1.1578776E7
-1.1352168E7
-1.1116792E7
-1.087244E7
-1.0619088E7
-1.0356784E7
-1.0085816E7
-9806488.0
-9519400.0
-9225176.0
-8924688.0
-8618832.0
-8308720.0
-7995520.0
-7680512.0
-7365024.0
-7050456.0
-6738208.0
-6429728.0
-6126432.0
-5829688.0
-5540872.0
-5261240.0
-4991992.0
-4734280.0
-4489080.0
-4257352.0
-4039888.0
-3837368.0
-3650384.0
-3479392.0
-3324744.0
-3186640.0
-3065200.0
-2960416.0
-2872184.0
-2800288.0
-2744416.0
-2704152.0
-2679000.0
-2668392.0
-2671688.0
-2688168.0
-2717072.0
-2757592.0
-2808896.0
-2870112.0
-2940360.0
-3018752.0
-3104416.0
-3196504.0
-3294184.0
-3396664.0
-3503192.0
-3613064.0
-3725648.0
-3840344.0
-3956648.0
-4074072.0
-4192240.0
-4310784.0
-4429448.0
-4547984.0
-4666208.0
-4784016.0
-4901272.0
-5017976.0
-5134056.0
-5249576.0
-5364568.0
-5479096.0
-5593288.0
-5707256.0
-5821160.0
-5935168.0
-6049480.0
-6164288.0
-6279816.0
-6396304.0
-6513976.0
-6633024.0
-6753672.0
-6876104.0
-7000456.0
-7126864.0
-7255432.0
-7386144.0
-7519016.0
-7653984.0
-7790912.0
-7929664.0
-8069992.0
-8211656.0
-8354336.0
-8497712.0
-8641440.0
-8785136.0
-8928424.0
-9070896.0
-9212216.0
-9352016.0
-9489976.0
-9625808.0
-9759288.0
-9890208.0
-1.0018488E7
-1.0144048E7
-1.0266944E7
-1.0387272E7
-1.0505232E7
-1.0621112E7
-1.0735272E7
-1.0848176E7
-1.0960376E7
-1.1072456E7
-1.1185128E7
-1.1299152E7
-1.1415288E7
-1.15344E7
-1.1657392E7
-1.1785128E7
-1.1918512E7
-1.2058448E7
-1.2205776E7
-1.236136E7
-1.2525936E7
-1.2700232E7
-1.2884872E7
-1.3080376E7
-1.3287192E7
-1.3505584E7
-1.3735744E7
-1.3977688E7
-1.4231304E7
-1.449632E7
-1.4772256E7
-1.505856E7
-1.5354432E7
-1.5658944E7
-1.5971E7
-1.6289328E7
-1.6612544E7
-1.6939112E7
-1.7267352E7
-1.7595528E7
-1.7921728E7
-1.824404E7
-1.8560488E7
-1.8869024E7
-1.9167624E7
-1.9454288E7
-1.9727048E7
-1.9983976E7
-2.0223272E7
-2.0443208E7
-2.0642208E7
-2.0818848E7
-2.0971864E7
-2.110016E7
-2.120288E7
-2.1279328E7
-2.1329032E7
-2.1351768E7
-2.134748E7
-2.1316352E7
-2.1258776E7
-2.1175344E7
-2.1066832E7
-2.0934224E7
-2.0778648E7
-2.06014E7
-2.0403904E7
-2.0187752E7
-1.9954616E7
-1.9706264E7
-1.9444576E7
-1.9171472E7
-1.8888896E7
-1.8598904E7
-1.8303504E7
-1.800468E7
-1.7704464E7
-1.7404768E7
-1.7107512E7
-1.6814456E7
-1.6527336E7
-1.6247696E7
-1.5977E7
-1.571652E7
-1.5467392E7
-1.5230544E7
-1.5006768E7
-1.4796624E7
-1.4600488E7
-1.441856E7
-1.4250848E7
-1.4097144E7
-1.395712E7
-1.3830216E7
-1.3715784E7
-1.3612976E7
-1.3520832E7
-1.3438296E7
-1.33642E7
-1.329728E7
-1.3236232E7
-1.3179688E7
-1.3126224E7
-1.3074448E7
-1.3022896E7
-1.297016E7
-1.2914832E7
-1.2855536E7
-1.2790944E7
-1.271972E7
-1.2640672E7
-1.2552608E7
-1.2454408E7
-1.2345072E7
-1.2223608E7
-1.2089168E7
-1.1940992E7
-1.1778408E7
-1.1600816E7
-1.14078E7
-1.1199008E7
-1.0974208E7
-1.0733336E7
-1.0476424E7
-1.0203624E7
-9915280.0
-9611792.0
-9293736.0
-8961792.0
-8616696.0
-8259368.0
-7890720.0
-7511768.0
-7123544.0
-6727104.0
-6323520.0
-5913800.0
-5498928.0
-5079824.0
-4657336.0
-4232216.0
-3805088.0
-3376512.0
-2946888.0
-2516536.0
-2085632.0
-1654336.0
-1222600.0
-790392.0
-357600.0
75952.0
510472.0
946120.0
1383120.0
1821648.0
2261784.0
2703624.0
3147192.0
3592416.0
4039160.0
4487232.0
4936328.0
5386112.0
5836152.0
6285968.0
6735032.0
7182752.0
7628504.0
8071672.0
8511544.0
8947464.0
9378720.0
9804616.0
1.0224472E7
1.0637576E7
1.1043288E7
1.1440936E7
1.1829928E7
1.2209648E7
1.2579552E7
1.2939176E7
1.3288064E7
1.362588E7
1.395232E7
1.42672E7
1.4570416E7
1.4861968E7
1.514196E7
1.5410584E7
1.5668152E7
1.5915064E7
1.6151824E7
1.6379E7
1.659728E7
1.6807392E7
1.7010112E7
1.720632E7
1.7396872E7
1.7582664E7
1.776464E7
1.7943736E7
1.8120888E7
1.8296984E7
1.8472968E7
1.8649696E7
1.8828016E7
1.9008728E7
1.9192584E7
1.9380296E7
1.9572456E7
1.9769616E7
1.9972224E7
2.0180616E7
2.039504E7
2.061556E7
2.0842168E7
2.1074648E7
2.131264E7
2.1555616E7
2.180292E7
2.2053664E7
2.2306808E7
2.2561176E7
2.2815424E7
2.3068056E7
2.3317464E7
2.3561936E7
2.3799664E7
2.4028792E7
2.42474E7
2.4453592E7
2.4645464E7
2.4821152E7
2.4978872E7
2.5116896E7
2.5233632E7
2.5327624E7
2.5397536E7
2.544224E7
2.5460744E7
2.5452264E7
2.5416232E7
2.535224E7
2.526012E7
2.5139904E7
2.4991824E7
2.4816288E7
2.4613936E7
2.4385544E7
2.4132064E7
2.3854616E7
2.3554448E7
2.3232912E7
2.289148E7
2.2531688E7
2.2155152E7
2.1763496E7
2.1358408E7
2.094152E7
2.0514488E7
2.0078856E7
1.9636192E7
1.9187872E7
1.8735288E7
1.8279584E7
1.7821896E7
1.7363136E7
1.6904096E7
1.644544E7
1.5987656E7
1.5531104E7
1.5076E7
1.4622424E7
1.4170376E7
1.3719704E7
1.3270184E7
1.282156E7
1.2373456E7
1.1925488E7
1.147728E7
1.10284E7
1.0578432E7
1.0126992E7
9673744.0
9218400.0
8760680.0
8300416.0
7837480.0
7371856.0
6903560.0
6432712.0
5959480.0
5484144.0
5007008.0
4528464.0
4048920.0
3568896.0
3088880.0
2609400.0
2131016.0
1654280.0
1179744.0
707904.0
239336.0
-225496.0
-686128.0
-1142120.0
-1593072.0
-2038616.0
-2478424.0
-2912168.0
-3339568.0
-3760368.0
-4174288.0
-4581096.0
-4980544.0
-5372392.0
-5756376.0
-6132256.0
-6499752.0
-6858576.0
-7208408.0
-7548984.0
-7879976.0
-8201072.0
-8511952.0
-8812320.0
-9101896.0
-9380400.0
-9647608.0
-9903320.0
-1.0147352E7
-1.0379568E7
-1.0599888E7
-1.080828E7
-1.1004736E7
-1.1189288E7
-1.1362008E7
-1.1523064E7
-1.1672568E7
-1.181072E7
-1.1937752E7
-1.2053904E7
-1.215944E7
-1.2254624E7
-1.23398E7
-1.2415232E7
-1.2481288E7
-1.253828E7
-1.2586536E7
-1.2626416E7
-1.265824E7
-1.2682376E7
-1.2699128E7
-1.2708832E7
-1.27118E7
-1.2708352E7
-1.2698736E7
-1.2683232E7
-1.2662048E7
-1.2635392E7
-1.260344E7
-1.256632E7
-1.252412E7
-1.2476936E7
-1.2424744E7
-1.2367584E7
-1.2305424E7
-1.22382E7
-1.216584E7
-1.2088256E7
-1.2005368E7
-1.1917128E7
-1.1823424E7
-1.172424E7
-1.1619608E7
-1.1509512E7
-1.139408E7
-1.1273456E7
-1.1147808E7
-1.1017424E7
-1.0882648E7
-1.0743864E7
-1.0601536E7
-1.045616E7
-1.0308304E7
-1.015856E7
-1.000756E7
-9855904.0
-9704240.0
-9553168.0
-9403248.0
-9255024.0
-9108936.0
-8965352.0
-8824568.0
-8686728.0
-8551912.0
-8420024.0
-8290864.0
-8164096.0
-8039240.0
-7915696.0
-7792720.0
-7669496.0
-7545064.0
-7418384.0
-7288400.0
-7153928.0
-7013840.0
-6866944.0
-6712120.0
-6548264.0
-6374392.0
-6189552.0
-5992968.0
-5783960.0
-5562064.0
-5326944.0
-5078472.0
-4816752.0
-4542096.0
-4254992.0
-3956208.0
-3646744.0
-3327760.0
-3000736.0
-2667296.0
-2329232.0
-1988576.0
-1647480.0
-1308208.0
-973120.0
-644632.0
-325200.0
-17232.0
276904.0
554936.0
814744.0
1054360.0
1272000.0
1466144.0
1635464.0
1778968.0
1895824.0
1985600.0
2048024.0
2083192.0
2091368.0
2073112.0
2029200.0
1960584.0
1868448.0
1754120.0
1619048.0
1464824.0
1293152.0
1105768.0
904520.0
691264.0
467888.0
236296.0
-1608.0
-243976.0
-488976.0
-734800.0
-979704.0
-1222056.0
-1460240.0
-1692736.0
-1918136.0
-2135088.0
-2342368.0
-2538848.0
-2723512.0
-2895360.0
-3053608.0
-3197488.0
-3326360.0
-3439664.0
-3536912.0
-3617712.0
-3681744.0
-3728768.0
-3758600.0
-3771088.0
-3766184.0
-3743896.0
-3704264.0
-3647400.0
-3573496.0
-3482744.0
-3375512.0
-3252112.0
-3113048.0
-2958816.0
-2790016.0
-2607360.0
-2411616.0
-2203632.0
-1984328.0
-1754744.0
-1515936.0
-1269064.0
-1015320.0
-755976.0
-492312.0
-225672.0
42616.0
311176.0
578624.0
843600.0
1104736.0
1360712.0
1610208.0
1851936.0
2084688.0
2307296.0
2518656.0
2717728.0
2903592.0
3075376.0
3232312.0
3373776.0
3499200.0
3608120.0
3700224.0
3775256.0
3833072.0
3873672.0
3897048.0
3903368.0
3892840.0
3865744.0
3822440.0
3763304.0
3688832.0
3599560.0
3496072.0
3379000.0
3249032.0
3106952.0
2953552.0
2789720.0
2616416.0
2434600.0
2245376.0
2049856.0
1849240.0
1644768.0
1437744.0
1229488.0
1021384.0
814840.0
611280.0
412120.0
218816.0
32744.0
-144648.0
-312040.0
-468104.0
-611568.0
-741232.0
-855992.0
-954784.0
-1036640.0
-1100728.0
-1146256.0
-1172608.0
-1179216.0
-1165672.0
-1131640.0
-1076952.0
-1001520.0
-905376.0
-788696.0
-651720.0
-494808.0
-318456.0
-123200.0
90288.0
321272.0
568944.0
832392.0
1110688.0
1402776.0
1707552.0
2023920.0
2350656.0
2686504.0
3030200.0
3380368.0
3735648.0
4094624.0
4455840.0
4817808.0
5179040.0
5538016.0
5893208.0
6243104.0
6586168.0
6920920.0
7245888.0
7559632.0
7860792.0
8148032.0
8420104.0
8675864.0
8914208.0
9134208.0
9334968.0
9515760.0
9675952.0
9815048.0
9932664.0
1.0028568E7
1.0102624E7
1.0154824E7
1.0185256E7
1.0194144E7
1.0181792E7
1.0148592E7
1.0095008E7
1.00216E7
9928928.0
9817640.0
9688440.0
9542008.0
9379080.0
9200392.0
9006696.0
8798744.0
8577312.0
8343152.0
8097024.0
7839720.0
7572008.0
7294688.0
7008568.0
6714488.0
6413328.0
6105952.0
5793304.0
5476360.0
5156088.0
4833560.0
4509824.0
4185984.0
3863160.0
3542520.0
3225136.0
2912200.0
2604792.0
2303992.0
2010864.0
1726368.0
1451424.0
1186888.0
933496.0
691928.0
462728.0
246360.0
43192.0
-146512.0
-322616.0
-485048.0
-633848.0
-769120.0
-891072.0
-999968.0
-1096152.0
-1180032.0
-1252056.0
-1312744.0
-1362664.0
-1402376.0
-1432560.0
-1453872.0
-1467032.0
-1472760.0
-1471832.0
-1465048.0
-1453168.0
-1437064.0
-1417544.0
-1395448.0
-1371648.0
-1346968.0
-1322232.0
-1298264.0
-1275872.0
-1255808.0
-1238784.0
-1225496.0
-1216576.0
-1212584.0
-1214056.0
-1221416.0
-1235056.0
-1255256.0
-1282272.0
-1316256.0
-1357272.0
-1405360.0
-1460464.0
-1522472.0
-1591216.0
-1666472.0
-1747952.0
-1835376.0
-1928368.0
-2026528.0
-2129472.0
-2236712.0
-2347808.0
-2462256.0
-2579528.0
-2699136.0
-2820520.0
-2943152.0
-3066456.0
-3189896.0
-3312904.0
-3434904.0
-3555352.0
-3673656.0
-3789272.0
-3901584.0
-4010072.0
-4114112.0
-4213136.0
-4306544.0
-4393744.0
-4474136.0
-4547120.0
-4612128.0
-4668592.0
-4715936.0
-4753664.0
-4781296.0
-4798416.0
-4804672.0
-4799784.0
-4783544.0
-4755856.0
-4716720.0
-4666240.0
-4604608.0
-4532136.0
-4449280.0
-4356512.0
-4254448.0
-4143832.0
-4025424.0
-3900072.0
-3768712.0
-3632328.0
-3491936.0
-3348592.0
-3203360.0
-3057344.0
-2911624.0
-2767272.0
-2625320.0
-2486776.0
-2352568.0
-2223576.0
-2100584.0
-1984272.0
-1875192.0
-1773808.0
-1680440.0
-1595224.0
-1518232.0
-1449320.0
-1388232.0
-1334560.0
-1287792.0
-1247256.0
-1212208.0
-1181784.0
-1155104.0
-1131152.0
-1108984.0
-1087552.0
-1065840.0
-1042896.0
-1017760.0
-989520.0
-957328.0
-920432.0
-878080.0
-829640.0
-774552.0
-712272.0
-642384.0
-564496.0
-478264.0
-383432.0
-279784.0
-167160.0
-45456.0
85352.0
225248.0
374112.0
531736.0
697848.0
872040.0
1053776.0
1242464.0
1437304.0
1637384.0
1841640.0
2048912.0
2257848.0
2466976.0
2674696.0
2879312.0
3079032.0
3271960.0
3456192.0
3629744.0
3790696.0
3937128.0
4067192.0
4179120.0
4271312.0
4342296.0
4390808.0
4415776.0
4416392.0
4392072.0
4342528.0
4267736.0
4167944.0
4043696.0
3895784.0
3725248.0
3533376.0
3321664.0
3091784.0
2845552.0
2584936.0
2312000.0
2028824.0
1737616.0
1440496.0
1139624.0
837120.0
535008.0
235288.0
-60184.0
-349624.0
-631360.0
-903864.0
-1165728.0
-1415680.0
-1652552.0
-1875368.0
-2083256.0
-2275520.0
-2451560.0
-2610952.0
-2753392.0
-2878704.0
-2986864.0
-3077968.0
-3152232.0
-3209992.0
-3251720.0
-3277960.0
-3289368.0
-3286712.0
-3270832.0
-3242640.0
-3203136.0
-3153360.0
-3094440.0
-3027520.0
-2953776.0
-2874464.0
-2790832.0
-2704152.0
-2615712.0
-2526816.0
-2438784.0
-2352912.0
-2270512.0
-2192872.0
-2121264.0
-2056920.0
-2001064.0
-1954856.0
-1919408.0
-1895752.0
-1884840.0
-1887552.0
-1904680.0
-1936848.0
-1984656.0
-2048472.0
-2128600.0
-2225208.0
-2338280.0
-2467704.0
-2613208.0
-2774368.0
-2950696.0
-3141496.0
-3345992.0
-3563328.0
-3792520.0
-4032504.0
-4282184.0
-4540360.0
-4805872.0
-5077480.0
-5354032.0
-5634304.0
-5917216.0
-6201688.0
-6486760.0
-6771568.0
-7055352.0
-7337496.0
-7617496.0
-7895016.0
-8169864.0
-8441952.0
-8711376.0
-8978320.0
-9243128.0
-9506200.0
-9768088.0
-1.002936E7
-1.0290664E7
-1.0552672E7
-1.0816072E7
-1.1081528E7
-1.1349696E7
-1.1621168E7
-1.1896456E7
-1.2176016E7
-1.246016E7
-1.2749104E7
-1.3042944E7
-1.33416E7
-1.3644896E7
-1.395244E7
-1.426376E7
-1.4578184E7
-1.489492E7
-1.5213032E7
-1.5531472E7
-1.5849064E7
-1.616456E7
-1.6476648E7
-1.6783896E7
-1.7084936E7
-1.7378344E7
-1.7662688E7
-1.7936608E7
-1.81988E7
-1.8448008E7
-1.8683112E7
-1.8903072E7
-1.9107E7
-1.9294096E7
-1.9463744E7
-1.9615432E7
-1.9748816E7
-1.9863672E7
-1.9959904E7
-2.0037536E7
-2.0096712E7
-2.0137696E7
-2.0160792E7
-2.0166384E7
-2.0154952E7
-2.0126984E7
-2.0083032E7
-2.0023592E7
-1.994928E7
-1.9860616E7
-1.9758136E7
-1.9642368E7
-1.9513808E7
-1.9372888E7
-1.9220048E7
-1.9055688E7
-1.8880152E7
-1.8693768E7
-1.8496824E7
-1.82896E7
-1.807236E7
-1.7845288E7
-1.76086E7
-1.736252E7
-1.71072E7
-1.6842816E7
-1.6569544E7
-1.6287512E7
-1.5996864E7
-1.5697688E7
-1.5390104E7
-1.5074184E7
-1.4749984E7
-1.441752E7
-1.4076832E7
-1.3727904E7
-1.3370704E7
-1.3005232E7
-1.263144E7
-1.224928E7
-1.185876E7
-1.1459848E7
-1.1052624E7
-1.0637112E7
-1.0213448E7
-9781776.0
-9342328.0
-8895344.0
-8441184.0
-7980192.0
-7512848.0
-7039616.0
-6561024.0
-6077664.0
-5590112.0
-5099008.0
-4604960.0
-4108600.0
-3610576.0
-3111448.0
-2611824.0
-2112256.0
-1613216.0
-1115176.0
-618568.0
-123720.0
369024.0
859448.0
1347288.0
1832392.0
2314616.0
2793840.0
3269960.0
3742888.0
4212544.0
4678800.0
5141480.0
5600416.0
6055352.0
6505944.0
6951784.0
7392352.0
7827008.0
8255008.0
8675456.0
9087344.0
9489504.0
9880672.0
1.0259424E7
1.0624216E7
1.0973448E7
1.1305384E7
1.161824E7
1.1910192E7
1.2179408E7
1.2424056E7
1.2642344E7
1.2832528E7
1.2992992E7
1.3122192E7
1.3218752E7
1.328144E7
1.3309208E7
1.3301152E7
1.32566E7
1.3175056E7
1.3056224E7
1.2900032E7
1.270656E7
1.2476088E7
1.220908E7
1.1906216E7
1.1568256E7
1.119616E7
1.0791E7
1.0353984E7
9886432.0
9389760.0
8865480.0
8315184.0
7740520.0
7143208.0
6525016.0
5887736.0
5233264.0
4563416.0
3880136.0
3185360.0
2481008.0
1769064.0
1051496.0
330312.0
-392480.0
-1114872.0
-1834880.0
-2550464.0
-3259632.0
-3960368.0
-4650728.0
-5328728.0
-5992480.0
-6640104.0
-7269792.0
-7879744.0
-8468304.0
-9033824.0
-9574800.0
-1.0089736E7
-1.0577344E7
-1.1036344E7
-1.1465624E7
-1.1864136E7
-1.2231032E7
-1.256548E7
-1.2866904E7
-1.3134752E7
-1.336868E7
-1.3568464E7
-1.3733984E7
-1.3865312E7
-1.3962616E7
-1.4026232E7
-1.4056584E7
-1.4054272E7
-1.4019984E7
-1.395452E7
-1.3858816E7
-1.3733888E7
-1.3580832E7
-1.3400888E7
-1.3195328E7
-1.296552E7
-1.2712904E7
-1.2438968E7
-1.2145296E7
-1.1833488E7
-1.1505216E7
-1.116216E7
-1.0806048E7
-1.0438632E7
-1.0061656E7
-9676864.0
-9286000.0
-8890768.0
-8492824.0
-8093776.0
-7695192.0
-7298528.0
-6905168.0
-6516448.0
-6133528.0
-5757520.0
-5389440.0
-5030192.0
-4680584.0
-4341368.0
-4013184.0
-3696616.0
-3392176.0
-3100336.0
-2821504.0
-2556032.0
-2304288.0
-2066584.0
-1843128.0
-1634176.0
-1439880.0
-1260368.0
-1095664.0
-945776.0
-810592.0
-689920.0
-583464.0
-490792.0
-411392.0
-344624.0
-289728.0
-245824.0
-211936.0
-186960.0
-169728.0
-159000.0
-153488.0
-151824.0
-152696.0
-154744.0
-156664.0
-157232.0
-155272.0
-149696.0
-139608.0
-124160.0
-102768.0
-74952.0
-40456.0
848.0
48816.0
103160.0
163384.0
228824.0
298648.0
371904.0
447512.0
524304.0
601072.0
676536.0
749464.0
818656.0
882976.0
941392.0
992992.0
1037000.0
1072816.0
1100008.0
1118312.0
1127664.0
1128112.0
1119936.0
1103496.0
1079240.0
1047808.0
1009816.0
965952.0
916904.0
863376.0
806000.0
745376.0
681992.0
616320.0
548664.0
479280.0
408288.0
335744.0
261568.0
185656.0
107776.0
27688.0
-54928.0
-140448.0
-229208.0
-321576.0
-417944.0
-518632.0
-623944.0
-734208.0
-849632.0
-970432.0
-1096736.0
-1228640.0
-1366184.0
-1509352.0
-1658048.0
-1812168.0
-1971536.0
-2135944.0
-2305120.0
-2478808.0
-2656696.0
-2838472.0
-3023800.0
-3212344.0
-3403792.0
-3597824.0
-3794136.0
-3992448.0
-4192512.0
-4394096.0
-4596968.0
-4800936.0
-5005816.0
-5211464.0
-5417680.0
-5624328.0
-5831224.0
-6038176.0
-6245008.0
-6451536.0
-6657488.0
-6862664.0
-7066800.0
-7269632.0
-7470912.0
-7670344.0
-7867712.0
-8062768.0
-8255312.0
-8445176.0
-8632248.0
-8816448.0
-8997744.0
-9176176.0
-9351832.0
-9524864.0
-9695464.0
-9863872.0
-1.0030328E7
-1.0195128E7
-1.0358568E7
-1.0520928E7
-1.0682448E7
-1.0843352E7
-1.1003776E7
-1.1163824E7
-1.1323472E7
-1.1482656E7
-1.1641128E7
-1.1798624E7
-1.1954664E7
-1.2108728E7
-1.2260168E7
-1.24082E7
-1.2551968E7
-1.2690488E7
-1.2822752E7
-1.2947648E7
-1.3064E7
-1.3170616E7
-1.326624E7
-1.334964E7
-1.341956E7
-1.347476E7
-1.3514032E7
-1.3536168E7
-1.3540048E7
-1.35246E7
-1.3488856E7
-1.3431864E7
-1.335284E7
-1.325108E7
-1.3126008E7
-1.2977208E7
-1.280436E7
-1.2607304E7
-1.2386056E7
-1.2140768E7
-1.1871752E7
-1.1579472E7
-1.1264528E7
-1.0927688E7
-1.0569776E7
-1.01918E7
-9794848.0
-9380088.0
-8948768.0
-8502152.0
-8041584.0
-7568392.0
-7083896.0
-6589440.0
-6086288.0
-5575664.0
-5058728.0
-4536600.0
-4010296.0
-3480728.0
-2948736.0
-2415088.0
-1880432.0
-1345368.0
-810416.0
-276016.0
257384.0
789408.0
1319696.0
1847816.0
2373336.0
2895776.0
3414568.0
3929032.0
4438432.0
4941872.0
5438312.0
5926632.0
6405544.0
6873688.0
7329520.0
7771496.0
8197944.0
8607216.0
8997600.0
9367464.0
9715248.0
1.0039432E7
1.0338744E7
1.0611976E7
1.0858176E7
1.10766E7
1.1266728E7
1.1428272E7
1.1561248E7
1.1665816E7
1.1742464E7
1.1791808E7
1.1814696E7
1.1812128E7
1.178524E7
1.1735232E7
1.16634E7
1.1571088E7
1.1459592E7
1.1330176E7
1.1184104E7
1.1022512E7
1.0846496E7
1.0656992E7
1.0454864E7
1.0240864E7
1.001564E7
9779736.0
9533648.0
9277776.0
9012496.0
8738176.0
8455168.0
8163880.0
7864736.0
7558272.0
7245048.0
6925768.0
6601256.0
6272392.0
5940232.0
5605872.0
5270552.0
4935592.0
4602344.0
4272272.0
3946808.0
3627432.0
3315544.0
3012576.0
2719840.0
2438608.0
2170000.0
1915048.0
1674640.0
1449520.0
1240288.0
1047344.0
871016.0
711384.0
568448.0
442008.0
331784.0
237344.0
158176.0
93672.0
43160.0
5912.0
-18840.0
-31856.0
-33944.0
-25856.0
-8352.0
17840.0
52048.0
93616.0
141920.0
196416.0
256520.0
321760.0
391640.0
465696.0
543472.0
624504.0
708368.0
794552.0
882608.0
972032.0
1062328.0
1152968.0
1243408.0
1333120.0
1421584.0
1508272.0
1592696.0
1674416.0
1753008.0
1828152.0
1899552.0
1967016.0
2030472.0
2089848.0
2145240.0
2196816.0
2244808.0
2289536.0
2331400.0
2370848.0
2408400.0
2444552.0
2479888.0
2514960.0
2550344.0
2586552.0
2624152.0
2663624.0
2705416.0
2749944.0
2797584.0
2848624.0
2903344.0
2961936.0
3024584.0
3091376.0
3162352.0
3237528.0
3316864.0
3400280.0
3487624.0
3578760.0
3673480.0
3771576.0
3872832.0
3977008.0
4083856.0
4193160.0
4304664.0
4418208.0
4533552.0
4650568.0
4769080.0
4888968.0
5010104.0
5132384.0
5255712.0
5379960.0
5505040.0
5630792.0
5757064.0
5883696.0
6010456.0
6137112.0
6263360.0
6388920.0
6513432.0
6636544.0
6757904.0
6877096.0
6993768.0
7107568.0
7218160.0
7325264.0
7428664.0
7528192.0
7623776.0
7715440.0
7803296.0
7887552.0
7968504.0
8046616.0
8122344.0
8196336.0
8269232.0
8341768.0
8414744.0
8488928.0
8565152.0
8644152.0
8726720.0
8813488.0
8905112.0
9002096.0
9104848.0
9213656.0
9328720.0
9450104.0
9577704.0
9711408.0
9850848.0
9995664.0
1.0145344E7
1.0299312E7
1.0456896E7
1.0617392E7
1.0780024E7
1.0944008E7
1.1108496E7
1.1272704E7
1.14358E7
1.1596984E7
1.1755512E7
1.1910664E7
1.2061816E7
1.2208376E7
1.234988E7
1.248592E7
1.2616208E7
1.2740576E7
1.2858968E7
1.2971432E7
1.307816E7
1.3179448E7
1.3275712E7
1.3367472E7
1.3455376E7
1.354012E7
1.3622512E7
1.370344E7
1.3783808E7
1.3864592E7
1.3946792E7
1.4031408E7
1.4119464E7
1.4211944E7
1.4309832E7
1.4414056E7
1.4525552E7
1.4645096E7
1.477352E7
1.4911496E7
1.5059672E7
1.5218584E7
1.5388688E7
1.5570344E7
1.5763816E7
1.5969264E7
1.6186752E7
1.6416232E7
1.6657536E7
1.6910416E7
1.717452E7
1.7449384E7
1.7734424E7
1.8029016E7
1.8332416E7
1.86438E7
1.8962264E7
1.9286888E7
1.9616608E7
1.9950392E7
2.0287128E7
2.0625672E7
2.0964888E7
2.1303592E7
2.1640616E7
2.1974768E7
2.2304944E7
2.2629968E7
2.2948752E7
2.3260232E7
2.35634E7
2.3857256E7
2.4140928E7
2.4413536E7
2.4674312E7
2.492252E7
2.515756E7
2.5378856E7
2.5585936E7
2.57784E7
2.5955936E7
2.6118312E7
2.62654E7
2.6397104E7
2.6513488E7
2.66146E7
2.6700648E7
2.6771856E7
2.6828528E7
2.6871072E7
2.6899856E7
2.691536E7
2.6918056E7
2.6908464E7
2.6887056E7
2.6854344E7
2.6810784E7
2.67568E7
2.6692728E7
2.6618872E7
2.6535416E7
2.6442496E7
2.6340096E7
2.6228104E7
2.6106304E7
2.597436E7
2.5831864E7
2.5678272E7
2.5512968E7
2.5335304E7
2.5144536E7
2.4939952E7
2.4720792E7
2.4486368E7
2.4236032E7
2.3969216E7
2.3685496E7
2.338452E7
2.306616E7
2.2730464E7
2.23776E7
2.2008032E7
2.1622368E7
2.1221416E7
2.0806288E7
2.0378136E7
1.9938424E7
1.948868E7
1.9030648E7
1.8566112E7
1.8097008E7
1.762528E7
1.7152976E7
1.668204E7
1.6214504E7
1.5752288E7
1.5297256E7
1.48512E7
1.4415752E7
1.3992464E7
1.358272E7
1.3187752E7
1.2808592E7
1.2446152E7
1.2101112E7
1.1773976E7
1.1465088E7
1.1174528E7
1.0902248E7
1.064796E7
1.0411232E7
1.0191416E7
9987720.0
9799176.0
9624664.0
9462920.0
9312592.0
9172200.0
9040152.0
8914856.0
8794624.0
8677776.0
8562608.0
8447480.0
8330760.0
8210904.0
8086456.0
7956064.0
7818496.0
7672664.0
7517632.0
7352632.0
7177064.0
6990480.0
6792616.0
6583392.0
6362840.0
6131192.0
5888800.0
5636112.0
5373728.0
5102312.0
4822592.0
4535376.0
4241464.0
3941712.0
3636944.0
3327984.0
3015624.0
2700608.0
2383624.0
2065336.0
1746288.0
1427048.0
1108024.0
789648.0
472288.0
156240.0
-158208.0
-470808.0
-781312.0
-1089504.0
-1395120.0
-1697912.0
-1997608.0
-2293856.0
-2586368.0
-2874712.0
-3158464.0
-3437168.0
-3710312.0
-3977352.0
-4237776.0
-4491008.0
-4736504.0
-4973760.0
-5202304.0
-5421720.0
-5631696.0
-5831968.0
-6022432.0
-6203088.0
-6374040.0
-6535568.0
-6688048.0
-6832024.0
-6968104.0
-7097096.0
-7219824.0
-7337208.0
-7450256.0
-7559968.0
-7667384.0
-7773488.0
-7879280.0
-7985648.0
-8093432.0
-8203360.0
-8316080.0
-8432080.0
-8551784.0
-8675432.0
-8803208.0
-8935144.0
-9071152.0
-9211136.0
-9354808.0
-9501888.0
-9652024.0
-9804800.0
-9959800.0
-1.0116592E7
-1.0274672E7
-1.0433608E7
-1.0592896E7
-1.0752112E7
-1.0910736E7
-1.1068328E7
-1.1224352E7
-1.1378336E7
-1.1529728E7
-1.1677984E7
-1.1822464E7
-1.196252E7
-1.2097456E7
-1.2226488E7
-1.2348784E7
-1.2463416E7
-1.2569464E7
-1.2665896E7
-1.275164E7
-1.28256E7
-1.2886672E7
-1.2933704E7
-1.2965624E7
-1.2981352E7
-1.2979888E7
-1.2960312E7
-1.2921816E7
-1.2863728E7
-1.2785496E7
-1.2686752E7
-1.2567256E7
-1.2427016E7
-1.2266176E7
-1.2085056E7
-1.1884176E7
-1.1664176E7
-1.1425896E7
-1.1170272E7
-1.0898384E7
-1.0611384E7
-1.031052E7
-9997064.0
-1.0594816E7
-1.025436E7
