# File created = Monday, May 11, 2026 7:08:02 PM EDT
# Data set = ADF_TR_Nirmat400-Mpro400_EDTA_VT_2026-05-07  288  1  /Users/ramelt2/Library/CloudStorage/Box-Box/Montelione-Lab-Box/MPro_NMR_and_MS_data_and_analysis/MPro-Nirmatrelvir_19F-NMR/Mohawk-600-EDTA-Mpro-2026-04
# Spectral Region:
# LEFT = 2.0 ppm. RIGHT = -2.0 ppm.
#
# SIZE = 16282 ( = number of points)
#
# In the following ordering is from the 'left' to the 'right' limits!
# Lines beginning with '#' must be considered as comment lines.
#
1.2704328E7
1.2587648E7
1.24686E7
1.2346656E7
1.2221216E7
1.2091696E7
1.1957512E7
1.1818152E7
1.1673048E7
1.152172E7
1.1363728E7
1.1198672E7
1.102624E7
1.084616E7
1.0658216E7
1.046228E7
1.025828E7
1.0046216E7
9826160.0
9598232.0
9362600.0
9119528.0
8869288.0
8612216.0
8348712.0
8079200.0
7804152.0
7524048.0
7239464.0
6950944.0
6659120.0
6364616.0
6068112.0
5770280.0
5471848.0
5173520.0
4876032.0
4580120.0
4286488.0
3995840.0
3708848.0
3426056.0
3148024.0
2875216.0
2607968.0
2346496.0
2090936.0
1841256.0
1597304.0
1358752.0
1125184.0
895976.0
670464.0
447800.0
227080.0
7304.0
-212576.0
-433648.0
-657032.0
-883800.0
-1115016.0
-1351688.0
-1594784.0
-1845120.0
-2103496.0
-2370560.0
-2646856.0
-2932792.0
-3228688.0
-3534696.0
-3850840.0
-4177040.0
-4513088.0
-4858608.0
-5213136.0
-5576072.0
-5946680.0
-6324176.0
-6707608.0
-7095952.0
-7488080.0
-7882816.0
-8278904.0
-8675056.0
-9069904.0
-9462104.0
-9850264.0
-1.0233024E7
-1.0609048E7
-1.0977008E7
-1.1335664E7
-1.1683808E7
-1.2020336E7
-1.2344208E7
-1.265448E7
-1.2950312E7
-1.3230984E7
-1.3495864E7
-1.3744464E7
-1.3976392E7
-1.4191376E7
-1.438928E7
-1.4570064E7
-1.4733808E7
-1.4880728E7
-1.5011104E7
-1.512536E7
-1.5224008E7
-1.5307616E7
-1.5376872E7
-1.5432528E7
-1.547536E7
-1.5506208E7
-1.5525944E7
-1.5535432E7
-1.5535536E7
-1.5527104E7
-1.551096E7
-1.5487832E7
-1.545844E7
-1.5423408E7
-1.5383272E7
-1.5338536E7
-1.528956E7
-1.5236728E7
-1.5180248E7
-1.5120352E7
-1.50572E7
-1.4990928E7
-1.492164E7
-1.4849472E7
-1.4774536E7
-1.4696984E7
-1.4616992E7
-1.4534776E7
-1.44506E7
-1.4364792E7
-1.4277664E7
-1.4189632E7
-1.4101104E7
-1.4012552E7
-1.3924392E7
-1.3837104E7
-1.3751112E7
-1.3666824E7
-1.3584592E7
-1.3504728E7
-1.3427448E7
-1.3352904E7
-1.3281152E7
-1.3212136E7
-1.3145728E7
-1.3081672E7
-1.3019592E7
-1.2959072E7
-1.2899584E7
-1.2840496E7
-1.2781168E7
-1.2720824E7
-1.2658688E7
-1.2593976E7
-1.2525832E7
-1.2453424E7
-1.237592E7
-1.2292488E7
-1.2202304E7
-1.21046E7
-1.1998656E7
-1.1883752E7
-1.175924E7
-1.1624512E7
-1.1479048E7
-1.1322352E7
-1.1154072E7
-1.097388E7
-1.0781568E7
-1.0577024E7
-1.0360256E7
-1.0131408E7
-9890728.0
-9638616.0
-9375648.0
-9102520.0
-8820096.0
-8529408.0
-8231616.0
-7928072.0
-7620248.0
-7309728.0
-6998248.0
-6687624.0
-6379744.0
-6076568.0
-5780040.0
-5492168.0
-5214896.0
-4950120.0
-4699640.0
-4465176.0
-4248304.0
-4050376.0
-3872648.0
-3716088.0
-3581496.0
-3469424.0
-3380168.0
-3313776.0
-3270096.0
-3248680.0
-3248896.0
-3269880.0
-3310608.0
-3369856.0
-3446280.0
-3538400.0
-3644680.0
-3763520.0
-3893240.0
-4032192.0
-4178728.0
-4331264.0
-4488232.0
-4648152.0
-4809616.0
-4971328.0
-5132056.0
-5290696.0
-5446200.0
-5597696.0
-5744328.0
-5885376.0
-6020224.0
-6148312.0
-6269160.0
-6382392.0
-6487712.0
-6584896.0
-6673800.0
-6754368.0
-6826640.0
-6890744.0
-6946896.0
-6995448.0
-7036848.0
-7071624.0
-7100464.0
-7124160.0
-7143592.0
-7159808.0
-7173904.0
-7187136.0
-7200768.0
-7216192.0
-7234840.0
-7258176.0
-7287704.0
-7324944.0
-7371336.0
-7428400.0
-7497504.0
-7580080.0
-7677400.0
-7790704.0
-7921160.0
-8069880.0
-8237832.0
-8425936.0
-8635032.0
-8865848.0
-9119000.0
-9395040.0
-9694408.0
-1.00174E7
-1.03642E7
-1.0734888E7
-1.1129368E7
-1.1547384E7
-1.198856E7
-1.2452288E7
-1.2937808E7
-1.3444184E7
-1.3970232E7
-1.451464E7
-1.5075832E7
-1.5652112E7
-1.6241536E7
-1.6842032E7
-1.745136E7
-1.8067144E7
-1.8686912E7
-1.9308064E7
-1.9928E7
-2.054404E7
-2.1153544E7
-2.1753872E7
-2.2342464E7
-2.2916904E7
-2.3474816E7
-2.4014024E7
-2.4532576E7
-2.5028664E7
-2.5500736E7
-2.5947472E7
-2.6367784E7
-2.6760872E7
-2.712616E7
-2.7463344E7
-2.7772344E7
-2.805332E7
-2.8306632E7
-2.8532832E7
-2.873268E7
-2.8906992E7
-2.9056808E7
-2.918316E7
-2.9287256E7
-2.9370256E7
-2.9433392E7
-2.9477904E7
-2.9504984E7
-2.9515856E7
-2.9511648E7
-2.9493504E7
-2.9462464E7
-2.9419584E7
-2.9365832E7
-2.9302104E7
-2.9229336E7
-2.9148344E7
-2.9059968E7
-2.8964944E7
-2.8864072E7
-2.8758016E7
-2.8647504E7
-2.8533144E7
-2.8415608E7
-2.829544E7
-2.8173176E7
-2.8049312E7
-2.7924296E7
-2.7798512E7
-2.7672304E7
-2.7545936E7
-2.7419656E7
-2.7293616E7
-2.7167944E7
-2.7042736E7
-2.6918008E7
-2.6793776E7
-2.6670024E7
-2.6546752E7
-2.642388E7
-2.6301424E7
-2.617936E7
-2.6057712E7
-2.593652E7
-2.581584E7
-2.5695824E7
-2.5576616E7
-2.5458392E7
-2.5341424E7
-2.522596E7
-2.5112272E7
-2.5000712E7
-2.4891536E7
-2.478508E7
-2.4681608E7
-2.4581384E7
-2.4484584E7
-2.4391384E7
-2.4301808E7
-2.4215888E7
-2.4133496E7
-2.4054456E7
-2.3978432E7
-2.3905056E7
-2.383376E7
-2.3763968E7
-2.3694928E7
-2.3625792E7
-2.355564E7
-2.3483424E7
-2.340804E7
-2.3328288E7
-2.3242904E7
-2.3150536E7
-2.3049856E7
-2.2939448E7
-2.2817848E7
-2.2683672E7
-2.2535472E7
-2.2371864E7
-2.219152E7
-2.1993144E7
-2.177556E7
-2.1537672E7
-2.1278536E7
-2.0997336E7
-2.06934E7
-2.0366272E7
-2.0015632E7
-1.96414E7
-1.9243656E7
-1.8822744E7
-1.8379128E7
-1.7913592E7
-1.7426992E7
-1.6920448E7
-1.6395256E7
-1.58528E7
-1.529468E7
-1.4722536E7
-1.4138184E7
-1.3543448E7
-1.2940256E7
-1.2330504E7
-1.1716144E7
-1.1099096E7
-1.0481256E7
-9864472.0
-9250480.0
-8641008.0
-8037624.0
-7441840.0
-6855000.0
-6278416.0
-5713176.0
-5160320.0
-4620744.0
-4095224.0
-3584408.0
-3088856.0
-2609048.0
-2145304.0
-1697920.0
-1267136.0
-853048.0
-455784.0
-75360.0
288160.0
634816.0
964632.0
1277648.0
1573928.0
1853512.0
2116464.0
2362864.0
2592784.0
2806320.0
3003552.0
3184624.0
3349640.0
3498776.0
3632232.0
3750224.0
3853000.0
3940880.0
4014200.0
4073312.0
4118656.0
4150680.0
4169864.0
4176712.0
4171752.0
4155536.0
4128584.0
4091464.0
4044696.0
3988776.0
3924208.0
3851440.0
3770856.0
3682840.0
3587688.0
3485648.0
3376952.0
3261728.0
3140120.0
3012152.0
2877896.0
2737376.0
2590552.0
2437464.0
2278128.0
2112584.0
1940936.0
1763328.0
1579960.0
1391120.0
1197168.0
998512.0
795688.0
589272.0
379920.0
168352.0
-44696.0
-258448.0
-472128.0
-684960.0
-896208.0
-1105176.0
-1311264.0
-1513936.0
-1712760.0
-1907408.0
-2097680.0
-2283520.0
-2464968.0
-2642192.0
-2815504.0
-2985296.0
-3152080.0
-3316448.0
-3479064.0
-3640680.0
-3802072.0
-3964048.0
-4127440.0
-4293104.0
-4461888.0
-4634632.0
-4812128.0
-4995192.0
-5184576.0
-5380944.0
-5585008.0
-5797336.0
-6018448.0
-6248816.0
-6488800.0
-6738664.0
-6998560.0
-7268536.0
-7548512.0
-7838256.0
-8137408.0
-8445456.0
-8761752.0
-9085472.0
-9415664.0
-9751224.0
-1.009092E7
-1.0433392E7
-1.0777192E7
-1.1120744E7
-1.146244E7
-1.180056E7
-1.2133416E7
-1.245924E7
-1.2776296E7
-1.308288E7
-1.3377328E7
-1.3658016E7
-1.3923392E7
-1.4172024E7
-1.440256E7
-1.4613776E7
-1.4804552E7
-1.4973912E7
-1.5121008E7
-1.5245136E7
-1.534572E7
-1.5422328E7
-1.5474648E7
-1.550252E7
-1.5505872E7
-1.5484784E7
-1.5439376E7
-1.5369912E7
-1.5276696E7
-1.5160088E7
-1.502052E7
-1.485844E7
-1.4674296E7
-1.44686E7
-1.42418E7
-1.3994368E7
-1.372676E7
-1.3439384E7
-1.3132664E7
-1.280696E7
-1.2462616E7
-1.2099984E7
-1.1719344E7
-1.1321016E7
-1.0905264E7
-1.04724E7
-1.0022712E7
-9556520.0
-9074168.0
-8576048.0
-8062608.0
-7534320.0
-6991792.0
-6435624.0
-5866576.0
-5285464.0
-4693192.0
-4090760.0
-3479256.0
-2859888.0
-2233904.0
-1602648.0
-967512.0
-329984.0
308496.0
946400.0
1582264.0
2214552.0
2841800.0
3462648.0
4075704.0
4679728.0
5273544.0
5856064.0
6426344.0
6983528.0
7526872.0
8055736.0
8569624.0
9068128.0
9550912.0
1.0017752E7
1.0468488E7
1.0903048E7
1.1321376E7
1.1723504E7
1.2109448E7
1.2479296E7
1.2833136E7
1.317112E7
1.3493376E7
1.3800064E7
1.4091376E7
1.4367544E7
1.4628832E7
1.487552E7
1.5107976E7
1.532656E7
1.5531728E7
1.5723952E7
1.590372E7
1.60716E7
1.6228144E7
1.6373936E7
1.6509544E7
1.663552E7
1.6752416E7
1.686068E7
1.6960728E7
1.7052936E7
1.7137568E7
1.7214808E7
1.7284752E7
1.7347416E7
1.7402696E7
1.745044E7
1.7490376E7
1.7522192E7
1.7545504E7
1.755988E7
1.7564864E7
1.7559968E7
1.7544704E7
1.7518624E7
1.748124E7
1.7432176E7
1.7371064E7
1.7297616E7
1.7211592E7
1.711284E7
1.7001272E7
1.6876912E7
1.6739808E7
1.6590112E7
1.6428048E7
1.625384E7
1.606784E7
1.5870368E7
1.5661784E7
1.5442488E7
1.5212848E7
1.4973232E7
1.4724016E7
1.4465544E7
1.4198096E7
1.3922008E7
1.3637544E7
1.3344928E7
1.3044424E7
1.2736232E7
1.2420584E7
1.209772E7
1.176788E7
1.1431328E7
1.1088336E7
1.0739248E7
1.03844E7
1.0024168E7
9658968.0
9289256.0
8915456.0
8538048.0
8157536.0
7774376.0
7389016.0
7001904.0
6613448.0
6224024.0
5833952.0
5443504.0
5052928.0
4662360.0
4271936.0
3881728.0
3491760.0
3102000.0
2712384.0
2322808.0
1933184.0
1543392.0
1153312.0
762856.0
371920.0
-19496.0
-411400.0
-803712.0
-1196264.0
-1588840.0
-1981080.0
-2372584.0
-2762808.0
-3151128.0
-3536792.0
-3919000.0
-4296784.0
-4669152.0
-5034984.0
-5393128.0
-5742320.0
-6081304.0
-6408736.0
-6723264.0
-7023536.0
-7308192.0
-7575872.0
-7825264.0
-8055048.0
-8263976.0
-8450896.0
-8614664.0
-8754232.0
-8868624.0
-8956984.0
-9018536.0
-9052592.0
-9058616.0
-9036144.0
-8984832.0
-8904488.0
-8795016.0
-8656424.0
-8488904.0
-8292688.0
-8068200.0
-7815920.0
-7536488.0
-7230640.0
-6899184.0
-6543056.0
-6163256.0
-5760880.0
-5337072.0
-4893056.0
-4430064.0
-3949400.0
-3452360.0
-2940280.0
-2414472.0
-1876296.0
-1327032.0
-767992.0
-200456.0
374328.0
955128.0
1540752.0
2130056.0
2721888.0
3315104.0
3908656.0
4501504.0
5092608.0
5680976.0
6265688.0
6845816.0
7420512.0
7988968.0
8550440.0
9104224.0
9649712.0
1.0186344E7
1.0713648E7
1.1231216E7
1.173872E7
1.223588E7
1.2722504E7
1.3198416E7
1.3663536E7
1.4117752E7
1.4561024E7
1.499332E7
1.5414584E7
1.582476E7
1.622376E7
1.6611488E7
1.6987792E7
1.735248E7
1.7705336E7
1.8046088E7
1.83744E7
1.8689896E7
1.8992192E7
1.9280848E7
1.9555384E7
1.9815312E7
2.0060128E7
2.0289296E7
2.0502296E7
2.0698624E7
2.0877744E7
2.1039176E7
2.118244E7
2.1307096E7
2.141272E7
2.1498944E7
2.156544E7
2.1611928E7
2.1638176E7
2.1644E7
2.162928E7
2.1593984E7
2.153808E7
2.1461656E7
2.1364832E7
2.1247792E7
2.11108E7
2.0954144E7
2.0778192E7
2.0583368E7
2.0370144E7
2.0139E7
1.9890496E7
1.962524E7
1.9343816E7
1.9046856E7
1.8735024E7
1.840896E7
1.8069336E7
1.7716832E7
1.7352064E7
1.6975688E7
1.6588312E7
1.6190528E7
1.578292E7
1.5366016E7
1.4940344E7
1.4506392E7
1.4064616E7
1.3615464E7
1.3159344E7
1.2696704E7
1.2227912E7
1.1753392E7
1.1273536E7
1.0788768E7
1.0299528E7
9806264.0
9309440.0
8809584.0
8307232.0
7802968.0
7297432.0
6791312.0
6285296.0
5780160.0
5276760.0
4775960.0
4278720.0
3786016.0
3298912.0
2818472.0
2345864.0
1882224.0
1428784.0
986752.0
557336.0
141736.0
-258848.0
-643304.0
-1010520.0
-1359512.0
-1689296.0
-1999040.0
-2288056.0
-2555688.0
-2801416.0
-3024880.0
-3225792.0
-3404008.0
-3559464.0
-3692240.0
-3802464.0
-3890360.0
-3956192.0
-4000304.0
-4023056.0
-4024824.0
-4006008.0
-3967000.0
-3908200.0
-3829936.0
-3732600.0
-3616512.0
-3481976.0
-3329320.0
-3158840.0
-2970840.0
-2765608.0
-2543504.0
-2304888.0
-2050112.0
-1779656.0
-1493984.0
-1193616.0
-879176.0
-551264.0
-210616.0
142048.0
505912.0
880144.0
1263872.0
1656208.0
2056192.0
2462896.0
2875400.0
3292728.0
3713912.0
4138112.0
4564392.0
4991880.0
5419744.0
5847216.0
6273552.0
6698032.0
7120040.0
7538968.0
7954280.0
8365496.0
8772176.0
9173920.0
9570424.0
9961336.0
1.034644E7
1.072548E7
1.1098248E7
1.1464576E7
1.1824264E7
1.217716E7
1.252308E7
1.2861848E7
1.3193264E7
1.3517112E7
1.3833128E7
1.414108E7
1.4440648E7
1.473148E7
1.5013256E7
1.5285576E7
1.554804E7
1.5800248E7
1.6041768E7
1.62722E7
1.6491128E7
1.6698152E7
1.6892936E7
1.7075088E7
1.7244352E7
1.7400448E7
1.754312E7
1.7672192E7
1.7787496E7
1.7888928E7
1.7976384E7
1.8049784E7
1.8109128E7
1.8154392E7
1.8185592E7
1.8202776E7
1.8205968E7
1.8195288E7
1.8170784E7
1.8132616E7
1.8080904E7
1.8015824E7
1.793756E7
1.7846368E7
1.7742472E7
1.7626184E7
1.7497824E7
1.7357768E7
1.7206416E7
1.704424E7
1.687172E7
1.66894E7
1.6497856E7
1.6297736E7
1.6089752E7
1.5874616E7
1.5653136E7
1.5426144E7
1.5194568E7
1.495936E7
1.4721544E7
1.448216E7
1.4242352E7
1.4003264E7
1.3766096E7
1.3532056E7
1.3302392E7
1.3078336E7
1.2861112E7
1.265192E7
1.2451912E7
1.22622E7
1.2083808E7
1.1917656E7
1.1764536E7
1.1625144E7
1.1499968E7
1.1389376E7
1.1293552E7
1.1212472E7
1.114596E7
1.1093584E7
1.105476E7
1.1028704E7
1.101444E7
1.101084E7
1.1016624E7
1.1030368E7
1.1050552E7
1.1075576E7
1.11038E7
1.113352E7
1.1163088E7
1.1190872E7
1.1215304E7
1.1234872E7
1.1248256E7
1.1254184E7
1.12516E7
1.1239592E7
1.12174E7
1.1184464E7
1.1140392E7
1.1084992E7
1.1018176E7
1.0940072E7
1.0850912E7
1.0751064E7
1.064096E7
1.052116E7
1.0392256E7
1.025484E7
1.0109584E7
9957104.0
9798000.0
9632832.0
9462072.0
9286152.0
9105424.0
8920136.0
8730456.0
8536448.0
8338120.0
8135424.0
7928176.0
7716248.0
7499424.0
7277488.0
7050272.0
6817552.0
6579280.0
6335400.0
6085928.0
5831064.0
5571056.0
5306272.0
5037216.0
4764504.0
4488848.0
4211064.0
3932016.0
3652648.0
3373920.0
3096832.0
2822376.0
2551504.0
2285088.0
2024000.0
1768984.0
1520736.0
1279864.0
1046848.0
822128.0
606072.0
398920.0
200928.0
12240.0
-166936.0
-336520.0
-496344.0
-646288.0
-786192.0
-915912.0
-1035248.0
-1144032.0
-1242024.0
-1329048.0
-1404872.0
-1469336.0
-1522264.0
-1563512.0
-1593008.0
-1610720.0
-1616688.0
-1610984.0
-1593784.0
-1565336.0
-1525928.0
-1475912.0
-1415728.0
-1345816.0
-1266728.0
-1178944.0
-1083048.0
-979608.0
-869160.0
-752264.0
-629456.0
-501232.0
-368096.0
-230496.0
-88880.0
56360.0
204824.0
356136.0
509912.0
665800.0
823400.0
982328.0
1142144.0
1302432.0
1462696.0
1622424.0
1781072.0
1938032.0
2092704.0
2244384.0
2392368.0
2535896.0
2674192.0
2806440.0
2931784.0
3049376.0
3158328.0
3257792.0
3346936.0
3424888.0
3490880.0
3544208.0
3584184.0
3610272.0
3621992.0
3619048.0
3601216.0
3568504.0
3521008.0
3459072.0
3383160.0
3294000.0
3192448.0
3079544.0
2956560.0
2824880.0
2686080.0
2541856.0
2394048.0
2244576.0
2095456.0
1948744.0
1806536.0
1670928.0
1544016.0
1427816.0
1324288.0
1235344.0
1162696.0
1108008.0
1072744.0
1058216.0
1065536.0
1095640.0
1149240.0
1226848.0
1328752.0
1455000.0
1605456.0
1779720.0
1977184.0
2197064.0
2438328.0
2699784.0
2980048.0
3277576.0
3590704.0
3917624.0
4256432.0
4605152.0
4961744.0
5324128.0
5690216.0
6057936.0
6425264.0
6790192.0
7150800.0
7505256.0
7851840.0
8188960.0
8515096.0
8828936.0
9129288.0
9415088.0
9685472.0
9939736.0
1.0177312E7
1.039784E7
1.0601072E7
1.0786992E7
1.095572E7
1.110752E7
1.1242816E7
1.13622E7
1.1466392E7
1.1556256E7
1.1632752E7
1.1696968E7
1.1750088E7
1.1793352E7
1.1828128E7
1.1855784E7
1.1877744E7
1.189544E7
1.1910344E7
1.1923888E7
1.1937472E7
1.1952472E7
1.19702E7
1.1991904E7
1.2018728E7
1.2051688E7
1.2091744E7
1.2139704E7
1.21962E7
1.2261768E7
1.233676E7
1.2421344E7
1.251556E7
1.2619256E7
1.2732104E7
1.2853616E7
1.2983144E7
1.311992E7
1.3263008E7
1.341136E7
1.3563856E7
1.3719248E7
1.3876296E7
1.4033664E7
1.419008E7
1.4344192E7
1.4494776E7
1.4640584E7
1.4780464E7
1.4913344E7
1.5038256E7
1.515428E7
1.526064E7
1.5356624E7
1.5441632E7
1.5515128E7
1.5576672E7
1.5625896E7
1.5662456E7
1.5686104E7
1.5696584E7
1.5693688E7
1.5677248E7
1.564708E7
1.5603056E7
1.5544984E7
1.5472776E7
1.5386248E7
1.5285336E7
1.5169928E7
1.5039936E7
1.4895344E7
1.4736144E7
1.45624E7
1.4374216E7
1.4171736E7
1.3955208E7
1.3724944E7
1.3481328E7
1.3224824E7
1.2956E7
1.2675472E7
1.2383952E7
1.208224E7
1.1771224E7
1.1451816E7
1.1125024E7
1.0791888E7
1.045352E7
1.0111056E7
9765696.0
9418592.0
9070984.0
8724112.0
8379168.0
8037408.0
7700008.0
7368200.0
7043120.0
6725904.0
6417640.0
6119384.0
5832104.0
5556688.0
5293976.0
5044696.0
4809464.0
4588808.0
4383120.0
4192680.0
4017624.0
3857976.0
3713584.0
3584216.0
3469528.0
3368984.0
3282000.0
3207904.0
3145920.0
3095176.0
3054824.0
3023928.0
3001568.0
2986808.0
2978744.0
2976520.0
2979296.0
2986376.0
2997080.0
3010824.0
3027168.0
3045712.0
3066240.0
3088568.0
3112664.0
3138616.0
3166528.0
3196712.0
3229448.0
3265160.0
3304288.0
3347368.0
3394904.0
3447496.0
3505712.0
3570112.0
3641272.0
3719712.0
3805936.0
3900408.0
4003504.0
4115568.0
4236896.0
4367696.0
4508120.0
4658248.0
4818112.0
4987720.0
5166992.0
5355824.0
5554088.0
5761648.0
5978328.0
6203976.0
6438400.0
6681440.0
6932904.0
7192640.0
7460464.0
7736192.0
8019624.0
8310528.0
8608664.0
8913704.0
9225352.0
9543160.0
9866656.0
1.0195312E7
1.0528472E7
1.086544E7
1.120544E7
1.1547584E7
1.189092E7
1.223448E7
1.2577176E7
1.291792E7
1.325556E7
1.3589E7
1.391708E7
1.4238744E7
1.4552912E7
1.4858592E7
1.515488E7
1.5440952E7
1.571608E7
1.5979656E7
1.6231176E7
1.647024E7
1.6696616E7
1.691008E7
1.7110608E7
1.7298216E7
1.7473008E7
1.7635176E7
1.7784968E7
1.7922656E7
1.8048568E7
1.8163048E7
1.8266456E7
1.8359168E7
1.8441536E7
1.851392E7
1.8576648E7
1.8630056E7
1.8674464E7
1.8710136E7
1.8737336E7
1.8756288E7
1.8767224E7
1.8770312E7
1.8765728E7
1.8753616E7
1.873408E7
1.8707224E7
1.8673096E7
1.8631752E7
1.8583232E7
1.8527512E7
1.8464592E7
1.8394432E7
1.8317032E7
1.8232336E7
1.8140312E7
1.8040968E7
1.7934288E7
1.7820312E7
1.7699128E7
1.7570848E7
1.743568E7
1.7293864E7
1.714576E7
1.699176E7
1.6832384E7
1.666824E7
1.65E7
1.6328448E7
1.6154424E7
1.5978896E7
1.5802848E7
1.5627352E7
1.5453512E7
1.5282432E7
1.511532E7
1.4953288E7
1.4797488E7
1.4649024E7
1.4508928E7
1.4378232E7
1.4257816E7
1.4148552E7
1.4051152E7
1.3966256E7
1.38944E7
1.3836008E7
1.3791328E7
1.3760576E7
1.3743856E7
1.3741104E7
1.3752224E7
1.3777032E7
1.3815216E7
1.3866456E7
1.3930352E7
1.4006496E7
1.4094384E7
1.4193576E7
1.43036E7
1.4423936E7
1.4554128E7
1.4693696E7
1.4842152E7
1.4999048E7
1.5163904E7
1.5336248E7
1.5515592E7
1.5701408E7
1.5893128E7
1.6090192E7
1.6291872E7
1.6497464E7
1.6706136E7
1.6917008E7
1.712908E7
1.7341288E7
1.7552488E7
1.7761424E7
1.7966808E7
1.8167288E7
1.8361472E7
1.854792E7
1.8725232E7
1.8892016E7
1.9046896E7
1.9188608E7
1.9315952E7
1.9427816E7
1.952328E7
1.9601552E7
1.9661984E7
1.9704184E7
1.972788E7
1.9733072E7
1.9719952E7
1.9688912E7
1.964056E7
1.9575744E7
1.9495464E7
1.9400904E7
1.92934E7
1.9174448E7
1.9045648E7
1.8908672E7
1.8765296E7
1.8617272E7
1.8466392E7
1.83144E7
1.8163048E7
1.8013936E7
1.7868616E7
1.772848E7
1.7594848E7
1.7468824E7
1.7351352E7
1.7243264E7
1.714516E7
1.7057504E7
1.6980552E7
1.6914456E7
1.685916E7
1.681452E7
1.6780248E7
1.6755944E7
1.6741136E7
1.6735296E7
1.6737816E7
1.6748072E7
1.6765416E7
1.6789216E7
1.6818816E7
1.6853592E7
1.6892944E7
1.6936328E7
1.6983184E7
1.7033016E7
1.7085368E7
1.7139792E7
1.7195912E7
1.7253344E7
1.731172E7
1.7370704E7
1.7429984E7
1.7489216E7
1.754808E7
1.7606296E7
1.7663488E7
1.7719368E7
1.7773576E7
1.7825792E7
1.7875656E7
1.7922856E7
1.7967048E7
1.800792E7
1.8045136E7
1.8078456E7
1.8107608E7
1.8132384E7
1.8152592E7
1.816812E7
1.8178896E7
1.8184896E7
1.8186192E7
1.8182896E7
1.81752E7
1.8163376E7
1.8147776E7
1.8128792E7
1.8106936E7
1.8082768E7
1.8056856E7
1.8029952E7
1.8002736E7
1.7976016E7
1.7950592E7
1.7927288E7
1.7906992E7
1.7890568E7
1.7878864E7
1.7872752E7
1.7873064E7
1.7880608E7
1.7896112E7
1.7920304E7
1.7953808E7
1.7997216E7
1.8050984E7
1.811552E7
1.8191104E7
1.8277944E7
1.8376112E7
1.8485552E7
1.860612E7
1.8737552E7
1.8879448E7
1.9031336E7
1.919256E7
1.9362408E7
1.9540088E7
1.9724672E7
1.9915208E7
2.0110616E7
2.0309832E7
2.0511664E7
2.0715E7
2.0918608E7
2.1121328E7
2.1321992E7
2.1519432E7
2.1712552E7
2.1900296E7
2.2081656E7
2.2255744E7
2.2421688E7
2.2578784E7
2.2726352E7
2.2863864E7
2.2990896E7
2.3107144E7
2.3212384E7
2.3306552E7
2.3389696E7
2.3461944E7
2.3523568E7
2.3574928E7
2.3616496E7
2.3648832E7
2.367256E7
2.3688392E7
2.3697112E7
2.3699536E7
2.3696504E7
2.3688912E7
2.3677632E7
2.366352E7
2.3647408E7
2.3630128E7
2.3612392E7
2.3594904E7
2.3578256E7
2.3562952E7
2.3549416E7
2.3537944E7
2.3528792E7
2.352204E7
2.3517736E7
2.3515792E7
2.3516072E7
2.3518336E7
2.3522304E7
2.3527672E7
2.3534072E7
2.3541168E7
2.3548576E7
2.3555968E7
2.3563088E7
2.3569672E7
2.3575544E7
2.3580616E7
2.3584864E7
2.3588384E7
2.3591312E7
2.3593904E7
2.3596496E7
2.3599496E7
2.3603376E7
2.3608656E7
2.361592E7
2.3625752E7
2.3638768E7
2.3655616E7
2.3676832E7
2.3703048E7
2.373476E7
2.377248E7
2.3816592E7
2.386752E7
2.3925504E7
2.3990768E7
2.4063416E7
2.4143544E7
2.4231064E7
2.4325888E7
2.4427792E7
2.4536512E7
2.465168E7
2.4772896E7
2.4899632E7
2.5031392E7
2.5167544E7
2.5307464E7
2.5450464E7
2.5595848E7
2.574288E7
2.58908E7
2.6038904E7
2.6186416E7
2.6332608E7
2.6476768E7
2.6618224E7
2.6756312E7
2.689044E7
2.7020032E7
2.7144632E7
2.7263776E7
2.737712E7
2.7484344E7
2.7585264E7
2.7679728E7
2.7767664E7
2.7849072E7
2.7924016E7
2.7992616E7
2.8055032E7
2.8111464E7
2.8162112E7
2.82072E7
2.8246928E7
2.8281472E7
2.8310952E7
2.8335432E7
2.8354928E7
2.8369368E7
2.8378576E7
2.8382288E7
2.8380224E7
2.8371928E7
2.8356904E7
2.8334632E7
2.8304488E7
2.8265832E7
2.8218016E7
2.8160384E7
2.8092288E7
2.801312E7
2.792236E7
2.7819504E7
2.7704144E7
2.7575968E7
2.7434752E7
2.728032E7
2.7112688E7
2.6931872E7
2.6738024E7
2.653132E7
2.6312048E7
2.6080528E7
2.5837112E7
2.5582176E7
2.5316152E7
2.5039408E7
2.4752336E7
2.4455296E7
2.4148656E7
2.3832688E7
2.3507656E7
2.3173768E7
2.2831144E7
2.2479936E7
2.2120192E7
2.1751872E7
2.1374968E7
2.0989368E7
2.059492E7
2.0191488E7
1.9778864E7
1.9356824E7
1.8925128E7
1.8483536E7
1.8031816E7
1.7569728E7
1.7097032E7
1.6613568E7
1.6119144E7
1.5613664E7
1.5097064E7
1.456932E7
1.4030512E7
1.34808E7
1.29204E7
1.234968E7
1.1769056E7
1.117912E7
1.0580536E7
9974168.0
9360944.0
8741952.0
8118456.0
7491776.0
6863424.0
6234976.0
5608144.0
4984744.0
4366560.0
3755528.0
3153536.0
2562504.0
1984280.0
1420680.0
873400.0
344088.0
-165808.0
-654960.0
-1122208.0
-1566592.0
-1987256.0
-2383624.0
-2755224.0
-3101792.0
-3423248.0
-3719600.0
-3991032.0
-4237840.0
-4460384.0
-4659136.0
-4834576.0
-4987264.0
-5117752.0
-5226600.0
-5314360.0
-5381528.0
-5428632.0
-5456104.0
-5464392.0
-5453824.0
-5424760.0
-5377496.0
-5312280.0
-5229352.0
-5128928.0
-5011184.0
-4876312.0
-4724480.0
-4555880.0
-4370696.0
-4169136.0
-3951448.0
-3717856.0
-3468672.0
-3204208.0
-2924816.0
-2630872.0
-2322800.0
-2001064.0
-1666136.0
-1318544.0
-958800.0
-587488.0
-205136.0
187632.0
590248.0
1002128.0
1422624.0
1851168.0
2287088.0
2729784.0
3178568.0
3632808.0
4091760.0
4554704.0
5020848.0
5489408.0
5959488.0
6430224.0
6900632.0
7369720.0
7836472.0
8299816.0
8758664.0
9211880.0
9658360.0
1.0096976E7
1.05266E7
1.0946096E7
1.1354368E7
1.1750336E7
1.2132936E7
1.2501128E7
1.2853904E7
1.3190264E7
1.3509232E7
1.3809872E7
1.4091208E7
1.4352336E7
1.4592328E7
1.4810224E7
1.5005112E7
1.5176088E7
1.5322176E7
1.5442472E7
1.5536032E7
1.5601952E7
1.563932E7
1.5647304E7
1.5625088E7
1.5571896E7
1.5487112E7
1.5370144E7
1.5220576E7
1.5038072E7
1.4822512E7
1.4573896E7
1.429244E7
1.397848E7
1.3632608E7
1.325556E7
1.284828E7
1.2411872E7
1.19476E7
1.1456896E7
1.0941304E7
1.0402488E7
9842216.0
9262352.0
8664768.0
8051440.0
7424328.0
6785448.0
6136784.0
5480312.0
4818024.0
4151824.0
3483632.0
2815264.0
2148544.0
1485232.0
827000.0
175464.0
-467784.0
-1101280.0
-1723608.0
-2333400.0
-2929392.0
-3510408.0
-4075304.0
-4623096.0
-5152784.0
-5663496.0
-6154480.0
-6624984.0
-7074368.0
-7502104.0
-7907648.0
-8290568.0
-8650448.0
-8986928.0
-9299704.0
-9588472.0
-9852952.0
-1.009288E7
-1.0307984E7
-1.0498032E7
-1.0662808E7
-1.080204E7
-1.0915528E7
-1.1003072E7
-1.106448E7
-1.1099616E7
-1.1108376E7
-1.109072E7
-1.1046664E7
-1.0976312E7
-1.087984E7
-1.075752E7
-1.0609752E7
-1.0437032E7
-1.0239968E7
-1.0019344E7
-9776008.0
-9511016.0
-9225480.0
-8920720.0
-8598144.0
-8259296.0
-7905840.0
-7539560.0
-7162368.0
-6776200.0
-6383144.0
-5985296.0
-5584816.0
-5183952.0
-4784864.0
-4389792.0
-4000904.0
-3620296.0
-3250072.0
-2892168.0
-2548440.0
-2220624.0
-1910280.0
-1618824.0
-1347480.0
-1097304.0
-869136.0
-663632.0
-481224.0
-322152.0
-186440.0
-73944.0
15720.0
83096.0
128896.0
154000.0
159480.0
146488.0
116352.0
70496.0
10456.0
-62168.0
-145704.0
-238400.0
-338520.0
-444320.0
-554048.0
-666008.0
-778568.0
-890184.0
-999456.0
-1105096.0
-1205984.0
-1301200.0
-1390016.0
-1471928.0
-1546680.0
-1614264.0
-1674856.0
-1728936.0
-1777192.0
-1820536.0
-1860080.0
-1897120.0
-1933136.0
-1969680.0
-2008448.0
-2051200.0
-2099744.0
-2155848.0
-2221312.0
-2297880.0
-2387208.0
-2490888.0
-2610376.0
-2747024.0
-2902072.0
-3076592.0
-3271520.0
-3487656.0
-3725616.0
-3985920.0
-4268904.0
-4574736.0
-4903456.0
-5254936.0
-5628944.0
-6025040.0
-6442640.0
-6881064.0
-7339432.0
-7816736.0
-8311840.0
-8823464.0
-9350168.0
-9890456.0
-1.0442664E7
-1.1005024E7
-1.1575712E7
-1.2152808E7
-1.2734296E7
-1.3318168E7
-1.3902336E7
-1.4484744E7
-1.506328E7
-1.563588E7
-1.620052E7
-1.6755248E7
-1.7298112E7
-1.7827288E7
-1.8341016E7
-1.8837688E7
-1.9315744E7
-1.9773728E7
-2.021036E7
-2.0624416E7
-2.1014792E7
-2.138052E7
-2.1720712E7
-2.203456E7
-2.232136E7
-2.258048E7
-2.2811368E7
-2.301348E7
-2.3186376E7
-2.332964E7
-2.3442904E7
-2.352576E7
-2.3577904E7
-2.3598984E7
-2.3588696E7
-2.3546752E7
-2.3472816E7
-2.3366608E7
-2.3227824E7
-2.3056168E7
-2.2851344E7
-2.2613064E7
-2.234104E7
-2.2034984E7
-2.169464E7
-2.1319736E7
-2.0910064E7
-2.0465416E7
-1.9985648E7
-1.9470672E7
-1.8920432E7
-1.8335E7
-1.7714504E7
-1.7059216E7
-1.6369488E7
-1.5645856E7
-1.4889E7
-1.4099784E7
-1.3279216E7
-1.2428536E7
-1.15492E7
-1.0642848E7
-9711360.0
-8756792.0
-7781496.0
-6787920.0
-5778784.0
-4756952.0
-3725448.0
-2687424.0
-1646112.0
-604872.0
432944.0
1463984.0
2484872.0
3492336.0
4483168.0
5454296.0
6402768.0
7325768.0
8220720.0
9085152.0
9916840.0
1.0713736E7
1.1474008E7
1.2195952E7
1.2878128E7
1.3519224E7
1.4118112E7
1.467384E7
1.5185592E7
1.5652712E7
1.6074704E7
1.6451184E7
1.6781936E7
1.7066864E7
1.7306064E7
1.7499704E7
1.7648168E7
1.7751944E7
1.7811688E7
1.7828216E7
1.7802504E7
1.7735656E7
1.762892E7
1.7483744E7
1.7301632E7
1.7084296E7
1.6833512E7
1.6551216E7
1.6239416E7
1.5900208E7
1.55358E7
1.5148472E7
1.474052E7
1.4314352E7
1.3872328E7
1.3416912E7
1.2950544E7
1.2475656E7
1.1994672E7
1.151E7
1.1023992E7
1.0538936E7
1.0057088E7
9580592.0
9111488.0
8651752.0
8203160.0
7767472.0
7346208.0
6940832.0
6552584.0
6182608.0
5831904.0
5501256.0
5191368.0
4902768.0
4635792.0
4390712.0
4167616.0
3966408.0
3786912.0
3628784.0
3491536.0
3374536.0
3277032.0
3198112.0
3136792.0
3091848.0
3062056.0
3046000.0
3042216.0
3049096.0
3065032.0
3088288.0
3117184.0
3149936.0
3184848.0
3220248.0
3254472.0
3286008.0
3313416.0
3335392.0
3350752.0
3358504.0
3357784.0
3347928.0
3328440.0
3298976.0
3259400.0
3209744.0
3150160.0
3080968.0
3002576.0
2915552.0
2820512.0
2718160.0
2609232.0
2494504.0
2374736.0
2250712.0
2123152.0
1992728.0
1860064.0
1725688.0
1590048.0
1453488.0
1316248.0
1178512.0
1040264.0
901456.0
761960.0
621472.0
479680.0
336176.0
190472.0
42024.0
-109672.0
-265280.0
-425352.0
-590552.0
-761448.0
-938664.0
-1122688.0
-1314072.0
-1513240.0
-1720584.0
-1936424.0
-2160952.0
-2394352.0
-2636600.0
-2887664.0
-3147368.0
-3415440.0
-3691480.0
-3975024.0
-4265456.0
-4562128.0
-4864240.0
-5171008.0
-5481472.0
-5794696.0
-6109712.0
-6425488.0
-6741024.0
-7055312.0
-7367376.0
-7676256.0
-7981072.0
-8281008.0
-8575296.0
-8863248.0
-9144328.0
-9417976.0
-9683832.0
-9941552.0
-1.019092E7
-1.04318E7
-1.066412E7
-1.0887904E7
-1.1103256E7
-1.1310328E7
-1.1509328E7
-1.1700576E7
-1.1884376E7
-1.2061104E7
-1.2231184E7
-1.2395072E7
-1.2553216E7
-1.270612E7
-1.2854224E7
-1.2998072E7
-1.3138048E7
-1.32746E7
-1.3408056E7
-1.353876E7
-1.366692E7
-1.3792696E7
-1.3916144E7
-1.4037232E7
-1.41558E7
-1.4271616E7
-1.438432E7
-1.4493464E7
-1.4598512E7
-1.4698808E7
-1.4793672E7
-1.4882312E7
-1.496388E7
-1.5037528E7
-1.5102352E7
-1.515744E7
-1.5201896E7
-1.5234824E7
-1.5255384E7
-1.5262752E7
-1.52562E7
-1.5235056E7
-1.519868E7
-1.51466E7
-1.5078376E7
-1.499372E7
-1.4892376E7
-1.4774264E7
-1.4639384E7
-1.4487848E7
-1.431988E7
-1.4135768E7
-1.3935976E7
-1.3721008E7
-1.3491496E7
-1.3248152E7
-1.2991776E7
-1.2723232E7
-1.244348E7
-1.2153568E7
-1.1854544E7
-1.1547552E7
-1.1233752E7
-1.0914376E7
-1.059064E7
-1.0263808E7
-9935120.0
-9605824.0
-9277152.0
-8950304.0
-8626432.0
-8306656.0
-7992016.0
-7683504.0
-7382048.0
-7088448.0
-6803496.0
-6527856.0
-6262096.0
-6006728.0
-5762168.0
-5528776.0
-5306808.0
-5096488.0
-4897944.0
-4711312.0
-4536640.0
-4373976.0
-4223328.0
-4084704.0
-3958104.0
-3843520.0
-3740976.0
-3650496.0
-3572112.0
-3505872.0
-3451856.0
-3410152.0
-3380840.0
-3364032.0
-3359824.0
-3368312.0
-3389600.0
-3423752.0
-3470824.0
-3530848.0
-3603824.0
-3689720.0
-3788440.0
-3899880.0
-4023856.0
-4160176.0
-4308552.0
-4468672.0
-4640168.0
-4822616.0
-5015560.0
-5218504.0
-5430896.0
-5652208.0
-5881848.0
-6119240.0
-6363840.0
-6615072.0
-6872448.0
-7135464.0
-7403704.0
-7676776.0
-7954376.0
-8236216.0
-8522080.0
-8811840.0
-9105320.0
-9402464.0
-9703168.0
-1.000736E7
-1.031496E7
-1.0625856E7
-1.093992E7
-1.1256936E7
-1.1576696E7
-1.1898872E7
-1.2223112E7
-1.2548968E7
-1.2875944E7
-1.3203456E7
-1.3530904E7
-1.38576E7
-1.4182816E7
-1.4505824E7
-1.482584E7
-1.5142064E7
-1.5453688E7
-1.5759968E7
-1.6060096E7
-1.6353328E7
-1.6638928E7
-1.6916208E7
-1.7184504E7
-1.7443216E7
-1.7691736E7
-1.7929544E7
-1.8156112E7
-1.8370968E7
-1.8573688E7
-1.876384E7
-1.894104E7
-1.910488E7
-1.9255024E7
-1.939108E7
-1.9512696E7
-1.9619496E7
-1.971112E7
-1.9787176E7
-1.9847304E7
-1.9891136E7
-1.9918288E7
-1.9928408E7
-1.9921176E7
-1.989624E7
-1.9853352E7
-1.979228E7
-1.9712824E7
-1.9614872E7
-1.949836E7
-1.9363336E7
-1.920988E7
-1.9038224E7
-1.8848632E7
-1.8641512E7
-1.8417376E7
-1.8176808E7
-1.7920536E7
-1.7649424E7
-1.7364392E7
-1.7066496E7
-1.6756904E7
-1.6436872E7
-1.6107776E7
-1.5771064E7
-1.5428248E7
-1.5080888E7
-1.4730632E7
-1.4379128E7
-1.4028024E7
-1.3678984E7
-1.333364E7
-1.299356E7
-1.2660264E7
-1.2335192E7
-1.2019672E7
-1.1714928E7
-1.1422072E7
-1.1142056E7
-1.0875712E7
-1.0623752E7
-1.038668E7
-1.0164896E7
-9958624.0
-9767992.0
-9592976.0
-9433376.0
-9288912.0
-9159184.0
-9043672.0
-8941752.0
-8852728.0
-8775792.0
-8710056.0
-8654560.0
-8608264.0
-8570080.0
-8538824.0
-8513272.0
-8492168.0
-8474176.0
-8457944.0
-8442104.0
-8425232.0
-8406000.0
-8383040.0
-8355008.0
-8320664.0
-8278856.0
-8228496.0
-8168616.0
-8098464.0
-8017336.0
-7924776.0
-7820464.0
-7704280.0
-7576296.0
-7436768.0
-7286096.0
-7124896.0
-6953912.0
-6774040.0
-6586272.0
-6391736.0
-6191592.0
-5987128.0
-5779600.0
-5570304.0
-5360560.0
-5151640.0
-4944824.0
-4741320.0
-4542312.0
-4348928.0
-4162224.0
-3983200.0
-3812816.0
-3651904.0
-3501296.0
-3361704.0
-3233784.0
-3118112.0
-3015176.0
-2925384.0
-2849040.0
-2786360.0
-2737456.0
-2702320.0
-2680864.0
-2672840.0
-2677920.0
-2695680.0
-2725552.0
-2766872.0
-2818912.0
-2880864.0
-2951808.0
-3030832.0
-3116936.0
-3209136.0
-3306408.0
-3407760.0
-3512216.0
-3618848.0
-3726744.0
-3835080.0
-3943072.0
-4049984.0
-4155200.0
-4258136.0
-4358248.0
-4455104.0
-4548304.0
-4637520.0
-4722424.0
-4802776.0
-4878344.0
-4948928.0
-5014328.0
-5074400.0
-5128976.0
-5177880.0
-5221000.0
-5258128.0
-5289136.0
-5313840.0
-5332048.0
-5343568.0
-5348216.0
-5345736.0
-5335936.0
-5318568.0
-5293384.0
-5260120.0
-5218560.0
-5168408.0
-5109448.0
-5041440.0
-4964160.0
-4877416.0
-4781056.0
-4674952.0
-4559016.0
-4433232.0
-4297632.0
-4152344.0
-3997552.0
-3833552.0
-3660728.0
-3479568.0
-3290712.0
-3094872.0
-2892928.0
-2685840.0
-2474752.0
-2260880.0
-2045560.0
-1830256.0
-1616488.0
-1405896.0
-1200152.0
-1000920.0
-809952.0
-628920.0
-459480.0
-303232.0
-161656.0
-36144.0
72088.0
161936.0
232520.0
283112.0
313176.0
322448.0
310768.0
278256.0
225192.0
152048.0
59488.0
-51696.0
-180552.0
-326008.0
-486880.0
-661904.0
-849744.0
-1049064.0
-1258480.0
-1476600.0
-1702056.0
-1933568.0
-2169856.0
-2409736.0
-2652112.0
-2895976.0
-3140432.0
-3384688.0
-3628072.0
-3869992.0
-4109976.0
-4347640.0
-4582672.0
-4814824.0
-5043936.0
-5269840.0
-5492408.0
-5711488.0
-5926976.0
-6138664.0
-6346352.0
-6549816.0
-6748744.0
-6942776.0
-7131544.0
-7314616.0
-7491528.0
-7661824.0
-7824992.0
-7980576.0
-8128160.0
-8267328.0
-8397728.0
-8519104.0
-8631248.0
-8734056.0
-8827520.0
-8911696.0
-8986776.0
-9052984.0
-9110688.0
-9160272.0
-9202280.0
-9237224.0
-9265720.0
-9288408.0
-9305960.0
-9319136.0
-9328624.0
-9335200.0
-9339600.0
-9342600.0
-9344952.0
-9347416.0
-9350704.0
-9355552.0
-9362640.0
-9372640.0
-9386144.0
-9403752.0
-9425976.0
-9453288.0
-9486088.0
-9524696.0
-9569352.0
-9620208.0
-9677344.0
-9740760.0
-9810320.0
-9885832.0
-9966992.0
-1.0053416E7
-1.0144688E7
-1.0240256E7
-1.0339576E7
-1.0442024E7
-1.0546952E7
-1.0653704E7
-1.0761624E7
-1.0870088E7
-1.0978496E7
-1.1086256E7
-1.119292E7
-1.1298E7
-1.1401152E7
-1.150212E7
-1.1600664E7
-1.1696712E7
-1.1790184E7
-1.188116E7
-1.1969728E7
-1.2056064E7
-1.2140368E7
-1.2222872E7
-1.2303848E7
-1.2383552E7
-1.2462208E7
-1.2540072E7
-1.2617272E7
-1.2693936E7
-1.2770112E7
-1.284576E7
-1.2920776E7
-1.2994952E7
-1.3068016E7
-1.3139536E7
-1.320912E7
-1.3276192E7
-1.3340144E7
-1.3400312E7
-1.345596E7
-1.3506376E7
-1.3550752E7
-1.3588312E7
-1.361828E7
-1.3639928E7
-1.3652512E7
-1.3655384E7
-1.364796E7
-1.3629744E7
-1.3600344E7
-1.355948E7
-1.3507008E7
-1.3442928E7
-1.3367408E7
-1.32808E7
-1.3183608E7
-1.3076504E7
-1.29604E7
-1.2836344E7
-1.270556E7
-1.2569464E7
-1.2429592E7
-1.2287616E7
-1.214536E7
-1.2004656E7
-1.1867416E7
-1.1735592E7
-1.1611072E7
-1.1495752E7
-1.1391416E7
-1.129972E7
-1.1222232E7
-1.1160264E7
-1.1115008E7
-1.10874E7
-1.107816E7
-1.1087776E7
-1.111648E7
-1.1164248E7
-1.1230832E7
-1.1315752E7
-1.1418288E7
-1.1537504E7
-1.1672288E7
-1.1821392E7
-1.1983352E7
-1.2156616E7
-1.2339552E7
-1.2530408E7
-1.2727408E7
-1.2928736E7
-1.3132536E7
-1.3337008E7
-1.354036E7
-1.37408E7
-1.3936624E7
-1.4126192E7
-1.430792E7
-1.448032E7
-1.464196E7
-1.4791528E7
-1.49278E7
-1.5049648E7
-1.5156056E7
-1.5246104E7
-1.5318992E7
-1.5374016E7
-1.5410608E7
-1.5428304E7
-1.5426736E7
-1.5405696E7
-1.5365048E7
-1.5304776E7
-1.522504E7
-1.5126024E7
-1.500808E7
-1.487164E7
-1.4717272E7
-1.4545616E7
-1.4357392E7
-1.4153456E7
-1.3934696E7
-1.3702104E7
-1.3456752E7
-1.3199728E7
-1.2932216E7
-1.26554E7
-1.2370552E7
-1.2078928E7
-1.1781784E7
-1.1480448E7
-1.117616E7
-1.0870248E7
-1.056392E7
-1.0258432E7
-9954952.0
-9654624.0
-9358568.0
-9067800.0
-8783320.0
-8506032.0
-8236744.0
-7976248.0
-7725176.0
-7484136.0
-7253616.0
-7034008.0
-6825600.0
-6628592.0
-6443088.0
-6269088.0
-6106488.0
-5955112.0
-5814696.0
-5684880.0
-5565248.0
-5455328.0
-5354592.0
-5262488.0
-5178432.0
-5101840.0
-5032120.0
-4968736.0
-4911120.0
-4858792.0
-4811312.0
-4768312.0
-4729424.0
-4694432.0
-4663128.0
-4635360.0
-4611096.0
-4590296.0
-4573000.0
-4559296.0
-4549320.0
-4543184.0
-4541088.0
-4543240.0
-4549872.0
-4561208.0
-4577528.0
-4599104.0
-4626272.0
-4659352.0
-4698776.0
-4744936.0
-4798312.0
-4859456.0
-4928960.0
-5007480.0
-5095728.0
-5194480.0
-5304608.0
-5426944.0
-5562440.0
-5712080.0
-5876816.0
-6057672.0
-6255608.0
-6471592.0
-6706544.0
-6961344.0
-7236824.0
-7533664.0
-7852544.0
-8193968.0
-8558392.0
-8946080.0
-9357240.0
-9791904.0
-1.0250024E7
-1.0731408E7
-1.123572E7
-1.1762544E7
-1.2311328E7
-1.2881464E7
-1.3472192E7
-1.4082728E7
-1.4712192E7
-1.5359616E7
-1.6024E7
-1.6704304E7
-1.7399376E7
-1.8108088E7
-1.882924E7
-1.9561552E7
-2.0303736E7
-2.1054432E7
-2.1812208E7
-2.2575592E7
-2.3343056E7
-2.4113016E7
-2.4883816E7
-2.5653736E7
-2.6421032E7
-2.7183936E7
-2.7940608E7
-2.8689232E7
-2.9427984E7
-3.0155064E7
-3.0868736E7
-3.156728E7
-3.224912E7
-3.2912736E7
-3.3556736E7
-3.4179888E7
-3.4781088E7
-3.5359416E7
-3.591408E7
-3.6444512E7
-3.6950288E7
-3.7431184E7
-3.7887104E7
-3.8318168E7
-3.8724624E7
-3.9106824E7
-3.9465304E7
-3.980072E7
-4.011376E7
-4.0405272E7
-4.0676128E7
-4.0927272E7
-4.1159696E7
-4.1374408E7
-4.1572464E7
-4.1754896E7
-4.1922744E7
-4.2077048E7
-4.2218808E7
-4.2349008E7
-4.2468592E7
-4.2578464E7
-4.267948E7
-4.2772456E7
-4.2858112E7
-4.2937152E7
-4.3010184E7
-4.307776E7
-4.314036E7
-4.3198392E7
-4.32522E7
-4.3302008E7
-4.3348024E7
-4.3390344E7
-4.3428984E7
-4.3463888E7
-4.349492E7
-4.3521896E7
-4.354452E7
-4.3562448E7
-4.3575256E7
-4.3582424E7
-4.3583416E7
-4.3577568E7
-4.35642E7
-4.3542528E7
-4.3511728E7
-4.3470888E7
-4.3419096E7
-4.3355344E7
-4.3278592E7
-4.3187792E7
-4.3081872E7
-4.2959768E7
-4.2820392E7
-4.266272E7
-4.2485736E7
-4.2288536E7
-4.2070256E7
-4.1830144E7
-4.1567584E7
-4.1282016E7
-4.0973104E7
-4.0640616E7
-4.0284456E7
-3.9904736E7
-3.950168E7
-3.9075696E7
-3.862732E7
-3.8157272E7
-3.7666392E7
-3.7155616E7
-3.6626024E7
-3.6078816E7
-3.5515264E7
-3.4936728E7
-3.4344632E7
-3.3740472E7
-3.3125784E7
-3.2502144E7
-3.1871136E7
-3.12344E7
-3.0593528E7
-2.9950128E7
-2.9305792E7
-2.8662064E7
-2.8020424E7
-2.7382304E7
-2.674904E7
-2.612188E7
-2.5501976E7
-2.4890352E7
-2.4287864E7
-2.3695312E7
-2.3113296E7
-2.254228E7
-2.1982608E7
-2.1434456E7
-2.089784E7
-2.0372632E7
-1.9858656E7
-1.9355488E7
-1.8862656E7
-1.8379568E7
-1.7905512E7
-1.743968E7
-1.698124E7
-1.6529224E7
-1.6082672E7
-1.5640512E7
-1.5201744E7
-1.4765296E7
-1.4330136E7
-1.3895224E7
-1.3459624E7
-1.3022448E7
-1.2582872E7
-1.2140192E7
-1.1693816E7
-1.1243248E7
-1.07882E7
-1.0328456E7
-9864008.0
-9394968.0
-8921624.0
-8444384.0
-7963824.0
-7480624.0
-6995600.0
-6509648.0
-6023728.0
-5538920.0
-5056272.0
-4576904.0
-4101888.0
-3632288.0
-3169136.0
-2713392.0
-2265896.0
-1827456.0
-1398736.0
-980280.0
-572496.0
-175728.0
209848.0
584208.0
947360.0
1299448.0
1640704.0
1971400.0
2291856.0
2602408.0
2903416.0
3195160.0
3477912.0
3751888.0
4017208.0
4273840.0
4521720.0
4760632.0
4990256.0
5210128.0
5419696.0
5618312.0
5805224.0
5979616.0
6140608.0
6287320.0
6418808.0
6534136.0
6632440.0
6712856.0
6774584.0
6816912.0
6839192.0
6840896.0
6821584.0
6780920.0
6718704.0
6634856.0
6529408.0
6402488.0
6254360.0
6085432.0
5896184.0
5687208.0
5459232.0
5213048.0
4949576.0
4669784.0
4374752.0
4065616.0
3743576.0
3409888.0
3065872.0
2712832.0
2352128.0
1985112.0
1613152.0
1237584.0
859664.0
480680.0
101816.0
-275832.0
-651192.0
-1023352.0
-1391448.0
-1754760.0
-2112680.0
-2464664.0
-2810368.0
-3149496.0
-3481904.0
-3807536.0
-4126448.0
-4438776.0
-4744760.0
-5044680.0
-5338912.0
-5627872.0
-5912016.0
-6191768.0
-6467656.0
-6740128.0
-7009640.0
-7276616.0
-7541432.0
-7804416.0
-8065808.0
-8325800.0
-8584504.0
-8841896.0
-9097912.0
-9352384.0
-9605048.0
-9855528.0
-1.01034E7
-1.0348128E7
-1.0589136E7
-1.082576E7
-1.1057272E7
-1.1282928E7
-1.1501952E7
-1.1713512E7
-1.19168E7
-1.2111E7
-1.2295304E7
-1.2468944E7
-1.263116E7
-1.2781264E7
-1.2918624E7
-1.3042688E7
-1.3152944E7
-1.3248992E7
-1.3330552E7
-1.3397392E7
-1.3449432E7
-1.348668E7
-1.3509256E7
-1.351736E7
-1.3511344E7
-1.3491608E7
-1.3458632E7
-1.3413008E7
-1.3355336E7
-1.3286272E7
-1.3206496E7
-1.3116688E7
-1.3017512E7
-1.2909568E7
-1.2793464E7
-1.2669688E7
-1.253868E7
-1.24008E7
-1.225628E7
-1.2105296E7
-1.1947896E7
-1.178404E7
-1.1613584E7
-1.1436312E7
-1.1251912E7
-1.1060008E7
-1.0860168E7
-1.0651928E7
-1.0434752E7
-1.0208128E7
-9971544.0
-9724440.0
-9466376.0
-9196880.0
-8915592.0
-8622200.0
-8316472.0
-7998304.0
-7667672.0
-7324688.0
-6969624.0
-6602848.0
-6224872.0
-5836352.0
-5438104.0
-5031056.0
-4616312.0
-4195056.0
-3768576.0
-3338296.0
-2905752.0
-2472464.0
-2040080.0
-1610248.0
-1184656.0
-764952.0
-352816.0
50128.0
442344.0
822312.0
1188600.0
1539872.0
1874904.0
2192536.0
2491776.0
2771672.0
3031464.0
3270440.0
3488072.0
3683872.0
3857528.0
4008840.0
4137688.0
4244104.0
4328200.0
4390240.0
4430544.0
4449592.0
4447952.0
4426328.0
4385456.0
4326216.0
4249592.0
4156592.0
4048344.0
3925984.0
3790720.0
3643776.0
3486392.0
3319792.0
3145176.0
2963720.0
2776544.0
2584672.0
2389112.0
2190736.0
1990312.0
1788568.0
1586096.0
1383352.0
1180752.0
978592.0
777064.0
576288.0
376296.0
177080.0
-21440.0
-219400.0
-416944.0
-614264.0
-811528.0
-1008912.0
-1206584.0
-1404664.0
-1603264.0
-1802432.0
-2002184.0
-2202424.0
-2403080.0
-2603944.0
-2804744.0
-3005240.0
-3205024.0
-3403704.0
-3600840.0
-3795952.0
-3988536.0
-4178120.0
-4364224.0
-4546352.0
-4724112.0
-4897112.0
-5065016.0
-5227608.0
-5384656.0
-5536112.0
-5681920.0
-5822160.0
-5956984.0
-6086616.0
-6211352.0
-6331544.0
-6447616.0
-6560024.0
-6669256.0
-6775832.0
-6880280.0
-6983120.0
-7084904.0
-7186096.0
-7287232.0
-7388776.0
-7491200.0
-7594936.0
-7700408.0
-7808016.0
-7918168.0
-8031264.0
-8147672.0
-8267792.0
-8392032.0
-8520744.0
-8654320.0
-8793160.0
-8937592.0
-9088024.0
-9244736.0
-9408032.0
-9578144.0
-9755296.0
-9939608.0
-1.0131152E7
-1.0329928E7
-1.053588E7
-1.074884E7
-1.0968584E7
-1.1194808E7
-1.1427112E7
-1.1665024E7
-1.1908E7
-1.21554E7
-1.2406536E7
-1.26606E7
-1.2916768E7
-1.3174064E7
-1.3431488E7
-1.3687928E7
-1.394224E7
-1.419316E7
-1.4439368E7
-1.4679504E7
-1.4912128E7
-1.5135736E7
-1.534884E7
-1.5549872E7
-1.5737296E7
-1.5909624E7
-1.606536E7
-1.6203104E7
-1.6321504E7
-1.6419368E7
-1.6495632E7
-1.6549392E7
-1.6579904E7
-1.6586664E7
-1.6569392E7
-1.6528032E7
-1.6462784E7
-1.6374072E7
-1.6262624E7
-1.6129416E7
-1.5975632E7
-1.580272E7
-1.5612384E7
-1.540648E7
-1.5187088E7
-1.4956416E7
-1.4716824E7
-1.44708E7
-1.4220864E7
-1.396964E7
-1.3719752E7
-1.34738E7
-1.32344E7
-1.3004064E7
-1.278528E7
-1.2580376E7
-1.2391616E7
-1.222108E7
-1.2070696E7
-1.1942272E7
-1.183736E7
-1.1757352E7
-1.1703456E7
-1.1676632E7
-1.1677656E7
-1.1707088E7
-1.1765248E7
-1.185228E7
-1.196812E7
-1.2112496E7
-1.2284976E7
-1.2484936E7
-1.2711624E7
-1.2964144E7
-1.324144E7
-1.354244E7
-1.3865928E7
-1.421064E7
-1.4575272E7
-1.495852E7
-1.5359016E7
-1.577544E7
-1.6206464E7
-1.66508E7
-1.7107232E7
-1.7574512E7
-1.8051528E7
-1.8537168E7
-1.9030384E7
-1.9530232E7
-2.0035784E7
-2.0546168E7
-2.1060592E7
-2.1578272E7
-2.2098488E7
-2.262056E7
-2.31438E7
-2.3667584E7
-2.4191256E7
-2.4714208E7
-2.5235792E7
-2.5755352E7
-2.6272256E7
-2.67858E7
-2.7295304E7
-2.7800024E7
-2.8299176E7
-2.8792024E7
-2.9277688E7
-2.9755344E7
-3.0224088E7
-3.0683008E7
-3.1131152E7
-3.1567544E7
-3.1991208E7
-3.2401104E7
-3.279624E7
-3.317556E7
-3.3538016E7
-3.38826E7
-3.4208264E7
-3.4514E7
-3.4798816E7
-3.506176E7
-3.5301904E7
-3.5518376E7
-3.5710368E7
-3.587712E7
-3.6017944E7
-3.6132248E7
-3.621948E7
-3.6279224E7
-3.631112E7
-3.6314904E7
-3.6290384E7
-3.6237504E7
-3.6156248E7
-3.6046696E7
-3.5909008E7
-3.5743376E7
-3.5550152E7
-3.5329672E7
-3.508236E7
-3.480868E7
-3.4509152E7
-3.4184376E7
-3.3834984E7
-3.3461656E7
-3.3065136E7
-3.2646192E7
-3.2205704E7
-3.1744568E7
-3.1263736E7
-3.0764264E7
-3.0247224E7
-2.9713792E7
-2.9165216E7
-2.8602768E7
-2.8027824E7
-2.7441816E7
-2.684624E7
-2.624264E7
-2.5632592E7
-2.5017736E7
-2.4399728E7
-2.378024E7
-2.3160904E7
-2.2543392E7
-2.1929304E7
-2.1320168E7
-2.071748E7
-2.0122632E7
-1.9536888E7
-1.8961368E7
-1.8397112E7
-1.7844952E7
-1.73056E7
-1.6779552E7
-1.6267184E7
-1.5768672E7
-1.5284024E7
-1.4813128E7
-1.435568E7
-1.3911296E7
-1.3479464E7
-1.3059616E7
-1.265108E7
-1.2253184E7
-1.1865232E7
-1.148656E7
-1.1116488E7
-1.0754504E7
-1.0400032E7
-1.005272E7
-9712248.0
-9378448.0
-9051240.0
-8730720.0
-8417072.0
-8110592.0
-7811736.0
-7521008.0
-7239008.0
-6966408.0
-6703928.0
-6452336.0
-6212368.0
-5984784.0
-5770320.0
-5569600.0
-5383272.0
-5211840.0
-5055744.0
-4915312.0
-4790768.0
-4682224.0
-4589688.0
-4513056.0
-4452080.0
-4406480.0
-4375832.0
-4359640.0
-4357344.0
-4368320.0
-4391904.0
-4427344.0
-4473928.0
-4530920.0
-4597536.0
-4673008.0
-4756632.0
-4847648.0
-4945416.0
-5049248.0
-5158576.0
-5272856.0
-5391592.0
-5514368.0
-5640864.0
-5770784.0
-5903984.0
-6040320.0
-6179800.0
-6322496.0
-6468512.0
-6618088.0
-6771488.0
-6929056.0
-7091152.0
-7258160.0
-7430512.0
-7608600.0
-7792800.0
-7983480.0
-8180928.0
-8385360.0
-8596952.0
-8815768.0
-9041832.0
-9274992.0
-9515120.0
-9761928.0
-1.0015088E7
-1.0274168E7
-1.0538712E7
-1.0808184E7
-1.1082032E7
-1.1359608E7
-1.1640296E7
-1.1923408E7
-1.220824E7
-1.2494056E7
-1.2780104E7
-1.3065592E7
-1.3349704E7
-1.3631592E7
-1.3910368E7
-1.418512E7
-1.4454864E7
-1.4718656E7
-1.4975416E7
-1.522412E7
-1.5463688E7
-1.5693E7
-1.5911E7
-1.6116568E7
-1.6308656E7
-1.6486224E7
-1.6648288E7
-1.6794E7
-1.6922464E7
-1.7033016E7
-1.7125088E7
-1.7198192E7
-1.7252072E7
-1.7286576E7
-1.7301744E7
-1.7297816E7
-1.7275192E7
-1.7234456E7
-1.7176408E7
-1.7101992E7
-1.7012312E7
-1.6908672E7
-1.6792512E7
-1.6665392E7
-1.6528984E7
-1.6385056E7
-1.623548E7
-1.6082184E7
-1.5927088E7
-1.5772208E7
-1.5619488E7
-1.5470872E7
-1.5328256E7
-1.5193488E7
-1.5068256E7
-1.4954232E7
-1.4852848E7
-1.4765456E7
-1.4693208E7
-1.4637056E7
-1.4597736E7
-1.4575784E7
-1.4571504E7
-1.4584968E7
-1.4615976E7
-1.4664136E7
-1.47288E7
-1.4809104E7
-1.4903984E7
-1.5012136E7
-1.5132144E7
-1.5262432E7
-1.5401224E7
-1.554672E7
-1.5696984E7
-1.5850024E7
-1.6003856E7
-1.6156472E7
-1.630584E7
-1.6450016E7
-1.6587056E7
-1.6715144E7
-1.6832504E7
-1.6937488E7
-1.7028528E7
-1.7104224E7
-1.7163216E7
-1.7204368E7
-1.7226632E7
-1.7229096E7
-1.7210984E7
-1.7171704E7
-1.7110768E7
-1.7027824E7
-1.6922712E7
-1.67954E7
-1.6645968E7
-1.6474696E7
-1.6281992E7
-1.6068432E7
-1.5834736E7
-1.5581792E7
-1.5310616E7
-1.5022424E7
-1.4718512E7
-1.4400376E7
-1.4069632E7
-1.3728008E7
-1.3377328E7
-1.3019568E7
-1.2656704E7
-1.22908E7
-1.192396E7
-1.155824E7
-1.119572E7
-1.0838408E7
-1.0488208E7
-1.0146928E7
-9816288.0
-9497752.0
-9192696.0
-8902288.0
-8627448.0
-8368944.0
-8127280.0
-7902800.0
-7695624.0
-7505680.0
-7332712.0
-7176312.0
-7035928.0
-6910848.0
-6800312.0
-6703424.0
-6619216.0
-6546680.0
-6484792.0
-6432472.0
-6388632.0
-6352240.0
-6322224.0
-6297600.0
-6277344.0
-6260544.0
-6246312.0
-6233848.0
-6222360.0
-6211176.0
-6199640.0
-6187200.0
-6173360.0
-6157648.0
-6139664.0
-6119064.0
-6095512.0
-6068704.0
-6038344.0
-6004160.0
-5965856.0
-5923096.0
-5875568.0
-5822880.0
-5764632.0
-5700384.0
-5629656.0
-5551936.0
-5466704.0
-5373392.0
-5271480.0
-5160408.0
-5039712.0
-4908936.0
-4767688.0
-4615704.0
-4452816.0
-4278936.0
-4094184.0
-3898768.0
-3693072.0
-3477656.0
-3253216.0
-3020600.0
-2780808.0
-2534976.0
-2284304.0
-2030160.0
-1773880.0
-1516952.0
-1260816.0
-1006936.0
-756736.0
-511608.0
-272872.0
-41776.0
180528.0
393048.0
594840.0
785096.0
963200.0
1128592.0
1280888.0
1419808.0
1545200.0
1657056.0
1755432.0
1840488.0
1912488.0
1971760.0
2018688.0
2053696.0
2077256.0
2089832.0
2091920.0
2083968.0
2066472.0
2039832.0
2004464.0
1960736.0
1909008.0
1849568.0
1782688.0
1708648.0
1627656.0
1539968.0
1445768.0
1345288.0
1238744.0
1126392.0
1008416.0
885120.0
756752.0
623568.0
485880.0
343944.0
198088.0
48552.0
-104352.0
-260392.0
-419312.0
-580888.0
-744912.0
-911232.0
-1079688.0
-1250184.0
-1422608.0
-1596896.0
-1773008.0
-1950936.0
-2130648.0
-2312136.0
-2495416.0
-2680480.0
-2867296.0
-3055896.0
-3246192.0
-3438160.0
-3631688.0
-3826696.0
-4023048.0
-4220576.0
-4419112.0
-4618448.0
-4818352.0
-5018600.0
-5218952.0
-5419152.0
-5618968.0
-5818168.0
-6016528.0
-6213872.0
-6410016.0
-6604808.0
-6798160.0
-6989992.0
-7180200.0
-7368768.0
-7555648.0
-7740824.0
-7924240.0
-8105832.0
-8285544.0
-8463232.0
-8638696.0
-8811752.0
-8982080.0
-9149312.0
-9313008.0
-9472672.0
-9627712.0
-9777464.0
-9921248.0
-1.0058264E7
-1.0187736E7
-1.0308808E7
-1.0420616E7
-1.0522344E7
-1.0613096E7
-1.069204E7
-1.0758432E7
-1.0811472E7
-1.0850488E7
-1.0874864E7
-1.0884048E7
-1.0877568E7
-1.085504E7
-1.0816192E7
-1.0760792E7
-1.0688736E7
-1.0599992E7
-1.0494632E7
-1.0372752E7
-1.0234592E7
-1.00804E7
-9910512.0
-9725328.0
-9525264.0
-9310800.0
-9082432.0
-8840712.0
-8586192.0
-8319440.0
-8041080.0
-7751752.0
-7452096.0
-7142784.0
-6824544.0
-6498104.0
-6164280.0
-5823880.0
-5477784.0
-5126920.0
-4772296.0
-4414912.0
-4055848.0
-3696256.0
-3337272.0
-2980096.0
-2625920.0
-2275968.0
-1931416.0
-1593448.0
-1263144.0
-941576.0
-629680.0
-328360.0
-38344.0
239744.0
505432.0
758392.0
998424.0
1225528.0
1439840.0
1641584.0
1831224.0
2009256.0
2176320.0
2333112.0
2480440.0
2619104.0
2749920.0
2873712.0
2991264.0
3103336.0
3210552.0
3313504.0
3412672.0
3508408.0
3600968.0
3690464.0
3776888.0
3860128.0
3939928.0
4015968.0
4087768.0
4154816.0
4216520.0
4272208.0
4321184.0
4362696.0
4396032.0
4420472.0
4435280.0
4439792.0
4433368.0
4415448.0
4385528.0
4343144.0
4287968.0
4219752.0
4138264.0
4043448.0
3935288.0
3813864.0
3679368.0
3532024.0
3372208.0
3200312.0
3016872.0
2822432.0
2617672.0
2403304.0
2180120.0
1948960.0
1710704.0
1466320.0
1216800.0
963136.0
706368.0
447560.0
187760.0
-71992.0
-330664.0
-587248.0
-840816.0
-1090448.0
-1335296.0
-1574616.0
-1807712.0
-2034032.0
-2253048.0
-2464424.0
-2667920.0
-2863408.0
-3050864.0
-3230448.0
-3402400.0
-3567096.0
-3725024.0
-3876784.0
-4023064.0
-4164608.0
-4302280.0
-4436936.0
-4569480.0
-4700816.0
-4831848.0
-4963448.0
-5096432.0
-5231544.0
-5369424.0
-5510648.0
-5655632.0
-5804704.0
-5958040.0
-6115656.0
-6277480.0
-6443208.0
-6612504.0
-6784792.0
-6959440.0
-7135656.0
-7312600.0
-7489248.0
-7664624.0
-7837600.0
-8007072.0
-8171920.0
-8330992.0
-8483224.0
-8627576.0
-8763056.0
-8888808.0
-9004032.0
-9108096.0
-9200424.0
-9280648.0
-9348504.0
-9403872.0
-9446816.0
-9477512.0
-9496288.0
-9503632.0
-9500160.0
-9486592.0
-9463800.0
-9432736.0
-9394464.0
-9350120.0
-9300872.0
-9248008.0
-9192752.0
-9136408.0
-9080240.0
-9025520.0
-8973424.0
-8925104.0
-8881632.0
-8843960.0
-8812960.0
-8789368.0
-8773800.0
-8766720.0
-8768456.0
-8779208.0
-8799008.0
-8827752.0
-8865216.0
-8911032.0
-8964712.0
-9025656.0
-9093192.0
-9166552.0
-9244880.0
-9327328.0
-9412968.0
-9500888.0
-9590160.0
-9679880.0
-9769176.0
-9857232.0
-9943304.0
-1.002668E7
-1.0106752E7
-1.0182992E7
-1.025496E7
-1.0322312E7
-1.0384728E7
-1.0442056E7
-1.0494168E7
-1.0541024E7
-1.0582632E7
-1.0619056E7
-1.06504E7
-1.0676808E7
-1.069844E7
-1.071548E7
-1.0728136E7
-1.0736584E7
-1.074104E7
-1.074168E7
-1.0738728E7
-1.073236E7
-1.07228E7
-1.0710232E7
-1.069488E7
-1.067696E7
-1.0656744E7
-1.063448E7
-1.0610488E7
-1.0585072E7
-1.05586E7
-1.0531448E7
-1.050404E7
-1.0476824E7
-1.0450248E7
-1.0424808E7
-1.040096E7
-1.03792E7
-1.036E7
-1.0343792E7
-1.0330984E7
-1.0321952E7
-1.0317008E7
-1.0316408E7
-1.032036E7
-1.0328992E7
-1.0342384E7
-1.036056E7
-1.038348E7
-1.0411096E7
-1.0443312E7
-1.048004E7
-1.0521184E7
-1.056668E7
-1.0616472E7
-1.0670584E7
-1.0729064E7
-1.0792024E7
-1.0859648E7
-1.0932136E7
-1.1009752E7
-1.1092768E7
-1.118148E7
-1.1276176E7
-1.1377064E7
-1.148432E7
-1.1598048E7
-1.1718224E7
-1.1844696E7
-1.1977184E7
-1.2115248E7
-1.225828E7
-1.2405496E7
-1.2556008E7
-1.270872E7
-1.2862464E7
-1.301592E7
-1.316768E7
-1.3316344E7
-1.3460424E7
-1.359848E7
-1.3729064E7
-1.3850888E7
-1.3962664E7
-1.4063312E7
-1.4151888E7
-1.4227592E7
-1.4289848E7
-1.4338264E7
-1.437268E7
-1.4393104E7
-1.43998E7
-1.4393192E7
-1.4373936E7
-1.4342832E7
-1.430084E7
-1.4249072E7
-1.4188768E7
-1.412124E7
-1.4047872E7
-1.3970128E7
-1.3889472E7
-1.3807376E7
-1.3725288E7
-1.3644648E7
-1.3566792E7
-1.3493032E7
-1.3424568E7
-1.3362528E7
-1.330792E7
-1.3261656E7
-1.322452E7
-1.3197176E7
-1.3180184E7
-1.3173976E7
-1.3178832E7
-1.3194984E7
-1.3222448E7
-1.3261208E7
-1.3311104E7
-1.3371848E7
-1.344308E7
-1.352432E7
-1.3615008E7
-1.3714528E7
-1.382212E7
-1.3937024E7
-1.4058376E7
-1.418528E7
-1.4316824E7
-1.4452024E7
-1.4589888E7
-1.4729432E7
-1.4869664E7
-1.5009592E7
-1.514828E7
-1.5284808E7
-1.541832E7
-1.5548024E7
-1.5673232E7
-1.579332E7
-1.5907792E7
-1.6016312E7
-1.6118656E7
-1.6214712E7
-1.6304648E7
-1.6388672E7
-1.6467304E7
-1.6541128E7
-1.6611E7
-1.6677888E7
-1.6742984E7
-1.6807592E7
-1.6873192E7
-1.6941352E7
-1.7013768E7
-1.7092176E7
-1.7178376E7
-1.7274136E7
-1.7381256E7
-1.750144E7
-1.7636296E7
-1.778732E7
-1.7955872E7
-1.8143112E7
-1.8349992E7
-1.8577248E7
-1.8825392E7
-1.9094664E7
-1.9385056E7
-1.969628E7
-2.0027792E7
-2.03788E7
-2.0748248E7
-2.1134872E7
-2.1537128E7
-2.1953312E7
-2.2381528E7
-2.281968E7
-2.32656E7
-2.3716904E7
-2.4171208E7
-2.4626008E7
-2.5078784E7
-2.5526976E7
-2.5968064E7
-2.6399552E7
-2.6818968E7
-2.722396E7
-2.76122E7
-2.7981528E7
-2.8329864E7
-2.8655288E7
-2.8955968E7
-2.9230256E7
-2.947664E7
-2.9693752E7
-2.9880376E7
-3.0035456E7
-3.0158104E7
-3.0247568E7
-3.0303232E7
-3.0324696E7
-3.0311664E7
-3.0264016E7
-3.0181792E7
-3.0065176E7
-2.991452E7
-2.9730344E7
-2.9513312E7
-2.926424E7
-2.8984112E7
-2.867404E7
-2.833528E7
-2.7969248E7
-2.75774E7
-2.7161376E7
-2.6722856E7
-2.6263592E7
-2.5785344E7
-2.5289952E7
-2.4779192E7
-2.4254816E7
-2.3718584E7
-2.3172096E7
-2.2616952E7
-2.2054584E7
-2.1486352E7
-2.0913496E7
-2.0337136E7
-1.9758296E7
-1.9177888E7
-1.8596704E7
-1.8015496E7
-1.743492E7
-1.6855608E7
-1.6278088E7
-1.5702936E7
-1.5130656E7
-1.4561776E7
-1.3996808E7
-1.3436264E7
-1.288072E7
-1.233068E7
-1.1786696E7
-1.1249352E7
-1.0719168E7
-1.0196688E7
-9682432.0
-9176904.0
-8680520.0
-8193704.0
-7716816.0
-7250128.0
-6793848.0
-6348128.0
-5913064.0
-5488648.0
-5074808.0
-4671416.0
-4278272.0
-3895112.0
-3521648.0
-3157528.0
-2802352.0
-2455744.0
-2117256.0
-1786456.0
-1462880.0
-1146072.0
-835592.0
-530960.0
-231712.0
62544.0
352320.0
638008.0
920048.0
1198816.0
1474712.0
1748104.0
2019288.0
2288560.0
2556168.0
2822280.0
3087040.0
3350496.0
3612656.0
3873456.0
4132728.0
4390280.0
4645816.0
4899000.0
5149432.0
5396656.0
5640176.0
5879488.0
6114048.0
6343280.0
6566672.0
6783648.0
6993736.0
7196440.0
7391304.0
7577952.0
7756032.0
7925248.0
8085392.0
8236232.0
8377704.0
8509728.0
8632264.0
8745392.0
8849184.0
8943768.0
9029344.0
9106104.0
9174320.0
9234320.0
9286424.0
9331016.0
9368536.0
9399456.0
9424272.0
9443544.0
9457880.0
9467904.0
9474288.0
9477768.0
9479016.0
9478848.0
9478000.0
9477264.0
9477384.0
9479152.0
9483264.0
9490432.0
9501328.0
9516536.0
9536600.0
9562024.0
9593240.0
9630592.0
9674352.0
9724760.0
9781992.0
9846152.0
9917328.0
9995568.0
1.0080872E7
1.0173264E7
1.0272752E7
1.0379328E7
1.0492992E7
1.0613792E7
1.0741776E7
1.0877008E7
1.1019576E7
1.116956E7
1.1327048E7
1.1492128E7
1.1664864E7
1.1845336E7
1.2033504E7
1.2229344E7
1.243276E7
1.264356E7
1.2861528E7
1.3086328E7
1.3317576E7
1.3554808E7
1.3797456E7
1.4044928E7
1.4296576E7
1.4551688E7
1.4809552E7
1.506944E7
1.5330648E7
1.5592472E7
1.5854224E7
1.6115336E7
1.6375248E7
1.6633496E7
1.688968E7
1.7143472E7
1.7394608E7
1.7642904E7
1.788824E7
1.8130528E7
1.8369728E7
1.86058E7
1.8838728E7
1.9068528E7
1.929512E7
1.9518504E7
1.9738568E7
1.9955192E7
2.0168272E7
2.0377576E7
2.0582896E7
2.0783992E7
2.0980592E7
2.117244E7
2.13592E7
2.15406E7
2.1716376E7
2.188624E7
2.2049968E7
2.2207352E7
2.235824E7
2.2502472E7
2.264E7
2.2770776E7
2.2894832E7
2.301224E7
2.312312E7
2.3227656E7
2.3326104E7
2.3418728E7
2.3505872E7
2.3587912E7
2.3665272E7
2.3738424E7
2.380784E7
2.3874032E7
2.3937552E7
2.399892E7
2.4058672E7
2.411732E7
2.417536E7
2.4233272E7
2.4291456E7
2.435028E7
2.441004E7
2.4470936E7
2.4533096E7
2.4596568E7
2.4661256E7
2.4727008E7
2.4793496E7
2.486032E7
2.4926936E7
2.499272E7
2.5056912E7
2.5118672E7
2.5177064E7
2.5231104E7
2.5279728E7
2.5321864E7
2.5356456E7
2.5382392E7
2.5398672E7
2.5404328E7
2.539848E7
2.5380392E7
2.5349384E7
2.5305E7
2.524692E7
2.5174936E7
2.5089088E7
2.4989552E7
2.4876664E7
2.4750952E7
2.461308E7
2.4463832E7
2.4304168E7
2.4135096E7
2.3957728E7
2.377324E7
2.3582848E7
2.3387792E7
2.3189312E7
2.2988616E7
2.278688E7
2.2585248E7
2.2384784E7
2.2186472E7
2.1991224E7
2.1799832E7
2.161304E7
2.1431464E7
2.1255608E7
2.1085912E7
2.0922688E7
2.07662E7
2.0616568E7
2.0473912E7
2.0338176E7
2.020932E7
2.00872E7
1.9971624E7
1.9862344E7
1.9759056E7
1.9661432E7
1.9569088E7
1.9481608E7
1.9398504E7
1.9319272E7
1.9243336E7
1.9170088E7
1.9098864E7
1.9028936E7
1.895952E7
1.8889776E7
1.88188E7
1.8745656E7
1.8669328E7
1.85888E7
1.8502984E7
1.841084E7
1.8311256E7
1.82032E7
1.8085648E7
1.7957632E7
1.7818256E7
1.7666744E7
1.7502392E7
1.7324648E7
1.7133112E7
1.6927512E7
1.6707768E7
1.6473968E7
1.62264E7
1.5965496E7
1.5691904E7
1.5406464E7
1.5110128E7
1.4804056E7
1.4489552E7
1.4168E7
1.384092E7
1.3509912E7
1.317656E7
1.2842568E7
1.2509528E7
1.2179064E7
1.1852688E7
1.15318E7
1.1217728E7
1.0911616E7
1.0614472E7
1.032708E7
1.0050064E7
9783872.0
9528712.0
9284624.0
9051472.0
8828944.0
8616560.0
8413712.0
8219696.0
8033664.0
7854768.0
7682096.0
7514696.0
7351672.0
7192144.0
7035328.0
6880504.0
6727072.0
6574528.0
6422544.0
6270960.0
6119704.0
5968904.0
5818840.0
5669920.0
5522720.0
5377880.0
5236192.0
5098480.0
4965704.0
4838752.0
4718624.0
4606248.0
4502520.0
4408296.0
4324344.0
4251320.0
4189744.0
4140080.0
4102568.0
4077328.0
4064360.0
4063456.0
4074264.0
4096344.0
4129072.0
4171696.0
4223400.0
4283232.0
4350208.0
4423280.0
4501352.0
4583360.0
4668224.0
4754912.0
4842432.0
4929856.0
5016360.0
5101208.0
5183752.0
5263472.0
5339984.0
5412992.0
5482336.0
5547984.0
5609992.0
5668528.0
5723848.0
5776288.0
5826216.0
5874096.0
5920368.0
5965504.0
6009968.0
6054216.0
6098640.0
6143608.0
6189416.0
6236320.0
6284496.0
6334056.0
6385048.0
6437464.0
6491232.0
6546264.0
6602400.0
6659480.0
6717336.0
6775808.0
6834704.0
6893928.0
6953360.0
7012936.0
7072672.0
7132608.0
7192840.0
7253544.0
7314896.0
7377200.0
7440728.0
7505824.0
7572848.0
7642152.0
7714136.0
7789112.0
7867416.0
7949312.0
8035048.0
8124768.0
8218568.0
8316472.0
8418424.0
8524280.0
8633840.0
8746808.0
8862872.0
8981600.0
9102600.0
9225424.0
9349608.0
9474728.0
9600336.0
9726072.0
9851592.0
9976696.0
1.010112E7
1.022484E7
1.0347824E7
1.0470168E7
1.0592048E7
1.0713752E7
1.0835624E7
1.0958104E7
1.1081664E7
1.1206872E7
1.1334272E7
1.1464448E7
1.1597984E7
1.1735424E7
1.1877304E7
1.2024048E7
1.2176056E7
1.2333624E7
1.2496944E7
1.266612E7
1.2841144E7
1.302192E7
1.3208224E7
1.3399784E7
1.3596216E7
1.3797088E7
1.4001928E7
1.42102E7
1.44214E7
1.463504E7
1.4850608E7
1.506768E7
1.5285872E7
1.5504856E7
1.57244E7
1.5944328E7
1.6164584E7
1.6385136E7
1.660608E7
1.6827512E7
1.7049632E7
1.7272672E7
1.7496872E7
1.772248E7
1.79498E7
1.8179056E7
1.841048E7
1.8644264E7
1.8880584E7
1.9119512E7
1.9361128E7
1.9605432E7
1.9852376E7
2.0101856E7
2.0353736E7
2.060784E7
2.0863944E7
2.1121816E7
2.1381144E7
2.1641656E7
2.1903008E7
2.2164848E7
2.2426776E7
2.2688424E7
2.2949296E7
2.3208944E7
2.3466832E7
2.3722384E7
2.3974992E7
2.4223984E7
2.4468664E7
2.470828E7
2.4942048E7
2.5169112E7
2.5388712E7
2.5599984E7
2.5802104E7
2.5994288E7
2.61758E7
2.6345928E7
2.6504096E7
2.6649744E7
2.6782472E7
2.6901936E7
2.700796E7
2.7100408E7
2.7179304E7
2.72448E7
2.7297104E7
2.7336552E7
2.7363552E7
2.737856E7
2.7382136E7
2.7374816E7
2.7357232E7
2.7329944E7
2.72936E7
2.7248736E7
2.7195944E7
2.7135728E7
2.7068576E7
2.699492E7
2.6915152E7
2.6829608E7
2.6738592E7
2.6642368E7
2.6541144E7
2.643516E7
2.6324608E7
2.620968E7
2.6090584E7
2.596756E7
2.5840856E7
2.57108E7
2.5577728E7
2.544208E7
2.5304336E7
2.5165056E7
2.5024848E7
2.4884424E7
2.4744552E7
2.4606032E7
2.4469768E7
2.433668E7
2.420772E7
2.408388E7
2.3966152E7
2.385552E7
2.3752952E7
2.3659376E7
2.3575688E7
2.350268E7
2.3441088E7
2.3391552E7
2.3354616E7
2.3330664E7
2.3320032E7
2.3322864E7
2.3339216E7
2.3368976E7
2.3411904E7
2.3467672E7
2.3535776E7
2.3615624E7
2.3706504E7
2.3807608E7
2.3918032E7
2.4036792E7
2.4162864E7
2.4295144E7
2.4432472E7
2.4573664E7
2.471756E7
2.4862928E7
2.5008584E7
2.5153344E7
2.529604E7
2.5435584E7
2.5570912E7
2.5701008E7
2.5824968E7
2.594192E7
2.605116E7
2.6151992E7
2.6243912E7
2.632648E7
2.6399392E7
2.6462464E7
2.6515632E7
2.6558952E7
2.6592632E7
2.6616952E7
2.6632296E7
2.6639184E7
2.66382E7
2.6629968E7
2.661524E7
2.6594752E7
2.6569296E7
2.6539656E7
2.6506624E7
2.6470984E7
2.6433456E7
2.6394744E7
2.6355464E7
2.6316192E7
2.6277424E7
2.6239568E7
2.620296E7
2.6167824E7
2.6134336E7
2.61026E7
2.6072608E7
2.604432E7
2.6017656E7
2.5992448E7
2.5968544E7
2.594572E7
2.5923816E7
2.5902632E7
2.5881976E7
2.586172E7
2.5841784E7
2.5822088E7
2.5802624E7
2.5783464E7
2.576472E7
2.574656E7
2.5729248E7
2.571304E7
2.5698304E7
2.5685392E7
2.5674736E7
2.5666736E7
2.5661824E7
2.5660408E7
2.5662896E7
2.56696E7
2.5680864E7
2.5696856E7
2.571776E7
2.57436E7
2.5774344E7
2.580984E7
2.5849792E7
2.589388E7
2.5941568E7
2.5992264E7
2.604532E7
2.6099936E7
2.6155224E7
2.621028E7
2.626412E7
2.6315688E7
2.6363928E7
2.640776E7
2.6446064E7
2.6477808E7
2.6501912E7
2.6517344E7
2.6523128E7
2.6518336E7
2.6502104E7
2.6473656E7
2.6432264E7
2.637732E7
2.630828E7
2.622468E7
2.61262E7
2.60126E7
2.5883648E7
2.5739336E7
2.5579664E7
2.5404736E7
2.5214744E7
2.5009952E7
2.4790704E7
2.45574E7
2.4310544E7
2.405064E7
2.3778288E7
2.349416E7
2.319892E7
2.2893336E7
2.2578216E7
2.22544E7
2.1922768E7
2.1584248E7
2.123984E7
2.0890536E7
2.0537432E7
2.0181592E7
1.9824192E7
1.9466352E7
1.9109304E7
1.875424E7
1.840236E7
1.8054896E7
1.771304E7
1.737796E7
1.7050784E7
1.6732584E7
1.6424352E7
1.6126984E7
1.5841312E7
1.5568048E7
1.5307744E7
1.5060872E7
1.4827728E7
1.4608504E7
1.440324E7
1.4211824E7
1.4034072E7
1.3869608E7
1.3717992E7
1.3578656E7
1.3450968E7
1.33342E7
1.322756E7
1.3130264E7
1.3041432E7
1.2960192E7
1.2885656E7
1.2816968E7
1.2753256E7
1.2693664E7
1.2637416E7
1.2583712E7
1.25318E7
1.2480984E7
1.2430608E7
1.2380024E7
1.232864E7
1.227588E7
1.2221216E7
1.2164128E7
1.2104152E7
1.2040792E7
1.1973592E7
1.1902128E7
1.1825968E7
1.1744696E7
1.165792E7
1.156528E7
1.14664E7
1.1360992E7
1.1248736E7
1.112944E7
1.100292E7
1.0869072E7
1.0727936E7
1.057952E7
1.042408E7
1.0261912E7
1.0093416E7
9919192.0
9739912.0
9556400.0
9369624.0
9180640.0
8990640.0
8800888.0
8612792.0
8427760.0
8247328.0
8073024.0
7906408.0
7749064.0
7602536.0
7468352.0
7347984.0
7242864.0
7154352.0
7083704.0
7032088.0
7000568.0
6990080.0
7001488.0
7035456.0
7092544.0
7173184.0
7277664.0
7406096.0
7558504.0
7734736.0
7934496.0
8157384.0
8402888.0
8670336.0
8959008.0
9268088.0
9596656.0
9943784.0
1.0308488E7
1.0689736E7
1.1086568E7
1.1497936E7
1.1922944E7
1.2360616E7
1.2810112E7
1.3270624E7
1.3741384E7
1.42218E7
1.4711216E7
1.5209176E7
1.57152E7
1.6228928E7
1.675004E7
1.7278256E7
1.7813328E7
1.835504E7
1.8903184E7
1.9457536E7
2.001788E7
2.058396E7
2.115548E7
2.1732112E7
2.2313472E7
2.2899104E7
2.348852E7
2.408116E7
2.46764E7
2.527356E7
2.5871912E7
2.6470672E7
2.7069024E7
2.7666112E7
2.826104E7
2.8852928E7
2.9440872E7
3.0023992E7
3.060144E7
3.1172376E7
3.1736E7
3.2291632E7
3.2838584E7
3.3376312E7
3.390432E7
3.4422232E7
3.492976E7
3.5426752E7
3.5913104E7
3.6388864E7
3.6854128E7
3.7309128E7
3.7754128E7
3.8189496E7
3.861564E7
3.9033008E7
3.9442056E7
3.9843304E7
4.023724E7
4.0624352E7
4.1005096E7
4.137992E7
4.1749232E7
4.2113384E7
4.247272E7
4.282752E7
4.3178008E7
4.3524384E7
4.3866808E7
4.4205416E7
4.4540272E7
4.487144E7
4.5198976E7
4.5522864E7
4.5843112E7
4.6159696E7
4.6472552E7
4.6781616E7
4.70868E7
4.7387968E7
4.7684944E7
4.7977584E7
4.82656E7
4.8548728E7
4.8826616E7
4.909888E7
4.9365072E7
4.9624696E7
4.9877176E7
5.0121952E7
5.0358368E7
5.0585752E7
5.0803416E7
5.1010672E7
5.1206816E7
5.1391152E7
5.1563032E7
5.1721792E7
5.1866848E7
5.1997672E7
5.2113776E7
5.2214736E7
5.2300208E7
5.2369952E7
5.2423776E7
5.2461608E7
5.248344E7
5.248944E7
5.2479816E7
5.2454896E7
5.2415168E7
5.2361208E7
5.2293696E7
5.2213456E7
5.212144E7
5.2018632E7
5.1906184E7
5.178532E7
5.1657304E7
5.1523472E7
5.1385168E7
5.1243792E7
5.1100688E7
5.095716E7
5.081448E7
5.0673808E7
5.05362E7
5.040264E7
5.0273872E7
5.015056E7
5.0033208E7
4.9922104E7
4.9817424E7
4.971912E7
4.962704E7
4.9540848E7
4.9460112E7
4.9384232E7
4.9312576E7
4.9244408E7
4.9178944E7
4.9115408E7
4.9052944E7
4.8990808E7
4.8928256E7
4.88646E7
4.8799232E7
4.8731624E7
4.866136E7
4.8588088E7
4.8511616E7
4.8431808E7
4.8348632E7
4.8262136E7
4.8172472E7
4.8079816E7
4.7984456E7
4.788664E7
4.7786728E7
4.7685024E7
4.758188E7
4.7477648E7
4.7372608E7
4.7267072E7
4.7161336E7
4.7055632E7
4.6950192E7
4.6845208E7
4.6740856E7
4.6637232E7
4.6534504E7
4.6432688E7
4.633188E7
4.6232048E7
4.6133208E7
4.603528E7
4.5938184E7
4.5841784E7
4.5745928E7
4.5650392E7
4.5554984E7
4.5459432E7
4.5363432E7
4.526672E7
4.5168936E7
4.5069824E7
4.4969032E7
4.4866296E7
4.476132E7
4.4653888E7
4.4543776E7
4.4430808E7
4.431484E7
4.41958E7
4.4073648E7
4.394836E7
4.382E7
4.3688656E7
4.3554424E7
4.3417472E7
4.3277968E7
4.3136096E7
4.2992096E7
4.2846168E7
4.2698528E7
4.2549424E7
4.239904E7
4.22476E7
4.2095288E7
4.1942272E7
4.1788712E7
4.1634752E7
4.1480512E7
4.1326088E7
4.1171608E7
4.101716E7
4.0862864E7
4.0708832E7
4.0555208E7
4.0402152E7
4.0249896E7
4.0098664E7
3.9948792E7
3.9800656E7
3.9654688E7
3.9511384E7
3.9371368E7
3.9235264E7
3.9103832E7
3.8977904E7
3.8858344E7
3.874608E7
3.8642144E7
3.85476E7
3.8463496E7
3.8390984E7
3.8331168E7
3.8285216E7
3.8254216E7
3.823928E7
3.8241472E7
3.82618E7
3.8301216E7
3.8360544E7
3.8440624E7
3.8542072E7
3.8665496E7
3.8811288E7
3.8979776E7
3.9171144E7
3.9385384E7
3.9622384E7
3.9881856E7
4.016336E7
4.0466312E7
4.0789952E7
4.113344E7
4.1495696E7
4.1875608E7
4.2271856E7
4.2683104E7
4.3107856E7
4.3544576E7
4.3991632E7
4.4447392E7
4.4910176E7
4.5378256E7
4.5849944E7
4.6323568E7
4.679744E7
4.726996E7
4.7739536E7
4.820464E7
4.8663808E7
4.9115608E7
4.9558736E7
4.9991904E7
5.0413896E7
5.0823616E7
5.1219992E7
5.1602048E7
5.1968864E7
5.2319632E7
5.2653576E7
5.2970048E7
5.3268408E7
5.3548152E7
5.38088E7
5.4049984E7
5.4271352E7
5.447268E7
5.4653784E7
5.481452E7
5.4954856E7
5.50748E7
5.5174416E7
5.5253832E7
5.531324E7
5.5352872E7
5.5373072E7
5.5374184E7
5.535664E7
5.532096E7
5.5267656E7
5.5197384E7
5.5110792E7
5.5008616E7
5.489164E7
5.4760696E7
5.461668E7
5.446048E7
5.4293064E7
5.411536E7
5.3928376E7
5.3733064E7
5.3530368E7
5.3321224E7
5.3106512E7
5.2887048E7
5.2663624E7
5.2436904E7
5.2207496E7
5.1975912E7
5.1742568E7
5.1507784E7
5.1271744E7
5.103456E7
5.0796256E7
5.055676E7
5.0315936E7
5.0073528E7
4.9829304E7
4.958296E7
4.9334152E7
4.9082552E7
4.8827848E7
4.8569736E7
4.8307928E7
4.8042224E7
4.7772408E7
4.74984E7
4.7220136E7
4.69376E7
4.6650872E7
4.6360056E7
4.6065352E7
4.576696E7
4.5465152E7
4.516024E7
4.4852536E7
4.4542384E7
4.4230152E7
4.3916168E7
4.36008E7
4.32844E7
4.296724E7
4.2649656E7
4.233188E7
4.201416E7
4.169672E7
4.1379728E7
4.1063368E7
4.0747752E7
4.0432992E7
4.0119248E7
3.9806592E7
3.9495176E7
3.9185104E7
3.8876528E7
3.8569632E7
3.8264608E7
3.796168E7
3.7661136E7
3.7363288E7
3.7068472E7
3.6777096E7
3.6489608E7
3.6206456E7
3.5928192E7
3.5655376E7
3.5388616E7
3.5128536E7
3.4875832E7
3.46312E7
3.4395368E7
3.4169064E7
3.395308E7
3.3748136E7
3.3554968E7
3.3374312E7
3.3206848E7
3.3053224E7
3.2913976E7
3.2789624E7
3.2680584E7
3.2587136E7
3.2509512E7
3.2447736E7
3.2401784E7
3.2371456E7
3.2356392E7
3.2356144E7
3.2370056E7
3.2397368E7
3.2437192E7
3.2488464E7
3.2550048E7
3.2620672E7
3.2698968E7
3.278348E7
3.2872696E7
3.2965056E7
3.3058952E7
3.3152792E7
3.3244944E7
3.3333864E7
3.3417984E7
3.3495856E7
3.3566056E7
3.3627304E7
3.36784E7
3.3718248E7
3.3745888E7
3.3760512E7
3.376144E7
3.3748112E7
3.3720152E7
3.3677296E7
3.3619448E7
3.354664E7
3.3459048E7
3.3356968E7
3.3240832E7
3.3111168E7
3.2968624E7
3.2813944E7
3.2647928E7
3.2471456E7
3.2285464E7
3.2090896E7
3.1888752E7
3.168E7
3.1465624E7
3.1246552E7
3.102372E7
3.0797976E7
3.0570144E7
3.034096E7
3.011112E7
2.9881232E7
2.965184E7
2.9423464E7
2.9196504E7
2.8971344E7
2.8748304E7
2.852768E7
2.830972E7
2.8094648E7
2.7882688E7
2.7674048E7
2.7468936E7
2.7267568E7
2.7070184E7
2.6877008E7
2.6688344E7
2.650448E7
2.6325736E7
2.6152472E7
2.5985064E7
2.5823896E7
2.5669392E7
2.5521952E7
2.5382008E7
2.5249936E7
2.5126152E7
2.5011008E7
2.4904824E7
2.4807872E7
2.4720392E7
2.4642536E7
2.457444E7
2.451612E7
2.4467552E7
2.4428672E7
2.439932E7
2.4379288E7
2.436836E7
2.4366216E7
2.4372568E7
2.4387072E7
2.4409432E7
2.4439296E7
2.44764E7
2.4520488E7
2.457136E7
2.462888E7
2.4693008E7
2.4763712E7
2.484112E7
2.49254E7
2.5016784E7
2.5115616E7
2.5222256E7
2.5337136E7
2.5460728E7
2.559352E7
2.5735984E7
2.5888624E7
2.6051872E7
2.6226152E7
2.6411808E7
2.6609136E7
2.6818368E7
2.7039632E7
2.7272992E7
2.7518408E7
2.7775808E7
2.8044976E7
2.8325688E7
2.8617584E7
2.892032E7
2.923344E7
2.9556456E7
2.9888864E7
3.0230112E7
3.0579616E7
3.0936792E7
3.1301E7
3.1671632E7
3.2047992E7
3.2429456E7
3.2815328E7
3.3204896E7
3.3597448E7
3.3992216E7
3.4388424E7
3.4785272E7
3.5181912E7
3.5577488E7
3.5971112E7
3.6361824E7
3.6748704E7
3.7130776E7
3.7507048E7
3.7876544E7
3.8238264E7
3.8591264E7
3.8934576E7
3.9267304E7
3.9588576E7
3.98976E7
4.0193648E7
4.047604E7
4.07442E7
4.0997664E7
4.1236048E7
4.1459024E7
4.166644E7
4.185824E7
4.20344E7
4.2195096E7
4.2340504E7
4.2470928E7
4.258676E7
4.2688432E7
4.2776408E7
4.28512E7
4.2913368E7
4.29634E7
4.3001832E7
4.3029104E7
4.304564E7
4.3051816E7
4.304788E7
4.303408E7
4.3010504E7
4.297724E7
4.2934272E7
4.2881568E7
4.2819016E7
4.2746552E7
4.266408E7
4.25716E7
4.2469144E7
4.2356888E7
4.2235104E7
4.2104248E7
4.1964936E7
4.1818008E7
4.166448E7
4.15056E7
4.1342824E7
4.1177808E7
4.1012392E7
4.0848624E7
4.068864E7
4.0534728E7
4.0389256E7
4.0254648E7
4.0133312E7
4.0027672E7
3.9940056E7
3.9872752E7
3.982788E7
3.9807424E7
3.9813224E7
3.9846944E7
3.9909992E7
4.0003656E7
4.0128968E7
4.0286736E7
4.0477624E7
4.0702088E7
4.0960368E7
4.1252552E7
4.1578584E7
4.1938264E7
4.2331216E7
4.2757008E7
4.3215048E7
4.3704688E7
4.422512E7
4.4775544E7
4.5355024E7
4.5962552E7
4.6597056E7
4.7257368E7
4.7942288E7
4.8650504E7
4.9380656E7
5.0131264E7
5.0900824E7
5.1687744E7
5.249032E7
5.3306856E7
5.413552E7
5.4974472E7
5.58218E7
5.6675576E7
5.7533792E7
5.8394504E7
5.9255632E7
6.0115216E7
6.0971224E7
6.1821648E7
6.2664544E7
6.3497944E7
6.4319928E7
6.5128608E7
6.5922184E7
6.6698856E7
6.7456896E7
6.8194672E7
6.8910568E7
6.9603104E7
7.0270824E7
7.0912408E7
7.1526632E7
7.2112384E7
7.2668648E7
7.3194576E7
7.3689456E7
7.415272E7
7.4583968E7
7.4982984E7
7.5349744E7
7.5684368E7
7.5987232E7
7.6258872E7
7.6500064E7
7.6711768E7
7.6895128E7
7.7051544E7
7.7182536E7
7.7289816E7
7.7375272E7
7.7440912E7
7.7488872E7
7.7521344E7
7.7540608E7
7.7548976E7
7.7548744E7
7.7542184E7
7.7531512E7
7.751888E7
7.7506296E7
7.7495648E7
7.7488648E7
7.748688E7
7.7491696E7
7.7504288E7
7.752564E7
7.7556536E7
7.7597576E7
7.764916E7
7.7711504E7
7.7784632E7
7.7868416E7
7.7962608E7
7.8066776E7
7.818036E7
7.8302688E7
7.8433008E7
7.8570424E7
7.8713984E7
7.8862648E7
7.9015304E7
7.9170792E7
7.932792E7
7.9485424E7
7.9642064E7
7.9796544E7
7.9947616E7
8.0094032E7
8.02346E7
8.0368144E7
8.049364E7
8.0610048E7
8.0716528E7
8.081228E7
8.089668E7
8.0969224E7
8.1029536E7
8.1077392E7
8.1112744E7
8.1135584E7
8.1146144E7
8.1144704E7
8.1131656E7
8.110752E7
8.1072824E7
8.1028232E7
8.0974392E7
8.0911976E7
8.084168E7
8.07642E7
8.068016E7
8.0590184E7
8.049484E7
8.03946E7
8.0289904E7
8.018108E7
8.0068416E7
7.9952096E7
7.9832208E7
7.9708832E7
7.9581888E7
7.9451352E7
7.9317088E7
7.9178984E7
7.9036864E7
7.8890624E7
7.8740168E7
7.8585424E7
7.8426416E7
7.82632E7
7.8095928E7
7.7924848E7
7.7750296E7
7.757264E7
7.73924E7
7.7210112E7
7.7026408E7
7.6841912E7
7.665732E7
7.647332E7
7.6290568E7
7.610972E7
7.5931384E7
7.5756144E7
7.5584456E7
7.5416784E7
7.5253464E7
7.5094792E7
7.4940976E7
7.4792192E7
7.4648512E7
7.4510008E7
7.4376728E7
7.4248632E7
7.4125744E7
7.4008056E7
7.3895536E7
7.3788248E7
7.36862E7
7.3589464E7
7.3498112E7
7.341228E7
7.3332096E7
7.3257704E7
7.3189264E7
7.3126968E7
7.3070976E7
7.302148E7
7.297864E7
7.2942624E7
7.29136E7
7.2891696E7
7.2877024E7
7.2869728E7
7.286988E7
7.2877568E7
7.289288E7
7.2915896E7
7.2946648E7
7.2985192E7
7.3031576E7
7.3085808E7
7.3147928E7
7.3217912E7
7.3295768E7
7.33814E7
7.3474736E7
7.357564E7
7.3683912E7
7.3799344E7
7.3921592E7
7.405028E7
7.418496E7
7.432504E7
7.4469936E7
7.461888E7
7.4771064E7
7.492556E7
7.5081432E7
7.5237552E7
7.5392816E7
7.5546024E7
7.5695944E7
7.584128E7
7.5980784E7
7.611316E7
7.6237176E7
7.6351616E7
7.6455376E7
7.6547384E7
7.662672E7
7.6692568E7
7.674428E7
7.6781376E7
7.6803512E7
7.681056E7
7.6802584E7
7.6779824E7
7.674272E7
7.6691896E7
7.6628184E7
7.655252E7
7.6466072E7
7.6370072E7
7.626588E7
7.6154984E7
7.6038888E7
7.5919176E7
7.5797432E7
7.5675264E7
7.5554192E7
7.5435776E7
7.5321408E7
7.5212496E7
7.5110296E7
7.5015992E7
7.4930624E7
7.4855144E7
7.4790376E7
7.473704E7
7.4695752E7
7.4667008E7
7.4651208E7
7.4648672E7
7.4659672E7
7.4684352E7
7.472288E7
7.4775264E7
7.4841568E7
7.4921776E7
7.5015832E7
7.5123664E7
7.5245208E7
7.5380312E7
7.5528832E7
7.5690624E7
7.586548E7
7.6053176E7
7.6253456E7
7.646604E7
7.6690592E7
7.692672E7
7.7174048E7
7.7432072E7
7.7700272E7
7.7978064E7
7.8264824E7
7.8559856E7
7.8862416E7
7.9171712E7
7.9486904E7
7.9807144E7
8.0131528E7
8.0459184E7
8.0789184E7
8.1120672E7
8.1452776E7
8.1784712E7
8.211572E7
8.2445128E7
8.2772312E7
8.3096752E7
8.3418048E7
8.3735856E7
8.4049928E7
8.4360088E7
8.4666296E7
8.4968496E7
8.5266744E7
8.5561112E7
8.585168E7
8.6138544E7
8.6421768E7
8.6701392E7
8.6977424E7
8.7249744E7
8.7518224E7
8.7782608E7
8.80426E7
8.8297744E7
8.854756E7
8.8791456E7
8.9028792E7
8.9258832E7
8.94808E7
8.9693896E7
8.9897272E7
9.0090112E7
9.0271576E7
9.044088E7
9.059724E7
9.0739992E7
9.0868488E7
9.0982224E7
9.1080728E7
9.1163672E7
9.1230824E7
9.128208E7
9.1317472E7
9.1337104E7
9.1341224E7
9.1330224E7
9.1304536E7
9.1264752E7
9.1211512E7
9.1145592E7
9.1067776E7
9.0978976E7
9.088012E7
9.0772208E7
9.0656272E7
9.0533352E7
9.0404584E7
9.0271048E7
9.0133872E7
8.99942E7
8.9853168E7
8.971192E7
8.9571592E7
8.9433288E7
8.9298088E7
8.9167072E7
8.9041232E7
8.8921568E7
8.8808984E7
8.8704352E7
8.8608472E7
8.8522056E7
8.8445816E7
8.8380312E7
8.8326144E7
8.8283752E7
8.8253608E7
8.8236112E7
8.8231672E7
8.8240632E7
8.8263352E7
8.8300224E7
8.83516E7
8.8417904E7
8.8499544E7
8.8596984E7
8.8710688E7
8.8841168E7
8.8988944E7
8.9154552E7
8.9338528E7
8.9541392E7
8.9763704E7
9.000592E7
9.0268504E7
9.0551872E7
9.0856376E7
9.1182288E7
9.1529848E7
9.1899168E7
9.2290296E7
9.27032E7
9.3137752E7
9.3593736E7
9.4070816E7
9.4568624E7
9.5086672E7
9.5624392E7
9.6181128E7
9.6756176E7
9.734876E7
9.7958032E7
9.8583056E7
9.9222896E7
9.987652E7
1.00542864E8
1.01220816E8
1.019092E8
1.02606808E8
1.03312384E8
1.04024632E8
1.04742216E8
1.0546376E8
1.0618784E8
1.0691304E8
1.07637864E8
1.08360856E8
1.0908056E8
1.0979544E8
1.1050408E8
1.11205048E8
1.11896952E8
1.12578472E8
1.1324836E8
1.13905448E8
1.14548688E8
1.15177088E8
1.1578984E8
1.163862E8
1.16965616E8
1.175276E8
1.18071848E8
1.1859816E8
1.19106472E8
1.19596832E8
1.20069416E8
1.2052448E8
1.20962424E8
1.21383688E8
1.21788792E8
1.2217832E8
1.22552928E8
1.22913264E8
1.23260032E8
1.23593976E8
1.2391576E8
1.2422612E8
1.24525688E8
1.24815152E8
1.2509508E8
1.25366024E8
1.25628496E8
1.25882912E8
1.2612964E8
1.26368976E8
1.26601136E8
1.26826272E8
1.27044456E8
1.2725572E8
1.2746E8
1.27657168E8
1.27847048E8
1.28029416E8
1.28203984E8
1.28370416E8
1.28528344E8
1.2867736E8
1.28817032E8
1.28946872E8
1.29066448E8
1.29175248E8
1.29272824E8
1.29358728E8
1.29432536E8
1.29493872E8
1.29542456E8
1.2957804E8
1.29600504E8
1.29609832E8
1.2960612E8
1.29589608E8
1.29560688E8
1.2951988E8
1.29467856E8
1.2940544E8
1.29333608E8
1.29253448E8
1.29166184E8
1.29073128E8
1.2897564E8
1.28875192E8
1.28773216E8
1.28671192E8
1.2857052E8
1.284726E8
1.28378712E8
1.28290056E8
1.28207672E8
1.28132496E8
1.28065328E8
1.28006776E8
1.2795732E8
1.27917288E8
1.2788688E8
1.2786616E8
1.27855088E8
1.27853544E8
1.27861336E8
1.27878248E8
1.27904032E8
1.27938456E8
1.27981312E8
1.2803244E8
1.28091728E8
1.28159136E8
1.28234688E8
1.28318488E8
1.28410712E8
1.28511576E8
1.28621344E8
1.28740312E8
1.288688E8
1.29007104E8
1.29155472E8
1.29314096E8
1.2948312E8
1.29662592E8
1.29852408E8
1.300524E8
1.30262224E8
1.30481456E8
1.30709488E8
1.30945624E8
1.3118904E8
1.31438808E8
1.31693944E8
1.31953384E8
1.32216016E8
1.32480768E8
1.32746528E8
1.3301224E8
1.33276928E8
1.33539664E8
1.33799656E8
1.340562E8
1.34308768E8
1.3455692E8
1.34800376E8
1.35039016E8
1.35272856E8
1.35502016E8
1.35726816E8
1.35947592E8
1.36164856E8
1.36379184E8
1.36591176E8
1.36801512E8
1.37010904E8
1.37220064E8
1.3742968E8
1.37640456E8
1.37853024E8
1.38067976E8
1.38285856E8
1.38507152E8
1.38732288E8
1.38961568E8
1.39195296E8
1.3943364E8
1.39676784E8
1.3992476E8
1.40177624E8
1.40435312E8
1.40697816E8
1.40965032E8
1.41236848E8
1.41513176E8
1.41793888E8
1.42078888E8
1.4236812E8
1.42661504E8
1.42959E8
1.4326064E8
1.43566416E8
1.438764E8
1.44190648E8
1.44509248E8
1.4483228E8
1.45159832E8
1.45491952E8
1.4582868E8
1.46169984E8
1.46515776E8
1.46865904E8
1.47220144E8
1.47578152E8
1.47939464E8
1.48303576E8
1.48669784E8
1.4903736E8
1.49405368E8
1.4977284E8
1.50138672E8
1.50501704E8
1.50860648E8
1.5121424E8
1.5156108E8
1.51899784E8
1.52229016E8
1.52547368E8
1.5285352E8
1.53146192E8
1.53424176E8
1.5368636E8
1.53931736E8
1.54159432E8
1.54368688E8
1.54558936E8
1.54729728E8
1.54880856E8
1.55012224E8
1.55123992E8
1.55216512E8
1.55290288E8
1.55346128E8
1.55384984E8
1.5540804E8
1.5541668E8
1.55412472E8
1.5539716E8
1.55372656E8
1.55340976E8
1.5530424E8
1.55264704E8
1.55224592E8
1.551862E8
1.55151736E8
1.55123376E8
1.55103224E8
1.55093224E8
1.5509516E8
1.55110624E8
1.55141024E8
1.55187528E8
1.5525104E8
1.55332232E8
1.55431512E8
1.55549032E8
1.55684664E8
1.55838072E8
1.56008656E8
1.56195616E8
1.56397936E8
1.56614432E8
1.56843752E8
1.57084448E8
1.57334944E8
1.57593616E8
1.57858736E8
1.58128632E8
1.58401616E8
1.58676E8
1.589502E8
1.59222688E8
1.59492016E8
1.59756864E8
1.60016024E8
1.60268432E8
1.60513128E8
1.60749312E8
1.6097632E8
1.611936E8
1.61400776E8
1.61597552E8
1.61783808E8
1.61959488E8
1.62124688E8
1.62279568E8
1.62424456E8
1.62559704E8
1.62685792E8
1.6280328E8
1.62912792E8
1.63015032E8
1.63110768E8
1.6320084E8
1.63286128E8
1.63367536E8
1.63446048E8
1.63522656E8
1.6359836E8
1.63674184E8
1.63751136E8
1.63830232E8
1.63912432E8
1.63998704E8
1.64089952E8
1.6418704E8
1.64290768E8
1.64401872E8
1.64521016E8
1.64648784E8
1.6478568E8
1.64932112E8
1.65088416E8
1.65254784E8
1.65431368E8
1.65618168E8
1.65815144E8
1.66022128E8
1.6623888E8
1.66465032E8
1.66700232E8
1.66943936E8
1.67195616E8
1.67454672E8
1.67720424E8
1.6799216E8
1.6826912E8
1.68550536E8
1.6883556E8
1.69123368E8
1.69413072E8
1.69703808E8
1.69994664E8
1.70284736E8
1.70573112E8
1.70858904E8
1.71141216E8
1.71419152E8
1.71691888E8
1.71958592E8
1.72218496E8
1.72470888E8
1.72715104E8
1.72950536E8
1.73176664E8
1.73393064E8
1.7359936E8
1.73795304E8
1.73980704E8
1.74155488E8
1.74319664E8
1.74473344E8
1.74616728E8
1.7475012E8
1.74873904E8
1.74988552E8
1.75094656E8
1.75192856E8
1.75283872E8
1.75368568E8
1.754478E8
1.75522528E8
1.75593792E8
1.75662632E8
1.757302E8
1.75797632E8
1.75866088E8
1.75936752E8
1.76010776E8
1.7608932E8
1.76173472E8
1.76264304E8
1.76362792E8
1.76469808E8
1.76586168E8
1.7671256E8
1.7684956E8
1.7699764E8
1.77157096E8
1.77328144E8
1.77510856E8
1.77705192E8
1.77910952E8
1.78127872E8
1.78355552E8
1.78593512E8
1.78841184E8
1.7909788E8
1.7936292E8
1.79635512E8
1.79914816E8
1.802E8
1.8049016E8
1.807844E8
1.81081816E8
1.81381536E8
1.81682688E8
1.81984424E8
1.82285976E8
1.82586632E8
1.82885688E8
1.831826E8
1.83476848E8
1.83768072E8
1.8405592E8
1.84340208E8
1.846208E8
1.8489772E8
1.85171016E8
1.85440872E8
1.85707512E8
1.85971272E8
1.86232512E8
1.86491648E8
1.86749168E8
1.87005552E8
1.8726136E8
1.8751712E8
1.877734E8
1.88030752E8
1.88289776E8
1.8855104E8
1.88815104E8
1.89082528E8
1.89353896E8
1.89629728E8
1.89910576E8
1.90196936E8
1.90489312E8
1.90788184E8
1.91093992E8
1.91407136E8
1.91728016E8
1.92056992E8
1.92394376E8
1.92740472E8
1.9309556E8
1.93459904E8
1.9383376E8
1.94217384E8
1.94611008E8
1.95014936E8
1.95429424E8
1.958548E8
1.96291408E8
1.96739608E8
1.9719976E8
1.97672296E8
1.98157632E8
1.9865616E8
1.99168288E8
1.99694368E8
2.00234768E8
2.00789696E8
2.01359376E8
2.0194388E8
2.02543256E8
2.03157376E8
2.03786048E8
2.0442896E8
2.0508568E8
2.05755736E8
2.06438488E8
2.07133288E8
2.078394E8
2.0855604E8
2.09282392E8
2.10017624E8
2.1076092E8
2.11511432E8
2.1226836E8
2.13030912E8
2.1379832E8
2.14569896E8
2.15344888E8
2.1612264E8
2.16902496E8
2.17683824E8
2.18466E8
2.19248392E8
2.200304E8
2.208114E8
2.21590776E8
2.22367872E8
2.23142096E8
2.23912776E8
2.24679312E8
2.25441072E8
2.2619748E8
2.26947936E8
2.2769188E8
2.28428856E8
2.29158392E8
2.29880128E8
2.30593744E8
2.31299016E8
2.31995792E8
2.32684008E8
2.33363704E8
2.3403504E8
2.34698208E8
2.35353544E8
2.36001464E8
2.36642464E8
2.37277104E8
2.37906048E8
2.38529984E8
2.39149664E8
2.39765896E8
2.40379496E8
2.40991304E8
2.4160212E8
2.42212776E8
2.42824088E8
2.43436784E8
2.44051584E8
2.44669152E8
2.45290088E8
2.45914896E8
2.46544032E8
2.47177864E8
2.47816664E8
2.4846068E8
2.49109976E8
2.49764632E8
2.50424592E8
2.5108972E8
2.517598E8
2.52434568E8
2.53113632E8
2.53796576E8
2.54482864E8
2.5517196E8
2.55863176E8
2.56555864E8
2.5724924E8
2.57942536E8
2.58634896E8
2.59325496E8
2.60013448E8
2.60697832E8
2.61377768E8
2.62052352E8
2.6272068E8
2.6338188E8
2.64035088E8
2.64679448E8
2.65314208E8
2.65938568E8
2.66551816E8
2.6715328E8
2.67742336E8
2.6831844E8
2.68881128E8
2.6942996E8
2.69964664E8
2.70484984E8
2.709908E8
2.7148212E8
2.7195904E8
2.72421784E8
2.72870704E8
2.73306288E8
2.7372916E8
2.74140032E8
2.74539784E8
2.7492944E8
2.75310056E8
2.75682872E8
2.760492E8
2.76410416E8
2.76768008E8
2.77123448E8
2.77478304E8
2.77834128E8
2.78192448E8
2.78554784E8
2.78922584E8
2.7929724E8
2.79680032E8
2.80072128E8
2.80474528E8
2.80888136E8
2.81313592E8
2.81751472E8
2.82202024E8
2.82665432E8
2.83141568E8
2.83630184E8
2.84130816E8
2.84642816E8
2.85165352E8
2.85697456E8
2.86238048E8
2.86785888E8
2.87339656E8
2.87897976E8
2.884594E8
2.89022456E8
2.89585656E8
2.9014752E8
2.90706648E8
2.91261624E8
2.91811136E8
2.92353944E8
2.92888912E8
2.93415E8
2.93931264E8
2.9443692E8
2.94931288E8
2.95413816E8
2.95884056E8
2.9634172E8
2.96786624E8
2.9721868E8
2.97637912E8
2.98044456E8
2.98438488E8
2.9882032E8
2.99190248E8
2.99548672E8
2.99896E8
3.00232664E8
3.00559136E8
3.00875848E8
3.0118324E8
3.01481752E8
3.0177176E8
3.02053648E8
3.02327744E8
3.02594368E8
3.02853752E8
3.03106152E8
3.03351752E8
3.03590704E8
3.03823144E8
3.04049216E8
3.04268992E8
3.04482584E8
3.0469008E8
3.04891584E8
3.05087216E8
3.05277088E8
3.05461368E8
3.05640224E8
3.05813888E8
3.05982632E8
3.0614672E8
3.06306488E8
3.06462344E8
3.06614704E8
3.06764016E8
3.06910784E8
3.0705556E8
3.07198888E8
3.07341376E8
3.074836E8
3.07626168E8
3.0776968E8
3.07914712E8
3.08061824E8
3.08211528E8
3.08364328E8
3.08520672E8
3.08680912E8
3.08845432E8
3.09014496E8
3.09188368E8
3.09367224E8
3.09551256E8
3.09740584E8
3.09935368E8
3.10135736E8
3.10341824E8
3.105538E8
3.10771856E8
3.10996248E8
3.11227264E8
3.11465248E8
3.117106E8
3.11963784E8
3.12225312E8
3.12495728E8
3.12775624E8
3.130656E8
3.13366272E8
3.13678224E8
3.1400204E8
3.14338264E8
3.14687352E8
3.15049704E8
3.15425624E8
3.15815328E8
3.16218928E8
3.16636352E8
3.17067504E8
3.17512104E8
3.17969752E8
3.18439968E8
3.18922136E8
3.19415512E8
3.19919296E8
3.20432608E8
3.20954512E8
3.21483992E8
3.2202E8
3.22561496E8
3.23107416E8
3.23656672E8
3.2420828E8
3.24761176E8
3.2531444E8
3.25867152E8
3.26418448E8
3.26967568E8
3.27513792E8
3.28056512E8
3.28595192E8
3.29129408E8
3.29658832E8
3.3018324E8
3.30702528E8
3.31216752E8
3.31726024E8
3.32230624E8
3.32730952E8
3.33227568E8
3.33721128E8
3.3421244E8
3.34702392E8
3.3519204E8
3.35682496E8
3.36174992E8
3.366708E8
3.37171304E8
3.3767784E8
3.38191864E8
3.38714752E8
3.3924788E8
3.397926E8
3.40350176E8
3.409218E8
3.41508592E8
3.42111496E8
3.42731392E8
3.43368976E8
3.44024808E8
3.44699344E8
3.45392792E8
3.46105256E8
3.46836696E8
3.47586904E8
3.48355504E8
3.49142032E8
3.49945864E8
3.50766264E8
3.51602432E8
3.52453464E8
3.5331836E8
3.54196128E8
3.55085672E8
3.55985928E8
3.56895784E8
3.57814136E8
3.5873992E8
3.59672064E8
3.60609528E8
3.61551352E8
3.6249656E8
3.63444264E8
3.64393608E8
3.65343768E8
3.66293992E8
3.67243536E8
3.68191752E8
3.6913796E8
3.70081536E8
3.71021912E8
3.71958488E8
3.72890736E8
3.73818088E8
3.7474004E8
3.7565608E8
3.76565688E8
3.77468424E8
3.78363792E8
3.79251376E8
3.80130776E8
3.810016E8
3.81863536E8
3.82716272E8
3.83559568E8
3.84393208E8
3.85217008E8
3.86030888E8
3.86834736E8
3.8762852E8
3.884122E8
3.89185768E8
3.89949264E8
3.9070268E8
3.91446048E8
3.92179352E8
3.92902592E8
3.9361572E8
3.94318672E8
3.95011344E8
3.95693632E8
3.96365368E8
3.97026376E8
3.97676504E8
3.9831552E8
3.98943224E8
3.99559432E8
4.00163976E8
4.00756672E8
4.01337456E8
4.01906216E8
4.02462936E8
4.03007664E8
4.0354044E8
4.040614E8
4.04570744E8
4.0506868E8
4.0555548E8
4.06031456E8
4.06496896E8
4.06952168E8
4.07397608E8
4.07833592E8
4.08260432E8
4.0867848E8
4.09088056E8
4.0948948E8
4.09883008E8
4.1026896E8
4.10647568E8
4.11019088E8
4.1138376E8
4.11741848E8
4.12093584E8
4.12439248E8
4.12779112E8
4.13113512E8
4.13442768E8
4.13767272E8
4.14087448E8
4.14403768E8
4.1471676E8
4.15027024E8
4.15335192E8
4.15641992E8
4.15948184E8
4.162546E8
4.16562152E8
4.16871752E8
4.17184432E8
4.17501208E8
4.1782312E8
4.18151256E8
4.18486656E8
4.18830392E8
4.19183464E8
4.19546848E8
4.199214E8
4.20308E8
4.20707328E8
4.21120016E8
4.21546576E8
4.21987416E8
4.22442792E8
4.22912896E8
4.23397744E8
4.2389728E8
4.24411344E8
4.2493968E8
4.25481936E8
4.26037696E8
4.26606504E8
4.27187832E8
4.27781104E8
4.28385744E8
4.29001176E8
4.29626768E8
4.3026196E8
4.3090616E8
4.315588E8
4.32219368E8
4.32887384E8
4.33562392E8
4.34243984E8
4.34931816E8
4.35625576E8
4.3632504E8
4.37029968E8
4.37740216E8
4.3845568E8
4.39176296E8
4.39902032E8
4.40632888E8
4.4136888E8
4.42110104E8
4.4285656E8
4.43608384E8
4.44365632E8
4.451284E8
4.45896784E8
4.46670832E8
4.47450688E8
4.48236376E8
4.49027984E8
4.498256E8
4.50629296E8
4.51439136E8
4.52255224E8
4.53077672E8
4.53906576E8
4.5474208E8
4.5558432E8
4.56433496E8
4.57289784E8
4.58153416E8
4.59024648E8
4.5990372E8
4.60790944E8
4.61686584E8
4.62591008E8
4.6350448E8
4.6442736E8
4.6536E8
4.66302688E8
4.67255776E8
4.68219568E8
4.69194352E8
4.70180392E8
4.71177928E8
4.72187144E8
4.73208184E8
4.74241152E8
4.75286056E8
4.7634284E8
4.77411384E8
4.7849144E8
4.79582664E8
4.80684656E8
4.81796824E8
4.82918528E8
4.84048976E8
4.85187264E8
4.86332368E8
4.87483208E8
4.88638512E8
4.89797024E8
4.90957368E8
4.92118064E8
4.93277696E8
4.94434736E8
4.95587704E8
4.96735088E8
4.97875456E8
4.99007424E8
5.00129672E8
5.01240984E8
5.02340232E8
5.03426408E8
5.04498672E8
5.05556312E8
5.06598768E8
5.07625608E8
5.08636624E8
5.09631712E8
5.10610976E8
5.11574616E8
5.12523048E8
5.1345676E8
5.14376432E8
5.15282768E8
5.16176624E8
5.1705892E8
5.17930624E8
5.1879272E8
5.19646208E8
5.20492056E8
5.2133124E8
5.22164624E8
5.22993024E8
5.238172E8
5.24637744E8
5.25455224E8
5.26269992E8
5.27082408E8
5.27892632E8
5.2870076E8
5.29506816E8
5.30310712E8
5.31112336E8
5.31911512E8
5.32708008E8
5.33501656E8
5.34292208E8
5.35079528E8
5.35863464E8
5.36643912E8
5.3742088E8
5.38194408E8
5.38964624E8
5.39731752E8
5.40496104E8
5.4125808E8
5.42018192E8
5.42776992E8
5.43535152E8
5.44293448E8
5.45052712E8
5.4581384E8
5.46577808E8
5.4734564E8
5.48118448E8
5.4889736E8
5.49683568E8
5.50478232E8
5.512826E8
5.52097928E8
5.52925408E8
5.53766264E8
5.5462172E8
5.5549288E8
5.5638088E8
5.57286736E8
5.5821144E8
5.5915584E8
5.60120752E8
5.61106824E8
5.62114624E8
5.63144624E8
5.64197112E8
5.65272312E8
5.66370304E8
5.67491E8
5.68634216E8
5.69799656E8
5.70986888E8
5.72195352E8
5.734244E8
5.7467324E8
5.7594104E8
5.77226824E8
5.7852956E8
5.7984812E8
5.81181352E8
5.82528024E8
5.83886856E8
5.8525656E8
5.86635784E8
5.88023208E8
5.89417512E8
5.90817344E8
5.92221392E8
5.93628392E8
5.95037072E8
5.964462E8
5.9785464E8
5.992612E8
6.00664816E8
6.02064448E8
6.03459072E8
6.04847752E8
6.062296E8
6.07603728E8
6.08969376E8
6.10325752E8
6.11672192E8
6.13008E8
6.143326E8
6.15645432E8
6.16946016E8
6.18233864E8
6.19508584E8
6.20769816E8
6.2201724E8
6.232506E8
6.24469648E8
6.25674216E8
6.26864128E8
6.2803928E8
6.29199624E8
6.3034512E8
6.31475792E8
6.32591728E8
6.33693016E8
6.34779864E8
6.35852504E8
6.36911248E8
6.37956496E8
6.38988712E8
6.40008456E8
6.41016344E8
6.42013096E8
6.42999528E8
6.4397652E8
6.44945016E8
6.45905984E8
6.46860536E8
6.47809728E8
6.4875464E8
6.49696408E8
6.50636096E8
6.51574744E8
6.52513336E8
6.53452816E8
6.54394E8
6.55337624E8
6.56284312E8
6.57234632E8
6.58188952E8
6.59147608E8
6.60110744E8
6.61078496E8
6.62050824E8
6.6302764E8
6.64008784E8
6.64994008E8
6.65983064E8
6.66975648E8
6.67971408E8
6.68970032E8
6.699712E8
6.70974616E8
6.7198E8
6.72987096E8
6.73995728E8
6.7500576E8
6.76017096E8
6.77029744E8
6.78043704E8
6.79059112E8
6.80076152E8
6.81095072E8
6.821162E8
6.83139944E8
6.84166776E8
6.85197232E8
6.86231928E8
6.87271528E8
6.8831676E8
6.89368376E8
6.90427192E8
6.91494032E8
6.92569744E8
6.93655176E8
6.94751152E8
6.9585848E8
6.96977936E8
6.9811024E8
6.99256024E8
7.00415904E8
7.01590408E8
7.02779928E8
7.03984872E8
7.05205496E8
7.06441984E8
7.07694472E8
7.08963032E8
7.10247648E8
7.11548272E8
7.12864848E8
7.14197272E8
7.15545424E8
7.16909232E8
7.18288584E8
7.19683448E8
7.21093832E8
7.22519768E8
7.23961392E8
7.25418904E8
7.26892576E8
7.28382792E8
7.29890016E8
7.31414832E8
7.32957904E8
7.34519984E8
7.36101984E8
7.37704816E8
7.39329536E8
7.4097724E8
7.42649096E8
7.44346232E8
7.4606988E8
7.47821168E8
7.49601256E8
7.51411128E8
7.53251728E8
7.55123848E8
7.57028096E8
7.58964888E8
7.60934384E8
7.62936584E8
7.64971096E8
7.67037368E8
7.69134512E8
7.71261368E8
7.7341652E8
7.75598288E8
7.7780476E8
7.800338E8
7.8228312E8
7.84550264E8
7.86832656E8
7.8912764E8
7.91432528E8
7.93744576E8
7.96061056E8
7.98379304E8
8.00696688E8
8.03010624E8
8.05318648E8
8.07618344E8
8.099074E8
8.12183624E8
8.14444864E8
8.16689088E8
8.18914344E8
8.21118728E8
8.23300424E8
8.25457688E8
8.27588816E8
8.29692176E8
8.317662E8
8.33809416E8
8.35820376E8
8.37797736E8
8.39740272E8
8.4164684E8
8.43516448E8
8.45348232E8
8.47141488E8
8.48895704E8
8.5061056E8
8.52285976E8
8.53922056E8
8.55519208E8
8.57078104E8
8.585996E8
8.60084928E8
8.61535552E8
8.62953224E8
8.6433996E8
8.65698E8
8.67029872E8
8.68338304E8
8.69626216E8
8.7089668E8
8.7215292E8
8.73398256E8
8.74636096E8
8.75869864E8
8.77102968E8
8.78338792E8
8.79580664E8
8.80831768E8
8.82095216E8
8.83373896E8
8.8467056E8
8.85987744E8
8.87327744E8
8.88692664E8
8.90084352E8
8.91504384E8
8.92954112E8
8.94434656E8
8.95946848E8
8.97491296E8
8.99068376E8
9.00678216E8
9.02320744E8
9.0399564E8
9.05702424E8
9.07440392E8
9.09208664E8
9.11006208E8
9.12831792E8
9.14684088E8
9.16561624E8
9.18462808E8
9.20385944E8
9.22329312E8
9.24291072E8
9.26269424E8
9.28262504E8
9.30268472E8
9.32285568E8
9.3431204E8
9.3634624E8
9.38386632E8
9.40431824E8
9.42480488E8
9.44531504E8
9.46583912E8
9.48636872E8
9.50689744E8
9.5274208E8
9.5479352E8
9.56843904E8
9.58893224E8
9.60941576E8
9.62989184E8
9.65036376E8
9.6708356E8
9.69131224E8
9.71179936E8
9.73230232E8
9.75282744E8
9.77338064E8
9.7939684E8
9.81459664E8
9.83527144E8
9.85599856E8
9.87678344E8
9.8976316E8
9.91854808E8
9.93953784E8
9.96060576E8
9.9817564E8
1.00029948E9
1.002432576E9
1.004575456E9
1.006728608E9
1.008892608E9
1.011068016E9
1.013255456E9
1.015455512E9
1.01766884E9
1.019896024E9
1.022137696E9
1.024394408E9
1.026666672E9
1.02895492E9
1.03125948E9
1.033580584E9
1.035918272E9
1.038272472E9
1.040642936E9
1.043029184E9
1.04543064E9
1.047846464E9
1.05027564E9
1.052716992E9
1.055169192E9
1.057630696E9
1.060099928E9
1.062575144E9
1.065054536E9
1.067536256E9
1.07001844E9
1.072499208E9
1.074976752E9
1.077449288E9
1.079915144E9
1.08237272E9
1.084820552E9
1.087257288E9
1.089681768E9
1.092092928E9
1.094489864E9
1.096871872E9
1.099238376E9
1.101588928E9
1.103923288E9
1.106241352E9
1.108543176E9
1.110828976E9
1.113099088E9
1.11535404E9
1.11759448E9
1.119821224E9
1.1220352E9
1.124237528E9
1.126429424E9
1.128612248E9
1.130787488E9
1.132956728E9
1.135121664E9
1.13728408E9
1.139445832E9
1.141608824E9
1.143774976E9
1.145946272E9
1.148124656E9
1.150312048E9
1.152510352E9
1.154721384E9
1.156946896E9
1.159188544E9
1.161447888E9
1.163726352E9
1.166025304E9
1.168345864E9
1.170689168E9
1.173056152E9
1.175447624E9
1.17786432E9
1.18030684E9
1.182775696E9
1.185271296E9
1.187794E9
1.190344048E9
1.192921648E9
1.19552692E9
1.198159912E9
1.200820648E9
1.203509016E9
1.206224872E9
1.208967992E9
1.211738056E9
1.214534656E9
1.217357272E9
1.22020528E9
1.223077968E9
1.22597452E9
1.228893952E9
1.23183524E9
1.234797232E9
1.237778712E9
1.240778344E9
1.24379476E9
1.246826512E9
1.249872176E9
1.252930264E9
1.255999304E9
1.259077888E9
1.2621646E9
1.265258128E9
1.268357224E9
1.271460752E9
1.274567696E9
1.27767716E9
1.280788392E9
1.283900768E9
1.287013872E9
1.290127392E9
1.293241216E9
1.296355352E9
1.299469968E9
1.302585368E9
1.305702024E9
1.308820488E9
1.311941368E9
1.315065432E9
1.318193424E9
1.3213262E9
1.324464552E9
1.327609272E9
1.330761152E9
1.33392088E9
1.337089072E9
1.340266232E9
1.343452736E9
1.346648864E9
1.349854736E9
1.35307032E9
1.356295488E9
1.359529912E9
1.362773224E9
1.366024888E9
1.36928436E9
1.372550952E9
1.375824008E9
1.379102848E9
1.382386776E9
1.385675168E9
1.388967472E9
1.392263184E9
1.395561896E9
1.398863328E9
1.402167296E9
1.405473736E9
1.408782672E9
1.412094264E9
1.415408712E9
1.418726352E9
1.422047528E9
1.425372648E9
1.428702152E9
1.432036456E9
1.435375968E9
1.438721104E9
1.44207216E9
1.445429424E9
1.448793088E9
1.452163296E9
1.455540048E9
1.458923304E9
1.462312904E9
1.465708616E9
1.469110104E9
1.472516984E9
1.475928752E9
1.47934492E9
1.482764856E9
1.48618796E9
1.489613584E9
1.49304108E9
1.496469808E9
1.499899136E9
1.503328472E9
1.506757272E9
1.51018508E9
1.513611464E9
1.517036136E9
1.520458864E9
1.523879544E9
1.52729816E9
1.530714808E9
1.534129704E9
1.537543184E9
1.540955688E9
1.54436776E9
1.547780072E9
1.551193376E9
1.55460856E9
1.558026568E9
1.561448456E9
1.564875384E9
1.568308568E9
1.571749336E9
1.575199072E9
1.578659256E9
1.582131432E9
1.585617224E9
1.58911832E9
1.592636504E9
1.596173608E9
1.59973152E9
1.603312208E9
1.606917688E9
1.61055004E9
1.614211312E9
1.617903672E9
1.621629208E9
1.625390056E9
1.629188288E9
1.633025904E9
1.636904888E9
1.640827048E9
1.644794128E9
1.64880768E9
1.652869072E9
1.656979528E9
1.661140008E9
1.665351296E9
1.669613912E9
1.673928144E9
1.67829408E9
1.68271156E9
1.687180208E9
1.691699464E9
1.696268592E9
1.700886672E9
1.70555268E9
1.710265464E9
1.715023808E9
1.7198264E9
1.724671912E9
1.729558992E9
1.734486248E9
1.73945236E9
1.744455944E9
1.749495672E9
1.754570264E9
1.759678408E9
1.764818824E9
1.769990232E9
1.775191344E9
1.780420848E9
1.785677432E9
1.790959696E9
1.796266208E9
1.801595488E9
1.806945928E9
1.812315952E9
1.817703824E9
1.823107744E9
1.828525896E9
1.833956384E9
1.839397264E9
1.84484656E9
1.850302344E9
1.855762672E9
1.861225624E9
1.866689384E9
1.87215224E9
1.877612552E9
1.883068872E9
1.888519928E9
1.893964632E9
1.89940212E9
1.904831768E9
1.910253184E9
1.915666288E9
1.9210712E9
1.92646836E9
1.931858456E9
1.937242416E9
1.942621432E9
1.94799688E9
1.953370344E9
1.958743632E9
1.964118624E9
1.969497376E9
1.97488196E9
1.98027456E9
1.985677368E9
1.99109252E9
1.996522176E9
2.001968384E9
2.00743312E9
2.01291824E9
2.018425472E9
2.0239564E9
2.02951244E9
2.035094856E9
2.040704704E9
2.046342904E9
2.0520102E9
2.057707128E9
2.063434088E9
2.069191328E9
2.074978944E9
2.080796944E9
2.086645136E9
2.092523344E9
2.09843124E9
2.104368456E9
2.110334592E9
2.116329192E9
2.122351848E9
2.128402112E9
2.134479544E9
2.14058376E9
2.146714408E9
2.152871168E9
2.159053792E9
2.165262056E9
2.171495816E9
2.177754944E9
2.184039416E9
2.190349216E9
2.196684424E9
2.20304512E9
2.209431464E9
2.215843664E9
2.222281936E9
2.228746576E9
2.23523792E9
2.241756288E9
2.248302088E9
2.25487576E9
2.261477744E9
2.268108512E9
2.274768576E9
2.281458448E9
2.28817864E9
2.294929704E9
2.301712136E9
2.308526464E9
2.315373168E9
2.322252744E9
2.329165608E9
2.336112168E9
2.343092776E9
2.350107728E9
2.357157256E9
2.364241536E9
2.371360672E9
2.378514688E9
2.38570352E9
2.392927032E9
2.400185E9
2.407477096E9
2.414802912E9
2.422161976E9
2.429553672E9
2.436977352E9
2.444432256E9
2.45191756E9
2.459432368E9
2.466975752E9
2.474546696E9
2.48214416E9
2.489767072E9
2.49741436E9
2.505084936E9
2.512777704E9
2.520491648E9
2.528225712E9
2.535978944E9
2.543750416E9
2.55153932E9
2.559344864E9
2.567166368E9
2.575003264E9
2.582855024E9
2.59072124E9
2.598601592E9
2.606495848E9
2.614403864E9
2.622325528E9
2.630260824E9
2.638209792E9
2.64617248E9
2.654148984E9
2.662139464E9
2.670144024E9
2.678162784E9
2.686195952E9
2.694243592E9
2.702305888E9
2.71038292E9
2.718474792E9
2.726581632E9
2.734703536E9
2.742840584E9
2.750992928E9
2.759160696E9
2.767344016E9
2.775543096E9
2.783758152E9
2.791989448E9
2.800237304E9
2.808502064E9
2.816784144E9
2.82508396E9
2.833402024E9
2.841738832E9
2.850094904E9
2.858470752E9
2.866866904E9
2.87528384E9
2.883722008E9
2.892181768E9
2.900663424E9
2.909167136E9
2.917692992E9
2.926240904E9
2.93481068E9
2.94340196E9
2.952014192E9
2.96064672E9
2.969298648E9
2.977969E9
2.986656544E9
2.995359984E9
3.004077832E9
3.012808464E9
3.021550128E9
3.03030096E9
3.039058992E9
3.047822128E9
3.056588208E9
3.065354952E9
3.074120056E9
3.082881056E9
3.091635496E9
3.1003808E9
3.109114344E9
3.117833432E9
3.126535288E9
3.135217096E9
3.14387592E9
3.152508848E9
3.161112784E9
3.169684656E9
3.178221264E9
3.186719368E9
3.19517564E9
3.203586664E9
3.211948984E9
3.220259048E9
3.228513248E9
3.236707848E9
3.244839112E9
3.252903192E9
3.260896208E9
3.26881416E9
3.276653048E9
3.284408824E9
3.292077368E9
3.29965456E9
3.307136256E9
3.314518344E9
3.32179668E9
3.328967184E9
3.336025832E9
3.342968632E9
3.349791712E9
3.356491304E9
3.363063712E9
3.369505456E9
3.375813152E9
3.381983576E9
3.388013728E9
3.393900728E9
3.399641968E9
3.40523496E9
3.410677488E9
3.415967504E9
3.421103144E9
3.426082776E9
3.430904936E9
3.435568288E9
3.440071736E9
3.444414232E9
3.448594936E9
3.45261304E9
3.456467848E9
3.460158744E9
3.463685112E9
3.467046368E9
3.470241952E9
3.473271264E9
3.476133664E9
3.478828512E9
3.481355056E9
3.483712504E9
3.485900008E9
3.487916624E9
3.48976136E9
3.491433104E9
3.492930736E9
3.494253064E9
3.495398808E9
3.496366704E9
3.497155456E9
3.497763744E9
3.49819028E9
3.49843384E9
3.498493208E9
3.498367288E9
3.498055104E9
3.497555792E9
3.496868656E9
3.49599316E9
3.494929008E9
3.493676112E9
3.492234592E9
3.490604864E9
3.488787592E9
3.486783712E9
3.484594432E9
3.48222124E9
3.479665864E9
3.476930344E9
3.47401692E9
3.47092812E9
3.467666672E9
3.464235496E9
3.460637752E9
3.456876712E9
3.452955832E9
3.448878704E9
3.444649008E9
3.440270504E9
3.435747032E9
3.431082472E9
3.426280704E9
3.421345632E9
3.41628108E9
3.411090904E9
3.405778824E9
3.400348512E9
3.394803544E9
3.38914732E9
3.383383192E9
3.377514312E9
3.371543712E9
3.365474304E9
3.359308776E9
3.353049776E9
3.34669976E9
3.340261072E9
3.333735976E9
3.327126608E9
3.32043508E9
3.313663456E9
3.306813728E9
3.29988796E9
3.292888176E9
3.285816464E9
3.278674992E9
3.271465968E9
3.264191688E9
3.256854584E9
3.249457144E9
3.242001968E9
3.23449176E9
3.226929344E9
3.219317552E9
3.211659368E9
3.20395776E9
3.196215776E9
3.188436448E9
3.1806228E9
3.172777856E9
3.164904568E9
3.1570058E9
3.14908436E9
3.14114292E9
3.133184048E9
3.12521016E9
3.117223568E9
3.109226344E9
3.101220488E9
3.093207816E9
3.085189912E9
3.077168256E9
3.069144168E9
3.061118752E9
3.053093024E9
3.045067792E9
3.037043752E9
3.029021472E9
3.021001408E9
3.012983888E9
3.004969184E9
2.996957488E9
2.988948912E9
2.980943616E9
2.972941656E9
2.964943152E9
2.956948232E9
2.948957056E9
2.940969848E9
2.932986888E9
2.925008496E9
2.91703516E9
2.909067376E9
2.901105712E9
2.893150856E9
2.88520352E9
2.877264536E9
2.86933472E9
2.861414992E9
2.85350624E9
2.845609416E9
2.837725456E9
2.829855288E9
2.821999856E9
2.81416004E9
2.80633672E9
2.798530736E9
2.79074288E9
2.782973912E9
2.775224592E9
2.767495584E9
2.7597876E9
2.75210128E9
2.744437312E9
2.736796304E9
2.729178968E9
2.721585984E9
2.714018064E9
2.70647596E9
2.698960464E9
2.691472448E9
2.684012752E9
2.676582312E9
2.669182072E9
2.661812992E9
2.65447604E9
2.647172192E9
2.639902336E9
2.632667384E9
2.625468144E9
2.618305328E9
2.611179568E9
2.604091352E9
2.597041088E9
2.590029E9
2.583055208E9
2.576119704E9
2.569222312E9
2.562362832E9
2.555540848E9
2.548755968E9
2.542007712E9
2.535295536E9
2.52861892E9
2.521977336E9
2.515370288E9
2.508797312E9
2.502258032E9
2.49575212E9
2.489279336E9
2.482839504E9
2.476432512E9
2.47005836E9
2.463717056E9
2.457408704E9
2.451133392E9
2.44489128E9
2.438682496E9
2.4325072E9
2.42636548E9
2.42025744E9
2.414183096E9
2.408142424E9
2.402135352E9
2.396161752E9
2.3902214E9
2.384314024E9
2.378439312E9
2.37259688E9
2.366786264E9
2.361007016E9
2.355258576E9
2.349540432E9
2.343851992E9
2.33819264E9
2.332561792E9
2.326958744E9
2.321382896E9
2.315833536E9
2.310309992E9
2.304811536E9
2.299337448E9
2.293886976E9
2.288459376E9
2.283053848E9
2.27766964E9
2.272305944E9
2.266962E9
2.261637048E9
2.256330336E9
2.251041136E9
2.24576884E9
2.240512784E9
2.235272432E9
2.230047304E9
2.224836968E9
2.219641112E9
2.214459488E9
2.209291928E9
2.204138344E9
2.198998768E9
2.193873264E9
2.188762008E9
2.183665232E9
2.17858324E9
2.1735164E9
2.168465088E9
2.16342976E9
2.158410888E9
2.153408976E9
2.148424528E9
2.143458032E9
2.138510008E9
2.133580896E9
2.128671152E9
2.123781152E9
2.118911272E9
2.114061728E9
2.109232768E9
2.104424488E9
2.099636912E9
2.094869984E9
2.090123552E9
2.085397344E9
2.080691E9
2.07600408E9
2.071336064E9
2.06668636E9
2.062054264E9
2.057439112E9
2.05284012E9
2.048256544E9
2.0436876E9
2.039132528E9
2.034590624E9
2.030061184E9
2.025543576E9
2.021037248E9
2.01654172E9
2.012056584E9
2.007581544E9
2.003116384E9
1.998661E9
1.994215344E9
1.989779512E9
1.985353664E9
1.98093808E9
1.976533056E9
1.97213904E9
1.967756496E9
1.963385952E9
1.95902804E9
1.954683368E9
1.950352624E9
1.94603652E9
1.941735768E9
1.937451152E9
1.933183384E9
1.928933256E9
1.924701528E9
1.920488928E9
1.916296216E9
1.912124096E9
1.907973264E9
1.903844376E9
1.899738032E9
1.895654808E9
1.891595232E9
1.887559704E9
1.883548616E9
1.879562232E9
1.875600744E9
1.871664208E9
1.867752608E9
1.863865768E9
1.860003432E9
1.8561652E9
1.852350576E9
1.848558936E9
1.844789528E9
1.841041592E9
1.837314208E9
1.833606456E9
1.829917368E9
1.826245928E9
1.822591176E9
1.818952144E9
1.815327928E9
1.811717656E9
1.808120568E9
1.804535984E9
1.800963296E9
1.797402024E9
1.793851768E9
1.790312256E9
1.786783248E9
1.783264656E9
1.779756384E9
1.776258464E9
1.772770888E9
1.769293736E9
1.765827064E9
1.762370904E9
1.758925296E9
1.755490224E9
1.752065648E9
1.748651472E9
1.745247536E9
1.74185368E9
1.738469656E9
1.735095192E9
1.731729976E9
1.728373704E9
1.72502604E9
1.721686664E9
1.718355288E9
1.715031616E9
1.711715424E9
1.708406568E9
1.705104952E9
1.701810584E9
1.698523544E9
1.695244032E9
1.691972392E9
1.688709048E9
1.6854546E9
1.682209768E9
1.678975408E9
1.675752512E9
1.672542224E9
1.669345816E9
1.666164664E9
1.663000288E9
1.65985428E9
1.65672832E9
1.653624136E9
1.650543536E9
1.64748828E9
1.644460144E9
1.641460872E9
1.638492112E9
1.635555464E9
1.632652368E9
1.62978416E9
1.626952E9
1.624156888E9
1.621399664E9
1.61868096E9
1.616001224E9
1.613360744E9
1.6107596E9
1.608197752E9
1.60567496E9
1.603190856E9
1.600744944E9
1.598336656E9
1.59596524E9
1.593629976E9
1.591329976E9
1.589064376E9
1.586832208E9
1.584632456E9
1.582464168E9
1.58032628E9
1.578217696E9
1.576137368E9
1.574084168E9
1.572056976E9
1.57005464E9
1.56807604E9
1.566119976E9
1.564185304E9
1.56227084E9
1.560375376E9
1.558497808E9
1.556636976E9
1.55479176E9
1.552961112E9
1.551144016E9
1.54933952E9
1.547546776E9
1.545764952E9
1.543993408E9
1.542231496E9
1.540478768E9
1.5387348E9
1.536999304E9
1.535272048E9
1.53355292E9
1.531841872E9
1.530138856E9
1.528443936E9
1.526757144E9
1.525078544E9
1.523408184E9
1.521746088E9
1.520092232E9
1.518446568E9
1.516809016E9
1.5151794E9
1.513557544E9
1.5119432E9
1.510336072E9
1.508735912E9
1.507142376E9
1.505555168E9
1.503974E9
1.502398592E9
1.500828728E9
1.499264224E9
1.49770496E9
1.49615088E9
1.494601984E9
1.49305832E9
1.491520008E9
1.489987208E9
1.488460152E9
1.486939048E9
1.485424184E9
1.4839158E9
1.482414168E9
1.480919504E9
1.47943204E9
1.47795192E9
1.476479256E9
1.475014096E9
1.473556424E9
1.472106184E9
1.470663184E9
1.469227248E9
1.467798072E9
1.466375328E9
1.464958624E9
1.463547512E9
1.462141528E9
1.460740184E9
1.459342992E9
1.457949408E9
1.456558976E9
1.455171232E9
1.453785744E9
1.452402152E9
1.451020176E9
1.449639616E9
1.448260352E9
1.446882432E9
1.445505976E9
1.444131296E9
1.442758832E9
1.441389176E9
1.440023104E9
1.438661552E9
1.437305624E9
1.435956584E9
1.434615848E9
1.433284968E9
1.4319656E9
1.430659512E9
1.429368552E9
1.428094568E9
1.426839472E9
1.425605096E9
1.424393248E9
1.423205632E9
1.4220438E9
1.4209092E9
1.41980304E9
1.418726376E9
1.417680016E9
1.416664504E9
1.415680192E9
1.41472716E9
1.413805232E9
1.41291404E9
1.412052952E9
1.411221176E9
1.41041768E9
1.40964132E9
1.4088908E9
1.408164672E9
1.407461416E9
1.40677948E9
1.406117168E9
1.405472832E9
1.404844792E9
1.404231376E9
1.403630912E9
1.403041776E9
1.402462432E9
1.4018914E9
1.401327224E9
1.400768608E9
1.400214352E9
1.39966332E9
1.399114568E9
1.398567248E9
1.398020688E9
1.397474344E9
1.39692784E9
1.396381E9
1.395833784E9
1.395286328E9
1.394738984E9
1.394192232E9
1.393646736E9
1.39310332E9
1.39256296E9
1.392026744E9
1.391495864E9
1.390971632E9
1.390455376E9
1.389948488E9
1.389452352E9
1.38896836E9
1.3884978E9
1.388041912E9
1.387601816E9
1.387178512E9
1.386772824E9
1.386385424E9
1.386016784E9
1.385667184E9
1.385336744E9
1.38502532E9
1.384732632E9
1.384458256E9
1.38420148E9
1.383961576E9
1.383737576E9
1.383528496E9
1.383333176E9
1.383150464E9
1.382979088E9
1.3828178E9
1.382665344E9
1.382520432E9
1.382381848E9
1.3822484E9
1.38211896E9
1.381992456E9
1.381867928E9
1.381744472E9
1.381621344E9
1.381497872E9
1.381373536E9
1.381247904E9
1.381120728E9
1.38099188E9
1.38086136E9
1.380729312E9
1.380596016E9
1.380461904E9
1.380327496E9
1.380193392E9
1.380060368E9
1.37992924E9
1.379800856E9
1.379676184E9
1.379556192E9
1.379441848E9
1.379334144E9
1.379234056E9
1.379142536E9
1.379060472E9
1.378988736E9
1.378928112E9
1.378879304E9
1.378842976E9
1.378819704E9
1.378809984E9
1.378814224E9
1.378832808E9
1.378866008E9
1.378914056E9
1.37897712E9
1.379055352E9
1.37914884E9
1.379257656E9
1.379381848E9
1.379521472E9
1.379676496E9
1.379846984E9
1.380032936E9
1.380234336E9
1.3804512E9
1.380683496E9
1.3809312E9
1.381194264E9
1.3814726E9
1.381766144E9
1.382074696E9
1.382398112E9
1.382736128E9
1.383088472E9
1.383454776E9
1.383834648E9
1.384227584E9
1.384633048E9
1.385050416E9
1.385479008E9
1.385918104E9
1.386366896E9
1.386824536E9
1.387290136E9
1.387762784E9
1.388241544E9
1.388725504E9
1.389213712E9
1.389705304E9
1.390199448E9
1.39069536E9
1.391192392E9
1.391689968E9
1.392187664E9
1.392685216E9
1.39318248E9
1.393679552E9
1.394176648E9
1.394674248E9
1.395172976E9
1.395673672E9
1.39617736E9
1.396685232E9
1.397198632E9
1.39771908E9
1.398248136E9
1.398787528E9
1.399338992E9
1.399904296E9
1.40048524E9
1.401083552E9
1.401700904E9
1.402338904E9
1.402998984E9
1.403682504E9
1.404390616E9
1.405124296E9
1.405884336E9
1.406671344E9
1.407485648E9
1.408327464E9
1.40919672E9
1.410093176E9
1.411016368E9
1.411965704E9
1.41294032E9
1.413939312E9
1.414961504E9
1.416005704E9
1.417070536E9
1.418154544E9
1.419256208E9
1.420373888E9
1.421505944E9
1.422650656E9
1.423806272E9
1.424971032E9
1.426143136E9
1.427320824E9
1.428502328E9
1.429685872E9
1.430869776E9
1.4320524E9
1.433232144E9
1.434407544E9
1.435577208E9
1.436739904E9
1.437894504E9
1.439040064E9
1.440175816E9
1.441301152E9
1.442415672E9
1.443519152E9
1.444611584E9
1.445693136E9
1.446764184E9
1.447825232E9
1.448876976E9
1.449920264E9
1.450956024E9
1.451985312E9
1.453009264E9
1.454029048E9
1.455045872E9
1.456060968E9
1.457075536E9
1.458090752E9
1.459107744E9
1.460127584E9
1.461151304E9
1.462179808E9
1.463213976E9
1.464254568E9
1.465302296E9
1.46635776E9
1.467421512E9
1.468494032E9
1.469575744E9
1.470666984E9
1.471768072E9
1.472879256E9
1.474000752E9
1.47513276E9
1.476275392E9
1.477428808E9
1.478593104E9
1.479768376E9
1.48095472E9
1.482152248E9
1.48336108E9
1.484581368E9
1.485813272E9
1.487057048E9
1.488312984E9
1.489581456E9
1.490862872E9
1.492157752E9
1.493466704E9
1.4947904E9
1.496129592E9
1.497485128E9
1.49885788E9
1.5002488E9
1.501658872E9
1.503089104E9
1.50454048E9
1.506014008E9
1.507510656E9
1.50903132E9
1.510576888E9
1.512148136E9
1.51374576E9
1.5153704E9
1.517022616E9
1.518702872E9
1.520411536E9
1.522148936E9
1.523915336E9
1.525710896E9
1.5275358E9
1.529390152E9
1.531274024E9
1.533187488E9
1.535130552E9
1.537103256E9
1.539105584E9
1.54113752E9
1.543199048E9
1.545290072E9
1.54741052E9
1.549560264E9
1.551739144E9
1.553946944E9
1.556183416E9
1.55844824E9
1.560741072E9
1.563061472E9
1.565408952E9
1.567782968E9
1.570182888E9
1.572608056E9
1.575057688E9
1.577531E9
1.580027128E9
1.582545136E9
1.585084056E9
1.587642864E9
1.59022056E9
1.592816048E9
1.595428296E9
1.598056256E9
1.60069888E9
1.603355216E9
1.606024344E9
1.608705376E9
1.611397576E9
1.614100248E9
1.616812856E9
1.619534912E9
1.622266112E9
1.625006192E9
1.62775508E9
1.630512792E9
1.633279432E9
1.636055248E9
1.638840528E9
1.641635688E9
1.644441168E9
1.64725752E9
1.65008528E9
1.652925056E9
1.65577748E9
1.658643136E9
1.661522672E9
1.664416704E9
1.6673258E9
1.670250544E9
1.673191464E9
1.67614908E9
1.679123872E9
1.682116272E9
1.685126704E9
1.688155544E9
1.691203184E9
1.69426996E9
1.697356232E9
1.700462304E9
1.70358852E9
1.706735208E9
1.709902688E9
1.71309128E9
1.716301336E9
1.719533144E9
1.722787008E9
1.726063216E9
1.729362E9
1.732683584E9
1.736028112E9
1.739395648E9
1.742786192E9
1.746199672E9
1.749635896E9
1.753094544E9
1.75657524E9
1.760077424E9
1.76360048E9
1.767143656E9
1.77070604E9
1.774286704E9
1.777884544E9
1.781498456E9
1.785127152E9
1.78876936E9
1.792423736E9
1.796088888E9
1.7997634E9
1.803445848E9
1.80713476E9
1.81082868E9
1.81452616E9
1.818225696E9
1.821925832E9
1.825625056E9
1.82932188E9
1.833014712E9
1.836701984E9
1.840382064E9
1.844053224E9
1.847713688E9
1.851361592E9
1.854994936E9
1.85861168E9
1.86220964E9
1.865786512E9
1.869339936E9
1.8728674E9
1.876366368E9
1.879834184E9
1.883268128E9
1.88666548E9
1.890023488E9
1.893339384E9
1.896610464E9
1.899834072E9
1.903007576E9
1.906128488E9
1.909194416E9
1.91220308E9
1.915152344E9
1.918040224E9
1.920864888E9
1.923624664E9
1.926318024E9
1.9289436E9
1.9315002E9
1.933986712E9
1.93640224E9
1.938745976E9
1.941017264E9
1.94321552E9
1.945340352E9
1.947391416E9
1.949368496E9
1.95127148E9
1.953100344E9
1.954855168E9
1.95653612E9
1.958143432E9
1.959677472E9
1.961138624E9
1.962527344E9
1.96384416E9
1.965089664E9
1.966264456E9
1.967369176E9
1.968404456E9
1.969370944E9
1.970269272E9
1.971100072E9
1.971863872E9
1.972561232E9
1.97319264E9
1.973758472E9
1.97425912E9
1.974694864E9
1.97506592E9
1.975372456E9
1.975614592E9
1.975792384E9
1.975905856E9
1.975954992E9
1.975939768E9
1.975860144E9
1.975716112E9
1.975507632E9
1.975234736E9
1.974897464E9
1.974495936E9
1.974030256E9
1.973500648E9
1.972907336E9
1.972250632E9
1.971530904E9
1.970748528E9
1.969903968E9
1.968997696E9
1.968030264E9
1.967002192E9
1.965914096E9
1.964766528E9
1.96356012E9
1.962295472E9
1.960973216E9
1.95959396E9
1.958158296E9
1.956666864E9
1.955120208E9
1.953518936E9
1.951863624E9
1.950154816E9
1.948393016E9
1.946578792E9
1.944712648E9
1.942795088E9
1.9408266E9
1.938807712E9
1.936738912E9
1.934620728E9
1.932453688E9
1.930238352E9
1.927975296E9
1.925665104E9
1.923308432E9
1.920905912E9
1.918458256E9
1.915966152E9
1.913430352E9
1.910851576E9
1.908230624E9
1.905568192E9
1.902865088E9
1.900122E9
1.897339648E9
1.894518736E9
1.891659872E9
1.888763688E9
1.885830712E9
1.882861488E9
1.879856448E9
1.876816032E9
1.873740624E9
1.870630536E9
1.867486096E9
1.864307584E9
1.861095272E9
1.857849416E9
1.854570296E9
1.851258152E9
1.847913288E9
1.844535976E9
1.841126584E9
1.837685424E9
1.834212912E9
1.830709416E9
1.827175408E9
1.823611312E9
1.820017616E9
1.816394784E9
1.812743296E9
1.809063664E9
1.805356328E9
1.801621744E9
1.79786036E9
1.794072592E9
1.7902588E9
1.7864194E9
1.782554704E9
1.778665048E9
1.774750752E9
1.770812064E9
1.766849336E9
1.762862832E9
1.758852832E9
1.754819624E9
1.750763544E9
1.746684888E9
1.742583976E9
1.738461144E9
1.734316736E9
1.73015108E9
1.725964552E9
1.721757496E9
1.71753028E9
1.713283264E9
1.709016816E9
1.704731336E9
1.700427216E9
1.696104856E9
1.691764744E9
1.687407376E9
1.683033288E9
1.67864312E9
1.674237568E9
1.66981744E9
1.665383592E9
1.660937032E9
1.656478888E9
1.652010384E9
1.647532864E9
1.6430478E9
1.638556768E9
1.634061488E9
1.629563696E9
1.625065288E9
1.620568184E9
1.61607436E9
1.611585824E9
1.60710456E9
1.602632584E9
1.598171832E9
1.593724176E9
1.589291448E9
1.584875328E9
1.580477392E9
1.576099064E9
1.571741616E9
1.567406152E9
1.563093592E9
1.55880468E9
1.554539952E9
1.550299792E9
1.546084352E9
1.541893624E9
1.537727432E9
1.533585448E9
1.529467136E9
1.525371912E9
1.521299E9
1.517247536E9
1.513216592E9
1.509205112E9
1.505212024E9
1.501236176E9
1.4972764E9
1.493331504E9
1.489400224E9
1.485481352E9
1.481573624E9
1.4776758E9
1.473786648E9
1.469904904E9
1.466029352E9
1.462158768E9
1.458291944E9
1.454427688E9
1.450564848E9
1.446702264E9
1.44283884E9
1.438973528E9
1.435105296E9
1.431233216E9
1.427356392E9
1.42347404E9
1.419585448E9
1.41569004E9
1.411787328E9
1.407876976E9
1.40395876E9
1.400032648E9
1.39609872E9
1.392157232E9
1.3882086E9
1.3842534E9
1.380292376E9
1.376326392E9
1.372356472E9
1.368383784E9
1.364409592E9
1.360435272E9
1.356462288E9
1.352492168E9
1.348526464E9
1.344566808E9
1.340614784E9
1.336671976E9
1.332739984E9
1.328820296E9
1.3249144E9
1.321023664E9
1.317149376E9
1.31329276E9
1.309454912E9
1.305636816E9
1.301839344E9
1.298063304E9
1.294309328E9
1.290577952E9
1.286869672E9
1.283184784E9
1.279523576E9
1.275886216E9
1.272272808E9
1.268683368E9
1.265117848E9
1.261576224E9
1.258058328E9
1.254564048E9
1.2510932E9
1.247645648E9
1.244221192E9
1.240819696E9
1.237441032E9
1.234085104E9
1.230751832E9
1.2274412E9
1.224153248E9
1.220888024E9
1.21764568E9
1.214426376E9
1.211230304E9
1.20805772E9
1.204908896E9
1.201784088E9
1.19868356E9
1.19560756E9
1.192556256E9
1.189529784E9
1.1865282E9
1.18355144E9
1.180599336E9
1.177671608E9
1.174767792E9
1.171887376E9
1.169029624E9
1.166193712E9
1.163378672E9
1.160583416E9
1.157806784E9
1.15504748E9
1.152304176E9
1.149575472E9
1.14685996E9
1.144156184E9
1.141462712E9
1.138778112E9
1.136100944E9
1.133429848E9
1.130763456E9
1.128100504E9
1.125439656E9
1.122779712E9
1.120119464E9
1.117457744E9
1.114793448E9
1.112125448E9
1.10945268E9
1.10677412E9
1.104088744E9
1.101395552E9
1.098693624E9
1.095982064E9
1.093259984E9
1.090526584E9
1.087781112E9
1.085022872E9
1.082251264E9
1.079465744E9
1.076665856E9
1.073851264E9
1.071021696E9
1.068177016E9
1.06531716E9
1.062442256E9
1.059552464E9
1.05664812E9
1.053729624E9
1.050797584E9
1.047852656E9
1.044895656E9
1.041927488E9
1.038949216E9
1.035961984E9
1.03296708E9
1.02996588E9
1.026959856E9
1.023950632E9
1.02093988E9
1.017929392E9
1.014921008E9
1.011916664E9
1.00891836E9
1.005928104E9
1.002947976E9
9.99980024E8
9.97026312E8
9.94088856E8
9.91169616E8
9.88270496E8
9.8539328E8
9.82539648E8
9.79711112E8
9.76909072E8
9.74134696E8
9.71388992E8
9.68672784E8
9.65986648E8
9.63331008E8
9.6070604E8
9.58111696E8
9.55547816E8
9.53013976E8
9.50509624E8
9.48034056E8
9.45586456E8
9.43165872E8
9.40771288E8
9.38401624E8
9.36055776E8
9.33732616E8
9.3143104E8
9.29149936E8
9.26888264E8
9.24645016E8
9.22419232E8
9.20210072E8
9.18016696E8
9.158384E8
9.13674496E8
9.115244E8
9.09387544E8
9.07263464E8
9.05151688E8
9.03051824E8
9.00963488E8
8.98886328E8
8.96820008E8
8.9476424E8
8.92718712E8
8.90683136E8
8.88657232E8
8.86640768E8
8.84633504E8
8.82635176E8
8.80645608E8
8.78664592E8
8.76691928E8
8.74727472E8
8.72771064E8
8.70822576E8
8.68881872E8
8.66948832E8
8.65023344E8
8.6310528E8
8.61194592E8
8.59291104E8
8.57394712E8
8.5550532E8
8.53622792E8
8.51746976E8
8.49877744E8
8.48014928E8
8.46158392E8
8.44307936E8
8.42463384E8
8.40624568E8
8.38791248E8
8.36963216E8
8.35140264E8
8.33322088E8
8.31508456E8
8.29699072E8
8.27893608E8
8.26091792E8
8.24293232E8
8.22497592E8
8.20704512E8
8.18913624E8
8.17124552E8
8.15336936E8
8.13550432E8
8.1176468E8
8.09979368E8
8.08194184E8
8.0640888E8
8.046232E8
8.0283692E8
8.01049888E8
7.99261912E8
7.9747288E8
7.95682688E8
7.9389124E8
7.92098496E8
7.90304384E8
7.8850888E8
7.86711952E8
7.84913624E8
7.83113848E8
7.81312664E8
7.79510088E8
7.7770616E8
7.75900952E8
7.7409452E8
7.72286992E8
7.70478472E8
7.68669176E8
7.66859264E8
7.65049008E8
7.6323868E8
7.6142864E8
7.59619232E8
7.57810896E8
7.56004072E8
7.54199264E8
7.52397008E8
7.50597864E8
7.48802368E8
7.47011184E8
7.45224864E8
7.43444024E8
7.41669256E8
7.3990116E8
7.38140288E8
7.36387176E8
7.34642328E8
7.3290624E8
7.31179344E8
7.29462024E8
7.27754696E8
7.2605768E8
7.24371272E8
7.22695736E8
7.2103136E8
7.1937832E8
7.17736824E8
7.16107032E8
7.14489072E8
7.1288308E8
7.11289144E8
7.09707304E8
7.08137608E8
7.06580048E8
7.05034576E8
7.03501152E8
7.01979648E8
7.00469912E8
6.98971776E8
6.97484992E8
6.9600932E8
6.94544448E8
6.93090032E8
6.91645728E8
6.90211136E8
6.8878584E8
6.87369392E8
6.85961344E8
6.84561224E8
6.83168552E8
6.81782832E8
6.80403592E8
6.7903032E8
6.77662544E8
6.76299808E8
6.74941616E8
6.73587536E8
6.72237104E8
6.70889936E8
6.69545616E8
6.68203744E8
6.66863976E8
6.65525944E8
6.64189336E8
6.62853832E8
6.61519152E8
6.60184984E8
6.5885108E8
6.5751716E8
6.56182952E8
6.548482E8
6.53512648E8
6.52176024E8
6.50838064E8
6.49498472E8
6.48156976E8
6.46813288E8
6.45467112E8
6.44118152E8
6.42766128E8
6.41410752E8
6.40051768E8
6.38688952E8
6.37322056E8
6.35950904E8
6.34575336E8
6.33195256E8
6.31810592E8
6.3042132E8
6.29027456E8
6.2762908E8
6.26226304E8
6.24819312E8
6.23408288E8
6.21993472E8
6.20575168E8
6.19153656E8
6.17729296E8
6.1630244E8
6.14873424E8
6.13442672E8
6.1201052E8
6.10577408E8
6.09143712E8
6.07709824E8
6.06276128E8
6.04843024E8
6.03410864E8
6.01980056E8
6.00550968E8
5.99123928E8
5.97699352E8
5.96277536E8
5.9485884E8
5.93443568E8
5.92032056E8
5.9062456E8
5.89221328E8
5.87822568E8
5.86428472E8
5.85039144E8
5.83654656E8
5.82275E8
5.80900128E8
5.79529904E8
5.78164104E8
5.76802456E8
5.75444584E8
5.74090064E8
5.72738392E8
5.71388984E8
5.70041232E8
5.6869444E8
5.67347888E8
5.66000832E8
5.64652512E8
5.63302152E8
5.61949016E8
5.60592368E8
5.59231528E8
5.57865856E8
5.56494832E8
5.55117992E8
5.53734976E8
5.52345536E8
5.5094956E8
5.4954708E8
5.48138264E8
5.467234E8
5.45302984E8
5.43877608E8
5.42448024E8
5.41015152E8
5.3958004E8
5.38143848E8
5.36707888E8
5.3527356E8
5.33842352E8
5.32415856E8
5.30995704E8
5.29583592E8
5.28181256E8
5.26790416E8
5.25412808E8
5.24050176E8
5.22704144E8
5.21376336E8
5.20068296E8
5.18781432E8
5.17517048E8
5.16276328E8
5.15060304E8
5.13869792E8
5.1270544E8
5.11567744E8
5.10456904E8
5.09372976E8
5.08315752E8
5.07284824E8
5.06279552E8
5.05299096E8
5.04342408E8
5.0340828E8
5.02495368E8
5.01602128E8
5.00726984E8
4.99868256E8
4.99024264E8
4.98193256E8
4.97373576E8
4.96563624E8
4.95761864E8
4.94966896E8
4.94177488E8
4.93392528E8
4.9261116E8
4.91832656E8
4.91056512E8
4.90282424E8
4.8951028E8
4.887402E8
4.8797236E8
4.87207216E8
4.86445272E8
4.85687168E8
4.8493364E8
4.84185464E8
4.83443448E8
4.827084E8
4.8198116E8
4.81262448E8
4.80553032E8
4.7985352E8
4.79164504E8
4.78486464E8
4.77819808E8
4.77164832E8
4.76521752E8
4.75890744E8
4.7527184E8
4.74665064E8
4.74070368E8
4.73487648E8
4.72916776E8
4.72357576E8
4.71809888E8
4.71273504E8
4.70748224E8
4.70233808E8
4.69730048E8
4.69236696E8
4.68753488E8
4.68280144E8
4.67816352E8
4.6736176E8
4.66915976E8
4.66478552E8
4.66048984E8
4.65626696E8
4.65211056E8
4.64801376E8
4.6439684E8
4.63996632E8
4.63599832E8
4.63205488E8
4.62812576E8
4.62420024E8
4.62026736E8
4.61631576E8
4.61233392E8
4.60831032E8
4.60423352E8
4.60009176E8
4.59587408E8
4.59156936E8
4.58716696E8
4.58265704E8
4.57803032E8
4.57327784E8
4.56839208E8
4.56336608E8
4.558194E8
4.55287104E8
4.54739368E8
4.54175968E8
4.53596784E8
4.5300184E8
4.52391336E8
4.51765472E8
4.5112468E8
4.50469464E8
4.49800432E8
4.49118272E8
4.48423768E8
4.47717768E8
4.47001168E8
4.46274896E8
4.45539936E8
4.44797288E8
4.44047928E8
4.43292864E8
4.42533104E8
4.417696E8
4.4100332E8
4.40235184E8
4.39466104E8
4.38696936E8
4.3792852E8
4.3716164E8
4.36397064E8
4.3563548E8
4.34877576E8
4.34123968E8
4.33375224E8
4.32631872E8
4.318944E8
4.31163208E8
4.30438672E8
4.29721104E8
4.29010736E8
4.28307768E8
4.27612304E8
4.269244E8
4.26244016E8
4.2557108E8
4.249054E8
4.2424672E8
4.23594728E8
4.22949008E8
4.22309072E8
4.21674384E8
4.21044312E8
4.20418184E8
4.1979528E8
4.19174816E8
4.18555936E8
4.17937856E8
4.17319672E8
4.1670052E8
4.16079512E8
4.15455824E8
4.14828592E8
4.14197E8
4.13560304E8
4.12917768E8
4.12268736E8
4.11612624E8
4.10948896E8
4.10277088E8
4.0959684E8
4.08907824E8
4.08209824E8
4.07502688E8
4.06786344E8
4.06060816E8
4.05326176E8
4.0458256E8
4.03830208E8
4.030694E8
4.02300496E8
4.01523944E8
4.00740224E8
3.99949912E8
3.99153656E8
3.98352152E8
3.97546168E8
3.96736576E8
3.9592428E8
3.95110256E8
3.94295552E8
3.93481248E8
3.9266848E8
3.9185844E8
3.9105232E8
3.90251328E8
3.89456704E8
3.8866968E8
3.87891432E8
3.87123136E8
3.86365936E8
3.85620928E8
3.84889104E8
3.84171448E8
3.83468848E8
3.82782096E8
3.82111944E8
3.81458976E8
3.80823744E8
3.80206672E8
3.79608072E8
3.79028136E8
3.78466944E8
3.77924424E8
3.774004E8
3.76894512E8
3.76406288E8
3.75935096E8
3.75480152E8
3.75040512E8
3.7461508E8
3.7420264E8
3.73801832E8
3.73411152E8
3.73029016E8
3.72653728E8
3.72283544E8
3.71916648E8
3.71551184E8
3.71185336E8
3.7081724E8
3.70445136E8
3.70067288E8
3.69682072E8
3.69287912E8
3.68883424E8
3.68467304E8
3.680384E8
3.67595744E8
3.67138448E8
3.66665896E8
3.66177536E8
3.65673064E8
3.65152232E8
3.64615056E8
3.6406164E8
3.63492248E8
3.6290732E8
3.62307376E8
3.61693088E8
3.61065224E8
3.60424736E8
3.59772592E8
3.59109872E8
3.58437768E8
3.57757536E8
3.57070432E8
3.56377832E8
3.5568112E8
3.54981648E8
3.54280872E8
3.53580136E8
3.52880832E8
3.52184296E8
3.51491792E8
3.50804568E8
3.50123792E8
3.49450544E8
3.4878584E8
3.48130584E8
3.47485664E8
3.46851784E8
3.46229624E8
3.4561976E8
3.4502268E8
3.44438792E8
3.4386844E8
3.43311888E8
3.42769336E8
3.42240912E8
3.41726736E8
3.4122684E8
3.4074124E8
3.4026992E8
3.39812848E8
3.39369944E8
3.38941176E8
3.38526448E8
3.38125712E8
3.37738872E8
3.37365928E8
3.370068E8
3.3666148E8
3.36329976E8
3.36012296E8
3.35708496E8
3.3541864E8
3.35142792E8
3.34881088E8
3.34633632E8
3.34400576E8
3.34182064E8
3.33978248E8
3.3378924E8
3.33615208E8
3.3345628E8
3.33312512E8
3.3318396E8
3.33070656E8
3.32972568E8
3.32889568E8
3.32821528E8
3.327682E8
3.32729296E8
3.32704432E8
3.32693136E8
3.32694904E8
3.3270912E8
3.32735088E8
3.32772048E8
3.328192E8
3.32875648E8
3.32940488E8
3.33012712E8
3.3309132E8
3.33175264E8
3.33263488E8
3.3335492E8
3.33448504E8
3.33543184E8
3.33637936E8
3.33731752E8
3.33823704E8
3.33912848E8
3.33998368E8
3.34079424E8
3.34155352E8
3.34225464E8
3.34289168E8
3.34345944E8
3.3439532E8
3.34436904E8
3.34470312E8
3.34495224E8
3.3451136E8
3.34518416E8
3.34516144E8
3.3450428E8
3.34482528E8
3.34450592E8
3.34408152E8
3.34354856E8
3.34290296E8
3.34214072E8
3.34125696E8
3.34024688E8
3.33910552E8
3.33782736E8
3.33640664E8
3.33483808E8
3.33311584E8
3.33123448E8
3.3291884E8
3.32697256E8
3.32458216E8
3.3220124E8
3.31925936E8
3.31631936E8
3.31318928E8
3.30986648E8
3.30634936E8
3.30263672E8
3.298728E8
3.29462392E8
3.29032592E8
3.285836E8
3.28115768E8
3.2762952E8
3.27125368E8
3.26603968E8
3.26066032E8
3.255124E8
3.24943976E8
3.24361736E8
3.23766776E8
3.231602E8
3.22543192E8
3.21916936E8
3.21282632E8
3.2064152E8
3.19994784E8
3.19343576E8
3.1868904E8
3.180322E8
3.17374048E8
3.16715464E8
3.16057232E8
3.15400008E8
3.1474436E8
3.14090696E8
3.13439288E8
3.12790312E8
3.12143728E8
3.11499408E8
3.10857072E8
3.10216304E8
3.09576528E8
3.08937112E8
3.08297224E8
3.07656E8
3.07012448E8
3.06365544E8
3.05714192E8
3.05057216E8
3.0439348E8
3.03721856E8
3.03041168E8
3.02350328E8
3.01648328E8
3.00934184E8
3.00207024E8
2.99466112E8
2.98710776E8
2.97940536E8
2.97154984E8
2.96353936E8
2.95537312E8
2.947052E8
2.93857824E8
2.92995592E8
2.9211904E8
2.91228832E8
2.90325792E8
2.8941084E8
2.88485024E8
2.87549472E8
2.866054E8
2.8565408E8
2.84696872E8
2.83735104E8
2.82770152E8
2.818034E8
2.80836176E8
2.79869848E8
2.78905672E8
2.77944904E8
2.7698868E8
2.76038128E8
2.75094288E8
2.74158096E8
2.73230424E8
2.72312088E8
2.71403816E8
2.70506248E8
2.69619984E8
2.68745536E8
2.67883368E8
2.67033904E8
2.66197488E8
2.65374424E8
2.64565E8
2.63769448E8
2.62987936E8
2.62220656E8
2.61467712E8
2.607292E8
2.600052E8
2.59295704E8
2.58600712E8
2.5792016E8
2.57253944E8
2.56601888E8
2.55963816E8
2.55339392E8
2.54728336E8
2.54130152E8
2.535444E8
2.52970488E8
2.52407736E8
2.51855448E8
2.5131276E8
2.50778808E8
2.50252616E8
2.4973316E8
2.49219376E8
2.48710112E8
2.48204232E8
2.47700584E8
2.47197976E8
2.4669528E8
2.46191384E8
2.45685216E8
2.45175824E8
2.44662304E8
2.44143888E8
2.43619944E8
2.43089952E8
2.425536E8
2.42010712E8
2.41461288E8
2.40905528E8
2.40343816E8
2.3977668E8
2.3920484E8
2.38629152E8
2.38050632E8
2.37470408E8
2.3688968E8
2.3630976E8
2.35731944E8
2.35157584E8
2.34588016E8
2.34024528E8
2.33468368E8
2.3292068E8
2.3238252E8
2.31854832E8
2.31338448E8
2.30834048E8
2.30342216E8
2.29863368E8
2.29397792E8
2.28945712E8
2.28507184E8
2.28082192E8
2.27670632E8
2.27272288E8
2.26886952E8
2.26514288E8
2.2615396E8
2.25805576E8
2.25468704E8
2.2514292E8
2.24827736E8
2.24522696E8
2.2422724E8
2.23940872E8
2.23663E8
2.23393064E8
2.23130432E8
2.22874456E8
2.22624472E8
2.2237976E8
2.221396E8
2.2190324E8
2.2166992E8
2.21438832E8
2.21209256E8
2.20980408E8
2.20751576E8
2.20522088E8
2.20291304E8
2.20058688E8
2.198238E8
2.19586312E8
2.1934596E8
2.19102648E8
2.18856408E8
2.186074E8
2.18355904E8
2.18102352E8
2.17847256E8
2.17591272E8
2.1733512E8
2.1707956E8
2.16825424E8
2.16573568E8
2.163248E8
2.16079936E8
2.15839704E8
2.15604752E8
2.1537564E8
2.15152832E8
2.14936608E8
2.14727168E8
2.14524528E8
2.14328632E8
2.14139232E8
2.13956008E8
2.1377852E8
2.13606232E8
2.13438608E8
2.13274984E8
2.13114752E8
2.12957256E8
2.12801888E8
2.12648056E8
2.12495224E8
2.12342984E8
2.1219092E8
2.1203876E8
2.11886288E8
2.11733384E8
2.11580024E8
2.11426232E8
2.11272152E8
2.11117952E8
2.10963856E8
2.10810128E8
2.10657064E8
2.1050496E8
2.10354104E8
2.10204792E8
2.10057264E8
2.0991172E8
2.09768304E8
2.0962712E8
2.0948816E8
2.09351384E8
2.0921664E8
2.09083696E8
2.08952216E8
2.08821832E8
2.08692016E8
2.08562232E8
2.08431832E8
2.08300096E8
2.08166288E8
2.08029568E8
2.07889112E8
2.07744024E8
2.07593408E8
2.07436328E8
2.07271872E8
2.0709916E8
2.06917296E8
2.06725456E8
2.06522824E8
2.0630864E8
2.06082232E8
2.05842992E8
2.055904E8
2.05324008E8
2.0504348E8
2.04748576E8
2.04439152E8
2.04115152E8
2.0377664E8
2.03423776E8
2.0305676E8
2.02675912E8
2.02281624E8
2.01874312E8
2.0145444E8
2.01022552E8
2.00579184E8
2.0012488E8
1.99660248E8
1.99185848E8
1.98702296E8
1.98210128E8
1.97709944E8
1.97202328E8
1.96687784E8
1.9616688E8
1.95640088E8
1.95107928E8
1.94570824E8
1.94029208E8
1.93483424E8
1.92933816E8
1.92380664E8
1.91824192E8
1.91264576E8
1.90701944E8
1.90136368E8
1.89567888E8
1.88996472E8
1.8842212E8
1.87844728E8
1.87264232E8
1.8668056E8
1.86093616E8
1.85503368E8
1.84909768E8
1.84312824E8
1.83712568E8
1.83109104E8
1.825026E8
1.81893264E8
1.81281384E8
1.80667296E8
1.80051416E8
1.79434224E8
1.78816288E8
1.78198184E8
1.7758056E8
1.76964176E8
1.76349728E8
1.75738024E8
1.7512992E8
1.74526224E8
1.7392784E8
1.73335608E8
1.72750448E8
1.7217324E8
1.71604888E8
1.7104624E8
1.70498184E8
1.69961576E8
1.69437248E8
1.68926008E8
1.6842864E8
1.67945896E8
1.67478536E8
1.67027248E8
1.66592712E8
1.66175536E8
1.65776336E8
1.65395672E8
1.65034056E8
1.6469196E8
1.64369792E8
1.64067896E8
1.63786592E8
1.63526088E8
1.63286512E8
1.63067928E8
1.62870272E8
1.62693408E8
1.6253704E8
1.62400776E8
1.62284096E8
1.62186344E8
1.62106736E8
1.62044344E8
1.61998112E8
1.61966888E8
1.61949384E8
1.6194424E8
1.61950016E8
1.619652E8
1.61988224E8
1.6201752E8
1.62051512E8
1.62088608E8
1.62127304E8
1.62166088E8
1.6220352E8
1.62238264E8
1.62269056E8
1.62294696E8
1.62314128E8
1.62326352E8
1.62330496E8
1.623258E8
1.62311584E8
1.6228728E8
1.62252408E8
1.62206616E8
1.62149576E8
1.62081112E8
1.62001072E8
1.61909424E8
1.61806184E8
1.6169144E8
1.6156532E8
1.61428048E8
1.61279896E8
1.61121136E8
1.60952128E8
1.60773264E8
1.60584936E8
1.6038756E8
1.601816E8
1.5996748E8
1.59745624E8
1.5951644E8
1.5928032E8
1.59037584E8
1.58788536E8
1.58533416E8
1.58272376E8
1.58005528E8
1.57732888E8
1.574544E8
1.57169976E8
1.56879392E8
1.56582416E8
1.56278696E8
1.55967896E8
1.55649608E8
1.55323384E8
1.54988792E8
1.5464536E8
1.54292664E8
1.53930232E8
1.53557728E8
1.53174768E8
1.52781072E8
1.52376384E8
1.51960552E8
1.51533464E8
1.51095136E8
1.50645616E8
1.5018508E8
1.49713768E8
1.49231976E8
1.48740136E8
1.4823872E8
1.47728248E8
1.4720936E8
1.4668268E8
1.46148936E8
1.45608832E8
1.45063152E8
1.4451264E8
1.4395812E8
1.43400328E8
1.42840072E8
1.42278128E8
1.4171524E8
1.41152176E8
1.40589688E8
1.40028464E8
1.39469264E8
1.389128E8
1.38359768E8
1.37810896E8
1.3726688E8
1.3672844E8
1.36196288E8
1.35671128E8
1.3515372E8
1.34644744E8
1.34144936E8
1.33655E8
1.33175608E8
1.3270748E8
1.3225128E8
1.31807648E8
1.31377192E8
1.30960496E8
1.30558144E8
1.30170648E8
1.2979852E8
1.29442208E8
1.2910216E8
1.28778744E8
1.284724E8
1.28183432E8
1.27912176E8
1.27658936E8
1.27423992E8
1.27207608E8
1.27010032E8
1.2683144E8
1.26672016E8
1.26531944E8
1.26411248E8
1.26310008E8
1.26228224E8
1.26165776E8
1.26122488E8
1.26098112E8
1.2609224E8
1.26104392E8
1.26133928E8
1.26180112E8
1.26242016E8
1.26318616E8
1.26408712E8
1.26511E8
1.26623984E8
1.26746088E8
1.26875592E8
1.2701068E8
1.27149456E8
1.27289968E8
1.27430184E8
1.27568072E8
1.27701584E8
1.27828704E8
1.27947416E8
1.28055816E8
1.28152032E8
1.2823432E8
1.28301016E8
1.28350608E8
1.28381712E8
1.28393104E8
1.28383704E8
1.28352576E8
1.28298992E8
1.28222336E8
1.28122192E8
1.27998304E8
1.27850504E8
1.27678856E8
1.27483496E8
1.27264704E8
1.27022896E8
1.26758544E8
1.2647224E8
1.2616464E8
1.25836504E8
1.25488608E8
1.25121792E8
1.2473696E8
1.24335016E8
1.23916896E8
1.234836E8
1.23036096E8
1.22575368E8
1.2210244E8
1.21618312E8
1.21124024E8
1.206206E8
1.20109048E8
1.19590424E8
1.1906576E8
1.18536048E8
1.18002368E8
1.17465712E8
1.16927096E8
1.16387512E8
1.15847936E8
1.15309304E8
1.14772536E8
1.14238472E8
1.13707944E8
1.1318168E8
1.12660352E8
1.12144568E8
1.1163484E8
1.11131584E8
1.10635144E8
1.10145744E8
1.0966356E8
1.0918864E8
1.08720976E8
1.08260464E8
1.07806976E8
1.07360288E8
1.0692016E8
1.06486312E8
1.06058456E8
1.05636288E8
1.05219512E8
1.04807888E8
1.04401144E8
1.03999104E8
1.036016E8
1.03208544E8
1.02819872E8
1.02435584E8
1.02055752E8
1.01680504E8
1.01309952E8
1.00944352E8
1.00583864E8
1.00228776E8
9.9879304E7
9.953572E7
9.9198232E7
9.8867072E7
9.8542392E7
9.8224328E7
9.7912992E7
9.7608424E7
9.7310568E7
9.7019424E7
9.673484E7
9.6456672E7
9.6184728E7
9.5918792E7
9.5658584E7
9.5403832E7
9.515424E7
9.490952E7
9.466936E7
9.4433472E7
9.4201576E7
9.3973384E7
9.3748696E7
9.3527264E7
9.3308904E7
9.3093488E7
9.2880904E7
9.2671088E7
9.2464032E7
9.225976E7
9.205836E7
9.1859968E7
9.1664776E7
9.1473048E7
9.1285096E7
9.110132E7
9.0922152E7
9.0748112E7
9.05798E7
9.0417864E7
9.0263008E7
9.0116032E7
8.9977792E7
8.9849192E7
8.9731176E7
8.9624768E7
8.9531E7
8.9450936E7
8.938568E7
8.9336288E7
8.9303848E7
8.9289376E7
8.9293856E7
8.9318192E7
8.93632E7
8.9429584E7
8.9517904E7
8.9628552E7
8.9761784E7
8.9917616E7
9.009588E7
9.0296208E7
9.0517976E7
9.0760344E7
9.1022256E7
9.13024E7
9.1599296E7
9.1911224E7
9.2236336E7
9.257256E7
9.2917768E7
9.326968E7
9.3625968E7
9.398428E7
9.434224E7
9.4697536E7
9.5047872E7
9.5391104E7
9.5725184E7
9.6048232E7
9.6358552E7
9.6654592E7
9.6935072E7
9.7198904E7
9.7445216E7
9.7673376E7
9.7882952E7
9.8073752E7
9.824576E7
9.8399168E7
9.853432E7
9.8651728E7
9.875204E7
9.8835976E7
9.8904408E7
9.8958216E7
9.8998384E7
9.902588E7
9.9041704E7
9.9046856E7
9.9042304E7
9.9028984E7
9.9007816E7
9.8979616E7
9.8945192E7
9.8905248E7
9.886048E7
9.881144E7
9.875864E7
9.8702552E7
9.864352E7
9.8581888E7
9.8517896E7
9.8451712E7
9.8383496E7
9.831332E7
9.8241208E7
9.8167144E7
9.809108E7
9.8012936E7
9.7932584E7
9.7849888E7
9.7764672E7
9.7676776E7
9.7585968E7
9.7492088E7
9.7394912E7
9.729428E7
9.719E7
9.7081896E7
9.6969856E7
9.6853736E7
9.6733464E7
9.6608968E7
9.6480176E7
9.6347096E7
9.6209712E7
9.6068048E7
9.592212E7
9.577196E7
9.56176E7
9.5459056E7
9.5296328E7
9.5129408E7
9.4958272E7
9.4782832E7
9.4602976E7
9.4418552E7
9.4229376E7
9.4035176E7
9.3835656E7
9.3630464E7
9.341916E7
9.3201272E7
9.2976296E7
9.2743632E7
9.250268E7
9.2252784E7
9.1993264E7
9.1723488E7
9.1442752E7
9.115044E7
9.0845944E7
9.0528728E7
9.019836E7
8.9854424E7
8.949672E7
8.9125088E7
8.8739552E7
8.8340224E7
8.792744E7
8.750164E7
8.7063408E7
8.6613504E7
8.6152816E7
8.5682352E7
8.5203248E7
8.4716752E7
8.42242E7
8.3726992E7
8.3226584E7
8.2724472E7
8.2222152E7
8.1721144E7
8.1222928E7
8.0728928E7
8.0240536E7
7.9759032E7
7.928564E7
7.882144E7
7.8367416E7
7.7924384E7
7.7493024E7
7.7073832E7
7.6667152E7
7.6273128E7
7.5891712E7
7.5522672E7
7.5165552E7
7.481972E7
7.448432E7
7.4158328E7
7.3840568E7
7.3529648E7
7.3224064E7
7.2922176E7
7.2622288E7
7.23226E7
7.202128E7
7.1716504E7
7.1406488E7
7.1089472E7
7.076384E7
7.042804E7
7.0080696E7
6.9720592E7
6.9346712E7
6.8958224E7
6.8554512E7
6.81352E7
6.7700104E7
6.724928E7
6.6783016E7
6.6301752E7
6.580616E7
6.5297112E7
6.4775576E7
6.4242704E7
6.3699768E7
6.3148096E7
6.2589144E7
6.2024392E7
6.1455328E7
6.0883488E7
6.0310392E7
5.9737472E7
5.9166216E7
5.8597968E7
5.8034064E7
5.747576E7
5.6924224E7
5.6380568E7
5.5845816E7
5.5320936E7
5.4806832E7
5.4304352E7
5.3814296E7
5.3337424E7
5.287444E7
5.2426048E7
5.1992896E7
5.1575624E7
5.1174832E7
5.079112E7
5.042504E7
5.0077112E7
4.9747824E7
4.9437624E7
4.9146896E7
4.8876E7
4.8625216E7
4.839476E7
4.8184776E7
4.7995312E7
4.7826384E7
4.7677872E7
4.7549624E7
4.7441336E7
4.735272E7
4.7283312E7
4.723264E7
4.7200152E7
4.7185184E7
4.7187088E7
4.720512E7
4.7238504E7
4.7286408E7
4.7348008E7
4.7422392E7
4.7508656E7
4.7605888E7
4.7713096E7
4.782932E7
4.795352E7
4.8084648E7
4.822164E7
4.8363344E7
4.85086E7
4.8656184E7
4.88048E7
4.8953136E7
4.90998E7
4.9243328E7
4.9382232E7
4.9514968E7
4.9639952E7
4.9755592E7
4.9860256E7
4.995236E7
5.0030304E7
5.0092616E7
5.0137824E7
5.01646E7
5.0171752E7
5.0158224E7
5.0123184E7
5.0065928E7
4.9986064E7
4.9883368E7
4.9757896E7
4.9609944E7
4.9440064E7
4.9249048E7
4.9037944E7
4.8807984E7
4.8560632E7
4.8297512E7
4.8020392E7
4.7731184E7
4.7431872E7
4.7124536E7
4.6811264E7
4.6494192E7
4.6175416E7
4.585704E7
4.5541056E7
4.5229448E7
4.4924112E7
4.4626824E7
4.4339288E7
4.4063088E7
4.3799688E7
4.3550488E7
4.3316704E7
4.3099432E7
4.2899688E7
4.2718352E7
4.2556152E7
4.2413712E7
4.229152E7
4.2189952E7
4.2109232E7
4.2049488E7
4.2010664E7
4.1992624E7
4.1995104E7
4.2017656E7
4.2059704E7
4.2120576E7
4.2199424E7
4.2295232E7
4.2406912E7
4.2533176E7
4.2672632E7
4.2823728E7
4.2984856E7
4.3154264E7
4.3330104E7
4.3510504E7
4.3693504E7
4.38772E7
4.405964E7
4.423892E7
4.4413232E7
4.4580864E7
4.474024E7
4.4889904E7
4.502864E7
4.5155376E7
4.526928E7
4.5369744E7
4.5456368E7
4.5529008E7
4.5587704E7
4.5632744E7
4.5664584E7
4.568388E7
4.5691432E7
4.568816E7
4.5675088E7
4.5653344E7
4.5624032E7
4.5588336E7
4.5547376E7
4.5502224E7
4.5453904E7
4.5403328E7
4.5351304E7
4.5298504E7
4.5245424E7
4.5192432E7
4.5139736E7
4.5087376E7
4.5035208E7
4.4982992E7
4.4930304E7
4.4876608E7
4.4821272E7
4.4763552E7
4.4702656E7
4.463776E7
4.4567968E7
4.4492464E7
4.4410368E7
4.4320912E7
4.4223352E7
4.411704E7
4.40014E7
4.3875984E7
4.374044E7
4.359452E7
4.3438136E7
4.3271256E7
4.3094024E7
4.2906672E7
4.2709512E7
4.2503E7
4.2287664E7
4.2064112E7
4.1833032E7
4.15952E7
4.13514E7
4.110256E7
4.0849568E7
4.0593416E7
4.0335112E7
4.007572E7
3.9816336E7
3.955812E7
3.9302232E7
3.904992E7
3.8802464E7
3.8561168E7
3.8327384E7
3.8102504E7
3.7887952E7
3.7685176E7
3.7495672E7
3.7320896E7
3.7162312E7
3.7021352E7
3.6899424E7
3.679784E7
3.6717824E7
3.6660528E7
3.6626968E7
3.661796E7
3.6634216E7
3.6676224E7
3.6744344E7
3.6838632E7
3.695904E7
3.7105272E7
3.727684E7
3.7473096E7
3.7693152E7
3.7936E7
3.8200488E7
3.848532E7
3.8789104E7
3.9110312E7
3.9447392E7
3.9798736E7
4.0162656E7
4.0537464E7
4.0921472E7
4.131296E7
4.1710248E7
4.211164E7
4.251548E7
4.2920136E7
4.3323984E7
4.3725456E7
4.4122984E7
4.4515064E7
4.4900184E7
4.5276912E7
4.5643832E7
4.59996E7
4.6342856E7
4.667236E7
4.6986896E7
4.7285312E7
4.756652E7
4.782952E7
4.8073352E7
4.8297216E7
4.8500336E7
4.8682048E7
4.8841816E7
4.8979184E7
4.909388E7
4.9185664E7
4.9254512E7
4.930048E7
4.9323824E7
4.932492E7
4.930428E7
4.9262616E7
4.9200728E7
4.9119608E7
4.9020368E7
4.8904272E7
4.8772712E7
4.8627128E7
4.8469128E7
4.8300368E7
4.8122552E7
4.7937432E7
4.7746824E7
4.7552448E7
4.735612E7
4.7159528E7
4.696436E7
4.6772176E7
4.6584512E7
4.6402728E7
4.6228136E7
4.6061832E7
4.5904896E7
4.5758136E7
4.5622328E7
4.5498E7
4.5385616E7
4.5285456E7
4.5197656E7
4.5122248E7
4.5059096E7
4.5007992E7
4.4968568E7
4.4940384E7
4.4922896E7
4.491548E7
4.491744E7
4.4928E7
4.494632E7
4.497152E7
4.5002712E7
4.5038912E7
4.5079136E7
4.5122408E7
4.5167728E7
4.521408E7
4.526052E7
4.5306056E7
4.5349816E7
4.5390928E7
4.5428576E7
4.5462088E7
4.5490792E7
4.5514152E7
4.5531768E7
4.5543296E7
4.5548528E7
4.5547408E7
4.5539968E7
4.5526368E7
4.5506872E7
4.5481856E7
4.54518E7
4.5417272E7
4.5378896E7
4.5337368E7
4.5293456E7
4.5247912E7
4.5201584E7
4.515524E7
4.5109728E7
4.5065864E7
4.50244E7
4.498608E7
4.4951608E7
4.492164E7
4.4896728E7
4.4877392E7
4.486404E7
4.4857016E7
4.485652E7
4.486268E7
4.487548E7
4.4894792E7
4.4920352E7
4.4951792E7
4.4988584E7
4.5030064E7
4.5075512E7
4.5124E7
4.517456E7
4.5226136E7
4.5277528E7
4.532756E7
4.5374976E7
4.5418496E7
4.5456832E7
4.5488736E7
4.551296E7
4.5528336E7
4.5533776E7
4.5528216E7
4.5510752E7
4.5480536E7
4.543688E7
4.537916E7
4.5306928E7
4.5219824E7
4.5117624E7
4.5000256E7
4.4867712E7
4.4720152E7
4.4557856E7
4.4381152E7
4.4190544E7
4.3986608E7
4.3770024E7
4.3541552E7
4.3302024E7
4.3052368E7
4.2793568E7
4.2526648E7
4.2252712E7
4.197288E7
4.1688296E7
4.1400136E7
4.1109584E7
4.0817792E7
4.052592E7
4.0235088E7
3.9946392E7
3.9660832E7
3.9379448E7
3.9103112E7
3.8832672E7
3.856888E7
3.8312408E7
3.8063848E7
3.7823656E7
3.7592248E7
3.7369904E7
3.7156816E7
3.6953104E7
3.6758784E7
3.6573792E7
3.6398E7
3.6231224E7
3.6073192E7
3.5923624E7
3.57822E7
3.5648552E7
3.5522336E7
3.5403208E7
3.5290768E7
3.5184704E7
3.5084688E7
3.4990424E7
3.4901648E7
3.4818128E7
3.4739672E7
3.4666144E7
3.4597408E7
3.4533408E7
3.4474096E7
3.4419456E7
3.4369536E7
3.4324376E7
3.4284048E7
3.4248656E7
3.4218288E7
3.4193064E7
3.417308E7
3.4158432E7
3.414916E7
3.4145344E7
3.4146992E7
3.4154032E7
3.4166408E7
3.4184E7
3.420656E7
3.423388E7
3.4265616E7
3.43014E7
3.43408E7
3.438332E7
3.44284E7
3.4475488E7
3.4523936E7
3.457312E7
3.462236E7
3.4670984E7
3.4718312E7
3.4763656E7
3.4806376E7
3.4845824E7
3.4881368E7
3.4912392E7
3.4938336E7
3.4958632E7
3.4972776E7
3.4980232E7
3.4980504E7
3.4973136E7
3.4957664E7
3.4933608E7
3.4900512E7
3.485792E7
3.4805408E7
3.4742472E7
3.4668656E7
3.458348E7
3.4486496E7
3.4377184E7
3.4255064E7
3.4119672E7
3.3970504E7
3.3807104E7
3.3629E7
3.3435744E7
3.3226928E7
3.300216E7
3.2761096E7
3.250344E7
3.2228928E7
3.1937384E7
3.1628712E7
3.1302872E7
3.0959928E7
3.060008E7
3.0223568E7
2.9830808E7
2.9422304E7
2.8998744E7
2.8560864E7
2.8109648E7
2.7646128E7
2.7171504E7
2.6687128E7
2.6194456E7
2.5695056E7
2.5190584E7
2.4682808E7
2.4173544E7
2.3664616E7
2.315792E7
2.265532E7
2.215864E7
2.1669616E7
2.1189944E7
2.072116E7
2.0264696E7
1.9821792E7
1.9393544E7
1.898084E7
1.8584352E7
1.8204576E7
1.7841768E7
1.7496032E7
1.71672E7
1.685496E7
1.6558784E7
1.6278032E7
1.6011912E7
1.5759456E7
1.5519632E7
1.5291288E7
1.507328E7
1.4864312E7
1.4663184E7
1.4468592E7
1.427932E7
1.409416E7
1.3911992E7
1.3731768E7
1.3552528E7
1.3373488E7
1.3193936E7
1.3013392E7
1.283148E7
1.264808E7
1.2463264E7
1.227728E7
1.2090624E7
1.1904016E7
1.1718328E7
1.1534736E7
1.135452E7
1.1179216E7
1.1010456E7
1.0850064E7
1.0699952E7
1.0562104E7
1.0438568E7
1.0331416E7
1.0242696E7
1.01744E7
1.0128456E7
1.0106608E7
1.011052E7
1.0141616E7
1.020116E7
1.0290104E7
1.0409208E7
1.0558912E7
1.07394E7
1.095056E7
1.119192E7
1.1462816E7
1.1762224E7
1.2088848E7
1.2441192E7
1.2817432E7
1.32156E7
1.363348E7
1.4068712E7
1.4518784E7
1.498104E7
1.5452776E7
1.59312E7
1.641344E7
1.689668E7
1.737804E7
1.7854672E7
1.832384E7
1.8782816E7
1.922896E7
1.9659768E7
2.0072824E7
2.0465856E7
2.0836752E7
2.1183536E7
2.150444E7
2.1797832E7
2.2062304E7
2.2296624E7
2.2499784E7
2.2670936E7
2.2809512E7
2.291508E7
2.2987456E7
2.3026672E7
2.303296E7
2.3006728E7
2.2948616E7
2.285944E7
2.274024E7
2.2592144E7
2.2416544E7
2.221496E7
2.1988976E7
2.1740424E7
2.1471152E7
2.1183152E7
2.0878464E7
2.0559216E7
2.0227528E7
1.9885552E7
1.953544E7
1.917932E7
1.8819256E7
1.8457224E7
1.8095152E7
1.7734832E7
1.7377912E7
1.7025928E7
1.6680232E7
1.6342016E7
1.6012304E7
1.5691904E7
1.5381464E7
1.5081432E7
1.479208E7
1.4513488E7
1.424556E7
1.3988112E7
1.3740752E7
1.3502992E7
1.3274288E7
1.3053976E7
1.2841384E7
1.2635808E7
1.2436504E7
1.2242808E7
1.205404E7
1.1869632E7
1.1689064E7
1.1511912E7
1.1337816E7
1.1166576E7
1.099804E7
1.0832232E7
1.0669224E7
1.0509224E7
1.0352504E7
1.0199464E7
1.0050536E7
9906240.0
9767152.0
9633872.0
9507008.0
9387200.0
9275064.0
9171232.0
9076224.0
8990592.0
8914776.0
8849152.0
8794024.0
8749600.0
8715992.0
8693224.0
8681184.0
8679696.0
8688440.0
8707056.0
8735008.0
8771776.0
8816656.0
8868936.0
8927832.0
8992480.0
9062008.0
9135456.0
9211880.0
9290280.0
9369656.0
9449008.0
9527312.0
9603560.0
9676768.0
9745944.0
9810160.0
9868488.0
9920040.0
9963992.0
9999536.0
1.0025952E7
1.0042576E7
1.0048768E7
1.0043992E7
1.0027784E7
9999728.0
9959488.0
9906808.0
9841496.0
9763416.0
9672528.0
9568808.0
9452344.0
9323248.0
9181672.0
9027872.0
8862104.0
8684704.0
8496080.0
8296672.0
8086992.0
7867656.0
7639328.0
7402776.0
7158832.0
6908472.0
6652728.0
6392760.0
6129800.0
5865208.0
5600392.0
5336864.0
5076176.0
4819944.0
4569808.0
4327432.0
4094480.0
3872600.0
3663360.0
3468352.0
3289040.0
3126840.0
2983040.0
2858832.0
2755312.0
2673392.0
2613904.0
2577512.0
2564696.0
2575840.0
2611112.0
2670552.0
2754016.0
2861200.0
2991656.0
3144776.0
3319768.0
3515712.0
3731560.0
3966120.0
4218072.0
4485992.0
4768352.0
5063536.0
5369840.0
5685536.0
6008808.0
6337792.0
6670656.0
7005560.0
7340632.0
7674056.0
8004096.0
8328992.0
8647136.0
8956944.0
9256936.0
9545776.0
9822200.0
1.0085064E7
1.0333328E7
1.0566112E7
1.07826E7
1.0982112E7
1.1164128E7
1.1328152E7
1.1473872E7
1.160104E7
1.1709496E7
1.1799216E7
1.1870216E7
1.1922648E7
1.1956736E7
1.1972816E7
1.1971256E7
1.1952584E7
1.1917344E7
1.186624E7
1.1800008E7
1.1719496E7
1.1625616E7
1.1519336E7
1.1401736E7
1.1273912E7
1.1137016E7
1.0992224E7
1.0840736E7
1.0683776E7
1.0522544E7
1.0358224E7
1.019196E7
1.002488E7
9858024.0
9692400.0
9528960.0
9368544.0
9211960.0
9059944.0
8913144.0
8772144.0
8637456.0
8509544.0
8388824.0
8275624.0
8170272.0
8073000.0
7984056.0
7903600.0
7831824.0
7768832.0
7714768.0
7669712.0
7633744.0
7606936.0
7589352.0
7581056.0
7582096.0
7592512.0
7612384.0
7641776.0
7680752.0
7729392.0
7787832.0
7856152.0
7934480.0
8023016.0
8121864.0
8231240.0
8351360.0
8482424.0
8624632.0
8778256.0
8943520.0
9120648.0
9309840.0
9511328.0
9725264.0
9951768.0
1.0190936E7
1.0442792E7
1.0707288E7
1.098432E7
1.1273696E7
1.1575104E7
1.1888208E7
1.2212536E7
1.2547544E7
1.2892576E7
1.3246976E7
1.3609896E7
1.3980544E7
1.4358024E7
1.4741392E7
1.5129752E7
1.5522144E7
1.5917624E7
1.6315296E7
1.6714296E7
1.7113784E7
1.7513024E7
1.7911312E7
1.8308008E7
1.870256E7
1.9094504E7
1.948344E7
1.986904E7
2.0251048E7
2.0629248E7
2.100352E7
2.1373744E7
2.1739848E7
2.2101776E7
2.2459488E7
2.2812952E7
2.3162112E7
2.3506888E7
2.3847176E7
2.4182832E7
2.4513664E7
2.483944E7
2.515988E7
2.5474632E7
2.5783304E7
2.6085424E7
2.6380504E7
2.6667968E7
2.6947184E7
2.7217536E7
2.7478272E7
2.7728672E7
2.796792E7
2.8195248E7
2.8409808E7
2.8610736E7
2.8797248E7
2.8968456E7
2.9123592E7
2.926188E7
2.93826E7
2.9485104E7
2.9568832E7
2.963332E7
2.967816E7
2.9703136E7
2.9708104E7
2.969304E7
2.9658096E7
2.960348E7
2.95296E7
2.9436904E7
2.9326E7
2.919756E7
2.9052328E7
2.8891136E7
2.8714824E7
2.8524312E7
2.8320488E7
2.810424E7
2.7876456E7
2.7637976E7
2.7389608E7
2.7132104E7
2.686616E7
2.6592408E7
2.631144E7
2.6023736E7
2.572976E7
2.5429936E7
2.5124592E7
2.481408E7
2.4498688E7
2.4178712E7
2.3854432E7
2.3526136E7
2.3194136E7
2.2858752E7
2.2520384E7
2.21794E7
2.183624E7
2.1491392E7
2.1145336E7
2.0798616E7
2.0451752E7
2.0105312E7
1.9759808E7
1.9415768E7
1.907368E7
1.8733968E7
1.8397016E7
1.8063136E7
1.7732536E7
1.74054E7
1.7081784E7
1.6761704E7
1.6445072E7
1.6131744E7
1.5821528E7
1.55142E7
1.5209496E7
1.490712E7
1.460684E7
1.4308392E7
1.4011592E7
1.3716256E7
1.3422328E7
1.3129776E7
1.2838688E7
1.25492E7
1.2261592E7
1.19762E7
1.169348E7
1.1413936E7
1.11382E7
1.0866976E7
1.0601016E7
1.0341136E7
1.0088216E7
9843136.0
9606808.0
9380176.0
9164136.0
8959576.0
8767336.0
8588224.0
8422896.0
8272032.0
8136104.0
8015512.0
7910560.0
7821400.0
7748008.0
7690272.0
7647944.0
7620600.0
7607728.0
7608696.0
7622712.0
7648984.0
7686568.0
7734504.0
7791768.0
7857344.0
7930184.0
8009264.0
8093616.0
8182296.0
8274440.0
8369240.0
8466008.0
8564104.0
8663024.0
8762352.0
8861720.0
8960944.0
9059848.0
9158336.0
9256448.0
9354184.0
9451664.0
9548968.0
9646232.0
9743592.0
9841136.0
9938976.0
1.0037136E7
1.0135624E7
1.0234448E7
1.0333496E7
1.0432648E7
1.0531736E7
1.0630512E7
1.0728744E7
1.0826112E7
1.092232E7
1.1017016E7
1.110984E7
1.1200448E7
1.1288488E7
1.137364E7
1.14556E7
1.1534088E7
1.1608896E7
1.1679832E7
1.1746752E7
1.180964E7
1.1868464E7
1.1923296E7
1.1974264E7
1.2021552E7
1.2065448E7
1.2106224E7
1.2144232E7
1.2179896E7
1.2213592E7
1.2245752E7
1.2276832E7
1.230724E7
1.2337384E7
1.236764E7
1.2398336E7
1.2429752E7
1.2462128E7
1.2495616E7
1.2530344E7
1.256632E7
1.2603544E7
1.2641944E7
1.268136E7
1.2721608E7
1.2762464E7
1.2803696E7
1.2845016E7
1.2886152E7
1.2926856E7
1.296684E7
1.3005912E7
1.3043896E7
1.3080672E7
1.311616E7
1.3150384E7
1.3183392E7
1.321536E7
1.3246496E7
1.3277072E7
1.3307448E7
1.3338024E7
1.3369224E7
1.3401552E7
1.3435488E7
1.3471552E7
1.3510256E7
1.3552104E7
1.3597544E7
1.364704E7
1.3700984E7
1.3759728E7
1.382356E7
1.3892712E7
1.3967392E7
1.4047688E7
1.4133688E7
1.4225368E7
1.4322656E7
1.4425424E7
1.4533504E7
1.4646608E7
1.476444E7
1.4886568E7
1.5012544E7
1.5141832E7
1.527376E7
1.5407632E7
1.5542584E7
1.5677728E7
1.5812032E7
1.5944328E7
1.6073408E7
1.6197912E7
1.6316384E7
1.6427328E7
1.6529104E7
1.6620048E7
1.669844E7
1.6762528E7
1.6810592E7
1.684084E7
1.6851648E7
1.6841384E7
1.680852E7
1.6751672E7
1.6669624E7
1.6561296E7
1.6425832E7
1.6262608E7
1.6071192E7
1.5851456E7
1.560348E7
1.5327624E7
1.5024496E7
1.469496E7
1.4340128E7
1.3961336E7
1.3560112E7
1.313816E7
1.2697384E7
1.2239776E7
1.176744E7
1.1282528E7
1.0787272E7
1.028388E7
9774568.0
9261456.0
8746672.0
8232168.0
7719840.0
7211464.0
6708640.0
6212824.0
5725376.0
5247416.0
4779928.0
4323752.0
3879528.0
3447760.0
3028752.0
2622712.0
2229632.0
1849440.0
1481856.0
1126496.0
782896.0
450480.0
128576.0
-183560.0
-486744.0
-781736.0
-1069448.0
-1350696.0
-1626336.0
-1897160.0
-2163912.0
-2427296.0
-2687936.0
-2946352.0
-3202968.0
-3458152.0
-3712120.0
-3965016.0
-4216872.0
-4467616.0
-4717144.0
-4965216.0
-5211552.0
-5455840.0
-5697696.0
-5936728.0
-6172520.0
-6404632.0
-6632664.0
-6856176.0
-7074760.0
-7288008.0
-7495496.0
-7696872.0
-7891704.0
-8079584.0
-8260128.0
-8432888.0
-8597416.0
-8753240.0
-8899864.0
-9036768.0
-9163440.0
-9279312.0
-9383840.0
-9476488.0
-9556776.0
-9624224.0
-9678440.0
-9719080.0
-9745960.0
-9758968.0
-9758096.0
-9743496.0
-9715512.0
-9674608.0
-9621376.0
-9556616.0
-9481264.0
-9396392.0
-9303208.0
-9203024.0
-9097240.0
-8987376.0
-8874944.0
-8761552.0
-8648704.0
-8537968.0
-8430800.0
-8328616.0
-8232672.0
-8144160.0
-8064048.0
-7993192.0
-7932264.0
-7881656.0
-7841656.0
-7812272.0
-7793312.0
-7784392.0
-7784880.0
-7793960.0
-7810632.0
-7833688.0
-7861816.0
-7893520.0
-7927176.0
-7961104.0
-7993544.0
-8022704.0
-8046736.0
-8063880.0
-8072376.0
-8070552.0
-8056848.0
-8029840.0
-7988264.0
-7931000.0
-7857192.0
-7766168.0
-7657496.0
-7530952.0
-7386632.0
-7224800.0
-7046024.0
-6851056.0
-6640880.0
-6416720.0
-6179920.0
-5932072.0
-5674800.0
-5409928.0
-5139288.0
-4864832.0
-4588488.0
-4312160.0
-4037800.0
-3767232.0
-3502240.0
-3244504.0
-2995568.0
-2756872.0
-2529728.0
-2315264.0
-2114512.0
-1928304.0
-1757368.0
-1602248.0
-1463384.0
-1341096.0
-1235552.0
-1146840.0
-1074944.0
-1019768.0
-981136.0
-958816.0
-952488.0
-961816.0
-986384.0
-1025776.0
-1079472.0
-1146960.0
-1227672.0
-1321008.0
-1426328.0
-1542936.0
-1670152.0
-1807232.0
-1953416.0
-2107936.0
-2270024.0
-2438904.0
-2613792.0
-2793928.0
-2978600.0
-3167128.0
-3358840.0
-3553152.0
-3749496.0
-3947344.0
-4146264.0
-4345840.0
-4545704.0
-4745472.0
-4944872.0
-5143544.0
-5341208.0
-5537544.0
-5732208.0
-5924832.0
-6114984.0
-6302216.0
-6486032.0
-6665848.0
-6841032.0
-7010904.0
-7174720.0
-7331672.0
-7480952.0
-7621672.0
-7752920.0
-7873768.0
-7983296.0
-8080592.0
-8164728.0
-8234864.0
-8290128.0
-8329776.0
-8353112.0
-8359520.0
-8348520.0
-8319704.0
-8272840.0
-8207816.0
-8124704.0
-8023728.0
-7905280.0
-7769928.0
-7618432.0
-7451728.0
-7270896.0
-7077216.0
-6872088.0
-6657016.0
-6433632.0
-6203640.0
-5968824.0
-5731000.0
-5491952.0
-5253512.0
-5017392.0
-4785328.0
-4558936.0
-4339736.0
-4129144.0
-3928472.0
-3738872.0
-3561392.0
-3396952.0
-3246280.0
-3110024.0
-2988672.0
-2882560.0
-2791912.0
-2716824.0
-2657256.0
-2613032.0
-2583904.0
-2569464.0
-2569240.0
-2582624.0
-2608944.0
-2647440.0
-2697288.0
-2757584.0
-2827400.0
-2905760.0
-2991656.0
-3084072.0
-3181992.0
-3284424.0
-3390392.0
-3498920.0
-3609096.0
-3720064.0
-3830984.0
-3941080.0
-4049640.0
-4155976.0
-4259488.0
-4359608.0
-4455816.0
-4547648.0
-4634672.0
-4716496.0
-4792760.0
-4863160.0
-4927384.0
-4985176.0
-5036256.0
-5080416.0
-5117384.0
-5146968.0
-5168952.0
-5183096.0
-5189184.0
-5186984.0
-5176240.0
-5156712.0
-5128136.0
-5090200.0
-5042624.0
-4985104.0
-4917312.0
-4838944.0
-4749688.0
-4649232.0
-4537320.0
-4413720.0
-4278248.0
-4130824.0
-3971392.0
-3800008.0
-3616880.0
-3422296.0
-3216704.0
-3000656.0
-2774848.0
-2540200.0
-2297688.0
-2048464.0
-1793824.0
-1535168.0
-1274008.0
-1011952.0
-750712.0
-491992.0
-237552.0
10816.0
251360.0
482368.0
702176.0
909208.0
1101992.0
1279184.0
1439560.0
1582040.0
1705720.0
1809880.0
1893944.0
1957472.0
2000264.0
2022240.0
2023456.0
2004144.0
1964640.0
1905384.0
1826920.0
1729880.0
1614920.0
1482760.0
1334152.0
1169848.0
990616.0
797256.0
590480.0
371072.0
139784.0
-102592.0
-355312.0
-617584.0
-888568.0
-1167424.0
-1453216.0
-1744992.0
-2041728.0
-2342352.0
-2645736.0
-2950640.0
-3255872.0
-3560144.0
-3862152.0
-4160624.0
-4454240.0
-4741744.0
-5021920.0
-5293592.0
-5555712.0
-5807248.0
-6047320.0
-6275128.0
-6489984.0
-6691336.0
-6878688.0
-7051704.0
-7210112.0
-7353744.0
-7482488.0
-7596304.0
-7695208.0
-7779256.0
-7848512.0
-7903088.0
-7943064.0
-7968568.0
-7979656.0
-7976480.0
-7959064.0
-7927536.0
-7881968.0
-7822464.0
-7749144.0
-7662104.0
-7561536.0
-7447632.0
-7320632.0
-7180856.0
-7028648.0
-6864440.0
-6688704.0
-6502048.0
-6305072.0
-6098512.0
-5883152.0
-5659864.0
-5429608.0
-5193384.0
-4952296.0
-4707504.0
-4460232.0
-4211776.0
-3963496.0
-3716776.0
-3473056.0
-3233824.0
-3000584.0
-2774840.0
-2558104.0
-2351888.0
-2157632.0
-1976752.0
-1810616.0
-1660480.0
-1527496.0
-1412712.0
-1317072.0
-1241328.0
-1186072.0
-1151784.0
-1138744.0
-1147072.0
-1176680.0
-1227344.0
-1298704.0
-1390192.0
-1501152.0
-1630768.0
-1778152.0
-1942296.0
-2122160.0
-2316600.0
-2524488.0
-2744632.0
-2975912.0
-3217112.0
-3467136.0
-3724872.0
-3989280.0
-4259328.0
-4534040.0
-4812512.0
-5093856.0
-5377240.0
-5661880.0
-5947000.0
-6231896.0
-6515872.0
-6798232.0
-7078368.0
-7355656.0
-7629512.0
-7899376.0
-8164752.0
-8425200.0
-8680264.0
-8929616.0
-9172992.0
-9410160.0
-9640968.0
-9865368.0
-1.008336E7
-1.0295048E7
-1.0500544E7
-1.0700064E7
-1.089388E7
-1.1082216E7
-1.1265408E7
-1.1443752E7
-1.1617528E7
-1.1787008E7
-1.1952408E7
-1.2113928E7
-1.2271696E7
-1.2425744E7
-1.257608E7
-1.272264E7
-1.2865248E7
-1.300372E7
-1.3137784E7
-1.3267136E7
-1.3391384E7
-1.3510176E7
-1.3623136E7
-1.372984E7
-1.3829928E7
-1.3923056E7
-1.4008896E7
-1.4087232E7
-1.4157848E7
-1.422068E7
-1.4275672E7
-1.4322888E7
-1.4362504E7
-1.4394752E7
-1.4419968E7
-1.4438552E7
-1.4451E7
-1.4457848E7
-1.4459712E7
-1.4457208E7
-1.4451008E7
-1.4441792E7
-1.4430208E7
-1.441692E7
-1.440256E7
-1.4387696E7
-1.4372864E7
-1.4358552E7
-1.4345168E7
-1.4333056E7
-1.432248E7
-1.4313632E7
-1.4306624E7
-1.430152E7
-1.429824E7
-1.4296696E7
-1.4296728E7
-1.4298072E7
-1.4300456E7
-1.4303552E7
-1.430696E7
-1.4310304E7
-1.4313152E7
-1.4315096E7
-1.4315712E7
-1.4314568E7
-1.431132E7
-1.4305608E7
-1.4297136E7
-1.4285632E7
-1.4270904E7
-1.42528E7
-1.4231248E7
-1.4206216E7
-1.4177736E7
-1.4145944E7
-1.4110976E7
-1.4073056E7
-1.4032464E7
-1.3989528E7
-1.3944624E7
-1.3898184E7
-1.3850656E7
-1.3802536E7
-1.3754384E7
-1.370672E7
-1.3660144E7
-1.3615264E7
-1.3572632E7
-1.3532872E7
-1.349656E7
-1.3464248E7
-1.3436472E7
-1.3413744E7
-1.339644E7
-1.3384976E7
-1.3379648E7
-1.3380672E7
-1.3388192E7
-1.3402288E7
-1.3422912E7
-1.3449952E7
-1.3483264E7
-1.3522528E7
-1.3567472E7
-1.3617696E7
-1.3672768E7
-1.3732232E7
-1.37956E7
-1.38624E7
-1.3932128E7
-1.4004264E7
-1.4078336E7
-1.4153872E7
-1.4230416E7
-1.4307512E7
-1.4384712E7
-1.4461592E7
-1.453772E7
-1.4612624E7
-1.4685848E7
-1.4756888E7
-1.4825208E7
-1.4890216E7
-1.4951248E7
-1.5007592E7
-1.5058464E7
-1.5103024E7
-1.5140336E7
-1.5169424E7
-1.51892E7
-1.5198608E7
-1.5196464E7
-1.5181648E7
-1.5152968E7
-1.510932E7
-1.5049568E7
-1.497268E7
-1.4877656E7
-1.4763696E7
-1.4630024E7
-1.4476024E7
-1.4301248E7
-1.4105408E7
-1.3888376E7
-1.36502E7
-1.339112E7
-1.3111528E7
-1.2811952E7
-1.249316E7
-1.2155968E7
-1.1801392E7
-1.143052E7
-1.1044584E7
-1.0644848E7
-1.0232704E7
-9809544.0
-9376800.0
-8935960.0
-8488544.0
-8036008.0
-7579864.0
-7121600.0
-6662664.0
-6204544.0
-5748640.0
-5296368.0
-4849104.0
-4408208.0
-3974960.0
-3550648.0
-3136496.0
-2733680.0
-2343280.0
-1966320.0
-1603776.0
-1256480.0
-925184.0
-610504.0
-312968.0
-32920.0
229408.0
473928.0
700720.0
910000.0
1102120.0
1277600.0
1437064.0
1581296.0
1711128.0
1827552.0
1931592.0
2024360.0
2106992.0
2180680.0
2246592.0
2305928.0
2359840.0
2409456.0
2455872.0
2500072.0
2543040.0
2585640.0
2628656.0
2672776.0
2718608.0
2766624.0
2817208.0
2870608.0
2926960.0
2986296.0
3048480.0
3113272.0
3180288.0
3249040.0
3318904.0
3389096.0
3458776.0
3526952.0
3592560.0
3654456.0
3711408.0
3762152.0
3805408.0
3839848.0
3864208.0
3877216.0
3877704.0
3864552.0
3836800.0
3793544.0
3734096.0
3657888.0
3564552.0
3453904.0
3325952.0
3180896.0
3019128.0
2841264.0
2648080.0
2440528.0
2219720.0
1986920.0
1743528.0
1491032.0
1231056.0
965232.0
695312.0
423032.0
150168.0
-121504.0
-390248.0
-654312.0
-912032.0
-1161792.0
-1402064.0
-1631352.0
-1848296.0
-2051624.0
-2240152.0
-2412832.0
-2568768.0
-2707104.0
-2827168.0
-2928440.0
-3010488.0
-3073016.0
-3115864.0
-3139040.0
-3142568.0
-3126720.0
-3091744.0
-3038080.0
-2966224.0
-2876744.0
-2770288.0
-2647520.0
-2509232.0
-2356192.0
-2189184.0
-2009088.0
-1816720.0
-1612968.0
-1398712.0
-1174848.0
-942288.0
-701944.0
-454776.0
-201736.0
56176.0
317928.0
582496.0
848776.0
1115656.0
1381984.0
1646608.0
1908336.0
2165936.0
2418248.0
2664040.0
2902120.0
3131336.0
3350520.0
3558584.0
3754472.0
3937192.0
4105808.0
4259432.0
4397280.0
4518624.0
4622792.0
4709240.0
4777432.0
4826976.0
4857512.0
4868760.0
4860520.0
4832672.0
4785112.0
4717888.0
4631040.0
4524728.0
4399144.0
4254536.0
4091248.0
3909688.0
3710272.0
3493552.0
3260112.0
3010584.0
2745680.0
2466176.0
2172864.0
1866656.0
1548464.0
1219232.0
879984.0
531792.0
175656.0
-187272.0
-555960.0
-929272.0
-1306136.0
-1685424.0
-2066088.0
-2447072.0
-2827328.0
-3205856.0
-3581696.0
-3953848.0
-4321456.0
-4683616.0
-5039448.0
-5388208.0
-5729112.0
-6061416.0
-6384416.0
-6697512.0
-7000056.0
-7291496.0
-7571328.0
-7839032.0
-8094176.0
-8336360.0
-8565200.0
-8780360.0
-8981544.0
-9168504.0
-9341008.0
-9498880.0
-9641984.0
-9770240.0
-9883592.0
-9982088.0
-1.0065784E7
-1.0134832E7
-1.0189472E7
-1.0229952E7
-1.0256672E7
-1.0270072E7
-1.0270664E7
-1.0259072E7
-1.023596E7
-1.020208E7
-1.015824E7
-1.010532E7
-1.0044232E7
-9975928.0
-9901352.0
-9821504.0
-9737352.0
-9649800.0
-9559792.0
-9468104.0
-9375568.0
-9282800.0
-9190392.0
-9098800.0
-9008368.0
-8919312.0
-8831752.0
-8745648.0
-8660896.0
-8577320.0
-8494624.0
-8412464.0
-8330512.0
-8248408.0
-8165816.0
-8082464.0
-7998136.0
-7912704.0
-7826208.0
-7738760.0
-7650648.0
-7562264.0
-7474240.0
-7387280.0
-7302232.0
-7220104.0
-7141992.0
-7069088.0
-7002712.0
-6944160.0
-6894768.0
-6855928.0
-6828936.0
-6815080.0
-6815576.0
-6831536.0
-6863936.0
-6913616.0
-6981288.0
-7067472.0
-7172488.0
-7296472.0
-7439352.0
-7600864.0
-7780512.0
-7977608.0
-8191248.0
-8420344.0
-8663632.0
-8919648.0
-9186808.0
-9463360.0
-9747432.0
-1.0037048E7
-1.033016E7
-1.0624616E7
-1.0918224E7
-1.1208824E7
-1.1494168E7
-1.1772104E7
-1.2040448E7
-1.2297136E7
-1.2540152E7
-1.27676E7
-1.297772E7
-1.3168888E7
-1.3339672E7
-1.34888E7
-1.3615256E7
-1.3718192E7
-1.379704E7
-1.3851432E7
-1.3881256E7
-1.3886664E7
-1.3868E7
-1.382588E7
-1.376108E7
-1.3674592E7
-1.3567576E7
-1.3441312E7
-1.3297184E7
-1.3136664E7
-1.2961264E7
-1.2772496E7
-1.2571888E7
-1.2360864E7
-1.214084E7
-1.1913088E7
-1.1678784E7
-1.1438992E7
-1.1194648E7
-1.0946512E7
-1.069524E7
-1.0441352E7
-1.0185224E7
-9927136.0
-9667240.0
-9405600.0
-9142192.0
-8876944.0
-8609712.0
-8340320.0
-8068544.0
-7794168.0
-7516904.0
-7236504.0
-6952728.0
-6665288.0
-6373968.0
-6078528.0
-5778800.0
-5474608.0
-5165808.0
-4852296.0
-4534040.0
-4211040.0
-3883320.0
-3550992.0
-3214208.0
-2873176.0
-2528120.0
-2179352.0
-1827224.0
-1472160.0
-1114536.0
-754840.0
-393584.0
-31264.0
331552.0
694320.0
1056448.0
1417376.0
1776488.0
2133224.0
2486976.0
2837144.0
3183192.0
3524528.0
3860600.0
4190896.0
4514912.0
4832144.0
5142160.0
5444520.0
5738848.0
6024792.0
6301992.0
6570200.0
6829160.0
7078624.0
7318432.0
7548432.0
7768512.0
7978568.0
8178528.0
8368344.0
8548008.0
8717512.0
8876880.0
9026168.0
9165400.0
9294672.0
9414064.0
9523712.0
9623720.0
9714272.0
9795536.0
9867688.0
9930968.0
9985608.0
1.003184E7
1.0069952E7
1.0100216E7
1.012292E7
1.0138368E7
1.0146808E7
1.0148544E7
1.0143832E7
1.0132928E7
1.0116024E7
1.0093336E7
1.0065032E7
1.0031224E7
9992040.0
9947544.0
9897776.0
9842776.0
9782552.0
9717128.0
9646488.0
9570664.0
9489664.0
9403536.0
9312336.0
9216176.0
9115160.0
9009464.0
8899248.0
8784736.0
8666152.0
8543736.0
8417784.0
8288528.0
8156224.0
8021128.0
7883448.0
7743360.0
7601008.0
7456472.0
7309768.0
7160848.0
7009600.0
6855800.0
6699216.0
6539472.0
6376160.0
6208784.0
6036808.0
5859672.0
5676728.0
5487368.0
5290936.0
5086808.0
4874400.0
4653152.0
4422576.0
4182216.0
3931728.0
3670840.0
3399368.0
3117216.0
2824360.0
2520896.0
2206952.0
1882760.0
1548616.0
1204840.0
851856.0
490032.0
119824.0
-258304.0
-643896.0
-1036512.0
-1435680.0
-1840968.0
-2251920.0
-2668112.0
-3089144.0
-3514592.0
-3944040.0
-4377112.0
-4813344.0
-5252328.0
-5693576.0
-6136632.0
-6580912.0
-7025864.0
-7470856.0
-7915144.0
-8358016.0
-8798608.0
-9236048.0
-9669352.0
-1.0097512E7
-1.0519464E7
-1.0934088E7
-1.134024E7
-1.1736832E7
-1.2122664E7
-1.2496672E7
-1.2857808E7
-1.3205096E7
-1.3537672E7
-1.3854768E7
-1.41558E7
-1.4440304E7
-1.4708E7
-1.4958832E7
-1.5192872E7
-1.5410432E7
-1.5611984E7
-1.5798208E7
-1.596996E7
-1.6128216E7
-1.6274128E7
-1.640892E7
-1.653392E7
-1.6650496E7
-1.6760064E7
-1.6863992E7
-1.6963656E7
-1.7060376E7
-1.7155336E7
-1.7249664E7
-1.734432E7
-1.7440152E7
-1.7537856E7
-1.7637928E7
-1.7740776E7
-1.7846584E7
-1.7955384E7
-1.8067088E7
-1.8181424E7
-1.8298024E7
-1.8416384E7
-1.8535896E7
-1.865584E7
-1.8775432E7
-1.889384E7
-1.9010104E7
-1.9123272E7
-1.9232352E7
-1.9336248E7
-1.9433952E7
-1.9524328E7
-1.9606272E7
-1.9678712E7
-1.974052E7
-1.9790632E7
-1.9828024E7
-1.9851704E7
-1.9860752E7
-1.9854384E7
-1.9831896E7
-1.9792712E7
-1.9736472E7
-1.966296E7
-1.9572128E7
-1.94642E7
-1.9339616E7
-1.9198968E7
-1.904316E7
-1.8873248E7
-1.8690536E7
-1.849644E7
-1.8292608E7
-1.8080768E7
-1.786276E7
-1.764048E7
-1.7415904E7
-1.719092E7
-1.6967464E7
-1.6747416E7
-1.6532544E7
-1.6324544E7
-1.6124984E7
-1.5935344E7
-1.575696E7
-1.5591032E7
-1.5438672E7
-1.5300832E7
-1.5178376E7
-1.5072056E7
-1.4982544E7
-1.4910368E7
-1.4856032E7
-1.4819904E7
-1.4802304E7
-1.4803456E7
-1.482352E7
-1.4862536E7
-1.4920488E7
-1.499724E7
-1.50926E7
-1.5206224E7
-1.533768E7
-1.5486448E7
-1.5651864E7
-1.58332E7
-1.6029576E7
-1.6240072E7
-1.646364E7
-1.6699184E7
-1.694548E7
-1.7201288E7
-1.746532E7
-1.7736208E7
-1.8012616E7
-1.8293096E7
-1.8576256E7
-1.886064E7
-1.9144816E7
-1.9427336E7
-1.9706752E7
-1.99816E7
-2.0250432E7
-2.0511824E7
-2.076432E7
-2.1006528E7
-2.1237E7
-2.1454392E7
-2.1657344E7
-2.1844536E7
-2.2014712E7
-2.2166664E7
-2.229928E7
-2.2411488E7
-2.250236E7
-2.2571072E7
-2.2616888E7
-2.263928E7
-2.2637824E7
-2.2612248E7
-2.2562512E7
-2.2488704E7
-2.239112E7
-2.227028E7
-2.2126832E7
-2.1961664E7
-2.1775848E7
-2.1570632E7
-2.13474E7
-2.1107744E7
-2.085336E7
-2.0586048E7
-2.0307752E7
-2.0020456E7
-1.9726144E7
-1.9426912E7
-1.912476E7
-1.882168E7
-1.8519592E7
-1.822032E7
-1.7925576E7
-1.763688E7
-1.7355656E7
-1.7083088E7
-1.68202E7
-1.6567808E7
-1.6326504E7
-1.609668E7
-1.587852E7
-1.5672008E7
-1.5476912E7
-1.5292872E7
-1.5119304E7
-1.4955544E7
-1.4800728E7
-1.4653896E7
-1.4514064E7
-1.4380088E7
-1.425084E7
-1.412512E7
-1.4001768E7
-1.387956E7
-1.3757344E7
-1.3633984E7
-1.3508424E7
-1.3379624E7
-1.3246632E7
-1.31086E7
-1.296472E7
-1.281432E7
-1.2656784E7
-1.2491584E7
-1.2318296E7
-1.213664E7
-1.1946312E7
-1.1747176E7
-1.1539136E7
-1.1322184E7
-1.109636E7
-1.0861792E7
-1.0618624E7
-1.036708E7
-1.0107384E7
-9839872.0
-9564816.0
-9282584.0
-8993512.0
-8697976.0
-8396368.0
-8089064.0
-7776456.0
-7458920.0
-7136816.0
-6810488.0
-6480264.0
-6146480.0
-5809408.0
-5469288.0
-5126368.0
-4780824.0
-4432856.0
-4082592.0
-3730152.0
-3375632.0
-3019096.0
-2660592.0
-2300184.0
-1937888.0
-1573760.0
-1207808.0
-840104.0
-470736.0
-99800.0
272544.0
646104.0
1020632.0
1395800.0
1771224.0
2146432.0
2520880.0
2893944.0
3264936.0
3633112.0
3997632.0
4357640.0
4712248.0
5060536.0
5401576.0
5734448.0
6058320.0
6372304.0
6675664.0
6967656.0
7247656.0
7515096.0
7769504.0
8010472.0
8237704.0
8450944.0
8650008.0
8834768.0
9005144.0
9161112.0
9302640.0
9429728.0
9542384.0
9640664.0
9724568.0
9794136.0
9849400.0
9890424.0
9917240.0
9929944.0
9928648.0
9913488.0
9884656.0
9842392.0
9786984.0
9718792.0
9638224.0
9545800.0
9442072.0
9327664.0
9203280.0
9069696.0
8927744.0
8778272.0
8622224.0
8460592.0
8294344.0
8124504.0
7952128.0
7778232.0
7603864.0
7430016.0
7257696.0
7087856.0
6921408.0
6759232.0
6602128.0
6450880.0
6306144.0
6168624.0
6038888.0
5917520.0
5805016.0
5701872.0
5608584.0
5525600.0
5453384.0
5392432.0
5343208.0
5306256.0
5282096.0
5271272.0
5274360.0
5291888.0
5324424.0
5372472.0
5436448.0
5516792.0
5613744.0
5727448.0
5857912.0
6004992.0
6168304.0
6347304.0
6541232.0
6749080.0
6969664.0
7201584.0
7443200.0
7692712.0
7948184.0
8207496.0
8468464.0
8728792.0
8986168.0
9238232.0
9482680.0
9717256.0
9939760.0
1.0148104E7
1.034032E7
1.0514608E7
1.0669272E7
1.0802824E7
1.0913896E7
1.1001336E7
1.1064144E7
1.1101496E7
1.1112664E7
1.1097168E7
1.1054648E7
1.0984888E7
1.0887776E7
1.0763408E7
1.061196E7
1.0433752E7
1.022924E7
9998968.0
9743656.0
9464080.0
9161160.0
8835928.0
8489488.0
8123080.0
7737984.0
7335624.0
6917432.0
6484928.0
6039696.0
5583312.0
5117440.0
4643688.0
4163712.0
3679120.0
3191496.0
2702368.0
2213224.0
1725456.0
1240384.0
759216.0
283096.0
-187008.0
-650168.0
-1105656.0
-1552816.0
-1991104.0
-2420112.0
-2839584.0
-3249296.0
-3649144.0
-4039184.0
-4419464.0
-4790176.0
-5151544.0
-5503848.0
-5847432.0
-6182664.0
-6509968.0
-6829768.0
-7142544.0
-7448728.0
-7748848.0
-8043344.0
-8332696.0
-8617352.0
-8897752.0
-9174296.0
-9447352.0
-9717240.0
-9984232.0
-1.024852E7
-1.051024E7
-1.0769464E7
-1.1026184E7
-1.1280304E7
-1.1531664E7
-1.1779984E7
-1.2024944E7
-1.2266152E7
-1.2503144E7
-1.27354E7
-1.2962304E7
-1.318328E7
-1.3397656E7
-1.3604768E7
-1.3803968E7
-1.3994552E7
-1.417588E7
-1.434732E7
-1.450828E7
-1.4658192E7
-1.4796576E7
-1.4922984E7
-1.5037008E7
-1.5138336E7
-1.5226704E7
-1.5301904E7
-1.53638E7
-1.5412248E7
-1.5447216E7
-1.546864E7
-1.547652E7
-1.5470856E7
-1.5451632E7
-1.5418816E7
-1.5372408E7
-1.5312336E7
-1.523852E7
-1.5150856E7
-1.50492E7
-1.4933384E7
-1.4803248E7
-1.4658592E7
-1.4499256E7
-1.4325064E7
-1.4135856E7
-1.3931592E7
-1.3712216E7
-1.3477792E7
-1.3228464E7
-1.2964488E7
-1.2686208E7
-1.2394136E7
-1.208888E7
-1.1771144E7
-1.144184E7
-1.1101928E7
-1.0752536E7
-1.0394856E7
-1.0030184E7
-9659912.0
-9285472.0
-8908352.0
-8530056.0
-8152136.0
-7776096.0
-7403448.0
-7035672.0
-6674208.0
-6320456.0
-5975760.0
-5641360.0
-5318472.0
-5008216.0
-4711624.0
-4429648.0
-4163168.0
-3912936.0
-3679632.0
-3463792.0
-3265904.0
-3086288.0
-2925144.0
-2782576.0
-2658560.0
-2552872.0
-2465248.0
-2395224.0
-2342224.0
-2305560.0
-2284384.0
-2277752.0
-2284616.0
-2303824.0
-2334152.0
-2374272.0
-2422864.0
-2478512.0
-2539784.0
-2605256.0
-2673520.0
-2743176.0
-2812856.0
-2881240.0
-2947104.0
-3009256.0
-3066592.0
-3118120.0
-3162920.0
-3200160.0
-3229120.0
-3249184.0
-3259800.0
-3260536.0
-3251040.0
-3231056.0
-3200384.0
-3158936.0
-3106632.0
-3043536.0
-2969712.0
-2885312.0
-2790528.0
-2685640.0
-2570928.0
-2446784.0
-2313632.0
-2171936.0
-2022264.0
-1865224.0
-1701488.0
-1531816.0
-1357016.0
-1178000.0
-995728.0
-811224.0
-625576.0
-439968.0
-255568.0
-73632.0
104536.0
277680.0
444504.0
603720.0
754072.0
894320.0
1023312.0
1139976.0
1243256.0
1332272.0
1406184.0
1464328.0
1506104.0
1531088.0
1538976.0
1529624.0
1502976.0
1459192.0
1398496.0
1321320.0
1228184.0
1119728.0
996736.0
860064.0
710712.0
549728.0
378240.0
197448.0
8600.0
-187000.0
-388088.0
-593312.0
-801320.0
-1010816.0
-1220448.0
-1428936.0
-1634984.0
-1837336.0
-2034736.0
-2225984.0
-2409912.0
-2585384.0
-2751256.0
-2906432.0
-3049904.0
-3180616.0
-3297624.0
-3399984.0
-3486848.0
-3557392.0
-3610896.0
-3646712.0
-3664288.0
-3663184.0
-3643064.0
-3603736.0
-3545160.0
-3467424.0
-3370760.0
-3255568.0
-3122416.0
-2972032.0
-2805264.0
-2623120.0
-2426800.0
-2217536.0
-1996752.0
-1765904.0
-1526568.0
-1280320.0
-1028848.0
-773752.0
-516688.0
-259256.0
-2976.0
250680.0
500368.0
744848.0
983016.0
1213928.0
1436800.0
1650968.0
1856016.0
2051648.0
2237808.0
2414552.0
2582160.0
2741040.0
2891800.0
3035184.0
3172040.0
3303384.0
3430312.0
3554016.0
3675736.0
3796736.0
3918376.0
4041936.0
4168720.0
4299968.0
4436832.0
4580440.0
4731760.0
4891664.0
5060856.0
5239968.0
5429400.0
5629408.0
5840080.0
6061304.0
6292840.0
6534240.0
6784888.0
7043968.0
7310544.0
7583504.0
7861616.0
8143472.0
8427576.0
8712320.0
8996008.0
9276872.0
9553088.0
9822776.0
1.0084064E7
1.0335064E7
1.0573928E7
1.0798792E7
1.1007872E7
1.1199464E7
1.1371968E7
1.1523816E7
1.1653616E7
1.1760112E7
1.1842144E7
1.1898736E7
1.1929128E7
1.1932632E7
1.1908848E7
1.1857488E7
1.1778504E7
1.1672024E7
1.1538336E7
1.1377992E7
1.1191656E7
1.0980224E7
1.0744672E7
1.0486256E7
1.0206264E7
9906136.0
9587488.0
9251976.0
8901320.0
8537360.0
8161928.0
7776944.0
7384296.0
6985856.0
6583544.0
6179216.0
5774680.0
5371640.0
4971824.0
4576784.0
4188016.0
3806912.0
3434680.0
3072496.0
2721312.0
2381944.0
2055088.0
1741240.0
1440768.0
1153880.0
880600.0
620840.0
374352.0
140744.0
-80464.0
-289896.0
-488272.0
-676344.0
-854992.0
-1025104.0
-1187648.0
-1343584.0
-1493936.0
-1639648.0
-1781760.0
-1921224.0
-2059000.0
-2196032.0
-2333152.0
-2471256.0
-2611064.0
-2753336.0
-2898688.0
-3047752.0
-3200960.0
-3358736.0
-3521408.0
-3689192.0
-3862176.0
-4040384.0
-4223712.0
-4411944.0
-4604760.0
-4801736.0
-5002328.0
-5205904.0
-5411776.0
-5619112.0
-5827056.0
-6034672.0
-6240968.0
-6444960.0
-6645560.0
-6841752.0
-7032456.0
-7216624.0
-7393240.0
-7561288.0
-7719824.0
-7867912.0
-8004680.0
-8129312.0
-8241072.0
-8339240.0
-8423224.0
-8492440.0
-8546448.0
-8584824.0
-8607232.0
-8613472.0
-8603360.0
-8576832.0
-8533904.0
-8474656.0
-8399304.0
-8308104.0
-8201448.0
-8079768.0
-7943592.0
-7793584.0
-7630416.0
-7454872.0
-7267792.0
-7070104.0
-6862744.0
-6646728.0
-6423048.0
-6192776.0
-5956904.0
-5716448.0
-5472424.0
-5225752.0
-4977288.0
-4727848.0
-4478144.0
-4228776.0
-3980304.0
-3733136.0
-3487584.0
-3243840.0
-3002016.0
-2762120.0
-2524056.0
-2287664.0
-2052688.0
-1818768.0
-1585592.0
-1352712.0
-1119672.0
-886000.0
-651216.0
-414816.0
-176320.0
64720.0
308792.0
556288.0
807600.0
1063048.0
1322936.0
1587520.0
1856992.0
2131488.0
2411088.0
2695848.0
2985728.0
3280672.0
3580576.0
3885248.0
4194496.0
4508056.0
4825616.0
5146864.0
5471424.0
5798880.0
6128824.0
6460768.0
6794240.0
7128736.0
7463768.0
7798816.0
8133376.0
8466936.0
8798992.0
9129104.0
9456800.0
9781688.0
1.0103376E7
1.0421536E7
1.0735848E7
1.1046088E7
1.1352032E7
1.1653544E7
1.1950536E7
1.2242912E7
1.253072E7
1.2814E7
1.3092872E7
1.3367528E7
1.363816E7
1.3905056E7
1.4168552E7
1.4429008E7
1.468684E7
1.494248E7
1.5196408E7
1.5449088E7
1.5701024E7
1.5952664E7
1.620448E7
1.6456856E7
1.6710184E7
1.6964768E7
1.7220816E7
1.7478512E7
1.7737912E7
1.7999008E7
1.8261704E7
1.8525816E7
1.8791064E7
1.9057144E7
1.932364E7
1.9590128E7
1.9856112E7
2.012112E7
2.0384656E7
2.0646256E7
2.0905448E7
2.1161824E7
2.1415032E7
2.1664776E7
2.1910848E7
2.2153048E7
2.2391288E7
2.2625544E7
2.2855816E7
2.3082168E7
2.3304656E7
2.3523416E7
2.3738496E7
2.3949968E7
2.4157824E7
2.4362016E7
2.4562416E7
2.4758808E7
2.4950856E7
2.5138128E7
2.5320096E7
2.5496112E7
2.5665416E7
2.5827168E7
2.598044E7
2.6124248E7
2.625756E7
2.6379272E7
2.6488336E7
2.658368E7
2.6664216E7
2.672896E7
2.6776952E7
2.6807304E7
2.6819208E7
2.681196E7
2.678492E7
2.6737592E7
2.6669544E7
2.658048E7
2.64702E7
2.6338592E7
2.6185656E7
2.6011488E7
2.5816248E7
2.5600216E7
2.5363712E7
2.5107168E7
2.4831056E7
2.4535896E7
2.422232E7
2.3890944E7
2.3542464E7
2.3177624E7
2.27972E7
2.2402024E7
2.199296E7
2.1570896E7
2.1136752E7
2.069152E7
2.023616E7
1.9771736E7
1.9299248E7
1.8819776E7
1.8334376E7
1.7844096E7
1.735E7
1.6853136E7
1.6354496E7
1.5855032E7
1.5355688E7
1.4857312E7
1.4360688E7
1.3866552E7
1.337556E7
1.2888272E7
1.2405216E7
1.1926792E7
1.1453368E7
1.0985264E7
1.052272E7
1.0065912E7
9614984.0
9170096.0
8731312.0
8298696.0
7872272.0
7452112.0
7038192.0
6630504.0
6229000.0
5833616.0
5444272.0
5060824.0
4683128.0
4310984.0
3944144.0
3582352.0
3225328.0
2872728.0
2524200.0
2179424.0
1838016.0
1499608.0
1163864.0
830448.0
499032.0
169360.0
-158816.0
-485736.0
-811544.0
-1136360.0
-1460288.0
-1783384.0
-2105640.0
-2427088.0
-2747624.0
-3067248.0
-3385880.0
-3703440.0
-4019912.0
-4335208.0
-4649344.0
-4962328.0
-5274176.0
-5584976.0
-5894816.0
-6203840.0
-6512224.0
-6820112.0
-7127696.0
-7435160.0
-7742656.0
-8050320.0
-8358256.0
-8666472.0
-8974952.0
-9283568.0
-9592104.0
-9900256.0
-1.0207624E7
-1.0513696E7
-1.0817888E7
-1.1119464E7
-1.1417672E7
-1.1711648E7
-1.200048E7
-1.2283224E7
-1.2558928E7
-1.28266E7
-1.3085304E7
-1.333412E7
-1.3572208E7
-1.3798768E7
-1.4013112E7
-1.4214616E7
-1.4402808E7
-1.457728E7
-1.4737768E7
-1.4884088E7
-1.5016184E7
-1.5134056E7
-1.5237848E7
-1.5327752E7
-1.540404E7
-1.5467032E7
-1.5517128E7
-1.5554728E7
-1.5580344E7
-1.5594472E7
-1.559764E7
-1.5590464E7
-1.5573552E7
-1.5547576E7
-1.5513232E7
-1.5471288E7
-1.5422536E7
-1.5367832E7
-1.530812E7
-1.5244344E7
-1.5177552E7
-1.5108808E7
-1.5039232E7
-1.4969984E7
-1.4902232E7
-1.4837176E7
-1.4775952E7
-1.471976E7
-1.4669688E7
-1.4626752E7
-1.4591952E7
-1.4566104E7
-1.4549976E7
-1.4544136E7
-1.4549024E7
-1.4564944E7
-1.4591968E7
-1.4630016E7
-1.4678832E7
-1.473796E7
-1.4806792E7
-1.488452E7
-1.4970216E7
-1.5062792E7
-1.516108E7
-1.5263768E7
-1.5369552E7
-1.547704E7
-1.5584832E7
-1.56916E7
-1.5796032E7
-1.5896904E7
-1.5993096E7
-1.6083648E7
-1.616776E7
-1.6244752E7
-1.6314216E7
-1.6375888E7
-1.6429736E7
-1.6475984E7
-1.6515016E7
-1.654744E7
-1.657408E7
-1.6595968E7
-1.6614288E7
-1.6630376E7
-1.6645712E7
-1.6661896E7
-1.6680568E7
-1.6703448E7
-1.673228E7
-1.6768744E7
-1.6814504E7
-1.6871144E7
-1.6940096E7
-1.7022696E7
-1.712008E7
-1.7233168E7
-1.7362688E7
-1.7509144E7
-1.7672776E7
-1.7853608E7
-1.805136E7
-1.8265568E7
-1.8495512E7
-1.8740224E7
-1.8998584E7
-1.9269224E7
-1.9550704E7
-1.9841352E7
-2.0139456E7
-2.0443208E7
-2.0750744E7
-2.1060176E7
-2.1369592E7
-2.1677152E7
-2.1981048E7
-2.2279512E7
-2.2570912E7
-2.2853656E7
-2.3126336E7
-2.3387672E7
-2.3636456E7
-2.3871696E7
-2.4092496E7
-2.429816E7
-2.4488096E7
-2.466192E7
-2.4819352E7
-2.4960248E7
-2.5084632E7
-2.5192648E7
-2.528456E7
-2.5360736E7
-2.542168E7
-2.5467928E7
-2.55002E7
-2.5519208E7
-2.5525752E7
-2.5520712E7
-2.5504968E7
-2.5479464E7
-2.5445136E7
-2.5402952E7
-2.5353864E7
-2.5298816E7
-2.5238736E7
-2.5174512E7
-2.5107E7
-2.5037032E7
-2.496536E7
-2.4892704E7
-2.4819736E7
-2.4747064E7
-2.4675192E7
-2.4604648E7
-2.4535808E7
-2.4469056E7
-2.440468E7
-2.4342896E7
-2.428392E7
-2.4227824E7
-2.417468E7
-2.412452E7
-2.4077312E7
-2.4032992E7
-2.3991448E7
-2.3952576E7
-2.3916232E7
-2.3882288E7
-2.3850584E7
-2.3821016E7
-2.3793472E7
-2.3767856E7
-2.3744128E7
-2.3722248E7
-2.3702224E7
-2.3684104E7
-2.3667928E7
-2.365376E7
-2.3641712E7
-2.3631856E7
-2.3624208E7
-2.3618832E7
-2.3615696E7
-2.3614712E7
-2.3615752E7
-2.361856E7
-2.3622808E7
-2.3628072E7
-2.3633784E7
-2.3639312E7
-2.3643872E7
-2.36466E7
-2.3646512E7
-2.3642512E7
-2.3633464E7
-2.361812E7
-2.3595224E7
-2.3563408E7
-2.3521368E7
-2.3467744E7
-2.3401224E7
-2.3320512E7
-2.322436E7
-2.3111616E7
-2.2981224E7
-2.2832176E7
-2.2663616E7
-2.2474808E7
-2.2265112E7
-2.203404E7
-2.178124E7
-2.1506512E7
-2.1209776E7
-2.0891096E7
-2.055068E7
-2.0188872E7
-1.9806152E7
-1.9403176E7
-1.8980656E7
-1.8539504E7
-1.8080704E7
-1.7605376E7
-1.7114736E7
-1.661012E7
-1.6092944E7
-1.5564688E7
-1.5026872E7
-1.448112E7
-1.3929032E7
-1.3372232E7
-1.281232E7
-1.2250872E7
-1.1689432E7
-1.1129448E7
-1.0572288E7
-1.0019208E7
-9471352.0
-8929720.0
-8395200.0
-7868520.0
-7350224.0
-6840784.0
-6340488.0
-5849488.0
-5367848.0
-4895544.0
-4432448.0
-3978392.0
-3533176.0
-3096600.0
-2668464.0
-2248640.0
-1837008.0
-1433600.0
-1038480.0
-651840.0
-274000.0
94616.0
453512.0
802008.0
1139400.0
1464864.0
1777488.0
2076384.0
2360568.0
2629064.0
2880968.0
3115320.0
3331312.0
3528144.0
3705168.0
3861816.0
3997680.0
4112480.0
4206088.0
4278560.0
4330096.0
4361080.0
4372064.0
4363744.0
4337000.0
4292824.0
4232328.0
4156792.0
4067496.0
3965856.0
3853296.0
3731256.0
3601192.0
3464504.0
3322552.0
3176624.0
3027944.0
2877600.0
2726592.0
2575840.0
2426104.0
2278080.0
2132344.0
1989368.0
1849568.0
1713296.0
1580800.0
1452312.0
1328032.0
1208088.0
1092624.0
981760.0
875592.0
774200.0
677648.0
585976.0
499264.0
417512.0
340736.0
268936.0
202080.0
140144.0
83040.0
30704.0
-16952.0
-60080.0
-98776.0
-133224.0
-163576.0
-190056.0
-212872.0
-232264.0
-248512.0
-261896.0
-272768.0
-281472.0
-288392.0
-293928.0
-298520.0
-302600.0
-306680.0
-311232.0
-316712.0
-323672.0
-332592.0
-343952.0
-358272.0
-375992.0
-397552.0
-423360.0
-453824.0
-489264.0
-529952.0
-576152.0
-628040.0
-685768.0
-749376.0
-818872.0
-894232.0
-975280.0
-1061856.0
-1153704.0
-1250536.0
-1351960.0
-1457560.0
-1566872.0
-1679408.0
-1794608.0
-1911920.0
-2030752.0
-2150496.0
-2270528.0
-2390240.0
-2509000.0
-2626176.0
-2741168.0
-2853360.0
-2962120.0
-3066856.0
-3166936.0
-3261736.0
-3350640.0
-3432968.0
-3508080.0
-3575288.0
-3633848.0
-3683032.0
-3722072.0
-3750168.0
-3766504.0
-3770248.0
-3760576.0
-3736672.0
-3697696.0
-3642912.0
-3571568.0
-3483016.0
-3376648.0
-3251976.0
-3108592.0
-2946256.0
-2764800.0
-2564208.0
-2344624.0
-2106312.0
-1849712.0
-1575392.0
-1284032.0
-976464.0
-653696.0
-316760.0
33168.0
394816.0
766888.0
1148000.0
1536728.0
1931688.0
2331416.0
2734504.0
3139576.0
3545280.0
3950328.0
4353520.0
4753688.0
5149792.0
5540832.0
5925944.0
6304368.0
6675392.0
7038488.0
7393168.0
7739040.0
8075880.0
8403512.0
8721888.0
9031040.0
9331112.0
9622336.0
9905056.0
1.0179656E7
1.0446656E7
1.07066E7
1.0960104E7
1.1207896E7
1.1450664E7
1.168916E7
1.1924152E7
1.2156392E7
1.2386632E7
1.2615544E7
1.2843776E7
1.3071904E7
1.3300416E7
1.3529688E7
1.376E7
1.399152E7
1.4224264E7
1.4458128E7
1.4692896E7
1.49282E7
1.5163544E7
1.5398336E7
1.5631864E7
1.5863304E7
1.6091784E7
1.6316312E7
1.6535872E7
1.6749432E7
1.6955912E7
1.7154224E7
1.7343336E7
1.7522184E7
1.7689824E7
1.7845288E7
1.7987744E7
1.8116392E7
1.823056E7
1.8329616E7
1.841304E7
1.8480424E7
1.8531416E7
1.8565784E7
1.8583368E7
1.8584088E7
1.8567944E7
1.8535008E7
1.8485448E7
1.8419432E7
1.8337248E7
1.82392E7
1.8125664E7
1.7997048E7
1.7853824E7
1.769648E7
1.752556E7
1.7341664E7
1.7145392E7
1.6937448E7
1.6718496E7
1.6489288E7
1.6250584E7
1.6003152E7
1.5747824E7
1.54854E7
1.5216752E7
1.4942704E7
1.4664072E7
1.4381672E7
1.409632E7
1.3808752E7
1.3519688E7
1.3229832E7
1.2939808E7
1.2650168E7
1.2361464E7
1.2074136E7
1.1788576E7
1.1505152E7
1.122416E7
1.0945848E7
1.0670456E7
1.039812E7
1.0129064E7
9863408.0
9601320.0
9342944.0
9088456.0
8838040.0
8591896.0
8350264.0
8113432.0
7881688.0
7655368.0
7434856.0
7220520.0
7012824.0
6812216.0
6619168.0
6434184.0
6257800.0
6090536.0
5932960.0
5785600.0
5649048.0
5523832.0
5410592.0
5309840.0
5222160.0
5148104.0
5088200.0
5042976.0
5012896.0
4998432.0
4999960.0
5017872.0
5052440.0
5103880.0
5172376.0
5258000.0
5360728.0
5480512.0
5617128.0
5770352.0
5939824.0
6125120.0
6325728.0
6541072.0
6770480.0
7013256.0
7268608.0
7535704.0
7813648.0
8101488.0
8398240.0
8702880.0
9014304.0
9331392.0
9652992.0
9977856.0
1.030476E7
1.0632392E7
1.0959408E7
1.128444E7
1.1606088E7
1.1922904E7
1.2233416E7
1.2536192E7
1.282968E7
1.3112432E7
1.338296E7
1.36398E7
1.3881512E7
1.4106688E7
1.4313984E7
1.4502088E7
1.4669752E7
1.4815808E7
1.4939184E7
1.503888E7
1.5113952E7
1.5163648E7
1.5187232E7
1.5184176E7
1.5154024E7
1.5096464E7
1.5011384E7
1.4898768E7
1.4758808E7
1.4591864E7
1.4398448E7
1.417932E7
1.3935384E7
1.3667776E7
1.3377776E7
1.3066912E7
1.273684E7
1.238944E7
1.2026712E7
1.1650816E7
1.1264008E7
1.0868688E7
1.0467288E7
1.0062344E7
9656360.0
9251896.0
8851432.0
8457456.0
8072360.0
7698448.0
7337880.0
6992720.0
6664856.0
6356024.0
6067760.0
5801440.0
5558224.0
5339040.0
5144640.0
4975536.0
4832040.0
4714200.0
4621920.0
4554816.0
4512352.0
4493760.0
4498120.0
4524296.0
4571032.0
4636872.0
4720288.0
4819600.0
4933080.0
5058888.0
5195176.0
5340048.0
5491600.0
5647968.0
5807296.0
5967832.0
6127840.0
6285752.0
6440048.0
6589312.0
6732320.0
6867920.0
6995128.0
7113064.0
7221024.0
7318344.0
7404568.0
7479248.0
7542104.0
7592896.0
7631416.0
7657568.0
7671216.0
7672288.0
7660736.0
7636464.0
7599432.0
7549544.0
7486736.0
7410928.0
7322024.0
7219984.0
7104760.0
6976312.0
6834664.0
6679840.0
6511984.0
6331248.0
6137856.0
5932104.0
5714392.0
5485176.0
5244976.0
4994440.0
4734248.0
4465200.0
4188112.0
3903928.0
3613640.0
3318240.0
3018856.0
2716552.0
2412520.0
2107864.0
1803752.0
1501312.0
1201640.0
905800.0
614792.0
329528.0
50880.0
-220392.0
-483656.0
-738360.0
-984056.0
-1220376.0
-1447120.0
-1664136.0
-1871360.0
-2068848.0
-2256680.0
-2434984.0
-2603936.0
-2763752.0
-2914624.0
-3056736.0
-3190288.0
-3315432.0
-3432296.0
-3540968.0
-3641488.0
-3733896.0
-3818216.0
-3894384.0
-3962384.0
-4022168.0
-4073712.0
-4116984.0
-4151984.0
-4178752.0
-4197400.0
-4207992.0
-4210728.0
-4205808.0
-4193472.0
-4174016.0
-4147752.0
-4115000.0
-4076128.0
-4031432.0
-3981280.0
-3925936.0
-3865648.0
-3800656.0
-3731072.0
-3657024.0
-3578504.0
-3495504.0
-3407872.0
-3315504.0
-3218144.0
-3115560.0
-3007464.0
-2893552.0
-2773528.0
-2647072.0
-2513920.0
-2373832.0
-2226624.0
-2072136.0
-1910304.0
-1741128.0
-1564672.0
-1381088.0
-1190584.0
-993488.0
-790168.0
-581064.0
-366656.0
-147504.0
75776.0
302616.0
532360.0
764376.0
998024.0
1232712.0
1467816.0
1702824.0
1937208.0
2170520.0
2402376.0
2632432.0
2860408.0
3086112.0
3309376.0
3530136.0
3748360.0
3964072.0
4177384.0
4388400.0
4597328.0
4804384.0
5009848.0
5214040.0
5417304.0
5620024.0
5822616.0
6025504.0
6229184.0
6434128.0
6640864.0
6849928.0
7061840.0
7277160.0
7496456.0
7720264.0
7949144.0
8183608.0
8424192.0
8671328.0
8925504.0
9187088.0
9456448.0
9733864.0
1.0019576E7
1.031372E7
1.06164E7
1.0927624E7
1.1247288E7
1.1575224E7
1.1911192E7
1.2254816E7
1.2605648E7
1.2963136E7
1.3326656E7
1.369548E7
1.4068768E7
1.4445648E7
1.4825112E7
1.5206136E7
1.55876E7
1.5968344E7
1.6347168E7
1.6722872E7
1.7094184E7
1.7459936E7
1.7818904E7
1.8169936E7
1.8511928E7
1.8843872E7
1.9164832E7
1.9474E7
1.9770656E7
2.0054264E7
2.0324392E7
2.0580784E7
2.0823304E7
2.1052008E7
2.1267072E7
2.1468824E7
2.165776E7
2.1834456E7
2.1999608E7
2.2154008E7
2.2298504E7
2.2434032E7
2.2561536E7
2.2681944E7
2.279624E7
2.2905352E7
2.3010176E7
2.3111584E7
2.3210344E7
2.33072E7
2.3402824E7
2.3497768E7
2.3592544E7
2.3687552E7
2.3783112E7
2.3879472E7
2.3976808E7
2.4075152E7
2.4174464E7
2.4274648E7
2.437552E7
2.4476752E7
2.457796E7
2.4678672E7
2.477832E7
2.4876248E7
2.4971664E7
2.5063736E7
2.5151528E7
2.5233992E7
2.5310016E7
2.5378392E7
2.543784E7
2.548704E7
2.5524576E7
2.5549024E7
2.5558896E7
2.555272E7
2.5529008E7
2.5486312E7
2.5423168E7
2.5338256E7
2.5230224E7
2.5097928E7
2.494024E7
2.4756208E7
2.4545008E7
2.4306024E7
2.4038736E7
2.3742832E7
2.3418224E7
2.3064984E7
2.2683384E7
2.227392E7
2.1837264E7
2.137424E7
2.088596E7
2.0373616E7
1.98386E7
1.9282424E7
1.8706776E7
1.811344E7
1.7504264E7
1.6881208E7
1.6246296E7
1.5601552E7
1.4949048E7
1.4290848E7
1.3628968E7
1.2965408E7
1.2302088E7
1.164084E7
1.0983432E7
1.0331496E7
9686544.0
9049992.0
8423072.0
7806880.0
7202432.0
6610520.0
6031832.0
5466952.0
4916304.0
4380208.0
3858904.0
3352520.0
2861104.0
2384672.0
1923176.0
1476520.0
1044600.0
627304.0
224496.0
-163904.0
-538032.0
-897976.0
-1243768.0
-1575440.0
-1893000.0
-2196400.0
-2485560.0
-2760416.0
-3020800.0
-3266576.0
-3497544.0
-3713504.0
-3914248.0
-4099528.0
-4269104.0
-4422784.0
-4560320.0
-4681536.0
-4786224.0
-4874288.0
-4945632.0
-5000208.0
-5038048.0
-5059288.0
-5064032.0
-5052608.0
-5025312.0
-4982616.0
-4925072.0
-4853304.0
-4768104.0
-4670304.0
-4560872.0
-4440840.0
-4311368.0
-4173656.0
-4028960.0
-3878648.0
-3724032.0
-3566512.0
-3407448.0
-3248184.0
-3090072.0
-2934320.0
-2782128.0
-2634576.0
-2492672.0
-2357264.0
-2229104.0
-2108800.0
-1996792.0
-1893456.0
-1798928.0
-1713256.0
-1636336.0
-1567904.0
-1507592.0
-1454904.0
-1409200.0
-1369784.0
-1335792.0
-1306344.0
-1280424.0
-1256984.0
-1234928.0
-1213096.0
-1190328.0
-1165424.0
-1137192.0
-1104472.0
-1066104.0
-1021032.0
-968176.0
-906616.0
-835480.0
-754032.0
-661640.0
-557864.0
-442344.0
-314976.0
-175776.0
-24960.0
137048.0
309640.0
492072.0
683320.0
882264.0
1087600.0
1297888.0
1511552.0
1726920.0
1942272.0
2155792.0
2365680.0
2570080.0
2767232.0
2955368.0
3132840.0
3298040.0
3449528.0
3585944.0
3706120.0
3809008.0
3893696.0
3959496.0
4005840.0
4032344.0
4038744.0
4024976.0
3991088.0
3937264.0
3863824.0
3771152.0
3659768.0
3530248.0
3383240.0
3219424.0
3039504.0
2844224.0
2634360.0
2410632.0
2173768.0
1924480.0
1663456.0
1391384.0
1108880.0
816560.0
515016.0
204840.0
-113384.0
-439104.0
-771728.0
-1110648.0
-1455256.0
-1804872.0
-2158840.0
-2516416.0
-2876832.0
-3239288.0
-3602944.0
-3966912.0
-4330336.0
-4692288.0
-5051872.0
-5408208.0
-5760424.0
-6107672.0
-6449184.0
-6784208.0
-7112088.0
-7432224.0
-7744096.0
-8047232.0
-8341304.0
-8625976.0
-8901056.0
-9166368.0
-9421864.0
-9667440.0
-9903176.0
-1.0129096E7
-1.034528E7
-1.0551856E7
-1.0748984E7
-1.09368E7
-1.111552E7
-1.1285376E7
-1.1446616E7
-1.1599504E7
-1.17444E7
-1.1881672E7
-1.2011752E7
-1.2135168E7
-1.225248E7
-1.236436E7
-1.247152E7
-1.2574816E7
-1.2675128E7
-1.277344E7
-1.2870848E7
-1.2968448E7
-1.3067416E7
-1.3168952E7
-1.3274272E7
-1.3384576E7
-1.3501032E7
-1.3624744E7
-1.375672E7
-1.3897856E7
-1.4048912E7
-1.4210488E7
-1.4382992E7
-1.4566616E7
-1.4761344E7
-1.4966976E7
-1.5183024E7
-1.5408792E7
-1.5643368E7
-1.5885648E7
-1.6134336E7
-1.638796E7
-1.664492E7
-1.6903488E7
-1.7161896E7
-1.7418264E7
-1.767076E7
-1.7917536E7
-1.8156808E7
-1.8386848E7
-1.860604E7
-1.8812888E7
-1.9006024E7
-1.918424E7
-1.9346472E7
-1.9491824E7
-1.961956E7
-1.9729136E7
-1.9820136E7
-1.9892328E7
-1.99456E7
-1.998E7
-1.999572E7
-1.999304E7
-1.9972384E7
-1.9934296E7
-1.9879384E7
-1.9808384E7
-1.9722112E7
-1.9621464E7
-1.9507408E7
-1.9380976E7
-1.9243304E7
-1.909556E7
-1.8938952E7
-1.8774768E7
-1.8604312E7
-1.8428952E7
-1.8250056E7
-1.8069008E7
-1.7887208E7
-1.7706048E7
-1.752692E7
-1.7351192E7
-1.7180184E7
-1.7015144E7
-1.6857304E7
-1.6707808E7
-1.6567712E7
-1.643796E7
-1.6319456E7
-1.6212896E7
-1.6118936E7
-1.6038056E7
-1.5970608E7
-1.59168E7
-1.5876712E7
-1.5850248E7
-1.58372E7
-1.5837136E7
-1.5849552E7
-1.587376E7
-1.5908936E7
-1.5954088E7
-1.6008152E7
-1.6069904E7
-1.6137976E7
-1.6210968E7
-1.6287328E7
-1.6365448E7
-1.6443664E7
-1.6520224E7
-1.65934E7
-1.6661416E7
-1.6722496E7
-1.6774896E7
-1.6816888E7
-1.684684E7
-1.6863152E7
-1.6864368E7
-1.6849088E7
-1.6816096E7
-1.6764264E7
-1.6692648E7
-1.6600464E7
-1.648712E7
-1.6352136E7
-1.6195304E7
-1.6016496E7
-1.58158E7
-1.5593472E7
-1.5349888E7
-1.50856E7
-1.4801232E7
-1.449752E7
-1.4175304E7
-1.383548E7
-1.347896E7
-1.3106736E7
-1.2719792E7
-1.2319096E7
-1.190564E7
-1.14804E7
-1.1044312E7
-1.0598304E7
-1.0143288E7
-9680152.0
-9209744.0
-8732920.0
-8250528.0
-7763360.0
-7272248.0
-6777992.0
-6281400.0
-5783280.0
-5284400.0
-4785568.0
-4287544.0
-3791104.0
-3297000.0
-2805952.0
-2318680.0
-1835848.0
-1358128.0
-886128.0
-420472.0
38296.0
489624.0
932960.0
1367800.0
1793648.0
2210000.0
2616336.0
3012168.0
3396976.0
3770208.0
4131328.0
4479760.0
4814912.0
5136208.0
5443016.0
5734752.0
6010792.0
6270568.0
6513496.0
6739048.0
6946720.0
7136072.0
7306728.0
7458336.0
7590672.0
7703560.0
7796880.0
7870656.0
7924928.0
7959856.0
7975632.0
7972552.0
7950936.0
7911208.0
7853776.0
7779128.0
7687760.0
7580216.0
7457024.0
7318744.0
7165952.0
6999248.0
6819192.0
6626416.0
6421520.0
6205160.0
5978024.0
5740808.0
5494256.0
5239168.0
4976408.0
4706856.0
4431496.0
4151304.0
3867384.0
3580840.0
3292848.0
3004560.0
2717192.0
2431960.0
2150016.0
1872512.0
1600560.0
1335152.0
1077272.0
827728.0
587280.0
356568.0
136104.0
-73704.0
-272568.0
-460288.0
-636752.0
-801928.0
-955856.0
-1098608.0
-1230312.0
-1351080.0
-1461064.0
-1560392.0
-1649176.0
-1727544.0
-1795552.0
-1853280.0
-1900792.0
-1938104.0
-1965240.0
-1982288.0
-1989248.0
-1986232.0
-1973328.0
-1950688.0
-1918464.0
-1876936.0
-1826360.0
-1767096.0
-1699488.0
-1624008.0
-1541104.0
-1451328.0
-1355184.0
-1253256.0
-1146152.0
-1034432.0
-918688.0
-799544.0
-677568.0
-553296.0
-427256.0
-299992.0
-171968.0
-43640.0
84544.0
212176.0
338856.0
464168.0
587736.0
709136.0
827968.0
943784.0
1056152.0
1164568.0
1268552.0
1367584.0
1461120.0
1548632.0
1629544.0
1703368.0
1769592.0
1827736.0
1877416.0
1918272.0
1950024.0
1972520.0
1985672.0
1989512.0
1984176.0
1969904.0
1947048.0
1916056.0
1877464.0
1831920.0
1780120.0
1722784.0
1660720.0
1594712.0
1525600.0
1454120.0
1381056.0
1307088.0
1232856.0
1158896.0
1085680.0
1013536.0
942784.0
873544.0
805872.0
739736.0
675008.0
611504.0
548936.0
487032.0
425440.0
363784.0
301760.0
239000.0
175256.0
110280.0
43904.0
-23944.0
-93264.0
-164000.0
-235896.0
-308680.0
-381960.0
-455240.0
-527960.0
-599448.0
-668992.0
-735848.0
-799208.0
-858264.0
-912248.0
-960344.0
-1001848.0
-1036048.0
-1062376.0
-1080312.0
-1089440.0
-1089432.0
-1080112.0
-1061384.0
-1033272.0
-995928.0
-949552.0
-894496.0
-831152.0
-759984.0
-681496.0
-596248.0
-504768.0
-407648.0
-305416.0
-198592.0
-87632.0
27040.0
145056.0
266112.0
389976.0
516440.0
645384.0
776688.0
910296.0
1046136.0
1184144.0
1324216.0
1466232.0
1609992.0
1755232.0
1901592.0
2048632.0
2195800.0
2342424.0
2487736.0
2630840.0
2770752.0
2906400.0
3036664.0
3160312.0
3276152.0
3382904.0
3479368.0
3564344.0
3636712.0
3695416.0
3739528.0
3768256.0
3780920.0
3777040.0
3756272.0
3718488.0
3663752.0
3592256.0
3504424.0
3400880.0
3282352.0
3149760.0
3004168.0
2846744.0
2678792.0
2501616.0
2316624.0
2125256.0
1928944.0
1729080.0
1527032.0
1324080.0
1121432.0
920160.0
721216.0
525480.0
333624.0
146200.0
-36368.0
-213808.0
-385960.0
-552768.0
-714280.0
-870600.0
-1021904.0
-1168384.0
-1310240.0
-1447656.0
-1580792.0
-1709768.0
-1834624.0
-1955328.0
-2071768.0
-2183720.0
-2290944.0
-2393040.0
-2489576.0
-2580064.0
-2663944.0
-2740616.0
-2809464.0
-2869896.0
-2921304.0
-2963112.0
-2994776.0
-3015856.0
-3025952.0
-3024720.0
-3011952.0
-2987496.0
-2951288.0
-2903392.0
-2843920.0
-2773096.0
-2691200.0
-2598608.0
-2495744.0
-2383104.0
-2261208.0
-2130656.0
-1992048.0
-1846064.0
-1693360.0
-1534672.0
-1370736.0
-1202288.0
-1030104.0
-854984.0
-677720.0
-499088.0
-319912.0
-140992.0
36904.0
213024.0
386600.0
556928.0
723376.0
885280.0
1042104.0
1193296.0
1338416.0
1477080.0
1608904.0
1733648.0
1851088.0
1961040.0
2063440.0
2158248.0
2245472.0
2325184.0
2397544.0
2462712.0
2520960.0
2572576.0
2617920.0
2657400.0
2691440.0
2720528.0
2745232.0
2766072.0
2783592.0
2798416.0
2811104.0
2822224.0
2832328.0
2841944.0
2851576.0
2861632.0
2872552.0
2884696.0
2898328.0
2913728.0
2931112.0
2950656.0
2972472.0
2996680.0
3023360.0
3052520.0
3084240.0
3118520.0
3155384.0
3194840.0
3236904.0
3281608.0
3328976.0
3379040.0
3431816.0
3487408.0
3545816.0
3607160.0
3671496.0
3738888.0
3809456.0
3883240.0
3960336.0
4040792.0
4124632.0
4211904.0
4302560.0
4396576.0
4493800.0
4594112.0
4697288.0
4803056.0
4911040.0
5020832.0
5131960.0
5243872.0
5355928.0
5467464.0
5577768.0
5686048.0
5791512.0
5893360.0
5990784.0
6082936.0
6169080.0
6248440.0
6320312.0
6384064.0
6439120.0
6484960.0
6521168.0
6547432.0
6563472.0
6569152.0
6564384.0
6549200.0
6523728.0
6488136.0
6442728.0
6387840.0
6323944.0
6251552.0
6171264.0
6083744.0
5989752.0
5890096.0
5785656.0
5677304.0
5566088.0
5452960.0
5338936.0
5225056.0
5112312.0
5001696.0
4894120.0
4790424.0
4691384.0
4597648.0
4509736.0
4428024.0
4352760.0
4284024.0
4221720.0
4165624.0
4115328.0
4070328.0
4029968.0
3993472.0
3960024.0
3928704.0
3898600.0
3868760.0
3838264.0
3806240.0
3771872.0
3734456.0
3693368.0
3648072.0
3598192.0
3543480.0
3483760.0
3419008.0
3349296.0
3274760.0
3195656.0
3112256.0
3024904.0
2933896.0
2839632.0
2742424.0
2642584.0
2540376.0
2436064.0
2329816.0
2221784.0
2112072.0
2000752.0
1887904.0
1773520.0
1657696.0
1540496.0
1421984.0
1302368.0
1181840.0
1060712.0
939368.0
818304.0
698096.0
579408.0
463024.0
349816.0
240680.0
136608.0
38648.0
-52160.0
-134808.0
-208264.0
-271552.0
-323832.0
-364280.0
-392224.0
-407112.0
-408584.0
-396360.0
-370400.0
-330792.0
-277832.0
-211928.0
-133688.0
-43888.0
56592.0
166736.0
285408.0
411368.0
543368.0
680040.0
820008.0
961896.0
1104360.0
1246024.0
1385624.0
1521912.0
1653768.0
1780112.0
1899976.0
2012552.0
2117064.0
2212896.0
2299544.0
2376648.0
2443904.0
2501152.0
2548360.0
2585552.0
2612848.0
2630448.0
2638656.0
2637792.0
2628232.0
2610432.0
2584856.0
2551984.0
2512328.0
2466376.0
2414696.0
2357752.0
2296072.0
2230144.0
2160440.0
2087400.0
2011472.0
1933088.0
1852624.0
1770448.0
1686944.0
1602472.0
1517344.0
1431936.0
1346544.0
1261576.0
1177344.0
1094256.0
1012696.0
933096.0
855904.0
781592.0
710664.0
643672.0
581176.0
523768.0
472040.0
426648.0
388208.0
357360.0
334760.0
321024.0
316760.0
322576.0
338992.0
366584.0
405792.0
457064.0
520736.0
597168.0
686592.0
789184.0
905040.0
1034224.0
1176680.0
1332320.0
1500896.0
1682176.0
1875816.0
2081368.0
2298328.0
2526120.0
2764120.0
3011584.0
3267736.0
3531728.0
3802656.0
4079552.0
4361408.0
4647152.0
4935656.0
5225792.0
5516376.0
5806208.0
6094056.0
6378688.0
6658856.0
6933320.0
7200872.0
7460264.0
7710384.0
7950080.0
8178256.0
8393896.0
8596088.0
8783952.0
8956728.0
9113760.0
9254472.0
9378424.0
9485312.0
9574912.0
9647160.0
9702080.0
9739872.0
9760800.0
9765288.0
9753840.0
9727056.0
9685656.0
9630456.0
9562320.0
9482184.0
9391064.0
9290048.0
9180216.0
9062720.0
8938728.0
8809416.0
8676008.0
8539704.0
8401680.0
8263120.0
8125192.0
7989032.0
7855736.0
7726360.0
7601904.0
7483344.0
7371536.0
7267344.0
7171512.0
7084704.0
7007504.0
6940408.0
6883824.0
6838032.0
6803232.0
6779504.0
6766800.0
6764976.0
6773744.0
6792768.0
6821528.0
6859464.0
6905880.0
6960000.0
7020952.0
7087824.0
7159616.0
7235264.0
7313704.0
7393760.0
7474320.0
7554200.0
7632240.0
7707304.0
7778240.0
7843960.0
7903440.0
7955648.0
7999720.0
8034784.0
8060128.0
8075080.0
8079120.0
8071840.0
8052880.0
8022064.0
7979288.0
7924568.0
7858000.0
7779760.0
7690160.0
7589528.0
7478240.0
7356776.0
7225648.0
7085352.0
6936480.0
6779568.0
6615232.0
6444088.0
6266728.0
6083784.0
5895912.0
5703712.0
5507824.0
5308896.0
5107568.0
4904440.0
4700152.0
4495288.0
4290424.0
4086128.0
3882896.0
3681232.0
3481544.0
3284248.0
3089648.0
2898016.0
2709576.0
2524480.0
2342792.0
2164576.0
1989776.0
1818304.0
1650040.0
1484784.0
1322296.0
1162320.0
1004528.0
848600.0
694168.0
540832.0
388184.0
235792.0
83216.0
-70032.0
-224432.0
-380520.0
-538800.0
-699848.0
-864224.0
-1032568.0
-1205480.0
-1383624.0
-1567680.0
-1758352.0
-1956328.0
-2162344.0
-2377080.0
-2601256.0
-2835544.0
-3080592.0
-3336992.0
-3605280.0
-3885928.0
-4179328.0
-4485776.0
-4805480.0
-5138480.0
-5484792.0
-5844224.0
-6216504.0
-6601216.0
-6997816.0
-7405608.0
-7823824.0
-8251520.0
-8687648.0
-9131072.0
-9580504.0
-1.0034592E7
-1.0491888E7
-1.0950856E7
-1.1409928E7
-1.186744E7
-1.2321672E7
-1.277096E7
-1.3213544E7
-1.3647704E7
-1.4071736E7
-1.4483992E7
-1.488284E7
-1.5266792E7
-1.5634368E7
-1.598428E7
-1.6315352E7
-1.6626528E7
-1.691696E7
-1.718596E7
-1.7433032E7
-1.7657864E7
-1.7860408E7
-1.804076E7
-1.8199216E7
-1.8336336E7
-1.8452792E7
-1.8549448E7
-1.8627304E7
-1.8687504E7
-1.8731304E7
-1.876E7
-1.8774984E7
-1.8777632E7
-1.8769328E7
-1.8751488E7
-1.8725424E7
-1.8692424E7
-1.8653696E7
-1.8610392E7
-1.856352E7
-1.8514072E7
-1.8462896E7
-1.8410768E7
-1.8358352E7
-1.8306288E7
-1.825504E7
-1.8205088E7
-1.8156776E7
-1.8110416E7
-1.8066248E7
-1.8024472E7
-1.7985208E7
-1.7948568E7
-1.79146E7
-1.788332E7
-1.7854696E7
-1.7828712E7
6219232.0
6290976.0
