 1129.176298 -5.666368e+06
 1129.037579 -5.266256e+06
 1128.898859 -4.870552e+06
 1128.760140 -4.480520e+06
 1128.621421 -4.097320e+06
 1128.482701 -3.722128e+06
 1128.343982 -3.356040e+06
 1128.205262 -3.000048e+06
 1128.066543 -2.655184e+06
 1127.927823 -2.322312e+06
 1127.789104 -2.002320e+06
 1127.650384 -1.696016e+06
 1127.511665 -1.404104e+06
 1127.372946 -1.127264e+06
 1127.234226 -8.661040e+05
 1127.095507 -6.211120e+05
 1126.956787 -3.927440e+05
 1126.818068 -1.813280e+05
 1126.679348 1.284800e+04
 1126.540629 1.896480e+05
 1126.401909 3.490080e+05
 1126.263190 4.909520e+05
 1126.124471 6.156720e+05
 1125.985751 7.233920e+05
 1125.847032 8.145280e+05
 1125.708312 8.895440e+05
 1125.569593 9.490240e+05
 1125.430873 9.936640e+05
 1125.292154 1.024232e+06
 1125.153434 1.041592e+06
 1125.014715 1.046648e+06
 1124.875996 1.040416e+06
 1124.737276 1.023864e+06
 1124.598557 9.980640e+05
 1124.459837 9.640560e+05
 1124.321118 9.228800e+05
 1124.182398 8.755440e+05
 1124.043679 8.230880e+05
 1123.904959 7.664080e+05
 1123.766240 7.064160e+05
 1123.627521 6.439760e+05
 1123.488801 5.798320e+05
 1123.350082 5.147360e+05
 1123.211362 4.493200e+05
 1123.072643 3.841920e+05
 1122.933923 3.198960e+05
 1122.795204 2.568880e+05
 1122.656484 1.956080e+05
 1122.517765 1.364720e+05
 1122.379045 7.977600e+04
 1122.240326 2.585600e+04
 1122.101607 -2.500000e+04
 1121.962887 -7.260000e+04
 1121.824168 -1.166880e+05
 1121.685448 -1.570960e+05
 1121.546729 -1.936960e+05
 1121.408009 -2.263360e+05
 1121.269290 -2.549520e+05
 1121.130570 -2.794960e+05
 1120.991851 -2.999600e+05
 1120.853132 -3.163840e+05
 1120.714412 -3.288720e+05
 1120.575693 -3.375360e+05
 1120.436973 -3.425920e+05
 1120.298254 -3.442800e+05
 1120.159534 -3.429440e+05
 1120.020815 -3.389040e+05
 1119.882095 -3.326160e+05
 1119.743376 -3.245600e+05
 1119.604657 -3.152720e+05
 1119.465937 -3.053200e+05
 1119.327218 -2.953360e+05
 1119.188498 -2.859520e+05
 1119.049779 -2.778480e+05
 1118.911059 -2.717120e+05
 1118.772340 -2.682320e+05
 1118.633620 -2.680720e+05
 1118.494901 -2.719360e+05
 1118.356182 -2.804400e+05
 1118.217462 -2.942000e+05
 1118.078743 -3.137920e+05
 1117.940023 -3.397280e+05
 1117.801304 -3.724880e+05
 1117.662584 -4.124880e+05
 1117.523865 -4.600720e+05
 1117.385145 -5.155440e+05
 1117.246426 -5.791280e+05
 1117.107706 -6.510000e+05
 1116.968987 -7.312800e+05
 1116.830268 -8.200080e+05
 1116.691548 -9.172160e+05
 1116.552829 -1.022848e+06
 1116.414109 -1.136824e+06
 1116.275390 -1.259032e+06
 1116.136670 -1.389280e+06
 1115.997951 -1.527392e+06
 1115.859231 -1.673152e+06
 1115.720512 -1.826312e+06
 1115.581793 -1.986576e+06
 1115.443073 -2.153648e+06
 1115.304354 -2.327208e+06
 1115.165634 -2.506920e+06
 1115.026915 -2.692392e+06
 1114.888195 -2.883216e+06
 1114.749476 -3.078984e+06
 1114.610756 -3.279224e+06
 1114.472037 -3.483464e+06
 1114.333318 -3.691200e+06
 1114.194598 -3.901888e+06
 1114.055879 -4.114992e+06
 1113.917159 -4.329936e+06
 1113.778440 -4.546112e+06
 1113.639720 -4.762944e+06
 1113.501001 -4.979776e+06
 1113.362281 -5.196016e+06
 1113.223562 -5.411016e+06
 1113.084843 -5.624152e+06
 1112.946123 -5.834792e+06
 1112.807404 -6.042344e+06
 1112.668684 -6.246160e+06
 1112.529965 -6.445664e+06
 1112.391245 -6.640280e+06
 1112.252526 -6.829408e+06
 1112.113806 -7.012520e+06
 1111.975087 -7.189056e+06
 1111.836368 -7.358488e+06
 1111.697648 -7.520320e+06
 1111.558929 -7.674016e+06
 1111.420209 -7.819088e+06
 1111.281490 -7.955040e+06
 1111.142770 -8.081416e+06
 1111.004051 -8.197736e+06
 1110.865331 -8.303512e+06
 1110.726612 -8.398312e+06
 1110.587892 -8.481688e+06
 1110.449173 -8.553232e+06
 1110.310454 -8.612552e+06
 1110.171734 -8.659264e+06
 1110.033015 -8.693080e+06
 1109.894295 -8.713728e+06
 1109.755576 -8.720944e+06
 1109.616856 -8.714632e+06
 1109.478137 -8.694696e+06
 1109.339417 -8.661096e+06
 1109.200698 -8.613984e+06
 1109.061979 -8.553496e+06
 1108.923259 -8.479888e+06
 1108.784540 -8.393544e+06
 1108.645820 -8.294912e+06
 1108.507101 -8.184528e+06
 1108.368381 -8.063056e+06
 1108.229662 -7.931208e+06
 1108.090942 -7.789800e+06
 1107.952223 -7.639696e+06
 1107.813504 -7.481840e+06
 1107.674784 -7.317232e+06
 1107.536065 -7.146904e+06
 1107.397345 -6.971936e+06
 1107.258626 -6.793400e+06
 1107.119906 -6.612408e+06
 1106.981187 -6.430032e+06
 1106.842467 -6.247384e+06
 1106.703748 -6.065520e+06
 1106.565029 -5.885480e+06
 1106.426309 -5.708232e+06
 1106.287590 -5.534752e+06
 1106.148870 -5.365928e+06
 1106.010151 -5.202608e+06
 1105.871431 -5.045576e+06
 1105.732712 -4.895560e+06
 1105.593992 -4.753256e+06
 1105.455273 -4.619264e+06
 1105.316554 -4.494120e+06
 1105.177834 -4.378320e+06
 1105.039115 -4.272288e+06
 1104.900395 -4.176384e+06
 1104.761676 -4.090936e+06
 1104.622956 -4.016160e+06
 1104.484237 -3.952256e+06
 1104.345517 -3.899368e+06
 1104.206798 -3.857560e+06
 1104.068078 -3.826856e+06
 1103.929359 -3.807200e+06
 1103.790640 -3.798536e+06
 1103.651920 -3.800688e+06
 1103.513201 -3.813472e+06
 1103.374481 -3.836664e+06
 1103.235762 -3.869936e+06
 1103.097042 -3.912936e+06
 1102.958323 -3.965272e+06
 1102.819603 -4.026464e+06
 1102.680884 -4.095968e+06
 1102.542165 -4.173208e+06
 1102.403445 -4.257528e+06
 1102.264726 -4.348176e+06
 1102.126006 -4.444376e+06
 1101.987287 -4.545240e+06
 1101.848567 -4.649840e+06
 1101.709848 -4.757136e+06
 1101.571128 -4.866104e+06
 1101.432409 -4.975608e+06
 1101.293690 -5.084472e+06
 1101.154970 -5.191472e+06
 1101.016251 -5.295424e+06
 1100.877531 -5.395088e+06
 1100.738812 -5.489224e+06
 1100.600092 -5.576632e+06
 1100.461373 -5.656168e+06
 1100.322653 -5.726712e+06
 1100.183934 -5.787232e+06
 1100.045215 -5.836784e+06
 1099.906495 -5.874504e+06
 1099.767776 -5.899608e+06
 1099.629056 -5.911480e+06
 1099.490337 -5.909560e+06
 1099.351617 -5.893424e+06
 1099.212898 -5.862784e+06
 1099.074178 -5.817424e+06
 1098.935459 -5.757304e+06
 1098.796739 -5.682432e+06
 1098.658020 -5.592936e+06
 1098.519301 -5.489056e+06
 1098.380581 -5.371112e+06
 1098.241862 -5.239536e+06
 1098.103142 -5.094800e+06
 1097.964423 -4.937464e+06
 1097.825703 -4.768160e+06
 1097.686984 -4.587560e+06
 1097.548264 -4.396424e+06
 1097.409545 -4.195520e+06
 1097.270826 -3.985680e+06
 1097.132106 -3.767736e+06
 1096.993387 -3.542608e+06
 1096.854667 -3.311184e+06
 1096.715948 -3.074400e+06
 1096.577228 -2.833192e+06
 1096.438509 -2.588488e+06
 1096.299789 -2.341240e+06
 1096.161070 -2.092384e+06
 1096.022351 -1.842872e+06
 1095.883631 -1.593616e+06
 1095.744912 -1.345544e+06
 1095.606192 -1.099512e+06
 1095.467473 -8.564240e+05
 1095.328753 -6.170960e+05
 1095.190034 -3.823760e+05
 1095.051314 -1.530080e+05
 1094.912595 7.020800e+04
 1094.773876 2.866080e+05
 1094.635156 4.954720e+05
 1094.496437 6.961280e+05
 1094.357717 8.879760e+05
 1094.218998 1.070384e+06
 1094.080278 1.242768e+06
 1093.941559 1.404592e+06
 1093.802839 1.555264e+06
 1093.664120 1.694272e+06
 1093.525401 1.821056e+06
 1093.386681 1.935064e+06
 1093.247962 2.035752e+06
 1093.109242 2.122552e+06
 1092.970523 2.194888e+06
 1092.831803 2.252152e+06
 1092.693084 2.293744e+06
 1092.554364 2.319032e+06
 1092.415645 2.327360e+06
 1092.276925 2.318088e+06
 1092.138206 2.290544e+06
 1091.999487 2.244080e+06
 1091.860767 2.178024e+06
 1091.722048 2.091760e+06
 1091.583328 1.984672e+06
 1091.444609 1.856208e+06
 1091.305889 1.705840e+06
 1091.167170 1.533112e+06
 1091.028450 1.337712e+06
 1090.889731 1.119312e+06
 1090.751012 8.777920e+05
 1090.612292 6.131360e+05
 1090.473573 3.254560e+05
 1090.334853 1.500800e+04
 1090.196134 -3.177280e+05
 1090.057414 -6.721440e+05
 1089.918695 -1.047432e+06
 1089.779975 -1.442584e+06
 1089.641256 -1.856384e+06
 1089.502537 -2.287448e+06
 1089.363817 -2.734184e+06
 1089.225098 -3.194808e+06
 1089.086378 -3.667400e+06
 1088.947659 -4.149864e+06
 1088.808939 -4.639936e+06
 1088.670220 -5.135312e+06
 1088.531500 -5.633544e+06
 1088.392781 -6.132144e+06
 1088.254062 -6.628616e+06
 1088.115342 -7.120440e+06
 1087.976623 -7.605176e+06
 1087.837903 -8.080424e+06
 1087.699184 -8.543904e+06
 1087.560464 -8.993512e+06
 1087.421745 -9.427264e+06
 1087.283025 -9.843408e+06
 1087.144306 -1.024042e+07
 1087.005587 -1.061699e+07
 1086.866867 -1.097211e+07
 1086.728148 -1.130501e+07
 1086.589428 -1.161522e+07
 1086.450709 -1.190250e+07
 1086.311989 -1.216692e+07
 1086.173270 -1.240881e+07
 1086.034550 -1.262869e+07
 1085.895831 -1.282734e+07
 1085.757111 -1.300569e+07
 1085.618392 -1.316484e+07
 1085.479673 -1.330602e+07
 1085.340953 -1.343053e+07
 1085.202234 -1.353976e+07
 1085.063514 -1.363506e+07
 1084.924795 -1.371781e+07
 1084.786075 -1.378929e+07
 1084.647356 -1.385078e+07
 1084.508636 -1.390334e+07
 1084.369917 -1.394798e+07
 1084.231198 -1.398554e+07
 1084.092478 -1.401669e+07
 1083.953759 -1.404194e+07
 1083.815039 -1.406162e+07
 1083.676320 -1.407591e+07
 1083.537600 -1.408478e+07
 1083.398881 -1.408806e+07
 1083.260161 -1.408547e+07
 1083.121442 -1.407659e+07
 1082.982723 -1.406086e+07
 1082.844003 -1.403770e+07
 1082.705284 -1.400642e+07
 1082.566564 -1.396633e+07
 1082.427845 -1.391671e+07
 1082.289125 -1.385685e+07
 1082.150406 -1.378611e+07
 1082.011686 -1.370388e+07
 1081.872967 -1.360960e+07
 1081.734248 -1.350286e+07
 1081.595528 -1.338332e+07
 1081.456809 -1.325078e+07
 1081.318089 -1.310514e+07
 1081.179370 -1.294646e+07
 1081.040650 -1.277494e+07
 1080.901931 -1.259089e+07
 1080.763211 -1.239478e+07
 1080.624492 -1.218719e+07
 1080.485772 -1.196882e+07
 1080.347053 -1.174049e+07
 1080.208334 -1.150306e+07
 1080.069614 -1.125754e+07
 1079.930895 -1.100495e+07
 1079.792175 -1.074633e+07
 1079.653456 -1.048280e+07
 1079.514736 -1.021541e+07
 1079.376017 -9.945208e+06
 1079.237297 -9.673232e+06
 1079.098578 -9.400392e+06
 1078.959859 -9.127576e+06
 1078.821139 -8.855552e+06
 1078.682420 -8.584960e+06
 1078.543700 -8.316344e+06
 1078.404981 -8.050128e+06
 1078.266261 -7.786520e+06
 1078.127542 -7.525688e+06
 1077.988822 -7.267600e+06
 1077.850103 -7.012112e+06
 1077.711384 -6.758920e+06
 1077.572664 -6.507632e+06
 1077.433945 -6.257720e+06
 1077.295225 -6.008616e+06
 1077.156506 -5.759608e+06
 1077.017786 -5.510000e+06
 1076.879067 -5.259032e+06
 1076.740347 -5.005968e+06
 1076.601628 -4.750072e+06
 1076.462909 -4.490664e+06
 1076.324189 -4.227168e+06
 1076.185470 -3.959048e+06
 1076.046750 -3.685936e+06
 1075.908031 -3.407552e+06
 1075.769311 -3.123768e+06
 1075.630592 -2.834640e+06
 1075.491872 -2.540368e+06
 1075.353153 -2.241280e+06
 1075.214434 -1.937872e+06
 1075.075714 -1.630776e+06
 1074.936995 -1.320736e+06
 1074.798275 -1.008656e+06
 1074.659556 -6.954720e+05
 1074.520836 -3.822080e+05
 1074.382117 -6.992000e+04
 1074.243397 2.403120e+05
 1074.104678 5.474240e+05
 1073.965958 8.503760e+05
 1073.827239 1.148208e+06
 1073.688520 1.439984e+06
 1073.549800 1.724888e+06
 1073.411081 2.002216e+06
 1073.272361 2.271360e+06
 1073.133642 2.531840e+06
 1072.994922 2.783328e+06
 1072.856203 3.025592e+06
 1072.717483 3.258544e+06
 1072.578764 3.482216e+06
 1072.440045 3.696760e+06
 1072.301325 3.902424e+06
 1072.162606 4.099576e+06
 1072.023886 4.288680e+06
 1071.885167 4.470224e+06
 1071.746447 4.644832e+06
 1071.607728 4.813128e+06
 1071.469008 4.975808e+06
 1071.330289 5.133568e+06
 1071.191570 5.287144e+06
 1071.052850 5.437248e+06
 1070.914131 5.584600e+06
 1070.775411 5.729912e+06
 1070.636692 5.873840e+06
 1070.497972 6.017016e+06
 1070.359253 6.160032e+06
 1070.220533 6.303416e+06
 1070.081814 6.447624e+06
 1069.943095 6.593048e+06
 1069.804375 6.740008e+06
 1069.665656 6.888752e+06
 1069.526936 7.039408e+06
 1069.388217 7.192032e+06
 1069.249497 7.346608e+06
 1069.110778 7.502976e+06
 1068.972058 7.660928e+06
 1068.833339 7.820144e+06
 1068.694620 7.980184e+06
 1068.555900 8.140608e+06
 1068.417181 8.300776e+06
 1068.278461 8.460064e+06
 1068.139742 8.617760e+06
 1068.001022 8.773088e+06
 1067.862303 8.925248e+06
 1067.723583 9.073368e+06
 1067.584864 9.216632e+06
 1067.446144 9.354136e+06
 1067.307425 9.485064e+06
 1067.168706 9.608576e+06
 1067.029986 9.723864e+06
 1066.891267 9.830192e+06
 1066.752547 9.926848e+06
 1066.613828 1.001319e+07
 1066.475108 1.008866e+07
 1066.336389 1.015274e+07
 1066.197669 1.020498e+07
 1066.058950 1.024505e+07
 1065.920231 1.027262e+07
 1065.781511 1.028749e+07
 1065.642792 1.028944e+07
 1065.504072 1.027841e+07
 1065.365353 1.025429e+07
 1065.226633 1.021709e+07
 1065.087914 1.016685e+07
 1064.949194 1.010361e+07
 1064.810475 1.002747e+07
 1064.671756 9.938576e+06
 1064.533036 9.837064e+06
 1064.394317 9.723152e+06
 1064.255597 9.597064e+06
 1064.116878 9.459048e+06
 1063.978158 9.309424e+06
 1063.839439 9.148520e+06
 1063.700719 8.976752e+06
 1063.562000 8.794600e+06
 1063.423281 8.602552e+06
 1063.284561 8.401208e+06
 1063.145842 8.191248e+06
 1063.007122 7.973384e+06
 1062.868403 7.748416e+06
 1062.729683 7.517256e+06
 1062.590964 7.280800e+06
 1062.452244 7.040064e+06
 1062.313525 6.796072e+06
 1062.174805 6.549896e+06
 1062.036086 6.302624e+06
 1061.897367 6.055368e+06
 1061.758647 5.809176e+06
 1061.619928 5.565128e+06
 1061.481208 5.324216e+06
 1061.342489 5.087424e+06
 1061.203769 4.855592e+06
 1061.065050 4.629536e+06
 1060.926330 4.409984e+06
 1060.787611 4.197504e+06
 1060.648892 3.992624e+06
 1060.510172 3.795752e+06
 1060.371453 3.607152e+06
 1060.232733 3.427016e+06
 1060.094014 3.255440e+06
 1059.955294 3.092384e+06
 1059.816575 2.937768e+06
 1059.677855 2.791368e+06
 1059.539136 2.652928e+06
 1059.400417 2.522096e+06
 1059.261697 2.398512e+06
 1059.122978 2.281672e+06
 1058.984258 2.171144e+06
 1058.845539 2.066360e+06
 1058.706819 1.966792e+06
 1058.568100 1.871880e+06
 1058.429380 1.781064e+06
 1058.290661 1.693776e+06
 1058.151942 1.609448e+06
 1058.013222 1.527544e+06
 1057.874503 1.447552e+06
 1057.735783 1.369008e+06
 1057.597064 1.291472e+06
 1057.458344 1.214512e+06
 1057.319625 1.137824e+06
 1057.180905 1.061096e+06
 1057.042186 9.840720e+05
 1056.903467 9.065920e+05
 1056.764747 8.285280e+05
 1056.626028 7.498080e+05
 1056.487308 6.704080e+05
 1056.348589 5.903760e+05
 1056.209869 5.097840e+05
 1056.071150 4.287520e+05
 1055.932430 3.474000e+05
 1055.793711 2.659120e+05
 1055.654991 1.844640e+05
 1055.516272 1.031840e+05
 1055.377553 2.224000e+04
 1055.238833 -5.823200e+04
 1055.100114 -1.382000e+05
 1054.961394 -2.176000e+05
 1054.822675 -2.964960e+05
 1054.683955 -3.750000e+05
 1054.545236 -4.533280e+05
 1054.406516 -5.317440e+05
 1054.267797 -6.106720e+05
 1054.129078 -6.905760e+05
 1053.990358 -7.720320e+05
 1053.851639 -8.557120e+05
 1053.712919 -9.423280e+05
 1053.574200 -1.032680e+06
 1053.435480 -1.127624e+06
 1053.296761 -1.228000e+06
 1053.158041 -1.334688e+06
 1053.019322 -1.448512e+06
 1052.880603 -1.570336e+06
 1052.741883 -1.700856e+06
 1052.603164 -1.840728e+06
 1052.464444 -1.990544e+06
 1052.325725 -2.150736e+06
 1052.187005 -2.321600e+06
 1052.048286 -2.503304e+06
 1051.909566 -2.695864e+06
 1051.770847 -2.899160e+06
 1051.632128 -3.112944e+06
 1051.493408 -3.336784e+06
 1051.354689 -3.570200e+06
 1051.215969 -3.812496e+06
 1051.077250 -4.063024e+06
 1050.938530 -4.320928e+06
 1050.799811 -4.585368e+06
 1050.661091 -4.855464e+06
 1050.522372 -5.130280e+06
 1050.383653 -5.408936e+06
 1050.244933 -5.690512e+06
 1050.106214 -5.974184e+06
 1049.967494 -6.259112e+06
 1049.828775 -6.544560e+06
 1049.690055 -6.829808e+06
 1049.551336 -7.114264e+06
 1049.412616 -7.397424e+06
 1049.273897 -7.678768e+06
 1049.135177 -7.957968e+06
 1048.996458 -8.234736e+06
 1048.857739 -8.508816e+06
 1048.719019 -8.780080e+06
 1048.580300 -9.048472e+06
 1048.441580 -9.313952e+06
 1048.302861 -9.576568e+06
 1048.164141 -9.836424e+06
 1048.025422 -1.009365e+07
 1047.886702 -1.034840e+07
 1047.747983 -1.060089e+07
 1047.609264 -1.085134e+07
 1047.470544 -1.110002e+07
 1047.331825 -1.134718e+07
 1047.193105 -1.159310e+07
 1047.054386 -1.183810e+07
 1046.915666 -1.208245e+07
 1046.776947 -1.232647e+07
 1046.638227 -1.257052e+07
 1046.499508 -1.281491e+07
 1046.360789 -1.305995e+07
 1046.222069 -1.330602e+07
 1046.083350 -1.355342e+07
 1045.944630 -1.380250e+07
 1045.805911 -1.405357e+07
 1045.667191 -1.430690e+07
 1045.528472 -1.456274e+07
 1045.389752 -1.482132e+07
 1045.251033 -1.508274e+07
 1045.112314 -1.534710e+07
 1044.973594 -1.561434e+07
 1044.834875 -1.588434e+07
 1044.696155 -1.615680e+07
 1044.557436 -1.643134e+07
 1044.418716 -1.670738e+07
 1044.279997 -1.698420e+07
 1044.141277 -1.726091e+07
 1044.002558 -1.753645e+07
 1043.863838 -1.780958e+07
 1043.725119 -1.807894e+07
 1043.586400 -1.834297e+07
 1043.447680 -1.860001e+07
 1043.308961 -1.884831e+07
 1043.170241 -1.908599e+07
 1043.031522 -1.931119e+07
 1042.892802 -1.952197e+07
 1042.754083 -1.971642e+07
 1042.615363 -1.989270e+07
 1042.476644 -2.004902e+07
 1042.337925 -2.018374e+07
 1042.199205 -2.029533e+07
 1042.060486 -2.038246e+07
 1041.921766 -2.044398e+07
 1041.783047 -2.047894e+07
 1041.644327 -2.048664e+07
 1041.505608 -2.046661e+07
 1041.366888 -2.041860e+07
 1041.228169 -2.034263e+07
 1041.089450 -2.023894e+07
 1040.950730 -2.010801e+07
 1040.812011 -1.995050e+07
 1040.673291 -1.976729e+07
 1040.534572 -1.955949e+07
 1040.395852 -1.932826e+07
 1040.257133 -1.907504e+07
 1040.118413 -1.880127e+07
 1039.979694 -1.850857e+07
 1039.840975 -1.819861e+07
 1039.702255 -1.787307e+07
 1039.563536 -1.753378e+07
 1039.424816 -1.718250e+07
 1039.286097 -1.682103e+07
 1039.147377 -1.645115e+07
 1039.008658 -1.607458e+07
 1038.869938 -1.569306e+07
 1038.731219 -1.530821e+07
 1038.592500 -1.492162e+07
 1038.453780 -1.453478e+07
 1038.315061 -1.414914e+07
 1038.176341 -1.376597e+07
 1038.037622 -1.338651e+07
 1037.898902 -1.301186e+07
 1037.760183 -1.264304e+07
 1037.621463 -1.228092e+07
 1037.482744 -1.192629e+07
 1037.344024 -1.157980e+07
 1037.205305 -1.124203e+07
 1037.066586 -1.091347e+07
 1036.927866 -1.059449e+07
 1036.789147 -1.028542e+07
 1036.650427 -9.986488e+06
 1036.511708 -9.697904e+06
 1036.372988 -9.419832e+06
 1036.234269 -9.152368e+06
 1036.095549 -8.895608e+06
 1035.956830 -8.649640e+06
 1035.818111 -8.414520e+06
 1035.679391 -8.190312e+06
 1035.540672 -7.977056e+06
 1035.401952 -7.774736e+06
 1035.263233 -7.583424e+06
 1035.124513 -7.403040e+06
 1034.985794 -7.233544e+06
 1034.847074 -7.074768e+06
 1034.708355 -6.926584e+06
 1034.569636 -6.788680e+06
 1034.430916 -6.660720e+06
 1034.292197 -6.542248e+06
 1034.153477 -6.432720e+06
 1034.014758 -6.331464e+06
 1033.876038 -6.237704e+06
 1033.737319 -6.150592e+06
 1033.598599 -6.069168e+06
 1033.459880 -5.992352e+06
 1033.321161 -5.919032e+06
 1033.182441 -5.848032e+06
 1033.043722 -5.778112e+06
 1032.905002 -5.708016e+06
 1032.766283 -5.636536e+06
 1032.627563 -5.562392e+06
 1032.488844 -5.484416e+06
 1032.350124 -5.401424e+06
 1032.211405 -5.312376e+06
 1032.072686 -5.216240e+06
 1031.933966 -5.112144e+06
 1031.795247 -4.999312e+06
 1031.656527 -4.877064e+06
 1031.517808 -4.744864e+06
 1031.379088 -4.602336e+06
 1031.240369 -4.449176e+06
 1031.101649 -4.285280e+06
 1030.962930 -4.110640e+06
 1030.824210 -3.925368e+06
 1030.685491 -3.729752e+06
 1030.546772 -3.524096e+06
 1030.408052 -3.308888e+06
 1030.269333 -3.084648e+06
 1030.130613 -2.852008e+06
 1029.991894 -2.611608e+06
 1029.853174 -2.364128e+06
 1029.714455 -2.110336e+06
 1029.575735 -1.850928e+06
 1029.437016 -1.586624e+06
 1029.298297 -1.318144e+06
 1029.159577 -1.046136e+06
 1029.020858 -7.712640e+05
 1028.882138 -4.941040e+05
 1028.743419 -2.152400e+05
 1028.604699 6.481600e+04
 1028.465980 3.455680e+05
 1028.327260 6.265840e+05
 1028.188541 9.074000e+05
 1028.049822 1.187592e+06
 1027.911102 1.466744e+06
 1027.772383 1.744392e+06
 1027.633663 2.020136e+06
 1027.494944 2.293472e+06
 1027.356224 2.563904e+06
 1027.217505 2.830904e+06
 1027.078785 3.093904e+06
 1026.940066 3.352296e+06
 1026.801347 3.605488e+06
 1026.662627 3.852816e+06
 1026.523908 4.093672e+06
 1026.385188 4.327440e+06
 1026.246469 4.553488e+06
 1026.107749 4.771288e+06
 1025.969030 4.980344e+06
 1025.830310 5.180232e+06
 1025.691591 5.370632e+06
 1025.552871 5.551344e+06
 1025.414152 5.722256e+06
 1025.275433 5.883456e+06
 1025.136713 6.035088e+06
 1024.997994 6.177512e+06
 1024.859274 6.311192e+06
 1024.720555 6.436752e+06
 1024.581835 6.554960e+06
 1024.443116 6.666704e+06
 1024.304396 6.772976e+06
 1024.165677 6.874880e+06
 1024.026958 6.973584e+06
 1023.888238 7.070360e+06
 1023.749519 7.166424e+06
 1023.610799 7.263104e+06
 1023.472080 7.361640e+06
 1023.333360 7.463296e+06
 1023.194641 7.569208e+06
 1023.055921 7.680480e+06
 1022.917202 7.798072e+06
 1022.778483 7.922856e+06
 1022.639763 8.055520e+06
 1022.501044 8.196592e+06
 1022.362324 8.346456e+06
 1022.223605 8.505312e+06
 1022.084885 8.673120e+06
 1021.946166 8.849720e+06
 1021.807446 9.034680e+06
 1021.668727 9.227456e+06
 1021.530008 9.427256e+06
 1021.391288 9.633136e+06
 1021.252569 9.843976e+06
 1021.113849 1.005851e+07
 1020.975130 1.027534e+07
 1020.836410 1.049293e+07
 1020.697691 1.070962e+07
 1020.558971 1.092370e+07
 1020.420252 1.113339e+07
 1020.281533 1.133682e+07
 1020.142813 1.153216e+07
 1020.004094 1.171749e+07
 1019.865374 1.189098e+07
 1019.726655 1.205075e+07
 1019.587935 1.219502e+07
 1019.449216 1.232210e+07
 1019.310496 1.243027e+07
 1019.171777 1.251798e+07
 1019.033057 1.258377e+07
 1018.894338 1.262630e+07
 1018.755619 1.264433e+07
 1018.616899 1.263678e+07
 1018.478180 1.260272e+07
 1018.339460 1.254135e+07
 1018.200741 1.245210e+07
 1018.062021 1.233449e+07
 1017.923302 1.218831e+07
 1017.784582 1.201347e+07
 1017.645863 1.181011e+07
 1017.507144 1.157858e+07
 1017.368424 1.131937e+07
 1017.229705 1.103326e+07
 1017.090985 1.072114e+07
 1016.952266 1.038414e+07
 1016.813546 1.002358e+07
 1016.674827 9.640912e+06
 1016.536107 9.237824e+06
 1016.397388 8.816056e+06
 1016.258669 8.377560e+06
 1016.119949 7.924352e+06
 1015.981230 7.458544e+06
 1015.842510 6.982312e+06
 1015.703791 6.497912e+06
 1015.565071 6.007576e+06
 1015.426352 5.513576e+06
 1015.287632 5.018136e+06
 1015.148913 4.523456e+06
 1015.010194 4.031656e+06
 1014.871474 3.544792e+06
 1014.732755 3.064848e+06
 1014.594035 2.593640e+06
 1014.455316 2.132952e+06
 1014.316596 1.684368e+06
 1014.177877 1.249384e+06
 1014.039157 8.293440e+05
 1013.900438 4.254320e+05
 1013.761719 3.869600e+04
 1013.622999 -3.299280e+05
 1013.484280 -6.797120e+05
 1013.345560 -1.010032e+06
 1013.206841 -1.320416e+06
 1013.068121 -1.610528e+06
 1012.929402 -1.880184e+06
 1012.790682 -2.129304e+06
 1012.651963 -2.357976e+06
 1012.513243 -2.566360e+06
 1012.374524 -2.754784e+06
 1012.235805 -2.923640e+06
 1012.097085 -3.073496e+06
 1011.958366 -3.204936e+06
 1011.819646 -3.318720e+06
 1011.680927 -3.415640e+06
 1011.542207 -3.496632e+06
 1011.403488 -3.562640e+06
 1011.264768 -3.614744e+06
 1011.126049 -3.654048e+06
 1010.987330 -3.681720e+06
 1010.848610 -3.698968e+06
 1010.709891 -3.707024e+06
 1010.571171 -3.707136e+06
 1010.432452 -3.700536e+06
 1010.293732 -3.688488e+06
 1010.155013 -3.672160e+06
 1010.016293 -3.652656e+06
 1009.877574 -3.631096e+06
 1009.738855 -3.608408e+06
 1009.600135 -3.585464e+06
 1009.461416 -3.563008e+06
 1009.322696 -3.541624e+06
 1009.183977 -3.521776e+06
 1009.045257 -3.503760e+06
 1008.906538 -3.487672e+06
 1008.767818 -3.473512e+06
 1008.629099 -3.461072e+06
 1008.490380 -3.449984e+06
 1008.351660 -3.439768e+06
 1008.212941 -3.429776e+06
 1008.074221 -3.419256e+06
 1007.935502 -3.407344e+06
 1007.796782 -3.393112e+06
 1007.658063 -3.375520e+06
 1007.519343 -3.353520e+06
 1007.380624 -3.326024e+06
 1007.241904 -3.291952e+06
 1007.103185 -3.250208e+06
 1006.964466 -3.199776e+06
 1006.825746 -3.139640e+06
 1006.687027 -3.068880e+06
 1006.548307 -2.986648e+06
 1006.409588 -2.892144e+06
 1006.270868 -2.784752e+06
 1006.132149 -2.663888e+06
 1005.993429 -2.529120e+06
 1005.854710 -2.380120e+06
 1005.715991 -2.216696e+06
 1005.577271 -2.038768e+06
 1005.438552 -1.846384e+06
 1005.299832 -1.639728e+06
 1005.161113 -1.419104e+06
 1005.022393 -1.184920e+06
 1004.883674 -9.377200e+05
 1004.744954 -6.781360e+05
 1004.606235 -4.069600e+05
 1004.467516 -1.250080e+05
 1004.328796 1.667600e+05
 1004.190077 4.673200e+05
 1004.051357 7.756240e+05
 1003.912638 1.090512e+06
 1003.773918 1.410784e+06
 1003.635199 1.735216e+06
 1003.496479 2.062616e+06
 1003.357760 2.391720e+06
 1003.219041 2.721328e+06
 1003.080321 3.050208e+06
 1002.941602 3.377208e+06
 1002.802882 3.701256e+06
 1002.664163 4.021280e+06
 1002.525443 4.336304e+06
 1002.386724 4.645464e+06
 1002.248004 4.948008e+06
 1002.109285 5.243224e+06
 1001.970566 5.530560e+06
 1001.831846 5.809616e+06
 1001.693127 6.080048e+06
 1001.554407 6.341704e+06
 1001.415688 6.594520e+06
 1001.276968 6.838600e+06
 1001.138249 7.074152e+06
 1000.999529 7.301520e+06
 1000.860810 7.521128e+06
 1000.722090 7.733536e+06
 1000.583371 7.939408e+06
 1000.444652 8.139416e+06
 1000.305932 8.334376e+06
 1000.167213 8.525048e+06
 1000.028493 8.712256e+06
  999.889774 8.896816e+06
  999.751054 9.079488e+06
  999.612335 9.260992e+06
  999.473615 9.441952e+06
  999.334896 9.622904e+06
  999.196177 9.804240e+06
  999.057457 9.986224e+06
  998.918738 1.016891e+07
  998.780018 1.035226e+07
  998.641299 1.053594e+07
  998.502579 1.071949e+07
  998.363860 1.090223e+07
  998.225140 1.108326e+07
  998.086421 1.126148e+07
  997.947702 1.143563e+07
  997.808982 1.160422e+07
  997.670263 1.176564e+07
  997.531543 1.191810e+07
  997.392824 1.205975e+07
  997.254104 1.218862e+07
  997.115385 1.230267e+07
  996.976665 1.239990e+07
  996.837946 1.247827e+07
  996.699227 1.253586e+07
  996.560507 1.257078e+07
  996.421788 1.258131e+07
  996.283068 1.256594e+07
  996.144349 1.252329e+07
  996.005629 1.245227e+07
  995.866910 1.235203e+07
  995.728190 1.222201e+07
  995.589471 1.206194e+07
  995.450752 1.187188e+07
  995.312032 1.165214e+07
  995.173313 1.140342e+07
  995.034593 1.112666e+07
  994.895874 1.082310e+07
  994.757154 1.049421e+07
  994.618435 1.014175e+07
  994.479715 9.767640e+06
  994.340996 9.373976e+06
  994.202276 8.962976e+06
  994.063557 8.536968e+06
  993.924838 8.098328e+06
  993.786118 7.649416e+06
  993.647399 7.192584e+06
  993.508679 6.730144e+06
  993.369960 6.264272e+06
  993.231240 5.797032e+06
  993.092521 5.330328e+06
  992.953801 4.865928e+06
  992.815082 4.405384e+06
  992.676363 3.950072e+06
  992.537643 3.501128e+06
  992.398924 3.059576e+06
  992.260204 2.626176e+06
  992.121485 2.201536e+06
  991.982765 1.786120e+06
  991.844046 1.380248e+06
  991.705326 9.840800e+05
  991.566607 5.977120e+05
  991.427888 2.211680e+05
  991.289168 -1.455680e+05
  991.150449 -5.025920e+05
  991.011729 -8.499360e+05
  990.873010 -1.187640e+06
  990.734290 -1.515688e+06
  990.595571 -1.834016e+06
  990.456851 -2.142488e+06
  990.318132 -2.440864e+06
  990.179413 -2.728832e+06
  990.040693 -3.005992e+06
  989.901974 -3.271832e+06
  989.763254 -3.525776e+06
  989.624535 -3.767184e+06
  989.485815 -3.995336e+06
  989.347096 -4.209496e+06
  989.208376 -4.408896e+06
  989.069657 -4.592760e+06
  988.930937 -4.760360e+06
  988.792218 -4.911040e+06
  988.653499 -5.044152e+06
  988.514779 -5.159176e+06
  988.376060 -5.255720e+06
  988.237340 -5.333496e+06
  988.098621 -5.392376e+06
  987.959901 -5.432328e+06
  987.821182 -5.453568e+06
  987.682462 -5.456384e+06
  987.543743 -5.441256e+06
  987.405024 -5.408800e+06
  987.266304 -5.359768e+06
  987.127585 -5.295096e+06
  986.988865 -5.215736e+06
  986.850146 -5.122848e+06
  986.711426 -5.017648e+06
  986.572707 -4.901400e+06
  986.433987 -4.775456e+06
  986.295268 -4.641192e+06
  986.156549 -4.500032e+06
  986.017829 -4.353400e+06
  985.879110 -4.202720e+06
  985.740390 -4.049376e+06
  985.601671 -3.894744e+06
  985.462951 -3.740128e+06
  985.324232 -3.586760e+06
  985.185512 -3.435776e+06
  985.046793 -3.288264e+06
  984.908074 -3.145160e+06
  984.769354 -3.007296e+06
  984.630635 -2.875352e+06
  984.491915 -2.749904e+06
  984.353196 -2.631368e+06
  984.214476 -2.519992e+06
  984.075757 -2.415920e+06
  983.937037 -2.319096e+06
  983.798318 -2.229368e+06
  983.659599 -2.146448e+06
  983.520879 -2.069904e+06
  983.382160 -1.999216e+06
  983.243440 -1.933776e+06
  983.104721 -1.872888e+06
  982.966001 -1.815824e+06
  982.827282 -1.761840e+06
  982.688562 -1.710176e+06
  982.549843 -1.660096e+06
  982.411123 -1.610912e+06
  982.272404 -1.561976e+06
  982.133685 -1.512760e+06
  981.994965 -1.462816e+06
  981.856246 -1.411792e+06
  981.717526 -1.359504e+06
  981.578807 -1.305824e+06
  981.440087 -1.250808e+06
  981.301368 -1.194552e+06
  981.162648 -1.137360e+06
  981.023929 -1.079536e+06
  980.885210 -1.021560e+06
  980.746490 -9.638720e+05
  980.607771 -9.070480e+05
  980.469051 -8.516080e+05
  980.330332 -7.981440e+05
  980.191612 -7.471520e+05
  980.052893 -6.991280e+05
  979.914173 -6.544880e+05
  979.775454 -6.135600e+05
  979.636735 -5.766080e+05
  979.498015 -5.437280e+05
  979.359296 -5.149520e+05
  979.220576 -4.901280e+05
  979.081857 -4.690640e+05
  978.943137 -4.513840e+05
  978.804418 -4.366000e+05
  978.665698 -4.241520e+05
  978.526979 -4.133680e+05
  978.388260 -4.034960e+05
  978.249540 -3.936960e+05
  978.110821 -3.831760e+05
  977.972101 -3.710000e+05
  977.833382 -3.563440e+05
  977.694662 -3.383200e+05
  977.555943 -3.161200e+05
  977.417223 -2.889920e+05
  977.278504 -2.562400e+05
  977.139785 -2.172720e+05
  977.001065 -1.715680e+05
  976.862346 -1.187280e+05
  976.723626 -5.846400e+04
  976.584907 9.400000e+03
  976.446187 8.497600e+04
  976.307468 1.682160e+05
  976.168748 2.590320e+05
  976.030029 3.572080e+05
  975.891309 4.624960e+05
  975.752590 5.745840e+05
  975.613871 6.931200e+05
  975.475151 8.177360e+05
  975.336432 9.480560e+05
  975.197712 1.083696e+06
  975.058993 1.224336e+06
  974.920273 1.369648e+06
  974.781554 1.519376e+06
  974.642834 1.673320e+06
  974.504115 1.831352e+06
  974.365396 1.993368e+06
  974.226676 2.159392e+06
  974.087957 2.329464e+06
  973.949237 2.503736e+06
  973.810518 2.682416e+06
  973.671798 2.865752e+06
  973.533079 3.054072e+06
  973.394359 3.247728e+06
  973.255640 3.447120e+06
  973.116921 3.652656e+06
  972.978201 3.864768e+06
  972.839482 4.083896e+06
  972.700762 4.310472e+06
  972.562043 4.544888e+06
  972.423323 4.787560e+06
  972.284604 5.038800e+06
  972.145884 5.298936e+06
  972.007165 5.568216e+06
  971.868446 5.846816e+06
  971.729726 6.134872e+06
  971.591007 6.432464e+06
  971.452287 6.739576e+06
  971.313568 7.056104e+06
  971.174848 7.381912e+06
  971.036129 7.716776e+06
  970.897409 8.060376e+06
  970.758690 8.412352e+06
  970.619970 8.772208e+06
  970.481251 9.139472e+06
  970.342532 9.513520e+06
  970.203812 9.893688e+06
  970.065093 1.027924e+07
  969.926373 1.066938e+07
  969.787654 1.106326e+07
  969.648934 1.145993e+07
  969.510215 1.185843e+07
  969.371495 1.225774e+07
  969.232776 1.265674e+07
  969.094057 1.305432e+07
  968.955337 1.344931e+07
  968.816618 1.384053e+07
  968.677898 1.422673e+07
  968.539179 1.460670e+07
  968.400459 1.497919e+07
  968.261740 1.534299e+07
  968.123020 1.569688e+07
  967.984301 1.603971e+07
  967.845582 1.637034e+07
  967.706862 1.668770e+07
  967.568143 1.699079e+07
  967.429423 1.727866e+07
  967.290704 1.755046e+07
  967.151984 1.780540e+07
  967.013265 1.804278e+07
  966.874545 1.826199e+07
  966.735826 1.846246e+07
  966.597107 1.864375e+07
  966.458387 1.880545e+07
  966.319668 1.894720e+07
  966.180948 1.906875e+07
  966.042229 1.916987e+07
  965.903509 1.925038e+07
  965.764790 1.931018e+07
  965.626070 1.934919e+07
  965.487351 1.936745e+07
  965.348632 1.936498e+07
  965.209912 1.934194e+07
  965.071193 1.929855e+07
  964.932473 1.923511e+07
  964.793754 1.915207e+07
  964.655034 1.904992e+07
  964.516315 1.892936e+07
  964.377595 1.879117e+07
  964.238876 1.863630e+07
  964.100156 1.846588e+07
  963.961437 1.828114e+07
  963.822718 1.808350e+07
  963.683998 1.787455e+07
  963.545279 1.765598e+07
  963.406559 1.742968e+07
  963.267840 1.719762e+07
  963.129120 1.696191e+07
  962.990401 1.672477e+07
  962.851681 1.648846e+07
  962.712962 1.625534e+07
  962.574243 1.602781e+07
  962.435523 1.580828e+07
  962.296804 1.559914e+07
  962.158084 1.540278e+07
  962.019365 1.522154e+07
  961.880645 1.505767e+07
  961.741926 1.491335e+07
  961.603206 1.479067e+07
  961.464487 1.469155e+07
  961.325768 1.461778e+07
  961.187048 1.457096e+07
  961.048329 1.455258e+07
  960.909609 1.456383e+07
  960.770890 1.460579e+07
  960.632170 1.467928e+07
  960.493451 1.478490e+07
  960.354731 1.492302e+07
  960.216012 1.509375e+07
  960.077293 1.529703e+07
  959.938573 1.553251e+07
  959.799854 1.579960e+07
  959.661134 1.609753e+07
  959.522415 1.642527e+07
  959.383695 1.678160e+07
  959.244976 1.716510e+07
  959.106256 1.757413e+07
  958.967537 1.800694e+07
  958.828817 1.846154e+07
  958.690098 1.893588e+07
  958.551379 1.942775e+07
  958.412659 1.993483e+07
  958.273940 2.045475e+07
  958.135220 2.098506e+07
  957.996501 2.152324e+07
  957.857781 2.206680e+07
  957.719062 2.261322e+07
  957.580342 2.315999e+07
  957.441623 2.370464e+07
  957.302904 2.424478e+07
  957.164184 2.477806e+07
  957.025465 2.530222e+07
  956.886745 2.581513e+07
  956.748026 2.631474e+07
  956.609306 2.679914e+07
  956.470587 2.726654e+07
  956.331867 2.771530e+07
  956.193148 2.814392e+07
  956.054429 2.855102e+07
  955.915709 2.893539e+07
  955.776990 2.929594e+07
  955.638270 2.963172e+07
  955.499551 2.994191e+07
  955.360831 3.022582e+07
  955.222112 3.048286e+07
  955.083392 3.071256e+07
  954.944673 3.091459e+07
  954.805954 3.108865e+07
  954.667234 3.123458e+07
  954.528515 3.135234e+07
  954.389795 3.144194e+07
  954.251076 3.150350e+07
  954.112356 3.153722e+07
  953.973637 3.154342e+07
  953.834917 3.152251e+07
  953.696198 3.147498e+07
  953.557479 3.140145e+07
  953.418759 3.130263e+07
  953.280040 3.117934e+07
  953.141320 3.103248e+07
  953.002601 3.086305e+07
  952.863881 3.067215e+07
  952.725162 3.046094e+07
  952.586442 3.023066e+07
  952.447723 2.998254e+07
  952.309003 2.971794e+07
  952.170284 2.943815e+07
  952.031565 2.914454e+07
  951.892845 2.883836e+07
  951.754126 2.852091e+07
  951.615406 2.819342e+07
  951.476687 2.785708e+07
  951.337967 2.751294e+07
  951.199248 2.716204e+07
  951.060528 2.680533e+07
  950.921809 2.644362e+07
  950.783090 2.607767e+07
  950.644370 2.570814e+07
  950.505651 2.533561e+07
  950.366931 2.496054e+07
  950.228212 2.458337e+07
  950.089492 2.420437e+07
  949.950773 2.382382e+07
  949.812053 2.344190e+07
  949.673334 2.305872e+07
  949.534615 2.267437e+07
  949.395895 2.228883e+07
  949.257176 2.190212e+07
  949.118456 2.151419e+07
  948.979737 2.112498e+07
  948.841017 2.073441e+07
  948.702298 2.034241e+07
  948.563578 1.994896e+07
  948.424859 1.955405e+07
  948.286140 1.915773e+07
  948.147420 1.876010e+07
  948.008701 1.836137e+07
  947.869981 1.796182e+07
  947.731262 1.756183e+07
  947.592542 1.716194e+07
  947.453823 1.676278e+07
  947.315103 1.636508e+07
  947.176384 1.596978e+07
  947.037665 1.557785e+07
  946.898945 1.519043e+07
  946.760226 1.480879e+07
  946.621506 1.443422e+07
  946.482787 1.406814e+07
  946.344067 1.371198e+07
  946.205348 1.336724e+07
  946.066628 1.303535e+07
  945.927909 1.271782e+07
  945.789189 1.241602e+07
  945.650470 1.213130e+07
  945.511751 1.186488e+07
  945.373031 1.161788e+07
  945.234312 1.139127e+07
  945.095592 1.118586e+07
  944.956873 1.100230e+07
  944.818153 1.084102e+07
  944.679434 1.070227e+07
  944.540714 1.058612e+07
  944.401995 1.049242e+07
  944.263276 1.042080e+07
  944.124556 1.037076e+07
  943.985837 1.034155e+07
  943.847117 1.033229e+07
  943.708398 1.034192e+07
  943.569678 1.036928e+07
  943.430959 1.041304e+07
  943.292239 1.047185e+07
  943.153520 1.054422e+07
  943.014801 1.062866e+07
  942.876081 1.072362e+07
  942.737362 1.082764e+07
  942.598642 1.093921e+07
  942.459923 1.105690e+07
  942.321203 1.117935e+07
  942.182484 1.130530e+07
  942.043764 1.143361e+07
  941.905045 1.156319e+07
  941.766326 1.169314e+07
  941.627606 1.182262e+07
  941.488887 1.195095e+07
  941.350167 1.207756e+07
  941.211448 1.220194e+07
  941.072728 1.232372e+07
  940.934009 1.244256e+07
  940.795289 1.255822e+07
  940.656570 1.267047e+07
  940.517850 1.277911e+07
  940.379131 1.288396e+07
  940.240412 1.298479e+07
  940.101692 1.308142e+07
  939.962973 1.317357e+07
  939.824253 1.326098e+07
  939.685534 1.334333e+07
  939.546814 1.342028e+07
  939.408095 1.349146e+07
  939.269375 1.355648e+07
  939.130656 1.361496e+07
  938.991937 1.366653e+07
  938.853217 1.371084e+07
  938.714498 1.374758e+07
  938.575778 1.377658e+07
  938.437059 1.379765e+07
  938.298339 1.381073e+07
  938.159620 1.381590e+07
  938.020900 1.381333e+07
  937.882181 1.380332e+07
  937.743462 1.378631e+07
  937.604742 1.376286e+07
  937.466023 1.373362e+07
  937.327303 1.369942e+07
  937.188584 1.366114e+07
  937.049864 1.361978e+07
  936.911145 1.357638e+07
  936.772425 1.353210e+07
  936.633706 1.348809e+07
  936.494987 1.344554e+07
  936.356267 1.340569e+07
  936.217548 1.336973e+07
  936.078828 1.333883e+07
  935.940109 1.331418e+07
  935.801389 1.329688e+07
  935.662670 1.328798e+07
  935.523950 1.328850e+07
  935.385231 1.329933e+07
  935.246512 1.332138e+07
  935.107792 1.335538e+07
  934.969073 1.340206e+07
  934.830353 1.346202e+07
  934.691634 1.353578e+07
  934.552914 1.362377e+07
  934.414195 1.372632e+07
  934.275475 1.384370e+07
  934.136756 1.397602e+07
  933.998036 1.412337e+07
  933.859317 1.428567e+07
  933.720598 1.446278e+07
  933.581878 1.465444e+07
  933.443159 1.486028e+07
  933.304439 1.507983e+07
  933.165720 1.531252e+07
  933.027000 1.555766e+07
  932.888281 1.581446e+07
  932.749561 1.608202e+07
  932.610842 1.635936e+07
  932.472123 1.664539e+07
  932.333403 1.693894e+07
  932.194684 1.723876e+07
  932.055964 1.754355e+07
  931.917245 1.785193e+07
  931.778525 1.816251e+07
  931.639806 1.847388e+07
  931.501086 1.878461e+07
  931.362367 1.909332e+07
  931.223648 1.939863e+07
  931.084928 1.969926e+07
  930.946209 1.999397e+07
  930.807489 2.028163e+07
  930.668770 2.056123e+07
  930.530050 2.083186e+07
  930.391331 2.109275e+07
  930.252611 2.134327e+07
  930.113892 2.158294e+07
  929.975173 2.181139e+07
  929.836453 2.202842e+07
  929.697734 2.223398e+07
  929.559014 2.242807e+07
  929.420295 2.261091e+07
  929.281575 2.278274e+07
  929.142856 2.294394e+07
  929.004136 2.309494e+07
  928.865417 2.323626e+07
  928.726698 2.336846e+07
  928.587978 2.349216e+07
  928.449259 2.360799e+07
  928.310539 2.371664e+07
  928.171820 2.381878e+07
  928.033100 2.391511e+07
  927.894381 2.400638e+07
  927.755661 2.409328e+07
  927.616942 2.417654e+07
  927.478222 2.425694e+07
  927.339503 2.433523e+07
  927.200784 2.441218e+07
  927.062064 2.448862e+07
  926.923345 2.456534e+07
  926.784625 2.464322e+07
  926.645906 2.472314e+07
  926.507186 2.480599e+07
  926.368467 2.489267e+07
  926.229747 2.498407e+07
  926.091028 2.508114e+07
  925.952309 2.518470e+07
  925.813589 2.529561e+07
  925.674870 2.541462e+07
  925.536150 2.554242e+07
  925.397431 2.567955e+07
  925.258711 2.582644e+07
  925.119992 2.598332e+07
  924.981272 2.615029e+07
  924.842553 2.632722e+07
  924.703834 2.651374e+07
  924.565114 2.670929e+07
  924.426395 2.691308e+07
  924.287675 2.712405e+07
  924.148956 2.734101e+07
  924.010236 2.756247e+07
  923.871517 2.778682e+07
  923.732797 2.801228e+07
  923.594078 2.823697e+07
  923.455359 2.845886e+07
  923.316639 2.867596e+07
  923.177920 2.888619e+07
  923.039200 2.908754e+07
  922.900481 2.927810e+07
  922.761761 2.945598e+07
  922.623042 2.961954e+07
  922.484322 2.976718e+07
  922.345603 2.989764e+07
  922.206883 3.000974e+07
  922.068164 3.010260e+07
  921.929445 3.017555e+07
  921.790725 3.022817e+07
  921.652006 3.026022e+07
  921.513286 3.027180e+07
  921.374567 3.026314e+07
  921.235847 3.023470e+07
  921.097128 3.018718e+07
  920.958408 3.012140e+07
  920.819689 3.003841e+07
  920.680970 2.993937e+07
  920.542250 2.982560e+07
  920.403531 2.969854e+07
  920.264811 2.955974e+07
  920.126092 2.941081e+07
  919.987372 2.925346e+07
  919.848653 2.908942e+07
  919.709933 2.892050e+07
  919.571214 2.874847e+07
  919.432495 2.857513e+07
  919.293775 2.840220e+07
  919.155056 2.823142e+07
  919.016336 2.806438e+07
  918.877617 2.790259e+07
  918.738897 2.774750e+07
  918.600178 2.760035e+07
  918.461458 2.746226e+07
  918.322739 2.733422e+07
  918.184020 2.721693e+07
  918.045300 2.711100e+07
  917.906581 2.701682e+07
  917.767861 2.693454e+07
  917.629142 2.686413e+07
  917.490422 2.680536e+07
  917.351703 2.675784e+07
  917.212983 2.672092e+07
  917.074264 2.669382e+07
  916.935545 2.667559e+07
  916.796825 2.666515e+07
  916.658106 2.666125e+07
  916.519386 2.666255e+07
  916.380667 2.666765e+07
  916.241947 2.667501e+07
  916.103228 2.668307e+07
  915.964508 2.669028e+07
  915.825789 2.669500e+07
  915.687069 2.669563e+07
  915.548350 2.669062e+07
  915.409631 2.667843e+07
  915.270911 2.665758e+07
  915.132192 2.662670e+07
  914.993472 2.658442e+07
  914.854753 2.652958e+07
  914.716033 2.646106e+07
  914.577314 2.637787e+07
  914.438594 2.627919e+07
  914.299875 2.616429e+07
  914.161156 2.603258e+07
  914.022436 2.588366e+07
  913.883717 2.571722e+07
  913.744997 2.553318e+07
  913.606278 2.533150e+07
  913.467558 2.511237e+07
  913.328839 2.487607e+07
  913.190119 2.462304e+07
  913.051400 2.435381e+07
  912.912681 2.406905e+07
  912.773961 2.376953e+07
  912.635242 2.345606e+07
  912.496522 2.312962e+07
  912.357803 2.279117e+07
  912.219083 2.244174e+07
  912.080364 2.208242e+07
  911.941644 2.171431e+07
  911.802925 2.133848e+07
  911.664206 2.095608e+07
  911.525486 2.056818e+07
  911.386767 2.017583e+07
  911.248047 1.978010e+07
  911.109328 1.938198e+07
  910.970608 1.898242e+07
  910.831889 1.858236e+07
  910.693169 1.818263e+07
  910.554450 1.778402e+07
  910.415731 1.738731e+07
  910.277011 1.699319e+07
  910.138292 1.660226e+07
  909.999572 1.621514e+07
  909.860853 1.583239e+07
  909.722133 1.545446e+07
  909.583414 1.508188e+07
  909.444694 1.471508e+07
  909.305975 1.435449e+07
  909.167255 1.400053e+07
  909.028536 1.365366e+07
  908.889817 1.331428e+07
  908.751097 1.298290e+07
  908.612378 1.265997e+07
  908.473658 1.234602e+07
  908.334939 1.204161e+07
  908.196219 1.174730e+07
  908.057500 1.146372e+07
  907.918780 1.119146e+07
  907.780061 1.093122e+07
  907.641342 1.068364e+07
  907.502622 1.044938e+07
  907.363903 1.022908e+07
  907.225183 1.002335e+07
  907.086464 9.832776e+06
  906.947744 9.657856e+06
  906.809025 9.499096e+06
  906.670305 9.356800e+06
  906.531586 9.231288e+06
  906.392867 9.122736e+06
  906.254147 9.031176e+06
  906.115428 8.956576e+06
  905.976708 8.898720e+06
  905.837989 8.857296e+06
  905.699269 8.831856e+06
  905.560550 8.821816e+06
  905.421830 8.826424e+06
  905.283111 8.844856e+06
  905.144392 8.876120e+06
  905.005672 8.919120e+06
  904.866953 8.972656e+06
  904.728233 9.035416e+06
  904.589514 9.105968e+06
  904.450794 9.182872e+06
  904.312075 9.264544e+06
  904.173355 9.349400e+06
  904.034636 9.435800e+06
  903.895916 9.522088e+06
  903.757197 9.606584e+06
  903.618478 9.687664e+06
  903.479758 9.763664e+06
  903.341039 9.833032e+06
  903.202319 9.894264e+06
  903.063600 9.945848e+06
  902.924880 9.986496e+06
  902.786161 1.001490e+07
  902.647441 1.002991e+07
  902.508722 1.003051e+07
  902.370003 1.001575e+07
  902.231283 9.984856e+06
  902.092564 9.937200e+06
  901.953844 9.872216e+06
  901.815125 9.789496e+06
  901.676405 9.688784e+06
  901.537686 9.569928e+06
  901.398966 9.432888e+06
  901.260247 9.277704e+06
  901.121528 9.104576e+06
  900.982808 8.913752e+06
  900.844089 8.705584e+06
  900.705369 8.480520e+06
  900.566650 8.238984e+06
  900.427930 7.981544e+06
  900.289211 7.708800e+06
  900.150491 7.421344e+06
  900.011772 7.119840e+06
  899.873053 6.804976e+06
  899.734333 6.477424e+06
  899.595614 6.137856e+06
  899.456894 5.787024e+06
  899.318175 5.425616e+06
  899.179455 5.054360e+06
  899.040736 4.674008e+06
  898.902016 4.285288e+06
  898.763297 3.888992e+06
  898.624578 3.485912e+06
  898.485858 3.076872e+06
  898.347139 2.662768e+06
  898.208419 2.244512e+06
  898.069700 1.823104e+06
  897.930980 1.399576e+06
  897.792261 9.750240e+05
  897.653541 5.506240e+05
  897.514822 1.275840e+05
  897.376102 -2.928320e+05
  897.237383 -7.093440e+05
  897.098664 -1.120616e+06
  896.959944 -1.525352e+06
  896.821225 -1.922264e+06
  896.682505 -2.310096e+06
  896.543786 -2.687720e+06
  896.405066 -3.054016e+06
  896.266347 -3.408088e+06
  896.127627 -3.749144e+06
  895.988908 -4.076592e+06
  895.850189 -4.390040e+06
  895.711469 -4.689288e+06
  895.572750 -4.974408e+06
  895.434030 -5.245680e+06
  895.295311 -5.503624e+06
  895.156591 -5.749000e+06
  895.017872 -5.982768e+06
  894.879152 -6.206072e+06
  894.740433 -6.420272e+06
  894.601714 -6.626840e+06
  894.462994 -6.827336e+06
  894.324275 -7.023384e+06
  894.185555 -7.216672e+06
  894.046836 -7.408848e+06
  893.908116 -7.601488e+06
  893.769397 -7.796136e+06
  893.630677 -7.994152e+06
  893.491958 -8.196776e+06
  893.353239 -8.405104e+06
  893.214519 -8.619960e+06
  893.075800 -8.842048e+06
  892.937080 -9.071856e+06
  892.798361 -9.309616e+06
  892.659641 -9.555392e+06
  892.520922 -9.809096e+06
  892.382202 -1.007042e+07
  892.243483 -1.033891e+07
  892.104764 -1.061398e+07
  891.966044 -1.089498e+07
  891.827325 -1.118106e+07
  891.688605 -1.147142e+07
  891.549886 -1.176513e+07
  891.411166 -1.206124e+07
  891.272447 -1.235880e+07
  891.133727 -1.265686e+07
  890.995008 -1.295447e+07
  890.856288 -1.325065e+07
  890.717569 -1.354450e+07
  890.578850 -1.383512e+07
  890.440130 -1.412166e+07
  890.301411 -1.440322e+07
  890.162691 -1.467901e+07
  890.023972 -1.494825e+07
  889.885252 -1.521014e+07
  889.746533 -1.546392e+07
  889.607813 -1.570888e+07
  889.469094 -1.594430e+07
  889.330375 -1.616953e+07
  889.191655 -1.638390e+07
  889.052936 -1.658681e+07
  888.914216 -1.677769e+07
  888.775497 -1.695601e+07
  888.636777 -1.712130e+07
  888.498058 -1.727314e+07
  888.359338 -1.741124e+07
  888.220619 -1.753526e+07
  888.081900 -1.764505e+07
  887.943180 -1.774049e+07
  887.804461 -1.782156e+07
  887.665741 -1.788831e+07
  887.527022 -1.794090e+07
  887.388302 -1.797953e+07
  887.249583 -1.800450e+07
  887.110863 -1.801619e+07
  886.972144 -1.801502e+07
  886.833425 -1.800147e+07
  886.694705 -1.797607e+07
  886.555986 -1.793938e+07
  886.417266 -1.789199e+07
  886.278547 -1.783450e+07
  886.139827 -1.776754e+07
  886.001108 -1.769172e+07
  885.862388 -1.760766e+07
  885.723669 -1.751595e+07
  885.584949 -1.741722e+07
  885.446230 -1.731204e+07
  885.307511 -1.720096e+07
  885.168791 -1.708452e+07
  885.030072 -1.696322e+07
  884.891352 -1.683758e+07
  884.752633 -1.670806e+07
  884.613913 -1.657509e+07
  884.475194 -1.643911e+07
  884.336474 -1.630054e+07
  884.197755 -1.615975e+07
  884.059036 -1.601712e+07
  883.920316 -1.587301e+07
  883.781597 -1.572776e+07
  883.642877 -1.558175e+07
  883.504158 -1.543529e+07
  883.365438 -1.528871e+07
  883.226719 -1.514234e+07
  883.087999 -1.499654e+07
  882.949280 -1.485158e+07
  882.810561 -1.470782e+07
  882.671841 -1.456555e+07
  882.533122 -1.442509e+07
  882.394402 -1.428674e+07
  882.255683 -1.415081e+07
  882.116963 -1.401752e+07
  881.978244 -1.388718e+07
  881.839524 -1.376002e+07
  881.700805 -1.363627e+07
  881.562086 -1.351614e+07
  881.423366 -1.339982e+07
  881.284647 -1.328751e+07
  881.145927 -1.317935e+07
  881.007208 -1.307557e+07
  880.868488 -1.297627e+07
  880.729769 -1.288168e+07
  880.591049 -1.279197e+07
  880.452330 -1.270735e+07
  880.313611 -1.262808e+07
  880.174891 -1.255442e+07
  880.036172 -1.248671e+07
  879.897452 -1.242532e+07
  879.758733 -1.237070e+07
  879.620013 -1.232328e+07
  879.481294 -1.228362e+07
  879.342574 -1.225231e+07
  879.203855 -1.222999e+07
  879.065135 -1.221737e+07
  878.926416 -1.221511e+07
  878.787697 -1.222399e+07
  878.648977 -1.224474e+07
  878.510258 -1.227811e+07
  878.371538 -1.232486e+07
  878.232819 -1.238567e+07
  878.094099 -1.246118e+07
  877.955380 -1.255202e+07
  877.816660 -1.265867e+07
  877.677941 -1.278160e+07
  877.539222 -1.292110e+07
  877.400502 -1.307740e+07
  877.261783 -1.325062e+07
  877.123063 -1.344072e+07
  876.984344 -1.364755e+07
  876.845624 -1.387085e+07
  876.706905 -1.411021e+07
  876.568185 -1.436509e+07
  876.429466 -1.463486e+07
  876.290747 -1.491875e+07
  876.152027 -1.521591e+07
  876.013308 -1.552535e+07
  875.874588 -1.584606e+07
  875.735869 -1.617690e+07
  875.597149 -1.651672e+07
  875.458430 -1.686428e+07
  875.319710 -1.721836e+07
  875.180991 -1.757769e+07
  875.042272 -1.794100e+07
  874.903552 -1.830706e+07
  874.764833 -1.867466e+07
  874.626113 -1.904266e+07
  874.487394 -1.940994e+07
  874.348674 -1.977551e+07
  874.209955 -2.013838e+07
  874.071235 -2.049770e+07
  873.932516 -2.085272e+07
  873.793797 -2.120274e+07
  873.655077 -2.154717e+07
  873.516358 -2.188550e+07
  873.377638 -2.221729e+07
  873.238919 -2.254215e+07
  873.100199 -2.285975e+07
  872.961480 -2.316978e+07
  872.822760 -2.347195e+07
  872.684041 -2.376596e+07
  872.545321 -2.405150e+07
  872.406602 -2.432820e+07
  872.267883 -2.459570e+07
  872.129163 -2.485353e+07
  871.990444 -2.510115e+07
  871.851724 -2.533802e+07
  871.713005 -2.556350e+07
  871.574285 -2.577688e+07
  871.435566 -2.597742e+07
  871.296846 -2.616434e+07
  871.158127 -2.633686e+07
  871.019408 -2.649414e+07
  870.880688 -2.663544e+07
  870.741969 -2.676000e+07
  870.603249 -2.686711e+07
  870.464530 -2.695619e+07
  870.325810 -2.702670e+07
  870.187091 -2.707826e+07
  870.048371 -2.711058e+07
  869.909652 -2.712353e+07
  869.770933 -2.711714e+07
  869.632213 -2.709162e+07
  869.493494 -2.704732e+07
  869.354774 -2.698474e+07
  869.216055 -2.690458e+07
  869.077335 -2.680771e+07
  868.938616 -2.669514e+07
  868.799896 -2.656796e+07
  868.661177 -2.642748e+07
  868.522458 -2.627503e+07
  868.383738 -2.611211e+07
  868.245019 -2.594018e+07
  868.106299 -2.576080e+07
  867.967580 -2.557551e+07
  867.828860 -2.538586e+07
  867.690141 -2.519328e+07
  867.551421 -2.499921e+07
  867.412702 -2.480492e+07
  867.273982 -2.461159e+07
  867.135263 -2.442028e+07
  866.996544 -2.423184e+07
  866.857824 -2.404698e+07
  866.719105 -2.386625e+07
  866.580385 -2.368997e+07
  866.441666 -2.351831e+07
  866.302946 -2.335130e+07
  866.164227 -2.318874e+07
  866.025507 -2.303028e+07
  865.886788 -2.287550e+07
  865.748069 -2.272377e+07
  865.609349 -2.257442e+07
  865.470630 -2.242666e+07
  865.331910 -2.227961e+07
  865.193191 -2.213238e+07
  865.054471 -2.198402e+07
  864.915752 -2.183359e+07
  864.777032 -2.168008e+07
  864.638313 -2.152254e+07
  864.499594 -2.136003e+07
  864.360874 -2.119163e+07
  864.222155 -2.101649e+07
  864.083435 -2.083373e+07
  863.944716 -2.064259e+07
  863.805996 -2.044231e+07
  863.667277 -2.023227e+07
  863.528557 -2.001182e+07
  863.389838 -1.978044e+07
  863.251119 -1.953765e+07
  863.112399 -1.928307e+07
  862.973680 -1.901640e+07
  862.834960 -1.873742e+07
  862.696241 -1.844597e+07
  862.557521 -1.814204e+07
  862.418802 -1.782565e+07
  862.280082 -1.749698e+07
  862.141363 -1.715628e+07
  862.002644 -1.680389e+07
  861.863924 -1.644028e+07
  861.725205 -1.606598e+07
  861.586485 -1.568164e+07
  861.447766 -1.528798e+07
  861.309046 -1.488579e+07
  861.170327 -1.447596e+07
  861.031607 -1.405938e+07
  860.892888 -1.363700e+07
  860.754168 -1.320981e+07
  860.615449 -1.277877e+07
  860.476730 -1.234483e+07
  860.338010 -1.190893e+07
  860.199291 -1.147191e+07
  860.060571 -1.103460e+07
  859.921852 -1.059771e+07
  859.783132 -1.016186e+07
  859.644413 -9.727632e+06
  859.505693 -9.295400e+06
  859.366974 -8.865544e+06
  859.228255 -8.438296e+06
  859.089535 -8.013792e+06
  858.950816 -7.592104e+06
  858.812096 -7.173272e+06
  858.673377 -6.757248e+06
  858.534657 -6.343968e+06
  858.395938 -5.933400e+06
  858.257218 -5.525456e+06
  858.118499 -5.120088e+06
  857.979780 -4.717336e+06
  857.841060 -4.317248e+06
  857.702341 -3.919976e+06
  857.563621 -3.525720e+06
  857.424902 -3.134768e+06
  857.286182 -2.747488e+06
  857.147463 -2.364336e+06
  857.008743 -1.985856e+06
  856.870024 -1.612664e+06
  856.731305 -1.245432e+06
  856.592585 -8.849120e+05
  856.453866 -5.319200e+05
  856.315146 -1.872640e+05
  856.176427 1.481440e+05
  856.037707 4.734240e+05
  855.898988 7.876400e+05
  855.760268 1.089872e+06
  855.621549 1.379208e+06
  855.482830 1.654720e+06
  855.344110 1.915520e+06
  855.205391 2.160728e+06
  855.066671 2.389520e+06
  854.927952 2.601112e+06
  854.789232 2.794752e+06
  854.650513 2.969776e+06
  854.511793 3.125536e+06
  854.373074 3.261536e+06
  854.234354 3.377320e+06
  854.095635 3.472512e+06
  853.956916 3.546888e+06
  853.818196 3.600256e+06
  853.679477 3.632592e+06
  853.540757 3.643976e+06
  853.402038 3.634600e+06
  853.263318 3.604752e+06
  853.124599 3.554856e+06
  852.985879 3.485488e+06
  852.847160 3.397280e+06
  852.708441 3.291016e+06
  852.569721 3.167560e+06
  852.431002 3.027904e+06
  852.292282 2.873144e+06
  852.153563 2.704448e+06
  852.014843 2.523120e+06
  851.876124 2.330488e+06
  851.737404 2.128024e+06
  851.598685 1.917224e+06
  851.459966 1.699648e+06
  851.321246 1.476968e+06
  851.182527 1.250784e+06
  851.043807 1.022808e+06
  850.905088 7.947120e+05
  850.766368 5.681440e+05
  850.627649 3.447280e+05
  850.488929 1.260400e+05
  850.350210 -8.644800e+04
  850.211491 -2.913680e+05
  850.072771 -4.874480e+05
  849.934052 -6.735520e+05
  849.795332 -8.487360e+05
  849.656613 -1.012192e+06
  849.517893 -1.163272e+06
  849.379174 -1.301520e+06
  849.240454 -1.426648e+06
  849.101735 -1.538544e+06
  848.963015 -1.637232e+06
  848.824296 -1.722840e+06
  848.685577 -1.795712e+06
  848.546857 -1.856192e+06
  848.408138 -1.904768e+06
  848.269418 -1.941936e+06
  848.130699 -1.968240e+06
  847.991979 -1.984240e+06
  847.853260 -1.990440e+06
  847.714540 -1.987384e+06
  847.575821 -1.975480e+06
  847.437102 -1.955192e+06
  847.298382 -1.926832e+06
  847.159663 -1.890696e+06
  847.020943 -1.847016e+06
  846.882224 -1.795960e+06
  846.743504 -1.737648e+06
  846.604785 -1.672160e+06
  846.466065 -1.599576e+06
  846.327346 -1.519912e+06
  846.188627 -1.433224e+06
  846.049907 -1.339544e+06
  845.911188 -1.238912e+06
  845.772468 -1.131392e+06
  845.633749 -1.017088e+06
  845.495029 -8.961040e+05
  845.356310 -7.685760e+05
  845.217590 -6.347040e+05
  845.078871 -4.946480e+05
  844.940152 -3.486480e+05
  844.801432 -1.969440e+05
  844.662713 -3.976000e+04
  844.523993 1.226480e+05
  844.385274 2.899760e+05
  844.246554 4.620320e+05
  844.107835 6.385040e+05
  843.969115 8.191600e+05
  843.830396 1.003744e+06
  843.691677 1.192056e+06
  843.552957 1.383832e+06
  843.414238 1.578904e+06
  843.275518 1.777032e+06
  843.136799 1.978056e+06
  842.998079 2.181776e+06
  842.859360 2.388032e+06
  842.720640 2.596624e+06
  842.581921 2.807432e+06
  842.443201 3.020272e+06
  842.304482 3.234952e+06
  842.165763 3.451312e+06
  842.027043 3.669144e+06
  841.888324 3.888240e+06
  841.749604 4.108408e+06
  841.610885 4.329368e+06
  841.472165 4.550848e+06
  841.333446 4.772536e+06
  841.194726 4.994088e+06
  841.056007 5.215120e+06
  840.917288 5.435208e+06
  840.778568 5.653912e+06
  840.639849 5.870728e+06
  840.501129 6.085112e+06
  840.362410 6.296480e+06
  840.223690 6.504240e+06
  840.084971 6.707728e+06
  839.946251 6.906304e+06
  839.807532 7.099256e+06
  839.668813 7.285888e+06
  839.530093 7.465512e+06
  839.391374 7.637376e+06
  839.252654 7.800824e+06
  839.113935 7.955152e+06
  838.975215 8.099728e+06
  838.836496 8.233912e+06
  838.697776 8.357152e+06
  838.559057 8.468952e+06
  838.420338 8.568840e+06
  838.281618 8.656472e+06
  838.142899 8.731520e+06
  838.004179 8.793792e+06
  837.865460 8.843144e+06
  837.726740 8.879568e+06
  837.588021 8.903136e+06
  837.449301 8.913960e+06
  837.310582 8.912336e+06
  837.171863 8.898568e+06
  837.033143 8.873080e+06
  836.894424 8.836368e+06
  836.755704 8.788992e+06
  836.616985 8.731568e+06
  836.478265 8.664760e+06
  836.339546 8.589264e+06
  836.200826 8.505816e+06
  836.062107 8.415088e+06
  835.923387 8.317816e+06
  835.784668 8.214688e+06
  835.645949 8.106360e+06
  835.507229 7.993392e+06
  835.368510 7.876312e+06
  835.229790 7.755584e+06
  835.091071 7.631560e+06
  834.952351 7.504496e+06
  834.813632 7.374576e+06
  834.674912 7.241848e+06
  834.536193 7.106328e+06
  834.397474 6.967888e+06
  834.258754 6.826320e+06
  834.120035 6.681408e+06
  833.981315 6.532816e+06
  833.842596 6.380216e+06
  833.703876 6.223256e+06
  833.565157 6.061552e+06
  833.426437 5.894808e+06
  833.287718 5.722736e+06
  833.148999 5.545112e+06
  833.010279 5.361840e+06
  832.871560 5.172872e+06
  832.732840 4.978328e+06
  832.594121 4.778472e+06
  832.455401 4.573648e+06
  832.316682 4.364440e+06
  832.177962 4.151504e+06
  832.039243 3.935720e+06
  831.900524 3.718096e+06
  831.761804 3.499760e+06
  831.623085 3.282000e+06
  831.484365 3.066192e+06
  831.345646 2.853840e+06
  831.206926 2.646488e+06
  831.068207 2.445760e+06
  830.929487 2.253264e+06
  830.790768 2.070688e+06
  830.652048 1.899560e+06
  830.513329 1.741480e+06
  830.374610 1.597888e+06
  830.235890 1.470136e+06
  830.097171 1.359448e+06
  829.958451 1.266864e+06
  829.819732 1.193328e+06
  829.681012 1.139528e+06
  829.542293 1.106000e+06
  829.403573 1.093096e+06
  829.264854 1.100944e+06
  829.126135 1.129504e+06
  828.987415 1.178560e+06
  828.848696 1.247744e+06
  828.709976 1.336504e+06
  828.571257 1.444200e+06
  828.432537 1.570040e+06
  828.293818 1.713216e+06
  828.155098 1.872784e+06
  828.016379 2.047784e+06
  827.877660 2.237272e+06
  827.738940 2.440232e+06
  827.600221 2.655688e+06
  827.461501 2.882728e+06
  827.322782 3.120416e+06
  827.184062 3.367856e+06
  827.045343 3.624208e+06
  826.906623 3.888656e+06
  826.767904 4.160424e+06
  826.629185 4.438736e+06
  826.490465 4.722864e+06
  826.351746 5.012064e+06
  826.213026 5.305600e+06
  826.074307 5.602736e+06
  825.935587 5.902720e+06
  825.796868 6.204752e+06
  825.658148 6.508064e+06
  825.519429 6.811816e+06
  825.380710 7.115184e+06
  825.241990 7.417280e+06
  825.103271 7.717256e+06
  824.964551 8.014216e+06
  824.825832 8.307296e+06
  824.687112 8.595624e+06
  824.548393 8.878352e+06
  824.409673 9.154656e+06
  824.270954 9.423752e+06
  824.132234 9.684880e+06
  823.993515 9.937328e+06
  823.854796 1.018042e+07
  823.716076 1.041357e+07
  823.577357 1.063618e+07
  823.438637 1.084775e+07
  823.299918 1.104780e+07
  823.161198 1.123591e+07
  823.022479 1.141166e+07
  822.883759 1.157471e+07
  822.745040 1.172474e+07
  822.606321 1.186141e+07
  822.467601 1.198446e+07
  822.328882 1.209362e+07
  822.190162 1.218862e+07
  822.051443 1.226922e+07
  821.912723 1.233517e+07
  821.774004 1.238622e+07
  821.635284 1.242216e+07
  821.496565 1.244274e+07
  821.357846 1.244775e+07
  821.219126 1.243698e+07
  821.080407 1.241022e+07
  820.941687 1.236730e+07
  820.802968 1.230811e+07
  820.664248 1.223250e+07
  820.525529 1.214045e+07
  820.386809 1.203192e+07
  820.248090 1.190700e+07
  820.109371 1.176577e+07
  819.970651 1.160841e+07
  819.831932 1.143519e+07
  819.693212 1.124646e+07
  819.554493 1.104257e+07
  819.415773 1.082405e+07
  819.277054 1.059142e+07
  819.138334 1.034533e+07
  818.999615 1.008649e+07
  818.860896 9.815640e+06
  818.722176 9.533624e+06
  818.583457 9.241360e+06
  818.444737 8.939816e+06
  818.306018 8.630040e+06
  818.167298 8.313096e+06
  818.028579 7.990176e+06
  817.889859 7.662456e+06
  817.751140 7.331224e+06
  817.612420 6.997768e+06
  817.473701 6.663432e+06
  817.334982 6.329584e+06
  817.196262 5.997624e+06
  817.057543 5.668936e+06
  816.918823 5.344888e+06
  816.780104 5.026888e+06
  816.641384 4.716224e+06
  816.502665 4.414232e+06
  816.363945 4.122088e+06
  816.225226 3.840944e+06
  816.086507 3.571880e+06
  815.947787 3.315832e+06
  815.809068 3.073656e+06
  815.670348 2.846048e+06
  815.531629 2.633608e+06
  815.392909 2.436760e+06
  815.254190 2.255832e+06
  815.115470 2.090952e+06
  814.976751 1.942104e+06
  814.838032 1.809152e+06
  814.699312 1.691760e+06
  814.560593 1.589432e+06
  814.421873 1.501600e+06
  814.283154 1.427488e+06
  814.144434 1.366224e+06
  814.005715 1.316824e+06
  813.866995 1.278168e+06
  813.728276 1.249112e+06
  813.589557 1.228416e+06
  813.450837 1.214824e+06
  813.312118 1.207040e+06
  813.173398 1.203800e+06
  813.034679 1.203864e+06
  812.895959 1.206048e+06
  812.757240 1.209232e+06
  812.618520 1.212400e+06
  812.479801 1.214648e+06
  812.341081 1.215216e+06
  812.202362 1.213424e+06
  812.063643 1.208784e+06
  811.924923 1.200952e+06
  811.786204 1.189672e+06
  811.647484 1.174896e+06
  811.508765 1.156688e+06
  811.370045 1.135224e+06
  811.231326 1.110792e+06
  811.092606 1.083776e+06
  810.953887 1.054632e+06
  810.815168 1.023912e+06
  810.676448 9.921440e+05
  810.537729 9.599120e+05
  810.399009 9.278160e+05
  810.260290 8.964240e+05
  810.121570 8.662240e+05
  809.982851 8.377280e+05
  809.844131 8.113120e+05
  809.705412 7.873120e+05
  809.566693 7.659600e+05
  809.427973 7.473520e+05
  809.289254 7.315440e+05
  809.150534 7.184080e+05
  809.011815 7.077280e+05
  808.873095 6.991840e+05
  808.734376 6.923360e+05
  808.595656 6.866320e+05
  808.456937 6.814320e+05
  808.318218 6.760240e+05
  808.179498 6.696000e+05
  808.040779 6.613280e+05
  807.902059 6.503280e+05
  807.763340 6.356640e+05
  807.624620 6.164880e+05
  807.485901 5.918960e+05
  807.347181 5.610560e+05
  807.208462 5.232400e+05
  807.069743 4.777360e+05
  806.931023 4.239600e+05
  806.792304 3.614640e+05
  806.653584 2.898800e+05
  806.514865 2.089680e+05
  806.376145 1.186480e+05
  806.237426 1.893600e+04
  806.098706 -8.999200e+04
  805.959987 -2.078880e+05
  805.821267 -3.343760e+05
  805.682548 -4.689920e+05
  805.543829 -6.112080e+05
  805.405109 -7.603920e+05
  805.266390 -9.159200e+05
  805.127670 -1.077120e+06
  804.988951 -1.243320e+06
  804.850231 -1.413840e+06
  804.711512 -1.588040e+06
  804.572792 -1.765296e+06
  804.434073 -1.945032e+06
  804.295354 -2.126728e+06
  804.156634 -2.309888e+06
  804.017915 -2.494120e+06
  803.879195 -2.679048e+06
  803.740476 -2.864344e+06
  803.601756 -3.049752e+06
  803.463037 -3.235016e+06
  803.324317 -3.419928e+06
  803.185598 -3.604256e+06
  803.046879 -3.787808e+06
  802.908159 -3.970352e+06
  802.769440 -4.151656e+06
  802.630720 -4.331416e+06
  802.492001 -4.509312e+06
  802.353281 -4.684944e+06
  802.214562 -4.857888e+06
  802.075842 -5.027632e+06
  801.937123 -5.193584e+06
  801.798404 -5.355120e+06
  801.659684 -5.511520e+06
  801.520965 -5.662016e+06
  801.382245 -5.805816e+06
  801.243526 -5.942016e+06
  801.104806 -6.069712e+06
  800.966087 -6.187992e+06
  800.827367 -6.295880e+06
  800.688648 -6.392440e+06
  800.549928 -6.476736e+06
  800.411209 -6.547816e+06
  800.272490 -6.604808e+06
  800.133770 -6.646864e+06
  799.995051 -6.673200e+06
  799.856331 -6.683080e+06
  799.717612 -6.675864e+06
  799.578892 -6.651016e+06
  799.440173 -6.608032e+06
  799.301453 -6.546576e+06
  799.162734 -6.466368e+06
  799.024015 -6.367264e+06
  798.885295 -6.249232e+06
  798.746576 -6.112344e+06
  798.607856 -5.956784e+06
  798.469137 -5.782872e+06
  798.330417 -5.591000e+06
  798.191698 -5.381744e+06
  798.052978 -5.155712e+06
  797.914259 -4.913672e+06
  797.775540 -4.656496e+06
  797.636820 -4.385120e+06
  797.498101 -4.100608e+06
  797.359381 -3.804104e+06
  797.220662 -3.496816e+06
  797.081942 -3.180072e+06
  796.943223 -2.855208e+06
  796.804503 -2.523688e+06
  796.665784 -2.186928e+06
  796.527065 -1.846472e+06
  796.388345 -1.503832e+06
  796.249626 -1.160504e+06
  796.110906 -8.180240e+05
  795.972187 -4.778640e+05
  795.833467 -1.414480e+05
  795.694748 1.898640e+05
  795.556028 5.147840e+05
  795.417309 8.321520e+05
  795.278590 1.140928e+06
  795.139870 1.440184e+06
  795.001151 1.729160e+06
  794.862431 2.007248e+06
  794.723712 2.274008e+06
  794.584992 2.529176e+06
  794.446273 2.772648e+06
  794.307553 3.004488e+06
  794.168834 3.224920e+06
  794.030114 3.434328e+06
  793.891395 3.633248e+06
  793.752676 3.822288e+06
  793.613956 4.002160e+06
  793.475237 4.173704e+06
  793.336517 4.337768e+06
  793.197798 4.495288e+06
  793.059078 4.647160e+06
  792.920359 4.794288e+06
  792.781639 4.937552e+06
  792.642920 5.077800e+06
  792.504201 5.215784e+06
  792.365481 5.352192e+06
  792.226762 5.487672e+06
  792.088042 5.622680e+06
  791.949323 5.757680e+06
  791.810603 5.892960e+06
  791.671884 6.028752e+06
  791.533164 6.165176e+06
  791.394445 6.302256e+06
  791.255726 6.439976e+06
  791.117006 6.578192e+06
  790.978287 6.716744e+06
  790.839567 6.855392e+06
  790.700848 6.993856e+06
  790.562128 7.131824e+06
  790.423409 7.268952e+06
  790.284689 7.404896e+06
  790.145970 7.539280e+06
  790.007251 7.671712e+06
  789.868531 7.801840e+06
  789.729812 7.929264e+06
  789.591092 8.053616e+06
  789.452373 8.174536e+06
  789.313653 8.291696e+06
  789.174934 8.404728e+06
  789.036214 8.513336e+06
  788.897495 8.617208e+06
  788.758776 8.716080e+06
  788.620056 8.809664e+06
  788.481337 8.897768e+06
  788.342617 8.980144e+06
  788.203898 9.056656e+06
  788.065178 9.127144e+06
  787.926459 9.191504e+06
  787.787739 9.249648e+06
  787.649020 9.301520e+06
  787.510300 9.347112e+06
  787.371581 9.386424e+06
  787.232862 9.419512e+06
  787.094142 9.446416e+06
  786.955423 9.467216e+06
  786.816703 9.481992e+06
  786.677984 9.490848e+06
  786.539264 9.493864e+06
  786.400545 9.491152e+06
  786.261825 9.482800e+06
  786.123106 9.468888e+06
  785.984387 9.449464e+06
  785.845667 9.424592e+06
  785.706948 9.394296e+06
  785.568228 9.358592e+06
  785.429509 9.317480e+06
  785.290789 9.270968e+06
  785.152070 9.219016e+06
  785.013350 9.161584e+06
  784.874631 9.098632e+06
  784.735912 9.030128e+06
  784.597192 8.956024e+06
  784.458473 8.876264e+06
  784.319753 8.790800e+06
  784.181034 8.699592e+06
  784.042314 8.602608e+06
  783.903595 8.499792e+06
  783.764875 8.391120e+06
  783.626156 8.276568e+06
  783.487437 8.156072e+06
  783.348717 8.029608e+06
  783.209998 7.897136e+06
  783.071278 7.758592e+06
  782.932559 7.613904e+06
  782.793839 7.463032e+06
  782.655120 7.305848e+06
  782.516400 7.142304e+06
  782.377681 6.972240e+06
  782.238961 6.795568e+06
  782.100242 6.612152e+06
  781.961523 6.421848e+06
  781.822803 6.224504e+06
  781.684084 6.019944e+06
  781.545364 5.808024e+06
  781.406645 5.588552e+06
  781.267925 5.361392e+06
  781.129206 5.126368e+06
  780.990486 4.883304e+06
  780.851767 4.632104e+06
  780.713048 4.372616e+06
  780.574328 4.104736e+06
  780.435609 3.828408e+06
  780.296889 3.543584e+06
  780.158170 3.250264e+06
  780.019450 2.948472e+06
  779.880731 2.638296e+06
  779.742011 2.319864e+06
  779.603292 1.993368e+06
  779.464573 1.659056e+06
  779.325853 1.317216e+06
  779.187134 9.682160e+05
  779.048414 6.124800e+05
  778.909695 2.505280e+05
  778.770975 -1.171040e+05
  778.632256 -4.898160e+05
  778.493536 -8.669200e+05
  778.354817 -1.247736e+06
  778.216098 -1.631464e+06
  778.077378 -2.017320e+06
  777.938659 -2.404504e+06
  777.799939 -2.792168e+06
  777.661220 -3.179512e+06
  777.522500 -3.565664e+06
  777.383781 -3.949840e+06
  777.245061 -4.331272e+06
  777.106342 -4.709208e+06
  776.967623 -5.082992e+06
  776.828903 -5.451976e+06
  776.690184 -5.815600e+06
  776.551464 -6.173376e+06
  776.412745 -6.524872e+06
  776.274025 -6.869760e+06
  776.135306 -7.207736e+06
  775.996586 -7.538600e+06
  775.857867 -7.862208e+06
  775.719147 -8.178448e+06
  775.580428 -8.487304e+06
  775.441709 -8.788792e+06
  775.302989 -9.082912e+06
  775.164270 -9.369736e+06
  775.025550 -9.649352e+06
  774.886831 -9.921824e+06
  774.748111 -1.018723e+07
  774.609392 -1.044562e+07
  774.470672 -1.069707e+07
  774.331953 -1.094158e+07
  774.193234 -1.117914e+07
  774.054514 -1.140974e+07
  773.915795 -1.163330e+07
  773.777075 -1.184972e+07
  773.638356 -1.205890e+07
  773.499636 -1.226072e+07
  773.360917 -1.245500e+07
  773.222197 -1.264158e+07
  773.083478 -1.282031e+07
  772.944759 -1.299102e+07
  772.806039 -1.315353e+07
  772.667320 -1.330770e+07
  772.528600 -1.345342e+07
  772.389881 -1.359058e+07
  772.251161 -1.371910e+07
  772.112442 -1.383894e+07
  771.973722 -1.395011e+07
  771.835003 -1.405262e+07
  771.696284 -1.414654e+07
  771.557564 -1.423201e+07
  771.418845 -1.430918e+07
  771.280125 -1.437823e+07
  771.141406 -1.443938e+07
  771.002686 -1.449293e+07
  770.863967 -1.453918e+07
  770.725247 -1.457844e+07
  770.586528 -1.461109e+07
  770.447809 -1.463750e+07
  770.309089 -1.465810e+07
  770.170370 -1.467329e+07
  770.031650 -1.468350e+07
  769.892931 -1.468918e+07
  769.754211 -1.469077e+07
  769.615492 -1.468875e+07
  769.476772 -1.468358e+07
  769.338053 -1.467569e+07
  769.199333 -1.466557e+07
  769.060614 -1.465371e+07
  768.921895 -1.464059e+07
  768.783175 -1.462672e+07
  768.644456 -1.461257e+07
  768.505736 -1.459870e+07
  768.367017 -1.458562e+07
  768.228297 -1.457390e+07
  768.089578 -1.456410e+07
  767.950858 -1.455676e+07
  767.812139 -1.455246e+07
  767.673420 -1.455176e+07
  767.534700 -1.455523e+07
  767.395981 -1.456334e+07
  767.257261 -1.457658e+07
  767.118542 -1.459533e+07
  766.979822 -1.461996e+07
  766.841103 -1.465070e+07
  766.702383 -1.468769e+07
  766.563664 -1.473094e+07
  766.424945 -1.478034e+07
  766.286225 -1.483566e+07
  766.147506 -1.489646e+07
  766.008786 -1.496223e+07
  765.870067 -1.503226e+07
  765.731347 -1.510574e+07
  765.592628 -1.518166e+07
  765.453908 -1.525896e+07
  765.315189 -1.533649e+07
  765.176470 -1.541294e+07
  765.037750 -1.548706e+07
  764.899031 -1.555747e+07
  764.760311 -1.562289e+07
  764.621592 -1.568201e+07
  764.482872 -1.573359e+07
  764.344153 -1.577653e+07
  764.205433 -1.580977e+07
  764.066714 -1.583243e+07
  763.927994 -1.584381e+07
  763.789275 -1.584334e+07
  763.650556 -1.583064e+07
  763.511836 -1.580554e+07
  763.373117 -1.576802e+07
  763.234397 -1.571826e+07
  763.095678 -1.565665e+07
  762.956958 -1.558366e+07
  762.818239 -1.549998e+07
  762.679519 -1.540638e+07
  762.540800 -1.530377e+07
  762.402081 -1.519308e+07
  762.263361 -1.507538e+07
  762.124642 -1.495171e+07
  761.985922 -1.482318e+07
  761.847203 -1.469086e+07
  761.708483 -1.455584e+07
  761.569764 -1.441911e+07
  761.431044 -1.428166e+07
  761.292325 -1.414442e+07
  761.153606 -1.400822e+07
  761.014886 -1.387381e+07
  760.876167 -1.374189e+07
  760.737447 -1.361303e+07
  760.598728 -1.348773e+07
  760.460008 -1.336639e+07
  760.321289 -1.324928e+07
  760.182569 -1.313661e+07
  760.043850 -1.302842e+07
  759.905131 -1.292476e+07
  759.766411 -1.282549e+07
  759.627692 -1.273036e+07
  759.488972 -1.263906e+07
  759.350253 -1.255118e+07
  759.211533 -1.246615e+07
  759.072814 -1.238337e+07
  758.934094 -1.230208e+07
  758.795375 -1.222146e+07
  758.656656 -1.214060e+07
  758.517936 -1.205850e+07
  758.379217 -1.197407e+07
  758.240497 -1.188616e+07
  758.101778 -1.179358e+07
  757.963058 -1.169510e+07
  757.824339 -1.158941e+07
  757.685619 -1.147526e+07
  757.546900 -1.135135e+07
  757.408180 -1.121646e+07
  757.269461 -1.106938e+07
  757.130742 -1.090898e+07
  756.992022 -1.073423e+07
  756.853303 -1.054425e+07
  756.714583 -1.033826e+07
  756.575864 -1.011564e+07
  756.437144 -9.875984e+06
  756.298425 -9.619064e+06
  756.159705 -9.344824e+06
  756.020986 -9.053472e+06
  755.882267 -8.745432e+06
  755.743547 -8.421312e+06
  755.604828 -8.081936e+06
  755.466108 -7.728360e+06
  755.327389 -7.361800e+06
  755.188669 -6.983616e+06
  755.049950 -6.595328e+06
  754.911230 -6.198584e+06
  754.772511 -5.795096e+06
  754.633792 -5.386608e+06
  754.495072 -4.974936e+06
  754.356353 -4.561848e+06
  754.217633 -4.149064e+06
  754.078914 -3.738248e+06
  753.940194 -3.330992e+06
  753.801475 -2.928728e+06
  753.662755 -2.532808e+06
  753.524036 -2.144392e+06
  753.385317 -1.764496e+06
  753.246597 -1.394016e+06
  753.107878 -1.033608e+06
  752.969158 -6.838480e+05
  752.830439 -3.451520e+05
  752.691719 -1.777600e+04
  752.553000 2.981040e+05
  752.414280 6.024640e+05
  752.275561 8.952880e+05
  752.136842 1.176656e+06
  751.998122 1.446680e+06
  751.859403 1.705464e+06
  751.720683 1.953120e+06
  751.581964 2.189704e+06
  751.443244 2.415224e+06
  751.304525 2.629616e+06
  751.165805 2.832752e+06
  751.027086 3.024352e+06
  750.888366 3.204096e+06
  750.749647 3.371488e+06
  750.610928 3.525968e+06
  750.472208 3.666848e+06
  750.333489 3.793304e+06
  750.194769 3.904448e+06
  750.056050 3.999304e+06
  749.917330 4.076808e+06
  749.778611 4.135832e+06
  749.639891 4.175192e+06
  749.501172 4.193752e+06
  749.362453 4.190264e+06
  749.223733 4.163568e+06
  749.085014 4.112520e+06
  748.946294 4.036024e+06
  748.807575 3.933064e+06
  748.668855 3.802712e+06
  748.530136 3.644120e+06
  748.391416 3.456640e+06
  748.252697 3.239696e+06
  748.113978 2.992864e+06
  747.975258 2.715936e+06
  747.836539 2.408824e+06
  747.697819 2.071664e+06
  747.559100 1.704760e+06
  747.420380 1.308584e+06
  747.281661 8.838480e+05
  747.142941 4.314560e+05
  747.004222 -4.751200e+04
  746.865503 -5.518320e+05
  746.726783 -1.080008e+06
  746.588064 -1.630400e+06
  746.449344 -2.201256e+06
  746.310625 -2.790632e+06
  746.171905 -3.396480e+06
  746.033186 -4.016616e+06
  745.894466 -4.648784e+06
  745.755747 -5.290688e+06
  745.617027 -5.939944e+06
  745.478308 -6.594184e+06
  745.339589 -7.251048e+06
  745.200869 -7.908208e+06
  745.062150 -8.563384e+06
  744.923430 -9.214392e+06
  744.784711 -9.859152e+06
  744.645991 -1.049566e+07
  744.507272 -1.112210e+07
  744.368552 -1.173672e+07
  744.229833 -1.233794e+07
  744.091114 -1.292434e+07
  743.952394 -1.349462e+07
  743.813675 -1.404760e+07
  743.674955 -1.458228e+07
  743.536236 -1.509770e+07
  743.397516 -1.559304e+07
  743.258797 -1.606759e+07
  743.120077 -1.652069e+07
  742.981358 -1.695174e+07
  742.842639 -1.736022e+07
  742.703919 -1.774564e+07
  742.565200 -1.810755e+07
  742.426480 -1.844554e+07
  742.287761 -1.875923e+07
  742.149041 -1.904827e+07
  742.010322 -1.931237e+07
  741.871602 -1.955126e+07
  741.732883 -1.976476e+07
  741.594164 -1.995274e+07
  741.455444 -2.011515e+07
  741.316725 -2.025202e+07
  741.178005 -2.036350e+07
  741.039286 -2.044986e+07
  740.900566 -2.051147e+07
  740.761847 -2.054881e+07
  740.623127 -2.056249e+07
  740.484408 -2.055322e+07
  740.345689 -2.052186e+07
  740.206969 -2.046936e+07
  740.068250 -2.039676e+07
  739.929530 -2.030513e+07
  739.790811 -2.019567e+07
  739.652091 -2.006960e+07
  739.513372 -1.992813e+07
  739.374652 -1.977253e+07
  739.235933 -1.960402e+07
  739.097213 -1.942386e+07
  738.958494 -1.923317e+07
  738.819775 -1.903311e+07
  738.681055 -1.882478e+07
  738.542336 -1.860918e+07
  738.403616 -1.838724e+07
  738.264897 -1.815986e+07
  738.126177 -1.792783e+07
  737.987458 -1.769186e+07
  737.848738 -1.745262e+07
  737.710019 -1.721063e+07
  737.571300 -1.696646e+07
  737.432580 -1.672046e+07
  737.293861 -1.647300e+07
  737.155141 -1.622438e+07
  737.016422 -1.597479e+07
  736.877702 -1.572440e+07
  736.738983 -1.547332e+07
  736.600263 -1.522157e+07
  736.461544 -1.496922e+07
  736.322825 -1.471622e+07
  736.184105 -1.446260e+07
  736.045386 -1.420833e+07
  735.906666 -1.395340e+07
  735.767947 -1.369787e+07
  735.629227 -1.344182e+07
  735.490508 -1.318542e+07
  735.351788 -1.292887e+07
  735.213069 -1.267255e+07
  735.074350 -1.241688e+07
  734.935630 -1.216239e+07
  734.796911 -1.190979e+07
  734.658191 -1.165989e+07
  734.519472 -1.141356e+07
  734.380752 -1.117188e+07
  734.242033 -1.093597e+07
  734.103313 -1.070702e+07
  733.964594 -1.048632e+07
  733.825875 -1.027521e+07
  733.687155 -1.007502e+07
  733.548436 -9.887024e+06
  733.409716 -9.712544e+06
  733.270997 -9.552776e+06
  733.132277 -9.408792e+06
  732.993558 -9.281576e+06
  732.854838 -9.171968e+06
  732.716119 -9.080608e+06
  732.577399 -9.007960e+06
  732.438680 -8.954320e+06
  732.299961 -8.919768e+06
  732.161241 -8.904184e+06
  732.022522 -8.907264e+06
  731.883802 -8.928544e+06
  731.745083 -8.967320e+06
  731.606363 -9.022760e+06
  731.467644 -9.093888e+06
  731.328924 -9.179584e+06
  731.190205 -9.278640e+06
  731.051486 -9.389696e+06
  730.912766 -9.511336e+06
  730.774047 -9.642064e+06
  730.635327 -9.780304e+06
  730.496608 -9.924456e+06
  730.357888 -1.007285e+07
  730.219169 -1.022380e+07
  730.080449 -1.037557e+07
  729.941730 -1.052642e+07
  729.803011 -1.067459e+07
  729.664291 -1.081834e+07
  729.525572 -1.095586e+07
  729.386852 -1.108544e+07
  729.248133 -1.120534e+07
  729.109413 -1.131386e+07
  728.970694 -1.140934e+07
  728.831974 -1.149025e+07
  728.693255 -1.155505e+07
  728.554536 -1.160233e+07
  728.415816 -1.163080e+07
  728.277097 -1.163932e+07
  728.138377 -1.162682e+07
  727.999658 -1.159245e+07
  727.860938 -1.153549e+07
  727.722219 -1.145542e+07
  727.583499 -1.135188e+07
  727.444780 -1.122471e+07
  727.306060 -1.107394e+07
  727.167341 -1.089978e+07
  727.028622 -1.070262e+07
  726.889902 -1.048306e+07
  726.751183 -1.024182e+07
  726.612463 -9.979824e+06
  726.473744 -9.698104e+06
  726.335024 -9.397864e+06
  726.196305 -9.080368e+06
  726.057585 -8.747024e+06
  725.918866 -8.399312e+06
  725.780147 -8.038720e+06
  725.641427 -7.666848e+06
  725.502708 -7.285288e+06
  725.363988 -6.895648e+06
  725.225269 -6.499528e+06
  725.086549 -6.098504e+06
  724.947830 -5.694104e+06
  724.809110 -5.287856e+06
  724.670391 -4.881176e+06
  724.531672 -4.475472e+06
  724.392952 -4.072024e+06
  724.254233 -3.672104e+06
  724.115513 -3.276848e+06
  723.976794 -2.887344e+06
  723.838074 -2.504616e+06
  723.699355 -2.129536e+06
  723.560635 -1.763000e+06
  723.421916 -1.405704e+06
  723.283197 -1.058328e+06
  723.144477 -7.214560e+05
  723.005758 -3.955840e+05
  722.867038 -8.110400e+04
  722.728319 2.216560e+05
  722.589599 5.124560e+05
  722.450880 7.911600e+05
  722.312160 1.057656e+06
  722.173441 1.311968e+06
  722.034722 1.554176e+06
  721.896002 1.784376e+06
  721.757283 2.002768e+06
  721.618563 2.209560e+06
  721.479844 2.405024e+06
  721.341124 2.589448e+06
  721.202405 2.763088e+06
  721.063685 2.926264e+06
  720.924966 3.079224e+06
  720.786246 3.222248e+06
  720.647527 3.355528e+06
  720.508808 3.479256e+06
  720.370088 3.593568e+06
  720.231369 3.698544e+06
  720.092649 3.794224e+06
  719.953930 3.880560e+06
  719.815210 3.957464e+06
  719.676491 4.024832e+06
  719.537771 4.082464e+06
  719.399052 4.130144e+06
  719.260333 4.167608e+06
  719.121613 4.194568e+06
  718.982894 4.210712e+06
  718.844174 4.215720e+06
  718.705455 4.209272e+06
  718.566735 4.191016e+06
  718.428016 4.160680e+06
  718.289296 4.117936e+06
  718.150577 4.062536e+06
  718.011858 3.994256e+06
  717.873138 3.912904e+06
  717.734419 3.818376e+06
  717.595699 3.710592e+06
  717.456980 3.589552e+06
  717.318260 3.455336e+06
  717.179541 3.308064e+06
  717.040821 3.148008e+06
  716.902102 2.975416e+06
  716.763383 2.790736e+06
  716.624663 2.594440e+06
  716.485944 2.387104e+06
  716.347224 2.169392e+06
  716.208505 1.942088e+06
  716.069785 1.706024e+06
  715.931066 1.462136e+06
  715.792346 1.211440e+06
  715.653627 9.550640e+05
  715.514908 6.941920e+05
  715.376188 4.300480e+05
  715.237469 1.639520e+05
  715.098749 -1.027360e+05
  714.960030 -3.685920e+05
  714.821310 -6.321920e+05
  714.682591 -8.920800e+05
  714.543871 -1.146784e+06
  714.405152 -1.394856e+06
  714.266432 -1.634880e+06
  714.127713 -1.865472e+06
  713.988994 -2.085304e+06
  713.850274 -2.293120e+06
  713.711555 -2.487760e+06
  713.572835 -2.668168e+06
  713.434116 -2.833408e+06
  713.295396 -2.982672e+06
  713.156677 -3.115296e+06
  713.017957 -3.230760e+06
  712.879238 -3.328712e+06
  712.740519 -3.408960e+06
  712.601799 -3.471488e+06
  712.463080 -3.516424e+06
  712.324360 -3.544064e+06
  712.185641 -3.554848e+06
  712.046921 -3.549392e+06
  711.908202 -3.528416e+06
  711.769482 -3.492776e+06
  711.630763 -3.443440e+06
  711.492044 -3.381440e+06
  711.353324 -3.307880e+06
  711.214605 -3.223952e+06
  711.075885 -3.130848e+06
  710.937166 -3.029768e+06
  710.798446 -2.921928e+06
  710.659727 -2.808512e+06
  710.521007 -2.690696e+06
  710.382288 -2.569536e+06
  710.243569 -2.446120e+06
  710.104849 -2.321400e+06
  709.966130 -2.196312e+06
  709.827410 -2.071656e+06
  709.688691 -1.948232e+06
  709.549971 -1.826712e+06
  709.411252 -1.707720e+06
  709.272532 -1.591824e+06
  709.133813 -1.479528e+06
  708.995093 -1.371280e+06
  708.856374 -1.267496e+06
  708.717655 -1.168552e+06
  708.578935 -1.074792e+06
  708.440216 -9.864960e+05
  708.301496 -9.039680e+05
  708.162777 -8.274480e+05
  708.024057 -7.571760e+05
  707.885338 -6.933440e+05
  707.746618 -6.361360e+05
  707.607899 -5.856880e+05
  707.469180 -5.421280e+05
  707.330460 -5.055280e+05
  707.191741 -4.759360e+05
  707.053021 -4.534080e+05
  706.914302 -4.379040e+05
  706.775582 -4.293760e+05
  706.636863 -4.277840e+05
  706.498143 -4.330160e+05
  706.359424 -4.449200e+05
  706.220705 -4.634000e+05
  706.081985 -4.882560e+05
  705.943266 -5.193440e+05
  705.804546 -5.564400e+05
  705.665827 -5.993920e+05
  705.527107 -6.479600e+05
  705.388388 -7.019600e+05
  705.249668 -7.611680e+05
  705.110949 -8.253520e+05
  704.972230 -8.943200e+05
  704.833510 -9.678000e+05
  704.694791 -1.045584e+06
  704.556071 -1.127368e+06
  704.417352 -1.212928e+06
  704.278632 -1.301928e+06
  704.139913 -1.394064e+06
  704.001193 -1.488952e+06
  703.862474 -1.586232e+06
  703.723755 -1.685432e+06
  703.585035 -1.786104e+06
  703.446316 -1.887712e+06
  703.307596 -1.989688e+06
  703.168877 -2.091432e+06
  703.030157 -2.192272e+06
  702.891438 -2.291520e+06
  702.752718 -2.388496e+06
  702.613999 -2.482432e+06
  702.475279 -2.572584e+06
  702.336560 -2.658256e+06
  702.197841 -2.738712e+06
  702.059121 -2.813280e+06
  701.920402 -2.881368e+06
  701.781682 -2.942368e+06
  701.642963 -2.995856e+06
  701.504243 -3.041440e+06
  701.365524 -3.078832e+06
  701.226804 -3.107888e+06
  701.088085 -3.128544e+06
  700.949366 -3.140896e+06
  700.810646 -3.145136e+06
  700.671927 -3.141600e+06
  700.533207 -3.130736e+06
  700.394488 -3.113120e+06
  700.255768 -3.089384e+06
  700.117049 -3.060280e+06
  699.978329 -3.026640e+06
  699.839610 -2.989352e+06
  699.700891 -2.949344e+06
  699.562171 -2.907544e+06
  699.423452 -2.864912e+06
  699.284732 -2.822416e+06
  699.146013 -2.780944e+06
  699.007293 -2.741360e+06
  698.868574 -2.704496e+06
  698.729854 -2.671080e+06
  698.591135 -2.641760e+06
  698.452416 -2.617104e+06
  698.313696 -2.597592e+06
  698.174977 -2.583616e+06
  698.036257 -2.575488e+06
  697.897538 -2.573392e+06
  697.758818 -2.577464e+06
  697.620099 -2.587744e+06
  697.481379 -2.604232e+06
  697.342660 -2.626856e+06
  697.203941 -2.655488e+06
  697.065221 -2.689960e+06
  696.926502 -2.730080e+06
  696.787782 -2.775608e+06
  696.649063 -2.826320e+06
  696.510343 -2.881904e+06
  696.371624 -2.942104e+06
  696.232904 -3.006592e+06
  696.094185 -3.075032e+06
  695.955465 -3.147104e+06
  695.816746 -3.222448e+06
  695.678027 -3.300632e+06
  695.539307 -3.381272e+06
  695.400588 -3.463912e+06
  695.261868 -3.548048e+06
  695.123149 -3.633216e+06
  694.984429 -3.718808e+06
  694.845710 -3.804248e+06
  694.706990 -3.888896e+06
  694.568271 -3.972048e+06
  694.429552 -4.052976e+06
  694.290832 -4.130896e+06
  694.152113 -4.205000e+06
  694.013393 -4.274368e+06
  693.874674 -4.338104e+06
  693.735954 -4.395216e+06
  693.597235 -4.444688e+06
  693.458515 -4.485504e+06
  693.319796 -4.516544e+06
  693.181077 -4.536712e+06
  693.042357 -4.544888e+06
  692.903638 -4.539952e+06
  692.764918 -4.520776e+06
  692.626199 -4.486280e+06
  692.487479 -4.435384e+06
  692.348760 -4.367120e+06
  692.210040 -4.280544e+06
  692.071321 -4.174840e+06
  691.932602 -4.049296e+06
  691.793882 -3.903312e+06
  691.655163 -3.736456e+06
  691.516443 -3.548464e+06
  691.377724 -3.339224e+06
  691.239004 -3.108816e+06
  691.100285 -2.857504e+06
  690.961565 -2.585768e+06
  690.822846 -2.294256e+06
  690.684126 -1.983776e+06
  690.545407 -1.655368e+06
  690.406688 -1.310200e+06
  690.267968 -9.495680e+05
  690.129249 -5.749520e+05
  689.990529 -1.878880e+05
  689.851810 2.099280e+05
  689.713090 6.168000e+05
  689.574371 1.030936e+06
  689.435651 1.450504e+06
  689.296932 1.873672e+06
  689.158213 2.298568e+06
  689.019493 2.723352e+06
  688.880774 3.146216e+06
  688.742054 3.565320e+06
  688.603335 3.978888e+06
  688.464615 4.385192e+06
  688.325896 4.782496e+06
  688.187176 5.169112e+06
  688.048457 5.543416e+06
  687.909738 5.903776e+06
  687.771018 6.248616e+06
  687.632299 6.576376e+06
  687.493579 6.885560e+06
  687.354860 7.174728e+06
  687.216140 7.442424e+06
  687.077421 7.687304e+06
  686.938701 7.908088e+06
  686.799982 8.103552e+06
  686.661263 8.272608e+06
  686.522543 8.414208e+06
  686.383824 8.527496e+06
  686.245104 8.611704e+06
  686.106385 8.666264e+06
  685.967665 8.690720e+06
  685.828946 8.684872e+06
  685.690226 8.648656e+06
  685.551507 8.582248e+06
  685.412788 8.486008e+06
  685.274068 8.360504e+06
  685.135349 8.206560e+06
  684.996629 8.025176e+06
  684.857910 7.817560e+06
  684.719190 7.585120e+06
  684.580471 7.329416e+06
  684.441751 7.052208e+06
  684.303032 6.755360e+06
  684.164312 6.440856e+06
  684.025593 6.110744e+06
  683.886874 5.767192e+06
  683.748154 5.412360e+06
  683.609435 5.048392e+06
  683.470715 4.677472e+06
  683.331996 4.301704e+06
  683.193276 3.923128e+06
  683.054557 3.543752e+06
  682.915837 3.165432e+06
  682.777118 2.789960e+06
  682.638399 2.419040e+06
  682.499679 2.054224e+06
  682.360960 1.697000e+06
  682.222240 1.348720e+06
  682.083521 1.010648e+06
  681.944801 6.839760e+05
  681.806082 3.697680e+05
  681.667362 6.901600e+04
  681.528643 -2.173200e+05
  681.389924 -4.884240e+05
  681.251204 -7.435120e+05
  681.112485 -9.818880e+05
  680.973765 -1.202904e+06
  680.835046 -1.405992e+06
  680.696326 -1.590696e+06
  680.557607 -1.756624e+06
  680.418887 -1.903456e+06
  680.280168 -2.030976e+06
  680.141449 -2.139072e+06
  680.002729 -2.227728e+06
  679.864010 -2.297040e+06
  679.725290 -2.347184e+06
  679.586571 -2.378472e+06
  679.447851 -2.391288e+06
  679.309132 -2.386152e+06
  679.170412 -2.363632e+06
  679.031693 -2.324408e+06
  678.892974 -2.269192e+06
  678.754254 -2.198816e+06
  678.615535 -2.114120e+06
  678.476815 -2.015968e+06
  678.338096 -1.905320e+06
  678.199376 -1.783032e+06
  678.060657 -1.650080e+06
  677.921937 -1.507320e+06
  677.783218 -1.355656e+06
  677.644498 -1.195920e+06
  677.505779 -1.028960e+06
  677.367060 -8.554720e+05
  677.228340 -6.762240e+05
  677.089621 -4.918560e+05
  676.950901 -3.029840e+05
  676.812182 -1.101760e+05
  676.673462 8.606400e+04
  676.534743 2.853040e+05
  676.396023 4.871360e+05
  676.257304 6.912080e+05
  676.118585 8.972160e+05
  675.979865 1.104896e+06
  675.841146 1.314048e+06
  675.702426 1.524488e+06
  675.563707 1.736064e+06
  675.424987 1.948688e+06
  675.286268 2.162240e+06
  675.147548 2.376720e+06
  675.008829 2.592096e+06
  674.870110 2.808320e+06
  674.731390 3.025440e+06
  674.592671 3.243448e+06
  674.453951 3.462392e+06
  674.315232 3.682272e+06
  674.176512 3.903160e+06
  674.037793 4.125080e+06
  673.899073 4.348064e+06
  673.760354 4.572136e+06
  673.621635 4.797336e+06
  673.482915 5.023672e+06
  673.344196 5.251160e+06
  673.205476 5.479768e+06
  673.066757 5.709488e+06
  672.928037 5.940304e+06
  672.789318 6.172120e+06
  672.650598 6.404896e+06
  672.511879 6.638536e+06
  672.373159 6.872912e+06
  672.234440 7.107888e+06
  672.095721 7.343328e+06
  671.957001 7.579024e+06
  671.818282 7.814760e+06
  671.679562 8.050312e+06
  671.540843 8.285408e+06
  671.402123 8.519776e+06
  671.263404 8.753056e+06
  671.124684 8.984920e+06
  670.985965 9.214944e+06
  670.847246 9.442736e+06
  670.708526 9.667840e+06
  670.569807 9.889752e+06
  670.431087 1.010798e+07
  670.292368 1.032198e+07
  670.153648 1.053117e+07
  670.014929 1.073494e+07
  669.876209 1.093274e+07
  669.737490 1.112394e+07
  669.598771 1.130788e+07
  669.460051 1.148398e+07
  669.321332 1.165161e+07
  669.182612 1.181017e+07
  669.043893 1.195907e+07
  668.905173 1.209775e+07
  668.766454 1.222566e+07
  668.627734 1.234227e+07
  668.489015 1.244711e+07
  668.350296 1.253972e+07
  668.211576 1.261964e+07
  668.072857 1.268649e+07
  667.934137 1.273987e+07
  667.795418 1.277948e+07
  667.656698 1.280499e+07
  667.517979 1.281610e+07
  667.379259 1.281261e+07
  667.240540 1.279430e+07
  667.101821 1.276102e+07
  666.963101 1.271262e+07
  666.824382 1.264905e+07
  666.685662 1.257026e+07
  666.546943 1.247630e+07
  666.408223 1.236723e+07
  666.269504 1.224320e+07
  666.130784 1.210439e+07
  665.992065 1.195102e+07
  665.853345 1.178343e+07
  665.714626 1.160194e+07
  665.575907 1.140698e+07
  665.437187 1.119896e+07
  665.298468 1.097842e+07
  665.159748 1.074588e+07
  665.021029 1.050190e+07
  664.882309 1.024707e+07
  664.743590 9.982016e+06
  664.604870 9.707384e+06
  664.466151 9.423808e+06
  664.327432 9.131976e+06
  664.188712 8.832544e+06
  664.049993 8.526208e+06
  663.911273 8.213640e+06
  663.772554 7.895512e+06
  663.633834 7.572528e+06
  663.495115 7.245384e+06
  663.356395 6.914784e+06
  663.217676 6.581400e+06
  663.078957 6.245976e+06
  662.940237 5.909200e+06
  662.801518 5.571776e+06
  662.662798 5.234456e+06
  662.524079 4.897952e+06
  662.385359 4.562960e+06
  662.246640 4.230240e+06
  662.107920 3.900488e+06
  661.969201 3.574408e+06
  661.830482 3.252696e+06
  661.691762 2.936016e+06
  661.553043 2.625080e+06
  661.414323 2.320488e+06
  661.275604 2.022888e+06
  661.136884 1.732904e+06
  660.998165 1.451128e+06
  660.859445 1.178184e+06
  660.720726 9.146880e+05
  660.582007 6.612080e+05
  660.443287 4.184160e+05
  660.304568 1.869440e+05
  660.165848 -3.252800e+04
  660.027129 -2.393040e+05
  659.888409 -4.326240e+05
  659.749690 -6.117360e+05
  659.610970 -7.758000e+05
  659.472251 -9.240080e+05
  659.333531 -1.055496e+06
  659.194812 -1.169424e+06
  659.056093 -1.264936e+06
  658.917373 -1.341224e+06
  658.778654 -1.397528e+06
  658.639934 -1.433152e+06
  658.501215 -1.447488e+06
  658.362495 -1.440024e+06
  658.223776 -1.410424e+06
  658.085056 -1.358448e+06
  657.946337 -1.284040e+06
  657.807618 -1.187344e+06
  657.668898 -1.068648e+06
  657.530179 -9.284720e+05
  657.391459 -7.674800e+05
  657.252740 -5.865920e+05
  657.114020 -3.868560e+05
  656.975301 -1.695360e+05
  656.836581 6.394400e+04
  656.697862 3.120240e+05
  656.559143 5.730000e+05
  656.420423 8.450080e+05
  656.281704 1.126152e+06
  656.142984 1.414416e+06
  656.004265 1.707696e+06
  655.865545 2.003904e+06
  655.726826 2.300872e+06
  655.588106 2.596424e+06
  655.449387 2.888432e+06
  655.310668 3.174768e+06
  655.171948 3.453304e+06
  655.033229 3.722008e+06
  654.894509 3.978888e+06
  654.755790 4.222024e+06
  654.617070 4.449584e+06
  654.478351 4.659816e+06
  654.339631 4.851072e+06
  654.200912 5.021840e+06
  654.062192 5.170704e+06
  653.923473 5.296392e+06
  653.784754 5.397776e+06
  653.646034 5.473872e+06
  653.507315 5.523872e+06
  653.368595 5.547144e+06
  653.229876 5.543232e+06
  653.091156 5.511880e+06
  652.952437 5.453032e+06
  652.813717 5.366840e+06
  652.674998 5.253696e+06
  652.536279 5.114152e+06
  652.397559 4.949032e+06
  652.258840 4.759368e+06
  652.120120 4.546376e+06
  651.981401 4.311488e+06
  651.842681 4.056344e+06
  651.703962 3.782720e+06
  651.565242 3.492584e+06
  651.426523 3.188000e+06
  651.287804 2.871168e+06
  651.149084 2.544360e+06
  651.010365 2.209904e+06
  650.871645 1.870112e+06
  650.732926 1.527352e+06
  650.594206 1.183848e+06
  650.455487 8.418880e+05
  650.316767 5.035520e+05
  650.178048 1.708320e+05
  650.039329 -1.544000e+05
  649.900609 -4.704880e+05
  649.761890 -7.758960e+05
  649.623170 -1.069304e+06
  649.484451 -1.349576e+06
  649.345731 -1.615784e+06
  649.207012 -1.867176e+06
  649.068292 -2.103184e+06
  648.929573 -2.323464e+06
  648.790854 -2.527792e+06
  648.652134 -2.716160e+06
  648.513415 -2.888680e+06
  648.374695 -3.045624e+06
  648.235976 -3.187400e+06
  648.097256 -3.314536e+06
  647.958537 -3.427696e+06
  647.819817 -3.527616e+06
  647.681098 -3.615136e+06
  647.542378 -3.691176e+06
  647.403659 -3.756744e+06
  647.264940 -3.812888e+06
  647.126220 -3.860704e+06
  646.987501 -3.901304e+06
  646.848781 -3.935848e+06
  646.710062 -3.965488e+06
  646.571342 -3.991328e+06
  646.432623 -4.014496e+06
  646.293903 -4.036024e+06
  646.155184 -4.056936e+06
  646.016465 -4.078112e+06
  645.877745 -4.100432e+06
  645.739026 -4.124624e+06
  645.600306 -4.151304e+06
  645.461587 -4.181080e+06
  645.322867 -4.214312e+06
  645.184148 -4.251384e+06
  645.045428 -4.292488e+06
  644.906709 -4.337752e+06
  644.767990 -4.387224e+06
  644.629270 -4.440872e+06
  644.490551 -4.498552e+06
  644.351831 -4.560112e+06
  644.213112 -4.625304e+06
  644.074392 -4.693880e+06
  643.935673 -4.765536e+06
  643.796953 -4.839976e+06
  643.658234 -4.916840e+06
  643.519515 -4.995840e+06
  643.380795 -5.076624e+06
  643.242076 -5.158888e+06
  643.103356 -5.242304e+06
  642.964637 -5.326616e+06
  642.825917 -5.411488e+06
  642.687198 -5.496696e+06
  642.548478 -5.581992e+06
  642.409759 -5.667128e+06
  642.271039 -5.751896e+06
  642.132320 -5.836096e+06
  641.993601 -5.919552e+06
  641.854881 -6.002088e+06
  641.716162 -6.083544e+06
  641.577442 -6.163776e+06
  641.438723 -6.242664e+06
  641.300003 -6.320088e+06
  641.161284 -6.395920e+06
  641.022564 -6.470080e+06
  640.883845 -6.542504e+06
  640.745126 -6.613064e+06
  640.606406 -6.681736e+06
  640.467687 -6.748464e+06
  640.328967 -6.813184e+06
  640.190248 -6.875880e+06
  640.051528 -6.936528e+06
  639.912809 -6.995104e+06
  639.774089 -7.051584e+06
  639.635370 -7.106016e+06
  639.496651 -7.158384e+06
  639.357931 -7.208664e+06
  639.219212 -7.256904e+06
  639.080492 -7.303072e+06
  638.941773 -7.347192e+06
  638.803053 -7.389256e+06
  638.664334 -7.429200e+06
  638.525614 -7.467008e+06
  638.386895 -7.502632e+06
  638.248176 -7.535984e+06
  638.109456 -7.566992e+06
  637.970737 -7.595552e+06
  637.832017 -7.621536e+06
  637.693298 -7.644824e+06
  637.554578 -7.665312e+06
  637.415859 -7.682856e+06
  637.277139 -7.697328e+06
  637.138420 -7.708600e+06
  636.999701 -7.716592e+06
  636.860981 -7.721160e+06
  636.722262 -7.722264e+06
  636.583542 -7.719792e+06
  636.444823 -7.713720e+06
  636.306103 -7.703984e+06
  636.167384 -7.690552e+06
  636.028664 -7.673408e+06
  635.889945 -7.652536e+06
  635.751225 -7.627920e+06
  635.612506 -7.599544e+06
  635.473787 -7.567416e+06
  635.335067 -7.531520e+06
  635.196348 -7.491832e+06
  635.057628 -7.448352e+06
  634.918909 -7.401048e+06
  634.780189 -7.349888e+06
  634.641470 -7.294856e+06
  634.502750 -7.235896e+06
  634.364031 -7.172984e+06
  634.225312 -7.106080e+06
  634.086592 -7.035120e+06
  633.947873 -6.960048e+06
  633.809153 -6.880832e+06
  633.670434 -6.797368e+06
  633.531714 -6.709632e+06
  633.392995 -6.617528e+06
  633.254275 -6.520960e+06
  633.115556 -6.419864e+06
  632.976837 -6.314152e+06
  632.838117 -6.203720e+06
  632.699398 -6.088512e+06
  632.560678 -5.968456e+06
  632.421959 -5.843488e+06
  632.283239 -5.713608e+06
  632.144520 -5.578784e+06
  632.005800 -5.439080e+06
  631.867081 -5.294584e+06
  631.728362 -5.145416e+06
  631.589642 -4.991736e+06
  631.450923 -4.833840e+06
  631.312203 -4.671992e+06
  631.173484 -4.506552e+06
  631.034764 -4.337928e+06
  630.896045 -4.166592e+06
  630.757325 -3.993016e+06
  630.618606 -3.817744e+06
  630.479887 -3.641336e+06
  630.341167 -3.464320e+06
  630.202448 -3.287296e+06
  630.063728 -3.110776e+06
  629.925009 -2.935264e+06
  629.786289 -2.761240e+06
  629.647570 -2.589088e+06
  629.508850 -2.419216e+06
  629.370131 -2.251848e+06
  629.231411 -2.087216e+06
  629.092692 -1.925432e+06
  628.953973 -1.766528e+06
  628.815253 -1.610472e+06
  628.676534 -1.457120e+06
  628.537814 -1.306280e+06
  628.399095 -1.157696e+06
  628.260375 -1.011048e+06
  628.121656 -8.659520e+05
  627.982936 -7.220240e+05
  627.844217 -5.788400e+05
  627.705498 -4.359920e+05
  627.566778 -2.930400e+05
  627.428059 -1.496000e+05
  627.289339 -5.296000e+03
  627.150620 1.401600e+05
  627.011900 2.870640e+05
  626.873181 4.356240e+05
  626.734461 5.859840e+05
  626.595742 7.382400e+05
  626.457023 8.924000e+05
  626.318303 1.048448e+06
  626.179584 1.206312e+06
  626.040864 1.365872e+06
  625.902145 1.526968e+06
  625.763425 1.689456e+06
  625.624706 1.853144e+06
  625.485986 2.017912e+06
  625.347267 2.183600e+06
  625.208548 2.350128e+06
  625.069828 2.517448e+06
  624.931109 2.685544e+06
  624.792389 2.854488e+06
  624.653670 3.024392e+06
  624.514950 3.195448e+06
  624.376231 3.367896e+06
  624.237511 3.542016e+06
  624.098792 3.718128e+06
  623.960072 3.896608e+06
  623.821353 4.077792e+06
  623.682634 4.262056e+06
  623.543914 4.449752e+06
  623.405195 4.641152e+06
  623.266475 4.836536e+06
  623.127756 5.036064e+06
  622.989036 5.239824e+06
  622.850317 5.447840e+06
  622.711597 5.659992e+06
  622.572878 5.876072e+06
  622.434159 6.095744e+06
  622.295439 6.318584e+06
  622.156720 6.544040e+06
  622.018000 6.771472e+06
  621.879281 7.000136e+06
  621.740561 7.229240e+06
  621.601842 7.457896e+06
  621.463122 7.685176e+06
  621.324403 7.910176e+06
  621.185684 8.131888e+06
  621.046964 8.349424e+06
  620.908245 8.561848e+06
  620.769525 8.768280e+06
  620.630806 8.967936e+06
  620.492086 9.160064e+06
  620.353367 9.344016e+06
  620.214647 9.519248e+06
  620.075928 9.685264e+06
  619.937209 9.841696e+06
  619.798489 9.988280e+06
  619.659770 1.012481e+07
  619.521050 1.025117e+07
  619.382331 1.036735e+07
  619.243611 1.047335e+07
  619.104892 1.056930e+07
  618.966172 1.065530e+07
  618.827453 1.073158e+07
  618.688734 1.079830e+07
  618.550014 1.085572e+07
  618.411295 1.090409e+07
  618.272575 1.094369e+07
  618.133856 1.097482e+07
  617.995136 1.099778e+07
  617.856417 1.101291e+07
  617.717697 1.102054e+07
  617.578978 1.102103e+07
  617.440258 1.101482e+07
  617.301539 1.100230e+07
  617.162820 1.098394e+07
  617.024100 1.096025e+07
  616.885381 1.093178e+07
  616.746661 1.089913e+07
  616.607942 1.086291e+07
  616.469222 1.082380e+07
  616.330503 1.078253e+07
  616.191783 1.073984e+07
  616.053064 1.069647e+07
  615.914345 1.065323e+07
  615.775625 1.061090e+07
  615.636906 1.057026e+07
  615.498186 1.053204e+07
  615.359467 1.049697e+07
  615.220747 1.046565e+07
  615.082028 1.043869e+07
  614.943308 1.041654e+07
  614.804589 1.039954e+07
  614.665870 1.038792e+07
  614.527150 1.038178e+07
  614.388431 1.038102e+07
  614.249711 1.038541e+07
  614.110992 1.039454e+07
  613.972272 1.040783e+07
  613.833553 1.042452e+07
  613.694833 1.044369e+07
  613.556114 1.046423e+07
  613.417395 1.048496e+07
  613.278675 1.050446e+07
  613.139956 1.052131e+07
  613.001236 1.053391e+07
  612.862517 1.054066e+07
  612.723797 1.053989e+07
  612.585078 1.052990e+07
  612.446358 1.050908e+07
  612.307639 1.047582e+07
  612.168920 1.042854e+07
  612.030200 1.036588e+07
  611.891481 1.028651e+07
  611.752761 1.018934e+07
  611.614042 1.007337e+07
  611.475322 9.937840e+06
  611.336603 9.782200e+06
  611.197883 9.606096e+06
  611.059164 9.409400e+06
  610.920444 9.192176e+06
  610.781725 8.954760e+06
  610.643006 8.697616e+06
  610.504286 8.421464e+06
  610.365567 8.127128e+06
  610.226847 7.815672e+06
  610.088128 7.488216e+06
  609.949408 7.146032e+06
  609.810689 6.790456e+06
  609.671969 6.422912e+06
  609.533250 6.044856e+06
  609.394531 5.657760e+06
  609.255811 5.263128e+06
  609.117092 4.862408e+06
  608.978372 4.457064e+06
  608.839653 4.048488e+06
  608.700933 3.638016e+06
  608.562214 3.226968e+06
  608.423494 2.816584e+06
  608.284775 2.408040e+06
  608.146056 2.002464e+06
  608.007336 1.600896e+06
  607.868617 1.204384e+06
  607.729897 8.138720e+05
  607.591178 4.302880e+05
  607.452458 5.450400e+04
  607.313739 -3.126400e+05
  607.175019 -6.703200e+05
  607.036300 -1.017752e+06
  606.897581 -1.354152e+06
  606.758861 -1.678816e+06
  606.620142 -1.990992e+06
  606.481422 -2.289984e+06
  606.342703 -2.575112e+06
  606.203983 -2.845728e+06
  606.065264 -3.101168e+06
  605.926544 -3.340856e+06
  605.787825 -3.564208e+06
  605.649105 -3.770656e+06
  605.510386 -3.959720e+06
  605.371667 -4.130896e+06
  605.232947 -4.283792e+06
  605.094228 -4.418008e+06
  604.955508 -4.533232e+06
  604.816789 -4.629176e+06
  604.678069 -4.705616e+06
  604.539350 -4.762392e+06
  604.400630 -4.799424e+06
  604.261911 -4.816680e+06
  604.123192 -4.814200e+06
  603.984472 -4.792056e+06
  603.845753 -4.750424e+06
  603.707033 -4.689512e+06
  603.568314 -4.609608e+06
  603.429594 -4.511008e+06
  603.290875 -4.394080e+06
  603.152155 -4.259184e+06
  603.013436 -4.106736e+06
  602.874717 -3.937168e+06
  602.735997 -3.750864e+06
  602.597278 -3.548208e+06
  602.458558 -3.329568e+06
  602.319839 -3.095304e+06
  602.181119 -2.845672e+06
  602.042400 -2.580952e+06
  601.903680 -2.301328e+06
  601.764961 -2.006936e+06
  601.626242 -1.697912e+06
  601.487522 -1.374312e+06
  601.348803 -1.036152e+06
  601.210083 -6.834560e+05
  601.071364 -3.162080e+05
  600.932644 6.560000e+04
  600.793925 4.619760e+05
  600.655205 8.728880e+05
  600.516486 1.298288e+06
  600.377767 1.738056e+06
  600.239047 2.192008e+06
  600.100328 2.659936e+06
  599.961608 3.141488e+06
  599.822889 3.636272e+06
  599.684169 4.143824e+06
  599.545450 4.663552e+06
  599.406730 5.194784e+06
  599.268011 5.736784e+06
  599.129291 6.288736e+06
  598.990572 6.849744e+06
  598.851853 7.418856e+06
  598.713133 7.995096e+06
  598.574414 8.577424e+06
  598.435694 9.164808e+06
  598.296975 9.756184e+06
  598.158255 1.035054e+07
  598.019536 1.094683e+07
  597.880816 1.154406e+07
  597.742097 1.214131e+07
  597.603378 1.273765e+07
  597.464658 1.333221e+07
  597.325939 1.392421e+07
  597.187219 1.451286e+07
  597.048500 1.509746e+07
  596.909780 1.567734e+07
  596.771061 1.625183e+07
  596.632341 1.682032e+07
  596.493622 1.738215e+07
  596.354903 1.793674e+07
  596.216183 1.848342e+07
  596.077464 1.902151e+07
  595.938744 1.955032e+07
  595.800025 2.006906e+07
  595.661305 2.057694e+07
  595.522586 2.107310e+07
  595.383866 2.155657e+07
  595.245147 2.202638e+07
  595.106428 2.248148e+07
  594.967708 2.292078e+07
  594.828989 2.334315e+07
  594.690269 2.374746e+07
  594.551550 2.413256e+07
  594.412830 2.449729e+07
  594.274111 2.484058e+07
  594.135391 2.516140e+07
  593.996672 2.545876e+07
  593.857953 2.573184e+07
  593.719233 2.597987e+07
  593.580514 2.620225e+07
  593.441794 2.639853e+07
  593.303075 2.656841e+07
  593.164355 2.671173e+07
  593.025636 2.682853e+07
  592.886916 2.691900e+07
  592.748197 2.698347e+07
  592.609477 2.702246e+07
  592.470758 2.703659e+07
  592.332039 2.702659e+07
  592.193319 2.699337e+07
  592.054600 2.693785e+07
  591.915880 2.686107e+07
  591.777161 2.676413e+07
  591.638441 2.664816e+07
  591.499722 2.651434e+07
  591.361002 2.636385e+07
  591.222283 2.619790e+07
  591.083564 2.601765e+07
  590.944844 2.582432e+07
  590.806125 2.561906e+07
  590.667405 2.540303e+07
  590.528686 2.517734e+07
  590.389966 2.494306e+07
  590.251247 2.470126e+07
  590.112527 2.445294e+07
  589.973808 2.419907e+07
  589.835089 2.394058e+07
  589.696369 2.367836e+07
  589.557650 2.341325e+07
  589.418930 2.314603e+07
  589.280211 2.287748e+07
  589.141491 2.260828e+07
  589.002772 2.233909e+07
  588.864052 2.207054e+07
  588.725333 2.180322e+07
  588.586614 2.153766e+07
  588.447894 2.127440e+07
  588.309175 2.101392e+07
  588.170455 2.075669e+07
  588.031736 2.050316e+07
  587.893016 2.025377e+07
  587.754297 2.000894e+07
  587.615577 1.976911e+07
  587.476858 1.953467e+07
  587.338138 1.930606e+07
  587.199419 1.908366e+07
  587.060700 1.886788e+07
  586.921980 1.865912e+07
  586.783261 1.845778e+07
  586.644541 1.826418e+07
  586.505822 1.807870e+07
  586.367102 1.790161e+07
  586.228383 1.773321e+07
  586.089663 1.757368e+07
  585.950944 1.742315e+07
  585.812225 1.728171e+07
  585.673505 1.714934e+07
  585.534786 1.702589e+07
  585.396066 1.691116e+07
  585.257347 1.680478e+07
  585.118627 1.670627e+07
  584.979908 1.661509e+07
  584.841188 1.653045e+07
  584.702469 1.645155e+07
  584.563750 1.637744e+07
  584.425030 1.630705e+07
  584.286311 1.623922e+07
  584.147591 1.617271e+07
  584.008872 1.610626e+07
  583.870152 1.603852e+07
  583.731433 1.596812e+07
  583.592713 1.589372e+07
  583.453994 1.581398e+07
  583.315275 1.572758e+07
  583.176555 1.563328e+07
  583.037836 1.552991e+07
  582.899116 1.541637e+07
  582.760397 1.529166e+07
  582.621677 1.515486e+07
  582.482958 1.500520e+07
  582.344238 1.484202e+07
  582.205519 1.466478e+07
  582.066800 1.447306e+07
  581.928080 1.426658e+07
  581.789361 1.404522e+07
  581.650641 1.380900e+07
  581.511922 1.355806e+07
  581.373202 1.329267e+07
  581.234483 1.301334e+07
  581.095763 1.272062e+07
  580.957044 1.241530e+07
  580.818324 1.209828e+07
  580.679605 1.177062e+07
  580.540886 1.143351e+07
  580.402166 1.108831e+07
  580.263447 1.073647e+07
  580.124727 1.037957e+07
  579.986008 1.001924e+07
  579.847288 9.657264e+06
  579.708569 9.295432e+06
  579.569849 8.935568e+06
  579.431130 8.579520e+06
  579.292411 8.229120e+06
  579.153691 7.886160e+06
  579.014972 7.552368e+06
  578.876252 7.229376e+06
  578.737533 6.918768e+06
  578.598813 6.621896e+06
  578.460094 6.340072e+06
  578.321374 6.074392e+06
  578.182655 5.825792e+06
  578.043936 5.595008e+06
  577.905216 5.382616e+06
  577.766497 5.188976e+06
  577.627777 5.014224e+06
  577.489058 4.858360e+06
  577.350338 4.721120e+06
  577.211619 4.602072e+06
  577.072899 4.500608e+06
  576.934180 4.415960e+06
  576.795461 4.347152e+06
  576.656741 4.293112e+06
  576.518022 4.252592e+06
  576.379302 4.224264e+06
  576.240583 4.206688e+06
  576.101863 4.198344e+06
  575.963144 4.197664e+06
  575.824424 4.203048e+06
  575.685705 4.212888e+06
  575.546986 4.225552e+06
  575.408266 4.239448e+06
  575.269547 4.253056e+06
  575.130827 4.264904e+06
  574.992108 4.273568e+06
  574.853388 4.277768e+06
  574.714669 4.276320e+06
  574.575949 4.268128e+06
  574.437230 4.252280e+06
  574.298510 4.227968e+06
  574.159791 4.194528e+06
  574.021072 4.151480e+06
  573.882352 4.098448e+06
  573.743633 4.035224e+06
  573.604913 3.961736e+06
  573.466194 3.878032e+06
  573.327474 3.784320e+06
  573.188755 3.680904e+06
  573.050035 3.568184e+06
  572.911316 3.446696e+06
  572.772597 3.316968e+06
  572.633877 3.179680e+06
  572.495158 3.035512e+06
  572.356438 2.885144e+06
  572.217719 2.729352e+06
  572.078999 2.568824e+06
  571.940280 2.404288e+06
  571.801560 2.236384e+06
  571.662841 2.065792e+06
  571.524122 1.893048e+06
  571.385402 1.718680e+06
  571.246683 1.543160e+06
  571.107963 1.366816e+06
  570.969244 1.189976e+06
  570.830524 1.012832e+06
  570.691805 8.355680e+05
  570.553085 6.582160e+05
  570.414366 4.807680e+05
  570.275647 3.032080e+05
  570.136927 1.253520e+05
  569.998208 -5.291200e+04
  569.859488 -2.318640e+05
  569.720769 -4.117040e+05
  569.582049 -5.927120e+05
  569.443330 -7.751600e+05
  569.304610 -9.593520e+05
  569.165891 -1.145552e+06
  569.027171 -1.334040e+06
  568.888452 -1.525024e+06
  568.749733 -1.718776e+06
  568.611013 -1.915448e+06
  568.472294 -2.115200e+06
  568.333574 -2.318144e+06
  568.194855 -2.524352e+06
  568.056135 -2.733888e+06
  567.917416 -2.946736e+06
  567.778696 -3.162864e+06
  567.639977 -3.382256e+06
  567.501258 -3.604848e+06
  567.362538 -3.830544e+06
  567.223819 -4.059272e+06
  567.085099 -4.290976e+06
  566.946380 -4.525568e+06
  566.807660 -4.763008e+06
  566.668941 -5.003216e+06
  566.530221 -5.246176e+06
  566.391502 -5.491848e+06
  566.252783 -5.740224e+06
  566.114063 -5.991248e+06
  565.975344 -6.244904e+06
  565.836624 -6.501096e+06
  565.697905 -6.759752e+06
  565.559185 -7.020696e+06
  565.420466 -7.283712e+06
  565.281746 -7.548512e+06
  565.143027 -7.814728e+06
  565.004308 -8.081872e+06
  564.865588 -8.349360e+06
  564.726869 -8.616536e+06
  564.588149 -8.882616e+06
  564.449430 -9.146696e+06
  564.310710 -9.407808e+06
  564.171991 -9.664896e+06
  564.033271 -9.916848e+06
  563.894552 -1.016246e+07
  563.755833 -1.040054e+07
  563.617113 -1.062986e+07
  563.478394 -1.084924e+07
  563.339674 -1.105747e+07
  563.200955 -1.125344e+07
  563.062235 -1.143607e+07
  562.923516 -1.160442e+07
  562.784796 -1.175758e+07
  562.646077 -1.189482e+07
  562.507357 -1.201546e+07
  562.368638 -1.211904e+07
  562.229919 -1.220510e+07
  562.091199 -1.227345e+07
  561.952480 -1.232393e+07
  561.813760 -1.235650e+07
  561.675041 -1.237132e+07
  561.536321 -1.236858e+07
  561.397602 -1.234863e+07
  561.258882 -1.231186e+07
  561.120163 -1.225882e+07
  560.981444 -1.219010e+07
  560.842724 -1.210636e+07
  560.704005 -1.200838e+07
  560.565285 -1.189694e+07
  560.426566 -1.177297e+07
  560.287846 -1.163736e+07
  560.149127 -1.149114e+07
  560.010407 -1.133534e+07
  559.871688 -1.117105e+07
  559.732969 -1.099942e+07
  559.594249 -1.082159e+07
  559.455530 -1.063879e+07
  559.316810 -1.045228e+07
  559.178091 -1.026327e+07
  559.039371 -1.007306e+07
  558.900652 -9.882904e+06
  558.761932 -9.694104e+06
  558.623213 -9.507880e+06
  558.484494 -9.325504e+06
  558.345774 -9.148136e+06
  558.207055 -8.976944e+06
  558.068335 -8.813008e+06
  557.929616 -8.657360e+06
  557.790896 -8.510960e+06
  557.652177 -8.374624e+06
  557.513457 -8.249096e+06
  557.374738 -8.135008e+06
  557.236019 -8.032880e+06
  557.097299 -7.943056e+06
  556.958580 -7.865816e+06
  556.819860 -7.801240e+06
  556.681141 -7.749312e+06
  556.542421 -7.709872e+06
  556.403702 -7.682592e+06
  556.264982 -7.667096e+06
  556.126263 -7.662848e+06
  555.987543 -7.669200e+06
  555.848824 -7.685440e+06
  555.710105 -7.710768e+06
  555.571385 -7.744336e+06
  555.432666 -7.785232e+06
  555.293946 -7.832520e+06
  555.155227 -7.885248e+06
  555.016507 -7.942416e+06
  554.877788 -8.003064e+06
  554.739068 -8.066248e+06
  554.600349 -8.130992e+06
  554.461630 -8.196400e+06
  554.322910 -8.261544e+06
  554.184191 -8.325600e+06
  554.045471 -8.387704e+06
  553.906752 -8.447104e+06
  553.768032 -8.503048e+06
  553.629313 -8.554856e+06
  553.490593 -8.601928e+06
  553.351874 -8.643696e+06
  553.213155 -8.679688e+06
  553.074435 -8.709528e+06
  552.935716 -8.732904e+06
  552.796996 -8.749640e+06
  552.658277 -8.759608e+06
  552.519557 -8.762824e+06
  552.380838 -8.759384e+06
  552.242118 -8.749512e+06
  552.103399 -8.733456e+06
  551.964680 -8.711608e+06
  551.825960 -8.684424e+06
  551.687241 -8.652320e+06
  551.548521 -8.615848e+06
  551.409802 -8.575488e+06
  551.271082 -8.531712e+06
  551.132363 -8.484984e+06
  550.993643 -8.435640e+06
  550.854924 -8.383976e+06
  550.716204 -8.330168e+06
  550.577485 -8.274256e+06
  550.438766 -8.216144e+06
  550.300046 -8.155632e+06
  550.161327 -8.092320e+06
  550.022607 -8.025736e+06
  549.883888 -7.955216e+06
  549.745168 -7.879992e+06
  549.606449 -7.799208e+06
  549.467729 -7.711912e+06
  549.329010 -7.617112e+06
  549.190291 -7.513736e+06
  549.051571 -7.400752e+06
  548.912852 -7.277112e+06
  548.774132 -7.141832e+06
  548.635413 -6.994008e+06
  548.496693 -6.832792e+06
  548.357974 -6.657504e+06
  548.219254 -6.467552e+06
  548.080535 -6.262536e+06
  547.941816 -6.042184e+06
  547.803096 -5.806432e+06
  547.664377 -5.555336e+06
  547.525657 -5.289168e+06
  547.386938 -5.008344e+06
  547.248218 -4.713440e+06
  547.109499 -4.405208e+06
  546.970779 -4.084496e+06
  546.832060 -3.752296e+06
  546.693341 -3.409680e+06
  546.554621 -3.057824e+06
  546.415902 -2.697976e+06
  546.277182 -2.331376e+06
  546.138463 -1.959376e+06
  545.999743 -1.583256e+06
  545.861024 -1.204360e+06
  545.722304 -8.239840e+05
  545.583585 -4.434000e+05
  545.444866 -6.384000e+04
  545.306146 3.134720e+05
  545.167427 6.874080e+05
  545.028707 1.056864e+06
  544.889988 1.420800e+06
  544.751268 1.778216e+06
  544.612549 2.128184e+06
  544.473829 2.469840e+06
  544.335110 2.802328e+06
  544.196390 3.124920e+06
  544.057671 3.436888e+06
  543.918952 3.737608e+06
  543.780232 4.026488e+06
  543.641513 4.303008e+06
  543.502793 4.566712e+06
  543.364074 4.817224e+06
  543.225354 5.054216e+06
  543.086635 5.277456e+06
  542.947915 5.486768e+06
  542.809196 5.682016e+06
  542.670477 5.863176e+06
  542.531757 6.030272e+06
  542.393038 6.183336e+06
  542.254318 6.322536e+06
  542.115599 6.447992e+06
  541.976879 6.559912e+06
  541.838160 6.658512e+06
  541.699440 6.744048e+06
  541.560721 6.816760e+06
  541.422002 6.876920e+06
  541.283282 6.924800e+06
  541.144563 6.960664e+06
  541.005843 6.984768e+06
  540.867124 6.997424e+06
  540.728404 6.998856e+06
  540.589685 6.989352e+06
  540.450965 6.969208e+06
  540.312246 6.938656e+06
  540.173527 6.898008e+06
  540.034807 6.847528e+06
  539.896088 6.787536e+06
  539.757368 6.718320e+06
  539.618649 6.640224e+06
  539.479929 6.553544e+06
  539.341210 6.458648e+06
  539.202490 6.355872e+06
  539.063771 6.245568e+06
  538.925052 6.128088e+06
  538.786332 6.003792e+06
  538.647613 5.873024e+06
  538.508893 5.736160e+06
  538.370174 5.593504e+06
  538.231454 5.445408e+06
  538.092735 5.292144e+06
  537.954015 5.134032e+06
  537.815296 4.971296e+06
  537.676576 4.804176e+06
  537.537857 4.632840e+06
  537.399138 4.457512e+06
  537.260418 4.278272e+06
  537.121699 4.095248e+06
  536.982979 3.908480e+06
  536.844260 3.717984e+06
  536.705540 3.523808e+06
  536.566821 3.325936e+06
  536.428101 3.124320e+06
  536.289382 2.918952e+06
  536.150663 2.709792e+06
  536.011943 2.496856e+06
  535.873224 2.280136e+06
  535.734504 2.059680e+06
  535.595785 1.835616e+06
  535.457065 1.608064e+06
  535.318346 1.377264e+06
  535.179626 1.143488e+06
  535.040907 9.071520e+05
  534.902188 6.686880e+05
  534.763468 4.286480e+05
  534.624749 1.876640e+05
  534.486029 -5.353600e+04
  534.347310 -2.941760e+05
  534.208590 -5.333760e+05
  534.069871 -7.702480e+05
  533.931151 -1.003808e+06
  533.792432 -1.233088e+06
  533.653713 -1.457104e+06
  533.514993 -1.674880e+06
  533.376274 -1.885480e+06
  533.237554 -2.087976e+06
  533.098835 -2.281584e+06
  532.960115 -2.465536e+06
  532.821396 -2.639216e+06
  532.682676 -2.802112e+06
  532.543957 -2.953824e+06
  532.405237 -3.094120e+06
  532.266518 -3.222896e+06
  532.127799 -3.340224e+06
  531.989079 -3.446280e+06
  531.850360 -3.541432e+06
  531.711640 -3.626184e+06
  531.572921 -3.701168e+06
  531.434201 -3.767168e+06
  531.295482 -3.825096e+06
  531.156762 -3.875912e+06
  531.018043 -3.920744e+06
  530.879324 -3.960776e+06
  530.740604 -3.997240e+06
  530.601885 -4.031432e+06
  530.463165 -4.064720e+06
  530.324446 -4.098432e+06
  530.185726 -4.133952e+06
  530.047007 -4.172656e+06
  529.908287 -4.215888e+06
  529.769568 -4.264952e+06
  529.630849 -4.321152e+06
  529.492129 -4.385696e+06
  529.353410 -4.459760e+06
  529.214690 -4.544408e+06
  529.075971 -4.640664e+06
  528.937251 -4.749408e+06
  528.798532 -4.871464e+06
  528.659812 -5.007520e+06
  528.521093 -5.158136e+06
  528.382374 -5.323760e+06
  528.243654 -5.504720e+06
  528.104935 -5.701176e+06
  527.966215 -5.913136e+06
  527.827496 -6.140480e+06
  527.688776 -6.382968e+06
  527.550057 -6.640136e+06
  527.411337 -6.911392e+06
  527.272618 -7.196016e+06
  527.133899 -7.493128e+06
  526.995179 -7.801696e+06
  526.856460 -8.120536e+06
  526.717740 -8.448384e+06
  526.579021 -8.783808e+06
  526.440301 -9.125312e+06
  526.301582 -9.471248e+06
  526.162862 -9.819984e+06
  526.024143 -1.016977e+07
  525.885423 -1.051885e+07
  525.746704 -1.086544e+07
  525.607985 -1.120778e+07
  525.469265 -1.154414e+07
  525.330546 -1.187289e+07
  525.191826 -1.219240e+07
  525.053107 -1.250125e+07
  524.914387 -1.279810e+07
  524.775668 -1.308173e+07
  524.636948 -1.335115e+07
  524.498229 -1.360552e+07
  524.359510 -1.384416e+07
  524.220790 -1.406666e+07
  524.082071 -1.427276e+07
  523.943351 -1.446238e+07
  523.804632 -1.463567e+07
  523.665912 -1.479295e+07
  523.527193 -1.493469e+07
  523.388473 -1.506154e+07
  523.249754 -1.517423e+07
  523.111035 -1.527368e+07
  522.972315 -1.536084e+07
  522.833596 -1.543674e+07
  522.694876 -1.550247e+07
  522.556157 -1.555915e+07
  522.417437 -1.560790e+07
  522.278718 -1.564981e+07
  522.139998 -1.568596e+07
  522.001279 -1.571739e+07
  521.862560 -1.574504e+07
  521.723840 -1.576983e+07
  521.585121 -1.579254e+07
  521.446401 -1.581391e+07
  521.307682 -1.583455e+07
  521.168962 -1.585497e+07
  521.030243 -1.587557e+07
  520.891523 -1.589666e+07
  520.752804 -1.591841e+07
  520.614085 -1.594093e+07
  520.475365 -1.596418e+07
  520.336646 -1.598806e+07
  520.197926 -1.601237e+07
  520.059207 -1.603682e+07
  519.920487 -1.606109e+07
  519.781768 -1.608474e+07
  519.643048 -1.610731e+07
  519.504329 -1.612830e+07
  519.365609 -1.614720e+07
  519.226890 -1.616342e+07
  519.088171 -1.617643e+07
  518.949451 -1.618564e+07
  518.810732 -1.619054e+07
  518.672012 -1.619056e+07
  518.533293 -1.618524e+07
  518.394573 -1.617408e+07
  518.255854 -1.615668e+07
  518.117134 -1.613262e+07
  517.978415 -1.610161e+07
  517.839696 -1.606335e+07
  517.700976 -1.601762e+07
  517.562257 -1.596422e+07
  517.423537 -1.590305e+07
  517.284818 -1.583399e+07
  517.146098 -1.575701e+07
  517.007379 -1.567211e+07
  516.868659 -1.557930e+07
  516.729940 -1.547862e+07
  516.591221 -1.537016e+07
  516.452501 -1.525398e+07
  516.313782 -1.513022e+07
  516.175062 -1.499896e+07
  516.036343 -1.486034e+07
  515.897623 -1.471452e+07
  515.758904 -1.456165e+07
  515.620184 -1.440191e+07
  515.481465 -1.423553e+07
  515.342746 -1.406274e+07
  515.204026 -1.388380e+07
  515.065307 -1.369907e+07
  514.926587 -1.350886e+07
  514.787868 -1.331361e+07
  514.649148 -1.311375e+07
  514.510429 -1.290978e+07
  514.371709 -1.270221e+07
  514.232990 -1.249158e+07
  514.094270 -1.227849e+07
  513.955551 -1.206351e+07
  513.816832 -1.184725e+07
  513.678112 -1.163028e+07
  513.539393 -1.141315e+07
  513.400673 -1.119643e+07
  513.261954 -1.098056e+07
  513.123234 -1.076599e+07
  512.984515 -1.055310e+07
  512.845795 -1.034219e+07
  512.707076 -1.013350e+07
  512.568357 -9.927184e+06
  512.429637 -9.723320e+06
  512.290918 -9.521944e+06
  512.152198 -9.322984e+06
  512.013479 -9.126344e+06
  511.874759 -8.931848e+06
  511.736040 -8.739312e+06
  511.597320 -8.548496e+06
  511.458601 -8.359136e+06
  511.319882 -8.171000e+06
  511.181162 -7.983840e+06
  511.042443 -7.797416e+06
  510.903723 -7.611560e+06
  510.765004 -7.426112e+06
  510.626284 -7.241016e+06
  510.487565 -7.056232e+06
  510.348845 -6.871832e+06
  510.210126 -6.687968e+06
  510.071407 -6.504848e+06
  509.932687 -6.322808e+06
  509.793968 -6.142256e+06
  509.655248 -5.963680e+06
  509.516529 -5.787704e+06
  509.377809 -5.614984e+06
  509.239090 -5.446288e+06
  509.100370 -5.282432e+06
  508.961651 -5.124328e+06
  508.822932 -4.972912e+06
  508.684212 -4.829168e+06
  508.545493 -4.694096e+06
  508.406773 -4.568752e+06
  508.268054 -4.454144e+06
  508.129334 -4.351288e+06
  507.990615 -4.261168e+06
  507.851895 -4.184752e+06
  507.713176 -4.122904e+06
  507.574456 -4.076488e+06
  507.435737 -4.046248e+06
  507.297018 -4.032848e+06
  507.158298 -4.036880e+06
  507.019579 -4.058840e+06
  506.880859 -4.099072e+06
  506.742140 -4.157872e+06
  506.603420 -4.235360e+06
  506.464701 -4.331600e+06
  506.325981 -4.446512e+06
  506.187262 -4.579872e+06
  506.048543 -4.731408e+06
  505.909823 -4.900704e+06
  505.771104 -5.087232e+06
  505.632384 -5.290416e+06
  505.493665 -5.509536e+06
  505.354945 -5.743840e+06
  505.216226 -5.992480e+06
  505.077506 -6.254584e+06
  504.938787 -6.529232e+06
  504.800068 -6.815472e+06
  504.661348 -7.112296e+06
  504.522629 -7.418776e+06
  504.383909 -7.733912e+06
  504.245190 -8.056752e+06
  504.106470 -8.386360e+06
  503.967751 -8.721840e+06
  503.829031 -9.062312e+06
  503.690312 -9.406944e+06
  503.551593 -9.754952e+06
  503.412873 -1.010561e+07
  503.274154 -1.045820e+07
  503.135434 -1.081206e+07
  502.996715 -1.116659e+07
  502.857995 -1.152123e+07
  502.719276 -1.187542e+07
  502.580556 -1.222867e+07
  502.441837 -1.258053e+07
  502.303118 -1.293050e+07
  502.164398 -1.327818e+07
  502.025679 -1.362319e+07
  501.886959 -1.396508e+07
  501.748240 -1.430348e+07
  501.609520 -1.463797e+07
  501.470801 -1.496817e+07
  501.332081 -1.529370e+07
  501.193362 -1.561412e+07
  501.054642 -1.592904e+07
  500.915923 -1.623802e+07
  500.777204 -1.654070e+07
  500.638484 -1.683661e+07
  500.499765 -1.712538e+07
  500.361045 -1.740663e+07
  500.222326 -1.767999e+07
  500.083606 -1.794512e+07
  499.944887 -1.820174e+07
  499.806167 -1.844961e+07
  499.667448 -1.868850e+07
  499.528729 -1.891830e+07
  499.390009 -1.913894e+07
  499.251290 -1.935038e+07
  499.112570 -1.955268e+07
  498.973851 -1.974596e+07
  498.835131 -1.993037e+07
  498.696412 -2.010617e+07
  498.557692 -2.027362e+07
  498.418973 -2.043307e+07
  498.280254 -2.058487e+07
  498.141534 -2.072938e+07
  498.002815 -2.086702e+07
  497.864095 -2.099821e+07
  497.725376 -2.112336e+07
  497.586656 -2.124285e+07
  497.447937 -2.135708e+07
  497.309217 -2.146645e+07
  497.170498 -2.157127e+07
  497.031779 -2.167186e+07
  496.893059 -2.176855e+07
  496.754340 -2.186160e+07
  496.615620 -2.195126e+07
  496.476901 -2.203779e+07
  496.338181 -2.212142e+07
  496.199462 -2.220236e+07
  496.060742 -2.228088e+07
  495.922023 -2.235722e+07
  495.783303 -2.243161e+07
  495.644584 -2.250438e+07
  495.505865 -2.257583e+07
  495.367145 -2.264634e+07
  495.228426 -2.271626e+07
  495.089706 -2.278604e+07
  494.950987 -2.285612e+07
  494.812267 -2.292703e+07
  494.673548 -2.299928e+07
  494.534828 -2.307341e+07
  494.396109 -2.315001e+07
  494.257390 -2.322962e+07
  494.118670 -2.331285e+07
  493.979951 -2.340021e+07
  493.841231 -2.349224e+07
  493.702512 -2.358940e+07
  493.563792 -2.369210e+07
  493.425073 -2.380066e+07
  493.286353 -2.391534e+07
  493.147634 -2.403627e+07
  493.008915 -2.416348e+07
  492.870195 -2.429687e+07
  492.731476 -2.443619e+07
  492.592756 -2.458108e+07
  492.454037 -2.473102e+07
  492.315317 -2.488537e+07
  492.176598 -2.504334e+07
  492.037878 -2.520399e+07
  491.899159 -2.536630e+07
  491.760440 -2.552914e+07
  491.621720 -2.569126e+07
  491.483001 -2.585134e+07
  491.344281 -2.600806e+07
  491.205562 -2.616001e+07
  491.066842 -2.630577e+07
  490.928123 -2.644398e+07
  490.789403 -2.657329e+07
  490.650684 -2.669238e+07
  490.511965 -2.679999e+07
  490.373245 -2.689503e+07
  490.234526 -2.697638e+07
  490.095806 -2.704311e+07
  489.957087 -2.709438e+07
  489.818367 -2.712950e+07
  489.679648 -2.714779e+07
  489.540928 -2.714882e+07
  489.402209 -2.713221e+07
  489.263489 -2.709770e+07
  489.124770 -2.704515e+07
  488.986051 -2.697456e+07
  488.847331 -2.688598e+07
  488.708612 -2.677963e+07
  488.569892 -2.665578e+07
  488.431173 -2.651487e+07
  488.292453 -2.635742e+07
  488.153734 -2.618406e+07
  488.015014 -2.599549e+07
  487.876295 -2.579262e+07
  487.737576 -2.557638e+07
  487.598856 -2.534784e+07
  487.460137 -2.510815e+07
  487.321417 -2.485859e+07
  487.182698 -2.460050e+07
  487.043978 -2.433530e+07
  486.905259 -2.406446e+07
  486.766539 -2.378950e+07
  486.627820 -2.351196e+07
  486.489101 -2.323340e+07
  486.350381 -2.295534e+07
  486.211662 -2.267933e+07
  486.072942 -2.240677e+07
  485.934223 -2.213910e+07
  485.795503 -2.187758e+07
  485.656784 -2.162346e+07
  485.518064 -2.137777e+07
  485.379345 -2.114150e+07
  485.240626 -2.091546e+07
  485.101906 -2.070034e+07
  484.963187 -2.049666e+07
  484.824467 -2.030484e+07
  484.685748 -2.012513e+07
  484.547028 -1.995764e+07
  484.408309 -1.980236e+07
  484.269589 -1.965918e+07
  484.130870 -1.952782e+07
  483.992150 -1.940794e+07
  483.853431 -1.929910e+07
  483.714712 -1.920078e+07
  483.575992 -1.911234e+07
  483.437273 -1.903315e+07
  483.298553 -1.896247e+07
  483.159834 -1.889951e+07
  483.021114 -1.884351e+07
  482.882395 -1.879359e+07
  482.743675 -1.874894e+07
  482.604956 -1.870863e+07
  482.466237 -1.867184e+07
  482.327517 -1.863768e+07
  482.188798 -1.860526e+07
  482.050078 -1.857378e+07
  481.911359 -1.854241e+07
  481.772639 -1.851035e+07
  481.633920 -1.847687e+07
  481.495200 -1.844128e+07
  481.356481 -1.840290e+07
  481.217762 -1.836117e+07
  481.079042 -1.831554e+07
  480.940323 -1.826552e+07
  480.801603 -1.821072e+07
  480.662884 -1.815078e+07
  480.524164 -1.808545e+07
  480.385445 -1.801447e+07
  480.246725 -1.793772e+07
  480.108006 -1.785509e+07
  479.969287 -1.776651e+07
  479.830567 -1.767202e+07
  479.691848 -1.757166e+07
  479.553128 -1.746555e+07
  479.414409 -1.735379e+07
  479.275689 -1.723654e+07
  479.136970 -1.711397e+07
  478.998250 -1.698626e+07
  478.859531 -1.685358e+07
  478.720812 -1.671610e+07
  478.582092 -1.657394e+07
  478.443373 -1.642725e+07
  478.304653 -1.627608e+07
  478.165934 -1.612048e+07
  478.027214 -1.596044e+07
  477.888495 -1.579588e+07
  477.749775 -1.562672e+07
  477.611056 -1.545282e+07
  477.472336 -1.527396e+07
  477.333617 -1.508994e+07
  477.194898 -1.490055e+07
  477.056178 -1.470551e+07
  476.917459 -1.450460e+07
  476.778739 -1.429759e+07
  476.640020 -1.408433e+07
  476.501300 -1.386465e+07
  476.362581 -1.363851e+07
  476.223861 -1.340593e+07
  476.085142 -1.316698e+07
  475.946423 -1.292191e+07
  475.807703 -1.267102e+07
  475.668984 -1.241470e+07
  475.530264 -1.215354e+07
  475.391545 -1.188816e+07
  475.252825 -1.161935e+07
  475.114106 -1.134798e+07
  474.975386 -1.107504e+07
  474.836667 -1.080158e+07
  474.697948 -1.052875e+07
  474.559228 -1.025780e+07
  474.420509 -9.989968e+06
  474.281789 -9.726576e+06
  474.143070 -9.468960e+06
  474.004350 -9.218432e+06
  473.865631 -8.976320e+06
  473.726911 -8.743896e+06
  473.588192 -8.522400e+06
  473.449473 -8.312992e+06
  473.310753 -8.116720e+06
  473.172034 -7.934568e+06
  473.033314 -7.767416e+06
  472.894595 -7.615944e+06
  472.755875 -7.480768e+06
  472.617156 -7.362352e+06
  472.478436 -7.260984e+06
  472.339717 -7.176856e+06
  472.200998 -7.109984e+06
  472.062278 -7.060320e+06
  471.923559 -7.027640e+06
  471.784839 -7.011632e+06
  471.646120 -7.011928e+06
  471.507400 -7.028064e+06
  471.368681 -7.059520e+06
  471.229961 -7.105736e+06
  471.091242 -7.166144e+06
  470.952522 -7.240120e+06
  470.813803 -7.327064e+06
  470.675084 -7.426384e+06
  470.536364 -7.537488e+06
  470.397645 -7.659768e+06
  470.258925 -7.792680e+06
  470.120206 -7.935616e+06
  469.981486 -8.088072e+06
  469.842767 -8.249448e+06
  469.704047 -8.419248e+06
  469.565328 -8.596888e+06
  469.426609 -8.781808e+06
  469.287889 -8.973448e+06
  469.149170 -9.171184e+06
  469.010450 -9.374416e+06
  468.871731 -9.582456e+06
  468.733011 -9.794656e+06
  468.594292 -1.001026e+07
  468.455572 -1.022847e+07
  468.316853 -1.044851e+07
  468.178134 -1.066946e+07
  468.039414 -1.089041e+07
  467.900695 -1.111037e+07
  467.761975 -1.132830e+07
  467.623256 -1.154314e+07
  467.484536 -1.175370e+07
  467.345817 -1.195885e+07
  467.207097 -1.215734e+07
  467.068378 -1.234792e+07
  466.929659 -1.252933e+07
  466.790939 -1.270028e+07
  466.652220 -1.285949e+07
  466.513500 -1.300573e+07
  466.374781 -1.313774e+07
  466.236061 -1.325438e+07
  466.097342 -1.335456e+07
  465.958622 -1.343724e+07
  465.819903 -1.350157e+07
  465.681183 -1.354672e+07
  465.542464 -1.357208e+07
  465.403745 -1.357716e+07
  465.265025 -1.356164e+07
  465.126306 -1.352538e+07
  464.987586 -1.346840e+07
  464.848867 -1.339094e+07
  464.710147 -1.329341e+07
  464.571428 -1.317638e+07
  464.432708 -1.304063e+07
  464.293989 -1.288711e+07
  464.155270 -1.271689e+07
  464.016550 -1.253120e+07
  463.877831 -1.233140e+07
  463.739111 -1.211895e+07
  463.600392 -1.189540e+07
  463.461672 -1.166235e+07
  463.322953 -1.142150e+07
  463.184233 -1.117448e+07
  463.045514 -1.092302e+07
  462.906795 -1.066886e+07
  462.768075 -1.041366e+07
  462.629356 -1.015905e+07
  462.490636 -9.906672e+06
  462.351917 -9.658072e+06
  462.213197 -9.414768e+06
  462.074478 -9.178216e+06
  461.935758 -8.949776e+06
  461.797039 -8.730784e+06
  461.658320 -8.522456e+06
  461.519600 -8.325968e+06
  461.380881 -8.142376e+06
  461.242161 -7.972688e+06
  461.103442 -7.817824e+06
  460.964722 -7.678576e+06
  460.826003 -7.555656e+06
  460.687283 -7.449696e+06
  460.548564 -7.361200e+06
  460.409845 -7.290560e+06
  460.271125 -7.238048e+06
  460.132406 -7.203880e+06
  459.993686 -7.188080e+06
  459.854967 -7.190624e+06
  459.716247 -7.211360e+06
  459.577528 -7.250016e+06
  459.438808 -7.306216e+06
  459.300089 -7.379560e+06
  459.161369 -7.469480e+06
  459.022650 -7.575376e+06
  458.883931 -7.696568e+06
  458.745211 -7.832328e+06
  458.606492 -7.981856e+06
  458.467772 -8.144304e+06
  458.329053 -8.318816e+06
  458.190333 -8.504472e+06
  458.051614 -8.700328e+06
  457.912894 -8.905448e+06
  457.774175 -9.118840e+06
  457.635456 -9.339520e+06
  457.496736 -9.566536e+06
  457.358017 -9.798880e+06
  457.219297 -1.003558e+07
  457.080578 -1.027569e+07
  456.941858 -1.051825e+07
  456.803139 -1.076230e+07
  456.664419 -1.100697e+07
  456.525700 -1.125135e+07
  456.386981 -1.149458e+07
  456.248261 -1.173579e+07
  456.109542 -1.197418e+07
  455.970822 -1.220891e+07
  455.832103 -1.243920e+07
  455.693383 -1.266426e+07
  455.554664 -1.288328e+07
  455.415944 -1.309551e+07
  455.277225 -1.330014e+07
  455.138506 -1.349642e+07
  454.999786 -1.368350e+07
  454.861067 -1.386063e+07
  454.722347 -1.402696e+07
  454.583628 -1.418163e+07
  454.444908 -1.432385e+07
  454.306189 -1.445274e+07
  454.167469 -1.456746e+07
  454.028750 -1.466713e+07
  453.890031 -1.475090e+07
  453.751311 -1.481796e+07
  453.612592 -1.486746e+07
  453.473872 -1.489862e+07
  453.335153 -1.491072e+07
  453.196433 -1.490304e+07
  453.057714 -1.487499e+07
  452.918994 -1.482602e+07
  452.780275 -1.475570e+07
  452.641555 -1.466370e+07
  452.502836 -1.454981e+07
  452.364117 -1.441393e+07
  452.225397 -1.425611e+07
  452.086678 -1.407656e+07
  451.947958 -1.387558e+07
  451.809239 -1.365366e+07
  451.670519 -1.341138e+07
  451.531800 -1.314944e+07
  451.393080 -1.286870e+07
  451.254361 -1.257007e+07
  451.115642 -1.225453e+07
  450.976922 -1.192313e+07
  450.838203 -1.157697e+07
  450.699483 -1.121715e+07
  450.560764 -1.084479e+07
  450.422044 -1.046096e+07
  450.283325 -1.006667e+07
  450.144605 -9.662952e+06
  450.005886 -9.250688e+06
  449.867167 -8.830744e+06
  449.728447 -8.403848e+06
  449.589728 -7.970688e+06
  449.451008 -7.531824e+06
  449.312289 -7.087752e+06
  449.173569 -6.638872e+06
  449.034850 -6.185512e+06
  448.896130 -5.727896e+06
  448.757411 -5.266224e+06
  448.618692 -4.800624e+06
  448.479972 -4.331152e+06
  448.341253 -3.857880e+06
  448.202533 -3.380832e+06
  448.063814 -2.900000e+06
  447.925094 -2.415408e+06
  447.786375 -1.927072e+06
  447.647655 -1.435056e+06
  447.508936 -9.394720e+05
  447.370216 -4.404480e+05
  447.231497 6.179200e+04
  447.092778 5.669360e+05
  446.954058 1.074624e+06
  446.815339 1.584368e+06
  446.676619 2.095576e+06
  446.537900 2.607552e+06
  446.399180 3.119512e+06
  446.260461 3.630536e+06
  446.121741 4.139632e+06
  445.983022 4.645680e+06
  445.844303 5.147512e+06
  445.705583 5.643880e+06
  445.566864 6.133520e+06
  445.428144 6.615080e+06
  445.289425 7.087264e+06
  445.150705 7.548760e+06
  445.011986 7.998304e+06
  444.873266 8.434696e+06
  444.734547 8.856816e+06
  444.595828 9.263656e+06
  444.457108 9.654280e+06
  444.318389 1.002794e+07
  444.179669 1.038398e+07
  444.040950 1.072184e+07
  443.902230 1.104121e+07
  443.763511 1.134182e+07
  443.624791 1.162357e+07
  443.486072 1.188649e+07
  443.347353 1.213071e+07
  443.208633 1.235647e+07
  443.069914 1.256410e+07
  442.931194 1.275402e+07
  442.792475 1.292670e+07
  442.653755 1.308268e+07
  442.515036 1.322254e+07
  442.376316 1.334689e+07
  442.237597 1.345641e+07
  442.098878 1.355171e+07
  441.960158 1.363352e+07
  441.821439 1.370250e+07
  441.682719 1.375932e+07
  441.544000 1.380466e+07
  441.405280 1.383921e+07
  441.266561 1.386359e+07
  441.127841 1.387847e+07
  440.989122 1.388443e+07
  440.850402 1.388209e+07
  440.711683 1.387199e+07
  440.572964 1.385468e+07
  440.434244 1.383069e+07
  440.295525 1.380047e+07
  440.156805 1.376454e+07
  440.018086 1.372329e+07
  439.879366 1.367716e+07
  439.740647 1.362656e+07
  439.601927 1.357189e+07
  439.463208 1.351352e+07
  439.324489 1.345182e+07
  439.185769 1.338718e+07
  439.047050 1.331991e+07
  438.908330 1.325041e+07
  438.769611 1.317901e+07
  438.630891 1.310605e+07
  438.492172 1.303183e+07
  438.353452 1.295666e+07
  438.214733 1.288086e+07
  438.076014 1.280462e+07
  437.937294 1.272818e+07
  437.798575 1.265173e+07
  437.659855 1.257542e+07
  437.521136 1.249931e+07
  437.382416 1.242347e+07
  437.243697 1.234791e+07
  437.104977 1.227257e+07
  436.966258 1.219735e+07
  436.827539 1.212211e+07
  436.688819 1.204666e+07
  436.550100 1.197079e+07
  436.411380 1.189422e+07
  436.272661 1.181664e+07
  436.133941 1.173774e+07
  435.995222 1.165718e+07
  435.856502 1.157456e+07
  435.717783 1.148951e+07
  435.579064 1.140164e+07
  435.440344 1.131059e+07
  435.301625 1.121594e+07
  435.162905 1.111736e+07
  435.024186 1.101450e+07
  434.885466 1.090710e+07
  434.746747 1.079486e+07
  434.608027 1.067761e+07
  434.469308 1.055519e+07
  434.330588 1.042750e+07
  434.191869 1.029456e+07
  434.053150 1.015638e+07
  433.914430 1.001309e+07
  433.775711 9.864840e+06
  433.636991 9.711816e+06
  433.498272 9.554328e+06
  433.359552 9.392624e+06
  433.220833 9.227000e+06
  433.082113 9.057800e+06
  432.943394 8.885288e+06
  432.804675 8.709784e+06
  432.665955 8.531512e+06
  432.527236 8.350696e+06
  432.388516 8.167528e+06
  432.249797 7.982104e+06
  432.111077 7.794480e+06
  431.972358 7.604688e+06
  431.833638 7.412616e+06
  431.694919 7.218208e+06
  431.556200 7.021264e+06
  431.417480 6.821576e+06
  431.278761 6.618856e+06
  431.140041 6.412800e+06
  431.001322 6.203072e+06
  430.862602 5.989280e+06
  430.723883 5.771008e+06
  430.585163 5.547816e+06
  430.446444 5.319240e+06
  430.307725 5.084808e+06
  430.169005 4.844008e+06
  430.030286 4.596384e+06
  429.891566 4.341432e+06
  429.752847 4.078704e+06
  429.614127 3.807744e+06
  429.475408 3.528184e+06
  429.336688 3.239688e+06
  429.197969 2.942032e+06
  429.059249 2.635048e+06
  428.920530 2.318728e+06
  428.781811 1.993136e+06
  428.643091 1.658584e+06
  428.504372 1.315448e+06
  428.365652 9.643360e+05
  428.226933 6.060240e+05
  428.088213 2.414720e+05
  427.949494 -1.281600e+05
  427.810774 -5.015920e+05
  427.672055 -8.772880e+05
  427.533336 -1.253616e+06
  427.394616 -1.628800e+06
  427.255897 -2.000944e+06
  427.117177 -2.368072e+06
  426.978458 -2.728120e+06
  426.839738 -3.078992e+06
  426.701019 -3.418632e+06
  426.562299 -3.744936e+06
  426.423580 -4.055912e+06
  426.284861 -4.349608e+06
  426.146141 -4.624192e+06
  426.007422 -4.877944e+06
  425.868702 -5.109304e+06
  425.729983 -5.316872e+06
  425.591263 -5.499464e+06
  425.452544 -5.656048e+06
  425.313824 -5.785832e+06
  425.175105 -5.888240e+06
  425.036386 -5.962904e+06
  424.897666 -6.009728e+06
  424.758947 -6.028784e+06
  424.620227 -6.020392e+06
  424.481508 -5.985072e+06
  424.342788 -5.923592e+06
  424.204069 -5.836896e+06
  424.065349 -5.726096e+06
  423.926630 -5.592456e+06
  423.787911 -5.437472e+06
  423.649191 -5.262680e+06
  423.510472 -5.069776e+06
  423.371752 -4.860560e+06
  423.233033 -4.636872e+06
  423.094313 -4.400616e+06
  422.955594 -4.153744e+06
  422.816874 -3.898208e+06
  422.678155 -3.635928e+06
  422.539435 -3.368840e+06
  422.400716 -3.098792e+06
  422.261997 -2.827624e+06
  422.123277 -2.557072e+06
  421.984558 -2.288776e+06
  421.845838 -2.024296e+06
  421.707119 -1.765112e+06
  421.568399 -1.512544e+06
  421.429680 -1.267800e+06
  421.290960 -1.032016e+06
  421.152241 -8.061360e+05
  421.013522 -5.910320e+05
  420.874802 -3.874160e+05
  420.736083 -1.958560e+05
  420.597363 -1.686400e+04
  420.458644 1.492480e+05
  420.319924 3.022160e+05
  420.181205 4.419360e+05
  420.042485 5.683520e+05
  419.903766 6.815440e+05
  419.765047 7.816320e+05
  419.626327 8.688400e+05
  419.487608 9.434240e+05
  419.348888 1.005704e+06
  419.210169 1.056048e+06
  419.071449 1.094840e+06
  418.932730 1.122496e+06
  418.794010 1.139488e+06
  418.655291 1.146272e+06
  418.516572 1.143360e+06
  418.377852 1.131272e+06
  418.239133 1.110576e+06
  418.100413 1.081864e+06
  417.961694 1.045800e+06
  417.822974 1.003120e+06
  417.684255 9.545600e+05
  417.545535 9.010000e+05
  417.406816 8.433840e+05
  417.268097 7.827280e+05
  417.129377 7.201200e+05
  416.990658 6.567600e+05
  416.851938 5.939200e+05
  416.713219 5.329200e+05
  416.574499 4.751360e+05
  416.435780 4.220160e+05
  416.297060 3.749600e+05
  416.158341 3.354480e+05
  416.019621 3.048480e+05
  415.880902 2.845360e+05
  415.742183 2.757600e+05
  415.603463 2.797280e+05
  415.464744 2.974720e+05
  415.326024 3.299040e+05
  415.187305 3.777200e+05
  415.048585 4.415120e+05
  414.909866 5.216720e+05
  414.771146 6.183600e+05
  414.632427 7.315680e+05
  414.493708 8.611200e+05
  414.354988 1.006640e+06
  414.216269 1.167568e+06
  414.077549 1.343264e+06
  413.938830 1.532888e+06
  413.800110 1.735536e+06
  413.661391 1.950184e+06
  413.522671 2.175752e+06
  413.383952 2.411136e+06
  413.245233 2.655184e+06
  413.106513 2.906736e+06
  412.967794 3.164648e+06
  412.829074 3.427784e+06
  412.690355 3.695072e+06
  412.551635 3.965440e+06
  412.412916 4.237904e+06
  412.274196 4.511520e+06
  412.135477 4.785384e+06
  411.996758 5.058696e+06
  411.858038 5.330656e+06
  411.719319 5.600568e+06
  411.580599 5.867808e+06
  411.441880 6.131736e+06
  411.303160 6.391864e+06
  411.164441 6.647688e+06
  411.025721 6.898824e+06
  410.887002 7.144896e+06
  410.748282 7.385616e+06
  410.609563 7.620768e+06
  410.470844 7.850144e+06
  410.332124 8.073664e+06
  410.193405 8.291272e+06
  410.054685 8.502960e+06
  409.915966 8.708824e+06
  409.777246 8.909008e+06
  409.638527 9.103680e+06
  409.499807 9.293112e+06
  409.361088 9.477616e+06
  409.222369 9.657552e+06
  409.083649 9.833328e+06
  408.944930 1.000538e+07
  408.806210 1.017423e+07
  408.667491 1.034034e+07
  408.528771 1.050430e+07
  408.390052 1.066660e+07
  408.251332 1.082782e+07
  408.112613 1.098846e+07
  407.973894 1.114902e+07
  407.835174 1.130998e+07
  407.696455 1.147174e+07
  407.557735 1.163464e+07
  407.419016 1.179898e+07
  407.280296 1.196494e+07
  407.141577 1.213262e+07
  407.002857 1.230203e+07
  406.864138 1.247312e+07
  406.725419 1.264566e+07
  406.586699 1.281939e+07
  406.447980 1.299394e+07
  406.309260 1.316887e+07
  406.170541 1.334365e+07
  406.031821 1.351769e+07
  405.893102 1.369037e+07
  405.754382 1.386101e+07
  405.615663 1.402896e+07
  405.476944 1.419352e+07
  405.338224 1.435408e+07
  405.199505 1.450998e+07
  405.060785 1.466066e+07
  404.922066 1.480563e+07
  404.783346 1.494446e+07
  404.644627 1.507679e+07
  404.505907 1.520237e+07
  404.367188 1.532105e+07
  404.228468 1.543274e+07
  404.089749 1.553745e+07
  403.951030 1.563529e+07
  403.812310 1.572643e+07
  403.673591 1.581107e+07
  403.534871 1.588949e+07
  403.396152 1.596198e+07
  403.257432 1.602880e+07
  403.118713 1.609022e+07
  402.979993 1.614650e+07
  402.841274 1.619775e+07
  402.702555 1.624410e+07
  402.563835 1.628551e+07
  402.425116 1.632186e+07
  402.286396 1.635293e+07
  402.147677 1.637832e+07
  402.008957 1.639753e+07
  401.870238 1.640994e+07
  401.731518 1.641481e+07
  401.592799 1.641129e+07
  401.454080 1.639846e+07
  401.315360 1.637533e+07
  401.176641 1.634087e+07
  401.037921 1.629406e+07
  400.899202 1.623388e+07
  400.760482 1.615942e+07
  400.621763 1.606979e+07
  400.483043 1.596430e+07
  400.344324 1.584235e+07
  400.205605 1.570350e+07
  400.066885 1.554757e+07
  399.928166 1.537449e+07
  399.789446 1.518449e+07
  399.650727 1.497794e+07
  399.512007 1.475545e+07
  399.373288 1.451786e+07
  399.234568 1.426614e+07
  399.095849 1.400146e+07
  398.957130 1.372514e+07
  398.818410 1.343864e+07
  398.679691 1.314345e+07
  398.540971 1.284117e+07
  398.402252 1.253344e+07
  398.263532 1.222189e+07
  398.124813 1.190814e+07
  397.986093 1.159374e+07
  397.847374 1.128020e+07
  397.708654 1.096894e+07
  397.569935 1.066122e+07
  397.431216 1.035824e+07
  397.292496 1.006104e+07
  397.153777 9.770480e+06
  397.015057 9.487296e+06
  396.876338 9.212096e+06
  396.737618 8.945264e+06
  396.598899 8.687080e+06
  396.460179 8.437672e+06
  396.321460 8.197024e+06
  396.182741 7.964976e+06
  396.044021 7.741272e+06
  395.905302 7.525576e+06
  395.766582 7.317432e+06
  395.627863 7.116344e+06
  395.489143 6.921792e+06
  395.350424 6.733200e+06
  395.211704 6.550032e+06
  395.072985 6.371736e+06
  394.934266 6.197824e+06
  394.795546 6.027888e+06
  394.656827 5.861520e+06
  394.518107 5.698488e+06
  394.379388 5.538608e+06
  394.240668 5.381800e+06
  394.101949 5.228088e+06
  393.963229 5.077616e+06
  393.824510 4.930624e+06
  393.685791 4.787440e+06
  393.547071 4.648488e+06
  393.408352 4.514248e+06
  393.269632 4.385280e+06
  393.130913 4.262160e+06
  392.992193 4.145496e+06
  392.853474 4.035936e+06
  392.714754 3.934104e+06
  392.576035 3.840576e+06
  392.437315 3.755912e+06
  392.298596 3.680648e+06
  392.159877 3.615248e+06
  392.021157 3.560080e+06
  391.882438 3.515472e+06
  391.743718 3.481688e+06
  391.604999 3.458872e+06
  391.466279 3.447128e+06
  391.327560 3.446496e+06
  391.188840 3.456896e+06
  391.050121 3.478232e+06
  390.911402 3.510360e+06
  390.772682 3.553072e+06
  390.633963 3.606160e+06
  390.495243 3.669344e+06
  390.356524 3.742392e+06
  390.217804 3.825072e+06
  390.079085 3.917168e+06
  389.940365 4.018488e+06
  389.801646 4.128944e+06
  389.662927 4.248456e+06
  389.524207 4.377072e+06
  389.385488 4.514896e+06
  389.246768 4.662144e+06
  389.108049 4.819144e+06
  388.969329 4.986296e+06
  388.830610 5.164136e+06
  388.691890 5.353304e+06
  388.553171 5.554488e+06
  388.414452 5.768464e+06
  388.275732 5.996072e+06
  388.137013 6.238216e+06
  387.998293 6.495720e+06
  387.859574 6.769472e+06
  387.720854 7.060288e+06
  387.582135 7.368896e+06
  387.443415 7.695952e+06
  387.304696 8.041960e+06
  387.165977 8.407280e+06
  387.027257 8.792112e+06
  386.888538 9.196416e+06
  386.749818 9.620024e+06
  386.611099 1.006249e+07
  386.472379 1.052318e+07
  386.333660 1.100127e+07
  386.194940 1.149569e+07
  386.056221 1.200514e+07
  385.917501 1.252820e+07
  385.778782 1.306322e+07
  385.640063 1.360839e+07
  385.501343 1.416180e+07
  385.362624 1.472134e+07
  385.223904 1.528489e+07
  385.085185 1.585018e+07
  384.946465 1.641494e+07
  384.807746 1.697678e+07
  384.669026 1.753336e+07
  384.530307 1.808234e+07
  384.391588 1.862135e+07
  384.252868 1.914813e+07
  384.114149 1.966041e+07
  383.975429 2.015604e+07
  383.836710 2.063295e+07
  383.697990 2.108914e+07
  383.559271 2.152277e+07
  383.420551 2.193210e+07
  383.281832 2.231552e+07
  383.143113 2.267154e+07
  383.004393 2.299886e+07
  382.865674 2.329626e+07
  382.726954 2.356273e+07
  382.588235 2.379734e+07
  382.449515 2.399932e+07
  382.310796 2.416806e+07
  382.172076 2.430303e+07
  382.033357 2.440390e+07
  381.894638 2.447038e+07
  381.755918 2.450238e+07
  381.617199 2.449986e+07
  381.478479 2.446301e+07
  381.339760 2.439201e+07
  381.201040 2.428729e+07
  381.062321 2.414933e+07
  380.923601 2.397882e+07
  380.784882 2.377655e+07
  380.646163 2.354349e+07
  380.507443 2.328076e+07
  380.368724 2.298964e+07
  380.230004 2.267158e+07
  380.091285 2.232819e+07
  379.952565 2.196126e+07
  379.813846 2.157269e+07
  379.675126 2.116453e+07
  379.536407 2.073896e+07
  379.397687 2.029829e+07
  379.258968 1.984484e+07
  379.120249 1.938106e+07
  378.981529 1.890941e+07
  378.842810 1.843233e+07
  378.704090 1.795226e+07
  378.565371 1.747158e+07
  378.426651 1.699264e+07
  378.287932 1.651761e+07
  378.149212 1.604864e+07
  378.010493 1.558767e+07
  377.871774 1.513655e+07
  377.733054 1.469695e+07
  377.594335 1.427038e+07
  377.455615 1.385818e+07
  377.316896 1.346156e+07
  377.178176 1.308154e+07
  377.039457 1.271903e+07
  376.900737 1.237474e+07
  376.762018 1.204933e+07
  376.623299 1.174327e+07
  376.484579 1.145693e+07
  376.345860 1.119063e+07
  376.207140 1.094451e+07
  376.068421 1.071867e+07
  375.929701 1.051315e+07
  375.790982 1.032782e+07
  375.652262 1.016258e+07
  375.513543 1.001718e+07
  375.374824 9.891256e+06
  375.236104 9.784464e+06
  375.097385 9.696320e+06
  374.958665 9.626256e+06
  374.819946 9.573672e+06
  374.681226 9.537856e+06
  374.542507 9.518056e+06
  374.403787 9.513464e+06
  374.265068 9.523200e+06
  374.126348 9.546392e+06
  373.987629 9.582056e+06
  373.848910 9.629280e+06
  373.710190 9.687096e+06
  373.571471 9.754528e+06
  373.432751 9.830632e+06
  373.294032 9.914440e+06
  373.155312 1.000506e+07
  373.016593 1.010158e+07
  372.877873 1.020314e+07
  372.739154 1.030886e+07
  372.600435 1.041796e+07
  372.461715 1.052958e+07
  372.322996 1.064298e+07
  372.184276 1.075738e+07
  372.045557 1.087207e+07
  371.906837 1.098633e+07
  371.768118 1.109946e+07
  371.629398 1.121086e+07
  371.490679 1.131985e+07
  371.351960 1.142588e+07
  371.213240 1.152845e+07
  371.074521 1.162706e+07
  370.935801 1.172131e+07
  370.797082 1.181089e+07
  370.658362 1.189551e+07
  370.519643 1.197501e+07
  370.380923 1.204929e+07
  370.242204 1.211835e+07
  370.103485 1.218225e+07
  369.964765 1.224117e+07
  369.826046 1.229534e+07
  369.687326 1.234509e+07
  369.548607 1.239079e+07
  369.409887 1.243290e+07
  369.271168 1.247191e+07
  369.132448 1.250840e+07
  368.993729 1.254294e+07
  368.855010 1.257617e+07
  368.716290 1.260874e+07
  368.577571 1.264129e+07
  368.438851 1.267451e+07
  368.300132 1.270906e+07
  368.161412 1.274558e+07
  368.022693 1.278468e+07
  367.883973 1.282695e+07
  367.745254 1.287296e+07
  367.606534 1.292318e+07
  367.467815 1.297806e+07
  367.329096 1.303798e+07
  367.190376 1.310322e+07
  367.051657 1.317407e+07
  366.912937 1.325063e+07
  366.774218 1.333302e+07
  366.635498 1.342123e+07
  366.496779 1.351520e+07
  366.358059 1.361481e+07
  366.219340 1.371987e+07
  366.080621 1.383018e+07
  365.941901 1.394543e+07
  365.803182 1.406538e+07
  365.664462 1.418971e+07
  365.525743 1.431814e+07
  365.387023 1.445038e+07
  365.248304 1.458620e+07
  365.109584 1.472540e+07
  364.970865 1.486782e+07
  364.832146 1.501337e+07
  364.693426 1.516201e+07
  364.554707 1.531379e+07
  364.415987 1.546878e+07
  364.277268 1.562713e+07
  364.138548 1.578902e+07
  363.999829 1.595471e+07
  363.861109 1.612439e+07
  363.722390 1.629834e+07
  363.583671 1.647685e+07
  363.444951 1.666009e+07
  363.306232 1.684827e+07
  363.167512 1.704154e+07
  363.028793 1.723995e+07
  362.890073 1.744351e+07
  362.751354 1.765214e+07
  362.612634 1.786564e+07
  362.473915 1.808371e+07
  362.335196 1.830598e+07
  362.196476 1.853194e+07
  362.057757 1.876101e+07
  361.919037 1.899246e+07
  361.780318 1.922552e+07
  361.641598 1.945932e+07
  361.502879 1.969287e+07
  361.364159 1.992518e+07
  361.225440 2.015518e+07
  361.086720 2.038174e+07
  360.948001 2.060377e+07
  360.809282 2.082010e+07
  360.670562 2.102958e+07
  360.531843 2.123112e+07
  360.393123 2.142362e+07
  360.254404 2.160600e+07
  360.115684 2.177729e+07
  359.976965 2.193653e+07
  359.838245 2.208283e+07
  359.699526 2.221539e+07
  359.560807 2.233346e+07
  359.422087 2.243638e+07
  359.283368 2.252358e+07
  359.144648 2.259454e+07
  359.005929 2.264886e+07
  358.867209 2.268620e+07
  358.728490 2.270631e+07
  358.589770 2.270900e+07
  358.451051 2.269419e+07
  358.312332 2.266186e+07
  358.173612 2.261206e+07
  358.034893 2.254490e+07
  357.896173 2.246058e+07
  357.757454 2.235934e+07
  357.618734 2.224147e+07
  357.480015 2.210733e+07
  357.341295 2.195730e+07
  357.202576 2.179183e+07
  357.063857 2.161139e+07
  356.925137 2.141649e+07
  356.786418 2.120769e+07
  356.647698 2.098554e+07
  356.508979 2.075070e+07
  356.370259 2.050378e+07
  356.231540 2.024550e+07
  356.092820 1.997654e+07
  355.954101 1.969769e+07
  355.815381 1.940973e+07
  355.676662 1.911350e+07
  355.537943 1.880990e+07
  355.399223 1.849986e+07
  355.260504 1.818434e+07
  355.121784 1.786434e+07
  354.983065 1.754087e+07
  354.844345 1.721505e+07
  354.705626 1.688790e+07
  354.566906 1.656056e+07
  354.428187 1.623407e+07
  354.289468 1.590952e+07
  354.150748 1.558795e+07
  354.012029 1.527036e+07
  353.873309 1.495765e+07
  353.734590 1.465068e+07
  353.595870 1.435025e+07
  353.457151 1.405698e+07
  353.318431 1.377146e+07
  353.179712 1.349410e+07
  353.040993 1.322521e+07
  352.902273 1.296498e+07
  352.763554 1.271344e+07
  352.624834 1.247054e+07
  352.486115 1.223606e+07
  352.347395 1.200966e+07
  352.208676 1.179095e+07
  352.069956 1.157942e+07
  351.931237 1.137442e+07
  351.792518 1.117530e+07
  351.653798 1.098138e+07
  351.515079 1.079188e+07
  351.376359 1.060605e+07
  351.237640 1.042314e+07
  351.098920 1.024239e+07
  350.960201 1.006315e+07
  350.821481 9.884808e+06
  350.682762 9.706776e+06
  350.544043 9.528672e+06
  350.405323 9.350160e+06
  350.266604 9.171048e+06
  350.127884 8.991328e+06
  349.989165 8.811088e+06
  349.850445 8.630672e+06
  349.711726 8.450496e+06
  349.573006 8.271224e+06
  349.434287 8.093688e+06
  349.295567 7.918824e+06
  349.156848 7.747800e+06
  349.018129 7.581880e+06
  348.879409 7.422472e+06
  348.740690 7.271080e+06
  348.601970 7.129328e+06
  348.463251 6.998856e+06
  348.324531 6.881344e+06
  348.185812 6.778504e+06
  348.047092 6.692000e+06
  347.908373 6.623472e+06
  347.769654 6.574432e+06
  347.630934 6.546360e+06
  347.492215 6.540528e+06
  347.353495 6.558128e+06
  347.214776 6.600160e+06
  347.076056 6.667416e+06
  346.937337 6.760560e+06
  346.798617 6.880008e+06
  346.659898 7.026016e+06
  346.521179 7.198648e+06
  346.382459 7.397776e+06
  346.243740 7.623120e+06
  346.105020 7.874224e+06
  345.966301 8.150528e+06
  345.827581 8.451320e+06
  345.688862 8.775816e+06
  345.550142 9.123160e+06
  345.411423 9.492424e+06
  345.272704 9.882640e+06
  345.133984 1.029285e+07
  344.995265 1.072206e+07
  344.856545 1.116930e+07
  344.717826 1.163366e+07
  344.579106 1.211420e+07
  344.440387 1.261006e+07
  344.301667 1.312040e+07
  344.162948 1.364445e+07
  344.024229 1.418141e+07
  343.885509 1.473060e+07
  343.746790 1.529130e+07
  343.608070 1.586285e+07
  343.469351 1.644457e+07
  343.330631 1.703577e+07
  343.191912 1.763578e+07
  343.053192 1.824385e+07
  342.914473 1.885922e+07
  342.775753 1.948105e+07
  342.637034 2.010842e+07
  342.498315 2.074038e+07
  342.359595 2.137582e+07
  342.220876 2.201359e+07
  342.082156 2.265240e+07
  341.943437 2.329090e+07
  341.804717 2.392761e+07
  341.665998 2.456096e+07
  341.527278 2.518930e+07
  341.388559 2.581090e+07
  341.249840 2.642400e+07
  341.111120 2.702676e+07
  340.972401 2.761730e+07
  340.833681 2.819381e+07
  340.694962 2.875437e+07
  340.556242 2.929718e+07
  340.417523 2.982046e+07
  340.278803 3.032249e+07
  340.140084 3.080165e+07
  340.001365 3.125640e+07
  339.862645 3.168537e+07
  339.723926 3.208725e+07
  339.585206 3.246094e+07
  339.446487 3.280548e+07
  339.307767 3.312009e+07
  339.169048 3.340411e+07
  339.030328 3.365717e+07
  338.891609 3.387893e+07
  338.752890 3.406935e+07
  338.614170 3.422850e+07
  338.475451 3.435667e+07
  338.336731 3.445427e+07
  338.198012 3.452185e+07
  338.059292 3.456010e+07
  337.920573 3.456984e+07
  337.781853 3.455203e+07
  337.643134 3.450764e+07
  337.504414 3.443778e+07
  337.365695 3.434355e+07
  337.226976 3.422616e+07
  337.088256 3.408678e+07
  336.949537 3.392663e+07
  336.810817 3.374690e+07
  336.672098 3.354877e+07
  336.533378 3.333341e+07
  336.394659 3.310194e+07
  336.255939 3.285543e+07
  336.117220 3.259494e+07
  335.978501 3.232142e+07
  335.839781 3.203582e+07
  335.701062 3.173903e+07
  335.562342 3.143187e+07
  335.423623 3.111511e+07
  335.284903 3.078949e+07
  335.146184 3.045571e+07
  335.007464 3.011442e+07
  334.868745 2.976622e+07
  334.730026 2.941177e+07
  334.591306 2.905159e+07
  334.452587 2.868630e+07
  334.313867 2.831647e+07
  334.175148 2.794266e+07
  334.036428 2.756549e+07
  333.897709 2.718558e+07
  333.758989 2.680353e+07
  333.620270 2.642007e+07
  333.481551 2.603589e+07
  333.342831 2.565178e+07
  333.204112 2.526850e+07
  333.065392 2.488694e+07
  332.926673 2.450799e+07
  332.787953 2.413261e+07
  332.649234 2.376179e+07
  332.510514 2.339658e+07
  332.371795 2.303804e+07
  332.233076 2.268730e+07
  332.094356 2.234550e+07
  331.955637 2.201374e+07
  331.816917 2.169322e+07
  331.678198 2.138502e+07
  331.539478 2.109028e+07
  331.400759 2.081006e+07
  331.262039 2.054539e+07
  331.123320 2.029721e+07
  330.984600 2.006638e+07
  330.845881 1.985371e+07
  330.707162 1.965990e+07
  330.568442 1.948551e+07
  330.429723 1.933099e+07
  330.291003 1.919670e+07
  330.152284 1.908285e+07
  330.013564 1.898954e+07
  329.874845 1.891673e+07
  329.736125 1.886426e+07
  329.597406 1.883183e+07
  329.458687 1.881908e+07
  329.319967 1.882548e+07
  329.181248 1.885041e+07
  329.042528 1.889318e+07
  328.903809 1.895298e+07
  328.765089 1.902894e+07
  328.626370 1.912012e+07
  328.487650 1.922551e+07
  328.348931 1.934404e+07
  328.210212 1.947466e+07
  328.071492 1.961621e+07
  327.932773 1.976757e+07
  327.794053 1.992757e+07
  327.655334 2.009510e+07
  327.516614 2.026902e+07
  327.377895 2.044820e+07
  327.239175 2.063158e+07
  327.100456 2.081817e+07
  326.961737 2.100694e+07
  326.823017 2.119700e+07
  326.684298 2.138752e+07
  326.545578 2.157774e+07
  326.406859 2.176690e+07
  326.268139 2.195446e+07
  326.129420 2.213987e+07
  325.990700 2.232270e+07
  325.851981 2.250262e+07
  325.713262 2.267931e+07
  325.574542 2.285263e+07
  325.435823 2.302244e+07
  325.297103 2.318870e+07
  325.158384 2.335139e+07
  325.019664 2.351057e+07
  324.880945 2.366637e+07
  324.742225 2.381888e+07
  324.603506 2.396827e+07
  324.464786 2.411474e+07
  324.326067 2.425840e+07
  324.187348 2.439947e+07
  324.048628 2.453810e+07
  323.909909 2.467446e+07
  323.771189 2.480865e+07
  323.632470 2.494078e+07
  323.493750 2.507094e+07
  323.355031 2.519918e+07
  323.216311 2.532547e+07
  323.077592 2.544982e+07
  322.938873 2.557216e+07
  322.800153 2.569242e+07
  322.661434 2.581050e+07
  322.522714 2.592632e+07
  322.383995 2.603975e+07
  322.245275 2.615069e+07
  322.106556 2.625907e+07
  321.967836 2.636485e+07
  321.829117 2.646801e+07
  321.690398 2.656863e+07
  321.551678 2.666679e+07
  321.412959 2.676270e+07
  321.274239 2.685656e+07
  321.135520 2.694874e+07
  320.996800 2.703957e+07
  320.858081 2.712950e+07
  320.719361 2.721901e+07
  320.580642 2.730859e+07
  320.441923 2.739879e+07
  320.303203 2.749011e+07
  320.164484 2.758304e+07
  320.025764 2.767802e+07
  319.887045 2.777548e+07
  319.748325 2.787571e+07
  319.609606 2.797894e+07
  319.470886 2.808530e+07
  319.332167 2.819482e+07
  319.193447 2.830739e+07
  319.054728 2.842283e+07
  318.916009 2.854082e+07
  318.777289 2.866095e+07
  318.638570 2.878273e+07
  318.499850 2.890558e+07
  318.361131 2.902885e+07
  318.222411 2.915184e+07
  318.083692 2.927382e+07
  317.944972 2.939402e+07
  317.806253 2.951172e+07
  317.667534 2.962610e+07
  317.528814 2.973649e+07
  317.390095 2.984218e+07
  317.251375 2.994252e+07
  317.112656 3.003697e+07
  316.973936 3.012502e+07
  316.835217 3.020632e+07
  316.696497 3.028055e+07
  316.557778 3.034759e+07
  316.419059 3.040740e+07
  316.280339 3.046010e+07
  316.141620 3.050593e+07
  316.002900 3.054535e+07
  315.864181 3.057891e+07
  315.725461 3.060735e+07
  315.586742 3.063157e+07
  315.448022 3.065259e+07
  315.309303 3.067159e+07
  315.170584 3.068984e+07
  315.031864 3.070874e+07
  314.893145 3.072974e+07
  314.754425 3.075436e+07
  314.615706 3.078411e+07
  314.476986 3.082050e+07
  314.338267 3.086499e+07
  314.199547 3.091895e+07
  314.060828 3.098362e+07
  313.922109 3.106011e+07
  313.783389 3.114932e+07
  313.644670 3.125194e+07
  313.505950 3.136845e+07
  313.367231 3.149906e+07
  313.228511 3.164369e+07
  313.089792 3.180206e+07
  312.951072 3.197356e+07
  312.812353 3.215736e+07
  312.673633 3.235238e+07
  312.534914 3.255730e+07
  312.396195 3.277062e+07
  312.257475 3.299070e+07
  312.118756 3.321573e+07
  311.980036 3.344386e+07
  311.841317 3.367315e+07
  311.702597 3.390167e+07
  311.563878 3.412754e+07
  311.425158 3.434891e+07
  311.286439 3.456407e+07
  311.147720 3.477142e+07
  311.009000 3.496958e+07
  310.870281 3.515726e+07
  310.731561 3.533349e+07
  310.592842 3.549742e+07
  310.454122 3.564849e+07
  310.315403 3.578634e+07
  310.176683 3.591082e+07
  310.037964 3.602201e+07
  309.899245 3.612021e+07
  309.760525 3.620588e+07
  309.621806 3.627970e+07
  309.483086 3.634246e+07
  309.344367 3.639512e+07
  309.205647 3.643878e+07
  309.066928 3.647462e+07
  308.928208 3.650391e+07
  308.789489 3.652802e+07
  308.650770 3.654833e+07
  308.512050 3.656628e+07
  308.373331 3.658335e+07
  308.234611 3.660097e+07
  308.095892 3.662062e+07
  307.957172 3.664371e+07
  307.818453 3.667162e+07
  307.679733 3.670564e+07
  307.541014 3.674707e+07
  307.402294 3.679702e+07
  307.263575 3.685654e+07
  307.124856 3.692655e+07
  306.986136 3.700786e+07
  306.847417 3.710113e+07
  306.708697 3.720682e+07
  306.569978 3.732530e+07
  306.431258 3.745670e+07
  306.292539 3.760105e+07
  306.153819 3.775814e+07
  306.015100 3.792765e+07
  305.876381 3.810906e+07
  305.737661 3.830174e+07
  305.598942 3.850490e+07
  305.460222 3.871766e+07
  305.321503 3.893902e+07
  305.182783 3.916792e+07
  305.044064 3.940323e+07
  304.905344 3.964382e+07
  304.766625 3.988854e+07
  304.627906 4.013626e+07
  304.489186 4.038588e+07
  304.350467 4.063638e+07
  304.211747 4.088680e+07
  304.073028 4.113627e+07
  303.934308 4.138402e+07
  303.795589 4.162941e+07
  303.656869 4.187186e+07
  303.518150 4.211094e+07
  303.379431 4.234630e+07
  303.240711 4.257778e+07
  303.101992 4.280521e+07
  302.963272 4.302859e+07
  302.824553 4.324799e+07
  302.685833 4.346358e+07
  302.547114 4.367560e+07
  302.408394 4.388434e+07
  302.269675 4.409021e+07
  302.130956 4.429360e+07
  301.992236 4.449499e+07
  301.853517 4.469493e+07
  301.714797 4.489397e+07
  301.576078 4.509270e+07
  301.437358 4.529172e+07
  301.298639 4.549166e+07
  301.159919 4.569315e+07
  301.021200 4.589683e+07
  300.882480 4.610331e+07
  300.743761 4.631315e+07
  300.605042 4.652694e+07
  300.466322 4.674517e+07
  300.327603 4.696828e+07
  300.188883 4.719668e+07
  300.050164 4.743069e+07
  299.911444 4.767054e+07
  299.772725 4.791641e+07
  299.634005 4.816837e+07
  299.495286 4.842642e+07
  299.356567 4.869049e+07
  299.217847 4.896042e+07
  299.079128 4.923595e+07
  298.940408 4.951681e+07
  298.801689 4.980261e+07
  298.662969 5.009296e+07
  298.524250 5.038738e+07
  298.385530 5.068539e+07
  298.246811 5.098642e+07
  298.108092 5.128992e+07
  297.969372 5.159530e+07
  297.830653 5.190196e+07
  297.691933 5.220927e+07
  297.553214 5.251659e+07
  297.414494 5.282331e+07
  297.275775 5.312875e+07
  297.137055 5.343225e+07
  296.998336 5.373316e+07
  296.859617 5.403083e+07
  296.720897 5.432462e+07
  296.582178 5.461386e+07
  296.443458 5.489794e+07
  296.304739 5.517624e+07
  296.166019 5.544817e+07
  296.027300 5.571316e+07
  295.888580 5.597073e+07
  295.749861 5.622037e+07
  295.611142 5.646167e+07
  295.472422 5.669428e+07
  295.333703 5.691789e+07
  295.194983 5.713228e+07
  295.056264 5.733733e+07
  294.917544 5.753296e+07
  294.778825 5.771922e+07
  294.640105 5.789623e+07
  294.501386 5.806422e+07
  294.362666 5.822349e+07
  294.223947 5.837446e+07
  294.085228 5.851762e+07
  293.946508 5.865353e+07
  293.807789 5.878284e+07
  293.669069 5.890630e+07
  293.530350 5.902461e+07
  293.391630 5.913859e+07
  293.252911 5.924904e+07
  293.114191 5.935678e+07
  292.975472 5.946263e+07
  292.836753 5.956736e+07
  292.698033 5.967170e+07
  292.559314 5.977630e+07
  292.420594 5.988181e+07
  292.281875 5.998871e+07
  292.143155 6.009742e+07
  292.004436 6.020831e+07
  291.865716 6.032155e+07
  291.726997 6.043730e+07
  291.588278 6.055552e+07
  291.449558 6.067618e+07
  291.310839 6.079906e+07
  291.172119 6.092394e+07
  291.033400 6.105044e+07
  290.894680 6.117819e+07
  290.755961 6.130676e+07
  290.617241 6.143565e+07
  290.478522 6.156440e+07
  290.339803 6.169247e+07
  290.201083 6.181941e+07
  290.062364 6.194471e+07
  289.923644 6.206795e+07
  289.784925 6.218874e+07
  289.646205 6.230668e+07
  289.507486 6.242150e+07
  289.368766 6.253293e+07
  289.230047 6.264076e+07
  289.091327 6.274484e+07
  288.952608 6.284508e+07
  288.813889 6.294142e+07
  288.675169 6.303386e+07
  288.536450 6.312242e+07
  288.397730 6.320716e+07
  288.259011 6.328815e+07
  288.120291 6.336550e+07
  287.981572 6.343934e+07
  287.842852 6.350981e+07
  287.704133 6.357700e+07
  287.565414 6.364104e+07
  287.426694 6.370210e+07
  287.287975 6.376026e+07
  287.149255 6.381564e+07
  287.010536 6.386835e+07
  286.871816 6.391846e+07
  286.733097 6.396610e+07
  286.594377 6.401129e+07
  286.455658 6.405413e+07
  286.316939 6.409466e+07
  286.178219 6.413295e+07
  286.039500 6.416903e+07
  285.900780 6.420295e+07
  285.762061 6.423474e+07
  285.623341 6.426442e+07
  285.484622 6.429202e+07
  285.345902 6.431754e+07
  285.207183 6.434095e+07
  285.068464 6.436226e+07
  284.929744 6.438136e+07
  284.791025 6.439821e+07
  284.652305 6.441270e+07
  284.513586 6.442465e+07
  284.374866 6.443391e+07
  284.236147 6.444023e+07
  284.097427 6.444336e+07
  283.958708 6.444299e+07
  283.819989 6.443878e+07
  283.681269 6.443036e+07
  283.542550 6.441732e+07
  283.403830 6.439925e+07
  283.265111 6.437572e+07
  283.126391 6.434631e+07
  282.987672 6.431064e+07
  282.848952 6.426828e+07
  282.710233 6.421894e+07
  282.571513 6.416230e+07
  282.432794 6.409817e+07
  282.294075 6.402636e+07
  282.155355 6.394679e+07
  282.016636 6.385948e+07
  281.877916 6.376446e+07
  281.739197 6.366186e+07
  281.600477 6.355193e+07
  281.461758 6.343490e+07
  281.323038 6.331108e+07
  281.184319 6.318078e+07
  281.045600 6.304439e+07
  280.906880 6.290226e+07
  280.768161 6.275474e+07
  280.629441 6.260218e+07
  280.490722 6.244486e+07
  280.352002 6.228310e+07
  280.213283 6.211711e+07
  280.074563 6.194710e+07
  279.935844 6.177322e+07
  279.797125 6.159561e+07
  279.658405 6.141434e+07
  279.519686 6.122949e+07
  279.380966 6.104111e+07
  279.242247 6.084925e+07
  279.103527 6.065398e+07
  278.964808 6.045536e+07
  278.826088 6.025350e+07
  278.687369 6.004855e+07
  278.548650 5.984070e+07
  278.409930 5.963022e+07
  278.271211 5.941741e+07
  278.132491 5.920271e+07
  277.993772 5.898657e+07
  277.855052 5.876957e+07
  277.716333 5.855237e+07
  277.577613 5.833574e+07
  277.438894 5.812050e+07
  277.300175 5.790762e+07
  277.161455 5.769810e+07
  277.022736 5.749304e+07
  276.884016 5.729362e+07
  276.745297 5.710106e+07
  276.606577 5.691664e+07
  276.467858 5.674167e+07
  276.329138 5.657746e+07
  276.190419 5.642530e+07
  276.051699 5.628651e+07
  275.912980 5.616226e+07
  275.774261 5.605377e+07
  275.635541 5.596210e+07
  275.496822 5.588820e+07
  275.358102 5.583292e+07
  275.219383 5.579698e+07
  275.080663 5.578094e+07
  274.941944 5.578521e+07
  274.803224 5.581002e+07
  274.664505 5.585545e+07
  274.525786 5.592144e+07
  274.387066 5.600774e+07
  274.248347 5.611397e+07
  274.109627 5.623960e+07
  273.970908 5.638399e+07
  273.832188 5.654641e+07
  273.693469 5.672597e+07
  273.554749 5.692176e+07
  273.416030 5.713282e+07
  273.277311 5.735812e+07
  273.138591 5.759661e+07
  272.999872 5.784726e+07
  272.861152 5.810902e+07
  272.722433 5.838087e+07
  272.583713 5.866186e+07
  272.444994 5.895105e+07
  272.306274 5.924753e+07
  272.167555 5.955050e+07
  272.028836 5.985919e+07
  271.890116 6.017293e+07
  271.751397 6.049105e+07
  271.612677 6.081300e+07
  271.473958 6.113826e+07
  271.335238 6.146641e+07
  271.196519 6.179699e+07
  271.057799 6.212969e+07
  270.919080 6.246417e+07
  270.780360 6.280016e+07
  270.641641 6.313738e+07
  270.502922 6.347565e+07
  270.364202 6.381471e+07
  270.225483 6.415437e+07
  270.086763 6.449442e+07
  269.948044 6.483468e+07
  269.809324 6.517490e+07
  269.670605 6.551487e+07
  269.531885 6.585434e+07
  269.393166 6.619304e+07
  269.254447 6.653066e+07
  269.115727 6.686685e+07
  268.977008 6.720125e+07
  268.838288 6.753344e+07
  268.699569 6.786295e+07
  268.560849 6.818929e+07
  268.422130 6.851192e+07
  268.283410 6.883028e+07
  268.144691 6.914371e+07
  268.005972 6.945161e+07
  267.867252 6.975329e+07
  267.728533 7.004809e+07
  267.589813 7.033531e+07
  267.451094 7.061432e+07
  267.312374 7.088444e+07
  267.173655 7.114506e+07
  267.034935 7.139557e+07
  266.896216 7.163547e+07
  266.757497 7.186429e+07
  266.618777 7.208159e+07
  266.480058 7.228707e+07
  266.341338 7.248050e+07
  266.202619 7.266164e+07
  266.063899 7.283045e+07
  265.925180 7.298689e+07
  265.786460 7.313102e+07
  265.647741 7.326298e+07
  265.509022 7.338296e+07
  265.370302 7.349122e+07
  265.231583 7.358802e+07
  265.092863 7.367377e+07
  264.954144 7.374880e+07
  264.815424 7.381357e+07
  264.676705 7.386849e+07
  264.537985 7.391402e+07
  264.399266 7.395070e+07
  264.260546 7.397897e+07
  264.121827 7.399937e+07
  263.983108 7.401246e+07
  263.844388 7.401875e+07
  263.705669 7.401882e+07
  263.566949 7.401322e+07
  263.428230 7.400257e+07
  263.289510 7.398744e+07
  263.150791 7.396846e+07
  263.012071 7.394623e+07
  262.873352 7.392141e+07
  262.734633 7.389460e+07
  262.595913 7.386645e+07
  262.457194 7.383755e+07
  262.318474 7.380860e+07
  262.179755 7.378016e+07
  262.041035 7.375286e+07
  261.902316 7.372732e+07
  261.763596 7.370409e+07
  261.624877 7.368378e+07
  261.486158 7.366690e+07
  261.347438 7.365404e+07
  261.208719 7.364567e+07
  261.069999 7.364230e+07
  260.931280 7.364438e+07
  260.792560 7.365231e+07
  260.653841 7.366650e+07
  260.515121 7.368726e+07
  260.376402 7.371487e+07
  260.237683 7.374952e+07
  260.098963 7.379136e+07
  259.960244 7.384042e+07
  259.821524 7.389668e+07
  259.682805 7.395995e+07
  259.544085 7.403005e+07
  259.405366 7.410659e+07
  259.266646 7.418917e+07
  259.127927 7.427720e+07
  258.989208 7.437006e+07
  258.850488 7.446700e+07
  258.711769 7.456722e+07
  258.573049 7.466979e+07
  258.434330 7.477380e+07
  258.295610 7.487822e+07
  258.156891 7.498201e+07
  258.018171 7.508412e+07
  257.879452 7.518347e+07
  257.740732 7.527902e+07
  257.602013 7.536969e+07
  257.463294 7.545446e+07
  257.324574 7.553235e+07
  257.185855 7.560246e+07
  257.047135 7.566390e+07
  256.908416 7.571590e+07
  256.769696 7.575771e+07
  256.630977 7.578873e+07
  256.492257 7.580840e+07
  256.353538 7.581629e+07
  256.214819 7.581207e+07
  256.076099 7.579550e+07
  255.937380 7.576646e+07
  255.798660 7.572491e+07
  255.659941 7.567098e+07
  255.521221 7.560486e+07
  255.382502 7.552686e+07
  255.243782 7.543738e+07
  255.105063 7.533692e+07
  254.966344 7.522608e+07
  254.827624 7.510555e+07
  254.688905 7.497610e+07
  254.550185 7.483854e+07
  254.411466 7.469377e+07
  254.272746 7.454278e+07
  254.134027 7.438655e+07
  253.995307 7.422616e+07
  253.856588 7.406270e+07
  253.717869 7.389730e+07
  253.579149 7.373112e+07
  253.440430 7.356537e+07
  253.301710 7.340125e+07
  253.162991 7.323996e+07
  253.024271 7.308278e+07
  252.885552 7.293087e+07
  252.746832 7.278550e+07
  252.608113 7.264785e+07
  252.469393 7.251909e+07
  252.330674 7.240032e+07
  252.191955 7.229261e+07
  252.053235 7.219694e+07
  251.914516 7.211422e+07
  251.775796 7.204520e+07
  251.637077 7.199054e+07
  251.498357 7.195079e+07
  251.359638 7.192630e+07
  251.220918 7.191725e+07
  251.082199 7.192370e+07
  250.943480 7.194550e+07
  250.804760 7.198232e+07
  250.666041 7.203367e+07
  250.527321 7.209886e+07
  250.388602 7.217704e+07
  250.249882 7.226723e+07
  250.111163 7.236828e+07
  249.972443 7.247894e+07
  249.833724 7.259782e+07
  249.695005 7.272350e+07
  249.556285 7.285442e+07
  249.417566 7.298907e+07
  249.278846 7.312587e+07
  249.140127 7.326327e+07
  249.001407 7.339977e+07
  248.862688 7.353386e+07
  248.723968 7.366418e+07
  248.585249 7.378945e+07
  248.446530 7.390842e+07
  248.307810 7.402009e+07
  248.169091 7.412345e+07
  248.030371 7.421773e+07
  247.891652 7.430224e+07
  247.752932 7.437648e+07
  247.614213 7.444001e+07
  247.475493 7.449260e+07
  247.336774 7.453406e+07
  247.198055 7.456434e+07
  247.059335 7.458350e+07
  246.920616 7.459166e+07
  246.781896 7.458903e+07
  246.643177 7.457586e+07
  246.504457 7.455245e+07
  246.365738 7.451912e+07
  246.227018 7.447628e+07
  246.088299 7.442428e+07
  245.949579 7.436353e+07
  245.810860 7.429445e+07
  245.672141 7.421743e+07
  245.533421 7.413294e+07
  245.394702 7.404137e+07
  245.255982 7.394320e+07
  245.117263 7.383890e+07
  244.978543 7.372891e+07
  244.839824 7.361373e+07
  244.701104 7.349386e+07
  244.562385 7.336985e+07
  244.423666 7.324222e+07
  244.284946 7.311158e+07
  244.146227 7.297847e+07
  244.007507 7.284358e+07
  243.868788 7.270749e+07
  243.730068 7.257091e+07
  243.591349 7.243450e+07
  243.452629 7.229894e+07
  243.313910 7.216501e+07
  243.175191 7.203339e+07
  243.036471 7.190482e+07
  242.897752 7.178003e+07
  242.759032 7.165976e+07
  242.620313 7.154470e+07
  242.481593 7.143554e+07
  242.342874 7.133296e+07
  242.204154 7.123756e+07
  242.065435 7.114995e+07
  241.926716 7.107062e+07
  241.787996 7.100010e+07
  241.649277 7.093877e+07
  241.510557 7.088699e+07
  241.371838 7.084508e+07
  241.233118 7.081327e+07
  241.094399 7.079172e+07
  240.955679 7.078055e+07
  240.816960 7.077979e+07
  240.678241 7.078945e+07
  240.539521 7.080941e+07
  240.400802 7.083958e+07
  240.262082 7.087974e+07
  240.123363 7.092970e+07
  239.984643 7.098914e+07
  239.845924 7.105774e+07
  239.707204 7.113513e+07
  239.568485 7.122090e+07
  239.429765 7.131461e+07
  239.291046 7.141576e+07
  239.152327 7.152388e+07
  239.013607 7.163843e+07
  238.874888 7.175890e+07
  238.736168 7.188478e+07
  238.597449 7.201550e+07
  238.458729 7.215053e+07
  238.320010 7.228936e+07
  238.181290 7.243149e+07
  238.042571 7.257642e+07
  237.903852 7.272366e+07
  237.765132 7.287278e+07
  237.626413 7.302331e+07
  237.487693 7.317483e+07
  237.348974 7.332691e+07
  237.210254 7.347916e+07
  237.071535 7.363116e+07
  236.932815 7.378252e+07
  236.794096 7.393285e+07
  236.655377 7.408174e+07
  236.516657 7.422882e+07
  236.377938 7.437369e+07
  236.239218 7.451595e+07
  236.100499 7.465524e+07
  235.961779 7.479114e+07
  235.823060 7.492330e+07
  235.684340 7.505139e+07
  235.545621 7.517502e+07
  235.406902 7.529390e+07
  235.268182 7.540772e+07
  235.129463 7.551623e+07
  234.990743 7.561917e+07
  234.852024 7.571638e+07
  234.713304 7.580762e+07
  234.574585 7.589286e+07
  234.435865 7.597194e+07
  234.297146 7.604490e+07
  234.158426 7.611171e+07
  234.019707 7.617247e+07
  233.880988 7.622731e+07
  233.742268 7.627644e+07
  233.603549 7.632014e+07
  233.464829 7.635874e+07
  233.326110 7.639271e+07
  233.187390 7.642256e+07
  233.048671 7.644890e+07
  232.909951 7.647247e+07
  232.771232 7.649408e+07
  232.632513 7.651465e+07
  232.493793 7.653520e+07
  232.355074 7.655686e+07
  232.216354 7.658083e+07
  232.077635 7.660842e+07
  231.938915 7.664100e+07
  231.800196 7.668001e+07
  231.661476 7.672693e+07
  231.522757 7.678326e+07
  231.384038 7.685054e+07
  231.245318 7.693025e+07
  231.106599 7.702389e+07
  230.967879 7.713284e+07
  230.829160 7.725846e+07
  230.690440 7.740194e+07
  230.551721 7.756439e+07
  230.413001 7.774672e+07
  230.274282 7.794968e+07
  230.135563 7.817385e+07
  229.996843 7.841954e+07
  229.858124 7.868686e+07
  229.719404 7.897573e+07
  229.580685 7.928573e+07
  229.441965 7.961627e+07
  229.303246 7.996652e+07
  229.164526 8.033538e+07
  229.025807 8.072154e+07
  228.887088 8.112350e+07
  228.748368 8.153954e+07
  228.609649 8.196779e+07
  228.470929 8.240628e+07
  228.332210 8.285283e+07
  228.193490 8.330530e+07
  228.054771 8.376138e+07
  227.916051 8.421879e+07
  227.777332 8.467526e+07
  227.638612 8.512850e+07
  227.499893 8.557632e+07
  227.361174 8.601656e+07
  227.222454 8.644718e+07
  227.083735 8.686627e+07
  226.945015 8.727203e+07
  226.806296 8.766280e+07
  226.667576 8.803709e+07
  226.528857 8.839355e+07
  226.390137 8.873102e+07
  226.251418 8.904853e+07
  226.112699 8.934526e+07
  225.973979 8.962059e+07
  225.835260 8.987408e+07
  225.696540 9.010550e+07
  225.557821 9.031474e+07
  225.419101 9.050194e+07
  225.280382 9.066737e+07
  225.141662 9.081149e+07
  225.002943 9.093492e+07
  224.864224 9.103842e+07
  224.725504 9.112289e+07
  224.586785 9.118937e+07
  224.448065 9.123901e+07
  224.309346 9.127305e+07
  224.170626 9.129279e+07
  224.031907 9.129963e+07
  223.893187 9.129499e+07
  223.754468 9.128030e+07
  223.615749 9.125702e+07
  223.477029 9.122658e+07
  223.338310 9.119038e+07
  223.199590 9.114978e+07
  223.060871 9.110609e+07
  222.922151 9.106050e+07
  222.783432 9.101420e+07
  222.644712 9.096822e+07
  222.505993 9.092351e+07
  222.367274 9.088095e+07
  222.228554 9.084127e+07
  222.089835 9.080515e+07
  221.951115 9.077312e+07
  221.812396 9.074563e+07
  221.673676 9.072306e+07
  221.534957 9.070566e+07
  221.396237 9.069365e+07
  221.257518 9.068710e+07
  221.118798 9.068613e+07
  220.980079 9.069074e+07
  220.841360 9.070092e+07
  220.702640 9.071662e+07
  220.563921 9.073781e+07
  220.425201 9.076446e+07
  220.286482 9.079652e+07
  220.147762 9.083406e+07
  220.009043 9.087711e+07
  219.870323 9.092582e+07
  219.731604 9.098034e+07
  219.592885 9.104094e+07
  219.454165 9.110794e+07
  219.315446 9.118173e+07
  219.176726 9.126279e+07
  219.038007 9.135164e+07
  218.899287 9.144886e+07
  218.760568 9.155509e+07
  218.621848 9.167100e+07
  218.483129 9.179729e+07
  218.344410 9.193465e+07
  218.205690 9.208377e+07
  218.066971 9.224533e+07
  217.928251 9.241994e+07
  217.789532 9.260821e+07
  217.650812 9.281064e+07
  217.512093 9.302766e+07
  217.373373 9.325965e+07
  217.234654 9.350685e+07
  217.095935 9.376946e+07
  216.957215 9.404754e+07
  216.818496 9.434109e+07
  216.679776 9.465003e+07
  216.541057 9.497416e+07
  216.402337 9.531322e+07
  216.263618 9.566691e+07
  216.124898 9.603486e+07
  215.986179 9.641665e+07
  215.847459 9.681185e+07
  215.708740 9.721999e+07
  215.570021 9.764060e+07
  215.431301 9.807322e+07
  215.292582 9.851737e+07
  215.153862 9.897262e+07
  215.015143 9.943852e+07
  214.876423 9.991465e+07
  214.737704 1.004006e+08
  214.598984 1.008961e+08
  214.460265 1.014006e+08
  214.321546 1.019138e+08
  214.182826 1.024354e+08
  214.044107 1.029650e+08
  213.905387 1.035022e+08
  213.766668 1.040464e+08
  213.627948 1.045974e+08
  213.489229 1.051544e+08
  213.350509 1.057170e+08
  213.211790 1.062844e+08
  213.073071 1.068558e+08
  212.934351 1.074305e+08
  212.795632 1.080074e+08
  212.656912 1.085856e+08
  212.518193 1.091638e+08
  212.379473 1.097409e+08
  212.240754 1.103155e+08
  212.102034 1.108862e+08
  211.963315 1.114516e+08
  211.824596 1.120100e+08
  211.685876 1.125600e+08
  211.547157 1.130998e+08
  211.408437 1.136279e+08
  211.269718 1.141426e+08
  211.130998 1.146423e+08
  210.992279 1.151254e+08
  210.853559 1.155906e+08
  210.714840 1.160362e+08
  210.576121 1.164612e+08
  210.437401 1.168642e+08
  210.298682 1.172444e+08
  210.159962 1.176008e+08
  210.021243 1.179330e+08
  209.882523 1.182403e+08
  209.743804 1.185226e+08
  209.605084 1.187799e+08
  209.466365 1.190123e+08
  209.327645 1.192203e+08
  209.188926 1.194044e+08
  209.050207 1.195656e+08
  208.911487 1.197046e+08
  208.772768 1.198228e+08
  208.634048 1.199213e+08
  208.495329 1.200017e+08
  208.356609 1.200654e+08
  208.217890 1.201141e+08
  208.079170 1.201494e+08
  207.940451 1.201732e+08
  207.801732 1.201871e+08
  207.663012 1.201929e+08
  207.524293 1.201923e+08
  207.385573 1.201872e+08
  207.246854 1.201791e+08
  207.108134 1.201697e+08
  206.969415 1.201606e+08
  206.830695 1.201534e+08
  206.691976 1.201495e+08
  206.553257 1.201502e+08
  206.414537 1.201571e+08
  206.275818 1.201712e+08
  206.137098 1.201939e+08
  205.998379 1.202263e+08
  205.859659 1.202695e+08
  205.720940 1.203247e+08
  205.582220 1.203927e+08
  205.443501 1.204745e+08
  205.304782 1.205712e+08
  205.166062 1.206834e+08
  205.027343 1.208120e+08
  204.888623 1.209577e+08
  204.749904 1.211212e+08
  204.611184 1.213029e+08
  204.472465 1.215034e+08
  204.333745 1.217230e+08
  204.195026 1.219619e+08
  204.056307 1.222203e+08
  203.917587 1.224981e+08
  203.778868 1.227953e+08
  203.640148 1.231116e+08
  203.501429 1.234465e+08
  203.362709 1.237996e+08
  203.223990 1.241702e+08
  203.085270 1.245574e+08
  202.946551 1.249605e+08
  202.807831 1.253783e+08
  202.669112 1.258097e+08
  202.530393 1.262535e+08
  202.391673 1.267084e+08
  202.252954 1.271729e+08
  202.114234 1.276456e+08
  201.975515 1.281250e+08
  201.836795 1.286094e+08
  201.698076 1.290972e+08
  201.559356 1.295868e+08
  201.420637 1.300763e+08
  201.281918 1.305641e+08
  201.143198 1.310485e+08
  201.004479 1.315277e+08
  200.865759 1.320002e+08
  200.727040 1.324642e+08
  200.588320 1.329183e+08
  200.449601 1.333611e+08
  200.310881 1.337912e+08
  200.172162 1.342075e+08
  200.033443 1.346091e+08
  199.894723 1.349952e+08
  199.756004 1.353652e+08
  199.617284 1.357188e+08
  199.478565 1.360558e+08
  199.339845 1.363766e+08
  199.201126 1.366815e+08
  199.062406 1.369711e+08
  198.923687 1.372464e+08
  198.784968 1.375086e+08
  198.646248 1.377591e+08
  198.507529 1.379992e+08
  198.368809 1.382309e+08
  198.230090 1.384560e+08
  198.091370 1.386765e+08
  197.952651 1.388944e+08
  197.813931 1.391118e+08
  197.675212 1.393310e+08
  197.536492 1.395539e+08
  197.397773 1.397827e+08
  197.259054 1.400195e+08
  197.120334 1.402661e+08
  196.981615 1.405243e+08
  196.842895 1.407960e+08
  196.704176 1.410825e+08
  196.565456 1.413855e+08
  196.426737 1.417060e+08
  196.288017 1.420452e+08
  196.149298 1.424040e+08
  196.010579 1.427832e+08
  195.871859 1.431833e+08
  195.733140 1.436048e+08
  195.594420 1.440479e+08
  195.455701 1.445126e+08
  195.316981 1.449988e+08
  195.178262 1.455063e+08
  195.039542 1.460345e+08
  194.900823 1.465828e+08
  194.762104 1.471503e+08
  194.623384 1.477361e+08
  194.484665 1.483390e+08
  194.345945 1.489576e+08
  194.207226 1.495904e+08
  194.068506 1.502356e+08
  193.929787 1.508917e+08
  193.791067 1.515565e+08
  193.652348 1.522281e+08
  193.513629 1.529043e+08
  193.374909 1.535830e+08
  193.236190 1.542619e+08
  193.097470 1.549389e+08
  192.958751 1.556117e+08
  192.820031 1.562781e+08
  192.681312 1.569360e+08
  192.542592 1.575833e+08
  192.403873 1.582182e+08
  192.265154 1.588387e+08
  192.126434 1.594432e+08
  191.987715 1.600301e+08
  191.848995 1.605979e+08
  191.710276 1.611454e+08
  191.571556 1.616715e+08
  191.432837 1.621752e+08
  191.294117 1.626557e+08
  191.155398 1.631123e+08
  191.016678 1.635445e+08
  190.877959 1.639520e+08
  190.739240 1.643346e+08
  190.600520 1.646922e+08
  190.461801 1.650249e+08
  190.323081 1.653330e+08
  190.184362 1.656168e+08
  190.045642 1.658770e+08
  189.906923 1.661142e+08
  189.768203 1.663293e+08
  189.629484 1.665233e+08
  189.490765 1.666974e+08
  189.352045 1.668529e+08
  189.213326 1.669914e+08
  189.074606 1.671145e+08
  188.935887 1.672239e+08
  188.797167 1.673216e+08
  188.658448 1.674097e+08
  188.519728 1.674902e+08
  188.381009 1.675654e+08
  188.242290 1.676377e+08
  188.103570 1.677092e+08
  187.964851 1.677824e+08
  187.826131 1.678595e+08
  187.687412 1.679428e+08
  187.548692 1.680345e+08
  187.409973 1.681366e+08
  187.271253 1.682511e+08
  187.132534 1.683798e+08
  186.993815 1.685243e+08
  186.855095 1.686860e+08
  186.716376 1.688663e+08
  186.577656 1.690661e+08
  186.438937 1.692864e+08
  186.300217 1.695279e+08
  186.161498 1.697909e+08
  186.022778 1.700759e+08
  185.884059 1.703831e+08
  185.745340 1.707123e+08
  185.606620 1.710636e+08
  185.467901 1.714366e+08
  185.329181 1.718309e+08
  185.190462 1.722463e+08
  185.051742 1.726820e+08
  184.913023 1.731375e+08
  184.774303 1.736122e+08
  184.635584 1.741052e+08
  184.496864 1.746160e+08
  184.358145 1.751436e+08
  184.219426 1.756873e+08
  184.080706 1.762462e+08
  183.941987 1.768193e+08
  183.803267 1.774058e+08
  183.664548 1.780048e+08
  183.525828 1.786151e+08
  183.387109 1.792358e+08
  183.248389 1.798659e+08
  183.109670 1.805041e+08
  182.970951 1.811494e+08
  182.832231 1.818007e+08
  182.693512 1.824566e+08
  182.554792 1.831160e+08
  182.416073 1.837777e+08
  182.277353 1.844403e+08
  182.138634 1.851026e+08
  181.999914 1.857634e+08
  181.861195 1.864214e+08
  181.722476 1.870754e+08
  181.583756 1.877243e+08
  181.445037 1.883669e+08
  181.306317 1.890022e+08
  181.167598 1.896292e+08
  181.028878 1.902471e+08
  180.890159 1.908549e+08
  180.751439 1.914521e+08
  180.612720 1.920380e+08
  180.474001 1.926119e+08
  180.335281 1.931735e+08
  180.196562 1.937224e+08
  180.057842 1.942582e+08
  179.919123 1.947807e+08
  179.780403 1.952897e+08
  179.641684 1.957850e+08
  179.502964 1.962663e+08
  179.364245 1.967337e+08
  179.225525 1.971868e+08
  179.086806 1.976254e+08
  178.948087 1.980494e+08
  178.809367 1.984584e+08
  178.670648 1.988522e+08
  178.531928 1.992303e+08
  178.393209 1.995923e+08
  178.254489 1.999376e+08
  178.115770 2.002657e+08
  177.977050 2.005760e+08
  177.838331 2.008678e+08
  177.699612 2.011405e+08
  177.560892 2.013931e+08
  177.422173 2.016252e+08
  177.283453 2.018358e+08
  177.144734 2.020244e+08
  177.006014 2.021903e+08
  176.867295 2.023329e+08
  176.728575 2.024519e+08
  176.589856 2.025467e+08
  176.451137 2.026173e+08
  176.312417 2.026635e+08
  176.173698 2.026856e+08
  176.034978 2.026839e+08
  175.896259 2.026590e+08
  175.757539 2.026115e+08
  175.618820 2.025426e+08
  175.480100 2.024535e+08
  175.341381 2.023455e+08
  175.202662 2.022205e+08
  175.063942 2.020801e+08
  174.925223 2.019265e+08
  174.786503 2.017618e+08
  174.647784 2.015883e+08
  174.509064 2.014084e+08
  174.370345 2.012245e+08
  174.231625 2.010392e+08
  174.092906 2.008548e+08
  173.954187 2.006739e+08
  173.815467 2.004987e+08
  173.676748 2.003317e+08
  173.538028 2.001748e+08
  173.399309 2.000302e+08
  173.260589 1.998997e+08
  173.121870 1.997849e+08
  172.983150 1.996874e+08
  172.844431 1.996085e+08
  172.705711 1.995492e+08
  172.566992 1.995105e+08
  172.428273 1.994930e+08
  172.289553 1.994972e+08
  172.150834 1.995235e+08
  172.012114 1.995720e+08
  171.873395 1.996426e+08
  171.734675 1.997353e+08
  171.595956 1.998495e+08
  171.457236 1.999850e+08
  171.318517 2.001412e+08
  171.179798 2.003174e+08
  171.041078 2.005130e+08
  170.902359 2.007271e+08
  170.763639 2.009590e+08
  170.624920 2.012079e+08
  170.486200 2.014730e+08
  170.347481 2.017533e+08
  170.208761 2.020483e+08
  170.070042 2.023570e+08
  169.931323 2.026787e+08
  169.792603 2.030128e+08
  169.653884 2.033586e+08
  169.515164 2.037154e+08
  169.376445 2.040827e+08
  169.237725 2.044600e+08
  169.099006 2.048469e+08
  168.960286 2.052428e+08
  168.821567 2.056474e+08
  168.682848 2.060602e+08
  168.544128 2.064811e+08
  168.405409 2.069096e+08
  168.266689 2.073456e+08
  168.127970 2.077886e+08
  167.989250 2.082386e+08
  167.850531 2.086952e+08
  167.711811 2.091583e+08
  167.573092 2.096276e+08
  167.434373 2.101028e+08
  167.295653 2.105838e+08
  167.156934 2.110704e+08
  167.018214 2.115622e+08
  166.879495 2.120591e+08
  166.740775 2.125606e+08
  166.602056 2.130666e+08
  166.463336 2.135767e+08
  166.324617 2.140905e+08
  166.185897 2.146076e+08
  166.047178 2.151277e+08
  165.908459 2.156502e+08
  165.769739 2.161749e+08
  165.631020 2.167010e+08
  165.492300 2.172283e+08
  165.353581 2.177562e+08
  165.214861 2.182841e+08
  165.076142 2.188116e+08
  164.937422 2.193381e+08
  164.798703 2.198631e+08
  164.659984 2.203860e+08
  164.521264 2.209065e+08
  164.382545 2.214239e+08
  164.243825 2.219379e+08
  164.105106 2.224480e+08
  163.966386 2.229538e+08
  163.827667 2.234550e+08
  163.688947 2.239513e+08
  163.550228 2.244424e+08
  163.411509 2.249283e+08
  163.272789 2.254090e+08
  163.134070 2.258843e+08
  162.995350 2.263546e+08
  162.856631 2.268201e+08
  162.717911 2.272811e+08
  162.579192 2.277382e+08
  162.440472 2.281920e+08
  162.301753 2.286432e+08
  162.163034 2.290927e+08
  162.024314 2.295415e+08
  161.885595 2.299908e+08
  161.746875 2.304417e+08
  161.608156 2.308955e+08
  161.469436 2.313536e+08
  161.330717 2.318176e+08
  161.191997 2.322888e+08
  161.053278 2.327688e+08
  160.914558 2.332591e+08
  160.775839 2.337614e+08
  160.637120 2.342769e+08
  160.498400 2.348073e+08
  160.359681 2.353537e+08
  160.220961 2.359175e+08
  160.082242 2.364996e+08
  159.943522 2.371010e+08
  159.804803 2.377224e+08
  159.666083 2.383643e+08
  159.527364 2.390270e+08
  159.388645 2.397105e+08
  159.249925 2.404147e+08
  159.111206 2.411390e+08
  158.972486 2.418827e+08
  158.833767 2.426450e+08
  158.695047 2.434245e+08
  158.556328 2.442199e+08
  158.417608 2.450295e+08
  158.278889 2.458514e+08
  158.140170 2.466837e+08
  158.001450 2.475241e+08
  157.862731 2.483705e+08
  157.724011 2.492205e+08
  157.585292 2.500717e+08
  157.446572 2.509217e+08
  157.307853 2.517682e+08
  157.169133 2.526089e+08
  157.030414 2.534417e+08
  156.891695 2.542645e+08
  156.752975 2.550754e+08
  156.614256 2.558727e+08
  156.475536 2.566550e+08
  156.336817 2.574211e+08
  156.198097 2.581701e+08
  156.059378 2.589011e+08
  155.920658 2.596138e+08
  155.781939 2.603081e+08
  155.643220 2.609841e+08
  155.504500 2.616422e+08
  155.365781 2.622831e+08
  155.227061 2.629076e+08
  155.088342 2.635169e+08
  154.949622 2.641123e+08
  154.810903 2.646953e+08
  154.672183 2.652676e+08
  154.533464 2.658310e+08
  154.394744 2.663874e+08
  154.256025 2.669388e+08
  154.117306 2.674871e+08
  153.978586 2.680343e+08
  153.839867 2.685825e+08
  153.701147 2.691336e+08
  153.562428 2.696896e+08
  153.423708 2.702522e+08
  153.284989 2.708231e+08
  153.146269 2.714038e+08
  153.007550 2.719958e+08
  152.868831 2.726003e+08
  152.730111 2.732184e+08
  152.591392 2.738508e+08
  152.452672 2.744982e+08
  152.313953 2.751611e+08
  152.175233 2.758397e+08
  152.036514 2.765339e+08
  151.897794 2.772435e+08
  151.759075 2.779680e+08
  151.620356 2.787067e+08
  151.481636 2.794587e+08
  151.342917 2.802229e+08
  151.204197 2.809979e+08
  151.065478 2.817823e+08
  150.926758 2.825743e+08
  150.788039 2.833723e+08
  150.649319 2.841742e+08
  150.510600 2.849782e+08
  150.371881 2.857820e+08
  150.233161 2.865836e+08
  150.094442 2.873810e+08
  149.955722 2.881720e+08
  149.817003 2.889546e+08
  149.678283 2.897269e+08
  149.539564 2.904870e+08
  149.400844 2.912333e+08
  149.262125 2.919643e+08
  149.123405 2.926787e+08
  148.984686 2.933752e+08
  148.845967 2.940531e+08
  148.707247 2.947116e+08
  148.568528 2.953502e+08
  148.429808 2.959688e+08
  148.291089 2.965672e+08
  148.152369 2.971457e+08
  148.013650 2.977047e+08
  147.874930 2.982447e+08
  147.736211 2.987664e+08
  147.597492 2.992707e+08
  147.458772 2.997585e+08
  147.320053 3.002309e+08
  147.181333 3.006890e+08
  147.042614 3.011338e+08
  146.903894 3.015666e+08
  146.765175 3.019885e+08
  146.626455 3.024006e+08
  146.487736 3.028040e+08
  146.349017 3.031995e+08
  146.210297 3.035882e+08
  146.071578 3.039709e+08
  145.932858 3.043483e+08
  145.794139 3.047210e+08
  145.655419 3.050894e+08
  145.516700 3.054540e+08
  145.377980 3.058151e+08
  145.239261 3.061728e+08
  145.100542 3.065271e+08
  144.961822 3.068779e+08
  144.823103 3.072250e+08
  144.684383 3.075683e+08
  144.545664 3.079071e+08
  144.406944 3.082412e+08
  144.268225 3.085698e+08
  144.129505 3.088923e+08
  143.990786 3.092081e+08
  143.852067 3.095163e+08
  143.713347 3.098163e+08
  143.574628 3.101071e+08
  143.435908 3.103881e+08
  143.297189 3.106584e+08
  143.158469 3.109174e+08
  143.019750 3.111645e+08
  142.881030 3.113991e+08
  142.742311 3.116208e+08
  142.603591 3.118294e+08
  142.464872 3.120247e+08
  142.326153 3.122067e+08
  142.187433 3.123756e+08
  142.048714 3.125318e+08
  141.909994 3.126758e+08
  141.771275 3.128083e+08
  141.632555 3.129301e+08
  141.493836 3.130421e+08
  141.355116 3.131454e+08
  141.216397 3.132413e+08
  141.077678 3.133310e+08
  140.938958 3.134157e+08
  140.800239 3.134968e+08
  140.661519 3.135756e+08
  140.522800 3.136534e+08
  140.384080 3.137314e+08
  140.245361 3.138108e+08
  140.106641 3.138925e+08
  139.967922 3.139776e+08
  139.829203 3.140667e+08
  139.690483 3.141605e+08
  139.551764 3.142595e+08
  139.413044 3.143639e+08
  139.274325 3.144739e+08
  139.135605 3.145895e+08
  138.996886 3.147105e+08
  138.858166 3.148368e+08
  138.719447 3.149679e+08
  138.580728 3.151034e+08
  138.442008 3.152430e+08
  138.303289 3.153860e+08
  138.164569 3.155322e+08
  138.025850 3.156811e+08
  137.887130 3.158324e+08
  137.748411 3.159859e+08
  137.609691 3.161415e+08
  137.470972 3.162993e+08
  137.332253 3.164595e+08
  137.193533 3.166226e+08
  137.054814 3.167890e+08
  136.916094 3.169595e+08
  136.777375 3.171350e+08
  136.638655 3.173164e+08
  136.499936 3.175050e+08
  136.361216 3.177020e+08
  136.222497 3.179086e+08
  136.083777 3.181264e+08
  135.945058 3.183567e+08
  135.806339 3.186010e+08
  135.667619 3.188606e+08
  135.528900 3.191370e+08
  135.390180 3.194315e+08
  135.251461 3.197454e+08
  135.112741 3.200800e+08
  134.974022 3.204363e+08
  134.835302 3.208154e+08
  134.696583 3.212182e+08
  134.557864 3.216456e+08
  134.419144 3.220983e+08
  134.280425 3.225770e+08
  134.141705 3.230823e+08
  134.002986 3.236145e+08
  133.864266 3.241740e+08
  133.725547 3.247611e+08
  133.586827 3.253759e+08
  133.448108 3.260184e+08
  133.309389 3.266885e+08
  133.170669 3.273859e+08
  133.031950 3.281104e+08
  132.893230 3.288614e+08
  132.754511 3.296383e+08
  132.615791 3.304403e+08
  132.477072 3.312666e+08
  132.338352 3.321160e+08
  132.199633 3.329873e+08
  132.060914 3.338793e+08
  131.922194 3.347903e+08
  131.783475 3.357188e+08
  131.644755 3.366630e+08
  131.506036 3.376212e+08
  131.367316 3.385914e+08
  131.228597 3.395715e+08
  131.089877 3.405597e+08
  130.951158 3.415539e+08
  130.812438 3.425521e+08
  130.673719 3.435523e+08
  130.535000 3.445526e+08
  130.396280 3.455512e+08
  130.257561 3.465464e+08
  130.118841 3.475368e+08
  129.980122 3.485208e+08
  129.841402 3.494973e+08
  129.702683 3.504653e+08
  129.563963 3.514239e+08
  129.425244 3.523726e+08
  129.286525 3.533108e+08
  129.147805 3.542385e+08
  129.009086 3.551556e+08
  128.870366 3.560622e+08
  128.731647 3.569587e+08
  128.592927 3.578455e+08
  128.454208 3.587232e+08
  128.315488 3.595925e+08
  128.176769 3.604541e+08
  128.038050 3.613089e+08
  127.899330 3.621576e+08
  127.760611 3.630010e+08
  127.621891 3.638400e+08
  127.483172 3.646752e+08
  127.344452 3.655073e+08
  127.205733 3.663368e+08
  127.067013 3.671643e+08
  126.928294 3.679901e+08
  126.789575 3.688144e+08
  126.650855 3.696374e+08
  126.512136 3.704592e+08
  126.373416 3.712798e+08
  126.234697 3.720989e+08
  126.095977 3.729165e+08
  125.957258 3.737323e+08
  125.818538 3.745459e+08
  125.679819 3.753570e+08
  125.541100 3.761652e+08
  125.402380 3.769701e+08
  125.263661 3.777714e+08
  125.124941 3.785686e+08
  124.986222 3.793615e+08
  124.847502 3.801495e+08
  124.708783 3.809325e+08
  124.570063 3.817100e+08
  124.431344 3.824818e+08
  124.292624 3.832478e+08
  124.153905 3.840076e+08
  124.015186 3.847612e+08
  123.876466 3.855084e+08
  123.737747 3.862492e+08
  123.599027 3.869835e+08
  123.460308 3.877113e+08
  123.321588 3.884326e+08
  123.182869 3.891475e+08
  123.044149 3.898562e+08
  122.905430 3.905587e+08
  122.766711 3.912553e+08
  122.627991 3.919461e+08
  122.489272 3.926312e+08
  122.350552 3.933110e+08
  122.211833 3.939856e+08
  122.073113 3.946551e+08
  121.934394 3.953198e+08
  121.795674 3.959797e+08
  121.656955 3.966350e+08
  121.518236 3.972857e+08
  121.379516 3.979316e+08
  121.240797 3.985728e+08
  121.102077 3.992089e+08
  120.963358 3.998397e+08
  120.824638 4.004648e+08
  120.685919 4.010838e+08
  120.547199 4.016962e+08
  120.408480 4.023013e+08
  120.269761 4.028985e+08
  120.131041 4.034872e+08
  119.992322 4.040665e+08
  119.853602 4.046359e+08
  119.714883 4.051947e+08
  119.576163 4.057422e+08
  119.437444 4.062778e+08
  119.298724 4.068011e+08
  119.160005 4.073117e+08
  119.021286 4.078092e+08
  118.882566 4.082936e+08
  118.743847 4.087649e+08
  118.605127 4.092231e+08
  118.466408 4.096687e+08
  118.327688 4.101020e+08
  118.188969 4.105236e+08
  118.050249 4.109344e+08
  117.911530 4.113352e+08
  117.772810 4.117269e+08
  117.634091 4.121108e+08
  117.495372 4.124880e+08
  117.356652 4.128600e+08
  117.217933 4.132279e+08
  117.079213 4.135934e+08
  116.940494 4.139578e+08
  116.801774 4.143226e+08
  116.663055 4.146894e+08
  116.524335 4.150596e+08
  116.385616 4.154348e+08
  116.246897 4.158164e+08
  116.108177 4.162057e+08
  115.969458 4.166042e+08
  115.830738 4.170133e+08
  115.692019 4.174341e+08
  115.553299 4.178680e+08
  115.414580 4.183160e+08
  115.275860 4.187794e+08
  115.137141 4.192592e+08
  114.998422 4.197564e+08
  114.859702 4.202719e+08
  114.720983 4.208066e+08
  114.582263 4.213614e+08
  114.443544 4.219370e+08
  114.304824 4.225342e+08
  114.166105 4.231535e+08
  114.027385 4.237955e+08
  113.888666 4.244606e+08
  113.749947 4.251494e+08
  113.611227 4.258619e+08
  113.472508 4.265986e+08
  113.333788 4.273593e+08
  113.195069 4.281443e+08
  113.056349 4.289533e+08
  112.917630 4.297862e+08
  112.778910 4.306426e+08
  112.640191 4.315221e+08
  112.501471 4.324242e+08
  112.362752 4.333484e+08
  112.224033 4.342939e+08
  112.085313 4.352600e+08
  111.946594 4.362460e+08
  111.807874 4.372510e+08
  111.669155 4.382742e+08
  111.530435 4.393147e+08
  111.391716 4.403717e+08
  111.252996 4.414444e+08
  111.114277 4.425322e+08
  110.975558 4.436342e+08
  110.836838 4.447498e+08
  110.698119 4.458787e+08
  110.559399 4.470202e+08
  110.420680 4.481741e+08
  110.281960 4.493401e+08
  110.143241 4.505180e+08
  110.004521 4.517077e+08
  109.865802 4.529092e+08
  109.727083 4.541224e+08
  109.588363 4.553477e+08
  109.449644 4.565849e+08
  109.310924 4.578344e+08
  109.172205 4.590962e+08
  109.033485 4.603707e+08
  108.894766 4.616578e+08
  108.756046 4.629579e+08
  108.617327 4.642711e+08
  108.478608 4.655974e+08
  108.339888 4.669369e+08
  108.201169 4.682896e+08
  108.062449 4.696554e+08
  107.923730 4.710342e+08
  107.785010 4.724258e+08
  107.646291 4.738300e+08
  107.507571 4.752464e+08
  107.368852 4.766747e+08
  107.230133 4.781142e+08
  107.091413 4.795647e+08
  106.952694 4.810254e+08
  106.813974 4.824957e+08
  106.675255 4.839751e+08
  106.536535 4.854627e+08
  106.397816 4.869580e+08
  106.259096 4.884601e+08
  106.120377 4.899685e+08
  105.981657 4.914825e+08
  105.842938 4.930013e+08
  105.704219 4.945245e+08
  105.565499 4.960515e+08
  105.426780 4.975817e+08
  105.288060 4.991149e+08
  105.149341 5.006507e+08
  105.010621 5.021887e+08
  104.871902 5.037289e+08
  104.733182 5.052711e+08
  104.594463 5.068152e+08
  104.455744 5.083613e+08
  104.317024 5.099093e+08
  104.178305 5.114593e+08
  104.039585 5.130114e+08
  103.900866 5.145657e+08
  103.762146 5.161221e+08
  103.623427 5.176808e+08
  103.484707 5.192417e+08
  103.345988 5.208048e+08
  103.207269 5.223698e+08
  103.068549 5.239366e+08
  102.929830 5.255048e+08
  102.791110 5.270741e+08
  102.652391 5.286439e+08
  102.513671 5.302136e+08
  102.374952 5.317825e+08
  102.236232 5.333498e+08
  102.097513 5.349147e+08
  101.958794 5.364761e+08
  101.820074 5.380330e+08
  101.681355 5.395842e+08
  101.542635 5.411287e+08
  101.403916 5.426652e+08
  101.265196 5.441925e+08
  101.126477 5.457094e+08
  100.987757 5.472147e+08
  100.849038 5.487073e+08
  100.710319 5.501861e+08
  100.571599 5.516500e+08
  100.432880 5.530982e+08
  100.294160 5.545297e+08
  100.155441 5.559440e+08
  100.016721 5.573404e+08
   99.878002 5.587185e+08
   99.739282 5.600781e+08
   99.600563 5.614190e+08
   99.461843 5.627413e+08
   99.323124 5.640452e+08
   99.184405 5.653311e+08
   99.045685 5.665995e+08
   98.906966 5.678511e+08
   98.768246 5.690867e+08
   98.629527 5.703074e+08
   98.490807 5.715141e+08
   98.352088 5.727083e+08
   98.213368 5.738912e+08
   98.074649 5.750644e+08
   97.935930 5.762294e+08
   97.797210 5.773879e+08
   97.658491 5.785416e+08
   97.519771 5.796924e+08
   97.381052 5.808421e+08
   97.242332 5.819926e+08
   97.103613 5.831457e+08
   96.964893 5.843032e+08
   96.826174 5.854671e+08
   96.687455 5.866391e+08
   96.548735 5.878208e+08
   96.410016 5.890139e+08
   96.271296 5.902198e+08
   96.132577 5.914399e+08
   95.993857 5.926753e+08
   95.855138 5.939271e+08
   95.716418 5.951961e+08
   95.577699 5.964830e+08
   95.438980 5.977882e+08
   95.300260 5.991121e+08
   95.161541 6.004546e+08
   95.022821 6.018158e+08
   94.884102 6.031953e+08
   94.745382 6.045925e+08
   94.606663 6.060070e+08
   94.467943 6.074378e+08
   94.329224 6.088840e+08
   94.190504 6.103444e+08
   94.051785 6.118179e+08
   93.913066 6.133031e+08
   93.774346 6.147986e+08
   93.635627 6.163030e+08
   93.496907 6.178146e+08
   93.358188 6.193319e+08
   93.219468 6.208532e+08
   93.080749 6.223771e+08
   92.942029 6.239019e+08
   92.803310 6.254261e+08
   92.664591 6.269482e+08
   92.525871 6.284669e+08
   92.387152 6.299808e+08
   92.248432 6.314888e+08
   92.109713 6.329898e+08
   91.970993 6.344828e+08
   91.832274 6.359670e+08
   91.693554 6.374417e+08
   91.554835 6.389065e+08
   91.416116 6.403610e+08
   91.277396 6.418050e+08
   91.138677 6.432383e+08
   90.999957 6.446611e+08
   90.861238 6.460735e+08
   90.722518 6.474758e+08
   90.583799 6.488686e+08
   90.445079 6.502523e+08
   90.306360 6.516275e+08
   90.167641 6.529949e+08
   90.028921 6.543552e+08
   89.890202 6.557094e+08
   89.751482 6.570581e+08
   89.612763 6.584022e+08
   89.474043 6.597426e+08
   89.335324 6.610801e+08
   89.196604 6.624155e+08
   89.057885 6.637497e+08
   88.919166 6.650835e+08
   88.780446 6.664176e+08
   88.641727 6.677527e+08
   88.503007 6.690895e+08
   88.364288 6.704287e+08
   88.225568 6.717708e+08
   88.086849 6.731164e+08
   87.948129 6.744660e+08
   87.809410 6.758202e+08
   87.670690 6.771794e+08
   87.531971 6.785440e+08
   87.393252 6.799144e+08
   87.254532 6.812909e+08
   87.115813 6.826740e+08
   86.977093 6.840638e+08
   86.838374 6.854608e+08
   86.699654 6.868649e+08
   86.560935 6.882764e+08
   86.422215 6.896954e+08
   86.283496 6.911219e+08
   86.144777 6.925557e+08
   86.006057 6.939969e+08
   85.867338 6.954450e+08
   85.728618 6.968999e+08
   85.589899 6.983610e+08
   85.451179 6.998279e+08
   85.312460 7.012999e+08
   85.173740 7.027763e+08
   85.035021 7.042563e+08
   84.896302 7.057389e+08
   84.757582 7.072233e+08
   84.618863 7.087083e+08
   84.480143 7.101930e+08
   84.341424 7.116761e+08
   84.202704 7.131566e+08
   84.063985 7.146333e+08
   83.925265 7.161050e+08
   83.786546 7.175706e+08
   83.647827 7.190291e+08
   83.509107 7.204794e+08
   83.370388 7.219206e+08
   83.231668 7.233519e+08
   83.092949 7.247724e+08
   82.954229 7.261815e+08
   82.815510 7.275787e+08
   82.676790 7.289637e+08
   82.538071 7.303362e+08
   82.399352 7.316961e+08
   82.260632 7.330435e+08
   82.121913 7.343786e+08
   81.983193 7.357020e+08
   81.844474 7.370141e+08
   81.705754 7.383157e+08
   81.567035 7.396077e+08
   81.428315 7.408910e+08
   81.289596 7.421667e+08
   81.150876 7.434362e+08
   81.012157 7.447006e+08
   80.873438 7.459614e+08
   80.734718 7.472199e+08
   80.595999 7.484777e+08
   80.457279 7.497360e+08
   80.318560 7.509965e+08
   80.179840 7.522604e+08
   80.041121 7.535291e+08
   79.902401 7.548038e+08
   79.763682 7.560859e+08
   79.624963 7.573763e+08
   79.486243 7.586762e+08
   79.347524 7.599865e+08
   79.208804 7.613079e+08
   79.070085 7.626412e+08
   78.931365 7.639871e+08
   78.792646 7.653460e+08
   78.653926 7.667184e+08
   78.515207 7.681047e+08
   78.376488 7.695051e+08
   78.237768 7.709198e+08
   78.099049 7.723489e+08
   77.960329 7.737925e+08
   77.821610 7.752505e+08
   77.682890 7.767229e+08
   77.544171 7.782095e+08
   77.405451 7.797101e+08
   77.266732 7.812246e+08
   77.128013 7.827528e+08
   76.989293 7.842943e+08
   76.850574 7.858488e+08
   76.711854 7.874162e+08
   76.573135 7.889960e+08
   76.434415 7.905880e+08
   76.295696 7.921920e+08
   76.156976 7.938075e+08
   76.018257 7.954345e+08
   75.879537 7.970726e+08
   75.740818 7.987216e+08
   75.602099 8.003815e+08
   75.463379 8.020521e+08
   75.324660 8.037333e+08
   75.185940 8.054250e+08
   75.047221 8.071273e+08
   74.908501 8.088402e+08
   74.769782 8.105636e+08
   74.631062 8.122979e+08
   74.492343 8.140430e+08
   74.353624 8.157991e+08
   74.214904 8.175665e+08
   74.076185 8.193452e+08
   73.937465 8.211355e+08
   73.798746 8.229375e+08
   73.660026 8.247516e+08
   73.521307 8.265777e+08
   73.382587 8.284162e+08
   73.243868 8.302672e+08
   73.105149 8.321308e+08
   72.966429 8.340070e+08
   72.827710 8.358960e+08
   72.688990 8.377978e+08
   72.550271 8.397123e+08
   72.411551 8.416394e+08
   72.272832 8.435790e+08
   72.134112 8.455310e+08
   71.995393 8.474951e+08
   71.856674 8.494710e+08
   71.717954 8.514584e+08
   71.579235 8.534569e+08
   71.440515 8.554661e+08
   71.301796 8.574856e+08
   71.163076 8.595149e+08
   71.024357 8.615534e+08
   70.885637 8.636007e+08
   70.746918 8.656564e+08
   70.608199 8.677198e+08
   70.469479 8.697907e+08
   70.330760 8.718685e+08
   70.192040 8.739531e+08
   70.053321 8.760440e+08
   69.914601 8.781412e+08
   69.775882 8.802445e+08
   69.637162 8.823540e+08
   69.498443 8.844697e+08
   69.359723 8.865920e+08
   69.221004 8.887212e+08
   69.082285 8.908577e+08
   68.943565 8.930021e+08
   68.804846 8.951551e+08
   68.666126 8.973175e+08
   68.527407 8.994901e+08
   68.388687 9.016740e+08
   68.249968 9.038702e+08
   68.111248 9.060798e+08
   67.972529 9.083039e+08
   67.833810 9.105436e+08
   67.695090 9.128001e+08
   67.556371 9.150746e+08
   67.417651 9.173681e+08
   67.278932 9.196818e+08
   67.140212 9.220165e+08
   67.001493 9.243732e+08
   66.862773 9.267528e+08
   66.724054 9.291558e+08
   66.585335 9.315829e+08
   66.446615 9.340345e+08
   66.307896 9.365109e+08
   66.169176 9.390123e+08
   66.030457 9.415388e+08
   65.891737 9.440902e+08
   65.753018 9.466663e+08
   65.614298 9.492667e+08
   65.475579 9.518910e+08
   65.336860 9.545386e+08
   65.198140 9.572086e+08
   65.059421 9.599004e+08
   64.920701 9.626130e+08
   64.781982 9.653454e+08
   64.643262 9.680964e+08
   64.504543 9.708651e+08
   64.365823 9.736500e+08
   64.227104 9.764500e+08
   64.088385 9.792637e+08
   63.949665 9.820897e+08
   63.810946 9.849266e+08
   63.672226 9.877729e+08
   63.533507 9.906271e+08
   63.394787 9.934878e+08
   63.256068 9.963534e+08
   63.117348 9.992224e+08
   62.978629 1.002093e+09
   62.839909 1.004964e+09
   62.701190 1.007835e+09
   62.562471 1.010702e+09
   62.423751 1.013565e+09
   62.285032 1.016423e+09
   62.146312 1.019275e+09
   62.007593 1.022118e+09
   61.868873 1.024951e+09
   61.730154 1.027774e+09
   61.591434 1.030585e+09
   61.452715 1.033384e+09
   61.313996 1.036168e+09
   61.175276 1.038937e+09
   61.036557 1.041691e+09
   60.897837 1.044429e+09
   60.759118 1.047150e+09
   60.620398 1.049853e+09
   60.481679 1.052538e+09
   60.342959 1.055205e+09
   60.204240 1.057854e+09
   60.065521 1.060484e+09
   59.926801 1.063097e+09
   59.788082 1.065692e+09
   59.649362 1.068269e+09
   59.510643 1.070830e+09
   59.371923 1.073374e+09
   59.233204 1.075904e+09
   59.094484 1.078420e+09
   58.955765 1.080922e+09
   58.817046 1.083413e+09
   58.678326 1.085894e+09
   58.539607 1.088365e+09
   58.400887 1.090829e+09
   58.262168 1.093288e+09
   58.123448 1.095742e+09
   57.984729 1.098194e+09
   57.846009 1.100645e+09
   57.707290 1.103098e+09
   57.568570 1.105553e+09
   57.429851 1.108013e+09
   57.291132 1.110480e+09
   57.152412 1.112955e+09
   57.013693 1.115441e+09
   56.874973 1.117938e+09
   56.736254 1.120449e+09
   56.597534 1.122975e+09
   56.458815 1.125518e+09
   56.320095 1.128079e+09
   56.181376 1.130660e+09
   56.042657 1.133261e+09
   55.903937 1.135885e+09
   55.765218 1.138532e+09
   55.626498 1.141204e+09
   55.487779 1.143900e+09
   55.349059 1.146622e+09
   55.210340 1.149370e+09
   55.071620 1.152145e+09
   54.932901 1.154947e+09
   54.794182 1.157776e+09
   54.655462 1.160633e+09
   54.516743 1.163517e+09
   54.378023 1.166427e+09
   54.239304 1.169365e+09
   54.100584 1.172330e+09
   53.961865 1.175322e+09
   53.823145 1.178339e+09
   53.684426 1.181383e+09
   53.545707 1.184453e+09
   53.406987 1.187548e+09
   53.268268 1.190669e+09
   53.129548 1.193814e+09
   52.990829 1.196985e+09
   52.852109 1.200180e+09
   52.713390 1.203400e+09
   52.574670 1.206645e+09
   52.435951 1.209914e+09
   52.297232 1.213207e+09
   52.158512 1.216524e+09
   52.019793 1.219865e+09
   51.881073 1.223231e+09
   51.742354 1.226619e+09
   51.603634 1.230032e+09
   51.464915 1.233468e+09
   51.326195 1.236927e+09
   51.187476 1.240408e+09
   51.048756 1.243913e+09
   50.910037 1.247440e+09
   50.771318 1.250988e+09
   50.632598 1.254559e+09
   50.493879 1.258151e+09
   50.355159 1.261765e+09
   50.216440 1.265399e+09
   50.077720 1.269055e+09
   49.939001 1.272731e+09
   49.800281 1.276428e+09
   49.661562 1.280146e+09
   49.522843 1.283884e+09
   49.384123 1.287642e+09
   49.245404 1.291421e+09
   49.106684 1.295220e+09
   48.967965 1.299038e+09
   48.829245 1.302877e+09
   48.690526 1.306734e+09
   48.551806 1.310611e+09
   48.413087 1.314507e+09
   48.274368 1.318420e+09
   48.135648 1.322351e+09
   47.996929 1.326299e+09
   47.858209 1.330262e+09
   47.719490 1.334241e+09
   47.580770 1.338233e+09
   47.442051 1.342239e+09
   47.303331 1.346257e+09
   47.164612 1.350286e+09
   47.025893 1.354325e+09
   46.887173 1.358374e+09
   46.748454 1.362431e+09
   46.609734 1.366496e+09
   46.471015 1.370569e+09
   46.332295 1.374649e+09
   46.193576 1.378737e+09
   46.054856 1.382832e+09
   45.916137 1.386934e+09
   45.777418 1.391046e+09
   45.638698 1.395166e+09
   45.499979 1.399296e+09
   45.361259 1.403438e+09
   45.222540 1.407592e+09
   45.083820 1.411760e+09
   44.945101 1.415942e+09
   44.806381 1.420142e+09
   44.667662 1.424359e+09
   44.528942 1.428596e+09
   44.390223 1.432854e+09
   44.251504 1.437134e+09
   44.112784 1.441437e+09
   43.974065 1.445764e+09
   43.835345 1.450117e+09
   43.696626 1.454496e+09
   43.557906 1.458901e+09
   43.419187 1.463333e+09
   43.280467 1.467791e+09
   43.141748 1.472277e+09
   43.003029 1.476789e+09
   42.864309 1.481328e+09
   42.725590 1.485892e+09
   42.586870 1.490481e+09
   42.448151 1.495094e+09
   42.309431 1.499730e+09
   42.170712 1.504389e+09
   42.031992 1.509068e+09
   41.893273 1.513767e+09
   41.754554 1.518485e+09
   41.615834 1.523220e+09
   41.477115 1.527971e+09
   41.338395 1.532738e+09
   41.199676 1.537518e+09
   41.060956 1.542310e+09
   40.922237 1.547115e+09
   40.783517 1.551930e+09
   40.644798 1.556754e+09
   40.506079 1.561587e+09
   40.367359 1.566429e+09
   40.228640 1.571277e+09
   40.089920 1.576133e+09
   39.951201 1.580995e+09
   39.812481 1.585864e+09
   39.673762 1.590739e+09
   39.535042 1.595620e+09
   39.396323 1.600507e+09
   39.257603 1.605402e+09
   39.118884 1.610304e+09
   38.980165 1.615214e+09
   38.841445 1.620133e+09
   38.702726 1.625062e+09
   38.564006 1.630001e+09
   38.425287 1.634953e+09
   38.286567 1.639919e+09
   38.147848 1.644899e+09
   38.009128 1.649895e+09
   37.870409 1.654908e+09
   37.731690 1.659941e+09
   37.592970 1.664993e+09
   37.454251 1.670067e+09
   37.315531 1.675164e+09
   37.176812 1.680285e+09
   37.038092 1.685431e+09
   36.899373 1.690603e+09
   36.760653 1.695801e+09
   36.621934 1.701027e+09
   36.483215 1.706281e+09
   36.344495 1.711564e+09
   36.205776 1.716875e+09
   36.067056 1.722215e+09
   35.928337 1.727585e+09
   35.789617 1.732983e+09
   35.650898 1.738411e+09
   35.512178 1.743868e+09
   35.373459 1.749353e+09
   35.234740 1.754867e+09
   35.096020 1.760410e+09
   34.957301 1.765980e+09
   34.818581 1.771578e+09
   34.679862 1.777204e+09
   34.541142 1.782857e+09
   34.402423 1.788538e+09
   34.263703 1.794245e+09
   34.124984 1.799980e+09
   33.986265 1.805741e+09
   33.847545 1.811529e+09
   33.708826 1.817344e+09
   33.570106 1.823186e+09
   33.431387 1.829056e+09
   33.292667 1.834952e+09
   33.153948 1.840877e+09
   33.015228 1.846830e+09
   32.876509 1.852810e+09
   32.737789 1.858820e+09
   32.599070 1.864859e+09
   32.460351 1.870928e+09
   32.321631 1.877026e+09
   32.182912 1.883155e+09
   32.044192 1.889314e+09
   31.905473 1.895504e+09
   31.766753 1.901725e+09
   31.628034 1.907977e+09
   31.489314 1.914261e+09
   31.350595 1.920575e+09
   31.211876 1.926921e+09
   31.073156 1.933297e+09
   30.934437 1.939703e+09
   30.795717 1.946138e+09
   30.656998 1.952603e+09
   30.518278 1.959096e+09
   30.379559 1.965617e+09
   30.240839 1.972165e+09
   30.102120 1.978738e+09
   29.963401 1.985337e+09
   29.824681 1.991960e+09
   29.685962 1.998606e+09
   29.547242 2.005275e+09
   29.408523 2.011965e+09
   29.269803 2.018676e+09
   29.131084 2.025408e+09
   28.992364 2.032159e+09
   28.853645 2.038929e+09
   28.714926 2.045718e+09
   28.576206 2.052526e+09
   28.437487 2.059352e+09
   28.298767 2.066197e+09
   28.160048 2.073060e+09
   28.021328 2.079942e+09
   27.882609 2.086842e+09
   27.743889 2.093763e+09
   27.605170 2.100703e+09
   27.466451 2.107663e+09
   27.327731 2.114645e+09
   27.189012 2.121649e+09
   27.050292 2.128675e+09
   26.911573 2.135725e+09
   26.772853 2.142800e+09
   26.634134 2.149899e+09
   26.495414 2.157026e+09
   26.356695 2.164180e+09
   26.217975 2.171363e+09
   26.079256 2.178576e+09
   25.940537 2.185821e+09
   25.801817 2.193099e+09
   25.663098 2.200411e+09
   25.524378 2.207759e+09
   25.385659 2.215145e+09
   25.246939 2.222571e+09
   25.108220 2.230039e+09
   24.969500 2.237550e+09
   24.830781 2.245107e+09
   24.692062 2.252711e+09
   24.553342 2.260366e+09
   24.414623 2.268073e+09
   24.275903 2.275835e+09
   24.137184 2.283653e+09
   23.998464 2.291530e+09
   23.859745 2.299469e+09
   23.721025 2.307470e+09
   23.582306 2.315537e+09
   23.443587 2.323671e+09
   23.304867 2.331874e+09
   23.166148 2.340148e+09
   23.027428 2.348494e+09
   22.888709 2.356914e+09
   22.749989 2.365409e+09
   22.611270 2.373980e+09
   22.472550 2.382628e+09
   22.333831 2.391354e+09
   22.195112 2.400158e+09
   22.056392 2.409041e+09
   21.917673 2.418002e+09
   21.778953 2.427043e+09
   21.640234 2.436162e+09
   21.501514 2.445360e+09
   21.362795 2.454635e+09
   21.224075 2.463986e+09
   21.085356 2.473414e+09
   20.946636 2.482916e+09
   20.807917 2.492491e+09
   20.669198 2.502137e+09
   20.530478 2.511853e+09
   20.391759 2.521638e+09
   20.253039 2.531487e+09
   20.114320 2.541401e+09
   19.975600 2.551375e+09
   19.836881 2.561409e+09
   19.698161 2.571499e+09
   19.559442 2.581643e+09
   19.420723 2.591837e+09
   19.282003 2.602081e+09
   19.143284 2.612370e+09
   19.004564 2.622702e+09
   18.865845 2.633075e+09
   18.727125 2.643486e+09
   18.588406 2.653933e+09
   18.449686 2.664412e+09
   18.310967 2.674922e+09
   18.172248 2.685460e+09
   18.033528 2.696025e+09
   17.894809 2.706615e+09
   17.756089 2.717227e+09
   17.617370 2.727860e+09
   17.478650 2.738514e+09
   17.339931 2.749187e+09
   17.201211 2.759878e+09
   17.062492 2.770586e+09
   16.923773 2.781312e+09
   16.785053 2.792055e+09
   16.646334 2.802815e+09
   16.507614 2.813592e+09
   16.368895 2.824387e+09
   16.230175 2.835201e+09
   16.091456 2.846034e+09
   15.952736 2.856887e+09
   15.814017 2.867761e+09
   15.675298 2.878657e+09
   15.536578 2.889576e+09
   15.397859 2.900520e+09
   15.259139 2.911489e+09
   15.120420 2.922484e+09
   14.981700 2.933507e+09
   14.842981 2.944559e+09
   14.704261 2.955640e+09
   14.565542 2.966752e+09
   14.426822 2.977894e+09
   14.288103 2.989069e+09
   14.149384 3.000276e+09
   14.010664 3.011516e+09
   13.871945 3.022790e+09
   13.733225 3.034097e+09
   13.594506 3.045437e+09
   13.455786 3.056811e+09
   13.317067 3.068218e+09
   13.178347 3.079658e+09
   13.039628 3.091130e+09
   12.900909 3.102634e+09
   12.762189 3.114169e+09
   12.623470 3.125733e+09
   12.484750 3.137326e+09
   12.346031 3.148947e+09
   12.207311 3.160593e+09
   12.068592 3.172263e+09
   11.929872 3.183955e+09
   11.791153 3.195667e+09
   11.652434 3.207397e+09
   11.513714 3.219143e+09
   11.374995 3.230901e+09
   11.236275 3.242670e+09
   11.097556 3.254446e+09
   10.958836 3.266227e+09
   10.820117 3.278008e+09
   10.681397 3.289786e+09
   10.542678 3.301558e+09
   10.403959 3.313320e+09
   10.265239 3.325067e+09
   10.126520 3.336796e+09
    9.987800 3.348502e+09
    9.849081 3.360180e+09
    9.710361 3.371827e+09
    9.571642 3.383438e+09
    9.432922 3.395007e+09
    9.294203 3.406531e+09
    9.155484 3.418004e+09
    9.016764 3.429422e+09
    8.878045 3.440781e+09
    8.739325 3.452076e+09
    8.600606 3.463303e+09
    8.461886 3.474457e+09
    8.323167 3.485535e+09
    8.184447 3.496533e+09
    8.045728 3.507446e+09
    7.907008 3.518272e+09
    7.768289 3.529006e+09
    7.629570 3.539646e+09
    7.490850 3.550187e+09
    7.352131 3.560627e+09
    7.213411 3.570963e+09
    7.074692 3.581191e+09
    6.935972 3.591308e+09
    6.797253 3.601311e+09
    6.658533 3.611198e+09
    6.519814 3.620965e+09
    6.381095 3.630608e+09
    6.242375 3.640126e+09
    6.103656 3.649515e+09
    5.964936 3.658771e+09
    5.826217 3.667892e+09
    5.687497 3.676875e+09
    5.548778 3.685715e+09
    5.410058 3.694411e+09
    5.271339 3.702958e+09
    5.132620 3.711354e+09
    4.993900 3.719594e+09
    4.855181 3.727676e+09
    4.716461 3.735596e+09
    4.577742 3.743351e+09
    4.439022 3.750938e+09
    4.300303 3.758353e+09
    4.161583 3.765592e+09
    4.022864 3.772652e+09
    3.884145 3.779530e+09
    3.745425 3.786223e+09
    3.606706 3.792726e+09
    3.467986 3.799038e+09
    3.329267 3.805154e+09
    3.190547 3.811072e+09
    3.051828 3.816788e+09
    2.913108 3.822300e+09
    2.774389 3.827605e+09
    2.635669 3.832699e+09
    2.496950 3.837581e+09
    2.358231 3.842247e+09
    2.219511 3.846695e+09
    2.080792 3.850922e+09
    1.942072 3.854926e+09
    1.803353 3.858706e+09
    1.664633 3.862257e+09
    1.525914 3.865579e+09
    1.387194 3.868669e+09
    1.248475 3.871525e+09
    1.109756 3.874144e+09
    0.971036 3.876526e+09
    0.832317 3.878668e+09
    0.693597 3.880568e+09
    0.554878 3.882225e+09
    0.416158 3.883637e+09
    0.277439 3.884802e+09
    0.138719 3.885720e+09
    0.000000 3.886389e+09
   -0.138719 3.886808e+09
   -0.277439 3.886978e+09
   -0.416158 3.886896e+09
   -0.554878 3.886564e+09
   -0.693597 3.885981e+09
   -0.832317 3.885148e+09
   -0.971036 3.884065e+09
   -1.109756 3.882734e+09
   -1.248475 3.881155e+09
   -1.387194 3.879331e+09
   -1.525914 3.877264e+09
   -1.664633 3.874955e+09
   -1.803353 3.872408e+09
   -1.942072 3.869625e+09
   -2.080792 3.866609e+09
   -2.219511 3.863364e+09
   -2.358231 3.859893e+09
   -2.496950 3.856200e+09
   -2.635669 3.852288e+09
   -2.774389 3.848161e+09
   -2.913108 3.843823e+09
   -3.051828 3.839279e+09
   -3.190547 3.834532e+09
   -3.329267 3.829586e+09
   -3.467986 3.824445e+09
   -3.606706 3.819113e+09
   -3.745425 3.813594e+09
   -3.884145 3.807891e+09
   -4.022864 3.802009e+09
   -4.161583 3.795950e+09
   -4.300303 3.789717e+09
   -4.439022 3.783315e+09
   -4.577742 3.776747e+09
   -4.716461 3.770014e+09
   -4.855181 3.763121e+09
   -4.993900 3.756070e+09
   -5.132620 3.748864e+09
   -5.271339 3.741505e+09
   -5.410058 3.733997e+09
   -5.548778 3.726341e+09
   -5.687497 3.718540e+09
   -5.826217 3.710597e+09
   -5.964936 3.702515e+09
   -6.103656 3.694295e+09
   -6.242375 3.685940e+09
   -6.381095 3.677453e+09
   -6.519814 3.668837e+09
   -6.658533 3.660094e+09
   -6.797253 3.651226e+09
   -6.935972 3.642238e+09
   -7.074692 3.633132e+09
   -7.213411 3.623910e+09
   -7.352131 3.614577e+09
   -7.490850 3.605135e+09
   -7.629570 3.595588e+09
   -7.768289 3.585939e+09
   -7.907008 3.576193e+09
   -8.045728 3.566353e+09
   -8.184447 3.556423e+09
   -8.323167 3.546408e+09
   -8.461886 3.536311e+09
   -8.600606 3.526138e+09
   -8.739325 3.515892e+09
   -8.878045 3.505579e+09
   -9.016764 3.495204e+09
   -9.155484 3.484771e+09
   -9.294203 3.474285e+09
   -9.432922 3.463752e+09
   -9.571642 3.453175e+09
   -9.710361 3.442561e+09
   -9.849081 3.431915e+09
   -9.987800 3.421241e+09
  -10.126520 3.410544e+09
  -10.265239 3.399829e+09
  -10.403959 3.389101e+09
  -10.542678 3.378365e+09
  -10.681397 3.367623e+09
  -10.820117 3.356882e+09
  -10.958836 3.346145e+09
  -11.097556 3.335415e+09
  -11.236275 3.324697e+09
  -11.374995 3.313993e+09
  -11.513714 3.303307e+09
  -11.652434 3.292642e+09
  -11.791153 3.282000e+09
  -11.929872 3.271385e+09
  -12.068592 3.260797e+09
  -12.207311 3.250240e+09
  -12.346031 3.239715e+09
  -12.484750 3.229223e+09
  -12.623470 3.218767e+09
  -12.762189 3.208346e+09
  -12.900909 3.197962e+09
  -13.039628 3.187615e+09
  -13.178347 3.177306e+09
  -13.317067 3.167036e+09
  -13.455786 3.156803e+09
  -13.594506 3.146609e+09
  -13.733225 3.136453e+09
  -13.871945 3.126334e+09
  -14.010664 3.116252e+09
  -14.149384 3.106206e+09
  -14.288103 3.096196e+09
  -14.426822 3.086221e+09
  -14.565542 3.076279e+09
  -14.704261 3.066370e+09
  -14.842981 3.056493e+09
  -14.981700 3.046646e+09
  -15.120420 3.036829e+09
  -15.259139 3.027040e+09
  -15.397859 3.017279e+09
  -15.536578 3.007544e+09
  -15.675298 2.997834e+09
  -15.814017 2.988147e+09
  -15.952736 2.978484e+09
  -16.091456 2.968843e+09
  -16.230175 2.959222e+09
  -16.368895 2.949622e+09
  -16.507614 2.940042e+09
  -16.646334 2.930480e+09
  -16.785053 2.920936e+09
  -16.923773 2.911411e+09
  -17.062492 2.901903e+09
  -17.201211 2.892412e+09
  -17.339931 2.882938e+09
  -17.478650 2.873482e+09
  -17.617370 2.864043e+09
  -17.756089 2.854622e+09
  -17.894809 2.845218e+09
  -18.033528 2.835833e+09
  -18.172248 2.826466e+09
  -18.310967 2.817118e+09
  -18.449686 2.807790e+09
  -18.588406 2.798481e+09
  -18.727125 2.789193e+09
  -18.865845 2.779927e+09
  -19.004564 2.770682e+09
  -19.143284 2.761459e+09
  -19.282003 2.752260e+09
  -19.420723 2.743085e+09
  -19.559442 2.733934e+09
  -19.698161 2.724809e+09
  -19.836881 2.715711e+09
  -19.975600 2.706639e+09
  -20.114320 2.697595e+09
  -20.253039 2.688581e+09
  -20.391759 2.679597e+09
  -20.530478 2.670643e+09
  -20.669198 2.661722e+09
  -20.807917 2.652834e+09
  -20.946636 2.643980e+09
  -21.085356 2.635162e+09
  -21.224075 2.626381e+09
  -21.362795 2.617637e+09
  -21.501514 2.608933e+09
  -21.640234 2.600269e+09
  -21.778953 2.591646e+09
  -21.917673 2.583066e+09
  -22.056392 2.574530e+09
  -22.195112 2.566039e+09
  -22.333831 2.557594e+09
  -22.472550 2.549197e+09
  -22.611270 2.540847e+09
  -22.749989 2.532547e+09
  -22.888709 2.524296e+09
  -23.027428 2.516097e+09
  -23.166148 2.507949e+09
  -23.304867 2.499853e+09
  -23.443587 2.491810e+09
  -23.582306 2.483819e+09
  -23.721025 2.475882e+09
  -23.859745 2.467998e+09
  -23.998464 2.460168e+09
  -24.137184 2.452391e+09
  -24.275903 2.444667e+09
  -24.414623 2.436997e+09
  -24.553342 2.429378e+09
  -24.692062 2.421812e+09
  -24.830781 2.414298e+09
  -24.969500 2.406834e+09
  -25.108220 2.399421e+09
  -25.246939 2.392058e+09
  -25.385659 2.384744e+09
  -25.524378 2.377478e+09
  -25.663098 2.370260e+09
  -25.801817 2.363089e+09
  -25.940537 2.355963e+09
  -26.079256 2.348883e+09
  -26.217975 2.341847e+09
  -26.356695 2.334855e+09
  -26.495414 2.327906e+09
  -26.634134 2.320998e+09
  -26.772853 2.314131e+09
  -26.911573 2.307305e+09
  -27.050292 2.300517e+09
  -27.189012 2.293767e+09
  -27.327731 2.287054e+09
  -27.466451 2.280377e+09
  -27.605170 2.273735e+09
  -27.743889 2.267126e+09
  -27.882609 2.260551e+09
  -28.021328 2.254007e+09
  -28.160048 2.247494e+09
  -28.298767 2.241010e+09
  -28.437487 2.234556e+09
  -28.576206 2.228129e+09
  -28.714926 2.221730e+09
  -28.853645 2.215358e+09
  -28.992364 2.209011e+09
  -29.131084 2.202690e+09
  -29.269803 2.196395e+09
  -29.408523 2.190124e+09
  -29.547242 2.183877e+09
  -29.685962 2.177655e+09
  -29.824681 2.171458e+09
  -29.963401 2.165285e+09
  -30.102120 2.159137e+09
  -30.240839 2.153014e+09
  -30.379559 2.146915e+09
  -30.518278 2.140843e+09
  -30.656998 2.134795e+09
  -30.795717 2.128774e+09
  -30.934437 2.122779e+09
  -31.073156 2.116811e+09
  -31.211876 2.110869e+09
  -31.350595 2.104954e+09
  -31.489314 2.099066e+09
  -31.628034 2.093205e+09
  -31.766753 2.087371e+09
  -31.905473 2.081564e+09
  -32.044192 2.075783e+09
  -32.182912 2.070029e+09
  -32.321631 2.064301e+09
  -32.460351 2.058599e+09
  -32.599070 2.052922e+09
  -32.737789 2.047269e+09
  -32.876509 2.041641e+09
  -33.015228 2.036038e+09
  -33.153948 2.030458e+09
  -33.292667 2.024902e+09
  -33.431387 2.019369e+09
  -33.570106 2.013860e+09
  -33.708826 2.008374e+09
  -33.847545 2.002912e+09
  -33.986265 1.997473e+09
  -34.124984 1.992060e+09
  -34.263703 1.986671e+09
  -34.402423 1.981308e+09
  -34.541142 1.975971e+09
  -34.679862 1.970661e+09
  -34.818581 1.965379e+09
  -34.957301 1.960126e+09
  -35.096020 1.954902e+09
  -35.234740 1.949708e+09
  -35.373459 1.944545e+09
  -35.512178 1.939414e+09
  -35.650898 1.934315e+09
  -35.789617 1.929249e+09
  -35.928337 1.924215e+09
  -36.067056 1.919215e+09
  -36.205776 1.914248e+09
  -36.344495 1.909313e+09
  -36.483215 1.904412e+09
  -36.621934 1.899543e+09
  -36.760653 1.894707e+09
  -36.899373 1.889902e+09
  -37.038092 1.885129e+09
  -37.176812 1.880386e+09
  -37.315531 1.875673e+09
  -37.454251 1.870989e+09
  -37.592970 1.866333e+09
  -37.731690 1.861705e+09
  -37.870409 1.857105e+09
  -38.009128 1.852531e+09
  -38.147848 1.847983e+09
  -38.286567 1.843461e+09
  -38.425287 1.838965e+09
  -38.564006 1.834494e+09
  -38.702726 1.830048e+09
  -38.841445 1.825628e+09
  -38.980165 1.821233e+09
  -39.118884 1.816865e+09
  -39.257603 1.812523e+09
  -39.396323 1.808208e+09
  -39.535042 1.803920e+09
  -39.673762 1.799662e+09
  -39.812481 1.795432e+09
  -39.951201 1.791233e+09
  -40.089920 1.787066e+09
  -40.228640 1.782931e+09
  -40.367359 1.778829e+09
  -40.506079 1.774762e+09
  -40.644798 1.770730e+09
  -40.783517 1.766733e+09
  -40.922237 1.762774e+09
  -41.060956 1.758852e+09
  -41.199676 1.754968e+09
  -41.338395 1.751122e+09
  -41.477115 1.747315e+09
  -41.615834 1.743546e+09
  -41.754554 1.739815e+09
  -41.893273 1.736123e+09
  -42.031992 1.732467e+09
  -42.170712 1.728849e+09
  -42.309431 1.725267e+09
  -42.448151 1.721720e+09
  -42.586870 1.718208e+09
  -42.725590 1.714729e+09
  -42.864309 1.711282e+09
  -43.003029 1.707867e+09
  -43.141748 1.704481e+09
  -43.280467 1.701125e+09
  -43.419187 1.697797e+09
  -43.557906 1.694496e+09
  -43.696626 1.691221e+09
  -43.835345 1.687972e+09
  -43.974065 1.684747e+09
  -44.112784 1.681547e+09
  -44.251504 1.678370e+09
  -44.390223 1.675217e+09
  -44.528942 1.672086e+09
  -44.667662 1.668979e+09
  -44.806381 1.665895e+09
  -44.945101 1.662834e+09
  -45.083820 1.659796e+09
  -45.222540 1.656781e+09
  -45.361259 1.653789e+09
  -45.499979 1.650822e+09
  -45.638698 1.647878e+09
  -45.777418 1.644958e+09
  -45.916137 1.642063e+09
  -46.054856 1.639192e+09
  -46.193576 1.636345e+09
  -46.332295 1.633522e+09
  -46.471015 1.630724e+09
  -46.609734 1.627950e+09
  -46.748454 1.625199e+09
  -46.887173 1.622471e+09
  -47.025893 1.619766e+09
  -47.164612 1.617084e+09
  -47.303331 1.614422e+09
  -47.442051 1.611781e+09
  -47.580770 1.609160e+09
  -47.719490 1.606557e+09
  -47.858209 1.603972e+09
  -47.996929 1.601403e+09
  -48.135648 1.598851e+09
  -48.274368 1.596312e+09
  -48.413087 1.593788e+09
  -48.551806 1.591275e+09
  -48.690526 1.588774e+09
  -48.829245 1.586283e+09
  -48.967965 1.583801e+09
  -49.106684 1.581328e+09
  -49.245404 1.578861e+09
  -49.384123 1.576402e+09
  -49.522843 1.573947e+09
  -49.661562 1.571498e+09
  -49.800281 1.569053e+09
  -49.939001 1.566611e+09
  -50.077720 1.564171e+09
  -50.216440 1.561735e+09
  -50.355159 1.559300e+09
  -50.493879 1.556867e+09
  -50.632598 1.554435e+09
  -50.771318 1.552004e+09
  -50.910037 1.549575e+09
  -51.048756 1.547147e+09
  -51.187476 1.544719e+09
  -51.326195 1.542294e+09
  -51.464915 1.539870e+09
  -51.603634 1.537448e+09
  -51.742354 1.535028e+09
  -51.881073 1.532611e+09
  -52.019793 1.530198e+09
  -52.158512 1.527789e+09
  -52.297232 1.525384e+09
  -52.435951 1.522985e+09
  -52.574670 1.520592e+09
  -52.713390 1.518207e+09
  -52.852109 1.515829e+09
  -52.990829 1.513459e+09
  -53.129548 1.511099e+09
  -53.268268 1.508749e+09
  -53.406987 1.506410e+09
  -53.545707 1.504082e+09
  -53.684426 1.501767e+09
  -53.823145 1.499465e+09
  -53.961865 1.497176e+09
  -54.100584 1.494901e+09
  -54.239304 1.492640e+09
  -54.378023 1.490395e+09
  -54.516743 1.488164e+09
  -54.655462 1.485950e+09
  -54.794182 1.483751e+09
  -54.932901 1.481568e+09
  -55.071620 1.479401e+09
  -55.210340 1.477251e+09
  -55.349059 1.475118e+09
  -55.487779 1.473001e+09
  -55.626498 1.470902e+09
  -55.765218 1.468820e+09
  -55.903937 1.466755e+09
  -56.042657 1.464708e+09
  -56.181376 1.462679e+09
  -56.320095 1.460668e+09
  -56.458815 1.458675e+09
  -56.597534 1.456700e+09
  -56.736254 1.454744e+09
  -56.874973 1.452806e+09
  -57.013693 1.450887e+09
  -57.152412 1.448986e+09
  -57.291132 1.447104e+09
  -57.429851 1.445239e+09
  -57.568570 1.443393e+09
  -57.707290 1.441564e+09
  -57.846009 1.439752e+09
  -57.984729 1.437956e+09
  -58.123448 1.436176e+09
  -58.262168 1.434411e+09
  -58.400887 1.432660e+09
  -58.539607 1.430922e+09
  -58.678326 1.429197e+09
  -58.817046 1.427483e+09
  -58.955765 1.425779e+09
  -59.094484 1.424085e+09
  -59.233204 1.422399e+09
  -59.371923 1.420720e+09
  -59.510643 1.419048e+09
  -59.649362 1.417382e+09
  -59.788082 1.415721e+09
  -59.926801 1.414064e+09
  -60.065521 1.412412e+09
  -60.204240 1.410762e+09
  -60.342959 1.409116e+09
  -60.481679 1.407472e+09
  -60.620398 1.405831e+09
  -60.759118 1.404192e+09
  -60.897837 1.402556e+09
  -61.036557 1.400920e+09
  -61.175276 1.399287e+09
  -61.313996 1.397655e+09
  -61.452715 1.396024e+09
  -61.591434 1.394394e+09
  -61.730154 1.392764e+09
  -61.868873 1.391135e+09
  -62.007593 1.389505e+09
  -62.146312 1.387876e+09
  -62.285032 1.386245e+09
  -62.423751 1.384613e+09
  -62.562471 1.382980e+09
  -62.701190 1.381345e+09
  -62.839909 1.379707e+09
  -62.978629 1.378067e+09
  -63.117348 1.376425e+09
  -63.256068 1.374780e+09
  -63.394787 1.373133e+09
  -63.533507 1.371484e+09
  -63.672226 1.369833e+09
  -63.810946 1.368181e+09
  -63.949665 1.366528e+09
  -64.088385 1.364876e+09
  -64.227104 1.363225e+09
  -64.365823 1.361577e+09
  -64.504543 1.359933e+09
  -64.643262 1.358294e+09
  -64.781982 1.356661e+09
  -64.920701 1.355036e+09
  -65.059421 1.353421e+09
  -65.198140 1.351818e+09
  -65.336860 1.350227e+09
  -65.475579 1.348650e+09
  -65.614298 1.347089e+09
  -65.753018 1.345546e+09
  -65.891737 1.344021e+09
  -66.030457 1.342516e+09
  -66.169176 1.341033e+09
  -66.307896 1.339571e+09
  -66.446615 1.338132e+09
  -66.585335 1.336718e+09
  -66.724054 1.335327e+09
  -66.862773 1.333962e+09
  -67.001493 1.332622e+09
  -67.140212 1.331307e+09
  -67.278932 1.330018e+09
  -67.417651 1.328755e+09
  -67.556371 1.327517e+09
  -67.695090 1.326305e+09
  -67.833810 1.325118e+09
  -67.972529 1.323956e+09
  -68.111248 1.322819e+09
  -68.249968 1.321706e+09
  -68.388687 1.320615e+09
  -68.527407 1.319548e+09
  -68.666126 1.318503e+09
  -68.804846 1.317479e+09
  -68.943565 1.316475e+09
  -69.082285 1.315490e+09
  -69.221004 1.314524e+09
  -69.359723 1.313575e+09
  -69.498443 1.312642e+09
  -69.637162 1.311724e+09
  -69.775882 1.310819e+09
  -69.914601 1.309927e+09
  -70.053321 1.309045e+09
  -70.192040 1.308173e+09
  -70.330760 1.307308e+09
  -70.469479 1.306451e+09
  -70.608199 1.305598e+09
  -70.746918 1.304749e+09
  -70.885637 1.303903e+09
  -71.024357 1.303058e+09
  -71.163076 1.302214e+09
  -71.301796 1.301370e+09
  -71.440515 1.300524e+09
  -71.579235 1.299677e+09
  -71.717954 1.298827e+09
  -71.856674 1.297975e+09
  -71.995393 1.297120e+09
  -72.134112 1.296263e+09
  -72.272832 1.295404e+09
  -72.411551 1.294542e+09
  -72.550271 1.293680e+09
  -72.688990 1.292817e+09
  -72.827710 1.291955e+09
  -72.966429 1.291094e+09
  -73.105149 1.290236e+09
  -73.243868 1.289382e+09
  -73.382587 1.288533e+09
  -73.521307 1.287691e+09
  -73.660026 1.286857e+09
  -73.798746 1.286034e+09
  -73.937465 1.285222e+09
  -74.076185 1.284424e+09
  -74.214904 1.283640e+09
  -74.353624 1.282874e+09
  -74.492343 1.282125e+09
  -74.631062 1.281397e+09
  -74.769782 1.280690e+09
  -74.908501 1.280006e+09
  -75.047221 1.279345e+09
  -75.185940 1.278710e+09
  -75.324660 1.278101e+09
  -75.463379 1.277518e+09
  -75.602099 1.276962e+09
  -75.740818 1.276434e+09
  -75.879537 1.275934e+09
  -76.018257 1.275461e+09
  -76.156976 1.275016e+09
  -76.295696 1.274597e+09
  -76.434415 1.274205e+09
  -76.573135 1.273838e+09
  -76.711854 1.273497e+09
  -76.850574 1.273179e+09
  -76.989293 1.272883e+09
  -77.128013 1.272610e+09
  -77.266732 1.272357e+09
  -77.405451 1.272123e+09
  -77.544171 1.271907e+09
  -77.682890 1.271709e+09
  -77.821610 1.271527e+09
  -77.960329 1.271359e+09
  -78.099049 1.271205e+09
  -78.237768 1.271063e+09
  -78.376488 1.270933e+09
  -78.515207 1.270813e+09
  -78.653926 1.270702e+09
  -78.792646 1.270600e+09
  -78.931365 1.270504e+09
  -79.070085 1.270415e+09
  -79.208804 1.270331e+09
  -79.347524 1.270252e+09
  -79.486243 1.270176e+09
  -79.624963 1.270102e+09
  -79.763682 1.270031e+09
  -79.902401 1.269961e+09
  -80.041121 1.269891e+09
  -80.179840 1.269822e+09
  -80.318560 1.269752e+09
  -80.457279 1.269682e+09
  -80.595999 1.269611e+09
  -80.734718 1.269539e+09
  -80.873438 1.269467e+09
  -81.012157 1.269393e+09
  -81.150876 1.269320e+09
  -81.289596 1.269246e+09
  -81.428315 1.269173e+09
  -81.567035 1.269100e+09
  -81.705754 1.269029e+09
  -81.844474 1.268960e+09
  -81.983193 1.268893e+09
  -82.121913 1.268830e+09
  -82.260632 1.268770e+09
  -82.399352 1.268715e+09
  -82.538071 1.268665e+09
  -82.676790 1.268620e+09
  -82.815510 1.268582e+09
  -82.954229 1.268551e+09
  -83.092949 1.268528e+09
  -83.231668 1.268512e+09
  -83.370388 1.268505e+09
  -83.509107 1.268506e+09
  -83.647827 1.268517e+09
  -83.786546 1.268537e+09
  -83.925265 1.268566e+09
  -84.063985 1.268604e+09
  -84.202704 1.268652e+09
  -84.341424 1.268710e+09
  -84.480143 1.268777e+09
  -84.618863 1.268853e+09
  -84.757582 1.268938e+09
  -84.896302 1.269031e+09
  -85.035021 1.269133e+09
  -85.173740 1.269243e+09
  -85.312460 1.269360e+09
  -85.451179 1.269484e+09
  -85.589899 1.269616e+09
  -85.728618 1.269753e+09
  -85.867338 1.269897e+09
  -86.006057 1.270046e+09
  -86.144777 1.270201e+09
  -86.283496 1.270361e+09
  -86.422215 1.270526e+09
  -86.560935 1.270696e+09
  -86.699654 1.270871e+09
  -86.838374 1.271051e+09
  -86.977093 1.271236e+09
  -87.115813 1.271426e+09
  -87.254532 1.271622e+09
  -87.393252 1.271823e+09
  -87.531971 1.272031e+09
  -87.670690 1.272245e+09
  -87.809410 1.272467e+09
  -87.948129 1.272696e+09
  -88.086849 1.272934e+09
  -88.225568 1.273181e+09
  -88.364288 1.273439e+09
  -88.503007 1.273708e+09
  -88.641727 1.273989e+09
  -88.780446 1.274283e+09
  -88.919166 1.274590e+09
  -89.057885 1.274913e+09
  -89.196604 1.275253e+09
  -89.335324 1.275609e+09
  -89.474043 1.275983e+09
  -89.612763 1.276377e+09
  -89.751482 1.276791e+09
  -89.890202 1.277225e+09
  -90.028921 1.277682e+09
  -90.167641 1.278161e+09
  -90.306360 1.278664e+09
  -90.445079 1.279190e+09
  -90.583799 1.279741e+09
  -90.722518 1.280317e+09
  -90.861238 1.280919e+09
  -90.999957 1.281547e+09
  -91.138677 1.282200e+09
  -91.277396 1.282880e+09
  -91.416116 1.283586e+09
  -91.554835 1.284319e+09
  -91.693554 1.285079e+09
  -91.832274 1.285865e+09
  -91.970993 1.286677e+09
  -92.109713 1.287516e+09
  -92.248432 1.288382e+09
  -92.387152 1.289273e+09
  -92.525871 1.290191e+09
  -92.664591 1.291135e+09
  -92.803310 1.292105e+09
  -92.942029 1.293101e+09
  -93.080749 1.294122e+09
  -93.219468 1.295169e+09
  -93.358188 1.296240e+09
  -93.496907 1.297337e+09
  -93.635627 1.298458e+09
  -93.774346 1.299603e+09
  -93.913066 1.300773e+09
  -94.051785 1.301966e+09
  -94.190504 1.303183e+09
  -94.329224 1.304422e+09
  -94.467943 1.305684e+09
  -94.606663 1.306968e+09
  -94.745382 1.308274e+09
  -94.884102 1.309601e+09
  -95.022821 1.310948e+09
  -95.161541 1.312315e+09
  -95.300260 1.313702e+09
  -95.438980 1.315108e+09
  -95.577699 1.316532e+09
  -95.716418 1.317974e+09
  -95.855138 1.319433e+09
  -95.993857 1.320908e+09
  -96.132577 1.322400e+09
  -96.271296 1.323907e+09
  -96.410016 1.325428e+09
  -96.548735 1.326964e+09
  -96.687455 1.328513e+09
  -96.826174 1.330076e+09
  -96.964893 1.331651e+09
  -97.103613 1.333239e+09
  -97.242332 1.334838e+09
  -97.381052 1.336450e+09
  -97.519771 1.338073e+09
  -97.658491 1.339707e+09
  -97.797210 1.341354e+09
  -97.935930 1.343012e+09
  -98.074649 1.344682e+09
  -98.213368 1.346364e+09
  -98.352088 1.348058e+09
  -98.490807 1.349766e+09
  -98.629527 1.351487e+09
  -98.768246 1.353223e+09
  -98.906966 1.354972e+09
  -99.045685 1.356738e+09
  -99.184405 1.358519e+09
  -99.323124 1.360316e+09
  -99.461843 1.362131e+09
  -99.600563 1.363963e+09
  -99.739282 1.365813e+09
  -99.878002 1.367682e+09
 -100.016721 1.369569e+09
 -100.155441 1.371476e+09
 -100.294160 1.373402e+09
 -100.432880 1.375348e+09
 -100.571599 1.377314e+09
 -100.710319 1.379299e+09
 -100.849038 1.381304e+09
 -100.987757 1.383329e+09
 -101.126477 1.385373e+09
 -101.265196 1.387436e+09
 -101.403916 1.389519e+09
 -101.542635 1.391620e+09
 -101.681355 1.393739e+09
 -101.820074 1.395877e+09
 -101.958794 1.398032e+09
 -102.097513 1.400204e+09
 -102.236232 1.402393e+09
 -102.374952 1.404598e+09
 -102.513671 1.406819e+09
 -102.652391 1.409056e+09
 -102.791110 1.411307e+09
 -102.929830 1.413574e+09
 -103.068549 1.415854e+09
 -103.207269 1.418148e+09
 -103.345988 1.420456e+09
 -103.484707 1.422776e+09
 -103.623427 1.425109e+09
 -103.762146 1.427455e+09
 -103.900866 1.429812e+09
 -104.039585 1.432181e+09
 -104.178305 1.434562e+09
 -104.317024 1.436953e+09
 -104.455744 1.439355e+09
 -104.594463 1.441768e+09
 -104.733182 1.444191e+09
 -104.871902 1.446623e+09
 -105.010621 1.449065e+09
 -105.149341 1.451517e+09
 -105.288060 1.453977e+09
 -105.426780 1.456446e+09
 -105.565499 1.458924e+09
 -105.704219 1.461410e+09
 -105.842938 1.463903e+09
 -105.981657 1.466405e+09
 -106.120377 1.468913e+09
 -106.259096 1.471429e+09
 -106.397816 1.473951e+09
 -106.536535 1.476480e+09
 -106.675255 1.479014e+09
 -106.813974 1.481555e+09
 -106.952694 1.484102e+09
 -107.091413 1.486653e+09
 -107.230133 1.489210e+09
 -107.368852 1.491771e+09
 -107.507571 1.494338e+09
 -107.646291 1.496908e+09
 -107.785010 1.499483e+09
 -107.923730 1.502061e+09
 -108.062449 1.504644e+09
 -108.201169 1.507230e+09
 -108.339888 1.509820e+09
 -108.478608 1.512414e+09
 -108.617327 1.515011e+09
 -108.756046 1.517611e+09
 -108.894766 1.520215e+09
 -109.033485 1.522822e+09
 -109.172205 1.525433e+09
 -109.310924 1.528047e+09
 -109.449644 1.530665e+09
 -109.588363 1.533286e+09
 -109.727083 1.535910e+09
 -109.865802 1.538537e+09
 -110.004521 1.541168e+09
 -110.143241 1.543801e+09
 -110.281960 1.546438e+09
 -110.420680 1.549077e+09
 -110.559399 1.551719e+09
 -110.698119 1.554363e+09
 -110.836838 1.557009e+09
 -110.975558 1.559657e+09
 -111.114277 1.562307e+09
 -111.252996 1.564958e+09
 -111.391716 1.567611e+09
 -111.530435 1.570266e+09
 -111.669155 1.572921e+09
 -111.807874 1.575579e+09
 -111.946594 1.578238e+09
 -112.085313 1.580898e+09
 -112.224033 1.583562e+09
 -112.362752 1.586228e+09
 -112.501471 1.588898e+09
 -112.640191 1.591571e+09
 -112.778910 1.594250e+09
 -112.917630 1.596935e+09
 -113.056349 1.599627e+09
 -113.195069 1.602327e+09
 -113.333788 1.605037e+09
 -113.472508 1.607757e+09
 -113.611227 1.610490e+09
 -113.749947 1.613237e+09
 -113.888666 1.616000e+09
 -114.027385 1.618779e+09
 -114.166105 1.621578e+09
 -114.304824 1.624397e+09
 -114.443544 1.627238e+09
 -114.582263 1.630103e+09
 -114.720983 1.632994e+09
 -114.859702 1.635913e+09
 -114.998422 1.638860e+09
 -115.137141 1.641838e+09
 -115.275860 1.644847e+09
 -115.414580 1.647890e+09
 -115.553299 1.650968e+09
 -115.692019 1.654081e+09
 -115.830738 1.657231e+09
 -115.969458 1.660419e+09
 -116.108177 1.663645e+09
 -116.246897 1.666910e+09
 -116.385616 1.670215e+09
 -116.524335 1.673560e+09
 -116.663055 1.676945e+09
 -116.801774 1.680371e+09
 -116.940494 1.683837e+09
 -117.079213 1.687344e+09
 -117.217933 1.690891e+09
 -117.356652 1.694479e+09
 -117.495372 1.698105e+09
 -117.634091 1.701772e+09
 -117.772810 1.705476e+09
 -117.911530 1.709219e+09
 -118.050249 1.713000e+09
 -118.188969 1.716817e+09
 -118.327688 1.720670e+09
 -118.466408 1.724559e+09
 -118.605127 1.728482e+09
 -118.743847 1.732439e+09
 -118.882566 1.736429e+09
 -119.021286 1.740450e+09
 -119.160005 1.744503e+09
 -119.298724 1.748586e+09
 -119.437444 1.752699e+09
 -119.576163 1.756840e+09
 -119.714883 1.761008e+09
 -119.853602 1.765203e+09
 -119.992322 1.769423e+09
 -120.131041 1.773668e+09
 -120.269761 1.777937e+09
 -120.408480 1.782228e+09
 -120.547199 1.786541e+09
 -120.685919 1.790875e+09
 -120.824638 1.795228e+09
 -120.963358 1.799600e+09
 -121.102077 1.803989e+09
 -121.240797 1.808395e+09
 -121.379516 1.812816e+09
 -121.518236 1.817250e+09
 -121.656955 1.821698e+09
 -121.795674 1.826157e+09
 -121.934394 1.830626e+09
 -122.073113 1.835104e+09
 -122.211833 1.839590e+09
 -122.350552 1.844082e+09
 -122.489272 1.848579e+09
 -122.627991 1.853080e+09
 -122.766711 1.857584e+09
 -122.905430 1.862089e+09
 -123.044149 1.866594e+09
 -123.182869 1.871098e+09
 -123.321588 1.875601e+09
 -123.460308 1.880100e+09
 -123.599027 1.884596e+09
 -123.737747 1.889087e+09
 -123.876466 1.893573e+09
 -124.015186 1.898052e+09
 -124.153905 1.902526e+09
 -124.292624 1.906992e+09
 -124.431344 1.911451e+09
 -124.570063 1.915901e+09
 -124.708783 1.920343e+09
 -124.847502 1.924775e+09
 -124.986222 1.929198e+09
 -125.124941 1.933611e+09
 -125.263661 1.938012e+09
 -125.402380 1.942401e+09
 -125.541100 1.946777e+09
 -125.679819 1.951139e+09
 -125.818538 1.955485e+09
 -125.957258 1.959815e+09
 -126.095977 1.964125e+09
 -126.234697 1.968416e+09
 -126.373416 1.972685e+09
 -126.512136 1.976929e+09
 -126.650855 1.981147e+09
 -126.789575 1.985337e+09
 -126.928294 1.989496e+09
 -127.067013 1.993623e+09
 -127.205733 1.997713e+09
 -127.344452 2.001767e+09
 -127.483172 2.005780e+09
 -127.621891 2.009750e+09
 -127.760611 2.013676e+09
 -127.899330 2.017555e+09
 -128.038050 2.021385e+09
 -128.176769 2.025163e+09
 -128.315488 2.028888e+09
 -128.454208 2.032558e+09
 -128.592927 2.036170e+09
 -128.731647 2.039723e+09
 -128.870366 2.043215e+09
 -129.009086 2.046643e+09
 -129.147805 2.050007e+09
 -129.286525 2.053305e+09
 -129.425244 2.056535e+09
 -129.563963 2.059695e+09
 -129.702683 2.062783e+09
 -129.841402 2.065799e+09
 -129.980122 2.068739e+09
 -130.118841 2.071604e+09
 -130.257561 2.074391e+09
 -130.396280 2.077098e+09
 -130.535000 2.079724e+09
 -130.673719 2.082267e+09
 -130.812438 2.084726e+09
 -130.951158 2.087099e+09
 -131.089877 2.089385e+09
 -131.228597 2.091582e+09
 -131.367316 2.093690e+09
 -131.506036 2.095706e+09
 -131.644755 2.097630e+09
 -131.783475 2.099461e+09
 -131.922194 2.101197e+09
 -132.060914 2.102839e+09
 -132.199633 2.104385e+09
 -132.338352 2.105836e+09
 -132.477072 2.107190e+09
 -132.615791 2.108448e+09
 -132.754511 2.109610e+09
 -132.893230 2.110676e+09
 -133.031950 2.111647e+09
 -133.170669 2.112522e+09
 -133.309389 2.113302e+09
 -133.448108 2.113989e+09
 -133.586827 2.114582e+09
 -133.725547 2.115083e+09
 -133.864266 2.115493e+09
 -134.002986 2.115812e+09
 -134.141705 2.116042e+09
 -134.280425 2.116184e+09
 -134.419144 2.116238e+09
 -134.557864 2.116206e+09
 -134.696583 2.116089e+09
 -134.835302 2.115888e+09
 -134.974022 2.115603e+09
 -135.112741 2.115235e+09
 -135.251461 2.114786e+09
 -135.390180 2.114255e+09
 -135.528900 2.113645e+09
 -135.667619 2.112954e+09
 -135.806339 2.112185e+09
 -135.945058 2.111337e+09
 -136.083777 2.110412e+09
 -136.222497 2.109408e+09
 -136.361216 2.108328e+09
 -136.499936 2.107170e+09
 -136.638655 2.105936e+09
 -136.777375 2.104625e+09
 -136.916094 2.103239e+09
 -137.054814 2.101776e+09
 -137.193533 2.100237e+09
 -137.332253 2.098623e+09
 -137.470972 2.096932e+09
 -137.609691 2.095167e+09
 -137.748411 2.093325e+09
 -137.887130 2.091409e+09
 -138.025850 2.089417e+09
 -138.164569 2.087350e+09
 -138.303289 2.085208e+09
 -138.442008 2.082991e+09
 -138.580728 2.080700e+09
 -138.719447 2.078334e+09
 -138.858166 2.075894e+09
 -138.996886 2.073380e+09
 -139.135605 2.070792e+09
 -139.274325 2.068130e+09
 -139.413044 2.065395e+09
 -139.551764 2.062587e+09
 -139.690483 2.059706e+09
 -139.829203 2.056753e+09
 -139.967922 2.053726e+09
 -140.106641 2.050628e+09
 -140.245361 2.047458e+09
 -140.384080 2.044216e+09
 -140.522800 2.040902e+09
 -140.661519 2.037517e+09
 -140.800239 2.034062e+09
 -140.938958 2.030536e+09
 -141.077678 2.026939e+09
 -141.216397 2.023274e+09
 -141.355116 2.019539e+09
 -141.493836 2.015736e+09
 -141.632555 2.011865e+09
 -141.771275 2.007926e+09
 -141.909994 2.003922e+09
 -142.048714 1.999852e+09
 -142.187433 1.995717e+09
 -142.326153 1.991519e+09
 -142.464872 1.987258e+09
 -142.603591 1.982935e+09
 -142.742311 1.978553e+09
 -142.881030 1.974111e+09
 -143.019750 1.969612e+09
 -143.158469 1.965057e+09
 -143.297189 1.960446e+09
 -143.435908 1.955782e+09
 -143.574628 1.951065e+09
 -143.713347 1.946298e+09
 -143.852067 1.941482e+09
 -143.990786 1.936618e+09
 -144.129505 1.931709e+09
 -144.268225 1.926755e+09
 -144.406944 1.921758e+09
 -144.545664 1.916719e+09
 -144.684383 1.911642e+09
 -144.823103 1.906526e+09
 -144.961822 1.901375e+09
 -145.100542 1.896189e+09
 -145.239261 1.890970e+09
 -145.377980 1.885720e+09
 -145.516700 1.880440e+09
 -145.655419 1.875133e+09
 -145.794139 1.869800e+09
 -145.932858 1.864443e+09
 -146.071578 1.859063e+09
 -146.210297 1.853661e+09
 -146.349017 1.848241e+09
 -146.487736 1.842802e+09
 -146.626455 1.837346e+09
 -146.765175 1.831875e+09
 -146.903894 1.826390e+09
 -147.042614 1.820893e+09
 -147.181333 1.815383e+09
 -147.320053 1.809864e+09
 -147.458772 1.804334e+09
 -147.597492 1.798797e+09
 -147.736211 1.793251e+09
 -147.874930 1.787699e+09
 -148.013650 1.782140e+09
 -148.152369 1.776576e+09
 -148.291089 1.771007e+09
 -148.429808 1.765434e+09
 -148.568528 1.759857e+09
 -148.707247 1.754277e+09
 -148.845967 1.748694e+09
 -148.984686 1.743110e+09
 -149.123405 1.737524e+09
 -149.262125 1.731937e+09
 -149.400844 1.726350e+09
 -149.539564 1.720764e+09
 -149.678283 1.715179e+09
 -149.817003 1.709596e+09
 -149.955722 1.704016e+09
 -150.094442 1.698439e+09
 -150.233161 1.692868e+09
 -150.371881 1.687303e+09
 -150.510600 1.681746e+09
 -150.649319 1.676196e+09
 -150.788039 1.670657e+09
 -150.926758 1.665130e+09
 -151.065478 1.659615e+09
 -151.204197 1.654115e+09
 -151.342917 1.648631e+09
 -151.481636 1.643164e+09
 -151.620356 1.637716e+09
 -151.759075 1.632290e+09
 -151.897794 1.626885e+09
 -152.036514 1.621505e+09
 -152.175233 1.616149e+09
 -152.313953 1.610820e+09
 -152.452672 1.605519e+09
 -152.591392 1.600246e+09
 -152.730111 1.595003e+09
 -152.868831 1.589791e+09
 -153.007550 1.584610e+09
 -153.146269 1.579460e+09
 -153.284989 1.574342e+09
 -153.423708 1.569257e+09
 -153.562428 1.564204e+09
 -153.701147 1.559183e+09
 -153.839867 1.554195e+09
 -153.978586 1.549238e+09
 -154.117306 1.544314e+09
 -154.256025 1.539420e+09
 -154.394744 1.534558e+09
 -154.533464 1.529726e+09
 -154.672183 1.524924e+09
 -154.810903 1.520152e+09
 -154.949622 1.515410e+09
 -155.088342 1.510696e+09
 -155.227061 1.506011e+09
 -155.365781 1.501353e+09
 -155.504500 1.496723e+09
 -155.643220 1.492120e+09
 -155.781939 1.487543e+09
 -155.920658 1.482992e+09
 -156.059378 1.478465e+09
 -156.198097 1.473962e+09
 -156.336817 1.469482e+09
 -156.475536 1.465025e+09
 -156.614256 1.460588e+09
 -156.752975 1.456170e+09
 -156.891695 1.451771e+09
 -157.030414 1.447388e+09
 -157.169133 1.443021e+09
 -157.307853 1.438667e+09
 -157.446572 1.434325e+09
 -157.585292 1.429993e+09
 -157.724011 1.425670e+09
 -157.862731 1.421355e+09
 -158.001450 1.417044e+09
 -158.140170 1.412738e+09
 -158.278889 1.408434e+09
 -158.417608 1.404132e+09
 -158.556328 1.399830e+09
 -158.695047 1.395527e+09
 -158.833767 1.391223e+09
 -158.972486 1.386917e+09
 -159.111206 1.382608e+09
 -159.249925 1.378298e+09
 -159.388645 1.373984e+09
 -159.527364 1.369669e+09
 -159.666083 1.365352e+09
 -159.804803 1.361033e+09
 -159.943522 1.356715e+09
 -160.082242 1.352396e+09
 -160.220961 1.348080e+09
 -160.359681 1.343766e+09
 -160.498400 1.339456e+09
 -160.637120 1.335151e+09
 -160.775839 1.330854e+09
 -160.914558 1.326564e+09
 -161.053278 1.322285e+09
 -161.191997 1.318016e+09
 -161.330717 1.313760e+09
 -161.469436 1.309519e+09
 -161.608156 1.305293e+09
 -161.746875 1.301084e+09
 -161.885595 1.296893e+09
 -162.024314 1.292722e+09
 -162.163034 1.288571e+09
 -162.301753 1.284443e+09
 -162.440472 1.280337e+09
 -162.579192 1.276256e+09
 -162.717911 1.272198e+09
 -162.856631 1.268167e+09
 -162.995350 1.264161e+09
 -163.134070 1.260183e+09
 -163.272789 1.256231e+09
 -163.411509 1.252307e+09
 -163.550228 1.248411e+09
 -163.688947 1.244542e+09
 -163.827667 1.240701e+09
 -163.966386 1.236889e+09
 -164.105106 1.233104e+09
 -164.243825 1.229346e+09
 -164.382545 1.225616e+09
 -164.521264 1.221912e+09
 -164.659984 1.218235e+09
 -164.798703 1.214583e+09
 -164.937422 1.210955e+09
 -165.076142 1.207352e+09
 -165.214861 1.203771e+09
 -165.353581 1.200213e+09
 -165.492300 1.196675e+09
 -165.631020 1.193157e+09
 -165.769739 1.189658e+09
 -165.908459 1.186176e+09
 -166.047178 1.182710e+09
 -166.185897 1.179259e+09
 -166.324617 1.175822e+09
 -166.463336 1.172397e+09
 -166.602056 1.168984e+09
 -166.740775 1.165580e+09
 -166.879495 1.162186e+09
 -167.018214 1.158799e+09
 -167.156934 1.155419e+09
 -167.295653 1.152045e+09
 -167.434373 1.148676e+09
 -167.573092 1.145311e+09
 -167.711811 1.141949e+09
 -167.850531 1.138590e+09
 -167.989250 1.135233e+09
 -168.127970 1.131877e+09
 -168.266689 1.128522e+09
 -168.405409 1.125168e+09
 -168.544128 1.121814e+09
 -168.682848 1.118460e+09
 -168.821567 1.115106e+09
 -168.960286 1.111752e+09
 -169.099006 1.108399e+09
 -169.237725 1.105046e+09
 -169.376445 1.101694e+09
 -169.515164 1.098344e+09
 -169.653884 1.094995e+09
 -169.792603 1.091648e+09
 -169.931323 1.088305e+09
 -170.070042 1.084966e+09
 -170.208761 1.081631e+09
 -170.347481 1.078302e+09
 -170.486200 1.074979e+09
 -170.624920 1.071663e+09
 -170.763639 1.068356e+09
 -170.902359 1.065057e+09
 -171.041078 1.061769e+09
 -171.179798 1.058491e+09
 -171.318517 1.055224e+09
 -171.457236 1.051969e+09
 -171.595956 1.048726e+09
 -171.734675 1.045497e+09
 -171.873395 1.042281e+09
 -172.012114 1.039078e+09
 -172.150834 1.035890e+09
 -172.289553 1.032715e+09
 -172.428273 1.029555e+09
 -172.566992 1.026409e+09
 -172.705711 1.023277e+09
 -172.844431 1.020160e+09
 -172.983150 1.017057e+09
 -173.121870 1.013967e+09
 -173.260589 1.010892e+09
 -173.399309 1.007830e+09
 -173.538028 1.004783e+09
 -173.676748 1.001750e+09
 -173.815467 9.987302e+08
 -173.954187 9.957250e+08
 -174.092906 9.927340e+08
 -174.231625 9.897575e+08
 -174.370345 9.867956e+08
 -174.509064 9.838486e+08
 -174.647784 9.809168e+08
 -174.786503 9.780004e+08
 -174.925223 9.750998e+08
 -175.063942 9.722150e+08
 -175.202662 9.693465e+08
 -175.341381 9.664944e+08
 -175.480100 9.636588e+08
 -175.618820 9.608399e+08
 -175.757539 9.580378e+08
 -175.896259 9.552523e+08
 -176.034978 9.524835e+08
 -176.173698 9.497313e+08
 -176.312417 9.469954e+08
 -176.451137 9.442757e+08
 -176.589856 9.415717e+08
 -176.728575 9.388832e+08
 -176.867295 9.362098e+08
 -177.006014 9.335511e+08
 -177.144734 9.309067e+08
 -177.283453 9.282760e+08
 -177.422173 9.256587e+08
 -177.560892 9.230542e+08
 -177.699612 9.204622e+08
 -177.838331 9.178821e+08
 -177.977050 9.153136e+08
 -178.115770 9.127563e+08
 -178.254489 9.102098e+08
 -178.393209 9.076738e+08
 -178.531928 9.051479e+08
 -178.670648 9.026319e+08
 -178.809367 9.001255e+08
 -178.948087 8.976285e+08
 -179.086806 8.951405e+08
 -179.225525 8.926616e+08
 -179.364245 8.901914e+08
 -179.502964 8.877297e+08
 -179.641684 8.852766e+08
 -179.780403 8.828319e+08
 -179.919123 8.803954e+08
 -180.057842 8.779671e+08
 -180.196562 8.755470e+08
 -180.335281 8.731349e+08
 -180.474001 8.707310e+08
 -180.612720 8.683351e+08
 -180.751439 8.659473e+08
 -180.890159 8.635676e+08
 -181.028878 8.611959e+08
 -181.167598 8.588322e+08
 -181.306317 8.564765e+08
 -181.445037 8.541288e+08
 -181.583756 8.517888e+08
 -181.722476 8.494564e+08
 -181.861195 8.471316e+08
 -181.999914 8.448140e+08
 -182.138634 8.425034e+08
 -182.277353 8.401996e+08
 -182.416073 8.379021e+08
 -182.554792 8.356107e+08
 -182.693512 8.333250e+08
 -182.832231 8.310446e+08
 -182.970951 8.287691e+08
 -183.109670 8.264984e+08
 -183.248389 8.242320e+08
 -183.387109 8.219697e+08
 -183.525828 8.197114e+08
 -183.664548 8.174569e+08
 -183.803267 8.152063e+08
 -183.941987 8.129596e+08
 -184.080706 8.107170e+08
 -184.219426 8.084788e+08
 -184.358145 8.062453e+08
 -184.496864 8.040171e+08
 -184.635584 8.017946e+08
 -184.774303 7.995785e+08
 -184.913023 7.973695e+08
 -185.051742 7.951684e+08
 -185.190462 7.929760e+08
 -185.329181 7.907930e+08
 -185.467901 7.886205e+08
 -185.606620 7.864591e+08
 -185.745340 7.843098e+08
 -185.884059 7.821734e+08
 -186.022778 7.800506e+08
 -186.161498 7.779422e+08
 -186.300217 7.758488e+08
 -186.438937 7.737711e+08
 -186.577656 7.717095e+08
 -186.716376 7.696645e+08
 -186.855095 7.676365e+08
 -186.993815 7.656257e+08
 -187.132534 7.636325e+08
 -187.271253 7.616568e+08
 -187.409973 7.596988e+08
 -187.548692 7.577583e+08
 -187.687412 7.558352e+08
 -187.826131 7.539292e+08
 -187.964851 7.520401e+08
 -188.103570 7.501674e+08
 -188.242290 7.483106e+08
 -188.381009 7.464692e+08
 -188.519728 7.446425e+08
 -188.658448 7.428297e+08
 -188.797167 7.410302e+08
 -188.935887 7.392430e+08
 -189.074606 7.374673e+08
 -189.213326 7.357022e+08
 -189.352045 7.339467e+08
 -189.490765 7.321999e+08
 -189.629484 7.304609e+08
 -189.768203 7.287286e+08
 -189.906923 7.270023e+08
 -190.045642 7.252810e+08
 -190.184362 7.235639e+08
 -190.323081 7.218502e+08
 -190.461801 7.201393e+08
 -190.600520 7.184304e+08
 -190.739240 7.167230e+08
 -190.877959 7.150167e+08
 -191.016678 7.133110e+08
 -191.155398 7.116056e+08
 -191.294117 7.099003e+08
 -191.432837 7.081948e+08
 -191.571556 7.064891e+08
 -191.710276 7.047830e+08
 -191.848995 7.030766e+08
 -191.987715 7.013698e+08
 -192.126434 6.996629e+08
 -192.265154 6.979558e+08
 -192.403873 6.962487e+08
 -192.542592 6.945417e+08
 -192.681312 6.928350e+08
 -192.820031 6.911288e+08
 -192.958751 6.894231e+08
 -193.097470 6.877183e+08
 -193.236190 6.860145e+08
 -193.374909 6.843118e+08
 -193.513629 6.826106e+08
 -193.652348 6.809110e+08
 -193.791067 6.792132e+08
 -193.929787 6.775175e+08
 -194.068506 6.758241e+08
 -194.207226 6.741334e+08
 -194.345945 6.724457e+08
 -194.484665 6.707611e+08
 -194.623384 6.690802e+08
 -194.762104 6.674031e+08
 -194.900823 6.657304e+08
 -195.039542 6.640623e+08
 -195.178262 6.623992e+08
 -195.316981 6.607415e+08
 -195.455701 6.590895e+08
 -195.594420 6.574437e+08
 -195.733140 6.558044e+08
 -195.871859 6.541719e+08
 -196.010579 6.525466e+08
 -196.149298 6.509288e+08
 -196.288017 6.493187e+08
 -196.426737 6.477167e+08
 -196.565456 6.461230e+08
 -196.704176 6.445378e+08
 -196.842895 6.429613e+08
 -196.981615 6.413937e+08
 -197.120334 6.398352e+08
 -197.259054 6.382859e+08
 -197.397773 6.367460e+08
 -197.536492 6.352155e+08
 -197.675212 6.336945e+08
 -197.813931 6.321831e+08
 -197.952651 6.306815e+08
 -198.091370 6.291895e+08
 -198.230090 6.277074e+08
 -198.368809 6.262351e+08
 -198.507529 6.247727e+08
 -198.646248 6.233202e+08
 -198.784968 6.218777e+08
 -198.923687 6.204450e+08
 -199.062406 6.190224e+08
 -199.201126 6.176096e+08
 -199.339845 6.162068e+08
 -199.478565 6.148139e+08
 -199.617284 6.134308e+08
 -199.756004 6.120576e+08
 -199.894723 6.106942e+08
 -200.033443 6.093405e+08
 -200.172162 6.079965e+08
 -200.310881 6.066622e+08
 -200.449601 6.053375e+08
 -200.588320 6.040223e+08
 -200.727040 6.027167e+08
 -200.865759 6.014206e+08
 -201.004479 6.001340e+08
 -201.143198 5.988569e+08
 -201.281918 5.975893e+08
 -201.420637 5.963313e+08
 -201.559356 5.950827e+08
 -201.698076 5.938437e+08
 -201.836795 5.926141e+08
 -201.975515 5.913940e+08
 -202.114234 5.901833e+08
 -202.252954 5.889820e+08
 -202.391673 5.877898e+08
 -202.530393 5.866068e+08
 -202.669112 5.854327e+08
 -202.807831 5.842674e+08
 -202.946551 5.831104e+08
 -203.085270 5.819617e+08
 -203.223990 5.808208e+08
 -203.362709 5.796874e+08
 -203.501429 5.785610e+08
 -203.640148 5.774412e+08
 -203.778868 5.763275e+08
 -203.917587 5.752194e+08
 -204.056307 5.741164e+08
 -204.195026 5.730179e+08
 -204.333745 5.719234e+08
 -204.472465 5.708322e+08
 -204.611184 5.697438e+08
 -204.749904 5.686577e+08
 -204.888623 5.675731e+08
 -205.027343 5.664896e+08
 -205.166062 5.654067e+08
 -205.304782 5.643236e+08
 -205.443501 5.632400e+08
 -205.582220 5.621553e+08
 -205.720940 5.610690e+08
 -205.859659 5.599806e+08
 -205.998379 5.588898e+08
 -206.137098 5.577960e+08
 -206.275818 5.566990e+08
 -206.414537 5.555985e+08
 -206.553257 5.544940e+08
 -206.691976 5.533854e+08
 -206.830695 5.522725e+08
 -206.969415 5.511551e+08
 -207.108134 5.500331e+08
 -207.246854 5.489063e+08
 -207.385573 5.477749e+08
 -207.524293 5.466387e+08
 -207.663012 5.454980e+08
 -207.801732 5.443526e+08
 -207.940451 5.432030e+08
 -208.079170 5.420490e+08
 -208.217890 5.408912e+08
 -208.356609 5.397296e+08
 -208.495329 5.385647e+08
 -208.634048 5.373967e+08
 -208.772768 5.362261e+08
 -208.911487 5.350533e+08
 -209.050207 5.338788e+08
 -209.188926 5.327032e+08
 -209.327645 5.315270e+08
 -209.466365 5.303508e+08
 -209.605084 5.291753e+08
 -209.743804 5.280014e+08
 -209.882523 5.268296e+08
 -210.021243 5.256608e+08
 -210.159962 5.244958e+08
 -210.298682 5.233355e+08
 -210.437401 5.221806e+08
 -210.576121 5.210319e+08
 -210.714840 5.198902e+08
 -210.853559 5.187563e+08
 -210.992279 5.176308e+08
 -211.130998 5.165142e+08
 -211.269718 5.154073e+08
 -211.408437 5.143103e+08
 -211.547157 5.132237e+08
 -211.685876 5.121476e+08
 -211.824596 5.110823e+08
 -211.963315 5.100277e+08
 -212.102034 5.089839e+08
 -212.240754 5.079506e+08
 -212.379473 5.069277e+08
 -212.518193 5.059147e+08
 -212.656912 5.049114e+08
 -212.795632 5.039173e+08
 -212.934351 5.029317e+08
 -213.073071 5.019542e+08
 -213.211790 5.009841e+08
 -213.350509 5.000208e+08
 -213.489229 4.990634e+08
 -213.627948 4.981114e+08
 -213.766668 4.971638e+08
 -213.905387 4.962199e+08
 -214.044107 4.952788e+08
 -214.182826 4.943396e+08
 -214.321546 4.934015e+08
 -214.460265 4.924635e+08
 -214.598984 4.915247e+08
 -214.737704 4.905840e+08
 -214.876423 4.896406e+08
 -215.015143 4.886935e+08
 -215.153862 4.877416e+08
 -215.292582 4.867841e+08
 -215.431301 4.858201e+08
 -215.570021 4.848486e+08
 -215.708740 4.838691e+08
 -215.847459 4.828807e+08
 -215.986179 4.818828e+08
 -216.124898 4.808751e+08
 -216.263618 4.798570e+08
 -216.402337 4.788286e+08
 -216.541057 4.777896e+08
 -216.679776 4.767403e+08
 -216.818496 4.756808e+08
 -216.957215 4.746117e+08
 -217.095935 4.735335e+08
 -217.234654 4.724471e+08
 -217.373373 4.713533e+08
 -217.512093 4.702532e+08
 -217.650812 4.691479e+08
 -217.789532 4.680389e+08
 -217.928251 4.669274e+08
 -218.066971 4.658148e+08
 -218.205690 4.647027e+08
 -218.344410 4.635925e+08
 -218.483129 4.624857e+08
 -218.621848 4.613838e+08
 -218.760568 4.602882e+08
 -218.899287 4.592002e+08
 -219.038007 4.581211e+08
 -219.176726 4.570521e+08
 -219.315446 4.559942e+08
 -219.454165 4.549484e+08
 -219.592885 4.539155e+08
 -219.731604 4.528963e+08
 -219.870323 4.518914e+08
 -220.009043 4.509011e+08
 -220.147762 4.499260e+08
 -220.286482 4.489662e+08
 -220.425201 4.480217e+08
 -220.563921 4.470928e+08
 -220.702640 4.461791e+08
 -220.841360 4.452807e+08
 -220.980079 4.443971e+08
 -221.118798 4.435280e+08
 -221.257518 4.426731e+08
 -221.396237 4.418317e+08
 -221.534957 4.410033e+08
 -221.673676 4.401874e+08
 -221.812396 4.393832e+08
 -221.951115 4.385901e+08
 -222.089835 4.378073e+08
 -222.228554 4.370340e+08
 -222.367274 4.362695e+08
 -222.505993 4.355130e+08
 -222.644712 4.347637e+08
 -222.783432 4.340209e+08
 -222.922151 4.332837e+08
 -223.060871 4.325515e+08
 -223.199590 4.318235e+08
 -223.338310 4.310992e+08
 -223.477029 4.303779e+08
 -223.615749 4.296592e+08
 -223.754468 4.289426e+08
 -223.893187 4.282277e+08
 -224.031907 4.275142e+08
 -224.170626 4.268019e+08
 -224.309346 4.260906e+08
 -224.448065 4.253803e+08
 -224.586785 4.246708e+08
 -224.725504 4.239623e+08
 -224.864224 4.232548e+08
 -225.002943 4.225484e+08
 -225.141662 4.218433e+08
 -225.280382 4.211396e+08
 -225.419101 4.204374e+08
 -225.557821 4.197369e+08
 -225.696540 4.190381e+08
 -225.835260 4.183413e+08
 -225.973979 4.176464e+08
 -226.112699 4.169534e+08
 -226.251418 4.162623e+08
 -226.390137 4.155730e+08
 -226.528857 4.148854e+08
 -226.667576 4.141992e+08
 -226.806296 4.135143e+08
 -226.945015 4.128303e+08
 -227.083735 4.121468e+08
 -227.222454 4.114634e+08
 -227.361174 4.107798e+08
 -227.499893 4.100953e+08
 -227.638612 4.094096e+08
 -227.777332 4.087219e+08
 -227.916051 4.080319e+08
 -228.054771 4.073388e+08
 -228.193490 4.066422e+08
 -228.332210 4.059415e+08
 -228.470929 4.052361e+08
 -228.609649 4.045256e+08
 -228.748368 4.038094e+08
 -228.887088 4.030873e+08
 -229.025807 4.023589e+08
 -229.164526 4.016238e+08
 -229.303246 4.008821e+08
 -229.441965 4.001336e+08
 -229.580685 3.993783e+08
 -229.719404 3.986165e+08
 -229.858124 3.978483e+08
 -229.996843 3.970742e+08
 -230.135563 3.962947e+08
 -230.274282 3.955104e+08
 -230.413001 3.947220e+08
 -230.551721 3.939303e+08
 -230.690440 3.931363e+08
 -230.829160 3.923410e+08
 -230.967879 3.915456e+08
 -231.106599 3.907512e+08
 -231.245318 3.899591e+08
 -231.384038 3.891706e+08
 -231.522757 3.883872e+08
 -231.661476 3.876103e+08
 -231.800196 3.868412e+08
 -231.938915 3.860815e+08
 -232.077635 3.853326e+08
 -232.216354 3.845959e+08
 -232.355074 3.838728e+08
 -232.493793 3.831645e+08
 -232.632513 3.824723e+08
 -232.771232 3.817974e+08
 -232.909951 3.811407e+08
 -233.048671 3.805031e+08
 -233.187390 3.798854e+08
 -233.326110 3.792881e+08
 -233.464829 3.787117e+08
 -233.603549 3.781563e+08
 -233.742268 3.776220e+08
 -233.880988 3.771088e+08
 -234.019707 3.766162e+08
 -234.158426 3.761437e+08
 -234.297146 3.756908e+08
 -234.435865 3.752565e+08
 -234.574585 3.748398e+08
 -234.713304 3.744396e+08
 -234.852024 3.740546e+08
 -234.990743 3.736835e+08
 -235.129463 3.733247e+08
 -235.268182 3.729766e+08
 -235.406902 3.726377e+08
 -235.545621 3.723062e+08
 -235.684340 3.719804e+08
 -235.823060 3.716585e+08
 -235.961779 3.713389e+08
 -236.100499 3.710198e+08
 -236.239218 3.706996e+08
 -236.377938 3.703765e+08
 -236.516657 3.700491e+08
 -236.655377 3.697158e+08
 -236.794096 3.693752e+08
 -236.932815 3.690259e+08
 -237.071535 3.686667e+08
 -237.210254 3.682965e+08
 -237.348974 3.679142e+08
 -237.487693 3.675189e+08
 -237.626413 3.671099e+08
 -237.765132 3.666863e+08
 -237.903852 3.662477e+08
 -238.042571 3.657936e+08
 -238.181290 3.653236e+08
 -238.320010 3.648375e+08
 -238.458729 3.643350e+08
 -238.597449 3.638162e+08
 -238.736168 3.632811e+08
 -238.874888 3.627296e+08
 -239.013607 3.621622e+08
 -239.152327 3.615788e+08
 -239.291046 3.609799e+08
 -239.429765 3.603658e+08
 -239.568485 3.597368e+08
 -239.707204 3.590935e+08
 -239.845924 3.584364e+08
 -239.984643 3.577659e+08
 -240.123363 3.570828e+08
 -240.262082 3.563876e+08
 -240.400802 3.556811e+08
 -240.539521 3.549639e+08
 -240.678241 3.542369e+08
 -240.816960 3.535009e+08
 -240.955679 3.527569e+08
 -241.094399 3.520056e+08
 -241.233118 3.512482e+08
 -241.371838 3.504855e+08
 -241.510557 3.497186e+08
 -241.649277 3.489485e+08
 -241.787996 3.481762e+08
 -241.926716 3.474028e+08
 -242.065435 3.466292e+08
 -242.204154 3.458565e+08
 -242.342874 3.450854e+08
 -242.481593 3.443171e+08
 -242.620313 3.435521e+08
 -242.759032 3.427914e+08
 -242.897752 3.420357e+08
 -243.036471 3.412854e+08
 -243.175191 3.405413e+08
 -243.313910 3.398037e+08
 -243.452629 3.390731e+08
 -243.591349 3.383498e+08
 -243.730068 3.376340e+08
 -243.868788 3.369262e+08
 -244.007507 3.362263e+08
 -244.146227 3.355347e+08
 -244.284946 3.348513e+08
 -244.423666 3.341763e+08
 -244.562385 3.335098e+08
 -244.701104 3.328518e+08
 -244.839824 3.322024e+08
 -244.978543 3.315616e+08
 -245.117263 3.309294e+08
 -245.255982 3.303057e+08
 -245.394702 3.296907e+08
 -245.533421 3.290841e+08
 -245.672141 3.284859e+08
 -245.810860 3.278959e+08
 -245.949579 3.273140e+08
 -246.088299 3.267398e+08
 -246.227018 3.261731e+08
 -246.365738 3.256135e+08
 -246.504457 3.250605e+08
 -246.643177 3.245138e+08
 -246.781896 3.239726e+08
 -246.920616 3.234365e+08
 -247.059335 3.229048e+08
 -247.198055 3.223768e+08
 -247.336774 3.218519e+08
 -247.475493 3.213292e+08
 -247.614213 3.208081e+08
 -247.752932 3.202879e+08
 -247.891652 3.197678e+08
 -248.030371 3.192472e+08
 -248.169091 3.187254e+08
 -248.307810 3.182019e+08
 -248.446530 3.176761e+08
 -248.585249 3.171475e+08
 -248.723968 3.166159e+08
 -248.862688 3.160810e+08
 -249.001407 3.155427e+08
 -249.140127 3.150008e+08
 -249.278846 3.144557e+08
 -249.417566 3.139075e+08
 -249.556285 3.133567e+08
 -249.695005 3.128039e+08
 -249.833724 3.122499e+08
 -249.972443 3.116956e+08
 -250.111163 3.111421e+08
 -250.249882 3.105907e+08
 -250.388602 3.100427e+08
 -250.527321 3.094996e+08
 -250.666041 3.089630e+08
 -250.804760 3.084347e+08
 -250.943480 3.079162e+08
 -251.082199 3.074093e+08
 -251.220918 3.069157e+08
 -251.359638 3.064371e+08
 -251.498357 3.059749e+08
 -251.637077 3.055306e+08
 -251.775796 3.051054e+08
 -251.914516 3.047005e+08
 -252.053235 3.043168e+08
 -252.191955 3.039551e+08
 -252.330674 3.036158e+08
 -252.469393 3.032994e+08
 -252.608113 3.030060e+08
 -252.746832 3.027355e+08
 -252.885552 3.024878e+08
 -253.024271 3.022624e+08
 -253.162991 3.020591e+08
 -253.301710 3.018771e+08
 -253.440430 3.017158e+08
 -253.579149 3.015744e+08
 -253.717869 3.014523e+08
 -253.856588 3.013485e+08
 -253.995307 3.012624e+08
 -254.134027 3.011930e+08
 -254.272746 3.011396e+08
 -254.411466 3.011015e+08
 -254.550185 3.010779e+08
 -254.688905 3.010680e+08
 -254.827624 3.010711e+08
 -254.966344 3.010867e+08
 -255.105063 3.011138e+08
 -255.243782 3.011519e+08
 -255.382502 3.012002e+08
 -255.521221 3.012579e+08
 -255.659941 3.013242e+08
 -255.798660 3.013983e+08
 -255.937380 3.014791e+08
 -256.076099 3.015658e+08
 -256.214819 3.016572e+08
 -256.353538 3.017522e+08
 -256.492257 3.018495e+08
 -256.630977 3.019478e+08
 -256.769696 3.020457e+08
 -256.908416 3.021419e+08
 -257.047135 3.022347e+08
 -257.185855 3.023227e+08
 -257.324574 3.024043e+08
 -257.463294 3.024778e+08
 -257.602013 3.025418e+08
 -257.740732 3.025945e+08
 -257.879452 3.026346e+08
 -258.018171 3.026604e+08
 -258.156891 3.026707e+08
 -258.295610 3.026640e+08
 -258.434330 3.026393e+08
 -258.573049 3.025954e+08
 -258.711769 3.025314e+08
 -258.850488 3.024466e+08
 -258.989208 3.023404e+08
 -259.127927 3.022126e+08
 -259.266646 3.020628e+08
 -259.405366 3.018912e+08
 -259.544085 3.016979e+08
 -259.682805 3.014835e+08
 -259.821524 3.012485e+08
 -259.960244 3.009938e+08
 -260.098963 3.007202e+08
 -260.237683 3.004290e+08
 -260.376402 3.001213e+08
 -260.515121 2.997984e+08
 -260.653841 2.994616e+08
 -260.792560 2.991126e+08
 -260.931280 2.987525e+08
 -261.069999 2.983830e+08
 -261.208719 2.980053e+08
 -261.347438 2.976208e+08
 -261.486158 2.972308e+08
 -261.624877 2.968365e+08
 -261.763596 2.964389e+08
 -261.902316 2.960389e+08
 -262.041035 2.956374e+08
 -262.179755 2.952349e+08
 -262.318474 2.948320e+08
 -262.457194 2.944291e+08
 -262.595913 2.940263e+08
 -262.734633 2.936238e+08
 -262.873352 2.932215e+08
 -263.012071 2.928193e+08
 -263.150791 2.924168e+08
 -263.289510 2.920137e+08
 -263.428230 2.916096e+08
 -263.566949 2.912039e+08
 -263.705669 2.907962e+08
 -263.844388 2.903858e+08
 -263.983108 2.899722e+08
 -264.121827 2.895547e+08
 -264.260546 2.891328e+08
 -264.399266 2.887059e+08
 -264.537985 2.882735e+08
 -264.676705 2.878351e+08
 -264.815424 2.873903e+08
 -264.954144 2.869387e+08
 -265.092863 2.864800e+08
 -265.231583 2.860140e+08
 -265.370302 2.855406e+08
 -265.509022 2.850598e+08
 -265.647741 2.845716e+08
 -265.786460 2.840761e+08
 -265.925180 2.835736e+08
 -266.063899 2.830645e+08
 -266.202619 2.825491e+08
 -266.341338 2.820280e+08
 -266.480058 2.815018e+08
 -266.618777 2.809711e+08
 -266.757497 2.804367e+08
 -266.896216 2.798994e+08
 -267.034935 2.793598e+08
 -267.173655 2.788190e+08
 -267.312374 2.782777e+08
 -267.451094 2.777367e+08
 -267.589813 2.771968e+08
 -267.728533 2.766588e+08
 -267.867252 2.761233e+08
 -268.005972 2.755909e+08
 -268.144691 2.750623e+08
 -268.283410 2.745378e+08
 -268.422130 2.740177e+08
 -268.560849 2.735022e+08
 -268.699569 2.729916e+08
 -268.838288 2.724857e+08
 -268.977008 2.719845e+08
 -269.115727 2.714877e+08
 -269.254447 2.709950e+08
 -269.393166 2.705061e+08
 -269.531885 2.700204e+08
 -269.670605 2.695374e+08
 -269.809324 2.690566e+08
 -269.948044 2.685773e+08
 -270.086763 2.680990e+08
 -270.225483 2.676211e+08
 -270.364202 2.671430e+08
 -270.502922 2.666641e+08
 -270.641641 2.661842e+08
 -270.780360 2.657028e+08
 -270.919080 2.652195e+08
 -271.057799 2.647343e+08
 -271.196519 2.642470e+08
 -271.335238 2.637576e+08
 -271.473958 2.632663e+08
 -271.612677 2.627731e+08
 -271.751397 2.622785e+08
 -271.890116 2.617827e+08
 -272.028836 2.612861e+08
 -272.167555 2.607893e+08
 -272.306274 2.602927e+08
 -272.444994 2.597970e+08
 -272.583713 2.593027e+08
 -272.722433 2.588103e+08
 -272.861152 2.583205e+08
 -272.999872 2.578337e+08
 -273.138591 2.573506e+08
 -273.277311 2.568716e+08
 -273.416030 2.563972e+08
 -273.554749 2.559279e+08
 -273.693469 2.554639e+08
 -273.832188 2.550058e+08
 -273.970908 2.545537e+08
 -274.109627 2.541080e+08
 -274.248347 2.536689e+08
 -274.387066 2.532366e+08
 -274.525786 2.528113e+08
 -274.664505 2.523933e+08
 -274.803224 2.519826e+08
 -274.941944 2.515793e+08
 -275.080663 2.511835e+08
 -275.219383 2.507953e+08
 -275.358102 2.504147e+08
 -275.496822 2.500415e+08
 -275.635541 2.496758e+08
 -275.774261 2.493173e+08
 -275.912980 2.489657e+08
 -276.051699 2.486208e+08
 -276.190419 2.482823e+08
 -276.329138 2.479494e+08
 -276.467858 2.476218e+08
 -276.606577 2.472988e+08
 -276.745297 2.469795e+08
 -276.884016 2.466633e+08
 -277.022736 2.463492e+08
 -277.161455 2.460363e+08
 -277.300175 2.457238e+08
 -277.438894 2.454105e+08
 -277.577613 2.450956e+08
 -277.716333 2.447782e+08
 -277.855052 2.444573e+08
 -277.993772 2.441322e+08
 -278.132491 2.438021e+08
 -278.271211 2.434662e+08
 -278.409930 2.431241e+08
 -278.548650 2.427753e+08
 -278.687369 2.424193e+08
 -278.826088 2.420559e+08
 -278.964808 2.416848e+08
 -279.103527 2.413061e+08
 -279.242247 2.409196e+08
 -279.380966 2.405255e+08
 -279.519686 2.401237e+08
 -279.658405 2.397145e+08
 -279.797125 2.392981e+08
 -279.935844 2.388747e+08
 -280.074563 2.384446e+08
 -280.213283 2.380080e+08
 -280.352002 2.375652e+08
 -280.490722 2.371166e+08
 -280.629441 2.366624e+08
 -280.768161 2.362030e+08
 -280.906880 2.357386e+08
 -281.045600 2.352696e+08
 -281.184319 2.347962e+08
 -281.323038 2.343187e+08
 -281.461758 2.338374e+08
 -281.600477 2.333526e+08
 -281.739197 2.328645e+08
 -281.877916 2.323733e+08
 -282.016636 2.318792e+08
 -282.155355 2.313824e+08
 -282.294075 2.308832e+08
 -282.432794 2.303816e+08
 -282.571513 2.298778e+08
 -282.710233 2.293718e+08
 -282.848952 2.288639e+08
 -282.987672 2.283542e+08
 -283.126391 2.278427e+08
 -283.265111 2.273296e+08
 -283.403830 2.268150e+08
 -283.542550 2.262991e+08
 -283.681269 2.257821e+08
 -283.819989 2.252641e+08
 -283.958708 2.247454e+08
 -284.097427 2.242262e+08
 -284.236147 2.237067e+08
 -284.374866 2.231873e+08
 -284.513586 2.226682e+08
 -284.652305 2.221497e+08
 -284.791025 2.216321e+08
 -284.929744 2.211156e+08
 -285.068464 2.206006e+08
 -285.207183 2.200873e+08
 -285.345902 2.195758e+08
 -285.484622 2.190665e+08
 -285.623341 2.185594e+08
 -285.762061 2.180548e+08
 -285.900780 2.175527e+08
 -286.039500 2.170532e+08
 -286.178219 2.165563e+08
 -286.316939 2.160620e+08
 -286.455658 2.155703e+08
 -286.594377 2.150810e+08
 -286.733097 2.145940e+08
 -286.871816 2.141091e+08
 -287.010536 2.136260e+08
 -287.149255 2.131444e+08
 -287.287975 2.126640e+08
 -287.426694 2.121843e+08
 -287.565414 2.117049e+08
 -287.704133 2.112252e+08
 -287.842852 2.107448e+08
 -287.981572 2.102630e+08
 -288.120291 2.097793e+08
 -288.259011 2.092930e+08
 -288.397730 2.088036e+08
 -288.536450 2.083104e+08
 -288.675169 2.078129e+08
 -288.813889 2.073104e+08
 -288.952608 2.068025e+08
 -289.091327 2.062886e+08
 -289.230047 2.057685e+08
 -289.368766 2.052416e+08
 -289.507486 2.047079e+08
 -289.646205 2.041671e+08
 -289.784925 2.036192e+08
 -289.923644 2.030643e+08
 -290.062364 2.025024e+08
 -290.201083 2.019340e+08
 -290.339803 2.013594e+08
 -290.478522 2.007791e+08
 -290.617241 2.001938e+08
 -290.755961 1.996042e+08
 -290.894680 1.990113e+08
 -291.033400 1.984160e+08
 -291.172119 1.978195e+08
 -291.310839 1.972229e+08
 -291.449558 1.966275e+08
 -291.588278 1.960347e+08
 -291.726997 1.954460e+08
 -291.865716 1.948629e+08
 -292.004436 1.942867e+08
 -292.143155 1.937191e+08
 -292.281875 1.931616e+08
 -292.420594 1.926155e+08
 -292.559314 1.920823e+08
 -292.698033 1.915633e+08
 -292.836753 1.910598e+08
 -292.975472 1.905728e+08
 -293.114191 1.901032e+08
 -293.252911 1.896520e+08
 -293.391630 1.892197e+08
 -293.530350 1.888069e+08
 -293.669069 1.884139e+08
 -293.807789 1.880409e+08
 -293.946508 1.876879e+08
 -294.085228 1.873547e+08
 -294.223947 1.870411e+08
 -294.362666 1.867467e+08
 -294.501386 1.864710e+08
 -294.640105 1.862133e+08
 -294.778825 1.859728e+08
 -294.917544 1.857488e+08
 -295.056264 1.855403e+08
 -295.194983 1.853463e+08
 -295.333703 1.851659e+08
 -295.472422 1.849979e+08
 -295.611142 1.848412e+08
 -295.749861 1.846947e+08
 -295.888580 1.845570e+08
 -296.027300 1.844271e+08
 -296.166019 1.843035e+08
 -296.304739 1.841851e+08
 -296.443458 1.840704e+08
 -296.582178 1.839584e+08
 -296.720897 1.838475e+08
 -296.859617 1.837365e+08
 -296.998336 1.836242e+08
 -297.137055 1.835093e+08
 -297.275775 1.833906e+08
 -297.414494 1.832670e+08
 -297.553214 1.831374e+08
 -297.691933 1.830007e+08
 -297.830653 1.828562e+08
 -297.969372 1.827030e+08
 -298.108092 1.825404e+08
 -298.246811 1.823680e+08
 -298.385530 1.821851e+08
 -298.524250 1.819917e+08
 -298.662969 1.817874e+08
 -298.801689 1.815724e+08
 -298.940408 1.813466e+08
 -299.079128 1.811105e+08
 -299.217847 1.808643e+08
 -299.356567 1.806086e+08
 -299.495286 1.803440e+08
 -299.634005 1.800713e+08
 -299.772725 1.797913e+08
 -299.911444 1.795049e+08
 -300.050164 1.792132e+08
 -300.188883 1.789172e+08
 -300.327603 1.786180e+08
 -300.466322 1.783168e+08
 -300.605042 1.780148e+08
 -300.743761 1.777132e+08
 -300.882480 1.774131e+08
 -301.021200 1.771157e+08
 -301.159919 1.768222e+08
 -301.298639 1.765335e+08
 -301.437358 1.762507e+08
 -301.576078 1.759747e+08
 -301.714797 1.757063e+08
 -301.853517 1.754461e+08
 -301.992236 1.751947e+08
 -302.130956 1.749527e+08
 -302.269675 1.747202e+08
 -302.408394 1.744974e+08
 -302.547114 1.742843e+08
 -302.685833 1.740808e+08
 -302.824553 1.738866e+08
 -302.963272 1.737011e+08
 -303.101992 1.735239e+08
 -303.240711 1.733540e+08
 -303.379431 1.731908e+08
 -303.518150 1.730332e+08
 -303.656869 1.728801e+08
 -303.795589 1.727304e+08
 -303.934308 1.725829e+08
 -304.073028 1.724362e+08
 -304.211747 1.722893e+08
 -304.350467 1.721407e+08
 -304.489186 1.719892e+08
 -304.627906 1.718336e+08
 -304.766625 1.716728e+08
 -304.905344 1.715057e+08
 -305.044064 1.713312e+08
 -305.182783 1.711485e+08
 -305.321503 1.709568e+08
 -305.460222 1.707554e+08
 -305.598942 1.705436e+08
 -305.737661 1.703210e+08
 -305.876381 1.700873e+08
 -306.015100 1.698421e+08
 -306.153819 1.695853e+08
 -306.292539 1.693169e+08
 -306.431258 1.690367e+08
 -306.569978 1.687450e+08
 -306.708697 1.684418e+08
 -306.847417 1.681273e+08
 -306.986136 1.678017e+08
 -307.124856 1.674653e+08
 -307.263575 1.671184e+08
 -307.402294 1.667613e+08
 -307.541014 1.663942e+08
 -307.679733 1.660175e+08
 -307.818453 1.656313e+08
 -307.957172 1.652361e+08
 -308.095892 1.648319e+08
 -308.234611 1.644192e+08
 -308.373331 1.639979e+08
 -308.512050 1.635685e+08
 -308.650770 1.631309e+08
 -308.789489 1.626855e+08
 -308.928208 1.622323e+08
 -309.066928 1.617715e+08
 -309.205647 1.613032e+08
 -309.344367 1.608278e+08
 -309.483086 1.603452e+08
 -309.621806 1.598559e+08
 -309.760525 1.593599e+08
 -309.899245 1.588578e+08
 -310.037964 1.583498e+08
 -310.176683 1.578364e+08
 -310.315403 1.573180e+08
 -310.454122 1.567953e+08
 -310.592842 1.562689e+08
 -310.731561 1.557394e+08
 -310.870281 1.552077e+08
 -311.009000 1.546745e+08
 -311.147720 1.541409e+08
 -311.286439 1.536078e+08
 -311.425158 1.530762e+08
 -311.563878 1.525473e+08
 -311.702597 1.520222e+08
 -311.841317 1.515020e+08
 -311.980036 1.509880e+08
 -312.118756 1.504815e+08
 -312.257475 1.499836e+08
 -312.396195 1.494956e+08
 -312.534914 1.490189e+08
 -312.673633 1.485545e+08
 -312.812353 1.481037e+08
 -312.951072 1.476677e+08
 -313.089792 1.472474e+08
 -313.228511 1.468440e+08
 -313.367231 1.464582e+08
 -313.505950 1.460910e+08
 -313.644670 1.457429e+08
 -313.783389 1.454145e+08
 -313.922109 1.451062e+08
 -314.060828 1.448182e+08
 -314.199547 1.445505e+08
 -314.338267 1.443030e+08
 -314.476986 1.440754e+08
 -314.615706 1.438671e+08
 -314.754425 1.436775e+08
 -314.893145 1.435056e+08
 -315.031864 1.433505e+08
 -315.170584 1.432110e+08
 -315.309303 1.430857e+08
 -315.448022 1.429732e+08
 -315.586742 1.428720e+08
 -315.725461 1.427806e+08
 -315.864181 1.426973e+08
 -316.002900 1.426206e+08
 -316.141620 1.425490e+08
 -316.280339 1.424809e+08
 -316.419059 1.424149e+08
 -316.557778 1.423497e+08
 -316.696497 1.422841e+08
 -316.835217 1.422171e+08
 -316.973936 1.421479e+08
 -317.112656 1.420756e+08
 -317.251375 1.419998e+08
 -317.390095 1.419202e+08
 -317.528814 1.418365e+08
 -317.667534 1.417488e+08
 -317.806253 1.416574e+08
 -317.944972 1.415624e+08
 -318.083692 1.414645e+08
 -318.222411 1.413643e+08
 -318.361131 1.412623e+08
 -318.499850 1.411595e+08
 -318.638570 1.410566e+08
 -318.777289 1.409547e+08
 -318.916009 1.408546e+08
 -319.054728 1.407571e+08
 -319.193447 1.406633e+08
 -319.332167 1.405738e+08
 -319.470886 1.404896e+08
 -319.609606 1.404112e+08
 -319.748325 1.403393e+08
 -319.887045 1.402744e+08
 -320.025764 1.402169e+08
 -320.164484 1.401671e+08
 -320.303203 1.401251e+08
 -320.441923 1.400909e+08
 -320.580642 1.400647e+08
 -320.719361 1.400462e+08
 -320.858081 1.400352e+08
 -320.996800 1.400313e+08
 -321.135520 1.400343e+08
 -321.274239 1.400437e+08
 -321.412959 1.400590e+08
 -321.551678 1.400799e+08
 -321.690398 1.401057e+08
 -321.829117 1.401360e+08
 -321.967836 1.401705e+08
 -322.106556 1.402087e+08
 -322.245275 1.402503e+08
 -322.383995 1.402950e+08
 -322.522714 1.403427e+08
 -322.661434 1.403932e+08
 -322.800153 1.404465e+08
 -322.938873 1.405027e+08
 -323.077592 1.405620e+08
 -323.216311 1.406247e+08
 -323.355031 1.406909e+08
 -323.493750 1.407612e+08
 -323.632470 1.408359e+08
 -323.771189 1.409155e+08
 -323.909909 1.410005e+08
 -324.048628 1.410913e+08
 -324.187348 1.411883e+08
 -324.326067 1.412918e+08
 -324.464786 1.414023e+08
 -324.603506 1.415197e+08
 -324.742225 1.416442e+08
 -324.880945 1.417756e+08
 -325.019664 1.419138e+08
 -325.158384 1.420583e+08
 -325.297103 1.422085e+08
 -325.435823 1.423636e+08
 -325.574542 1.425228e+08
 -325.713262 1.426849e+08
 -325.851981 1.428486e+08
 -325.990700 1.430124e+08
 -326.129420 1.431749e+08
 -326.268139 1.433344e+08
 -326.406859 1.434889e+08
 -326.545578 1.436367e+08
 -326.684298 1.437758e+08
 -326.823017 1.439043e+08
 -326.961737 1.440200e+08
 -327.100456 1.441210e+08
 -327.239175 1.442053e+08
 -327.377895 1.442709e+08
 -327.516614 1.443159e+08
 -327.655334 1.443387e+08
 -327.794053 1.443373e+08
 -327.932773 1.443103e+08
 -328.071492 1.442563e+08
 -328.210212 1.441740e+08
 -328.348931 1.440624e+08
 -328.487650 1.439204e+08
 -328.626370 1.437477e+08
 -328.765089 1.435436e+08
 -328.903809 1.433081e+08
 -329.042528 1.430412e+08
 -329.181248 1.427433e+08
 -329.319967 1.424150e+08
 -329.458687 1.420571e+08
 -329.597406 1.416706e+08
 -329.736125 1.412571e+08
 -329.874845 1.408178e+08
 -330.013564 1.403546e+08
 -330.152284 1.398693e+08
 -330.291003 1.393640e+08
 -330.429723 1.388407e+08
 -330.568442 1.383016e+08
 -330.707162 1.377490e+08
 -330.845881 1.371849e+08
 -330.984600 1.366118e+08
 -331.123320 1.360315e+08
 -331.262039 1.354462e+08
 -331.400759 1.348579e+08
 -331.539478 1.342682e+08
 -331.678198 1.336789e+08
 -331.816917 1.330913e+08
 -331.955637 1.325068e+08
 -332.094356 1.319264e+08
 -332.233076 1.313510e+08
 -332.371795 1.307812e+08
 -332.510514 1.302176e+08
 -332.649234 1.296604e+08
 -332.787953 1.291097e+08
 -332.926673 1.285654e+08
 -333.065392 1.280272e+08
 -333.204112 1.274947e+08
 -333.342831 1.269674e+08
 -333.481551 1.264446e+08
 -333.620270 1.259254e+08
 -333.758989 1.254091e+08
 -333.897709 1.248948e+08
 -334.036428 1.243814e+08
 -334.175148 1.238681e+08
 -334.313867 1.233537e+08
 -334.452587 1.228375e+08
 -334.591306 1.223184e+08
 -334.730026 1.217957e+08
 -334.868745 1.212685e+08
 -335.007464 1.207362e+08
 -335.146184 1.201982e+08
 -335.284903 1.196541e+08
 -335.423623 1.191035e+08
 -335.562342 1.185462e+08
 -335.701062 1.179822e+08
 -335.839781 1.174116e+08
 -335.978501 1.168346e+08
 -336.117220 1.162516e+08
 -336.255939 1.156632e+08
 -336.394659 1.150700e+08
 -336.533378 1.144728e+08
 -336.672098 1.138726e+08
 -336.810817 1.132704e+08
 -336.949537 1.126673e+08
 -337.088256 1.120644e+08
 -337.226976 1.114632e+08
 -337.365695 1.108648e+08
 -337.504414 1.102705e+08
 -337.643134 1.096817e+08
 -337.781853 1.090997e+08
 -337.920573 1.085256e+08
 -338.059292 1.079608e+08
 -338.198012 1.074062e+08
 -338.336731 1.068630e+08
 -338.475451 1.063321e+08
 -338.614170 1.058144e+08
 -338.752890 1.053105e+08
 -338.891609 1.048211e+08
 -339.030328 1.043469e+08
 -339.169048 1.038882e+08
 -339.307767 1.034454e+08
 -339.446487 1.030188e+08
 -339.585206 1.026086e+08
 -339.723926 1.022149e+08
 -339.862645 1.018377e+08
 -340.001365 1.014771e+08
 -340.140084 1.011330e+08
 -340.278803 1.008053e+08
 -340.417523 1.004936e+08
 -340.556242 1.001979e+08
 -340.694962 9.991768e+07
 -340.833681 9.965261e+07
 -340.972401 9.940216e+07
 -341.111120 9.916576e+07
 -341.249840 9.894275e+07
 -341.388559 9.873240e+07
 -341.527278 9.853385e+07
 -341.665998 9.834617e+07
 -341.804717 9.816834e+07
 -341.943437 9.799930e+07
 -342.082156 9.783786e+07
 -342.220876 9.768282e+07
 -342.359595 9.753291e+07
 -342.498315 9.738683e+07
 -342.637034 9.724324e+07
 -342.775753 9.710078e+07
 -342.914473 9.695812e+07
 -343.053192 9.681395e+07
 -343.191912 9.666695e+07
 -343.330631 9.651588e+07
 -343.469351 9.635948e+07
 -343.608070 9.619664e+07
 -343.746790 9.602626e+07
 -343.885509 9.584735e+07
 -344.024229 9.565898e+07
 -344.162948 9.546036e+07
 -344.301667 9.525078e+07
 -344.440387 9.502966e+07
 -344.579106 9.479652e+07
 -344.717826 9.455106e+07
 -344.856545 9.429310e+07
 -344.995265 9.402262e+07
 -345.133984 9.373971e+07
 -345.272704 9.344470e+07
 -345.411423 9.313803e+07
 -345.550142 9.282030e+07
 -345.688862 9.249230e+07
 -345.827581 9.215498e+07
 -345.966301 9.180947e+07
 -346.105020 9.145701e+07
 -346.243740 9.109901e+07
 -346.382459 9.073702e+07
 -346.521179 9.037270e+07
 -346.659898 9.000782e+07
 -346.798617 8.964425e+07
 -346.937337 8.928390e+07
 -347.076056 8.892874e+07
 -347.214776 8.858078e+07
 -347.353495 8.824200e+07
 -347.492215 8.791437e+07
 -347.630934 8.759980e+07
 -347.769654 8.730014e+07
 -347.908373 8.701712e+07
 -348.047092 8.675237e+07
 -348.185812 8.650736e+07
 -348.324531 8.628342e+07
 -348.463251 8.608169e+07
 -348.601970 8.590310e+07
 -348.740690 8.574838e+07
 -348.879409 8.561809e+07
 -349.018129 8.551248e+07
 -349.156848 8.543164e+07
 -349.295567 8.537542e+07
 -349.434287 8.534342e+07
 -349.573006 8.533504e+07
 -349.711726 8.534942e+07
 -349.850445 8.538558e+07
 -349.989165 8.544227e+07
 -350.127884 8.551810e+07
 -350.266604 8.561153e+07
 -350.405323 8.572085e+07
 -350.544043 8.584430e+07
 -350.682762 8.597998e+07
 -350.821481 8.612596e+07
 -350.960201 8.628025e+07
 -351.098920 8.644082e+07
 -351.237640 8.660577e+07
 -351.376359 8.677309e+07
 -351.515079 8.694093e+07
 -351.653798 8.710749e+07
 -351.792518 8.727110e+07
 -351.931237 8.743016e+07
 -352.069956 8.758326e+07
 -352.208676 8.772909e+07
 -352.347395 8.786650e+07
 -352.486115 8.799454e+07
 -352.624834 8.811235e+07
 -352.763554 8.821930e+07
 -352.902273 8.831482e+07
 -353.040993 8.839856e+07
 -353.179712 8.847024e+07
 -353.318431 8.852972e+07
 -353.457151 8.857697e+07
 -353.595870 8.861201e+07
 -353.734590 8.863495e+07
 -353.873309 8.864596e+07
 -354.012029 8.864525e+07
 -354.150748 8.863303e+07
 -354.289468 8.860958e+07
 -354.428187 8.857514e+07
 -354.566906 8.852997e+07
 -354.705626 8.847435e+07
 -354.844345 8.840854e+07
 -354.983065 8.833282e+07
 -355.121784 8.824743e+07
 -355.260504 8.815264e+07
 -355.399223 8.804872e+07
 -355.537943 8.793596e+07
 -355.676662 8.781462e+07
 -355.815381 8.768505e+07
 -355.954101 8.754752e+07
 -356.092820 8.740242e+07
 -356.231540 8.725012e+07
 -356.370259 8.709101e+07
 -356.508979 8.692554e+07
 -356.647698 8.675415e+07
 -356.786418 8.657738e+07
 -356.925137 8.639573e+07
 -357.063857 8.620976e+07
 -357.202576 8.602007e+07
 -357.341295 8.582725e+07
 -357.480015 8.563194e+07
 -357.618734 8.543476e+07
 -357.757454 8.523638e+07
 -357.896173 8.503743e+07
 -358.034893 8.483862e+07
 -358.173612 8.464056e+07
 -358.312332 8.444390e+07
 -358.451051 8.424930e+07
 -358.589770 8.405738e+07
 -358.728490 8.386874e+07
 -358.867209 8.368398e+07
 -359.005929 8.350366e+07
 -359.144648 8.332830e+07
 -359.283368 8.315846e+07
 -359.422087 8.299459e+07
 -359.560807 8.283718e+07
 -359.699526 8.268664e+07
 -359.838245 8.254337e+07
 -359.976965 8.240775e+07
 -360.115684 8.228011e+07
 -360.254404 8.216074e+07
 -360.393123 8.204994e+07
 -360.531843 8.194793e+07
 -360.670562 8.185492e+07
 -360.809282 8.177110e+07
 -360.948001 8.169662e+07
 -361.086720 8.163162e+07
 -361.225440 8.157617e+07
 -361.364159 8.153035e+07
 -361.502879 8.149416e+07
 -361.641598 8.146760e+07
 -361.780318 8.145060e+07
 -361.919037 8.144306e+07
 -362.057757 8.144479e+07
 -362.196476 8.145558e+07
 -362.335196 8.147510e+07
 -362.473915 8.150298e+07
 -362.612634 8.153874e+07
 -362.751354 8.158180e+07
 -362.890073 8.163152e+07
 -363.028793 8.168715e+07
 -363.167512 8.174782e+07
 -363.306232 8.181260e+07
 -363.444951 8.188046e+07
 -363.583671 8.195030e+07
 -363.722390 8.202093e+07
 -363.861109 8.209113e+07
 -363.999829 8.215967e+07
 -364.138548 8.222526e+07
 -364.277268 8.228661e+07
 -364.415987 8.234247e+07
 -364.554707 8.239164e+07
 -364.693426 8.243295e+07
 -364.832146 8.246530e+07
 -364.970865 8.248771e+07
 -365.109584 8.249925e+07
 -365.248304 8.249911e+07
 -365.387023 8.248664e+07
 -365.525743 8.246120e+07
 -365.664462 8.242235e+07
 -365.803182 8.236967e+07
 -365.941901 8.230291e+07
 -366.080621 8.222185e+07
 -366.219340 8.212635e+07
 -366.358059 8.201634e+07
 -366.496779 8.189177e+07
 -366.635498 8.175264e+07
 -366.774218 8.159896e+07
 -366.912937 8.143078e+07
 -367.051657 8.124806e+07
 -367.190376 8.105088e+07
 -367.329096 8.083922e+07
 -367.467815 8.061313e+07
 -367.606534 8.037257e+07
 -367.745254 8.011757e+07
 -367.883973 7.984819e+07
 -368.022693 7.956443e+07
 -368.161412 7.926643e+07
 -368.300132 7.895426e+07
 -368.438851 7.862809e+07
 -368.577571 7.828818e+07
 -368.716290 7.793479e+07
 -368.855010 7.756828e+07
 -368.993729 7.718907e+07
 -369.132448 7.679766e+07
 -369.271168 7.639459e+07
 -369.409887 7.598046e+07
 -369.548607 7.555594e+07
 -369.687326 7.512168e+07
 -369.826046 7.467844e+07
 -369.964765 7.422691e+07
 -370.103485 7.376785e+07
 -370.242204 7.330195e+07
 -370.380923 7.282990e+07
 -370.519643 7.235232e+07
 -370.658362 7.186984e+07
 -370.797082 7.138299e+07
 -370.935801 7.089227e+07
 -371.074521 7.039808e+07
 -371.213240 6.990078e+07
 -371.351960 6.940070e+07
 -371.490679 6.889806e+07
 -371.629398 6.839310e+07
 -371.768118 6.788597e+07
 -371.906837 6.737685e+07
 -372.045557 6.686588e+07
 -372.184276 6.635326e+07
 -372.322996 6.583916e+07
 -372.461715 6.532387e+07
 -372.600435 6.480768e+07
 -372.739154 6.429101e+07
 -372.877873 6.377432e+07
 -373.016593 6.325819e+07
 -373.155312 6.274334e+07
 -373.294032 6.223051e+07
 -373.432751 6.172063e+07
 -373.571471 6.121466e+07
 -373.710190 6.071368e+07
 -373.848910 6.021882e+07
 -373.987629 5.973126e+07
 -374.126348 5.925227e+07
 -374.265068 5.878302e+07
 -374.403787 5.832476e+07
 -374.542507 5.787869e+07
 -374.681226 5.744594e+07
 -374.819946 5.702758e+07
 -374.958665 5.662459e+07
 -375.097385 5.623780e+07
 -375.236104 5.586798e+07
 -375.374824 5.551572e+07
 -375.513543 5.518148e+07
 -375.652262 5.486555e+07
 -375.790982 5.456814e+07
 -375.929701 5.428923e+07
 -376.068421 5.402870e+07
 -376.207140 5.378630e+07
 -376.345860 5.356162e+07
 -376.484579 5.335416e+07
 -376.623299 5.316329e+07
 -376.762018 5.298830e+07
 -376.900737 5.282837e+07
 -377.039457 5.268263e+07
 -377.178176 5.255014e+07
 -377.316896 5.242992e+07
 -377.455615 5.232094e+07
 -377.594335 5.222212e+07
 -377.733054 5.213238e+07
 -377.871774 5.205066e+07
 -378.010493 5.197583e+07
 -378.149212 5.190676e+07
 -378.287932 5.184238e+07
 -378.426651 5.178155e+07
 -378.565371 5.172318e+07
 -378.704090 5.166618e+07
 -378.842810 5.160947e+07
 -378.981529 5.155197e+07
 -379.120249 5.149264e+07
 -379.258968 5.143042e+07
 -379.397687 5.136435e+07
 -379.536407 5.129342e+07
 -379.675126 5.121670e+07
 -379.813846 5.113330e+07
 -379.952565 5.104236e+07
 -380.091285 5.094314e+07
 -380.230004 5.083490e+07
 -380.368724 5.071705e+07
 -380.507443 5.058906e+07
 -380.646163 5.045052e+07
 -380.784882 5.030116e+07
 -380.923601 5.014082e+07
 -381.062321 4.996949e+07
 -381.201040 4.978729e+07
 -381.339760 4.959454e+07
 -381.478479 4.939171e+07
 -381.617199 4.917942e+07
 -381.755918 4.895846e+07
 -381.894638 4.872977e+07
 -382.033357 4.849447e+07
 -382.172076 4.825380e+07
 -382.310796 4.800912e+07
 -382.449515 4.776186e+07
 -382.588235 4.751358e+07
 -382.726954 4.726588e+07
 -382.865674 4.702035e+07
 -383.004393 4.677862e+07
 -383.143113 4.654223e+07
 -383.281832 4.631270e+07
 -383.420551 4.609142e+07
 -383.559271 4.587968e+07
 -383.697990 4.567857e+07
 -383.836710 4.548906e+07
 -383.975429 4.531190e+07
 -384.114149 4.514763e+07
 -384.252868 4.499658e+07
 -384.391588 4.485889e+07
 -384.530307 4.473442e+07
 -384.669026 4.462290e+07
 -384.807746 4.452378e+07
 -384.946465 4.443642e+07
 -385.085185 4.435990e+07
 -385.223904 4.429330e+07
 -385.362624 4.423542e+07
 -385.501343 4.418509e+07
 -385.640063 4.414101e+07
 -385.778782 4.410182e+07
 -385.917501 4.406617e+07
 -386.056221 4.403266e+07
 -386.194940 4.399993e+07
 -386.333660 4.396662e+07
 -386.472379 4.393145e+07
 -386.611099 4.389318e+07
 -386.749818 4.385062e+07
 -386.888538 4.380268e+07
 -387.027257 4.374834e+07
 -387.165977 4.368670e+07
 -387.304696 4.361691e+07
 -387.443415 4.353828e+07
 -387.582135 4.345019e+07
 -387.720854 4.335213e+07
 -387.859574 4.324372e+07
 -387.998293 4.312467e+07
 -388.137013 4.299484e+07
 -388.275732 4.285415e+07
 -388.414452 4.270266e+07
 -388.553171 4.254054e+07
 -388.691890 4.236803e+07
 -388.830610 4.218550e+07
 -388.969329 4.199337e+07
 -389.108049 4.179214e+07
 -389.246768 4.158240e+07
 -389.385488 4.136477e+07
 -389.524207 4.113991e+07
 -389.662927 4.090854e+07
 -389.801646 4.067136e+07
 -389.940365 4.042910e+07
 -390.079085 4.018249e+07
 -390.217804 3.993225e+07
 -390.356524 3.967904e+07
 -390.495243 3.942357e+07
 -390.633963 3.916647e+07
 -390.772682 3.890836e+07
 -390.911402 3.864983e+07
 -391.050121 3.839144e+07
 -391.188840 3.813370e+07
 -391.327560 3.787710e+07
 -391.466279 3.762213e+07
 -391.604999 3.736922e+07
 -391.743718 3.711882e+07
 -391.882438 3.687133e+07
 -392.021157 3.662715e+07
 -392.159877 3.638668e+07
 -392.298596 3.615029e+07
 -392.437315 3.591834e+07
 -392.576035 3.569120e+07
 -392.714754 3.546921e+07
 -392.853474 3.525268e+07
 -392.992193 3.504194e+07
 -393.130913 3.483729e+07
 -393.269632 3.463897e+07
 -393.408352 3.444726e+07
 -393.547071 3.426235e+07
 -393.685791 3.408444e+07
 -393.824510 3.391368e+07
 -393.963229 3.375022e+07
 -394.101949 3.359410e+07
 -394.240668 3.344543e+07
 -394.379388 3.330424e+07
 -394.518107 3.317054e+07
 -394.656827 3.304432e+07
 -394.795546 3.292558e+07
 -394.934266 3.281426e+07
 -395.072985 3.271036e+07
 -395.211704 3.261382e+07
 -395.350424 3.252459e+07
 -395.489143 3.244266e+07
 -395.627863 3.236800e+07
 -395.766582 3.230058e+07
 -395.905302 3.224034e+07
 -396.044021 3.218731e+07
 -396.182741 3.214144e+07
 -396.321460 3.210274e+07
 -396.460179 3.207115e+07
 -396.598899 3.204667e+07
 -396.737618 3.202922e+07
 -396.876338 3.201879e+07
 -397.015057 3.201528e+07
 -397.153777 3.201858e+07
 -397.292496 3.202862e+07
 -397.431216 3.204526e+07
 -397.569935 3.206837e+07
 -397.708654 3.209778e+07
 -397.847374 3.213330e+07
 -397.986093 3.217477e+07
 -398.124813 3.222193e+07
 -398.263532 3.227454e+07
 -398.402252 3.233237e+07
 -398.540971 3.239510e+07
 -398.679691 3.246245e+07
 -398.818410 3.253407e+07
 -398.957130 3.260960e+07
 -399.095849 3.268864e+07
 -399.234568 3.277076e+07
 -399.373288 3.285549e+07
 -399.512007 3.294231e+07
 -399.650727 3.303070e+07
 -399.789446 3.312005e+07
 -399.928166 3.320974e+07
 -400.066885 3.329913e+07
 -400.205605 3.338748e+07
 -400.344324 3.347410e+07
 -400.483043 3.355819e+07
 -400.621763 3.363902e+07
 -400.760482 3.371574e+07
 -400.899202 3.378758e+07
 -401.037921 3.385374e+07
 -401.176641 3.391340e+07
 -401.315360 3.396581e+07
 -401.454080 3.401025e+07
 -401.592799 3.404601e+07
 -401.731518 3.407244e+07
 -401.870238 3.408899e+07
 -402.008957 3.409515e+07
 -402.147677 3.409051e+07
 -402.286396 3.407474e+07
 -402.425116 3.404760e+07
 -402.563835 3.400898e+07
 -402.702555 3.395886e+07
 -402.841274 3.389731e+07
 -402.979993 3.382454e+07
 -403.118713 3.374081e+07
 -403.257432 3.364652e+07
 -403.396152 3.354213e+07
 -403.534871 3.342815e+07
 -403.673591 3.330522e+07
 -403.812310 3.317394e+07
 -403.951030 3.303503e+07
 -404.089749 3.288917e+07
 -404.228468 3.273706e+07
 -404.367188 3.257940e+07
 -404.505907 3.241686e+07
 -404.644627 3.225009e+07
 -404.783346 3.207970e+07
 -404.922066 3.190622e+07
 -405.060785 3.173014e+07
 -405.199505 3.155193e+07
 -405.338224 3.137195e+07
 -405.476944 3.119050e+07
 -405.615663 3.100783e+07
 -405.754382 3.082417e+07
 -405.893102 3.063962e+07
 -406.031821 3.045429e+07
 -406.170541 3.026822e+07
 -406.309260 3.008141e+07
 -406.447980 2.989383e+07
 -406.586699 2.970543e+07
 -406.725419 2.951612e+07
 -406.864138 2.932582e+07
 -407.002857 2.913444e+07
 -407.141577 2.894186e+07
 -407.280296 2.874799e+07
 -407.419016 2.855277e+07
 -407.557735 2.835613e+07
 -407.696455 2.815802e+07
 -407.835174 2.795842e+07
 -407.973894 2.775738e+07
 -408.112613 2.755490e+07
 -408.251332 2.735110e+07
 -408.390052 2.714607e+07
 -408.528771 2.693997e+07
 -408.667491 2.673294e+07
 -408.806210 2.652521e+07
 -408.944930 2.631697e+07
 -409.083649 2.610848e+07
 -409.222369 2.589994e+07
 -409.361088 2.569160e+07
 -409.499807 2.548371e+07
 -409.638527 2.527645e+07
 -409.777246 2.507003e+07
 -409.915966 2.486458e+07
 -410.054685 2.466025e+07
 -410.193405 2.445711e+07
 -410.332124 2.425520e+07
 -410.470844 2.405448e+07
 -410.609563 2.385489e+07
 -410.748282 2.365632e+07
 -410.887002 2.345862e+07
 -411.025721 2.326157e+07
 -411.164441 2.306494e+07
 -411.303160 2.286849e+07
 -411.441880 2.267194e+07
 -411.580599 2.247501e+07
 -411.719319 2.227744e+07
 -411.858038 2.207898e+07
 -411.996758 2.187938e+07
 -412.135477 2.167851e+07
 -412.274196 2.147620e+07
 -412.412916 2.127238e+07
 -412.551635 2.106706e+07
 -412.690355 2.086022e+07
 -412.829074 2.065202e+07
 -412.967794 2.044262e+07
 -413.106513 2.023224e+07
 -413.245233 2.002124e+07
 -413.383952 1.980995e+07
 -413.522671 1.959880e+07
 -413.661391 1.938827e+07
 -413.800110 1.917894e+07
 -413.938830 1.897133e+07
 -414.077549 1.876612e+07
 -414.216269 1.856399e+07
 -414.354988 1.836565e+07
 -414.493708 1.817186e+07
 -414.632427 1.798342e+07
 -414.771146 1.780120e+07
 -414.909866 1.762602e+07
 -415.048585 1.745883e+07
 -415.187305 1.730050e+07
 -415.326024 1.715199e+07
 -415.464744 1.701425e+07
 -415.603463 1.688819e+07
 -415.742183 1.677474e+07
 -415.880902 1.667482e+07
 -416.019621 1.658924e+07
 -416.158341 1.651881e+07
 -416.297060 1.646425e+07
 -416.435780 1.642618e+07
 -416.574499 1.640510e+07
 -416.713219 1.640145e+07
 -416.851938 1.641552e+07
 -416.990658 1.644742e+07
 -417.129377 1.649714e+07
 -417.268097 1.656454e+07
 -417.406816 1.664934e+07
 -417.545535 1.675110e+07
 -417.684255 1.686924e+07
 -417.822974 1.700310e+07
 -417.961694 1.715183e+07
 -418.100413 1.731458e+07
 -418.239133 1.749041e+07
 -418.377852 1.767829e+07
 -418.516572 1.787719e+07
 -418.655291 1.808609e+07
 -418.794010 1.830394e+07
 -418.932730 1.852974e+07
 -419.071449 1.876254e+07
 -419.210169 1.900146e+07
 -419.348888 1.924570e+07
 -419.487608 1.949447e+07
 -419.626327 1.974716e+07
 -419.765047 2.000321e+07
 -419.903766 2.026214e+07
 -420.042485 2.052354e+07
 -420.181205 2.078713e+07
 -420.319924 2.105268e+07
 -420.458644 2.132002e+07
 -420.597363 2.158902e+07
 -420.736083 2.185966e+07
 -420.874802 2.213190e+07
 -421.013522 2.240573e+07
 -421.152241 2.268120e+07
 -421.290960 2.295833e+07
 -421.429680 2.323715e+07
 -421.568399 2.351767e+07
 -421.707119 2.379990e+07
 -421.845838 2.408378e+07
 -421.984558 2.436923e+07
 -422.123277 2.465610e+07
 -422.261997 2.494418e+07
 -422.400716 2.523322e+07
 -422.539435 2.552286e+07
 -422.678155 2.581268e+07
 -422.816874 2.610211e+07
 -422.955594 2.639058e+07
 -423.094313 2.667741e+07
 -423.233033 2.696176e+07
 -423.371752 2.724282e+07
 -423.510472 2.751959e+07
 -423.649191 2.779110e+07
 -423.787911 2.805630e+07
 -423.926630 2.831404e+07
 -424.065349 2.856319e+07
 -424.204069 2.880261e+07
 -424.342788 2.903111e+07
 -424.481508 2.924756e+07
 -424.620227 2.945082e+07
 -424.758947 2.963978e+07
 -424.897666 2.981341e+07
 -425.036386 2.997071e+07
 -425.175105 3.011078e+07
 -425.313824 3.023275e+07
 -425.452544 3.033590e+07
 -425.591263 3.041955e+07
 -425.729983 3.048316e+07
 -425.868702 3.052629e+07
 -426.007422 3.054859e+07
 -426.146141 3.054989e+07
 -426.284861 3.053009e+07
 -426.423580 3.048924e+07
 -426.562299 3.042753e+07
 -426.701019 3.034528e+07
 -426.839738 3.024292e+07
 -426.978458 3.012103e+07
 -427.117177 2.998033e+07
 -427.255897 2.982162e+07
 -427.394616 2.964583e+07
 -427.533336 2.945401e+07
 -427.672055 2.924726e+07
 -427.810774 2.902678e+07
 -427.949494 2.879383e+07
 -428.088213 2.854973e+07
 -428.226933 2.829581e+07
 -428.365652 2.803341e+07
 -428.504372 2.776394e+07
 -428.643091 2.748874e+07
 -428.781811 2.720915e+07
 -428.920530 2.692651e+07
 -429.059249 2.664207e+07
 -429.197969 2.635709e+07
 -429.336688 2.607270e+07
 -429.475408 2.579004e+07
 -429.614127 2.551012e+07
 -429.752847 2.523387e+07
 -429.891566 2.496217e+07
 -430.030286 2.469574e+07
 -430.169005 2.443522e+07
 -430.307725 2.418113e+07
 -430.446444 2.393388e+07
 -430.585163 2.369373e+07
 -430.723883 2.346079e+07
 -430.862602 2.323508e+07
 -431.001322 2.301642e+07
 -431.140041 2.280455e+07
 -431.278761 2.259898e+07
 -431.417480 2.239920e+07
 -431.556200 2.220449e+07
 -431.694919 2.201404e+07
 -431.833638 2.182693e+07
 -431.972358 2.164218e+07
 -432.111077 2.145867e+07
 -432.249797 2.127530e+07
 -432.388516 2.109090e+07
 -432.527236 2.090426e+07
 -432.665955 2.071424e+07
 -432.804675 2.051964e+07
 -432.943394 2.031936e+07
 -433.082113 2.011236e+07
 -433.220833 1.989762e+07
 -433.359552 1.967425e+07
 -433.498272 1.944143e+07
 -433.636991 1.919846e+07
 -433.775711 1.894474e+07
 -433.914430 1.867980e+07
 -434.053150 1.840326e+07
 -434.191869 1.811486e+07
 -434.330588 1.781446e+07
 -434.469308 1.750199e+07
 -434.608027 1.717756e+07
 -434.746747 1.684132e+07
 -434.885466 1.649352e+07
 -435.024186 1.613450e+07
 -435.162905 1.576470e+07
 -435.301625 1.538465e+07
 -435.440344 1.499494e+07
 -435.579064 1.459626e+07
 -435.717783 1.418938e+07
 -435.856502 1.377513e+07
 -435.995222 1.335442e+07
 -436.133941 1.292824e+07
 -436.272661 1.249771e+07
 -436.411380 1.206397e+07
 -436.550100 1.162823e+07
 -436.688819 1.119180e+07
 -436.827539 1.075605e+07
 -436.966258 1.032238e+07
 -437.104977 9.892208e+06
 -437.243697 9.467040e+06
 -437.382416 9.048328e+06
 -437.521136 8.637528e+06
 -437.659855 8.236088e+06
 -437.798575 7.845384e+06
 -437.937294 7.466736e+06
 -438.076014 7.101392e+06
 -438.214733 6.750488e+06
 -438.353452 6.415056e+06
 -438.492172 6.095992e+06
 -438.630891 5.794080e+06
 -438.769611 5.509968e+06
 -438.908330 5.244152e+06
 -439.047050 4.997016e+06
 -439.185769 4.768768e+06
 -439.324489 4.559528e+06
 -439.463208 4.369256e+06
 -439.601927 4.197808e+06
 -439.740647 4.044928e+06
 -439.879366 3.910232e+06
 -440.018086 3.793256e+06
 -440.156805 3.693408e+06
 -440.295525 3.610064e+06
 -440.434244 3.542424e+06
 -440.572964 3.489672e+06
 -440.711683 3.450864e+06
 -440.850402 3.425008e+06
 -440.989122 3.410992e+06
 -441.127841 3.407664e+06
 -441.266561 3.413736e+06
 -441.405280 3.427920e+06
 -441.544000 3.448792e+06
 -441.682719 3.474896e+06
 -441.821439 3.504720e+06
 -441.960158 3.536744e+06
 -442.098878 3.569384e+06
 -442.237597 3.601072e+06
 -442.376316 3.630256e+06
 -442.515036 3.655432e+06
 -442.653755 3.675152e+06
 -442.792475 3.688064e+06
 -442.931194 3.692928e+06
 -443.069914 3.688656e+06
 -443.208633 3.674280e+06
 -443.347353 3.649064e+06
 -443.486072 3.612456e+06
 -443.624791 3.564088e+06
 -443.763511 3.503880e+06
 -443.902230 3.431936e+06
 -444.040950 3.348576e+06
 -444.179669 3.254408e+06
 -444.318389 3.150232e+06
 -444.457108 3.037048e+06
 -444.595828 2.916080e+06
 -444.734547 2.788704e+06
 -444.873266 2.656488e+06
 -445.011986 2.521088e+06
 -445.150705 2.384280e+06
 -445.289425 2.247904e+06
 -445.428144 2.113832e+06
 -445.566864 1.983976e+06
 -445.705583 1.860208e+06
 -445.844303 1.744352e+06
 -445.983022 1.638136e+06
 -446.121741 1.543192e+06
 -446.260461 1.461056e+06
 -446.399180 1.393088e+06
 -446.537900 1.340528e+06
 -446.676619 1.304392e+06
 -446.815339 1.285552e+06
 -446.954058 1.284720e+06
 -447.092778 1.302424e+06
 -447.231497 1.339000e+06
 -447.370216 1.394664e+06
 -447.508936 1.469440e+06
 -447.647655 1.563272e+06
 -447.786375 1.675920e+06
 -447.925094 1.807096e+06
 -448.063814 1.956384e+06
 -448.202533 2.123320e+06
 -448.341253 2.307368e+06
 -448.479972 2.507912e+06
 -448.618692 2.724344e+06
 -448.757411 2.955976e+06
 -448.896130 3.202104e+06
 -449.034850 3.462000e+06
 -449.173569 3.734864e+06
 -449.312289 4.019904e+06
 -449.451008 4.316256e+06
 -449.589728 4.623008e+06
 -449.728447 4.939192e+06
 -449.867167 5.263768e+06
 -450.005886 5.595680e+06
 -450.144605 5.933736e+06
 -450.283325 6.276728e+06
 -450.422044 6.623328e+06
 -450.560764 6.972176e+06
 -450.699483 7.321864e+06
 -450.838203 7.670888e+06
 -450.976922 8.017744e+06
 -451.115642 8.360920e+06
 -451.254361 8.698856e+06
 -451.393080 9.030000e+06
 -451.531800 9.352880e+06
 -451.670519 9.666000e+06
 -451.809239 9.967936e+06
 -451.947958 1.025738e+07
 -452.086678 1.053306e+07
 -452.225397 1.079377e+07
 -452.364117 1.103846e+07
 -452.502836 1.126614e+07
 -452.641555 1.147593e+07
 -452.780275 1.166701e+07
 -452.918994 1.183874e+07
 -453.057714 1.199049e+07
 -453.196433 1.212174e+07
 -453.335153 1.223209e+07
 -453.473872 1.232115e+07
 -453.612592 1.238865e+07
 -453.751311 1.243434e+07
 -453.890031 1.245808e+07
 -454.028750 1.245979e+07
 -454.167469 1.243944e+07
 -454.306189 1.239704e+07
 -454.444908 1.233269e+07
 -454.583628 1.224658e+07
 -454.722347 1.213894e+07
 -454.861067 1.201007e+07
 -454.999786 1.186038e+07
 -455.138506 1.169031e+07
 -455.277225 1.150041e+07
 -455.415944 1.129129e+07
 -455.554664 1.106363e+07
 -455.693383 1.081818e+07
 -455.832103 1.055580e+07
 -455.970822 1.027734e+07
 -456.109542 9.983776e+06
 -456.248261 9.676056e+06
 -456.386981 9.355256e+06
 -456.525700 9.022424e+06
 -456.664419 8.678664e+06
 -456.803139 8.325136e+06
 -456.941858 7.962968e+06
 -457.080578 7.593328e+06
 -457.219297 7.217408e+06
 -457.358017 6.836392e+06
 -457.496736 6.451480e+06
 -457.635456 6.063848e+06
 -457.774175 5.674712e+06
 -457.912894 5.285256e+06
 -458.051614 4.896632e+06
 -458.190333 4.510056e+06
 -458.329053 4.126672e+06
 -458.467772 3.747664e+06
 -458.606492 3.374168e+06
 -458.745211 3.007336e+06
 -458.883931 2.648288e+06
 -459.022650 2.298144e+06
 -459.161369 1.958072e+06
 -459.300089 1.629144e+06
 -459.438808 1.312504e+06
 -459.577528 1.009256e+06
 -459.716247 7.205360e+05
 -459.854967 4.474640e+05
 -459.993686 1.911760e+05
 -460.132406 -4.716800e+04
 -460.271125 -2.664240e+05
 -460.409845 -4.654160e+05
 -460.548564 -6.429920e+05
 -460.687283 -7.979600e+05
 -460.826003 -9.291520e+05
 -460.964722 -1.035408e+06
 -461.103442 -1.115624e+06
 -461.242161 -1.168664e+06
 -461.380881 -1.193528e+06
 -461.519600 -1.189224e+06
 -461.658320 -1.154880e+06
 -461.797039 -1.089744e+06
 -461.935758 -9.931520e+05
 -462.074478 -8.646640e+05
 -462.213197 -7.039520e+05
 -462.351917 -5.109200e+05
 -462.490636 -2.856880e+05
 -462.629356 -2.856800e+04
 -462.768075 2.598480e+05
 -462.906795 5.787840e+05
 -463.045514 9.271600e+05
 -463.184233 1.303696e+06
 -463.322953 1.706872e+06
 -463.461672 2.134960e+06
 -463.600392 2.586040e+06
 -463.739111 3.058016e+06
 -463.877831 3.548656e+06
 -464.016550 4.055608e+06
 -464.155270 4.576440e+06
 -464.293989 5.108704e+06
 -464.432708 5.649896e+06
 -464.571428 6.197544e+06
 -464.710147 6.749224e+06
 -464.848867 7.302576e+06
 -464.987586 7.855344e+06
 -465.126306 8.405384e+06
 -465.265025 8.950648e+06
 -465.403745 9.489256e+06
 -465.542464 1.001946e+07
 -465.681183 1.053964e+07
 -465.819903 1.104832e+07
 -465.958622 1.154417e+07
 -466.097342 1.202594e+07
 -466.236061 1.249252e+07
 -466.374781 1.294290e+07
 -466.513500 1.337614e+07
 -466.652220 1.379138e+07
 -466.790939 1.418782e+07
 -466.929659 1.456474e+07
 -467.068378 1.492143e+07
 -467.207097 1.525730e+07
 -467.345817 1.557171e+07
 -467.484536 1.586418e+07
 -467.623256 1.613422e+07
 -467.761975 1.638145e+07
 -467.900695 1.660554e+07
 -468.039414 1.680633e+07
 -468.178134 1.698364e+07
 -468.316853 1.713753e+07
 -468.455572 1.726817e+07
 -468.594292 1.737581e+07
 -468.733011 1.746093e+07
 -468.871731 1.752412e+07
 -469.010450 1.756618e+07
 -469.149170 1.758800e+07
 -469.287889 1.759068e+07
 -469.426609 1.757541e+07
 -469.565328 1.754358e+07
 -469.704047 1.749658e+07
 -469.842767 1.743598e+07
 -469.981486 1.736337e+07
 -470.120206 1.728037e+07
 -470.258925 1.718860e+07
 -470.397645 1.708972e+07
 -470.536364 1.698525e+07
 -470.675084 1.687671e+07
 -470.813803 1.676551e+07
 -470.952522 1.665295e+07
 -471.091242 1.654019e+07
 -471.229961 1.642826e+07
 -471.368681 1.631806e+07
 -471.507400 1.621030e+07
 -471.646120 1.610557e+07
 -471.784839 1.600431e+07
 -471.923559 1.590682e+07
 -472.062278 1.581327e+07
 -472.200998 1.572369e+07
 -472.339717 1.563801e+07
 -472.478436 1.555610e+07
 -472.617156 1.547766e+07
 -472.755875 1.540242e+07
 -472.894595 1.533001e+07
 -473.033314 1.526001e+07
 -473.172034 1.519196e+07
 -473.310753 1.512544e+07
 -473.449473 1.505995e+07
 -473.588192 1.499503e+07
 -473.726911 1.493023e+07
 -473.865631 1.486513e+07
 -474.004350 1.479927e+07
 -474.143070 1.473230e+07
 -474.281789 1.466388e+07
 -474.420509 1.459369e+07
 -474.559228 1.452145e+07
 -474.697948 1.444701e+07
 -474.836667 1.437017e+07
 -474.975386 1.429082e+07
 -475.114106 1.420896e+07
 -475.252825 1.412454e+07
 -475.391545 1.403766e+07
 -475.530264 1.394842e+07
 -475.668984 1.385698e+07
 -475.807703 1.376353e+07
 -475.946423 1.366830e+07
 -476.085142 1.357155e+07
 -476.223861 1.347357e+07
 -476.362581 1.337465e+07
 -476.501300 1.327507e+07
 -476.640020 1.317512e+07
 -476.778739 1.307506e+07
 -476.917459 1.297514e+07
 -477.056178 1.287554e+07
 -477.194898 1.277646e+07
 -477.333617 1.267801e+07
 -477.472336 1.258026e+07
 -477.611056 1.248328e+07
 -477.749775 1.238707e+07
 -477.888495 1.229162e+07
 -478.027214 1.219685e+07
 -478.165934 1.210270e+07
 -478.304653 1.200911e+07
 -478.443373 1.191602e+07
 -478.582092 1.182335e+07
 -478.720812 1.173110e+07
 -478.859531 1.163929e+07
 -478.998250 1.154798e+07
 -479.136970 1.145732e+07
 -479.275689 1.136749e+07
 -479.414409 1.127877e+07
 -479.553128 1.119150e+07
 -479.691848 1.110610e+07
 -479.830567 1.102310e+07
 -479.969287 1.094305e+07
 -480.108006 1.086662e+07
 -480.246725 1.079450e+07
 -480.385445 1.072748e+07
 -480.524164 1.066637e+07
 -480.662884 1.061201e+07
 -480.801603 1.056530e+07
 -480.940323 1.052714e+07
 -481.079042 1.049843e+07
 -481.217762 1.048010e+07
 -481.356481 1.047301e+07
 -481.495200 1.047804e+07
 -481.633920 1.049604e+07
 -481.772639 1.052782e+07
 -481.911359 1.057413e+07
 -482.050078 1.063566e+07
 -482.188798 1.071306e+07
 -482.327517 1.080689e+07
 -482.466237 1.091766e+07
 -482.604956 1.104576e+07
 -482.743675 1.119154e+07
 -482.882395 1.135524e+07
 -483.021114 1.153695e+07
 -483.159834 1.173674e+07
 -483.298553 1.195452e+07
 -483.437273 1.219007e+07
 -483.575992 1.244310e+07
 -483.714712 1.271318e+07
 -483.853431 1.299974e+07
 -483.992150 1.330213e+07
 -484.130870 1.361957e+07
 -484.269589 1.395114e+07
 -484.408309 1.429586e+07
 -484.547028 1.465261e+07
 -484.685748 1.502024e+07
 -484.824467 1.539746e+07
 -484.963187 1.578298e+07
 -485.101906 1.617539e+07
 -485.240626 1.657330e+07
 -485.379345 1.697534e+07
 -485.518064 1.738006e+07
 -485.656784 1.778610e+07
 -485.795503 1.819208e+07
 -485.934223 1.859674e+07
 -486.072942 1.899882e+07
 -486.211662 1.939720e+07
 -486.350381 1.979082e+07
 -486.489101 2.017873e+07
 -486.627820 2.056008e+07
 -486.766539 2.093411e+07
 -486.905259 2.130023e+07
 -487.043978 2.165790e+07
 -487.182698 2.200671e+07
 -487.321417 2.234631e+07
 -487.460137 2.267646e+07
 -487.598856 2.299702e+07
 -487.737576 2.330783e+07
 -487.876295 2.360888e+07
 -488.015014 2.390010e+07
 -488.153734 2.418153e+07
 -488.292453 2.445316e+07
 -488.431173 2.471501e+07
 -488.569892 2.496703e+07
 -488.708612 2.520924e+07
 -488.847331 2.544155e+07
 -488.986051 2.566388e+07
 -489.124770 2.587606e+07
 -489.263489 2.607792e+07
 -489.402209 2.626921e+07
 -489.540928 2.644962e+07
 -489.679648 2.661882e+07
 -489.818367 2.677638e+07
 -489.957087 2.692190e+07
 -490.095806 2.705487e+07
 -490.234526 2.717482e+07
 -490.373245 2.728118e+07
 -490.511965 2.737346e+07
 -490.650684 2.745109e+07
 -490.789403 2.751362e+07
 -490.928123 2.756058e+07
 -491.066842 2.759154e+07
 -491.205562 2.760622e+07
 -491.344281 2.760434e+07
 -491.483001 2.758582e+07
 -491.621720 2.755062e+07
 -491.760440 2.749888e+07
 -491.899159 2.743085e+07
 -492.037878 2.734697e+07
 -492.176598 2.724778e+07
 -492.315317 2.713402e+07
 -492.454037 2.700650e+07
 -492.592756 2.686620e+07
 -492.731476 2.671424e+07
 -492.870195 2.655180e+07
 -493.008915 2.638016e+07
 -493.147634 2.620064e+07
 -493.286353 2.601464e+07
 -493.425073 2.582351e+07
 -493.563792 2.562863e+07
 -493.702512 2.543131e+07
 -493.841231 2.523282e+07
 -493.979951 2.503430e+07
 -494.118670 2.483677e+07
 -494.257390 2.464117e+07
 -494.396109 2.444823e+07
 -494.534828 2.425851e+07
 -494.673548 2.407240e+07
 -494.812267 2.389010e+07
 -494.950987 2.371158e+07
 -495.089706 2.353668e+07
 -495.228426 2.336499e+07
 -495.367145 2.319597e+07
 -495.505865 2.302888e+07
 -495.644584 2.286287e+07
 -495.783303 2.269699e+07
 -495.922023 2.253012e+07
 -496.060742 2.236114e+07
 -496.199462 2.218893e+07
 -496.338181 2.201227e+07
 -496.476901 2.183007e+07
 -496.615620 2.164126e+07
 -496.754340 2.144480e+07
 -496.893059 2.123989e+07
 -497.031779 2.102577e+07
 -497.170498 2.080188e+07
 -497.309217 2.056786e+07
 -497.447937 2.032347e+07
 -497.586656 2.006880e+07
 -497.725376 1.980406e+07
 -497.864095 1.952970e+07
 -498.002815 1.924639e+07
 -498.141534 1.895507e+07
 -498.280254 1.865682e+07
 -498.418973 1.835298e+07
 -498.557692 1.804507e+07
 -498.696412 1.773478e+07
 -498.835131 1.742397e+07
 -498.973851 1.711468e+07
 -499.112570 1.680902e+07
 -499.251290 1.650929e+07
 -499.390009 1.621777e+07
 -499.528729 1.593686e+07
 -499.667448 1.566898e+07
 -499.806167 1.541654e+07
 -499.944887 1.518191e+07
 -500.083606 1.496744e+07
 -500.222326 1.477534e+07
 -500.361045 1.460775e+07
 -500.499765 1.446666e+07
 -500.638484 1.435385e+07
 -500.777204 1.427096e+07
 -500.915923 1.421941e+07
 -501.054642 1.420036e+07
 -501.193362 1.421475e+07
 -501.332081 1.426323e+07
 -501.470801 1.434621e+07
 -501.609520 1.446376e+07
 -501.748240 1.461577e+07
 -501.886959 1.480172e+07
 -502.025679 1.502091e+07
 -502.164398 1.527230e+07
 -502.303118 1.555460e+07
 -502.441837 1.586629e+07
 -502.580556 1.620554e+07
 -502.719276 1.657040e+07
 -502.857995 1.695859e+07
 -502.996715 1.736776e+07
 -503.135434 1.779533e+07
 -503.274154 1.823860e+07
 -503.412873 1.869480e+07
 -503.551593 1.916103e+07
 -503.690312 1.963436e+07
 -503.829031 2.011186e+07
 -503.967751 2.059059e+07
 -504.106470 2.106766e+07
 -504.245190 2.154023e+07
 -504.383909 2.200560e+07
 -504.522629 2.246122e+07
 -504.661348 2.290461e+07
 -504.800068 2.333358e+07
 -504.938787 2.374612e+07
 -505.077506 2.414048e+07
 -505.216226 2.451514e+07
 -505.354945 2.486886e+07
 -505.493665 2.520072e+07
 -505.632384 2.551006e+07
 -505.771104 2.579658e+07
 -505.909823 2.606018e+07
 -506.048543 2.630112e+07
 -506.187262 2.651990e+07
 -506.325981 2.671730e+07
 -506.464701 2.689430e+07
 -506.603420 2.705210e+07
 -506.742140 2.719205e+07
 -506.880859 2.731569e+07
 -507.019579 2.742458e+07
 -507.158298 2.752046e+07
 -507.297018 2.760502e+07
 -507.435737 2.767999e+07
 -507.574456 2.774708e+07
 -507.713176 2.780796e+07
 -507.851895 2.786422e+07
 -507.990615 2.791736e+07
 -508.129334 2.796876e+07
 -508.268054 2.801970e+07
 -508.406773 2.807132e+07
 -508.545493 2.812459e+07
 -508.684212 2.818039e+07
 -508.822932 2.823941e+07
 -508.961651 2.830218e+07
 -509.100370 2.836910e+07
 -509.239090 2.844038e+07
 -509.377809 2.851612e+07
 -509.516529 2.859625e+07
 -509.655248 2.868052e+07
 -509.793968 2.876860e+07
 -509.932687 2.885998e+07
 -510.071407 2.895405e+07
 -510.210126 2.905007e+07
 -510.348845 2.914726e+07
 -510.487565 2.924468e+07
 -510.626284 2.934142e+07
 -510.765004 2.943650e+07
 -510.903723 2.952891e+07
 -511.042443 2.961773e+07
 -511.181162 2.970201e+07
 -511.319882 2.978090e+07
 -511.458601 2.985367e+07
 -511.597320 2.991964e+07
 -511.736040 2.997828e+07
 -511.874759 3.002926e+07
 -512.013479 3.007229e+07
 -512.152198 3.010730e+07
 -512.290918 3.013437e+07
 -512.429637 3.015370e+07
 -512.568357 3.016560e+07
 -512.707076 3.017050e+07
 -512.845795 3.016894e+07
 -512.984515 3.016150e+07
 -513.123234 3.014878e+07
 -513.261954 3.013142e+07
 -513.400673 3.011003e+07
 -513.539393 3.008513e+07
 -513.678112 3.005726e+07
 -513.816832 3.002678e+07
 -513.955551 2.999402e+07
 -514.094270 2.995910e+07
 -514.232990 2.992209e+07
 -514.371709 2.988287e+07
 -514.510429 2.984118e+07
 -514.649148 2.979669e+07
 -514.787868 2.974886e+07
 -514.926587 2.969708e+07
 -515.065307 2.964062e+07
 -515.204026 2.957870e+07
 -515.342746 2.951044e+07
 -515.481465 2.943491e+07
 -515.620184 2.935119e+07
 -515.758904 2.925830e+07
 -515.897623 2.915530e+07
 -516.036343 2.904128e+07
 -516.175062 2.891536e+07
 -516.313782 2.877671e+07
 -516.452501 2.862462e+07
 -516.591221 2.845840e+07
 -516.729940 2.827750e+07
 -516.868659 2.808143e+07
 -517.007379 2.786987e+07
 -517.146098 2.764257e+07
 -517.284818 2.739938e+07
 -517.423537 2.714032e+07
 -517.562257 2.686550e+07
 -517.700976 2.657521e+07
 -517.839696 2.626977e+07
 -517.978415 2.594972e+07
 -518.117134 2.561567e+07
 -518.255854 2.526835e+07
 -518.394573 2.490866e+07
 -518.533293 2.453754e+07
 -518.672012 2.415608e+07
 -518.810732 2.376546e+07
 -518.949451 2.336693e+07
 -519.088171 2.296182e+07
 -519.226890 2.255153e+07
 -519.365609 2.213752e+07
 -519.504329 2.172121e+07
 -519.643048 2.130414e+07
 -519.781768 2.088774e+07
 -519.920487 2.047350e+07
 -520.059207 2.006281e+07
 -520.197926 1.965702e+07
 -520.336646 1.925744e+07
 -520.475365 1.886519e+07
 -520.614085 1.848138e+07
 -520.752804 1.810694e+07
 -520.891523 1.774269e+07
 -521.030243 1.738926e+07
 -521.168962 1.704716e+07
 -521.307682 1.671674e+07
 -521.446401 1.639818e+07
 -521.585121 1.609147e+07
 -521.723840 1.579647e+07
 -521.862560 1.551286e+07
 -522.001279 1.524014e+07
 -522.139998 1.497771e+07
 -522.278718 1.472477e+07
 -522.417437 1.448041e+07
 -522.556157 1.424364e+07
 -522.694876 1.401326e+07
 -522.833596 1.378809e+07
 -522.972315 1.356678e+07
 -523.111035 1.334794e+07
 -523.249754 1.313018e+07
 -523.388473 1.291201e+07
 -523.527193 1.269198e+07
 -523.665912 1.246862e+07
 -523.804632 1.224055e+07
 -523.943351 1.200640e+07
 -524.082071 1.176490e+07
 -524.220790 1.151489e+07
 -524.359510 1.125533e+07
 -524.498229 1.098532e+07
 -524.636948 1.070418e+07
 -524.775668 1.041138e+07
 -524.914387 1.010659e+07
 -525.053107 9.789752e+06
 -525.191826 9.460976e+06
 -525.330546 9.120672e+06
 -525.469265 8.769384e+06
 -525.607985 8.407984e+06
 -525.746704 8.037512e+06
 -525.885423 7.659224e+06
 -526.024143 7.274544e+06
 -526.162862 6.885056e+06
 -526.301582 6.492496e+06
 -526.440301 6.098664e+06
 -526.579021 5.705416e+06
 -526.717740 5.314656e+06
 -526.856460 4.928256e+06
 -526.995179 4.548048e+06
 -527.133899 4.175776e+06
 -527.272618 3.813072e+06
 -527.411337 3.461384e+06
 -527.550057 3.122056e+06
 -527.688776 2.796192e+06
 -527.827496 2.484728e+06
 -527.966215 2.188344e+06
 -528.104935 1.907536e+06
 -528.243654 1.642616e+06
 -528.382374 1.393640e+06
 -528.521093 1.160496e+06
 -528.659812 9.429200e+05
 -528.798532 7.405200e+05
 -528.937251 5.527360e+05
 -529.075971 3.789360e+05
 -529.214690 2.184400e+05
 -529.353410 7.050400e+04
 -529.492129 -6.560000e+04
 -529.630849 -1.906240e+05
 -529.769568 -3.052480e+05
 -529.908287 -4.100960e+05
 -530.047007 -5.057680e+05
 -530.185726 -5.927360e+05
 -530.324446 -6.713760e+05
 -530.463165 -7.420320e+05
 -530.601885 -8.048720e+05
 -530.740604 -8.600400e+05
 -530.879324 -9.075600e+05
 -531.018043 -9.473680e+05
 -531.156762 -9.793520e+05
 -531.295482 -1.003344e+06
 -531.434201 -1.019048e+06
 -531.572921 -1.026232e+06
 -531.711640 -1.024528e+06
 -531.850360 -1.013584e+06
 -531.989079 -9.929680e+05
 -532.127799 -9.622800e+05
 -532.266518 -9.210240e+05
 -532.405237 -8.687360e+05
 -532.543957 -8.048960e+05
 -532.682676 -7.289600e+05
 -532.821396 -6.403440e+05
 -532.960115 -5.384720e+05
 -533.098835 -4.227680e+05
 -533.237554 -2.925440e+05
 -533.376274 -1.472400e+05
 -533.514993 1.379200e+04
 -533.653713 1.911440e+05
 -533.792432 3.853600e+05
 -533.931151 5.969680e+05
 -534.069871 8.263760e+05
 -534.208590 1.073912e+06
 -534.347310 1.339832e+06
 -534.486029 1.624200e+06
 -534.624749 1.926968e+06
 -534.763468 2.247880e+06
 -534.902188 2.586560e+06
 -535.040907 2.942384e+06
 -535.179626 3.314568e+06
 -535.318346 3.702128e+06
 -535.457065 4.103888e+06
 -535.595785 4.518496e+06
 -535.734504 4.944432e+06
 -535.873224 5.380008e+06
 -536.011943 5.823424e+06
 -536.150663 6.272760e+06
 -536.289382 6.726000e+06
 -536.428101 7.181072e+06
 -536.566821 7.635880e+06
 -536.705540 8.088272e+06
 -536.844260 8.536136e+06
 -536.982979 8.977392e+06
 -537.121699 9.409992e+06
 -537.260418 9.831976e+06
 -537.399138 1.024145e+07
 -537.537857 1.063664e+07
 -537.676576 1.101590e+07
 -537.815296 1.137769e+07
 -537.954015 1.172060e+07
 -538.092735 1.204342e+07
 -538.231454 1.234505e+07
 -538.370174 1.262455e+07
 -538.508893 1.288115e+07
 -538.647613 1.311426e+07
 -538.786332 1.332340e+07
 -538.925052 1.350830e+07
 -539.063771 1.366880e+07
 -539.202490 1.380491e+07
 -539.341210 1.391674e+07
 -539.479929 1.400454e+07
 -539.618649 1.406868e+07
 -539.757368 1.410963e+07
 -539.896088 1.412791e+07
 -540.034807 1.412413e+07
 -540.173527 1.409898e+07
 -540.312246 1.405319e+07
 -540.450965 1.398749e+07
 -540.589685 1.390269e+07
 -540.728404 1.379958e+07
 -540.867124 1.367898e+07
 -541.005843 1.354169e+07
 -541.144563 1.338852e+07
 -541.283282 1.322026e+07
 -541.422002 1.303773e+07
 -541.560721 1.284164e+07
 -541.699440 1.263280e+07
 -541.838160 1.241192e+07
 -541.976879 1.217973e+07
 -542.115599 1.193695e+07
 -542.254318 1.168428e+07
 -542.393038 1.142242e+07
 -542.531757 1.115206e+07
 -542.670477 1.087386e+07
 -542.809196 1.058855e+07
 -542.947915 1.029684e+07
 -543.086635 9.999400e+06
 -543.225354 9.696976e+06
 -543.364074 9.390312e+06
 -543.502793 9.080144e+06
 -543.641513 8.767240e+06
 -543.780232 8.452392e+06
 -543.918952 8.136400e+06
 -544.057671 7.820064e+06
 -544.196390 7.504200e+06
 -544.335110 7.189624e+06
 -544.473829 6.877144e+06
 -544.612549 6.567592e+06
 -544.751268 6.261704e+06
 -544.889988 5.960264e+06
 -545.028707 5.664000e+06
 -545.167427 5.373560e+06
 -545.306146 5.089632e+06
 -545.444866 4.812736e+06
 -545.583585 4.543400e+06
 -545.722304 4.282080e+06
 -545.861024 4.029160e+06
 -545.999743 3.784888e+06
 -546.138463 3.549544e+06
 -546.277182 3.323224e+06
 -546.415902 3.106048e+06
 -546.554621 2.897992e+06
 -546.693341 2.699008e+06
 -546.832060 2.508936e+06
 -546.970779 2.327640e+06
 -547.109499 2.154864e+06
 -547.248218 1.990344e+06
 -547.386938 1.833752e+06
 -547.525657 1.684752e+06
 -547.664377 1.542968e+06
 -547.803096 1.407984e+06
 -547.941816 1.279360e+06
 -548.080535 1.156672e+06
 -548.219254 1.039392e+06
 -548.357974 9.270480e+05
 -548.496693 8.190720e+05
 -548.635413 7.148800e+05
 -548.774132 6.138560e+05
 -548.912852 5.153680e+05
 -549.051571 4.187040e+05
 -549.190291 3.231440e+05
 -549.329010 2.278800e+05
 -549.467729 1.321040e+05
 -549.606449 3.496800e+04
 -549.745168 -6.441600e+04
 -549.883888 -1.669760e+05
 -550.022607 -2.735920e+05
 -550.161327 -3.852160e+05
 -550.300046 -5.027280e+05
 -550.438766 -6.270560e+05
 -550.577485 -7.590640e+05
 -550.716204 -8.995680e+05
 -550.854924 -1.049360e+06
 -550.993643 -1.209168e+06
 -551.132363 -1.379632e+06
 -551.271082 -1.561384e+06
 -551.409802 -1.754936e+06
 -551.548521 -1.960736e+06
 -551.687241 -2.179152e+06
 -551.825960 -2.410512e+06
 -551.964680 -2.655016e+06
 -552.103399 -2.912800e+06
 -552.242118 -3.183920e+06
 -552.380838 -3.468352e+06
 -552.519557 -3.765976e+06
 -552.658277 -4.076608e+06
 -552.796996 -4.399960e+06
 -552.935716 -4.735648e+06
 -553.074435 -5.083200e+06
 -553.213155 -5.442088e+06
 -553.351874 -5.811648e+06
 -553.490593 -6.191192e+06
 -553.629313 -6.579880e+06
 -553.768032 -6.976880e+06
 -553.906752 -7.381224e+06
 -554.045471 -7.791952e+06
 -554.184191 -8.208024e+06
 -554.322910 -8.628392e+06
 -554.461630 -9.051976e+06
 -554.600349 -9.477704e+06
 -554.739068 -9.904528e+06
 -554.877788 -1.033141e+07
 -555.016507 -1.075734e+07
 -555.155227 -1.118138e+07
 -555.293946 -1.160262e+07
 -555.432666 -1.202024e+07
 -555.571385 -1.243344e+07
 -555.710105 -1.284150e+07
 -555.848824 -1.324377e+07
 -555.987543 -1.363964e+07
 -556.126263 -1.402855e+07
 -556.264982 -1.440998e+07
 -556.403702 -1.478342e+07
 -556.542421 -1.514840e+07
 -556.681141 -1.550442e+07
 -556.819860 -1.585100e+07
 -556.958580 -1.618762e+07
 -557.097299 -1.651375e+07
 -557.236019 -1.682882e+07
 -557.374738 -1.713218e+07
 -557.513457 -1.742318e+07
 -557.652177 -1.770107e+07
 -557.790896 -1.796506e+07
 -557.929616 -1.821430e+07
 -558.068335 -1.844788e+07
 -558.207055 -1.866486e+07
 -558.345774 -1.886420e+07
 -558.484494 -1.904486e+07
 -558.623213 -1.920578e+07
 -558.761932 -1.934586e+07
 -558.900652 -1.946402e+07
 -559.039371 -1.955914e+07
 -559.178091 -1.963013e+07
 -559.316810 -1.967601e+07
 -559.455530 -1.969579e+07
 -559.594249 -1.968854e+07
 -559.732969 -1.965346e+07
 -559.871688 -1.958982e+07
 -560.010407 -1.949699e+07
 -560.149127 -1.937452e+07
 -560.287846 -1.922204e+07
 -560.426566 -1.903933e+07
 -560.565285 -1.882638e+07
 -560.704005 -1.858323e+07
 -560.842724 -1.831020e+07
 -560.981444 -1.800770e+07
 -561.120163 -1.767630e+07
 -561.258882 -1.731678e+07
 -561.397602 -1.693009e+07
 -561.536321 -1.651724e+07
 -561.675041 -1.607955e+07
 -561.813760 -1.561837e+07
 -561.952480 -1.513524e+07
 -562.091199 -1.463188e+07
 -562.229919 -1.411008e+07
 -562.368638 -1.357175e+07
 -562.507357 -1.301899e+07
 -562.646077 -1.245388e+07
 -562.784796 -1.187865e+07
 -562.923516 -1.129556e+07
 -563.062235 -1.070694e+07
 -563.200955 -1.011507e+07
 -563.339674 -9.522312e+06
 -563.478394 -8.930944e+06
 -563.617113 -8.343232e+06
 -563.755833 -7.761400e+06
 -563.894552 -7.187528e+06
 -564.033271 -6.623688e+06
 -564.171991 -6.071784e+06
 -564.310710 -5.533640e+06
 -564.449430 -5.010960e+06
 -564.588149 -4.505296e+06
 -564.726869 -4.018120e+06
 -564.865588 -3.550736e+06
 -565.004308 -3.104336e+06
 -565.143027 -2.680000e+06
 -565.281746 -2.278712e+06
 -565.420466 -1.901296e+06
 -565.559185 -1.548512e+06
 -565.697905 -1.221024e+06
 -565.836624 -9.193920e+05
 -565.975344 -6.441040e+05
 -566.114063 -3.955840e+05
 -566.252783 -1.741360e+05
 -566.391502 1.993600e+04
 -566.530221 1.864560e+05
 -566.668941 3.252720e+05
 -566.807660 4.362960e+05
 -566.946380 5.195440e+05
 -567.085099 5.750480e+05
 -567.223819 6.029280e+05
 -567.362538 6.033600e+05
 -567.501258 5.766240e+05
 -567.639977 5.230480e+05
 -567.778696 4.430640e+05
 -567.917416 3.371680e+05
 -568.056135 2.059360e+05
 -568.194855 5.010400e+04
 -568.333574 -1.296160e+05
 -568.472294 -3.322960e+05
 -568.611013 -5.569760e+05
 -568.749733 -8.025760e+05
 -568.888452 -1.067952e+06
 -569.027171 -1.351800e+06
 -569.165891 -1.652800e+06
 -569.304610 -1.969504e+06
 -569.443330 -2.300376e+06
 -569.582049 -2.643888e+06
 -569.720769 -2.998352e+06
 -569.859488 -3.362112e+06
 -569.998208 -3.733480e+06
 -570.136927 -4.110696e+06
 -570.275647 -4.492048e+06
 -570.414366 -4.875848e+06
 -570.553085 -5.260392e+06
 -570.691805 -5.644072e+06
 -570.830524 -6.025328e+06
 -570.969244 -6.402632e+06
 -571.107963 -6.774616e+06
 -571.246683 -7.139952e+06
 -571.385402 -7.497448e+06
 -571.524122 -7.845984e+06
 -571.662841 -8.184584e+06
 -571.801560 -8.512376e+06
 -571.940280 -8.828608e+06
 -572.078999 -9.132592e+06
 -572.217719 -9.423792e+06
 -572.356438 -9.701752e+06
 -572.495158 -9.966096e+06
 -572.633877 -1.021653e+07
 -572.772597 -1.045282e+07
 -572.911316 -1.067481e+07
 -573.050035 -1.088242e+07
 -573.188755 -1.107558e+07
 -573.327474 -1.125432e+07
 -573.466194 -1.141867e+07
 -573.604913 -1.156874e+07
 -573.743633 -1.170471e+07
 -573.882352 -1.182680e+07
 -574.021072 -1.193531e+07
 -574.159791 -1.203063e+07
 -574.298510 -1.211322e+07
 -574.437230 -1.218367e+07
 -574.575949 -1.224266e+07
 -574.714669 -1.229103e+07
 -574.853388 -1.232973e+07
 -574.992108 -1.235983e+07
 -575.130827 -1.238257e+07
 -575.269547 -1.239930e+07
 -575.408266 -1.241155e+07
 -575.546986 -1.242090e+07
 -575.685705 -1.242908e+07
 -575.824424 -1.243787e+07
 -575.963144 -1.244916e+07
 -576.101863 -1.246484e+07
 -576.240583 -1.248676e+07
 -576.379302 -1.251682e+07
 -576.518022 -1.255681e+07
 -576.656741 -1.260840e+07
 -576.795461 -1.267318e+07
 -576.934180 -1.275252e+07
 -577.072899 -1.284760e+07
 -577.211619 -1.295942e+07
 -577.350338 -1.308866e+07
 -577.489058 -1.323580e+07
 -577.627777 -1.340098e+07
 -577.766497 -1.358414e+07
 -577.905216 -1.378480e+07
 -578.043936 -1.400232e+07
 -578.182655 -1.423567e+07
 -578.321374 -1.448362e+07
 -578.460094 -1.474468e+07
 -578.598813 -1.501707e+07
 -578.737533 -1.529885e+07
 -578.876252 -1.558788e+07
 -579.014972 -1.588184e+07
 -579.153691 -1.617833e+07
 -579.292411 -1.647481e+07
 -579.431130 -1.676870e+07
 -579.569849 -1.705741e+07
 -579.708569 -1.733832e+07
 -579.847288 -1.760890e+07
 -579.986008 -1.786666e+07
 -580.124727 -1.810926e+07
 -580.263447 -1.833444e+07
 -580.402166 -1.854016e+07
 -580.540886 -1.872459e+07
 -580.679605 -1.888612e+07
 -580.818324 -1.902333e+07
 -580.957044 -1.913512e+07
 -581.095763 -1.922066e+07
 -581.234483 -1.927935e+07
 -581.373202 -1.931093e+07
 -581.511922 -1.931535e+07
 -581.650641 -1.929289e+07
 -581.789361 -1.924405e+07
 -581.928080 -1.916956e+07
 -582.066800 -1.907042e+07
 -582.205519 -1.894772e+07
 -582.344238 -1.880281e+07
 -582.482958 -1.863710e+07
 -582.621677 -1.845211e+07
 -582.760397 -1.824946e+07
 -582.899116 -1.803077e+07
 -583.037836 -1.779767e+07
 -583.176555 -1.755178e+07
 -583.315275 -1.729464e+07
 -583.453994 -1.702774e+07
 -583.592713 -1.675251e+07
 -583.731433 -1.647021e+07
 -583.870152 -1.618205e+07
 -584.008872 -1.588907e+07
 -584.147591 -1.559222e+07
 -584.286311 -1.529237e+07
 -584.425030 -1.499022e+07
 -584.563750 -1.468642e+07
 -584.702469 -1.438152e+07
 -584.841188 -1.407602e+07
 -584.979908 -1.377038e+07
 -585.118627 -1.346498e+07
 -585.257347 -1.316026e+07
 -585.396066 -1.285661e+07
 -585.534786 -1.255449e+07
 -585.673505 -1.225436e+07
 -585.812225 -1.195678e+07
 -585.950944 -1.166233e+07
 -586.089663 -1.137170e+07
 -586.228383 -1.108565e+07
 -586.367102 -1.080504e+07
 -586.505822 -1.053078e+07
 -586.644541 -1.026386e+07
 -586.783261 -1.000539e+07
 -586.921980 -9.756464e+06
 -587.060700 -9.518280e+06
 -587.199419 -9.292000e+06
 -587.338138 -9.078848e+06
 -587.476858 -8.879960e+06
 -587.615577 -8.696456e+06
 -587.754297 -8.529384e+06
 -587.893016 -8.379664e+06
 -588.031736 -8.248112e+06
 -588.170455 -8.135376e+06
 -588.309175 -8.041936e+06
 -588.447894 -7.968072e+06
 -588.586614 -7.913872e+06
 -588.725333 -7.879208e+06
 -588.864052 -7.863752e+06
 -589.002772 -7.866928e+06
 -589.141491 -7.887944e+06
 -589.280211 -7.925856e+06
 -589.418930 -7.979528e+06
 -589.557650 -8.047632e+06
 -589.696369 -8.128712e+06
 -589.835089 -8.221200e+06
 -589.973808 -8.323448e+06
 -590.112527 -8.433752e+06
 -590.251247 -8.550344e+06
 -590.389966 -8.671472e+06
 -590.528686 -8.795416e+06
 -590.667405 -8.920496e+06
 -590.806125 -9.045056e+06
 -590.944844 -9.167592e+06
 -591.083564 -9.286688e+06
 -591.222283 -9.400992e+06
 -591.361002 -9.509352e+06
 -591.499722 -9.610728e+06
 -591.638441 -9.704208e+06
 -591.777161 -9.789064e+06
 -591.915880 -9.864664e+06
 -592.054600 -9.930584e+06
 -592.193319 -9.986464e+06
 -592.332039 -1.003213e+07
 -592.470758 -1.006750e+07
 -592.609477 -1.009261e+07
 -592.748197 -1.010758e+07
 -592.886916 -1.011258e+07
 -593.025636 -1.010786e+07
 -593.164355 -1.009375e+07
 -593.303075 -1.007049e+07
 -593.441794 -1.003843e+07
 -593.580514 -9.997840e+06
 -593.719233 -9.948976e+06
 -593.857953 -9.892072e+06
 -593.996672 -9.827288e+06
 -594.135391 -9.754720e+06
 -594.274111 -9.674408e+06
 -594.412830 -9.586320e+06
 -594.551550 -9.490368e+06
 -594.690269 -9.386400e+06
 -594.828989 -9.274200e+06
 -594.967708 -9.153552e+06
 -595.106428 -9.024168e+06
 -595.245147 -8.885784e+06
 -595.383866 -8.738144e+06
 -595.522586 -8.581000e+06
 -595.661305 -8.414160e+06
 -595.800025 -8.237480e+06
 -595.938744 -8.050888e+06
 -596.077464 -7.854416e+06
 -596.216183 -7.648136e+06
 -596.354903 -7.432264e+06
 -596.493622 -7.207080e+06
 -596.632341 -6.972944e+06
 -596.771061 -6.730320e+06
 -596.909780 -6.479720e+06
 -597.048500 -6.221744e+06
 -597.187219 -5.957016e+06
 -597.325939 -5.686152e+06
 -597.464658 -5.409848e+06
 -597.603378 -5.128744e+06
 -597.742097 -4.843456e+06
 -597.880816 -4.554600e+06
 -598.019536 -4.262720e+06
 -598.158255 -3.968360e+06
 -598.296975 -3.671904e+06
 -598.435694 -3.373784e+06
 -598.574414 -3.074328e+06
 -598.713133 -2.773800e+06
 -598.851853 -2.472440e+06
 -598.990572 -2.170448e+06
 -599.129291 -1.867936e+06
 -599.268011 -1.565040e+06
 -599.406730 -1.261856e+06
 -599.545450 -9.584800e+05
 -599.684169 -6.549520e+05
 -599.822889 -3.513680e+05
 -599.961608 -4.777600e+04
 -600.100328 2.557440e+05
 -600.239047 5.591440e+05
 -600.377767 8.623280e+05
 -600.516486 1.165248e+06
 -600.655205 1.467840e+06
 -600.793925 1.770016e+06
 -600.932644 2.071752e+06
 -601.071364 2.372968e+06
 -601.210083 2.673648e+06
 -601.348803 2.973728e+06
 -601.487522 3.273200e+06
 -601.626242 3.572040e+06
 -601.764961 3.870232e+06
 -601.903680 4.167768e+06
 -602.042400 4.464632e+06
 -602.181119 4.760792e+06
 -602.319839 5.056248e+06
 -602.458558 5.350928e+06
 -602.597278 5.644800e+06
 -602.735997 5.937776e+06
 -602.874717 6.229784e+06
 -603.013436 6.520672e+06
 -603.152155 6.810320e+06
 -603.290875 7.098560e+06
 -603.429594 7.385224e+06
 -603.568314 7.670104e+06
 -603.707033 7.952944e+06
 -603.845753 8.233512e+06
 -603.984472 8.511568e+06
 -604.123192 8.786808e+06
 -604.261911 9.058952e+06
 -604.400630 9.327704e+06
 -604.539350 9.592720e+06
 -604.678069 9.853704e+06
 -604.816789 1.011028e+07
 -604.955508 1.036214e+07
 -605.094228 1.060886e+07
 -605.232947 1.085010e+07
 -605.371667 1.108545e+07
 -605.510386 1.131446e+07
 -605.649105 1.153670e+07
 -605.787825 1.175174e+07
 -605.926544 1.195906e+07
 -606.065264 1.215816e+07
 -606.203983 1.234853e+07
 -606.342703 1.252962e+07
 -606.481422 1.270088e+07
 -606.620142 1.286170e+07
 -606.758861 1.301154e+07
 -606.897581 1.314980e+07
 -607.036300 1.327588e+07
 -607.175019 1.338923e+07
 -607.313739 1.348926e+07
 -607.452458 1.357545e+07
 -607.591178 1.364726e+07
 -607.729897 1.370427e+07
 -607.868617 1.374604e+07
 -608.007336 1.377222e+07
 -608.146056 1.378252e+07
 -608.284775 1.377671e+07
 -608.423494 1.375470e+07
 -608.562214 1.371643e+07
 -608.700933 1.366198e+07
 -608.839653 1.359154e+07
 -608.978372 1.350530e+07
 -609.117092 1.340368e+07
 -609.255811 1.328708e+07
 -609.394531 1.315607e+07
 -609.533250 1.301125e+07
 -609.671969 1.285328e+07
 -609.810689 1.268290e+07
 -609.949408 1.250093e+07
 -610.088128 1.230812e+07
 -610.226847 1.210532e+07
 -610.365567 1.189339e+07
 -610.504286 1.167316e+07
 -610.643006 1.144546e+07
 -610.781725 1.121110e+07
 -610.920444 1.097090e+07
 -611.059164 1.072565e+07
 -611.197883 1.047604e+07
 -611.336603 1.022285e+07
 -611.475322 9.966776e+06
 -611.614042 9.708480e+06
 -611.752761 9.448696e+06
 -611.891481 9.188048e+06
 -612.030200 8.927216e+06
 -612.168920 8.666856e+06
 -612.307639 8.407648e+06
 -612.446358 8.150248e+06
 -612.585078 7.895368e+06
 -612.723797 7.643688e+06
 -612.862517 7.395888e+06
 -613.001236 7.152688e+06
 -613.139956 6.914784e+06
 -613.278675 6.682840e+06
 -613.417395 6.457520e+06
 -613.556114 6.239464e+06
 -613.694833 6.029248e+06
 -613.833553 5.827368e+06
 -613.972272 5.634328e+06
 -614.110992 5.450448e+06
 -614.249711 5.276040e+06
 -614.388431 5.111256e+06
 -614.527150 4.956176e+06
 -614.665870 4.810728e+06
 -614.804589 4.674784e+06
 -614.943308 4.548024e+06
 -615.082028 4.430088e+06
 -615.220747 4.320464e+06
 -615.359467 4.218600e+06
 -615.498186 4.123816e+06
 -615.636906 4.035408e+06
 -615.775625 3.952640e+06
 -615.914345 3.874704e+06
 -616.053064 3.800824e+06
 -616.191783 3.730248e+06
 -616.330503 3.662248e+06
 -616.469222 3.596160e+06
 -616.607942 3.531384e+06
 -616.746661 3.467416e+06
 -616.885381 3.403848e+06
 -617.024100 3.340384e+06
 -617.162820 3.276832e+06
 -617.301539 3.213168e+06
 -617.440258 3.149424e+06
 -617.578978 3.085800e+06
 -617.717697 3.022584e+06
 -617.856417 2.960184e+06
 -617.995136 2.899112e+06
 -618.133856 2.839936e+06
 -618.272575 2.783312e+06
 -618.411295 2.729984e+06
 -618.550014 2.680688e+06
 -618.688734 2.636208e+06
 -618.827453 2.597312e+06
 -618.966172 2.564808e+06
 -619.104892 2.539416e+06
 -619.243611 2.521872e+06
 -619.382331 2.512824e+06
 -619.521050 2.512816e+06
 -619.659770 2.522416e+06
 -619.798489 2.542008e+06
 -619.937209 2.571928e+06
 -620.075928 2.612408e+06
 -620.214647 2.663592e+06
 -620.353367 2.725536e+06
 -620.492086 2.798176e+06
 -620.630806 2.881392e+06
 -620.769525 2.975000e+06
 -620.908245 3.078728e+06
 -621.046964 3.192248e+06
 -621.185684 3.315192e+06
 -621.324403 3.447168e+06
 -621.463122 3.587752e+06
 -621.601842 3.736456e+06
 -621.740561 3.892832e+06
 -621.879281 4.056400e+06
 -622.018000 4.226672e+06
 -622.156720 4.403160e+06
 -622.295439 4.585384e+06
 -622.434159 4.772840e+06
 -622.572878 4.965040e+06
 -622.711597 5.161488e+06
 -622.850317 5.361680e+06
 -622.989036 5.565080e+06
 -623.127756 5.771192e+06
 -623.266475 5.979424e+06
 -623.405195 6.189248e+06
 -623.543914 6.400064e+06
 -623.682634 6.611240e+06
 -623.821353 6.822160e+06
 -623.960072 7.032112e+06
 -624.098792 7.240432e+06
 -624.237511 7.446352e+06
 -624.376231 7.649144e+06
 -624.514950 7.847968e+06
 -624.653670 8.042048e+06
 -624.792389 8.230544e+06
 -624.931109 8.412616e+06
 -625.069828 8.587408e+06
 -625.208548 8.754056e+06
 -625.347267 8.911752e+06
 -625.485986 9.059672e+06
 -625.624706 9.197000e+06
 -625.763425 9.322992e+06
 -625.902145 9.436904e+06
 -626.040864 9.538104e+06
 -626.179584 9.625968e+06
 -626.318303 9.699984e+06
 -626.457023 9.759696e+06
 -626.595742 9.804744e+06
 -626.734461 9.834872e+06
 -626.873181 9.849920e+06
 -627.011900 9.849840e+06
 -627.150620 9.834704e+06
 -627.289339 9.804696e+06
 -627.428059 9.760168e+06
 -627.566778 9.701560e+06
 -627.705498 9.629480e+06
 -627.844217 9.544648e+06
 -627.982936 9.447904e+06
 -628.121656 9.340256e+06
 -628.260375 9.222776e+06
 -628.399095 9.096696e+06
 -628.537814 8.963320e+06
 -628.676534 8.824064e+06
 -628.815253 8.680392e+06
 -628.953973 8.533848e+06
 -629.092692 8.385976e+06
 -629.231411 8.238384e+06
 -629.370131 8.092632e+06
 -629.508850 7.950304e+06
 -629.647570 7.812872e+06
 -629.786289 7.681800e+06
 -629.925009 7.558456e+06
 -630.063728 7.444096e+06
 -630.202448 7.339816e+06
 -630.341167 7.246632e+06
 -630.479887 7.165384e+06
 -630.618606 7.096728e+06
 -630.757325 7.041184e+06
 -630.896045 6.999064e+06
 -631.034764 6.970504e+06
 -631.173484 6.955432e+06
 -631.312203 6.953640e+06
 -631.450923 6.964680e+06
 -631.589642 6.987944e+06
 -631.728362 7.022688e+06
 -631.867081 7.067976e+06
 -632.005800 7.122728e+06
 -632.144520 7.185752e+06
 -632.283239 7.255736e+06
 -632.421959 7.331304e+06
 -632.560678 7.410984e+06
 -632.699398 7.493280e+06
 -632.838117 7.576696e+06
 -632.976837 7.659728e+06
 -633.115556 7.740928e+06
 -633.254275 7.818896e+06
 -633.392995 7.892360e+06
 -633.531714 7.960128e+06
 -633.670434 8.021168e+06
 -633.809153 8.074608e+06
 -633.947873 8.119752e+06
 -634.086592 8.156088e+06
 -634.225312 8.183336e+06
 -634.364031 8.201384e+06
 -634.502750 8.210352e+06
 -634.641470 8.210536e+06
 -634.780189 8.202464e+06
 -634.918909 8.186824e+06
 -635.057628 8.164488e+06
 -635.196348 8.136472e+06
 -635.335067 8.103920e+06
 -635.473787 8.068064e+06
 -635.612506 8.030224e+06
 -635.751225 7.991776e+06
 -635.889945 7.954072e+06
 -636.028664 7.918512e+06
 -636.167384 7.886432e+06
 -636.306103 7.859080e+06
 -636.444823 7.837600e+06
 -636.583542 7.823056e+06
 -636.722262 7.816360e+06
 -636.860981 7.818208e+06
 -636.999701 7.829200e+06
 -637.138420 7.849664e+06
 -637.277139 7.879768e+06
 -637.415859 7.919480e+06
 -637.554578 7.968520e+06
 -637.693298 8.026432e+06
 -637.832017 8.092568e+06
 -637.970737 8.166056e+06
 -638.109456 8.245856e+06
 -638.248176 8.330824e+06
 -638.386895 8.419592e+06
 -638.525614 8.510736e+06
 -638.664334 8.602736e+06
 -638.803053 8.694008e+06
 -638.941773 8.782920e+06
 -639.080492 8.867872e+06
 -639.219212 8.947264e+06
 -639.357931 9.019552e+06
 -639.496651 9.083272e+06
 -639.635370 9.137120e+06
 -639.774089 9.179856e+06
 -639.912809 9.210424e+06
 -640.051528 9.227952e+06
 -640.190248 9.231720e+06
 -640.328967 9.221232e+06
 -640.467687 9.196152e+06
 -640.606406 9.156400e+06
 -640.745126 9.102032e+06
 -640.883845 9.033328e+06
 -641.022564 8.950736e+06
 -641.161284 8.854880e+06
 -641.300003 8.746520e+06
 -641.438723 8.626544e+06
 -641.577442 8.495984e+06
 -641.716162 8.355912e+06
 -641.854881 8.207528e+06
 -641.993601 8.052040e+06
 -642.132320 7.890696e+06
 -642.271039 7.724784e+06
 -642.409759 7.555528e+06
 -642.548478 7.384160e+06
 -642.687198 7.211896e+06
 -642.825917 7.039848e+06
 -642.964637 6.869104e+06
 -643.103356 6.700640e+06
 -643.242076 6.535376e+06
 -643.380795 6.374120e+06
 -643.519515 6.217568e+06
 -643.658234 6.066336e+06
 -643.796953 5.920920e+06
 -643.935673 5.781688e+06
 -644.074392 5.648872e+06
 -644.213112 5.522640e+06
 -644.351831 5.402984e+06
 -644.490551 5.289792e+06
 -644.629270 5.182880e+06
 -644.767990 5.081872e+06
 -644.906709 4.986352e+06
 -645.045428 4.895808e+06
 -645.184148 4.809584e+06
 -645.322867 4.727016e+06
 -645.461587 4.647352e+06
 -645.600306 4.569800e+06
 -645.739026 4.493536e+06
 -645.877745 4.417712e+06
 -646.016465 4.341504e+06
 -646.155184 4.264104e+06
 -646.293903 4.184712e+06
 -646.432623 4.102568e+06
 -646.571342 4.016992e+06
 -646.710062 3.927360e+06
 -646.848781 3.833104e+06
 -646.987501 3.733744e+06
 -647.126220 3.628880e+06
 -647.264940 3.518168e+06
 -647.403659 3.401392e+06
 -647.542378 3.278352e+06
 -647.681098 3.148976e+06
 -647.819817 3.013248e+06
 -647.958537 2.871176e+06
 -648.097256 2.722880e+06
 -648.235976 2.568480e+06
 -648.374695 2.408184e+06
 -648.513415 2.242216e+06
 -648.652134 2.070792e+06
 -648.790854 1.894176e+06
 -648.929573 1.712632e+06
 -649.068292 1.526416e+06
 -649.207012 1.335768e+06
 -649.345731 1.140952e+06
 -649.484451 9.421680e+05
 -649.623170 7.396320e+05
 -649.761890 5.335280e+05
 -649.900609 3.240480e+05
 -650.039329 1.113280e+05
 -650.178048 -1.044240e+05
 -650.316767 -3.231040e+05
 -650.455487 -5.444960e+05
 -650.594206 -7.683920e+05
 -650.732926 -9.945600e+05
 -650.871645 -1.222720e+06
 -651.010365 -1.452504e+06
 -651.149084 -1.683544e+06
 -651.287804 -1.915344e+06
 -651.426523 -2.147328e+06
 -651.565242 -2.378896e+06
 -651.703962 -2.609288e+06
 -651.842681 -2.837696e+06
 -651.981401 -3.063248e+06
 -652.120120 -3.284936e+06
 -652.258840 -3.501752e+06
 -652.397559 -3.712552e+06
 -652.536279 -3.916176e+06
 -652.674998 -4.111432e+06
 -652.813717 -4.297024e+06
 -652.952437 -4.471720e+06
 -653.091156 -4.634192e+06
 -653.229876 -4.783168e+06
 -653.368595 -4.917352e+06
 -653.507315 -5.035504e+06
 -653.646034 -5.136384e+06
 -653.784754 -5.218840e+06
 -653.923473 -5.281760e+06
 -654.062192 -5.324120e+06
 -654.200912 -5.344976e+06
 -654.339631 -5.343536e+06
 -654.478351 -5.319136e+06
 -654.617070 -5.271200e+06
 -654.755790 -5.199360e+06
 -654.894509 -5.103416e+06
 -655.033229 -4.983360e+06
 -655.171948 -4.839344e+06
 -655.310668 -4.671768e+06
 -655.449387 -4.481200e+06
 -655.588106 -4.268440e+06
 -655.726826 -4.034456e+06
 -655.865545 -3.780416e+06
 -656.004265 -3.507672e+06
 -656.142984 -3.217704e+06
 -656.281704 -2.912168e+06
 -656.420423 -2.592808e+06
 -656.559143 -2.261464e+06
 -656.697862 -1.920016e+06
 -656.836581 -1.570432e+06
 -656.975301 -1.214648e+06
 -657.114020 -8.546160e+05
 -657.252740 -4.922400e+05
 -657.391459 -1.294080e+05
 -657.530179 2.320880e+05
 -657.668898 5.905280e+05
 -657.807618 9.442720e+05
 -657.946337 1.291760e+06
 -658.085056 1.631528e+06
 -658.223776 1.962232e+06
 -658.362495 2.282600e+06
 -658.501215 2.591488e+06
 -658.639934 2.887840e+06
 -658.778654 3.170672e+06
 -658.917373 3.439152e+06
 -659.056093 3.692480e+06
 -659.194812 3.930024e+06
 -659.333531 4.151192e+06
 -659.472251 4.355544e+06
 -659.610970 4.542704e+06
 -659.749690 4.712416e+06
 -659.888409 4.864520e+06
 -660.027129 4.998984e+06
 -660.165848 5.115840e+06
 -660.304568 5.215232e+06
 -660.443287 5.297440e+06
 -660.582007 5.362776e+06
 -660.720726 5.411696e+06
 -660.859445 5.444688e+06
 -660.998165 5.462328e+06
 -661.136884 5.465288e+06
 -661.275604 5.454240e+06
 -661.414323 5.429952e+06
 -661.553043 5.393168e+06
 -661.691762 5.344736e+06
 -661.830482 5.285456e+06
 -661.969201 5.216152e+06
 -662.107920 5.137656e+06
 -662.246640 5.050792e+06
 -662.385359 4.956352e+06
 -662.524079 4.855096e+06
 -662.662798 4.747776e+06
 -662.801518 4.635096e+06
 -662.940237 4.517704e+06
 -663.078957 4.396184e+06
 -663.217676 4.271112e+06
 -663.356395 4.142976e+06
 -663.495115 4.012200e+06
 -663.633834 3.879176e+06
 -663.772554 3.744208e+06
 -663.911273 3.607584e+06
 -664.049993 3.469520e+06
 -664.188712 3.330184e+06
 -664.327432 3.189736e+06
 -664.466151 3.048232e+06
 -664.604870 2.905784e+06
 -664.743590 2.762456e+06
 -664.882309 2.618264e+06
 -665.021029 2.473272e+06
 -665.159748 2.327520e+06
 -665.298468 2.181032e+06
 -665.437187 2.033880e+06
 -665.575907 1.886144e+06
 -665.714626 1.737880e+06
 -665.853345 1.589208e+06
 -665.992065 1.440248e+06
 -666.130784 1.291152e+06
 -666.269504 1.142048e+06
 -666.408223 9.931200e+05
 -666.546943 8.445600e+05
 -666.685662 6.966000e+05
 -666.824382 5.494240e+05
 -666.963101 4.032720e+05
 -667.101821 2.583840e+05
 -667.240540 1.150000e+05
 -667.379259 -2.663200e+04
 -667.517979 -1.662640e+05
 -667.656698 -3.036480e+05
 -667.795418 -4.385440e+05
 -667.934137 -5.706880e+05
 -668.072857 -6.998240e+05
 -668.211576 -8.257680e+05
 -668.350296 -9.482720e+05
 -668.489015 -1.067160e+06
 -668.627734 -1.182240e+06
 -668.766454 -1.293360e+06
 -668.905173 -1.400408e+06
 -669.043893 -1.503288e+06
 -669.182612 -1.601928e+06
 -669.321332 -1.696360e+06
 -669.460051 -1.786632e+06
 -669.598771 -1.872800e+06
 -669.737490 -1.955056e+06
 -669.876209 -2.033608e+06
 -670.014929 -2.108752e+06
 -670.153648 -2.180824e+06
 -670.292368 -2.250264e+06
 -670.431087 -2.317584e+06
 -670.569807 -2.383312e+06
 -670.708526 -2.448120e+06
 -670.847246 -2.512704e+06
 -670.985965 -2.577824e+06
 -671.124684 -2.644336e+06
 -671.263404 -2.713096e+06
 -671.402123 -2.785056e+06
 -671.540843 -2.861168e+06
 -671.679562 -2.942432e+06
 -671.818282 -3.029864e+06
 -671.957001 -3.124464e+06
 -672.095721 -3.227264e+06
 -672.234440 -3.339232e+06
 -672.373159 -3.461352e+06
 -672.511879 -3.594544e+06
 -672.650598 -3.739640e+06
 -672.789318 -3.897464e+06
 -672.928037 -4.068712e+06
 -673.066757 -4.254024e+06
 -673.205476 -4.453896e+06
 -673.344196 -4.668776e+06
 -673.482915 -4.898960e+06
 -673.621635 -5.144616e+06
 -673.760354 -5.405816e+06
 -673.899073 -5.682472e+06
 -674.037793 -5.974432e+06
 -674.176512 -6.281328e+06
 -674.315232 -6.602752e+06
 -674.453951 -6.938120e+06
 -674.592671 -7.286744e+06
 -674.731390 -7.647856e+06
 -674.870110 -8.020600e+06
 -675.008829 -8.403968e+06
 -675.147548 -8.796984e+06
 -675.286268 -9.198544e+06
 -675.424987 -9.607520e+06
 -675.563707 -1.002278e+07
 -675.702426 -1.044314e+07
 -675.841146 -1.086746e+07
 -675.979865 -1.129462e+07
 -676.118585 -1.172352e+07
 -676.257304 -1.215310e+07
 -676.396023 -1.258238e+07
 -676.534743 -1.301043e+07
 -676.673462 -1.343639e+07
 -676.812182 -1.385950e+07
 -676.950901 -1.427903e+07
 -677.089621 -1.469443e+07
 -677.228340 -1.510511e+07
 -677.367060 -1.551068e+07
 -677.505779 -1.591076e+07
 -677.644498 -1.630506e+07
 -677.783218 -1.669336e+07
 -677.921937 -1.707553e+07
 -678.060657 -1.745146e+07
 -678.199376 -1.782116e+07
 -678.338096 -1.818462e+07
 -678.476815 -1.854194e+07
 -678.615535 -1.889320e+07
 -678.754254 -1.923856e+07
 -678.892974 -1.957821e+07
 -679.031693 -1.991234e+07
 -679.170412 -2.024118e+07
 -679.309132 -2.056495e+07
 -679.447851 -2.088392e+07
 -679.586571 -2.119833e+07
 -679.725290 -2.150842e+07
 -679.864010 -2.181445e+07
 -680.002729 -2.211662e+07
 -680.141449 -2.241514e+07
 -680.280168 -2.271019e+07
 -680.418887 -2.300190e+07
 -680.557607 -2.329037e+07
 -680.696326 -2.357568e+07
 -680.835046 -2.385778e+07
 -680.973765 -2.413668e+07
 -681.112485 -2.441224e+07
 -681.251204 -2.468430e+07
 -681.389924 -2.495266e+07
 -681.528643 -2.521703e+07
 -681.667362 -2.547708e+07
 -681.806082 -2.573247e+07
 -681.944801 -2.598282e+07
 -682.083521 -2.622768e+07
 -682.222240 -2.646663e+07
 -682.360960 -2.669925e+07
 -682.499679 -2.692510e+07
 -682.638399 -2.714381e+07
 -682.777118 -2.735501e+07
 -682.915837 -2.755839e+07
 -683.054557 -2.775374e+07
 -683.193276 -2.794085e+07
 -683.331996 -2.811968e+07
 -683.470715 -2.829018e+07
 -683.609435 -2.845246e+07
 -683.748154 -2.860662e+07
 -683.886874 -2.875296e+07
 -684.025593 -2.889172e+07
 -684.164312 -2.902330e+07
 -684.303032 -2.914809e+07
 -684.441751 -2.926650e+07
 -684.580471 -2.937898e+07
 -684.719190 -2.948596e+07
 -684.857910 -2.958784e+07
 -684.996629 -2.968501e+07
 -685.135349 -2.977777e+07
 -685.274068 -2.986633e+07
 -685.412788 -2.995087e+07
 -685.551507 -3.003145e+07
 -685.690226 -3.010801e+07
 -685.828946 -3.018042e+07
 -685.967665 -3.024842e+07
 -686.106385 -3.031164e+07
 -686.245104 -3.036966e+07
 -686.383824 -3.042190e+07
 -686.522543 -3.046772e+07
 -686.661263 -3.050643e+07
 -686.799982 -3.053725e+07
 -686.938701 -3.055932e+07
 -687.077421 -3.057181e+07
 -687.216140 -3.057382e+07
 -687.354860 -3.056440e+07
 -687.493579 -3.054267e+07
 -687.632299 -3.050771e+07
 -687.771018 -3.045864e+07
 -687.909738 -3.039458e+07
 -688.048457 -3.031475e+07
 -688.187176 -3.021838e+07
 -688.325896 -3.010474e+07
 -688.464615 -2.997326e+07
 -688.603335 -2.982338e+07
 -688.742054 -2.965466e+07
 -688.880774 -2.946678e+07
 -689.019493 -2.925948e+07
 -689.158213 -2.903270e+07
 -689.296932 -2.878645e+07
 -689.435651 -2.852090e+07
 -689.574371 -2.823636e+07
 -689.713090 -2.793328e+07
 -689.851810 -2.761225e+07
 -689.990529 -2.727404e+07
 -690.129249 -2.691950e+07
 -690.267968 -2.654964e+07
 -690.406688 -2.616560e+07
 -690.545407 -2.576862e+07
 -690.684126 -2.536002e+07
 -690.822846 -2.494122e+07
 -690.961565 -2.451371e+07
 -691.100285 -2.407898e+07
 -691.239004 -2.363855e+07
 -691.377724 -2.319399e+07
 -691.516443 -2.274679e+07
 -691.655163 -2.229841e+07
 -691.793882 -2.185030e+07
 -691.932602 -2.140378e+07
 -692.071321 -2.096014e+07
 -692.210040 -2.052054e+07
 -692.348760 -2.008606e+07
 -692.487479 -1.965769e+07
 -692.626199 -1.923628e+07
 -692.764918 -1.882262e+07
 -692.903638 -1.841737e+07
 -693.042357 -1.802110e+07
 -693.181077 -1.763431e+07
 -693.319796 -1.725741e+07
 -693.458515 -1.689072e+07
 -693.597235 -1.653451e+07
 -693.735954 -1.618898e+07
 -693.874674 -1.585430e+07
 -694.013393 -1.553056e+07
 -694.152113 -1.521779e+07
 -694.290832 -1.491603e+07
 -694.429552 -1.462524e+07
 -694.568271 -1.434531e+07
 -694.706990 -1.407616e+07
 -694.845710 -1.381758e+07
 -694.984429 -1.356934e+07
 -695.123149 -1.333117e+07
 -695.261868 -1.310273e+07
 -695.400588 -1.288362e+07
 -695.539307 -1.267342e+07
 -695.678027 -1.247158e+07
 -695.816746 -1.227758e+07
 -695.955465 -1.209080e+07
 -696.094185 -1.191059e+07
 -696.232904 -1.173627e+07
 -696.371624 -1.156713e+07
 -696.510343 -1.140246e+07
 -696.649063 -1.124151e+07
 -696.787782 -1.108357e+07
 -696.926502 -1.092793e+07
 -697.065221 -1.077393e+07
 -697.203941 -1.062094e+07
 -697.342660 -1.046843e+07
 -697.481379 -1.031590e+07
 -697.620099 -1.016296e+07
 -697.758818 -1.000932e+07
 -697.897538 -9.854792e+06
 -698.036257 -9.699328e+06
 -698.174977 -9.542992e+06
 -698.313696 -9.385960e+06
 -698.452416 -9.228576e+06
 -698.591135 -9.071288e+06
 -698.729854 -8.914680e+06
 -698.868574 -8.759464e+06
 -699.007293 -8.606440e+06
 -699.146013 -8.456512e+06
 -699.284732 -8.310672e+06
 -699.423452 -8.169976e+06
 -699.562171 -8.035496e+06
 -699.700891 -7.908336e+06
 -699.839610 -7.789584e+06
 -699.978329 -7.680296e+06
 -700.117049 -7.581480e+06
 -700.255768 -7.494088e+06
 -700.394488 -7.418960e+06
 -700.533207 -7.356840e+06
 -700.671927 -7.308328e+06
 -700.810646 -7.273928e+06
 -700.949366 -7.253992e+06
 -701.088085 -7.248760e+06
 -701.226804 -7.258320e+06
 -701.365524 -7.282648e+06
 -701.504243 -7.321640e+06
 -701.642963 -7.375064e+06
 -701.781682 -7.442624e+06
 -701.920402 -7.523952e+06
 -702.059121 -7.618664e+06
 -702.197841 -7.726304e+06
 -702.336560 -7.846416e+06
 -702.475279 -7.978584e+06
 -702.613999 -8.122352e+06
 -702.752718 -8.277304e+06
 -702.891438 -8.443008e+06
 -703.030157 -8.619088e+06
 -703.168877 -8.805160e+06
 -703.307596 -9.000832e+06
 -703.446316 -9.205752e+06
 -703.585035 -9.419480e+06
 -703.723755 -9.641608e+06
 -703.862474 -9.871640e+06
 -704.001193 -1.010903e+07
 -704.139913 -1.035316e+07
 -704.278632 -1.060334e+07
 -704.417352 -1.085875e+07
 -704.556071 -1.111850e+07
 -704.694791 -1.138154e+07
 -704.833510 -1.164682e+07
 -704.972230 -1.191309e+07
 -705.110949 -1.217906e+07
 -705.249668 -1.244332e+07
 -705.388388 -1.270445e+07
 -705.527107 -1.296093e+07
 -705.665827 -1.321125e+07
 -705.804546 -1.345384e+07
 -705.943266 -1.368723e+07
 -706.081985 -1.390993e+07
 -706.220705 -1.412053e+07
 -706.359424 -1.431768e+07
 -706.498143 -1.450018e+07
 -706.636863 -1.466694e+07
 -706.775582 -1.481697e+07
 -706.914302 -1.494948e+07
 -707.053021 -1.506383e+07
 -707.191741 -1.515953e+07
 -707.330460 -1.523626e+07
 -707.469180 -1.529390e+07
 -707.607899 -1.533246e+07
 -707.746618 -1.535212e+07
 -707.885338 -1.535321e+07
 -708.024057 -1.533620e+07
 -708.162777 -1.530172e+07
 -708.301496 -1.525047e+07
 -708.440216 -1.518328e+07
 -708.578935 -1.510110e+07
 -708.717655 -1.500490e+07
 -708.856374 -1.489577e+07
 -708.995093 -1.477486e+07
 -709.133813 -1.464333e+07
 -709.272532 -1.450239e+07
 -709.411252 -1.435329e+07
 -709.549971 -1.419727e+07
 -709.688691 -1.403559e+07
 -709.827410 -1.386949e+07
 -709.966130 -1.370017e+07
 -710.104849 -1.352882e+07
 -710.243569 -1.335656e+07
 -710.382288 -1.318446e+07
 -710.521007 -1.301352e+07
 -710.659727 -1.284464e+07
 -710.798446 -1.267864e+07
 -710.937166 -1.251625e+07
 -711.075885 -1.235806e+07
 -711.214605 -1.220458e+07
 -711.353324 -1.205616e+07
 -711.492044 -1.191309e+07
 -711.630763 -1.177548e+07
 -711.769482 -1.164338e+07
 -711.908202 -1.151674e+07
 -712.046921 -1.139536e+07
 -712.185641 -1.127902e+07
 -712.324360 -1.116740e+07
 -712.463080 -1.106012e+07
 -712.601799 -1.095678e+07
 -712.740519 -1.085694e+07
 -712.879238 -1.076014e+07
 -713.017957 -1.066597e+07
 -713.156677 -1.057395e+07
 -713.295396 -1.048372e+07
 -713.434116 -1.039489e+07
 -713.572835 -1.030715e+07
 -713.711555 -1.022024e+07
 -713.850274 -1.013393e+07
 -713.988994 -1.004808e+07
 -714.127713 -9.962568e+06
 -714.266432 -9.877360e+06
 -714.405152 -9.792432e+06
 -714.543871 -9.707840e+06
 -714.682591 -9.623640e+06
 -714.821310 -9.539928e+06
 -714.960030 -9.456848e+06
 -715.098749 -9.374504e+06
 -715.237469 -9.293040e+06
 -715.376188 -9.212560e+06
 -715.514908 -9.133232e+06
 -715.653627 -9.055152e+06
 -715.792346 -8.978416e+06
 -715.931066 -8.903096e+06
 -716.069785 -8.829240e+06
 -716.208505 -8.756896e+06
 -716.347224 -8.686080e+06
 -716.485944 -8.616776e+06
 -716.624663 -8.548952e+06
 -716.763383 -8.482568e+06
 -716.902102 -8.417528e+06
 -717.040821 -8.353768e+06
 -717.179541 -8.291168e+06
 -717.318260 -8.229592e+06
 -717.456980 -8.168864e+06
 -717.595699 -8.108872e+06
 -717.734419 -8.049400e+06
 -717.873138 -7.990232e+06
 -718.011858 -7.931136e+06
 -718.150577 -7.871880e+06
 -718.289296 -7.812216e+06
 -718.428016 -7.751848e+06
 -718.566735 -7.690504e+06
 -718.705455 -7.627864e+06
 -718.844174 -7.563624e+06
 -718.982894 -7.497456e+06
 -719.121613 -7.429048e+06
 -719.260333 -7.358016e+06
 -719.399052 -7.284040e+06
 -719.537771 -7.206752e+06
 -719.676491 -7.125760e+06
 -719.815210 -7.040664e+06
 -719.953930 -6.951088e+06
 -720.092649 -6.856576e+06
 -720.231369 -6.756672e+06
 -720.370088 -6.650888e+06
 -720.508808 -6.538720e+06
 -720.647527 -6.419576e+06
 -720.786246 -6.292928e+06
 -720.924966 -6.158136e+06
 -721.063685 -6.014552e+06
 -721.202405 -5.861528e+06
 -721.341124 -5.698360e+06
 -721.479844 -5.524344e+06
 -721.618563 -5.338824e+06
 -721.757283 -5.141080e+06
 -721.896002 -4.930480e+06
 -722.034722 -4.706360e+06
 -722.173441 -4.468160e+06
 -722.312160 -4.215344e+06
 -722.450880 -3.947480e+06
 -722.589599 -3.664184e+06
 -722.728319 -3.365200e+06
 -722.867038 -3.050384e+06
 -723.005758 -2.719672e+06
 -723.144477 -2.373168e+06
 -723.283197 -2.011080e+06
 -723.421916 -1.633768e+06
 -723.560635 -1.241744e+06
 -723.699355 -8.356400e+05
 -723.838074 -4.162480e+05
 -723.976794 1.551200e+04
 -724.115513 4.586240e+05
 -724.254233 9.118720e+05
 -724.392952 1.373992e+06
 -724.531672 1.843584e+06
 -724.670391 2.319176e+06
 -724.809110 2.799200e+06
 -724.947830 3.282056e+06
 -725.086549 3.766088e+06
 -725.225269 4.249568e+06
 -725.363988 4.730816e+06
 -725.502708 5.208128e+06
 -725.641427 5.679792e+06
 -725.780147 6.144152e+06
 -725.918866 6.599576e+06
 -726.057585 7.044504e+06
 -726.196305 7.477408e+06
 -726.335024 7.896856e+06
 -726.473744 8.301488e+06
 -726.612463 8.690064e+06
 -726.751183 9.061424e+06
 -726.889902 9.414512e+06
 -727.028622 9.748408e+06
 -727.167341 1.006230e+07
 -727.306060 1.035550e+07
 -727.444780 1.062748e+07
 -727.583499 1.087782e+07
 -727.722219 1.110627e+07
 -727.860938 1.131270e+07
 -727.999658 1.149713e+07
 -728.138377 1.165971e+07
 -728.277097 1.180076e+07
 -728.415816 1.192074e+07
 -728.554536 1.202020e+07
 -728.693255 1.209986e+07
 -728.831974 1.216056e+07
 -728.970694 1.220323e+07
 -729.109413 1.222891e+07
 -729.248133 1.223874e+07
 -729.386852 1.223390e+07
 -729.525572 1.221564e+07
 -729.664291 1.218525e+07
 -729.803011 1.214402e+07
 -729.941730 1.209327e+07
 -730.080449 1.203426e+07
 -730.219169 1.196819e+07
 -730.357888 1.189626e+07
 -730.496608 1.181954e+07
 -730.635327 1.173903e+07
 -730.774047 1.165558e+07
 -730.912766 1.156997e+07
 -731.051486 1.148280e+07
 -731.190205 1.139460e+07
 -731.328924 1.130570e+07
 -731.467644 1.121634e+07
 -731.606363 1.112660e+07
 -731.745083 1.103644e+07
 -731.883802 1.094571e+07
 -732.022522 1.085415e+07
 -732.161241 1.076138e+07
 -732.299961 1.066698e+07
 -732.438680 1.057041e+07
 -732.577399 1.047111e+07
 -732.716119 1.036850e+07
 -732.854838 1.026197e+07
 -732.993558 1.015083e+07
 -733.132277 1.003452e+07
 -733.270997 9.912440e+06
 -733.409716 9.784096e+06
 -733.548436 9.648944e+06
 -733.687155 9.506624e+06
 -733.825875 9.356816e+06
 -733.964594 9.199304e+06
 -734.103313 9.033936e+06
 -734.242033 8.860720e+06
 -734.380752 8.679736e+06
 -734.519472 8.491192e+06
 -734.658191 8.295376e+06
 -734.796911 8.092696e+06
 -734.935630 7.883656e+06
 -735.074350 7.668840e+06
 -735.213069 7.448888e+06
 -735.351788 7.224584e+06
 -735.490508 6.996680e+06
 -735.629227 6.766008e+06
 -735.767947 6.533496e+06
 -735.906666 6.299968e+06
 -736.045386 6.066416e+06
 -736.184105 5.833680e+06
 -736.322825 5.602704e+06
 -736.461544 5.374384e+06
 -736.600263 5.149536e+06
 -736.738983 4.929032e+06
 -736.877702 4.713616e+06
 -737.016422 4.504056e+06
 -737.155141 4.301024e+06
 -737.293861 4.105184e+06
 -737.432580 3.917136e+06
 -737.571300 3.737416e+06
 -737.710019 3.566544e+06
 -737.848738 3.404960e+06
 -737.987458 3.253136e+06
 -738.126177 3.111432e+06
 -738.264897 2.980224e+06
 -738.403616 2.859840e+06
 -738.542336 2.750576e+06
 -738.681055 2.652720e+06
 -738.819775 2.566504e+06
 -738.958494 2.492152e+06
 -739.097213 2.429816e+06
 -739.235933 2.379648e+06
 -739.374652 2.341720e+06
 -739.513372 2.316064e+06
 -739.652091 2.302624e+06
 -739.790811 2.301264e+06
 -739.929530 2.311816e+06
 -740.068250 2.333960e+06
 -740.206969 2.367304e+06
 -740.345689 2.411328e+06
 -740.484408 2.465400e+06
 -740.623127 2.528792e+06
 -740.761847 2.600592e+06
 -740.900566 2.679800e+06
 -741.039286 2.765272e+06
 -741.178005 2.855744e+06
 -741.316725 2.949840e+06
 -741.455444 3.046080e+06
 -741.594164 3.142848e+06
 -741.732883 3.238456e+06
 -741.871602 3.331176e+06
 -742.010322 3.419184e+06
 -742.149041 3.500656e+06
 -742.287761 3.573752e+06
 -742.426480 3.636632e+06
 -742.565200 3.687512e+06
 -742.703919 3.724656e+06
 -742.842639 3.746424e+06
 -742.981358 3.751256e+06
 -743.120077 3.737776e+06
 -743.258797 3.704704e+06
 -743.397516 3.650952e+06
 -743.536236 3.575584e+06
 -743.674955 3.477896e+06
 -743.813675 3.357328e+06
 -743.952394 3.213576e+06
 -744.091114 3.046512e+06
 -744.229833 2.856168e+06
 -744.368552 2.642848e+06
 -744.507272 2.406992e+06
 -744.645991 2.149256e+06
 -744.784711 1.870432e+06
 -744.923430 1.571480e+06
 -745.062150 1.253536e+06
 -745.200869 9.178240e+05
 -745.339589 5.656880e+05
 -745.478308 1.986000e+05
 -745.617027 -1.818960e+05
 -745.755747 -5.741840e+05
 -745.894466 -9.765920e+05
 -746.033186 -1.387424e+06
 -746.171905 -1.804904e+06
 -746.310625 -2.227280e+06
 -746.449344 -2.652784e+06
 -746.588064 -3.079648e+06
 -746.726783 -3.506104e+06
 -746.865503 -3.930440e+06
 -747.004222 -4.350968e+06
 -747.142941 -4.766016e+06
 -747.281661 -5.173960e+06
 -747.420380 -5.573216e+06
 -747.559100 -5.962312e+06
 -747.697819 -6.339704e+06
 -747.836539 -6.704024e+06
 -747.975258 -7.053912e+06
 -748.113978 -7.388104e+06
 -748.252697 -7.705336e+06
 -748.391416 -8.004520e+06
 -748.530136 -8.284560e+06
 -748.668855 -8.544544e+06
 -748.807575 -8.783616e+06
 -748.946294 -9.001032e+06
 -749.085014 -9.196256e+06
 -749.223733 -9.368848e+06
 -749.362453 -9.518536e+06
 -749.501172 -9.645232e+06
 -749.639891 -9.749040e+06
 -749.778611 -9.830272e+06
 -749.917330 -9.889416e+06
 -750.056050 -9.927184e+06
 -750.194769 -9.944464e+06
 -750.333489 -9.942392e+06
 -750.472208 -9.922184e+06
 -750.610928 -9.885320e+06
 -750.749647 -9.833384e+06
 -750.888366 -9.768064e+06
 -751.027086 -9.691192e+06
 -751.165805 -9.604616e+06
 -751.304525 -9.510248e+06
 -751.443244 -9.410048e+06
 -751.581964 -9.305880e+06
 -751.720683 -9.199648e+06
 -751.859403 -9.093128e+06
 -751.998122 -8.988048e+06
 -752.136842 -8.886024e+06
 -752.275561 -8.788544e+06
 -752.414280 -8.696976e+06
 -752.553000 -8.612560e+06
 -752.691719 -8.536416e+06
 -752.830439 -8.469512e+06
 -752.969158 -8.412704e+06
 -753.107878 -8.366704e+06
 -753.246597 -8.332136e+06
 -753.385317 -8.309480e+06
 -753.524036 -8.299152e+06
 -753.662755 -8.301440e+06
 -753.801475 -8.316576e+06
 -753.940194 -8.344648e+06
 -754.078914 -8.385728e+06
 -754.217633 -8.439752e+06
 -754.356353 -8.506592e+06
 -754.495072 -8.586040e+06
 -754.633792 -8.677808e+06
 -754.772511 -8.781520e+06
 -754.911230 -8.896728e+06
 -755.049950 -9.022896e+06
 -755.188669 -9.159424e+06
 -755.327389 -9.305664e+06
 -755.466108 -9.460864e+06
 -755.604828 -9.624280e+06
 -755.743547 -9.795112e+06
 -755.882267 -9.972528e+06
 -756.020986 -1.015569e+07
 -756.159705 -1.034378e+07
 -756.298425 -1.053600e+07
 -756.437144 -1.073155e+07
 -756.575864 -1.092968e+07
 -756.714583 -1.112972e+07
 -756.853303 -1.133099e+07
 -756.992022 -1.153290e+07
 -757.130742 -1.173491e+07
 -757.269461 -1.193651e+07
 -757.408180 -1.213722e+07
 -757.546900 -1.233661e+07
 -757.685619 -1.253432e+07
 -757.824339 -1.272991e+07
 -757.963058 -1.292300e+07
 -758.101778 -1.311325e+07
 -758.240497 -1.330023e+07
 -758.379217 -1.348353e+07
 -758.517936 -1.366272e+07
 -758.656656 -1.383734e+07
 -758.795375 -1.400690e+07
 -758.934094 -1.417086e+07
 -759.072814 -1.432870e+07
 -759.211533 -1.447984e+07
 -759.350253 -1.462370e+07
 -759.488972 -1.475973e+07
 -759.627692 -1.488729e+07
 -759.766411 -1.500582e+07
 -759.905131 -1.511480e+07
 -760.043850 -1.521373e+07
 -760.182569 -1.530214e+07
 -760.321289 -1.537969e+07
 -760.460008 -1.544605e+07
 -760.598728 -1.550105e+07
 -760.737447 -1.554457e+07
 -760.876167 -1.557666e+07
 -761.014886 -1.559749e+07
 -761.153606 -1.560733e+07
 -761.292325 -1.560660e+07
 -761.431044 -1.559586e+07
 -761.569764 -1.557581e+07
 -761.708483 -1.554728e+07
 -761.847203 -1.551117e+07
 -761.985922 -1.546850e+07
 -762.124642 -1.542038e+07
 -762.263361 -1.536801e+07
 -762.402081 -1.531258e+07
 -762.540800 -1.525535e+07
 -762.679519 -1.519755e+07
 -762.818239 -1.514037e+07
 -762.956958 -1.508499e+07
 -763.095678 -1.503250e+07
 -763.234397 -1.498393e+07
 -763.373117 -1.494016e+07
 -763.511836 -1.490197e+07
 -763.650556 -1.487001e+07
 -763.789275 -1.484480e+07
 -763.927994 -1.482668e+07
 -764.066714 -1.481587e+07
 -764.205433 -1.481239e+07
 -764.344153 -1.481618e+07
 -764.482872 -1.482697e+07
 -764.621592 -1.484437e+07
 -764.760311 -1.486787e+07
 -764.899031 -1.489682e+07
 -765.037750 -1.493047e+07
 -765.176470 -1.496799e+07
 -765.315189 -1.500849e+07
 -765.453908 -1.505095e+07
 -765.592628 -1.509436e+07
 -765.731347 -1.513767e+07
 -765.870067 -1.517979e+07
 -766.008786 -1.521967e+07
 -766.147506 -1.525625e+07
 -766.286225 -1.528850e+07
 -766.424945 -1.531544e+07
 -766.563664 -1.533614e+07
 -766.702383 -1.534974e+07
 -766.841103 -1.535546e+07
 -766.979822 -1.535260e+07
 -767.118542 -1.534054e+07
 -767.257261 -1.531876e+07
 -767.395981 -1.528686e+07
 -767.534700 -1.524451e+07
 -767.673420 -1.519153e+07
 -767.812139 -1.512777e+07
 -767.950858 -1.505325e+07
 -768.089578 -1.496807e+07
 -768.228297 -1.487242e+07
 -768.367017 -1.476655e+07
 -768.505736 -1.465083e+07
 -768.644456 -1.452570e+07
 -768.783175 -1.439160e+07
 -768.921895 -1.424912e+07
 -769.060614 -1.409882e+07
 -769.199333 -1.394130e+07
 -769.338053 -1.377717e+07
 -769.476772 -1.360706e+07
 -769.615492 -1.343161e+07
 -769.754211 -1.325138e+07
 -769.892931 -1.306693e+07
 -770.031650 -1.287882e+07
 -770.170370 -1.268754e+07
 -770.309089 -1.249352e+07
 -770.447809 -1.229717e+07
 -770.586528 -1.209885e+07
 -770.725247 -1.189890e+07
 -770.863967 -1.169762e+07
 -771.002686 -1.149528e+07
 -771.141406 -1.129217e+07
 -771.280125 -1.108854e+07
 -771.418845 -1.088471e+07
 -771.557564 -1.068100e+07
 -771.696284 -1.047777e+07
 -771.835003 -1.027543e+07
 -771.973722 -1.007450e+07
 -772.112442 -9.875480e+06
 -772.251161 -9.679016e+06
 -772.389881 -9.485776e+06
 -772.528600 -9.296512e+06
 -772.667320 -9.112024e+06
 -772.806039 -8.933152e+06
 -772.944759 -8.760784e+06
 -773.083478 -8.595808e+06
 -773.222197 -8.439088e+06
 -773.360917 -8.291504e+06
 -773.499636 -8.153864e+06
 -773.638356 -8.026872e+06
 -773.777075 -7.911224e+06
 -773.915795 -7.807448e+06
 -774.054514 -7.715968e+06
 -774.193234 -7.637136e+06
 -774.331953 -7.571080e+06
 -774.470672 -7.517864e+06
 -774.609392 -7.477392e+06
 -774.748111 -7.449456e+06
 -774.886831 -7.433696e+06
 -775.025550 -7.429672e+06
 -775.164270 -7.436872e+06
 -775.302989 -7.454688e+06
 -775.441709 -7.482448e+06
 -775.580428 -7.519496e+06
 -775.719147 -7.565120e+06
 -775.857867 -7.618632e+06
 -775.996586 -7.679304e+06
 -776.135306 -7.746528e+06
 -776.274025 -7.819656e+06
 -776.412745 -7.898096e+06
 -776.551464 -7.981336e+06
 -776.690184 -8.068880e+06
 -776.828903 -8.160272e+06
 -776.967623 -8.255096e+06
 -777.106342 -8.352976e+06
 -777.245061 -8.453568e+06
 -777.383781 -8.556512e+06
 -777.522500 -8.661456e+06
 -777.661220 -8.768072e+06
 -777.799939 -8.875984e+06
 -777.938659 -8.984776e+06
 -778.077378 -9.094016e+06
 -778.216098 -9.203232e+06
 -778.354817 -9.311880e+06
 -778.493536 -9.419352e+06
 -778.632256 -9.525024e+06
 -778.770975 -9.628176e+06
 -778.909695 -9.728032e+06
 -779.048414 -9.823776e+06
 -779.187134 -9.914544e+06
 -779.325853 -9.999400e+06
 -779.464573 -1.007742e+07
 -779.603292 -1.014763e+07
 -779.742011 -1.020908e+07
 -779.880731 -1.026078e+07
 -780.019450 -1.030180e+07
 -780.158170 -1.033120e+07
 -780.296889 -1.034813e+07
 -780.435609 -1.035176e+07
 -780.574328 -1.034135e+07
 -780.713048 -1.031622e+07
 -780.851767 -1.027580e+07
 -780.990486 -1.021958e+07
 -781.129206 -1.014715e+07
 -781.267925 -1.005822e+07
 -781.406645 -9.952544e+06
 -781.545364 -9.830040e+06
 -781.684084 -9.690656e+06
 -781.822803 -9.534456e+06
 -781.961523 -9.361592e+06
 -782.100242 -9.172280e+06
 -782.238961 -8.966816e+06
 -782.377681 -8.745560e+06
 -782.516400 -8.508920e+06
 -782.655120 -8.257376e+06
 -782.793839 -7.991480e+06
 -782.932559 -7.711808e+06
 -783.071278 -7.418992e+06
 -783.209998 -7.113680e+06
 -783.348717 -6.796632e+06
 -783.487437 -6.468608e+06
 -783.626156 -6.130392e+06
 -783.764875 -5.782848e+06
 -783.903595 -5.426864e+06
 -784.042314 -5.063392e+06
 -784.181034 -4.693376e+06
 -784.319753 -4.317840e+06
 -784.458473 -3.937816e+06
 -784.597192 -3.554376e+06
 -784.735912 -3.168600e+06
 -784.874631 -2.781632e+06
 -785.013350 -2.394568e+06
 -785.152070 -2.008552e+06
 -785.290789 -1.624704e+06
 -785.429509 -1.244160e+06
 -785.568228 -8.679760e+05
 -785.706948 -4.972400e+05
 -785.845667 -1.330000e+05
 -785.984387 2.237840e+05
 -786.123106 5.721680e+05
 -786.261825 9.112560e+05
 -786.400545 1.240232e+06
 -786.539264 1.558296e+06
 -786.677984 1.864760e+06
 -786.816703 2.158936e+06
 -786.955423 2.440208e+06
 -787.094142 2.708008e+06
 -787.232862 2.961792e+06
 -787.371581 3.201048e+06
 -787.510300 3.425328e+06
 -787.649020 3.634136e+06
 -787.787739 3.827056e+06
 -787.926459 4.003640e+06
 -788.065178 4.163488e+06
 -788.203898 4.306184e+06
 -788.342617 4.431352e+06
 -788.481337 4.538624e+06
 -788.620056 4.627696e+06
 -788.758776 4.698264e+06
 -788.897495 4.750096e+06
 -789.036214 4.783016e+06
 -789.174934 4.796952e+06
 -789.313653 4.791880e+06
 -789.452373 4.767888e+06
 -789.591092 4.725160e+06
 -789.729812 4.664048e+06
 -789.868531 4.584944e+06
 -790.007251 4.488400e+06
 -790.145970 4.375128e+06
 -790.284689 4.245888e+06
 -790.423409 4.101608e+06
 -790.562128 3.943320e+06
 -790.700848 3.772168e+06
 -790.839567 3.589344e+06
 -790.978287 3.396216e+06
 -791.117006 3.194088e+06
 -791.255726 2.984416e+06
 -791.394445 2.768648e+06
 -791.533164 2.548256e+06
 -791.671884 2.324736e+06
 -791.810603 2.099544e+06
 -791.949323 1.874112e+06
 -792.088042 1.649840e+06
 -792.226762 1.428040e+06
 -792.365481 1.210008e+06
 -792.504201 9.968880e+05
 -792.642920 7.897840e+05
 -792.781639 5.896640e+05
 -792.920359 3.974480e+05
 -793.059078 2.138800e+05
 -793.197798 3.963200e+04
 -793.336517 -1.247440e+05
 -793.475237 -2.788240e+05
 -793.613956 -4.222560e+05
 -793.752676 -5.548240e+05
 -793.891395 -6.764000e+05
 -794.030114 -7.869520e+05
 -794.168834 -8.865280e+05
 -794.307553 -9.752800e+05
 -794.446273 -1.053392e+06
 -794.584992 -1.121176e+06
 -794.723712 -1.178952e+06
 -794.862431 -1.227088e+06
 -795.001151 -1.266048e+06
 -795.139870 -1.296288e+06
 -795.278590 -1.318304e+06
 -795.417309 -1.332648e+06
 -795.556028 -1.339856e+06
 -795.694748 -1.340504e+06
 -795.833467 -1.335200e+06
 -795.972187 -1.324512e+06
 -796.110906 -1.309064e+06
 -796.249626 -1.289464e+06
 -796.388345 -1.266288e+06
 -796.527065 -1.240136e+06
 -796.665784 -1.211544e+06
 -796.804503 -1.181096e+06
 -796.943223 -1.149272e+06
 -797.081942 -1.116536e+06
 -797.220662 -1.083320e+06
 -797.359381 -1.049984e+06
 -797.498101 -1.016864e+06
 -797.636820 -9.842400e+05
 -797.775540 -9.523120e+05
 -797.914259 -9.212800e+05
 -798.052978 -8.912240e+05
 -798.191698 -8.622640e+05
 -798.330417 -8.344560e+05
 -798.469137 -8.078000e+05
 -798.607856 -7.823120e+05
 -798.746576 -7.579840e+05
 -798.885295 -7.347920e+05
 -799.024015 -7.127280e+05
 -799.162734 -6.917280e+05
 -799.301453 -6.717520e+05
 -799.440173 -6.527280e+05
 -799.578892 -6.345840e+05
 -799.717612 -6.172320e+05
 -799.856331 -6.004800e+05
 -799.995051 -5.841520e+05
 -800.133770 -5.679520e+05
 -800.272490 -5.515840e+05
 -800.411209 -5.345760e+05
 -800.549928 -5.164080e+05
 -800.688648 -4.964240e+05
 -800.827367 -4.738960e+05
 -800.966087 -4.479360e+05
 -801.104806 -4.175600e+05
 -801.243526 -3.816640e+05
 -801.382245 -3.390400e+05
 -801.520965 -2.883920e+05
 -801.659684 -2.282960e+05
 -801.798404 -1.573600e+05
 -801.937123 -7.404800e+04
 -802.075842 2.312800e+04
 -802.214562 1.356960e+05
 -802.353281 2.651360e+05
 -802.492001 4.128880e+05
 -802.630720 5.802880e+05
 -802.769440 7.686240e+05
 -802.908159 9.790240e+05
 -803.046879 1.212472e+06
 -803.185598 1.469800e+06
 -803.324317 1.751672e+06
 -803.463037 2.058560e+06
 -803.601756 2.390704e+06
 -803.740476 2.748136e+06
 -803.879195 3.130712e+06
 -804.017915 3.538016e+06
 -804.156634 3.969424e+06
 -804.295354 4.424104e+06
 -804.434073 4.901000e+06
 -804.572792 5.398840e+06
 -804.711512 5.916168e+06
 -804.850231 6.451352e+06
 -804.988951 7.002552e+06
 -805.127670 7.567816e+06
 -805.266390 8.145040e+06
 -805.405109 8.732008e+06
 -805.543829 9.326432e+06
 -805.682548 9.925912e+06
 -805.821267 1.052806e+07
 -805.959987 1.113041e+07
 -806.098706 1.173054e+07
 -806.237426 1.232598e+07
 -806.376145 1.291439e+07
 -806.514865 1.349337e+07
 -806.653584 1.406067e+07
 -806.792304 1.461406e+07
 -806.931023 1.515147e+07
 -807.069743 1.567085e+07
 -807.208462 1.617032e+07
 -807.347181 1.664806e+07
 -807.485901 1.710246e+07
 -807.624620 1.753195e+07
 -807.763340 1.793511e+07
 -807.902059 1.831074e+07
 -808.040779 1.865766e+07
 -808.179498 1.897492e+07
 -808.318218 1.926168e+07
 -808.456937 1.951725e+07
 -808.595656 1.974107e+07
 -808.734376 1.993274e+07
 -808.873095 2.009198e+07
 -809.011815 2.021862e+07
 -809.150534 2.031266e+07
 -809.289254 2.037414e+07
 -809.427973 2.040325e+07
 -809.566693 2.040023e+07
 -809.705412 2.036546e+07
 -809.844131 2.029930e+07
 -809.982851 2.020221e+07
 -810.121570 2.007469e+07
 -810.260290 1.991728e+07
 -810.399009 1.973051e+07
 -810.537729 1.951496e+07
 -810.676448 1.927120e+07
 -810.815168 1.899982e+07
 -810.953887 1.870139e+07
 -811.092606 1.837652e+07
 -811.231326 1.802581e+07
 -811.370045 1.764985e+07
 -811.508765 1.724929e+07
 -811.647484 1.682478e+07
 -811.786204 1.637697e+07
 -811.924923 1.590662e+07
 -812.063643 1.541446e+07
 -812.202362 1.490138e+07
 -812.341081 1.436822e+07
 -812.479801 1.381599e+07
 -812.618520 1.324574e+07
 -812.757240 1.265862e+07
 -812.895959 1.205585e+07
 -813.034679 1.143880e+07
 -813.173398 1.080888e+07
 -813.312118 1.016763e+07
 -813.450837 9.516656e+06
 -813.589557 8.857640e+06
 -813.728276 8.192352e+06
 -813.866995 7.522616e+06
 -814.005715 6.850264e+06
 -814.144434 6.177192e+06
 -814.283154 5.505280e+06
 -814.421873 4.836384e+06
 -814.560593 4.172328e+06
 -814.699312 3.514864e+06
 -814.838032 2.865640e+06
 -814.976751 2.226240e+06
 -815.115470 1.598088e+06
 -815.254190 9.824480e+05
 -815.392909 3.804160e+05
 -815.531629 -2.070640e+05
 -815.670348 -7.792640e+05
 -815.809068 -1.335664e+06
 -815.947787 -1.875944e+06
 -816.086507 -2.399984e+06
 -816.225226 -2.907856e+06
 -816.363945 -3.399856e+06
 -816.502665 -3.876416e+06
 -816.641384 -4.338160e+06
 -816.780104 -4.785896e+06
 -816.918823 -5.220504e+06
 -817.057543 -5.642984e+06
 -817.196262 -6.054464e+06
 -817.334982 -6.456088e+06
 -817.473701 -6.849096e+06
 -817.612420 -7.234696e+06
 -817.751140 -7.614120e+06
 -817.889859 -7.988624e+06
 -818.028579 -8.359320e+06
 -818.167298 -8.727360e+06
 -818.306018 -9.093744e+06
 -818.444737 -9.459424e+06
 -818.583457 -9.825232e+06
 -818.722176 -1.019187e+07
 -818.860896 -1.055990e+07
 -818.999615 -1.092973e+07
 -819.138334 -1.130163e+07
 -819.277054 -1.167568e+07
 -819.415773 -1.205182e+07
 -819.554493 -1.242980e+07
 -819.693212 -1.280919e+07
 -819.831932 -1.318943e+07
 -819.970651 -1.356976e+07
 -820.109371 -1.394930e+07
 -820.248090 -1.432702e+07
 -820.386809 -1.470178e+07
 -820.525529 -1.507233e+07
 -820.664248 -1.543735e+07
 -820.802968 -1.579542e+07
 -820.941687 -1.614516e+07
 -821.080407 -1.648509e+07
 -821.219126 -1.681377e+07
 -821.357846 -1.712979e+07
 -821.496565 -1.743179e+07
 -821.635284 -1.771848e+07
 -821.774004 -1.798862e+07
 -821.912723 -1.824110e+07
 -822.051443 -1.847490e+07
 -822.190162 -1.868916e+07
 -822.328882 -1.888310e+07
 -822.467601 -1.905608e+07
 -822.606321 -1.920761e+07
 -822.745040 -1.933730e+07
 -822.883759 -1.944493e+07
 -823.022479 -1.953038e+07
 -823.161198 -1.959361e+07
 -823.299918 -1.963473e+07
 -823.438637 -1.965392e+07
 -823.577357 -1.965147e+07
 -823.716076 -1.962774e+07
 -823.854796 -1.958313e+07
 -823.993515 -1.951811e+07
 -824.132234 -1.943322e+07
 -824.270954 -1.932898e+07
 -824.409673 -1.920599e+07
 -824.548393 -1.906488e+07
 -824.687112 -1.890628e+07
 -824.825832 -1.873086e+07
 -824.964551 -1.853930e+07
 -825.103271 -1.833230e+07
 -825.241990 -1.811058e+07
 -825.380710 -1.787493e+07
 -825.519429 -1.762610e+07
 -825.658148 -1.736490e+07
 -825.796868 -1.709217e+07
 -825.935587 -1.680879e+07
 -826.074307 -1.651566e+07
 -826.213026 -1.621374e+07
 -826.351746 -1.590398e+07
 -826.490465 -1.558738e+07
 -826.629185 -1.526495e+07
 -826.767904 -1.493775e+07
 -826.906623 -1.460676e+07
 -827.045343 -1.427305e+07
 -827.184062 -1.393761e+07
 -827.322782 -1.360141e+07
 -827.461501 -1.326540e+07
 -827.600221 -1.293046e+07
 -827.738940 -1.259741e+07
 -827.877660 -1.226700e+07
 -828.016379 -1.193993e+07
 -828.155098 -1.161675e+07
 -828.293818 -1.129802e+07
 -828.432537 -1.098412e+07
 -828.571257 -1.067540e+07
 -828.709976 -1.037213e+07
 -828.848696 -1.007450e+07
 -828.987415 -9.782664e+06
 -829.126135 -9.496704e+06
 -829.264854 -9.216656e+06
 -829.403573 -8.942560e+06
 -829.542293 -8.674424e+06
 -829.681012 -8.412280e+06
 -829.819732 -8.156136e+06
 -829.958451 -7.906072e+06
 -830.097171 -7.662152e+06
 -830.235890 -7.424520e+06
 -830.374610 -7.193344e+06
 -830.513329 -6.968848e+06
 -830.652048 -6.751320e+06
 -830.790768 -6.541088e+06
 -830.929487 -6.338488e+06
 -831.068207 -6.143976e+06
 -831.206926 -5.957952e+06
 -831.345646 -5.780880e+06
 -831.484365 -5.613216e+06
 -831.623085 -5.455376e+06
 -831.761804 -5.307800e+06
 -831.900524 -5.170824e+06
 -832.039243 -5.044744e+06
 -832.177962 -4.929768e+06
 -832.316682 -4.826016e+06
 -832.455401 -4.733456e+06
 -832.594121 -4.651960e+06
 -832.732840 -4.581256e+06
 -832.871560 -4.520904e+06
 -833.010279 -4.470360e+06
 -833.148999 -4.428904e+06
 -833.287718 -4.395688e+06
 -833.426437 -4.369744e+06
 -833.565157 -4.349944e+06
 -833.703876 -4.335144e+06
 -833.842596 -4.324064e+06
 -833.981315 -4.315360e+06
 -834.120035 -4.307672e+06
 -834.258754 -4.299640e+06
 -834.397474 -4.289936e+06
 -834.536193 -4.277216e+06
 -834.674912 -4.260272e+06
 -834.813632 -4.237936e+06
 -834.952351 -4.209120e+06
 -835.091071 -4.172920e+06
 -835.229790 -4.128496e+06
 -835.368510 -4.075216e+06
 -835.507229 -4.012528e+06
 -835.645949 -3.940072e+06
 -835.784668 -3.857640e+06
 -835.923387 -3.765120e+06
 -836.062107 -3.662600e+06
 -836.200826 -3.550280e+06
 -836.339546 -3.428496e+06
 -836.478265 -3.297680e+06
 -836.616985 -3.158432e+06
 -836.755704 -3.011376e+06
 -836.894424 -2.857304e+06
 -837.033143 -2.697040e+06
 -837.171863 -2.531488e+06
 -837.310582 -2.361624e+06
 -837.449301 -2.188472e+06
 -837.588021 -2.013128e+06
 -837.726740 -1.836696e+06
 -837.865460 -1.660328e+06
 -838.004179 -1.485200e+06
 -838.142899 -1.312480e+06
 -838.281618 -1.143392e+06
 -838.420338 -9.791200e+05
 -838.559057 -8.208720e+05
 -838.697776 -6.698000e+05
 -838.836496 -5.270480e+05
 -838.975215 -3.937120e+05
 -839.113935 -2.708320e+05
 -839.252654 -1.593440e+05
 -839.391374 -6.018400e+04
 -839.530093 2.585600e+04
 -839.668813 9.808800e+04
 -839.807532 1.559200e+05
 -839.946251 1.988800e+05
 -840.084971 2.266000e+05
 -840.223690 2.388640e+05
 -840.362410 2.355680e+05
 -840.501129 2.167120e+05
 -840.639849 1.824560e+05
 -840.778568 1.330320e+05
 -840.917288 6.879200e+04
 -841.056007 -9.800000e+03
 -841.194726 -1.022080e+05
 -841.333446 -2.078160e+05
 -841.472165 -3.259280e+05
 -841.610885 -4.557760e+05
 -841.749604 -5.965280e+05
 -841.888324 -7.473040e+05
 -842.027043 -9.071920e+05
 -842.165763 -1.075208e+06
 -842.304482 -1.250336e+06
 -842.443201 -1.431536e+06
 -842.581921 -1.617728e+06
 -842.720640 -1.807784e+06
 -842.859360 -2.000592e+06
 -842.998079 -2.194984e+06
 -843.136799 -2.389808e+06
 -843.275518 -2.583912e+06
 -843.414238 -2.776136e+06
 -843.552957 -2.965344e+06
 -843.691677 -3.150456e+06
 -843.830396 -3.330384e+06
 -843.969115 -3.504168e+06
 -844.107835 -3.670824e+06
 -844.246554 -3.829528e+06
 -844.385274 -3.979496e+06
 -844.523993 -4.120072e+06
 -844.662713 -4.250672e+06
 -844.801432 -4.370848e+06
 -844.940152 -4.480248e+06
 -845.078871 -4.578648e+06
 -845.217590 -4.665936e+06
 -845.356310 -4.742072e+06
 -845.495029 -4.807168e+06
 -845.633749 -4.861360e+06
 -845.772468 -4.904920e+06
 -845.911188 -4.938152e+06
 -846.049907 -4.961392e+06
 -846.188627 -4.975072e+06
 -846.327346 -4.979600e+06
 -846.466065 -4.975392e+06
 -846.604785 -4.962880e+06
 -846.743504 -4.942480e+06
 -846.882224 -4.914552e+06
 -847.020943 -4.879464e+06
 -847.159663 -4.837552e+06
 -847.298382 -4.789064e+06
 -847.437102 -4.734264e+06
 -847.575821 -4.673344e+06
 -847.714540 -4.606496e+06
 -847.853260 -4.533816e+06
 -847.991979 -4.455456e+06
 -848.130699 -4.371472e+06
 -848.269418 -4.281952e+06
 -848.408138 -4.186960e+06
 -848.546857 -4.086512e+06
 -848.685577 -3.980680e+06
 -848.824296 -3.869512e+06
 -848.963015 -3.753032e+06
 -849.101735 -3.631320e+06
 -849.240454 -3.504400e+06
 -849.379174 -3.372328e+06
 -849.517893 -3.235160e+06
 -849.656613 -3.092944e+06
 -849.795332 -2.945704e+06
 -849.934052 -2.793504e+06
 -850.072771 -2.636328e+06
 -850.211491 -2.474200e+06
 -850.350210 -2.307136e+06
 -850.488929 -2.135096e+06
 -850.627649 -1.958048e+06
 -850.766368 -1.775944e+06
 -850.905088 -1.588744e+06
 -851.043807 -1.396368e+06
 -851.182527 -1.198792e+06
 -851.321246 -9.959360e+05
 -851.459966 -7.877680e+05
 -851.598685 -5.743040e+05
 -851.737404 -3.555440e+05
 -851.876124 -1.315440e+05
 -852.014843 9.756800e+04
 -852.153563 3.316640e+05
 -852.292282 5.705040e+05
 -852.431002 8.138320e+05
 -852.569721 1.061296e+06
 -852.708441 1.312488e+06
 -852.847160 1.566936e+06
 -852.985879 1.824136e+06
 -853.124599 2.083472e+06
 -853.263318 2.344360e+06
 -853.402038 2.606104e+06
 -853.540757 2.868008e+06
 -853.679477 3.129400e+06
 -853.818196 3.389544e+06
 -853.956916 3.647744e+06
 -854.095635 3.903328e+06
 -854.234354 4.155664e+06
 -854.373074 4.404176e+06
 -854.511793 4.648320e+06
 -854.650513 4.887704e+06
 -854.789232 5.121944e+06
 -854.927952 5.350784e+06
 -855.066671 5.574104e+06
 -855.205391 5.791832e+06
 -855.344110 6.004072e+06
 -855.482830 6.210976e+06
 -855.621549 6.412856e+06
 -855.760268 6.610096e+06
 -855.898988 6.803184e+06
 -856.037707 6.992688e+06
 -856.176427 7.179216e+06
 -856.315146 7.363464e+06
 -856.453866 7.546128e+06
 -856.592585 7.727904e+06
 -856.731305 7.909504e+06
 -856.870024 8.091552e+06
 -857.008743 8.274640e+06
 -857.147463 8.459264e+06
 -857.286182 8.645824e+06
 -857.424902 8.834576e+06
 -857.563621 9.025608e+06
 -857.702341 9.218880e+06
 -857.841060 9.414176e+06
 -857.979780 9.611048e+06
 -858.118499 9.808984e+06
 -858.257218 1.000714e+07
 -858.395938 1.020458e+07
 -858.534657 1.040018e+07
 -858.673377 1.059269e+07
 -858.812096 1.078062e+07
 -858.950816 1.096248e+07
 -859.089535 1.113660e+07
 -859.228255 1.130126e+07
 -859.366974 1.145469e+07
 -859.505693 1.159508e+07
 -859.644413 1.172063e+07
 -859.783132 1.182961e+07
 -859.921852 1.192029e+07
 -860.060571 1.199106e+07
 -860.199291 1.204037e+07
 -860.338010 1.206689e+07
 -860.476730 1.206935e+07
 -860.615449 1.204669e+07
 -860.754168 1.199798e+07
 -860.892888 1.192254e+07
 -861.031607 1.181986e+07
 -861.170327 1.168958e+07
 -861.309046 1.153158e+07
 -861.447766 1.134591e+07
 -861.586485 1.113282e+07
 -861.725205 1.089272e+07
 -861.863924 1.062617e+07
 -862.002644 1.033392e+07
 -862.141363 1.001682e+07
 -862.280082 9.675888e+06
 -862.418802 9.312208e+06
 -862.557521 8.926992e+06
 -862.696241 8.521528e+06
 -862.834960 8.097208e+06
 -862.973680 7.655432e+06
 -863.112399 7.197720e+06
 -863.251119 6.725592e+06
 -863.389838 6.240640e+06
 -863.528557 5.744488e+06
 -863.667277 5.238808e+06
 -863.805996 4.725304e+06
 -863.944716 4.205688e+06
 -864.083435 3.681744e+06
 -864.222155 3.155232e+06
 -864.360874 2.628008e+06
 -864.499594 2.101880e+06
 -864.638313 1.578704e+06
 -864.777032 1.060352e+06
 -864.915752 5.486640e+05
 -865.054471 4.552000e+04
 -865.193191 -4.472720e+05
 -865.331910 -9.279280e+05
 -865.470630 -1.394728e+06
 -865.609349 -1.846000e+06
 -865.748069 -2.280168e+06
 -865.886788 -2.695768e+06
 -866.025507 -3.091456e+06
 -866.164227 -3.466000e+06
 -866.302946 -3.818376e+06
 -866.441666 -4.147656e+06
 -866.580385 -4.453112e+06
 -866.719105 -4.734176e+06
 -866.857824 -4.990456e+06
 -866.996544 -5.221784e+06
 -867.135263 -5.428104e+06
 -867.273982 -5.609560e+06
 -867.412702 -5.766472e+06
 -867.551421 -5.899288e+06
 -867.690141 -6.008632e+06
 -867.828860 -6.095256e+06
 -867.967580 -6.160056e+06
 -868.106299 -6.204016e+06
 -868.245019 -6.228232e+06
 -868.383738 -6.233936e+06
 -868.522458 -6.222392e+06
 -868.661177 -6.194968e+06
 -868.799896 -6.153064e+06
 -868.938616 -6.098176e+06
 -869.077335 -6.031800e+06
 -869.216055 -5.955480e+06
 -869.354774 -5.870736e+06
 -869.493494 -5.779120e+06
 -869.632213 -5.682160e+06
 -869.770933 -5.581344e+06
 -869.909652 -5.478128e+06
 -870.048371 -5.373912e+06
 -870.187091 -5.270040e+06
 -870.325810 -5.167744e+06
 -870.464530 -5.068232e+06
 -870.603249 -4.972536e+06
 -870.741969 -4.881616e+06
 -870.880688 -4.796336e+06
 -871.019408 -4.717408e+06
 -871.158127 -4.645440e+06
 -871.296846 -4.580888e+06
 -871.435566 -4.524096e+06
 -871.574285 -4.475272e+06
 -871.713005 -4.434512e+06
 -871.851724 -4.401784e+06
 -871.990444 -4.376928e+06
 -872.129163 -4.359728e+06
 -872.267883 -4.349816e+06
 -872.406602 -4.346768e+06
 -872.545321 -4.350112e+06
 -872.684041 -4.359288e+06
 -872.822760 -4.373752e+06
 -872.961480 -4.392864e+06
 -873.100199 -4.416032e+06
 -873.238919 -4.442640e+06
 -873.377638 -4.472104e+06
 -873.516358 -4.503832e+06
 -873.655077 -4.537336e+06
 -873.793797 -4.572096e+06
 -873.932516 -4.607664e+06
 -874.071235 -4.643632e+06
 -874.209955 -4.679624e+06
 -874.348674 -4.715344e+06
 -874.487394 -4.750496e+06
 -874.626113 -4.784800e+06
 -874.764833 -4.818040e+06
 -874.903552 -4.849992e+06
 -875.042272 -4.880432e+06
 -875.180991 -4.909136e+06
 -875.319710 -4.935848e+06
 -875.458430 -4.960320e+06
 -875.597149 -4.982280e+06
 -875.735869 -5.001352e+06
 -875.874588 -5.017192e+06
 -876.013308 -5.029376e+06
 -876.152027 -5.037408e+06
 -876.290747 -5.040800e+06
 -876.429466 -5.038968e+06
 -876.568185 -5.031296e+06
 -876.706905 -5.017144e+06
 -876.845624 -4.995816e+06
 -876.984344 -4.966632e+06
 -877.123063 -4.928848e+06
 -877.261783 -4.881792e+06
 -877.400502 -4.824784e+06
 -877.539222 -4.757152e+06
 -877.677941 -4.678320e+06
 -877.816660 -4.587760e+06
 -877.955380 -4.485024e+06
 -878.094099 -4.369768e+06
 -878.232819 -4.241752e+06
 -878.371538 -4.100856e+06
 -878.510258 -3.947096e+06
 -878.648977 -3.780560e+06
 -878.787697 -3.601536e+06
 -878.926416 -3.410392e+06
 -879.065135 -3.207600e+06
 -879.203855 -2.993752e+06
 -879.342574 -2.769512e+06
 -879.481294 -2.535608e+06
 -879.620013 -2.292848e+06
 -879.758733 -2.042016e+06
 -879.897452 -1.783984e+06
 -880.036172 -1.519552e+06
 -880.174891 -1.249536e+06
 -880.313611 -9.746960e+05
 -880.452330 -6.957520e+05
 -880.591049 -4.133680e+05
 -880.729769 -1.281280e+05
 -880.868488 1.594080e+05
 -881.007208 4.488240e+05
 -881.145927 7.397120e+05
 -881.284647 1.031712e+06
 -881.423366 1.324592e+06
 -881.562086 1.618112e+06
 -881.700805 1.912080e+06
 -881.839524 2.206352e+06
 -881.978244 2.500800e+06
 -882.116963 2.795288e+06
 -882.255683 3.089696e+06
 -882.394402 3.383880e+06
 -882.533122 3.677688e+06
 -882.671841 3.970944e+06
 -882.810561 4.263400e+06
 -882.949280 4.554784e+06
 -883.087999 4.844792e+06
 -883.226719 5.133016e+06
 -883.365438 5.419040e+06
 -883.504158 5.702368e+06
 -883.642877 5.982400e+06
 -883.781597 6.258560e+06
 -883.920316 6.530136e+06
 -884.059036 6.796416e+06
 -884.197755 7.056648e+06
 -884.336474 7.310000e+06
 -884.475194 7.555656e+06
 -884.613913 7.792752e+06
 -884.752633 8.020448e+06
 -884.891352 8.237856e+06
 -885.030072 8.444144e+06
 -885.168791 8.638504e+06
 -885.307511 8.820152e+06
 -885.446230 8.988344e+06
 -885.584949 9.142440e+06
 -885.723669 9.281816e+06
 -885.862388 9.405992e+06
 -886.001108 9.514560e+06
 -886.139827 9.607240e+06
 -886.278547 9.683848e+06
 -886.417266 9.744360e+06
 -886.555986 9.788896e+06
 -886.694705 9.817712e+06
 -886.833425 9.831176e+06
 -886.972144 9.829872e+06
 -887.110863 9.814528e+06
 -887.249583 9.785936e+06
 -887.388302 9.745096e+06
 -887.527022 9.693112e+06
 -887.665741 9.631152e+06
 -887.804461 9.560480e+06
 -887.943180 9.482400e+06
 -888.081900 9.398280e+06
 -888.220619 9.309456e+06
 -888.359338 9.217240e+06
 -888.498058 9.122864e+06
 -888.636777 9.027552e+06
 -888.775497 8.932336e+06
 -888.914216 8.838184e+06
 -889.052936 8.745880e+06
 -889.191655 8.656104e+06
 -889.330375 8.569304e+06
 -889.469094 8.485816e+06
 -889.607813 8.405760e+06
 -889.746533 8.329152e+06
 -889.885252 8.255824e+06
 -890.023972 8.185464e+06
 -890.162691 8.117672e+06
 -890.301411 8.051920e+06
 -890.440130 7.987608e+06
 -890.578850 7.924096e+06
 -890.717569 7.860704e+06
 -890.856288 7.796680e+06
 -890.995008 7.731384e+06
 -891.133727 7.664088e+06
 -891.272447 7.594192e+06
 -891.411166 7.521080e+06
 -891.549886 7.444192e+06
 -891.688605 7.363096e+06
 -891.827325 7.277344e+06
 -891.966044 7.186568e+06
 -892.104764 7.090520e+06
 -892.243483 6.988928e+06
 -892.382202 6.881616e+06
 -892.520922 6.768464e+06
 -892.659641 6.649312e+06
 -892.798361 6.524096e+06
 -892.937080 6.392744e+06
 -893.075800 6.255192e+06
 -893.214519 6.111384e+06
 -893.353239 5.961232e+06
 -893.491958 5.804688e+06
 -893.630677 5.641616e+06
 -893.769397 5.471912e+06
 -893.908116 5.295456e+06
 -894.046836 5.112040e+06
 -894.185555 4.921520e+06
 -894.324275 4.723696e+06
 -894.462994 4.518344e+06
 -894.601714 4.305264e+06
 -894.740433 4.084256e+06
 -894.879152 3.855136e+06
 -895.017872 3.617776e+06
 -895.156591 3.372040e+06
 -895.295311 3.117936e+06
 -895.434030 2.855448e+06
 -895.572750 2.584720e+06
 -895.711469 2.305960e+06
 -895.850189 2.019488e+06
 -895.988908 1.725744e+06
 -896.127627 1.425256e+06
 -896.266347 1.118688e+06
 -896.405066 8.068320e+05
 -896.543786 4.905280e+05
 -896.682505 1.707600e+05
 -896.821225 -1.514080e+05
 -896.959944 -4.748880e+05
 -897.098664 -7.984800e+05
 -897.237383 -1.120992e+06
 -897.376102 -1.441224e+06
 -897.514822 -1.757928e+06
 -897.653541 -2.069912e+06
 -897.792261 -2.376024e+06
 -897.930980 -2.675160e+06
 -898.069700 -2.966288e+06
 -898.208419 -3.248448e+06
 -898.347139 -3.520792e+06
 -898.485858 -3.782544e+06
 -898.624578 -4.033112e+06
 -898.763297 -4.271944e+06
 -898.902016 -4.498680e+06
 -899.040736 -4.713080e+06
 -899.179455 -4.914992e+06
 -899.318175 -5.104464e+06
 -899.456894 -5.281632e+06
 -899.595614 -5.446784e+06
 -899.734333 -5.600344e+06
 -899.873053 -5.742856e+06
 -900.011772 -5.874960e+06
 -900.150491 -5.997456e+06
 -900.289211 -6.111176e+06
 -900.427930 -6.217096e+06
 -900.566650 -6.316232e+06
 -900.705369 -6.409680e+06
 -900.844089 -6.498544e+06
 -900.982808 -6.584000e+06
 -901.121528 -6.667184e+06
 -901.260247 -6.749240e+06
 -901.398966 -6.831280e+06
 -901.537686 -6.914360e+06
 -901.676405 -6.999432e+06
 -901.815125 -7.087440e+06
 -901.953844 -7.179152e+06
 -902.092564 -7.275264e+06
 -902.231283 -7.376336e+06
 -902.370003 -7.482816e+06
 -902.508722 -7.595008e+06
 -902.647441 -7.713072e+06
 -902.786161 -7.837048e+06
 -902.924880 -7.966880e+06
 -903.063600 -8.102336e+06
 -903.202319 -8.243128e+06
 -903.341039 -8.388880e+06
 -903.479758 -8.539080e+06
 -903.618478 -8.693184e+06
 -903.757197 -8.850624e+06
 -903.895916 -9.010736e+06
 -904.034636 -9.172872e+06
 -904.173355 -9.336368e+06
 -904.312075 -9.500544e+06
 -904.450794 -9.664760e+06
 -904.589514 -9.828384e+06
 -904.728233 -9.990792e+06
 -904.866953 -1.015144e+07
 -905.005672 -1.030979e+07
 -905.144392 -1.046534e+07
 -905.283111 -1.061764e+07
 -905.421830 -1.076626e+07
 -905.560550 -1.091081e+07
 -905.699269 -1.105095e+07
 -905.837989 -1.118637e+07
 -905.976708 -1.131674e+07
 -906.115428 -1.144181e+07
 -906.254147 -1.156131e+07
 -906.392867 -1.167498e+07
 -906.531586 -1.178266e+07
 -906.670305 -1.188409e+07
 -906.809025 -1.197914e+07
 -906.947744 -1.206766e+07
 -907.086464 -1.214951e+07
 -907.225183 -1.222469e+07
 -907.363903 -1.229315e+07
 -907.502622 -1.235499e+07
 -907.641342 -1.241032e+07
 -907.780061 -1.245938e+07
 -907.918780 -1.250248e+07
 -908.057500 -1.254003e+07
 -908.196219 -1.257258e+07
 -908.334939 -1.260071e+07
 -908.473658 -1.262519e+07
 -908.612378 -1.264678e+07
 -908.751097 -1.266643e+07
 -908.889817 -1.268504e+07
 -909.028536 -1.270366e+07
 -909.167255 -1.272330e+07
 -909.305975 -1.274499e+07
 -909.444694 -1.276977e+07
 -909.583414 -1.279855e+07
 -909.722133 -1.283226e+07
 -909.860853 -1.287166e+07
 -909.999572 -1.291742e+07
 -910.138292 -1.297008e+07
 -910.277011 -1.303000e+07
 -910.415731 -1.309740e+07
 -910.554450 -1.317232e+07
 -910.693169 -1.325467e+07
 -910.831889 -1.334415e+07
 -910.970608 -1.344033e+07
 -911.109328 -1.354264e+07
 -911.248047 -1.365038e+07
 -911.386767 -1.376274e+07
 -911.525486 -1.387886e+07
 -911.664206 -1.399773e+07
 -911.802925 -1.411837e+07
 -911.941644 -1.423972e+07
 -912.080364 -1.436075e+07
 -912.219083 -1.448037e+07
 -912.357803 -1.459753e+07
 -912.496522 -1.471123e+07
 -912.635242 -1.482043e+07
 -912.773961 -1.492415e+07
 -912.912681 -1.502147e+07
 -913.051400 -1.511148e+07
 -913.190119 -1.519326e+07
 -913.328839 -1.526598e+07
 -913.467558 -1.532882e+07
 -913.606278 -1.538097e+07
 -913.744997 -1.542165e+07
 -913.883717 -1.545010e+07
 -914.022436 -1.546556e+07
 -914.161156 -1.546730e+07
 -914.299875 -1.545460e+07
 -914.438594 -1.542677e+07
 -914.577314 -1.538307e+07
 -914.716033 -1.532287e+07
 -914.854753 -1.524549e+07
 -914.993472 -1.515030e+07
 -915.132192 -1.503666e+07
 -915.270911 -1.490403e+07
 -915.409631 -1.475185e+07
 -915.548350 -1.457961e+07
 -915.687069 -1.438686e+07
 -915.825789 -1.417323e+07
 -915.964508 -1.393838e+07
 -916.103228 -1.368206e+07
 -916.241947 -1.340415e+07
 -916.380667 -1.310455e+07
 -916.519386 -1.278330e+07
 -916.658106 -1.244054e+07
 -916.796825 -1.207655e+07
 -916.935545 -1.169170e+07
 -917.074264 -1.128648e+07
 -917.212983 -1.086154e+07
 -917.351703 -1.041760e+07
 -917.490422 -9.955544e+06
 -917.629142 -9.476344e+06
 -917.767861 -8.981096e+06
 -917.906581 -8.470976e+06
 -918.045300 -7.947264e+06
 -918.184020 -7.411304e+06
 -918.322739 -6.864496e+06
 -918.461458 -6.308288e+06
 -918.600178 -5.744160e+06
 -918.738897 -5.173640e+06
 -918.877617 -4.598176e+06
 -919.016336 -4.019296e+06
 -919.155056 -3.438472e+06
 -919.293775 -2.857128e+06
 -919.432495 -2.276648e+06
 -919.571214 -1.698408e+06
 -919.709933 -1.123664e+06
 -919.848653 -5.536800e+05
 -919.987372 1.038400e+04
 -920.126092 5.674000e+05
 -920.264811 1.116352e+06
 -920.403531 1.656208e+06
 -920.542250 2.186056e+06
 -920.680970 2.704984e+06
 -920.819689 3.212192e+06
 -920.958408 3.706872e+06
 -921.097128 4.188272e+06
 -921.235847 4.655696e+06
 -921.374567 5.108464e+06
 -921.513286 5.545936e+06
 -921.652006 5.967496e+06
 -921.790725 6.372528e+06
 -921.929445 6.760472e+06
 -922.068164 7.130776e+06
 -922.206883 7.482872e+06
 -922.345603 7.816232e+06
 -922.484322 8.130296e+06
 -922.623042 8.424576e+06
 -922.761761 8.698496e+06
 -922.900481 8.951568e+06
 -923.039200 9.183240e+06
 -923.177920 9.392992e+06
 -923.316639 9.580272e+06
 -923.455359 9.744624e+06
 -923.594078 9.885464e+06
 -923.732797 1.000232e+07
 -923.871517 1.009470e+07
 -924.010236 1.016213e+07
 -924.148956 1.020415e+07
 -924.287675 1.022039e+07
 -924.426395 1.021043e+07
 -924.565114 1.017398e+07
 -924.703834 1.011078e+07
 -924.842553 1.002064e+07
 -924.981272 9.903488e+06
 -925.119992 9.759272e+06
 -925.258711 9.588104e+06
 -925.397431 9.390224e+06
 -925.536150 9.165952e+06
 -925.674870 8.915784e+06
 -925.813589 8.640392e+06
 -925.952309 8.340528e+06
 -926.091028 8.017216e+06
 -926.229747 7.671552e+06
 -926.368467 7.304896e+06
 -926.507186 6.918696e+06
 -926.645906 6.514648e+06
 -926.784625 6.094520e+06
 -926.923345 5.660328e+06
 -927.062064 5.214120e+06
 -927.200784 4.758136e+06
 -927.339503 4.294672e+06
 -927.478222 3.826080e+06
 -927.616942 3.354792e+06
 -927.755661 2.883232e+06
 -927.894381 2.413792e+06
 -928.033100 1.948840e+06
 -928.171820 1.490672e+06
 -928.310539 1.041472e+06
 -928.449259 6.032800e+05
 -928.587978 1.780000e+05
 -928.726698 -2.326640e+05
 -928.865417 -6.271680e+05
 -929.004136 -1.004224e+06
 -929.142856 -1.362752e+06
 -929.281575 -1.701856e+06
 -929.420295 -2.020944e+06
 -929.559014 -2.319600e+06
 -929.697734 -2.597624e+06
 -929.836453 -2.855048e+06
 -929.975173 -3.092096e+06
 -930.113892 -3.309144e+06
 -930.252611 -3.506720e+06
 -930.391331 -3.685504e+06
 -930.530050 -3.846304e+06
 -930.668770 -3.989904e+06
 -930.807489 -4.117256e+06
 -930.946209 -4.229264e+06
 -931.084928 -4.326888e+06
 -931.223648 -4.411032e+06
 -931.362367 -4.482584e+06
 -931.501086 -4.542368e+06
 -931.639806 -4.591176e+06
 -931.778525 -4.629696e+06
 -931.917245 -4.658536e+06
 -932.055964 -4.678248e+06
 -932.194684 -4.689296e+06
 -932.333403 -4.692040e+06
 -932.472123 -4.686816e+06
 -932.610842 -4.673848e+06
 -932.749561 -4.653344e+06
 -932.888281 -4.625432e+06
 -933.027000 -4.590240e+06
 -933.165720 -4.547864e+06
 -933.304439 -4.498368e+06
 -933.443159 -4.441856e+06
 -933.581878 -4.378368e+06
 -933.720598 -4.308056e+06
 -933.859317 -4.230992e+06
 -933.998036 -4.147360e+06
 -934.136756 -4.057328e+06
 -934.275475 -3.961128e+06
 -934.414195 -3.859008e+06
 -934.552914 -3.751280e+06
 -934.691634 -3.638296e+06
 -934.830353 -3.520432e+06
 -934.969073 -3.398136e+06
 -935.107792 -3.271888e+06
 -935.246512 -3.142192e+06
 -935.385231 -3.009624e+06
 -935.523950 -2.874776e+06
 -935.662670 -2.738264e+06
 -935.801389 -2.600752e+06
 -935.940109 -2.462904e+06
 -936.078828 -2.325416e+06
 -936.217548 -2.188960e+06
 -936.356267 -2.054216e+06
 -936.494987 -1.921856e+06
 -936.633706 -1.792512e+06
 -936.772425 -1.666744e+06
 -936.911145 -1.545136e+06
 -937.049864 -1.428160e+06
 -937.188584 -1.316224e+06
 -937.327303 -1.209656e+06
 -937.466023 -1.108704e+06
 -937.604742 -1.013520e+06
 -937.743462 -9.241680e+05
 -937.882181 -8.406160e+05
 -938.020900 -7.627200e+05
 -938.159620 -6.903200e+05
 -938.298339 -6.230720e+05
 -938.437059 -5.606400e+05
 -938.575778 -5.026000e+05
 -938.714498 -4.484720e+05
 -938.853217 -3.977840e+05
 -938.991937 -3.500000e+05
 -939.130656 -3.046080e+05
 -939.269375 -2.610880e+05
 -939.408095 -2.189920e+05
 -939.546814 -1.778880e+05
 -939.685534 -1.374240e+05
 -939.824253 -9.729600e+04
 -939.962973 -5.728000e+04
 -940.101692 -1.728000e+04
 -940.240412 2.271200e+04
 -940.379131 6.265600e+04
 -940.517850 1.023520e+05
 -940.656570 1.415200e+05
 -940.795289 1.797680e+05
 -940.934009 2.166640e+05
 -941.072728 2.516480e+05
 -941.211448 2.841280e+05
 -941.350167 3.134000e+05
 -941.488887 3.387840e+05
 -941.627606 3.595360e+05
 -941.766326 3.749200e+05
 -941.905045 3.841840e+05
 -942.043764 3.866000e+05
 -942.182484 3.815040e+05
 -942.321203 3.682560e+05
 -942.459923 3.463200e+05
 -942.598642 3.152000e+05
 -942.737362 2.744960e+05
 -942.876081 2.239680e+05
 -943.014801 1.634160e+05
 -943.153520 9.282400e+04
 -943.292239 1.224800e+04
 -943.430959 -7.807200e+04
 -943.569678 -1.778400e+05
 -943.708398 -2.865680e+05
 -943.847117 -4.037040e+05
 -943.985837 -5.285280e+05
 -944.124556 -6.602800e+05
 -944.263276 -7.980640e+05
 -944.401995 -9.409280e+05
 -944.540714 -1.087856e+06
 -944.679434 -1.237792e+06
 -944.818153 -1.389632e+06
 -944.956873 -1.542304e+06
 -945.095592 -1.694680e+06
 -945.234312 -1.845728e+06
 -945.373031 -1.994392e+06
 -945.511751 -2.139736e+06
 -945.650470 -2.280832e+06
 -945.789189 -2.416888e+06
 -945.927909 -2.547184e+06
 -946.066628 -2.671152e+06
 -946.205348 -2.788296e+06
 -946.344067 -2.898288e+06
 -946.482787 -3.000912e+06
 -946.621506 -3.096104e+06
 -946.760226 -3.183952e+06
 -946.898945 -3.264664e+06
 -947.037665 -3.338632e+06
 -947.176384 -3.406336e+06
 -947.315103 -3.468440e+06
 -947.453823 -3.525672e+06
 -947.592542 -3.578920e+06
 -947.731262 -3.629160e+06
 -947.869981 -3.677432e+06
 -948.008701 -3.724832e+06
 -948.147420 -3.772536e+06
 -948.286140 -3.821720e+06
 -948.424859 -3.873552e+06
 -948.563578 -3.929200e+06
 -948.702298 -3.989808e+06
 -948.841017 -4.056408e+06
 -948.979737 -4.129992e+06
 -949.118456 -4.211448e+06
 -949.257176 -4.301520e+06
 -949.395895 -4.400880e+06
 -949.534615 -4.509976e+06
 -949.673334 -4.629128e+06
 -949.812053 -4.758512e+06
 -949.950773 -4.898080e+06
 -950.089492 -5.047680e+06
 -950.228212 -5.206872e+06
 -950.366931 -5.375072e+06
 -950.505651 -5.551568e+06
 -950.644370 -5.735384e+06
 -950.783090 -5.925408e+06
 -950.921809 -6.120392e+06
 -951.060528 -6.318896e+06
 -951.199248 -6.519392e+06
 -951.337967 -6.720200e+06
 -951.476687 -6.919584e+06
 -951.615406 -7.115704e+06
 -951.754126 -7.306704e+06
 -951.892845 -7.490680e+06
 -952.031565 -7.665776e+06
 -952.170284 -7.830128e+06
 -952.309003 -7.981960e+06
 -952.447723 -8.119560e+06
 -952.586442 -8.241336e+06
 -952.725162 -8.345848e+06
 -952.863881 -8.431752e+06
 -953.002601 -8.497936e+06
 -953.141320 -8.543448e+06
 -953.280040 -8.567544e+06
 -953.418759 -8.569664e+06
 -953.557479 -8.549496e+06
 -953.696198 -8.506912e+06
 -953.834917 -8.442008e+06
 -953.973637 -8.355104e+06
 -954.112356 -8.246672e+06
 -954.251076 -8.117400e+06
 -954.389795 -7.968096e+06
 -954.528515 -7.799752e+06
 -954.667234 -7.613440e+06
 -954.805954 -7.410352e+06
 -954.944673 -7.191712e+06
 -955.083392 -6.958792e+06
 -955.222112 -6.712872e+06
 -955.360831 -6.455224e+06
 -955.499551 -6.187024e+06
 -955.638270 -5.909416e+06
 -955.776990 -5.623456e+06
 -955.915709 -5.330104e+06
 -956.054429 -5.030152e+06
 -956.193148 -4.724320e+06
 -956.331867 -4.413192e+06
 -956.470587 -4.097200e+06
 -956.609306 -3.776672e+06
 -956.748026 -3.451848e+06
 -956.886745 -3.122856e+06
 -957.025465 -2.789712e+06
 -957.164184 -2.452432e+06
 -957.302904 -2.110936e+06
 -957.441623 -1.765168e+06
 -957.580342 -1.415056e+06
 -957.719062 -1.060528e+06
 -957.857781 -7.015520e+05
 -957.996501 -3.382000e+05
 -958.135220 2.942400e+04
 -958.273940 4.011280e+05
 -958.412659 7.766400e+05
 -958.551379 1.155544e+06
 -958.690098 1.537400e+06
 -958.828817 1.921640e+06
 -958.967537 2.307592e+06
 -959.106256 2.694552e+06
 -959.244976 3.081688e+06
 -959.383695 3.468176e+06
 -959.522415 3.853152e+06
 -959.661134 4.235704e+06
 -959.799854 4.614960e+06
 -959.938573 4.990016e+06
 -960.077293 5.360056e+06
 -960.216012 5.724272e+06
 -960.354731 6.081952e+06
 -960.493451 6.432440e+06
 -960.632170 6.775168e+06
 -960.770890 7.109656e+06
 -960.909609 7.435512e+06
 -961.048329 7.752448e+06
 -961.187048 8.060288e+06
 -961.325768 8.358904e+06
 -961.464487 8.648304e+06
 -961.603206 8.928544e+06
 -961.741926 9.199776e+06
 -961.880645 9.462224e+06
 -962.019365 9.716144e+06
 -962.158084 9.961872e+06
 -962.296804 1.019978e+07
 -962.435523 1.043022e+07
 -962.574243 1.065366e+07
 -962.712962 1.087048e+07
 -962.851681 1.108114e+07
 -962.990401 1.128602e+07
 -963.129120 1.148554e+07
 -963.267840 1.168008e+07
 -963.406559 1.186997e+07
 -963.545279 1.205553e+07
 -963.683998 1.223702e+07
 -963.822718 1.241466e+07
 -963.961437 1.258863e+07
 -964.100156 1.275910e+07
 -964.238876 1.292613e+07
 -964.377595 1.308983e+07
 -964.516315 1.325023e+07
 -964.655034 1.340734e+07
 -964.793754 1.356119e+07
 -964.932473 1.371178e+07
 -965.071193 1.385914e+07
 -965.209912 1.400327e+07
 -965.348632 1.414425e+07
 -965.487351 1.428213e+07
 -965.626070 1.441701e+07
 -965.764790 1.454904e+07
 -965.903509 1.467839e+07
 -966.042229 1.480530e+07
 -966.180948 1.492998e+07
 -966.319668 1.505274e+07
 -966.458387 1.517389e+07
 -966.597107 1.529375e+07
 -966.735826 1.541266e+07
 -966.874545 1.553103e+07
 -967.013265 1.564918e+07
 -967.151984 1.576751e+07
 -967.290704 1.588633e+07
 -967.429423 1.600598e+07
 -967.568143 1.612676e+07
 -967.706862 1.624892e+07
 -967.845582 1.637269e+07
 -967.984301 1.649819e+07
 -968.123020 1.662556e+07
 -968.261740 1.675481e+07
 -968.400459 1.688591e+07
 -968.539179 1.701874e+07
 -968.677898 1.715308e+07
 -968.816618 1.728865e+07
 -968.955337 1.742506e+07
 -969.094057 1.756180e+07
 -969.232776 1.769830e+07
 -969.371495 1.783387e+07
 -969.510215 1.796770e+07
 -969.648934 1.809890e+07
 -969.787654 1.822641e+07
 -969.926373 1.834918e+07
 -970.065093 1.846598e+07
 -970.203812 1.857552e+07
 -970.342532 1.867640e+07
 -970.481251 1.876722e+07
 -970.619970 1.884644e+07
 -970.758690 1.891257e+07
 -970.897409 1.896406e+07
 -971.036129 1.899936e+07
 -971.174848 1.901697e+07
 -971.313568 1.901546e+07
 -971.452287 1.899347e+07
 -971.591007 1.894974e+07
 -971.729726 1.888317e+07
 -971.868446 1.879282e+07
 -972.007165 1.867791e+07
 -972.145884 1.853791e+07
 -972.284604 1.837248e+07
 -972.423323 1.818154e+07
 -972.562043 1.796522e+07
 -972.700762 1.772394e+07
 -972.839482 1.745834e+07
 -972.978201 1.716934e+07
 -973.116921 1.685804e+07
 -973.255640 1.652582e+07
 -973.394359 1.617425e+07
 -973.533079 1.580503e+07
 -973.671798 1.542009e+07
 -973.810518 1.502143e+07
 -973.949237 1.461121e+07
 -974.087957 1.419162e+07
 -974.226676 1.376489e+07
 -974.365396 1.333330e+07
 -974.504115 1.289910e+07
 -974.642834 1.246446e+07
 -974.781554 1.203154e+07
 -974.920273 1.160237e+07
 -975.058993 1.117890e+07
 -975.197712 1.076293e+07
 -975.336432 1.035610e+07
 -975.475151 9.959960e+06
 -975.613871 9.575872e+06
 -975.752590 9.205040e+06
 -975.891309 8.848544e+06
 -976.030029 8.507248e+06
 -976.168748 8.181928e+06
 -976.307468 7.873224e+06
 -976.446187 7.581632e+06
 -976.584907 7.307544e+06
 -976.723626 7.051264e+06
 -976.862346 6.813000e+06
 -977.001065 6.592928e+06
 -977.139785 6.391096e+06
 -977.278504 6.207576e+06
 -977.417223 6.042336e+06
 -977.555943 5.895352e+06
 -977.694662 5.766544e+06
 -977.833382 5.655800e+06
 -977.972101 5.562944e+06
 -978.110821 5.487784e+06
 -978.249540 5.430048e+06
 -978.388260 5.389392e+06
 -978.526979 5.365408e+06
 -978.665698 5.357560e+06
 -978.804418 5.365200e+06
 -978.943137 5.387584e+06
 -979.081857 5.423784e+06
 -979.220576 5.472768e+06
 -979.359296 5.533280e+06
 -979.498015 5.604000e+06
 -979.636735 5.683360e+06
 -979.775454 5.769672e+06
 -979.914173 5.861136e+06
 -980.052893 5.955736e+06
 -980.191612 6.051464e+06
 -980.330332 6.146152e+06
 -980.469051 6.237584e+06
 -980.607771 6.323528e+06
 -980.746490 6.401784e+06
 -980.885210 6.470176e+06
 -981.023929 6.526656e+06
 -981.162648 6.569216e+06
 -981.301368 6.596120e+06
 -981.440087 6.605696e+06
 -981.578807 6.596616e+06
 -981.717526 6.567688e+06
 -981.856246 6.518056e+06
 -981.994965 6.447072e+06
 -982.133685 6.354472e+06
 -982.272404 6.240152e+06
 -982.411123 6.104360e+06
 -982.549843 5.947600e+06
 -982.688562 5.770616e+06
 -982.827282 5.574408e+06
 -982.966001 5.360168e+06
 -983.104721 5.129288e+06
 -983.243440 4.883320e+06
 -983.382160 4.623960e+06
 -983.520879 4.353008e+06
 -983.659599 4.072336e+06
 -983.798318 3.783888e+06
 -983.937037 3.489648e+06
 -984.075757 3.191584e+06
 -984.214476 2.891672e+06
 -984.353196 2.591872e+06
 -984.491915 2.294072e+06
 -984.630635 2.000104e+06
 -984.769354 1.711752e+06
 -984.908074 1.430696e+06
 -985.046793 1.158544e+06
 -985.185512 8.967680e+05
 -985.324232 6.467920e+05
 -985.462951 4.099040e+05
 -985.601671 1.872960e+05
 -985.740390 -1.995200e+04
 -985.879110 -2.109040e+05
 -986.017829 -3.846720e+05
 -986.156549 -5.405280e+05
 -986.295268 -6.778320e+05
 -986.433987 -7.961040e+05
 -986.572707 -8.948800e+05
 -986.711426 -9.739280e+05
 -986.850146 -1.033048e+06
 -986.988865 -1.072200e+06
 -987.127585 -1.091408e+06
 -987.266304 -1.090880e+06
 -987.405024 -1.070856e+06
 -987.543743 -1.031744e+06
 -987.682462 -9.740240e+05
 -987.821182 -8.982800e+05
 -987.959901 -8.051520e+05
 -988.098621 -6.954240e+05
 -988.237340 -5.698880e+05
 -988.376060 -4.294160e+05
 -988.514779 -2.749520e+05
 -988.653499 -1.074080e+05
 -988.792218 7.224000e+04
 -988.930937 2.630160e+05
 -989.069657 4.639600e+05
 -989.208376 6.741600e+05
 -989.347096 8.927040e+05
 -989.485815 1.118768e+06
 -989.624535 1.351584e+06
 -989.763254 1.590464e+06
 -989.901974 1.834824e+06
 -990.040693 2.084160e+06
 -990.179413 2.338088e+06
 -990.318132 2.596368e+06
 -990.456851 2.858792e+06
 -990.595571 3.125392e+06
 -990.734290 3.396176e+06
 -990.873010 3.671360e+06
 -991.011729 3.951200e+06
 -991.150449 4.236040e+06
 -991.289168 4.526304e+06
 -991.427888 4.822392e+06
 -991.566607 5.124816e+06
 -991.705326 5.434000e+06
 -991.844046 5.750328e+06
 -991.982765 6.074152e+06
 -992.121485 6.405720e+06
 -992.260204 6.745144e+06
 -992.398924 7.092408e+06
 -992.537643 7.447304e+06
 -992.676363 7.809472e+06
 -992.815082 8.178352e+06
 -992.953801 8.553144e+06
 -993.092521 8.932896e+06
 -993.231240 9.316440e+06
 -993.369960 9.702448e+06
 -993.508679 1.008939e+07
 -993.647399 1.047562e+07
 -993.786118 1.085934e+07
 -993.924838 1.123872e+07
 -994.063557 1.161185e+07
 -994.202276 1.197682e+07
 -994.340996 1.233171e+07
 -994.479715 1.267471e+07
 -994.618435 1.300407e+07
 -994.757154 1.331821e+07
 -994.895874 1.361566e+07
 -995.034593 1.389519e+07
 -995.173313 1.415578e+07
 -995.312032 1.439664e+07
 -995.450752 1.461722e+07
 -995.589471 1.481722e+07
 -995.728190 1.499665e+07
 -995.866910 1.515571e+07
 -996.005629 1.529486e+07
 -996.144349 1.541482e+07
 -996.283068 1.551647e+07
 -996.421788 1.560093e+07
 -996.560507 1.566942e+07
 -996.699227 1.572332e+07
 -996.837946 1.576410e+07
 -996.976665 1.579325e+07
 -997.115385 1.581233e+07
 -997.254104 1.582284e+07
 -997.392824 1.582630e+07
 -997.531543 1.582408e+07
 -997.670263 1.581750e+07
 -997.808982 1.580770e+07
 -997.947702 1.579572e+07
 -998.086421 1.578243e+07
 -998.225140 1.576846e+07
 -998.363860 1.575433e+07
 -998.502579 1.574026e+07
 -998.641299 1.572642e+07
 -998.780018 1.571266e+07
 -998.918738 1.569877e+07
 -999.057457 1.568428e+07
 -999.196177 1.566869e+07
 -999.334896 1.565129e+07
 -999.473615 1.563139e+07
 -999.612335 1.560814e+07
 -999.751054 1.558077e+07
 -999.889774 1.554845e+07
-1000.028493 1.551042e+07
-1000.167213 1.546596e+07
-1000.305932 1.541450e+07
-1000.444652 1.535556e+07
-1000.583371 1.528879e+07
-1000.722090 1.521403e+07
-1000.860810 1.513124e+07
-1000.999529 1.504062e+07
-1001.138249 1.494248e+07
-1001.276968 1.483737e+07
-1001.415688 1.472593e+07
-1001.554407 1.460902e+07
-1001.693127 1.448760e+07
-1001.831846 1.436273e+07
-1001.970566 1.423562e+07
-1002.109285 1.410747e+07
-1002.248004 1.397958e+07
-1002.386724 1.385324e+07
-1002.525443 1.372974e+07
-1002.664163 1.361031e+07
-1002.802882 1.349614e+07
-1002.941602 1.338833e+07
-1003.080321 1.328785e+07
-1003.219041 1.319559e+07
-1003.357760 1.311230e+07
-1003.496479 1.303854e+07
-1003.635199 1.297474e+07
-1003.773918 1.292124e+07
-1003.912638 1.287814e+07
-1004.051357 1.284542e+07
-1004.190077 1.282292e+07
-1004.328796 1.281034e+07
-1004.467516 1.280726e+07
-1004.606235 1.281314e+07
-1004.744954 1.282734e+07
-1004.883674 1.284915e+07
-1005.022393 1.287777e+07
-1005.161113 1.291235e+07
-1005.299832 1.295199e+07
-1005.438552 1.299578e+07
-1005.577271 1.304276e+07
-1005.715991 1.309198e+07
-1005.854710 1.314249e+07
-1005.993429 1.319331e+07
-1006.132149 1.324351e+07
-1006.270868 1.329218e+07
-1006.409588 1.333842e+07
-1006.548307 1.338133e+07
-1006.687027 1.342010e+07
-1006.825746 1.345393e+07
-1006.964466 1.348203e+07
-1007.103185 1.350372e+07
-1007.241904 1.351831e+07
-1007.380624 1.352525e+07
-1007.519343 1.352394e+07
-1007.658063 1.351394e+07
-1007.796782 1.349489e+07
-1007.935502 1.346640e+07
-1008.074221 1.342825e+07
-1008.212941 1.338024e+07
-1008.351660 1.332230e+07
-1008.490380 1.325432e+07
-1008.629099 1.317633e+07
-1008.767818 1.308838e+07
-1008.906538 1.299052e+07
-1009.045257 1.288290e+07
-1009.183977 1.276564e+07
-1009.322696 1.263886e+07
-1009.461416 1.250270e+07
-1009.600135 1.235730e+07
-1009.738855 1.220278e+07
-1009.877574 1.203928e+07
-1010.016293 1.186687e+07
-1010.155013 1.168570e+07
-1010.293732 1.149588e+07
-1010.432452 1.129753e+07
-1010.571171 1.109078e+07
-1010.709891 1.087586e+07
-1010.848610 1.065294e+07
-1010.987330 1.042234e+07
-1011.126049 1.018434e+07
-1011.264768 9.939376e+06
-1011.403488 9.687896e+06
-1011.542207 9.430448e+06
-1011.680927 9.167632e+06
-1011.819646 8.900120e+06
-1011.958366 8.628656e+06
-1012.097085 8.354064e+06
-1012.235805 8.077176e+06
-1012.374524 7.798888e+06
-1012.513243 7.520144e+06
-1012.651963 7.241872e+06
-1012.790682 6.965016e+06
-1012.929402 6.690552e+06
-1013.068121 6.419416e+06
-1013.206841 6.152528e+06
-1013.345560 5.890760e+06
-1013.484280 5.634960e+06
-1013.622999 5.385912e+06
-1013.761719 5.144368e+06
-1013.900438 4.910976e+06
-1014.039157 4.686344e+06
-1014.177877 4.471024e+06
-1014.316596 4.265440e+06
-1014.455316 4.069976e+06
-1014.594035 3.884928e+06
-1014.732755 3.710520e+06
-1014.871474 3.546840e+06
-1015.010194 3.393952e+06
-1015.148913 3.251816e+06
-1015.287632 3.120264e+06
-1015.426352 2.999112e+06
-1015.565071 2.888016e+06
-1015.703791 2.786568e+06
-1015.842510 2.694320e+06
-1015.981230 2.610664e+06
-1016.119949 2.534928e+06
-1016.258669 2.466400e+06
-1016.397388 2.404224e+06
-1016.536107 2.347520e+06
-1016.674827 2.295272e+06
-1016.813546 2.246488e+06
-1016.952266 2.200072e+06
-1017.090985 2.154872e+06
-1017.229705 2.109760e+06
-1017.368424 2.063520e+06
-1017.507144 2.014968e+06
-1017.645863 1.962920e+06
-1017.784582 1.906256e+06
-1017.923302 1.843848e+06
-1018.062021 1.774664e+06
-1018.200741 1.697712e+06
-1018.339460 1.612168e+06
-1018.478180 1.517224e+06
-1018.616899 1.412264e+06
-1018.755619 1.296760e+06
-1018.894338 1.170360e+06
-1019.033057 1.032824e+06
-1019.171777 8.840800e+05
-1019.310496 7.242160e+05
-1019.449216 5.534320e+05
-1019.587935 3.721200e+05
-1019.726655 1.807440e+05
-1019.865374 -2.004800e+04
-1020.004094 -2.295280e+05
-1020.142813 -4.468560e+05
-1020.281533 -6.711280e+05
-1020.420252 -9.013440e+05
-1020.558971 -1.136472e+06
-1020.697691 -1.375432e+06
-1020.836410 -1.617152e+06
-1020.975130 -1.860512e+06
-1021.113849 -2.104448e+06
-1021.252569 -2.347872e+06
-1021.391288 -2.589768e+06
-1021.530008 -2.829144e+06
-1021.668727 -3.065088e+06
-1021.807446 -3.296704e+06
-1021.946166 -3.523200e+06
-1022.084885 -3.743880e+06
-1022.223605 -3.958080e+06
-1022.362324 -4.165248e+06
-1022.501044 -4.364968e+06
-1022.639763 -4.556864e+06
-1022.778483 -4.740736e+06
-1022.917202 -4.916424e+06
-1023.055921 -5.083952e+06
-1023.194641 -5.243440e+06
-1023.333360 -5.395136e+06
-1023.472080 -5.539424e+06
-1023.610799 -5.676800e+06
-1023.749519 -5.807920e+06
-1023.888238 -5.933520e+06
-1024.026958 -6.054464e+06
-1024.165677 -6.171728e+06
-1024.304396 -6.286376e+06
-1024.443116 -6.399520e+06
-1024.581835 -6.512352e+06
-1024.720555 -6.626096e+06
-1024.859274 -6.741944e+06
-1024.997994 -6.861120e+06
-1025.136713 -6.984792e+06
-1025.275433 -7.114072e+06
-1025.414152 -7.249952e+06
-1025.552871 -7.393328e+06
-1025.691591 -7.544976e+06
-1025.830310 -7.705520e+06
-1025.969030 -7.875384e+06
-1026.107749 -8.054848e+06
-1026.246469 -8.243976e+06
-1026.385188 -8.442640e+06
-1026.523908 -8.650544e+06
-1026.662627 -8.867160e+06
-1026.801347 -9.091800e+06
-1026.940066 -9.323584e+06
-1027.078785 -9.561496e+06
-1027.217505 -9.804328e+06
-1027.356224 -1.005082e+07
-1027.494944 -1.029954e+07
-1027.633663 -1.054900e+07
-1027.772383 -1.079763e+07
-1027.911102 -1.104389e+07
-1028.049822 -1.128617e+07
-1028.188541 -1.152288e+07
-1028.327260 -1.175250e+07
-1028.465980 -1.197354e+07
-1028.604699 -1.218455e+07
-1028.743419 -1.238425e+07
-1028.882138 -1.257137e+07
-1029.020858 -1.274482e+07
-1029.159577 -1.290361e+07
-1029.298297 -1.304683e+07
-1029.437016 -1.317375e+07
-1029.575735 -1.328374e+07
-1029.714455 -1.337630e+07
-1029.853174 -1.345101e+07
-1029.991894 -1.350762e+07
-1030.130613 -1.354593e+07
-1030.269333 -1.356587e+07
-1030.408052 -1.356746e+07
-1030.546772 -1.355078e+07
-1030.685491 -1.351599e+07
-1030.824210 -1.346333e+07
-1030.962930 -1.339305e+07
-1031.101649 -1.330550e+07
-1031.240369 -1.320102e+07
-1031.379088 -1.308006e+07
-1031.517808 -1.294305e+07
-1031.656527 -1.279046e+07
-1031.795247 -1.262277e+07
-1031.933966 -1.244054e+07
-1032.072686 -1.224431e+07
-1032.211405 -1.203468e+07
-1032.350124 -1.181223e+07
-1032.488844 -1.157762e+07
-1032.627563 -1.133146e+07
-1032.766283 -1.107444e+07
-1032.905002 -1.080722e+07
-1033.043722 -1.053052e+07
-1033.182441 -1.024500e+07
-1033.321161 -9.951320e+06
-1033.459880 -9.650168e+06
-1033.598599 -9.342200e+06
-1033.737319 -9.027992e+06
-1033.876038 -8.708120e+06
-1034.014758 -8.383128e+06
-1034.153477 -8.053496e+06
-1034.292197 -7.719632e+06
-1034.430916 -7.381952e+06
-1034.569636 -7.040728e+06
-1034.708355 -6.696280e+06
-1034.847074 -6.348832e+06
-1034.985794 -5.998536e+06
-1035.124513 -5.645576e+06
-1035.263233 -5.290080e+06
-1035.401952 -4.932144e+06
-1035.540672 -4.571848e+06
-1035.679391 -4.209280e+06
-1035.818111 -3.844488e+06
-1035.956830 -3.477536e+06
-1036.095549 -3.108488e+06
-1036.234269 -2.737408e+06
-1036.372988 -2.364328e+06
-1036.511708 -1.989304e+06
-1036.650427 -1.612392e+06
-1036.789147 -1.233632e+06
-1036.927866 -8.530720e+05
-1037.066586 -4.707280e+05
-1037.205305 -8.668800e+04
-1037.344024 2.990400e+05
-1037.482744 6.863840e+05
-1037.621463 1.075256e+06
-1037.760183 1.465544e+06
-1037.898902 1.857120e+06
-1038.037622 2.249792e+06
-1038.176341 2.643312e+06
-1038.315061 3.037376e+06
-1038.453780 3.431632e+06
-1038.592500 3.825632e+06
-1038.731219 4.218840e+06
-1038.869938 4.610672e+06
-1039.008658 5.000432e+06
-1039.147377 5.387384e+06
-1039.286097 5.770680e+06
-1039.424816 6.149400e+06
-1039.563536 6.522640e+06
-1039.702255 6.889360e+06
-1039.840975 7.248536e+06
-1039.979694 7.599104e+06
-1040.118413 7.939960e+06
-1040.257133 8.270064e+06
-1040.395852 8.588312e+06
-1040.534572 8.893640e+06
-1040.673291 9.185024e+06
-1040.812011 9.461512e+06
-1040.950730 9.722112e+06
-1041.089450 9.965944e+06
-1041.228169 1.019220e+07
-1041.366888 1.040009e+07
-1041.505608 1.058894e+07
-1041.644327 1.075811e+07
-1041.783047 1.090710e+07
-1041.921766 1.103545e+07
-1042.060486 1.114281e+07
-1042.199205 1.122896e+07
-1042.337925 1.129374e+07
-1042.476644 1.133716e+07
-1042.615363 1.135930e+07
-1042.754083 1.136042e+07
-1042.892802 1.134087e+07
-1043.031522 1.130117e+07
-1043.170241 1.124197e+07
-1043.308961 1.116405e+07
-1043.447680 1.106832e+07
-1043.586400 1.095584e+07
-1043.725119 1.082778e+07
-1043.863838 1.068542e+07
-1044.002558 1.053011e+07
-1044.141277 1.036333e+07
-1044.279997 1.018657e+07
-1044.418716 1.000139e+07
-1044.557436 9.809352e+06
-1044.696155 9.612048e+06
-1044.834875 9.410992e+06
-1044.973594 9.207704e+06
-1045.112314 9.003600e+06
-1045.251033 8.800064e+06
-1045.389752 8.598344e+06
-1045.528472 8.399608e+06
-1045.667191 8.204880e+06
-1045.805911 8.015080e+06
-1045.944630 7.830976e+06
-1046.083350 7.653256e+06
-1046.222069 7.482384e+06
-1046.360789 7.318792e+06
-1046.499508 7.162720e+06
-1046.638227 7.014304e+06
-1046.776947 6.873584e+06
-1046.915666 6.740496e+06
-1047.054386 6.614880e+06
-1047.193105 6.496464e+06
-1047.331825 6.384920e+06
-1047.470544 6.279880e+06
-1047.609264 6.180920e+06
-1047.747983 6.087544e+06
-1047.886702 5.999224e+06
-1048.025422 5.915488e+06
-1048.164141 5.835744e+06
-1048.302861 5.759472e+06
-1048.441580 5.686144e+06
-1048.580300 5.615224e+06
-1048.719019 5.546216e+06
-1048.857739 5.478616e+06
-1048.996458 5.411968e+06
-1049.135177 5.345840e+06
-1049.273897 5.279800e+06
-1049.412616 5.213472e+06
-1049.551336 5.146496e+06
-1049.690055 5.078496e+06
-1049.828775 5.009152e+06
-1049.967494 4.938160e+06
-1050.106214 4.865208e+06
-1050.244933 4.790056e+06
-1050.383653 4.712440e+06
-1050.522372 4.632120e+06
-1050.661091 4.548928e+06
-1050.799811 4.462704e+06
-1050.938530 4.373344e+06
-1051.077250 4.280832e+06
-1051.215969 4.185152e+06
-1051.354689 4.086392e+06
-1051.493408 3.984720e+06
-1051.632128 3.880416e+06
-1051.770847 3.773768e+06
-1051.909566 3.665232e+06
-1052.048286 3.555312e+06
-1052.187005 3.444568e+06
-1052.325725 3.333696e+06
-1052.464444 3.223416e+06
-1052.603164 3.114544e+06
-1052.741883 3.007912e+06
-1052.880603 2.904360e+06
-1053.019322 2.804800e+06
-1053.158041 2.710088e+06
-1053.296761 2.621112e+06
-1053.435480 2.538664e+06
-1053.574200 2.463528e+06
-1053.712919 2.396416e+06
-1053.851639 2.337912e+06
-1053.990358 2.288520e+06
-1054.129078 2.248680e+06
-1054.267797 2.218680e+06
-1054.406516 2.198672e+06
-1054.545236 2.188712e+06
-1054.683955 2.188736e+06
-1054.822675 2.198536e+06
-1054.961394 2.217800e+06
-1055.100114 2.246152e+06
-1055.238833 2.283016e+06
-1055.377553 2.327856e+06
-1055.516272 2.379968e+06
-1055.654991 2.438616e+06
-1055.793711 2.503032e+06
-1055.932430 2.572368e+06
-1056.071150 2.645816e+06
-1056.209869 2.722480e+06
-1056.348589 2.801504e+06
-1056.487308 2.882032e+06
-1056.626028 2.963232e+06
-1056.764747 3.044264e+06
-1056.903467 3.124368e+06
-1057.042186 3.202816e+06
-1057.180905 3.278888e+06
-1057.319625 3.351984e+06
-1057.458344 3.421512e+06
-1057.597064 3.486984e+06
-1057.735783 3.547928e+06
-1057.874503 3.604016e+06
-1058.013222 3.654912e+06
-1058.151942 3.700400e+06
-1058.290661 3.740336e+06
-1058.429380 3.774584e+06
-1058.568100 3.803152e+06
-1058.706819 3.826040e+06
-1058.845539 3.843320e+06
-1058.984258 3.855112e+06
-1059.122978 3.861528e+06
-1059.261697 3.862768e+06
-1059.400417 3.859016e+06
-1059.539136 3.850464e+06
-1059.677855 3.837304e+06
-1059.816575 3.819736e+06
-1059.955294 3.797928e+06
-1060.094014 3.772032e+06
-1060.232733 3.742208e+06
-1060.371453 3.708560e+06
-1060.510172 3.671152e+06
-1060.648892 3.630032e+06
-1060.787611 3.585240e+06
-1060.926330 3.536784e+06
-1061.065050 3.484624e+06
-1061.203769 3.428744e+06
-1061.342489 3.369080e+06
-1061.481208 3.305576e+06
-1061.619928 3.238184e+06
-1061.758647 3.166824e+06
-1061.897367 3.091496e+06
-1062.036086 3.012144e+06
-1062.174805 2.928816e+06
-1062.313525 2.841512e+06
-1062.452244 2.750304e+06
-1062.590964 2.655344e+06
-1062.729683 2.556752e+06
-1062.868403 2.454760e+06
-1063.007122 2.349640e+06
-1063.145842 2.241704e+06
-1063.284561 2.131352e+06
-1063.423281 2.018992e+06
-1063.562000 1.905176e+06
-1063.700719 1.790464e+06
-1063.839439 1.675416e+06
-1063.978158 1.560704e+06
-1064.116878 1.447016e+06
-1064.255597 1.335056e+06
-1064.394317 1.225552e+06
-1064.533036 1.119192e+06
-1064.671756 1.016696e+06
-1064.810475 9.186880e+05
-1064.949194 8.258000e+05
-1065.087914 7.385360e+05
-1065.226633 6.573840e+05
-1065.365353 5.827040e+05
-1065.504072 5.147280e+05
-1065.642792 4.536480e+05
-1065.781511 3.994800e+05
-1065.920231 3.521840e+05
-1066.058950 3.115440e+05
-1066.197669 2.773120e+05
-1066.336389 2.490720e+05
-1066.475108 2.263840e+05
-1066.613828 2.087440e+05
-1066.752547 1.955280e+05
-1066.891267 1.861280e+05
-1067.029986 1.799120e+05
-1067.168706 1.762320e+05
-1067.307425 1.744480e+05
-1067.446144 1.739520e+05
-1067.584864 1.741680e+05
-1067.723583 1.745600e+05
-1067.862303 1.746640e+05
-1068.001022 1.740320e+05
-1068.139742 1.722720e+05
-1068.278461 1.690640e+05
-1068.417181 1.641120e+05
-1068.555900 1.571520e+05
-1068.694620 1.479440e+05
-1068.833339 1.362640e+05
-1068.972058 1.218640e+05
-1069.110778 1.045120e+05
-1069.249497 8.392800e+04
-1069.388217 5.982400e+04
-1069.526936 3.184800e+04
-1069.665656 -3.600000e+02
-1069.804375 -3.724000e+04
-1069.943095 -7.921600e+04
-1070.081814 -1.267920e+05
-1070.220533 -1.804480e+05
-1070.359253 -2.407120e+05
-1070.497972 -3.080880e+05
-1070.636692 -3.830800e+05
-1070.775411 -4.661440e+05
-1070.914131 -5.577280e+05
-1071.052850 -6.582160e+05
-1071.191570 -7.679600e+05
-1071.330289 -8.872400e+05
-1071.469008 -1.016264e+06
-1071.607728 -1.155224e+06
-1071.746447 -1.304232e+06
-1071.885167 -1.463352e+06
-1072.023886 -1.632592e+06
-1072.162606 -1.811968e+06
-1072.301325 -2.001400e+06
-1072.440045 -2.200792e+06
-1072.578764 -2.410080e+06
-1072.717483 -2.629080e+06
-1072.856203 -2.857648e+06
-1072.994922 -3.095568e+06
-1073.133642 -3.342600e+06
-1073.272361 -3.598464e+06
-1073.411081 -3.862816e+06
-1073.549800 -4.135224e+06
-1073.688520 -4.415232e+06
-1073.827239 -4.702232e+06
-1073.965958 -4.995600e+06
-1074.104678 -5.294592e+06
-1074.243397 -5.598320e+06
-1074.382117 -5.905888e+06
-1074.520836 -6.216248e+06
-1074.659556 -6.528320e+06
-1074.798275 -6.840928e+06
-1074.936995 -7.152840e+06
-1075.075714 -7.462848e+06
-1075.214434 -7.769624e+06
-1075.353153 -8.071944e+06
-1075.491872 -8.368568e+06
-1075.630592 -8.658304e+06
-1075.769311 -8.940024e+06
-1075.908031 -9.212696e+06
-1076.046750 -9.475368e+06
-1076.185470 -9.727208e+06
-1076.324189 -9.967464e+06
-1076.462909 -1.019558e+07
-1076.601628 -1.041110e+07
-1076.740347 -1.061366e+07
-1076.879067 -1.080307e+07
-1077.017786 -1.097928e+07
-1077.156506 -1.114231e+07
-1077.295225 -1.129234e+07
-1077.433945 -1.142967e+07
-1077.572664 -1.155469e+07
-1077.711384 -1.166788e+07
-1077.850103 -1.176986e+07
-1077.988822 -1.186125e+07
-1078.127542 -1.194282e+07
-1078.266261 -1.201541e+07
-1078.404981 -1.207987e+07
-1078.543700 -1.213714e+07
-1078.682420 -1.218817e+07
-1078.821139 -1.223394e+07
-1078.959859 -1.227548e+07
-1079.098578 -1.231378e+07
-1079.237297 -1.234983e+07
-1079.376017 -1.238462e+07
-1079.514736 -1.241912e+07
-1079.653456 -1.245415e+07
-1079.792175 -1.249060e+07
-1079.930895 -1.252922e+07
-1080.069614 -1.257071e+07
-1080.208334 -1.261567e+07
-1080.347053 -1.266464e+07
-1080.485772 -1.271806e+07
-1080.624492 -1.277627e+07
-1080.763211 -1.283954e+07
-1080.901931 -1.290805e+07
-1081.040650 -1.298192e+07
-1081.179370 -1.306114e+07
-1081.318089 -1.314570e+07
-1081.456809 -1.323551e+07
-1081.595528 -1.333041e+07
-1081.734248 -1.343022e+07
-1081.872967 -1.353474e+07
-1082.011686 -1.364368e+07
-1082.150406 -1.375678e+07
-1082.289125 -1.387376e+07
-1082.427845 -1.399431e+07
-1082.566564 -1.411814e+07
-1082.705284 -1.424494e+07
-1082.844003 -1.437442e+07
-1082.982723 -1.450625e+07
-1083.121442 -1.464014e+07
-1083.260161 -1.477578e+07
-1083.398881 -1.491289e+07
-1083.537600 -1.505116e+07
-1083.676320 -1.519030e+07
-1083.815039 -1.532998e+07
-1083.953759 -1.546990e+07
-1084.092478 -1.560972e+07
-1084.231198 -1.574906e+07
-1084.369917 -1.588755e+07
-1084.508636 -1.602479e+07
-1084.647356 -1.616032e+07
-1084.786075 -1.629364e+07
-1084.924795 -1.642425e+07
-1085.063514 -1.655153e+07
-1085.202234 -1.667488e+07
-1085.340953 -1.679363e+07
-1085.479673 -1.690704e+07
-1085.618392 -1.701436e+07
-1085.757111 -1.711476e+07
-1085.895831 -1.720742e+07
-1086.034550 -1.729144e+07
-1086.173270 -1.736591e+07
-1086.311989 -1.742995e+07
-1086.450709 -1.748262e+07
-1086.589428 -1.752302e+07
-1086.728148 -1.755026e+07
-1086.866867 -1.756352e+07
-1087.005587 -1.756198e+07
-1087.144306 -1.754491e+07
-1087.283025 -1.751165e+07
-1087.421745 -1.746160e+07
-1087.560464 -1.739430e+07
-1087.699184 -1.730935e+07
-1087.837903 -1.720650e+07
-1087.976623 -1.708558e+07
-1088.115342 -1.694655e+07
-1088.254062 -1.678953e+07
-1088.392781 -1.661468e+07
-1088.531500 -1.642236e+07
-1088.670220 -1.621296e+07
-1088.808939 -1.598703e+07
-1088.947659 -1.574518e+07
-1089.086378 -1.548812e+07
-1089.225098 -1.521661e+07
-1089.363817 -1.493149e+07
-1089.502537 -1.463362e+07
-1089.641256 -1.432388e+07
-1089.779975 -1.400324e+07
-1089.918695 -1.367262e+07
-1090.057414 -1.333299e+07
-1090.196134 -1.298528e+07
-1090.334853 -1.263047e+07
-1090.473573 -1.226949e+07
-1090.612292 -1.190330e+07
-1090.751012 -1.153285e+07
-1090.889731 -1.115908e+07
-1091.028450 -1.078296e+07
-1091.167170 -1.040546e+07
-1091.305889 -1.002753e+07
-1091.444609 -9.650184e+06
-1091.583328 -9.274472e+06
-1091.722048 -8.901368e+06
-1091.860767 -8.532000e+06
-1091.999487 -8.167432e+06
-1092.138206 -7.808816e+06
-1092.276925 -7.457272e+06
-1092.415645 -7.114016e+06
-1092.554364 -6.780232e+06
-1092.693084 -6.457176e+06
-1092.831803 -6.146064e+06
-1092.970523 -5.848208e+06
-1093.109242 -5.564872e+06
-1093.247962 -5.297344e+06
-1093.386681 -5.046928e+06
-1093.525401 -4.814872e+06
-1093.664120 -4.602464e+06
-1093.802839 -4.410920e+06
-1093.941559 -4.241376e+06
-1094.080278 -4.094984e+06
-1094.218998 -3.972752e+06
-1094.357717 -3.875640e+06
-1094.496437 -3.804432e+06
-1094.635156 -3.759832e+06
-1094.773876 -3.742368e+06
-1094.912595 -3.752424e+06
-1095.051314 -3.790176e+06
-1095.190034 -3.855648e+06
-1095.328753 -3.948608e+06
-1095.467473 -4.068696e+06
-1095.606192 -4.215264e+06
-1095.744912 -4.387552e+06
-1095.883631 -4.584528e+06
-1096.022351 -4.805000e+06
-1096.161070 -5.047616e+06
-1096.299789 -5.310832e+06
-1096.438509 -5.592992e+06
-1096.577228 -5.892312e+06
-1096.715948 -6.206872e+06
-1096.854667 -6.534704e+06
-1096.993387 -6.873760e+06
-1097.132106 -7.221952e+06
-1097.270826 -7.577168e+06
-1097.409545 -7.937296e+06
-1097.548264 -8.300176e+06
-1097.686984 -8.663752e+06
-1097.825703 -9.025936e+06
-1097.964423 -9.384680e+06
-1098.103142 -9.738016e+06
-1098.241862 -1.008398e+07
-1098.380581 -1.042070e+07
-1098.519301 -1.074630e+07
-1098.658020 -1.105902e+07
-1098.796739 -1.135714e+07
-1098.935459 -1.163894e+07
-1099.074178 -1.190280e+07
-1099.212898 -1.214719e+07
-1099.351617 -1.237054e+07
-1099.490337 -1.257143e+07
-1099.629056 -1.274849e+07
-1099.767776 -1.290038e+07
-1099.906495 -1.302589e+07
-1100.045215 -1.312387e+07
-1100.183934 -1.319333e+07
-1100.322653 -1.323334e+07
-1100.461373 -1.324314e+07
-1100.600092 -1.322209e+07
-1100.738812 -1.316971e+07
-1100.877531 -1.308576e+07
-1101.016251 -1.297008e+07
-1101.154970 -1.282277e+07
-1101.293690 -1.264410e+07
-1101.432409 -1.243459e+07
-1101.571128 -1.219490e+07
-1101.709848 -1.192597e+07
-1101.848567 -1.162887e+07
-1101.987287 -1.130490e+07
-1102.126006 -1.095550e+07
-1102.264726 -1.058230e+07
-1102.403445 -1.018707e+07
-1102.542165 -9.771664e+06
-1102.680884 -9.338056e+06
-1102.819603 -8.888248e+06
-1102.958323 -8.424288e+06
-1103.097042 -7.948280e+06
-1103.235762 -7.462256e+06
-1103.374481 -6.968208e+06
-1103.513201 -6.468096e+06
-1103.651920 -5.963824e+06
-1103.790640 -5.457120e+06
-1103.929359 -4.949672e+06
-1104.068078 -4.443048e+06
-1104.206798 -3.938688e+06
-1104.345517 -3.437912e+06
-1104.484237 -2.941936e+06
-1104.622956 -2.451880e+06
-1104.761676 -1.968736e+06
-1104.900395 -1.493416e+06
-1105.039115 -1.026776e+06
-1105.177834 -5.695840e+05
-1105.316554 -1.225280e+05
-1105.455273 3.137600e+05
-1105.593992 7.386640e+05
-1105.732712 1.151656e+06
-1105.871431 1.552216e+06
-1106.010151 1.939896e+06
-1106.148870 2.314248e+06
-1106.287590 2.674888e+06
-1106.426309 3.021504e+06
-1106.565029 3.353808e+06
-1106.703748 3.671576e+06
-1106.842467 3.974656e+06
-1106.981187 4.262952e+06
-1107.119906 4.536488e+06
-1107.258626 4.795304e+06
-1107.397345 5.039568e+06
-1107.536065 5.269520e+06
-1107.674784 5.485512e+06
-1107.813504 5.687960e+06
-1107.952223 5.877360e+06
-1108.090942 6.054328e+06
-1108.229662 6.219560e+06
-1108.368381 6.373824e+06
-1108.507101 6.517992e+06
-1108.645820 6.652960e+06
-1108.784540 6.779736e+06
-1108.923259 6.899384e+06
-1109.061979 7.013032e+06
-1109.200698 7.121832e+06
-1109.339417 7.227000e+06
-1109.478137 7.329744e+06
-1109.616856 7.431336e+06
-1109.755576 7.533008e+06
-1109.894295 7.636024e+06
-1110.033015 7.741568e+06
-1110.171734 7.850824e+06
-1110.310454 7.964872e+06
-1110.449173 8.084736e+06
-1110.587892 8.211304e+06
-1110.726612 8.345360e+06
-1110.865331 8.487536e+06
-1111.004051 8.638304e+06
-1111.142770 8.797936e+06
-1111.281490 8.966528e+06
-1111.420209 9.143992e+06
-1111.558929 9.329968e+06
-1111.697648 9.523920e+06
-1111.836368 9.725096e+06
-1111.975087 9.932504e+06
-1112.113806 1.014496e+07
-1112.252526 1.036111e+07
-1112.391245 1.057938e+07
-1112.529965 1.079806e+07
-1112.668684 1.101532e+07
-1112.807404 1.122922e+07
-1112.946123 1.143771e+07
-1113.084843 1.163872e+07
-1113.223562 1.183018e+07
-1113.362281 1.200997e+07
-1113.501001 1.217607e+07
-1113.639720 1.232650e+07
-1113.778440 1.245937e+07
-1113.917159 1.257296e+07
-1114.055879 1.266559e+07
-1114.194598 1.273585e+07
-1114.333318 1.278246e+07
-1114.472037 1.280430e+07
-1114.610756 1.280052e+07
-1114.749476 1.277042e+07
-1114.888195 1.271357e+07
-1115.026915 1.262970e+07
-1115.165634 1.251883e+07
-1115.304354 1.238116e+07
-1115.443073 1.221715e+07
-1115.581793 1.202743e+07
-1115.720512 1.181293e+07
-1115.859231 1.157471e+07
-1115.997951 1.131411e+07
-1116.136670 1.103262e+07
-1116.275390 1.073194e+07
-1116.414109 1.041394e+07
-1116.552829 1.008062e+07
-1116.691548 9.734128e+06
-1116.830268 9.376784e+06
-1116.968987 9.010904e+06
-1117.107706 8.638928e+06
-1117.246426 8.263304e+06
-1117.385145 7.886496e+06
-1117.523865 7.510960e+06
-1117.662584 7.139080e+06
-1117.801304 6.773168e+06
-1117.940023 6.415408e+06
-1118.078743 6.067904e+06
-1118.217462 5.732568e+06
-1118.356182 5.411168e+06
-1118.494901 5.105272e+06
-1118.633620 4.816272e+06
-1118.772340 4.545360e+06
-1118.911059 4.293536e+06
-1119.049779 4.061584e+06
-1119.188498 3.850088e+06
-1119.327218 3.659480e+06
-1119.465937 3.489984e+06
-1119.604657 3.341640e+06
-1119.743376 3.214360e+06
-1119.882095 3.107904e+06
-1120.020815 3.021896e+06
-1120.159534 2.955832e+06
-1120.298254 2.909136e+06
-1120.436973 2.881088e+06
-1120.575693 2.870920e+06
-1120.714412 2.877776e+06
-1120.853132 2.900736e+06
-1120.991851 2.938808e+06
-1121.130570 2.990992e+06
-1121.269290 3.056224e+06
-1121.408009 3.133376e+06
-1121.546729 3.221344e+06
-1121.685448 3.318976e+06
-1121.824168 3.425120e+06
-1121.962887 3.538608e+06
-1122.101607 3.658312e+06
-1122.240326 3.783064e+06
-1122.379045 3.911792e+06
-1122.517765 4.043416e+06
-1122.656484 4.176952e+06
-1122.795204 4.311448e+06
-1122.933923 4.446032e+06
-1123.072643 4.579920e+06
-1123.211362 4.712440e+06
-1123.350082 4.843008e+06
-1123.488801 4.971152e+06
-1123.627521 5.096512e+06
-1123.766240 5.218864e+06
-1123.904959 5.338048e+06
-1124.043679 5.454048e+06
-1124.182398 5.566920e+06
-1124.321118 5.676832e+06
-1124.459837 5.784000e+06
-1124.598557 5.888752e+06
-1124.737276 5.991384e+06
-1124.875996 6.092312e+06
-1125.014715 6.191928e+06
-1125.153434 6.290608e+06
-1125.292154 6.388776e+06
-1125.430873 6.486816e+06
-1125.569593 6.585048e+06
-1125.708312 6.683840e+06
-1125.847032 6.783472e+06
-1125.985751 6.884192e+06
-1126.124471 6.986240e+06
-1126.263190 7.089800e+06
-1126.401909 7.195040e+06
-1126.540629 7.302096e+06
-1126.679348 7.411112e+06
-1126.818068 7.522168e+06
-1126.956787 7.635376e+06
-1127.095507 7.750808e+06
-1127.234226 7.868576e+06
-1127.372946 7.988744e+06
-1127.511665 8.111360e+06
-1127.650384 8.236496e+06
-1127.789104 8.364144e+06
-1127.927823 8.494328e+06
-1128.066543 8.626976e+06
-1128.205262 8.762008e+06
-1128.343982 8.899264e+06
-1128.482701 9.038552e+06
-1128.621421 9.179536e+06
-1128.760140 9.321848e+06
-1128.898859 9.465064e+06
-1129.037579 9.608584e+06
-1129.176298 1.458122e+07
