 1129.176298 -9.540240e+05
 1129.037579 -8.861200e+05
 1128.898859 -8.136080e+05
 1128.760140 -7.364240e+05
 1128.621421 -6.545680e+05
 1128.482701 -5.680560e+05
 1128.343982 -4.770080e+05
 1128.205262 -3.815040e+05
 1128.066543 -2.817600e+05
 1127.927823 -1.779760e+05
 1127.789104 -7.044000e+04
 1127.650384 4.053600e+04
 1127.511665 1.545840e+05
 1127.372946 2.712800e+05
 1127.234226 3.901920e+05
 1127.095507 5.107840e+05
 1126.956787 6.325120e+05
 1126.818068 7.548160e+05
 1126.679348 8.770240e+05
 1126.540629 9.984960e+05
 1126.401909 1.118472e+06
 1126.263190 1.236224e+06
 1126.124471 1.350944e+06
 1125.985751 1.461784e+06
 1125.847032 1.567888e+06
 1125.708312 1.668320e+06
 1125.569593 1.762192e+06
 1125.430873 1.848528e+06
 1125.292154 1.926376e+06
 1125.153434 1.994800e+06
 1125.014715 2.052824e+06
 1124.875996 2.099568e+06
 1124.737276 2.134104e+06
 1124.598557 2.155608e+06
 1124.459837 2.163312e+06
 1124.321118 2.156512e+06
 1124.182398 2.134560e+06
 1124.043679 2.096976e+06
 1123.904959 2.043272e+06
 1123.766240 1.973136e+06
 1123.627521 1.886368e+06
 1123.488801 1.782816e+06
 1123.350082 1.662480e+06
 1123.211362 1.525432e+06
 1123.072643 1.371808e+06
 1122.933923 1.201880e+06
 1122.795204 1.015888e+06
 1122.656484 8.142080e+05
 1122.517765 5.972000e+05
 1122.379045 3.652320e+05
 1122.240326 1.187040e+05
 1122.101607 -1.420640e+05
 1121.962887 -4.167360e+05
 1121.824168 -7.051040e+05
 1121.685448 -1.006944e+06
 1121.546729 -1.322160e+06
 1121.408009 -1.650776e+06
 1121.269290 -1.992864e+06
 1121.130570 -2.348656e+06
 1120.991851 -2.718496e+06
 1120.853132 -3.102760e+06
 1120.714412 -3.502016e+06
 1120.575693 -3.916896e+06
 1120.436973 -4.348096e+06
 1120.298254 -4.796368e+06
 1120.159534 -5.262544e+06
 1120.020815 -5.747448e+06
 1119.882095 -6.251880e+06
 1119.743376 -6.776656e+06
 1119.604657 -7.322448e+06
 1119.465937 -7.889936e+06
 1119.327218 -8.479608e+06
 1119.188498 -9.091824e+06
 1119.049779 -9.726784e+06
 1118.911059 -1.038451e+07
 1118.772340 -1.106482e+07
 1118.633620 -1.176731e+07
 1118.494901 -1.249134e+07
 1118.356182 -1.323608e+07
 1118.217462 -1.400044e+07
 1118.078743 -1.478311e+07
 1117.940023 -1.558259e+07
 1117.801304 -1.639716e+07
 1117.662584 -1.722490e+07
 1117.523865 -1.806374e+07
 1117.385145 -1.891149e+07
 1117.246426 -1.976577e+07
 1117.107706 -2.062414e+07
 1116.968987 -2.148412e+07
 1116.830268 -2.234310e+07
 1116.691548 -2.319847e+07
 1116.552829 -2.404766e+07
 1116.414109 -2.488807e+07
 1116.275390 -2.571710e+07
 1116.136670 -2.653228e+07
 1115.997951 -2.733113e+07
 1115.859231 -2.811124e+07
 1115.720512 -2.887035e+07
 1115.581793 -2.960622e+07
 1115.443073 -3.031666e+07
 1115.304354 -3.099962e+07
 1115.165634 -3.165312e+07
 1115.026915 -3.227524e+07
 1114.888195 -3.286420e+07
 1114.749476 -3.341824e+07
 1114.610756 -3.393574e+07
 1114.472037 -3.441514e+07
 1114.333318 -3.485501e+07
 1114.194598 -3.525401e+07
 1114.055879 -3.561094e+07
 1113.917159 -3.592473e+07
 1113.778440 -3.619443e+07
 1113.639720 -3.641927e+07
 1113.501001 -3.659862e+07
 1113.362281 -3.673205e+07
 1113.223562 -3.681928e+07
 1113.084843 -3.686025e+07
 1112.946123 -3.685504e+07
 1112.807404 -3.680396e+07
 1112.668684 -3.670750e+07
 1112.529965 -3.656633e+07
 1112.391245 -3.638126e+07
 1112.252526 -3.615327e+07
 1112.113806 -3.588354e+07
 1111.975087 -3.557335e+07
 1111.836368 -3.522407e+07
 1111.697648 -3.483726e+07
 1111.558929 -3.441450e+07
 1111.420209 -3.395750e+07
 1111.281490 -3.346800e+07
 1111.142770 -3.294784e+07
 1111.004051 -3.239889e+07
 1110.865331 -3.182302e+07
 1110.726612 -3.122217e+07
 1110.587892 -3.059832e+07
 1110.449173 -2.995338e+07
 1110.310454 -2.928937e+07
 1110.171734 -2.860822e+07
 1110.033015 -2.791194e+07
 1109.894295 -2.720249e+07
 1109.755576 -2.648182e+07
 1109.616856 -2.575189e+07
 1109.478137 -2.501462e+07
 1109.339417 -2.427194e+07
 1109.200698 -2.352569e+07
 1109.061979 -2.277773e+07
 1108.923259 -2.202987e+07
 1108.784540 -2.128384e+07
 1108.645820 -2.054134e+07
 1108.507101 -1.980398e+07
 1108.368381 -1.907326e+07
 1108.229662 -1.835071e+07
 1108.090942 -1.763765e+07
 1107.952223 -1.693538e+07
 1107.813504 -1.624507e+07
 1107.674784 -1.556785e+07
 1107.536065 -1.490470e+07
 1107.397345 -1.425657e+07
 1107.258626 -1.362426e+07
 1107.119906 -1.300855e+07
 1106.981187 -1.241014e+07
 1106.842467 -1.182965e+07
 1106.703748 -1.126766e+07
 1106.565029 -1.072466e+07
 1106.426309 -1.020117e+07
 1106.287590 -9.697576e+06
 1106.148870 -9.214296e+06
 1106.010151 -8.751648e+06
 1105.871431 -8.309952e+06
 1105.732712 -7.889448e+06
 1105.593992 -7.490360e+06
 1105.455273 -7.112800e+06
 1105.316554 -6.756872e+06
 1105.177834 -6.422568e+06
 1105.039115 -6.109824e+06
 1104.900395 -5.818424e+06
 1104.761676 -5.548144e+06
 1104.622956 -5.298584e+06
 1104.484237 -5.069256e+06
 1104.345517 -4.859496e+06
 1104.206798 -4.668592e+06
 1104.068078 -4.495680e+06
 1103.929359 -4.339736e+06
 1103.790640 -4.199656e+06
 1103.651920 -4.074200e+06
 1103.513201 -3.962016e+06
 1103.374481 -3.861672e+06
 1103.235762 -3.771624e+06
 1103.097042 -3.690320e+06
 1102.958323 -3.616120e+06
 1102.819603 -3.547368e+06
 1102.680884 -3.482400e+06
 1102.542165 -3.419560e+06
 1102.403445 -3.357256e+06
 1102.264726 -3.293912e+06
 1102.126006 -3.228056e+06
 1101.987287 -3.158288e+06
 1101.848567 -3.083328e+06
 1101.709848 -3.002008e+06
 1101.571128 -2.913280e+06
 1101.432409 -2.816280e+06
 1101.293690 -2.710216e+06
 1101.154970 -2.594512e+06
 1101.016251 -2.468704e+06
 1100.877531 -2.332464e+06
 1100.738812 -2.185656e+06
 1100.600092 -2.028224e+06
 1100.461373 -1.860280e+06
 1100.322653 -1.682024e+06
 1100.183934 -1.493800e+06
 1100.045215 -1.296024e+06
 1099.906495 -1.089208e+06
 1099.767776 -8.739680e+05
 1099.629056 -6.509280e+05
 1099.490337 -4.208320e+05
 1099.351617 -1.844480e+05
 1099.212898 5.736800e+04
 1099.074178 3.037680e+05
 1098.935459 5.538320e+05
 1098.796739 8.065600e+05
 1098.658020 1.060936e+06
 1098.519301 1.315896e+06
 1098.380581 1.570304e+06
 1098.241862 1.822976e+06
 1098.103142 2.072672e+06
 1097.964423 2.318120e+06
 1097.825703 2.557976e+06
 1097.686984 2.790872e+06
 1097.548264 3.015432e+06
 1097.409545 3.230232e+06
 1097.270826 3.433912e+06
 1097.132106 3.625088e+06
 1096.993387 3.802456e+06
 1096.854667 3.964808e+06
 1096.715948 4.110976e+06
 1096.577228 4.239936e+06
 1096.438509 4.350840e+06
 1096.299789 4.442960e+06
 1096.161070 4.515760e+06
 1096.022351 4.568888e+06
 1095.883631 4.602200e+06
 1095.744912 4.615720e+06
 1095.606192 4.609680e+06
 1095.467473 4.584496e+06
 1095.328753 4.540736e+06
 1095.190034 4.479152e+06
 1095.051314 4.400608e+06
 1094.912595 4.306104e+06
 1094.773876 4.196672e+06
 1094.635156 4.073440e+06
 1094.496437 3.937536e+06
 1094.357717 3.790152e+06
 1094.218998 3.632352e+06
 1094.080278 3.465232e+06
 1093.941559 3.289776e+06
 1093.802839 3.106888e+06
 1093.664120 2.917336e+06
 1093.525401 2.721816e+06
 1093.386681 2.520864e+06
 1093.247962 2.314872e+06
 1093.109242 2.104144e+06
 1092.970523 1.888808e+06
 1092.831803 1.668904e+06
 1092.693084 1.444344e+06
 1092.554364 1.214984e+06
 1092.415645 9.805600e+05
 1092.276925 7.408000e+05
 1092.138206 4.953760e+05
 1091.999487 2.439600e+05
 1091.860767 -1.374400e+04
 1091.722048 -2.780400e+05
 1091.583328 -5.491120e+05
 1091.444609 -8.270880e+05
 1091.305889 -1.112016e+06
 1091.167170 -1.403816e+06
 1091.028450 -1.702280e+06
 1090.889731 -2.007072e+06
 1090.751012 -2.317744e+06
 1090.612292 -2.633680e+06
 1090.473573 -2.954192e+06
 1090.334853 -3.278416e+06
 1090.196134 -3.605400e+06
 1090.057414 -3.934120e+06
 1089.918695 -4.263432e+06
 1089.779975 -4.592152e+06
 1089.641256 -4.919088e+06
 1089.502537 -5.242936e+06
 1089.363817 -5.562464e+06
 1089.225098 -5.876400e+06
 1089.086378 -6.183536e+06
 1088.947659 -6.482680e+06
 1088.808939 -6.772720e+06
 1088.670220 -7.052616e+06
 1088.531500 -7.321408e+06
 1088.392781 -7.578248e+06
 1088.254062 -7.822392e+06
 1088.115342 -8.053200e+06
 1087.976623 -8.270152e+06
 1087.837903 -8.472888e+06
 1087.699184 -8.661160e+06
 1087.560464 -8.834872e+06
 1087.421745 -8.994048e+06
 1087.283025 -9.138856e+06
 1087.144306 -9.269624e+06
 1087.005587 -9.386792e+06
 1086.866867 -9.490952e+06
 1086.728148 -9.582808e+06
 1086.589428 -9.663200e+06
 1086.450709 -9.733032e+06
 1086.311989 -9.793336e+06
 1086.173270 -9.845208e+06
 1086.034550 -9.889784e+06
 1085.895831 -9.928232e+06
 1085.757111 -9.961736e+06
 1085.618392 -9.991488e+06
 1085.479673 -1.001858e+07
 1085.340953 -1.004408e+07
 1085.202234 -1.006898e+07
 1085.063514 -1.009414e+07
 1084.924795 -1.012030e+07
 1084.786075 -1.014804e+07
 1084.647356 -1.017783e+07
 1084.508636 -1.020995e+07
 1084.369917 -1.024449e+07
 1084.231198 -1.028138e+07
 1084.092478 -1.032044e+07
 1083.953759 -1.036123e+07
 1083.815039 -1.040322e+07
 1083.676320 -1.044570e+07
 1083.537600 -1.048789e+07
 1083.398881 -1.052878e+07
 1083.260161 -1.056742e+07
 1083.121442 -1.060264e+07
 1082.982723 -1.063333e+07
 1082.844003 -1.065823e+07
 1082.705284 -1.067617e+07
 1082.566564 -1.068594e+07
 1082.427845 -1.068634e+07
 1082.289125 -1.067627e+07
 1082.150406 -1.065466e+07
 1082.011686 -1.062053e+07
 1081.872967 -1.057303e+07
 1081.734248 -1.051140e+07
 1081.595528 -1.043502e+07
 1081.456809 -1.034341e+07
 1081.318089 -1.023623e+07
 1081.179370 -1.011333e+07
 1081.040650 -9.974688e+06
 1080.901931 -9.820456e+06
 1080.763211 -9.650960e+06
 1080.624492 -9.466672e+06
 1080.485772 -9.268248e+06
 1080.347053 -9.056480e+06
 1080.208334 -8.832320e+06
 1080.069614 -8.596872e+06
 1079.930895 -8.351352e+06
 1079.792175 -8.097096e+06
 1079.653456 -7.835568e+06
 1079.514736 -7.568296e+06
 1079.376017 -7.296872e+06
 1079.237297 -7.022952e+06
 1079.098578 -6.748216e+06
 1078.959859 -6.474352e+06
 1078.821139 -6.203000e+06
 1078.682420 -5.935792e+06
 1078.543700 -5.674296e+06
 1078.404981 -5.419976e+06
 1078.266261 -5.174192e+06
 1078.127542 -4.938200e+06
 1077.988822 -4.713096e+06
 1077.850103 -4.499872e+06
 1077.711384 -4.299304e+06
 1077.572664 -4.112072e+06
 1077.433945 -3.938640e+06
 1077.295225 -3.779368e+06
 1077.156506 -3.634400e+06
 1077.017786 -3.503800e+06
 1076.879067 -3.387472e+06
 1076.740347 -3.285216e+06
 1076.601628 -3.196728e+06
 1076.462909 -3.121616e+06
 1076.324189 -3.059440e+06
 1076.185470 -3.009664e+06
 1076.046750 -2.971760e+06
 1075.908031 -2.945128e+06
 1075.769311 -2.929192e+06
 1075.630592 -2.923320e+06
 1075.491872 -2.926928e+06
 1075.353153 -2.939392e+06
 1075.214434 -2.960080e+06
 1075.075714 -2.988392e+06
 1074.936995 -3.023680e+06
 1074.798275 -3.065304e+06
 1074.659556 -3.112560e+06
 1074.520836 -3.164792e+06
 1074.382117 -3.221256e+06
 1074.243397 -3.281152e+06
 1074.104678 -3.343696e+06
 1073.965958 -3.408008e+06
 1073.827239 -3.473184e+06
 1073.688520 -3.538240e+06
 1073.549800 -3.602176e+06
 1073.411081 -3.663976e+06
 1073.272361 -3.722512e+06
 1073.133642 -3.776720e+06
 1072.994922 -3.825448e+06
 1072.856203 -3.867584e+06
 1072.717483 -3.902000e+06
 1072.578764 -3.927584e+06
 1072.440045 -3.943248e+06
 1072.301325 -3.947936e+06
 1072.162606 -3.940656e+06
 1072.023886 -3.920424e+06
 1071.885167 -3.886344e+06
 1071.746447 -3.837560e+06
 1071.607728 -3.773288e+06
 1071.469008 -3.692808e+06
 1071.330289 -3.595456e+06
 1071.191570 -3.480624e+06
 1071.052850 -3.347760e+06
 1070.914131 -3.196408e+06
 1070.775411 -3.026112e+06
 1070.636692 -2.836496e+06
 1070.497972 -2.627256e+06
 1070.359253 -2.398112e+06
 1070.220533 -2.148832e+06
 1070.081814 -1.879256e+06
 1069.943095 -1.589232e+06
 1069.804375 -1.278712e+06
 1069.665656 -9.476480e+05
 1069.526936 -5.960960e+05
 1069.388217 -2.241600e+05
 1069.249497 1.680160e+05
 1069.110778 5.801840e+05
 1068.972058 1.012056e+06
 1068.833339 1.463216e+06
 1068.694620 1.933224e+06
 1068.555900 2.421480e+06
 1068.417181 2.927360e+06
 1068.278461 3.450056e+06
 1068.139742 3.988768e+06
 1068.001022 4.542496e+06
 1067.862303 5.110168e+06
 1067.723583 5.690640e+06
 1067.584864 6.282592e+06
 1067.446144 6.884680e+06
 1067.307425 7.495376e+06
 1067.168706 8.113104e+06
 1067.029986 8.736184e+06
 1066.891267 9.362832e+06
 1066.752547 9.991176e+06
 1066.613828 1.061930e+07
 1066.475108 1.124522e+07
 1066.336389 1.186689e+07
 1066.197669 1.248224e+07
 1066.058950 1.308918e+07
 1065.920231 1.368567e+07
 1065.781511 1.426963e+07
 1065.642792 1.483906e+07
 1065.504072 1.539206e+07
 1065.365353 1.592679e+07
 1065.226633 1.644155e+07
 1065.087914 1.693475e+07
 1064.949194 1.740502e+07
 1064.810475 1.785114e+07
 1064.671756 1.827206e+07
 1064.533036 1.866701e+07
 1064.394317 1.903538e+07
 1064.255597 1.937686e+07
 1064.116878 1.969129e+07
 1063.978158 1.997880e+07
 1063.839439 2.023976e+07
 1063.700719 2.047472e+07
 1063.562000 2.068446e+07
 1063.423281 2.086995e+07
 1063.284561 2.103234e+07
 1063.145842 2.117287e+07
 1063.007122 2.129299e+07
 1062.868403 2.139418e+07
 1062.729683 2.147798e+07
 1062.590964 2.154602e+07
 1062.452244 2.159987e+07
 1062.313525 2.164114e+07
 1062.174805 2.167134e+07
 1062.036086 2.169194e+07
 1061.897367 2.170429e+07
 1061.758647 2.170966e+07
 1061.619928 2.170914e+07
 1061.481208 2.170374e+07
 1061.342489 2.169432e+07
 1061.203769 2.168161e+07
 1061.065050 2.166617e+07
 1060.926330 2.164849e+07
 1060.787611 2.162893e+07
 1060.648892 2.160774e+07
 1060.510172 2.158517e+07
 1060.371453 2.156133e+07
 1060.232733 2.153635e+07
 1060.094014 2.151035e+07
 1059.955294 2.148348e+07
 1059.816575 2.145587e+07
 1059.677855 2.142776e+07
 1059.539136 2.139940e+07
 1059.400417 2.137117e+07
 1059.261697 2.134346e+07
 1059.122978 2.131680e+07
 1058.984258 2.129176e+07
 1058.845539 2.126902e+07
 1058.706819 2.124928e+07
 1058.568100 2.123331e+07
 1058.429380 2.122191e+07
 1058.290661 2.121589e+07
 1058.151942 2.121608e+07
 1058.013222 2.122323e+07
 1057.874503 2.123806e+07
 1057.735783 2.126122e+07
 1057.597064 2.129324e+07
 1057.458344 2.133453e+07
 1057.319625 2.138535e+07
 1057.180905 2.144582e+07
 1057.042186 2.151588e+07
 1056.903467 2.159524e+07
 1056.764747 2.168347e+07
 1056.626028 2.177993e+07
 1056.487308 2.188379e+07
 1056.348589 2.199403e+07
 1056.209869 2.210948e+07
 1056.071150 2.222878e+07
 1055.932430 2.235050e+07
 1055.793711 2.247307e+07
 1055.654991 2.259482e+07
 1055.516272 2.271406e+07
 1055.377553 2.282908e+07
 1055.238833 2.293818e+07
 1055.100114 2.303970e+07
 1054.961394 2.313202e+07
 1054.822675 2.321366e+07
 1054.683955 2.328323e+07
 1054.545236 2.333950e+07
 1054.406516 2.338140e+07
 1054.267797 2.340801e+07
 1054.129078 2.341862e+07
 1053.990358 2.341271e+07
 1053.851639 2.338997e+07
 1053.712919 2.335027e+07
 1053.574200 2.329372e+07
 1053.435480 2.322059e+07
 1053.296761 2.313142e+07
 1053.158041 2.302686e+07
 1053.019322 2.290778e+07
 1052.880603 2.277520e+07
 1052.741883 2.263032e+07
 1052.603164 2.247450e+07
 1052.464444 2.230912e+07
 1052.325725 2.213578e+07
 1052.187005 2.195606e+07
 1052.048286 2.177164e+07
 1051.909566 2.158424e+07
 1051.770847 2.139553e+07
 1051.632128 2.120719e+07
 1051.493408 2.102082e+07
 1051.354689 2.083798e+07
 1051.215969 2.066007e+07
 1051.077250 2.048841e+07
 1050.938530 2.032412e+07
 1050.799811 2.016818e+07
 1050.661091 2.002139e+07
 1050.522372 1.988432e+07
 1050.383653 1.975734e+07
 1050.244933 1.964062e+07
 1050.106214 1.953410e+07
 1049.967494 1.943754e+07
 1049.828775 1.935040e+07
 1049.690055 1.927205e+07
 1049.551336 1.920160e+07
 1049.412616 1.913805e+07
 1049.273897 1.908017e+07
 1049.135177 1.902670e+07
 1048.996458 1.897619e+07
 1048.857739 1.892715e+07
 1048.719019 1.887803e+07
 1048.580300 1.882726e+07
 1048.441580 1.877324e+07
 1048.302861 1.871440e+07
 1048.164141 1.864924e+07
 1048.025422 1.857630e+07
 1047.886702 1.849423e+07
 1047.747983 1.840180e+07
 1047.609264 1.829790e+07
 1047.470544 1.818153e+07
 1047.331825 1.805190e+07
 1047.193105 1.790836e+07
 1047.054386 1.775039e+07
 1046.915666 1.757770e+07
 1046.776947 1.739010e+07
 1046.638227 1.718764e+07
 1046.499508 1.697046e+07
 1046.360789 1.673888e+07
 1046.222069 1.649337e+07
 1046.083350 1.623447e+07
 1045.944630 1.596288e+07
 1045.805911 1.567941e+07
 1045.667191 1.538490e+07
 1045.528472 1.508028e+07
 1045.389752 1.476653e+07
 1045.251033 1.444467e+07
 1045.112314 1.411574e+07
 1044.973594 1.378075e+07
 1044.834875 1.344075e+07
 1044.696155 1.309675e+07
 1044.557436 1.274974e+07
 1044.418716 1.240069e+07
 1044.279997 1.205050e+07
 1044.141277 1.170003e+07
 1044.002558 1.135014e+07
 1043.863838 1.100161e+07
 1043.725119 1.065520e+07
 1043.586400 1.031159e+07
 1043.447680 9.971464e+06
 1043.308961 9.635488e+06
 1043.170241 9.304256e+06
 1043.031522 8.978376e+06
 1042.892802 8.658424e+06
 1042.754083 8.344984e+06
 1042.615363 8.038608e+06
 1042.476644 7.739880e+06
 1042.337925 7.449328e+06
 1042.199205 7.167536e+06
 1042.060486 6.895048e+06
 1041.921766 6.632456e+06
 1041.783047 6.380288e+06
 1041.644327 6.139120e+06
 1041.505608 5.909480e+06
 1041.366888 5.691952e+06
 1041.228169 5.487008e+06
 1041.089450 5.295224e+06
 1040.950730 5.117056e+06
 1040.812011 4.952984e+06
 1040.673291 4.803464e+06
 1040.534572 4.668904e+06
 1040.395852 4.549680e+06
 1040.257133 4.446168e+06
 1040.118413 4.358648e+06
 1039.979694 4.287360e+06
 1039.840975 4.232552e+06
 1039.702255 4.194360e+06
 1039.563536 4.172880e+06
 1039.424816 4.168160e+06
 1039.286097 4.180184e+06
 1039.147377 4.208856e+06
 1039.008658 4.254032e+06
 1038.869938 4.315488e+06
 1038.731219 4.392928e+06
 1038.592500 4.486024e+06
 1038.453780 4.594344e+06
 1038.315061 4.717416e+06
 1038.176341 4.854696e+06
 1038.037622 5.005584e+06
 1037.898902 5.169408e+06
 1037.760183 5.345448e+06
 1037.621463 5.532936e+06
 1037.482744 5.731024e+06
 1037.344024 5.938808e+06
 1037.205305 6.155320e+06
 1037.066586 6.379544e+06
 1036.927866 6.610368e+06
 1036.789147 6.846632e+06
 1036.650427 7.087112e+06
 1036.511708 7.330504e+06
 1036.372988 7.575424e+06
 1036.234269 7.820472e+06
 1036.095549 8.064160e+06
 1035.956830 8.304968e+06
 1035.818111 8.541320e+06
 1035.679391 8.771640e+06
 1035.540672 8.994344e+06
 1035.401952 9.207848e+06
 1035.263233 9.410600e+06
 1035.124513 9.601072e+06
 1034.985794 9.777880e+06
 1034.847074 9.939624e+06
 1034.708355 1.008509e+07
 1034.569636 1.021313e+07
 1034.430916 1.032276e+07
 1034.292197 1.041318e+07
 1034.153477 1.048370e+07
 1034.014758 1.053382e+07
 1033.876038 1.056326e+07
 1033.737319 1.057186e+07
 1033.598599 1.055968e+07
 1033.459880 1.052693e+07
 1033.321161 1.047400e+07
 1033.182441 1.040146e+07
 1033.043722 1.031000e+07
 1032.905002 1.020042e+07
 1032.766283 1.007372e+07
 1032.627563 9.930864e+06
 1032.488844 9.773032e+06
 1032.350124 9.601376e+06
 1032.211405 9.417136e+06
 1032.072686 9.221560e+06
 1031.933966 9.015888e+06
 1031.795247 8.801416e+06
 1031.656527 8.579352e+06
 1031.517808 8.350912e+06
 1031.379088 8.117288e+06
 1031.240369 7.879560e+06
 1031.101649 7.638792e+06
 1030.962930 7.395976e+06
 1030.824210 7.152016e+06
 1030.685491 6.907776e+06
 1030.546772 6.664016e+06
 1030.408052 6.421440e+06
 1030.269333 6.180656e+06
 1030.130613 5.942264e+06
 1029.991894 5.706744e+06
 1029.853174 5.474568e+06
 1029.714455 5.246184e+06
 1029.575735 5.022000e+06
 1029.437016 4.802424e+06
 1029.298297 4.587912e+06
 1029.159577 4.378920e+06
 1029.020858 4.176008e+06
 1028.882138 3.979776e+06
 1028.743419 3.790936e+06
 1028.604699 3.610280e+06
 1028.465980 3.438768e+06
 1028.327260 3.277464e+06
 1028.188541 3.127536e+06
 1028.049822 2.990320e+06
 1027.911102 2.867256e+06
 1027.772383 2.759872e+06
 1027.633663 2.669784e+06
 1027.494944 2.598696e+06
 1027.356224 2.548328e+06
 1027.217505 2.520376e+06
 1027.078785 2.516528e+06
 1026.940066 2.538352e+06
 1026.801347 2.587360e+06
 1026.662627 2.664848e+06
 1026.523908 2.771976e+06
 1026.385188 2.909632e+06
 1026.246469 3.078488e+06
 1026.107749 3.278896e+06
 1025.969030 3.510944e+06
 1025.830310 3.774408e+06
 1025.691591 4.068696e+06
 1025.552871 4.392936e+06
 1025.414152 4.745936e+06
 1025.275433 5.126176e+06
 1025.136713 5.531880e+06
 1024.997994 5.961024e+06
 1024.859274 6.411328e+06
 1024.720555 6.880344e+06
 1024.581835 7.365448e+06
 1024.443116 7.863936e+06
 1024.304396 8.373024e+06
 1024.165677 8.889880e+06
 1024.026958 9.411736e+06
 1023.888238 9.935816e+06
 1023.749519 1.045946e+07
 1023.610799 1.098015e+07
 1023.472080 1.149549e+07
 1023.333360 1.200322e+07
 1023.194641 1.250134e+07
 1023.055921 1.298796e+07
 1022.917202 1.346146e+07
 1022.778483 1.392034e+07
 1022.639763 1.436336e+07
 1022.501044 1.478945e+07
 1022.362324 1.519767e+07
 1022.223605 1.558731e+07
 1022.084885 1.595775e+07
 1021.946166 1.630855e+07
 1021.807446 1.663935e+07
 1021.668727 1.694990e+07
 1021.530008 1.724012e+07
 1021.391288 1.750990e+07
 1021.252569 1.775930e+07
 1021.113849 1.798842e+07
 1020.975130 1.819742e+07
 1020.836410 1.838657e+07
 1020.697691 1.855615e+07
 1020.558971 1.870654e+07
 1020.420252 1.883821e+07
 1020.281533 1.895162e+07
 1020.142813 1.904735e+07
 1020.004094 1.912604e+07
 1019.865374 1.918832e+07
 1019.726655 1.923490e+07
 1019.587935 1.926654e+07
 1019.449216 1.928396e+07
 1019.310496 1.928794e+07
 1019.171777 1.927918e+07
 1019.033057 1.925842e+07
 1018.894338 1.922631e+07
 1018.755619 1.918346e+07
 1018.616899 1.913037e+07
 1018.478180 1.906747e+07
 1018.339460 1.899510e+07
 1018.200741 1.891346e+07
 1018.062021 1.882266e+07
 1017.923302 1.872270e+07
 1017.784582 1.861344e+07
 1017.645863 1.849466e+07
 1017.507144 1.836601e+07
 1017.368424 1.822710e+07
 1017.229705 1.807742e+07
 1017.090985 1.791646e+07
 1016.952266 1.774364e+07
 1016.813546 1.755836e+07
 1016.674827 1.736004e+07
 1016.536107 1.714815e+07
 1016.397388 1.692215e+07
 1016.258669 1.668158e+07
 1016.119949 1.642604e+07
 1015.981230 1.615526e+07
 1015.842510 1.586903e+07
 1015.703791 1.556723e+07
 1015.565071 1.524990e+07
 1015.426352 1.491714e+07
 1015.287632 1.456920e+07
 1015.148913 1.420641e+07
 1015.010194 1.382924e+07
 1014.871474 1.343826e+07
 1014.732755 1.303413e+07
 1014.594035 1.261759e+07
 1014.455316 1.218950e+07
 1014.316596 1.175074e+07
 1014.177877 1.130229e+07
 1014.039157 1.084518e+07
 1013.900438 1.038049e+07
 1013.761719 9.909360e+06
 1013.622999 9.432920e+06
 1013.484280 8.952360e+06
 1013.345560 8.468904e+06
 1013.206841 7.983736e+06
 1013.068121 7.498144e+06
 1012.929402 7.013352e+06
 1012.790682 6.530600e+06
 1012.651963 6.051152e+06
 1012.513243 5.576240e+06
 1012.374524 5.107088e+06
 1012.235805 4.644880e+06
 1012.097085 4.190792e+06
 1011.958366 3.745936e+06
 1011.819646 3.311352e+06
 1011.680927 2.888064e+06
 1011.542207 2.476952e+06
 1011.403488 2.078880e+06
 1011.264768 1.694544e+06
 1011.126049 1.324576e+06
 1010.987330 9.695280e+05
 1010.848610 6.297680e+05
 1010.709891 3.056160e+05
 1010.571171 -2.696000e+03
 1010.432452 -2.950960e+05
 1010.293732 -5.715680e+05
 1010.155013 -8.321520e+05
 1010.016293 -1.077000e+06
 1009.877574 -1.306280e+06
 1009.738855 -1.520256e+06
 1009.600135 -1.719176e+06
 1009.461416 -1.903360e+06
 1009.322696 -2.073104e+06
 1009.183977 -2.228744e+06
 1009.045257 -2.370608e+06
 1008.906538 -2.499008e+06
 1008.767818 -2.614280e+06
 1008.629099 -2.716728e+06
 1008.490380 -2.806648e+06
 1008.351660 -2.884352e+06
 1008.212941 -2.950120e+06
 1008.074221 -3.004248e+06
 1007.935502 -3.047032e+06
 1007.796782 -3.078760e+06
 1007.658063 -3.099744e+06
 1007.519343 -3.110304e+06
 1007.380624 -3.110792e+06
 1007.241904 -3.101584e+06
 1007.103185 -3.083064e+06
 1006.964466 -3.055680e+06
 1006.825746 -3.019920e+06
 1006.687027 -2.976328e+06
 1006.548307 -2.925480e+06
 1006.409588 -2.868008e+06
 1006.270868 -2.804640e+06
 1006.132149 -2.736136e+06
 1005.993429 -2.663304e+06
 1005.854710 -2.587064e+06
 1005.715991 -2.508344e+06
 1005.577271 -2.428144e+06
 1005.438552 -2.347552e+06
 1005.299832 -2.267624e+06
 1005.161113 -2.189520e+06
 1005.022393 -2.114392e+06
 1004.883674 -2.043384e+06
 1004.744954 -1.977664e+06
 1004.606235 -1.918392e+06
 1004.467516 -1.866664e+06
 1004.328796 -1.823544e+06
 1004.190077 -1.790064e+06
 1004.051357 -1.767136e+06
 1003.912638 -1.755576e+06
 1003.773918 -1.756136e+06
 1003.635199 -1.769464e+06
 1003.496479 -1.796048e+06
 1003.357760 -1.836264e+06
 1003.219041 -1.890408e+06
 1003.080321 -1.958568e+06
 1002.941602 -2.040800e+06
 1002.802882 -2.137000e+06
 1002.664163 -2.246968e+06
 1002.525443 -2.370408e+06
 1002.386724 -2.506968e+06
 1002.248004 -2.656192e+06
 1002.109285 -2.817632e+06
 1001.970566 -2.990752e+06
 1001.831846 -3.175008e+06
 1001.693127 -3.369888e+06
 1001.554407 -3.574816e+06
 1001.415688 -3.789272e+06
 1001.276968 -4.012744e+06
 1001.138249 -4.244736e+06
 1000.999529 -4.484760e+06
 1000.860810 -4.732384e+06
 1000.722090 -4.987136e+06
 1000.583371 -5.248624e+06
 1000.444652 -5.516384e+06
 1000.305932 -5.790016e+06
 1000.167213 -6.069048e+06
 1000.028493 -6.353064e+06
  999.889774 -6.641536e+06
  999.751054 -6.933976e+06
  999.612335 -7.229824e+06
  999.473615 -7.528504e+06
  999.334896 -7.829376e+06
  999.196177 -8.131776e+06
  999.057457 -8.434968e+06
  998.918738 -8.738296e+06
  998.780018 -9.040960e+06
  998.641299 -9.342200e+06
  998.502579 -9.641272e+06
  998.363860 -9.937432e+06
  998.225140 -1.022994e+07
  998.086421 -1.051813e+07
  997.947702 -1.080137e+07
  997.808982 -1.107912e+07
  997.670263 -1.135086e+07
  997.531543 -1.161622e+07
  997.392824 -1.187488e+07
  997.254104 -1.212662e+07
  997.115385 -1.237134e+07
  996.976665 -1.260902e+07
  996.837946 -1.283970e+07
  996.699227 -1.306354e+07
  996.560507 -1.328077e+07
  996.421788 -1.349167e+07
  996.283068 -1.369658e+07
  996.144349 -1.389584e+07
  996.005629 -1.408983e+07
  995.866910 -1.427896e+07
  995.728190 -1.446358e+07
  995.589471 -1.464406e+07
  995.450752 -1.482072e+07
  995.312032 -1.499386e+07
  995.173313 -1.516371e+07
  995.034593 -1.533045e+07
  994.895874 -1.549422e+07
  994.757154 -1.565509e+07
  994.618435 -1.581310e+07
  994.479715 -1.596822e+07
  994.340996 -1.612038e+07
  994.202276 -1.626946e+07
  994.063557 -1.641530e+07
  993.924838 -1.655771e+07
  993.786118 -1.669646e+07
  993.647399 -1.683128e+07
  993.508679 -1.696188e+07
  993.369960 -1.708794e+07
  993.231240 -1.720910e+07
  993.092521 -1.732494e+07
  992.953801 -1.743507e+07
  992.815082 -1.753900e+07
  992.676363 -1.763621e+07
  992.537643 -1.772616e+07
  992.398924 -1.780826e+07
  992.260204 -1.788184e+07
  992.121485 -1.794624e+07
  991.982765 -1.800073e+07
  991.844046 -1.804454e+07
  991.705326 -1.807690e+07
  991.566607 -1.809700e+07
  991.427888 -1.810404e+07
  991.289168 -1.809722e+07
  991.150449 -1.807575e+07
  991.011729 -1.803888e+07
  990.873010 -1.798591e+07
  990.734290 -1.791622e+07
  990.595571 -1.782916e+07
  990.456851 -1.772433e+07
  990.318132 -1.760131e+07
  990.179413 -1.745981e+07
  990.040693 -1.729968e+07
  989.901974 -1.712086e+07
  989.763254 -1.692344e+07
  989.624535 -1.670766e+07
  989.485815 -1.647387e+07
  989.347096 -1.622254e+07
  989.208376 -1.595432e+07
  989.069657 -1.566993e+07
  988.930937 -1.537028e+07
  988.792218 -1.505637e+07
  988.653499 -1.472930e+07
  988.514779 -1.439030e+07
  988.376060 -1.404067e+07
  988.237340 -1.368182e+07
  988.098621 -1.331516e+07
  987.959901 -1.294222e+07
  987.821182 -1.256452e+07
  987.682462 -1.218362e+07
  987.543743 -1.180103e+07
  987.405024 -1.141828e+07
  987.266304 -1.103683e+07
  987.127585 -1.065807e+07
  986.988865 -1.028334e+07
  986.850146 -9.913816e+06
  986.711426 -9.550600e+06
  986.572707 -9.194648e+06
  986.433987 -8.846784e+06
  986.295268 -8.507656e+06
  986.156549 -8.177816e+06
  986.017829 -7.857616e+06
  985.879110 -7.547256e+06
  985.740390 -7.246832e+06
  985.601671 -6.956288e+06
  985.462951 -6.675416e+06
  985.324232 -6.403976e+06
  985.185512 -6.141592e+06
  985.046793 -5.887848e+06
  984.908074 -5.642288e+06
  984.769354 -5.404424e+06
  984.630635 -5.173800e+06
  984.491915 -4.949960e+06
  984.353196 -4.732504e+06
  984.214476 -4.521144e+06
  984.075757 -4.315632e+06
  983.937037 -4.115840e+06
  983.798318 -3.921736e+06
  983.659599 -3.733448e+06
  983.520879 -3.551216e+06
  983.382160 -3.375392e+06
  983.243440 -3.206464e+06
  983.104721 -3.045032e+06
  982.966001 -2.891792e+06
  982.827282 -2.747552e+06
  982.688562 -2.613136e+06
  982.549843 -2.489488e+06
  982.411123 -2.377504e+06
  982.272404 -2.278168e+06
  982.133685 -2.192368e+06
  981.994965 -2.121016e+06
  981.856246 -2.064984e+06
  981.717526 -2.025024e+06
  981.578807 -2.001856e+06
  981.440087 -1.996096e+06
  981.301368 -2.008264e+06
  981.162648 -2.038792e+06
  981.023929 -2.087960e+06
  980.885210 -2.156016e+06
  980.746490 -2.243032e+06
  980.607771 -2.349000e+06
  980.469051 -2.473816e+06
  980.330332 -2.617208e+06
  980.191612 -2.778880e+06
  980.052893 -2.958320e+06
  979.914173 -3.154976e+06
  979.775454 -3.368144e+06
  979.636735 -3.596992e+06
  979.498015 -3.840592e+06
  979.359296 -4.097864e+06
  979.220576 -4.367624e+06
  979.081857 -4.648568e+06
  978.943137 -4.939264e+06
  978.804418 -5.238160e+06
  978.665698 -5.543680e+06
  978.526979 -5.854080e+06
  978.388260 -6.167616e+06
  978.249540 -6.482504e+06
  978.110821 -6.796880e+06
  977.972101 -7.108984e+06
  977.833382 -7.417000e+06
  977.694662 -7.719224e+06
  977.555943 -8.014008e+06
  977.417223 -8.299816e+06
  977.278504 -8.575232e+06
  977.139785 -8.838984e+06
  977.001065 -9.089944e+06
  976.862346 -9.327136e+06
  976.723626 -9.549752e+06
  976.584907 -9.757184e+06
  976.446187 -9.948928e+06
  976.307468 -1.012466e+07
  976.168748 -1.028417e+07
  976.030029 -1.042739e+07
  975.891309 -1.055435e+07
  975.752590 -1.066516e+07
  975.613871 -1.075998e+07
  975.475151 -1.083902e+07
  975.336432 -1.090251e+07
  975.197712 -1.095068e+07
  975.058993 -1.098370e+07
  974.920273 -1.100177e+07
  974.781554 -1.100498e+07
  974.642834 -1.099336e+07
  974.504115 -1.096693e+07
  974.365396 -1.092556e+07
  974.226676 -1.086911e+07
  974.087957 -1.079731e+07
  973.949237 -1.070987e+07
  973.810518 -1.060642e+07
  973.671798 -1.048654e+07
  973.533079 -1.034979e+07
  973.394359 -1.019567e+07
  973.255640 -1.002375e+07
  973.116921 -9.833496e+06
  972.978201 -9.624496e+06
  972.839482 -9.396304e+06
  972.700762 -9.148560e+06
  972.562043 -8.880952e+06
  972.423323 -8.593224e+06
  972.284604 -8.285232e+06
  972.145884 -7.956888e+06
  972.007165 -7.608264e+06
  971.868446 -7.239488e+06
  971.729726 -6.850792e+06
  971.591007 -6.442568e+06
  971.452287 -6.015304e+06
  971.313568 -5.569600e+06
  971.174848 -5.106232e+06
  971.036129 -4.626024e+06
  970.897409 -4.129976e+06
  970.758690 -3.619184e+06
  970.619970 -3.094832e+06
  970.481251 -2.558272e+06
  970.342532 -2.010848e+06
  970.203812 -1.454080e+06
  970.065093 -8.895120e+05
  969.926373 -3.187760e+05
  969.787654 2.564560e+05
  969.648934 8.344480e+05
  969.510215 1.413464e+06
  969.371495 1.991688e+06
  969.232776 2.567344e+06
  969.094057 3.138592e+06
  968.955337 3.703616e+06
  968.816618 4.260560e+06
  968.677898 4.807584e+06
  968.539179 5.342864e+06
  968.400459 5.864552e+06
  968.261740 6.370848e+06
  968.123020 6.859896e+06
  967.984301 7.329936e+06
  967.845582 7.779192e+06
  967.706862 8.205912e+06
  967.568143 8.608416e+06
  967.429423 8.985040e+06
  967.290704 9.334168e+06
  967.151984 9.654288e+06
  967.013265 9.943944e+06
  966.874545 1.020177e+07
  966.735826 1.042649e+07
  966.597107 1.061695e+07
  966.458387 1.077209e+07
  966.319668 1.089101e+07
  966.180948 1.097291e+07
  966.042229 1.101712e+07
  965.903509 1.102314e+07
  965.764790 1.099059e+07
  965.626070 1.091927e+07
  965.487351 1.080906e+07
  965.348632 1.066006e+07
  965.209912 1.047251e+07
  965.071193 1.024677e+07
  964.932473 9.983344e+06
  964.793754 9.682952e+06
  964.655034 9.346432e+06
  964.516315 8.974760e+06
  964.377595 8.569104e+06
  964.238876 8.130792e+06
  964.100156 7.661312e+06
  963.961437 7.162320e+06
  963.822718 6.635648e+06
  963.683998 6.083288e+06
  963.545279 5.507400e+06
  963.406559 4.910328e+06
  963.267840 4.294544e+06
  963.129120 3.662720e+06
  962.990401 3.017584e+06
  962.851681 2.362048e+06
  962.712962 1.699104e+06
  962.574243 1.031848e+06
  962.435523 3.633520e+05
  962.296804 -3.031760e+05
  962.158084 -9.646400e+05
  962.019365 -1.617928e+06
  961.880645 -2.259952e+06
  961.741926 -2.887776e+06
  961.603206 -3.498584e+06
  961.464487 -4.089688e+06
  961.325768 -4.658584e+06
  961.187048 -5.202960e+06
  961.048329 -5.720760e+06
  960.909609 -6.210120e+06
  960.770890 -6.669496e+06
  960.632170 -7.097536e+06
  960.493451 -7.493208e+06
  960.354731 -7.855728e+06
  960.216012 -8.184608e+06
  960.077293 -8.479576e+06
  959.938573 -8.740688e+06
  959.799854 -8.968168e+06
  959.661134 -9.162536e+06
  959.522415 -9.324432e+06
  959.383695 -9.454768e+06
  959.244976 -9.554568e+06
  959.106256 -9.625000e+06
  958.967537 -9.667368e+06
  958.828817 -9.683016e+06
  958.690098 -9.673416e+06
  958.551379 -9.640024e+06
  958.412659 -9.584336e+06
  958.273940 -9.507864e+06
  958.135220 -9.412112e+06
  957.996501 -9.298496e+06
  957.857781 -9.168496e+06
  957.719062 -9.023480e+06
  957.580342 -8.864784e+06
  957.441623 -8.693712e+06
  957.302904 -8.511520e+06
  957.164184 -8.319440e+06
  957.025465 -8.118632e+06
  956.886745 -7.910240e+06
  956.748026 -7.695416e+06
  956.609306 -7.475248e+06
  956.470587 -7.250816e+06
  956.331867 -7.023224e+06
  956.193148 -6.793528e+06
  956.054429 -6.562776e+06
  955.915709 -6.332048e+06
  955.776990 -6.102344e+06
  955.638270 -5.874696e+06
  955.499551 -5.650112e+06
  955.360831 -5.429552e+06
  955.222112 -5.213928e+06
  955.083392 -5.004152e+06
  954.944673 -4.801056e+06
  954.805954 -4.605432e+06
  954.667234 -4.417976e+06
  954.528515 -4.239376e+06
  954.389795 -4.070208e+06
  954.251076 -3.910976e+06
  954.112356 -3.762136e+06
  953.973637 -3.624056e+06
  953.834917 -3.497000e+06
  953.696198 -3.381224e+06
  953.557479 -3.276848e+06
  953.418759 -3.183960e+06
  953.280040 -3.102600e+06
  953.141320 -3.032696e+06
  953.002601 -2.974160e+06
  952.863881 -2.926872e+06
  952.725162 -2.890624e+06
  952.586442 -2.865192e+06
  952.447723 -2.850296e+06
  952.309003 -2.845656e+06
  952.170284 -2.850944e+06
  952.031565 -2.865760e+06
  951.892845 -2.889712e+06
  951.754126 -2.922384e+06
  951.615406 -2.963296e+06
  951.476687 -3.011904e+06
  951.337967 -3.067696e+06
  951.199248 -3.130040e+06
  951.060528 -3.198272e+06
  950.921809 -3.271744e+06
  950.783090 -3.349664e+06
  950.644370 -3.431248e+06
  950.505651 -3.515656e+06
  950.366931 -3.602008e+06
  950.228212 -3.689344e+06
  950.089492 -3.776720e+06
  949.950773 -3.863128e+06
  949.812053 -3.947568e+06
  949.673334 -4.028992e+06
  949.534615 -4.106376e+06
  949.395895 -4.178640e+06
  949.257176 -4.244784e+06
  949.118456 -4.303736e+06
  948.979737 -4.354504e+06
  948.841017 -4.396080e+06
  948.702298 -4.427488e+06
  948.563578 -4.447760e+06
  948.424859 -4.456016e+06
  948.286140 -4.451296e+06
  948.147420 -4.432800e+06
  948.008701 -4.399696e+06
  947.869981 -4.351200e+06
  947.731262 -4.286640e+06
  947.592542 -4.205312e+06
  947.453823 -4.106664e+06
  947.315103 -3.990176e+06
  947.176384 -3.855432e+06
  947.037665 -3.702088e+06
  946.898945 -3.529944e+06
  946.760226 -3.338880e+06
  946.621506 -3.128936e+06
  946.482787 -2.900224e+06
  946.344067 -2.653064e+06
  946.205348 -2.387856e+06
  946.066628 -2.105144e+06
  945.927909 -1.805648e+06
  945.789189 -1.490192e+06
  945.650470 -1.159704e+06
  945.511751 -8.152800e+05
  945.373031 -4.580560e+05
  945.234312 -8.930400e+04
  945.095592 2.896320e+05
  944.956873 6.773920e+05
  944.818153 1.072528e+06
  944.679434 1.473632e+06
  944.540714 1.879248e+06
  944.401995 2.287976e+06
  944.263276 2.698456e+06
  944.124556 3.109360e+06
  943.985837 3.519472e+06
  943.847117 3.927672e+06
  943.708398 4.332904e+06
  943.569678 4.734280e+06
  943.430959 5.130984e+06
  943.292239 5.522368e+06
  943.153520 5.907848e+06
  943.014801 6.287008e+06
  942.876081 6.659536e+06
  942.737362 7.025200e+06
  942.598642 7.383896e+06
  942.459923 7.735512e+06
  942.321203 8.080080e+06
  942.182484 8.417632e+06
  942.043764 8.748240e+06
  941.905045 9.071960e+06
  941.766326 9.388872e+06
  941.627606 9.699032e+06
  941.488887 1.000248e+07
  941.350167 1.029920e+07
  941.211448 1.058920e+07
  941.072728 1.087241e+07
  940.934009 1.114874e+07
  940.795289 1.141807e+07
  940.656570 1.168026e+07
  940.517850 1.193515e+07
  940.379131 1.218254e+07
  940.240412 1.242228e+07
  940.101692 1.265414e+07
  939.962973 1.287794e+07
  939.824253 1.309348e+07
  939.685534 1.330060e+07
  939.546814 1.349907e+07
  939.408095 1.368876e+07
  939.269375 1.386950e+07
  939.130656 1.404116e+07
  938.991937 1.420360e+07
  938.853217 1.435674e+07
  938.714498 1.450050e+07
  938.575778 1.463486e+07
  938.437059 1.475979e+07
  938.298339 1.487534e+07
  938.159620 1.498161e+07
  938.020900 1.507872e+07
  937.882181 1.516686e+07
  937.743462 1.524630e+07
  937.604742 1.531735e+07
  937.466023 1.538038e+07
  937.327303 1.543583e+07
  937.188584 1.548422e+07
  937.049864 1.552611e+07
  936.911145 1.556208e+07
  936.772425 1.559281e+07
  936.633706 1.561898e+07
  936.494987 1.564134e+07
  936.356267 1.566060e+07
  936.217548 1.567756e+07
  936.078828 1.569294e+07
  935.940109 1.570752e+07
  935.801389 1.572206e+07
  935.662670 1.573729e+07
  935.523950 1.575390e+07
  935.385231 1.577265e+07
  935.246512 1.579412e+07
  935.107792 1.581900e+07
  934.969073 1.584790e+07
  934.830353 1.588135e+07
  934.691634 1.591994e+07
  934.552914 1.596415e+07
  934.414195 1.601445e+07
  934.275475 1.607126e+07
  934.136756 1.613498e+07
  933.998036 1.620590e+07
  933.859317 1.628432e+07
  933.720598 1.637042e+07
  933.581878 1.646431e+07
  933.443159 1.656606e+07
  933.304439 1.667558e+07
  933.165720 1.679273e+07
  933.027000 1.691724e+07
  932.888281 1.704874e+07
  932.749561 1.718674e+07
  932.610842 1.733066e+07
  932.472123 1.747975e+07
  932.333403 1.763318e+07
  932.194684 1.779009e+07
  932.055964 1.794944e+07
  931.917245 1.811016e+07
  931.778525 1.827114e+07
  931.639806 1.843122e+07
  931.501086 1.858922e+07
  931.362367 1.874398e+07
  931.223648 1.889438e+07
  931.084928 1.903930e+07
  930.946209 1.917778e+07
  930.807489 1.930885e+07
  930.668770 1.943170e+07
  930.530050 1.954563e+07
  930.391331 1.965008e+07
  930.252611 1.974457e+07
  930.113892 1.982882e+07
  929.975173 1.990263e+07
  929.836453 1.996598e+07
  929.697734 2.001894e+07
  929.559014 2.006170e+07
  929.420295 2.009457e+07
  929.281575 2.011790e+07
  929.142856 2.013214e+07
  929.004136 2.013782e+07
  928.865417 2.013547e+07
  928.726698 2.012569e+07
  928.587978 2.010905e+07
  928.449259 2.008614e+07
  928.310539 2.005757e+07
  928.171820 2.002388e+07
  928.033100 1.998563e+07
  927.894381 1.994334e+07
  927.755661 1.989746e+07
  927.616942 1.984845e+07
  927.478222 1.979671e+07
  927.339503 1.974258e+07
  927.200784 1.968638e+07
  927.062064 1.962837e+07
  926.923345 1.956873e+07
  926.784625 1.950763e+07
  926.645906 1.944515e+07
  926.507186 1.938138e+07
  926.368467 1.931626e+07
  926.229747 1.924976e+07
  926.091028 1.918173e+07
  925.952309 1.911200e+07
  925.813589 1.904037e+07
  925.674870 1.896656e+07
  925.536150 1.889026e+07
  925.397431 1.881114e+07
  925.258711 1.872880e+07
  925.119992 1.864288e+07
  924.981272 1.855295e+07
  924.842553 1.845857e+07
  924.703834 1.835933e+07
  924.565114 1.825478e+07
  924.426395 1.814451e+07
  924.287675 1.802809e+07
  924.148956 1.790511e+07
  924.010236 1.777519e+07
  923.871517 1.763796e+07
  923.732797 1.749310e+07
  923.594078 1.734026e+07
  923.455359 1.717919e+07
  923.316639 1.700964e+07
  923.177920 1.683142e+07
  923.039200 1.664437e+07
  922.900481 1.644837e+07
  922.761761 1.624338e+07
  922.623042 1.602939e+07
  922.484322 1.580650e+07
  922.345603 1.557481e+07
  922.206883 1.533454e+07
  922.068164 1.508596e+07
  921.929445 1.482942e+07
  921.790725 1.456537e+07
  921.652006 1.429426e+07
  921.513286 1.401670e+07
  921.374567 1.373332e+07
  921.235847 1.344486e+07
  921.097128 1.315204e+07
  920.958408 1.285572e+07
  920.819689 1.255678e+07
  920.680970 1.225614e+07
  920.542250 1.195474e+07
  920.403531 1.165358e+07
  920.264811 1.135366e+07
  920.126092 1.105599e+07
  919.987372 1.076158e+07
  919.848653 1.047147e+07
  919.709933 1.018663e+07
  919.571214 9.908088e+06
  919.432495 9.636776e+06
  919.293775 9.373640e+06
  919.155056 9.119592e+06
  919.016336 8.875496e+06
  918.877617 8.642168e+06
  918.738897 8.420384e+06
  918.600178 8.210840e+06
  918.461458 8.014224e+06
  918.322739 7.831088e+06
  918.184020 7.661952e+06
  918.045300 7.507280e+06
  917.906581 7.367400e+06
  917.767861 7.242584e+06
  917.629142 7.133000e+06
  917.490422 7.038704e+06
  917.351703 6.959656e+06
  917.212983 6.895736e+06
  917.074264 6.846680e+06
  916.935545 6.812104e+06
  916.796825 6.791576e+06
  916.658106 6.784512e+06
  916.519386 6.790264e+06
  916.380667 6.808088e+06
  916.241947 6.837184e+06
  916.103228 6.876688e+06
  915.964508 6.925672e+06
  915.825789 6.983192e+06
  915.687069 7.048280e+06
  915.548350 7.119960e+06
  915.409631 7.197240e+06
  915.270911 7.279192e+06
  915.132192 7.364848e+06
  914.993472 7.453288e+06
  914.854753 7.543616e+06
  914.716033 7.634968e+06
  914.577314 7.726504e+06
  914.438594 7.817400e+06
  914.299875 7.906856e+06
  914.161156 7.994080e+06
  914.022436 8.078304e+06
  913.883717 8.158760e+06
  913.744997 8.234672e+06
  913.606278 8.305272e+06
  913.467558 8.369760e+06
  913.328839 8.427400e+06
  913.190119 8.477392e+06
  913.051400 8.518944e+06
  912.912681 8.551280e+06
  912.773961 8.573680e+06
  912.635242 8.585360e+06
  912.496522 8.585640e+06
  912.357803 8.573840e+06
  912.219083 8.549328e+06
  912.080364 8.511544e+06
  911.941644 8.459984e+06
  911.802925 8.394216e+06
  911.664206 8.313936e+06
  911.525486 8.218856e+06
  911.386767 8.108808e+06
  911.248047 7.983736e+06
  911.109328 7.843672e+06
  910.970608 7.688744e+06
  910.831889 7.519144e+06
  910.693169 7.335192e+06
  910.554450 7.137304e+06
  910.415731 6.925976e+06
  910.277011 6.701760e+06
  910.138292 6.465304e+06
  909.999572 6.217360e+06
  909.860853 5.958736e+06
  909.722133 5.690312e+06
  909.583414 5.413024e+06
  909.444694 5.127928e+06
  909.305975 4.836088e+06
  909.167255 4.538688e+06
  909.028536 4.236888e+06
  908.889817 3.932000e+06
  908.751097 3.625296e+06
  908.612378 3.318144e+06
  908.473658 3.011912e+06
  908.334939 2.707984e+06
  908.196219 2.407776e+06
  908.057500 2.112688e+06
  907.918780 1.824088e+06
  907.780061 1.543296e+06
  907.641342 1.271656e+06
  907.502622 1.010376e+06
  907.363903 7.605920e+05
  907.225183 5.234080e+05
  907.086464 2.997600e+05
  906.947744 9.051200e+04
  906.809025 -1.036240e+05
  906.670305 -2.820560e+05
  906.531586 -4.443520e+05
  906.392867 -5.901920e+05
  906.254147 -7.194640e+05
  906.115428 -8.321600e+05
  905.976708 -9.284080e+05
  905.837989 -1.008520e+06
  905.699269 -1.072952e+06
  905.560550 -1.122240e+06
  905.421830 -1.157080e+06
  905.283111 -1.178264e+06
  905.144392 -1.186664e+06
  905.005672 -1.183256e+06
  904.866953 -1.169024e+06
  904.728233 -1.145080e+06
  904.589514 -1.112472e+06
  904.450794 -1.072328e+06
  904.312075 -1.025768e+06
  904.173355 -9.738800e+05
  904.034636 -9.177520e+05
  903.895916 -8.584240e+05
  903.757197 -7.969440e+05
  903.618478 -7.342880e+05
  903.479758 -6.714160e+05
  903.341039 -6.092480e+05
  903.202319 -5.486960e+05
  903.063600 -4.906240e+05
  902.924880 -4.358800e+05
  902.786161 -3.853280e+05
  902.647441 -3.398160e+05
  902.508722 -3.001760e+05
  902.370003 -2.672480e+05
  902.231283 -2.419040e+05
  902.092564 -2.249760e+05
  901.953844 -2.173440e+05
  901.815125 -2.198640e+05
  901.676405 -2.334160e+05
  901.537686 -2.588800e+05
  901.398966 -2.970480e+05
  901.260247 -3.487680e+05
  901.121528 -4.148400e+05
  900.982808 -4.959920e+05
  900.844089 -5.928960e+05
  900.705369 -7.062160e+05
  900.566650 -8.364400e+05
  900.427930 -9.840160e+05
  900.289211 -1.149336e+06
  900.150491 -1.332584e+06
  900.011772 -1.533896e+06
  899.873053 -1.753264e+06
  899.734333 -1.990520e+06
  899.595614 -2.245400e+06
  899.456894 -2.517496e+06
  899.318175 -2.806288e+06
  899.179455 -3.111096e+06
  899.040736 -3.431168e+06
  898.902016 -3.765664e+06
  898.763297 -4.113600e+06
  898.624578 -4.473992e+06
  898.485858 -4.845792e+06
  898.347139 -5.227888e+06
  898.208419 -5.619224e+06
  898.069700 -6.018680e+06
  897.930980 -6.425232e+06
  897.792261 -6.837856e+06
  897.653541 -7.255616e+06
  897.514822 -7.677616e+06
  897.376102 -8.103088e+06
  897.237383 -8.531312e+06
  897.098664 -8.961656e+06
  896.959944 -9.393624e+06
  896.821225 -9.826744e+06
  896.682505 -1.026068e+07
  896.543786 -1.069516e+07
  896.405066 -1.112997e+07
  896.266347 -1.156495e+07
  896.127627 -1.200002e+07
  895.988908 -1.243510e+07
  895.850189 -1.287017e+07
  895.711469 -1.330521e+07
  895.572750 -1.374021e+07
  895.434030 -1.417517e+07
  895.295311 -1.461006e+07
  895.156591 -1.504487e+07
  895.017872 -1.547953e+07
  894.879152 -1.591394e+07
  894.740433 -1.634800e+07
  894.601714 -1.678153e+07
  894.462994 -1.721434e+07
  894.324275 -1.764618e+07
  894.185555 -1.807673e+07
  894.046836 -1.850566e+07
  893.908116 -1.893255e+07
  893.769397 -1.935695e+07
  893.630677 -1.977835e+07
  893.491958 -2.019616e+07
  893.353239 -2.060979e+07
  893.214519 -2.101857e+07
  893.075800 -2.142178e+07
  892.937080 -2.181874e+07
  892.798361 -2.220863e+07
  892.659641 -2.259071e+07
  892.520922 -2.296416e+07
  892.382202 -2.332822e+07
  892.243483 -2.368210e+07
  892.104764 -2.402502e+07
  891.966044 -2.435629e+07
  891.827325 -2.467514e+07
  891.688605 -2.498100e+07
  891.549886 -2.527321e+07
  891.411166 -2.555123e+07
  891.272447 -2.581458e+07
  891.133727 -2.606280e+07
  890.995008 -2.629558e+07
  890.856288 -2.651260e+07
  890.717569 -2.671362e+07
  890.578850 -2.689854e+07
  890.440130 -2.706722e+07
  890.301411 -2.721968e+07
  890.162691 -2.735600e+07
  890.023972 -2.747626e+07
  889.885252 -2.758072e+07
  889.746533 -2.766961e+07
  889.607813 -2.774329e+07
  889.469094 -2.780219e+07
  889.330375 -2.784674e+07
  889.191655 -2.787750e+07
  889.052936 -2.789504e+07
  888.914216 -2.789997e+07
  888.775497 -2.789295e+07
  888.636777 -2.787469e+07
  888.498058 -2.784585e+07
  888.359338 -2.780714e+07
  888.220619 -2.775925e+07
  888.081900 -2.770282e+07
  887.943180 -2.763850e+07
  887.804461 -2.756687e+07
  887.665741 -2.748843e+07
  887.527022 -2.740366e+07
  887.388302 -2.731297e+07
  887.249583 -2.721665e+07
  887.110863 -2.711499e+07
  886.972144 -2.700818e+07
  886.833425 -2.689635e+07
  886.694705 -2.677958e+07
  886.555986 -2.665794e+07
  886.417266 -2.653141e+07
  886.278547 -2.640001e+07
  886.139827 -2.626372e+07
  886.001108 -2.612258e+07
  885.862388 -2.597657e+07
  885.723669 -2.582578e+07
  885.584949 -2.567027e+07
  885.446230 -2.551022e+07
  885.307511 -2.534582e+07
  885.168791 -2.517732e+07
  885.030072 -2.500502e+07
  884.891352 -2.482932e+07
  884.752633 -2.465066e+07
  884.613913 -2.446950e+07
  884.475194 -2.428639e+07
  884.336474 -2.410198e+07
  884.197755 -2.391685e+07
  884.059036 -2.373171e+07
  883.920316 -2.354730e+07
  883.781597 -2.336437e+07
  883.642877 -2.318374e+07
  883.504158 -2.300624e+07
  883.365438 -2.283272e+07
  883.226719 -2.266411e+07
  883.087999 -2.250136e+07
  882.949280 -2.234542e+07
  882.810561 -2.219727e+07
  882.671841 -2.205792e+07
  882.533122 -2.192842e+07
  882.394402 -2.180980e+07
  882.255683 -2.170306e+07
  882.116963 -2.160924e+07
  881.978244 -2.152930e+07
  881.839524 -2.146418e+07
  881.700805 -2.141473e+07
  881.562086 -2.138173e+07
  881.423366 -2.136586e+07
  881.284647 -2.136763e+07
  881.145927 -2.138748e+07
  881.007208 -2.142562e+07
  880.868488 -2.148214e+07
  880.729769 -2.155686e+07
  880.591049 -2.164946e+07
  880.452330 -2.175943e+07
  880.313611 -2.188600e+07
  880.174891 -2.202822e+07
  880.036172 -2.218496e+07
  879.897452 -2.235483e+07
  879.758733 -2.253636e+07
  879.620013 -2.272789e+07
  879.481294 -2.292759e+07
  879.342574 -2.313358e+07
  879.203855 -2.334384e+07
  879.065135 -2.355634e+07
  878.926416 -2.376898e+07
  878.787697 -2.397968e+07
  878.648977 -2.418641e+07
  878.510258 -2.438714e+07
  878.371538 -2.457994e+07
  878.232819 -2.476297e+07
  878.094099 -2.493451e+07
  877.955380 -2.509298e+07
  877.816660 -2.523694e+07
  877.677941 -2.536511e+07
  877.539222 -2.547639e+07
  877.400502 -2.556984e+07
  877.261783 -2.564474e+07
  877.123063 -2.570053e+07
  876.984344 -2.573685e+07
  876.845624 -2.575355e+07
  876.706905 -2.575060e+07
  876.568185 -2.572824e+07
  876.429466 -2.568682e+07
  876.290747 -2.562690e+07
  876.152027 -2.554915e+07
  876.013308 -2.545443e+07
  875.874588 -2.534371e+07
  875.735869 -2.521806e+07
  875.597149 -2.507868e+07
  875.458430 -2.492683e+07
  875.319710 -2.476385e+07
  875.180991 -2.459107e+07
  875.042272 -2.440994e+07
  874.903552 -2.422186e+07
  874.764833 -2.402823e+07
  874.626113 -2.383042e+07
  874.487394 -2.362977e+07
  874.348674 -2.342757e+07
  874.209955 -2.322504e+07
  874.071235 -2.302329e+07
  873.932516 -2.282336e+07
  873.793797 -2.262618e+07
  873.655077 -2.243258e+07
  873.516358 -2.224326e+07
  873.377638 -2.205880e+07
  873.238919 -2.187966e+07
  873.100199 -2.170617e+07
  872.961480 -2.153853e+07
  872.822760 -2.137681e+07
  872.684041 -2.122098e+07
  872.545321 -2.107089e+07
  872.406602 -2.092626e+07
  872.267883 -2.078674e+07
  872.129163 -2.065188e+07
  871.990444 -2.052115e+07
  871.851724 -2.039398e+07
  871.713005 -2.026970e+07
  871.574285 -2.014763e+07
  871.435566 -2.002707e+07
  871.296846 -1.990728e+07
  871.158127 -1.978754e+07
  871.019408 -1.966711e+07
  870.880688 -1.954527e+07
  870.741969 -1.942135e+07
  870.603249 -1.929470e+07
  870.464530 -1.916470e+07
  870.325810 -1.903078e+07
  870.187091 -1.889244e+07
  870.048371 -1.874923e+07
  869.909652 -1.860078e+07
  869.770933 -1.844681e+07
  869.632213 -1.828706e+07
  869.493494 -1.812146e+07
  869.354774 -1.794998e+07
  869.216055 -1.777264e+07
  869.077335 -1.758966e+07
  868.938616 -1.740129e+07
  868.799896 -1.720793e+07
  868.661177 -1.701002e+07
  868.522458 -1.680817e+07
  868.383738 -1.660298e+07
  868.245019 -1.639522e+07
  868.106299 -1.618565e+07
  867.967580 -1.597511e+07
  867.828860 -1.576446e+07
  867.690141 -1.555460e+07
  867.551421 -1.534640e+07
  867.412702 -1.514071e+07
  867.273982 -1.493839e+07
  867.135263 -1.474021e+07
  866.996544 -1.454695e+07
  866.857824 -1.435926e+07
  866.719105 -1.417774e+07
  866.580385 -1.400298e+07
  866.441666 -1.383539e+07
  866.302946 -1.367541e+07
  866.164227 -1.352338e+07
  866.025507 -1.337954e+07
  865.886788 -1.324414e+07
  865.748069 -1.311736e+07
  865.609349 -1.299934e+07
  865.470630 -1.289017e+07
  865.331910 -1.278996e+07
  865.193191 -1.269878e+07
  865.054471 -1.261667e+07
  864.915752 -1.254370e+07
  864.777032 -1.247992e+07
  864.638313 -1.242532e+07
  864.499594 -1.237996e+07
  864.360874 -1.234380e+07
  864.222155 -1.231689e+07
  864.083435 -1.229913e+07
  863.944716 -1.229051e+07
  863.805996 -1.229090e+07
  863.667277 -1.230022e+07
  863.528557 -1.231829e+07
  863.389838 -1.234494e+07
  863.251119 -1.237998e+07
  863.112399 -1.242313e+07
  862.973680 -1.247414e+07
  862.834960 -1.253274e+07
  862.696241 -1.259860e+07
  862.557521 -1.267139e+07
  862.418802 -1.275078e+07
  862.280082 -1.283643e+07
  862.141363 -1.292794e+07
  862.002644 -1.302494e+07
  861.863924 -1.312703e+07
  861.725205 -1.323380e+07
  861.586485 -1.334482e+07
  861.447766 -1.345962e+07
  861.309046 -1.357772e+07
  861.170327 -1.369862e+07
  861.031607 -1.382174e+07
  860.892888 -1.394654e+07
  860.754168 -1.407238e+07
  860.615449 -1.419860e+07
  860.476730 -1.432457e+07
  860.338010 -1.444954e+07
  860.199291 -1.457282e+07
  860.060571 -1.469364e+07
  859.921852 -1.481126e+07
  859.783132 -1.492490e+07
  859.644413 -1.503386e+07
  859.505693 -1.513734e+07
  859.366974 -1.523462e+07
  859.228255 -1.532499e+07
  859.089535 -1.540778e+07
  858.950816 -1.548229e+07
  858.812096 -1.554794e+07
  858.673377 -1.560412e+07
  858.534657 -1.565029e+07
  858.395938 -1.568590e+07
  858.257218 -1.571051e+07
  858.118499 -1.572367e+07
  857.979780 -1.572499e+07
  857.841060 -1.571407e+07
  857.702341 -1.569064e+07
  857.563621 -1.565435e+07
  857.424902 -1.560499e+07
  857.286182 -1.554233e+07
  857.147463 -1.546614e+07
  857.008743 -1.537627e+07
  856.870024 -1.527261e+07
  856.731305 -1.515502e+07
  856.592585 -1.502342e+07
  856.453866 -1.487778e+07
  856.315146 -1.471806e+07
  856.176427 -1.454428e+07
  856.037707 -1.435648e+07
  855.898988 -1.415475e+07
  855.760268 -1.393921e+07
  855.621549 -1.371002e+07
  855.482830 -1.346741e+07
  855.344110 -1.321164e+07
  855.205391 -1.294303e+07
  855.066671 -1.266195e+07
  854.927952 -1.236882e+07
  854.789232 -1.206415e+07
  854.650513 -1.174844e+07
  854.511793 -1.142229e+07
  854.373074 -1.108634e+07
  854.234354 -1.074126e+07
  854.095635 -1.038776e+07
  853.956916 -1.002660e+07
  853.818196 -9.658536e+06
  853.679477 -9.284376e+06
  853.540757 -8.904928e+06
  853.402038 -8.520952e+06
  853.263318 -8.133288e+06
  853.124599 -7.742672e+06
  852.985879 -7.349872e+06
  852.847160 -6.955616e+06
  852.708441 -6.560544e+06
  852.569721 -6.165296e+06
  852.431002 -5.770408e+06
  852.292282 -5.376392e+06
  852.153563 -4.983656e+06
  852.014843 -4.592544e+06
  851.876124 -4.203312e+06
  851.737404 -3.816152e+06
  851.598685 -3.431152e+06
  851.459966 -3.048360e+06
  851.321246 -2.667696e+06
  851.182527 -2.289064e+06
  851.043807 -1.912320e+06
  850.905088 -1.537216e+06
  850.766368 -1.163496e+06
  850.627649 -7.908640e+05
  850.488929 -4.190160e+05
  850.350210 -4.764000e+04
  850.211491 3.235600e+05
  850.072771 6.948720e+05
  849.934052 1.066560e+06
  849.795332 1.438824e+06
  849.656613 1.811800e+06
  849.517893 2.185600e+06
  849.379174 2.560224e+06
  849.240454 2.935608e+06
  849.101735 3.311600e+06
  848.963015 3.687968e+06
  848.824296 4.064400e+06
  848.685577 4.440472e+06
  848.546857 4.815696e+06
  848.408138 5.189544e+06
  848.269418 5.561352e+06
  848.130699 5.930472e+06
  847.991979 6.296152e+06
  847.853260 6.657656e+06
  847.714540 7.014144e+06
  847.575821 7.364888e+06
  847.437102 7.709048e+06
  847.298382 8.045872e+06
  847.159663 8.374584e+06
  847.020943 8.694480e+06
  846.882224 9.004856e+06
  846.743504 9.305104e+06
  846.604785 9.594656e+06
  846.466065 9.873040e+06
  846.327346 1.013982e+07
  846.188627 1.039469e+07
  846.049907 1.063738e+07
  845.911188 1.086774e+07
  845.772468 1.108572e+07
  845.633749 1.129132e+07
  845.495029 1.148466e+07
  845.356310 1.166594e+07
  845.217590 1.183542e+07
  845.078871 1.199344e+07
  844.940152 1.214042e+07
  844.801432 1.227679e+07
  844.662713 1.240306e+07
  844.523993 1.251973e+07
  844.385274 1.262734e+07
  844.246554 1.272639e+07
  844.107835 1.281742e+07
  843.969115 1.290087e+07
  843.830396 1.297718e+07
  843.691677 1.304676e+07
  843.552957 1.310988e+07
  843.414238 1.316683e+07
  843.275518 1.321774e+07
  843.136799 1.326274e+07
  842.998079 1.330184e+07
  842.859360 1.333500e+07
  842.720640 1.336214e+07
  842.581921 1.338304e+07
  842.443201 1.339754e+07
  842.304482 1.340536e+07
  842.165763 1.340624e+07
  842.027043 1.339990e+07
  841.888324 1.338604e+07
  841.749604 1.336442e+07
  841.610885 1.333479e+07
  841.472165 1.329697e+07
  841.333446 1.325078e+07
  841.194726 1.319617e+07
  841.056007 1.313314e+07
  840.917288 1.306173e+07
  840.778568 1.298213e+07
  840.639849 1.289461e+07
  840.501129 1.279953e+07
  840.362410 1.269737e+07
  840.223690 1.258872e+07
  840.084971 1.247423e+07
  839.946251 1.235471e+07
  839.807532 1.223106e+07
  839.668813 1.210422e+07
  839.530093 1.197529e+07
  839.391374 1.184538e+07
  839.252654 1.171574e+07
  839.113935 1.158760e+07
  838.975215 1.146228e+07
  838.836496 1.134110e+07
  838.697776 1.122538e+07
  838.559057 1.111653e+07
  838.420338 1.101581e+07
  838.281618 1.092454e+07
  838.142899 1.084397e+07
  838.004179 1.077522e+07
  837.865460 1.071945e+07
  837.726740 1.067760e+07
  837.588021 1.065058e+07
  837.449301 1.063910e+07
  837.310582 1.064381e+07
  837.171863 1.066511e+07
  837.033143 1.070333e+07
  836.894424 1.075856e+07
  836.755704 1.083073e+07
  836.616985 1.091958e+07
  836.478265 1.102467e+07
  836.339546 1.114538e+07
  836.200826 1.128085e+07
  836.062107 1.143011e+07
  835.923387 1.159202e+07
  835.784668 1.176519e+07
  835.645949 1.194822e+07
  835.507229 1.213951e+07
  835.368510 1.233733e+07
  835.229790 1.253993e+07
  835.091071 1.274546e+07
  834.952351 1.295205e+07
  834.813632 1.315778e+07
  834.674912 1.336074e+07
  834.536193 1.355911e+07
  834.397474 1.375104e+07
  834.258754 1.393478e+07
  834.120035 1.410869e+07
  833.981315 1.427117e+07
  833.842596 1.442080e+07
  833.703876 1.455626e+07
  833.565157 1.467633e+07
  833.426437 1.477998e+07
  833.287718 1.486626e+07
  833.148999 1.493440e+07
  833.010279 1.498375e+07
  832.871560 1.501381e+07
  832.732840 1.502414e+07
  832.594121 1.501450e+07
  832.455401 1.498472e+07
  832.316682 1.493471e+07
  832.177962 1.486450e+07
  832.039243 1.477421e+07
  831.900524 1.466400e+07
  831.761804 1.453410e+07
  831.623085 1.438486e+07
  831.484365 1.421660e+07
  831.345646 1.402974e+07
  831.206926 1.382470e+07
  831.068207 1.360199e+07
  830.929487 1.336212e+07
  830.790768 1.310566e+07
  830.652048 1.283314e+07
  830.513329 1.254523e+07
  830.374610 1.224254e+07
  830.235890 1.192575e+07
  830.097171 1.159558e+07
  829.958451 1.125270e+07
  829.819732 1.089790e+07
  829.681012 1.053196e+07
  829.542293 1.015570e+07
  829.403573 9.769920e+06
  829.264854 9.375504e+06
  829.126135 8.973360e+06
  828.987415 8.564384e+06
  828.848696 8.149544e+06
  828.709976 7.729832e+06
  828.571257 7.306224e+06
  828.432537 6.879752e+06
  828.293818 6.451456e+06
  828.155098 6.022352e+06
  828.016379 5.593528e+06
  827.877660 5.165968e+06
  827.738940 4.740704e+06
  827.600221 4.318736e+06
  827.461501 3.901008e+06
  827.322782 3.488440e+06
  827.184062 3.081864e+06
  827.045343 2.682104e+06
  826.906623 2.289872e+06
  826.767904 1.905832e+06
  826.629185 1.530568e+06
  826.490465 1.164576e+06
  826.351746 8.083120e+05
  826.213026 4.621520e+05
  826.074307 1.263920e+05
  825.935587 -1.986960e+05
  825.796868 -5.129440e+05
  825.658148 -8.161840e+05
  825.519429 -1.108296e+06
  825.380710 -1.389168e+06
  825.241990 -1.658720e+06
  825.103271 -1.916848e+06
  824.964551 -2.163488e+06
  824.825832 -2.398496e+06
  824.687112 -2.621760e+06
  824.548393 -2.833128e+06
  824.409673 -3.032400e+06
  824.270954 -3.219336e+06
  824.132234 -3.393680e+06
  823.993515 -3.555176e+06
  823.854796 -3.703480e+06
  823.716076 -3.838304e+06
  823.577357 -3.959264e+06
  823.438637 -4.066064e+06
  823.299918 -4.158384e+06
  823.161198 -4.235944e+06
  823.022479 -4.298528e+06
  822.883759 -4.345984e+06
  822.745040 -4.378216e+06
  822.606321 -4.395248e+06
  822.467601 -4.397168e+06
  822.328882 -4.384256e+06
  822.190162 -4.356832e+06
  822.051443 -4.315400e+06
  821.912723 -4.260592e+06
  821.774004 -4.193160e+06
  821.635284 -4.113984e+06
  821.496565 -4.024104e+06
  821.357846 -3.924640e+06
  821.219126 -3.816864e+06
  821.080407 -3.702128e+06
  820.941687 -3.581848e+06
  820.802968 -3.457568e+06
  820.664248 -3.330864e+06
  820.525529 -3.203336e+06
  820.386809 -3.076688e+06
  820.248090 -2.952584e+06
  820.109371 -2.832712e+06
  819.970651 -2.718768e+06
  819.831932 -2.612448e+06
  819.693212 -2.515408e+06
  819.554493 -2.429312e+06
  819.415773 -2.355760e+06
  819.277054 -2.296320e+06
  819.138334 -2.252592e+06
  818.999615 -2.226056e+06
  818.860896 -2.218192e+06
  818.722176 -2.230424e+06
  818.583457 -2.264168e+06
  818.444737 -2.320744e+06
  818.306018 -2.401440e+06
  818.167298 -2.507512e+06
  818.028579 -2.640120e+06
  817.889859 -2.800384e+06
  817.751140 -2.989344e+06
  817.612420 -3.207912e+06
  817.473701 -3.456968e+06
  817.334982 -3.737240e+06
  817.196262 -4.049336e+06
  817.057543 -4.393744e+06
  816.918823 -4.770816e+06
  816.780104 -5.180720e+06
  816.641384 -5.623488e+06
  816.502665 -6.098944e+06
  816.363945 -6.606768e+06
  816.225226 -7.146392e+06
  816.086507 -7.717128e+06
  815.947787 -8.318048e+06
  815.809068 -8.948048e+06
  815.670348 -9.605832e+06
  815.531629 -1.028990e+07
  815.392909 -1.099861e+07
  815.254190 -1.173015e+07
  815.115470 -1.248255e+07
  814.976751 -1.325368e+07
  814.838032 -1.404136e+07
  814.699312 -1.484321e+07
  814.560593 -1.565688e+07
  814.421873 -1.647988e+07
  814.283154 -1.730974e+07
  814.144434 -1.814393e+07
  814.005715 -1.897999e+07
  813.866995 -1.981547e+07
  813.728276 -2.064796e+07
  813.589557 -2.147517e+07
  813.450837 -2.229487e+07
  813.312118 -2.310498e+07
  813.173398 -2.390355e+07
  813.034679 -2.468874e+07
  812.895959 -2.545885e+07
  812.757240 -2.621236e+07
  812.618520 -2.694790e+07
  812.479801 -2.766420e+07
  812.341081 -2.836016e+07
  812.202362 -2.903476e+07
  812.063643 -2.968714e+07
  811.924923 -3.031649e+07
  811.786204 -3.092210e+07
  811.647484 -3.150334e+07
  811.508765 -3.205960e+07
  811.370045 -3.259033e+07
  811.231326 -3.309498e+07
  811.092606 -3.357306e+07
  810.953887 -3.402408e+07
  810.815168 -3.444754e+07
  810.676448 -3.484300e+07
  810.537729 -3.520999e+07
  810.399009 -3.554807e+07
  810.260290 -3.585684e+07
  810.121570 -3.613594e+07
  809.982851 -3.638503e+07
  809.844131 -3.660386e+07
  809.705412 -3.679220e+07
  809.566693 -3.694991e+07
  809.427973 -3.707694e+07
  809.289254 -3.717328e+07
  809.150534 -3.723910e+07
  809.011815 -3.727458e+07
  808.873095 -3.728006e+07
  808.734376 -3.725590e+07
  808.595656 -3.720269e+07
  808.456937 -3.712100e+07
  808.318218 -3.701158e+07
  808.179498 -3.687528e+07
  808.040779 -3.671302e+07
  807.902059 -3.652582e+07
  807.763340 -3.631486e+07
  807.624620 -3.608135e+07
  807.485901 -3.582664e+07
  807.347181 -3.555213e+07
  807.208462 -3.525933e+07
  807.069743 -3.494978e+07
  806.931023 -3.462514e+07
  806.792304 -3.428710e+07
  806.653584 -3.393738e+07
  806.514865 -3.357781e+07
  806.376145 -3.321012e+07
  806.237426 -3.283616e+07
  806.098706 -3.245772e+07
  805.959987 -3.207658e+07
  805.821267 -3.169452e+07
  805.682548 -3.131325e+07
  805.543829 -3.093446e+07
  805.405109 -3.055971e+07
  805.266390 -3.019056e+07
  805.127670 -2.982846e+07
  804.988951 -2.947474e+07
  804.850231 -2.913066e+07
  804.711512 -2.879734e+07
  804.572792 -2.847583e+07
  804.434073 -2.816702e+07
  804.295354 -2.787167e+07
  804.156634 -2.759043e+07
  804.017915 -2.732380e+07
  803.879195 -2.707218e+07
  803.740476 -2.683581e+07
  803.601756 -2.661480e+07
  803.463037 -2.640914e+07
  803.324317 -2.621870e+07
  803.185598 -2.604325e+07
  803.046879 -2.588244e+07
  802.908159 -2.573584e+07
  802.769440 -2.560290e+07
  802.630720 -2.548305e+07
  802.492001 -2.537561e+07
  802.353281 -2.527989e+07
  802.214562 -2.519515e+07
  802.075842 -2.512066e+07
  801.937123 -2.505560e+07
  801.798404 -2.499923e+07
  801.659684 -2.495079e+07
  801.520965 -2.490949e+07
  801.382245 -2.487462e+07
  801.243526 -2.484541e+07
  801.104806 -2.482114e+07
  800.966087 -2.480111e+07
  800.827367 -2.478462e+07
  800.688648 -2.477095e+07
  800.549928 -2.475941e+07
  800.411209 -2.474929e+07
  800.272490 -2.473983e+07
  800.133770 -2.473035e+07
  799.995051 -2.472010e+07
  799.856331 -2.470831e+07
  799.717612 -2.469426e+07
  799.578892 -2.467722e+07
  799.440173 -2.465643e+07
  799.301453 -2.463119e+07
  799.162734 -2.460086e+07
  799.024015 -2.456478e+07
  798.885295 -2.452242e+07
  798.746576 -2.447326e+07
  798.607856 -2.441694e+07
  798.469137 -2.435313e+07
  798.330417 -2.428167e+07
  798.191698 -2.420243e+07
  798.052978 -2.411550e+07
  797.914259 -2.402099e+07
  797.775540 -2.391923e+07
  797.636820 -2.381057e+07
  797.498101 -2.369553e+07
  797.359381 -2.357471e+07
  797.220662 -2.344879e+07
  797.081942 -2.331854e+07
  796.943223 -2.318478e+07
  796.804503 -2.304834e+07
  796.665784 -2.291014e+07
  796.527065 -2.277106e+07
  796.388345 -2.263198e+07
  796.249626 -2.249379e+07
  796.110906 -2.235729e+07
  795.972187 -2.222323e+07
  795.833467 -2.209237e+07
  795.694748 -2.196527e+07
  795.556028 -2.184250e+07
  795.417309 -2.172450e+07
  795.278590 -2.161159e+07
  795.139870 -2.150403e+07
  795.001151 -2.140190e+07
  794.862431 -2.130526e+07
  794.723712 -2.121394e+07
  794.584992 -2.112778e+07
  794.446273 -2.104643e+07
  794.307553 -2.096946e+07
  794.168834 -2.089638e+07
  794.030114 -2.082662e+07
  793.891395 -2.075950e+07
  793.752676 -2.069430e+07
  793.613956 -2.063026e+07
  793.475237 -2.056664e+07
  793.336517 -2.050262e+07
  793.197798 -2.043739e+07
  793.059078 -2.037022e+07
  792.920359 -2.030036e+07
  792.781639 -2.022710e+07
  792.642920 -2.014985e+07
  792.504201 -2.006803e+07
  792.365481 -1.998116e+07
  792.226762 -1.988888e+07
  792.088042 -1.979090e+07
  791.949323 -1.968706e+07
  791.810603 -1.957729e+07
  791.671884 -1.946162e+07
  791.533164 -1.934022e+07
  791.394445 -1.921341e+07
  791.255726 -1.908150e+07
  791.117006 -1.894502e+07
  790.978287 -1.880454e+07
  790.839567 -1.866074e+07
  790.700848 -1.851434e+07
  790.562128 -1.836617e+07
  790.423409 -1.821707e+07
  790.284689 -1.806792e+07
  790.145970 -1.791966e+07
  790.007251 -1.777315e+07
  789.868531 -1.762930e+07
  789.729812 -1.748892e+07
  789.591092 -1.735284e+07
  789.452373 -1.722174e+07
  789.313653 -1.709630e+07
  789.174934 -1.697705e+07
  789.036214 -1.686443e+07
  788.897495 -1.675877e+07
  788.758776 -1.666027e+07
  788.620056 -1.656904e+07
  788.481337 -1.648504e+07
  788.342617 -1.640810e+07
  788.203898 -1.633799e+07
  788.065178 -1.627430e+07
  787.926459 -1.621654e+07
  787.787739 -1.616418e+07
  787.649020 -1.611649e+07
  787.510300 -1.607274e+07
  787.371581 -1.603209e+07
  787.232862 -1.599364e+07
  787.094142 -1.595642e+07
  786.955423 -1.591946e+07
  786.816703 -1.588162e+07
  786.677984 -1.584189e+07
  786.539264 -1.579910e+07
  786.400545 -1.575210e+07
  786.261825 -1.569975e+07
  786.123106 -1.564087e+07
  785.984387 -1.557432e+07
  785.845667 -1.549892e+07
  785.706948 -1.541359e+07
  785.568228 -1.531723e+07
  785.429509 -1.520883e+07
  785.290789 -1.508742e+07
  785.152070 -1.495211e+07
  785.013350 -1.480213e+07
  784.874631 -1.463674e+07
  784.735912 -1.445541e+07
  784.597192 -1.425765e+07
  784.458473 -1.404316e+07
  784.319753 -1.381175e+07
  784.181034 -1.356338e+07
  784.042314 -1.329822e+07
  783.903595 -1.301646e+07
  783.764875 -1.271858e+07
  783.626156 -1.240512e+07
  783.487437 -1.207678e+07
  783.348717 -1.173440e+07
  783.209998 -1.137890e+07
  783.071278 -1.101137e+07
  782.932559 -1.063290e+07
  782.793839 -1.024474e+07
  782.655120 -9.848184e+06
  782.516400 -9.444488e+06
  782.377681 -9.035056e+06
  782.238961 -8.621216e+06
  782.100242 -8.204384e+06
  781.961523 -7.785888e+06
  781.822803 -7.367088e+06
  781.684084 -6.949328e+06
  781.545364 -6.533888e+06
  781.406645 -6.122024e+06
  781.267925 -5.715000e+06
  781.129206 -5.313968e+06
  780.990486 -4.920112e+06
  780.851767 -4.534544e+06
  780.713048 -4.158392e+06
  780.574328 -3.792688e+06
  780.435609 -3.438496e+06
  780.296889 -3.096832e+06
  780.158170 -2.768720e+06
  780.019450 -2.455168e+06
  779.880731 -2.157152e+06
  779.742011 -1.875664e+06
  779.603292 -1.611664e+06
  779.464573 -1.366112e+06
  779.325853 -1.139944e+06
  779.187134 -9.340400e+05
  779.048414 -7.492880e+05
  778.909695 -5.865040e+05
  778.770975 -4.464320e+05
  778.632256 -3.297360e+05
  778.493536 -2.369680e+05
  778.354817 -1.686000e+05
  778.216098 -1.249680e+05
  778.077378 -1.062240e+05
  777.938659 -1.124160e+05
  777.799939 -1.433520e+05
  777.661220 -1.986960e+05
  777.522500 -2.779280e+05
  777.383781 -3.803120e+05
  777.245061 -5.049120e+05
  777.106342 -6.506240e+05
  776.967623 -8.161280e+05
  776.828903 -9.999680e+05
  776.690184 -1.200488e+06
  776.551464 -1.415920e+06
  776.412745 -1.644376e+06
  776.274025 -1.883848e+06
  776.135306 -2.132296e+06
  775.996586 -2.387624e+06
  775.857867 -2.647736e+06
  775.719147 -2.910512e+06
  775.580428 -3.173952e+06
  775.441709 -3.436080e+06
  775.302989 -3.695048e+06
  775.164270 -3.949152e+06
  775.025550 -4.196808e+06
  774.886831 -4.436640e+06
  774.748111 -4.667456e+06
  774.609392 -4.888232e+06
  774.470672 -5.098200e+06
  774.331953 -5.296784e+06
  774.193234 -5.483624e+06
  774.054514 -5.658528e+06
  773.915795 -5.821560e+06
  773.777075 -5.972872e+06
  773.638356 -6.112880e+06
  773.499636 -6.242096e+06
  773.360917 -6.361128e+06
  773.222197 -6.470728e+06
  773.083478 -6.571728e+06
  772.944759 -6.665048e+06
  772.806039 -6.751584e+06
  772.667320 -6.832336e+06
  772.528600 -6.908288e+06
  772.389881 -6.980448e+06
  772.251161 -7.049776e+06
  772.112442 -7.117248e+06
  771.973722 -7.183808e+06
  771.835003 -7.250360e+06
  771.696284 -7.317760e+06
  771.557564 -7.386840e+06
  771.418845 -7.458352e+06
  771.280125 -7.533032e+06
  771.141406 -7.611472e+06
  771.002686 -7.694304e+06
  770.863967 -7.781992e+06
  770.725247 -7.875000e+06
  770.586528 -7.973696e+06
  770.447809 -8.078352e+06
  770.309089 -8.189192e+06
  770.170370 -8.306336e+06
  770.031650 -8.429856e+06
  769.892931 -8.559728e+06
  769.754211 -8.695888e+06
  769.615492 -8.838136e+06
  769.476772 -8.986280e+06
  769.338053 -9.140000e+06
  769.199333 -9.298920e+06
  769.060614 -9.462584e+06
  768.921895 -9.630472e+06
  768.783175 -9.801960e+06
  768.644456 -9.976392e+06
  768.505736 -1.015298e+07
  768.367017 -1.033090e+07
  768.228297 -1.050921e+07
  768.089578 -1.068690e+07
  767.950858 -1.086287e+07
  767.812139 -1.103600e+07
  767.673420 -1.120503e+07
  767.534700 -1.136872e+07
  767.395981 -1.152573e+07
  767.257261 -1.167476e+07
  767.118542 -1.181446e+07
  766.979822 -1.194354e+07
  766.841103 -1.206070e+07
  766.702383 -1.216477e+07
  766.563664 -1.225458e+07
  766.424945 -1.232912e+07
  766.286225 -1.238747e+07
  766.147506 -1.242883e+07
  766.008786 -1.245257e+07
  765.870067 -1.245820e+07
  765.731347 -1.244536e+07
  765.592628 -1.241384e+07
  765.453908 -1.236362e+07
  765.315189 -1.229474e+07
  765.176470 -1.220745e+07
  765.037750 -1.210202e+07
  764.899031 -1.197892e+07
  764.760311 -1.183860e+07
  764.621592 -1.168166e+07
  764.482872 -1.150868e+07
  764.344153 -1.132035e+07
  764.205433 -1.111736e+07
  764.066714 -1.090040e+07
  763.927994 -1.067017e+07
  763.789275 -1.042739e+07
  763.650556 -1.017280e+07
  763.511836 -9.907128e+06
  763.373117 -9.631096e+06
  763.234397 -9.345456e+06
  763.095678 -9.051008e+06
  762.956958 -8.748528e+06
  762.818239 -8.438856e+06
  762.679519 -8.122864e+06
  762.540800 -7.801496e+06
  762.402081 -7.475704e+06
  762.263361 -7.146528e+06
  762.124642 -6.815056e+06
  761.985922 -6.482416e+06
  761.847203 -6.149784e+06
  761.708483 -5.818384e+06
  761.569764 -5.489424e+06
  761.431044 -5.164160e+06
  761.292325 -4.843816e+06
  761.153606 -4.529576e+06
  761.014886 -4.222616e+06
  760.876167 -3.923976e+06
  760.737447 -3.634648e+06
  760.598728 -3.355496e+06
  760.460008 -3.087224e+06
  760.321289 -2.830416e+06
  760.182569 -2.585448e+06
  760.043850 -2.352568e+06
  759.905131 -2.131784e+06
  759.766411 -1.922952e+06
  759.627692 -1.725704e+06
  759.488972 -1.539528e+06
  759.350253 -1.363744e+06
  759.211533 -1.197480e+06
  759.072814 -1.039744e+06
  758.934094 -8.895040e+05
  758.795375 -7.455360e+05
  758.656656 -6.066480e+05
  758.517936 -4.716000e+05
  758.379217 -3.391520e+05
  758.240497 -2.081040e+05
  758.101778 -7.731200e+04
  757.963058 5.423200e+04
  757.824339 1.875440e+05
  757.685619 3.233760e+05
  757.546900 4.624560e+05
  757.408180 6.052800e+05
  757.269461 7.522320e+05
  757.130742 9.035440e+05
  756.992022 1.059256e+06
  756.853303 1.219288e+06
  756.714583 1.383416e+06
  756.575864 1.551264e+06
  756.437144 1.722360e+06
  756.298425 1.896104e+06
  756.159705 2.071792e+06
  756.020986 2.248688e+06
  755.882267 2.425976e+06
  755.743547 2.602752e+06
  755.604828 2.778192e+06
  755.466108 2.951360e+06
  755.327389 3.121376e+06
  755.188669 3.287416e+06
  755.049950 3.448664e+06
  754.911230 3.604344e+06
  754.772511 3.753752e+06
  754.633792 3.896304e+06
  754.495072 4.031416e+06
  754.356353 4.158656e+06
  754.217633 4.277624e+06
  754.078914 4.388024e+06
  753.940194 4.489632e+06
  753.801475 4.582296e+06
  753.662755 4.665936e+06
  753.524036 4.740528e+06
  753.385317 4.806040e+06
  753.246597 4.862552e+06
  753.107878 4.910136e+06
  752.969158 4.948840e+06
  752.830439 4.978752e+06
  752.691719 4.999936e+06
  752.553000 5.012440e+06
  752.414280 5.016272e+06
  752.275561 5.011424e+06
  752.136842 4.997840e+06
  751.998122 4.975408e+06
  751.859403 4.944024e+06
  751.720683 4.903480e+06
  751.581964 4.853608e+06
  751.443244 4.794128e+06
  751.304525 4.724848e+06
  751.165805 4.645488e+06
  751.027086 4.555824e+06
  750.888366 4.455656e+06
  750.749647 4.344800e+06
  750.610928 4.223184e+06
  750.472208 4.090752e+06
  750.333489 3.947608e+06
  750.194769 3.793928e+06
  750.056050 3.630024e+06
  749.917330 3.456360e+06
  749.778611 3.273536e+06
  749.639891 3.082312e+06
  749.501172 2.883616e+06
  749.362453 2.678528e+06
  749.223733 2.468280e+06
  749.085014 2.254280e+06
  748.946294 2.038048e+06
  748.807575 1.821248e+06
  748.668855 1.605616e+06
  748.530136 1.392992e+06
  748.391416 1.185272e+06
  748.252697 9.843760e+05
  748.113978 7.922080e+05
  747.975258 6.106240e+05
  747.836539 4.414800e+05
  747.697819 2.864560e+05
  747.559100 1.471600e+05
  747.420380 2.503200e+04
  747.281661 -7.864000e+04
  747.142941 -1.627920e+05
  747.004222 -2.265440e+05
  746.865503 -2.692000e+05
  746.726783 -2.903440e+05
  746.588064 -2.896960e+05
  746.449344 -2.672400e+05
  746.310625 -2.231120e+05
  746.171905 -1.576640e+05
  746.033186 -7.137600e+04
  745.894466 3.512000e+04
  745.755747 1.611120e+05
  745.617027 3.057680e+05
  745.478308 4.681840e+05
  745.339589 6.474720e+05
  745.200869 8.426800e+05
  745.062150 1.052888e+06
  744.923430 1.277216e+06
  744.784711 1.514800e+06
  744.645991 1.764856e+06
  744.507272 2.026648e+06
  744.368552 2.299504e+06
  744.229833 2.582840e+06
  744.091114 2.876128e+06
  743.952394 3.178920e+06
  743.813675 3.490816e+06
  743.674955 3.811464e+06
  743.536236 4.140560e+06
  743.397516 4.477824e+06
  743.258797 4.822976e+06
  743.120077 5.175752e+06
  742.981358 5.535872e+06
  742.842639 5.902968e+06
  742.703919 6.276736e+06
  742.565200 6.656704e+06
  742.426480 7.042360e+06
  742.287761 7.433160e+06
  742.149041 7.828392e+06
  742.010322 8.227272e+06
  741.871602 8.628912e+06
  741.732883 9.032312e+06
  741.594164 9.436360e+06
  741.455444 9.839832e+06
  741.316725 1.024142e+07
  741.178005 1.063971e+07
  741.039286 1.103324e+07
  740.900566 1.142044e+07
  740.761847 1.179971e+07
  740.623127 1.216944e+07
  740.484408 1.252800e+07
  740.345689 1.287378e+07
  740.206969 1.320518e+07
  740.068250 1.352071e+07
  739.929530 1.381890e+07
  739.790811 1.409842e+07
  739.652091 1.435806e+07
  739.513372 1.459674e+07
  739.374652 1.481354e+07
  739.235933 1.500770e+07
  739.097213 1.517866e+07
  738.958494 1.532603e+07
  738.819775 1.544962e+07
  738.681055 1.554942e+07
  738.542336 1.562562e+07
  738.403616 1.567859e+07
  738.264897 1.570888e+07
  738.126177 1.571718e+07
  737.987458 1.570434e+07
  737.848738 1.567132e+07
  737.710019 1.561918e+07
  737.571300 1.554910e+07
  737.432580 1.546228e+07
  737.293861 1.535998e+07
  737.155141 1.524349e+07
  737.016422 1.511404e+07
  736.877702 1.497290e+07
  736.738983 1.482127e+07
  736.600263 1.466033e+07
  736.461544 1.449111e+07
  736.322825 1.431467e+07
  736.184105 1.413191e+07
  736.045386 1.394369e+07
  735.906666 1.375072e+07
  735.767947 1.355369e+07
  735.629227 1.335318e+07
  735.490508 1.314962e+07
  735.351788 1.294350e+07
  735.213069 1.273515e+07
  735.074350 1.252483e+07
  734.935630 1.231280e+07
  734.796911 1.209923e+07
  734.658191 1.188431e+07
  734.519472 1.166816e+07
  734.380752 1.145090e+07
  734.242033 1.123264e+07
  734.103313 1.101349e+07
  733.964594 1.079357e+07
  733.825875 1.057298e+07
  733.687155 1.035189e+07
  733.548436 1.013041e+07
  733.409716 9.908728e+06
  733.270997 9.687032e+06
  733.132277 9.465512e+06
  732.993558 9.244392e+06
  732.854838 9.023904e+06
  732.716119 8.804256e+06
  732.577399 8.585712e+06
  732.438680 8.368488e+06
  732.299961 8.152848e+06
  732.161241 7.938992e+06
  732.022522 7.727112e+06
  731.883802 7.517432e+06
  731.745083 7.310080e+06
  731.606363 7.105208e+06
  731.467644 6.902912e+06
  731.328924 6.703280e+06
  731.190205 6.506376e+06
  731.051486 6.312224e+06
  730.912766 6.120800e+06
  730.774047 5.932064e+06
  730.635327 5.745984e+06
  730.496608 5.562488e+06
  730.357888 5.381464e+06
  730.219169 5.202800e+06
  730.080449 5.026384e+06
  729.941730 4.852080e+06
  729.803011 4.679736e+06
  729.664291 4.509248e+06
  729.525572 4.340464e+06
  729.386852 4.173280e+06
  729.248133 4.007632e+06
  729.109413 3.843416e+06
  728.970694 3.680632e+06
  728.831974 3.519304e+06
  728.693255 3.359520e+06
  728.554536 3.201408e+06
  728.415816 3.045208e+06
  728.277097 2.891208e+06
  728.138377 2.739816e+06
  727.999658 2.591504e+06
  727.860938 2.446872e+06
  727.722219 2.306568e+06
  727.583499 2.171360e+06
  727.444780 2.042096e+06
  727.306060 1.919672e+06
  727.167341 1.805112e+06
  727.028622 1.699400e+06
  726.889902 1.603608e+06
  726.751183 1.518768e+06
  726.612463 1.445960e+06
  726.473744 1.386192e+06
  726.335024 1.340416e+06
  726.196305 1.309536e+06
  726.057585 1.294344e+06
  725.918866 1.295528e+06
  725.780147 1.313632e+06
  725.641427 1.349072e+06
  725.502708 1.402128e+06
  725.363988 1.472880e+06
  725.225269 1.561272e+06
  725.086549 1.667096e+06
  724.947830 1.789960e+06
  724.809110 1.929304e+06
  724.670391 2.084440e+06
  724.531672 2.254528e+06
  724.392952 2.438592e+06
  724.254233 2.635560e+06
  724.115513 2.844200e+06
  723.976794 3.063272e+06
  723.838074 3.291392e+06
  723.699355 3.527168e+06
  723.560635 3.769128e+06
  723.421916 4.015792e+06
  723.283197 4.265656e+06
  723.144477 4.517224e+06
  723.005758 4.769024e+06
  722.867038 5.019576e+06
  722.728319 5.267472e+06
  722.589599 5.511368e+06
  722.450880 5.749944e+06
  722.312160 5.981968e+06
  722.173441 6.206304e+06
  722.034722 6.421904e+06
  721.896002 6.627840e+06
  721.757283 6.823272e+06
  721.618563 7.007496e+06
  721.479844 7.179904e+06
  721.341124 7.340064e+06
  721.202405 7.487648e+06
  721.063685 7.622456e+06
  720.924966 7.744488e+06
  720.786246 7.853800e+06
  720.647527 7.950648e+06
  720.508808 8.035384e+06
  720.370088 8.108512e+06
  720.231369 8.170680e+06
  720.092649 8.222600e+06
  719.953930 8.265128e+06
  719.815210 8.299224e+06
  719.676491 8.325904e+06
  719.537771 8.346256e+06
  719.399052 8.361408e+06
  719.260333 8.372568e+06
  719.121613 8.380888e+06
  718.982894 8.387568e+06
  718.844174 8.393760e+06
  718.705455 8.400528e+06
  718.566735 8.408952e+06
  718.428016 8.419968e+06
  718.289296 8.434416e+06
  718.150577 8.453032e+06
  718.011858 8.476448e+06
  717.873138 8.505104e+06
  717.734419 8.539352e+06
  717.595699 8.579392e+06
  717.456980 8.625256e+06
  717.318260 8.676896e+06
  717.179541 8.734064e+06
  717.040821 8.796440e+06
  716.902102 8.863592e+06
  716.763383 8.934992e+06
  716.624663 9.010064e+06
  716.485944 9.088128e+06
  716.347224 9.168536e+06
  716.208505 9.250528e+06
  716.069785 9.333424e+06
  715.931066 9.416504e+06
  715.792346 9.499136e+06
  715.653627 9.580648e+06
  715.514908 9.660480e+06
  715.376188 9.738112e+06
  715.237469 9.813088e+06
  715.098749 9.885024e+06
  714.960030 9.953608e+06
  714.821310 1.001861e+07
  714.682591 1.007986e+07
  714.543871 1.013726e+07
  714.405152 1.019082e+07
  714.266432 1.024058e+07
  714.127713 1.028666e+07
  713.988994 1.032922e+07
  713.850274 1.036853e+07
  713.711555 1.040486e+07
  713.572835 1.043854e+07
  713.434116 1.046996e+07
  713.295396 1.049950e+07
  713.156677 1.052762e+07
  713.017957 1.055475e+07
  712.879238 1.058136e+07
  712.740519 1.060789e+07
  712.601799 1.063478e+07
  712.463080 1.066246e+07
  712.324360 1.069129e+07
  712.185641 1.072162e+07
  712.046921 1.075372e+07
  711.908202 1.078783e+07
  711.769482 1.082408e+07
  711.630763 1.086256e+07
  711.492044 1.090324e+07
  711.353324 1.094606e+07
  711.214605 1.099082e+07
  711.075885 1.103727e+07
  710.937166 1.108510e+07
  710.798446 1.113387e+07
  710.659727 1.118317e+07
  710.521007 1.123246e+07
  710.382288 1.128119e+07
  710.243569 1.132881e+07
  710.104849 1.137474e+07
  709.966130 1.141839e+07
  709.827410 1.145924e+07
  709.688691 1.149675e+07
  709.549971 1.153046e+07
  709.411252 1.156000e+07
  709.272532 1.158502e+07
  709.133813 1.160529e+07
  708.995093 1.162066e+07
  708.856374 1.163105e+07
  708.717655 1.163653e+07
  708.578935 1.163722e+07
  708.440216 1.163338e+07
  708.301496 1.162532e+07
  708.162777 1.161345e+07
  708.024057 1.159824e+07
  707.885338 1.158029e+07
  707.746618 1.156018e+07
  707.607899 1.153858e+07
  707.469180 1.151618e+07
  707.330460 1.149371e+07
  707.191741 1.147190e+07
  707.053021 1.145147e+07
  706.914302 1.143318e+07
  706.775582 1.141770e+07
  706.636863 1.140569e+07
  706.498143 1.139782e+07
  706.359424 1.139471e+07
  706.220705 1.139685e+07
  706.081985 1.140478e+07
  705.943266 1.141894e+07
  705.804546 1.143975e+07
  705.665827 1.146756e+07
  705.527107 1.150269e+07
  705.388388 1.154542e+07
  705.249668 1.159598e+07
  705.110949 1.165460e+07
  704.972230 1.172147e+07
  704.833510 1.179673e+07
  704.694791 1.188054e+07
  704.556071 1.197302e+07
  704.417352 1.207426e+07
  704.278632 1.218433e+07
  704.139913 1.230330e+07
  704.001193 1.243115e+07
  703.862474 1.256786e+07
  703.723755 1.271338e+07
  703.585035 1.286755e+07
  703.446316 1.303022e+07
  703.307596 1.320111e+07
  703.168877 1.337992e+07
  703.030157 1.356621e+07
  702.891438 1.375955e+07
  702.752718 1.395936e+07
  702.613999 1.416500e+07
  702.475279 1.437574e+07
  702.336560 1.459078e+07
  702.197841 1.480926e+07
  702.059121 1.503026e+07
  701.920402 1.525274e+07
  701.781682 1.547570e+07
  701.642963 1.569803e+07
  701.504243 1.591862e+07
  701.365524 1.613636e+07
  701.226804 1.635008e+07
  701.088085 1.655868e+07
  700.949366 1.676103e+07
  700.810646 1.695605e+07
  700.671927 1.714271e+07
  700.533207 1.732002e+07
  700.394488 1.748702e+07
  700.255768 1.764288e+07
  700.117049 1.778681e+07
  699.978329 1.791810e+07
  699.839610 1.803613e+07
  699.700891 1.814038e+07
  699.562171 1.823045e+07
  699.423452 1.830597e+07
  699.284732 1.836671e+07
  699.146013 1.841254e+07
  699.007293 1.844337e+07
  698.868574 1.845925e+07
  698.729854 1.846029e+07
  698.591135 1.844668e+07
  698.452416 1.841868e+07
  698.313696 1.837664e+07
  698.174977 1.832095e+07
  698.036257 1.825210e+07
  697.897538 1.817059e+07
  697.758818 1.807703e+07
  697.620099 1.797205e+07
  697.481379 1.785638e+07
  697.342660 1.773080e+07
  697.203941 1.759612e+07
  697.065221 1.745326e+07
  696.926502 1.730323e+07
  696.787782 1.714706e+07
  696.649063 1.698593e+07
  696.510343 1.682106e+07
  696.371624 1.665378e+07
  696.232904 1.648552e+07
  696.094185 1.631777e+07
  695.955465 1.615212e+07
  695.816746 1.599027e+07
  695.678027 1.583391e+07
  695.539307 1.568486e+07
  695.400588 1.554494e+07
  695.261868 1.541599e+07
  695.123149 1.529985e+07
  694.984429 1.519830e+07
  694.845710 1.511309e+07
  694.706990 1.504586e+07
  694.568271 1.499813e+07
  694.429552 1.497125e+07
  694.290832 1.496641e+07
  694.152113 1.498459e+07
  694.013393 1.502648e+07
  693.874674 1.509257e+07
  693.735954 1.518301e+07
  693.597235 1.529768e+07
  693.458515 1.543617e+07
  693.319796 1.559773e+07
  693.181077 1.578128e+07
  693.042357 1.598548e+07
  692.903638 1.620868e+07
  692.764918 1.644893e+07
  692.626199 1.670409e+07
  692.487479 1.697173e+07
  692.348760 1.724926e+07
  692.210040 1.753394e+07
  692.071321 1.782289e+07
  691.932602 1.811313e+07
  691.793882 1.840167e+07
  691.655163 1.868546e+07
  691.516443 1.896154e+07
  691.377724 1.922693e+07
  691.239004 1.947882e+07
  691.100285 1.971450e+07
  690.961565 1.993138e+07
  690.822846 2.012709e+07
  690.684126 2.029943e+07
  690.545407 2.044646e+07
  690.406688 2.056646e+07
  690.267968 2.065789e+07
  690.129249 2.071954e+07
  689.990529 2.075042e+07
  689.851810 2.074981e+07
  689.713090 2.071718e+07
  689.574371 2.065232e+07
  689.435651 2.055521e+07
  689.296932 2.042602e+07
  689.158213 2.026515e+07
  689.019493 2.007318e+07
  688.880774 1.985086e+07
  688.742054 1.959904e+07
  688.603335 1.931874e+07
  688.464615 1.901108e+07
  688.325896 1.867723e+07
  688.187176 1.831846e+07
  688.048457 1.793606e+07
  687.909738 1.753138e+07
  687.771018 1.710577e+07
  687.632299 1.666062e+07
  687.493579 1.619728e+07
  687.354860 1.571714e+07
  687.216140 1.522156e+07
  687.077421 1.471184e+07
  686.938701 1.418935e+07
  686.799982 1.365538e+07
  686.661263 1.311122e+07
  686.522543 1.255812e+07
  686.383824 1.199736e+07
  686.245104 1.143014e+07
  686.106385 1.085772e+07
  685.967665 1.028128e+07
  685.828946 9.702024e+06
  685.690226 9.121104e+06
  685.551507 8.539704e+06
  685.412788 7.958960e+06
  685.274068 7.380000e+06
  685.135349 6.803912e+06
  684.996629 6.231784e+06
  684.857910 5.664672e+06
  684.719190 5.103544e+06
  684.580471 4.549368e+06
  684.441751 4.003040e+06
  684.303032 3.465392e+06
  684.164312 2.937168e+06
  684.025593 2.419064e+06
  683.886874 1.911664e+06
  683.748154 1.415448e+06
  683.609435 9.307920e+05
  683.470715 4.579920e+05
  683.331996 -2.760000e+03
  683.193276 -4.514400e+05
  683.054557 -8.880720e+05
  682.915837 -1.312792e+06
  682.777118 -1.725864e+06
  682.638399 -2.127592e+06
  682.499679 -2.518424e+06
  682.360960 -2.898800e+06
  682.222240 -3.269272e+06
  682.083521 -3.630416e+06
  681.944801 -3.982800e+06
  681.806082 -4.327064e+06
  681.667362 -4.663792e+06
  681.528643 -4.993560e+06
  681.389924 -5.316888e+06
  681.251204 -5.634256e+06
  681.112485 -5.946048e+06
  680.973765 -6.252576e+06
  680.835046 -6.554048e+06
  680.696326 -6.850544e+06
  680.557607 -7.142056e+06
  680.418887 -7.428432e+06
  680.280168 -7.709400e+06
  680.141449 -7.984600e+06
  680.002729 -8.253520e+06
  679.864010 -8.515584e+06
  679.725290 -8.770128e+06
  679.586571 -9.016408e+06
  679.447851 -9.253640e+06
  679.309132 -9.481016e+06
  679.170412 -9.697736e+06
  679.031693 -9.903024e+06
  678.892974 -1.009610e+07
  678.754254 -1.027632e+07
  678.615535 -1.044303e+07
  678.476815 -1.059574e+07
  678.338096 -1.073402e+07
  678.199376 -1.085758e+07
  678.060657 -1.096622e+07
  677.921937 -1.105985e+07
  677.783218 -1.113850e+07
  677.644498 -1.120231e+07
  677.505779 -1.125149e+07
  677.367060 -1.128634e+07
  677.228340 -1.130722e+07
  677.089621 -1.131450e+07
  676.950901 -1.130864e+07
  676.812182 -1.129005e+07
  676.673462 -1.125918e+07
  676.534743 -1.121638e+07
  676.396023 -1.116206e+07
  676.257304 -1.109649e+07
  676.118585 -1.101990e+07
  675.979865 -1.093246e+07
  675.841146 -1.083425e+07
  675.702426 -1.072526e+07
  675.563707 -1.060542e+07
  675.424987 -1.047458e+07
  675.286268 -1.033254e+07
  675.147548 -1.017904e+07
  675.008829 -1.001380e+07
  674.870110 -9.836520e+06
  674.731390 -9.646912e+06
  674.592671 -9.444720e+06
  674.453951 -9.229736e+06
  674.315232 -9.001816e+06
  674.176512 -8.760928e+06
  674.037793 -8.507112e+06
  673.899073 -8.240576e+06
  673.760354 -7.961672e+06
  673.621635 -7.670832e+06
  673.482915 -7.368688e+06
  673.344196 -7.056016e+06
  673.205476 -6.733744e+06
  673.066757 -6.402904e+06
  672.928037 -6.064728e+06
  672.789318 -5.720504e+06
  672.650598 -5.371632e+06
  672.511879 -5.019640e+06
  672.373159 -4.666096e+06
  672.234440 -4.312600e+06
  672.095721 -3.960808e+06
  671.957001 -3.612368e+06
  671.818282 -3.268928e+06
  671.679562 -2.932088e+06
  671.540843 -2.603368e+06
  671.402123 -2.284280e+06
  671.263404 -1.976152e+06
  671.124684 -1.680296e+06
  670.985965 -1.397808e+06
  670.847246 -1.129720e+06
  670.708526 -8.768720e+05
  670.569807 -6.399920e+05
  670.431087 -4.195680e+05
  670.292368 -2.160320e+05
  670.153648 -2.960800e+04
  670.014929 1.396800e+05
  669.876209 2.918880e+05
  669.737490 4.272560e+05
  669.598771 5.461520e+05
  669.460051 6.490320e+05
  669.321332 7.364800e+05
  669.182612 8.091680e+05
  669.043893 8.678240e+05
  668.905173 9.132400e+05
  668.766454 9.462480e+05
  668.627734 9.677200e+05
  668.489015 9.784720e+05
  668.350296 9.793920e+05
  668.211576 9.713280e+05
  668.072857 9.551040e+05
  667.934137 9.314800e+05
  667.795418 9.012320e+05
  667.656698 8.650800e+05
  667.517979 8.236800e+05
  667.379259 7.776960e+05
  667.240540 7.276720e+05
  667.101821 6.742240e+05
  666.963101 6.178560e+05
  666.824382 5.591040e+05
  666.685662 4.984400e+05
  666.546943 4.363520e+05
  666.408223 3.733120e+05
  666.269504 3.097680e+05
  666.130784 2.462400e+05
  665.992065 1.831680e+05
  665.853345 1.210560e+05
  665.714626 6.040000e+04
  665.575907 1.736000e+03
  665.437187 -5.442400e+04
  665.298468 -1.075360e+05
  665.159748 -1.570480e+05
  665.021029 -2.024080e+05
  664.882309 -2.430880e+05
  664.743590 -2.785200e+05
  664.604870 -3.082160e+05
  664.466151 -3.316640e+05
  664.327432 -3.484320e+05
  664.188712 -3.581120e+05
  664.049993 -3.603600e+05
  663.911273 -3.549360e+05
  663.772554 -3.416320e+05
  663.633834 -3.203760e+05
  663.495115 -2.911840e+05
  663.356395 -2.542080e+05
  663.217676 -2.096560e+05
  663.078957 -1.579440e+05
  662.940237 -9.953600e+04
  662.801518 -3.506400e+04
  662.662798 3.472800e+04
  662.524079 1.089920e+05
  662.385359 1.867680e+05
  662.246640 2.670240e+05
  662.107920 3.486080e+05
  661.969201 4.303280e+05
  661.830482 5.109440e+05
  661.691762 5.892000e+05
  661.553043 6.638000e+05
  661.414323 7.334560e+05
  661.275604 7.969360e+05
  661.136884 8.530240e+05
  660.998165 9.005440e+05
  660.859445 9.384400e+05
  660.720726 9.656720e+05
  660.582007 9.813040e+05
  660.443287 9.845200e+05
  660.304568 9.745520e+05
  660.165848 9.507600e+05
  660.027129 9.125920e+05
  659.888409 8.595840e+05
  659.749690 7.913840e+05
  659.610970 7.076960e+05
  659.472251 6.083600e+05
  659.333531 4.932960e+05
  659.194812 3.624640e+05
  659.056093 2.159760e+05
  658.917373 5.396800e+04
  658.778654 -1.232720e+05
  658.639934 -3.154560e+05
  658.501215 -5.221200e+05
  658.362495 -7.428080e+05
  658.223776 -9.768880e+05
  658.085056 -1.223720e+06
  657.946337 -1.482528e+06
  657.807618 -1.752464e+06
  657.668898 -2.032632e+06
  657.530179 -2.321984e+06
  657.391459 -2.619456e+06
  657.252740 -2.923872e+06
  657.114020 -3.234008e+06
  656.975301 -3.548544e+06
  656.836581 -3.866072e+06
  656.697862 -4.185184e+06
  656.559143 -4.504392e+06
  656.420423 -4.822112e+06
  656.281704 -5.136776e+06
  656.142984 -5.446776e+06
  656.004265 -5.750488e+06
  655.865545 -6.046272e+06
  655.726826 -6.332512e+06
  655.588106 -6.607640e+06
  655.449387 -6.870152e+06
  655.310668 -7.118576e+06
  655.171948 -7.351600e+06
  655.033229 -7.568016e+06
  654.894509 -7.766744e+06
  654.755790 -7.946904e+06
  654.617070 -8.107784e+06
  654.478351 -8.248888e+06
  654.339631 -8.369960e+06
  654.200912 -8.470912e+06
  654.062192 -8.551936e+06
  653.923473 -8.613472e+06
  653.784754 -8.656144e+06
  653.646034 -8.680784e+06
  653.507315 -8.688456e+06
  653.368595 -8.680392e+06
  653.229876 -8.657976e+06
  653.091156 -8.622712e+06
  652.952437 -8.576208e+06
  652.813717 -8.520144e+06
  652.674998 -8.456272e+06
  652.536279 -8.386296e+06
  652.397559 -8.311920e+06
  652.258840 -8.234816e+06
  652.120120 -8.156576e+06
  651.981401 -8.078672e+06
  651.842681 -8.002496e+06
  651.703962 -7.929304e+06
  651.565242 -7.860192e+06
  651.426523 -7.796112e+06
  651.287804 -7.737872e+06
  651.149084 -7.686088e+06
  651.010365 -7.641240e+06
  650.871645 -7.603648e+06
  650.732926 -7.573464e+06
  650.594206 -7.550704e+06
  650.455487 -7.535216e+06
  650.316767 -7.526768e+06
  650.178048 -7.524960e+06
  650.039329 -7.529312e+06
  649.900609 -7.539248e+06
  649.761890 -7.554104e+06
  649.623170 -7.573168e+06
  649.484451 -7.595680e+06
  649.345731 -7.620824e+06
  649.207012 -7.647792e+06
  649.068292 -7.675776e+06
  648.929573 -7.703912e+06
  648.790854 -7.731440e+06
  648.652134 -7.757560e+06
  648.513415 -7.781544e+06
  648.374695 -7.802624e+06
  648.235976 -7.820184e+06
  648.097256 -7.833568e+06
  647.958537 -7.842168e+06
  647.819817 -7.845432e+06
  647.681098 -7.842888e+06
  647.542378 -7.834024e+06
  647.403659 -7.818432e+06
  647.264940 -7.795736e+06
  647.126220 -7.765592e+06
  646.987501 -7.727672e+06
  646.848781 -7.681760e+06
  646.710062 -7.627640e+06
  646.571342 -7.565144e+06
  646.432623 -7.494192e+06
  646.293903 -7.414728e+06
  646.155184 -7.326760e+06
  646.016465 -7.230368e+06
  645.877745 -7.125704e+06
  645.739026 -7.012952e+06
  645.600306 -6.892384e+06
  645.461587 -6.764288e+06
  645.322867 -6.629072e+06
  645.184148 -6.487136e+06
  645.045428 -6.338936e+06
  644.906709 -6.184968e+06
  644.767990 -6.025736e+06
  644.629270 -5.861784e+06
  644.490551 -5.693632e+06
  644.351831 -5.521800e+06
  644.213112 -5.346816e+06
  644.074392 -5.169160e+06
  643.935673 -4.989304e+06
  643.796953 -4.807696e+06
  643.658234 -4.624728e+06
  643.519515 -4.440800e+06
  643.380795 -4.256216e+06
  643.242076 -4.071336e+06
  643.103356 -3.886432e+06
  642.964637 -3.701768e+06
  642.825917 -3.517616e+06
  642.687198 -3.334240e+06
  642.548478 -3.151848e+06
  642.409759 -2.970704e+06
  642.271039 -2.791024e+06
  642.132320 -2.613088e+06
  641.993601 -2.437120e+06
  641.854881 -2.263392e+06
  641.716162 -2.092136e+06
  641.577442 -1.923672e+06
  641.438723 -1.758248e+06
  641.300003 -1.596128e+06
  641.161284 -1.437640e+06
  641.022564 -1.283032e+06
  640.883845 -1.132616e+06
  640.745126 -9.867040e+05
  640.606406 -8.455920e+05
  640.467687 -7.095600e+05
  640.328967 -5.789680e+05
  640.190248 -4.541200e+05
  640.051528 -3.353440e+05
  639.912809 -2.229760e+05
  639.774089 -1.173680e+05
  639.635370 -1.888800e+04
  639.496651 7.214400e+04
  639.357931 1.553440e+05
  639.219212 2.303760e+05
  639.080492 2.968800e+05
  638.941773 3.545440e+05
  638.803053 4.030240e+05
  638.664334 4.419920e+05
  638.525614 4.712320e+05
  638.386895 4.904400e+05
  638.248176 4.994160e+05
  638.109456 4.980080e+05
  637.970737 4.860720e+05
  637.832017 4.635280e+05
  637.693298 4.303360e+05
  637.554578 3.865520e+05
  637.415859 3.322320e+05
  637.277139 2.675360e+05
  637.138420 1.926400e+05
  636.999701 1.078160e+05
  636.860981 1.336800e+04
  636.722262 -9.031200e+04
  636.583542 -2.028320e+05
  636.444823 -3.236960e+05
  636.306103 -4.524000e+05
  636.167384 -5.883920e+05
  636.028664 -7.311040e+05
  635.889945 -8.798960e+05
  635.751225 -1.034168e+06
  635.612506 -1.193280e+06
  635.473787 -1.356608e+06
  635.335067 -1.523544e+06
  635.196348 -1.693472e+06
  635.057628 -1.865856e+06
  634.918909 -2.040120e+06
  634.780189 -2.215816e+06
  634.641470 -2.392488e+06
  634.502750 -2.569768e+06
  634.364031 -2.747352e+06
  634.225312 -2.924976e+06
  634.086592 -3.102472e+06
  633.947873 -3.279704e+06
  633.809153 -3.456608e+06
  633.670434 -3.633176e+06
  633.531714 -3.809480e+06
  633.392995 -3.985552e+06
  633.254275 -4.161528e+06
  633.115556 -4.337544e+06
  632.976837 -4.513704e+06
  632.838117 -4.690176e+06
  632.699398 -4.867064e+06
  632.560678 -5.044464e+06
  632.421959 -5.222440e+06
  632.283239 -5.401008e+06
  632.144520 -5.580160e+06
  632.005800 -5.759800e+06
  631.867081 -5.939832e+06
  631.728362 -6.120072e+06
  631.589642 -6.300296e+06
  631.450923 -6.480232e+06
  631.312203 -6.659576e+06
  631.173484 -6.837984e+06
  631.034764 -7.015080e+06
  630.896045 -7.190448e+06
  630.757325 -7.363696e+06
  630.618606 -7.534368e+06
  630.479887 -7.702024e+06
  630.341167 -7.866256e+06
  630.202448 -8.026608e+06
  630.063728 -8.182656e+06
  629.925009 -8.334000e+06
  629.786289 -8.480232e+06
  629.647570 -8.621008e+06
  629.508850 -8.755960e+06
  629.370131 -8.884784e+06
  629.231411 -9.007184e+06
  629.092692 -9.122872e+06
  628.953973 -9.231656e+06
  628.815253 -9.333296e+06
  628.676534 -9.427608e+06
  628.537814 -9.514440e+06
  628.399095 -9.593656e+06
  628.260375 -9.665128e+06
  628.121656 -9.728760e+06
  627.982936 -9.784456e+06
  627.844217 -9.832136e+06
  627.705498 -9.871696e+06
  627.566778 -9.903072e+06
  627.428059 -9.926160e+06
  627.289339 -9.940856e+06
  627.150620 -9.947048e+06
  627.011900 -9.944600e+06
  626.873181 -9.933344e+06
  626.734461 -9.913096e+06
  626.595742 -9.883656e+06
  626.457023 -9.844784e+06
  626.318303 -9.796224e+06
  626.179584 -9.737680e+06
  626.040864 -9.668856e+06
  625.902145 -9.589424e+06
  625.763425 -9.499040e+06
  625.624706 -9.397368e+06
  625.485986 -9.284080e+06
  625.347267 -9.158808e+06
  625.208548 -9.021296e+06
  625.069828 -8.871256e+06
  624.931109 -8.708464e+06
  624.792389 -8.532760e+06
  624.653670 -8.344096e+06
  624.514950 -8.142416e+06
  624.376231 -7.927880e+06
  624.237511 -7.700648e+06
  624.098792 -7.461088e+06
  623.960072 -7.209632e+06
  623.821353 -6.946888e+06
  623.682634 -6.673552e+06
  623.543914 -6.390472e+06
  623.405195 -6.098656e+06
  623.266475 -5.799176e+06
  623.127756 -5.493256e+06
  622.989036 -5.182208e+06
  622.850317 -4.867440e+06
  622.711597 -4.550424e+06
  622.572878 -4.232696e+06
  622.434159 -3.915824e+06
  622.295439 -3.601424e+06
  622.156720 -3.291088e+06
  622.018000 -2.986424e+06
  621.879281 -2.689024e+06
  621.740561 -2.400392e+06
  621.601842 -2.122024e+06
  621.463122 -1.855344e+06
  621.324403 -1.601704e+06
  621.185684 -1.362360e+06
  621.046964 -1.138528e+06
  620.908245 -9.312800e+05
  620.769525 -7.415760e+05
  620.630806 -5.703440e+05
  620.492086 -4.183280e+05
  620.353367 -2.862000e+05
  620.214647 -1.745040e+05
  620.075928 -8.365600e+04
  619.937209 -1.396800e+04
  619.798489 3.440800e+04
  619.659770 6.147200e+04
  619.521050 6.729600e+04
  619.382331 5.217600e+04
  619.243611 1.648800e+04
  619.104892 -3.918400e+04
  618.966172 -1.141840e+05
  618.827453 -2.076480e+05
  618.688734 -3.186160e+05
  618.550014 -4.459600e+05
  618.411295 -5.884480e+05
  618.272575 -7.447440e+05
  618.133856 -9.134160e+05
  617.995136 -1.092928e+06
  617.856417 -1.281680e+06
  617.717697 -1.478016e+06
  617.578978 -1.680240e+06
  617.440258 -1.886672e+06
  617.301539 -2.095552e+06
  617.162820 -2.305184e+06
  617.024100 -2.513872e+06
  616.885381 -2.719984e+06
  616.746661 -2.921904e+06
  616.607942 -3.118112e+06
  616.469222 -3.307160e+06
  616.330503 -3.487696e+06
  616.191783 -3.658448e+06
  616.053064 -3.818280e+06
  615.914345 -3.966200e+06
  615.775625 -4.101312e+06
  615.636906 -4.222888e+06
  615.498186 -4.330352e+06
  615.359467 -4.423336e+06
  615.220747 -4.501568e+06
  615.082028 -4.565000e+06
  614.943308 -4.613784e+06
  614.804589 -4.648256e+06
  614.665870 -4.668928e+06
  614.527150 -4.676520e+06
  614.388431 -4.671944e+06
  614.249711 -4.656296e+06
  614.110992 -4.630856e+06
  613.972272 -4.597080e+06
  613.833553 -4.556568e+06
  613.694833 -4.511048e+06
  613.556114 -4.462368e+06
  613.417395 -4.412488e+06
  613.278675 -4.363400e+06
  613.139956 -4.317160e+06
  613.001236 -4.275848e+06
  612.862517 -4.241488e+06
  612.723797 -4.216048e+06
  612.585078 -4.201496e+06
  612.446358 -4.199600e+06
  612.307639 -4.212064e+06
  612.168920 -4.240384e+06
  612.030200 -4.285896e+06
  611.891481 -4.349768e+06
  611.752761 -4.432904e+06
  611.614042 -4.535984e+06
  611.475322 -4.659456e+06
  611.336603 -4.803536e+06
  611.197883 -4.968120e+06
  611.059164 -5.152904e+06
  610.920444 -5.357296e+06
  610.781725 -5.580480e+06
  610.643006 -5.821352e+06
  610.504286 -6.078640e+06
  610.365567 -6.350848e+06
  610.226847 -6.636272e+06
  610.088128 -6.933064e+06
  609.949408 -7.239264e+06
  609.810689 -7.552792e+06
  609.671969 -7.871496e+06
  609.533250 -8.193176e+06
  609.394531 -8.515672e+06
  609.255811 -8.836800e+06
  609.117092 -9.154456e+06
  608.978372 -9.466608e+06
  608.839653 -9.771336e+06
  608.700933 -1.006684e+07
  608.562214 -1.035150e+07
  608.423494 -1.062378e+07
  608.284775 -1.088243e+07
  608.146056 -1.112629e+07
  608.007336 -1.135438e+07
  607.868617 -1.156596e+07
  607.729897 -1.176040e+07
  607.591178 -1.193731e+07
  607.452458 -1.209641e+07
  607.313739 -1.223759e+07
  607.175019 -1.236086e+07
  607.036300 -1.246639e+07
  606.897581 -1.255444e+07
  606.758861 -1.262540e+07
  606.620142 -1.267968e+07
  606.481422 -1.271787e+07
  606.342703 -1.274054e+07
  606.203983 -1.274838e+07
  606.065264 -1.274207e+07
  605.926544 -1.272242e+07
  605.787825 -1.269022e+07
  605.649105 -1.264634e+07
  605.510386 -1.259163e+07
  605.371667 -1.252702e+07
  605.232947 -1.245347e+07
  605.094228 -1.237194e+07
  604.955508 -1.228341e+07
  604.816789 -1.218887e+07
  604.678069 -1.208934e+07
  604.539350 -1.198580e+07
  604.400630 -1.187924e+07
  604.261911 -1.177065e+07
  604.123192 -1.166094e+07
  603.984472 -1.155103e+07
  603.845753 -1.144178e+07
  603.707033 -1.133403e+07
  603.568314 -1.122850e+07
  603.429594 -1.112594e+07
  603.290875 -1.102697e+07
  603.152155 -1.093219e+07
  603.013436 -1.084210e+07
  602.874717 -1.075711e+07
  602.735997 -1.067765e+07
  602.597278 -1.060401e+07
  602.458558 -1.053643e+07
  602.319839 -1.047510e+07
  602.181119 -1.042014e+07
  602.042400 -1.037159e+07
  601.903680 -1.032942e+07
  601.764961 -1.029356e+07
  601.626242 -1.026386e+07
  601.487522 -1.024014e+07
  601.348803 -1.022211e+07
  601.210083 -1.020949e+07
  601.071364 -1.020190e+07
  600.932644 -1.019897e+07
  600.793925 -1.020025e+07
  600.655205 -1.020530e+07
  600.516486 -1.021364e+07
  600.377767 -1.022482e+07
  600.239047 -1.023836e+07
  600.100328 -1.025380e+07
  599.961608 -1.027074e+07
  599.822889 -1.028878e+07
  599.684169 -1.030756e+07
  599.545450 -1.032683e+07
  599.406730 -1.034634e+07
  599.268011 -1.036592e+07
  599.129291 -1.038549e+07
  598.990572 -1.040501e+07
  598.851853 -1.042450e+07
  598.713133 -1.044408e+07
  598.574414 -1.046389e+07
  598.435694 -1.048412e+07
  598.296975 -1.050506e+07
  598.158255 -1.052695e+07
  598.019536 -1.055009e+07
  597.880816 -1.057482e+07
  597.742097 -1.060142e+07
  597.603378 -1.063018e+07
  597.464658 -1.066138e+07
  597.325939 -1.069525e+07
  597.187219 -1.073195e+07
  597.048500 -1.077162e+07
  596.909780 -1.081430e+07
  596.771061 -1.085997e+07
  596.632341 -1.090850e+07
  596.493622 -1.095974e+07
  596.354903 -1.101337e+07
  596.216183 -1.106904e+07
  596.077464 -1.112634e+07
  595.938744 -1.118468e+07
  595.800025 -1.124354e+07
  595.661305 -1.130221e+07
  595.522586 -1.136002e+07
  595.383866 -1.141624e+07
  595.245147 -1.147010e+07
  595.106428 -1.152086e+07
  594.967708 -1.156775e+07
  594.828989 -1.161006e+07
  594.690269 -1.164707e+07
  594.551550 -1.167812e+07
  594.412830 -1.170262e+07
  594.274111 -1.172004e+07
  594.135391 -1.172989e+07
  593.996672 -1.173175e+07
  593.857953 -1.172528e+07
  593.719233 -1.171018e+07
  593.580514 -1.168628e+07
  593.441794 -1.165338e+07
  593.303075 -1.161138e+07
  593.164355 -1.156022e+07
  593.025636 -1.149990e+07
  592.886916 -1.143041e+07
  592.748197 -1.135182e+07
  592.609477 -1.126420e+07
  592.470758 -1.116764e+07
  592.332039 -1.106225e+07
  592.193319 -1.094817e+07
  592.054600 -1.082555e+07
  591.915880 -1.069455e+07
  591.777161 -1.055536e+07
  591.638441 -1.040815e+07
  591.499722 -1.025316e+07
  591.361002 -1.009060e+07
  591.222283 -9.920704e+06
  591.083564 -9.743728e+06
  590.944844 -9.559904e+06
  590.806125 -9.369520e+06
  590.667405 -9.172808e+06
  590.528686 -8.970048e+06
  590.389966 -8.761488e+06
  590.251247 -8.547376e+06
  590.112527 -8.327920e+06
  589.973808 -8.103352e+06
  589.835089 -7.873808e+06
  589.696369 -7.639456e+06
  589.557650 -7.400416e+06
  589.418930 -7.156752e+06
  589.280211 -6.908520e+06
  589.141491 -6.655728e+06
  589.002772 -6.398344e+06
  588.864052 -6.136296e+06
  588.725333 -5.869512e+06
  588.586614 -5.597872e+06
  588.447894 -5.321232e+06
  588.309175 -5.039432e+06
  588.170455 -4.752360e+06
  588.031736 -4.459824e+06
  587.893016 -4.161688e+06
  587.754297 -3.857832e+06
  587.615577 -3.548144e+06
  587.476858 -3.232528e+06
  587.338138 -2.910960e+06
  587.199419 -2.583392e+06
  587.060700 -2.249872e+06
  586.921980 -1.910448e+06
  586.783261 -1.565256e+06
  586.644541 -1.214400e+06
  586.505822 -8.580800e+05
  586.367102 -4.965040e+05
  586.228383 -1.299200e+05
  586.089663 2.413600e+05
  585.950944 6.170800e+05
  585.812225 9.968560e+05
  585.673505 1.380376e+06
  585.534786 1.767240e+06
  585.396066 2.157080e+06
  585.257347 2.549448e+06
  585.118627 2.943960e+06
  584.979908 3.340128e+06
  584.841188 3.737520e+06
  584.702469 4.135624e+06
  584.563750 4.533936e+06
  584.425030 4.931936e+06
  584.286311 5.329064e+06
  584.147591 5.724720e+06
  584.008872 6.118320e+06
  583.870152 6.509192e+06
  583.731433 6.896680e+06
  583.592713 7.280088e+06
  583.453994 7.658712e+06
  583.315275 8.031808e+06
  583.176555 8.398624e+06
  583.037836 8.758400e+06
  582.899116 9.110352e+06
  582.760397 9.453728e+06
  582.621677 9.787744e+06
  582.482958 1.011166e+07
  582.344238 1.042474e+07
  582.205519 1.072622e+07
  582.066800 1.101542e+07
  581.928080 1.129163e+07
  581.789361 1.155418e+07
  581.650641 1.180241e+07
  581.511922 1.203570e+07
  581.373202 1.225342e+07
  581.234483 1.245497e+07
  581.095763 1.263974e+07
  580.957044 1.280712e+07
  580.818324 1.295655e+07
  580.679605 1.308742e+07
  580.540886 1.319919e+07
  580.402166 1.329122e+07
  580.263447 1.336298e+07
  580.124727 1.341388e+07
  579.986008 1.344339e+07
  579.847288 1.345098e+07
  579.708569 1.343611e+07
  579.569849 1.339836e+07
  579.431130 1.333733e+07
  579.292411 1.325262e+07
  579.153691 1.314397e+07
  579.014972 1.301118e+07
  578.876252 1.285418e+07
  578.737533 1.267294e+07
  578.598813 1.246758e+07
  578.460094 1.223832e+07
  578.321374 1.198552e+07
  578.182655 1.170962e+07
  578.043936 1.141122e+07
  577.905216 1.109098e+07
  577.766497 1.074966e+07
  577.627777 1.038812e+07
  577.489058 1.000727e+07
  577.350338 9.608080e+06
  577.211619 9.191528e+06
  577.072899 8.758616e+06
  576.934180 8.310328e+06
  576.795461 7.847632e+06
  576.656741 7.371464e+06
  576.518022 6.882696e+06
  576.379302 6.382144e+06
  576.240583 5.870528e+06
  576.101863 5.348560e+06
  575.963144 4.816808e+06
  575.824424 4.275832e+06
  575.685705 3.726072e+06
  575.546986 3.167960e+06
  575.408266 2.601816e+06
  575.269547 2.028008e+06
  575.130827 1.446784e+06
  574.992108 8.584560e+05
  574.853388 2.632720e+05
  574.714669 -3.384720e+05
  574.575949 -9.465040e+05
  574.437230 -1.560464e+06
  574.298510 -2.180056e+06
  574.159791 -2.804840e+06
  574.021072 -3.434392e+06
  573.882352 -4.068240e+06
  573.743633 -4.705832e+06
  573.604913 -5.346592e+06
  573.466194 -5.989880e+06
  573.327474 -6.635008e+06
  573.188755 -7.281264e+06
  573.050035 -7.927840e+06
  572.911316 -8.573936e+06
  572.772597 -9.218680e+06
  572.633877 -9.861208e+06
  572.495158 -1.050057e+07
  572.356438 -1.113579e+07
  572.217719 -1.176594e+07
  572.078999 -1.238997e+07
  571.940280 -1.300685e+07
  571.801560 -1.361554e+07
  571.662841 -1.421499e+07
  571.524122 -1.480412e+07
  571.385402 -1.538185e+07
  571.246683 -1.594707e+07
  571.107963 -1.649867e+07
  570.969244 -1.703555e+07
  570.830524 -1.755659e+07
  570.691805 -1.806072e+07
  570.553085 -1.854682e+07
  570.414366 -1.901382e+07
  570.275647 -1.946069e+07
  570.136927 -1.988639e+07
  569.998208 -2.028997e+07
  569.859488 -2.067050e+07
  569.720769 -2.102715e+07
  569.582049 -2.135916e+07
  569.443330 -2.166587e+07
  569.304610 -2.194670e+07
  569.165891 -2.220122e+07
  569.027171 -2.242913e+07
  568.888452 -2.263026e+07
  568.749733 -2.280460e+07
  568.611013 -2.295228e+07
  568.472294 -2.307361e+07
  568.333574 -2.316904e+07
  568.194855 -2.323916e+07
  568.056135 -2.328473e+07
  567.917416 -2.330662e+07
  567.778696 -2.330586e+07
  567.639977 -2.328354e+07
  567.501258 -2.324089e+07
  567.362538 -2.317915e+07
  567.223819 -2.309971e+07
  567.085099 -2.300395e+07
  566.946380 -2.289326e+07
  566.807660 -2.276906e+07
  566.668941 -2.263278e+07
  566.530221 -2.248583e+07
  566.391502 -2.232956e+07
  566.252783 -2.216534e+07
  566.114063 -2.199445e+07
  565.975344 -2.181813e+07
  565.836624 -2.163758e+07
  565.697905 -2.145391e+07
  565.559185 -2.126818e+07
  565.420466 -2.108139e+07
  565.281746 -2.089442e+07
  565.143027 -2.070809e+07
  565.004308 -2.052312e+07
  564.865588 -2.034015e+07
  564.726869 -2.015971e+07
  564.588149 -1.998218e+07
  564.449430 -1.980790e+07
  564.310710 -1.963702e+07
  564.171991 -1.946961e+07
  564.033271 -1.930559e+07
  563.894552 -1.914477e+07
  563.755833 -1.898678e+07
  563.617113 -1.883121e+07
  563.478394 -1.867751e+07
  563.339674 -1.852498e+07
  563.200955 -1.837291e+07
  563.062235 -1.822044e+07
  562.923516 -1.806671e+07
  562.784796 -1.791081e+07
  562.646077 -1.775181e+07
  562.507357 -1.758880e+07
  562.368638 -1.742093e+07
  562.229919 -1.724738e+07
  562.091199 -1.706742e+07
  561.952480 -1.688047e+07
  561.813760 -1.668599e+07
  561.675041 -1.648366e+07
  561.536321 -1.627326e+07
  561.397602 -1.605474e+07
  561.258882 -1.582820e+07
  561.120163 -1.559391e+07
  560.981444 -1.535228e+07
  560.842724 -1.510388e+07
  560.704005 -1.484939e+07
  560.565285 -1.458963e+07
  560.426566 -1.432548e+07
  560.287846 -1.405796e+07
  560.149127 -1.378811e+07
  560.010407 -1.351706e+07
  559.871688 -1.324593e+07
  559.732969 -1.297587e+07
  559.594249 -1.270802e+07
  559.455530 -1.244352e+07
  559.316810 -1.218347e+07
  559.178091 -1.192889e+07
  559.039371 -1.168079e+07
  558.900652 -1.144010e+07
  558.761932 -1.120766e+07
  558.623213 -1.098422e+07
  558.484494 -1.077047e+07
  558.345774 -1.056698e+07
  558.207055 -1.037421e+07
  558.068335 -1.019254e+07
  557.929616 -1.002220e+07
  557.790896 -9.863336e+06
  557.652177 -9.715984e+06
  557.513457 -9.580056e+06
  557.374738 -9.455336e+06
  557.236019 -9.341544e+06
  557.097299 -9.238256e+06
  556.958580 -9.145008e+06
  556.819860 -9.061160e+06
  556.681141 -8.986072e+06
  556.542421 -8.918992e+06
  556.403702 -8.859104e+06
  556.264982 -8.805592e+06
  556.126263 -8.757528e+06
  555.987543 -8.714008e+06
  555.848824 -8.674080e+06
  555.710105 -8.636832e+06
  555.571385 -8.601304e+06
  555.432666 -8.566608e+06
  555.293946 -8.531848e+06
  555.155227 -8.496200e+06
  555.016507 -8.458840e+06
  554.877788 -8.419072e+06
  554.739068 -8.376192e+06
  554.600349 -8.329672e+06
  554.461630 -8.278968e+06
  554.322910 -8.223656e+06
  554.184191 -8.163424e+06
  554.045471 -8.098056e+06
  553.906752 -8.027408e+06
  553.768032 -7.951416e+06
  553.629313 -7.870192e+06
  553.490593 -7.783856e+06
  553.351874 -7.692680e+06
  553.213155 -7.597000e+06
  553.074435 -7.497232e+06
  552.935716 -7.393904e+06
  552.796996 -7.287576e+06
  552.658277 -7.178888e+06
  552.519557 -7.068552e+06
  552.380838 -6.957304e+06
  552.242118 -6.845928e+06
  552.103399 -6.735240e+06
  551.964680 -6.626048e+06
  551.825960 -6.519176e+06
  551.687241 -6.415496e+06
  551.548521 -6.315744e+06
  551.409802 -6.220720e+06
  551.271082 -6.131168e+06
  551.132363 -6.047736e+06
  550.993643 -5.971072e+06
  550.854924 -5.901680e+06
  550.716204 -5.840088e+06
  550.577485 -5.786616e+06
  550.438766 -5.741608e+06
  550.300046 -5.705256e+06
  550.161327 -5.677672e+06
  550.022607 -5.658920e+06
  549.883888 -5.648920e+06
  549.745168 -5.647576e+06
  549.606449 -5.654656e+06
  549.467729 -5.669944e+06
  549.329010 -5.693096e+06
  549.190291 -5.723800e+06
  549.051571 -5.761656e+06
  548.912852 -5.806264e+06
  548.774132 -5.857288e+06
  548.635413 -5.914304e+06
  548.496693 -5.976984e+06
  548.357974 -6.045032e+06
  548.219254 -6.118152e+06
  548.080535 -6.196184e+06
  547.941816 -6.278984e+06
  547.803096 -6.366480e+06
  547.664377 -6.458728e+06
  547.525657 -6.555792e+06
  547.386938 -6.657864e+06
  547.248218 -6.765184e+06
  547.109499 -6.878040e+06
  546.970779 -6.996816e+06
  546.832060 -7.121872e+06
  546.693341 -7.253672e+06
  546.554621 -7.392584e+06
  546.415902 -7.539048e+06
  546.277182 -7.693432e+06
  546.138463 -7.856072e+06
  545.999743 -8.027232e+06
  545.861024 -8.207120e+06
  545.722304 -8.395816e+06
  545.583585 -8.593320e+06
  545.444866 -8.799512e+06
  545.306146 -9.014184e+06
  545.167427 -9.236976e+06
  545.028707 -9.467392e+06
  544.889988 -9.704888e+06
  544.751268 -9.948744e+06
  544.612549 -1.019818e+07
  544.473829 -1.045227e+07
  544.335110 -1.071005e+07
  544.196390 -1.097043e+07
  544.057671 -1.123229e+07
  543.918952 -1.149442e+07
  543.780232 -1.175557e+07
  543.641513 -1.201446e+07
  543.502793 -1.226976e+07
  543.364074 -1.252010e+07
  543.225354 -1.276419e+07
  543.086635 -1.300064e+07
  542.947915 -1.322811e+07
  542.809196 -1.344526e+07
  542.670477 -1.365082e+07
  542.531757 -1.384349e+07
  542.393038 -1.402205e+07
  542.254318 -1.418531e+07
  542.115599 -1.433216e+07
  541.976879 -1.446150e+07
  541.838160 -1.457235e+07
  541.699440 -1.466377e+07
  541.560721 -1.473483e+07
  541.422002 -1.478480e+07
  541.283282 -1.481290e+07
  541.144563 -1.481850e+07
  541.005843 -1.480100e+07
  540.867124 -1.475994e+07
  540.728404 -1.469488e+07
  540.589685 -1.460548e+07
  540.450965 -1.449152e+07
  540.312246 -1.435284e+07
  540.173527 -1.418939e+07
  540.034807 -1.400122e+07
  539.896088 -1.378849e+07
  539.757368 -1.355145e+07
  539.618649 -1.329050e+07
  539.479929 -1.300615e+07
  539.341210 -1.269903e+07
  539.202490 -1.236990e+07
  539.063771 -1.201962e+07
  538.925052 -1.164922e+07
  538.786332 -1.125982e+07
  538.647613 -1.085266e+07
  538.508893 -1.042907e+07
  538.370174 -9.990512e+06
  538.231454 -9.538520e+06
  538.092735 -9.074688e+06
  537.954015 -8.600672e+06
  537.815296 -8.118184e+06
  537.676576 -7.628920e+06
  537.537857 -7.134624e+06
  537.399138 -6.636992e+06
  537.260418 -6.137688e+06
  537.121699 -5.638344e+06
  536.982979 -5.140488e+06
  536.844260 -4.645616e+06
  536.705540 -4.155056e+06
  536.566821 -3.670056e+06
  536.428101 -3.191744e+06
  536.289382 -2.721120e+06
  536.150663 -2.259048e+06
  536.011943 -1.806232e+06
  535.873224 -1.363272e+06
  535.734504 -9.306480e+05
  535.595785 -5.086800e+05
  535.457065 -9.762400e+04
  535.318346 3.023760e+05
  535.179626 6.912720e+05
  535.040907 1.069072e+06
  534.902188 1.435848e+06
  534.763468 1.791712e+06
  534.624749 2.136752e+06
  534.486029 2.471112e+06
  534.347310 2.794912e+06
  534.208590 3.108248e+06
  534.069871 3.411136e+06
  533.931151 3.703616e+06
  533.792432 3.985624e+06
  533.653713 4.257080e+06
  533.514993 4.517792e+06
  533.376274 4.767576e+06
  533.237554 5.006128e+06
  533.098835 5.233144e+06
  532.960115 5.448296e+06
  532.821396 5.651184e+06
  532.682676 5.841480e+06
  532.543957 6.018808e+06
  532.405237 6.182832e+06
  532.266518 6.333320e+06
  532.127799 6.470032e+06
  531.989079 6.592856e+06
  531.850360 6.701760e+06
  531.711640 6.796808e+06
  531.572921 6.878192e+06
  531.434201 6.946232e+06
  531.295482 7.001336e+06
  531.156762 7.044040e+06
  531.018043 7.074944e+06
  530.879324 7.094800e+06
  530.740604 7.104384e+06
  530.601885 7.104576e+06
  530.463165 7.096256e+06
  530.324446 7.080328e+06
  530.185726 7.057728e+06
  530.047007 7.029352e+06
  529.908287 6.996064e+06
  529.769568 6.958672e+06
  529.630849 6.917960e+06
  529.492129 6.874616e+06
  529.353410 6.829280e+06
  529.214690 6.782512e+06
  529.075971 6.734832e+06
  528.937251 6.686672e+06
  528.798532 6.638496e+06
  528.659812 6.590664e+06
  528.521093 6.543576e+06
  528.382374 6.497632e+06
  528.243654 6.453256e+06
  528.104935 6.410920e+06
  527.966215 6.371136e+06
  527.827496 6.334528e+06
  527.688776 6.301760e+06
  527.550057 6.273576e+06
  527.411337 6.250832e+06
  527.272618 6.234456e+06
  527.133899 6.225392e+06
  526.995179 6.224728e+06
  526.856460 6.233504e+06
  526.717740 6.252808e+06
  526.579021 6.283688e+06
  526.440301 6.327160e+06
  526.301582 6.384160e+06
  526.162862 6.455504e+06
  526.024143 6.541872e+06
  525.885423 6.643816e+06
  525.746704 6.761624e+06
  525.607985 6.895440e+06
  525.469265 7.045160e+06
  525.330546 7.210424e+06
  525.191826 7.390664e+06
  525.053107 7.585024e+06
  524.914387 7.792448e+06
  524.775668 8.011656e+06
  524.636948 8.241128e+06
  524.498229 8.479176e+06
  524.359510 8.723952e+06
  524.220790 8.973424e+06
  524.082071 9.225472e+06
  523.943351 9.477888e+06
  523.804632 9.728424e+06
  523.665912 9.974744e+06
  523.527193 1.021454e+07
  523.388473 1.044550e+07
  523.249754 1.066535e+07
  523.111035 1.087190e+07
  522.972315 1.106295e+07
  522.833596 1.123647e+07
  522.694876 1.139047e+07
  522.556157 1.152306e+07
  522.417437 1.163248e+07
  522.278718 1.171710e+07
  522.139998 1.177535e+07
  522.001279 1.180589e+07
  521.862560 1.180742e+07
  521.723840 1.177886e+07
  521.585121 1.171923e+07
  521.446401 1.162772e+07
  521.307682 1.150372e+07
  521.168962 1.134674e+07
  521.030243 1.115652e+07
  520.891523 1.093294e+07
  520.752804 1.067610e+07
  520.614085 1.038631e+07
  520.475365 1.006406e+07
  520.336646 9.709992e+06
  520.197926 9.325040e+06
  520.059207 8.910208e+06
  519.920487 8.466792e+06
  519.781768 7.996184e+06
  519.643048 7.499960e+06
  519.504329 6.979848e+06
  519.365609 6.437680e+06
  519.226890 5.875464e+06
  519.088171 5.295232e+06
  518.949451 4.699128e+06
  518.810732 4.089376e+06
  518.672012 3.468200e+06
  518.533293 2.837888e+06
  518.394573 2.200744e+06
  518.255854 1.559048e+06
  518.117134 9.150800e+05
  517.978415 2.710960e+05
  517.839696 -3.706560e+05
  517.700976 -1.008032e+06
  517.562257 -1.638872e+06
  517.423537 -2.261112e+06
  517.284818 -2.872728e+06
  517.146098 -3.471760e+06
  517.007379 -4.056312e+06
  516.868659 -4.624576e+06
  516.729940 -5.174800e+06
  516.591221 -5.705320e+06
  516.452501 -6.214576e+06
  516.313782 -6.701040e+06
  516.175062 -7.163304e+06
  516.036343 -7.600072e+06
  515.897623 -8.010120e+06
  515.758904 -8.392320e+06
  515.620184 -8.745696e+06
  515.481465 -9.069344e+06
  515.342746 -9.362488e+06
  515.204026 -9.624488e+06
  515.065307 -9.854824e+06
  514.926587 -1.005310e+07
  514.787868 -1.021906e+07
  514.649148 -1.035258e+07
  514.510429 -1.045366e+07
  514.371709 -1.052246e+07
  514.232990 -1.055925e+07
  514.094270 -1.056443e+07
  513.955551 -1.053853e+07
  513.816832 -1.048217e+07
  513.678112 -1.039611e+07
  513.539393 -1.028117e+07
  513.400673 -1.013827e+07
  513.261954 -9.968424e+06
  513.123234 -9.772672e+06
  512.984515 -9.552136e+06
  512.845795 -9.307920e+06
  512.707076 -9.041208e+06
  512.568357 -8.753168e+06
  512.429637 -8.445008e+06
  512.290918 -8.117880e+06
  512.152198 -7.772944e+06
  512.013479 -7.411344e+06
  511.874759 -7.034216e+06
  511.736040 -6.642600e+06
  511.597320 -6.237560e+06
  511.458601 -5.820128e+06
  511.319882 -5.391240e+06
  511.181162 -4.951856e+06
  511.042443 -4.502864e+06
  510.903723 -4.045096e+06
  510.765004 -3.579400e+06
  510.626284 -3.106568e+06
  510.487565 -2.627376e+06
  510.348845 -2.142544e+06
  510.210126 -1.652848e+06
  510.071407 -1.159008e+06
  509.932687 -6.617760e+05
  509.793968 -1.619200e+05
  509.655248 3.397680e+05
  509.516529 8.424640e+05
  509.377809 1.345280e+06
  509.239090 1.847296e+06
  509.100370 2.347464e+06
  508.961651 2.844760e+06
  508.822932 3.337992e+06
  508.684212 3.825928e+06
  508.545493 4.307272e+06
  508.406773 4.780608e+06
  508.268054 5.244480e+06
  508.129334 5.697368e+06
  507.990615 6.137704e+06
  507.851895 6.563880e+06
  507.713176 6.974264e+06
  507.574456 7.367216e+06
  507.435737 7.741136e+06
  507.297018 8.094464e+06
  507.158298 8.425704e+06
  507.019579 8.733384e+06
  506.880859 9.016240e+06
  506.742140 9.273104e+06
  506.603420 9.502928e+06
  506.464701 9.704904e+06
  506.325981 9.878376e+06
  506.187262 1.002293e+07
  506.048543 1.013840e+07
  505.909823 1.022487e+07
  505.771104 1.028266e+07
  505.632384 1.031242e+07
  505.493665 1.031502e+07
  505.354945 1.029163e+07
  505.216226 1.024372e+07
  505.077506 1.017299e+07
  504.938787 1.008140e+07
  504.800068 9.971144e+06
  504.661348 9.844592e+06
  504.522629 9.704312e+06
  504.383909 9.553024e+06
  504.245190 9.393560e+06
  504.106470 9.228776e+06
  503.967751 9.061592e+06
  503.829031 8.894936e+06
  503.690312 8.731664e+06
  503.551593 8.574560e+06
  503.412873 8.426288e+06
  503.274154 8.289336e+06
  503.135434 8.166024e+06
  502.996715 8.058480e+06
  502.857995 7.968568e+06
  502.719276 7.897928e+06
  502.580556 7.847888e+06
  502.441837 7.819552e+06
  502.303118 7.813704e+06
  502.164398 7.830832e+06
  502.025679 7.871176e+06
  501.886959 7.934664e+06
  501.748240 8.020952e+06
  501.609520 8.129424e+06
  501.470801 8.259208e+06
  501.332081 8.409184e+06
  501.193362 8.578008e+06
  501.054642 8.764112e+06
  500.915923 8.965744e+06
  500.777204 9.180992e+06
  500.638484 9.407744e+06
  500.499765 9.643784e+06
  500.361045 9.886816e+06
  500.222326 1.013441e+07
  500.083606 1.038410e+07
  499.944887 1.063340e+07
  499.806167 1.087975e+07
  499.667448 1.112066e+07
  499.528729 1.135362e+07
  499.390009 1.157620e+07
  499.251290 1.178599e+07
  499.112570 1.198071e+07
  498.973851 1.215812e+07
  498.835131 1.231611e+07
  498.696412 1.245268e+07
  498.557692 1.256593e+07
  498.418973 1.265411e+07
  498.280254 1.271560e+07
  498.141534 1.274890e+07
  498.002815 1.275270e+07
  497.864095 1.272581e+07
  497.725376 1.266723e+07
  497.586656 1.257613e+07
  497.447937 1.245180e+07
  497.309217 1.229380e+07
  497.170498 1.210179e+07
  497.031779 1.187574e+07
  496.893059 1.161572e+07
  496.754340 1.132206e+07
  496.615620 1.099534e+07
  496.476901 1.063627e+07
  496.338181 1.024587e+07
  496.199462 9.825328e+06
  496.060742 9.376064e+06
  495.922023 8.899720e+06
  495.783303 8.398152e+06
  495.644584 7.873352e+06
  495.505865 7.327568e+06
  495.367145 6.763176e+06
  495.228426 6.182712e+06
  495.089706 5.588824e+06
  494.950987 4.984304e+06
  494.812267 4.371984e+06
  494.673548 3.754824e+06
  494.534828 3.135792e+06
  494.396109 2.517856e+06
  494.257390 1.904024e+06
  494.118670 1.297264e+06
  493.979951 7.004880e+05
  493.841231 1.165520e+05
  493.702512 -4.517920e+05
  493.563792 -1.001896e+06
  493.425073 -1.531208e+06
  493.286353 -2.037368e+06
  493.147634 -2.518136e+06
  493.008915 -2.971464e+06
  492.870195 -3.395472e+06
  492.731476 -3.788464e+06
  492.592756 -4.148976e+06
  492.454037 -4.475712e+06
  492.315317 -4.767592e+06
  492.176598 -5.023760e+06
  492.037878 -5.243528e+06
  491.899159 -5.426440e+06
  491.760440 -5.572240e+06
  491.621720 -5.680848e+06
  491.483001 -5.752352e+06
  491.344281 -5.787040e+06
  491.205562 -5.785368e+06
  491.066842 -5.747920e+06
  490.928123 -5.675464e+06
  490.789403 -5.568872e+06
  490.650684 -5.429184e+06
  490.511965 -5.257504e+06
  490.373245 -5.055112e+06
  490.234526 -4.823344e+06
  490.095806 -4.563632e+06
  489.957087 -4.277528e+06
  489.818367 -3.966648e+06
  489.679648 -3.632688e+06
  489.540928 -3.277424e+06
  489.402209 -2.902680e+06
  489.263489 -2.510400e+06
  489.124770 -2.102520e+06
  488.986051 -1.681088e+06
  488.847331 -1.248152e+06
  488.708612 -8.058640e+05
  488.569892 -3.563600e+05
  488.431173 9.815200e+04
  488.292453 5.554880e+05
  488.153734 1.013424e+06
  488.015014 1.469792e+06
  487.876295 1.922432e+06
  487.737576 2.369200e+06
  487.598856 2.808104e+06
  487.460137 3.237160e+06
  487.321417 3.654528e+06
  487.182698 4.058528e+06
  487.043978 4.447560e+06
  486.905259 4.820264e+06
  486.766539 5.175432e+06
  486.627820 5.512048e+06
  486.489101 5.829336e+06
  486.350381 6.126728e+06
  486.211662 6.403856e+06
  486.072942 6.660584e+06
  485.934223 6.897040e+06
  485.795503 7.113496e+06
  485.656784 7.310472e+06
  485.518064 7.488656e+06
  485.379345 7.648880e+06
  485.240626 7.792160e+06
  485.101906 7.919552e+06
  484.963187 8.032264e+06
  484.824467 8.131536e+06
  484.685748 8.218592e+06
  484.547028 8.294664e+06
  484.408309 8.360992e+06
  484.269589 8.418624e+06
  484.130870 8.468624e+06
  483.992150 8.511848e+06
  483.853431 8.549048e+06
  483.714712 8.580832e+06
  483.575992 8.607608e+06
  483.437273 8.629600e+06
  483.298553 8.646920e+06
  483.159834 8.659472e+06
  483.021114 8.666984e+06
  482.882395 8.669120e+06
  482.743675 8.665368e+06
  482.604956 8.655112e+06
  482.466237 8.637696e+06
  482.327517 8.612384e+06
  482.188798 8.578448e+06
  482.050078 8.535136e+06
  481.911359 8.481736e+06
  481.772639 8.417576e+06
  481.633920 8.342048e+06
  481.495200 8.254680e+06
  481.356481 8.155072e+06
  481.217762 8.042960e+06
  481.079042 7.918200e+06
  480.940323 7.780840e+06
  480.801603 7.630992e+06
  480.662884 7.468976e+06
  480.524164 7.295272e+06
  480.385445 7.110440e+06
  480.246725 6.915232e+06
  480.108006 6.710536e+06
  479.969287 6.497272e+06
  479.830567 6.276568e+06
  479.691848 6.049584e+06
  479.553128 5.817560e+06
  479.414409 5.581824e+06
  479.275689 5.343704e+06
  479.136970 5.104616e+06
  478.998250 4.865944e+06
  478.859531 4.629064e+06
  478.720812 4.395368e+06
  478.582092 4.166192e+06
  478.443373 3.942824e+06
  478.304653 3.726480e+06
  478.165934 3.518320e+06
  478.027214 3.319400e+06
  477.888495 3.130680e+06
  477.749775 2.953008e+06
  477.611056 2.787120e+06
  477.472336 2.633616e+06
  477.333617 2.492992e+06
  477.194898 2.365592e+06
  477.056178 2.251640e+06
  476.917459 2.151256e+06
  476.778739 2.064432e+06
  476.640020 1.991040e+06
  476.501300 1.930864e+06
  476.362581 1.883632e+06
  476.223861 1.848936e+06
  476.085142 1.826424e+06
  475.946423 1.815584e+06
  475.807703 1.816000e+06
  475.668984 1.827128e+06
  475.530264 1.848576e+06
  475.391545 1.879880e+06
  475.252825 1.920608e+06
  475.114106 1.970424e+06
  474.975386 2.028968e+06
  474.836667 2.095992e+06
  474.697948 2.171256e+06
  474.559228 2.254592e+06
  474.420509 2.345848e+06
  474.281789 2.444928e+06
  474.143070 2.551736e+06
  474.004350 2.666224e+06
  473.865631 2.788312e+06
  473.726911 2.917992e+06
  473.588192 3.055160e+06
  473.449473 3.199776e+06
  473.310753 3.351688e+06
  473.172034 3.510792e+06
  473.033314 3.676928e+06
  472.894595 3.849864e+06
  472.755875 4.029384e+06
  472.617156 4.215200e+06
  472.478436 4.406984e+06
  472.339717 4.604384e+06
  472.200998 4.806992e+06
  472.062278 5.014424e+06
  471.923559 5.226208e+06
  471.784839 5.441904e+06
  471.646120 5.661016e+06
  471.507400 5.883056e+06
  471.368681 6.107544e+06
  471.229961 6.333960e+06
  471.091242 6.561808e+06
  470.952522 6.790592e+06
  470.813803 7.019832e+06
  470.675084 7.248992e+06
  470.536364 7.477640e+06
  470.397645 7.705256e+06
  470.258925 7.931408e+06
  470.120206 8.155592e+06
  469.981486 8.377360e+06
  469.842767 8.596248e+06
  469.704047 8.811784e+06
  469.565328 9.023560e+06
  469.426609 9.231096e+06
  469.287889 9.433968e+06
  469.149170 9.631752e+06
  469.010450 9.824008e+06
  468.871731 1.001033e+07
  468.733011 1.019028e+07
  468.594292 1.036350e+07
  468.455572 1.052958e+07
  468.316853 1.068815e+07
  468.178134 1.083885e+07
  468.039414 1.098130e+07
  467.900695 1.111517e+07
  467.761975 1.124013e+07
  467.623256 1.135584e+07
  467.484536 1.146200e+07
  467.345817 1.155829e+07
  467.207097 1.164441e+07
  467.068378 1.172006e+07
  466.929659 1.178500e+07
  466.790939 1.183894e+07
  466.652220 1.188165e+07
  466.513500 1.191291e+07
  466.374781 1.193253e+07
  466.236061 1.194037e+07
  466.097342 1.193631e+07
  465.958622 1.192029e+07
  465.819903 1.189233e+07
  465.681183 1.185246e+07
  465.542464 1.180084e+07
  465.403745 1.173763e+07
  465.265025 1.166316e+07
  465.126306 1.157772e+07
  464.987586 1.148181e+07
  464.848867 1.137589e+07
  464.710147 1.126054e+07
  464.571428 1.113644e+07
  464.432708 1.100425e+07
  464.293989 1.086474e+07
  464.155270 1.071870e+07
  464.016550 1.056695e+07
  463.877831 1.041033e+07
  463.739111 1.024968e+07
  463.600392 1.008581e+07
  463.461672 9.919560e+06
  463.322953 9.751680e+06
  463.184233 9.582896e+06
  463.045514 9.413912e+06
  462.906795 9.245328e+06
  462.768075 9.077688e+06
  462.629356 8.911440e+06
  462.490636 8.747008e+06
  462.351917 8.584696e+06
  462.213197 8.424752e+06
  462.074478 8.267328e+06
  461.935758 8.112504e+06
  461.797039 7.960344e+06
  461.658320 7.810816e+06
  461.519600 7.663824e+06
  461.380881 7.519296e+06
  461.242161 7.377032e+06
  461.103442 7.236880e+06
  460.964722 7.098648e+06
  460.826003 6.962144e+06
  460.687283 6.827120e+06
  460.548564 6.693392e+06
  460.409845 6.560752e+06
  460.271125 6.428968e+06
  460.132406 6.297864e+06
  459.993686 6.167232e+06
  459.854967 6.036920e+06
  459.716247 5.906712e+06
  459.577528 5.776472e+06
  459.438808 5.646040e+06
  459.300089 5.515232e+06
  459.161369 5.383920e+06
  459.022650 5.251944e+06
  458.883931 5.119160e+06
  458.745211 4.985432e+06
  458.606492 4.850624e+06
  458.467772 4.714616e+06
  458.329053 4.577272e+06
  458.190333 4.438536e+06
  458.051614 4.298312e+06
  457.912894 4.156592e+06
  457.774175 4.013392e+06
  457.635456 3.868752e+06
  457.496736 3.722848e+06
  457.358017 3.575848e+06
  457.219297 3.428056e+06
  457.080578 3.279864e+06
  456.941858 3.131760e+06
  456.803139 2.984264e+06
  456.664419 2.838080e+06
  456.525700 2.693960e+06
  456.386981 2.552720e+06
  456.248261 2.415264e+06
  456.109542 2.282544e+06
  455.970822 2.155512e+06
  455.832103 2.035160e+06
  455.693383 1.922456e+06
  455.554664 1.818288e+06
  455.415944 1.723536e+06
  455.277225 1.638928e+06
  455.138506 1.565120e+06
  454.999786 1.502640e+06
  454.861067 1.451856e+06
  454.722347 1.413008e+06
  454.583628 1.386168e+06
  454.444908 1.371288e+06
  454.306189 1.368136e+06
  454.167469 1.376432e+06
  454.028750 1.395720e+06
  453.890031 1.425488e+06
  453.751311 1.465176e+06
  453.612592 1.514160e+06
  453.473872 1.571832e+06
  453.335153 1.637584e+06
  453.196433 1.710880e+06
  453.057714 1.791256e+06
  452.918994 1.878272e+06
  452.780275 1.971680e+06
  452.641555 2.071320e+06
  452.502836 2.177144e+06
  452.364117 2.289288e+06
  452.225397 2.407992e+06
  452.086678 2.533632e+06
  451.947958 2.666704e+06
  451.809239 2.807864e+06
  451.670519 2.957792e+06
  451.531800 3.117312e+06
  451.393080 3.287272e+06
  451.254361 3.468560e+06
  451.115642 3.662096e+06
  450.976922 3.868720e+06
  450.838203 4.089312e+06
  450.699483 4.324632e+06
  450.560764 4.575368e+06
  450.422044 4.842088e+06
  450.283325 5.125232e+06
  450.144605 5.425072e+06
  450.005886 5.741752e+06
  449.867167 6.075200e+06
  449.728447 6.425168e+06
  449.589728 6.791208e+06
  449.451008 7.172712e+06
  449.312289 7.568808e+06
  449.173569 7.978520e+06
  449.034850 8.400616e+06
  448.896130 8.833752e+06
  448.757411 9.276384e+06
  448.618692 9.726872e+06
  448.479972 1.018344e+07
  448.341253 1.064422e+07
  448.202533 1.110726e+07
  448.063814 1.157057e+07
  447.925094 1.203214e+07
  447.786375 1.248992e+07
  447.647655 1.294193e+07
  447.508936 1.338619e+07
  447.370216 1.382085e+07
  447.231497 1.424406e+07
  447.092778 1.465416e+07
  446.954058 1.504956e+07
  446.815339 1.542886e+07
  446.676619 1.579075e+07
  446.537900 1.613418e+07
  446.399180 1.645822e+07
  446.260461 1.676217e+07
  446.121741 1.704549e+07
  445.983022 1.730784e+07
  445.844303 1.754914e+07
  445.705583 1.776943e+07
  445.566864 1.796896e+07
  445.428144 1.814817e+07
  445.289425 1.830764e+07
  445.150705 1.844810e+07
  445.011986 1.857040e+07
  444.873266 1.867551e+07
  444.734547 1.876446e+07
  444.595828 1.883832e+07
  444.457108 1.889825e+07
  444.318389 1.894535e+07
  444.179669 1.898077e+07
  444.040950 1.900559e+07
  443.902230 1.902088e+07
  443.763511 1.902764e+07
  443.624791 1.902679e+07
  443.486072 1.901921e+07
  443.347353 1.900570e+07
  443.208633 1.898698e+07
  443.069914 1.896376e+07
  442.931194 1.893662e+07
  442.792475 1.890614e+07
  442.653755 1.887287e+07
  442.515036 1.883732e+07
  442.376316 1.879999e+07
  442.237597 1.876141e+07
  442.098878 1.872206e+07
  441.960158 1.868252e+07
  441.821439 1.864332e+07
  441.682719 1.860506e+07
  441.544000 1.856836e+07
  441.405280 1.853390e+07
  441.266561 1.850234e+07
  441.127841 1.847442e+07
  440.989122 1.845093e+07
  440.850402 1.843255e+07
  440.711683 1.842011e+07
  440.572964 1.841434e+07
  440.434244 1.841600e+07
  440.295525 1.842578e+07
  440.156805 1.844435e+07
  440.018086 1.847232e+07
  439.879366 1.851020e+07
  439.740647 1.855840e+07
  439.601927 1.861722e+07
  439.463208 1.868686e+07
  439.324489 1.876734e+07
  439.185769 1.885852e+07
  439.047050 1.896012e+07
  438.908330 1.907167e+07
  438.769611 1.919250e+07
  438.630891 1.932181e+07
  438.492172 1.945853e+07
  438.353452 1.960150e+07
  438.214733 1.974935e+07
  438.076014 1.990056e+07
  437.937294 2.005348e+07
  437.798575 2.020634e+07
  437.659855 2.035727e+07
  437.521136 2.050435e+07
  437.382416 2.064562e+07
  437.243697 2.077911e+07
  437.104977 2.090289e+07
  436.966258 2.101509e+07
  436.827539 2.111394e+07
  436.688819 2.119778e+07
  436.550100 2.126514e+07
  436.411380 2.131475e+07
  436.272661 2.134549e+07
  436.133941 2.135654e+07
  435.995222 2.134733e+07
  435.856502 2.131752e+07
  435.717783 2.126711e+07
  435.579064 2.119630e+07
  435.440344 2.110566e+07
  435.301625 2.099598e+07
  435.162905 2.086831e+07
  435.024186 2.072401e+07
  434.885466 2.056457e+07
  434.746747 2.039176e+07
  434.608027 2.020751e+07
  434.469308 2.001390e+07
  434.330588 1.981308e+07
  434.191869 1.960732e+07
  434.053150 1.939894e+07
  433.914430 1.919026e+07
  433.775711 1.898353e+07
  433.636991 1.878101e+07
  433.498272 1.858482e+07
  433.359552 1.839694e+07
  433.220833 1.821927e+07
  433.082113 1.805343e+07
  432.943394 1.790094e+07
  432.804675 1.776301e+07
  432.665955 1.764066e+07
  432.527236 1.753466e+07
  432.388516 1.744553e+07
  432.249797 1.737350e+07
  432.111077 1.731854e+07
  431.972358 1.728042e+07
  431.833638 1.725858e+07
  431.694919 1.725223e+07
  431.556200 1.726039e+07
  431.417480 1.728182e+07
  431.278761 1.731507e+07
  431.140041 1.735854e+07
  431.001322 1.741045e+07
  430.862602 1.746886e+07
  430.723883 1.753174e+07
  430.585163 1.759694e+07
  430.446444 1.766227e+07
  430.307725 1.772549e+07
  430.169005 1.778438e+07
  430.030286 1.783670e+07
  429.891566 1.788029e+07
  429.752847 1.791309e+07
  429.614127 1.793310e+07
  429.475408 1.793850e+07
  429.336688 1.792761e+07
  429.197969 1.789892e+07
  429.059249 1.785118e+07
  428.920530 1.778330e+07
  428.781811 1.769450e+07
  428.643091 1.758417e+07
  428.504372 1.745202e+07
  428.365652 1.729800e+07
  428.226933 1.712234e+07
  428.088213 1.692552e+07
  427.949494 1.670829e+07
  427.810774 1.647163e+07
  427.672055 1.621677e+07
  427.533336 1.594512e+07
  427.394616 1.565832e+07
  427.255897 1.535812e+07
  427.117177 1.504642e+07
  426.978458 1.472523e+07
  426.839738 1.439662e+07
  426.701019 1.406267e+07
  426.562299 1.372546e+07
  426.423580 1.338705e+07
  426.284861 1.304938e+07
  426.146141 1.271431e+07
  426.007422 1.238354e+07
  425.868702 1.205868e+07
  425.729983 1.174108e+07
  425.591263 1.143194e+07
  425.452544 1.113226e+07
  425.313824 1.084285e+07
  425.175105 1.056429e+07
  425.036386 1.029701e+07
  424.897666 1.004122e+07
  424.758947 9.797024e+06
  424.620227 9.564336e+06
  424.481508 9.342952e+06
  424.342788 9.132616e+06
  424.204069 8.933000e+06
  424.065349 8.743680e+06
  423.926630 8.564304e+06
  423.787911 8.394456e+06
  423.649191 8.233784e+06
  423.510472 8.082008e+06
  423.371752 7.938888e+06
  423.233033 7.804272e+06
  423.094313 7.678080e+06
  422.955594 7.560336e+06
  422.816874 7.451184e+06
  422.678155 7.350768e+06
  422.539435 7.259352e+06
  422.400716 7.177264e+06
  422.261997 7.104856e+06
  422.123277 7.042496e+06
  421.984558 6.990568e+06
  421.845838 6.949424e+06
  421.707119 6.919392e+06
  421.568399 6.900720e+06
  421.429680 6.893600e+06
  421.290960 6.898128e+06
  421.152241 6.914312e+06
  421.013522 6.942016e+06
  420.874802 6.981040e+06
  420.736083 7.031008e+06
  420.597363 7.091504e+06
  420.458644 7.161928e+06
  420.319924 7.241656e+06
  420.181205 7.329920e+06
  420.042485 7.425936e+06
  419.903766 7.528816e+06
  419.765047 7.637672e+06
  419.626327 7.751576e+06
  419.487608 7.869600e+06
  419.348888 7.990864e+06
  419.210169 8.114472e+06
  419.071449 8.239624e+06
  418.932730 8.365536e+06
  418.794010 8.491544e+06
  418.655291 8.617008e+06
  418.516572 8.741432e+06
  418.377852 8.864360e+06
  418.239133 8.985456e+06
  418.100413 9.104424e+06
  417.961694 9.221064e+06
  417.822974 9.335256e+06
  417.684255 9.446928e+06
  417.545535 9.556024e+06
  417.406816 9.662560e+06
  417.268097 9.766536e+06
  417.129377 9.867952e+06
  416.990658 9.966824e+06
  416.851938 1.006312e+07
  416.713219 1.015678e+07
  416.574499 1.024772e+07
  416.435780 1.033578e+07
  416.297060 1.042076e+07
  416.158341 1.050240e+07
  416.019621 1.058039e+07
  415.880902 1.065436e+07
  415.742183 1.072390e+07
  415.603463 1.078854e+07
  415.464744 1.084778e+07
  415.326024 1.090110e+07
  415.187305 1.094796e+07
  415.048585 1.098778e+07
  414.909866 1.101999e+07
  414.771146 1.104406e+07
  414.632427 1.105946e+07
  414.493708 1.106565e+07
  414.354988 1.106219e+07
  414.216269 1.104865e+07
  414.077549 1.102466e+07
  413.938830 1.098996e+07
  413.800110 1.094435e+07
  413.661391 1.088768e+07
  413.522671 1.081994e+07
  413.383952 1.074124e+07
  413.245233 1.065177e+07
  413.106513 1.055184e+07
  412.967794 1.044188e+07
  412.829074 1.032245e+07
  412.690355 1.019420e+07
  412.551635 1.005794e+07
  412.412916 9.914512e+06
  412.274196 9.764912e+06
  412.135477 9.610152e+06
  411.996758 9.451392e+06
  411.858038 9.289752e+06
  411.719319 9.126440e+06
  411.580599 8.962640e+06
  411.441880 8.799584e+06
  411.303160 8.638416e+06
  411.164441 8.480280e+06
  411.025721 8.326272e+06
  410.887002 8.177384e+06
  410.748282 8.034576e+06
  410.609563 7.898680e+06
  410.470844 7.770496e+06
  410.332124 7.650688e+06
  410.193405 7.539824e+06
  410.054685 7.438432e+06
  409.915966 7.346928e+06
  409.777246 7.265624e+06
  409.638527 7.194808e+06
  409.499807 7.134688e+06
  409.361088 7.085424e+06
  409.222369 7.047128e+06
  409.083649 7.019856e+06
  408.944930 7.003688e+06
  408.806210 6.998608e+06
  408.667491 7.004632e+06
  408.528771 7.021696e+06
  408.390052 7.049776e+06
  408.251332 7.088768e+06
  408.112613 7.138560e+06
  407.973894 7.199008e+06
  407.835174 7.269928e+06
  407.696455 7.351048e+06
  407.557735 7.442088e+06
  407.419016 7.542680e+06
  407.280296 7.652392e+06
  407.141577 7.770744e+06
  407.002857 7.897160e+06
  406.864138 8.031016e+06
  406.725419 8.171632e+06
  406.586699 8.318256e+06
  406.447980 8.470096e+06
  406.309260 8.626344e+06
  406.170541 8.786168e+06
  406.031821 8.948744e+06
  405.893102 9.113256e+06
  405.754382 9.278936e+06
  405.615663 9.445080e+06
  405.476944 9.611024e+06
  405.338224 9.776256e+06
  405.199505 9.940320e+06
  405.060785 1.010290e+07
  404.922066 1.026373e+07
  404.783346 1.042276e+07
  404.644627 1.058000e+07
  404.505907 1.073559e+07
  404.367188 1.088976e+07
  404.228468 1.104285e+07
  404.089749 1.119526e+07
  403.951030 1.134745e+07
  403.812310 1.149993e+07
  403.673591 1.165322e+07
  403.534871 1.180785e+07
  403.396152 1.196431e+07
  403.257432 1.212312e+07
  403.118713 1.228467e+07
  402.979993 1.244936e+07
  402.841274 1.261748e+07
  402.702555 1.278927e+07
  402.563835 1.296490e+07
  402.425116 1.314445e+07
  402.286396 1.332794e+07
  402.147677 1.351534e+07
  402.008957 1.370654e+07
  401.870238 1.390139e+07
  401.731518 1.409972e+07
  401.592799 1.430133e+07
  401.454080 1.450595e+07
  401.315360 1.471340e+07
  401.176641 1.492337e+07
  401.037921 1.513563e+07
  400.899202 1.534993e+07
  400.760482 1.556602e+07
  400.621763 1.578362e+07
  400.483043 1.600249e+07
  400.344324 1.622237e+07
  400.205605 1.644296e+07
  400.066885 1.666400e+07
  399.928166 1.688517e+07
  399.789446 1.710615e+07
  399.650727 1.732660e+07
  399.512007 1.754614e+07
  399.373288 1.776437e+07
  399.234568 1.798086e+07
  399.095849 1.819518e+07
  398.957130 1.840682e+07
  398.818410 1.861529e+07
  398.679691 1.882002e+07
  398.540971 1.902043e+07
  398.402252 1.921592e+07
  398.263532 1.940584e+07
  398.124813 1.958954e+07
  397.986093 1.976628e+07
  397.847374 1.993536e+07
  397.708654 2.009598e+07
  397.569935 2.024738e+07
  397.431216 2.038876e+07
  397.292496 2.051927e+07
  397.153777 2.063809e+07
  397.015057 2.074438e+07
  396.876338 2.083734e+07
  396.737618 2.091610e+07
  396.598899 2.097990e+07
  396.460179 2.102800e+07
  396.321460 2.105965e+07
  396.182741 2.107418e+07
  396.044021 2.107101e+07
  395.905302 2.104961e+07
  395.766582 2.100948e+07
  395.627863 2.095026e+07
  395.489143 2.087162e+07
  395.350424 2.077338e+07
  395.211704 2.065536e+07
  395.072985 2.051755e+07
  394.934266 2.035999e+07
  394.795546 2.018280e+07
  394.656827 1.998625e+07
  394.518107 1.977061e+07
  394.379388 1.953632e+07
  394.240668 1.928392e+07
  394.101949 1.901402e+07
  393.963229 1.872736e+07
  393.824510 1.842478e+07
  393.685791 1.810729e+07
  393.547071 1.777598e+07
  393.408352 1.743213e+07
  393.269632 1.707710e+07
  393.130913 1.671246e+07
  392.992193 1.633986e+07
  392.853474 1.596118e+07
  392.714754 1.557834e+07
  392.576035 1.519346e+07
  392.437315 1.480876e+07
  392.298596 1.442655e+07
  392.159877 1.404924e+07
  392.021157 1.367930e+07
  391.882438 1.331923e+07
  391.743718 1.297154e+07
  391.604999 1.263874e+07
  391.466279 1.232329e+07
  391.327560 1.202758e+07
  391.188840 1.175394e+07
  391.050121 1.150459e+07
  390.911402 1.128156e+07
  390.772682 1.108678e+07
  390.633963 1.092201e+07
  390.495243 1.078877e+07
  390.356524 1.068844e+07
  390.217804 1.062214e+07
  390.079085 1.059077e+07
  389.940365 1.059502e+07
  389.801646 1.063530e+07
  389.662927 1.071178e+07
  389.524207 1.082438e+07
  389.385488 1.097273e+07
  389.246768 1.115621e+07
  389.108049 1.137393e+07
  388.969329 1.162473e+07
  388.830610 1.190720e+07
  388.691890 1.221967e+07
  388.553171 1.256022e+07
  388.414452 1.292670e+07
  388.275732 1.331673e+07
  388.137013 1.372778e+07
  387.998293 1.415710e+07
  387.859574 1.460181e+07
  387.720854 1.505891e+07
  387.582135 1.552531e+07
  387.443415 1.599786e+07
  387.304696 1.647338e+07
  387.165977 1.694870e+07
  387.027257 1.742065e+07
  386.888538 1.788620e+07
  386.749818 1.834235e+07
  386.611099 1.878625e+07
  386.472379 1.921520e+07
  386.333660 1.962670e+07
  386.194940 2.001840e+07
  386.056221 2.038819e+07
  385.917501 2.073419e+07
  385.778782 2.105476e+07
  385.640063 2.134854e+07
  385.501343 2.161437e+07
  385.362624 2.185140e+07
  385.223904 2.205904e+07
  385.085185 2.223698e+07
  384.946465 2.238518e+07
  384.807746 2.250385e+07
  384.669026 2.259346e+07
  384.530307 2.265474e+07
  384.391588 2.268868e+07
  384.252868 2.269648e+07
  384.114149 2.267958e+07
  383.975429 2.263964e+07
  383.836710 2.257846e+07
  383.697990 2.249806e+07
  383.559271 2.240062e+07
  383.420551 2.228843e+07
  383.281832 2.216390e+07
  383.143113 2.202949e+07
  383.004393 2.188778e+07
  382.865674 2.174134e+07
  382.726954 2.159274e+07
  382.588235 2.144456e+07
  382.449515 2.129926e+07
  382.310796 2.115926e+07
  382.172076 2.102690e+07
  382.033357 2.090432e+07
  381.894638 2.079355e+07
  381.755918 2.069644e+07
  381.617199 2.061464e+07
  381.478479 2.054961e+07
  381.339760 2.050258e+07
  381.201040 2.047461e+07
  381.062321 2.046647e+07
  380.923601 2.047882e+07
  380.784882 2.051203e+07
  380.646163 2.056631e+07
  380.507443 2.064170e+07
  380.368724 2.073805e+07
  380.230004 2.085508e+07
  380.091285 2.099239e+07
  379.952565 2.114946e+07
  379.813846 2.132564e+07
  379.675126 2.152029e+07
  379.536407 2.173260e+07
  379.397687 2.196185e+07
  379.258968 2.220718e+07
  379.120249 2.246778e+07
  378.981529 2.274282e+07
  378.842810 2.303146e+07
  378.704090 2.333290e+07
  378.565371 2.364632e+07
  378.426651 2.397094e+07
  378.287932 2.430597e+07
  378.149212 2.465070e+07
  378.010493 2.500435e+07
  377.871774 2.536623e+07
  377.733054 2.573563e+07
  377.594335 2.611188e+07
  377.455615 2.649430e+07
  377.316896 2.688226e+07
  377.178176 2.727515e+07
  377.039457 2.767238e+07
  376.900737 2.807341e+07
  376.762018 2.847774e+07
  376.623299 2.888493e+07
  376.484579 2.929461e+07
  376.345860 2.970647e+07
  376.207140 3.012030e+07
  376.068421 3.053596e+07
  375.929701 3.095337e+07
  375.790982 3.137263e+07
  375.652262 3.179386e+07
  375.513543 3.221727e+07
  375.374824 3.264322e+07
  375.236104 3.307210e+07
  375.097385 3.350432e+07
  374.958665 3.394043e+07
  374.819946 3.438090e+07
  374.681226 3.482626e+07
  374.542507 3.527702e+07
  374.403787 3.573363e+07
  374.265068 3.619646e+07
  374.126348 3.666580e+07
  373.987629 3.714182e+07
  373.848910 3.762455e+07
  373.710190 3.811388e+07
  373.571471 3.860951e+07
  373.432751 3.911097e+07
  373.294032 3.961762e+07
  373.155312 4.012863e+07
  373.016593 4.064299e+07
  372.877873 4.115953e+07
  372.739154 4.167690e+07
  372.600435 4.219362e+07
  372.461715 4.270812e+07
  372.322996 4.321870e+07
  372.184276 4.372360e+07
  372.045557 4.422098e+07
  371.906837 4.470904e+07
  371.768118 4.518594e+07
  371.629398 4.564989e+07
  371.490679 4.609918e+07
  371.351960 4.653213e+07
  371.213240 4.694721e+07
  371.074521 4.734302e+07
  370.935801 4.771826e+07
  370.797082 4.807182e+07
  370.658362 4.840274e+07
  370.519643 4.871023e+07
  370.380923 4.899370e+07
  370.242204 4.925272e+07
  370.103485 4.948703e+07
  369.964765 4.969659e+07
  369.826046 4.988148e+07
  369.687326 5.004199e+07
  369.548607 5.017855e+07
  369.409887 5.029174e+07
  369.271168 5.038226e+07
  369.132448 5.045097e+07
  368.993729 5.049880e+07
  368.855010 5.052678e+07
  368.716290 5.053605e+07
  368.577571 5.052777e+07
  368.438851 5.050315e+07
  368.300132 5.046344e+07
  368.161412 5.040987e+07
  368.022693 5.034367e+07
  367.883973 5.026605e+07
  367.745254 5.017814e+07
  367.606534 5.008102e+07
  367.467815 4.997569e+07
  367.329096 4.986311e+07
  367.190376 4.974407e+07
  367.051657 4.961929e+07
  366.912937 4.948937e+07
  366.774218 4.935480e+07
  366.635498 4.921594e+07
  366.496779 4.907306e+07
  366.358059 4.892630e+07
  366.219340 4.877566e+07
  366.080621 4.862110e+07
  365.941901 4.846246e+07
  365.803182 4.829944e+07
  365.664462 4.813172e+07
  365.525743 4.795892e+07
  365.387023 4.778054e+07
  365.248304 4.759608e+07
  365.109584 4.740504e+07
  364.970865 4.720683e+07
  364.832146 4.700096e+07
  364.693426 4.678686e+07
  364.554707 4.656407e+07
  364.415987 4.633218e+07
  364.277268 4.609086e+07
  364.138548 4.583989e+07
  363.999829 4.557911e+07
  363.861109 4.530859e+07
  363.722390 4.502849e+07
  363.583671 4.473914e+07
  363.444951 4.444106e+07
  363.306232 4.413495e+07
  363.167512 4.382168e+07
  363.028793 4.350232e+07
  362.890073 4.317804e+07
  362.751354 4.285028e+07
  362.612634 4.252051e+07
  362.473915 4.219032e+07
  362.335196 4.186148e+07
  362.196476 4.153573e+07
  362.057757 4.121485e+07
  361.919037 4.090064e+07
  361.780318 4.059486e+07
  361.641598 4.029918e+07
  361.502879 4.001521e+07
  361.364159 3.974438e+07
  361.225440 3.948803e+07
  361.086720 3.924730e+07
  360.948001 3.902318e+07
  360.809282 3.881642e+07
  360.670562 3.862759e+07
  360.531843 3.845711e+07
  360.393123 3.830515e+07
  360.254404 3.817170e+07
  360.115684 3.805656e+07
  359.976965 3.795939e+07
  359.838245 3.787966e+07
  359.699526 3.781674e+07
  359.560807 3.776982e+07
  359.422087 3.773804e+07
  359.283368 3.772043e+07
  359.144648 3.771592e+07
  359.005929 3.772345e+07
  358.867209 3.774188e+07
  358.728490 3.777005e+07
  358.589770 3.780678e+07
  358.451051 3.785091e+07
  358.312332 3.790131e+07
  358.173612 3.795686e+07
  358.034893 3.801646e+07
  357.896173 3.807908e+07
  357.757454 3.814376e+07
  357.618734 3.820957e+07
  357.480015 3.827568e+07
  357.341295 3.834134e+07
  357.202576 3.840588e+07
  357.063857 3.846874e+07
  356.925137 3.852947e+07
  356.786418 3.858773e+07
  356.647698 3.864330e+07
  356.508979 3.869610e+07
  356.370259 3.874618e+07
  356.231540 3.879371e+07
  356.092820 3.883903e+07
  355.954101 3.888261e+07
  355.815381 3.892505e+07
  355.676662 3.896704e+07
  355.537943 3.900945e+07
  355.399223 3.905324e+07
  355.260504 3.909946e+07
  355.121784 3.914920e+07
  354.983065 3.920366e+07
  354.844345 3.926405e+07
  354.705626 3.933159e+07
  354.566906 3.940749e+07
  354.428187 3.949293e+07
  354.289468 3.958902e+07
  354.150748 3.969687e+07
  354.012029 3.981734e+07
  353.873309 3.995135e+07
  353.734590 4.009955e+07
  353.595870 4.026254e+07
  353.457151 4.044072e+07
  353.318431 4.063436e+07
  353.179712 4.084357e+07
  353.040993 4.106828e+07
  352.902273 4.130830e+07
  352.763554 4.156329e+07
  352.624834 4.183273e+07
  352.486115 4.211605e+07
  352.347395 4.241249e+07
  352.208676 4.272125e+07
  352.069956 4.304146e+07
  351.931237 4.337215e+07
  351.792518 4.371234e+07
  351.653798 4.406103e+07
  351.515079 4.441720e+07
  351.376359 4.477984e+07
  351.237640 4.514796e+07
  351.098920 4.552059e+07
  350.960201 4.589682e+07
  350.821481 4.627576e+07
  350.682762 4.665657e+07
  350.544043 4.703846e+07
  350.405323 4.742067e+07
  350.266604 4.780251e+07
  350.127884 4.818330e+07
  349.989165 4.856238e+07
  349.850445 4.893916e+07
  349.711726 4.931302e+07
  349.573006 4.968341e+07
  349.434287 5.004978e+07
  349.295567 5.041157e+07
  349.156848 5.076829e+07
  349.018129 5.111944e+07
  348.879409 5.146458e+07
  348.740690 5.180326e+07
  348.601970 5.213516e+07
  348.463251 5.245991e+07
  348.324531 5.277725e+07
  348.185812 5.308702e+07
  348.047092 5.338909e+07
  347.908373 5.368342e+07
  347.769654 5.397010e+07
  347.630934 5.424926e+07
  347.492215 5.452115e+07
  347.353495 5.478611e+07
  347.214776 5.504458e+07
  347.076056 5.529706e+07
  346.937337 5.554413e+07
  346.798617 5.578645e+07
  346.659898 5.602472e+07
  346.521179 5.625970e+07
  346.382459 5.649218e+07
  346.243740 5.672294e+07
  346.105020 5.695278e+07
  345.966301 5.718248e+07
  345.827581 5.741283e+07
  345.688862 5.764451e+07
  345.550142 5.787822e+07
  345.411423 5.811455e+07
  345.272704 5.835406e+07
  345.133984 5.859722e+07
  344.995265 5.884441e+07
  344.856545 5.909594e+07
  344.717826 5.935204e+07
  344.579106 5.961286e+07
  344.440387 5.987841e+07
  344.301667 6.014871e+07
  344.162948 6.042369e+07
  344.024229 6.070314e+07
  343.885509 6.098686e+07
  343.746790 6.127462e+07
  343.608070 6.156603e+07
  343.469351 6.186077e+07
  343.330631 6.215843e+07
  343.191912 6.245858e+07
  343.053192 6.276074e+07
  342.914473 6.306446e+07
  342.775753 6.336919e+07
  342.637034 6.367440e+07
  342.498315 6.397952e+07
  342.359595 6.428397e+07
  342.220876 6.458710e+07
  342.082156 6.488826e+07
  341.943437 6.518674e+07
  341.804717 6.548178e+07
  341.665998 6.577260e+07
  341.527278 6.605837e+07
  341.388559 6.633818e+07
  341.249840 6.661110e+07
  341.111120 6.687611e+07
  340.972401 6.713222e+07
  340.833681 6.737834e+07
  340.694962 6.761340e+07
  340.556242 6.783630e+07
  340.417523 6.804596e+07
  340.278803 6.824132e+07
  340.140084 6.842136e+07
  340.001365 6.858511e+07
  339.862645 6.873172e+07
  339.723926 6.886038e+07
  339.585206 6.897046e+07
  339.446487 6.906141e+07
  339.307767 6.913280e+07
  339.169048 6.918438e+07
  339.030328 6.921604e+07
  338.891609 6.922780e+07
  338.752890 6.921981e+07
  338.614170 6.919235e+07
  338.475451 6.914584e+07
  338.336731 6.908078e+07
  338.198012 6.899774e+07
  338.059292 6.889740e+07
  337.920573 6.878048e+07
  337.781853 6.864771e+07
  337.643134 6.849989e+07
  337.504414 6.833779e+07
  337.365695 6.816222e+07
  337.226976 6.797392e+07
  337.088256 6.777365e+07
  336.949537 6.756218e+07
  336.810817 6.734020e+07
  336.672098 6.710843e+07
  336.533378 6.686754e+07
  336.394659 6.661823e+07
  336.255939 6.636113e+07
  336.117220 6.609691e+07
  335.978501 6.582626e+07
  335.839781 6.554986e+07
  335.701062 6.526842e+07
  335.562342 6.498264e+07
  335.423623 6.469327e+07
  335.284903 6.440107e+07
  335.146184 6.410683e+07
  335.007464 6.381134e+07
  334.868745 6.351541e+07
  334.730026 6.321986e+07
  334.591306 6.292549e+07
  334.452587 6.263310e+07
  334.313867 6.234346e+07
  334.175148 6.205733e+07
  334.036428 6.177544e+07
  333.897709 6.149844e+07
  333.758989 6.122698e+07
  333.620270 6.096163e+07
  333.481551 6.070294e+07
  333.342831 6.045140e+07
  333.204112 6.020746e+07
  333.065392 5.997151e+07
  332.926673 5.974394e+07
  332.787953 5.952508e+07
  332.649234 5.931525e+07
  332.510514 5.911479e+07
  332.371795 5.892400e+07
  332.233076 5.874318e+07
  332.094356 5.857267e+07
  331.955637 5.841282e+07
  331.816917 5.826396e+07
  331.678198 5.812649e+07
  331.539478 5.800082e+07
  331.400759 5.788734e+07
  331.262039 5.778647e+07
  331.123320 5.769866e+07
  330.984600 5.762434e+07
  330.845881 5.756388e+07
  330.707162 5.751767e+07
  330.568442 5.748606e+07
  330.429723 5.746931e+07
  330.291003 5.746763e+07
  330.152284 5.748118e+07
  330.013564 5.750998e+07
  329.874845 5.755401e+07
  329.736125 5.761310e+07
  329.597406 5.768702e+07
  329.458687 5.777543e+07
  329.319967 5.787788e+07
  329.181248 5.799386e+07
  329.042528 5.812273e+07
  328.903809 5.826383e+07
  328.765089 5.841644e+07
  328.626370 5.857980e+07
  328.487650 5.875310e+07
  328.348931 5.893561e+07
  328.210212 5.912654e+07
  328.071492 5.932520e+07
  327.932773 5.953088e+07
  327.794053 5.974301e+07
  327.655334 5.996110e+07
  327.516614 6.018468e+07
  327.377895 6.041351e+07
  327.239175 6.064734e+07
  327.100456 6.088609e+07
  326.961737 6.112980e+07
  326.823017 6.137858e+07
  326.684298 6.163266e+07
  326.545578 6.189236e+07
  326.406859 6.215808e+07
  326.268139 6.243030e+07
  326.129420 6.270953e+07
  325.990700 6.299632e+07
  325.851981 6.329126e+07
  325.713262 6.359492e+07
  325.574542 6.390787e+07
  325.435823 6.423070e+07
  325.297103 6.456388e+07
  325.158384 6.490788e+07
  325.019664 6.526309e+07
  324.880945 6.562979e+07
  324.742225 6.600824e+07
  324.603506 6.639854e+07
  324.464786 6.680072e+07
  324.326067 6.721466e+07
  324.187348 6.764018e+07
  324.048628 6.807690e+07
  323.909909 6.852438e+07
  323.771189 6.898204e+07
  323.632470 6.944918e+07
  323.493750 6.992498e+07
  323.355031 7.040851e+07
  323.216311 7.089874e+07
  323.077592 7.139455e+07
  322.938873 7.189474e+07
  322.800153 7.239806e+07
  322.661434 7.290317e+07
  322.522714 7.340872e+07
  322.383995 7.391338e+07
  322.245275 7.441576e+07
  322.106556 7.491453e+07
  321.967836 7.540841e+07
  321.829117 7.589616e+07
  321.690398 7.637663e+07
  321.551678 7.684875e+07
  321.412959 7.731161e+07
  321.274239 7.776436e+07
  321.135520 7.820632e+07
  320.996800 7.863698e+07
  320.858081 7.905593e+07
  320.719361 7.946297e+07
  320.580642 7.985805e+07
  320.441923 8.024126e+07
  320.303203 8.061289e+07
  320.164484 8.097334e+07
  320.025764 8.132321e+07
  319.887045 8.166314e+07
  319.748325 8.199396e+07
  319.609606 8.231656e+07
  319.470886 8.263188e+07
  319.332167 8.294090e+07
  319.193447 8.324461e+07
  319.054728 8.354394e+07
  318.916009 8.383977e+07
  318.777289 8.413287e+07
  318.638570 8.442386e+07
  318.499850 8.471318e+07
  318.361131 8.500103e+07
  318.222411 8.528744e+07
  318.083692 8.557213e+07
  317.944972 8.585452e+07
  317.806253 8.613382e+07
  317.667534 8.640890e+07
  317.528814 8.667838e+07
  317.390095 8.694061e+07
  317.251375 8.719374e+07
  317.112656 8.743569e+07
  316.973936 8.766421e+07
  316.835217 8.787698e+07
  316.696497 8.807155e+07
  316.557778 8.824551e+07
  316.419059 8.839645e+07
  316.280339 8.852206e+07
  316.141620 8.862014e+07
  316.002900 8.868866e+07
  315.864181 8.872588e+07
  315.725461 8.873022e+07
  315.586742 8.870046e+07
  315.448022 8.863564e+07
  315.309303 8.853515e+07
  315.170584 8.839876e+07
  315.031864 8.822648e+07
  314.893145 8.801874e+07
  314.754425 8.777628e+07
  314.615706 8.750014e+07
  314.476986 8.719170e+07
  314.338267 8.685256e+07
  314.199547 8.648462e+07
  314.060828 8.609000e+07
  313.922109 8.567102e+07
  313.783389 8.523015e+07
  313.644670 8.477004e+07
  313.505950 8.429343e+07
  313.367231 8.380312e+07
  313.228511 8.330205e+07
  313.089792 8.279310e+07
  312.951072 8.227922e+07
  312.812353 8.176333e+07
  312.673633 8.124830e+07
  312.534914 8.073699e+07
  312.396195 8.023214e+07
  312.257475 7.973641e+07
  312.118756 7.925237e+07
  311.980036 7.878246e+07
  311.841317 7.832897e+07
  311.702597 7.789408e+07
  311.563878 7.747978e+07
  311.425158 7.708790e+07
  311.286439 7.672011e+07
  311.147720 7.637792e+07
  311.009000 7.606262e+07
  310.870281 7.577535e+07
  310.731561 7.551706e+07
  310.592842 7.528850e+07
  310.454122 7.509029e+07
  310.315403 7.492284e+07
  310.176683 7.478639e+07
  310.037964 7.468106e+07
  309.899245 7.460678e+07
  309.760525 7.456337e+07
  309.621806 7.455046e+07
  309.483086 7.456763e+07
  309.344367 7.461427e+07
  309.205647 7.468970e+07
  309.066928 7.479316e+07
  308.928208 7.492374e+07
  308.789489 7.508051e+07
  308.650770 7.526246e+07
  308.512050 7.546847e+07
  308.373331 7.569742e+07
  308.234611 7.594816e+07
  308.095892 7.621944e+07
  307.957172 7.651006e+07
  307.818453 7.681878e+07
  307.679733 7.714433e+07
  307.541014 7.748548e+07
  307.402294 7.784103e+07
  307.263575 7.820974e+07
  307.124856 7.859046e+07
  306.986136 7.898207e+07
  306.847417 7.938346e+07
  306.708697 7.979363e+07
  306.569978 8.021162e+07
  306.431258 8.063649e+07
  306.292539 8.106745e+07
  306.153819 8.150370e+07
  306.015100 8.194460e+07
  305.876381 8.238950e+07
  305.737661 8.283789e+07
  305.598942 8.328929e+07
  305.460222 8.374330e+07
  305.321503 8.419962e+07
  305.182783 8.465793e+07
  305.044064 8.511806e+07
  304.905344 8.557982e+07
  304.766625 8.604311e+07
  304.627906 8.650786e+07
  304.489186 8.697403e+07
  304.350467 8.744165e+07
  304.211747 8.791071e+07
  304.073028 8.838134e+07
  303.934308 8.885361e+07
  303.795589 8.932764e+07
  303.656869 8.980358e+07
  303.518150 9.028162e+07
  303.379431 9.076190e+07
  303.240711 9.124465e+07
  303.101992 9.173009e+07
  302.963272 9.221839e+07
  302.824553 9.270981e+07
  302.685833 9.320453e+07
  302.547114 9.370274e+07
  302.408394 9.420460e+07
  302.269675 9.471029e+07
  302.130956 9.521991e+07
  301.992236 9.573351e+07
  301.853517 9.625113e+07
  301.714797 9.677270e+07
  301.576078 9.729816e+07
  301.437358 9.782730e+07
  301.298639 9.835986e+07
  301.159919 9.889550e+07
  301.021200 9.943378e+07
  300.882480 9.997417e+07
  300.743761 1.005160e+08
  300.605042 1.010587e+08
  300.466322 1.016012e+08
  300.327603 1.021428e+08
  300.188883 1.026824e+08
  300.050164 1.032190e+08
  299.911444 1.037513e+08
  299.772725 1.042782e+08
  299.634005 1.047985e+08
  299.495286 1.053108e+08
  299.356567 1.058138e+08
  299.217847 1.063062e+08
  299.079128 1.067868e+08
  298.940408 1.072541e+08
  298.801689 1.077070e+08
  298.662969 1.081442e+08
  298.524250 1.085647e+08
  298.385530 1.089673e+08
  298.246811 1.093510e+08
  298.108092 1.097148e+08
  297.969372 1.100581e+08
  297.830653 1.103800e+08
  297.691933 1.106798e+08
  297.553214 1.109570e+08
  297.414494 1.112111e+08
  297.275775 1.114418e+08
  297.137055 1.116488e+08
  296.998336 1.118319e+08
  296.859617 1.119910e+08
  296.720897 1.121261e+08
  296.582178 1.122374e+08
  296.443458 1.123251e+08
  296.304739 1.123894e+08
  296.166019 1.124308e+08
  296.027300 1.124498e+08
  295.888580 1.124471e+08
  295.749861 1.124234e+08
  295.611142 1.123794e+08
  295.472422 1.123161e+08
  295.333703 1.122345e+08
  295.194983 1.121356e+08
  295.056264 1.120205e+08
  294.917544 1.118903e+08
  294.778825 1.117461e+08
  294.640105 1.115892e+08
  294.501386 1.114207e+08
  294.362666 1.112417e+08
  294.223947 1.110533e+08
  294.085228 1.108565e+08
  293.946508 1.106523e+08
  293.807789 1.104416e+08
  293.669069 1.102251e+08
  293.530350 1.100037e+08
  293.391630 1.097780e+08
  293.252911 1.095485e+08
  293.114191 1.093158e+08
  292.975472 1.090802e+08
  292.836753 1.088421e+08
  292.698033 1.086017e+08
  292.559314 1.083593e+08
  292.420594 1.081150e+08
  292.281875 1.078690e+08
  292.143155 1.076213e+08
  292.004436 1.073720e+08
  291.865716 1.071212e+08
  291.726997 1.068688e+08
  291.588278 1.066149e+08
  291.449558 1.063594e+08
  291.310839 1.061025e+08
  291.172119 1.058441e+08
  291.033400 1.055844e+08
  290.894680 1.053232e+08
  290.755961 1.050608e+08
  290.617241 1.047972e+08
  290.478522 1.045326e+08
  290.339803 1.042670e+08
  290.201083 1.040007e+08
  290.062364 1.037338e+08
  289.923644 1.034666e+08
  289.784925 1.031993e+08
  289.646205 1.029322e+08
  289.507486 1.026656e+08
  289.368766 1.023998e+08
  289.230047 1.021353e+08
  289.091327 1.018723e+08
  288.952608 1.016114e+08
  288.813889 1.013530e+08
  288.675169 1.010976e+08
  288.536450 1.008457e+08
  288.397730 1.005979e+08
  288.259011 1.003548e+08
  288.120291 1.001170e+08
  287.981572 9.988513e+07
  287.842852 9.965988e+07
  287.704133 9.944194e+07
  287.565414 9.923198e+07
  287.426694 9.903076e+07
  287.287975 9.883894e+07
  287.149255 9.865726e+07
  287.010536 9.848637e+07
  286.871816 9.832695e+07
  286.733097 9.817966e+07
  286.594377 9.804505e+07
  286.455658 9.792369e+07
  286.316939 9.781608e+07
  286.178219 9.772266e+07
  286.039500 9.764376e+07
  285.900780 9.757972e+07
  285.762061 9.753074e+07
  285.623341 9.749698e+07
  285.484622 9.747852e+07
  285.345902 9.747534e+07
  285.207183 9.748739e+07
  285.068464 9.751450e+07
  284.929744 9.755649e+07
  284.791025 9.761308e+07
  284.652305 9.768394e+07
  284.513586 9.776871e+07
  284.374866 9.786702e+07
  284.236147 9.797842e+07
  284.097427 9.810247e+07
  283.958708 9.823874e+07
  283.819989 9.838672e+07
  283.681269 9.854595e+07
  283.542550 9.871597e+07
  283.403830 9.889631e+07
  283.265111 9.908647e+07
  283.126391 9.928599e+07
  282.987672 9.949438e+07
  282.848952 9.971118e+07
  282.710233 9.993586e+07
  282.571513 1.001679e+08
  282.432794 1.004069e+08
  282.294075 1.006521e+08
  282.155355 1.009031e+08
  282.016636 1.011594e+08
  281.877916 1.014202e+08
  281.739197 1.016850e+08
  281.600477 1.019531e+08
  281.461758 1.022240e+08
  281.323038 1.024969e+08
  281.184319 1.027712e+08
  281.045600 1.030462e+08
  280.906880 1.033212e+08
  280.768161 1.035955e+08
  280.629441 1.038685e+08
  280.490722 1.041395e+08
  280.352002 1.044079e+08
  280.213283 1.046728e+08
  280.074563 1.049339e+08
  279.935844 1.051903e+08
  279.797125 1.054416e+08
  279.658405 1.056872e+08
  279.519686 1.059265e+08
  279.380966 1.061592e+08
  279.242247 1.063849e+08
  279.103527 1.066032e+08
  278.964808 1.068139e+08
  278.826088 1.070169e+08
  278.687369 1.072122e+08
  278.548650 1.073998e+08
  278.409930 1.075801e+08
  278.271211 1.077533e+08
  278.132491 1.079200e+08
  277.993772 1.080809e+08
  277.855052 1.082368e+08
  277.716333 1.083886e+08
  277.577613 1.085375e+08
  277.438894 1.086847e+08
  277.300175 1.088316e+08
  277.161455 1.089796e+08
  277.022736 1.091304e+08
  276.884016 1.092855e+08
  276.745297 1.094466e+08
  276.606577 1.096152e+08
  276.467858 1.097930e+08
  276.329138 1.099816e+08
  276.190419 1.101824e+08
  276.051699 1.103968e+08
  275.912980 1.106258e+08
  275.774261 1.108705e+08
  275.635541 1.111317e+08
  275.496822 1.114101e+08
  275.358102 1.117060e+08
  275.219383 1.120195e+08
  275.080663 1.123506e+08
  274.941944 1.126990e+08
  274.803224 1.130643e+08
  274.664505 1.134458e+08
  274.525786 1.138425e+08
  274.387066 1.142536e+08
  274.248347 1.146778e+08
  274.109627 1.151139e+08
  273.970908 1.155606e+08
  273.832188 1.160164e+08
  273.693469 1.164799e+08
  273.554749 1.169496e+08
  273.416030 1.174240e+08
  273.277311 1.179017e+08
  273.138591 1.183810e+08
  272.999872 1.188606e+08
  272.861152 1.193391e+08
  272.722433 1.198151e+08
  272.583713 1.202872e+08
  272.444994 1.207542e+08
  272.306274 1.212148e+08
  272.167555 1.216678e+08
  272.028836 1.221122e+08
  271.890116 1.225468e+08
  271.751397 1.229706e+08
  271.612677 1.233827e+08
  271.473958 1.237821e+08
  271.335238 1.241679e+08
  271.196519 1.245395e+08
  271.057799 1.248961e+08
  270.919080 1.252369e+08
  270.780360 1.255616e+08
  270.641641 1.258695e+08
  270.502922 1.261602e+08
  270.364202 1.264334e+08
  270.225483 1.266888e+08
  270.086763 1.269264e+08
  269.948044 1.271458e+08
  269.809324 1.273473e+08
  269.670605 1.275308e+08
  269.531885 1.276965e+08
  269.393166 1.278447e+08
  269.254447 1.279756e+08
  269.115727 1.280898e+08
  268.977008 1.281875e+08
  268.838288 1.282693e+08
  268.699569 1.283359e+08
  268.560849 1.283879e+08
  268.422130 1.284259e+08
  268.283410 1.284508e+08
  268.144691 1.284634e+08
  268.005972 1.284643e+08
  267.867252 1.284546e+08
  267.728533 1.284352e+08
  267.589813 1.284069e+08
  267.451094 1.283707e+08
  267.312374 1.283276e+08
  267.173655 1.282785e+08
  267.034935 1.282243e+08
  266.896216 1.281660e+08
  266.757497 1.281046e+08
  266.618777 1.280410e+08
  266.480058 1.279760e+08
  266.341338 1.279105e+08
  266.202619 1.278454e+08
  266.063899 1.277814e+08
  265.925180 1.277194e+08
  265.786460 1.276601e+08
  265.647741 1.276042e+08
  265.509022 1.275523e+08
  265.370302 1.275051e+08
  265.231583 1.274633e+08
  265.092863 1.274272e+08
  264.954144 1.273976e+08
  264.815424 1.273748e+08
  264.676705 1.273594e+08
  264.537985 1.273517e+08
  264.399266 1.273522e+08
  264.260546 1.273612e+08
  264.121827 1.273790e+08
  263.983108 1.274060e+08
  263.844388 1.274424e+08
  263.705669 1.274885e+08
  263.566949 1.275445e+08
  263.428230 1.276108e+08
  263.289510 1.276874e+08
  263.150791 1.277747e+08
  263.012071 1.278728e+08
  262.873352 1.279819e+08
  262.734633 1.281023e+08
  262.595913 1.282341e+08
  262.457194 1.283775e+08
  262.318474 1.285326e+08
  262.179755 1.286998e+08
  262.041035 1.288790e+08
  261.902316 1.290704e+08
  261.763596 1.292741e+08
  261.624877 1.294902e+08
  261.486158 1.297188e+08
  261.347438 1.299599e+08
  261.208719 1.302134e+08
  261.069999 1.304795e+08
  260.931280 1.307579e+08
  260.792560 1.310487e+08
  260.653841 1.313517e+08
  260.515121 1.316670e+08
  260.376402 1.319943e+08
  260.237683 1.323335e+08
  260.098963 1.326846e+08
  259.960244 1.330474e+08
  259.821524 1.334218e+08
  259.682805 1.338077e+08
  259.544085 1.342050e+08
  259.405366 1.346135e+08
  259.266646 1.350330e+08
  259.127927 1.354634e+08
  258.989208 1.359046e+08
  258.850488 1.363561e+08
  258.711769 1.368177e+08
  258.573049 1.372890e+08
  258.434330 1.377695e+08
  258.295610 1.382587e+08
  258.156891 1.387558e+08
  258.018171 1.392602e+08
  257.879452 1.397709e+08
  257.740732 1.402869e+08
  257.602013 1.408071e+08
  257.463294 1.413302e+08
  257.324574 1.418549e+08
  257.185855 1.423799e+08
  257.047135 1.429036e+08
  256.908416 1.434244e+08
  256.769696 1.439407e+08
  256.630977 1.444509e+08
  256.492257 1.449535e+08
  256.353538 1.454467e+08
  256.214819 1.459292e+08
  256.076099 1.463994e+08
  255.937380 1.468560e+08
  255.798660 1.472978e+08
  255.659941 1.477236e+08
  255.521221 1.481326e+08
  255.382502 1.485239e+08
  255.243782 1.488969e+08
  255.105063 1.492513e+08
  254.966344 1.495867e+08
  254.827624 1.499030e+08
  254.688905 1.502003e+08
  254.550185 1.504790e+08
  254.411466 1.507392e+08
  254.272746 1.509817e+08
  254.134027 1.512069e+08
  253.995307 1.514157e+08
  253.856588 1.516089e+08
  253.717869 1.517873e+08
  253.579149 1.519518e+08
  253.440430 1.521036e+08
  253.301710 1.522434e+08
  253.162991 1.523724e+08
  253.024271 1.524913e+08
  252.885552 1.526013e+08
  252.746832 1.527030e+08
  252.608113 1.527974e+08
  252.469393 1.528852e+08
  252.330674 1.529670e+08
  252.191955 1.530434e+08
  252.053235 1.531149e+08
  251.914516 1.531818e+08
  251.775796 1.532446e+08
  251.637077 1.533033e+08
  251.498357 1.533581e+08
  251.359638 1.534092e+08
  251.220918 1.534563e+08
  251.082199 1.534996e+08
  250.943480 1.535389e+08
  250.804760 1.535741e+08
  250.666041 1.536049e+08
  250.527321 1.536314e+08
  250.388602 1.536533e+08
  250.249882 1.536705e+08
  250.111163 1.536830e+08
  249.972443 1.536907e+08
  249.833724 1.536938e+08
  249.695005 1.536922e+08
  249.556285 1.536861e+08
  249.417566 1.536758e+08
  249.278846 1.536616e+08
  249.140127 1.536439e+08
  249.001407 1.536230e+08
  248.862688 1.535996e+08
  248.723968 1.535742e+08
  248.585249 1.535475e+08
  248.446530 1.535201e+08
  248.307810 1.534927e+08
  248.169091 1.534662e+08
  248.030371 1.534412e+08
  247.891652 1.534187e+08
  247.752932 1.533994e+08
  247.614213 1.533840e+08
  247.475493 1.533734e+08
  247.336774 1.533683e+08
  247.198055 1.533694e+08
  247.059335 1.533772e+08
  246.920616 1.533924e+08
  246.781896 1.534155e+08
  246.643177 1.534468e+08
  246.504457 1.534869e+08
  246.365738 1.535359e+08
  246.227018 1.535940e+08
  246.088299 1.536615e+08
  245.949579 1.537383e+08
  245.810860 1.538244e+08
  245.672141 1.539198e+08
  245.533421 1.540244e+08
  245.394702 1.541380e+08
  245.255982 1.542603e+08
  245.117263 1.543911e+08
  244.978543 1.545302e+08
  244.839824 1.546773e+08
  244.701104 1.548321e+08
  244.562385 1.549942e+08
  244.423666 1.551636e+08
  244.284946 1.553398e+08
  244.146227 1.555227e+08
  244.007507 1.557122e+08
  243.868788 1.559081e+08
  243.730068 1.561104e+08
  243.591349 1.563189e+08
  243.452629 1.565337e+08
  243.313910 1.567550e+08
  243.175191 1.569827e+08
  243.036471 1.572170e+08
  242.897752 1.574582e+08
  242.759032 1.577063e+08
  242.620313 1.579617e+08
  242.481593 1.582245e+08
  242.342874 1.584949e+08
  242.204154 1.587733e+08
  242.065435 1.590597e+08
  241.926716 1.593542e+08
  241.787996 1.596572e+08
  241.649277 1.599684e+08
  241.510557 1.602882e+08
  241.371838 1.606162e+08
  241.233118 1.609525e+08
  241.094399 1.612967e+08
  240.955679 1.616488e+08
  240.816960 1.620082e+08
  240.678241 1.623746e+08
  240.539521 1.627474e+08
  240.400802 1.631260e+08
  240.262082 1.635098e+08
  240.123363 1.638980e+08
  239.984643 1.642898e+08
  239.845924 1.646844e+08
  239.707204 1.650810e+08
  239.568485 1.654786e+08
  239.429765 1.658763e+08
  239.291046 1.662732e+08
  239.152327 1.666684e+08
  239.013607 1.670611e+08
  238.874888 1.674506e+08
  238.736168 1.678360e+08
  238.597449 1.682167e+08
  238.458729 1.685921e+08
  238.320010 1.689618e+08
  238.181290 1.693252e+08
  238.042571 1.696822e+08
  237.903852 1.700326e+08
  237.765132 1.703762e+08
  237.626413 1.707131e+08
  237.487693 1.710434e+08
  237.348974 1.713674e+08
  237.210254 1.716854e+08
  237.071535 1.719978e+08
  236.932815 1.723052e+08
  236.794096 1.726083e+08
  236.655377 1.729077e+08
  236.516657 1.732042e+08
  236.377938 1.734988e+08
  236.239218 1.737922e+08
  236.100499 1.740856e+08
  235.961779 1.743800e+08
  235.823060 1.746763e+08
  235.684340 1.749757e+08
  235.545621 1.752792e+08
  235.406902 1.755879e+08
  235.268182 1.759030e+08
  235.129463 1.762253e+08
  234.990743 1.765558e+08
  234.852024 1.768955e+08
  234.713304 1.772451e+08
  234.574585 1.776054e+08
  234.435865 1.779770e+08
  234.297146 1.783603e+08
  234.158426 1.787559e+08
  234.019707 1.791639e+08
  233.880988 1.795844e+08
  233.742268 1.800174e+08
  233.603549 1.804629e+08
  233.464829 1.809205e+08
  233.326110 1.813899e+08
  233.187390 1.818705e+08
  233.048671 1.823618e+08
  232.909951 1.828630e+08
  232.771232 1.833733e+08
  232.632513 1.838920e+08
  232.493793 1.844180e+08
  232.355074 1.849503e+08
  232.216354 1.854881e+08
  232.077635 1.860301e+08
  231.938915 1.865753e+08
  231.800196 1.871227e+08
  231.661476 1.876711e+08
  231.522757 1.882194e+08
  231.384038 1.887666e+08
  231.245318 1.893115e+08
  231.106599 1.898532e+08
  230.967879 1.903905e+08
  230.829160 1.909224e+08
  230.690440 1.914479e+08
  230.551721 1.919661e+08
  230.413001 1.924760e+08
  230.274282 1.929767e+08
  230.135563 1.934674e+08
  229.996843 1.939472e+08
  229.858124 1.944153e+08
  229.719404 1.948711e+08
  229.580685 1.953138e+08
  229.441965 1.957427e+08
  229.303246 1.961575e+08
  229.164526 1.965574e+08
  229.025807 1.969421e+08
  228.887088 1.973112e+08
  228.748368 1.976643e+08
  228.609649 1.980012e+08
  228.470929 1.983216e+08
  228.332210 1.986255e+08
  228.193490 1.989128e+08
  228.054771 1.991834e+08
  227.916051 1.994374e+08
  227.777332 1.996748e+08
  227.638612 1.998958e+08
  227.499893 2.001005e+08
  227.361174 2.002890e+08
  227.222454 2.004617e+08
  227.083735 2.006187e+08
  226.945015 2.007603e+08
  226.806296 2.008867e+08
  226.667576 2.009982e+08
  226.528857 2.010950e+08
  226.390137 2.011775e+08
  226.251418 2.012458e+08
  226.112699 2.013004e+08
  225.973979 2.013414e+08
  225.835260 2.013691e+08
  225.696540 2.013840e+08
  225.557821 2.013862e+08
  225.419101 2.013762e+08
  225.280382 2.013544e+08
  225.141662 2.013211e+08
  225.002943 2.012769e+08
  224.864224 2.012223e+08
  224.725504 2.011577e+08
  224.586785 2.010838e+08
  224.448065 2.010012e+08
  224.309346 2.009106e+08
  224.170626 2.008127e+08
  224.031907 2.007084e+08
  223.893187 2.005983e+08
  223.754468 2.004833e+08
  223.615749 2.003643e+08
  223.477029 2.002422e+08
  223.338310 2.001179e+08
  223.199590 1.999922e+08
  223.060871 1.998662e+08
  222.922151 1.997406e+08
  222.783432 1.996164e+08
  222.644712 1.994945e+08
  222.505993 1.993756e+08
  222.367274 1.992607e+08
  222.228554 1.991504e+08
  222.089835 1.990455e+08
  221.951115 1.989467e+08
  221.812396 1.988546e+08
  221.673676 1.987699e+08
  221.534957 1.986931e+08
  221.396237 1.986246e+08
  221.257518 1.985649e+08
  221.118798 1.985145e+08
  220.980079 1.984737e+08
  220.841360 1.984429e+08
  220.702640 1.984223e+08
  220.563921 1.984122e+08
  220.425201 1.984128e+08
  220.286482 1.984243e+08
  220.147762 1.984469e+08
  220.009043 1.984806e+08
  219.870323 1.985256e+08
  219.731604 1.985819e+08
  219.592885 1.986494e+08
  219.454165 1.987283e+08
  219.315446 1.988184e+08
  219.176726 1.989195e+08
  219.038007 1.990317e+08
  218.899287 1.991547e+08
  218.760568 1.992883e+08
  218.621848 1.994324e+08
  218.483129 1.995866e+08
  218.344410 1.997507e+08
  218.205690 1.999245e+08
  218.066971 2.001076e+08
  217.928251 2.002998e+08
  217.789532 2.005007e+08
  217.650812 2.007100e+08
  217.512093 2.009274e+08
  217.373373 2.011526e+08
  217.234654 2.013852e+08
  217.095935 2.016248e+08
  216.957215 2.018711e+08
  216.818496 2.021237e+08
  216.679776 2.023822e+08
  216.541057 2.026462e+08
  216.402337 2.029151e+08
  216.263618 2.031885e+08
  216.124898 2.034659e+08
  215.986179 2.037468e+08
  215.847459 2.040305e+08
  215.708740 2.043165e+08
  215.570021 2.046042e+08
  215.431301 2.048929e+08
  215.292582 2.051821e+08
  215.153862 2.054711e+08
  215.015143 2.057593e+08
  214.876423 2.060460e+08
  214.737704 2.063309e+08
  214.598984 2.066132e+08
  214.460265 2.068926e+08
  214.321546 2.071686e+08
  214.182826 2.074409e+08
  214.044107 2.077091e+08
  213.905387 2.079731e+08
  213.766668 2.082327e+08
  213.627948 2.084880e+08
  213.489229 2.087390e+08
  213.350509 2.089859e+08
  213.211790 2.092289e+08
  213.073071 2.094684e+08
  212.934351 2.097050e+08
  212.795632 2.099391e+08
  212.656912 2.101715e+08
  212.518193 2.104029e+08
  212.379473 2.106342e+08
  212.240754 2.108662e+08
  212.102034 2.110998e+08
  211.963315 2.113362e+08
  211.824596 2.115762e+08
  211.685876 2.118210e+08
  211.547157 2.120714e+08
  211.408437 2.123284e+08
  211.269718 2.125929e+08
  211.130998 2.128657e+08
  210.992279 2.131476e+08
  210.853559 2.134392e+08
  210.714840 2.137409e+08
  210.576121 2.140533e+08
  210.437401 2.143764e+08
  210.298682 2.147106e+08
  210.159962 2.150557e+08
  210.021243 2.154118e+08
  209.882523 2.157785e+08
  209.743804 2.161556e+08
  209.605084 2.165425e+08
  209.466365 2.169389e+08
  209.327645 2.173441e+08
  209.188926 2.177575e+08
  209.050207 2.181783e+08
  208.911487 2.186059e+08
  208.772768 2.190394e+08
  208.634048 2.194782e+08
  208.495329 2.199212e+08
  208.356609 2.203679e+08
  208.217890 2.208172e+08
  208.079170 2.212685e+08
  207.940451 2.217207e+08
  207.801732 2.221732e+08
  207.663012 2.226250e+08
  207.524293 2.230753e+08
  207.385573 2.235232e+08
  207.246854 2.239678e+08
  207.108134 2.244083e+08
  206.969415 2.248438e+08
  206.830695 2.252734e+08
  206.691976 2.256961e+08
  206.553257 2.261111e+08
  206.414537 2.265175e+08
  206.275818 2.269146e+08
  206.137098 2.273013e+08
  205.998379 2.276770e+08
  205.859659 2.280410e+08
  205.720940 2.283924e+08
  205.582220 2.287308e+08
  205.443501 2.290556e+08
  205.304782 2.293663e+08
  205.166062 2.296625e+08
  205.027343 2.299440e+08
  204.888623 2.302104e+08
  204.749904 2.304616e+08
  204.611184 2.306977e+08
  204.472465 2.309184e+08
  204.333745 2.311240e+08
  204.195026 2.313143e+08
  204.056307 2.314897e+08
  203.917587 2.316501e+08
  203.778868 2.317959e+08
  203.640148 2.319271e+08
  203.501429 2.320439e+08
  203.362709 2.321465e+08
  203.223990 2.322352e+08
  203.085270 2.323100e+08
  202.946551 2.323711e+08
  202.807831 2.324187e+08
  202.669112 2.324530e+08
  202.530393 2.324741e+08
  202.391673 2.324822e+08
  202.252954 2.324775e+08
  202.114234 2.324603e+08
  201.975515 2.324307e+08
  201.836795 2.323892e+08
  201.698076 2.323360e+08
  201.559356 2.322716e+08
  201.420637 2.321965e+08
  201.281918 2.321113e+08
  201.143198 2.320165e+08
  201.004479 2.319129e+08
  200.865759 2.318013e+08
  200.727040 2.316824e+08
  200.588320 2.315573e+08
  200.449601 2.314268e+08
  200.310881 2.312921e+08
  200.172162 2.311541e+08
  200.033443 2.310139e+08
  199.894723 2.308726e+08
  199.756004 2.307313e+08
  199.617284 2.305910e+08
  199.478565 2.304527e+08
  199.339845 2.303175e+08
  199.201126 2.301861e+08
  199.062406 2.300595e+08
  198.923687 2.299382e+08
  198.784968 2.298230e+08
  198.646248 2.297142e+08
  198.507529 2.296123e+08
  198.368809 2.295174e+08
  198.230090 2.294298e+08
  198.091370 2.293492e+08
  197.952651 2.292755e+08
  197.813931 2.292085e+08
  197.675212 2.291478e+08
  197.536492 2.290927e+08
  197.397773 2.290427e+08
  197.259054 2.289971e+08
  197.120334 2.289551e+08
  196.981615 2.289159e+08
  196.842895 2.288787e+08
  196.704176 2.288427e+08
  196.565456 2.288069e+08
  196.426737 2.287707e+08
  196.288017 2.287332e+08
  196.149298 2.286937e+08
  196.010579 2.286517e+08
  195.871859 2.286067e+08
  195.733140 2.285582e+08
  195.594420 2.285061e+08
  195.455701 2.284502e+08
  195.316981 2.283907e+08
  195.178262 2.283278e+08
  195.039542 2.282618e+08
  194.900823 2.281934e+08
  194.762104 2.281233e+08
  194.623384 2.280525e+08
  194.484665 2.279820e+08
  194.345945 2.279129e+08
  194.207226 2.278466e+08
  194.068506 2.277845e+08
  193.929787 2.277279e+08
  193.791067 2.276785e+08
  193.652348 2.276375e+08
  193.513629 2.276065e+08
  193.374909 2.275868e+08
  193.236190 2.275797e+08
  193.097470 2.275862e+08
  192.958751 2.276074e+08
  192.820031 2.276441e+08
  192.681312 2.276970e+08
  192.542592 2.277663e+08
  192.403873 2.278525e+08
  192.265154 2.279555e+08
  192.126434 2.280752e+08
  191.987715 2.282113e+08
  191.848995 2.283632e+08
  191.710276 2.285304e+08
  191.571556 2.287122e+08
  191.432837 2.289077e+08
  191.294117 2.291161e+08
  191.155398 2.293365e+08
  191.016678 2.295680e+08
  190.877959 2.298099e+08
  190.739240 2.300614e+08
  190.600520 2.303219e+08
  190.461801 2.305908e+08
  190.323081 2.308677e+08
  190.184362 2.311523e+08
  190.045642 2.314447e+08
  189.906923 2.317449e+08
  189.768203 2.320531e+08
  189.629484 2.323697e+08
  189.490765 2.326954e+08
  189.352045 2.330308e+08
  189.213326 2.333768e+08
  189.074606 2.337344e+08
  188.935887 2.341045e+08
  188.797167 2.344885e+08
  188.658448 2.348873e+08
  188.519728 2.353023e+08
  188.381009 2.357345e+08
  188.242290 2.361851e+08
  188.103570 2.366551e+08
  187.964851 2.371456e+08
  187.826131 2.376574e+08
  187.687412 2.381911e+08
  187.548692 2.387473e+08
  187.409973 2.393264e+08
  187.271253 2.399285e+08
  187.132534 2.405536e+08
  186.993815 2.412014e+08
  186.855095 2.418716e+08
  186.716376 2.425633e+08
  186.577656 2.432760e+08
  186.438937 2.440084e+08
  186.300217 2.447595e+08
  186.161498 2.455279e+08
  186.022778 2.463121e+08
  185.884059 2.471106e+08
  185.745340 2.479218e+08
  185.606620 2.487437e+08
  185.467901 2.495746e+08
  185.329181 2.504128e+08
  185.190462 2.512562e+08
  185.051742 2.521030e+08
  184.913023 2.529512e+08
  184.774303 2.537991e+08
  184.635584 2.546447e+08
  184.496864 2.554863e+08
  184.358145 2.563220e+08
  184.219426 2.571502e+08
  184.080706 2.579693e+08
  183.941987 2.587777e+08
  183.803267 2.595740e+08
  183.664548 2.603569e+08
  183.525828 2.611250e+08
  183.387109 2.618772e+08
  183.248389 2.626126e+08
  183.109670 2.633301e+08
  182.970951 2.640290e+08
  182.832231 2.647086e+08
  182.693512 2.653682e+08
  182.554792 2.660074e+08
  182.416073 2.666258e+08
  182.277353 2.672232e+08
  182.138634 2.677994e+08
  181.999914 2.683545e+08
  181.861195 2.688883e+08
  181.722476 2.694012e+08
  181.583756 2.698933e+08
  181.445037 2.703651e+08
  181.306317 2.708170e+08
  181.167598 2.712495e+08
  181.028878 2.716632e+08
  180.890159 2.720588e+08
  180.751439 2.724371e+08
  180.612720 2.727988e+08
  180.474001 2.731448e+08
  180.335281 2.734760e+08
  180.196562 2.737933e+08
  180.057842 2.740975e+08
  179.919123 2.743897e+08
  179.780403 2.746708e+08
  179.641684 2.749416e+08
  179.502964 2.752033e+08
  179.364245 2.754566e+08
  179.225525 2.757025e+08
  179.086806 2.759418e+08
  178.948087 2.761755e+08
  178.809367 2.764044e+08
  178.670648 2.766293e+08
  178.531928 2.768510e+08
  178.393209 2.770702e+08
  178.254489 2.772880e+08
  178.115770 2.775049e+08
  177.977050 2.777217e+08
  177.838331 2.779394e+08
  177.699612 2.781587e+08
  177.560892 2.783805e+08
  177.422173 2.786056e+08
  177.283453 2.788350e+08
  177.144734 2.790696e+08
  177.006014 2.793105e+08
  176.867295 2.795586e+08
  176.728575 2.798152e+08
  176.589856 2.800813e+08
  176.451137 2.803581e+08
  176.312417 2.806467e+08
  176.173698 2.809484e+08
  176.034978 2.812641e+08
  175.896259 2.815952e+08
  175.757539 2.819425e+08
  175.618820 2.823072e+08
  175.480100 2.826900e+08
  175.341381 2.830917e+08
  175.202662 2.835130e+08
  175.063942 2.839545e+08
  174.925223 2.844163e+08
  174.786503 2.848988e+08
  174.647784 2.854020e+08
  174.509064 2.859258e+08
  174.370345 2.864698e+08
  174.231625 2.870337e+08
  174.092906 2.876169e+08
  173.954187 2.882186e+08
  173.815467 2.888379e+08
  173.676748 2.894740e+08
  173.538028 2.901257e+08
  173.399309 2.907919e+08
  173.260589 2.914714e+08
  173.121870 2.921630e+08
  172.983150 2.928654e+08
  172.844431 2.935773e+08
  172.705711 2.942975e+08
  172.566992 2.950247e+08
  172.428273 2.957579e+08
  172.289553 2.964958e+08
  172.150834 2.972374e+08
  172.012114 2.979819e+08
  171.873395 2.987284e+08
  171.734675 2.994762e+08
  171.595956 3.002248e+08
  171.457236 3.009737e+08
  171.318517 3.017225e+08
  171.179798 3.024710e+08
  171.041078 3.032193e+08
  170.902359 3.039673e+08
  170.763639 3.047151e+08
  170.624920 3.054632e+08
  170.486200 3.062117e+08
  170.347481 3.069611e+08
  170.208761 3.077120e+08
  170.070042 3.084648e+08
  169.931323 3.092202e+08
  169.792603 3.099786e+08
  169.653884 3.107408e+08
  169.515164 3.115072e+08
  169.376445 3.122785e+08
  169.237725 3.130550e+08
  169.099006 3.138372e+08
  168.960286 3.146254e+08
  168.821567 3.154199e+08
  168.682848 3.162207e+08
  168.544128 3.170280e+08
  168.405409 3.178417e+08
  168.266689 3.186615e+08
  168.127970 3.194872e+08
  167.989250 3.203184e+08
  167.850531 3.211544e+08
  167.711811 3.219948e+08
  167.573092 3.228388e+08
  167.434373 3.236856e+08
  167.295653 3.245345e+08
  167.156934 3.253846e+08
  167.018214 3.262349e+08
  166.879495 3.270846e+08
  166.740775 3.279327e+08
  166.602056 3.287785e+08
  166.463336 3.296211e+08
  166.324617 3.304596e+08
  166.185897 3.312934e+08
  166.047178 3.321217e+08
  165.908459 3.329441e+08
  165.769739 3.337599e+08
  165.631020 3.345687e+08
  165.492300 3.353702e+08
  165.353581 3.361641e+08
  165.214861 3.369501e+08
  165.076142 3.377282e+08
  164.937422 3.384983e+08
  164.798703 3.392603e+08
  164.659984 3.400142e+08
  164.521264 3.407601e+08
  164.382545 3.414980e+08
  164.243825 3.422280e+08
  164.105106 3.429502e+08
  163.966386 3.436647e+08
  163.827667 3.443716e+08
  163.688947 3.450709e+08
  163.550228 3.457628e+08
  163.411509 3.464472e+08
  163.272789 3.471244e+08
  163.134070 3.477944e+08
  162.995350 3.484573e+08
  162.856631 3.491131e+08
  162.717911 3.497621e+08
  162.579192 3.504043e+08
  162.440472 3.510399e+08
  162.301753 3.516692e+08
  162.163034 3.522923e+08
  162.024314 3.529095e+08
  161.885595 3.535212e+08
  161.746875 3.541275e+08
  161.608156 3.547290e+08
  161.469436 3.553260e+08
  161.330717 3.559189e+08
  161.191997 3.565083e+08
  161.053278 3.570944e+08
  160.914558 3.576780e+08
  160.775839 3.582593e+08
  160.637120 3.588390e+08
  160.498400 3.594174e+08
  160.359681 3.599951e+08
  160.220961 3.605724e+08
  160.082242 3.611498e+08
  159.943522 3.617274e+08
  159.804803 3.623057e+08
  159.666083 3.628848e+08
  159.527364 3.634648e+08
  159.388645 3.640457e+08
  159.249925 3.646275e+08
  159.111206 3.652101e+08
  158.972486 3.657932e+08
  158.833767 3.663766e+08
  158.695047 3.669597e+08
  158.556328 3.675422e+08
  158.417608 3.681236e+08
  158.278889 3.687031e+08
  158.140170 3.692803e+08
  158.001450 3.698545e+08
  157.862731 3.704250e+08
  157.724011 3.709912e+08
  157.585292 3.715525e+08
  157.446572 3.721084e+08
  157.307853 3.726584e+08
  157.169133 3.732019e+08
  157.030414 3.737387e+08
  156.891695 3.742686e+08
  156.752975 3.747912e+08
  156.614256 3.753067e+08
  156.475536 3.758149e+08
  156.336817 3.763160e+08
  156.198097 3.768102e+08
  156.059378 3.772977e+08
  155.920658 3.777789e+08
  155.781939 3.782540e+08
  155.643220 3.787235e+08
  155.504500 3.791879e+08
  155.365781 3.796474e+08
  155.227061 3.801025e+08
  155.088342 3.805535e+08
  154.949622 3.810008e+08
  154.810903 3.814445e+08
  154.672183 3.818850e+08
  154.533464 3.823223e+08
  154.394744 3.827564e+08
  154.256025 3.831874e+08
  154.117306 3.836151e+08
  153.978586 3.840394e+08
  153.839867 3.844601e+08
  153.701147 3.848769e+08
  153.562428 3.852896e+08
  153.423708 3.856978e+08
  153.284989 3.861013e+08
  153.146269 3.864999e+08
  153.007550 3.868932e+08
  152.868831 3.872810e+08
  152.730111 3.876632e+08
  152.591392 3.880396e+08
  152.452672 3.884102e+08
  152.313953 3.887749e+08
  152.175233 3.891338e+08
  152.036514 3.894868e+08
  151.897794 3.898341e+08
  151.759075 3.901757e+08
  151.620356 3.905119e+08
  151.481636 3.908426e+08
  151.342917 3.911681e+08
  151.204197 3.914885e+08
  151.065478 3.918038e+08
  150.926758 3.921142e+08
  150.788039 3.924199e+08
  150.649319 3.927209e+08
  150.510600 3.930173e+08
  150.371881 3.933094e+08
  150.233161 3.935974e+08
  150.094442 3.938813e+08
  149.955722 3.941617e+08
  149.817003 3.944388e+08
  149.678283 3.947132e+08
  149.539564 3.949854e+08
  149.400844 3.952561e+08
  149.262125 3.955262e+08
  149.123405 3.957967e+08
  148.984686 3.960687e+08
  148.845967 3.963433e+08
  148.707247 3.966219e+08
  148.568528 3.969061e+08
  148.429808 3.971973e+08
  148.291089 3.974972e+08
  148.152369 3.978075e+08
  148.013650 3.981300e+08
  147.874930 3.984664e+08
  147.736211 3.988186e+08
  147.597492 3.991881e+08
  147.458772 3.995766e+08
  147.320053 3.999858e+08
  147.181333 4.004169e+08
  147.042614 4.008714e+08
  146.903894 4.013502e+08
  146.765175 4.018543e+08
  146.626455 4.023844e+08
  146.487736 4.029410e+08
  146.349017 4.035244e+08
  146.210297 4.041345e+08
  146.071578 4.047710e+08
  145.932858 4.054336e+08
  145.794139 4.061215e+08
  145.655419 4.068336e+08
  145.516700 4.075688e+08
  145.377980 4.083257e+08
  145.239261 4.091026e+08
  145.100542 4.098978e+08
  144.961822 4.107094e+08
  144.823103 4.115353e+08
  144.684383 4.123734e+08
  144.545664 4.132216e+08
  144.406944 4.140775e+08
  144.268225 4.149391e+08
  144.129505 4.158041e+08
  143.990786 4.166704e+08
  143.852067 4.175361e+08
  143.713347 4.183991e+08
  143.574628 4.192578e+08
  143.435908 4.201105e+08
  143.297189 4.209557e+08
  143.158469 4.217923e+08
  143.019750 4.226191e+08
  142.881030 4.234353e+08
  142.742311 4.242401e+08
  142.603591 4.250330e+08
  142.464872 4.258137e+08
  142.326153 4.265821e+08
  142.187433 4.273381e+08
  142.048714 4.280820e+08
  141.909994 4.288139e+08
  141.771275 4.295343e+08
  141.632555 4.302437e+08
  141.493836 4.309427e+08
  141.355116 4.316320e+08
  141.216397 4.323124e+08
  141.077678 4.329846e+08
  140.938958 4.336495e+08
  140.800239 4.343079e+08
  140.661519 4.349608e+08
  140.522800 4.356090e+08
  140.384080 4.362535e+08
  140.245361 4.368951e+08
  140.106641 4.375348e+08
  139.967922 4.381735e+08
  139.829203 4.388121e+08
  139.690483 4.394514e+08
  139.551764 4.400925e+08
  139.413044 4.407361e+08
  139.274325 4.413833e+08
  139.135605 4.420348e+08
  138.996886 4.426916e+08
  138.858166 4.433545e+08
  138.719447 4.440244e+08
  138.580728 4.447021e+08
  138.442008 4.453885e+08
  138.303289 4.460844e+08
  138.164569 4.467905e+08
  138.025850 4.475075e+08
  137.887130 4.482362e+08
  137.748411 4.489771e+08
  137.609691 4.497308e+08
  137.470972 4.504977e+08
  137.332253 4.512784e+08
  137.193533 4.520729e+08
  137.054814 4.528817e+08
  136.916094 4.537046e+08
  136.777375 4.545417e+08
  136.638655 4.553927e+08
  136.499936 4.562574e+08
  136.361216 4.571352e+08
  136.222497 4.580254e+08
  136.083777 4.589274e+08
  135.945058 4.598401e+08
  135.806339 4.607623e+08
  135.667619 4.616929e+08
  135.528900 4.626303e+08
  135.390180 4.635730e+08
  135.251461 4.645192e+08
  135.112741 4.654673e+08
  134.974022 4.664154e+08
  134.835302 4.673614e+08
  134.696583 4.683035e+08
  134.557864 4.692397e+08
  134.419144 4.701682e+08
  134.280425 4.710869e+08
  134.141705 4.719943e+08
  134.002986 4.728886e+08
  133.864266 4.737683e+08
  133.725547 4.746322e+08
  133.586827 4.754790e+08
  133.448108 4.763079e+08
  133.309389 4.771181e+08
  133.170669 4.779092e+08
  133.031950 4.786808e+08
  132.893230 4.794330e+08
  132.754511 4.801660e+08
  132.615791 4.808801e+08
  132.477072 4.815759e+08
  132.338352 4.822543e+08
  132.199633 4.829161e+08
  132.060914 4.835625e+08
  131.922194 4.841945e+08
  131.783475 4.848135e+08
  131.644755 4.854208e+08
  131.506036 4.860177e+08
  131.367316 4.866055e+08
  131.228597 4.871857e+08
  131.089877 4.877594e+08
  130.951158 4.883279e+08
  130.812438 4.888923e+08
  130.673719 4.894537e+08
  130.535000 4.900130e+08
  130.396280 4.905710e+08
  130.257561 4.911285e+08
  130.118841 4.916859e+08
  129.980122 4.922437e+08
  129.841402 4.928022e+08
  129.702683 4.933617e+08
  129.563963 4.939222e+08
  129.425244 4.944837e+08
  129.286525 4.950461e+08
  129.147805 4.956092e+08
  129.009086 4.961728e+08
  128.870366 4.967364e+08
  128.731647 4.972998e+08
  128.592927 4.978625e+08
  128.454208 4.984241e+08
  128.315488 4.989841e+08
  128.176769 4.995423e+08
  128.038050 5.000981e+08
  127.899330 5.006512e+08
  127.760611 5.012015e+08
  127.621891 5.017487e+08
  127.483172 5.022927e+08
  127.344452 5.028336e+08
  127.205733 5.033715e+08
  127.067013 5.039066e+08
  126.928294 5.044394e+08
  126.789575 5.049704e+08
  126.650855 5.055003e+08
  126.512136 5.060299e+08
  126.373416 5.065600e+08
  126.234697 5.070918e+08
  126.095977 5.076265e+08
  125.957258 5.081652e+08
  125.818538 5.087093e+08
  125.679819 5.092602e+08
  125.541100 5.098193e+08
  125.402380 5.103882e+08
  125.263661 5.109683e+08
  125.124941 5.115612e+08
  124.986222 5.121682e+08
  124.847502 5.127909e+08
  124.708783 5.134306e+08
  124.570063 5.140887e+08
  124.431344 5.147663e+08
  124.292624 5.154647e+08
  124.153905 5.161847e+08
  124.015186 5.169273e+08
  123.876466 5.176932e+08
  123.737747 5.184831e+08
  123.599027 5.192973e+08
  123.460308 5.201362e+08
  123.321588 5.209998e+08
  123.182869 5.218882e+08
  123.044149 5.228011e+08
  122.905430 5.237381e+08
  122.766711 5.246988e+08
  122.627991 5.256824e+08
  122.489272 5.266882e+08
  122.350552 5.277150e+08
  122.211833 5.287620e+08
  122.073113 5.298278e+08
  121.934394 5.309111e+08
  121.795674 5.320103e+08
  121.656955 5.331241e+08
  121.518236 5.342507e+08
  121.379516 5.353884e+08
  121.240797 5.365353e+08
  121.102077 5.376896e+08
  120.963358 5.388495e+08
  120.824638 5.400129e+08
  120.685919 5.411780e+08
  120.547199 5.423428e+08
  120.408480 5.435053e+08
  120.269761 5.446638e+08
  120.131041 5.458164e+08
  119.992322 5.469615e+08
  119.853602 5.480975e+08
  119.714883 5.492229e+08
  119.576163 5.503365e+08
  119.437444 5.514373e+08
  119.298724 5.525243e+08
  119.160005 5.535968e+08
  119.021286 5.546544e+08
  118.882566 5.556967e+08
  118.743847 5.567238e+08
  118.605127 5.577359e+08
  118.466408 5.587334e+08
  118.327688 5.597168e+08
  118.188969 5.606870e+08
  118.050249 5.616450e+08
  117.911530 5.625919e+08
  117.772810 5.635290e+08
  117.634091 5.644577e+08
  117.495372 5.653797e+08
  117.356652 5.662964e+08
  117.217933 5.672095e+08
  117.079213 5.681209e+08
  116.940494 5.690322e+08
  116.801774 5.699452e+08
  116.663055 5.708615e+08
  116.524335 5.717830e+08
  116.385616 5.727112e+08
  116.246897 5.736477e+08
  116.108177 5.745940e+08
  115.969458 5.755515e+08
  115.830738 5.765214e+08
  115.692019 5.775049e+08
  115.553299 5.785031e+08
  115.414580 5.795168e+08
  115.275860 5.805468e+08
  115.137141 5.815937e+08
  114.998422 5.826580e+08
  114.859702 5.837400e+08
  114.720983 5.848399e+08
  114.582263 5.859579e+08
  114.443544 5.870938e+08
  114.304824 5.882476e+08
  114.166105 5.894189e+08
  114.027385 5.906075e+08
  113.888666 5.918129e+08
  113.749947 5.930346e+08
  113.611227 5.942720e+08
  113.472508 5.955245e+08
  113.333788 5.967914e+08
  113.195069 5.980720e+08
  113.056349 5.993655e+08
  112.917630 6.006712e+08
  112.778910 6.019882e+08
  112.640191 6.033158e+08
  112.501471 6.046532e+08
  112.362752 6.059996e+08
  112.224033 6.073544e+08
  112.085313 6.087167e+08
  111.946594 6.100860e+08
  111.807874 6.114617e+08
  111.669155 6.128432e+08
  111.530435 6.142302e+08
  111.391716 6.156222e+08
  111.252996 6.170189e+08
  111.114277 6.184201e+08
  110.975558 6.198256e+08
  110.836838 6.212352e+08
  110.698119 6.226488e+08
  110.559399 6.240663e+08
  110.420680 6.254876e+08
  110.281960 6.269126e+08
  110.143241 6.283413e+08
  110.004521 6.297734e+08
  109.865802 6.312088e+08
  109.727083 6.326472e+08
  109.588363 6.340883e+08
  109.449644 6.355317e+08
  109.310924 6.369769e+08
  109.172205 6.384234e+08
  109.033485 6.398705e+08
  108.894766 6.413178e+08
  108.756046 6.427643e+08
  108.617327 6.442094e+08
  108.478608 6.456524e+08
  108.339888 6.470923e+08
  108.201169 6.485286e+08
  108.062449 6.499605e+08
  107.923730 6.513872e+08
  107.785010 6.528082e+08
  107.646291 6.542228e+08
  107.507571 6.556306e+08
  107.368852 6.570312e+08
  107.230133 6.584243e+08
  107.091413 6.598095e+08
  106.952694 6.611869e+08
  106.813974 6.625564e+08
  106.675255 6.639179e+08
  106.536535 6.652718e+08
  106.397816 6.666180e+08
  106.259096 6.679569e+08
  106.120377 6.692887e+08
  105.981657 6.706138e+08
  105.842938 6.719323e+08
  105.704219 6.732446e+08
  105.565499 6.745509e+08
  105.426780 6.758513e+08
  105.288060 6.771460e+08
  105.149341 6.784350e+08
  105.010621 6.797183e+08
  104.871902 6.809957e+08
  104.733182 6.822671e+08
  104.594463 6.835322e+08
  104.455744 6.847906e+08
  104.317024 6.860419e+08
  104.178305 6.872857e+08
  104.039585 6.885213e+08
  103.900866 6.897484e+08
  103.762146 6.909664e+08
  103.623427 6.921748e+08
  103.484707 6.933731e+08
  103.345988 6.945610e+08
  103.207269 6.957381e+08
  103.068549 6.969041e+08
  102.929830 6.980590e+08
  102.791110 6.992027e+08
  102.652391 7.003352e+08
  102.513671 7.014569e+08
  102.374952 7.025679e+08
  102.236232 7.036688e+08
  102.097513 7.047602e+08
  101.958794 7.058426e+08
  101.820074 7.069168e+08
  101.681355 7.079837e+08
  101.542635 7.090442e+08
  101.403916 7.100991e+08
  101.265196 7.111496e+08
  101.126477 7.121965e+08
  100.987757 7.132409e+08
  100.849038 7.142839e+08
  100.710319 7.153264e+08
  100.571599 7.163694e+08
  100.432880 7.174139e+08
  100.294160 7.184608e+08
  100.155441 7.195110e+08
  100.016721 7.205654e+08
   99.878002 7.216248e+08
   99.739282 7.226900e+08
   99.600563 7.237617e+08
   99.461843 7.248407e+08
   99.323124 7.259275e+08
   99.184405 7.270229e+08
   99.045685 7.281275e+08
   98.906966 7.292418e+08
   98.768246 7.303663e+08
   98.629527 7.315016e+08
   98.490807 7.326482e+08
   98.352088 7.338065e+08
   98.213368 7.349770e+08
   98.074649 7.361601e+08
   97.935930 7.373561e+08
   97.797210 7.385656e+08
   97.658491 7.397888e+08
   97.519771 7.410260e+08
   97.381052 7.422776e+08
   97.242332 7.435440e+08
   97.103613 7.448253e+08
   96.964893 7.461217e+08
   96.826174 7.474336e+08
   96.687455 7.487611e+08
   96.548735 7.501042e+08
   96.410016 7.514630e+08
   96.271296 7.528376e+08
   96.132577 7.542279e+08
   95.993857 7.556338e+08
   95.855138 7.570551e+08
   95.716418 7.584916e+08
   95.577699 7.599432e+08
   95.438980 7.614093e+08
   95.300260 7.628898e+08
   95.161541 7.643842e+08
   95.022821 7.658921e+08
   94.884102 7.674132e+08
   94.745382 7.689471e+08
   94.606663 7.704933e+08
   94.467943 7.720516e+08
   94.329224 7.736218e+08
   94.190504 7.752034e+08
   94.051785 7.767965e+08
   93.913066 7.784008e+08
   93.774346 7.800163e+08
   93.635627 7.816430e+08
   93.496907 7.832809e+08
   93.358188 7.849300e+08
   93.219468 7.865905e+08
   93.080749 7.882623e+08
   92.942029 7.899455e+08
   92.803310 7.916401e+08
   92.664591 7.933458e+08
   92.525871 7.950626e+08
   92.387152 7.967902e+08
   92.248432 7.985280e+08
   92.109713 8.002754e+08
   91.970993 8.020318e+08
   91.832274 8.037963e+08
   91.693554 8.055679e+08
   91.554835 8.073452e+08
   91.416116 8.091271e+08
   91.277396 8.109121e+08
   91.138677 8.126986e+08
   90.999957 8.144851e+08
   90.861238 8.162698e+08
   90.722518 8.180511e+08
   90.583799 8.198273e+08
   90.445079 8.215968e+08
   90.306360 8.233579e+08
   90.167641 8.251092e+08
   90.028921 8.268492e+08
   89.890202 8.285767e+08
   89.751482 8.302906e+08
   89.612763 8.319901e+08
   89.474043 8.336742e+08
   89.335324 8.353425e+08
   89.196604 8.369946e+08
   89.057885 8.386303e+08
   88.919166 8.402495e+08
   88.780446 8.418525e+08
   88.641727 8.434395e+08
   88.503007 8.450110e+08
   88.364288 8.465675e+08
   88.225568 8.481099e+08
   88.086849 8.496387e+08
   87.948129 8.511550e+08
   87.809410 8.526597e+08
   87.670690 8.541538e+08
   87.531971 8.556382e+08
   87.393252 8.571141e+08
   87.254532 8.585825e+08
   87.115813 8.600444e+08
   86.977093 8.615010e+08
   86.838374 8.629533e+08
   86.699654 8.644022e+08
   86.560935 8.658488e+08
   86.422215 8.672940e+08
   86.283496 8.687388e+08
   86.144777 8.701840e+08
   86.006057 8.716305e+08
   85.867338 8.730790e+08
   85.728618 8.745304e+08
   85.589899 8.759854e+08
   85.451179 8.774447e+08
   85.312460 8.789090e+08
   85.173740 8.803788e+08
   85.035021 8.818549e+08
   84.896302 8.833378e+08
   84.757582 8.848282e+08
   84.618863 8.863266e+08
   84.480143 8.878336e+08
   84.341424 8.893498e+08
   84.202704 8.908757e+08
   84.063985 8.924119e+08
   83.925265 8.939588e+08
   83.786546 8.955171e+08
   83.647827 8.970872e+08
   83.509107 8.986696e+08
   83.370388 9.002648e+08
   83.231668 9.018731e+08
   83.092949 9.034949e+08
   82.954229 9.051306e+08
   82.815510 9.067806e+08
   82.676790 9.084450e+08
   82.538071 9.101241e+08
   82.399352 9.118182e+08
   82.260632 9.135274e+08
   82.121913 9.152517e+08
   81.983193 9.169914e+08
   81.844474 9.187465e+08
   81.705754 9.205170e+08
   81.567035 9.223030e+08
   81.428315 9.241044e+08
   81.289596 9.259212e+08
   81.150876 9.277535e+08
   81.012157 9.296012e+08
   80.873438 9.314642e+08
   80.734718 9.333425e+08
   80.595999 9.352360e+08
   80.457279 9.371446e+08
   80.318560 9.390683e+08
   80.179840 9.410069e+08
   80.041121 9.429602e+08
   79.902401 9.449281e+08
   79.763682 9.469104e+08
   79.624963 9.489067e+08
   79.486243 9.509169e+08
   79.347524 9.529404e+08
   79.208804 9.549770e+08
   79.070085 9.570261e+08
   78.931365 9.590873e+08
   78.792646 9.611600e+08
   78.653926 9.632437e+08
   78.515207 9.653375e+08
   78.376488 9.674408e+08
   78.237768 9.695528e+08
   78.099049 9.716725e+08
   77.960329 9.737992e+08
   77.821610 9.759317e+08
   77.682890 9.780690e+08
   77.544171 9.802099e+08
   77.405451 9.823532e+08
   77.266732 9.844977e+08
   77.128013 9.866419e+08
   76.989293 9.887844e+08
   76.850574 9.909238e+08
   76.711854 9.930587e+08
   76.573135 9.951876e+08
   76.434415 9.973091e+08
   76.295696 9.994216e+08
   76.156976 1.001524e+09
   76.018257 1.003615e+09
   75.879537 1.005693e+09
   75.740818 1.007758e+09
   75.602099 1.009809e+09
   75.463379 1.011844e+09
   75.324660 1.013865e+09
   75.185940 1.015869e+09
   75.047221 1.017858e+09
   74.908501 1.019831e+09
   74.769782 1.021790e+09
   74.631062 1.023734e+09
   74.492343 1.025664e+09
   74.353624 1.027582e+09
   74.214904 1.029489e+09
   74.076185 1.031386e+09
   73.937465 1.033274e+09
   73.798746 1.035155e+09
   73.660026 1.037031e+09
   73.521307 1.038902e+09
   73.382587 1.040772e+09
   73.243868 1.042642e+09
   73.105149 1.044512e+09
   72.966429 1.046386e+09
   72.827710 1.048264e+09
   72.688990 1.050148e+09
   72.550271 1.052039e+09
   72.411551 1.053939e+09
   72.272832 1.055850e+09
   72.134112 1.057772e+09
   71.995393 1.059706e+09
   71.856674 1.061654e+09
   71.717954 1.063616e+09
   71.579235 1.065594e+09
   71.440515 1.067588e+09
   71.301796 1.069599e+09
   71.163076 1.071627e+09
   71.024357 1.073674e+09
   70.885637 1.075738e+09
   70.746918 1.077822e+09
   70.608199 1.079925e+09
   70.469479 1.082047e+09
   70.330760 1.084189e+09
   70.192040 1.086350e+09
   70.053321 1.088530e+09
   69.914601 1.090731e+09
   69.775882 1.092950e+09
   69.637162 1.095188e+09
   69.498443 1.097445e+09
   69.359723 1.099721e+09
   69.221004 1.102013e+09
   69.082285 1.104323e+09
   68.943565 1.106650e+09
   68.804846 1.108992e+09
   68.666126 1.111349e+09
   68.527407 1.113721e+09
   68.388687 1.116105e+09
   68.249968 1.118503e+09
   68.111248 1.120912e+09
   67.972529 1.123331e+09
   67.833810 1.125761e+09
   67.695090 1.128200e+09
   67.556371 1.130648e+09
   67.417651 1.133103e+09
   67.278932 1.135566e+09
   67.140212 1.138035e+09
   67.001493 1.140511e+09
   66.862773 1.142994e+09
   66.724054 1.145482e+09
   66.585335 1.147976e+09
   66.446615 1.150476e+09
   66.307896 1.152982e+09
   66.169176 1.155495e+09
   66.030457 1.158014e+09
   65.891737 1.160540e+09
   65.753018 1.163073e+09
   65.614298 1.165614e+09
   65.475579 1.168164e+09
   65.336860 1.170723e+09
   65.198140 1.173291e+09
   65.059421 1.175869e+09
   64.920701 1.178457e+09
   64.781982 1.181057e+09
   64.643262 1.183668e+09
   64.504543 1.186291e+09
   64.365823 1.188926e+09
   64.227104 1.191574e+09
   64.088385 1.194234e+09
   63.949665 1.196907e+09
   63.810946 1.199593e+09
   63.672226 1.202291e+09
   63.533507 1.205002e+09
   63.394787 1.207726e+09
   63.256068 1.210462e+09
   63.117348 1.213209e+09
   62.978629 1.215968e+09
   62.839909 1.218738e+09
   62.701190 1.221518e+09
   62.562471 1.224309e+09
   62.423751 1.227108e+09
   62.285032 1.229917e+09
   62.146312 1.232733e+09
   62.007593 1.235557e+09
   61.868873 1.238388e+09
   61.730154 1.241224e+09
   61.591434 1.244066e+09
   61.452715 1.246912e+09
   61.313996 1.249762e+09
   61.175276 1.252615e+09
   61.036557 1.255470e+09
   60.897837 1.258326e+09
   60.759118 1.261182e+09
   60.620398 1.264038e+09
   60.481679 1.266893e+09
   60.342959 1.269745e+09
   60.204240 1.272594e+09
   60.065521 1.275439e+09
   59.926801 1.278280e+09
   59.788082 1.281115e+09
   59.649362 1.283943e+09
   59.510643 1.286765e+09
   59.371923 1.289578e+09
   59.233204 1.292384e+09
   59.094484 1.295179e+09
   58.955765 1.297966e+09
   58.817046 1.300741e+09
   58.678326 1.303506e+09
   58.539607 1.306260e+09
   58.400887 1.309001e+09
   58.262168 1.311731e+09
   58.123448 1.314448e+09
   57.984729 1.317152e+09
   57.846009 1.319844e+09
   57.707290 1.322523e+09
   57.568570 1.325190e+09
   57.429851 1.327844e+09
   57.291132 1.330487e+09
   57.152412 1.333118e+09
   57.013693 1.335738e+09
   56.874973 1.338348e+09
   56.736254 1.340949e+09
   56.597534 1.343542e+09
   56.458815 1.346127e+09
   56.320095 1.348707e+09
   56.181376 1.351281e+09
   56.042657 1.353853e+09
   55.903937 1.356421e+09
   55.765218 1.358990e+09
   55.626498 1.361558e+09
   55.487779 1.364129e+09
   55.349059 1.366704e+09
   55.210340 1.369283e+09
   55.071620 1.371868e+09
   54.932901 1.374461e+09
   54.794182 1.377063e+09
   54.655462 1.379675e+09
   54.516743 1.382298e+09
   54.378023 1.384933e+09
   54.239304 1.387582e+09
   54.100584 1.390244e+09
   53.961865 1.392922e+09
   53.823145 1.395615e+09
   53.684426 1.398324e+09
   53.545707 1.401049e+09
   53.406987 1.403791e+09
   53.268268 1.406550e+09
   53.129548 1.409326e+09
   52.990829 1.412118e+09
   52.852109 1.414927e+09
   52.713390 1.417752e+09
   52.574670 1.420593e+09
   52.435951 1.423449e+09
   52.297232 1.426321e+09
   52.158512 1.429206e+09
   52.019793 1.432105e+09
   51.881073 1.435016e+09
   51.742354 1.437940e+09
   51.603634 1.440876e+09
   51.464915 1.443822e+09
   51.326195 1.446779e+09
   51.187476 1.449745e+09
   51.048756 1.452721e+09
   50.910037 1.455706e+09
   50.771318 1.458700e+09
   50.632598 1.461703e+09
   50.493879 1.464715e+09
   50.355159 1.467735e+09
   50.216440 1.470765e+09
   50.077720 1.473804e+09
   49.939001 1.476853e+09
   49.800281 1.479913e+09
   49.661562 1.482984e+09
   49.522843 1.486067e+09
   49.384123 1.489164e+09
   49.245404 1.492275e+09
   49.106684 1.495401e+09
   48.967965 1.498544e+09
   48.829245 1.501705e+09
   48.690526 1.504885e+09
   48.551806 1.508085e+09
   48.413087 1.511307e+09
   48.274368 1.514552e+09
   48.135648 1.517820e+09
   47.996929 1.521114e+09
   47.858209 1.524435e+09
   47.719490 1.527783e+09
   47.580770 1.531158e+09
   47.442051 1.534563e+09
   47.303331 1.537998e+09
   47.164612 1.541462e+09
   47.025893 1.544957e+09
   46.887173 1.548482e+09
   46.748454 1.552037e+09
   46.609734 1.555622e+09
   46.471015 1.559237e+09
   46.332295 1.562880e+09
   46.193576 1.566551e+09
   46.054856 1.570249e+09
   45.916137 1.573973e+09
   45.777418 1.577721e+09
   45.638698 1.581493e+09
   45.499979 1.585287e+09
   45.361259 1.589102e+09
   45.222540 1.592936e+09
   45.083820 1.596788e+09
   44.945101 1.600657e+09
   44.806381 1.604542e+09
   44.667662 1.608441e+09
   44.528942 1.612353e+09
   44.390223 1.616278e+09
   44.251504 1.620215e+09
   44.112784 1.624163e+09
   43.974065 1.628121e+09
   43.835345 1.632089e+09
   43.696626 1.636067e+09
   43.557906 1.640055e+09
   43.419187 1.644052e+09
   43.280467 1.648058e+09
   43.141748 1.652074e+09
   43.003029 1.656099e+09
   42.864309 1.660134e+09
   42.725590 1.664179e+09
   42.586870 1.668234e+09
   42.448151 1.672299e+09
   42.309431 1.676375e+09
   42.170712 1.680462e+09
   42.031992 1.684559e+09
   41.893273 1.688669e+09
   41.754554 1.692790e+09
   41.615834 1.696922e+09
   41.477115 1.701068e+09
   41.338395 1.705225e+09
   41.199676 1.709396e+09
   41.060956 1.713580e+09
   40.922237 1.717777e+09
   40.783517 1.721988e+09
   40.644798 1.726214e+09
   40.506079 1.730454e+09
   40.367359 1.734709e+09
   40.228640 1.738981e+09
   40.089920 1.743268e+09
   39.951201 1.747572e+09
   39.812481 1.751894e+09
   39.673762 1.756233e+09
   39.535042 1.760591e+09
   39.396323 1.764968e+09
   39.257603 1.769364e+09
   39.118884 1.773781e+09
   38.980165 1.778217e+09
   38.841445 1.782675e+09
   38.702726 1.787154e+09
   38.564006 1.791654e+09
   38.425287 1.796176e+09
   38.286567 1.800720e+09
   38.147848 1.805286e+09
   38.009128 1.809873e+09
   37.870409 1.814483e+09
   37.731690 1.819114e+09
   37.592970 1.823768e+09
   37.454251 1.828443e+09
   37.315531 1.833140e+09
   37.176812 1.837859e+09
   37.038092 1.842600e+09
   36.899373 1.847363e+09
   36.760653 1.852148e+09
   36.621934 1.856954e+09
   36.483215 1.861784e+09
   36.344495 1.866635e+09
   36.205776 1.871510e+09
   36.067056 1.876407e+09
   35.928337 1.881327e+09
   35.789617 1.886271e+09
   35.650898 1.891238e+09
   35.512178 1.896229e+09
   35.373459 1.901245e+09
   35.234740 1.906284e+09
   35.096020 1.911347e+09
   34.957301 1.916435e+09
   34.818581 1.921547e+09
   34.679862 1.926683e+09
   34.541142 1.931843e+09
   34.402423 1.937026e+09
   34.263703 1.942234e+09
   34.124984 1.947464e+09
   33.986265 1.952717e+09
   33.847545 1.957992e+09
   33.708826 1.963290e+09
   33.570106 1.968610e+09
   33.431387 1.973951e+09
   33.292667 1.979314e+09
   33.153948 1.984698e+09
   33.015228 1.990104e+09
   32.876509 1.995531e+09
   32.737789 2.000979e+09
   32.599070 2.006450e+09
   32.460351 2.011942e+09
   32.321631 2.017457e+09
   32.182912 2.022995e+09
   32.044192 2.028556e+09
   31.905473 2.034142e+09
   31.766753 2.039752e+09
   31.628034 2.045388e+09
   31.489314 2.051051e+09
   31.350595 2.056741e+09
   31.211876 2.062459e+09
   31.073156 2.068206e+09
   30.934437 2.073981e+09
   30.795717 2.079787e+09
   30.656998 2.085624e+09
   30.518278 2.091491e+09
   30.379559 2.097390e+09
   30.240839 2.103321e+09
   30.102120 2.109283e+09
   29.963401 2.115277e+09
   29.824681 2.121303e+09
   29.685962 2.127361e+09
   29.547242 2.133451e+09
   29.408523 2.139572e+09
   29.269803 2.145723e+09
   29.131084 2.151906e+09
   28.992364 2.158118e+09
   28.853645 2.164360e+09
   28.714926 2.170632e+09
   28.576206 2.176931e+09
   28.437487 2.183259e+09
   28.298767 2.189615e+09
   28.160048 2.195998e+09
   28.021328 2.202409e+09
   27.882609 2.208846e+09
   27.743889 2.215309e+09
   27.605170 2.221799e+09
   27.466451 2.228316e+09
   27.327731 2.234859e+09
   27.189012 2.241429e+09
   27.050292 2.248026e+09
   26.911573 2.254650e+09
   26.772853 2.261302e+09
   26.634134 2.267981e+09
   26.495414 2.274689e+09
   26.356695 2.281426e+09
   26.217975 2.288191e+09
   26.079256 2.294987e+09
   25.940537 2.301812e+09
   25.801817 2.308667e+09
   25.663098 2.315554e+09
   25.524378 2.322471e+09
   25.385659 2.329420e+09
   25.246939 2.336400e+09
   25.108220 2.343412e+09
   24.969500 2.350457e+09
   24.830781 2.357534e+09
   24.692062 2.364644e+09
   24.553342 2.371787e+09
   24.414623 2.378963e+09
   24.275903 2.386173e+09
   24.137184 2.393418e+09
   23.998464 2.400697e+09
   23.859745 2.408012e+09
   23.721025 2.415362e+09
   23.582306 2.422748e+09
   23.443587 2.430172e+09
   23.304867 2.437633e+09
   23.166148 2.445132e+09
   23.027428 2.452670e+09
   22.888709 2.460248e+09
   22.749989 2.467866e+09
   22.611270 2.475525e+09
   22.472550 2.483226e+09
   22.333831 2.490969e+09
   22.195112 2.498755e+09
   22.056392 2.506584e+09
   21.917673 2.514456e+09
   21.778953 2.522373e+09
   21.640234 2.530334e+09
   21.501514 2.538339e+09
   21.362795 2.546389e+09
   21.224075 2.554484e+09
   21.085356 2.562624e+09
   20.946636 2.570808e+09
   20.807917 2.579037e+09
   20.669198 2.587311e+09
   20.530478 2.595628e+09
   20.391759 2.603990e+09
   20.253039 2.612394e+09
   20.114320 2.620842e+09
   19.975600 2.629332e+09
   19.836881 2.637864e+09
   19.698161 2.646437e+09
   19.559442 2.655051e+09
   19.420723 2.663704e+09
   19.282003 2.672396e+09
   19.143284 2.681127e+09
   19.004564 2.689894e+09
   18.865845 2.698698e+09
   18.727125 2.707537e+09
   18.588406 2.716410e+09
   18.449686 2.725317e+09
   18.310967 2.734256e+09
   18.172248 2.743226e+09
   18.033528 2.752226e+09
   17.894809 2.761255e+09
   17.756089 2.770311e+09
   17.617370 2.779395e+09
   17.478650 2.788505e+09
   17.339931 2.797639e+09
   17.201211 2.806798e+09
   17.062492 2.815979e+09
   16.923773 2.825182e+09
   16.785053 2.834405e+09
   16.646334 2.843649e+09
   16.507614 2.852911e+09
   16.368895 2.862191e+09
   16.230175 2.871488e+09
   16.091456 2.880801e+09
   15.952736 2.890130e+09
   15.814017 2.899472e+09
   15.675298 2.908827e+09
   15.536578 2.918196e+09
   15.397859 2.927575e+09
   15.259139 2.936966e+09
   15.120420 2.946367e+09
   14.981700 2.955778e+09
   14.842981 2.965198e+09
   14.704261 2.974627e+09
   14.565542 2.984064e+09
   14.426822 2.993509e+09
   14.288103 3.002962e+09
   14.149384 3.012422e+09
   14.010664 3.021891e+09
   13.871945 3.031366e+09
   13.733225 3.040850e+09
   13.594506 3.050341e+09
   13.455786 3.059840e+09
   13.317067 3.069347e+09
   13.178347 3.078863e+09
   13.039628 3.088387e+09
   12.900909 3.097920e+09
   12.762189 3.107462e+09
   12.623470 3.117014e+09
   12.484750 3.126574e+09
   12.346031 3.136144e+09
   12.207311 3.145723e+09
   12.068592 3.155311e+09
   11.929872 3.164907e+09
   11.791153 3.174512e+09
   11.652434 3.184124e+09
   11.513714 3.193742e+09
   11.374995 3.203366e+09
   11.236275 3.212995e+09
   11.097556 3.222626e+09
   10.958836 3.232259e+09
   10.820117 3.241892e+09
   10.681397 3.251522e+09
   10.542678 3.261148e+09
   10.403959 3.270767e+09
   10.265239 3.280377e+09
   10.126520 3.289974e+09
    9.987800 3.299556e+09
    9.849081 3.309120e+09
    9.710361 3.318662e+09
    9.571642 3.328179e+09
    9.432922 3.337666e+09
    9.294203 3.347121e+09
    9.155484 3.356539e+09
    9.016764 3.365915e+09
    8.878045 3.375246e+09
    8.739325 3.384528e+09
    8.600606 3.393754e+09
    8.461886 3.402922e+09
    8.323167 3.412026e+09
    8.184447 3.421061e+09
    8.045728 3.430024e+09
    7.907008 3.438908e+09
    7.768289 3.447711e+09
    7.629570 3.456427e+09
    7.490850 3.465052e+09
    7.352131 3.473582e+09
    7.213411 3.482012e+09
    7.074692 3.490339e+09
    6.935972 3.498558e+09
    6.797253 3.506667e+09
    6.658533 3.514661e+09
    6.519814 3.522538e+09
    6.381095 3.530293e+09
    6.242375 3.537925e+09
    6.103656 3.545429e+09
    5.964936 3.552804e+09
    5.826217 3.560046e+09
    5.687497 3.567153e+09
    5.548778 3.574122e+09
    5.410058 3.580951e+09
    5.271339 3.587637e+09
    5.132620 3.594177e+09
    4.993900 3.600569e+09
    4.855181 3.606811e+09
    4.716461 3.612899e+09
    4.577742 3.618832e+09
    4.439022 3.624607e+09
    4.300303 3.630220e+09
    4.161583 3.635670e+09
    4.022864 3.640954e+09
    3.884145 3.646068e+09
    3.745425 3.651010e+09
    3.606706 3.655778e+09
    3.467986 3.660368e+09
    3.329267 3.664777e+09
    3.190547 3.669003e+09
    3.051828 3.673043e+09
    2.913108 3.676894e+09
    2.774389 3.680552e+09
    2.635669 3.684017e+09
    2.496950 3.687284e+09
    2.358231 3.690352e+09
    2.219511 3.693218e+09
    2.080792 3.695879e+09
    1.942072 3.698334e+09
    1.803353 3.700581e+09
    1.664633 3.702618e+09
    1.525914 3.704443e+09
    1.387194 3.706056e+09
    1.248475 3.707455e+09
    1.109756 3.708640e+09
    0.971036 3.709609e+09
    0.832317 3.710364e+09
    0.693597 3.710904e+09
    0.554878 3.711229e+09
    0.416158 3.711341e+09
    0.277439 3.711239e+09
    0.138719 3.710926e+09
    0.000000 3.710401e+09
   -0.138719 3.709668e+09
   -0.277439 3.708727e+09
   -0.416158 3.707580e+09
   -0.554878 3.706229e+09
   -0.693597 3.704675e+09
   -0.832317 3.702922e+09
   -0.971036 3.700970e+09
   -1.109756 3.698822e+09
   -1.248475 3.696480e+09
   -1.387194 3.693946e+09
   -1.525914 3.691221e+09
   -1.664633 3.688307e+09
   -1.803353 3.685207e+09
   -1.942072 3.681923e+09
   -2.080792 3.678455e+09
   -2.219511 3.674806e+09
   -2.358231 3.670977e+09
   -2.496950 3.666971e+09
   -2.635669 3.662788e+09
   -2.774389 3.658432e+09
   -2.913108 3.653903e+09
   -3.051828 3.649203e+09
   -3.190547 3.644335e+09
   -3.329267 3.639300e+09
   -3.467986 3.634101e+09
   -3.606706 3.628740e+09
   -3.745425 3.623219e+09
   -3.884145 3.617540e+09
   -4.022864 3.611707e+09
   -4.161583 3.605722e+09
   -4.300303 3.599588e+09
   -4.439022 3.593308e+09
   -4.577742 3.586886e+09
   -4.716461 3.580325e+09
   -4.855181 3.573628e+09
   -4.993900 3.566799e+09
   -5.132620 3.559842e+09
   -5.271339 3.552760e+09
   -5.410058 3.545558e+09
   -5.548778 3.538240e+09
   -5.687497 3.530809e+09
   -5.826217 3.523270e+09
   -5.964936 3.515627e+09
   -6.103656 3.507883e+09
   -6.242375 3.500043e+09
   -6.381095 3.492110e+09
   -6.519814 3.484088e+09
   -6.658533 3.475981e+09
   -6.797253 3.467793e+09
   -6.935972 3.459527e+09
   -7.074692 3.451186e+09
   -7.213411 3.442774e+09
   -7.352131 3.434293e+09
   -7.490850 3.425746e+09
   -7.629570 3.417136e+09
   -7.768289 3.408466e+09
   -7.907008 3.399737e+09
   -8.045728 3.390953e+09
   -8.184447 3.382114e+09
   -8.323167 3.373224e+09
   -8.461886 3.364284e+09
   -8.600606 3.355296e+09
   -8.739325 3.346262e+09
   -8.878045 3.337184e+09
   -9.016764 3.328063e+09
   -9.155484 3.318901e+09
   -9.294203 3.309701e+09
   -9.432922 3.300464e+09
   -9.571642 3.291192e+09
   -9.710361 3.281888e+09
   -9.849081 3.272554e+09
   -9.987800 3.263192e+09
  -10.126520 3.253804e+09
  -10.265239 3.244394e+09
  -10.403959 3.234964e+09
  -10.542678 3.225516e+09
  -10.681397 3.216053e+09
  -10.820117 3.206579e+09
  -10.958836 3.197096e+09
  -11.097556 3.187606e+09
  -11.236275 3.178113e+09
  -11.374995 3.168619e+09
  -11.513714 3.159127e+09
  -11.652434 3.149639e+09
  -11.791153 3.140158e+09
  -11.929872 3.130686e+09
  -12.068592 3.121224e+09
  -12.207311 3.111775e+09
  -12.346031 3.102340e+09
  -12.484750 3.092920e+09
  -12.623470 3.083517e+09
  -12.762189 3.074131e+09
  -12.900909 3.064764e+09
  -13.039628 3.055415e+09
  -13.178347 3.046084e+09
  -13.317067 3.036771e+09
  -13.455786 3.027476e+09
  -13.594506 3.018199e+09
  -13.733225 3.008937e+09
  -13.871945 2.999691e+09
  -14.010664 2.990459e+09
  -14.149384 2.981239e+09
  -14.288103 2.972031e+09
  -14.426822 2.962833e+09
  -14.565542 2.953643e+09
  -14.704261 2.944460e+09
  -14.842981 2.935284e+09
  -14.981700 2.926112e+09
  -15.120420 2.916944e+09
  -15.259139 2.907779e+09
  -15.397859 2.898616e+09
  -15.536578 2.889455e+09
  -15.675298 2.880297e+09
  -15.814017 2.871140e+09
  -15.952736 2.861986e+09
  -16.091456 2.852836e+09
  -16.230175 2.843690e+09
  -16.368895 2.834549e+09
  -16.507614 2.825416e+09
  -16.646334 2.816291e+09
  -16.785053 2.807177e+09
  -16.923773 2.798076e+09
  -17.062492 2.788990e+09
  -17.201211 2.779921e+09
  -17.339931 2.770872e+09
  -17.478650 2.761845e+09
  -17.617370 2.752842e+09
  -17.756089 2.743867e+09
  -17.894809 2.734921e+09
  -18.033528 2.726006e+09
  -18.172248 2.717126e+09
  -18.310967 2.708281e+09
  -18.449686 2.699474e+09
  -18.588406 2.690707e+09
  -18.727125 2.681982e+09
  -18.865845 2.673299e+09
  -19.004564 2.664660e+09
  -19.143284 2.656066e+09
  -19.282003 2.647518e+09
  -19.420723 2.639016e+09
  -19.559442 2.630561e+09
  -19.698161 2.622152e+09
  -19.836881 2.613791e+09
  -19.975600 2.605476e+09
  -20.114320 2.597207e+09
  -20.253039 2.588985e+09
  -20.391759 2.580808e+09
  -20.530478 2.572675e+09
  -20.669198 2.564587e+09
  -20.807917 2.556542e+09
  -20.946636 2.548540e+09
  -21.085356 2.540581e+09
  -21.224075 2.532663e+09
  -21.362795 2.524786e+09
  -21.501514 2.516950e+09
  -21.640234 2.509155e+09
  -21.778953 2.501401e+09
  -21.917673 2.493686e+09
  -22.056392 2.486012e+09
  -22.195112 2.478379e+09
  -22.333831 2.470787e+09
  -22.472550 2.463236e+09
  -22.611270 2.455728e+09
  -22.749989 2.448262e+09
  -22.888709 2.440840e+09
  -23.027428 2.433462e+09
  -23.166148 2.426129e+09
  -23.304867 2.418842e+09
  -23.443587 2.411603e+09
  -23.582306 2.404411e+09
  -23.721025 2.397269e+09
  -23.859745 2.390177e+09
  -23.998464 2.383137e+09
  -24.137184 2.376148e+09
  -24.275903 2.369212e+09
  -24.414623 2.362330e+09
  -24.553342 2.355503e+09
  -24.692062 2.348731e+09
  -24.830781 2.342015e+09
  -24.969500 2.335355e+09
  -25.108220 2.328751e+09
  -25.246939 2.322205e+09
  -25.385659 2.315715e+09
  -25.524378 2.309283e+09
  -25.663098 2.302907e+09
  -25.801817 2.296588e+09
  -25.940537 2.290326e+09
  -26.079256 2.284118e+09
  -26.217975 2.277966e+09
  -26.356695 2.271868e+09
  -26.495414 2.265824e+09
  -26.634134 2.259831e+09
  -26.772853 2.253890e+09
  -26.911573 2.247998e+09
  -27.050292 2.242155e+09
  -27.189012 2.236359e+09
  -27.327731 2.230608e+09
  -27.466451 2.224901e+09
  -27.605170 2.219235e+09
  -27.743889 2.213610e+09
  -27.882609 2.208022e+09
  -28.021328 2.202470e+09
  -28.160048 2.196953e+09
  -28.298767 2.191467e+09
  -28.437487 2.186010e+09
  -28.576206 2.180581e+09
  -28.714926 2.175177e+09
  -28.853645 2.169797e+09
  -28.992364 2.164437e+09
  -29.131084 2.159096e+09
  -29.269803 2.153771e+09
  -29.408523 2.148461e+09
  -29.547242 2.143165e+09
  -29.685962 2.137879e+09
  -29.824681 2.132602e+09
  -29.963401 2.127334e+09
  -30.102120 2.122071e+09
  -30.240839 2.116814e+09
  -30.379559 2.111562e+09
  -30.518278 2.106312e+09
  -30.656998 2.101065e+09
  -30.795717 2.095821e+09
  -30.934437 2.090578e+09
  -31.073156 2.085337e+09
  -31.211876 2.080098e+09
  -31.350595 2.074861e+09
  -31.489314 2.069626e+09
  -31.628034 2.064395e+09
  -31.766753 2.059167e+09
  -31.905473 2.053943e+09
  -32.044192 2.048725e+09
  -32.182912 2.043513e+09
  -32.321631 2.038309e+09
  -32.460351 2.033112e+09
  -32.599070 2.027926e+09
  -32.737789 2.022749e+09
  -32.876509 2.017585e+09
  -33.015228 2.012433e+09
  -33.153948 2.007295e+09
  -33.292667 2.002172e+09
  -33.431387 1.997065e+09
  -33.570106 1.991975e+09
  -33.708826 1.986904e+09
  -33.847545 1.981851e+09
  -33.986265 1.976820e+09
  -34.124984 1.971809e+09
  -34.263703 1.966821e+09
  -34.402423 1.961857e+09
  -34.541142 1.956917e+09
  -34.679862 1.952003e+09
  -34.818581 1.947115e+09
  -34.957301 1.942255e+09
  -35.096020 1.937424e+09
  -35.234740 1.932622e+09
  -35.373459 1.927851e+09
  -35.512178 1.923111e+09
  -35.650898 1.918403e+09
  -35.789617 1.913729e+09
  -35.928337 1.909088e+09
  -36.067056 1.904482e+09
  -36.205776 1.899911e+09
  -36.344495 1.895377e+09
  -36.483215 1.890878e+09
  -36.621934 1.886416e+09
  -36.760653 1.881991e+09
  -36.899373 1.877604e+09
  -37.038092 1.873254e+09
  -37.176812 1.868941e+09
  -37.315531 1.864666e+09
  -37.454251 1.860429e+09
  -37.592970 1.856228e+09
  -37.731690 1.852065e+09
  -37.870409 1.847938e+09
  -38.009128 1.843846e+09
  -38.147848 1.839790e+09
  -38.286567 1.835767e+09
  -38.425287 1.831778e+09
  -38.564006 1.827822e+09
  -38.702726 1.823896e+09
  -38.841445 1.820001e+09
  -38.980165 1.816135e+09
  -39.118884 1.812297e+09
  -39.257603 1.808485e+09
  -39.396323 1.804699e+09
  -39.535042 1.800937e+09
  -39.673762 1.797198e+09
  -39.812481 1.793481e+09
  -39.951201 1.789786e+09
  -40.089920 1.786110e+09
  -40.228640 1.782455e+09
  -40.367359 1.778818e+09
  -40.506079 1.775199e+09
  -40.644798 1.771598e+09
  -40.783517 1.768014e+09
  -40.922237 1.764446e+09
  -41.060956 1.760895e+09
  -41.199676 1.757360e+09
  -41.338395 1.753841e+09
  -41.477115 1.750337e+09
  -41.615834 1.746850e+09
  -41.754554 1.743377e+09
  -41.893273 1.739921e+09
  -42.031992 1.736480e+09
  -42.170712 1.733054e+09
  -42.309431 1.729645e+09
  -42.448151 1.726251e+09
  -42.586870 1.722874e+09
  -42.725590 1.719514e+09
  -42.864309 1.716172e+09
  -43.003029 1.712847e+09
  -43.141748 1.709541e+09
  -43.280467 1.706254e+09
  -43.419187 1.702988e+09
  -43.557906 1.699743e+09
  -43.696626 1.696521e+09
  -43.835345 1.693322e+09
  -43.974065 1.690148e+09
  -44.112784 1.687001e+09
  -44.251504 1.683880e+09
  -44.390223 1.680789e+09
  -44.528942 1.677728e+09
  -44.667662 1.674698e+09
  -44.806381 1.671702e+09
  -44.945101 1.668739e+09
  -45.083820 1.665812e+09
  -45.222540 1.662920e+09
  -45.361259 1.660066e+09
  -45.499979 1.657250e+09
  -45.638698 1.654473e+09
  -45.777418 1.651734e+09
  -45.916137 1.649035e+09
  -46.054856 1.646374e+09
  -46.193576 1.643753e+09
  -46.332295 1.641170e+09
  -46.471015 1.638625e+09
  -46.609734 1.636117e+09
  -46.748454 1.633646e+09
  -46.887173 1.631211e+09
  -47.025893 1.628810e+09
  -47.164612 1.626442e+09
  -47.303331 1.624107e+09
  -47.442051 1.621802e+09
  -47.580770 1.619527e+09
  -47.719490 1.617281e+09
  -47.858209 1.615062e+09
  -47.996929 1.612870e+09
  -48.135648 1.610702e+09
  -48.274368 1.608559e+09
  -48.413087 1.606440e+09
  -48.551806 1.604343e+09
  -48.690526 1.602268e+09
  -48.829245 1.600215e+09
  -48.967965 1.598182e+09
  -49.106684 1.596169e+09
  -49.245404 1.594176e+09
  -49.384123 1.592202e+09
  -49.522843 1.590246e+09
  -49.661562 1.588308e+09
  -49.800281 1.586387e+09
  -49.939001 1.584483e+09
  -50.077720 1.582594e+09
  -50.216440 1.580721e+09
  -50.355159 1.578861e+09
  -50.493879 1.577014e+09
  -50.632598 1.575180e+09
  -50.771318 1.573356e+09
  -50.910037 1.571542e+09
  -51.048756 1.569737e+09
  -51.187476 1.567940e+09
  -51.326195 1.566149e+09
  -51.464915 1.564363e+09
  -51.603634 1.562582e+09
  -51.742354 1.560804e+09
  -51.881073 1.559028e+09
  -52.019793 1.557253e+09
  -52.158512 1.555480e+09
  -52.297232 1.553706e+09
  -52.435951 1.551931e+09
  -52.574670 1.550155e+09
  -52.713390 1.548378e+09
  -52.852109 1.546598e+09
  -52.990829 1.544815e+09
  -53.129548 1.543030e+09
  -53.268268 1.541242e+09
  -53.406987 1.539450e+09
  -53.545707 1.537656e+09
  -53.684426 1.535857e+09
  -53.823145 1.534056e+09
  -53.961865 1.532251e+09
  -54.100584 1.530442e+09
  -54.239304 1.528631e+09
  -54.378023 1.526816e+09
  -54.516743 1.524998e+09
  -54.655462 1.523177e+09
  -54.794182 1.521354e+09
  -54.932901 1.519528e+09
  -55.071620 1.517701e+09
  -55.210340 1.515871e+09
  -55.349059 1.514041e+09
  -55.487779 1.512209e+09
  -55.626498 1.510377e+09
  -55.765218 1.508545e+09
  -55.903937 1.506714e+09
  -56.042657 1.504883e+09
  -56.181376 1.503054e+09
  -56.320095 1.501226e+09
  -56.458815 1.499401e+09
  -56.597534 1.497579e+09
  -56.736254 1.495760e+09
  -56.874973 1.493944e+09
  -57.013693 1.492133e+09
  -57.152412 1.490326e+09
  -57.291132 1.488524e+09
  -57.429851 1.486727e+09
  -57.568570 1.484936e+09
  -57.707290 1.483150e+09
  -57.846009 1.481370e+09
  -57.984729 1.479596e+09
  -58.123448 1.477828e+09
  -58.262168 1.476068e+09
  -58.400887 1.474315e+09
  -58.539607 1.472569e+09
  -58.678326 1.470832e+09
  -58.817046 1.469104e+09
  -58.955765 1.467385e+09
  -59.094484 1.465677e+09
  -59.233204 1.463980e+09
  -59.371923 1.462295e+09
  -59.510643 1.460623e+09
  -59.649362 1.458964e+09
  -59.788082 1.457321e+09
  -59.926801 1.455695e+09
  -60.065521 1.454085e+09
  -60.204240 1.452493e+09
  -60.342959 1.450921e+09
  -60.481679 1.449368e+09
  -60.620398 1.447836e+09
  -60.759118 1.446326e+09
  -60.897837 1.444839e+09
  -61.036557 1.443374e+09
  -61.175276 1.441932e+09
  -61.313996 1.440514e+09
  -61.452715 1.439120e+09
  -61.591434 1.437751e+09
  -61.730154 1.436405e+09
  -61.868873 1.435083e+09
  -62.007593 1.433786e+09
  -62.146312 1.432513e+09
  -62.285032 1.431263e+09
  -62.423751 1.430038e+09
  -62.562471 1.428836e+09
  -62.701190 1.427657e+09
  -62.839909 1.426502e+09
  -62.978629 1.425371e+09
  -63.117348 1.424262e+09
  -63.256068 1.423176e+09
  -63.394787 1.422113e+09
  -63.533507 1.421073e+09
  -63.672226 1.420056e+09
  -63.810946 1.419061e+09
  -63.949665 1.418088e+09
  -64.088385 1.417137e+09
  -64.227104 1.416208e+09
  -64.365823 1.415300e+09
  -64.504543 1.414413e+09
  -64.643262 1.413547e+09
  -64.781982 1.412700e+09
  -64.920701 1.411873e+09
  -65.059421 1.411063e+09
  -65.198140 1.410271e+09
  -65.336860 1.409496e+09
  -65.475579 1.408737e+09
  -65.614298 1.407992e+09
  -65.753018 1.407260e+09
  -65.891737 1.406541e+09
  -66.030457 1.405833e+09
  -66.169176 1.405136e+09
  -66.307896 1.404447e+09
  -66.446615 1.403767e+09
  -66.585335 1.403093e+09
  -66.724054 1.402424e+09
  -66.862773 1.401760e+09
  -67.001493 1.401100e+09
  -67.140212 1.400442e+09
  -67.278932 1.399786e+09
  -67.417651 1.399130e+09
  -67.556371 1.398473e+09
  -67.695090 1.397815e+09
  -67.833810 1.397155e+09
  -67.972529 1.396492e+09
  -68.111248 1.395826e+09
  -68.249968 1.395155e+09
  -68.388687 1.394479e+09
  -68.527407 1.393799e+09
  -68.666126 1.393113e+09
  -68.804846 1.392421e+09
  -68.943565 1.391723e+09
  -69.082285 1.391019e+09
  -69.221004 1.390309e+09
  -69.359723 1.389594e+09
  -69.498443 1.388873e+09
  -69.637162 1.388146e+09
  -69.775882 1.387414e+09
  -69.914601 1.386678e+09
  -70.053321 1.385937e+09
  -70.192040 1.385192e+09
  -70.330760 1.384444e+09
  -70.469479 1.383693e+09
  -70.608199 1.382940e+09
  -70.746918 1.382184e+09
  -70.885637 1.381427e+09
  -71.024357 1.380668e+09
  -71.163076 1.379909e+09
  -71.301796 1.379149e+09
  -71.440515 1.378388e+09
  -71.579235 1.377628e+09
  -71.717954 1.376868e+09
  -71.856674 1.376109e+09
  -71.995393 1.375350e+09
  -72.134112 1.374593e+09
  -72.272832 1.373838e+09
  -72.411551 1.373084e+09
  -72.550271 1.372332e+09
  -72.688990 1.371583e+09
  -72.827710 1.370836e+09
  -72.966429 1.370092e+09
  -73.105149 1.369352e+09
  -73.243868 1.368616e+09
  -73.382587 1.367884e+09
  -73.521307 1.367157e+09
  -73.660026 1.366435e+09
  -73.798746 1.365719e+09
  -73.937465 1.365010e+09
  -74.076185 1.364307e+09
  -74.214904 1.363611e+09
  -74.353624 1.362923e+09
  -74.492343 1.362243e+09
  -74.631062 1.361572e+09
  -74.769782 1.360910e+09
  -74.908501 1.360257e+09
  -75.047221 1.359614e+09
  -75.185940 1.358982e+09
  -75.324660 1.358360e+09
  -75.463379 1.357749e+09
  -75.602099 1.357149e+09
  -75.740818 1.356561e+09
  -75.879537 1.355985e+09
  -76.018257 1.355421e+09
  -76.156976 1.354870e+09
  -76.295696 1.354332e+09
  -76.434415 1.353807e+09
  -76.573135 1.353297e+09
  -76.711854 1.352800e+09
  -76.850574 1.352319e+09
  -76.989293 1.351853e+09
  -77.128013 1.351403e+09
  -77.266732 1.350970e+09
  -77.405451 1.350554e+09
  -77.544171 1.350156e+09
  -77.682890 1.349777e+09
  -77.821610 1.349418e+09
  -77.960329 1.349079e+09
  -78.099049 1.348760e+09
  -78.237768 1.348464e+09
  -78.376488 1.348190e+09
  -78.515207 1.347939e+09
  -78.653926 1.347711e+09
  -78.792646 1.347509e+09
  -78.931365 1.347331e+09
  -79.070085 1.347180e+09
  -79.208804 1.347055e+09
  -79.347524 1.346958e+09
  -79.486243 1.346888e+09
  -79.624963 1.346848e+09
  -79.763682 1.346836e+09
  -79.902401 1.346855e+09
  -80.041121 1.346904e+09
  -80.179840 1.346985e+09
  -80.318560 1.347097e+09
  -80.457279 1.347241e+09
  -80.595999 1.347419e+09
  -80.734718 1.347629e+09
  -80.873438 1.347872e+09
  -81.012157 1.348149e+09
  -81.150876 1.348459e+09
  -81.289596 1.348803e+09
  -81.428315 1.349179e+09
  -81.567035 1.349589e+09
  -81.705754 1.350030e+09
  -81.844474 1.350503e+09
  -81.983193 1.351006e+09
  -82.121913 1.351539e+09
  -82.260632 1.352100e+09
  -82.399352 1.352688e+09
  -82.538071 1.353302e+09
  -82.676790 1.353938e+09
  -82.815510 1.354597e+09
  -82.954229 1.355276e+09
  -83.092949 1.355972e+09
  -83.231668 1.356685e+09
  -83.370388 1.357411e+09
  -83.509107 1.358149e+09
  -83.647827 1.358896e+09
  -83.786546 1.359651e+09
  -83.925265 1.360411e+09
  -84.063985 1.361174e+09
  -84.202704 1.361938e+09
  -84.341424 1.362702e+09
  -84.480143 1.363463e+09
  -84.618863 1.364221e+09
  -84.757582 1.364973e+09
  -84.896302 1.365718e+09
  -85.035021 1.366455e+09
  -85.173740 1.367184e+09
  -85.312460 1.367903e+09
  -85.451179 1.368613e+09
  -85.589899 1.369312e+09
  -85.728618 1.370000e+09
  -85.867338 1.370678e+09
  -86.006057 1.371346e+09
  -86.144777 1.372003e+09
  -86.283496 1.372651e+09
  -86.422215 1.373291e+09
  -86.560935 1.373921e+09
  -86.699654 1.374545e+09
  -86.838374 1.375161e+09
  -86.977093 1.375772e+09
  -87.115813 1.376377e+09
  -87.254532 1.376979e+09
  -87.393252 1.377577e+09
  -87.531971 1.378173e+09
  -87.670690 1.378768e+09
  -87.809410 1.379361e+09
  -87.948129 1.379954e+09
  -88.086849 1.380546e+09
  -88.225568 1.381140e+09
  -88.364288 1.381734e+09
  -88.503007 1.382330e+09
  -88.641727 1.382927e+09
  -88.780446 1.383526e+09
  -88.919166 1.384126e+09
  -89.057885 1.384728e+09
  -89.196604 1.385331e+09
  -89.335324 1.385937e+09
  -89.474043 1.386544e+09
  -89.612763 1.387152e+09
  -89.751482 1.387763e+09
  -89.890202 1.388375e+09
  -90.028921 1.388989e+09
  -90.167641 1.389605e+09
  -90.306360 1.390223e+09
  -90.445079 1.390845e+09
  -90.583799 1.391469e+09
  -90.722518 1.392097e+09
  -90.861238 1.392728e+09
  -90.999957 1.393365e+09
  -91.138677 1.394006e+09
  -91.277396 1.394653e+09
  -91.416116 1.395307e+09
  -91.554835 1.395968e+09
  -91.693554 1.396637e+09
  -91.832274 1.397315e+09
  -91.970993 1.398003e+09
  -92.109713 1.398700e+09
  -92.248432 1.399409e+09
  -92.387152 1.400130e+09
  -92.525871 1.400864e+09
  -92.664591 1.401611e+09
  -92.803310 1.402372e+09
  -92.942029 1.403148e+09
  -93.080749 1.403940e+09
  -93.219468 1.404748e+09
  -93.358188 1.405574e+09
  -93.496907 1.406417e+09
  -93.635627 1.407278e+09
  -93.774346 1.408159e+09
  -93.913066 1.409060e+09
  -94.051785 1.409981e+09
  -94.190504 1.410923e+09
  -94.329224 1.411886e+09
  -94.467943 1.412872e+09
  -94.606663 1.413880e+09
  -94.745382 1.414912e+09
  -94.884102 1.415967e+09
  -95.022821 1.417046e+09
  -95.161541 1.418149e+09
  -95.300260 1.419277e+09
  -95.438980 1.420430e+09
  -95.577699 1.421607e+09
  -95.716418 1.422810e+09
  -95.855138 1.424038e+09
  -95.993857 1.425290e+09
  -96.132577 1.426567e+09
  -96.271296 1.427868e+09
  -96.410016 1.429193e+09
  -96.548735 1.430540e+09
  -96.687455 1.431911e+09
  -96.826174 1.433303e+09
  -96.964893 1.434716e+09
  -97.103613 1.436148e+09
  -97.242332 1.437600e+09
  -97.381052 1.439069e+09
  -97.519771 1.440555e+09
  -97.658491 1.442056e+09
  -97.797210 1.443571e+09
  -97.935930 1.445098e+09
  -98.074649 1.446637e+09
  -98.213368 1.448186e+09
  -98.352088 1.449744e+09
  -98.490807 1.451308e+09
  -98.629527 1.452879e+09
  -98.768246 1.454454e+09
  -98.906966 1.456033e+09
  -99.045685 1.457614e+09
  -99.184405 1.459196e+09
  -99.323124 1.460779e+09
  -99.461843 1.462360e+09
  -99.600563 1.463941e+09
  -99.739282 1.465519e+09
  -99.878002 1.467096e+09
 -100.016721 1.468669e+09
 -100.155441 1.470240e+09
 -100.294160 1.471807e+09
 -100.432880 1.473372e+09
 -100.571599 1.474935e+09
 -100.710319 1.476496e+09
 -100.849038 1.478056e+09
 -100.987757 1.479616e+09
 -101.126477 1.481177e+09
 -101.265196 1.482739e+09
 -101.403916 1.484305e+09
 -101.542635 1.485875e+09
 -101.681355 1.487450e+09
 -101.820074 1.489033e+09
 -101.958794 1.490624e+09
 -102.097513 1.492224e+09
 -102.236232 1.493836e+09
 -102.374952 1.495461e+09
 -102.513671 1.497099e+09
 -102.652391 1.498751e+09
 -102.791110 1.500420e+09
 -102.929830 1.502106e+09
 -103.068549 1.503809e+09
 -103.207269 1.505531e+09
 -103.345988 1.507272e+09
 -103.484707 1.509032e+09
 -103.623427 1.510813e+09
 -103.762146 1.512614e+09
 -103.900866 1.514435e+09
 -104.039585 1.516277e+09
 -104.178305 1.518140e+09
 -104.317024 1.520023e+09
 -104.455744 1.521926e+09
 -104.594463 1.523848e+09
 -104.733182 1.525790e+09
 -104.871902 1.527750e+09
 -105.010621 1.529728e+09
 -105.149341 1.531724e+09
 -105.288060 1.533736e+09
 -105.426780 1.535764e+09
 -105.565499 1.537807e+09
 -105.704219 1.539865e+09
 -105.842938 1.541937e+09
 -105.981657 1.544022e+09
 -106.120377 1.546119e+09
 -106.259096 1.548229e+09
 -106.397816 1.550351e+09
 -106.536535 1.552484e+09
 -106.675255 1.554628e+09
 -106.813974 1.556784e+09
 -106.952694 1.558951e+09
 -107.091413 1.561130e+09
 -107.230133 1.563321e+09
 -107.368852 1.565525e+09
 -107.507571 1.567742e+09
 -107.646291 1.569972e+09
 -107.785010 1.572217e+09
 -107.923730 1.574477e+09
 -108.062449 1.576754e+09
 -108.201169 1.579048e+09
 -108.339888 1.581360e+09
 -108.478608 1.583691e+09
 -108.617327 1.586043e+09
 -108.756046 1.588417e+09
 -108.894766 1.590813e+09
 -109.033485 1.593233e+09
 -109.172205 1.595678e+09
 -109.310924 1.598149e+09
 -109.449644 1.600647e+09
 -109.588363 1.603173e+09
 -109.727083 1.605728e+09
 -109.865802 1.608312e+09
 -110.004521 1.610928e+09
 -110.143241 1.613575e+09
 -110.281960 1.616254e+09
 -110.420680 1.618966e+09
 -110.559399 1.621711e+09
 -110.698119 1.624489e+09
 -110.836838 1.627301e+09
 -110.975558 1.630147e+09
 -111.114277 1.633027e+09
 -111.252996 1.635941e+09
 -111.391716 1.638888e+09
 -111.530435 1.641869e+09
 -111.669155 1.644883e+09
 -111.807874 1.647929e+09
 -111.946594 1.651007e+09
 -112.085313 1.654116e+09
 -112.224033 1.657256e+09
 -112.362752 1.660426e+09
 -112.501471 1.663625e+09
 -112.640191 1.666852e+09
 -112.778910 1.670107e+09
 -112.917630 1.673389e+09
 -113.056349 1.676697e+09
 -113.195069 1.680030e+09
 -113.333788 1.683388e+09
 -113.472508 1.686769e+09
 -113.611227 1.690172e+09
 -113.749947 1.693598e+09
 -113.888666 1.697044e+09
 -114.027385 1.700510e+09
 -114.166105 1.703995e+09
 -114.304824 1.707498e+09
 -114.443544 1.711018e+09
 -114.582263 1.714554e+09
 -114.720983 1.718106e+09
 -114.859702 1.721672e+09
 -114.998422 1.725252e+09
 -115.137141 1.728844e+09
 -115.275860 1.732448e+09
 -115.414580 1.736063e+09
 -115.553299 1.739688e+09
 -115.692019 1.743323e+09
 -115.830738 1.746966e+09
 -115.969458 1.750619e+09
 -116.108177 1.754279e+09
 -116.246897 1.757947e+09
 -116.385616 1.761623e+09
 -116.524335 1.765306e+09
 -116.663055 1.768995e+09
 -116.801774 1.772692e+09
 -116.940494 1.776396e+09
 -117.079213 1.780106e+09
 -117.217933 1.783824e+09
 -117.356652 1.787550e+09
 -117.495372 1.791282e+09
 -117.634091 1.795023e+09
 -117.772810 1.798772e+09
 -117.911530 1.802529e+09
 -118.050249 1.806296e+09
 -118.188969 1.810071e+09
 -118.327688 1.813856e+09
 -118.466408 1.817651e+09
 -118.605127 1.821455e+09
 -118.743847 1.825270e+09
 -118.882566 1.829095e+09
 -119.021286 1.832931e+09
 -119.160005 1.836777e+09
 -119.298724 1.840633e+09
 -119.437444 1.844499e+09
 -119.576163 1.848374e+09
 -119.714883 1.852259e+09
 -119.853602 1.856152e+09
 -119.992322 1.860053e+09
 -120.131041 1.863960e+09
 -120.269761 1.867874e+09
 -120.408480 1.871792e+09
 -120.547199 1.875713e+09
 -120.685919 1.879637e+09
 -120.824638 1.883561e+09
 -120.963358 1.887483e+09
 -121.102077 1.891403e+09
 -121.240797 1.895319e+09
 -121.379516 1.899227e+09
 -121.518236 1.903127e+09
 -121.656955 1.907016e+09
 -121.795674 1.910892e+09
 -121.934394 1.914752e+09
 -122.073113 1.918594e+09
 -122.211833 1.922416e+09
 -122.350552 1.926214e+09
 -122.489272 1.929988e+09
 -122.627991 1.933733e+09
 -122.766711 1.937448e+09
 -122.905430 1.941130e+09
 -123.044149 1.944777e+09
 -123.182869 1.948385e+09
 -123.321588 1.951953e+09
 -123.460308 1.955478e+09
 -123.599027 1.958958e+09
 -123.737747 1.962391e+09
 -123.876466 1.965774e+09
 -124.015186 1.969106e+09
 -124.153905 1.972384e+09
 -124.292624 1.975608e+09
 -124.431344 1.978774e+09
 -124.570063 1.981882e+09
 -124.708783 1.984930e+09
 -124.847502 1.987917e+09
 -124.986222 1.990840e+09
 -125.124941 1.993700e+09
 -125.263661 1.996494e+09
 -125.402380 1.999222e+09
 -125.541100 2.001881e+09
 -125.679819 2.004472e+09
 -125.818538 2.006993e+09
 -125.957258 2.009442e+09
 -126.095977 2.011819e+09
 -126.234697 2.014122e+09
 -126.373416 2.016351e+09
 -126.512136 2.018504e+09
 -126.650855 2.020580e+09
 -126.789575 2.022577e+09
 -126.928294 2.024495e+09
 -127.067013 2.026331e+09
 -127.205733 2.028086e+09
 -127.344452 2.029757e+09
 -127.483172 2.031344e+09
 -127.621891 2.032844e+09
 -127.760611 2.034257e+09
 -127.899330 2.035582e+09
 -128.038050 2.036816e+09
 -128.176769 2.037960e+09
 -128.315488 2.039012e+09
 -128.454208 2.039970e+09
 -128.592927 2.040834e+09
 -128.731647 2.041603e+09
 -128.870366 2.042277e+09
 -129.009086 2.042853e+09
 -129.147805 2.043332e+09
 -129.286525 2.043713e+09
 -129.425244 2.043996e+09
 -129.563963 2.044180e+09
 -129.702683 2.044266e+09
 -129.841402 2.044252e+09
 -129.980122 2.044140e+09
 -130.118841 2.043928e+09
 -130.257561 2.043618e+09
 -130.396280 2.043209e+09
 -130.535000 2.042701e+09
 -130.673719 2.042096e+09
 -130.812438 2.041393e+09
 -130.951158 2.040592e+09
 -131.089877 2.039695e+09
 -131.228597 2.038701e+09
 -131.367316 2.037610e+09
 -131.506036 2.036424e+09
 -131.644755 2.035141e+09
 -131.783475 2.033763e+09
 -131.922194 2.032289e+09
 -132.060914 2.030719e+09
 -132.199633 2.029054e+09
 -132.338352 2.027293e+09
 -132.477072 2.025436e+09
 -132.615791 2.023484e+09
 -132.754511 2.021436e+09
 -132.893230 2.019293e+09
 -133.031950 2.017054e+09
 -133.170669 2.014721e+09
 -133.309389 2.012292e+09
 -133.448108 2.009770e+09
 -133.586827 2.007154e+09
 -133.725547 2.004445e+09
 -133.864266 2.001645e+09
 -134.002986 1.998755e+09
 -134.141705 1.995777e+09
 -134.280425 1.992712e+09
 -134.419144 1.989563e+09
 -134.557864 1.986331e+09
 -134.696583 1.983020e+09
 -134.835302 1.979631e+09
 -134.974022 1.976168e+09
 -135.112741 1.972634e+09
 -135.251461 1.969031e+09
 -135.390180 1.965363e+09
 -135.528900 1.961634e+09
 -135.667619 1.957846e+09
 -135.806339 1.954004e+09
 -135.945058 1.950110e+09
 -136.083777 1.946168e+09
 -136.222497 1.942182e+09
 -136.361216 1.938154e+09
 -136.499936 1.934089e+09
 -136.638655 1.929989e+09
 -136.777375 1.925858e+09
 -136.916094 1.921698e+09
 -137.054814 1.917513e+09
 -137.193533 1.913305e+09
 -137.332253 1.909076e+09
 -137.470972 1.904829e+09
 -137.609691 1.900566e+09
 -137.748411 1.896289e+09
 -137.887130 1.891999e+09
 -138.025850 1.887697e+09
 -138.164569 1.883386e+09
 -138.303289 1.879065e+09
 -138.442008 1.874736e+09
 -138.580728 1.870398e+09
 -138.719447 1.866052e+09
 -138.858166 1.861698e+09
 -138.996886 1.857336e+09
 -139.135605 1.852966e+09
 -139.274325 1.848586e+09
 -139.413044 1.844198e+09
 -139.551764 1.839800e+09
 -139.690483 1.835391e+09
 -139.829203 1.830971e+09
 -139.967922 1.826540e+09
 -140.106641 1.822097e+09
 -140.245361 1.817642e+09
 -140.384080 1.813173e+09
 -140.522800 1.808691e+09
 -140.661519 1.804196e+09
 -140.800239 1.799687e+09
 -140.938958 1.795164e+09
 -141.077678 1.790627e+09
 -141.216397 1.786077e+09
 -141.355116 1.781514e+09
 -141.493836 1.776937e+09
 -141.632555 1.772348e+09
 -141.771275 1.767746e+09
 -141.909994 1.763133e+09
 -142.048714 1.758510e+09
 -142.187433 1.753876e+09
 -142.326153 1.749232e+09
 -142.464872 1.744580e+09
 -142.603591 1.739921e+09
 -142.742311 1.735254e+09
 -142.881030 1.730582e+09
 -143.019750 1.725904e+09
 -143.158469 1.721222e+09
 -143.297189 1.716538e+09
 -143.435908 1.711850e+09
 -143.574628 1.707161e+09
 -143.713347 1.702471e+09
 -143.852067 1.697782e+09
 -143.990786 1.693092e+09
 -144.129505 1.688404e+09
 -144.268225 1.683718e+09
 -144.406944 1.679034e+09
 -144.545664 1.674354e+09
 -144.684383 1.669676e+09
 -144.823103 1.665003e+09
 -144.961822 1.660335e+09
 -145.100542 1.655671e+09
 -145.239261 1.651013e+09
 -145.377980 1.646361e+09
 -145.516700 1.641716e+09
 -145.655419 1.637077e+09
 -145.794139 1.632447e+09
 -145.932858 1.627825e+09
 -146.071578 1.623213e+09
 -146.210297 1.618609e+09
 -146.349017 1.614017e+09
 -146.487736 1.609435e+09
 -146.626455 1.604864e+09
 -146.765175 1.600305e+09
 -146.903894 1.595759e+09
 -147.042614 1.591225e+09
 -147.181333 1.586703e+09
 -147.320053 1.582195e+09
 -147.458772 1.577700e+09
 -147.597492 1.573217e+09
 -147.736211 1.568747e+09
 -147.874930 1.564289e+09
 -148.013650 1.559843e+09
 -148.152369 1.555409e+09
 -148.291089 1.550986e+09
 -148.429808 1.546573e+09
 -148.568528 1.542170e+09
 -148.707247 1.537776e+09
 -148.845967 1.533391e+09
 -148.984686 1.529015e+09
 -149.123405 1.524646e+09
 -149.262125 1.520285e+09
 -149.400844 1.515931e+09
 -149.539564 1.511584e+09
 -149.678283 1.507244e+09
 -149.817003 1.502912e+09
 -149.955722 1.498587e+09
 -150.094442 1.494269e+09
 -150.233161 1.489960e+09
 -150.371881 1.485659e+09
 -150.510600 1.481369e+09
 -150.649319 1.477088e+09
 -150.788039 1.472819e+09
 -150.926758 1.468562e+09
 -151.065478 1.464319e+09
 -151.204197 1.460091e+09
 -151.342917 1.455878e+09
 -151.481636 1.451683e+09
 -151.620356 1.447505e+09
 -151.759075 1.443347e+09
 -151.897794 1.439209e+09
 -152.036514 1.435093e+09
 -152.175233 1.430999e+09
 -152.313953 1.426928e+09
 -152.452672 1.422880e+09
 -152.591392 1.418856e+09
 -152.730111 1.414856e+09
 -152.868831 1.410880e+09
 -153.007550 1.406928e+09
 -153.146269 1.402999e+09
 -153.284989 1.399093e+09
 -153.423708 1.395210e+09
 -153.562428 1.391347e+09
 -153.701147 1.387505e+09
 -153.839867 1.383682e+09
 -153.978586 1.379877e+09
 -154.117306 1.376088e+09
 -154.256025 1.372315e+09
 -154.394744 1.368555e+09
 -154.533464 1.364808e+09
 -154.672183 1.361073e+09
 -154.810903 1.357347e+09
 -154.949622 1.353631e+09
 -155.088342 1.349922e+09
 -155.227061 1.346220e+09
 -155.365781 1.342525e+09
 -155.504500 1.338835e+09
 -155.643220 1.335150e+09
 -155.781939 1.331470e+09
 -155.920658 1.327795e+09
 -156.059378 1.324123e+09
 -156.198097 1.320455e+09
 -156.336817 1.316791e+09
 -156.475536 1.313131e+09
 -156.614256 1.309475e+09
 -156.752975 1.305822e+09
 -156.891695 1.302172e+09
 -157.030414 1.298526e+09
 -157.169133 1.294884e+09
 -157.307853 1.291244e+09
 -157.446572 1.287608e+09
 -157.585292 1.283975e+09
 -157.724011 1.280345e+09
 -157.862731 1.276717e+09
 -158.001450 1.273091e+09
 -158.140170 1.269468e+09
 -158.278889 1.265847e+09
 -158.417608 1.262228e+09
 -158.556328 1.258611e+09
 -158.695047 1.254996e+09
 -158.833767 1.251383e+09
 -158.972486 1.247772e+09
 -159.111206 1.244164e+09
 -159.249925 1.240559e+09
 -159.388645 1.236958e+09
 -159.527364 1.233362e+09
 -159.666083 1.229770e+09
 -159.804803 1.226185e+09
 -159.943522 1.222607e+09
 -160.082242 1.219038e+09
 -160.220961 1.215478e+09
 -160.359681 1.211929e+09
 -160.498400 1.208393e+09
 -160.637120 1.204870e+09
 -160.775839 1.201363e+09
 -160.914558 1.197873e+09
 -161.053278 1.194401e+09
 -161.191997 1.190950e+09
 -161.330717 1.187519e+09
 -161.469436 1.184111e+09
 -161.608156 1.180727e+09
 -161.746875 1.177369e+09
 -161.885595 1.174036e+09
 -162.024314 1.170731e+09
 -162.163034 1.167453e+09
 -162.301753 1.164204e+09
 -162.440472 1.160983e+09
 -162.579192 1.157791e+09
 -162.717911 1.154629e+09
 -162.856631 1.151494e+09
 -162.995350 1.148388e+09
 -163.134070 1.145309e+09
 -163.272789 1.142257e+09
 -163.411509 1.139231e+09
 -163.550228 1.136229e+09
 -163.688947 1.133250e+09
 -163.827667 1.130293e+09
 -163.966386 1.127357e+09
 -164.105106 1.124440e+09
 -164.243825 1.121539e+09
 -164.382545 1.118654e+09
 -164.521264 1.115783e+09
 -164.659984 1.112923e+09
 -164.798703 1.110074e+09
 -164.937422 1.107233e+09
 -165.076142 1.104398e+09
 -165.214861 1.101567e+09
 -165.353581 1.098740e+09
 -165.492300 1.095914e+09
 -165.631020 1.093087e+09
 -165.769739 1.090258e+09
 -165.908459 1.087426e+09
 -166.047178 1.084588e+09
 -166.185897 1.081744e+09
 -166.324617 1.078893e+09
 -166.463336 1.076032e+09
 -166.602056 1.073161e+09
 -166.740775 1.070279e+09
 -166.879495 1.067385e+09
 -167.018214 1.064479e+09
 -167.156934 1.061559e+09
 -167.295653 1.058625e+09
 -167.434373 1.055677e+09
 -167.573092 1.052714e+09
 -167.711811 1.049737e+09
 -167.850531 1.046744e+09
 -167.989250 1.043737e+09
 -168.127970 1.040714e+09
 -168.266689 1.037677e+09
 -168.405409 1.034625e+09
 -168.544128 1.031559e+09
 -168.682848 1.028479e+09
 -168.821567 1.025386e+09
 -168.960286 1.022281e+09
 -169.099006 1.019162e+09
 -169.237725 1.016033e+09
 -169.376445 1.012893e+09
 -169.515164 1.009742e+09
 -169.653884 1.006582e+09
 -169.792603 1.003414e+09
 -169.931323 1.000239e+09
 -170.070042 9.970568e+08
 -170.208761 9.938690e+08
 -170.347481 9.906763e+08
 -170.486200 9.874799e+08
 -170.624920 9.842805e+08
 -170.763639 9.810790e+08
 -170.902359 9.778765e+08
 -171.041078 9.746737e+08
 -171.179798 9.714715e+08
 -171.318517 9.682707e+08
 -171.457236 9.650722e+08
 -171.595956 9.618767e+08
 -171.734675 9.586850e+08
 -171.873395 9.554978e+08
 -172.012114 9.523159e+08
 -172.150834 9.491400e+08
 -172.289553 9.459706e+08
 -172.428273 9.428087e+08
 -172.566992 9.396547e+08
 -172.705711 9.365094e+08
 -172.844431 9.333734e+08
 -172.983150 9.302474e+08
 -173.121870 9.271321e+08
 -173.260589 9.240280e+08
 -173.399309 9.209360e+08
 -173.538028 9.178565e+08
 -173.676748 9.147903e+08
 -173.815467 9.117379e+08
 -173.954187 9.087001e+08
 -174.092906 9.056774e+08
 -174.231625 9.026706e+08
 -174.370345 8.996801e+08
 -174.509064 8.967066e+08
 -174.647784 8.937507e+08
 -174.786503 8.908130e+08
 -174.925223 8.878942e+08
 -175.063942 8.849947e+08
 -175.202662 8.821152e+08
 -175.341381 8.792563e+08
 -175.480100 8.764186e+08
 -175.618820 8.736026e+08
 -175.757539 8.708091e+08
 -175.896259 8.680386e+08
 -176.034978 8.652918e+08
 -176.173698 8.625694e+08
 -176.312417 8.598720e+08
 -176.451137 8.572003e+08
 -176.589856 8.545551e+08
 -176.728575 8.519371e+08
 -176.867295 8.493470e+08
 -177.006014 8.467856e+08
 -177.144734 8.442537e+08
 -177.283453 8.417520e+08
 -177.422173 8.392813e+08
 -177.560892 8.368423e+08
 -177.699612 8.344358e+08
 -177.838331 8.320625e+08
 -177.977050 8.297230e+08
 -178.115770 8.274179e+08
 -178.254489 8.251477e+08
 -178.393209 8.229128e+08
 -178.531928 8.207136e+08
 -178.670648 8.185500e+08
 -178.809367 8.164224e+08
 -178.948087 8.143304e+08
 -179.086806 8.122739e+08
 -179.225525 8.102524e+08
 -179.364245 8.082654e+08
 -179.502964 8.063121e+08
 -179.641684 8.043915e+08
 -179.780403 8.025027e+08
 -179.919123 8.006443e+08
 -180.057842 7.988151e+08
 -180.196562 7.970135e+08
 -180.335281 7.952381e+08
 -180.474001 7.934873e+08
 -180.612720 7.917593e+08
 -180.751439 7.900524e+08
 -180.890159 7.883649e+08
 -181.028878 7.866952e+08
 -181.167598 7.850415e+08
 -181.306317 7.834022e+08
 -181.445037 7.817758e+08
 -181.583756 7.801608e+08
 -181.722476 7.785556e+08
 -181.861195 7.769591e+08
 -181.999914 7.753699e+08
 -182.138634 7.737869e+08
 -182.277353 7.722090e+08
 -182.416073 7.706353e+08
 -182.554792 7.690649e+08
 -182.693512 7.674969e+08
 -182.832231 7.659306e+08
 -182.970951 7.643653e+08
 -183.109670 7.628005e+08
 -183.248389 7.612354e+08
 -183.387109 7.596697e+08
 -183.525828 7.581027e+08
 -183.664548 7.565342e+08
 -183.803267 7.549636e+08
 -183.941987 7.533907e+08
 -184.080706 7.518150e+08
 -184.219426 7.502364e+08
 -184.358145 7.486546e+08
 -184.496864 7.470693e+08
 -184.635584 7.454804e+08
 -184.774303 7.438879e+08
 -184.913023 7.422917e+08
 -185.051742 7.406918e+08
 -185.190462 7.390883e+08
 -185.329181 7.374813e+08
 -185.467901 7.358711e+08
 -185.606620 7.342578e+08
 -185.745340 7.326417e+08
 -185.884059 7.310233e+08
 -186.022778 7.294029e+08
 -186.161498 7.277809e+08
 -186.300217 7.261579e+08
 -186.438937 7.245342e+08
 -186.577656 7.229106e+08
 -186.716376 7.212874e+08
 -186.855095 7.196652e+08
 -186.993815 7.180447e+08
 -187.132534 7.164262e+08
 -187.271253 7.148104e+08
 -187.409973 7.131977e+08
 -187.548692 7.115886e+08
 -187.687412 7.099835e+08
 -187.826131 7.083829e+08
 -187.964851 7.067869e+08
 -188.103570 7.051960e+08
 -188.242290 7.036104e+08
 -188.381009 7.020301e+08
 -188.519728 7.004554e+08
 -188.658448 6.988861e+08
 -188.797167 6.973223e+08
 -188.935887 6.957638e+08
 -189.074606 6.942104e+08
 -189.213326 6.926619e+08
 -189.352045 6.911178e+08
 -189.490765 6.895779e+08
 -189.629484 6.880416e+08
 -189.768203 6.865085e+08
 -189.906923 6.849781e+08
 -190.045642 6.834498e+08
 -190.184362 6.819230e+08
 -190.323081 6.803973e+08
 -190.461801 6.788722e+08
 -190.600520 6.773472e+08
 -190.739240 6.758218e+08
 -190.877959 6.742959e+08
 -191.016678 6.727691e+08
 -191.155398 6.712414e+08
 -191.294117 6.697127e+08
 -191.432837 6.681830e+08
 -191.571556 6.666526e+08
 -191.710276 6.651217e+08
 -191.848995 6.635909e+08
 -191.987715 6.620605e+08
 -192.126434 6.605313e+08
 -192.265154 6.590039e+08
 -192.403873 6.574790e+08
 -192.542592 6.559576e+08
 -192.681312 6.544404e+08
 -192.820031 6.529283e+08
 -192.958751 6.514222e+08
 -193.097470 6.499230e+08
 -193.236190 6.484315e+08
 -193.374909 6.469485e+08
 -193.513629 6.454749e+08
 -193.652348 6.440112e+08
 -193.791067 6.425582e+08
 -193.929787 6.411162e+08
 -194.068506 6.396858e+08
 -194.207226 6.382672e+08
 -194.345945 6.368606e+08
 -194.484665 6.354662e+08
 -194.623384 6.340838e+08
 -194.762104 6.327134e+08
 -194.900823 6.313546e+08
 -195.039542 6.300071e+08
 -195.178262 6.286703e+08
 -195.316981 6.273437e+08
 -195.455701 6.260265e+08
 -195.594420 6.247180e+08
 -195.733140 6.234174e+08
 -195.871859 6.221238e+08
 -196.010579 6.208362e+08
 -196.149298 6.195538e+08
 -196.288017 6.182755e+08
 -196.426737 6.170006e+08
 -196.565456 6.157280e+08
 -196.704176 6.144569e+08
 -196.842895 6.131865e+08
 -196.981615 6.119161e+08
 -197.120334 6.106449e+08
 -197.259054 6.093724e+08
 -197.397773 6.080980e+08
 -197.536492 6.068214e+08
 -197.675212 6.055421e+08
 -197.813931 6.042599e+08
 -197.952651 6.029746e+08
 -198.091370 6.016861e+08
 -198.230090 6.003944e+08
 -198.368809 5.990996e+08
 -198.507529 5.978018e+08
 -198.646248 5.965012e+08
 -198.784968 5.951980e+08
 -198.923687 5.938926e+08
 -199.062406 5.925853e+08
 -199.201126 5.912765e+08
 -199.339845 5.899666e+08
 -199.478565 5.886559e+08
 -199.617284 5.873448e+08
 -199.756004 5.860337e+08
 -199.894723 5.847229e+08
 -200.033443 5.834127e+08
 -200.172162 5.821035e+08
 -200.310881 5.807955e+08
 -200.449601 5.794890e+08
 -200.588320 5.781843e+08
 -200.727040 5.768814e+08
 -200.865759 5.755807e+08
 -201.004479 5.742825e+08
 -201.143198 5.729870e+08
 -201.281918 5.716945e+08
 -201.420637 5.704053e+08
 -201.559356 5.691199e+08
 -201.698076 5.678387e+08
 -201.836795 5.665621e+08
 -201.975515 5.652907e+08
 -202.114234 5.640251e+08
 -202.252954 5.627659e+08
 -202.391673 5.615137e+08
 -202.530393 5.602692e+08
 -202.669112 5.590332e+08
 -202.807831 5.578061e+08
 -202.946551 5.565888e+08
 -203.085270 5.553817e+08
 -203.223990 5.541856e+08
 -203.362709 5.530008e+08
 -203.501429 5.518278e+08
 -203.640148 5.506670e+08
 -203.778868 5.495188e+08
 -203.917587 5.483832e+08
 -204.056307 5.472605e+08
 -204.195026 5.461507e+08
 -204.333745 5.450538e+08
 -204.472465 5.439696e+08
 -204.611184 5.428980e+08
 -204.749904 5.418386e+08
 -204.888623 5.407913e+08
 -205.027343 5.397556e+08
 -205.166062 5.387309e+08
 -205.304782 5.377168e+08
 -205.443501 5.367128e+08
 -205.582220 5.357180e+08
 -205.720940 5.347320e+08
 -205.859659 5.337539e+08
 -205.998379 5.327831e+08
 -206.137098 5.318186e+08
 -206.275818 5.308597e+08
 -206.414537 5.299056e+08
 -206.553257 5.289555e+08
 -206.691976 5.280084e+08
 -206.830695 5.270636e+08
 -206.969415 5.261204e+08
 -207.108134 5.251780e+08
 -207.246854 5.242358e+08
 -207.385573 5.232930e+08
 -207.524293 5.223493e+08
 -207.663012 5.214041e+08
 -207.801732 5.204572e+08
 -207.940451 5.195082e+08
 -208.079170 5.185573e+08
 -208.217890 5.176043e+08
 -208.356609 5.166494e+08
 -208.495329 5.156930e+08
 -208.634048 5.147355e+08
 -208.772768 5.137774e+08
 -208.911487 5.128195e+08
 -209.050207 5.118625e+08
 -209.188926 5.109073e+08
 -209.327645 5.099549e+08
 -209.466365 5.090064e+08
 -209.605084 5.080627e+08
 -209.743804 5.071252e+08
 -209.882523 5.061947e+08
 -210.021243 5.052726e+08
 -210.159962 5.043597e+08
 -210.298682 5.034570e+08
 -210.437401 5.025655e+08
 -210.576121 5.016858e+08
 -210.714840 5.008186e+08
 -210.853559 4.999644e+08
 -210.992279 4.991235e+08
 -211.130998 4.982961e+08
 -211.269718 4.974821e+08
 -211.408437 4.966814e+08
 -211.547157 4.958938e+08
 -211.685876 4.951186e+08
 -211.824596 4.943554e+08
 -211.963315 4.936035e+08
 -212.102034 4.928619e+08
 -212.240754 4.921300e+08
 -212.379473 4.914066e+08
 -212.518193 4.906909e+08
 -212.656912 4.899817e+08
 -212.795632 4.892782e+08
 -212.934351 4.885793e+08
 -213.073071 4.878840e+08
 -213.211790 4.871913e+08
 -213.350509 4.865003e+08
 -213.489229 4.858102e+08
 -213.627948 4.851200e+08
 -213.766668 4.844289e+08
 -213.905387 4.837362e+08
 -214.044107 4.830412e+08
 -214.182826 4.823431e+08
 -214.321546 4.816415e+08
 -214.460265 4.809356e+08
 -214.598984 4.802250e+08
 -214.737704 4.795092e+08
 -214.876423 4.787878e+08
 -215.015143 4.780605e+08
 -215.153862 4.773271e+08
 -215.292582 4.765874e+08
 -215.431301 4.758413e+08
 -215.570021 4.750890e+08
 -215.708740 4.743305e+08
 -215.847459 4.735661e+08
 -215.986179 4.727962e+08
 -216.124898 4.720213e+08
 -216.263618 4.712421e+08
 -216.402337 4.704592e+08
 -216.541057 4.696735e+08
 -216.679776 4.688860e+08
 -216.818496 4.680976e+08
 -216.957215 4.673094e+08
 -217.095935 4.665225e+08
 -217.234654 4.657382e+08
 -217.373373 4.649575e+08
 -217.512093 4.641816e+08
 -217.650812 4.634116e+08
 -217.789532 4.626487e+08
 -217.928251 4.618937e+08
 -218.066971 4.611478e+08
 -218.205690 4.604116e+08
 -218.344410 4.596860e+08
 -218.483129 4.589716e+08
 -218.621848 4.582690e+08
 -218.760568 4.575785e+08
 -218.899287 4.569005e+08
 -219.038007 4.562353e+08
 -219.176726 4.555830e+08
 -219.315446 4.549436e+08
 -219.454165 4.543172e+08
 -219.592885 4.537036e+08
 -219.731604 4.531026e+08
 -219.870323 4.525142e+08
 -220.009043 4.519379e+08
 -220.147762 4.513734e+08
 -220.286482 4.508204e+08
 -220.425201 4.502784e+08
 -220.563921 4.497470e+08
 -220.702640 4.492255e+08
 -220.841360 4.487134e+08
 -220.980079 4.482100e+08
 -221.118798 4.477146e+08
 -221.257518 4.472265e+08
 -221.396237 4.467447e+08
 -221.534957 4.462686e+08
 -221.673676 4.457970e+08
 -221.812396 4.453292e+08
 -221.951115 4.448642e+08
 -222.089835 4.444010e+08
 -222.228554 4.439386e+08
 -222.367274 4.434761e+08
 -222.505993 4.430126e+08
 -222.644712 4.425472e+08
 -222.783432 4.420791e+08
 -222.922151 4.416074e+08
 -223.060871 4.411316e+08
 -223.199590 4.406508e+08
 -223.338310 4.401647e+08
 -223.477029 4.396725e+08
 -223.615749 4.391741e+08
 -223.754468 4.386689e+08
 -223.893187 4.381568e+08
 -224.031907 4.376374e+08
 -224.170626 4.371108e+08
 -224.309346 4.365766e+08
 -224.448065 4.360350e+08
 -224.586785 4.354858e+08
 -224.725504 4.349291e+08
 -224.864224 4.343650e+08
 -225.002943 4.337934e+08
 -225.141662 4.332145e+08
 -225.280382 4.326283e+08
 -225.419101 4.320349e+08
 -225.557821 4.314344e+08
 -225.696540 4.308268e+08
 -225.835260 4.302123e+08
 -225.973979 4.295909e+08
 -226.112699 4.289626e+08
 -226.251418 4.283274e+08
 -226.390137 4.276854e+08
 -226.528857 4.270366e+08
 -226.667576 4.263808e+08
 -226.806296 4.257182e+08
 -226.945015 4.250486e+08
 -227.083735 4.243718e+08
 -227.222454 4.236878e+08
 -227.361174 4.229964e+08
 -227.499893 4.222973e+08
 -227.638612 4.215903e+08
 -227.777332 4.208751e+08
 -227.916051 4.201514e+08
 -228.054771 4.194188e+08
 -228.193490 4.186769e+08
 -228.332210 4.179253e+08
 -228.470929 4.171635e+08
 -228.609649 4.163911e+08
 -228.748368 4.156076e+08
 -228.887088 4.148126e+08
 -229.025807 4.140057e+08
 -229.164526 4.131865e+08
 -229.303246 4.123547e+08
 -229.441965 4.115102e+08
 -229.580685 4.106529e+08
 -229.719404 4.097828e+08
 -229.858124 4.089002e+08
 -229.996843 4.080054e+08
 -230.135563 4.070989e+08
 -230.274282 4.061814e+08
 -230.413001 4.052539e+08
 -230.551721 4.043175e+08
 -230.690440 4.033733e+08
 -230.829160 4.024228e+08
 -230.967879 4.014677e+08
 -231.106599 4.005096e+08
 -231.245318 3.995504e+08
 -231.384038 3.985922e+08
 -231.522757 3.976368e+08
 -231.661476 3.966863e+08
 -231.800196 3.957429e+08
 -231.938915 3.948086e+08
 -232.077635 3.938854e+08
 -232.216354 3.929751e+08
 -232.355074 3.920797e+08
 -232.493793 3.912008e+08
 -232.632513 3.903399e+08
 -232.771232 3.894984e+08
 -232.909951 3.886774e+08
 -233.048671 3.878781e+08
 -233.187390 3.871012e+08
 -233.326110 3.863474e+08
 -233.464829 3.856170e+08
 -233.603549 3.849104e+08
 -233.742268 3.842277e+08
 -233.880988 3.835688e+08
 -234.019707 3.829335e+08
 -234.158426 3.823215e+08
 -234.297146 3.817324e+08
 -234.435865 3.811657e+08
 -234.574585 3.806207e+08
 -234.713304 3.800967e+08
 -234.852024 3.795929e+08
 -234.990743 3.791087e+08
 -235.129463 3.786429e+08
 -235.268182 3.781948e+08
 -235.406902 3.777635e+08
 -235.545621 3.773477e+08
 -235.684340 3.769467e+08
 -235.823060 3.765591e+08
 -235.961779 3.761841e+08
 -236.100499 3.758203e+08
 -236.239218 3.754666e+08
 -236.377938 3.751219e+08
 -236.516657 3.747848e+08
 -236.655377 3.744542e+08
 -236.794096 3.741289e+08
 -236.932815 3.738075e+08
 -237.071535 3.734889e+08
 -237.210254 3.731718e+08
 -237.348974 3.728551e+08
 -237.487693 3.725377e+08
 -237.626413 3.722184e+08
 -237.765132 3.718963e+08
 -237.903852 3.715703e+08
 -238.042571 3.712397e+08
 -238.181290 3.709035e+08
 -238.320010 3.705612e+08
 -238.458729 3.702119e+08
 -238.597449 3.698553e+08
 -238.736168 3.694907e+08
 -238.874888 3.691178e+08
 -239.013607 3.687364e+08
 -239.152327 3.683461e+08
 -239.291046 3.679469e+08
 -239.429765 3.675387e+08
 -239.568485 3.671214e+08
 -239.707204 3.666952e+08
 -239.845924 3.662602e+08
 -239.984643 3.658168e+08
 -240.123363 3.653650e+08
 -240.262082 3.649055e+08
 -240.400802 3.644385e+08
 -240.539521 3.639645e+08
 -240.678241 3.634843e+08
 -240.816960 3.629982e+08
 -240.955679 3.625071e+08
 -241.094399 3.620116e+08
 -241.233118 3.615124e+08
 -241.371838 3.610103e+08
 -241.510557 3.605062e+08
 -241.649277 3.600007e+08
 -241.787996 3.594947e+08
 -241.926716 3.589891e+08
 -242.065435 3.584845e+08
 -242.204154 3.579818e+08
 -242.342874 3.574817e+08
 -242.481593 3.569849e+08
 -242.620313 3.564919e+08
 -242.759032 3.560035e+08
 -242.897752 3.555200e+08
 -243.036471 3.550419e+08
 -243.175191 3.545696e+08
 -243.313910 3.541034e+08
 -243.452629 3.536434e+08
 -243.591349 3.531899e+08
 -243.730068 3.527429e+08
 -243.868788 3.523025e+08
 -244.007507 3.518685e+08
 -244.146227 3.514410e+08
 -244.284946 3.510197e+08
 -244.423666 3.506046e+08
 -244.562385 3.501955e+08
 -244.701104 3.497922e+08
 -244.839824 3.493944e+08
 -244.978543 3.490021e+08
 -245.117263 3.486151e+08
 -245.255982 3.482331e+08
 -245.394702 3.478559e+08
 -245.533421 3.474835e+08
 -245.672141 3.471157e+08
 -245.810860 3.467523e+08
 -245.949579 3.463930e+08
 -246.088299 3.460379e+08
 -246.227018 3.456865e+08
 -246.365738 3.453387e+08
 -246.504457 3.449943e+08
 -246.643177 3.446528e+08
 -246.781896 3.443139e+08
 -246.920616 3.439773e+08
 -247.059335 3.436425e+08
 -247.198055 3.433089e+08
 -247.336774 3.429760e+08
 -247.475493 3.426433e+08
 -247.614213 3.423100e+08
 -247.752932 3.419755e+08
 -247.891652 3.416391e+08
 -248.030371 3.413000e+08
 -248.169091 3.409575e+08
 -248.307810 3.406109e+08
 -248.446530 3.402592e+08
 -248.585249 3.399018e+08
 -248.723968 3.395379e+08
 -248.862688 3.391665e+08
 -249.001407 3.387870e+08
 -249.140127 3.383986e+08
 -249.278846 3.380003e+08
 -249.417566 3.375915e+08
 -249.556285 3.371715e+08
 -249.695005 3.367393e+08
 -249.833724 3.362944e+08
 -249.972443 3.358360e+08
 -250.111163 3.353634e+08
 -250.249882 3.348762e+08
 -250.388602 3.343737e+08
 -250.527321 3.338555e+08
 -250.666041 3.333213e+08
 -250.804760 3.327707e+08
 -250.943480 3.322036e+08
 -251.082199 3.316200e+08
 -251.220918 3.310198e+08
 -251.359638 3.304034e+08
 -251.498357 3.297711e+08
 -251.637077 3.291233e+08
 -251.775796 3.284606e+08
 -251.914516 3.277837e+08
 -252.053235 3.270934e+08
 -252.191955 3.263908e+08
 -252.330674 3.256767e+08
 -252.469393 3.249522e+08
 -252.608113 3.242186e+08
 -252.746832 3.234769e+08
 -252.885552 3.227283e+08
 -253.024271 3.219740e+08
 -253.162991 3.212153e+08
 -253.301710 3.204532e+08
 -253.440430 3.196889e+08
 -253.579149 3.189235e+08
 -253.717869 3.181580e+08
 -253.856588 3.173934e+08
 -253.995307 3.166306e+08
 -254.134027 3.158704e+08
 -254.272746 3.151135e+08
 -254.411466 3.143608e+08
 -254.550185 3.136128e+08
 -254.688905 3.128701e+08
 -254.827624 3.121332e+08
 -254.966344 3.114024e+08
 -255.105063 3.106782e+08
 -255.243782 3.099609e+08
 -255.382502 3.092506e+08
 -255.521221 3.085476e+08
 -255.659941 3.078520e+08
 -255.798660 3.071637e+08
 -255.937380 3.064829e+08
 -256.076099 3.058095e+08
 -256.214819 3.051434e+08
 -256.353538 3.044845e+08
 -256.492257 3.038326e+08
 -256.630977 3.031875e+08
 -256.769696 3.025490e+08
 -256.908416 3.019168e+08
 -257.047135 3.012906e+08
 -257.185855 3.006703e+08
 -257.324574 3.000554e+08
 -257.463294 2.994457e+08
 -257.602013 2.988408e+08
 -257.740732 2.982405e+08
 -257.879452 2.976444e+08
 -258.018171 2.970523e+08
 -258.156891 2.964638e+08
 -258.295610 2.958788e+08
 -258.434330 2.952969e+08
 -258.573049 2.947179e+08
 -258.711769 2.941416e+08
 -258.850488 2.935678e+08
 -258.989208 2.929964e+08
 -259.127927 2.924271e+08
 -259.266646 2.918598e+08
 -259.405366 2.912944e+08
 -259.544085 2.907308e+08
 -259.682805 2.901689e+08
 -259.821524 2.896086e+08
 -259.960244 2.890498e+08
 -260.098963 2.884926e+08
 -260.237683 2.879369e+08
 -260.376402 2.873827e+08
 -260.515121 2.868299e+08
 -260.653841 2.862788e+08
 -260.792560 2.857292e+08
 -260.931280 2.851813e+08
 -261.069999 2.846352e+08
 -261.208719 2.840910e+08
 -261.347438 2.835490e+08
 -261.486158 2.830092e+08
 -261.624877 2.824720e+08
 -261.763596 2.819375e+08
 -261.902316 2.814061e+08
 -262.041035 2.808782e+08
 -262.179755 2.803540e+08
 -262.318474 2.798339e+08
 -262.457194 2.793184e+08
 -262.595913 2.788079e+08
 -262.734633 2.783028e+08
 -262.873352 2.778036e+08
 -263.012071 2.773109e+08
 -263.150791 2.768249e+08
 -263.289510 2.763463e+08
 -263.428230 2.758754e+08
 -263.566949 2.754128e+08
 -263.705669 2.749588e+08
 -263.844388 2.745138e+08
 -263.983108 2.740784e+08
 -264.121827 2.736527e+08
 -264.260546 2.732373e+08
 -264.399266 2.728324e+08
 -264.537985 2.724383e+08
 -264.676705 2.720553e+08
 -264.815424 2.716837e+08
 -264.954144 2.713237e+08
 -265.092863 2.709756e+08
 -265.231583 2.706396e+08
 -265.370302 2.703157e+08
 -265.509022 2.700043e+08
 -265.647741 2.697053e+08
 -265.786460 2.694188e+08
 -265.925180 2.691448e+08
 -266.063899 2.688832e+08
 -266.202619 2.686340e+08
 -266.341338 2.683969e+08
 -266.480058 2.681716e+08
 -266.618777 2.679577e+08
 -266.757497 2.677548e+08
 -266.896216 2.675623e+08
 -267.034935 2.673796e+08
 -267.173655 2.672057e+08
 -267.312374 2.670398e+08
 -267.451094 2.668810e+08
 -267.589813 2.667281e+08
 -267.728533 2.665799e+08
 -267.867252 2.664352e+08
 -268.005972 2.662926e+08
 -268.144691 2.661507e+08
 -268.283410 2.660083e+08
 -268.422130 2.658637e+08
 -268.560849 2.657156e+08
 -268.699569 2.655626e+08
 -268.838288 2.654034e+08
 -268.977008 2.652367e+08
 -269.115727 2.650612e+08
 -269.254447 2.648759e+08
 -269.393166 2.646797e+08
 -269.531885 2.644719e+08
 -269.670605 2.642517e+08
 -269.809324 2.640185e+08
 -269.948044 2.637720e+08
 -270.086763 2.635117e+08
 -270.225483 2.632377e+08
 -270.364202 2.629499e+08
 -270.502922 2.626485e+08
 -270.641641 2.623337e+08
 -270.780360 2.620059e+08
 -270.919080 2.616656e+08
 -271.057799 2.613133e+08
 -271.196519 2.609496e+08
 -271.335238 2.605752e+08
 -271.473958 2.601907e+08
 -271.612677 2.597967e+08
 -271.751397 2.593939e+08
 -271.890116 2.589829e+08
 -272.028836 2.585642e+08
 -272.167555 2.581383e+08
 -272.306274 2.577056e+08
 -272.444994 2.572665e+08
 -272.583713 2.568212e+08
 -272.722433 2.563699e+08
 -272.861152 2.559126e+08
 -272.999872 2.554493e+08
 -273.138591 2.549800e+08
 -273.277311 2.545045e+08
 -273.416030 2.540226e+08
 -273.554749 2.535341e+08
 -273.693469 2.530387e+08
 -273.832188 2.525360e+08
 -273.970908 2.520259e+08
 -274.109627 2.515080e+08
 -274.248347 2.509821e+08
 -274.387066 2.504480e+08
 -274.525786 2.499055e+08
 -274.664505 2.493548e+08
 -274.803224 2.487956e+08
 -274.941944 2.482283e+08
 -275.080663 2.476529e+08
 -275.219383 2.470697e+08
 -275.358102 2.464792e+08
 -275.496822 2.458818e+08
 -275.635541 2.452780e+08
 -275.774261 2.446685e+08
 -275.912980 2.440540e+08
 -276.051699 2.434352e+08
 -276.190419 2.428128e+08
 -276.329138 2.421878e+08
 -276.467858 2.415608e+08
 -276.606577 2.409329e+08
 -276.745297 2.403049e+08
 -276.884016 2.396775e+08
 -277.022736 2.390517e+08
 -277.161455 2.384283e+08
 -277.300175 2.378081e+08
 -277.438894 2.371918e+08
 -277.577613 2.365801e+08
 -277.716333 2.359738e+08
 -277.855052 2.353734e+08
 -277.993772 2.347795e+08
 -278.132491 2.341925e+08
 -278.271211 2.336130e+08
 -278.409930 2.330412e+08
 -278.548650 2.324774e+08
 -278.687369 2.319220e+08
 -278.826088 2.313749e+08
 -278.964808 2.308364e+08
 -279.103527 2.303064e+08
 -279.242247 2.297849e+08
 -279.380966 2.292718e+08
 -279.519686 2.287670e+08
 -279.658405 2.282702e+08
 -279.797125 2.277812e+08
 -279.935844 2.272998e+08
 -280.074563 2.268256e+08
 -280.213283 2.263582e+08
 -280.352002 2.258972e+08
 -280.490722 2.254422e+08
 -280.629441 2.249926e+08
 -280.768161 2.245480e+08
 -280.906880 2.241078e+08
 -281.045600 2.236713e+08
 -281.184319 2.232380e+08
 -281.323038 2.228071e+08
 -281.461758 2.223781e+08
 -281.600477 2.219501e+08
 -281.739197 2.215225e+08
 -281.877916 2.210946e+08
 -282.016636 2.206656e+08
 -282.155355 2.202349e+08
 -282.294075 2.198018e+08
 -282.432794 2.193658e+08
 -282.571513 2.189262e+08
 -282.710233 2.184826e+08
 -282.848952 2.180346e+08
 -282.987672 2.175819e+08
 -283.126391 2.171243e+08
 -283.265111 2.166617e+08
 -283.403830 2.161942e+08
 -283.542550 2.157219e+08
 -283.681269 2.152449e+08
 -283.819989 2.147637e+08
 -283.958708 2.142786e+08
 -284.097427 2.137903e+08
 -284.236147 2.132991e+08
 -284.374866 2.128059e+08
 -284.513586 2.123111e+08
 -284.652305 2.118155e+08
 -284.791025 2.113198e+08
 -284.929744 2.108245e+08
 -285.068464 2.103303e+08
 -285.207183 2.098376e+08
 -285.345902 2.093470e+08
 -285.484622 2.088586e+08
 -285.623341 2.083728e+08
 -285.762061 2.078898e+08
 -285.900780 2.074095e+08
 -286.039500 2.069317e+08
 -286.178219 2.064564e+08
 -286.316939 2.059831e+08
 -286.455658 2.055114e+08
 -286.594377 2.050408e+08
 -286.733097 2.045707e+08
 -286.871816 2.041003e+08
 -287.010536 2.036290e+08
 -287.149255 2.031560e+08
 -287.287975 2.026804e+08
 -287.426694 2.022015e+08
 -287.565414 2.017184e+08
 -287.704133 2.012304e+08
 -287.842852 2.007368e+08
 -287.981572 2.002368e+08
 -288.120291 1.997298e+08
 -288.259011 1.992152e+08
 -288.397730 1.986924e+08
 -288.536450 1.981611e+08
 -288.675169 1.976208e+08
 -288.813889 1.970713e+08
 -288.952608 1.965122e+08
 -289.091327 1.959435e+08
 -289.230047 1.953650e+08
 -289.368766 1.947768e+08
 -289.507486 1.941788e+08
 -289.646205 1.935712e+08
 -289.784925 1.929542e+08
 -289.923644 1.923278e+08
 -290.062364 1.916923e+08
 -290.201083 1.910481e+08
 -290.339803 1.903952e+08
 -290.478522 1.897341e+08
 -290.617241 1.890649e+08
 -290.755961 1.883880e+08
 -290.894680 1.877037e+08
 -291.033400 1.870121e+08
 -291.172119 1.863134e+08
 -291.310839 1.856079e+08
 -291.449558 1.848957e+08
 -291.588278 1.841770e+08
 -291.726997 1.834518e+08
 -291.865716 1.827203e+08
 -292.004436 1.819824e+08
 -292.143155 1.812383e+08
 -292.281875 1.804879e+08
 -292.420594 1.797315e+08
 -292.559314 1.789690e+08
 -292.698033 1.782005e+08
 -292.836753 1.774264e+08
 -292.975472 1.766467e+08
 -293.114191 1.758619e+08
 -293.252911 1.750722e+08
 -293.391630 1.742783e+08
 -293.530350 1.734806e+08
 -293.669069 1.726798e+08
 -293.807789 1.718768e+08
 -293.946508 1.710723e+08
 -294.085228 1.702673e+08
 -294.223947 1.694628e+08
 -294.362666 1.686599e+08
 -294.501386 1.678597e+08
 -294.640105 1.670633e+08
 -294.778825 1.662719e+08
 -294.917544 1.654866e+08
 -295.056264 1.647086e+08
 -295.194983 1.639389e+08
 -295.333703 1.631786e+08
 -295.472422 1.624285e+08
 -295.611142 1.616897e+08
 -295.749861 1.609629e+08
 -295.888580 1.602487e+08
 -296.027300 1.595477e+08
 -296.166019 1.588604e+08
 -296.304739 1.581871e+08
 -296.443458 1.575280e+08
 -296.582178 1.568834e+08
 -296.720897 1.562530e+08
 -296.859617 1.556370e+08
 -296.998336 1.550351e+08
 -297.137055 1.544470e+08
 -297.275775 1.538723e+08
 -297.414494 1.533107e+08
 -297.553214 1.527615e+08
 -297.691933 1.522243e+08
 -297.830653 1.516984e+08
 -297.969372 1.511831e+08
 -298.108092 1.506778e+08
 -298.246811 1.501818e+08
 -298.385530 1.496943e+08
 -298.524250 1.492146e+08
 -298.662969 1.487418e+08
 -298.801689 1.482754e+08
 -298.940408 1.478145e+08
 -299.079128 1.473585e+08
 -299.217847 1.469065e+08
 -299.356567 1.464581e+08
 -299.495286 1.460124e+08
 -299.634005 1.455689e+08
 -299.772725 1.451270e+08
 -299.911444 1.446861e+08
 -300.050164 1.442456e+08
 -300.188883 1.438050e+08
 -300.327603 1.433639e+08
 -300.466322 1.429216e+08
 -300.605042 1.424777e+08
 -300.743761 1.420316e+08
 -300.882480 1.415830e+08
 -301.021200 1.411312e+08
 -301.159919 1.406757e+08
 -301.298639 1.402161e+08
 -301.437358 1.397520e+08
 -301.576078 1.392827e+08
 -301.714797 1.388078e+08
 -301.853517 1.383271e+08
 -301.992236 1.378400e+08
 -302.130956 1.373463e+08
 -302.269675 1.368458e+08
 -302.408394 1.363383e+08
 -302.547114 1.358240e+08
 -302.685833 1.353028e+08
 -302.824553 1.347751e+08
 -302.963272 1.342412e+08
 -303.101992 1.337018e+08
 -303.240711 1.331574e+08
 -303.379431 1.326090e+08
 -303.518150 1.320574e+08
 -303.656869 1.315039e+08
 -303.795589 1.309495e+08
 -303.934308 1.303956e+08
 -304.073028 1.298436e+08
 -304.211747 1.292949e+08
 -304.350467 1.287510e+08
 -304.489186 1.282134e+08
 -304.627906 1.276835e+08
 -304.766625 1.271628e+08
 -304.905344 1.266527e+08
 -305.044064 1.261545e+08
 -305.182783 1.256697e+08
 -305.321503 1.251993e+08
 -305.460222 1.247444e+08
 -305.598942 1.243062e+08
 -305.737661 1.238855e+08
 -305.876381 1.234831e+08
 -306.015100 1.230998e+08
 -306.153819 1.227361e+08
 -306.292539 1.223926e+08
 -306.431258 1.220696e+08
 -306.569978 1.217675e+08
 -306.708697 1.214865e+08
 -306.847417 1.212267e+08
 -306.986136 1.209882e+08
 -307.124856 1.207710e+08
 -307.263575 1.205751e+08
 -307.402294 1.204003e+08
 -307.541014 1.202465e+08
 -307.679733 1.201135e+08
 -307.818453 1.200012e+08
 -307.957172 1.199092e+08
 -308.095892 1.198373e+08
 -308.234611 1.197852e+08
 -308.373331 1.197527e+08
 -308.512050 1.197394e+08
 -308.650770 1.197449e+08
 -308.789489 1.197690e+08
 -308.928208 1.198110e+08
 -309.066928 1.198708e+08
 -309.205647 1.199477e+08
 -309.344367 1.200411e+08
 -309.483086 1.201505e+08
 -309.621806 1.202752e+08
 -309.760525 1.204144e+08
 -309.899245 1.205672e+08
 -310.037964 1.207326e+08
 -310.176683 1.209095e+08
 -310.315403 1.210969e+08
 -310.454122 1.212933e+08
 -310.592842 1.214974e+08
 -310.731561 1.217078e+08
 -310.870281 1.219228e+08
 -311.009000 1.221407e+08
 -311.147720 1.223599e+08
 -311.286439 1.225786e+08
 -311.425158 1.227950e+08
 -311.563878 1.230074e+08
 -311.702597 1.232140e+08
 -311.841317 1.234132e+08
 -311.980036 1.236032e+08
 -312.118756 1.237826e+08
 -312.257475 1.239500e+08
 -312.396195 1.241041e+08
 -312.534914 1.242440e+08
 -312.673633 1.243686e+08
 -312.812353 1.244775e+08
 -312.951072 1.245699e+08
 -313.089792 1.246458e+08
 -313.228511 1.247051e+08
 -313.367231 1.247479e+08
 -313.505950 1.247747e+08
 -313.644670 1.247859e+08
 -313.783389 1.247824e+08
 -313.922109 1.247650e+08
 -314.060828 1.247349e+08
 -314.199547 1.246931e+08
 -314.338267 1.246410e+08
 -314.476986 1.245798e+08
 -314.615706 1.245110e+08
 -314.754425 1.244360e+08
 -314.893145 1.243561e+08
 -315.031864 1.242728e+08
 -315.170584 1.241873e+08
 -315.309303 1.241010e+08
 -315.448022 1.240149e+08
 -315.586742 1.239301e+08
 -315.725461 1.238476e+08
 -315.864181 1.237682e+08
 -316.002900 1.236925e+08
 -316.141620 1.236209e+08
 -316.280339 1.235538e+08
 -316.419059 1.234915e+08
 -316.557778 1.234338e+08
 -316.696497 1.233806e+08
 -316.835217 1.233315e+08
 -316.973936 1.232863e+08
 -317.112656 1.232442e+08
 -317.251375 1.232046e+08
 -317.390095 1.231668e+08
 -317.528814 1.231298e+08
 -317.667534 1.230927e+08
 -317.806253 1.230546e+08
 -317.944972 1.230145e+08
 -318.083692 1.229715e+08
 -318.222411 1.229245e+08
 -318.361131 1.228728e+08
 -318.499850 1.228154e+08
 -318.638570 1.227516e+08
 -318.777289 1.226805e+08
 -318.916009 1.226016e+08
 -319.054728 1.225142e+08
 -319.193447 1.224180e+08
 -319.332167 1.223124e+08
 -319.470886 1.221974e+08
 -319.609606 1.220725e+08
 -319.748325 1.219378e+08
 -319.887045 1.217933e+08
 -320.025764 1.216391e+08
 -320.164484 1.214753e+08
 -320.303203 1.213023e+08
 -320.441923 1.211203e+08
 -320.580642 1.209300e+08
 -320.719361 1.207317e+08
 -320.858081 1.205260e+08
 -320.996800 1.203136e+08
 -321.135520 1.200952e+08
 -321.274239 1.198712e+08
 -321.412959 1.196425e+08
 -321.551678 1.194097e+08
 -321.690398 1.191732e+08
 -321.829117 1.189336e+08
 -321.967836 1.186913e+08
 -322.106556 1.184467e+08
 -322.245275 1.181999e+08
 -322.383995 1.179510e+08
 -322.522714 1.177000e+08
 -322.661434 1.174465e+08
 -322.800153 1.171904e+08
 -322.938873 1.169311e+08
 -323.077592 1.166680e+08
 -323.216311 1.164006e+08
 -323.355031 1.161280e+08
 -323.493750 1.158495e+08
 -323.632470 1.155643e+08
 -323.771189 1.152716e+08
 -323.909909 1.149708e+08
 -324.048628 1.146610e+08
 -324.187348 1.143418e+08
 -324.326067 1.140127e+08
 -324.464786 1.136734e+08
 -324.603506 1.133238e+08
 -324.742225 1.129640e+08
 -324.880945 1.125941e+08
 -325.019664 1.122145e+08
 -325.158384 1.118260e+08
 -325.297103 1.114292e+08
 -325.435823 1.110252e+08
 -325.574542 1.106150e+08
 -325.713262 1.101999e+08
 -325.851981 1.097813e+08
 -325.990700 1.093606e+08
 -326.129420 1.089394e+08
 -326.268139 1.085192e+08
 -326.406859 1.081018e+08
 -326.545578 1.076886e+08
 -326.684298 1.072814e+08
 -326.823017 1.068816e+08
 -326.961737 1.064908e+08
 -327.100456 1.061104e+08
 -327.239175 1.057418e+08
 -327.377895 1.053861e+08
 -327.516614 1.050445e+08
 -327.655334 1.047180e+08
 -327.794053 1.044074e+08
 -327.932773 1.041135e+08
 -328.071492 1.038368e+08
 -328.210212 1.035778e+08
 -328.348931 1.033367e+08
 -328.487650 1.031137e+08
 -328.626370 1.029088e+08
 -328.765089 1.027219e+08
 -328.903809 1.025525e+08
 -329.042528 1.024004e+08
 -329.181248 1.022648e+08
 -329.319967 1.021453e+08
 -329.458687 1.020408e+08
 -329.597406 1.019506e+08
 -329.736125 1.018735e+08
 -329.874845 1.018085e+08
 -330.013564 1.017545e+08
 -330.152284 1.017102e+08
 -330.291003 1.016744e+08
 -330.429723 1.016457e+08
 -330.568442 1.016228e+08
 -330.707162 1.016046e+08
 -330.845881 1.015897e+08
 -330.984600 1.015769e+08
 -331.123320 1.015652e+08
 -331.262039 1.015534e+08
 -331.400759 1.015406e+08
 -331.539478 1.015258e+08
 -331.678198 1.015084e+08
 -331.816917 1.014876e+08
 -331.955637 1.014630e+08
 -332.094356 1.014340e+08
 -332.233076 1.014003e+08
 -332.371795 1.013617e+08
 -332.510514 1.013180e+08
 -332.649234 1.012692e+08
 -332.787953 1.012153e+08
 -332.926673 1.011563e+08
 -333.065392 1.010923e+08
 -333.204112 1.010235e+08
 -333.342831 1.009500e+08
 -333.481551 1.008719e+08
 -333.620270 1.007895e+08
 -333.758989 1.007028e+08
 -333.897709 1.006119e+08
 -334.036428 1.005169e+08
 -334.175148 1.004179e+08
 -334.313867 1.003148e+08
 -334.452587 1.002075e+08
 -334.591306 1.000960e+08
 -334.730026 9.998011e+07
 -334.868745 9.985964e+07
 -335.007464 9.973435e+07
 -335.146184 9.960396e+07
 -335.284903 9.946814e+07
 -335.423623 9.932657e+07
 -335.562342 9.917886e+07
 -335.701062 9.902460e+07
 -335.839781 9.886342e+07
 -335.978501 9.869484e+07
 -336.117220 9.851848e+07
 -336.255939 9.833390e+07
 -336.394659 9.814070e+07
 -336.533378 9.793850e+07
 -336.672098 9.772694e+07
 -336.810817 9.750571e+07
 -336.949537 9.727458e+07
 -337.088256 9.703334e+07
 -337.226976 9.678185e+07
 -337.365695 9.652006e+07
 -337.504414 9.624800e+07
 -337.643134 9.596579e+07
 -337.781853 9.567363e+07
 -337.920573 9.537182e+07
 -338.059292 9.506071e+07
 -338.198012 9.474082e+07
 -338.336731 9.441267e+07
 -338.475451 9.407691e+07
 -338.614170 9.373424e+07
 -338.752890 9.338544e+07
 -338.891609 9.303130e+07
 -339.030328 9.267270e+07
 -339.169048 9.231052e+07
 -339.307767 9.194569e+07
 -339.446487 9.157908e+07
 -339.585206 9.121163e+07
 -339.723926 9.084421e+07
 -339.862645 9.047765e+07
 -340.001365 9.011277e+07
 -340.140084 8.975028e+07
 -340.278803 8.939087e+07
 -340.417523 8.903510e+07
 -340.556242 8.868353e+07
 -340.694962 8.833650e+07
 -340.833681 8.799438e+07
 -340.972401 8.765734e+07
 -341.111120 8.732554e+07
 -341.249840 8.699903e+07
 -341.388559 8.667778e+07
 -341.527278 8.636166e+07
 -341.665998 8.605057e+07
 -341.804717 8.574426e+07
 -341.943437 8.544256e+07
 -342.082156 8.514522e+07
 -342.220876 8.485206e+07
 -342.359595 8.456286e+07
 -342.498315 8.427745e+07
 -342.637034 8.399574e+07
 -342.775753 8.371766e+07
 -342.914473 8.344319e+07
 -343.053192 8.317238e+07
 -343.191912 8.290533e+07
 -343.330631 8.264218e+07
 -343.469351 8.238313e+07
 -343.608070 8.212838e+07
 -343.746790 8.187819e+07
 -343.885509 8.163283e+07
 -344.024229 8.139253e+07
 -344.162948 8.115752e+07
 -344.301667 8.092802e+07
 -344.440387 8.070422e+07
 -344.579106 8.048623e+07
 -344.717826 8.027415e+07
 -344.856545 8.006801e+07
 -344.995265 7.986779e+07
 -345.133984 7.967342e+07
 -345.272704 7.948477e+07
 -345.411423 7.930169e+07
 -345.550142 7.912398e+07
 -345.688862 7.895144e+07
 -345.827581 7.878384e+07
 -345.966301 7.862098e+07
 -346.105020 7.846265e+07
 -346.243740 7.830870e+07
 -346.382459 7.815900e+07
 -346.521179 7.801353e+07
 -346.659898 7.787227e+07
 -346.798617 7.773534e+07
 -346.937337 7.760292e+07
 -347.076056 7.747526e+07
 -347.214776 7.735275e+07
 -347.353495 7.723584e+07
 -347.492215 7.712502e+07
 -347.630934 7.702089e+07
 -347.769654 7.692410e+07
 -347.908373 7.683531e+07
 -348.047092 7.675525e+07
 -348.185812 7.668454e+07
 -348.324531 7.662394e+07
 -348.463251 7.657402e+07
 -348.601970 7.653537e+07
 -348.740690 7.650847e+07
 -348.879409 7.649374e+07
 -349.018129 7.649142e+07
 -349.156848 7.650175e+07
 -349.295567 7.652473e+07
 -349.434287 7.656032e+07
 -349.573006 7.660831e+07
 -349.711726 7.666843e+07
 -349.850445 7.674025e+07
 -349.989165 7.682330e+07
 -350.127884 7.691699e+07
 -350.266604 7.702070e+07
 -350.405323 7.713376e+07
 -350.544043 7.725550e+07
 -350.682762 7.738524e+07
 -350.821481 7.752231e+07
 -350.960201 7.766610e+07
 -351.098920 7.781604e+07
 -351.237640 7.797165e+07
 -351.376359 7.813252e+07
 -351.515079 7.829831e+07
 -351.653798 7.846883e+07
 -351.792518 7.864392e+07
 -351.931237 7.882355e+07
 -352.069956 7.900778e+07
 -352.208676 7.919667e+07
 -352.347395 7.939043e+07
 -352.486115 7.958926e+07
 -352.624834 7.979337e+07
 -352.763554 8.000295e+07
 -352.902273 8.021822e+07
 -353.040993 8.043928e+07
 -353.179712 8.066622e+07
 -353.318431 8.089900e+07
 -353.457151 8.113747e+07
 -353.595870 8.138139e+07
 -353.734590 8.163038e+07
 -353.873309 8.188391e+07
 -354.012029 8.214136e+07
 -354.150748 8.240192e+07
 -354.289468 8.266472e+07
 -354.428187 8.292875e+07
 -354.566906 8.319293e+07
 -354.705626 8.345605e+07
 -354.844345 8.371689e+07
 -354.983065 8.397417e+07
 -355.121784 8.422658e+07
 -355.260504 8.447279e+07
 -355.399223 8.471152e+07
 -355.537943 8.494145e+07
 -355.676662 8.516132e+07
 -355.815381 8.536992e+07
 -355.954101 8.556611e+07
 -356.092820 8.574875e+07
 -356.231540 8.591683e+07
 -356.370259 8.606939e+07
 -356.508979 8.620555e+07
 -356.647698 8.632453e+07
 -356.786418 8.642565e+07
 -356.925137 8.650830e+07
 -357.063857 8.657202e+07
 -357.202576 8.661644e+07
 -357.341295 8.664136e+07
 -357.480015 8.664667e+07
 -357.618734 8.663246e+07
 -357.757454 8.659890e+07
 -357.896173 8.654640e+07
 -358.034893 8.647550e+07
 -358.173612 8.638688e+07
 -358.312332 8.628143e+07
 -358.451051 8.616018e+07
 -358.589770 8.602433e+07
 -358.728490 8.587520e+07
 -358.867209 8.571427e+07
 -359.005929 8.554313e+07
 -359.144648 8.536345e+07
 -359.283368 8.517702e+07
 -359.422087 8.498568e+07
 -359.560807 8.479130e+07
 -359.699526 8.459578e+07
 -359.838245 8.440101e+07
 -359.976965 8.420886e+07
 -360.115684 8.402115e+07
 -360.254404 8.383963e+07
 -360.393123 8.366593e+07
 -360.531843 8.350161e+07
 -360.670562 8.334806e+07
 -360.809282 8.320652e+07
 -360.948001 8.307806e+07
 -361.086720 8.296358e+07
 -361.225440 8.286375e+07
 -361.364159 8.277904e+07
 -361.502879 8.270967e+07
 -361.641598 8.265570e+07
 -361.780318 8.261693e+07
 -361.919037 8.259290e+07
 -362.057757 8.258302e+07
 -362.196476 8.258643e+07
 -362.335196 8.260213e+07
 -362.473915 8.262895e+07
 -362.612634 8.266562e+07
 -362.751354 8.271072e+07
 -362.890073 8.276278e+07
 -363.028793 8.282030e+07
 -363.167512 8.288181e+07
 -363.306232 8.294581e+07
 -363.444951 8.301094e+07
 -363.583671 8.307588e+07
 -363.722390 8.313949e+07
 -363.861109 8.320074e+07
 -363.999829 8.325881e+07
 -364.138548 8.331302e+07
 -364.277268 8.336294e+07
 -364.415987 8.340826e+07
 -364.554707 8.344893e+07
 -364.693426 8.348506e+07
 -364.832146 8.351690e+07
 -364.970865 8.354483e+07
 -365.109584 8.356943e+07
 -365.248304 8.359128e+07
 -365.387023 8.361110e+07
 -365.525743 8.362960e+07
 -365.664462 8.364748e+07
 -365.803182 8.366548e+07
 -365.941901 8.368423e+07
 -366.080621 8.370430e+07
 -366.219340 8.372620e+07
 -366.358059 8.375027e+07
 -366.496779 8.377677e+07
 -366.635498 8.380580e+07
 -366.774218 8.383732e+07
 -366.912937 8.387115e+07
 -367.051657 8.390698e+07
 -367.190376 8.394433e+07
 -367.329096 8.398262e+07
 -367.467815 8.402111e+07
 -367.606534 8.405900e+07
 -367.745254 8.409536e+07
 -367.883973 8.412917e+07
 -368.022693 8.415934e+07
 -368.161412 8.418474e+07
 -368.300132 8.420418e+07
 -368.438851 8.421647e+07
 -368.577571 8.422040e+07
 -368.716290 8.421474e+07
 -368.855010 8.419835e+07
 -368.993729 8.417010e+07
 -369.132448 8.412890e+07
 -369.271168 8.407381e+07
 -369.409887 8.400389e+07
 -369.548607 8.391837e+07
 -369.687326 8.381659e+07
 -369.826046 8.369802e+07
 -369.964765 8.356229e+07
 -370.103485 8.340912e+07
 -370.242204 8.323847e+07
 -370.380923 8.305045e+07
 -370.519643 8.284530e+07
 -370.658362 8.262346e+07
 -370.797082 8.238558e+07
 -370.935801 8.213241e+07
 -371.074521 8.186490e+07
 -371.213240 8.158415e+07
 -371.351960 8.129145e+07
 -371.490679 8.098814e+07
 -371.629398 8.067575e+07
 -371.768118 8.035589e+07
 -371.906837 8.003025e+07
 -372.045557 7.970058e+07
 -372.184276 7.936866e+07
 -372.322996 7.903628e+07
 -372.461715 7.870521e+07
 -372.600435 7.837718e+07
 -372.739154 7.805382e+07
 -372.877873 7.773670e+07
 -373.016593 7.742723e+07
 -373.155312 7.712665e+07
 -373.294032 7.683607e+07
 -373.432751 7.655638e+07
 -373.571471 7.628830e+07
 -373.710190 7.603225e+07
 -373.848910 7.578850e+07
 -373.987629 7.555710e+07
 -374.126348 7.533779e+07
 -374.265068 7.513022e+07
 -374.403787 7.493372e+07
 -374.542507 7.474747e+07
 -374.681226 7.457050e+07
 -374.819946 7.440165e+07
 -374.958665 7.423961e+07
 -375.097385 7.408300e+07
 -375.236104 7.393035e+07
 -375.374824 7.378011e+07
 -375.513543 7.363074e+07
 -375.652262 7.348063e+07
 -375.790982 7.332828e+07
 -375.929701 7.317221e+07
 -376.068421 7.301100e+07
 -376.207140 7.284339e+07
 -376.345860 7.266821e+07
 -376.484579 7.248447e+07
 -376.623299 7.229133e+07
 -376.762018 7.208813e+07
 -376.900737 7.187444e+07
 -377.039457 7.165002e+07
 -377.178176 7.141482e+07
 -377.316896 7.116899e+07
 -377.455615 7.091294e+07
 -377.594335 7.064723e+07
 -377.733054 7.037262e+07
 -377.871774 7.009002e+07
 -378.010493 6.980054e+07
 -378.149212 6.950537e+07
 -378.287932 6.920582e+07
 -378.426651 6.890335e+07
 -378.565371 6.859941e+07
 -378.704090 6.829554e+07
 -378.842810 6.799327e+07
 -378.981529 6.769416e+07
 -379.120249 6.739973e+07
 -379.258968 6.711145e+07
 -379.397687 6.683074e+07
 -379.536407 6.655896e+07
 -379.675126 6.629734e+07
 -379.813846 6.604702e+07
 -379.952565 6.580902e+07
 -380.091285 6.558427e+07
 -380.230004 6.537352e+07
 -380.368724 6.517741e+07
 -380.507443 6.499642e+07
 -380.646163 6.483094e+07
 -380.784882 6.468118e+07
 -380.923601 6.454722e+07
 -381.062321 6.442903e+07
 -381.201040 6.432646e+07
 -381.339760 6.423921e+07
 -381.478479 6.416694e+07
 -381.617199 6.410914e+07
 -381.755918 6.406530e+07
 -381.894638 6.403474e+07
 -382.033357 6.401678e+07
 -382.172076 6.401062e+07
 -382.310796 6.401547e+07
 -382.449515 6.403048e+07
 -382.588235 6.405469e+07
 -382.726954 6.408714e+07
 -382.865674 6.412686e+07
 -383.004393 6.417280e+07
 -383.143113 6.422390e+07
 -383.281832 6.427903e+07
 -383.420551 6.433706e+07
 -383.559271 6.439684e+07
 -383.697990 6.445718e+07
 -383.836710 6.451685e+07
 -383.975429 6.457466e+07
 -384.114149 6.462938e+07
 -384.252868 6.467980e+07
 -384.391588 6.472471e+07
 -384.530307 6.476295e+07
 -384.669026 6.479338e+07
 -384.807746 6.481492e+07
 -384.946465 6.482653e+07
 -385.085185 6.482726e+07
 -385.223904 6.481621e+07
 -385.362624 6.479257e+07
 -385.501343 6.475566e+07
 -385.640063 6.470486e+07
 -385.778782 6.463965e+07
 -385.917501 6.455963e+07
 -386.056221 6.446453e+07
 -386.194940 6.435416e+07
 -386.333660 6.422847e+07
 -386.472379 6.408751e+07
 -386.611099 6.393148e+07
 -386.749818 6.376069e+07
 -386.888538 6.357554e+07
 -387.027257 6.337663e+07
 -387.165977 6.316464e+07
 -387.304696 6.294037e+07
 -387.443415 6.270474e+07
 -387.582135 6.245885e+07
 -387.720854 6.220383e+07
 -387.859574 6.194094e+07
 -387.998293 6.167159e+07
 -388.137013 6.139719e+07
 -388.275732 6.111929e+07
 -388.414452 6.083945e+07
 -388.553171 6.055930e+07
 -388.691890 6.028046e+07
 -388.830610 6.000458e+07
 -388.969329 5.973326e+07
 -389.108049 5.946810e+07
 -389.246768 5.921058e+07
 -389.385488 5.896221e+07
 -389.524207 5.872426e+07
 -389.662927 5.849803e+07
 -389.801646 5.828465e+07
 -389.940365 5.808506e+07
 -390.079085 5.790017e+07
 -390.217804 5.773066e+07
 -390.356524 5.757713e+07
 -390.495243 5.743995e+07
 -390.633963 5.731944e+07
 -390.772682 5.721574e+07
 -390.911402 5.712885e+07
 -391.050121 5.705868e+07
 -391.188840 5.700502e+07
 -391.327560 5.696757e+07
 -391.466279 5.694594e+07
 -391.604999 5.693966e+07
 -391.743718 5.694821e+07
 -391.882438 5.697104e+07
 -392.021157 5.700750e+07
 -392.159877 5.705694e+07
 -392.298596 5.711870e+07
 -392.437315 5.719204e+07
 -392.576035 5.727626e+07
 -392.714754 5.737057e+07
 -392.853474 5.747423e+07
 -392.992193 5.758645e+07
 -393.130913 5.770638e+07
 -393.269632 5.783320e+07
 -393.408352 5.796604e+07
 -393.547071 5.810400e+07
 -393.685791 5.824614e+07
 -393.824510 5.839150e+07
 -393.963229 5.853904e+07
 -394.101949 5.868774e+07
 -394.240668 5.883650e+07
 -394.379388 5.898416e+07
 -394.518107 5.912955e+07
 -394.656827 5.927146e+07
 -394.795546 5.940862e+07
 -394.934266 5.953974e+07
 -395.072985 5.966355e+07
 -395.211704 5.977873e+07
 -395.350424 5.988396e+07
 -395.489143 5.997799e+07
 -395.627863 6.005953e+07
 -395.766582 6.012741e+07
 -395.905302 6.018046e+07
 -396.044021 6.021764e+07
 -396.182741 6.023796e+07
 -396.321460 6.024054e+07
 -396.460179 6.022463e+07
 -396.598899 6.018958e+07
 -396.737618 6.013486e+07
 -396.876338 6.006007e+07
 -397.015057 5.996495e+07
 -397.153777 5.984938e+07
 -397.292496 5.971331e+07
 -397.431216 5.955687e+07
 -397.569935 5.938027e+07
 -397.708654 5.918385e+07
 -397.847374 5.896807e+07
 -397.986093 5.873345e+07
 -398.124813 5.848067e+07
 -398.263532 5.821046e+07
 -398.402252 5.792365e+07
 -398.540971 5.762116e+07
 -398.679691 5.730401e+07
 -398.818410 5.697329e+07
 -398.957130 5.663015e+07
 -399.095849 5.627585e+07
 -399.234568 5.591169e+07
 -399.373288 5.553902e+07
 -399.512007 5.515927e+07
 -399.650727 5.477392e+07
 -399.789446 5.438442e+07
 -399.928166 5.399230e+07
 -400.066885 5.359910e+07
 -400.205605 5.320628e+07
 -400.344324 5.281535e+07
 -400.483043 5.242773e+07
 -400.621763 5.204481e+07
 -400.760482 5.166789e+07
 -400.899202 5.129816e+07
 -401.037921 5.093676e+07
 -401.176641 5.058464e+07
 -401.315360 5.024266e+07
 -401.454080 4.991154e+07
 -401.592799 4.959186e+07
 -401.731518 4.928400e+07
 -401.870238 4.898825e+07
 -402.008957 4.870474e+07
 -402.147677 4.843340e+07
 -402.286396 4.817410e+07
 -402.425116 4.792658e+07
 -402.563835 4.769044e+07
 -402.702555 4.746519e+07
 -402.841274 4.725028e+07
 -402.979993 4.704510e+07
 -403.118713 4.684902e+07
 -403.257432 4.666137e+07
 -403.396152 4.648146e+07
 -403.534871 4.630863e+07
 -403.673591 4.614226e+07
 -403.812310 4.598175e+07
 -403.951030 4.582652e+07
 -404.089749 4.567607e+07
 -404.228468 4.552998e+07
 -404.367188 4.538781e+07
 -404.505907 4.524923e+07
 -404.644627 4.511393e+07
 -404.783346 4.498166e+07
 -404.922066 4.485215e+07
 -405.060785 4.472522e+07
 -405.199505 4.460061e+07
 -405.338224 4.447812e+07
 -405.476944 4.435749e+07
 -405.615663 4.423844e+07
 -405.754382 4.412062e+07
 -405.893102 4.400369e+07
 -406.031821 4.388715e+07
 -406.170541 4.377049e+07
 -406.309260 4.365310e+07
 -406.447980 4.353429e+07
 -406.586699 4.341330e+07
 -406.725419 4.328931e+07
 -406.864138 4.316142e+07
 -407.002857 4.302868e+07
 -407.141577 4.289008e+07
 -407.280296 4.274461e+07
 -407.419016 4.259125e+07
 -407.557735 4.242894e+07
 -407.696455 4.225671e+07
 -407.835174 4.207360e+07
 -407.973894 4.187872e+07
 -408.112613 4.167127e+07
 -408.251332 4.145060e+07
 -408.390052 4.121611e+07
 -408.528771 4.096740e+07
 -408.667491 4.070423e+07
 -408.806210 4.042650e+07
 -408.944930 4.013433e+07
 -409.083649 3.982799e+07
 -409.222369 3.950797e+07
 -409.361088 3.917492e+07
 -409.499807 3.882972e+07
 -409.638527 3.847337e+07
 -409.777246 3.810702e+07
 -409.915966 3.773202e+07
 -410.054685 3.734977e+07
 -410.193405 3.696182e+07
 -410.332124 3.656969e+07
 -410.470844 3.617504e+07
 -410.609563 3.577947e+07
 -410.748282 3.538460e+07
 -410.887002 3.499196e+07
 -411.025721 3.460305e+07
 -411.164441 3.421922e+07
 -411.303160 3.384175e+07
 -411.441880 3.347177e+07
 -411.580599 3.311028e+07
 -411.719319 3.275813e+07
 -411.858038 3.241600e+07
 -411.996758 3.208442e+07
 -412.135477 3.176382e+07
 -412.274196 3.145442e+07
 -412.412916 3.115634e+07
 -412.551635 3.086962e+07
 -412.690355 3.059411e+07
 -412.829074 3.032962e+07
 -412.967794 3.007586e+07
 -413.106513 2.983245e+07
 -413.245233 2.959897e+07
 -413.383952 2.937494e+07
 -413.522671 2.915982e+07
 -413.661391 2.895306e+07
 -413.800110 2.875405e+07
 -413.938830 2.856218e+07
 -414.077549 2.837686e+07
 -414.216269 2.819742e+07
 -414.354988 2.802322e+07
 -414.493708 2.785367e+07
 -414.632427 2.768816e+07
 -414.771146 2.752613e+07
 -414.909866 2.736703e+07
 -415.048585 2.721040e+07
 -415.187305 2.705581e+07
 -415.326024 2.690290e+07
 -415.464744 2.675141e+07
 -415.603463 2.660112e+07
 -415.742183 2.645194e+07
 -415.880902 2.630381e+07
 -416.019621 2.615684e+07
 -416.158341 2.601113e+07
 -416.297060 2.586693e+07
 -416.435780 2.572454e+07
 -416.574499 2.558433e+07
 -416.713219 2.544672e+07
 -416.851938 2.531218e+07
 -416.990658 2.518122e+07
 -417.129377 2.505434e+07
 -417.268097 2.493212e+07
 -417.406816 2.481507e+07
 -417.545535 2.470376e+07
 -417.684255 2.459870e+07
 -417.822974 2.450041e+07
 -417.961694 2.440934e+07
 -418.100413 2.432594e+07
 -418.239133 2.425064e+07
 -418.377852 2.418379e+07
 -418.516572 2.412570e+07
 -418.655291 2.407662e+07
 -418.794010 2.403677e+07
 -418.932730 2.400627e+07
 -419.071449 2.398521e+07
 -419.210169 2.397361e+07
 -419.348888 2.397141e+07
 -419.487608 2.397848e+07
 -419.626327 2.399465e+07
 -419.765047 2.401966e+07
 -419.903766 2.405325e+07
 -420.042485 2.409505e+07
 -420.181205 2.414470e+07
 -420.319924 2.420177e+07
 -420.458644 2.426588e+07
 -420.597363 2.433663e+07
 -420.736083 2.441358e+07
 -420.874802 2.449640e+07
 -421.013522 2.458475e+07
 -421.152241 2.467834e+07
 -421.290960 2.477698e+07
 -421.429680 2.488048e+07
 -421.568399 2.498878e+07
 -421.707119 2.510190e+07
 -421.845838 2.521989e+07
 -421.984558 2.534290e+07
 -422.123277 2.547114e+07
 -422.261997 2.560490e+07
 -422.400716 2.574451e+07
 -422.539435 2.589037e+07
 -422.678155 2.604288e+07
 -422.816874 2.620248e+07
 -422.955594 2.636960e+07
 -423.094313 2.654471e+07
 -423.233033 2.672822e+07
 -423.371752 2.692054e+07
 -423.510472 2.712203e+07
 -423.649191 2.733304e+07
 -423.787911 2.755383e+07
 -423.926630 2.778460e+07
 -424.065349 2.802551e+07
 -424.204069 2.827662e+07
 -424.342788 2.853798e+07
 -424.481508 2.880950e+07
 -424.620227 2.909102e+07
 -424.758947 2.938235e+07
 -424.897666 2.968318e+07
 -425.036386 2.999317e+07
 -425.175105 3.031182e+07
 -425.313824 3.063865e+07
 -425.452544 3.097305e+07
 -425.591263 3.131434e+07
 -425.729983 3.166182e+07
 -425.868702 3.201467e+07
 -426.007422 3.237204e+07
 -426.146141 3.273307e+07
 -426.284861 3.309678e+07
 -426.423580 3.346226e+07
 -426.562299 3.382853e+07
 -426.701019 3.419463e+07
 -426.839738 3.455966e+07
 -426.978458 3.492276e+07
 -427.117177 3.528308e+07
 -427.255897 3.563991e+07
 -427.394616 3.599265e+07
 -427.533336 3.634078e+07
 -427.672055 3.668394e+07
 -427.810774 3.702190e+07
 -427.949494 3.735460e+07
 -428.088213 3.768211e+07
 -428.226933 3.800464e+07
 -428.365652 3.832255e+07
 -428.504372 3.863628e+07
 -428.643091 3.894645e+07
 -428.781811 3.925366e+07
 -428.920530 3.955863e+07
 -429.059249 3.986206e+07
 -429.197969 4.016464e+07
 -429.336688 4.046702e+07
 -429.475408 4.076974e+07
 -429.614127 4.107329e+07
 -429.752847 4.137794e+07
 -429.891566 4.168387e+07
 -430.030286 4.199102e+07
 -430.169005 4.229922e+07
 -430.307725 4.260798e+07
 -430.446444 4.291669e+07
 -430.585163 4.322453e+07
 -430.723883 4.353049e+07
 -430.862602 4.383338e+07
 -431.001322 4.413186e+07
 -431.140041 4.442449e+07
 -431.278761 4.470974e+07
 -431.417480 4.498598e+07
 -431.556200 4.525160e+07
 -431.694919 4.550500e+07
 -431.833638 4.574458e+07
 -431.972358 4.596887e+07
 -432.111077 4.617647e+07
 -432.249797 4.636614e+07
 -432.388516 4.653680e+07
 -432.527236 4.668755e+07
 -432.665955 4.681766e+07
 -432.804675 4.692669e+07
 -432.943394 4.701434e+07
 -433.082113 4.708060e+07
 -433.220833 4.712564e+07
 -433.359552 4.714989e+07
 -433.498272 4.715397e+07
 -433.636991 4.713870e+07
 -433.775711 4.710510e+07
 -433.914430 4.705435e+07
 -434.053150 4.698775e+07
 -434.191869 4.690674e+07
 -434.330588 4.681280e+07
 -434.469308 4.670750e+07
 -434.608027 4.659239e+07
 -434.746747 4.646907e+07
 -434.885466 4.633900e+07
 -435.024186 4.620364e+07
 -435.162905 4.606428e+07
 -435.301625 4.592212e+07
 -435.440344 4.577814e+07
 -435.579064 4.563321e+07
 -435.717783 4.548794e+07
 -435.856502 4.534278e+07
 -435.995222 4.519790e+07
 -436.133941 4.505334e+07
 -436.272661 4.490890e+07
 -436.411380 4.476420e+07
 -436.550100 4.461862e+07
 -436.688819 4.447143e+07
 -436.827539 4.432178e+07
 -436.966258 4.416865e+07
 -437.104977 4.401098e+07
 -437.243697 4.384762e+07
 -437.382416 4.367742e+07
 -437.521136 4.349917e+07
 -437.659855 4.331170e+07
 -437.798575 4.311392e+07
 -437.937294 4.290474e+07
 -438.076014 4.268320e+07
 -438.214733 4.244842e+07
 -438.353452 4.219962e+07
 -438.492172 4.193617e+07
 -438.630891 4.165753e+07
 -438.769611 4.136334e+07
 -438.908330 4.105332e+07
 -439.047050 4.072741e+07
 -439.185769 4.038559e+07
 -439.324489 4.002805e+07
 -439.463208 3.965506e+07
 -439.601927 3.926705e+07
 -439.740647 3.886454e+07
 -439.879366 3.844815e+07
 -440.018086 3.801867e+07
 -440.156805 3.757692e+07
 -440.295525 3.712382e+07
 -440.434244 3.666043e+07
 -440.572964 3.618782e+07
 -440.711683 3.570718e+07
 -440.850402 3.521973e+07
 -440.989122 3.472678e+07
 -441.127841 3.422969e+07
 -441.266561 3.372986e+07
 -441.405280 3.322870e+07
 -441.544000 3.272770e+07
 -441.682719 3.222830e+07
 -441.821439 3.173204e+07
 -441.960158 3.124037e+07
 -442.098878 3.075473e+07
 -442.237597 3.027657e+07
 -442.376316 2.980727e+07
 -442.515036 2.934814e+07
 -442.653755 2.890042e+07
 -442.792475 2.846525e+07
 -442.931194 2.804368e+07
 -443.069914 2.763662e+07
 -443.208633 2.724486e+07
 -443.347353 2.686905e+07
 -443.486072 2.650968e+07
 -443.624791 2.616709e+07
 -443.763511 2.584143e+07
 -443.902230 2.553274e+07
 -444.040950 2.524086e+07
 -444.179669 2.496546e+07
 -444.318389 2.470610e+07
 -444.457108 2.446216e+07
 -444.595828 2.423290e+07
 -444.734547 2.401748e+07
 -444.873266 2.381494e+07
 -445.011986 2.362426e+07
 -445.150705 2.344433e+07
 -445.289425 2.327400e+07
 -445.428144 2.311210e+07
 -445.566864 2.295742e+07
 -445.705583 2.280880e+07
 -445.844303 2.266506e+07
 -445.983022 2.252500e+07
 -446.121741 2.238755e+07
 -446.260461 2.225162e+07
 -446.399180 2.211617e+07
 -446.537900 2.198021e+07
 -446.676619 2.184282e+07
 -446.815339 2.170315e+07
 -446.954058 2.156038e+07
 -447.092778 2.141374e+07
 -447.231497 2.126257e+07
 -447.370216 2.110625e+07
 -447.508936 2.094422e+07
 -447.647655 2.077605e+07
 -447.786375 2.060131e+07
 -447.925094 2.041973e+07
 -448.063814 2.023110e+07
 -448.202533 2.003530e+07
 -448.341253 1.983233e+07
 -448.479972 1.962230e+07
 -448.618692 1.940541e+07
 -448.757411 1.918199e+07
 -448.896130 1.895245e+07
 -449.034850 1.871734e+07
 -449.173569 1.847730e+07
 -449.312289 1.823306e+07
 -449.451008 1.798544e+07
 -449.589728 1.773533e+07
 -449.728447 1.748370e+07
 -449.867167 1.723154e+07
 -450.005886 1.697988e+07
 -450.144605 1.672978e+07
 -450.283325 1.648229e+07
 -450.422044 1.623844e+07
 -450.560764 1.599918e+07
 -450.699483 1.576548e+07
 -450.838203 1.553815e+07
 -450.976922 1.531802e+07
 -451.115642 1.510570e+07
 -451.254361 1.490176e+07
 -451.393080 1.470666e+07
 -451.531800 1.452070e+07
 -451.670519 1.434406e+07
 -451.809239 1.417678e+07
 -451.947958 1.401877e+07
 -452.086678 1.386983e+07
 -452.225397 1.372962e+07
 -452.364117 1.359765e+07
 -452.502836 1.347338e+07
 -452.641555 1.335611e+07
 -452.780275 1.324507e+07
 -452.918994 1.313940e+07
 -453.057714 1.303818e+07
 -453.196433 1.294038e+07
 -453.335153 1.284493e+07
 -453.473872 1.275072e+07
 -453.612592 1.265661e+07
 -453.751311 1.256139e+07
 -453.890031 1.246379e+07
 -454.028750 1.236260e+07
 -454.167469 1.225648e+07
 -454.306189 1.214414e+07
 -454.444908 1.202423e+07
 -454.583628 1.189543e+07
 -454.722347 1.175637e+07
 -454.861067 1.160570e+07
 -454.999786 1.144210e+07
 -455.138506 1.126426e+07
 -455.277225 1.107088e+07
 -455.415944 1.086078e+07
 -455.554664 1.063277e+07
 -455.693383 1.038584e+07
 -455.832103 1.011899e+07
 -455.970822 9.831432e+06
 -456.109542 9.522448e+06
 -456.248261 9.191576e+06
 -456.386981 8.838400e+06
 -456.525700 8.462808e+06
 -456.664419 8.064800e+06
 -456.803139 7.644632e+06
 -456.941858 7.202720e+06
 -457.080578 6.739672e+06
 -457.219297 6.256320e+06
 -457.358017 5.753600e+06
 -457.496736 5.232688e+06
 -457.635456 4.694848e+06
 -457.774175 4.141448e+06
 -457.912894 3.573960e+06
 -458.051614 2.993944e+06
 -458.190333 2.402952e+06
 -458.329053 1.802608e+06
 -458.467772 1.194488e+06
 -458.606492 5.801440e+05
 -458.745211 -3.885600e+04
 -458.883931 -6.610720e+05
 -459.022650 -1.285088e+06
 -459.161369 -1.909552e+06
 -459.300089 -2.533192e+06
 -459.438808 -3.154792e+06
 -459.577528 -3.773184e+06
 -459.716247 -4.387296e+06
 -459.854967 -4.996048e+06
 -459.993686 -5.598440e+06
 -460.132406 -6.193440e+06
 -460.271125 -6.780072e+06
 -460.409845 -7.357336e+06
 -460.548564 -7.924216e+06
 -460.687283 -8.479760e+06
 -460.826003 -9.022888e+06
 -460.964722 -9.552600e+06
 -461.103442 -1.006783e+07
 -461.242161 -1.056754e+07
 -461.380881 -1.105063e+07
 -461.519600 -1.151609e+07
 -461.658320 -1.196286e+07
 -461.797039 -1.238995e+07
 -461.935758 -1.279638e+07
 -462.074478 -1.318123e+07
 -462.213197 -1.354369e+07
 -462.351917 -1.388294e+07
 -462.490636 -1.419835e+07
 -462.629356 -1.448930e+07
 -462.768075 -1.475529e+07
 -462.906795 -1.499594e+07
 -463.045514 -1.521098e+07
 -463.184233 -1.540023e+07
 -463.322953 -1.556361e+07
 -463.461672 -1.570112e+07
 -463.600392 -1.581289e+07
 -463.739111 -1.589909e+07
 -463.877831 -1.595997e+07
 -464.016550 -1.599584e+07
 -464.155270 -1.600708e+07
 -464.293989 -1.599406e+07
 -464.432708 -1.595721e+07
 -464.571428 -1.589698e+07
 -464.710147 -1.581382e+07
 -464.848867 -1.570818e+07
 -464.987586 -1.558050e+07
 -465.126306 -1.543121e+07
 -465.265025 -1.526070e+07
 -465.403745 -1.506940e+07
 -465.542464 -1.485764e+07
 -465.681183 -1.462578e+07
 -465.819903 -1.437414e+07
 -465.958622 -1.410303e+07
 -466.097342 -1.381271e+07
 -466.236061 -1.350349e+07
 -466.374781 -1.317562e+07
 -466.513500 -1.282942e+07
 -466.652220 -1.246513e+07
 -466.790939 -1.208310e+07
 -466.929659 -1.168371e+07
 -467.068378 -1.126731e+07
 -467.207097 -1.083438e+07
 -467.345817 -1.038541e+07
 -467.484536 -9.921008e+06
 -467.623256 -9.441832e+06
 -467.761975 -8.948648e+06
 -467.900695 -8.442312e+06
 -468.039414 -7.923792e+06
 -468.178134 -7.394136e+06
 -468.316853 -6.854576e+06
 -468.455572 -6.306400e+06
 -468.594292 -5.751024e+06
 -468.733011 -5.189984e+06
 -468.871731 -4.624936e+06
 -469.010450 -4.057600e+06
 -469.149170 -3.489848e+06
 -469.287889 -2.923592e+06
 -469.426609 -2.360824e+06
 -469.565328 -1.803568e+06
 -469.704047 -1.253912e+06
 -469.842767 -7.139040e+05
 -469.981486 -1.856080e+05
 -470.120206 3.289280e+05
 -470.258925 8.277920e+05
 -470.397645 1.309120e+06
 -470.536364 1.771160e+06
 -470.675084 2.212304e+06
 -470.813803 2.631152e+06
 -470.952522 3.026424e+06
 -471.091242 3.397040e+06
 -471.229961 3.742176e+06
 -471.368681 4.061192e+06
 -471.507400 4.353672e+06
 -471.646120 4.619432e+06
 -471.784839 4.858488e+06
 -471.923559 5.071112e+06
 -472.062278 5.257696e+06
 -472.200998 5.418888e+06
 -472.339717 5.555496e+06
 -472.478436 5.668424e+06
 -472.617156 5.758768e+06
 -472.755875 5.827704e+06
 -472.894595 5.876512e+06
 -473.033314 5.906504e+06
 -473.172034 5.919088e+06
 -473.310753 5.915632e+06
 -473.449473 5.897592e+06
 -473.588192 5.866320e+06
 -473.726911 5.823216e+06
 -473.865631 5.769576e+06
 -474.004350 5.706712e+06
 -474.143070 5.635824e+06
 -474.281789 5.558048e+06
 -474.420509 5.474504e+06
 -474.559228 5.386160e+06
 -474.697948 5.293968e+06
 -474.836667 5.198800e+06
 -474.975386 5.101464e+06
 -475.114106 5.002688e+06
 -475.252825 4.903200e+06
 -475.391545 4.803608e+06
 -475.530264 4.704536e+06
 -475.668984 4.606592e+06
 -475.807703 4.510320e+06
 -475.946423 4.416288e+06
 -476.085142 4.325016e+06
 -476.223861 4.237080e+06
 -476.362581 4.153016e+06
 -476.501300 4.073384e+06
 -476.640020 3.998728e+06
 -476.778739 3.929624e+06
 -476.917459 3.866672e+06
 -477.056178 3.810416e+06
 -477.194898 3.761440e+06
 -477.333617 3.720296e+06
 -477.472336 3.687560e+06
 -477.611056 3.663720e+06
 -477.749775 3.649312e+06
 -477.888495 3.644784e+06
 -478.027214 3.650520e+06
 -478.165934 3.666912e+06
 -478.304653 3.694240e+06
 -478.443373 3.732744e+06
 -478.582092 3.782568e+06
 -478.720812 3.843776e+06
 -478.859531 3.916408e+06
 -478.998250 4.000368e+06
 -479.136970 4.095448e+06
 -479.275689 4.201464e+06
 -479.414409 4.318032e+06
 -479.553128 4.444792e+06
 -479.691848 4.581240e+06
 -479.830567 4.726864e+06
 -479.969287 4.881056e+06
 -480.108006 5.043176e+06
 -480.246725 5.212544e+06
 -480.385445 5.388424e+06
 -480.524164 5.570072e+06
 -480.662884 5.756712e+06
 -480.801603 5.947560e+06
 -480.940323 6.141808e+06
 -481.079042 6.338664e+06
 -481.217762 6.537312e+06
 -481.356481 6.736968e+06
 -481.495200 6.936856e+06
 -481.633920 7.136184e+06
 -481.772639 7.334208e+06
 -481.911359 7.530208e+06
 -482.050078 7.723456e+06
 -482.188798 7.913304e+06
 -482.327517 8.099080e+06
 -482.466237 8.280216e+06
 -482.604956 8.456128e+06
 -482.743675 8.626296e+06
 -482.882395 8.790288e+06
 -483.021114 8.947656e+06
 -483.159834 9.098064e+06
 -483.298553 9.241216e+06
 -483.437273 9.376864e+06
 -483.575992 9.504880e+06
 -483.714712 9.625128e+06
 -483.853431 9.737584e+06
 -483.992150 9.842264e+06
 -484.130870 9.939272e+06
 -484.269589 1.002872e+07
 -484.408309 1.011086e+07
 -484.547028 1.018593e+07
 -484.685748 1.025422e+07
 -484.824467 1.031606e+07
 -484.963187 1.037185e+07
 -485.101906 1.042193e+07
 -485.240626 1.046670e+07
 -485.379345 1.050657e+07
 -485.518064 1.054188e+07
 -485.656784 1.057302e+07
 -485.795503 1.060027e+07
 -485.934223 1.062394e+07
 -486.072942 1.064419e+07
 -486.211662 1.066122e+07
 -486.350381 1.067511e+07
 -486.489101 1.068586e+07
 -486.627820 1.069343e+07
 -486.766539 1.069769e+07
 -486.905259 1.069848e+07
 -487.043978 1.069551e+07
 -487.182698 1.068854e+07
 -487.321417 1.067718e+07
 -487.460137 1.066113e+07
 -487.598856 1.064001e+07
 -487.737576 1.061345e+07
 -487.876295 1.058110e+07
 -488.015014 1.054267e+07
 -488.153734 1.049789e+07
 -488.292453 1.044654e+07
 -488.431173 1.038846e+07
 -488.569892 1.032361e+07
 -488.708612 1.025201e+07
 -488.847331 1.017370e+07
 -488.986051 1.008894e+07
 -489.124770 9.997936e+06
 -489.263489 9.901112e+06
 -489.402209 9.798896e+06
 -489.540928 9.691816e+06
 -489.679648 9.580520e+06
 -489.818367 9.465664e+06
 -489.957087 9.348024e+06
 -490.095806 9.228432e+06
 -490.234526 9.107728e+06
 -490.373245 8.986808e+06
 -490.511965 8.866600e+06
 -490.650684 8.748016e+06
 -490.789403 8.631992e+06
 -490.928123 8.519400e+06
 -491.066842 8.411088e+06
 -491.205562 8.307872e+06
 -491.344281 8.210440e+06
 -491.483001 8.119432e+06
 -491.621720 8.035352e+06
 -491.760440 7.958640e+06
 -491.899159 7.889568e+06
 -492.037878 7.828288e+06
 -492.176598 7.774808e+06
 -492.315317 7.729024e+06
 -492.454037 7.690696e+06
 -492.592756 7.659400e+06
 -492.731476 7.634656e+06
 -492.870195 7.615848e+06
 -493.008915 7.602240e+06
 -493.147634 7.592992e+06
 -493.286353 7.587280e+06
 -493.425073 7.584096e+06
 -493.563792 7.582504e+06
 -493.702512 7.581472e+06
 -493.841231 7.579976e+06
 -493.979951 7.577040e+06
 -494.118670 7.571688e+06
 -494.257390 7.562984e+06
 -494.396109 7.550056e+06
 -494.534828 7.532104e+06
 -494.673548 7.508408e+06
 -494.812267 7.478376e+06
 -494.950987 7.441432e+06
 -495.089706 7.397168e+06
 -495.228426 7.345264e+06
 -495.367145 7.285528e+06
 -495.505865 7.217856e+06
 -495.644584 7.142248e+06
 -495.783303 7.058824e+06
 -495.922023 6.967768e+06
 -496.060742 6.869392e+06
 -496.199462 6.764064e+06
 -496.338181 6.652240e+06
 -496.476901 6.534424e+06
 -496.615620 6.411200e+06
 -496.754340 6.283160e+06
 -496.893059 6.150984e+06
 -497.031779 6.015328e+06
 -497.170498 5.876928e+06
 -497.309217 5.736480e+06
 -497.447937 5.594744e+06
 -497.586656 5.452456e+06
 -497.725376 5.310376e+06
 -497.864095 5.169240e+06
 -498.002815 5.029800e+06
 -498.141534 4.892792e+06
 -498.280254 4.758952e+06
 -498.418973 4.628992e+06
 -498.557692 4.503584e+06
 -498.696412 4.383416e+06
 -498.835131 4.269128e+06
 -498.973851 4.161312e+06
 -499.112570 4.060488e+06
 -499.251290 3.967184e+06
 -499.390009 3.881808e+06
 -499.528729 3.804728e+06
 -499.667448 3.736240e+06
 -499.806167 3.676536e+06
 -499.944887 3.625736e+06
 -500.083606 3.583888e+06
 -500.222326 3.550936e+06
 -500.361045 3.526736e+06
 -500.499765 3.511088e+06
 -500.638484 3.503744e+06
 -500.777204 3.504304e+06
 -500.915923 3.512408e+06
 -501.054642 3.527608e+06
 -501.193362 3.549392e+06
 -501.332081 3.577296e+06
 -501.470801 3.610792e+06
 -501.609520 3.649344e+06
 -501.748240 3.692408e+06
 -501.886959 3.739512e+06
 -502.025679 3.790120e+06
 -502.164398 3.843760e+06
 -502.303118 3.899960e+06
 -502.441837 3.958280e+06
 -502.580556 4.018288e+06
 -502.719276 4.079584e+06
 -502.857995 4.141776e+06
 -502.996715 4.204504e+06
 -503.135434 4.267408e+06
 -503.274154 4.330168e+06
 -503.412873 4.392432e+06
 -503.551593 4.453928e+06
 -503.690312 4.514360e+06
 -503.829031 4.573440e+06
 -503.967751 4.630952e+06
 -504.106470 4.686632e+06
 -504.245190 4.740336e+06
 -504.383909 4.791840e+06
 -504.522629 4.841056e+06
 -504.661348 4.887896e+06
 -504.800068 4.932296e+06
 -504.938787 4.974256e+06
 -505.077506 5.013792e+06
 -505.216226 5.050968e+06
 -505.354945 5.085904e+06
 -505.493665 5.118696e+06
 -505.632384 5.149552e+06
 -505.771104 5.178640e+06
 -505.909823 5.206144e+06
 -506.048543 5.232256e+06
 -506.187262 5.257224e+06
 -506.325981 5.281208e+06
 -506.464701 5.304416e+06
 -506.603420 5.327016e+06
 -506.742140 5.349168e+06
 -506.880859 5.370960e+06
 -507.019579 5.392512e+06
 -507.158298 5.413856e+06
 -507.297018 5.434992e+06
 -507.435737 5.455904e+06
 -507.574456 5.476488e+06
 -507.713176 5.496624e+06
 -507.851895 5.516120e+06
 -507.990615 5.534736e+06
 -508.129334 5.552216e+06
 -508.268054 5.568224e+06
 -508.406773 5.582408e+06
 -508.545493 5.594408e+06
 -508.684212 5.603800e+06
 -508.822932 5.610176e+06
 -508.961651 5.613152e+06
 -509.100370 5.612320e+06
 -509.239090 5.607344e+06
 -509.377809 5.597888e+06
 -509.516529 5.583736e+06
 -509.655248 5.564664e+06
 -509.793968 5.540584e+06
 -509.932687 5.511488e+06
 -510.071407 5.477440e+06
 -510.210126 5.438656e+06
 -510.348845 5.395384e+06
 -510.487565 5.348008e+06
 -510.626284 5.297040e+06
 -510.765004 5.243024e+06
 -510.903723 5.186592e+06
 -511.042443 5.128496e+06
 -511.181162 5.069480e+06
 -511.319882 5.010344e+06
 -511.458601 4.951936e+06
 -511.597320 4.895072e+06
 -511.736040 4.840560e+06
 -511.874759 4.789200e+06
 -512.013479 4.741712e+06
 -512.152198 4.698768e+06
 -512.290918 4.660976e+06
 -512.429637 4.628832e+06
 -512.568357 4.602736e+06
 -512.707076 4.583024e+06
 -512.845795 4.569880e+06
 -512.984515 4.563408e+06
 -513.123234 4.563560e+06
 -513.261954 4.570272e+06
 -513.400673 4.583304e+06
 -513.539393 4.602360e+06
 -513.678112 4.627024e+06
 -513.816832 4.656856e+06
 -513.955551 4.691320e+06
 -514.094270 4.729800e+06
 -514.232990 4.771656e+06
 -514.371709 4.816240e+06
 -514.510429 4.862768e+06
 -514.649148 4.910552e+06
 -514.787868 4.958800e+06
 -514.926587 5.006744e+06
 -515.065307 5.053616e+06
 -515.204026 5.098648e+06
 -515.342746 5.141072e+06
 -515.481465 5.180184e+06
 -515.620184 5.215232e+06
 -515.758904 5.245600e+06
 -515.897623 5.270648e+06
 -516.036343 5.289808e+06
 -516.175062 5.302608e+06
 -516.313782 5.308624e+06
 -516.452501 5.307528e+06
 -516.591221 5.299088e+06
 -516.729940 5.283144e+06
 -516.868659 5.259720e+06
 -517.007379 5.228872e+06
 -517.146098 5.190824e+06
 -517.284818 5.145896e+06
 -517.423537 5.094528e+06
 -517.562257 5.037312e+06
 -517.700976 4.974896e+06
 -517.839696 4.908056e+06
 -517.978415 4.837688e+06
 -518.117134 4.764720e+06
 -518.255854 4.690224e+06
 -518.394573 4.615256e+06
 -518.533293 4.540960e+06
 -518.672012 4.468504e+06
 -518.810732 4.399072e+06
 -518.949451 4.333840e+06
 -519.088171 4.273944e+06
 -519.226890 4.220552e+06
 -519.365609 4.174680e+06
 -519.504329 4.137424e+06
 -519.643048 4.109672e+06
 -519.781768 4.092312e+06
 -519.920487 4.086072e+06
 -520.059207 4.091600e+06
 -520.197926 4.109416e+06
 -520.336646 4.139888e+06
 -520.475365 4.183280e+06
 -520.614085 4.239664e+06
 -520.752804 4.308968e+06
 -520.891523 4.390992e+06
 -521.030243 4.485344e+06
 -521.168962 4.591512e+06
 -521.307682 4.708816e+06
 -521.446401 4.836416e+06
 -521.585121 4.973376e+06
 -521.723840 5.118648e+06
 -521.862560 5.271032e+06
 -522.001279 5.429304e+06
 -522.139998 5.592128e+06
 -522.278718 5.758096e+06
 -522.417437 5.925848e+06
 -522.556157 6.093912e+06
 -522.694876 6.260864e+06
 -522.833596 6.425288e+06
 -522.972315 6.585776e+06
 -523.111035 6.740976e+06
 -523.249754 6.889584e+06
 -523.388473 7.030320e+06
 -523.527193 7.161992e+06
 -523.665912 7.283464e+06
 -523.804632 7.393688e+06
 -523.943351 7.491688e+06
 -524.082071 7.576520e+06
 -524.220790 7.647408e+06
 -524.359510 7.703640e+06
 -524.498229 7.744568e+06
 -524.636948 7.769664e+06
 -524.775668 7.778536e+06
 -524.914387 7.770848e+06
 -525.053107 7.746472e+06
 -525.191826 7.705336e+06
 -525.330546 7.647520e+06
 -525.469265 7.573232e+06
 -525.607985 7.482808e+06
 -525.746704 7.376768e+06
 -525.885423 7.255712e+06
 -526.024143 7.120408e+06
 -526.162862 6.971736e+06
 -526.301582 6.810704e+06
 -526.440301 6.638440e+06
 -526.579021 6.456200e+06
 -526.717740 6.265280e+06
 -526.856460 6.067144e+06
 -526.995179 5.863256e+06
 -527.133899 5.655192e+06
 -527.272618 5.444520e+06
 -527.411337 5.232888e+06
 -527.550057 5.021936e+06
 -527.688776 4.813288e+06
 -527.827496 4.608584e+06
 -527.966215 4.409424e+06
 -528.104935 4.217336e+06
 -528.243654 4.033832e+06
 -528.382374 3.860328e+06
 -528.521093 3.698192e+06
 -528.659812 3.548696e+06
 -528.798532 3.412984e+06
 -528.937251 3.292216e+06
 -529.075971 3.187336e+06
 -529.214690 3.099288e+06
 -529.353410 3.028848e+06
 -529.492129 2.976744e+06
 -529.630849 2.943560e+06
 -529.769568 2.929800e+06
 -529.908287 2.935864e+06
 -530.047007 2.962040e+06
 -530.185726 3.008488e+06
 -530.324446 3.075288e+06
 -530.463165 3.162360e+06
 -530.601885 3.269544e+06
 -530.740604 3.396496e+06
 -530.879324 3.542776e+06
 -531.018043 3.707832e+06
 -531.156762 3.890904e+06
 -531.295482 4.091160e+06
 -531.434201 4.307600e+06
 -531.572921 4.539120e+06
 -531.711640 4.784488e+06
 -531.850360 5.042336e+06
 -531.989079 5.311240e+06
 -532.127799 5.589672e+06
 -532.266518 5.876040e+06
 -532.405237 6.168704e+06
 -532.543957 6.465960e+06
 -532.682676 6.766152e+06
 -532.821396 7.067600e+06
 -532.960115 7.368656e+06
 -533.098835 7.667736e+06
 -533.237554 7.963304e+06
 -533.376274 8.253872e+06
 -533.514993 8.538088e+06
 -533.653713 8.814664e+06
 -533.792432 9.082456e+06
 -533.931151 9.340368e+06
 -534.069871 9.587512e+06
 -534.208590 9.823016e+06
 -534.347310 1.004616e+07
 -534.486029 1.025633e+07
 -534.624749 1.045302e+07
 -534.763468 1.063581e+07
 -534.902188 1.080434e+07
 -535.040907 1.095837e+07
 -535.179626 1.109766e+07
 -535.318346 1.122206e+07
 -535.457065 1.133145e+07
 -535.595785 1.142574e+07
 -535.734504 1.150486e+07
 -535.873224 1.156876e+07
 -536.011943 1.161737e+07
 -536.150663 1.165064e+07
 -536.289382 1.166849e+07
 -536.428101 1.167088e+07
 -536.566821 1.165776e+07
 -536.705540 1.162905e+07
 -536.844260 1.158470e+07
 -536.982979 1.152469e+07
 -537.121699 1.144897e+07
 -537.260418 1.135758e+07
 -537.399138 1.125054e+07
 -537.537857 1.112796e+07
 -537.676576 1.098990e+07
 -537.815296 1.083655e+07
 -537.954015 1.066810e+07
 -538.092735 1.048479e+07
 -538.231454 1.028690e+07
 -538.370174 1.007472e+07
 -538.508893 9.848616e+06
 -538.647613 9.608936e+06
 -538.786332 9.356096e+06
 -538.925052 9.090480e+06
 -539.063771 8.812504e+06
 -539.202490 8.522608e+06
 -539.341210 8.221216e+06
 -539.479929 7.908776e+06
 -539.618649 7.585752e+06
 -539.757368 7.252608e+06
 -539.896088 6.909824e+06
 -540.034807 6.557888e+06
 -540.173527 6.197352e+06
 -540.312246 5.828760e+06
 -540.450965 5.452680e+06
 -540.589685 5.069768e+06
 -540.728404 4.680680e+06
 -540.867124 4.286120e+06
 -541.005843 3.886832e+06
 -541.144563 3.483632e+06
 -541.283282 3.077312e+06
 -541.422002 2.668800e+06
 -541.560721 2.258952e+06
 -541.699440 1.848720e+06
 -541.838160 1.439056e+06
 -541.976879 1.030920e+06
 -542.115599 6.252960e+05
 -542.254318 2.231760e+05
 -542.393038 -1.744800e+05
 -542.531757 -5.667120e+05
 -542.670477 -9.525600e+05
 -542.809196 -1.331088e+06
 -542.947915 -1.701392e+06
 -543.086635 -2.062576e+06
 -543.225354 -2.413776e+06
 -543.364074 -2.754160e+06
 -543.502793 -3.082920e+06
 -543.641513 -3.399264e+06
 -543.780232 -3.702456e+06
 -543.918952 -3.991776e+06
 -544.057671 -4.266560e+06
 -544.196390 -4.526176e+06
 -544.335110 -4.770080e+06
 -544.473829 -4.997752e+06
 -544.612549 -5.208752e+06
 -544.751268 -5.402776e+06
 -544.889988 -5.579528e+06
 -545.028707 -5.738888e+06
 -545.167427 -5.880848e+06
 -545.306146 -6.005504e+06
 -545.444866 -6.113112e+06
 -545.583585 -6.204072e+06
 -545.722304 -6.278928e+06
 -545.861024 -6.338344e+06
 -545.999743 -6.383160e+06
 -546.138463 -6.414344e+06
 -546.277182 -6.433000e+06
 -546.415902 -6.440280e+06
 -546.554621 -6.437512e+06
 -546.693341 -6.426040e+06
 -546.832060 -6.407304e+06
 -546.970779 -6.382696e+06
 -547.109499 -6.353696e+06
 -547.248218 -6.321720e+06
 -547.386938 -6.288152e+06
 -547.525657 -6.254296e+06
 -547.664377 -6.221408e+06
 -547.803096 -6.190592e+06
 -547.941816 -6.162896e+06
 -548.080535 -6.139184e+06
 -548.219254 -6.120216e+06
 -548.357974 -6.106616e+06
 -548.496693 -6.098864e+06
 -548.635413 -6.097336e+06
 -548.774132 -6.102248e+06
 -548.912852 -6.113768e+06
 -549.051571 -6.131936e+06
 -549.190291 -6.156736e+06
 -549.329010 -6.188120e+06
 -549.467729 -6.225992e+06
 -549.606449 -6.270296e+06
 -549.745168 -6.320976e+06
 -549.883888 -6.378024e+06
 -550.022607 -6.441520e+06
 -550.161327 -6.511600e+06
 -550.300046 -6.588488e+06
 -550.438766 -6.672536e+06
 -550.577485 -6.764160e+06
 -550.716204 -6.863904e+06
 -550.854924 -6.972384e+06
 -550.993643 -7.090280e+06
 -551.132363 -7.218352e+06
 -551.271082 -7.357392e+06
 -551.409802 -7.508200e+06
 -551.548521 -7.671592e+06
 -551.687241 -7.848320e+06
 -551.825960 -8.039088e+06
 -551.964680 -8.244552e+06
 -552.103399 -8.465224e+06
 -552.242118 -8.701536e+06
 -552.380838 -8.953704e+06
 -552.519557 -9.221864e+06
 -552.658277 -9.505960e+06
 -552.796996 -9.805752e+06
 -552.935716 -1.012078e+07
 -553.074435 -1.045050e+07
 -553.213155 -1.079405e+07
 -553.351874 -1.115049e+07
 -553.490593 -1.151862e+07
 -553.629313 -1.189712e+07
 -553.768032 -1.228449e+07
 -553.906752 -1.267906e+07
 -554.045471 -1.307906e+07
 -554.184191 -1.348258e+07
 -554.322910 -1.388767e+07
 -554.461630 -1.429226e+07
 -554.600349 -1.469422e+07
 -554.739068 -1.509150e+07
 -554.877788 -1.548198e+07
 -555.016507 -1.586361e+07
 -555.155227 -1.623441e+07
 -555.293946 -1.659253e+07
 -555.432666 -1.693619e+07
 -555.571385 -1.726385e+07
 -555.710105 -1.757405e+07
 -555.848824 -1.786563e+07
 -555.987543 -1.813758e+07
 -556.126263 -1.838911e+07
 -556.264982 -1.861974e+07
 -556.403702 -1.882914e+07
 -556.542421 -1.901730e+07
 -556.681141 -1.918440e+07
 -556.819860 -1.933091e+07
 -556.958580 -1.945747e+07
 -557.097299 -1.956496e+07
 -557.236019 -1.965445e+07
 -557.374738 -1.972718e+07
 -557.513457 -1.978454e+07
 -557.652177 -1.982805e+07
 -557.790896 -1.985934e+07
 -557.929616 -1.988011e+07
 -558.068335 -1.989210e+07
 -558.207055 -1.989701e+07
 -558.345774 -1.989661e+07
 -558.484494 -1.989258e+07
 -558.623213 -1.988653e+07
 -558.761932 -1.987993e+07
 -558.900652 -1.987420e+07
 -559.039371 -1.987054e+07
 -559.178091 -1.987000e+07
 -559.316810 -1.987346e+07
 -559.455530 -1.988160e+07
 -559.594249 -1.989486e+07
 -559.732969 -1.991357e+07
 -559.871688 -1.993774e+07
 -560.010407 -1.996722e+07
 -560.149127 -2.000173e+07
 -560.287846 -2.004073e+07
 -560.426566 -2.008357e+07
 -560.565285 -2.012943e+07
 -560.704005 -2.017737e+07
 -560.842724 -2.022638e+07
 -560.981444 -2.027530e+07
 -561.120163 -2.032295e+07
 -561.258882 -2.036817e+07
 -561.397602 -2.040964e+07
 -561.536321 -2.044620e+07
 -561.675041 -2.047659e+07
 -561.813760 -2.049960e+07
 -561.952480 -2.051412e+07
 -562.091199 -2.051904e+07
 -562.229919 -2.051335e+07
 -562.368638 -2.049609e+07
 -562.507357 -2.046640e+07
 -562.646077 -2.042350e+07
 -562.784796 -2.036674e+07
 -562.923516 -2.029549e+07
 -563.062235 -2.020931e+07
 -563.200955 -2.010782e+07
 -563.339674 -1.999078e+07
 -563.478394 -1.985805e+07
 -563.617113 -1.970959e+07
 -563.755833 -1.954553e+07
 -563.894552 -1.936605e+07
 -564.033271 -1.917150e+07
 -564.171991 -1.896234e+07
 -564.310710 -1.873906e+07
 -564.449430 -1.850238e+07
 -564.588149 -1.825298e+07
 -564.726869 -1.799171e+07
 -564.865588 -1.771944e+07
 -565.004308 -1.743717e+07
 -565.143027 -1.714586e+07
 -565.281746 -1.684658e+07
 -565.420466 -1.654042e+07
 -565.559185 -1.622844e+07
 -565.697905 -1.591174e+07
 -565.836624 -1.559139e+07
 -565.975344 -1.526846e+07
 -566.114063 -1.494399e+07
 -566.252783 -1.461897e+07
 -566.391502 -1.429431e+07
 -566.530221 -1.397091e+07
 -566.668941 -1.364957e+07
 -566.807660 -1.333104e+07
 -566.946380 -1.301597e+07
 -567.085099 -1.270490e+07
 -567.223819 -1.239838e+07
 -567.362538 -1.209675e+07
 -567.501258 -1.180036e+07
 -567.639977 -1.150942e+07
 -567.778696 -1.122411e+07
 -567.917416 -1.094452e+07
 -568.056135 -1.067070e+07
 -568.194855 -1.040264e+07
 -568.333574 -1.014034e+07
 -568.472294 -9.883736e+06
 -568.611013 -9.632800e+06
 -568.749733 -9.387520e+06
 -568.888452 -9.147896e+06
 -569.027171 -8.913968e+06
 -569.165891 -8.685816e+06
 -569.304610 -8.463600e+06
 -569.443330 -8.247472e+06
 -569.582049 -8.037688e+06
 -569.720769 -7.834504e+06
 -569.859488 -7.638256e+06
 -569.998208 -7.449264e+06
 -570.136927 -7.267872e+06
 -570.275647 -7.094440e+06
 -570.414366 -6.929296e+06
 -570.553085 -6.772744e+06
 -570.691805 -6.625056e+06
 -570.830524 -6.486448e+06
 -570.969244 -6.357096e+06
 -571.107963 -6.237096e+06
 -571.246683 -6.126480e+06
 -571.385402 -6.025240e+06
 -571.524122 -5.933272e+06
 -571.662841 -5.850456e+06
 -571.801560 -5.776608e+06
 -571.940280 -5.711504e+06
 -572.078999 -5.654880e+06
 -572.217719 -5.606464e+06
 -572.356438 -5.566024e+06
 -572.495158 -5.533256e+06
 -572.633877 -5.507936e+06
 -572.772597 -5.489808e+06
 -572.911316 -5.478648e+06
 -573.050035 -5.474296e+06
 -573.188755 -5.476568e+06
 -573.327474 -5.485336e+06
 -573.466194 -5.500464e+06
 -573.604913 -5.521864e+06
 -573.743633 -5.549432e+06
 -573.882352 -5.583072e+06
 -574.021072 -5.622696e+06
 -574.159791 -5.668168e+06
 -574.298510 -5.719376e+06
 -574.437230 -5.776128e+06
 -574.575949 -5.838256e+06
 -574.714669 -5.905520e+06
 -574.853388 -5.977648e+06
 -574.992108 -6.054352e+06
 -575.130827 -6.135312e+06
 -575.269547 -6.220144e+06
 -575.408266 -6.308488e+06
 -575.546986 -6.399888e+06
 -575.685705 -6.493976e+06
 -575.824424 -6.590256e+06
 -575.963144 -6.688312e+06
 -576.101863 -6.787696e+06
 -576.240583 -6.887952e+06
 -576.379302 -6.988632e+06
 -576.518022 -7.089264e+06
 -576.656741 -7.189440e+06
 -576.795461 -7.288720e+06
 -576.934180 -7.386664e+06
 -577.072899 -7.482832e+06
 -577.211619 -7.576800e+06
 -577.350338 -7.668160e+06
 -577.489058 -7.756480e+06
 -577.627777 -7.841352e+06
 -577.766497 -7.922376e+06
 -577.905216 -7.999200e+06
 -578.043936 -8.071448e+06
 -578.182655 -8.138832e+06
 -578.321374 -8.201080e+06
 -578.460094 -8.257992e+06
 -578.598813 -8.309440e+06
 -578.737533 -8.355368e+06
 -578.876252 -8.395824e+06
 -579.014972 -8.430912e+06
 -579.153691 -8.460864e+06
 -579.292411 -8.486024e+06
 -579.431130 -8.506792e+06
 -579.569849 -8.523688e+06
 -579.708569 -8.537288e+06
 -579.847288 -8.548240e+06
 -579.986008 -8.557224e+06
 -580.124727 -8.564944e+06
 -580.263447 -8.572128e+06
 -580.402166 -8.579448e+06
 -580.540886 -8.587544e+06
 -580.679605 -8.596976e+06
 -580.818324 -8.608224e+06
 -580.957044 -8.621640e+06
 -581.095763 -8.637480e+06
 -581.234483 -8.655800e+06
 -581.373202 -8.676584e+06
 -581.511922 -8.699624e+06
 -581.650641 -8.724576e+06
 -581.789361 -8.750960e+06
 -581.928080 -8.778184e+06
 -582.066800 -8.805536e+06
 -582.205519 -8.832216e+06
 -582.344238 -8.857416e+06
 -582.482958 -8.880240e+06
 -582.621677 -8.899832e+06
 -582.760397 -8.915320e+06
 -582.899116 -8.925952e+06
 -583.037836 -8.931016e+06
 -583.176555 -8.929936e+06
 -583.315275 -8.922256e+06
 -583.453994 -8.907704e+06
 -583.592713 -8.886088e+06
 -583.731433 -8.857512e+06
 -583.870152 -8.822144e+06
 -584.008872 -8.780360e+06
 -584.147591 -8.732704e+06
 -584.286311 -8.679824e+06
 -584.425030 -8.622544e+06
 -584.563750 -8.561720e+06
 -584.702469 -8.498304e+06
 -584.841188 -8.433336e+06
 -584.979908 -8.367784e+06
 -585.118627 -8.302672e+06
 -585.257347 -8.238952e+06
 -585.396066 -8.177520e+06
 -585.534786 -8.119192e+06
 -585.673505 -8.064664e+06
 -585.812225 -8.014536e+06
 -585.950944 -7.969256e+06
 -586.089663 -7.929192e+06
 -586.228383 -7.894496e+06
 -586.367102 -7.865280e+06
 -586.505822 -7.841448e+06
 -586.644541 -7.822840e+06
 -586.783261 -7.809128e+06
 -586.921980 -7.799944e+06
 -587.060700 -7.794752e+06
 -587.199419 -7.792992e+06
 -587.338138 -7.794000e+06
 -587.476858 -7.797104e+06
 -587.615577 -7.801512e+06
 -587.754297 -7.806504e+06
 -587.893016 -7.811288e+06
 -588.031736 -7.815104e+06
 -588.170455 -7.817192e+06
 -588.309175 -7.816856e+06
 -588.447894 -7.813464e+06
 -588.586614 -7.806400e+06
 -588.725333 -7.795160e+06
 -588.864052 -7.779312e+06
 -589.002772 -7.758552e+06
 -589.141491 -7.732608e+06
 -589.280211 -7.701360e+06
 -589.418930 -7.664760e+06
 -589.557650 -7.622848e+06
 -589.696369 -7.575752e+06
 -589.835089 -7.523680e+06
 -589.973808 -7.466904e+06
 -590.112527 -7.405704e+06
 -590.251247 -7.340424e+06
 -590.389966 -7.271432e+06
 -590.528686 -7.199056e+06
 -590.667405 -7.123640e+06
 -590.806125 -7.045488e+06
 -590.944844 -6.964816e+06
 -591.083564 -6.881848e+06
 -591.222283 -6.796696e+06
 -591.361002 -6.709384e+06
 -591.499722 -6.619848e+06
 -591.638441 -6.527984e+06
 -591.777161 -6.433512e+06
 -591.915880 -6.336096e+06
 -592.054600 -6.235320e+06
 -592.193319 -6.130688e+06
 -592.332039 -6.021576e+06
 -592.470758 -5.907344e+06
 -592.609477 -5.787272e+06
 -592.748197 -5.660592e+06
 -592.886916 -5.526536e+06
 -593.025636 -5.384288e+06
 -593.164355 -5.233096e+06
 -593.303075 -5.072192e+06
 -593.441794 -4.900864e+06
 -593.580514 -4.718488e+06
 -593.719233 -4.524488e+06
 -593.857953 -4.318408e+06
 -593.996672 -4.099896e+06
 -594.135391 -3.868704e+06
 -594.274111 -3.624736e+06
 -594.412830 -3.368032e+06
 -594.551550 -3.098728e+06
 -594.690269 -2.817128e+06
 -594.828989 -2.523664e+06
 -594.967708 -2.218912e+06
 -595.106428 -1.903512e+06
 -595.245147 -1.578296e+06
 -595.383866 -1.244128e+06
 -595.522586 -9.019760e+05
 -595.661305 -5.529040e+05
 -595.800025 -1.980000e+05
 -595.938744 1.615920e+05
 -596.077464 5.247120e+05
 -596.216183 8.901920e+05
 -596.354903 1.256896e+06
 -596.493622 1.623704e+06
 -596.632341 1.989544e+06
 -596.771061 2.353424e+06
 -596.909780 2.714424e+06
 -597.048500 3.071744e+06
 -597.187219 3.424640e+06
 -597.325939 3.772552e+06
 -597.464658 4.114976e+06
 -597.603378 4.451584e+06
 -597.742097 4.782128e+06
 -597.880816 5.106528e+06
 -598.019536 5.424784e+06
 -598.158255 5.737032e+06
 -598.296975 6.043456e+06
 -598.435694 6.344384e+06
 -598.574414 6.640160e+06
 -598.713133 6.931200e+06
 -598.851853 7.217960e+06
 -598.990572 7.500912e+06
 -599.129291 7.780528e+06
 -599.268011 8.057264e+06
 -599.406730 8.331568e+06
 -599.545450 8.603808e+06
 -599.684169 8.874320e+06
 -599.822889 9.143400e+06
 -599.961608 9.411208e+06
 -600.100328 9.677848e+06
 -600.239047 9.943360e+06
 -600.377767 1.020763e+07
 -600.516486 1.047046e+07
 -600.655205 1.073158e+07
 -600.793925 1.099058e+07
 -600.932644 1.124698e+07
 -601.071364 1.150018e+07
 -601.210083 1.174954e+07
 -601.348803 1.199429e+07
 -601.487522 1.223366e+07
 -601.626242 1.246680e+07
 -601.764961 1.269285e+07
 -601.903680 1.291092e+07
 -602.042400 1.312017e+07
 -602.181119 1.331974e+07
 -602.319839 1.350886e+07
 -602.458558 1.368678e+07
 -602.597278 1.385286e+07
 -602.735997 1.400656e+07
 -602.874717 1.414741e+07
 -603.013436 1.427507e+07
 -603.152155 1.438933e+07
 -603.290875 1.449006e+07
 -603.429594 1.457730e+07
 -603.568314 1.465118e+07
 -603.707033 1.471193e+07
 -603.845753 1.475993e+07
 -603.984472 1.479561e+07
 -604.123192 1.481950e+07
 -604.261911 1.483220e+07
 -604.400630 1.483438e+07
 -604.539350 1.482674e+07
 -604.678069 1.481002e+07
 -604.816789 1.478494e+07
 -604.955508 1.475230e+07
 -605.094228 1.471282e+07
 -605.232947 1.466719e+07
 -605.371667 1.461611e+07
 -605.510386 1.456023e+07
 -605.649105 1.450011e+07
 -605.787825 1.443626e+07
 -605.926544 1.436910e+07
 -606.065264 1.429906e+07
 -606.203983 1.422635e+07
 -606.342703 1.415122e+07
 -606.481422 1.407378e+07
 -606.620142 1.399406e+07
 -606.758861 1.391202e+07
 -606.897581 1.382756e+07
 -607.036300 1.374050e+07
 -607.175019 1.365060e+07
 -607.313739 1.355759e+07
 -607.452458 1.346116e+07
 -607.591178 1.336098e+07
 -607.729897 1.325670e+07
 -607.868617 1.314801e+07
 -608.007336 1.303458e+07
 -608.146056 1.291616e+07
 -608.284775 1.279253e+07
 -608.423494 1.266349e+07
 -608.562214 1.252901e+07
 -608.700933 1.238904e+07
 -608.839653 1.224369e+07
 -608.978372 1.209311e+07
 -609.117092 1.193758e+07
 -609.255811 1.177746e+07
 -609.394531 1.161318e+07
 -609.533250 1.144526e+07
 -609.671969 1.127431e+07
 -609.810689 1.110096e+07
 -609.949408 1.092593e+07
 -610.088128 1.074996e+07
 -610.226847 1.057377e+07
 -610.365567 1.039814e+07
 -610.504286 1.022380e+07
 -610.643006 1.005145e+07
 -610.781725 9.881760e+06
 -610.920444 9.715328e+06
 -611.059164 9.552688e+06
 -611.197883 9.394296e+06
 -611.336603 9.240472e+06
 -611.475322 9.091504e+06
 -611.614042 8.947536e+06
 -611.752761 8.808600e+06
 -611.891481 8.674632e+06
 -612.030200 8.545456e+06
 -612.168920 8.420792e+06
 -612.307639 8.300296e+06
 -612.446358 8.183528e+06
 -612.585078 8.069968e+06
 -612.723797 7.959096e+06
 -612.862517 7.850280e+06
 -613.001236 7.742952e+06
 -613.139956 7.636528e+06
 -613.278675 7.530432e+06
 -613.417395 7.424176e+06
 -613.556114 7.317304e+06
 -613.694833 7.209472e+06
 -613.833553 7.100392e+06
 -613.972272 6.989992e+06
 -614.110992 6.878216e+06
 -614.249711 6.765200e+06
 -614.388431 6.651256e+06
 -614.527150 6.536736e+06
 -614.665870 6.422240e+06
 -614.804589 6.308448e+06
 -614.943308 6.196136e+06
 -615.082028 6.086232e+06
 -615.220747 5.979728e+06
 -615.359467 5.877656e+06
 -615.498186 5.781160e+06
 -615.636906 5.691344e+06
 -615.775625 5.609296e+06
 -615.914345 5.536136e+06
 -616.053064 5.472816e+06
 -616.191783 5.420272e+06
 -616.330503 5.379336e+06
 -616.469222 5.350640e+06
 -616.607942 5.334704e+06
 -616.746661 5.331888e+06
 -616.885381 5.342336e+06
 -617.024100 5.366024e+06
 -617.162820 5.402736e+06
 -617.301539 5.452056e+06
 -617.440258 5.513384e+06
 -617.578978 5.585928e+06
 -617.717697 5.668736e+06
 -617.856417 5.760696e+06
 -617.995136 5.860592e+06
 -618.133856 5.967000e+06
 -618.272575 6.078472e+06
 -618.411295 6.193464e+06
 -618.550014 6.310360e+06
 -618.688734 6.427488e+06
 -618.827453 6.543208e+06
 -618.966172 6.655832e+06
 -619.104892 6.763768e+06
 -619.243611 6.865408e+06
 -619.382331 6.959192e+06
 -619.521050 7.043704e+06
 -619.659770 7.117544e+06
 -619.798489 7.179480e+06
 -619.937209 7.228344e+06
 -620.075928 7.263064e+06
 -620.214647 7.282712e+06
 -620.353367 7.286480e+06
 -620.492086 7.273648e+06
 -620.630806 7.243648e+06
 -620.769525 7.196000e+06
 -620.908245 7.130360e+06
 -621.046964 7.046472e+06
 -621.185684 6.944200e+06
 -621.324403 6.823480e+06
 -621.463122 6.684400e+06
 -621.601842 6.527104e+06
 -621.740561 6.351888e+06
 -621.879281 6.159120e+06
 -622.018000 5.949280e+06
 -622.156720 5.722968e+06
 -622.295439 5.480856e+06
 -622.434159 5.223776e+06
 -622.572878 4.952648e+06
 -622.711597 4.668488e+06
 -622.850317 4.372424e+06
 -622.989036 4.065664e+06
 -623.127756 3.749552e+06
 -623.266475 3.425424e+06
 -623.405195 3.094744e+06
 -623.543914 2.759024e+06
 -623.682634 2.419760e+06
 -623.821353 2.078504e+06
 -623.960072 1.736792e+06
 -624.098792 1.396120e+06
 -624.237511 1.057976e+06
 -624.376231 7.237440e+05
 -624.514950 3.947760e+05
 -624.653670 7.230400e+04
 -624.792389 -2.424880e+05
 -624.931109 -5.485760e+05
 -625.069828 -8.450320e+05
 -625.208548 -1.131008e+06
 -625.347267 -1.405776e+06
 -625.485986 -1.668752e+06
 -625.624706 -1.919408e+06
 -625.763425 -2.157320e+06
 -625.902145 -2.382168e+06
 -626.040864 -2.593688e+06
 -626.179584 -2.791680e+06
 -626.318303 -2.976008e+06
 -626.457023 -3.146568e+06
 -626.595742 -3.303304e+06
 -626.734461 -3.446168e+06
 -626.873181 -3.575160e+06
 -627.011900 -3.690288e+06
 -627.150620 -3.791560e+06
 -627.289339 -3.879032e+06
 -627.428059 -3.952760e+06
 -627.566778 -4.012816e+06
 -627.705498 -4.059288e+06
 -627.844217 -4.092304e+06
 -627.982936 -4.112008e+06
 -628.121656 -4.118600e+06
 -628.260375 -4.112328e+06
 -628.399095 -4.093440e+06
 -628.537814 -4.062280e+06
 -628.676534 -4.019192e+06
 -628.815253 -3.964624e+06
 -628.953973 -3.899016e+06
 -629.092692 -3.822920e+06
 -629.231411 -3.736880e+06
 -629.370131 -3.641504e+06
 -629.508850 -3.537440e+06
 -629.647570 -3.425352e+06
 -629.786289 -3.305984e+06
 -629.925009 -3.180048e+06
 -630.063728 -3.048304e+06
 -630.202448 -2.911488e+06
 -630.341167 -2.770408e+06
 -630.479887 -2.625792e+06
 -630.618606 -2.478416e+06
 -630.757325 -2.328976e+06
 -630.896045 -2.178200e+06
 -631.034764 -2.026720e+06
 -631.173484 -1.875136e+06
 -631.312203 -1.724000e+06
 -631.450923 -1.573760e+06
 -631.589642 -1.424776e+06
 -631.728362 -1.277320e+06
 -631.867081 -1.131568e+06
 -632.005800 -9.875200e+05
 -632.144520 -8.451120e+05
 -632.283239 -7.041520e+05
 -632.421959 -5.642640e+05
 -632.560678 -4.249520e+05
 -632.699398 -2.856560e+05
 -632.838117 -1.456400e+05
 -632.976837 -4.064000e+03
 -633.115556 1.399680e+05
 -633.254275 2.874720e+05
 -633.392995 4.394800e+05
 -633.531714 5.970960e+05
 -633.670434 7.614160e+05
 -633.809153 9.335200e+05
 -633.947873 1.114480e+06
 -634.086592 1.305296e+06
 -634.225312 1.506864e+06
 -634.364031 1.720088e+06
 -634.502750 1.945624e+06
 -634.641470 2.184088e+06
 -634.780189 2.435968e+06
 -634.918909 2.701552e+06
 -635.057628 2.981056e+06
 -635.196348 3.274480e+06
 -635.335067 3.581760e+06
 -635.473787 3.902632e+06
 -635.612506 4.236800e+06
 -635.751225 4.583792e+06
 -635.889945 4.943056e+06
 -636.028664 5.314064e+06
 -636.167384 5.696136e+06
 -636.306103 6.088608e+06
 -636.444823 6.490784e+06
 -636.583542 6.902000e+06
 -636.722262 7.321560e+06
 -636.860981 7.748848e+06
 -636.999701 8.183224e+06
 -637.138420 8.624128e+06
 -637.277139 9.071016e+06
 -637.415859 9.523400e+06
 -637.554578 9.980832e+06
 -637.693298 1.044288e+07
 -637.832017 1.090916e+07
 -637.970737 1.137930e+07
 -638.109456 1.185294e+07
 -638.248176 1.232975e+07
 -638.386895 1.280941e+07
 -638.525614 1.329155e+07
 -638.664334 1.377590e+07
 -638.803053 1.426209e+07
 -638.941773 1.474978e+07
 -639.080492 1.523866e+07
 -639.219212 1.572838e+07
 -639.357931 1.621859e+07
 -639.496651 1.670900e+07
 -639.635370 1.719922e+07
 -639.774089 1.768895e+07
 -639.912809 1.817789e+07
 -640.051528 1.866572e+07
 -640.190248 1.915216e+07
 -640.328967 1.963691e+07
 -640.467687 2.011971e+07
 -640.606406 2.060031e+07
 -640.745126 2.107846e+07
 -640.883845 2.155391e+07
 -641.022564 2.202642e+07
 -641.161284 2.249575e+07
 -641.300003 2.296166e+07
 -641.438723 2.342389e+07
 -641.577442 2.388220e+07
 -641.716162 2.433630e+07
 -641.854881 2.478593e+07
 -641.993601 2.523078e+07
 -642.132320 2.567053e+07
 -642.271039 2.610488e+07
 -642.409759 2.653348e+07
 -642.548478 2.695597e+07
 -642.687198 2.737206e+07
 -642.825917 2.778136e+07
 -642.964637 2.818353e+07
 -643.103356 2.857828e+07
 -643.242076 2.896530e+07
 -643.380795 2.934432e+07
 -643.519515 2.971509e+07
 -643.658234 3.007741e+07
 -643.796953 3.043113e+07
 -643.935673 3.077614e+07
 -644.074392 3.111238e+07
 -644.213112 3.143982e+07
 -644.351831 3.175853e+07
 -644.490551 3.206858e+07
 -644.629270 3.237012e+07
 -644.767990 3.266329e+07
 -644.906709 3.294830e+07
 -645.045428 3.322540e+07
 -645.184148 3.349481e+07
 -645.322867 3.375677e+07
 -645.461587 3.401154e+07
 -645.600306 3.425934e+07
 -645.739026 3.450038e+07
 -645.877745 3.473482e+07
 -646.016465 3.496282e+07
 -646.155184 3.518446e+07
 -646.293903 3.539977e+07
 -646.432623 3.560874e+07
 -646.571342 3.581129e+07
 -646.710062 3.600728e+07
 -646.848781 3.619653e+07
 -646.987501 3.637881e+07
 -647.126220 3.655383e+07
 -647.264940 3.672126e+07
 -647.403659 3.688076e+07
 -647.542378 3.703196e+07
 -647.681098 3.717448e+07
 -647.819817 3.730794e+07
 -647.958537 3.743201e+07
 -648.097256 3.754634e+07
 -648.235976 3.765064e+07
 -648.374695 3.774466e+07
 -648.513415 3.782819e+07
 -648.652134 3.790112e+07
 -648.790854 3.796331e+07
 -648.929573 3.801475e+07
 -649.068292 3.805546e+07
 -649.207012 3.808549e+07
 -649.345731 3.810494e+07
 -649.484451 3.811391e+07
 -649.623170 3.811254e+07
 -649.761890 3.810095e+07
 -649.900609 3.807928e+07
 -650.039329 3.804758e+07
 -650.178048 3.800592e+07
 -650.316767 3.795426e+07
 -650.455487 3.789252e+07
 -650.594206 3.782054e+07
 -650.732926 3.773806e+07
 -650.871645 3.764475e+07
 -651.010365 3.754017e+07
 -651.149084 3.742378e+07
 -651.287804 3.729500e+07
 -651.426523 3.715310e+07
 -651.565242 3.699738e+07
 -651.703962 3.682701e+07
 -651.842681 3.664114e+07
 -651.981401 3.643896e+07
 -652.120120 3.621962e+07
 -652.258840 3.598234e+07
 -652.397559 3.572633e+07
 -652.536279 3.545098e+07
 -652.674998 3.515571e+07
 -652.813717 3.484011e+07
 -652.952437 3.450388e+07
 -653.091156 3.414689e+07
 -653.229876 3.376921e+07
 -653.368595 3.337106e+07
 -653.507315 3.295287e+07
 -653.646034 3.251523e+07
 -653.784754 3.205896e+07
 -653.923473 3.158499e+07
 -654.062192 3.109445e+07
 -654.200912 3.058863e+07
 -654.339631 3.006891e+07
 -654.478351 2.953682e+07
 -654.617070 2.899391e+07
 -654.755790 2.844182e+07
 -654.894509 2.788224e+07
 -655.033229 2.731683e+07
 -655.171948 2.674725e+07
 -655.310668 2.617508e+07
 -655.449387 2.560188e+07
 -655.588106 2.502907e+07
 -655.726826 2.445806e+07
 -655.865545 2.389002e+07
 -656.004265 2.332606e+07
 -656.142984 2.276714e+07
 -656.281704 2.221406e+07
 -656.420423 2.166750e+07
 -656.559143 2.112794e+07
 -656.697862 2.059578e+07
 -656.836581 2.007121e+07
 -656.975301 1.955431e+07
 -657.114020 1.904504e+07
 -657.252740 1.854322e+07
 -657.391459 1.804858e+07
 -657.530179 1.756074e+07
 -657.668898 1.707923e+07
 -657.807618 1.660355e+07
 -657.946337 1.613313e+07
 -658.085056 1.566734e+07
 -658.223776 1.520556e+07
 -658.362495 1.474724e+07
 -658.501215 1.429176e+07
 -658.639934 1.383859e+07
 -658.778654 1.338730e+07
 -658.917373 1.293746e+07
 -659.056093 1.248886e+07
 -659.194812 1.204132e+07
 -659.333531 1.159480e+07
 -659.472251 1.114944e+07
 -659.610970 1.070549e+07
 -659.749690 1.026334e+07
 -659.888409 9.823576e+06
 -660.027129 9.386856e+06
 -660.165848 8.954024e+06
 -660.304568 8.525984e+06
 -660.443287 8.103784e+06
 -660.582007 7.688544e+06
 -660.720726 7.281416e+06
 -660.859445 6.883656e+06
 -660.998165 6.496448e+06
 -661.136884 6.121032e+06
 -661.275604 5.758640e+06
 -661.414323 5.410376e+06
 -661.553043 5.077360e+06
 -661.691762 4.760568e+06
 -661.830482 4.460952e+06
 -661.969201 4.179280e+06
 -662.107920 3.916264e+06
 -662.246640 3.672440e+06
 -662.385359 3.448280e+06
 -662.524079 3.244080e+06
 -662.662798 3.060048e+06
 -662.801518 2.896256e+06
 -662.940237 2.752680e+06
 -663.078957 2.629192e+06
 -663.217676 2.525576e+06
 -663.356395 2.441488e+06
 -663.495115 2.376584e+06
 -663.633834 2.330384e+06
 -663.772554 2.302440e+06
 -663.911273 2.292152e+06
 -664.049993 2.298960e+06
 -664.188712 2.322200e+06
 -664.327432 2.361232e+06
 -664.466151 2.415360e+06
 -664.604870 2.483864e+06
 -664.743590 2.565944e+06
 -664.882309 2.660864e+06
 -665.021029 2.767752e+06
 -665.159748 2.885744e+06
 -665.298468 3.013936e+06
 -665.437187 3.151392e+06
 -665.575907 3.297152e+06
 -665.714626 3.450168e+06
 -665.853345 3.609392e+06
 -665.992065 3.773776e+06
 -666.130784 3.942176e+06
 -666.269504 4.113520e+06
 -666.408223 4.286616e+06
 -666.546943 4.460336e+06
 -666.685662 4.633568e+06
 -666.824382 4.805128e+06
 -666.963101 4.973864e+06
 -667.101821 5.138688e+06
 -667.240540 5.298488e+06
 -667.379259 5.452168e+06
 -667.517979 5.598704e+06
 -667.656698 5.737096e+06
 -667.795418 5.866368e+06
 -667.934137 5.985656e+06
 -668.072857 6.094112e+06
 -668.211576 6.190976e+06
 -668.350296 6.275640e+06
 -668.489015 6.347504e+06
 -668.627734 6.406120e+06
 -668.766454 6.451200e+06
 -668.905173 6.482520e+06
 -669.043893 6.500040e+06
 -669.182612 6.503832e+06
 -669.321332 6.494168e+06
 -669.460051 6.471384e+06
 -669.598771 6.436008e+06
 -669.737490 6.388696e+06
 -669.876209 6.330248e+06
 -670.014929 6.261512e+06
 -670.153648 6.183496e+06
 -670.292368 6.097240e+06
 -670.431087 6.003944e+06
 -670.569807 5.904760e+06
 -670.708526 5.800936e+06
 -670.847246 5.693720e+06
 -670.985965 5.584432e+06
 -671.124684 5.474320e+06
 -671.263404 5.364672e+06
 -671.402123 5.256776e+06
 -671.540843 5.151856e+06
 -671.679562 5.051160e+06
 -671.818282 4.955896e+06
 -671.957001 4.867232e+06
 -672.095721 4.786320e+06
 -672.234440 4.714256e+06
 -672.373159 4.652104e+06
 -672.511879 4.600904e+06
 -672.650598 4.561584e+06
 -672.789318 4.535080e+06
 -672.928037 4.522208e+06
 -673.066757 4.523704e+06
 -673.205476 4.540256e+06
 -673.344196 4.572424e+06
 -673.482915 4.620640e+06
 -673.621635 4.685312e+06
 -673.760354 4.766648e+06
 -673.899073 4.864744e+06
 -674.037793 4.979616e+06
 -674.176512 5.111096e+06
 -674.315232 5.258936e+06
 -674.453951 5.422720e+06
 -674.592671 5.601936e+06
 -674.731390 5.795928e+06
 -674.870110 6.003928e+06
 -675.008829 6.225064e+06
 -675.147548 6.458328e+06
 -675.286268 6.702640e+06
 -675.424987 6.956816e+06
 -675.563707 7.219536e+06
 -675.702426 7.489456e+06
 -675.841146 7.765088e+06
 -675.979865 8.044936e+06
 -676.118585 8.327408e+06
 -676.257304 8.610856e+06
 -676.396023 8.893632e+06
 -676.534743 9.174040e+06
 -676.673462 9.450376e+06
 -676.812182 9.720968e+06
 -676.950901 9.984168e+06
 -677.089621 1.023836e+07
 -677.228340 1.048205e+07
 -677.367060 1.071378e+07
 -677.505779 1.093222e+07
 -677.644498 1.113619e+07
 -677.783218 1.132465e+07
 -677.921937 1.149667e+07
 -678.060657 1.165154e+07
 -678.199376 1.178866e+07
 -678.338096 1.190770e+07
 -678.476815 1.200838e+07
 -678.615535 1.209070e+07
 -678.754254 1.215474e+07
 -678.892974 1.220077e+07
 -679.031693 1.222914e+07
 -679.170412 1.224038e+07
 -679.309132 1.223506e+07
 -679.447851 1.221385e+07
 -679.586571 1.217746e+07
 -679.725290 1.212662e+07
 -679.864010 1.206211e+07
 -680.002729 1.198468e+07
 -680.141449 1.189502e+07
 -680.280168 1.179382e+07
 -680.418887 1.168167e+07
 -680.557607 1.155914e+07
 -680.696326 1.142671e+07
 -680.835046 1.128471e+07
 -680.973765 1.113348e+07
 -681.112485 1.097319e+07
 -681.251204 1.080401e+07
 -681.389924 1.062594e+07
 -681.528643 1.043902e+07
 -681.667362 1.024314e+07
 -681.806082 1.003819e+07
 -681.944801 9.824032e+06
 -682.083521 9.600488e+06
 -682.222240 9.367416e+06
 -682.360960 9.124632e+06
 -682.499679 8.872008e+06
 -682.638399 8.609472e+06
 -682.777118 8.336936e+06
 -682.915837 8.054432e+06
 -683.054557 7.761992e+06
 -683.193276 7.459728e+06
 -683.331996 7.147808e+06
 -683.470715 6.826520e+06
 -683.609435 6.496112e+06
 -683.748154 6.156944e+06
 -683.886874 5.809424e+06
 -684.025593 5.453992e+06
 -684.164312 5.091096e+06
 -684.303032 4.721248e+06
 -684.441751 4.344960e+06
 -684.580471 3.962736e+06
 -684.719190 3.575104e+06
 -684.857910 3.182552e+06
 -684.996629 2.785576e+06
 -685.135349 2.384608e+06
 -685.274068 1.980088e+06
 -685.412788 1.572376e+06
 -685.551507 1.161840e+06
 -685.690226 7.487600e+05
 -685.828946 3.333920e+05
 -685.967665 -8.404800e+04
 -686.106385 -5.034160e+05
 -686.245104 -9.245840e+05
 -686.383824 -1.347440e+06
 -686.522543 -1.771896e+06
 -686.661263 -2.197912e+06
 -686.799982 -2.625408e+06
 -686.938701 -3.054328e+06
 -687.077421 -3.484584e+06
 -687.216140 -3.916064e+06
 -687.354860 -4.348592e+06
 -687.493579 -4.781968e+06
 -687.632299 -5.215936e+06
 -687.771018 -5.650168e+06
 -687.909738 -6.084264e+06
 -688.048457 -6.517760e+06
 -688.187176 -6.950168e+06
 -688.325896 -7.380904e+06
 -688.464615 -7.809360e+06
 -688.603335 -8.234864e+06
 -688.742054 -8.656704e+06
 -688.880774 -9.074200e+06
 -689.019493 -9.486616e+06
 -689.158213 -9.893240e+06
 -689.296932 -1.029335e+07
 -689.435651 -1.068630e+07
 -689.574371 -1.107137e+07
 -689.713090 -1.144798e+07
 -689.851810 -1.181552e+07
 -689.990529 -1.217347e+07
 -690.129249 -1.252129e+07
 -690.267968 -1.285854e+07
 -690.406688 -1.318480e+07
 -690.545407 -1.349967e+07
 -690.684126 -1.380283e+07
 -690.822846 -1.409401e+07
 -690.961565 -1.437289e+07
 -691.100285 -1.463929e+07
 -691.239004 -1.489300e+07
 -691.377724 -1.513388e+07
 -691.516443 -1.536178e+07
 -691.655163 -1.557662e+07
 -691.793882 -1.577832e+07
 -691.932602 -1.596686e+07
 -692.071321 -1.614221e+07
 -692.210040 -1.630437e+07
 -692.348760 -1.645335e+07
 -692.487479 -1.658920e+07
 -692.626199 -1.671194e+07
 -692.764918 -1.682160e+07
 -692.903638 -1.691823e+07
 -693.042357 -1.700185e+07
 -693.181077 -1.707249e+07
 -693.319796 -1.713018e+07
 -693.458515 -1.717490e+07
 -693.597235 -1.720665e+07
 -693.735954 -1.722538e+07
 -693.874674 -1.723106e+07
 -694.013393 -1.722366e+07
 -694.152113 -1.720310e+07
 -694.290832 -1.716934e+07
 -694.429552 -1.712231e+07
 -694.568271 -1.706196e+07
 -694.706990 -1.698828e+07
 -694.845710 -1.690126e+07
 -694.984429 -1.680088e+07
 -695.123149 -1.668723e+07
 -695.261868 -1.656040e+07
 -695.400588 -1.642050e+07
 -695.539307 -1.626774e+07
 -695.678027 -1.610237e+07
 -695.816746 -1.592468e+07
 -695.955465 -1.573505e+07
 -696.094185 -1.553391e+07
 -696.232904 -1.532176e+07
 -696.371624 -1.509915e+07
 -696.510343 -1.486674e+07
 -696.649063 -1.462517e+07
 -696.787782 -1.437519e+07
 -696.926502 -1.411759e+07
 -697.065221 -1.385319e+07
 -697.203941 -1.358284e+07
 -697.342660 -1.330742e+07
 -697.481379 -1.302781e+07
 -697.620099 -1.274492e+07
 -697.758818 -1.245959e+07
 -697.897538 -1.217270e+07
 -698.036257 -1.188505e+07
 -698.174977 -1.159745e+07
 -698.313696 -1.131062e+07
 -698.452416 -1.102521e+07
 -698.591135 -1.074182e+07
 -698.729854 -1.046099e+07
 -698.868574 -1.018318e+07
 -699.007293 -9.908720e+06
 -699.146013 -9.637928e+06
 -699.284732 -9.370992e+06
 -699.423452 -9.108040e+06
 -699.562171 -8.849096e+06
 -699.700891 -8.594128e+06
 -699.839610 -8.343008e+06
 -699.978329 -8.095568e+06
 -700.117049 -7.851560e+06
 -700.255768 -7.610696e+06
 -700.394488 -7.372656e+06
 -700.533207 -7.137048e+06
 -700.671927 -6.903512e+06
 -700.810646 -6.671688e+06
 -700.949366 -6.441184e+06
 -701.088085 -6.211696e+06
 -701.226804 -5.982952e+06
 -701.365524 -5.754712e+06
 -701.504243 -5.526880e+06
 -701.642963 -5.299368e+06
 -701.781682 -5.072280e+06
 -701.920402 -4.845768e+06
 -702.059121 -4.620128e+06
 -702.197841 -4.395792e+06
 -702.336560 -4.173264e+06
 -702.475279 -3.953208e+06
 -702.613999 -3.736328e+06
 -702.752718 -3.523464e+06
 -702.891438 -3.315464e+06
 -703.030157 -3.113264e+06
 -703.168877 -2.917760e+06
 -703.307596 -2.729856e+06
 -703.446316 -2.550368e+06
 -703.585035 -2.380072e+06
 -703.723755 -2.219592e+06
 -703.862474 -2.069432e+06
 -704.001193 -1.929928e+06
 -704.139913 -1.801208e+06
 -704.278632 -1.683184e+06
 -704.417352 -1.575568e+06
 -704.556071 -1.477832e+06
 -704.694791 -1.389224e+06
 -704.833510 -1.308784e+06
 -704.972230 -1.235296e+06
 -705.110949 -1.167424e+06
 -705.249668 -1.103632e+06
 -705.388388 -1.042240e+06
 -705.527107 -9.814560e+05
 -705.665827 -9.194480e+05
 -705.804546 -8.543280e+05
 -705.943266 -7.841760e+05
 -706.081985 -7.071600e+05
 -706.220705 -6.214800e+05
 -706.359424 -5.254000e+05
 -706.498143 -4.173600e+05
 -706.636863 -2.959040e+05
 -706.775582 -1.597440e+05
 -706.914302 -7.776000e+03
 -707.053021 1.609280e+05
 -707.191741 3.470800e+05
 -707.330460 5.512320e+05
 -707.469180 7.736880e+05
 -707.607899 1.014552e+06
 -707.746618 1.273800e+06
 -707.885338 1.551128e+06
 -708.024057 1.846112e+06
 -708.162777 2.158136e+06
 -708.301496 2.486424e+06
 -708.440216 2.830040e+06
 -708.578935 3.187920e+06
 -708.717655 3.558872e+06
 -708.856374 3.941616e+06
 -708.995093 4.334728e+06
 -709.133813 4.736728e+06
 -709.272532 5.146112e+06
 -709.411252 5.561248e+06
 -709.549971 5.980576e+06
 -709.688691 6.402472e+06
 -709.827410 6.825296e+06
 -709.966130 7.247512e+06
 -710.104849 7.667592e+06
 -710.243569 8.084088e+06
 -710.382288 8.495648e+06
 -710.521007 8.901000e+06
 -710.659727 9.299008e+06
 -710.798446 9.688656e+06
 -710.937166 1.006907e+07
 -711.075885 1.043954e+07
 -711.214605 1.079944e+07
 -711.353324 1.114835e+07
 -711.492044 1.148598e+07
 -711.630763 1.181214e+07
 -711.769482 1.212678e+07
 -711.908202 1.242998e+07
 -712.046921 1.272190e+07
 -712.185641 1.300279e+07
 -712.324360 1.327294e+07
 -712.463080 1.353271e+07
 -712.601799 1.378247e+07
 -712.740519 1.402263e+07
 -712.879238 1.425355e+07
 -713.017957 1.447562e+07
 -713.156677 1.468917e+07
 -713.295396 1.489449e+07
 -713.434116 1.509184e+07
 -713.572835 1.528142e+07
 -713.711555 1.546338e+07
 -713.850274 1.563778e+07
 -713.988994 1.580463e+07
 -714.127713 1.596391e+07
 -714.266432 1.611550e+07
 -714.405152 1.625922e+07
 -714.543871 1.639486e+07
 -714.682591 1.652210e+07
 -714.821310 1.664058e+07
 -714.960030 1.674993e+07
 -715.098749 1.684962e+07
 -715.237469 1.693917e+07
 -715.376188 1.701795e+07
 -715.514908 1.708536e+07
 -715.653627 1.714070e+07
 -715.792346 1.718320e+07
 -715.931066 1.721213e+07
 -716.069785 1.722664e+07
 -716.208505 1.722587e+07
 -716.347224 1.720898e+07
 -716.485944 1.717507e+07
 -716.624663 1.712326e+07
 -716.763383 1.705270e+07
 -716.902102 1.696251e+07
 -717.040821 1.685195e+07
 -717.179541 1.672026e+07
 -717.318260 1.656680e+07
 -717.456980 1.639101e+07
 -717.595699 1.619243e+07
 -717.734419 1.597075e+07
 -717.873138 1.572576e+07
 -718.011858 1.545743e+07
 -718.150577 1.516588e+07
 -718.289296 1.485136e+07
 -718.428016 1.451430e+07
 -718.566735 1.415527e+07
 -718.705455 1.377503e+07
 -718.844174 1.337442e+07
 -718.982894 1.295446e+07
 -719.121613 1.251626e+07
 -719.260333 1.206103e+07
 -719.399052 1.159007e+07
 -719.537771 1.110471e+07
 -719.676491 1.060636e+07
 -719.815210 1.009642e+07
 -719.953930 9.576304e+06
 -720.092649 9.047416e+06
 -720.231369 8.511136e+06
 -720.370088 7.968768e+06
 -720.508808 7.421584e+06
 -720.647527 6.870784e+06
 -720.786246 6.317544e+06
 -720.924966 5.762888e+06
 -721.063685 5.207824e+06
 -721.202405 4.653264e+06
 -721.341124 4.100024e+06
 -721.479844 3.548896e+06
 -721.618563 3.000552e+06
 -721.757283 2.455600e+06
 -721.896002 1.914616e+06
 -722.034722 1.378032e+06
 -722.173441 8.463040e+05
 -722.312160 3.197440e+05
 -722.450880 -2.013280e+05
 -722.589599 -7.167440e+05
 -722.728319 -1.226344e+06
 -722.867038 -1.730024e+06
 -723.005758 -2.227792e+06
 -723.144477 -2.719704e+06
 -723.283197 -3.205832e+06
 -723.421916 -3.686384e+06
 -723.560635 -4.161552e+06
 -723.699355 -4.631632e+06
 -723.838074 -5.096976e+06
 -723.976794 -5.557904e+06
 -724.115513 -6.014864e+06
 -724.254233 -6.468256e+06
 -724.392952 -6.918552e+06
 -724.531672 -7.366208e+06
 -724.670391 -7.811688e+06
 -724.809110 -8.255448e+06
 -724.947830 -8.697944e+06
 -725.086549 -9.139568e+06
 -725.225269 -9.580680e+06
 -725.363988 -1.002162e+07
 -725.502708 -1.046263e+07
 -725.641427 -1.090387e+07
 -725.780147 -1.134543e+07
 -725.918866 -1.178732e+07
 -726.057585 -1.222943e+07
 -726.196305 -1.267156e+07
 -726.335024 -1.311334e+07
 -726.473744 -1.355437e+07
 -726.612463 -1.399406e+07
 -726.751183 -1.443178e+07
 -726.889902 -1.486674e+07
 -727.028622 -1.529807e+07
 -727.167341 -1.572483e+07
 -727.306060 -1.614602e+07
 -727.444780 -1.656050e+07
 -727.583499 -1.696717e+07
 -727.722219 -1.736482e+07
 -727.860938 -1.775226e+07
 -727.999658 -1.812831e+07
 -728.138377 -1.849171e+07
 -728.277097 -1.884130e+07
 -728.415816 -1.917588e+07
 -728.554536 -1.949433e+07
 -728.693255 -1.979556e+07
 -728.831974 -2.007850e+07
 -728.970694 -2.034218e+07
 -729.109413 -2.058568e+07
 -729.248133 -2.080818e+07
 -729.386852 -2.100889e+07
 -729.525572 -2.118715e+07
 -729.664291 -2.134241e+07
 -729.803011 -2.147418e+07
 -729.941730 -2.158213e+07
 -730.080449 -2.166602e+07
 -730.219169 -2.172578e+07
 -730.357888 -2.176140e+07
 -730.496608 -2.177309e+07
 -730.635327 -2.176113e+07
 -730.774047 -2.172597e+07
 -730.912766 -2.166822e+07
 -731.051486 -2.158857e+07
 -731.190205 -2.148788e+07
 -731.328924 -2.136710e+07
 -731.467644 -2.122726e+07
 -731.606363 -2.106956e+07
 -731.745083 -2.089516e+07
 -731.883802 -2.070535e+07
 -732.022522 -2.050142e+07
 -732.161241 -2.028469e+07
 -732.299961 -2.005646e+07
 -732.438680 -1.981802e+07
 -732.577399 -1.957069e+07
 -732.716119 -1.931562e+07
 -732.854838 -1.905404e+07
 -732.993558 -1.878703e+07
 -733.132277 -1.851569e+07
 -733.270997 -1.824099e+07
 -733.409716 -1.796389e+07
 -733.548436 -1.768528e+07
 -733.687155 -1.740606e+07
 -733.825875 -1.712702e+07
 -733.964594 -1.684898e+07
 -734.103313 -1.657274e+07
 -734.242033 -1.629907e+07
 -734.380752 -1.602880e+07
 -734.519472 -1.576266e+07
 -734.658191 -1.550153e+07
 -734.796911 -1.524618e+07
 -734.935630 -1.499746e+07
 -735.074350 -1.475622e+07
 -735.213069 -1.452330e+07
 -735.351788 -1.429955e+07
 -735.490508 -1.408583e+07
 -735.629227 -1.388296e+07
 -735.767947 -1.369175e+07
 -735.906666 -1.351293e+07
 -736.045386 -1.334726e+07
 -736.184105 -1.319534e+07
 -736.322825 -1.305778e+07
 -736.461544 -1.293504e+07
 -736.600263 -1.282752e+07
 -736.738983 -1.273547e+07
 -736.877702 -1.265906e+07
 -737.016422 -1.259829e+07
 -737.155141 -1.255304e+07
 -737.293861 -1.252304e+07
 -737.432580 -1.250789e+07
 -737.571300 -1.250702e+07
 -737.710019 -1.251972e+07
 -737.848738 -1.254516e+07
 -737.987458 -1.258238e+07
 -738.126177 -1.263028e+07
 -738.264897 -1.268766e+07
 -738.403616 -1.275326e+07
 -738.542336 -1.282569e+07
 -738.681055 -1.290354e+07
 -738.819775 -1.298539e+07
 -738.958494 -1.306978e+07
 -739.097213 -1.315523e+07
 -739.235933 -1.324034e+07
 -739.374652 -1.332370e+07
 -739.513372 -1.340398e+07
 -739.652091 -1.347994e+07
 -739.790811 -1.355038e+07
 -739.929530 -1.361426e+07
 -740.068250 -1.367056e+07
 -740.206969 -1.371843e+07
 -740.345689 -1.375707e+07
 -740.484408 -1.378581e+07
 -740.623127 -1.380407e+07
 -740.761847 -1.381137e+07
 -740.900566 -1.380730e+07
 -741.039286 -1.379154e+07
 -741.178005 -1.376382e+07
 -741.316725 -1.372394e+07
 -741.455444 -1.367172e+07
 -741.594164 -1.360705e+07
 -741.732883 -1.352982e+07
 -741.871602 -1.343997e+07
 -742.010322 -1.333742e+07
 -742.149041 -1.322209e+07
 -742.287761 -1.309397e+07
 -742.426480 -1.295301e+07
 -742.565200 -1.279918e+07
 -742.703919 -1.263246e+07
 -742.842639 -1.245287e+07
 -742.981358 -1.226044e+07
 -743.120077 -1.205523e+07
 -743.258797 -1.183735e+07
 -743.397516 -1.160697e+07
 -743.536236 -1.136427e+07
 -743.674955 -1.110959e+07
 -743.813675 -1.084322e+07
 -743.952394 -1.056562e+07
 -744.091114 -1.027725e+07
 -744.229833 -9.978728e+06
 -744.368552 -9.670672e+06
 -744.507272 -9.353816e+06
 -744.645991 -9.028952e+06
 -744.784711 -8.696920e+06
 -744.923430 -8.358640e+06
 -745.062150 -8.015112e+06
 -745.200869 -7.667336e+06
 -745.339589 -7.316384e+06
 -745.478308 -6.963384e+06
 -745.617027 -6.609456e+06
 -745.755747 -6.255832e+06
 -745.894466 -5.903704e+06
 -746.033186 -5.554336e+06
 -746.171905 -5.209048e+06
 -746.310625 -4.869128e+06
 -746.449344 -4.535976e+06
 -746.588064 -4.210984e+06
 -746.726783 -3.895600e+06
 -746.865503 -3.591288e+06
 -747.004222 -3.299552e+06
 -747.142941 -3.021936e+06
 -747.281661 -2.759976e+06
 -747.420380 -2.515240e+06
 -747.559100 -2.289272e+06
 -747.697819 -2.083632e+06
 -747.836539 -1.899792e+06
 -747.975258 -1.739192e+06
 -748.113978 -1.603216e+06
 -748.252697 -1.493088e+06
 -748.391416 -1.409968e+06
 -748.530136 -1.354792e+06
 -748.668855 -1.328392e+06
 -748.807575 -1.331352e+06
 -748.946294 -1.364048e+06
 -749.085014 -1.426640e+06
 -749.223733 -1.519016e+06
 -749.362453 -1.640792e+06
 -749.501172 -1.791368e+06
 -749.639891 -1.969856e+06
 -749.778611 -2.175112e+06
 -749.917330 -2.405760e+06
 -750.056050 -2.660192e+06
 -750.194769 -2.936616e+06
 -750.333489 -3.233056e+06
 -750.472208 -3.547336e+06
 -750.610928 -3.877264e+06
 -750.749647 -4.220488e+06
 -750.888366 -4.574608e+06
 -751.027086 -4.937240e+06
 -751.165805 -5.306000e+06
 -751.304525 -5.678544e+06
 -751.443244 -6.052576e+06
 -751.581964 -6.425968e+06
 -751.720683 -6.796608e+06
 -751.859403 -7.162608e+06
 -751.998122 -7.522168e+06
 -752.136842 -7.873696e+06
 -752.275561 -8.215696e+06
 -752.414280 -8.546880e+06
 -752.553000 -8.866136e+06
 -752.691719 -9.172488e+06
 -752.830439 -9.465104e+06
 -752.969158 -9.743328e+06
 -753.107878 -1.000662e+07
 -753.246597 -1.025462e+07
 -753.385317 -1.048699e+07
 -753.524036 -1.070358e+07
 -753.662755 -1.090433e+07
 -753.801475 -1.108921e+07
 -753.940194 -1.125830e+07
 -754.078914 -1.141175e+07
 -754.217633 -1.154975e+07
 -754.356353 -1.167254e+07
 -754.495072 -1.178042e+07
 -754.633792 -1.187372e+07
 -754.772511 -1.195282e+07
 -754.911230 -1.201810e+07
 -755.049950 -1.207006e+07
 -755.188669 -1.210920e+07
 -755.327389 -1.213608e+07
 -755.466108 -1.215134e+07
 -755.604828 -1.215566e+07
 -755.743547 -1.214979e+07
 -755.882267 -1.213460e+07
 -756.020986 -1.211098e+07
 -756.159705 -1.207994e+07
 -756.298425 -1.204253e+07
 -756.437144 -1.199986e+07
 -756.575864 -1.195316e+07
 -756.714583 -1.190363e+07
 -756.853303 -1.185254e+07
 -756.992022 -1.180114e+07
 -757.130742 -1.175071e+07
 -757.269461 -1.170248e+07
 -757.408180 -1.165762e+07
 -757.546900 -1.161724e+07
 -757.685619 -1.158235e+07
 -757.824339 -1.155388e+07
 -757.963058 -1.153259e+07
 -758.101778 -1.151914e+07
 -758.240497 -1.151405e+07
 -758.379217 -1.151765e+07
 -758.517936 -1.153016e+07
 -758.656656 -1.155165e+07
 -758.795375 -1.158202e+07
 -758.934094 -1.162104e+07
 -759.072814 -1.166837e+07
 -759.211533 -1.172350e+07
 -759.350253 -1.178586e+07
 -759.488972 -1.185475e+07
 -759.627692 -1.192938e+07
 -759.766411 -1.200892e+07
 -759.905131 -1.209240e+07
 -760.043850 -1.217886e+07
 -760.182569 -1.226726e+07
 -760.321289 -1.235652e+07
 -760.460008 -1.244556e+07
 -760.598728 -1.253329e+07
 -760.737447 -1.261856e+07
 -760.876167 -1.270023e+07
 -761.014886 -1.277722e+07
 -761.153606 -1.284838e+07
 -761.292325 -1.291265e+07
 -761.431044 -1.296894e+07
 -761.569764 -1.301623e+07
 -761.708483 -1.305348e+07
 -761.847203 -1.307970e+07
 -761.985922 -1.309394e+07
 -762.124642 -1.309529e+07
 -762.263361 -1.308286e+07
 -762.402081 -1.305578e+07
 -762.540800 -1.301326e+07
 -762.679519 -1.295450e+07
 -762.818239 -1.287876e+07
 -762.956958 -1.278534e+07
 -763.095678 -1.267359e+07
 -763.234397 -1.254289e+07
 -763.373117 -1.239270e+07
 -763.511836 -1.222249e+07
 -763.650556 -1.203186e+07
 -763.789275 -1.182044e+07
 -763.927994 -1.158800e+07
 -764.066714 -1.133434e+07
 -764.205433 -1.105941e+07
 -764.344153 -1.076325e+07
 -764.482872 -1.044603e+07
 -764.621592 -1.010805e+07
 -764.760311 -9.749744e+06
 -764.899031 -9.371688e+06
 -765.037750 -8.974592e+06
 -765.176470 -8.559288e+06
 -765.315189 -8.126760e+06
 -765.453908 -7.678136e+06
 -765.592628 -7.214600e+06
 -765.731347 -6.737536e+06
 -765.870067 -6.248344e+06
 -766.008786 -5.748504e+06
 -766.147506 -5.239600e+06
 -766.286225 -4.723224e+06
 -766.424945 -4.200976e+06
 -766.563664 -3.674472e+06
 -766.702383 -3.145304e+06
 -766.841103 -2.614992e+06
 -766.979822 -2.085048e+06
 -767.118542 -1.556872e+06
 -767.257261 -1.031792e+06
 -767.395981 -5.110320e+05
 -767.534700 4.224000e+03
 -767.673420 5.129840e+05
 -767.812139 1.014288e+06
 -767.950858 1.507296e+06
 -768.089578 1.991224e+06
 -768.228297 2.465384e+06
 -768.367017 2.929160e+06
 -768.505736 3.381960e+06
 -768.644456 3.823248e+06
 -768.783175 4.252512e+06
 -768.921895 4.669240e+06
 -769.060614 5.072944e+06
 -769.199333 5.463136e+06
 -769.338053 5.839280e+06
 -769.476772 6.200880e+06
 -769.615492 6.547424e+06
 -769.754211 6.878360e+06
 -769.892931 7.193152e+06
 -770.031650 7.491216e+06
 -770.170370 7.772016e+06
 -770.309089 8.035008e+06
 -770.447809 8.279664e+06
 -770.586528 8.505440e+06
 -770.725247 8.711872e+06
 -770.863967 8.898512e+06
 -771.002686 9.064912e+06
 -771.141406 9.210744e+06
 -771.280125 9.335680e+06
 -771.418845 9.439456e+06
 -771.557564 9.521920e+06
 -771.696284 9.582936e+06
 -771.835003 9.622496e+06
 -771.973722 9.640640e+06
 -772.112442 9.637504e+06
 -772.251161 9.613328e+06
 -772.389881 9.568432e+06
 -772.528600 9.503216e+06
 -772.667320 9.418200e+06
 -772.806039 9.313960e+06
 -772.944759 9.191184e+06
 -773.083478 9.050608e+06
 -773.222197 8.893080e+06
 -773.360917 8.719472e+06
 -773.499636 8.530720e+06
 -773.638356 8.327816e+06
 -773.777075 8.111768e+06
 -773.915795 7.883616e+06
 -774.054514 7.644376e+06
 -774.193234 7.395104e+06
 -774.331953 7.136784e+06
 -774.470672 6.870448e+06
 -774.609392 6.597000e+06
 -774.748111 6.317376e+06
 -774.886831 6.032400e+06
 -775.025550 5.742856e+06
 -775.164270 5.449464e+06
 -775.302989 5.152872e+06
 -775.441709 4.853696e+06
 -775.580428 4.552392e+06
 -775.719147 4.249448e+06
 -775.857867 3.945232e+06
 -775.996586 3.640072e+06
 -776.135306 3.334224e+06
 -776.274025 3.027928e+06
 -776.412745 2.721336e+06
 -776.551464 2.414592e+06
 -776.690184 2.107856e+06
 -776.828903 1.801168e+06
 -776.967623 1.494640e+06
 -777.106342 1.188368e+06
 -777.245061 8.823920e+05
 -777.383781 5.768480e+05
 -777.522500 2.718320e+05
 -777.661220 -3.249600e+04
 -777.799939 -3.360000e+05
 -777.938659 -6.384320e+05
 -778.077378 -9.395680e+05
 -778.216098 -1.239072e+06
 -778.354817 -1.536648e+06
 -778.493536 -1.831864e+06
 -778.632256 -2.124288e+06
 -778.770975 -2.413440e+06
 -778.909695 -2.698824e+06
 -779.048414 -2.979856e+06
 -779.187134 -3.255976e+06
 -779.325853 -3.526592e+06
 -779.464573 -3.791072e+06
 -779.603292 -4.048848e+06
 -779.742011 -4.299288e+06
 -779.880731 -4.541840e+06
 -780.019450 -4.775904e+06
 -780.158170 -5.000976e+06
 -780.296889 -5.216536e+06
 -780.435609 -5.422096e+06
 -780.574328 -5.617240e+06
 -780.713048 -5.801512e+06
 -780.851767 -5.974560e+06
 -780.990486 -6.136008e+06
 -781.129206 -6.285520e+06
 -781.267925 -6.422768e+06
 -781.406645 -6.547464e+06
 -781.545364 -6.659304e+06
 -781.684084 -6.758008e+06
 -781.822803 -6.843288e+06
 -781.961523 -6.914904e+06
 -782.100242 -6.972584e+06
 -782.238961 -7.016080e+06
 -782.377681 -7.045160e+06
 -782.516400 -7.059624e+06
 -782.655120 -7.059304e+06
 -782.793839 -7.044040e+06
 -782.932559 -7.013720e+06
 -783.071278 -6.968312e+06
 -783.209998 -6.907784e+06
 -783.348717 -6.832216e+06
 -783.487437 -6.741744e+06
 -783.626156 -6.636584e+06
 -783.764875 -6.517016e+06
 -783.903595 -6.383408e+06
 -784.042314 -6.236256e+06
 -784.181034 -6.076080e+06
 -784.319753 -5.903512e+06
 -784.458473 -5.719296e+06
 -784.597192 -5.524208e+06
 -784.735912 -5.319120e+06
 -784.874631 -5.104952e+06
 -785.013350 -4.882696e+06
 -785.152070 -4.653328e+06
 -785.290789 -4.417928e+06
 -785.429509 -4.177528e+06
 -785.568228 -3.933168e+06
 -785.706948 -3.685856e+06
 -785.845667 -3.436624e+06
 -785.984387 -3.186392e+06
 -786.123106 -2.936032e+06
 -786.261825 -2.686352e+06
 -786.400545 -2.438088e+06
 -786.539264 -2.191872e+06
 -786.677984 -1.948224e+06
 -786.816703 -1.707576e+06
 -786.955423 -1.470288e+06
 -787.094142 -1.236576e+06
 -787.232862 -1.006544e+06
 -787.371581 -7.803120e+05
 -787.510300 -5.578000e+05
 -787.649020 -3.389200e+05
 -787.787739 -1.235520e+05
 -787.926459 8.847200e+04
 -788.065178 2.973760e+05
 -788.203898 5.033040e+05
 -788.342617 7.064320e+05
 -788.481337 9.068560e+05
 -788.620056 1.104648e+06
 -788.758776 1.299744e+06
 -788.897495 1.492056e+06
 -789.036214 1.681376e+06
 -789.174934 1.867352e+06
 -789.313653 2.049592e+06
 -789.452373 2.227568e+06
 -789.591092 2.400640e+06
 -789.729812 2.568080e+06
 -789.868531 2.729144e+06
 -790.007251 2.882976e+06
 -790.145970 3.028720e+06
 -790.284689 3.165472e+06
 -790.423409 3.292352e+06
 -790.562128 3.408512e+06
 -790.700848 3.513152e+06
 -790.839567 3.605512e+06
 -790.978287 3.684968e+06
 -791.117006 3.750960e+06
 -791.255726 3.803048e+06
 -791.394445 3.840928e+06
 -791.533164 3.864368e+06
 -791.671884 3.873336e+06
 -791.810603 3.867936e+06
 -791.949323 3.848336e+06
 -792.088042 3.814888e+06
 -792.226762 3.768032e+06
 -792.365481 3.708376e+06
 -792.504201 3.636576e+06
 -792.642920 3.553440e+06
 -792.781639 3.459824e+06
 -792.920359 3.356696e+06
 -793.059078 3.245072e+06
 -793.197798 3.126064e+06
 -793.336517 3.000816e+06
 -793.475237 2.870512e+06
 -793.613956 2.736384e+06
 -793.752676 2.599664e+06
 -793.891395 2.461616e+06
 -794.030114 2.323472e+06
 -794.168834 2.186488e+06
 -794.307553 2.051864e+06
 -794.446273 1.920744e+06
 -794.584992 1.794256e+06
 -794.723712 1.673400e+06
 -794.862431 1.559128e+06
 -795.001151 1.452232e+06
 -795.139870 1.353448e+06
 -795.278590 1.263312e+06
 -795.417309 1.182272e+06
 -795.556028 1.110560e+06
 -795.694748 1.048320e+06
 -795.833467 9.954240e+05
 -795.972187 9.516480e+05
 -796.110906 9.165920e+05
 -796.249626 8.896560e+05
 -796.388345 8.701120e+05
 -796.527065 8.570560e+05
 -796.665784 8.494720e+05
 -796.804503 8.462240e+05
 -796.943223 8.460320e+05
 -797.081942 8.475520e+05
 -797.220662 8.493600e+05
 -797.359381 8.499920e+05
 -797.498101 8.479200e+05
 -797.636820 8.416480e+05
 -797.775540 8.296320e+05
 -797.914259 8.104080e+05
 -798.052978 7.825360e+05
 -798.191698 7.446720e+05
 -798.330417 6.955440e+05
 -798.469137 6.340000e+05
 -798.607856 5.590320e+05
 -798.746576 4.697680e+05
 -798.885295 3.655200e+05
 -799.024015 2.458240e+05
 -799.162734 1.103440e+05
 -799.301453 -4.097600e+04
 -799.440173 -2.080400e+05
 -799.578892 -3.904560e+05
 -799.717612 -5.876640e+05
 -799.856331 -7.988400e+05
 -799.995051 -1.022960e+06
 -800.133770 -1.258816e+06
 -800.272490 -1.504944e+06
 -800.411209 -1.759792e+06
 -800.549928 -2.021568e+06
 -800.688648 -2.288440e+06
 -800.827367 -2.558376e+06
 -800.966087 -2.829384e+06
 -801.104806 -3.099360e+06
 -801.243526 -3.366248e+06
 -801.382245 -3.627984e+06
 -801.520965 -3.882632e+06
 -801.659684 -4.128312e+06
 -801.798404 -4.363336e+06
 -801.937123 -4.586144e+06
 -802.075842 -4.795384e+06
 -802.214562 -4.989928e+06
 -802.353281 -5.168880e+06
 -802.492001 -5.331584e+06
 -802.630720 -5.477648e+06
 -802.769440 -5.606928e+06
 -802.908159 -5.719480e+06
 -803.046879 -5.815680e+06
 -803.185598 -5.896048e+06
 -803.324317 -5.961320e+06
 -803.463037 -6.012424e+06
 -803.601756 -6.050400e+06
 -803.740476 -6.076432e+06
 -803.879195 -6.091792e+06
 -804.017915 -6.097816e+06
 -804.156634 -6.095872e+06
 -804.295354 -6.087328e+06
 -804.434073 -6.073576e+06
 -804.572792 -6.055952e+06
 -804.711512 -6.035744e+06
 -804.850231 -6.014200e+06
 -804.988951 -5.992464e+06
 -805.127670 -5.971640e+06
 -805.266390 -5.952696e+06
 -805.405109 -5.936536e+06
 -805.543829 -5.923984e+06
 -805.682548 -5.915728e+06
 -805.821267 -5.912384e+06
 -805.959987 -5.914448e+06
 -806.098706 -5.922312e+06
 -806.237426 -5.936288e+06
 -806.376145 -5.956576e+06
 -806.514865 -5.983248e+06
 -806.653584 -6.016296e+06
 -806.792304 -6.055584e+06
 -806.931023 -6.100864e+06
 -807.069743 -6.151776e+06
 -807.208462 -6.207832e+06
 -807.347181 -6.268456e+06
 -807.485901 -6.332944e+06
 -807.624620 -6.400456e+06
 -807.763340 -6.470056e+06
 -807.902059 -6.540744e+06
 -808.040779 -6.611352e+06
 -808.179498 -6.680664e+06
 -808.318218 -6.747368e+06
 -808.456937 -6.810088e+06
 -808.595656 -6.867376e+06
 -808.734376 -6.917768e+06
 -808.873095 -6.959744e+06
 -809.011815 -6.991776e+06
 -809.150534 -7.012336e+06
 -809.289254 -7.019936e+06
 -809.427973 -7.013104e+06
 -809.566693 -6.990456e+06
 -809.705412 -6.950624e+06
 -809.844131 -6.892416e+06
 -809.982851 -6.814704e+06
 -810.121570 -6.716512e+06
 -810.260290 -6.597016e+06
 -810.399009 -6.455544e+06
 -810.537729 -6.291640e+06
 -810.676448 -6.105056e+06
 -810.815168 -5.895720e+06
 -810.953887 -5.663816e+06
 -811.092606 -5.409760e+06
 -811.231326 -5.134192e+06
 -811.370045 -4.838000e+06
 -811.508765 -4.522296e+06
 -811.647484 -4.188400e+06
 -811.786204 -3.837904e+06
 -811.924923 -3.472496e+06
 -812.063643 -3.094088e+06
 -812.202362 -2.704712e+06
 -812.341081 -2.306536e+06
 -812.479801 -1.901744e+06
 -812.618520 -1.492600e+06
 -812.757240 -1.081328e+06
 -812.895959 -6.701680e+05
 -813.034679 -2.612320e+05
 -813.173398 1.434400e+05
 -813.312118 5.419760e+05
 -813.450837 9.326560e+05
 -813.589557 1.313920e+06
 -813.728276 1.684456e+06
 -813.866995 2.043112e+06
 -814.005715 2.388992e+06
 -814.144434 2.721384e+06
 -814.283154 3.039784e+06
 -814.421873 3.343888e+06
 -814.560593 3.633536e+06
 -814.699312 3.908760e+06
 -814.838032 4.169648e+06
 -814.976751 4.416456e+06
 -815.115470 4.649408e+06
 -815.254190 4.868880e+06
 -815.392909 5.075152e+06
 -815.531629 5.268544e+06
 -815.670348 5.449288e+06
 -815.809068 5.617640e+06
 -815.947787 5.773664e+06
 -816.086507 5.917416e+06
 -816.225226 6.048816e+06
 -816.363945 6.167736e+06
 -816.502665 6.273864e+06
 -816.641384 6.366896e+06
 -816.780104 6.446384e+06
 -816.918823 6.511856e+06
 -817.057543 6.562784e+06
 -817.196262 6.598608e+06
 -817.334982 6.618752e+06
 -817.473701 6.622664e+06
 -817.612420 6.609856e+06
 -817.751140 6.579848e+06
 -817.889859 6.532280e+06
 -818.028579 6.466840e+06
 -818.167298 6.383344e+06
 -818.306018 6.281744e+06
 -818.444737 6.162096e+06
 -818.583457 6.024584e+06
 -818.722176 5.869552e+06
 -818.860896 5.697472e+06
 -818.999615 5.508944e+06
 -819.138334 5.304736e+06
 -819.277054 5.085680e+06
 -819.415773 4.852784e+06
 -819.554493 4.607104e+06
 -819.693212 4.349848e+06
 -819.831932 4.082296e+06
 -819.970651 3.805728e+06
 -820.109371 3.521584e+06
 -820.248090 3.231280e+06
 -820.386809 2.936296e+06
 -820.525529 2.638112e+06
 -820.664248 2.338240e+06
 -820.802968 2.038168e+06
 -820.941687 1.739432e+06
 -821.080407 1.443520e+06
 -821.219126 1.151888e+06
 -821.357846 8.660320e+05
 -821.496565 5.873440e+05
 -821.635284 3.172960e+05
 -821.774004 5.720000e+04
 -821.912723 -1.915520e+05
 -822.051443 -4.277120e+05
 -822.190162 -6.499920e+05
 -822.328882 -8.572320e+05
 -822.467601 -1.048288e+06
 -822.606321 -1.222096e+06
 -822.745040 -1.377688e+06
 -822.883759 -1.514184e+06
 -823.022479 -1.630760e+06
 -823.161198 -1.726736e+06
 -823.299918 -1.801560e+06
 -823.438637 -1.854728e+06
 -823.577357 -1.885920e+06
 -823.716076 -1.894936e+06
 -823.854796 -1.881680e+06
 -823.993515 -1.846200e+06
 -824.132234 -1.788664e+06
 -824.270954 -1.709384e+06
 -824.409673 -1.608784e+06
 -824.548393 -1.487408e+06
 -824.687112 -1.345904e+06
 -824.825832 -1.185056e+06
 -824.964551 -1.005720e+06
 -825.103271 -8.088320e+05
 -825.241990 -5.954480e+05
 -825.380710 -3.666640e+05
 -825.519429 -1.236480e+05
 -825.658148 1.323760e+05
 -825.796868 4.001520e+05
 -825.935587 6.783760e+05
 -826.074307 9.657520e+05
 -826.213026 1.260936e+06
 -826.351746 1.562608e+06
 -826.490465 1.869448e+06
 -826.629185 2.180128e+06
 -826.767904 2.493384e+06
 -826.906623 2.807968e+06
 -827.045343 3.122648e+06
 -827.184062 3.436256e+06
 -827.322782 3.747680e+06
 -827.461501 4.055888e+06
 -827.600221 4.359880e+06
 -827.738940 4.658736e+06
 -827.877660 4.951632e+06
 -828.016379 5.237808e+06
 -828.155098 5.516592e+06
 -828.293818 5.787448e+06
 -828.432537 6.049896e+06
 -828.571257 6.303528e+06
 -828.709976 6.548096e+06
 -828.848696 6.783392e+06
 -828.987415 7.009328e+06
 -829.126135 7.225888e+06
 -829.264854 7.433128e+06
 -829.403573 7.631176e+06
 -829.542293 7.820216e+06
 -829.681012 8.000472e+06
 -829.819732 8.172216e+06
 -829.958451 8.335680e+06
 -830.097171 8.491208e+06
 -830.235890 8.639056e+06
 -830.374610 8.779528e+06
 -830.513329 8.912848e+06
 -830.652048 9.039312e+06
 -830.790768 9.159096e+06
 -830.929487 9.272432e+06
 -831.068207 9.379496e+06
 -831.206926 9.480456e+06
 -831.345646 9.575472e+06
 -831.484365 9.664680e+06
 -831.623085 9.748240e+06
 -831.761804 9.826320e+06
 -831.900524 9.899088e+06
 -832.039243 9.966720e+06
 -832.177962 1.002944e+07
 -832.316682 1.008746e+07
 -832.455401 1.014104e+07
 -832.594121 1.019045e+07
 -832.732840 1.023597e+07
 -832.871560 1.027789e+07
 -833.010279 1.031652e+07
 -833.148999 1.035217e+07
 -833.287718 1.038510e+07
 -833.426437 1.041560e+07
 -833.565157 1.044392e+07
 -833.703876 1.047026e+07
 -833.842596 1.049478e+07
 -833.981315 1.051761e+07
 -834.120035 1.053880e+07
 -834.258754 1.055837e+07
 -834.397474 1.057627e+07
 -834.536193 1.059239e+07
 -834.674912 1.060658e+07
 -834.813632 1.061865e+07
 -834.952351 1.062835e+07
 -835.091071 1.063541e+07
 -835.229790 1.063955e+07
 -835.368510 1.064050e+07
 -835.507229 1.063793e+07
 -835.645949 1.063162e+07
 -835.784668 1.062130e+07
 -835.923387 1.060681e+07
 -836.062107 1.058799e+07
 -836.200826 1.056478e+07
 -836.339546 1.053718e+07
 -836.478265 1.050528e+07
 -836.616985 1.046926e+07
 -836.755704 1.042935e+07
 -836.894424 1.038593e+07
 -837.033143 1.033944e+07
 -837.171863 1.029043e+07
 -837.310582 1.023950e+07
 -837.449301 1.018734e+07
 -837.588021 1.013474e+07
 -837.726740 1.008255e+07
 -837.865460 1.003162e+07
 -838.004179 9.982832e+06
 -838.142899 9.937144e+06
 -838.281618 9.895440e+06
 -838.420338 9.858632e+06
 -838.559057 9.827544e+06
 -838.697776 9.802968e+06
 -838.836496 9.785616e+06
 -838.975215 9.776072e+06
 -839.113935 9.774816e+06
 -839.252654 9.782208e+06
 -839.391374 9.798440e+06
 -839.530093 9.823552e+06
 -839.668813 9.857424e+06
 -839.807532 9.899768e+06
 -839.946251 9.950120e+06
 -840.084971 1.000782e+07
 -840.223690 1.007210e+07
 -840.362410 1.014198e+07
 -840.501129 1.021632e+07
 -840.639849 1.029391e+07
 -840.778568 1.037337e+07
 -840.917288 1.045324e+07
 -841.056007 1.053198e+07
 -841.194726 1.060796e+07
 -841.333446 1.067955e+07
 -841.472165 1.074511e+07
 -841.610885 1.080299e+07
 -841.749604 1.085164e+07
 -841.888324 1.088949e+07
 -842.027043 1.091512e+07
 -842.165763 1.092722e+07
 -842.304482 1.092458e+07
 -842.443201 1.090616e+07
 -842.581921 1.087108e+07
 -842.720640 1.081865e+07
 -842.859360 1.074831e+07
 -842.998079 1.065977e+07
 -843.136799 1.055284e+07
 -843.275518 1.042753e+07
 -843.414238 1.028406e+07
 -843.552957 1.012278e+07
 -843.691677 9.944144e+06
 -843.830396 9.748784e+06
 -843.969115 9.537384e+06
 -844.107835 9.310752e+06
 -844.246554 9.069688e+06
 -844.385274 8.815064e+06
 -844.523993 8.547752e+06
 -844.662713 8.268576e+06
 -844.801432 7.978344e+06
 -844.940152 7.677800e+06
 -845.078871 7.367648e+06
 -845.217590 7.048464e+06
 -845.356310 6.720784e+06
 -845.495029 6.385088e+06
 -845.633749 6.041744e+06
 -845.772468 5.691088e+06
 -845.911188 5.333440e+06
 -846.049907 4.969056e+06
 -846.188627 4.598256e+06
 -846.327346 4.221360e+06
 -846.466065 3.838776e+06
 -846.604785 3.450976e+06
 -846.743504 3.058592e+06
 -846.882224 2.662352e+06
 -847.020943 2.263160e+06
 -847.159663 1.862096e+06
 -847.298382 1.460416e+06
 -847.437102 1.059560e+06
 -847.575821 6.611120e+05
 -847.714540 2.668960e+05
 -847.853260 -1.212240e+05
 -847.991979 -5.011840e+05
 -848.130699 -8.708560e+05
 -848.269418 -1.228064e+06
 -848.408138 -1.570592e+06
 -848.546857 -1.896248e+06
 -848.685577 -2.202896e+06
 -848.824296 -2.488480e+06
 -848.963015 -2.751064e+06
 -849.101735 -2.988856e+06
 -849.240454 -3.200272e+06
 -849.379174 -3.383904e+06
 -849.517893 -3.538560e+06
 -849.656613 -3.663320e+06
 -849.795332 -3.757432e+06
 -849.934052 -3.820448e+06
 -850.072771 -3.852112e+06
 -850.211491 -3.852408e+06
 -850.350210 -3.821544e+06
 -850.488929 -3.759920e+06
 -850.627649 -3.668152e+06
 -850.766368 -3.546968e+06
 -850.905088 -3.397336e+06
 -851.043807 -3.220280e+06
 -851.182527 -3.016944e+06
 -851.321246 -2.788640e+06
 -851.459966 -2.536680e+06
 -851.598685 -2.262456e+06
 -851.737404 -1.967424e+06
 -851.876124 -1.653040e+06
 -852.014843 -1.320776e+06
 -852.153563 -9.720880e+05
 -852.292282 -6.084240e+05
 -852.431002 -2.312160e+05
 -852.569721 1.581840e+05
 -852.708441 5.584320e+05
 -852.847160 9.682800e+05
 -852.985879 1.386504e+06
 -853.124599 1.811968e+06
 -853.263318 2.243568e+06
 -853.402038 2.680288e+06
 -853.540757 3.121136e+06
 -853.679477 3.565232e+06
 -853.818196 4.011648e+06
 -853.956916 4.459608e+06
 -854.095635 4.908264e+06
 -854.234354 5.356864e+06
 -854.373074 5.804656e+06
 -854.511793 6.250912e+06
 -854.650513 6.694904e+06
 -854.789232 7.135976e+06
 -854.927952 7.573424e+06
 -855.066671 8.006616e+06
 -855.205391 8.434920e+06
 -855.344110 8.857760e+06
 -855.482830 9.274592e+06
 -855.621549 9.684936e+06
 -855.760268 1.008834e+07
 -855.898988 1.048446e+07
 -856.037707 1.087298e+07
 -856.176427 1.125373e+07
 -856.315146 1.162652e+07
 -856.453866 1.199137e+07
 -856.592585 1.234829e+07
 -856.731305 1.269743e+07
 -856.870024 1.303899e+07
 -857.008743 1.337333e+07
 -857.147463 1.370078e+07
 -857.286182 1.402180e+07
 -857.424902 1.433694e+07
 -857.563621 1.464672e+07
 -857.702341 1.495182e+07
 -857.841060 1.525283e+07
 -857.979780 1.555045e+07
 -858.118499 1.584537e+07
 -858.257218 1.613829e+07
 -858.395938 1.642984e+07
 -858.534657 1.672073e+07
 -858.673377 1.701156e+07
 -858.812096 1.730290e+07
 -858.950816 1.759529e+07
 -859.089535 1.788919e+07
 -859.228255 1.818499e+07
 -859.366974 1.848300e+07
 -859.505693 1.878341e+07
 -859.644413 1.908639e+07
 -859.783132 1.939191e+07
 -859.921852 1.969992e+07
 -860.060571 2.001023e+07
 -860.199291 2.032254e+07
 -860.338010 2.063642e+07
 -860.476730 2.095138e+07
 -860.615449 2.126678e+07
 -860.754168 2.158192e+07
 -860.892888 2.189597e+07
 -861.031607 2.220802e+07
 -861.170327 2.251710e+07
 -861.309046 2.282214e+07
 -861.447766 2.312204e+07
 -861.586485 2.341561e+07
 -861.725205 2.370165e+07
 -861.863924 2.397894e+07
 -862.002644 2.424626e+07
 -862.141363 2.450234e+07
 -862.280082 2.474597e+07
 -862.418802 2.497595e+07
 -862.557521 2.519114e+07
 -862.696241 2.539045e+07
 -862.834960 2.557282e+07
 -862.973680 2.573731e+07
 -863.112399 2.588305e+07
 -863.251119 2.600926e+07
 -863.389838 2.611526e+07
 -863.528557 2.620048e+07
 -863.667277 2.626448e+07
 -863.805996 2.630691e+07
 -863.944716 2.632756e+07
 -864.083435 2.632634e+07
 -864.222155 2.630325e+07
 -864.360874 2.625845e+07
 -864.499594 2.619219e+07
 -864.638313 2.610482e+07
 -864.777032 2.599686e+07
 -864.915752 2.586886e+07
 -865.054471 2.572149e+07
 -865.193191 2.555549e+07
 -865.331910 2.537168e+07
 -865.470630 2.517099e+07
 -865.609349 2.495436e+07
 -865.748069 2.472278e+07
 -865.886788 2.447734e+07
 -866.025507 2.421906e+07
 -866.164227 2.394909e+07
 -866.302946 2.366853e+07
 -866.441666 2.337849e+07
 -866.580385 2.308011e+07
 -866.719105 2.277451e+07
 -866.857824 2.246274e+07
 -866.996544 2.214591e+07
 -867.135263 2.182506e+07
 -867.273982 2.150114e+07
 -867.412702 2.117514e+07
 -867.551421 2.084790e+07
 -867.690141 2.052029e+07
 -867.828860 2.019299e+07
 -867.967580 1.986672e+07
 -868.106299 1.954199e+07
 -868.245019 1.921929e+07
 -868.383738 1.889897e+07
 -868.522458 1.858124e+07
 -868.661177 1.826624e+07
 -868.799896 1.795396e+07
 -868.938616 1.764430e+07
 -869.077335 1.733702e+07
 -869.216055 1.703180e+07
 -869.354774 1.672822e+07
 -869.493494 1.642576e+07
 -869.632213 1.612386e+07
 -869.770933 1.582191e+07
 -869.909652 1.551926e+07
 -870.048371 1.521527e+07
 -870.187091 1.490930e+07
 -870.325810 1.460073e+07
 -870.464530 1.428900e+07
 -870.603249 1.397363e+07
 -870.741969 1.365420e+07
 -870.880688 1.333038e+07
 -871.019408 1.300196e+07
 -871.158127 1.266881e+07
 -871.296846 1.233092e+07
 -871.435566 1.198841e+07
 -871.574285 1.164144e+07
 -871.713005 1.129032e+07
 -871.851724 1.093542e+07
 -871.990444 1.057718e+07
 -872.129163 1.021610e+07
 -872.267883 9.852728e+06
 -872.406602 9.487640e+06
 -872.545321 9.121400e+06
 -872.684041 8.754608e+06
 -872.822760 8.387808e+06
 -872.961480 8.021528e+06
 -873.100199 7.656280e+06
 -873.238919 7.292480e+06
 -873.377638 6.930520e+06
 -873.516358 6.570712e+06
 -873.655077 6.213344e+06
 -873.793797 5.858600e+06
 -873.932516 5.506608e+06
 -874.071235 5.157496e+06
 -874.209955 4.811264e+06
 -874.348674 4.467928e+06
 -874.487394 4.127408e+06
 -874.626113 3.789640e+06
 -874.764833 3.454496e+06
 -874.903552 3.121824e+06
 -875.042272 2.791496e+06
 -875.180991 2.463320e+06
 -875.319710 2.137120e+06
 -875.458430 1.812736e+06
 -875.597149 1.490000e+06
 -875.735869 1.168752e+06
 -875.874588 8.488800e+05
 -876.013308 5.303200e+05
 -876.152027 2.130000e+05
 -876.290747 -1.030480e+05
 -876.429466 -4.177440e+05
 -876.568185 -7.309360e+05
 -876.706905 -1.042424e+06
 -876.845624 -1.351872e+06
 -876.984344 -1.658904e+06
 -877.123063 -1.963008e+06
 -877.261783 -2.263624e+06
 -877.400502 -2.560088e+06
 -877.539222 -2.851616e+06
 -877.677941 -3.137400e+06
 -877.816660 -3.416520e+06
 -877.955380 -3.687976e+06
 -878.094099 -3.950768e+06
 -878.232819 -4.203768e+06
 -878.371538 -4.445864e+06
 -878.510258 -4.675928e+06
 -878.648977 -4.892744e+06
 -878.787697 -5.095184e+06
 -878.926416 -5.282056e+06
 -879.065135 -5.452256e+06
 -879.203855 -5.604664e+06
 -879.342574 -5.738256e+06
 -879.481294 -5.852016e+06
 -879.620013 -5.945064e+06
 -879.758733 -6.016576e+06
 -879.897452 -6.065800e+06
 -880.036172 -6.092136e+06
 -880.174891 -6.095104e+06
 -880.313611 -6.074304e+06
 -880.452330 -6.029504e+06
 -880.591049 -5.960576e+06
 -880.729769 -5.867568e+06
 -880.868488 -5.750600e+06
 -881.007208 -5.609976e+06
 -881.145927 -5.446104e+06
 -881.284647 -5.259504e+06
 -881.423366 -5.050816e+06
 -881.562086 -4.820824e+06
 -881.700805 -4.570312e+06
 -881.839524 -4.300192e+06
 -881.978244 -4.011480e+06
 -882.116963 -3.705216e+06
 -882.255683 -3.382464e+06
 -882.394402 -3.044360e+06
 -882.533122 -2.692040e+06
 -882.671841 -2.326680e+06
 -882.810561 -1.949456e+06
 -882.949280 -1.561552e+06
 -883.087999 -1.164152e+06
 -883.226719 -7.584000e+05
 -883.365438 -3.454960e+05
 -883.504158 7.339200e+04
 -883.642877 4.971440e+05
 -883.781597 9.246080e+05
 -883.920316 1.354656e+06
 -884.059036 1.786168e+06
 -884.197755 2.218040e+06
 -884.336474 2.649200e+06
 -884.475194 3.078536e+06
 -884.613913 3.505024e+06
 -884.752633 3.927640e+06
 -884.891352 4.345344e+06
 -885.030072 4.757168e+06
 -885.168791 5.162192e+06
 -885.307511 5.559464e+06
 -885.446230 5.948200e+06
 -885.584949 6.327560e+06
 -885.723669 6.696872e+06
 -885.862388 7.055456e+06
 -886.001108 7.402792e+06
 -886.139827 7.738416e+06
 -886.278547 8.061976e+06
 -886.417266 8.373272e+06
 -886.555986 8.672184e+06
 -886.694705 8.958744e+06
 -886.833425 9.233088e+06
 -886.972144 9.495496e+06
 -887.110863 9.746360e+06
 -887.249583 9.986216e+06
 -887.388302 1.021566e+07
 -887.527022 1.043542e+07
 -887.665741 1.064623e+07
 -887.804461 1.084896e+07
 -887.943180 1.104446e+07
 -888.081900 1.123362e+07
 -888.220619 1.141729e+07
 -888.359338 1.159630e+07
 -888.498058 1.177147e+07
 -888.636777 1.194351e+07
 -888.775497 1.211304e+07
 -888.914216 1.228065e+07
 -889.052936 1.244673e+07
 -889.191655 1.261165e+07
 -889.330375 1.277560e+07
 -889.469094 1.293870e+07
 -889.607813 1.310092e+07
 -889.746533 1.326217e+07
 -889.885252 1.342222e+07
 -890.023972 1.358074e+07
 -890.162691 1.373739e+07
 -890.301411 1.389171e+07
 -890.440130 1.404321e+07
 -890.578850 1.419136e+07
 -890.717569 1.433559e+07
 -890.856288 1.447538e+07
 -890.995008 1.461017e+07
 -891.133727 1.473946e+07
 -891.272447 1.486280e+07
 -891.411166 1.497974e+07
 -891.549886 1.509001e+07
 -891.688605 1.519330e+07
 -891.827325 1.528948e+07
 -891.966044 1.537846e+07
 -892.104764 1.546030e+07
 -892.243483 1.553515e+07
 -892.382202 1.560325e+07
 -892.520922 1.566496e+07
 -892.659641 1.572070e+07
 -892.798361 1.577103e+07
 -892.937080 1.581653e+07
 -893.075800 1.585786e+07
 -893.214519 1.589570e+07
 -893.353239 1.593080e+07
 -893.491958 1.596387e+07
 -893.630677 1.599566e+07
 -893.769397 1.602686e+07
 -893.908116 1.605815e+07
 -894.046836 1.609016e+07
 -894.185555 1.612346e+07
 -894.324275 1.615853e+07
 -894.462994 1.619583e+07
 -894.601714 1.623571e+07
 -894.740433 1.627847e+07
 -894.879152 1.632428e+07
 -895.017872 1.637334e+07
 -895.156591 1.642568e+07
 -895.295311 1.648137e+07
 -895.434030 1.654034e+07
 -895.572750 1.660255e+07
 -895.711469 1.666788e+07
 -895.850189 1.673618e+07
 -895.988908 1.680734e+07
 -896.127627 1.688116e+07
 -896.266347 1.695750e+07
 -896.405066 1.703618e+07
 -896.543786 1.711702e+07
 -896.682505 1.719983e+07
 -896.821225 1.728446e+07
 -896.959944 1.737070e+07
 -897.098664 1.745838e+07
 -897.237383 1.754730e+07
 -897.376102 1.763725e+07
 -897.514822 1.772800e+07
 -897.653541 1.781931e+07
 -897.792261 1.791093e+07
 -897.930980 1.800256e+07
 -898.069700 1.809389e+07
 -898.208419 1.818461e+07
 -898.347139 1.827435e+07
 -898.485858 1.836278e+07
 -898.624578 1.844950e+07
 -898.763297 1.853417e+07
 -898.902016 1.861638e+07
 -899.040736 1.869580e+07
 -899.179455 1.877205e+07
 -899.318175 1.884482e+07
 -899.456894 1.891378e+07
 -899.595614 1.897864e+07
 -899.734333 1.903919e+07
 -899.873053 1.909518e+07
 -900.011772 1.914644e+07
 -900.150491 1.919285e+07
 -900.289211 1.923426e+07
 -900.427930 1.927066e+07
 -900.566650 1.930196e+07
 -900.705369 1.932818e+07
 -900.844089 1.934934e+07
 -900.982808 1.936548e+07
 -901.121528 1.937666e+07
 -901.260247 1.938292e+07
 -901.398966 1.938436e+07
 -901.537686 1.938103e+07
 -901.676405 1.937295e+07
 -901.815125 1.936017e+07
 -901.953844 1.934266e+07
 -902.092564 1.932042e+07
 -902.231283 1.929334e+07
 -902.370003 1.926129e+07
 -902.508722 1.922409e+07
 -902.647441 1.918151e+07
 -902.786161 1.913328e+07
 -902.924880 1.907905e+07
 -903.063600 1.901842e+07
 -903.202319 1.895099e+07
 -903.341039 1.887626e+07
 -903.479758 1.879374e+07
 -903.618478 1.870290e+07
 -903.757197 1.860318e+07
 -903.895916 1.849407e+07
 -904.034636 1.837500e+07
 -904.173355 1.824542e+07
 -904.312075 1.810486e+07
 -904.450794 1.795281e+07
 -904.589514 1.778886e+07
 -904.728233 1.761262e+07
 -904.866953 1.742376e+07
 -905.005672 1.722203e+07
 -905.144392 1.700722e+07
 -905.283111 1.677926e+07
 -905.421830 1.653810e+07
 -905.560550 1.628378e+07
 -905.699269 1.601646e+07
 -905.837989 1.573638e+07
 -905.976708 1.544382e+07
 -906.115428 1.513921e+07
 -906.254147 1.482304e+07
 -906.392867 1.449585e+07
 -906.531586 1.415827e+07
 -906.670305 1.381103e+07
 -906.809025 1.345485e+07
 -906.947744 1.309054e+07
 -907.086464 1.271897e+07
 -907.225183 1.234097e+07
 -907.363903 1.195745e+07
 -907.502622 1.156931e+07
 -907.641342 1.117748e+07
 -907.780061 1.078283e+07
 -907.918780 1.038626e+07
 -908.057500 9.988632e+06
 -908.196219 9.590736e+06
 -908.334939 9.193408e+06
 -908.473658 8.797392e+06
 -908.612378 8.403368e+06
 -908.751097 8.012008e+06
 -908.889817 7.623912e+06
 -909.028536 7.239584e+06
 -909.167255 6.859552e+06
 -909.305975 6.484224e+06
 -909.444694 6.113960e+06
 -909.583414 5.749064e+06
 -909.722133 5.389744e+06
 -909.860853 5.036168e+06
 -909.999572 4.688424e+06
 -910.138292 4.346552e+06
 -910.277011 4.010480e+06
 -910.415731 3.680072e+06
 -910.554450 3.355136e+06
 -910.693169 3.035376e+06
 -910.831889 2.720456e+06
 -910.970608 2.409952e+06
 -911.109328 2.103376e+06
 -911.248047 1.800184e+06
 -911.386767 1.499808e+06
 -911.525486 1.201600e+06
 -911.664206 9.049040e+05
 -911.802925 6.090480e+05
 -911.941644 3.133600e+05
 -912.080364 1.713600e+04
 -912.219083 -2.802400e+05
 -912.357803 -5.794160e+05
 -912.496522 -8.809520e+05
 -912.635242 -1.185408e+06
 -912.773961 -1.493208e+06
 -912.912681 -1.804760e+06
 -913.051400 -2.120400e+06
 -913.190119 -2.440344e+06
 -913.328839 -2.764776e+06
 -913.467558 -3.093760e+06
 -913.606278 -3.427312e+06
 -913.744997 -3.765344e+06
 -913.883717 -4.107696e+06
 -914.022436 -4.454176e+06
 -914.161156 -4.804480e+06
 -914.299875 -5.158280e+06
 -914.438594 -5.515192e+06
 -914.577314 -5.874816e+06
 -914.716033 -6.236680e+06
 -914.854753 -6.600320e+06
 -914.993472 -6.965288e+06
 -915.132192 -7.331080e+06
 -915.270911 -7.697224e+06
 -915.409631 -8.063272e+06
 -915.548350 -8.428752e+06
 -915.687069 -8.793256e+06
 -915.825789 -9.156400e+06
 -915.964508 -9.517760e+06
 -916.103228 -9.877008e+06
 -916.241947 -1.023381e+07
 -916.380667 -1.058787e+07
 -916.519386 -1.093889e+07
 -916.658106 -1.128660e+07
 -916.796825 -1.163076e+07
 -916.935545 -1.197112e+07
 -917.074264 -1.230745e+07
 -917.212983 -1.263950e+07
 -917.351703 -1.296706e+07
 -917.490422 -1.328987e+07
 -917.629142 -1.360769e+07
 -917.767861 -1.392026e+07
 -917.906581 -1.422727e+07
 -918.045300 -1.452845e+07
 -918.184020 -1.482343e+07
 -918.322739 -1.511186e+07
 -918.461458 -1.539334e+07
 -918.600178 -1.566742e+07
 -918.738897 -1.593364e+07
 -918.877617 -1.619146e+07
 -919.016336 -1.644031e+07
 -919.155056 -1.667966e+07
 -919.293775 -1.690881e+07
 -919.432495 -1.712714e+07
 -919.571214 -1.733399e+07
 -919.709933 -1.752866e+07
 -919.848653 -1.771049e+07
 -919.987372 -1.787878e+07
 -920.126092 -1.803292e+07
 -920.264811 -1.817230e+07
 -920.403531 -1.829634e+07
 -920.542250 -1.840456e+07
 -920.680970 -1.849650e+07
 -920.819689 -1.857184e+07
 -920.958408 -1.863030e+07
 -921.097128 -1.867166e+07
 -921.235847 -1.869584e+07
 -921.374567 -1.870282e+07
 -921.513286 -1.869262e+07
 -921.652006 -1.866541e+07
 -921.790725 -1.862137e+07
 -921.929445 -1.856074e+07
 -922.068164 -1.848380e+07
 -922.206883 -1.839092e+07
 -922.345603 -1.828243e+07
 -922.484322 -1.815873e+07
 -922.623042 -1.802019e+07
 -922.761761 -1.786721e+07
 -922.900481 -1.770019e+07
 -923.039200 -1.751952e+07
 -923.177920 -1.732561e+07
 -923.316639 -1.711887e+07
 -923.455359 -1.689971e+07
 -923.594078 -1.666855e+07
 -923.732797 -1.642584e+07
 -923.871517 -1.617202e+07
 -924.010236 -1.590762e+07
 -924.148956 -1.563317e+07
 -924.287675 -1.534922e+07
 -924.426395 -1.505642e+07
 -924.565114 -1.475538e+07
 -924.703834 -1.444685e+07
 -924.842553 -1.413153e+07
 -924.981272 -1.381020e+07
 -925.119992 -1.348368e+07
 -925.258711 -1.315274e+07
 -925.397431 -1.281822e+07
 -925.536150 -1.248091e+07
 -925.674870 -1.214163e+07
 -925.813589 -1.180111e+07
 -925.952309 -1.146010e+07
 -926.091028 -1.111922e+07
 -926.229747 -1.077914e+07
 -926.368467 -1.044034e+07
 -926.507186 -1.010334e+07
 -926.645906 -9.768472e+06
 -926.784625 -9.436136e+06
 -926.923345 -9.106520e+06
 -927.062064 -8.779848e+06
 -927.200784 -8.456224e+06
 -927.339503 -8.135688e+06
 -927.478222 -7.818304e+06
 -927.616942 -7.504032e+06
 -927.755661 -7.192832e+06
 -927.894381 -6.884640e+06
 -928.033100 -6.579400e+06
 -928.171820 -6.277040e+06
 -928.310539 -5.977512e+06
 -928.449259 -5.680808e+06
 -928.587978 -5.386920e+06
 -928.726698 -5.095872e+06
 -928.865417 -4.807744e+06
 -929.004136 -4.522664e+06
 -929.142856 -4.240792e+06
 -929.281575 -3.962352e+06
 -929.420295 -3.687568e+06
 -929.559014 -3.416768e+06
 -929.697734 -3.150280e+06
 -929.836453 -2.888456e+06
 -929.975173 -2.631760e+06
 -930.113892 -2.380600e+06
 -930.252611 -2.135408e+06
 -930.391331 -1.896696e+06
 -930.530050 -1.664896e+06
 -930.668770 -1.440480e+06
 -930.807489 -1.223872e+06
 -930.946209 -1.015528e+06
 -931.084928 -8.158080e+05
 -931.223648 -6.250480e+05
 -931.362367 -4.435520e+05
 -931.501086 -2.715440e+05
 -931.639806 -1.091520e+05
 -931.778525 4.351200e+04
 -931.917245 1.864880e+05
 -932.055964 3.198400e+05
 -932.194684 4.437440e+05
 -932.333403 5.584400e+05
 -932.472123 6.643200e+05
 -932.610842 7.617600e+05
 -932.749561 8.512720e+05
 -932.888281 9.334320e+05
 -933.027000 1.008888e+06
 -933.165720 1.078320e+06
 -933.304439 1.142456e+06
 -933.443159 1.202096e+06
 -933.581878 1.258056e+06
 -933.720598 1.311152e+06
 -933.859317 1.362216e+06
 -933.998036 1.412136e+06
 -934.136756 1.461744e+06
 -934.275475 1.511872e+06
 -934.414195 1.563336e+06
 -934.552914 1.616920e+06
 -934.691634 1.673400e+06
 -934.830353 1.733424e+06
 -934.969073 1.797680e+06
 -935.107792 1.866704e+06
 -935.246512 1.940992e+06
 -935.385231 2.020936e+06
 -935.523950 2.106824e+06
 -935.662670 2.198808e+06
 -935.801389 2.296928e+06
 -935.940109 2.401064e+06
 -936.078828 2.510936e+06
 -936.217548 2.626112e+06
 -936.356267 2.745984e+06
 -936.494987 2.869752e+06
 -936.633706 2.996504e+06
 -936.772425 3.125072e+06
 -936.911145 3.254216e+06
 -937.049864 3.382448e+06
 -937.188584 3.508264e+06
 -937.327303 3.629960e+06
 -937.466023 3.745816e+06
 -937.604742 3.854000e+06
 -937.743462 3.952688e+06
 -937.882181 4.040056e+06
 -938.020900 4.114296e+06
 -938.159620 4.173696e+06
 -938.298339 4.216640e+06
 -938.437059 4.241608e+06
 -938.575778 4.247240e+06
 -938.714498 4.232400e+06
 -938.853217 4.196064e+06
 -938.991937 4.137480e+06
 -939.130656 4.056072e+06
 -939.269375 3.951520e+06
 -939.408095 3.823656e+06
 -939.546814 3.672624e+06
 -939.685534 3.498656e+06
 -939.824253 3.302288e+06
 -939.962973 3.084144e+06
 -940.101692 2.845064e+06
 -940.240412 2.585976e+06
 -940.379131 2.307976e+06
 -940.517850 2.012208e+06
 -940.656570 1.699872e+06
 -940.795289 1.372240e+06
 -940.934009 1.030616e+06
 -941.072728 6.762480e+05
 -941.211448 3.104080e+05
 -941.350167 -6.569600e+04
 -941.488887 -4.509120e+05
 -941.627606 -8.441200e+05
 -941.766326 -1.244296e+06
 -941.905045 -1.650520e+06
 -942.043764 -2.061928e+06
 -942.182484 -2.477728e+06
 -942.321203 -2.897248e+06
 -942.459923 -3.319880e+06
 -942.598642 -3.745056e+06
 -942.737362 -4.172288e+06
 -942.876081 -4.601160e+06
 -943.014801 -5.031224e+06
 -943.153520 -5.462104e+06
 -943.292239 -5.893424e+06
 -943.430959 -6.324752e+06
 -943.569678 -6.755680e+06
 -943.708398 -7.185720e+06
 -943.847117 -7.614344e+06
 -943.985837 -8.040928e+06
 -944.124556 -8.464792e+06
 -944.263276 -8.885160e+06
 -944.401995 -9.301104e+06
 -944.540714 -9.711664e+06
 -944.679434 -1.011571e+07
 -944.818153 -1.051202e+07
 -944.956873 -1.089930e+07
 -945.095592 -1.127609e+07
 -945.234312 -1.164089e+07
 -945.373031 -1.199214e+07
 -945.511751 -1.232816e+07
 -945.650470 -1.264730e+07
 -945.789189 -1.294782e+07
 -945.927909 -1.322806e+07
 -946.066628 -1.348636e+07
 -946.205348 -1.372108e+07
 -946.344067 -1.393074e+07
 -946.482787 -1.411394e+07
 -946.621506 -1.426939e+07
 -946.760226 -1.439602e+07
 -946.898945 -1.449288e+07
 -947.037665 -1.455931e+07
 -947.176384 -1.459482e+07
 -947.315103 -1.459917e+07
 -947.453823 -1.457237e+07
 -947.592542 -1.451470e+07
 -947.731262 -1.442670e+07
 -947.869981 -1.430912e+07
 -948.008701 -1.416299e+07
 -948.147420 -1.398956e+07
 -948.286140 -1.379031e+07
 -948.424859 -1.356691e+07
 -948.563578 -1.332118e+07
 -948.702298 -1.305514e+07
 -948.841017 -1.277085e+07
 -948.979737 -1.247057e+07
 -949.118456 -1.215658e+07
 -949.257176 -1.183118e+07
 -949.395895 -1.149672e+07
 -949.534615 -1.115550e+07
 -949.673334 -1.080982e+07
 -949.812053 -1.046188e+07
 -949.950773 -1.011381e+07
 -950.089492 -9.767632e+06
 -950.228212 -9.425232e+06
 -950.366931 -9.088336e+06
 -950.505651 -8.758552e+06
 -950.644370 -8.437256e+06
 -950.783090 -8.125720e+06
 -950.921809 -7.824952e+06
 -951.060528 -7.535816e+06
 -951.199248 -7.258968e+06
 -951.337967 -6.994920e+06
 -951.476687 -6.743944e+06
 -951.615406 -6.506160e+06
 -951.754126 -6.281576e+06
 -951.892845 -6.069968e+06
 -952.031565 -5.871024e+06
 -952.170284 -5.684304e+06
 -952.309003 -5.509288e+06
 -952.447723 -5.345312e+06
 -952.586442 -5.191696e+06
 -952.725162 -5.047696e+06
 -952.863881 -4.912552e+06
 -953.002601 -4.785480e+06
 -953.141320 -4.665704e+06
 -953.280040 -4.552504e+06
 -953.418759 -4.445160e+06
 -953.557479 -4.343128e+06
 -953.696198 -4.245808e+06
 -953.834917 -4.152808e+06
 -953.973637 -4.063832e+06
 -954.112356 -3.978656e+06
 -954.251076 -3.897288e+06
 -954.389795 -3.819792e+06
 -954.528515 -3.746416e+06
 -954.667234 -3.677568e+06
 -954.805954 -3.613768e+06
 -954.944673 -3.555672e+06
 -955.083392 -3.504064e+06
 -955.222112 -3.459816e+06
 -955.360831 -3.423912e+06
 -955.499551 -3.397352e+06
 -955.638270 -3.381208e+06
 -955.776990 -3.376528e+06
 -955.915709 -3.384392e+06
 -956.054429 -3.405784e+06
 -956.193148 -3.441624e+06
 -956.331867 -3.492744e+06
 -956.470587 -3.559848e+06
 -956.609306 -3.643488e+06
 -956.748026 -3.744032e+06
 -956.886745 -3.861672e+06
 -957.025465 -3.996416e+06
 -957.164184 -4.148008e+06
 -957.302904 -4.316048e+06
 -957.441623 -4.499808e+06
 -957.580342 -4.698400e+06
 -957.719062 -4.910672e+06
 -957.857781 -5.135288e+06
 -957.996501 -5.370672e+06
 -958.135220 -5.615056e+06
 -958.273940 -5.866480e+06
 -958.412659 -6.122840e+06
 -958.551379 -6.381840e+06
 -958.690098 -6.641120e+06
 -958.828817 -6.898200e+06
 -958.967537 -7.150536e+06
 -959.106256 -7.395560e+06
 -959.244976 -7.630704e+06
 -959.383695 -7.853416e+06
 -959.522415 -8.061232e+06
 -959.661134 -8.251792e+06
 -959.799854 -8.422840e+06
 -959.938573 -8.572312e+06
 -960.077293 -8.698336e+06
 -960.216012 -8.799288e+06
 -960.354731 -8.873744e+06
 -960.493451 -8.920640e+06
 -960.632170 -8.939152e+06
 -960.770890 -8.928808e+06
 -960.909609 -8.889432e+06
 -961.048329 -8.821256e+06
 -961.187048 -8.724832e+06
 -961.325768 -8.601008e+06
 -961.464487 -8.451072e+06
 -961.603206 -8.276592e+06
 -961.741926 -8.079472e+06
 -961.880645 -7.861928e+06
 -962.019365 -7.626400e+06
 -962.158084 -7.375632e+06
 -962.296804 -7.112552e+06
 -962.435523 -6.840240e+06
 -962.574243 -6.561888e+06
 -962.712962 -6.280816e+06
 -962.851681 -6.000344e+06
 -962.990401 -5.723752e+06
 -963.129120 -5.454312e+06
 -963.267840 -5.195144e+06
 -963.406559 -4.949208e+06
 -963.545279 -4.719304e+06
 -963.683998 -4.507992e+06
 -963.822718 -4.317544e+06
 -963.961437 -4.149960e+06
 -964.100156 -4.006920e+06
 -964.238876 -3.889776e+06
 -964.377595 -3.799536e+06
 -964.516315 -3.736864e+06
 -964.655034 -3.702112e+06
 -964.793754 -3.695248e+06
 -964.932473 -3.715952e+06
 -965.071193 -3.763592e+06
 -965.209912 -3.837248e+06
 -965.348632 -3.935744e+06
 -965.487351 -4.057680e+06
 -965.626070 -4.201464e+06
 -965.764790 -4.365328e+06
 -965.903509 -4.547408e+06
 -966.042229 -4.745712e+06
 -966.180948 -4.958200e+06
 -966.319668 -5.182784e+06
 -966.458387 -5.417424e+06
 -966.597107 -5.660072e+06
 -966.735826 -5.908744e+06
 -966.874545 -6.161552e+06
 -967.013265 -6.416656e+06
 -967.151984 -6.672384e+06
 -967.290704 -6.927160e+06
 -967.429423 -7.179504e+06
 -967.568143 -7.428144e+06
 -967.706862 -7.671880e+06
 -967.845582 -7.909688e+06
 -967.984301 -8.140656e+06
 -968.123020 -8.364016e+06
 -968.261740 -8.579128e+06
 -968.400459 -8.785480e+06
 -968.539179 -8.982648e+06
 -968.677898 -9.170368e+06
 -968.816618 -9.348408e+06
 -968.955337 -9.516672e+06
 -969.094057 -9.675128e+06
 -969.232776 -9.823832e+06
 -969.371495 -9.962896e+06
 -969.510215 -1.009247e+07
 -969.648934 -1.021276e+07
 -969.787654 -1.032402e+07
 -969.926373 -1.042653e+07
 -970.065093 -1.052054e+07
 -970.203812 -1.060638e+07
 -970.342532 -1.068431e+07
 -970.481251 -1.075467e+07
 -970.619970 -1.081772e+07
 -970.758690 -1.087374e+07
 -970.897409 -1.092298e+07
 -971.036129 -1.096567e+07
 -971.174848 -1.100202e+07
 -971.313568 -1.103222e+07
 -971.452287 -1.105640e+07
 -971.591007 -1.107472e+07
 -971.729726 -1.108726e+07
 -971.868446 -1.109410e+07
 -972.007165 -1.109534e+07
 -972.145884 -1.109098e+07
 -972.284604 -1.108102e+07
 -972.423323 -1.106547e+07
 -972.562043 -1.104433e+07
 -972.700762 -1.101754e+07
 -972.839482 -1.098508e+07
 -972.978201 -1.094690e+07
 -973.116921 -1.090301e+07
 -973.255640 -1.085334e+07
 -973.394359 -1.079790e+07
 -973.533079 -1.073668e+07
 -973.671798 -1.066972e+07
 -973.810518 -1.059709e+07
 -973.949237 -1.051891e+07
 -974.087957 -1.043529e+07
 -974.226676 -1.034643e+07
 -974.365396 -1.025258e+07
 -974.504115 -1.015402e+07
 -974.642834 -1.005108e+07
 -974.781554 -9.944144e+06
 -974.920273 -9.833608e+06
 -975.058993 -9.719952e+06
 -975.197712 -9.603656e+06
 -975.336432 -9.485232e+06
 -975.475151 -9.365192e+06
 -975.613871 -9.244064e+06
 -975.752590 -9.122352e+06
 -975.891309 -9.000568e+06
 -976.030029 -8.879168e+06
 -976.168748 -8.758584e+06
 -976.307468 -8.639208e+06
 -976.446187 -8.521376e+06
 -976.584907 -8.405368e+06
 -976.723626 -8.291400e+06
 -976.862346 -8.179640e+06
 -977.001065 -8.070224e+06
 -977.139785 -7.963184e+06
 -977.278504 -7.858520e+06
 -977.417223 -7.756224e+06
 -977.555943 -7.656208e+06
 -977.694662 -7.558368e+06
 -977.833382 -7.462592e+06
 -977.972101 -7.368752e+06
 -978.110821 -7.276696e+06
 -978.249540 -7.186288e+06
 -978.388260 -7.097416e+06
 -978.526979 -7.009976e+06
 -978.665698 -6.923880e+06
 -978.804418 -6.839064e+06
 -978.943137 -6.755528e+06
 -979.081857 -6.673304e+06
 -979.220576 -6.592464e+06
 -979.359296 -6.513104e+06
 -979.498015 -6.435424e+06
 -979.636735 -6.359632e+06
 -979.775454 -6.286024e+06
 -979.914173 -6.214952e+06
 -980.052893 -6.146784e+06
 -980.191612 -6.082008e+06
 -980.330332 -6.021120e+06
 -980.469051 -5.964680e+06
 -980.607771 -5.913320e+06
 -980.746490 -5.867680e+06
 -980.885210 -5.828456e+06
 -981.023929 -5.796336e+06
 -981.162648 -5.772104e+06
 -981.301368 -5.756464e+06
 -981.440087 -5.750160e+06
 -981.578807 -5.753936e+06
 -981.717526 -5.768496e+06
 -981.856246 -5.794496e+06
 -981.994965 -5.832576e+06
 -982.133685 -5.883296e+06
 -982.272404 -5.947152e+06
 -982.411123 -6.024568e+06
 -982.549843 -6.115880e+06
 -982.688562 -6.221336e+06
 -982.827282 -6.341032e+06
 -982.966001 -6.475032e+06
 -983.104721 -6.623216e+06
 -983.243440 -6.785344e+06
 -983.382160 -6.961096e+06
 -983.520879 -7.149968e+06
 -983.659599 -7.351328e+06
 -983.798318 -7.564440e+06
 -983.937037 -7.788400e+06
 -984.075757 -8.022176e+06
 -984.214476 -8.264640e+06
 -984.353196 -8.514472e+06
 -984.491915 -8.770296e+06
 -984.630635 -9.030592e+06
 -984.769354 -9.293752e+06
 -984.908074 -9.558056e+06
 -985.046793 -9.821744e+06
 -985.185512 -1.008293e+07
 -985.324232 -1.033973e+07
 -985.462951 -1.059021e+07
 -985.601671 -1.083240e+07
 -985.740390 -1.106435e+07
 -985.879110 -1.128411e+07
 -986.017829 -1.148976e+07
 -986.156549 -1.167945e+07
 -986.295268 -1.185136e+07
 -986.433987 -1.200377e+07
 -986.572707 -1.213505e+07
 -986.711426 -1.224366e+07
 -986.850146 -1.232822e+07
 -986.988865 -1.238743e+07
 -987.127585 -1.242014e+07
 -987.266304 -1.242534e+07
 -987.405024 -1.240218e+07
 -987.543743 -1.234994e+07
 -987.682462 -1.226808e+07
 -987.821182 -1.215621e+07
 -987.959901 -1.201408e+07
 -988.098621 -1.184161e+07
 -988.237340 -1.163891e+07
 -988.376060 -1.140618e+07
 -988.514779 -1.114383e+07
 -988.653499 -1.085240e+07
 -988.792218 -1.053258e+07
 -988.930937 -1.018518e+07
 -989.069657 -9.811216e+06
 -989.208376 -9.411768e+06
 -989.347096 -8.988064e+06
 -989.485815 -8.541472e+06
 -989.624535 -8.073448e+06
 -989.763254 -7.585584e+06
 -989.901974 -7.079552e+06
 -990.040693 -6.557096e+06
 -990.179413 -6.020056e+06
 -990.318132 -5.470376e+06
 -990.456851 -4.909984e+06
 -990.595571 -4.340912e+06
 -990.734290 -3.765200e+06
 -990.873010 -3.184888e+06
 -991.011729 -2.602088e+06
 -991.150449 -2.018816e+06
 -991.289168 -1.437160e+06
 -991.427888 -8.590960e+05
 -991.566607 -2.866480e+05
 -991.705326 2.782800e+05
 -991.844046 8.338400e+05
 -991.982765 1.378216e+06
 -992.121485 1.909656e+06
 -992.260204 2.426528e+06
 -992.398924 2.927224e+06
 -992.537643 3.410272e+06
 -992.676363 3.874200e+06
 -992.815082 4.317696e+06
 -992.953801 4.739480e+06
 -993.092521 5.138368e+06
 -993.231240 5.513248e+06
 -993.369960 5.863104e+06
 -993.508679 6.186968e+06
 -993.647399 6.484000e+06
 -993.786118 6.753432e+06
 -993.924838 6.994576e+06
 -994.063557 7.206856e+06
 -994.202276 7.389824e+06
 -994.340996 7.543096e+06
 -994.479715 7.666456e+06
 -994.618435 7.759776e+06
 -994.757154 7.823072e+06
 -994.895874 7.856496e+06
 -995.034593 7.860352e+06
 -995.173313 7.835040e+06
 -995.312032 7.781128e+06
 -995.450752 7.699312e+06
 -995.589471 7.590424e+06
 -995.728190 7.455392e+06
 -995.866910 7.295248e+06
 -996.005629 7.111144e+06
 -996.144349 6.904296e+06
 -996.283068 6.675976e+06
 -996.421788 6.427496e+06
 -996.560507 6.160152e+06
 -996.699227 5.875360e+06
 -996.837946 5.574368e+06
 -996.976665 5.258496e+06
 -997.115385 4.928984e+06
 -997.254104 4.587032e+06
 -997.392824 4.233752e+06
 -997.531543 3.870160e+06
 -997.670263 3.497232e+06
 -997.808982 3.115872e+06
 -997.947702 2.726904e+06
 -998.086421 2.331056e+06
 -998.225140 1.929040e+06
 -998.363860 1.521544e+06
 -998.502579 1.109152e+06
 -998.641299 6.924960e+05
 -998.780018 2.722000e+05
 -998.918738 -1.511280e+05
 -999.057457 -5.768480e+05
 -999.196177 -1.004296e+06
 -999.334896 -1.432768e+06
 -999.473615 -1.861504e+06
 -999.612335 -2.289720e+06
 -999.751054 -2.716600e+06
 -999.889774 -3.141264e+06
-1000.028493 -3.562816e+06
-1000.167213 -3.980336e+06
-1000.305932 -4.392888e+06
-1000.444652 -4.799544e+06
-1000.583371 -5.199408e+06
-1000.722090 -5.591576e+06
-1000.860810 -5.975184e+06
-1000.999529 -6.349488e+06
-1001.138249 -6.713760e+06
-1001.276968 -7.067400e+06
-1001.415688 -7.409896e+06
-1001.554407 -7.740824e+06
-1001.693127 -8.059936e+06
-1001.831846 -8.367096e+06
-1001.970566 -8.662280e+06
-1002.109285 -8.945648e+06
-1002.248004 -9.217456e+06
-1002.386724 -9.478096e+06
-1002.525443 -9.728128e+06
-1002.664163 -9.968160e+06
-1002.802882 -1.019895e+07
-1002.941602 -1.042130e+07
-1003.080321 -1.063610e+07
-1003.219041 -1.084430e+07
-1003.357760 -1.104682e+07
-1003.496479 -1.124463e+07
-1003.635199 -1.143868e+07
-1003.773918 -1.162982e+07
-1003.912638 -1.181895e+07
-1004.051357 -1.200682e+07
-1004.190077 -1.219414e+07
-1004.328796 -1.238151e+07
-1004.467516 -1.256948e+07
-1004.606235 -1.275846e+07
-1004.744954 -1.294879e+07
-1004.883674 -1.314076e+07
-1005.022393 -1.333454e+07
-1005.161113 -1.353032e+07
-1005.299832 -1.372812e+07
-1005.438552 -1.392800e+07
-1005.577271 -1.412998e+07
-1005.715991 -1.433407e+07
-1005.854710 -1.454025e+07
-1005.993429 -1.474850e+07
-1006.132149 -1.495880e+07
-1006.270868 -1.517112e+07
-1006.409588 -1.538540e+07
-1006.548307 -1.560162e+07
-1006.687027 -1.581969e+07
-1006.825746 -1.603953e+07
-1006.964466 -1.626098e+07
-1007.103185 -1.648386e+07
-1007.241904 -1.670790e+07
-1007.380624 -1.693287e+07
-1007.519343 -1.715834e+07
-1007.658063 -1.738391e+07
-1007.796782 -1.760910e+07
-1007.935502 -1.783335e+07
-1008.074221 -1.805607e+07
-1008.212941 -1.827666e+07
-1008.351660 -1.849446e+07
-1008.490380 -1.870882e+07
-1008.629099 -1.891909e+07
-1008.767818 -1.912467e+07
-1008.906538 -1.932497e+07
-1009.045257 -1.951946e+07
-1009.183977 -1.970767e+07
-1009.322696 -1.988921e+07
-1009.461416 -2.006376e+07
-1009.600135 -2.023107e+07
-1009.738855 -2.039096e+07
-1009.877574 -2.054334e+07
-1010.016293 -2.068816e+07
-1010.155013 -2.082544e+07
-1010.293732 -2.095523e+07
-1010.432452 -2.107758e+07
-1010.571171 -2.119260e+07
-1010.709891 -2.130035e+07
-1010.848610 -2.140090e+07
-1010.987330 -2.149426e+07
-1011.126049 -2.158040e+07
-1011.264768 -2.165925e+07
-1011.403488 -2.173066e+07
-1011.542207 -2.179441e+07
-1011.680927 -2.185019e+07
-1011.819646 -2.189757e+07
-1011.958366 -2.193611e+07
-1012.097085 -2.196522e+07
-1012.235805 -2.198422e+07
-1012.374524 -2.199238e+07
-1012.513243 -2.198887e+07
-1012.651963 -2.197278e+07
-1012.790682 -2.194317e+07
-1012.929402 -2.189898e+07
-1013.068121 -2.183922e+07
-1013.206841 -2.176275e+07
-1013.345560 -2.166855e+07
-1013.484280 -2.155551e+07
-1013.622999 -2.142262e+07
-1013.761719 -2.126893e+07
-1013.900438 -2.109354e+07
-1014.039157 -2.089567e+07
-1014.177877 -2.067470e+07
-1014.316596 -2.043010e+07
-1014.455316 -2.016162e+07
-1014.594035 -1.986908e+07
-1014.732755 -1.955262e+07
-1014.871474 -1.921254e+07
-1015.010194 -1.884942e+07
-1015.148913 -1.846405e+07
-1015.287632 -1.805746e+07
-1015.426352 -1.763098e+07
-1015.565071 -1.718610e+07
-1015.703791 -1.672462e+07
-1015.842510 -1.624849e+07
-1015.981230 -1.575987e+07
-1016.119949 -1.526116e+07
-1016.258669 -1.475482e+07
-1016.397388 -1.424351e+07
-1016.536107 -1.372997e+07
-1016.674827 -1.321701e+07
-1016.813546 -1.270750e+07
-1016.952266 -1.220432e+07
-1017.090985 -1.171034e+07
-1017.229705 -1.122837e+07
-1017.368424 -1.076119e+07
-1017.507144 -1.031144e+07
-1017.645863 -9.881672e+06
-1017.784582 -9.474240e+06
-1017.923302 -9.091368e+06
-1018.062021 -8.735088e+06
-1018.200741 -8.407200e+06
-1018.339460 -8.109312e+06
-1018.478180 -7.842736e+06
-1018.616899 -7.608616e+06
-1018.755619 -7.407776e+06
-1018.894338 -7.240808e+06
-1019.033057 -7.108064e+06
-1019.171777 -7.009592e+06
-1019.310496 -6.945224e+06
-1019.449216 -6.914560e+06
-1019.587935 -6.916952e+06
-1019.726655 -6.951520e+06
-1019.865374 -7.017200e+06
-1020.004094 -7.112768e+06
-1020.142813 -7.236800e+06
-1020.281533 -7.387744e+06
-1020.420252 -7.563944e+06
-1020.558971 -7.763640e+06
-1020.697691 -7.984984e+06
-1020.836410 -8.226112e+06
-1020.975130 -8.485120e+06
-1021.113849 -8.760104e+06
-1021.252569 -9.049200e+06
-1021.391288 -9.350544e+06
-1021.530008 -9.662368e+06
-1021.668727 -9.982968e+06
-1021.807446 -1.031073e+07
-1021.946166 -1.064413e+07
-1022.084885 -1.098177e+07
-1022.223605 -1.132235e+07
-1022.362324 -1.166470e+07
-1022.501044 -1.200774e+07
-1022.639763 -1.235054e+07
-1022.778483 -1.269226e+07
-1022.917202 -1.303216e+07
-1023.055921 -1.336960e+07
-1023.194641 -1.370406e+07
-1023.333360 -1.403507e+07
-1023.472080 -1.436226e+07
-1023.610799 -1.468531e+07
-1023.749519 -1.500402e+07
-1023.888238 -1.531817e+07
-1024.026958 -1.562770e+07
-1024.165677 -1.593253e+07
-1024.304396 -1.623266e+07
-1024.443116 -1.652822e+07
-1024.581835 -1.681929e+07
-1024.720555 -1.710610e+07
-1024.859274 -1.738889e+07
-1024.997994 -1.766798e+07
-1025.136713 -1.794374e+07
-1025.275433 -1.821661e+07
-1025.414152 -1.848706e+07
-1025.552871 -1.875558e+07
-1025.691591 -1.902277e+07
-1025.830310 -1.928912e+07
-1025.969030 -1.955522e+07
-1026.107749 -1.982162e+07
-1026.246469 -2.008884e+07
-1026.385188 -2.035735e+07
-1026.523908 -2.062760e+07
-1026.662627 -2.089993e+07
-1026.801347 -2.117467e+07
-1026.940066 -2.145199e+07
-1027.078785 -2.173206e+07
-1027.217505 -2.201493e+07
-1027.356224 -2.230054e+07
-1027.494944 -2.258880e+07
-1027.633663 -2.287953e+07
-1027.772383 -2.317250e+07
-1027.911102 -2.346743e+07
-1028.049822 -2.376400e+07
-1028.188541 -2.406186e+07
-1028.327260 -2.436066e+07
-1028.465980 -2.466000e+07
-1028.604699 -2.495958e+07
-1028.743419 -2.525901e+07
-1028.882138 -2.555797e+07
-1029.020858 -2.585615e+07
-1029.159577 -2.615328e+07
-1029.298297 -2.644906e+07
-1029.437016 -2.674324e+07
-1029.575735 -2.703558e+07
-1029.714455 -2.732583e+07
-1029.853174 -2.761378e+07
-1029.991894 -2.789915e+07
-1030.130613 -2.818170e+07
-1030.269333 -2.846114e+07
-1030.408052 -2.873716e+07
-1030.546772 -2.900943e+07
-1030.685491 -2.927759e+07
-1030.824210 -2.954126e+07
-1030.962930 -2.979999e+07
-1031.101649 -3.005337e+07
-1031.240369 -3.030090e+07
-1031.379088 -3.054211e+07
-1031.517808 -3.077647e+07
-1031.656527 -3.100351e+07
-1031.795247 -3.122271e+07
-1031.933966 -3.143355e+07
-1032.072686 -3.163555e+07
-1032.211405 -3.182822e+07
-1032.350124 -3.201110e+07
-1032.488844 -3.218373e+07
-1032.627563 -3.234566e+07
-1032.766283 -3.249650e+07
-1032.905002 -3.263577e+07
-1033.043722 -3.276306e+07
-1033.182441 -3.287794e+07
-1033.321161 -3.297998e+07
-1033.459880 -3.306873e+07
-1033.598599 -3.314369e+07
-1033.737319 -3.320438e+07
-1033.876038 -3.325030e+07
-1034.014758 -3.328091e+07
-1034.153477 -3.329563e+07
-1034.292197 -3.329396e+07
-1034.430916 -3.327529e+07
-1034.569636 -3.323914e+07
-1034.708355 -3.318500e+07
-1034.847074 -3.311240e+07
-1034.985794 -3.302100e+07
-1035.124513 -3.291054e+07
-1035.263233 -3.278088e+07
-1035.401952 -3.263203e+07
-1035.540672 -3.246416e+07
-1035.679391 -3.227765e+07
-1035.818111 -3.207308e+07
-1035.956830 -3.185130e+07
-1036.095549 -3.161334e+07
-1036.234269 -3.136050e+07
-1036.372988 -3.109433e+07
-1036.511708 -3.081660e+07
-1036.650427 -3.052931e+07
-1036.789147 -3.023466e+07
-1036.927866 -2.993499e+07
-1037.066586 -2.963285e+07
-1037.205305 -2.933080e+07
-1037.344024 -2.903154e+07
-1037.482744 -2.873778e+07
-1037.621463 -2.845217e+07
-1037.760183 -2.817732e+07
-1037.898902 -2.791575e+07
-1038.037622 -2.766982e+07
-1038.176341 -2.744174e+07
-1038.315061 -2.723350e+07
-1038.453780 -2.704682e+07
-1038.592500 -2.688324e+07
-1038.731219 -2.674404e+07
-1038.869938 -2.663019e+07
-1039.008658 -2.654242e+07
-1039.147377 -2.648119e+07
-1039.286097 -2.644674e+07
-1039.424816 -2.643903e+07
-1039.563536 -2.645782e+07
-1039.702255 -2.650266e+07
-1039.840975 -2.657294e+07
-1039.979694 -2.666787e+07
-1040.118413 -2.678654e+07
-1040.257133 -2.692793e+07
-1040.395852 -2.709094e+07
-1040.534572 -2.727442e+07
-1040.673291 -2.747716e+07
-1040.812011 -2.769794e+07
-1040.950730 -2.793557e+07
-1041.089450 -2.818883e+07
-1041.228169 -2.845654e+07
-1041.366888 -2.873757e+07
-1041.505608 -2.903082e+07
-1041.644327 -2.933522e+07
-1041.783047 -2.964978e+07
-1041.921766 -2.997349e+07
-1042.060486 -3.030541e+07
-1042.199205 -3.064462e+07
-1042.337925 -3.099021e+07
-1042.476644 -3.134126e+07
-1042.615363 -3.169685e+07
-1042.754083 -3.205607e+07
-1042.892802 -3.241794e+07
-1043.031522 -3.278147e+07
-1043.170241 -3.314562e+07
-1043.308961 -3.350930e+07
-1043.447680 -3.387136e+07
-1043.586400 -3.423065e+07
-1043.725119 -3.458592e+07
-1043.863838 -3.493590e+07
-1044.002558 -3.527929e+07
-1044.141277 -3.561478e+07
-1044.279997 -3.594102e+07
-1044.418716 -3.625664e+07
-1044.557436 -3.656033e+07
-1044.696155 -3.685077e+07
-1044.834875 -3.712664e+07
-1044.973594 -3.738672e+07
-1045.112314 -3.762979e+07
-1045.251033 -3.785468e+07
-1045.389752 -3.806031e+07
-1045.528472 -3.824567e+07
-1045.667191 -3.840980e+07
-1045.805911 -3.855184e+07
-1045.944630 -3.867097e+07
-1046.083350 -3.876650e+07
-1046.222069 -3.883782e+07
-1046.360789 -3.888443e+07
-1046.499508 -3.890589e+07
-1046.638227 -3.890189e+07
-1046.776947 -3.887221e+07
-1046.915666 -3.881677e+07
-1047.054386 -3.873560e+07
-1047.193105 -3.862881e+07
-1047.331825 -3.849666e+07
-1047.470544 -3.833951e+07
-1047.609264 -3.815786e+07
-1047.747983 -3.795226e+07
-1047.886702 -3.772345e+07
-1048.025422 -3.747221e+07
-1048.164141 -3.719938e+07
-1048.302861 -3.690597e+07
-1048.441580 -3.659299e+07
-1048.580300 -3.626154e+07
-1048.719019 -3.591278e+07
-1048.857739 -3.554787e+07
-1048.996458 -3.516807e+07
-1049.135177 -3.477462e+07
-1049.273897 -3.436877e+07
-1049.412616 -3.395182e+07
-1049.551336 -3.352501e+07
-1049.690055 -3.308962e+07
-1049.828775 -3.264691e+07
-1049.967494 -3.219810e+07
-1050.106214 -3.174439e+07
-1050.244933 -3.128694e+07
-1050.383653 -3.082686e+07
-1050.522372 -3.036524e+07
-1050.661091 -2.990305e+07
-1050.799811 -2.944119e+07
-1050.938530 -2.898051e+07
-1051.077250 -2.852176e+07
-1051.215969 -2.806557e+07
-1051.354689 -2.761245e+07
-1051.493408 -2.716278e+07
-1051.632128 -2.671690e+07
-1051.770847 -2.627490e+07
-1051.909566 -2.583686e+07
-1052.048286 -2.540269e+07
-1052.187005 -2.497215e+07
-1052.325725 -2.454499e+07
-1052.464444 -2.412077e+07
-1052.603164 -2.369906e+07
-1052.741883 -2.327926e+07
-1052.880603 -2.286086e+07
-1053.019322 -2.244320e+07
-1053.158041 -2.202566e+07
-1053.296761 -2.160765e+07
-1053.435480 -2.118854e+07
-1053.574200 -2.076782e+07
-1053.712919 -2.034494e+07
-1053.851639 -1.991946e+07
-1053.990358 -1.949104e+07
-1054.129078 -1.905936e+07
-1054.267797 -1.862422e+07
-1054.406516 -1.818552e+07
-1054.545236 -1.774322e+07
-1054.683955 -1.729740e+07
-1054.822675 -1.684820e+07
-1054.961394 -1.639590e+07
-1055.100114 -1.594080e+07
-1055.238833 -1.548334e+07
-1055.377553 -1.502401e+07
-1055.516272 -1.456335e+07
-1055.654991 -1.410199e+07
-1055.793711 -1.364060e+07
-1055.932430 -1.317986e+07
-1056.071150 -1.272051e+07
-1056.209869 -1.226330e+07
-1056.348589 -1.180895e+07
-1056.487308 -1.135821e+07
-1056.626028 -1.091176e+07
-1056.764747 -1.047028e+07
-1056.903467 -1.003432e+07
-1057.042186 -9.604440e+06
-1057.180905 -9.181056e+06
-1057.319625 -8.764504e+06
-1057.458344 -8.354992e+06
-1057.597064 -7.952688e+06
-1057.735783 -7.557504e+06
-1057.874503 -7.169344e+06
-1058.013222 -6.787928e+06
-1058.151942 -6.412896e+06
-1058.290661 -6.043744e+06
-1058.429380 -5.679872e+06
-1058.568100 -5.320632e+06
-1058.706819 -4.965216e+06
-1058.845539 -4.612872e+06
-1058.984258 -4.262744e+06
-1059.122978 -3.913976e+06
-1059.261697 -3.565752e+06
-1059.400417 -3.217248e+06
-1059.539136 -2.867752e+06
-1059.677855 -2.516552e+06
-1059.816575 -2.163104e+06
-1059.955294 -1.806920e+06
-1060.094014 -1.447688e+06
-1060.232733 -1.085176e+06
-1060.371453 -7.193680e+05
-1060.510172 -3.503120e+05
-1060.648892 2.172000e+04
-1060.787611 3.963920e+05
-1060.926330 7.731520e+05
-1061.065050 1.151376e+06
-1061.203769 1.530296e+06
-1061.342489 1.909088e+06
-1061.481208 2.286792e+06
-1061.619928 2.662440e+06
-1061.758647 3.034992e+06
-1061.897367 3.403368e+06
-1062.036086 3.766536e+06
-1062.174805 4.123416e+06
-1062.313525 4.473016e+06
-1062.452244 4.814344e+06
-1062.590964 5.146512e+06
-1062.729683 5.468696e+06
-1062.868403 5.780128e+06
-1063.007122 6.080216e+06
-1063.145842 6.368392e+06
-1063.284561 6.644264e+06
-1063.423281 6.907512e+06
-1063.562000 7.158008e+06
-1063.700719 7.395648e+06
-1063.839439 7.620568e+06
-1063.978158 7.832936e+06
-1064.116878 8.033120e+06
-1064.255597 8.221544e+06
-1064.394317 8.398768e+06
-1064.533036 8.565432e+06
-1064.671756 8.722304e+06
-1064.810475 8.870208e+06
-1064.949194 9.010024e+06
-1065.087914 9.142704e+06
-1065.226633 9.269216e+06
-1065.365353 9.390560e+06
-1065.504072 9.507736e+06
-1065.642792 9.621688e+06
-1065.781511 9.733408e+06
-1065.920231 9.843760e+06
-1066.058950 9.953632e+06
-1066.197669 1.006377e+07
-1066.336389 1.017485e+07
-1066.475108 1.028751e+07
-1066.613828 1.040222e+07
-1066.752547 1.051943e+07
-1066.891267 1.063944e+07
-1067.029986 1.076243e+07
-1067.168706 1.088854e+07
-1067.307425 1.101778e+07
-1067.446144 1.115007e+07
-1067.584864 1.128525e+07
-1067.723583 1.142303e+07
-1067.862303 1.156312e+07
-1068.001022 1.170509e+07
-1068.139742 1.184846e+07
-1068.278461 1.199267e+07
-1068.417181 1.213708e+07
-1068.555900 1.228106e+07
-1068.694620 1.242383e+07
-1068.833339 1.256459e+07
-1068.972058 1.270254e+07
-1069.110778 1.283674e+07
-1069.249497 1.296633e+07
-1069.388217 1.309033e+07
-1069.526936 1.320777e+07
-1069.665656 1.331771e+07
-1069.804375 1.341916e+07
-1069.943095 1.351114e+07
-1070.081814 1.359270e+07
-1070.220533 1.366295e+07
-1070.359253 1.372098e+07
-1070.497972 1.376594e+07
-1070.636692 1.379704e+07
-1070.775411 1.381357e+07
-1070.914131 1.381482e+07
-1071.052850 1.380022e+07
-1071.191570 1.376923e+07
-1071.330289 1.372141e+07
-1071.469008 1.365638e+07
-1071.607728 1.357390e+07
-1071.746447 1.347378e+07
-1071.885167 1.335594e+07
-1072.023886 1.322044e+07
-1072.162606 1.306738e+07
-1072.301325 1.289704e+07
-1072.440045 1.270981e+07
-1072.578764 1.250618e+07
-1072.717483 1.228676e+07
-1072.856203 1.205235e+07
-1072.994922 1.180382e+07
-1073.133642 1.154218e+07
-1073.272361 1.126862e+07
-1073.411081 1.098438e+07
-1073.549800 1.069087e+07
-1073.688520 1.038961e+07
-1073.827239 1.008219e+07
-1073.965958 9.770312e+06
-1074.104678 9.455736e+06
-1074.243397 9.140272e+06
-1074.382117 8.825760e+06
-1074.520836 8.514056e+06
-1074.659556 8.207040e+06
-1074.798275 7.906488e+06
-1074.936995 7.614168e+06
-1075.075714 7.331800e+06
-1075.214434 7.060952e+06
-1075.353153 6.803144e+06
-1075.491872 6.559704e+06
-1075.630592 6.331888e+06
-1075.769311 6.120776e+06
-1075.908031 5.927280e+06
-1076.046750 5.752192e+06
-1076.185470 5.596096e+06
-1076.324189 5.459416e+06
-1076.462909 5.342464e+06
-1076.601628 5.245352e+06
-1076.740347 5.168056e+06
-1076.879067 5.110392e+06
-1077.017786 5.072112e+06
-1077.156506 5.052776e+06
-1077.295225 5.051864e+06
-1077.433945 5.068760e+06
-1077.572664 5.102776e+06
-1077.711384 5.153152e+06
-1077.850103 5.219024e+06
-1077.988822 5.299552e+06
-1078.127542 5.393784e+06
-1078.266261 5.500776e+06
-1078.404981 5.619552e+06
-1078.543700 5.749104e+06
-1078.682420 5.888456e+06
-1078.821139 6.036544e+06
-1078.959859 6.192352e+06
-1079.098578 6.354872e+06
-1079.237297 6.523064e+06
-1079.376017 6.695904e+06
-1079.514736 6.872392e+06
-1079.653456 7.051528e+06
-1079.792175 7.232352e+06
-1079.930895 7.413920e+06
-1080.069614 7.595296e+06
-1080.208334 7.775656e+06
-1080.347053 7.954168e+06
-1080.485772 8.130080e+06
-1080.624492 8.302696e+06
-1080.763211 8.471432e+06
-1080.901931 8.635760e+06
-1081.040650 8.795248e+06
-1081.179370 8.949544e+06
-1081.318089 9.098400e+06
-1081.456809 9.241680e+06
-1081.595528 9.379296e+06
-1081.734248 9.511248e+06
-1081.872967 9.637632e+06
-1082.011686 9.758584e+06
-1082.150406 9.874272e+06
-1082.289125 9.984936e+06
-1082.427845 1.009078e+07
-1082.566564 1.019198e+07
-1082.705284 1.028879e+07
-1082.844003 1.038133e+07
-1082.982723 1.046971e+07
-1083.121442 1.055399e+07
-1083.260161 1.063411e+07
-1083.398881 1.071001e+07
-1083.537600 1.078146e+07
-1083.676320 1.084826e+07
-1083.815039 1.091005e+07
-1083.953759 1.096647e+07
-1084.092478 1.101707e+07
-1084.231198 1.106142e+07
-1084.369917 1.109897e+07
-1084.508636 1.112929e+07
-1084.647356 1.115186e+07
-1084.786075 1.116627e+07
-1084.924795 1.117213e+07
-1085.063514 1.116909e+07
-1085.202234 1.115692e+07
-1085.340953 1.113550e+07
-1085.479673 1.110475e+07
-1085.618392 1.106479e+07
-1085.757111 1.101583e+07
-1085.895831 1.095818e+07
-1086.034550 1.089233e+07
-1086.173270 1.081882e+07
-1086.311989 1.073840e+07
-1086.450709 1.065186e+07
-1086.589428 1.056012e+07
-1086.728148 1.046418e+07
-1086.866867 1.036508e+07
-1087.005587 1.026395e+07
-1087.144306 1.016193e+07
-1087.283025 1.006021e+07
-1087.421745 9.959928e+06
-1087.560464 9.862216e+06
-1087.699184 9.768192e+06
-1087.837903 9.678904e+06
-1087.976623 9.595272e+06
-1088.115342 9.518216e+06
-1088.254062 9.448504e+06
-1088.392781 9.386792e+06
-1088.531500 9.333608e+06
-1088.670220 9.289368e+06
-1088.808939 9.254344e+06
-1088.947659 9.228616e+06
-1089.086378 9.212224e+06
-1089.225098 9.204928e+06
-1089.363817 9.206448e+06
-1089.502537 9.216304e+06
-1089.641256 9.233928e+06
-1089.779975 9.258608e+06
-1089.918695 9.289496e+06
-1090.057414 9.325656e+06
-1090.196134 9.366104e+06
-1090.334853 9.409736e+06
-1090.473573 9.455456e+06
-1090.612292 9.502072e+06
-1090.751012 9.548416e+06
-1090.889731 9.593320e+06
-1091.028450 9.635632e+06
-1091.167170 9.674224e+06
-1091.305889 9.708048e+06
-1091.444609 9.736120e+06
-1091.583328 9.757512e+06
-1091.722048 9.771392e+06
-1091.860767 9.777048e+06
-1091.999487 9.773856e+06
-1092.138206 9.761304e+06
-1092.276925 9.738992e+06
-1092.415645 9.706664e+06
-1092.554364 9.664168e+06
-1092.693084 9.611496e+06
-1092.831803 9.548752e+06
-1092.970523 9.476176e+06
-1093.109242 9.394128e+06
-1093.247962 9.303096e+06
-1093.386681 9.203672e+06
-1093.525401 9.096584e+06
-1093.664120 8.982648e+06
-1093.802839 8.862760e+06
-1093.941559 8.737920e+06
-1094.080278 8.609152e+06
-1094.218998 8.477568e+06
-1094.357717 8.344272e+06
-1094.496437 8.210400e+06
-1094.635156 8.077032e+06
-1094.773876 7.945280e+06
-1094.912595 7.816152e+06
-1095.051314 7.690632e+06
-1095.190034 7.569616e+06
-1095.328753 7.453872e+06
-1095.467473 7.344144e+06
-1095.606192 7.241032e+06
-1095.744912 7.145024e+06
-1095.883631 7.056568e+06
-1096.022351 6.975920e+06
-1096.161070 6.903344e+06
-1096.299789 6.838960e+06
-1096.438509 6.782800e+06
-1096.577228 6.734848e+06
-1096.715948 6.694992e+06
-1096.854667 6.663064e+06
-1096.993387 6.638840e+06
-1097.132106 6.621976e+06
-1097.270826 6.612128e+06
-1097.409545 6.608832e+06
-1097.548264 6.611560e+06
-1097.686984 6.619720e+06
-1097.825703 6.632640e+06
-1097.964423 6.649544e+06
-1098.103142 6.669584e+06
-1098.241862 6.691848e+06
-1098.380581 6.715344e+06
-1098.519301 6.738992e+06
-1098.658020 6.761672e+06
-1098.796739 6.782208e+06
-1098.935459 6.799424e+06
-1099.074178 6.812096e+06
-1099.212898 6.819040e+06
-1099.351617 6.819104e+06
-1099.490337 6.811152e+06
-1099.629056 6.794176e+06
-1099.767776 6.767192e+06
-1099.906495 6.729384e+06
-1100.045215 6.680048e+06
-1100.183934 6.618600e+06
-1100.322653 6.544608e+06
-1100.461373 6.457816e+06
-1100.600092 6.358088e+06
-1100.738812 6.245464e+06
-1100.877531 6.120160e+06
-1101.016251 5.982488e+06
-1101.154970 5.832912e+06
-1101.293690 5.672072e+06
-1101.432409 5.500672e+06
-1101.571128 5.319552e+06
-1101.709848 5.129640e+06
-1101.848567 4.931944e+06
-1101.987287 4.727520e+06
-1102.126006 4.517536e+06
-1102.264726 4.303104e+06
-1102.403445 4.085472e+06
-1102.542165 3.865816e+06
-1102.680884 3.645376e+06
-1102.819603 3.425328e+06
-1102.958323 3.206856e+06
-1103.097042 2.991104e+06
-1103.235762 2.779120e+06
-1103.374481 2.571944e+06
-1103.513201 2.370496e+06
-1103.651920 2.175624e+06
-1103.790640 1.988056e+06
-1103.929359 1.808440e+06
-1104.068078 1.637256e+06
-1104.206798 1.474872e+06
-1104.345517 1.321528e+06
-1104.484237 1.177304e+06
-1104.622956 1.042136e+06
-1104.761676 9.158400e+05
-1104.900395 7.980640e+05
-1105.039115 6.883680e+05
-1105.177834 5.861440e+05
-1105.316554 4.907040e+05
-1105.455273 4.012640e+05
-1105.593992 3.169760e+05
-1105.732712 2.369280e+05
-1105.871431 1.601520e+05
-1106.010151 8.572000e+04
-1106.148870 1.267200e+04
-1106.287590 -5.986400e+04
-1106.426309 -1.327760e+05
-1106.565029 -2.068320e+05
-1106.703748 -2.827040e+05
-1106.842467 -3.609360e+05
-1106.981187 -4.419680e+05
-1107.119906 -5.261600e+05
-1107.258626 -6.136560e+05
-1107.397345 -7.044960e+05
-1107.536065 -7.985760e+05
-1107.674784 -8.957280e+05
-1107.813504 -9.955760e+05
-1107.952223 -1.097712e+06
-1108.090942 -1.201600e+06
-1108.229662 -1.306640e+06
-1108.368381 -1.412176e+06
-1108.507101 -1.517520e+06
-1108.645820 -1.621920e+06
-1108.784540 -1.724656e+06
-1108.923259 -1.824984e+06
-1109.061979 -1.922144e+06
-1109.200698 -2.015456e+06
-1109.339417 -2.104208e+06
-1109.478137 -2.187728e+06
-1109.616856 -2.265384e+06
-1109.755576 -2.336576e+06
-1109.894295 -2.400720e+06
-1110.033015 -2.457240e+06
-1110.171734 -2.505640e+06
-1110.310454 -2.545360e+06
-1110.449173 -2.575888e+06
-1110.587892 -2.596728e+06
-1110.726612 -2.607344e+06
-1110.865331 -2.607192e+06
-1111.004051 -2.595728e+06
-1111.142770 -2.572336e+06
-1111.281490 -2.536448e+06
-1111.420209 -2.487384e+06
-1111.558929 -2.424496e+06
-1111.697648 -2.347064e+06
-1111.836368 -2.254360e+06
-1111.975087 -2.145624e+06
-1112.113806 -2.020112e+06
-1112.252526 -1.877064e+06
-1112.391245 -1.715720e+06
-1112.529965 -1.535376e+06
-1112.668684 -1.335352e+06
-1112.807404 -1.115032e+06
-1112.946123 -8.738960e+05
-1113.084843 -6.114880e+05
-1113.223562 -3.274960e+05
-1113.362281 -2.172000e+04
-1113.501001 3.058800e+05
-1113.639720 6.552080e+05
-1113.778440 1.025984e+06
-1113.917159 1.417736e+06
-1114.055879 1.829808e+06
-1114.194598 2.261384e+06
-1114.333318 2.711432e+06
-1114.472037 3.178760e+06
-1114.610756 3.661960e+06
-1114.749476 4.159472e+06
-1114.888195 4.669616e+06
-1115.026915 5.190520e+06
-1115.165634 5.720192e+06
-1115.304354 6.256592e+06
-1115.443073 6.797488e+06
-1115.581793 7.340680e+06
-1115.720512 7.883888e+06
-1115.859231 8.424776e+06
-1115.997951 8.961056e+06
-1116.136670 9.490448e+06
-1116.275390 1.001070e+07
-1116.414109 1.051961e+07
-1116.552829 1.101509e+07
-1116.691548 1.149514e+07
-1116.830268 1.195792e+07
-1116.968987 1.240162e+07
-1117.107706 1.282470e+07
-1117.246426 1.322574e+07
-1117.385145 1.360351e+07
-1117.523865 1.395698e+07
-1117.662584 1.428531e+07
-1117.801304 1.458790e+07
-1117.940023 1.486435e+07
-1118.078743 1.511446e+07
-1118.217462 1.533826e+07
-1118.356182 1.553601e+07
-1118.494901 1.570814e+07
-1118.633620 1.585526e+07
-1118.772340 1.597814e+07
-1118.911059 1.607773e+07
-1119.049779 1.615506e+07
-1119.188498 1.621130e+07
-1119.327218 1.624764e+07
-1119.465937 1.626538e+07
-1119.604657 1.626576e+07
-1119.743376 1.625005e+07
-1119.882095 1.621949e+07
-1120.020815 1.617522e+07
-1120.159534 1.611834e+07
-1120.298254 1.604982e+07
-1120.436973 1.597054e+07
-1120.575693 1.588122e+07
-1120.714412 1.578251e+07
-1120.853132 1.567486e+07
-1120.991851 1.555865e+07
-1121.130570 1.543408e+07
-1121.269290 1.530130e+07
-1121.408009 1.516031e+07
-1121.546729 1.501105e+07
-1121.685448 1.485340e+07
-1121.824168 1.468714e+07
-1121.962887 1.451208e+07
-1122.101607 1.432797e+07
-1122.240326 1.413458e+07
-1122.379045 1.393170e+07
-1122.517765 1.371915e+07
-1122.656484 1.349677e+07
-1122.795204 1.326450e+07
-1122.933923 1.302231e+07
-1123.072643 1.277022e+07
-1123.211362 1.250832e+07
-1123.350082 1.223678e+07
-1123.488801 1.195582e+07
-1123.627521 1.166571e+07
-1123.766240 1.136677e+07
-1123.904959 1.105935e+07
-1124.043679 1.074387e+07
-1124.182398 1.042073e+07
-1124.321118 1.009042e+07
-1124.459837 9.753360e+06
-1124.598557 9.410064e+06
-1124.737276 9.061032e+06
-1124.875996 8.706736e+06
-1125.014715 8.347696e+06
-1125.153434 7.984408e+06
-1125.292154 7.617376e+06
-1125.430873 7.247096e+06
-1125.569593 6.874104e+06
-1125.708312 6.498880e+06
-1125.847032 6.121952e+06
-1125.985751 5.743800e+06
-1126.124471 5.364968e+06
-1126.263190 4.985928e+06
-1126.401909 4.607232e+06
-1126.540629 4.229376e+06
-1126.679348 3.852896e+06
-1126.818068 3.478344e+06
-1126.956787 3.106256e+06
-1127.095507 2.737208e+06
-1127.234226 2.371768e+06
-1127.372946 2.010568e+06
-1127.511665 1.654192e+06
-1127.650384 1.303312e+06
-1127.789104 9.586240e+05
-1127.927823 6.208080e+05
-1128.066543 2.906080e+05
-1128.205262 -3.122400e+04
-1128.343982 -3.439200e+05
-1128.482701 -6.466720e+05
-1128.621421 -9.386880e+05
-1128.760140 -1.219168e+06
-1128.898859 -1.487296e+06
-1129.037579 -1.742296e+06
-1129.176298 1.742830e+07
