 1505.656212 -1.875271e+07
 1505.471265 -1.836021e+07
 1505.286318 -1.797555e+07
 1505.101370 -1.760001e+07
 1504.916423 -1.723481e+07
 1504.731476 -1.688102e+07
 1504.546528 -1.653963e+07
 1504.361581 -1.621148e+07
 1504.176634 -1.589736e+07
 1503.991686 -1.559790e+07
 1503.806739 -1.531368e+07
 1503.621792 -1.504515e+07
 1503.436844 -1.479276e+07
 1503.251897 -1.455682e+07
 1503.066950 -1.433762e+07
 1502.882002 -1.413539e+07
 1502.697055 -1.395037e+07
 1502.512108 -1.378269e+07
 1502.327160 -1.363250e+07
 1502.142213 -1.349994e+07
 1501.957266 -1.338506e+07
 1501.772318 -1.328793e+07
 1501.587371 -1.320854e+07
 1501.402424 -1.314689e+07
 1501.217476 -1.310286e+07
 1501.032529 -1.307634e+07
 1500.847582 -1.306707e+07
 1500.662634 -1.307478e+07
 1500.477687 -1.309909e+07
 1500.292740 -1.313952e+07
 1500.107793 -1.319556e+07
 1499.922845 -1.326654e+07
 1499.737898 -1.335176e+07
 1499.552951 -1.345041e+07
 1499.368003 -1.356160e+07
 1499.183056 -1.368441e+07
 1498.998109 -1.381782e+07
 1498.813161 -1.396077e+07
 1498.628214 -1.411216e+07
 1498.443267 -1.427086e+07
 1498.258319 -1.443570e+07
 1498.073372 -1.460550e+07
 1497.888425 -1.477909e+07
 1497.703477 -1.495526e+07
 1497.518530 -1.513282e+07
 1497.333583 -1.531062e+07
 1497.148635 -1.548749e+07
 1496.963688 -1.566230e+07
 1496.778741 -1.583394e+07
 1496.593793 -1.600138e+07
 1496.408846 -1.616356e+07
 1496.223899 -1.631955e+07
 1496.038951 -1.646839e+07
 1495.854004 -1.660925e+07
 1495.669057 -1.674129e+07
 1495.484109 -1.686378e+07
 1495.299162 -1.697604e+07
 1495.114215 -1.707741e+07
 1494.929267 -1.716730e+07
 1494.744320 -1.724522e+07
 1494.559373 -1.731066e+07
 1494.374425 -1.736314e+07
 1494.189478 -1.740230e+07
 1494.004531 -1.742773e+07
 1493.819583 -1.743906e+07
 1493.634636 -1.743595e+07
 1493.449689 -1.741808e+07
 1493.264741 -1.738514e+07
 1493.079794 -1.733683e+07
 1492.894847 -1.727284e+07
 1492.709899 -1.719292e+07
 1492.524952 -1.709678e+07
 1492.340005 -1.698418e+07
 1492.155057 -1.685490e+07
 1491.970110 -1.670872e+07
 1491.785163 -1.654546e+07
 1491.600215 -1.636498e+07
 1491.415268 -1.616714e+07
 1491.230321 -1.595186e+07
 1491.045373 -1.571905e+07
 1490.860426 -1.546870e+07
 1490.675479 -1.520083e+07
 1490.490531 -1.491545e+07
 1490.305584 -1.461259e+07
 1490.120637 -1.429235e+07
 1489.935689 -1.395480e+07
 1489.750742 -1.360005e+07
 1489.565795 -1.322821e+07
 1489.380847 -1.283942e+07
 1489.195900 -1.243381e+07
 1489.010953 -1.201156e+07
 1488.826005 -1.157287e+07
 1488.641058 -1.111796e+07
 1488.456111 -1.064713e+07
 1488.271163 -1.016074e+07
 1488.086216 -9.659192e+06
 1487.901269 -9.143056e+06
 1487.716321 -8.612968e+06
 1487.531374 -8.069720e+06
 1487.346427 -7.514216e+06
 1487.161479 -6.947576e+06
 1486.976532 -6.371048e+06
 1486.791585 -5.786048e+06
 1486.606637 -5.194176e+06
 1486.421690 -4.597224e+06
 1486.236743 -3.997096e+06
 1486.051795 -3.395864e+06
 1485.866848 -2.795752e+06
 1485.681901 -2.199048e+06
 1485.496953 -1.608144e+06
 1485.312006 -1.025480e+06
 1485.127059 -4.535040e+05
 1484.942111 1.053040e+05
 1484.757164 6.485600e+05
 1484.572217 1.173888e+06
 1484.387269 1.679024e+06
 1484.202322 2.161824e+06
 1484.017375 2.620272e+06
 1483.832427 3.052504e+06
 1483.647480 3.456848e+06
 1483.462533 3.831784e+06
 1483.277585 4.176008e+06
 1483.092638 4.488400e+06
 1482.907691 4.768080e+06
 1482.722743 5.014344e+06
 1482.537796 5.226736e+06
 1482.352849 5.404992e+06
 1482.167902 5.549080e+06
 1481.982954 5.659168e+06
 1481.798007 5.735688e+06
 1481.613060 5.779200e+06
 1481.428112 5.790536e+06
 1481.243165 5.770696e+06
 1481.058218 5.720848e+06
 1480.873270 5.642368e+06
 1480.688323 5.536752e+06
 1480.503376 5.405640e+06
 1480.318428 5.250800e+06
 1480.133481 5.074088e+06
 1479.948534 4.877416e+06
 1479.763586 4.662752e+06
 1479.578639 4.432072e+06
 1479.393692 4.187336e+06
 1479.208744 3.930480e+06
 1479.023797 3.663368e+06
 1478.838850 3.387752e+06
 1478.653902 3.105336e+06
 1478.468955 2.817632e+06
 1478.284008 2.526040e+06
 1478.099060 2.231808e+06
 1477.914113 1.936016e+06
 1477.729166 1.639560e+06
 1477.544218 1.343184e+06
 1477.359271 1.047464e+06
 1477.174324 7.528000e+05
 1476.989376 4.594720e+05
 1476.804429 1.675920e+05
 1476.619482 -1.228240e+05
 1476.434534 -4.118880e+05
 1476.249587 -6.997920e+05
 1476.064640 -9.867600e+05
 1475.879692 -1.273112e+06
 1475.694745 -1.559160e+06
 1475.509798 -1.845216e+06
 1475.324850 -2.131600e+06
 1475.139903 -2.418592e+06
 1474.954956 -2.706408e+06
 1474.770008 -2.995208e+06
 1474.585061 -3.285104e+06
 1474.400114 -3.576088e+06
 1474.215166 -3.868104e+06
 1474.030219 -4.160960e+06
 1473.845272 -4.454440e+06
 1473.660324 -4.748200e+06
 1473.475377 -5.041824e+06
 1473.290430 -5.334856e+06
 1473.105482 -5.626768e+06
 1472.920535 -5.917000e+06
 1472.735588 -6.204960e+06
 1472.550640 -6.490064e+06
 1472.365693 -6.771688e+06
 1472.180746 -7.049312e+06
 1471.995798 -7.322384e+06
 1471.810851 -7.590408e+06
 1471.625904 -7.852960e+06
 1471.440956 -8.109688e+06
 1471.256009 -8.360328e+06
 1471.071062 -8.604648e+06
 1470.886114 -8.842536e+06
 1470.701167 -9.073976e+06
 1470.516220 -9.298968e+06
 1470.331272 -9.517648e+06
 1470.146325 -9.730208e+06
 1469.961378 -9.936904e+06
 1469.776430 -1.013804e+07
 1469.591483 -1.033399e+07
 1469.406536 -1.052515e+07
 1469.221588 -1.071196e+07
 1469.036641 -1.089488e+07
 1468.851694 -1.107440e+07
 1468.666746 -1.125101e+07
 1468.481799 -1.142519e+07
 1468.296852 -1.159746e+07
 1468.111904 -1.176826e+07
 1467.926957 -1.193807e+07
 1467.742010 -1.210730e+07
 1467.557062 -1.227633e+07
 1467.372115 -1.244553e+07
 1467.187168 -1.261518e+07
 1467.002220 -1.278550e+07
 1466.817273 -1.295669e+07
 1466.632326 -1.312878e+07
 1466.447378 -1.330182e+07
 1466.262431 -1.347569e+07
 1466.077484 -1.365019e+07
 1465.892536 -1.382504e+07
 1465.707589 -1.399982e+07
 1465.522642 -1.417398e+07
 1465.337694 -1.434691e+07
 1465.152747 -1.451784e+07
 1464.967800 -1.468590e+07
 1464.782853 -1.485012e+07
 1464.597905 -1.500942e+07
 1464.412958 -1.516265e+07
 1464.228011 -1.530856e+07
 1464.043063 -1.544586e+07
 1463.858116 -1.557322e+07
 1463.673169 -1.568926e+07
 1463.488221 -1.579265e+07
 1463.303274 -1.588202e+07
 1463.118327 -1.595610e+07
 1462.933379 -1.601365e+07
 1462.748432 -1.605354e+07
 1462.563485 -1.607479e+07
 1462.378537 -1.607650e+07
 1462.193590 -1.605800e+07
 1462.008643 -1.601876e+07
 1461.823695 -1.595849e+07
 1461.638748 -1.587707e+07
 1461.453801 -1.577466e+07
 1461.268853 -1.565161e+07
 1461.083906 -1.550851e+07
 1460.898959 -1.534620e+07
 1460.714011 -1.516569e+07
 1460.529064 -1.496823e+07
 1460.344117 -1.475524e+07
 1460.159169 -1.452830e+07
 1459.974222 -1.428911e+07
 1459.789275 -1.403950e+07
 1459.604327 -1.378132e+07
 1459.419380 -1.351649e+07
 1459.234433 -1.324692e+07
 1459.049485 -1.297452e+07
 1458.864538 -1.270106e+07
 1458.679591 -1.242828e+07
 1458.494643 -1.215777e+07
 1458.309696 -1.189099e+07
 1458.124749 -1.162923e+07
 1457.939801 -1.137358e+07
 1457.754854 -1.112496e+07
 1457.569907 -1.088410e+07
 1457.384959 -1.065150e+07
 1457.200012 -1.042750e+07
 1457.015065 -1.021221e+07
 1456.830117 -1.000561e+07
 1456.645170 -9.807488e+06
 1456.460223 -9.617520e+06
 1456.275275 -9.435256e+06
 1456.090328 -9.260136e+06
 1455.905381 -9.091608e+06
 1455.720433 -8.929016e+06
 1455.535486 -8.771744e+06
 1455.350539 -8.619248e+06
 1455.165591 -8.470952e+06
 1454.980644 -8.326480e+06
 1454.795697 -8.185512e+06
 1454.610749 -8.047872e+06
 1454.425802 -7.913576e+06
 1454.240855 -7.782752e+06
 1454.055907 -7.655752e+06
 1453.870960 -7.533104e+06
 1453.686013 -7.415488e+06
 1453.501065 -7.303760e+06
 1453.316118 -7.198920e+06
 1453.131171 -7.102136e+06
 1452.946223 -7.014632e+06
 1452.761276 -6.937744e+06
 1452.576329 -6.872864e+06
 1452.391381 -6.821392e+06
 1452.206434 -6.784760e+06
 1452.021487 -6.764304e+06
 1451.836539 -6.761320e+06
 1451.651592 -6.777040e+06
 1451.466645 -6.812520e+06
 1451.281697 -6.868696e+06
 1451.096750 -6.946336e+06
 1450.911803 -7.046040e+06
 1450.726855 -7.168184e+06
 1450.541908 -7.312976e+06
 1450.356961 -7.480408e+06
 1450.172013 -7.670272e+06
 1449.987066 -7.882168e+06
 1449.802119 -8.115528e+06
 1449.617171 -8.369592e+06
 1449.432224 -8.643464e+06
 1449.247277 -8.936120e+06
 1449.062329 -9.246400e+06
 1448.877382 -9.573120e+06
 1448.692435 -9.914984e+06
 1448.507487 -1.027066e+07
 1448.322540 -1.063885e+07
 1448.137593 -1.101817e+07
 1447.952645 -1.140738e+07
 1447.767698 -1.180518e+07
 1447.582751 -1.221040e+07
 1447.397803 -1.262189e+07
 1447.212856 -1.303859e+07
 1447.027909 -1.345956e+07
 1446.842962 -1.388387e+07
 1446.658014 -1.431074e+07
 1446.473067 -1.473945e+07
 1446.288120 -1.516935e+07
 1446.103172 -1.559990e+07
 1445.918225 -1.603060e+07
 1445.733278 -1.646103e+07
 1445.548330 -1.689086e+07
 1445.363383 -1.731975e+07
 1445.178436 -1.774749e+07
 1444.993488 -1.817386e+07
 1444.808541 -1.859872e+07
 1444.623594 -1.902194e+07
 1444.438646 -1.944346e+07
 1444.253699 -1.986322e+07
 1444.068752 -2.028122e+07
 1443.883804 -2.069750e+07
 1443.698857 -2.111212e+07
 1443.513910 -2.152517e+07
 1443.328962 -2.193674e+07
 1443.144015 -2.234700e+07
 1442.959068 -2.275610e+07
 1442.774120 -2.316421e+07
 1442.589173 -2.357149e+07
 1442.404226 -2.397813e+07
 1442.219278 -2.438426e+07
 1442.034331 -2.479001e+07
 1441.849384 -2.519542e+07
 1441.664436 -2.560049e+07
 1441.479489 -2.600515e+07
 1441.294542 -2.640921e+07
 1441.109594 -2.681237e+07
 1440.924647 -2.721419e+07
 1440.739700 -2.761410e+07
 1440.554752 -2.801137e+07
 1440.369805 -2.840513e+07
 1440.184858 -2.879431e+07
 1439.999910 -2.917775e+07
 1439.814963 -2.955408e+07
 1439.630016 -2.992181e+07
 1439.445068 -3.027934e+07
 1439.260121 -3.062495e+07
 1439.075174 -3.095687e+07
 1438.890226 -3.127327e+07
 1438.705279 -3.157228e+07
 1438.520332 -3.185206e+07
 1438.335384 -3.211078e+07
 1438.150437 -3.234671e+07
 1437.965490 -3.255822e+07
 1437.780542 -3.274375e+07
 1437.595595 -3.290198e+07
 1437.410648 -3.303165e+07
 1437.225700 -3.313177e+07
 1437.040753 -3.320150e+07
 1436.855806 -3.324023e+07
 1436.670858 -3.324755e+07
 1436.485911 -3.322324e+07
 1436.300964 -3.316733e+07
 1436.116016 -3.308000e+07
 1435.931069 -3.296167e+07
 1435.746122 -3.281296e+07
 1435.561174 -3.263461e+07
 1435.376227 -3.242758e+07
 1435.191280 -3.219297e+07
 1435.006332 -3.193202e+07
 1434.821385 -3.164609e+07
 1434.636438 -3.133671e+07
 1434.451490 -3.100545e+07
 1434.266543 -3.065404e+07
 1434.081596 -3.028424e+07
 1433.896648 -2.989790e+07
 1433.711701 -2.949693e+07
 1433.526754 -2.908325e+07
 1433.341806 -2.865880e+07
 1433.156859 -2.822555e+07
 1432.971912 -2.778540e+07
 1432.786964 -2.734026e+07
 1432.602017 -2.689196e+07
 1432.417070 -2.644229e+07
 1432.232122 -2.599288e+07
 1432.047175 -2.554534e+07
 1431.862228 -2.510114e+07
 1431.677280 -2.466166e+07
 1431.492333 -2.422810e+07
 1431.307386 -2.380160e+07
 1431.122438 -2.338313e+07
 1430.937491 -2.297358e+07
 1430.752544 -2.257370e+07
 1430.567596 -2.218411e+07
 1430.382649 -2.180540e+07
 1430.197702 -2.143800e+07
 1430.012754 -2.108227e+07
 1429.827807 -2.073852e+07
 1429.642860 -2.040695e+07
 1429.457912 -2.008775e+07
 1429.272965 -1.978102e+07
 1429.088018 -1.948679e+07
 1428.903071 -1.920510e+07
 1428.718123 -1.893592e+07
 1428.533176 -1.867918e+07
 1428.348229 -1.843474e+07
 1428.163281 -1.820247e+07
 1427.978334 -1.798220e+07
 1427.793387 -1.777370e+07
 1427.608439 -1.757666e+07
 1427.423492 -1.739086e+07
 1427.238545 -1.721592e+07
 1427.053597 -1.705146e+07
 1426.868650 -1.689710e+07
 1426.683703 -1.675236e+07
 1426.498755 -1.661678e+07
 1426.313808 -1.648982e+07
 1426.128861 -1.637092e+07
 1425.943913 -1.625946e+07
 1425.758966 -1.615480e+07
 1425.574019 -1.605622e+07
 1425.389071 -1.596298e+07
 1425.204124 -1.587427e+07
 1425.019177 -1.578926e+07
 1424.834229 -1.570703e+07
 1424.649282 -1.562663e+07
 1424.464335 -1.554708e+07
 1424.279387 -1.546734e+07
 1424.094440 -1.538635e+07
 1423.909493 -1.530302e+07
 1423.724545 -1.521624e+07
 1423.539598 -1.512491e+07
 1423.354651 -1.502794e+07
 1423.169703 -1.492422e+07
 1422.984756 -1.481271e+07
 1422.799809 -1.469238e+07
 1422.614861 -1.456225e+07
 1422.429914 -1.442138e+07
 1422.244967 -1.426889e+07
 1422.060019 -1.410394e+07
 1421.875072 -1.392574e+07
 1421.690125 -1.373355e+07
 1421.505177 -1.352668e+07
 1421.320230 -1.330448e+07
 1421.135283 -1.306630e+07
 1420.950335 -1.281158e+07
 1420.765388 -1.253970e+07
 1420.580441 -1.225015e+07
 1420.395493 -1.194241e+07
 1420.210546 -1.161598e+07
 1420.025599 -1.127041e+07
 1419.840651 -1.090530e+07
 1419.655704 -1.052028e+07
 1419.470757 -1.011510e+07
 1419.285809 -9.689528e+06
 1419.100862 -9.243480e+06
 1418.915915 -8.776960e+06
 1418.730967 -8.290104e+06
 1418.546020 -7.783192e+06
 1418.361073 -7.256656e+06
 1418.176125 -6.711096e+06
 1417.991178 -6.147280e+06
 1417.806231 -5.566144e+06
 1417.621283 -4.968792e+06
 1417.436336 -4.356512e+06
 1417.251389 -3.730760e+06
 1417.066441 -3.093128e+06
 1416.881494 -2.445344e+06
 1416.696547 -1.789272e+06
 1416.511599 -1.126872e+06
 1416.326652 -4.602080e+05
 1416.141705 2.086160e+05
 1415.956757 8.774480e+05
 1415.771810 1.544120e+06
 1415.586863 2.206456e+06
 1415.401915 2.862320e+06
 1415.216968 3.509608e+06
 1415.032021 4.146288e+06
 1414.847073 4.770408e+06
 1414.662126 5.380120e+06
 1414.477179 5.973688e+06
 1414.292231 6.549528e+06
 1414.107284 7.106152e+06
 1413.922337 7.642264e+06
 1413.737389 8.156720e+06
 1413.552442 8.648528e+06
 1413.367495 9.116864e+06
 1413.182547 9.561072e+06
 1412.997600 9.980696e+06
 1412.812653 1.037541e+07
 1412.627705 1.074506e+07
 1412.442758 1.108967e+07
 1412.257811 1.140938e+07
 1412.072863 1.170451e+07
 1411.887916 1.197550e+07
 1411.702969 1.222293e+07
 1411.518022 1.244748e+07
 1411.333074 1.264999e+07
 1411.148127 1.283139e+07
 1410.963180 1.299274e+07
 1410.778232 1.313518e+07
 1410.593285 1.325997e+07
 1410.408338 1.336850e+07
 1410.223390 1.346225e+07
 1410.038443 1.354275e+07
 1409.853496 1.361169e+07
 1409.668548 1.367080e+07
 1409.483601 1.372189e+07
 1409.298654 1.376683e+07
 1409.113706 1.380751e+07
 1408.928759 1.384588e+07
 1408.743812 1.388384e+07
 1408.558864 1.392328e+07
 1408.373917 1.396602e+07
 1408.188970 1.401382e+07
 1408.004022 1.406828e+07
 1407.819075 1.413090e+07
 1407.634128 1.420300e+07
 1407.449180 1.428568e+07
 1407.264233 1.437988e+07
 1407.079286 1.448628e+07
 1406.894338 1.460534e+07
 1406.709391 1.473724e+07
 1406.524444 1.488196e+07
 1406.339496 1.503922e+07
 1406.154549 1.520850e+07
 1405.969602 1.538907e+07
 1405.784654 1.557995e+07
 1405.599707 1.578000e+07
 1405.414760 1.598790e+07
 1405.229812 1.620215e+07
 1405.044865 1.642117e+07
 1404.859918 1.664318e+07
 1404.674970 1.686642e+07
 1404.490023 1.708900e+07
 1404.305076 1.730902e+07
 1404.120128 1.752458e+07
 1403.935181 1.773379e+07
 1403.750234 1.793478e+07
 1403.565286 1.812582e+07
 1403.380339 1.830521e+07
 1403.195392 1.847138e+07
 1403.010444 1.862293e+07
 1402.825497 1.875859e+07
 1402.640550 1.887731e+07
 1402.455602 1.897822e+07
 1402.270655 1.906062e+07
 1402.085708 1.912410e+07
 1401.900760 1.916840e+07
 1401.715813 1.919354e+07
 1401.530866 1.919973e+07
 1401.345918 1.918738e+07
 1401.160971 1.915709e+07
 1400.976024 1.910964e+07
 1400.791076 1.904597e+07
 1400.606129 1.896713e+07
 1400.421182 1.887429e+07
 1400.236234 1.876866e+07
 1400.051287 1.865154e+07
 1399.866340 1.852421e+07
 1399.681392 1.838795e+07
 1399.496445 1.824402e+07
 1399.311498 1.809362e+07
 1399.126550 1.793784e+07
 1398.941603 1.777774e+07
 1398.756656 1.761423e+07
 1398.571708 1.744813e+07
 1398.386761 1.728013e+07
 1398.201814 1.711080e+07
 1398.016866 1.694061e+07
 1397.831919 1.676985e+07
 1397.646972 1.659875e+07
 1397.462024 1.642738e+07
 1397.277077 1.625576e+07
 1397.092130 1.608373e+07
 1396.907182 1.591110e+07
 1396.722235 1.573758e+07
 1396.537288 1.556278e+07
 1396.352340 1.538629e+07
 1396.167393 1.520763e+07
 1395.982446 1.502626e+07
 1395.797498 1.484166e+07
 1395.612551 1.465327e+07
 1395.427604 1.446055e+07
 1395.242656 1.426297e+07
 1395.057709 1.406003e+07
 1394.872762 1.385132e+07
 1394.687814 1.363643e+07
 1394.502867 1.341510e+07
 1394.317920 1.318711e+07
 1394.132972 1.295237e+07
 1393.948025 1.271087e+07
 1393.763078 1.246278e+07
 1393.578131 1.220834e+07
 1393.393183 1.194792e+07
 1393.208236 1.168204e+07
 1393.023289 1.141133e+07
 1392.838341 1.113654e+07
 1392.653394 1.085849e+07
 1392.468447 1.057817e+07
 1392.283499 1.029662e+07
 1392.098552 1.001493e+07
 1391.913605 9.734304e+06
 1391.728657 9.455960e+06
 1391.543710 9.181136e+06
 1391.358763 8.911112e+06
 1391.173815 8.647128e+06
 1390.988868 8.390432e+06
 1390.803921 8.142208e+06
 1390.618973 7.903584e+06
 1390.434026 7.675592e+06
 1390.249079 7.459208e+06
 1390.064131 7.255280e+06
 1389.879184 7.064512e+06
 1389.694237 6.887496e+06
 1389.509289 6.724640e+06
 1389.324342 6.576224e+06
 1389.139395 6.442344e+06
 1388.954447 6.322928e+06
 1388.769500 6.217744e+06
 1388.584553 6.126384e+06
 1388.399605 6.048248e+06
 1388.214658 5.982648e+06
 1388.029711 5.928696e+06
 1387.844763 5.885400e+06
 1387.659816 5.851648e+06
 1387.474869 5.826256e+06
 1387.289921 5.807936e+06
 1387.104974 5.795392e+06
 1386.920027 5.787256e+06
 1386.735079 5.782200e+06
 1386.550132 5.778888e+06
 1386.365185 5.776016e+06
 1386.180237 5.772352e+06
 1385.995290 5.766752e+06
 1385.810343 5.758120e+06
 1385.625395 5.745496e+06
 1385.440448 5.728016e+06
 1385.255501 5.704944e+06
 1385.070553 5.675640e+06
 1384.885606 5.639592e+06
 1384.700659 5.596432e+06
 1384.515711 5.545840e+06
 1384.330764 5.487672e+06
 1384.145817 5.421848e+06
 1383.960869 5.348368e+06
 1383.775922 5.267304e+06
 1383.590975 5.178824e+06
 1383.406027 5.083112e+06
 1383.221080 4.980400e+06
 1383.036133 4.870960e+06
 1382.851185 4.755032e+06
 1382.666238 4.632904e+06
 1382.481291 4.504816e+06
 1382.296343 4.371008e+06
 1382.111396 4.231656e+06
 1381.926449 4.086936e+06
 1381.741501 3.936936e+06
 1381.556554 3.781696e+06
 1381.371607 3.621216e+06
 1381.186659 3.455400e+06
 1381.001712 3.284104e+06
 1380.816765 3.107112e+06
 1380.631817 2.924136e+06
 1380.446870 2.734824e+06
 1380.261923 2.538760e+06
 1380.076975 2.335480e+06
 1379.892028 2.124456e+06
 1379.707081 1.905112e+06
 1379.522133 1.676840e+06
 1379.337186 1.439000e+06
 1379.152239 1.190904e+06
 1378.967291 9.318880e+05
 1378.782344 6.612480e+05
 1378.597397 3.783040e+05
 1378.412449 8.239200e+04
 1378.227502 -2.271520e+05
 1378.042555 -5.509440e+05
 1377.857607 -8.895440e+05
 1377.672660 -1.243496e+06
 1377.487713 -1.613224e+06
 1377.302765 -1.999128e+06
 1377.117818 -2.401488e+06
 1376.932871 -2.820512e+06
 1376.747923 -3.256296e+06
 1376.562976 -3.708800e+06
 1376.378029 -4.177904e+06
 1376.193081 -4.663328e+06
 1376.008134 -5.164648e+06
 1375.823187 -5.681320e+06
 1375.638240 -6.212624e+06
 1375.453292 -6.757688e+06
 1375.268345 -7.315472e+06
 1375.083398 -7.884800e+06
 1374.898450 -8.464256e+06
 1374.713503 -9.052336e+06
 1374.528556 -9.647320e+06
 1374.343608 -1.024734e+07
 1374.158661 -1.085038e+07
 1373.973714 -1.145429e+07
 1373.788766 -1.205677e+07
 1373.603819 -1.265545e+07
 1373.418872 -1.324787e+07
 1373.233924 -1.383150e+07
 1373.048977 -1.440378e+07
 1372.864030 -1.496221e+07
 1372.679082 -1.550425e+07
 1372.494135 -1.602750e+07
 1372.309188 -1.652965e+07
 1372.124240 -1.700851e+07
 1371.939293 -1.746208e+07
 1371.754346 -1.788857e+07
 1371.569398 -1.828641e+07
 1371.384451 -1.865426e+07
 1371.199504 -1.899108e+07
 1371.014556 -1.929606e+07
 1370.829609 -1.956871e+07
 1370.644662 -1.980878e+07
 1370.459714 -2.001632e+07
 1370.274767 -2.019162e+07
 1370.089820 -2.033525e+07
 1369.904872 -2.044794e+07
 1369.719925 -2.053070e+07
 1369.534978 -2.058468e+07
 1369.350030 -2.061118e+07
 1369.165083 -2.061163e+07
 1368.980136 -2.058757e+07
 1368.795188 -2.054058e+07
 1368.610241 -2.047231e+07
 1368.425294 -2.038441e+07
 1368.240346 -2.027853e+07
 1368.055399 -2.015626e+07
 1367.870452 -2.001918e+07
 1367.685504 -1.986878e+07
 1367.500557 -1.970649e+07
 1367.315610 -1.953361e+07
 1367.130662 -1.935141e+07
 1366.945715 -1.916104e+07
 1366.760768 -1.896352e+07
 1366.575820 -1.875983e+07
 1366.390873 -1.855086e+07
 1366.205926 -1.833741e+07
 1366.020978 -1.812021e+07
 1365.836031 -1.789995e+07
 1365.651084 -1.767728e+07
 1365.466136 -1.745280e+07
 1365.281189 -1.722711e+07
 1365.096242 -1.700078e+07
 1364.911294 -1.677436e+07
 1364.726347 -1.654841e+07
 1364.541400 -1.632350e+07
 1364.356452 -1.610017e+07
 1364.171505 -1.587897e+07
 1363.986558 -1.566046e+07
 1363.801610 -1.544515e+07
 1363.616663 -1.523358e+07
 1363.431716 -1.502626e+07
 1363.246768 -1.482362e+07
 1363.061821 -1.462611e+07
 1362.876874 -1.443412e+07
 1362.691926 -1.424796e+07
 1362.506979 -1.406794e+07
 1362.322032 -1.389422e+07
 1362.137084 -1.372698e+07
 1361.952137 -1.356626e+07
 1361.767190 -1.341207e+07
 1361.582242 -1.326434e+07
 1361.397295 -1.312294e+07
 1361.212348 -1.298768e+07
 1361.027400 -1.285829e+07
 1360.842453 -1.273451e+07
 1360.657506 -1.261602e+07
 1360.472558 -1.250249e+07
 1360.287611 -1.239362e+07
 1360.102664 -1.228908e+07
 1359.917716 -1.218860e+07
 1359.732769 -1.209194e+07
 1359.547822 -1.199889e+07
 1359.362874 -1.190934e+07
 1359.177927 -1.182319e+07
 1358.992980 -1.174047e+07
 1358.808032 -1.166122e+07
 1358.623085 -1.158555e+07
 1358.438138 -1.151366e+07
 1358.253191 -1.144572e+07
 1358.068243 -1.138201e+07
 1357.883296 -1.132277e+07
 1357.698349 -1.126824e+07
 1357.513401 -1.121866e+07
 1357.328454 -1.117419e+07
 1357.143507 -1.113497e+07
 1356.958559 -1.110100e+07
 1356.773612 -1.107224e+07
 1356.588665 -1.104849e+07
 1356.403717 -1.102945e+07
 1356.218770 -1.101466e+07
 1356.033823 -1.100353e+07
 1355.848875 -1.099532e+07
 1355.663928 -1.098916e+07
 1355.478981 -1.098406e+07
 1355.294033 -1.097888e+07
 1355.109086 -1.097243e+07
 1354.924139 -1.096342e+07
 1354.739191 -1.095054e+07
 1354.554244 -1.093243e+07
 1354.369297 -1.090777e+07
 1354.184349 -1.087529e+07
 1353.999402 -1.083378e+07
 1353.814455 -1.078218e+07
 1353.629507 -1.071950e+07
 1353.444560 -1.064498e+07
 1353.259613 -1.055801e+07
 1353.074665 -1.045814e+07
 1352.889718 -1.034518e+07
 1352.704771 -1.021913e+07
 1352.519823 -1.008014e+07
 1352.334876 -9.928632e+06
 1352.149929 -9.765120e+06
 1351.964981 -9.590320e+06
 1351.780034 -9.405072e+06
 1351.595087 -9.210288e+06
 1351.410139 -9.006968e+06
 1351.225192 -8.796136e+06
 1351.040245 -8.578808e+06
 1350.855297 -8.355984e+06
 1350.670350 -8.128592e+06
 1350.485403 -7.897448e+06
 1350.300455 -7.663288e+06
 1350.115508 -7.426680e+06
 1349.930561 -7.188064e+06
 1349.745613 -6.947720e+06
 1349.560666 -6.705736e+06
 1349.375719 -6.462096e+06
 1349.190771 -6.216568e+06
 1349.005824 -5.968808e+06
 1348.820877 -5.718328e+06
 1348.635929 -5.464560e+06
 1348.450982 -5.206800e+06
 1348.266035 -4.944296e+06
 1348.081087 -4.676280e+06
 1347.896140 -4.401928e+06
 1347.711193 -4.120456e+06
 1347.526245 -3.831096e+06
 1347.341298 -3.533152e+06
 1347.156351 -3.226016e+06
 1346.971403 -2.909184e+06
 1346.786456 -2.582256e+06
 1346.601509 -2.245016e+06
 1346.416561 -1.897360e+06
 1346.231614 -1.539368e+06
 1346.046667 -1.171296e+06
 1345.861719 -7.935280e+05
 1345.676772 -4.066640e+05
 1345.491825 -1.144800e+04
 1345.306877 3.912400e+05
 1345.121930 8.003840e+05
 1344.936983 1.214856e+06
 1344.752035 1.633400e+06
 1344.567088 2.054728e+06
 1344.382141 2.477496e+06
 1344.197193 2.900320e+06
 1344.012246 3.321840e+06
 1343.827299 3.740720e+06
 1343.642351 4.155688e+06
 1343.457404 4.565560e+06
 1343.272457 4.969224e+06
 1343.087509 5.365728e+06
 1342.902562 5.754224e+06
 1342.717615 6.134024e+06
 1342.532667 6.504584e+06
 1342.347720 6.865544e+06
 1342.162773 7.216648e+06
 1341.977825 7.557832e+06
 1341.792878 7.889160e+06
 1341.607931 8.210832e+06
 1341.422983 8.523152e+06
 1341.238036 8.826544e+06
 1341.053089 9.121520e+06
 1340.868141 9.408648e+06
 1340.683194 9.688568e+06
 1340.498247 9.961944e+06
 1340.313300 1.022950e+07
 1340.128352 1.049196e+07
 1339.943405 1.075004e+07
 1339.758458 1.100446e+07
 1339.573510 1.125595e+07
 1339.388563 1.150521e+07
 1339.203616 1.175291e+07
 1339.018668 1.199971e+07
 1338.833721 1.224626e+07
 1338.648774 1.249312e+07
 1338.463826 1.274089e+07
 1338.278879 1.299009e+07
 1338.093932 1.324120e+07
 1337.908984 1.349466e+07
 1337.724037 1.375084e+07
 1337.539090 1.401006e+07
 1337.354142 1.427255e+07
 1337.169195 1.453847e+07
 1336.984248 1.480786e+07
 1336.799300 1.508066e+07
 1336.614353 1.535670e+07
 1336.429406 1.563568e+07
 1336.244458 1.591716e+07
 1336.059511 1.620060e+07
 1335.874564 1.648530e+07
 1335.689616 1.677046e+07
 1335.504669 1.705515e+07
 1335.319722 1.733838e+07
 1335.134774 1.761902e+07
 1334.949827 1.789591e+07
 1334.764880 1.816788e+07
 1334.579932 1.843374e+07
 1334.394985 1.869225e+07
 1334.210038 1.894230e+07
 1334.025090 1.918278e+07
 1333.840143 1.941269e+07
 1333.655196 1.963112e+07
 1333.470248 1.983728e+07
 1333.285301 2.003051e+07
 1333.100354 2.021025e+07
 1332.915406 2.037610e+07
 1332.730459 2.052776e+07
 1332.545512 2.066505e+07
 1332.360564 2.078791e+07
 1332.175617 2.089634e+07
 1331.990670 2.099045e+07
 1331.805722 2.107038e+07
 1331.620775 2.113634e+07
 1331.435828 2.118854e+07
 1331.250880 2.122724e+07
 1331.065933 2.125268e+07
 1330.880986 2.126513e+07
 1330.696038 2.126484e+07
 1330.511091 2.125207e+07
 1330.326144 2.122708e+07
 1330.141196 2.119012e+07
 1329.956249 2.114147e+07
 1329.771302 2.108144e+07
 1329.586354 2.101035e+07
 1329.401407 2.092858e+07
 1329.216460 2.083658e+07
 1329.031512 2.073483e+07
 1328.846565 2.062388e+07
 1328.661618 2.050440e+07
 1328.476670 2.037710e+07
 1328.291723 2.024280e+07
 1328.106776 2.010238e+07
 1327.921828 1.995681e+07
 1327.736881 1.980713e+07
 1327.551934 1.965445e+07
 1327.366986 1.949988e+07
 1327.182039 1.934466e+07
 1326.997092 1.918998e+07
 1326.812144 1.903708e+07
 1326.627197 1.888720e+07
 1326.442250 1.874153e+07
 1326.257302 1.860124e+07
 1326.072355 1.846749e+07
 1325.887408 1.834132e+07
 1325.702460 1.822375e+07
 1325.517513 1.811570e+07
 1325.332566 1.801798e+07
 1325.147618 1.793134e+07
 1324.962671 1.785635e+07
 1324.777724 1.779354e+07
 1324.592776 1.774327e+07
 1324.407829 1.770582e+07
 1324.222882 1.768130e+07
 1324.037934 1.766972e+07
 1323.852987 1.767097e+07
 1323.668040 1.768479e+07
 1323.483092 1.771083e+07
 1323.298145 1.774858e+07
 1323.113198 1.779746e+07
 1322.928250 1.785674e+07
 1322.743303 1.792562e+07
 1322.558356 1.800319e+07
 1322.373409 1.808842e+07
 1322.188461 1.818026e+07
 1322.003514 1.827754e+07
 1321.818567 1.837910e+07
 1321.633619 1.848366e+07
 1321.448672 1.858995e+07
 1321.263725 1.869671e+07
 1321.078777 1.880266e+07
 1320.893830 1.890650e+07
 1320.708883 1.900702e+07
 1320.523935 1.910302e+07
 1320.338988 1.919334e+07
 1320.154041 1.927688e+07
 1319.969093 1.935260e+07
 1319.784146 1.941953e+07
 1319.599199 1.947675e+07
 1319.414251 1.952339e+07
 1319.229304 1.955864e+07
 1319.044357 1.958171e+07
 1318.859409 1.959188e+07
 1318.674462 1.958840e+07
 1318.489515 1.957057e+07
 1318.304567 1.953768e+07
 1318.119620 1.948901e+07
 1317.934673 1.942384e+07
 1317.749725 1.934146e+07
 1317.564778 1.924110e+07
 1317.379831 1.912206e+07
 1317.194883 1.898362e+07
 1317.009936 1.882506e+07
 1316.824989 1.864577e+07
 1316.640041 1.844516e+07
 1316.455094 1.822274e+07
 1316.270147 1.797812e+07
 1316.085199 1.771106e+07
 1315.900252 1.742148e+07
 1315.715305 1.710946e+07
 1315.530357 1.677526e+07
 1315.345410 1.641934e+07
 1315.160463 1.604237e+07
 1314.975515 1.564522e+07
 1314.790568 1.522898e+07
 1314.605621 1.479484e+07
 1314.420673 1.434425e+07
 1314.235726 1.387871e+07
 1314.050779 1.339991e+07
 1313.865831 1.290954e+07
 1313.680884 1.240940e+07
 1313.495937 1.190122e+07
 1313.310989 1.138675e+07
 1313.126042 1.086766e+07
 1312.941095 1.034553e+07
 1312.756147 9.821776e+06
 1312.571200 9.297688e+06
 1312.386253 8.774376e+06
 1312.201305 8.252752e+06
 1312.016358 7.733512e+06
 1311.831411 7.217216e+06
 1311.646463 6.704152e+06
 1311.461516 6.194432e+06
 1311.276569 5.688016e+06
 1311.091621 5.184704e+06
 1310.906674 4.684120e+06
 1310.721727 4.185792e+06
 1310.536779 3.689160e+06
 1310.351832 3.193592e+06
 1310.166885 2.698400e+06
 1309.981937 2.202928e+06
 1309.796990 1.706480e+06
 1309.612043 1.208424e+06
 1309.427095 7.081920e+05
 1309.242148 2.052640e+05
 1309.057201 -3.007280e+05
 1308.872253 -8.101200e+05
 1308.687306 -1.323040e+06
 1308.502359 -1.839512e+06
 1308.317411 -2.359424e+06
 1308.132464 -2.882504e+06
 1307.947517 -3.408328e+06
 1307.762569 -3.936360e+06
 1307.577622 -4.465888e+06
 1307.392675 -4.996072e+06
 1307.207727 -5.525992e+06
 1307.022780 -6.054584e+06
 1306.837833 -6.580736e+06
 1306.652885 -7.103264e+06
 1306.467938 -7.620960e+06
 1306.282991 -8.132600e+06
 1306.098043 -8.636976e+06
 1305.913096 -9.132896e+06
 1305.728149 -9.619264e+06
 1305.543201 -1.009504e+07
 1305.358254 -1.055930e+07
 1305.173307 -1.101123e+07
 1304.988360 -1.145016e+07
 1304.803412 -1.187552e+07
 1304.618465 -1.228694e+07
 1304.433518 -1.268416e+07
 1304.248570 -1.306708e+07
 1304.063623 -1.343575e+07
 1303.878676 -1.379031e+07
 1303.693728 -1.413106e+07
 1303.508781 -1.445839e+07
 1303.323834 -1.477279e+07
 1303.138886 -1.507483e+07
 1302.953939 -1.536513e+07
 1302.768992 -1.564437e+07
 1302.584044 -1.591324e+07
 1302.399097 -1.617249e+07
 1302.214150 -1.642282e+07
 1302.029202 -1.666498e+07
 1301.844255 -1.689968e+07
 1301.659308 -1.712762e+07
 1301.474360 -1.734949e+07
 1301.289413 -1.756591e+07
 1301.104466 -1.777751e+07
 1300.919518 -1.798489e+07
 1300.734571 -1.818861e+07
 1300.549624 -1.838922e+07
 1300.364676 -1.858719e+07
 1300.179729 -1.878302e+07
 1299.994782 -1.897718e+07
 1299.809834 -1.917007e+07
 1299.624887 -1.936209e+07
 1299.439940 -1.955362e+07
 1299.254992 -1.974502e+07
 1299.070045 -1.993658e+07
 1298.885098 -2.012859e+07
 1298.700150 -2.032134e+07
 1298.515203 -2.051506e+07
 1298.330256 -2.070991e+07
 1298.145308 -2.090612e+07
 1297.960361 -2.110378e+07
 1297.775414 -2.130302e+07
 1297.590466 -2.150390e+07
 1297.405519 -2.170642e+07
 1297.220572 -2.191058e+07
 1297.035624 -2.211632e+07
 1296.850677 -2.232350e+07
 1296.665730 -2.253191e+07
 1296.480782 -2.274132e+07
 1296.295835 -2.295141e+07
 1296.110888 -2.316174e+07
 1295.925940 -2.337184e+07
 1295.740993 -2.358113e+07
 1295.556046 -2.378891e+07
 1295.371098 -2.399441e+07
 1295.186151 -2.419678e+07
 1295.001204 -2.439507e+07
 1294.816256 -2.458824e+07
 1294.631309 -2.477519e+07
 1294.446362 -2.495476e+07
 1294.261414 -2.512576e+07
 1294.076467 -2.528698e+07
 1293.891520 -2.543720e+07
 1293.706572 -2.557526e+07
 1293.521625 -2.569999e+07
 1293.336678 -2.581036e+07
 1293.151730 -2.590542e+07
 1292.966783 -2.598430e+07
 1292.781836 -2.604634e+07
 1292.596888 -2.609098e+07
 1292.411941 -2.611787e+07
 1292.226994 -2.612680e+07
 1292.042046 -2.611779e+07
 1291.857099 -2.609102e+07
 1291.672152 -2.604686e+07
 1291.487204 -2.598586e+07
 1291.302257 -2.590870e+07
 1291.117310 -2.581626e+07
 1290.932362 -2.570950e+07
 1290.747415 -2.558951e+07
 1290.562468 -2.545746e+07
 1290.377520 -2.531455e+07
 1290.192573 -2.516205e+07
 1290.007626 -2.500120e+07
 1289.822678 -2.483321e+07
 1289.637731 -2.465926e+07
 1289.452784 -2.448046e+07
 1289.267836 -2.429784e+07
 1289.082889 -2.411226e+07
 1288.897942 -2.392454e+07
 1288.712994 -2.373530e+07
 1288.528047 -2.354503e+07
 1288.343100 -2.335410e+07
 1288.158152 -2.316272e+07
 1287.973205 -2.297094e+07
 1287.788258 -2.277871e+07
 1287.603310 -2.258588e+07
 1287.418363 -2.239214e+07
 1287.233416 -2.219714e+07
 1287.048469 -2.200047e+07
 1286.863521 -2.180168e+07
 1286.678574 -2.160030e+07
 1286.493627 -2.139589e+07
 1286.308679 -2.118802e+07
 1286.123732 -2.097634e+07
 1285.938785 -2.076062e+07
 1285.753837 -2.054066e+07
 1285.568890 -2.031646e+07
 1285.383943 -2.008811e+07
 1285.198995 -1.985585e+07
 1285.014048 -1.962009e+07
 1284.829101 -1.938138e+07
 1284.644153 -1.914044e+07
 1284.459206 -1.889811e+07
 1284.274259 -1.865540e+07
 1284.089311 -1.841339e+07
 1283.904364 -1.817332e+07
 1283.719417 -1.793648e+07
 1283.534469 -1.770425e+07
 1283.349522 -1.747801e+07
 1283.164575 -1.725919e+07
 1282.979627 -1.704922e+07
 1282.794680 -1.684946e+07
 1282.609733 -1.666127e+07
 1282.424785 -1.648587e+07
 1282.239838 -1.632444e+07
 1282.054891 -1.617801e+07
 1281.869943 -1.604747e+07
 1281.684996 -1.593362e+07
 1281.500049 -1.583702e+07
 1281.315101 -1.575814e+07
 1281.130154 -1.569722e+07
 1280.945207 -1.565436e+07
 1280.760259 -1.562948e+07
 1280.575312 -1.562234e+07
 1280.390365 -1.563248e+07
 1280.205417 -1.565936e+07
 1280.020470 -1.570224e+07
 1279.835523 -1.576027e+07
 1279.650575 -1.583249e+07
 1279.465628 -1.591781e+07
 1279.280681 -1.601506e+07
 1279.095733 -1.612303e+07
 1278.910786 -1.624042e+07
 1278.725839 -1.636594e+07
 1278.540891 -1.649825e+07
 1278.355944 -1.663601e+07
 1278.170997 -1.677797e+07
 1277.986049 -1.692284e+07
 1277.801102 -1.706945e+07
 1277.616155 -1.721670e+07
 1277.431207 -1.736354e+07
 1277.246260 -1.750907e+07
 1277.061313 -1.765250e+07
 1276.876365 -1.779314e+07
 1276.691418 -1.793046e+07
 1276.506471 -1.806403e+07
 1276.321523 -1.819358e+07
 1276.136576 -1.831897e+07
 1275.951629 -1.844018e+07
 1275.766681 -1.855729e+07
 1275.581734 -1.867054e+07
 1275.396787 -1.878022e+07
 1275.211839 -1.888676e+07
 1275.026892 -1.899059e+07
 1274.841945 -1.909226e+07
 1274.656997 -1.919234e+07
 1274.472050 -1.929144e+07
 1274.287103 -1.939018e+07
 1274.102155 -1.948921e+07
 1273.917208 -1.958913e+07
 1273.732261 -1.969056e+07
 1273.547313 -1.979407e+07
 1273.362366 -1.990023e+07
 1273.177419 -2.000953e+07
 1272.992471 -2.012242e+07
 1272.807524 -2.023931e+07
 1272.622577 -2.036053e+07
 1272.437629 -2.048633e+07
 1272.252682 -2.061690e+07
 1272.067735 -2.075237e+07
 1271.882787 -2.089273e+07
 1271.697840 -2.103793e+07
 1271.512893 -2.118779e+07
 1271.327945 -2.134202e+07
 1271.142998 -2.150028e+07
 1270.958051 -2.166206e+07
 1270.773103 -2.182678e+07
 1270.588156 -2.199375e+07
 1270.403209 -2.216216e+07
 1270.218261 -2.233113e+07
 1270.033314 -2.249968e+07
 1269.848367 -2.266675e+07
 1269.663419 -2.283124e+07
 1269.478472 -2.299198e+07
 1269.293525 -2.314779e+07
 1269.108578 -2.329746e+07
 1268.923630 -2.343977e+07
 1268.738683 -2.357356e+07
 1268.553736 -2.369769e+07
 1268.368788 -2.381105e+07
 1268.183841 -2.391260e+07
 1267.998894 -2.400138e+07
 1267.813946 -2.407653e+07
 1267.628999 -2.413722e+07
 1267.444052 -2.418274e+07
 1267.259104 -2.421246e+07
 1267.074157 -2.422582e+07
 1266.889210 -2.422234e+07
 1266.704262 -2.420161e+07
 1266.519315 -2.416329e+07
 1266.334368 -2.410709e+07
 1266.149420 -2.403275e+07
 1265.964473 -2.394007e+07
 1265.779526 -2.382891e+07
 1265.594578 -2.369910e+07
 1265.409631 -2.355051e+07
 1265.224684 -2.338308e+07
 1265.039736 -2.319669e+07
 1264.854789 -2.299126e+07
 1264.669842 -2.276676e+07
 1264.484894 -2.252312e+07
 1264.299947 -2.226030e+07
 1264.115000 -2.197829e+07
 1263.930052 -2.167711e+07
 1263.745105 -2.135678e+07
 1263.560158 -2.101738e+07
 1263.375210 -2.065899e+07
 1263.190263 -2.028181e+07
 1263.005316 -1.988602e+07
 1262.820368 -1.947190e+07
 1262.635421 -1.903982e+07
 1262.450474 -1.859016e+07
 1262.265526 -1.812346e+07
 1262.080579 -1.764030e+07
 1261.895632 -1.714137e+07
 1261.710684 -1.662744e+07
 1261.525737 -1.609938e+07
 1261.340790 -1.555813e+07
 1261.155842 -1.500471e+07
 1260.970895 -1.444023e+07
 1260.785948 -1.386583e+07
 1260.601000 -1.328272e+07
 1260.416053 -1.269211e+07
 1260.231106 -1.209522e+07
 1260.046158 -1.149327e+07
 1259.861211 -1.088745e+07
 1259.676264 -1.027890e+07
 1259.491316 -9.668648e+06
 1259.306369 -9.057728e+06
 1259.121422 -8.447016e+06
 1258.936474 -7.837304e+06
 1258.751527 -7.229288e+06
 1258.566580 -6.623552e+06
 1258.381632 -6.020584e+06
 1258.196685 -5.420776e+06
 1258.011738 -4.824456e+06
 1257.826790 -4.231904e+06
 1257.641843 -3.643328e+06
 1257.456896 -3.058952e+06
 1257.271948 -2.478968e+06
 1257.087001 -1.903632e+06
 1256.902054 -1.333216e+06
 1256.717106 -7.680480e+05
 1256.532159 -2.085440e+05
 1256.347212 3.448080e+05
 1256.162264 8.914720e+05
 1255.977317 1.430800e+06
 1255.792370 1.962112e+06
 1255.607422 2.484632e+06
 1255.422475 2.997576e+06
 1255.237528 3.500168e+06
 1255.052580 3.991616e+06
 1254.867633 4.471168e+06
 1254.682686 4.938144e+06
 1254.497738 5.391952e+06
 1254.312791 5.832112e+06
 1254.127844 6.258232e+06
 1253.942896 6.670128e+06
 1253.757949 7.067720e+06
 1253.573002 7.451104e+06
 1253.388054 7.820528e+06
 1253.203107 8.176392e+06
 1253.018160 8.519248e+06
 1252.833212 8.849768e+06
 1252.648265 9.168752e+06
 1252.463318 9.477072e+06
 1252.278370 9.775696e+06
 1252.093423 1.006562e+07
 1251.908476 1.034790e+07
 1251.723529 1.062360e+07
 1251.538581 1.089374e+07
 1251.353634 1.115937e+07
 1251.168687 1.142145e+07
 1250.983739 1.168095e+07
 1250.798792 1.193874e+07
 1250.613845 1.219569e+07
 1250.428897 1.245255e+07
 1250.243950 1.271008e+07
 1250.059003 1.296894e+07
 1249.874055 1.322978e+07
 1249.689108 1.349318e+07
 1249.504161 1.375974e+07
 1249.319213 1.403000e+07
 1249.134266 1.430450e+07
 1248.949319 1.458378e+07
 1248.764371 1.486834e+07
 1248.579424 1.515868e+07
 1248.394477 1.545527e+07
 1248.209529 1.575858e+07
 1248.024582 1.606902e+07
 1247.839635 1.638697e+07
 1247.654687 1.671271e+07
 1247.469740 1.704645e+07
 1247.284793 1.738828e+07
 1247.099845 1.773819e+07
 1246.914898 1.809600e+07
 1246.729951 1.846138e+07
 1246.545003 1.883382e+07
 1246.360056 1.921259e+07
 1246.175109 1.959684e+07
 1245.990161 1.998546e+07
 1245.805214 2.037718e+07
 1245.620267 2.077057e+07
 1245.435319 2.116400e+07
 1245.250372 2.155570e+07
 1245.065425 2.194381e+07
 1244.880477 2.232637e+07
 1244.695530 2.270136e+07
 1244.510583 2.306674e+07
 1244.325635 2.342046e+07
 1244.140688 2.376054e+07
 1243.955741 2.408508e+07
 1243.770793 2.439228e+07
 1243.585846 2.468049e+07
 1243.400899 2.494822e+07
 1243.215951 2.519417e+07
 1243.031004 2.541724e+07
 1242.846057 2.561656e+07
 1242.661109 2.579147e+07
 1242.476162 2.594155e+07
 1242.291215 2.606659e+07
 1242.106267 2.616661e+07
 1241.921320 2.624179e+07
 1241.736373 2.629258e+07
 1241.551425 2.631947e+07
 1241.366478 2.632320e+07
 1241.181531 2.630456e+07
 1240.996583 2.626444e+07
 1240.811636 2.620382e+07
 1240.626689 2.612364e+07
 1240.441741 2.602491e+07
 1240.256794 2.590858e+07
 1240.071847 2.577561e+07
 1239.886899 2.562682e+07
 1239.701952 2.546302e+07
 1239.517005 2.528493e+07
 1239.332057 2.509313e+07
 1239.147110 2.488815e+07
 1238.962163 2.467045e+07
 1238.777215 2.444032e+07
 1238.592268 2.419806e+07
 1238.407321 2.394383e+07
 1238.222373 2.367780e+07
 1238.037426 2.340005e+07
 1237.852479 2.311064e+07
 1237.667531 2.280962e+07
 1237.482584 2.249705e+07
 1237.297637 2.217296e+07
 1237.112689 2.183742e+07
 1236.927742 2.149054e+07
 1236.742795 2.113241e+07
 1236.557847 2.076318e+07
 1236.372900 2.038306e+07
 1236.187953 1.999224e+07
 1236.003005 1.959098e+07
 1235.818058 1.917958e+07
 1235.633111 1.875835e+07
 1235.448163 1.832764e+07
 1235.263216 1.788786e+07
 1235.078269 1.743941e+07
 1234.893321 1.698275e+07
 1234.708374 1.651842e+07
 1234.523427 1.604691e+07
 1234.338479 1.556883e+07
 1234.153532 1.508480e+07
 1233.968585 1.459548e+07
 1233.783638 1.410158e+07
 1233.598690 1.360388e+07
 1233.413743 1.310315e+07
 1233.228796 1.260024e+07
 1233.043848 1.209601e+07
 1232.858901 1.159135e+07
 1232.673954 1.108718e+07
 1232.489006 1.058446e+07
 1232.304059 1.008411e+07
 1232.119112 9.587096e+06
 1231.934164 9.094352e+06
 1231.749217 8.606848e+06
 1231.564270 8.125528e+06
 1231.379322 7.651344e+06
 1231.194375 7.185216e+06
 1231.009428 6.728096e+06
 1230.824480 6.280920e+06
 1230.639533 5.844608e+06
 1230.454586 5.420120e+06
 1230.269638 5.008392e+06
 1230.084691 4.610392e+06
 1229.899744 4.227120e+06
 1229.714796 3.859536e+06
 1229.529849 3.508656e+06
 1229.344902 3.175512e+06
 1229.159954 2.861064e+06
 1228.975007 2.566360e+06
 1228.790060 2.292368e+06
 1228.605112 2.040016e+06
 1228.420165 1.810224e+06
 1228.235218 1.603832e+06
 1228.050270 1.421592e+06
 1227.865323 1.264184e+06
 1227.680376 1.132168e+06
 1227.495428 1.026016e+06
 1227.310481 9.460160e+05
 1227.125534 8.923840e+05
 1226.940586 8.651600e+05
 1226.755639 8.642640e+05
 1226.570692 8.895040e+05
 1226.385744 9.405120e+05
 1226.200797 1.016816e+06
 1226.015850 1.117848e+06
 1225.830902 1.242936e+06
 1225.645955 1.391328e+06
 1225.461008 1.562184e+06
 1225.276060 1.754640e+06
 1225.091113 1.967776e+06
 1224.906166 2.200680e+06
 1224.721218 2.452392e+06
 1224.536271 2.722016e+06
 1224.351324 3.008640e+06
 1224.166376 3.311408e+06
 1223.981429 3.629488e+06
 1223.796482 3.962096e+06
 1223.611534 4.308536e+06
 1223.426587 4.668136e+06
 1223.241640 5.040272e+06
 1223.056692 5.424392e+06
 1222.871745 5.819992e+06
 1222.686798 6.226640e+06
 1222.501850 6.643896e+06
 1222.316903 7.071400e+06
 1222.131956 7.508816e+06
 1221.947008 7.955808e+06
 1221.762061 8.412112e+06
 1221.577114 8.877424e+06
 1221.392166 9.351488e+06
 1221.207219 9.834024e+06
 1221.022272 1.032478e+07
 1220.837324 1.082344e+07
 1220.652377 1.132975e+07
 1220.467430 1.184341e+07
 1220.282482 1.236408e+07
 1220.097535 1.289142e+07
 1219.912588 1.342507e+07
 1219.727640 1.396463e+07
 1219.542693 1.450967e+07
 1219.357746 1.505971e+07
 1219.172798 1.561428e+07
 1218.987851 1.617282e+07
 1218.802904 1.673473e+07
 1218.617956 1.729938e+07
 1218.433009 1.786608e+07
 1218.248062 1.843407e+07
 1218.063114 1.900255e+07
 1217.878167 1.957066e+07
 1217.693220 2.013745e+07
 1217.508272 2.070194e+07
 1217.323325 2.126309e+07
 1217.138378 2.181977e+07
 1216.953430 2.237082e+07
 1216.768483 2.291503e+07
 1216.583536 2.345116e+07
 1216.398588 2.397794e+07
 1216.213641 2.449406e+07
 1216.028694 2.499823e+07
 1215.843747 2.548913e+07
 1215.658799 2.596552e+07
 1215.473852 2.642618e+07
 1215.288905 2.686993e+07
 1215.103957 2.729569e+07
 1214.919010 2.770246e+07
 1214.734063 2.808938e+07
 1214.549115 2.845567e+07
 1214.364168 2.880074e+07
 1214.179221 2.912414e+07
 1213.994273 2.942555e+07
 1213.809326 2.970490e+07
 1213.624379 2.996222e+07
 1213.439431 3.019775e+07
 1213.254484 3.041193e+07
 1213.069537 3.060531e+07
 1212.884589 3.077866e+07
 1212.699642 3.093287e+07
 1212.514695 3.106896e+07
 1212.329747 3.118804e+07
 1212.144800 3.129138e+07
 1211.959853 3.138022e+07
 1211.774905 3.145591e+07
 1211.589958 3.151980e+07
 1211.405011 3.157319e+07
 1211.220063 3.161736e+07
 1211.035116 3.165354e+07
 1210.850169 3.168282e+07
 1210.665221 3.170621e+07
 1210.480274 3.172453e+07
 1210.295327 3.173850e+07
 1210.110379 3.174865e+07
 1209.925432 3.175528e+07
 1209.740485 3.175855e+07
 1209.555537 3.175844e+07
 1209.370590 3.175470e+07
 1209.185643 3.174693e+07
 1209.000695 3.173457e+07
 1208.815748 3.171693e+07
 1208.630801 3.169314e+07
 1208.445853 3.166230e+07
 1208.260906 3.162341e+07
 1208.075959 3.157542e+07
 1207.891011 3.151731e+07
 1207.706064 3.144803e+07
 1207.521117 3.136662e+07
 1207.336169 3.127218e+07
 1207.151222 3.116391e+07
 1206.966275 3.104115e+07
 1206.781327 3.090337e+07
 1206.596380 3.075018e+07
 1206.411433 3.058138e+07
 1206.226485 3.039690e+07
 1206.041538 3.019682e+07
 1205.856591 2.998142e+07
 1205.671643 2.975108e+07
 1205.486696 2.950630e+07
 1205.301749 2.924771e+07
 1205.116801 2.897601e+07
 1204.931854 2.869194e+07
 1204.746907 2.839635e+07
 1204.561959 2.809006e+07
 1204.377012 2.777386e+07
 1204.192065 2.744860e+07
 1204.007117 2.711505e+07
 1203.822170 2.677396e+07
 1203.637223 2.642598e+07
 1203.452275 2.607174e+07
 1203.267328 2.571180e+07
 1203.082381 2.534662e+07
 1202.897433 2.497662e+07
 1202.712486 2.460214e+07
 1202.527539 2.422347e+07
 1202.342591 2.384082e+07
 1202.157644 2.345438e+07
 1201.972697 2.306426e+07
 1201.787749 2.267059e+07
 1201.602802 2.227343e+07
 1201.417855 2.187280e+07
 1201.232907 2.146878e+07
 1201.047960 2.106137e+07
 1200.863013 2.065062e+07
 1200.678065 2.023655e+07
 1200.493118 1.981926e+07
 1200.308171 1.939878e+07
 1200.123223 1.897526e+07
 1199.938276 1.854881e+07
 1199.753329 1.811964e+07
 1199.568381 1.768794e+07
 1199.383434 1.725402e+07
 1199.198487 1.681817e+07
 1199.013539 1.638079e+07
 1198.828592 1.594234e+07
 1198.643645 1.550330e+07
 1198.458698 1.506424e+07
 1198.273750 1.462578e+07
 1198.088803 1.418862e+07
 1197.903856 1.375350e+07
 1197.718908 1.332126e+07
 1197.533961 1.289275e+07
 1197.349014 1.246890e+07
 1197.164066 1.205071e+07
 1196.979119 1.163918e+07
 1196.794172 1.123543e+07
 1196.609224 1.084058e+07
 1196.424277 1.045574e+07
 1196.239330 1.008215e+07
 1196.054382 9.721008e+06
 1195.869435 9.373528e+06
 1195.684488 9.040952e+06
 1195.499540 8.724488e+06
 1195.314593 8.425368e+06
 1195.129646 8.144752e+06
 1194.944698 7.883768e+06
 1194.759751 7.643488e+06
 1194.574804 7.424912e+06
 1194.389856 7.228912e+06
 1194.204909 7.056304e+06
 1194.019962 6.907712e+06
 1193.835014 6.783672e+06
 1193.650067 6.684536e+06
 1193.465120 6.610488e+06
 1193.280172 6.561528e+06
 1193.095225 6.537480e+06
 1192.910278 6.537960e+06
 1192.725330 6.562384e+06
 1192.540383 6.610000e+06
 1192.355436 6.679816e+06
 1192.170488 6.770688e+06
 1191.985541 6.881280e+06
 1191.800594 7.010104e+06
 1191.615646 7.155504e+06
 1191.430699 7.315680e+06
 1191.245752 7.488752e+06
 1191.060804 7.672720e+06
 1190.875857 7.865504e+06
 1190.690910 8.065000e+06
 1190.505962 8.269088e+06
 1190.321015 8.475608e+06
 1190.136068 8.682480e+06
 1189.951120 8.887632e+06
 1189.766173 9.089136e+06
 1189.581226 9.285104e+06
 1189.396278 9.473840e+06
 1189.211331 9.653736e+06
 1189.026384 9.823384e+06
 1188.841436 9.981576e+06
 1188.656489 1.012726e+07
 1188.471542 1.025961e+07
 1188.286594 1.037797e+07
 1188.101647 1.048194e+07
 1187.916700 1.057128e+07
 1187.731752 1.064595e+07
 1187.546805 1.070610e+07
 1187.361858 1.075202e+07
 1187.176910 1.078415e+07
 1186.991963 1.080311e+07
 1186.807016 1.080954e+07
 1186.622068 1.080426e+07
 1186.437121 1.078806e+07
 1186.252174 1.076186e+07
 1186.067226 1.072656e+07
 1185.882279 1.068306e+07
 1185.697332 1.063222e+07
 1185.512384 1.057494e+07
 1185.327437 1.051198e+07
 1185.142490 1.044413e+07
 1184.957542 1.037202e+07
 1184.772595 1.029623e+07
 1184.587648 1.021727e+07
 1184.402700 1.013552e+07
 1184.217753 1.005128e+07
 1184.032806 9.964752e+06
 1183.847858 9.876040e+06
 1183.662911 9.785128e+06
 1183.477964 9.691968e+06
 1183.293016 9.596368e+06
 1183.108069 9.498104e+06
 1182.923122 9.396856e+06
 1182.738174 9.292232e+06
 1182.553227 9.183832e+06
 1182.368280 9.071128e+06
 1182.183332 8.953616e+06
 1181.998385 8.830696e+06
 1181.813438 8.701800e+06
 1181.628490 8.566256e+06
 1181.443543 8.423440e+06
 1181.258596 8.272680e+06
 1181.073648 8.113288e+06
 1180.888701 7.944592e+06
 1180.703754 7.765944e+06
 1180.518807 7.576720e+06
 1180.333859 7.376336e+06
 1180.148912 7.164248e+06
 1179.963965 6.940024e+06
 1179.779017 6.703312e+06
 1179.594070 6.453848e+06
 1179.409123 6.191536e+06
 1179.224175 5.916424e+06
 1179.039228 5.628728e+06
 1178.854281 5.328824e+06
 1178.669333 5.017296e+06
 1178.484386 4.694920e+06
 1178.299439 4.362656e+06
 1178.114491 4.021672e+06
 1177.929544 3.673312e+06
 1177.744597 3.319088e+06
 1177.559649 2.960680e+06
 1177.374702 2.599880e+06
 1177.189755 2.238584e+06
 1177.004807 1.878800e+06
 1176.819860 1.522544e+06
 1176.634913 1.171864e+06
 1176.449965 8.288080e+05
 1176.265018 4.953280e+05
 1176.080071 1.733680e+05
 1175.895123 -1.352800e+05
 1175.710176 -4.289600e+05
 1175.525229 -7.061280e+05
 1175.340281 -9.654720e+05
 1175.155334 -1.205816e+06
 1174.970387 -1.426216e+06
 1174.785439 -1.625944e+06
 1174.600492 -1.804496e+06
 1174.415545 -1.961560e+06
 1174.230597 -2.097080e+06
 1174.045650 -2.211200e+06
 1173.860703 -2.304264e+06
 1173.675755 -2.376824e+06
 1173.490808 -2.429600e+06
 1173.305861 -2.463456e+06
 1173.120913 -2.479448e+06
 1172.935966 -2.478688e+06
 1172.751019 -2.462408e+06
 1172.566071 -2.431872e+06
 1172.381124 -2.388448e+06
 1172.196177 -2.333464e+06
 1172.011229 -2.268288e+06
 1171.826282 -2.194232e+06
 1171.641335 -2.112592e+06
 1171.456387 -2.024616e+06
 1171.271440 -1.931472e+06
 1171.086493 -1.834288e+06
 1170.901545 -1.734128e+06
 1170.716598 -1.631960e+06
 1170.531651 -1.528728e+06
 1170.346703 -1.425304e+06
 1170.161756 -1.322496e+06
 1169.976809 -1.221080e+06
 1169.791861 -1.121776e+06
 1169.606914 -1.025328e+06
 1169.421967 -9.323680e+05
 1169.237019 -8.435760e+05
 1169.052072 -7.595920e+05
 1168.867125 -6.810480e+05
 1168.682177 -6.085840e+05
 1168.497230 -5.427920e+05
 1168.312283 -4.843120e+05
 1168.127335 -4.337760e+05
 1167.942388 -3.917920e+05
 1167.757441 -3.590240e+05
 1167.572493 -3.361200e+05
 1167.387546 -3.237360e+05
 1167.202599 -3.225680e+05
 1167.017651 -3.333440e+05
 1166.832704 -3.567760e+05
 1166.647757 -3.936160e+05
 1166.462809 -4.446400e+05
 1166.277862 -5.106560e+05
 1166.092915 -5.924320e+05
 1165.907967 -6.907840e+05
 1165.723020 -8.065040e+05
 1165.538073 -9.403840e+05
 1165.353125 -1.093136e+06
 1165.168178 -1.265488e+06
 1164.983231 -1.458072e+06
 1164.798283 -1.671456e+06
 1164.613336 -1.906120e+06
 1164.428389 -2.162424e+06
 1164.243441 -2.440632e+06
 1164.058494 -2.740872e+06
 1163.873547 -3.063120e+06
 1163.688599 -3.407240e+06
 1163.503652 -3.772904e+06
 1163.318705 -4.159688e+06
 1163.133757 -4.566976e+06
 1162.948810 -4.994032e+06
 1162.763863 -5.439992e+06
 1162.578916 -5.903864e+06
 1162.393968 -6.384536e+06
 1162.209021 -6.880840e+06
 1162.024074 -7.391488e+06
 1161.839126 -7.915144e+06
 1161.654179 -8.450424e+06
 1161.469232 -8.995936e+06
 1161.284284 -9.550232e+06
 1161.099337 -1.011191e+07
 1160.914390 -1.067956e+07
 1160.729442 -1.125174e+07
 1160.544495 -1.182714e+07
 1160.359548 -1.240442e+07
 1160.174600 -1.298226e+07
 1159.989653 -1.355947e+07
 1159.804706 -1.413483e+07
 1159.619758 -1.470719e+07
 1159.434811 -1.527547e+07
 1159.249864 -1.583860e+07
 1159.064916 -1.639561e+07
 1158.879969 -1.694550e+07
 1158.695022 -1.748741e+07
 1158.510074 -1.802046e+07
 1158.325127 -1.854384e+07
 1158.140180 -1.905680e+07
 1157.955232 -1.955866e+07
 1157.770285 -2.004873e+07
 1157.585338 -2.052643e+07
 1157.400390 -2.099126e+07
 1157.215443 -2.144271e+07
 1157.030496 -2.188040e+07
 1156.845548 -2.230396e+07
 1156.660601 -2.271310e+07
 1156.475654 -2.310762e+07
 1156.290706 -2.348728e+07
 1156.105759 -2.385198e+07
 1155.920812 -2.420162e+07
 1155.735864 -2.453617e+07
 1155.550917 -2.485560e+07
 1155.365970 -2.515994e+07
 1155.181022 -2.544926e+07
 1154.996075 -2.572361e+07
 1154.811128 -2.598313e+07
 1154.626180 -2.622792e+07
 1154.441233 -2.645821e+07
 1154.256286 -2.667416e+07
 1154.071338 -2.687603e+07
 1153.886391 -2.706411e+07
 1153.701444 -2.723870e+07
 1153.516496 -2.740022e+07
 1153.331549 -2.754904e+07
 1153.146602 -2.768566e+07
 1152.961654 -2.781061e+07
 1152.776707 -2.792443e+07
 1152.591760 -2.802774e+07
 1152.406812 -2.812122e+07
 1152.221865 -2.820551e+07
 1152.036918 -2.828136e+07
 1151.851970 -2.834950e+07
 1151.667023 -2.841066e+07
 1151.482076 -2.846559e+07
 1151.297128 -2.851505e+07
 1151.112181 -2.855971e+07
 1150.927234 -2.860029e+07
 1150.742286 -2.863740e+07
 1150.557339 -2.867162e+07
 1150.372392 -2.870346e+07
 1150.187444 -2.873333e+07
 1150.002497 -2.876156e+07
 1149.817550 -2.878839e+07
 1149.632602 -2.881390e+07
 1149.447655 -2.883810e+07
 1149.262708 -2.886085e+07
 1149.077760 -2.888184e+07
 1148.892813 -2.890068e+07
 1148.707866 -2.891684e+07
 1148.522918 -2.892966e+07
 1148.337971 -2.893835e+07
 1148.153024 -2.894202e+07
 1147.968076 -2.893973e+07
 1147.783129 -2.893042e+07
 1147.598182 -2.891299e+07
 1147.413234 -2.888635e+07
 1147.228287 -2.884934e+07
 1147.043340 -2.880089e+07
 1146.858392 -2.873990e+07
 1146.673445 -2.866540e+07
 1146.488498 -2.857646e+07
 1146.303550 -2.847225e+07
 1146.118603 -2.835206e+07
 1145.933656 -2.821534e+07
 1145.748708 -2.806158e+07
 1145.563761 -2.789050e+07
 1145.378814 -2.770190e+07
 1145.193867 -2.749571e+07
 1145.008919 -2.727198e+07
 1144.823972 -2.703088e+07
 1144.639025 -2.677266e+07
 1144.454077 -2.649764e+07
 1144.269130 -2.620623e+07
 1144.084183 -2.589887e+07
 1143.899235 -2.557602e+07
 1143.714288 -2.523818e+07
 1143.529341 -2.488582e+07
 1143.344393 -2.451942e+07
 1143.159446 -2.413940e+07
 1142.974499 -2.374623e+07
 1142.789551 -2.334029e+07
 1142.604604 -2.292192e+07
 1142.419657 -2.249146e+07
 1142.234709 -2.204920e+07
 1142.049762 -2.159543e+07
 1141.864815 -2.113043e+07
 1141.679867 -2.065448e+07
 1141.494920 -2.016787e+07
 1141.309973 -1.967091e+07
 1141.125025 -1.916398e+07
 1140.940078 -1.864748e+07
 1140.755131 -1.812191e+07
 1140.570183 -1.758783e+07
 1140.385236 -1.704588e+07
 1140.200289 -1.649683e+07
 1140.015341 -1.594151e+07
 1139.830394 -1.538088e+07
 1139.645447 -1.481602e+07
 1139.460499 -1.424810e+07
 1139.275552 -1.367838e+07
 1139.090605 -1.310826e+07
 1138.905657 -1.253922e+07
 1138.720710 -1.197281e+07
 1138.535763 -1.141068e+07
 1138.350815 -1.085453e+07
 1138.165868 -1.030607e+07
 1137.980921 -9.767088e+06
 1137.795973 -9.239344e+06
 1137.611026 -8.724568e+06
 1137.426079 -8.224456e+06
 1137.241131 -7.740640e+06
 1137.056184 -7.274656e+06
 1136.871237 -6.827896e+06
 1136.686289 -6.401648e+06
 1136.501342 -5.996992e+06
 1136.316395 -5.614880e+06
 1136.131447 -5.256000e+06
 1135.946500 -4.920896e+06
 1135.761553 -4.609856e+06
 1135.576605 -4.322944e+06
 1135.391658 -4.060032e+06
 1135.206711 -3.820776e+06
 1135.021763 -3.604648e+06
 1134.836816 -3.410904e+06
 1134.651869 -3.238688e+06
 1134.466921 -3.086952e+06
 1134.281974 -2.954576e+06
 1134.097027 -2.840344e+06
 1133.912079 -2.742952e+06
 1133.727132 -2.661112e+06
 1133.542185 -2.593496e+06
 1133.357237 -2.538800e+06
 1133.172290 -2.495720e+06
 1132.987343 -2.463080e+06
 1132.802395 -2.439728e+06
 1132.617448 -2.424600e+06
 1132.432501 -2.416760e+06
 1132.247553 -2.415344e+06
 1132.062606 -2.419616e+06
 1131.877659 -2.428968e+06
 1131.692711 -2.442864e+06
 1131.507764 -2.460920e+06
 1131.322817 -2.482824e+06
 1131.137869 -2.508384e+06
 1130.952922 -2.537512e+06
 1130.767975 -2.570176e+06
 1130.583027 -2.606464e+06
 1130.398080 -2.646496e+06
 1130.213133 -2.690472e+06
 1130.028185 -2.738664e+06
 1129.843238 -2.791352e+06
 1129.658291 -2.848896e+06
 1129.473343 -2.911688e+06
 1129.288396 -2.980128e+06
 1129.103449 -3.054664e+06
 1128.918501 -3.135744e+06
 1128.733554 -3.223824e+06
 1128.548607 -3.319376e+06
 1128.363659 -3.422872e+06
 1128.178712 -3.534752e+06
 1127.993765 -3.655424e+06
 1127.808817 -3.785288e+06
 1127.623870 -3.924672e+06
 1127.438923 -4.073848e+06
 1127.253976 -4.233000e+06
 1127.069028 -4.402256e+06
 1126.884081 -4.581600e+06
 1126.699134 -4.770952e+06
 1126.514186 -4.970064e+06
 1126.329239 -5.178584e+06
 1126.144292 -5.396032e+06
 1125.959344 -5.621800e+06
 1125.774397 -5.855144e+06
 1125.589450 -6.095192e+06
 1125.404502 -6.340960e+06
 1125.219555 -6.591368e+06
 1125.034608 -6.845240e+06
 1124.849660 -7.101280e+06
 1124.664713 -7.358184e+06
 1124.479766 -7.614536e+06
 1124.294818 -7.868928e+06
 1124.109871 -8.119888e+06
 1123.924924 -8.365944e+06
 1123.739976 -8.605624e+06
 1123.555029 -8.837472e+06
 1123.370082 -9.060032e+06
 1123.185134 -9.271920e+06
 1123.000187 -9.471760e+06
 1122.815240 -9.658256e+06
 1122.630292 -9.830168e+06
 1122.445345 -9.986336e+06
 1122.260398 -1.012570e+07
 1122.075450 -1.024726e+07
 1121.890503 -1.035018e+07
 1121.705556 -1.043367e+07
 1121.520608 -1.049710e+07
 1121.335661 -1.053996e+07
 1121.150714 -1.056184e+07
 1120.965766 -1.056250e+07
 1120.780819 -1.054180e+07
 1120.595872 -1.049974e+07
 1120.410924 -1.043644e+07
 1120.225977 -1.035212e+07
 1120.041030 -1.024713e+07
 1119.856082 -1.012192e+07
 1119.671135 -9.977048e+06
 1119.486188 -9.813128e+06
 1119.301240 -9.630864e+06
 1119.116293 -9.431024e+06
 1118.931346 -9.214416e+06
 1118.746398 -8.981920e+06
 1118.561451 -8.734400e+06
 1118.376504 -8.472816e+06
 1118.191556 -8.198072e+06
 1118.006609 -7.911120e+06
 1117.821662 -7.612920e+06
 1117.636714 -7.304392e+06
 1117.451767 -6.986456e+06
 1117.266820 -6.660048e+06
 1117.081872 -6.326048e+06
 1116.896925 -5.985336e+06
 1116.711978 -5.638760e+06
 1116.527030 -5.287176e+06
 1116.342083 -4.931400e+06
 1116.157136 -4.572232e+06
 1115.972188 -4.210520e+06
 1115.787241 -3.847088e+06
 1115.602294 -3.482760e+06
 1115.417346 -3.118416e+06
 1115.232399 -2.754992e+06
 1115.047452 -2.393424e+06
 1114.862504 -2.034784e+06
 1114.677557 -1.680136e+06
 1114.492610 -1.330680e+06
 1114.307662 -9.876720e+05
 1114.122715 -6.524320e+05
 1113.937768 -3.264160e+05
 1113.752820 -1.108800e+04
 1113.567873 2.919920e+05
 1113.382926 5.812160e+05
 1113.197978 8.549600e+05
 1113.013031 1.111560e+06
 1112.828084 1.349400e+06
 1112.643136 1.566856e+06
 1112.458189 1.762368e+06
 1112.273242 1.934448e+06
 1112.088294 2.081720e+06
 1111.903347 2.202904e+06
 1111.718400 2.296864e+06
 1111.533452 2.362624e+06
 1111.348505 2.399360e+06
 1111.163558 2.406440e+06
 1110.978610 2.383416e+06
 1110.793663 2.330040e+06
 1110.608716 2.246232e+06
 1110.423768 2.132160e+06
 1110.238821 1.988136e+06
 1110.053874 1.814664e+06
 1109.868926 1.612456e+06
 1109.683979 1.382368e+06
 1109.499032 1.125416e+06
 1109.314085 8.427360e+05
 1109.129137 5.356480e+05
 1108.944190 2.055520e+05
 1108.759243 -1.460560e+05
 1108.574295 -5.175840e+05
 1108.389348 -9.073680e+05
 1108.204401 -1.313680e+06
 1108.019453 -1.734736e+06
 1107.834506 -2.168696e+06
 1107.649559 -2.613720e+06
 1107.464611 -3.067904e+06
 1107.279664 -3.529344e+06
 1107.094717 -3.996096e+06
 1106.909769 -4.466240e+06
 1106.724822 -4.937824e+06
 1106.539875 -5.408904e+06
 1106.354927 -5.877536e+06
 1106.169980 -6.341832e+06
 1105.985033 -6.799880e+06
 1105.800085 -7.249840e+06
 1105.615138 -7.689912e+06
 1105.430191 -8.118360e+06
 1105.245243 -8.533544e+06
 1105.060296 -8.933888e+06
 1104.875349 -9.317968e+06
 1104.690401 -9.684448e+06
 1104.505454 -1.003214e+07
 1104.320507 -1.036006e+07
 1104.135559 -1.066730e+07
 1103.950612 -1.095317e+07
 1103.765665 -1.121718e+07
 1103.580717 -1.145898e+07
 1103.395770 -1.167841e+07
 1103.210823 -1.187550e+07
 1103.025875 -1.205046e+07
 1102.840928 -1.220363e+07
 1102.655981 -1.233556e+07
 1102.471033 -1.244691e+07
 1102.286086 -1.253850e+07
 1102.101139 -1.261123e+07
 1101.916191 -1.266618e+07
 1101.731244 -1.270446e+07
 1101.546297 -1.272729e+07
 1101.361349 -1.273598e+07
 1101.176402 -1.273186e+07
 1100.991455 -1.271633e+07
 1100.806507 -1.269082e+07
 1100.621560 -1.265679e+07
 1100.436613 -1.261570e+07
 1100.251665 -1.256902e+07
 1100.066718 -1.251823e+07
 1099.881771 -1.246475e+07
 1099.696823 -1.241002e+07
 1099.511876 -1.235542e+07
 1099.326929 -1.230226e+07
 1099.141981 -1.225189e+07
 1098.957034 -1.220546e+07
 1098.772087 -1.216414e+07
 1098.587139 -1.212901e+07
 1098.402192 -1.210098e+07
 1098.217245 -1.208093e+07
 1098.032297 -1.206958e+07
 1097.847350 -1.206753e+07
 1097.662403 -1.207527e+07
 1097.477455 -1.209314e+07
 1097.292508 -1.212133e+07
 1097.107561 -1.215988e+07
 1096.922613 -1.220871e+07
 1096.737666 -1.226759e+07
 1096.552719 -1.233615e+07
 1096.367771 -1.241388e+07
 1096.182824 -1.250018e+07
 1095.997877 -1.259433e+07
 1095.812929 -1.269550e+07
 1095.627982 -1.280281e+07
 1095.443035 -1.291526e+07
 1095.258087 -1.303188e+07
 1095.073140 -1.315159e+07
 1094.888193 -1.327332e+07
 1094.703245 -1.339597e+07
 1094.518298 -1.351847e+07
 1094.333351 -1.363974e+07
 1094.148403 -1.375870e+07
 1093.963456 -1.387434e+07
 1093.778509 -1.398567e+07
 1093.593561 -1.409171e+07
 1093.408614 -1.419156e+07
 1093.223667 -1.428433e+07
 1093.038719 -1.436918e+07
 1092.853772 -1.444533e+07
 1092.668825 -1.451201e+07
 1092.483877 -1.456853e+07
 1092.298930 -1.461420e+07
 1092.113983 -1.464842e+07
 1091.929036 -1.467059e+07
 1091.744088 -1.468018e+07
 1091.559141 -1.467665e+07
 1091.374194 -1.465954e+07
 1091.189246 -1.462845e+07
 1091.004299 -1.458295e+07
 1090.819352 -1.452270e+07
 1090.634404 -1.444736e+07
 1090.449457 -1.435666e+07
 1090.264510 -1.425031e+07
 1090.079562 -1.412810e+07
 1089.894615 -1.398982e+07
 1089.709668 -1.383528e+07
 1089.524720 -1.366434e+07
 1089.339773 -1.347683e+07
 1089.154826 -1.327267e+07
 1088.969878 -1.305179e+07
 1088.784931 -1.281412e+07
 1088.599984 -1.255965e+07
 1088.415036 -1.228842e+07
 1088.230089 -1.200049e+07
 1088.045142 -1.169599e+07
 1087.860194 -1.137515e+07
 1087.675247 -1.103823e+07
 1087.490300 -1.068562e+07
 1087.305352 -1.031776e+07
 1087.120405 -9.935240e+06
 1086.935458 -9.538712e+06
 1086.750510 -9.128984e+06
 1086.565563 -8.706928e+06
 1086.380616 -8.273568e+06
 1086.195668 -7.829984e+06
 1086.010721 -7.377400e+06
 1085.825774 -6.917072e+06
 1085.640826 -6.450328e+06
 1085.455879 -5.978576e+06
 1085.270932 -5.503224e+06
 1085.085984 -5.025688e+06
 1084.901037 -4.547408e+06
 1084.716090 -4.069736e+06
 1084.531142 -3.594032e+06
 1084.346195 -3.121552e+06
 1084.161248 -2.653488e+06
 1083.976300 -2.190920e+06
 1083.791353 -1.734824e+06
 1083.606406 -1.286064e+06
 1083.421458 -8.453680e+05
 1083.236511 -4.133360e+05
 1083.051564 9.536000e+03
 1082.866616 4.229200e+05
 1082.681669 8.265760e+05
 1082.496722 1.220392e+06
 1082.311774 1.604320e+06
 1082.126827 1.978456e+06
 1081.941880 2.342896e+06
 1081.756932 2.697856e+06
 1081.571985 3.043520e+06
 1081.387038 3.380144e+06
 1081.202090 3.707920e+06
 1081.017143 4.027040e+06
 1080.832196 4.337640e+06
 1080.647248 4.639800e+06
 1080.462301 4.933528e+06
 1080.277354 5.218704e+06
 1080.092406 5.495144e+06
 1079.907459 5.762592e+06
 1079.722512 6.020624e+06
 1079.537564 6.268784e+06
 1079.352617 6.506504e+06
 1079.167670 6.733168e+06
 1078.982722 6.948088e+06
 1078.797775 7.150584e+06
 1078.612828 7.339928e+06
 1078.427880 7.515424e+06
 1078.242933 7.676432e+06
 1078.057986 7.822360e+06
 1077.873038 7.952696e+06
 1077.688091 8.067064e+06
 1077.503144 8.165160e+06
 1077.318196 8.246872e+06
 1077.133249 8.312176e+06
 1076.948302 8.361216e+06
 1076.763354 8.394296e+06
 1076.578407 8.411832e+06
 1076.393460 8.414376e+06
 1076.208512 8.402640e+06
 1076.023565 8.377392e+06
 1075.838618 8.339504e+06
 1075.653670 8.289920e+06
 1075.468723 8.229640e+06
 1075.283776 8.159672e+06
 1075.098828 8.081040e+06
 1074.913881 7.994752e+06
 1074.728934 7.901776e+06
 1074.543986 7.803048e+06
 1074.359039 7.699416e+06
 1074.174092 7.591664e+06
 1073.989145 7.480472e+06
 1073.804197 7.366440e+06
 1073.619250 7.250056e+06
 1073.434303 7.131712e+06
 1073.249355 7.011672e+06
 1073.064408 6.890136e+06
 1072.879461 6.767200e+06
 1072.694513 6.642864e+06
 1072.509566 6.517056e+06
 1072.324619 6.389664e+06
 1072.139671 6.260504e+06
 1071.954724 6.129384e+06
 1071.769777 5.996064e+06
 1071.584829 5.860328e+06
 1071.399882 5.721968e+06
 1071.214935 5.580808e+06
 1071.029987 5.436688e+06
 1070.845040 5.289520e+06
 1070.660093 5.139280e+06
 1070.475145 4.985984e+06
 1070.290198 4.829752e+06
 1070.105251 4.670752e+06
 1069.920303 4.509200e+06
 1069.735356 4.345432e+06
 1069.550409 4.179768e+06
 1069.365461 4.012632e+06
 1069.180514 3.844456e+06
 1068.995567 3.675664e+06
 1068.810619 3.506752e+06
 1068.625672 3.338168e+06
 1068.440725 3.170360e+06
 1068.255777 3.003760e+06
 1068.070830 2.838792e+06
 1067.885883 2.675808e+06
 1067.700935 2.515184e+06
 1067.515988 2.357216e+06
 1067.331041 2.202232e+06
 1067.146093 2.050504e+06
 1066.961146 1.902336e+06
 1066.776199 1.757984e+06
 1066.591251 1.617752e+06
 1066.406304 1.481976e+06
 1066.221357 1.350976e+06
 1066.036409 1.225128e+06
 1065.851462 1.104848e+06
 1065.666515 9.905440e+05
 1065.481567 8.827040e+05
 1065.296620 7.818240e+05
 1065.111673 6.884160e+05
 1064.926725 6.029840e+05
 1064.741778 5.260640e+05
 1064.556831 4.581440e+05
 1064.371883 3.997120e+05
 1064.186936 3.512240e+05
 1064.001989 3.130480e+05
 1063.817041 2.855520e+05
 1063.632094 2.689760e+05
 1063.447147 2.635360e+05
 1063.262199 2.693520e+05
 1063.077252 2.864800e+05
 1062.892305 3.148400e+05
 1062.707357 3.543200e+05
 1062.522410 4.047280e+05
 1062.337463 4.657520e+05
 1062.152515 5.370240e+05
 1061.967568 6.180880e+05
 1061.782621 7.084560e+05
 1061.597673 8.075280e+05
 1061.412726 9.146720e+05
 1061.227779 1.029192e+06
 1061.042831 1.150352e+06
 1060.857884 1.277400e+06
 1060.672937 1.409504e+06
 1060.487989 1.545880e+06
 1060.303042 1.685664e+06
 1060.118095 1.828056e+06
 1059.933147 1.972224e+06
 1059.748200 2.117392e+06
 1059.563253 2.262784e+06
 1059.378305 2.407672e+06
 1059.193358 2.551408e+06
 1059.008411 2.693376e+06
 1058.823463 2.833032e+06
 1058.638516 2.969920e+06
 1058.453569 3.103656e+06
 1058.268621 3.233952e+06
 1058.083674 3.360600e+06
 1057.898727 3.483480e+06
 1057.713779 3.602560e+06
 1057.528832 3.717928e+06
 1057.343885 3.829696e+06
 1057.158937 3.938088e+06
 1056.973990 4.043424e+06
 1056.789043 4.146056e+06
 1056.604095 4.246400e+06
 1056.419148 4.344944e+06
 1056.234201 4.442184e+06
 1056.049254 4.538688e+06
 1055.864306 4.635024e+06
 1055.679359 4.731784e+06
 1055.494412 4.829536e+06
 1055.309464 4.928856e+06
 1055.124517 5.030280e+06
 1054.939570 5.134320e+06
 1054.754622 5.241392e+06
 1054.569675 5.351880e+06
 1054.384728 5.466040e+06
 1054.199780 5.584048e+06
 1054.014833 5.705936e+06
 1053.829886 5.831640e+06
 1053.644938 5.960904e+06
 1053.459991 6.093352e+06
 1053.275044 6.228456e+06
 1053.090096 6.365488e+06
 1052.905149 6.503632e+06
 1052.720202 6.641872e+06
 1052.535254 6.779072e+06
 1052.350307 6.913960e+06
 1052.165360 7.045200e+06
 1051.980412 7.171312e+06
 1051.795465 7.290800e+06
 1051.610518 7.402104e+06
 1051.425570 7.503664e+06
 1051.240623 7.593928e+06
 1051.055676 7.671384e+06
 1050.870728 7.734568e+06
 1050.685781 7.782144e+06
 1050.500834 7.812848e+06
 1050.315886 7.825576e+06
 1050.130939 7.819376e+06
 1049.945992 7.793456e+06
 1049.761044 7.747240e+06
 1049.576097 7.680352e+06
 1049.391150 7.592624e+06
 1049.206202 7.484112e+06
 1049.021255 7.355136e+06
 1048.836308 7.206224e+06
 1048.651360 7.038144e+06
 1048.466413 6.851920e+06
 1048.281466 6.648760e+06
 1048.096518 6.430096e+06
 1047.911571 6.197592e+06
 1047.726624 5.953032e+06
 1047.541676 5.698376e+06
 1047.356729 5.435696e+06
 1047.171782 5.167160e+06
 1046.986834 4.894984e+06
 1046.801887 4.621408e+06
 1046.616940 4.348656e+06
 1046.431992 4.078904e+06
 1046.247045 3.814248e+06
 1046.062098 3.556632e+06
 1045.877150 3.307880e+06
 1045.692203 3.069616e+06
 1045.507256 2.843224e+06
 1045.322308 2.629928e+06
 1045.137361 2.430632e+06
 1044.952414 2.245992e+06
 1044.767466 2.076408e+06
 1044.582519 1.921968e+06
 1044.397572 1.782528e+06
 1044.212624 1.657640e+06
 1044.027677 1.546592e+06
 1043.842730 1.448456e+06
 1043.657782 1.362040e+06
 1043.472835 1.285992e+06
 1043.287888 1.218744e+06
 1043.102940 1.158592e+06
 1042.917993 1.103720e+06
 1042.733046 1.052232e+06
 1042.548098 1.002152e+06
 1042.363151 9.515280e+05
 1042.178204 8.983760e+05
 1041.993256 8.407840e+05
 1041.808309 7.769440e+05
 1041.623362 7.051040e+05
 1041.438414 6.236640e+05
 1041.253467 5.312160e+05
 1041.068520 4.264880e+05
 1040.883572 3.084240e+05
 1040.698625 1.761680e+05
 1040.513678 2.910400e+04
 1040.328730 -1.331840e+05
 1040.143783 -3.109120e+05
 1039.958836 -5.040320e+05
 1039.773888 -7.123040e+05
 1039.588941 -9.353120e+05
 1039.403994 -1.172408e+06
 1039.219046 -1.422824e+06
 1039.034099 -1.685608e+06
 1038.849152 -1.959704e+06
 1038.664205 -2.243912e+06
 1038.479257 -2.536952e+06
 1038.294310 -2.837480e+06
 1038.109363 -3.144064e+06
 1037.924415 -3.455240e+06
 1037.739468 -3.769488e+06
 1037.554521 -4.085296e+06
 1037.369573 -4.401096e+06
 1037.184626 -4.715328e+06
 1036.999679 -5.026416e+06
 1036.814731 -5.332768e+06
 1036.629784 -5.632816e+06
 1036.444837 -5.924976e+06
 1036.259889 -6.207648e+06
 1036.074942 -6.479272e+06
 1035.889995 -6.738304e+06
 1035.705047 -6.983176e+06
 1035.520100 -7.212416e+06
 1035.335153 -7.424536e+06
 1035.150205 -7.618136e+06
 1034.965258 -7.791864e+06
 1034.780311 -7.944480e+06
 1034.595363 -8.074808e+06
 1034.410416 -8.181816e+06
 1034.225469 -8.264592e+06
 1034.040521 -8.322384e+06
 1033.855574 -8.354624e+06
 1033.670627 -8.360896e+06
 1033.485679 -8.340984e+06
 1033.300732 -8.294880e+06
 1033.115785 -8.222784e+06
 1032.930837 -8.125104e+06
 1032.745890 -8.002456e+06
 1032.560943 -7.855664e+06
 1032.375995 -7.685744e+06
 1032.191048 -7.493880e+06
 1032.006101 -7.281464e+06
 1031.821153 -7.050008e+06
 1031.636206 -6.801136e+06
 1031.451259 -6.536632e+06
 1031.266311 -6.258296e+06
 1031.081364 -5.968016e+06
 1030.896417 -5.667728e+06
 1030.711469 -5.359304e+06
 1030.526522 -5.044640e+06
 1030.341575 -4.725568e+06
 1030.156627 -4.403832e+06
 1029.971680 -4.081064e+06
 1029.786733 -3.758808e+06
 1029.601785 -3.438440e+06
 1029.416838 -3.121200e+06
 1029.231891 -2.808160e+06
 1029.046943 -2.500208e+06
 1028.861996 -2.198056e+06
 1028.677049 -1.902248e+06
 1028.492101 -1.613128e+06
 1028.307154 -1.330872e+06
 1028.122207 -1.055472e+06
 1027.937259 -7.867840e+05
 1027.752312 -5.244800e+05
 1027.567365 -2.681040e+05
 1027.382417 -1.708800e+04
 1027.197470 2.292400e+05
 1027.012523 4.716560e+05
 1026.827575 7.109680e+05
 1026.642628 9.480640e+05
 1026.457681 1.183808e+06
 1026.272733 1.419112e+06
 1026.087786 1.654856e+06
 1025.902839 1.891864e+06
 1025.717891 2.130944e+06
 1025.532944 2.372816e+06
 1025.347997 2.618120e+06
 1025.163049 2.867432e+06
 1024.978102 3.121256e+06
 1024.793155 3.379968e+06
 1024.608207 3.643856e+06
 1024.423260 3.913160e+06
 1024.238313 4.187992e+06
 1024.053365 4.468416e+06
 1023.868418 4.754432e+06
 1023.683471 5.045968e+06
 1023.498523 5.342928e+06
 1023.313576 5.645168e+06
 1023.128629 5.952520e+06
 1022.943681 6.264808e+06
 1022.758734 6.581856e+06
 1022.573787 6.903464e+06
 1022.388839 7.229488e+06
 1022.203892 7.559752e+06
 1022.018945 7.894096e+06
 1021.833997 8.232392e+06
 1021.649050 8.574504e+06
 1021.464103 8.920304e+06
 1021.279155 9.269656e+06
 1021.094208 9.622424e+06
 1020.909261 9.978448e+06
 1020.724314 1.033754e+07
 1020.539366 1.069950e+07
 1020.354419 1.106404e+07
 1020.169472 1.143088e+07
 1019.984524 1.179962e+07
 1019.799577 1.216985e+07
 1019.614630 1.254106e+07
 1019.429682 1.291269e+07
 1019.244735 1.328409e+07
 1019.059788 1.365454e+07
 1018.874840 1.402324e+07
 1018.689893 1.438932e+07
 1018.504946 1.475186e+07
 1018.319998 1.510982e+07
 1018.135051 1.546217e+07
 1017.950104 1.580777e+07
 1017.765156 1.614543e+07
 1017.580209 1.647399e+07
 1017.395262 1.679218e+07
 1017.210314 1.709876e+07
 1017.025367 1.739245e+07
 1016.840420 1.767198e+07
 1016.655472 1.793610e+07
 1016.470525 1.818358e+07
 1016.285578 1.841322e+07
 1016.100630 1.862383e+07
 1015.915683 1.881433e+07
 1015.730736 1.898366e+07
 1015.545788 1.913082e+07
 1015.360841 1.925490e+07
 1015.175894 1.935510e+07
 1014.990946 1.943063e+07
 1014.805999 1.948086e+07
 1014.621052 1.950519e+07
 1014.436104 1.950316e+07
 1014.251157 1.947436e+07
 1014.066210 1.941847e+07
 1013.881262 1.933529e+07
 1013.696315 1.922463e+07
 1013.511368 1.908645e+07
 1013.326420 1.892073e+07
 1013.141473 1.872751e+07
 1012.956526 1.850694e+07
 1012.771578 1.825921e+07
 1012.586631 1.798454e+07
 1012.401684 1.768323e+07
 1012.216736 1.735564e+07
 1012.031789 1.700218e+07
 1011.846842 1.662333e+07
 1011.661894 1.621959e+07
 1011.476947 1.579158e+07
 1011.292000 1.533992e+07
 1011.107052 1.486533e+07
 1010.922105 1.436858e+07
 1010.737158 1.385050e+07
 1010.552210 1.331198e+07
 1010.367263 1.275398e+07
 1010.182316 1.217750e+07
 1009.997368 1.158361e+07
 1009.812421 1.097338e+07
 1009.627474 1.034798e+07
 1009.442526 9.708584e+06
 1009.257579 9.056384e+06
 1009.072632 8.392616e+06
 1008.887684 7.718496e+06
 1008.702737 7.035288e+06
 1008.517790 6.344200e+06
 1008.332842 5.646488e+06
 1008.147895 4.943344e+06
 1007.962948 4.235976e+06
 1007.778000 3.525544e+06
 1007.593053 2.813176e+06
 1007.408106 2.100000e+06
 1007.223158 1.387056e+06
 1007.038211 6.754160e+05
 1006.853264 -3.393600e+04
 1006.668316 -7.400160e+05
 1006.483369 -1.441904e+06
 1006.298422 -2.138648e+06
 1006.113474 -2.829376e+06
 1005.928527 -3.513176e+06
 1005.743580 -4.189216e+06
 1005.558632 -4.856624e+06
 1005.373685 -5.514552e+06
 1005.188738 -6.162152e+06
 1005.003790 -6.798608e+06
 1004.818843 -7.423080e+06
 1004.633896 -8.034736e+06
 1004.448948 -8.632752e+06
 1004.264001 -9.216320e+06
 1004.079054 -9.784632e+06
 1003.894106 -1.033690e+07
 1003.709159 -1.087234e+07
 1003.524212 -1.139021e+07
 1003.339264 -1.188974e+07
 1003.154317 -1.237023e+07
 1002.969370 -1.283099e+07
 1002.784423 -1.327135e+07
 1002.599475 -1.369066e+07
 1002.414528 -1.408829e+07
 1002.229581 -1.446368e+07
 1002.044633 -1.481627e+07
 1001.859686 -1.514557e+07
 1001.674739 -1.545105e+07
 1001.489791 -1.573230e+07
 1001.304844 -1.598894e+07
 1001.119897 -1.622060e+07
 1000.934949 -1.642699e+07
 1000.750002 -1.660786e+07
 1000.565055 -1.676302e+07
 1000.380107 -1.689235e+07
 1000.195160 -1.699578e+07
 1000.010213 -1.707330e+07
  999.825265 -1.712498e+07
  999.640318 -1.715091e+07
  999.455371 -1.715128e+07
  999.270423 -1.712633e+07
  999.085476 -1.707632e+07
  998.900529 -1.700158e+07
  998.715581 -1.690249e+07
  998.530634 -1.677943e+07
  998.345687 -1.663283e+07
  998.160739 -1.646314e+07
  997.975792 -1.627083e+07
  997.790845 -1.605639e+07
  997.605897 -1.582035e+07
  997.420950 -1.556324e+07
  997.236003 -1.528564e+07
  997.051055 -1.498815e+07
  996.866108 -1.467145e+07
  996.681161 -1.433625e+07
  996.496213 -1.398340e+07
  996.311266 -1.361378e+07
  996.126319 -1.322842e+07
  995.941371 -1.282847e+07
  995.756424 -1.241522e+07
  995.571477 -1.199011e+07
  995.386529 -1.155474e+07
  995.201582 -1.111086e+07
  995.016635 -1.066041e+07
  994.831687 -1.020546e+07
  994.646740 -9.748232e+06
  994.461793 -9.291056e+06
  994.276845 -8.836432e+06
  994.091898 -8.386872e+06
  993.906951 -7.944976e+06
  993.722003 -7.513384e+06
  993.537056 -7.094712e+06
  993.352109 -6.691536e+06
  993.167161 -6.306352e+06
  992.982214 -5.941568e+06
  992.797267 -5.599424e+06
  992.612319 -5.282016e+06
  992.427372 -4.991224e+06
  992.242425 -4.728712e+06
  992.057477 -4.495888e+06
  991.872530 -4.293904e+06
  991.687583 -4.123624e+06
  991.502635 -3.985616e+06
  991.317688 -3.880176e+06
  991.132741 -3.807264e+06
  990.947793 -3.766528e+06
  990.762846 -3.757368e+06
  990.577899 -3.778840e+06
  990.392951 -3.829736e+06
  990.208004 -3.908616e+06
  990.023057 -4.013744e+06
  989.838109 -4.143184e+06
  989.653162 -4.294816e+06
  989.468215 -4.466328e+06
  989.283267 -4.655288e+06
  989.098320 -4.859160e+06
  988.913373 -5.075312e+06
  988.728425 -5.301088e+06
  988.543478 -5.533848e+06
  988.358531 -5.770944e+06
  988.173583 -6.009808e+06
  987.988636 -6.247952e+06
  987.803689 -6.483016e+06
  987.618741 -6.712784e+06
  987.433794 -6.935160e+06
  987.248847 -7.148272e+06
  987.063899 -7.350424e+06
  986.878952 -7.540120e+06
  986.694005 -7.716080e+06
  986.509057 -7.877240e+06
  986.324110 -8.022760e+06
  986.139163 -8.152016e+06
  985.954215 -8.264616e+06
  985.769268 -8.360360e+06
  985.584321 -8.439280e+06
  985.399374 -8.501584e+06
  985.214426 -8.547688e+06
  985.029479 -8.578184e+06
  984.844532 -8.593800e+06
  984.659584 -8.595448e+06
  984.474637 -8.584144e+06
  984.289690 -8.560984e+06
  984.104742 -8.527184e+06
  983.919795 -8.484000e+06
  983.734848 -8.432704e+06
  983.549900 -8.374608e+06
  983.364953 -8.310936e+06
  983.180006 -8.242936e+06
  982.995058 -8.171728e+06
  982.810111 -8.098368e+06
  982.625164 -8.023768e+06
  982.440216 -7.948744e+06
  982.255269 -7.873928e+06
  982.070322 -7.799816e+06
  981.885374 -7.726744e+06
  981.700427 -7.654872e+06
  981.515480 -7.584224e+06
  981.330532 -7.514648e+06
  981.145585 -7.445880e+06
  980.960638 -7.377504e+06
  980.775690 -7.309024e+06
  980.590743 -7.239832e+06
  980.405796 -7.169296e+06
  980.220848 -7.096696e+06
  980.035901 -7.021344e+06
  979.850954 -6.942528e+06
  979.666006 -6.859576e+06
  979.481059 -6.771888e+06
  979.296112 -6.678904e+06
  979.111164 -6.580168e+06
  978.926217 -6.475328e+06
  978.741270 -6.364128e+06
  978.556322 -6.246424e+06
  978.371375 -6.122176e+06
  978.186428 -5.991472e+06
  978.001480 -5.854480e+06
  977.816533 -5.711464e+06
  977.631586 -5.562736e+06
  977.446638 -5.408664e+06
  977.261691 -5.249688e+06
  977.076744 -5.086192e+06
  976.891796 -4.918600e+06
  976.706849 -4.747288e+06
  976.521902 -4.572568e+06
  976.336954 -4.394720e+06
  976.152007 -4.213904e+06
  975.967060 -4.030240e+06
  975.782112 -3.843720e+06
  975.597165 -3.654248e+06
  975.412218 -3.461640e+06
  975.227270 -3.265616e+06
  975.042323 -3.065856e+06
  974.857376 -2.861944e+06
  974.672428 -2.653440e+06
  974.487481 -2.439864e+06
  974.302534 -2.220760e+06
  974.117586 -1.995664e+06
  973.932639 -1.764200e+06
  973.747692 -1.526040e+06
  973.562744 -1.280944e+06
  973.377797 -1.028832e+06
  973.192850 -7.697040e+05
  973.007902 -5.037760e+05
  972.822955 -2.313520e+05
  972.638008 4.700800e+04
  972.453060 3.306400e+05
  972.268113 6.186720e+05
  972.083166 9.100640e+05
  971.898218 1.203640e+06
  971.713271 1.498080e+06
  971.528324 1.791968e+06
  971.343376 2.083776e+06
  971.158429 2.371928e+06
  970.973482 2.654824e+06
  970.788534 2.930840e+06
  970.603587 3.198400e+06
  970.418640 3.455992e+06
  970.233692 3.702160e+06
  970.048745 3.935576e+06
  969.863798 4.155024e+06
  969.678850 4.359448e+06
  969.493903 4.547928e+06
  969.308956 4.719696e+06
  969.124008 4.874176e+06
  968.939061 5.010912e+06
  968.754114 5.129640e+06
  968.569166 5.230208e+06
  968.384219 5.312600e+06
  968.199272 5.376920e+06
  968.014324 5.423368e+06
  967.829377 5.452224e+06
  967.644430 5.463832e+06
  967.459483 5.458568e+06
  967.274535 5.436856e+06
  967.089588 5.399120e+06
  966.904641 5.345824e+06
  966.719693 5.277376e+06
  966.534746 5.194232e+06
  966.349799 5.096800e+06
  966.164851 4.985488e+06
  965.979904 4.860720e+06
  965.794957 4.722880e+06
  965.610009 4.572400e+06
  965.425062 4.409680e+06
  965.240115 4.235208e+06
  965.055167 4.049480e+06
  964.870220 3.853032e+06
  964.685273 3.646488e+06
  964.500325 3.430528e+06
  964.315378 3.205904e+06
  964.130431 2.973456e+06
  963.945483 2.734104e+06
  963.760536 2.488864e+06
  963.575589 2.238808e+06
  963.390641 1.985080e+06
  963.205694 1.728904e+06
  963.020747 1.471520e+06
  962.835799 1.214216e+06
  962.650852 9.583040e+05
  962.465905 7.050560e+05
  962.280957 4.557920e+05
  962.096010 2.117200e+05
  961.911063 -2.593600e+04
  961.726115 -2.560800e+05
  961.541168 -4.776560e+05
  961.356221 -6.896880e+05
  961.171273 -8.913200e+05
  960.986326 -1.081784e+06
  960.801379 -1.260440e+06
  960.616431 -1.426680e+06
  960.431484 -1.580080e+06
  960.246537 -1.720256e+06
  960.061589 -1.846912e+06
  959.876642 -1.959856e+06
  959.691695 -2.058944e+06
  959.506747 -2.144112e+06
  959.321800 -2.215312e+06
  959.136853 -2.272568e+06
  958.951905 -2.315896e+06
  958.766958 -2.345368e+06
  958.582011 -2.361064e+06
  958.397063 -2.363048e+06
  958.212116 -2.351400e+06
  958.027169 -2.326200e+06
  957.842221 -2.287536e+06
  957.657274 -2.235456e+06
  957.472327 -2.170048e+06
  957.287379 -2.091376e+06
  957.102432 -1.999504e+06
  956.917485 -1.894512e+06
  956.732537 -1.776496e+06
  956.547590 -1.645544e+06
  956.362643 -1.501816e+06
  956.177695 -1.345416e+06
  955.992748 -1.176568e+06
  955.807801 -9.954640e+05
  955.622853 -8.023520e+05
  955.437906 -5.975200e+05
  955.252959 -3.812880e+05
  955.068011 -1.540240e+05
  954.883064 8.391200e+04
  954.698117 3.321200e+05
  954.513169 5.901360e+05
  954.328222 8.575520e+05
  954.143275 1.133896e+06
  953.958327 1.418744e+06
  953.773380 1.711616e+06
  953.588433 2.012104e+06
  953.403485 2.319768e+06
  953.218538 2.634216e+06
  953.033591 2.955056e+06
  952.848643 3.281920e+06
  952.663696 3.614472e+06
  952.478749 3.952360e+06
  952.293801 4.295264e+06
  952.108854 4.642880e+06
  951.923907 4.994904e+06
  951.738959 5.351024e+06
  951.554012 5.710928e+06
  951.369065 6.074304e+06
  951.184117 6.440856e+06
  950.999170 6.810224e+06
  950.814223 7.182096e+06
  950.629275 7.556096e+06
  950.444328 7.931880e+06
  950.259381 8.309080e+06
  950.074433 8.687312e+06
  949.889486 9.066192e+06
  949.704539 9.445336e+06
  949.519592 9.824336e+06
  949.334644 1.020278e+07
  949.149697 1.058029e+07
  948.964750 1.095647e+07
  948.779802 1.133091e+07
  948.594855 1.170326e+07
  948.409908 1.207316e+07
  948.224960 1.244029e+07
  948.040013 1.280435e+07
  947.855066 1.316512e+07
  947.670118 1.352241e+07
  947.485171 1.387606e+07
  947.300224 1.422604e+07
  947.115276 1.457233e+07
  946.930329 1.491500e+07
  946.745382 1.525419e+07
  946.560434 1.559010e+07
  946.375487 1.592301e+07
  946.190540 1.625316e+07
  946.005592 1.658091e+07
  945.820645 1.690659e+07
  945.635698 1.723049e+07
  945.450750 1.755293e+07
  945.265803 1.787414e+07
  945.080856 1.819426e+07
  944.895908 1.851343e+07
  944.710961 1.883157e+07
  944.526014 1.914857e+07
  944.341066 1.946416e+07
  944.156119 1.977794e+07
  943.971172 2.008942e+07
  943.786224 2.039794e+07
  943.601277 2.070277e+07
  943.416330 2.100307e+07
  943.231382 2.129798e+07
  943.046435 2.158650e+07
  942.861488 2.186770e+07
  942.676540 2.214058e+07
  942.491593 2.240423e+07
  942.306646 2.265777e+07
  942.121698 2.290039e+07
  941.936751 2.313142e+07
  941.751804 2.335029e+07
  941.566856 2.355655e+07
  941.381909 2.374995e+07
  941.196962 2.393034e+07
  941.012014 2.409778e+07
  940.827067 2.425238e+07
  940.642120 2.439450e+07
  940.457172 2.452456e+07
  940.272225 2.464308e+07
  940.087278 2.475070e+07
  939.902330 2.484810e+07
  939.717383 2.493597e+07
  939.532436 2.501506e+07
  939.347488 2.508607e+07
  939.162541 2.514969e+07
  938.977594 2.520649e+07
  938.792646 2.525702e+07
  938.607699 2.530170e+07
  938.422752 2.534082e+07
  938.237804 2.537461e+07
  938.052857 2.540310e+07
  937.867910 2.542624e+07
  937.682962 2.544382e+07
  937.498015 2.545551e+07
  937.313068 2.546090e+07
  937.128120 2.545944e+07
  936.943173 2.545051e+07
  936.758226 2.543344e+07
  936.573278 2.540747e+07
  936.388331 2.537187e+07
  936.203384 2.532586e+07
  936.018436 2.526874e+07
  935.833489 2.519976e+07
  935.648542 2.511834e+07
  935.463594 2.502390e+07
  935.278647 2.491602e+07
  935.093700 2.479438e+07
  934.908752 2.465878e+07
  934.723805 2.450916e+07
  934.538858 2.434564e+07
  934.353910 2.416846e+07
  934.168963 2.397800e+07
  933.984016 2.377482e+07
  933.799068 2.355963e+07
  933.614121 2.333320e+07
  933.429174 2.309651e+07
  933.244226 2.285058e+07
  933.059279 2.259658e+07
  932.874332 2.233570e+07
  932.689384 2.206923e+07
  932.504437 2.179849e+07
  932.319490 2.152486e+07
  932.134543 2.124968e+07
  931.949595 2.097434e+07
  931.764648 2.070020e+07
  931.579701 2.042857e+07
  931.394753 2.016075e+07
  931.209806 1.989800e+07
  931.024859 1.964148e+07
  930.839911 1.939230e+07
  930.654964 1.915151e+07
  930.470017 1.892006e+07
  930.285069 1.869879e+07
  930.100122 1.848848e+07
  929.915175 1.828979e+07
  929.730227 1.810323e+07
  929.545280 1.792924e+07
  929.360333 1.776813e+07
  929.175385 1.762003e+07
  928.990438 1.748502e+07
  928.805491 1.736299e+07
  928.620543 1.725370e+07
  928.435596 1.715681e+07
  928.250649 1.707180e+07
  928.065701 1.699809e+07
  927.880754 1.693490e+07
  927.695807 1.688145e+07
  927.510859 1.683675e+07
  927.325912 1.679981e+07
  927.140965 1.676951e+07
  926.956017 1.674471e+07
  926.771070 1.672420e+07
  926.586123 1.670674e+07
  926.401175 1.669105e+07
  926.216228 1.667587e+07
  926.031281 1.665990e+07
  925.846333 1.664187e+07
  925.661386 1.662051e+07
  925.476439 1.659456e+07
  925.291491 1.656279e+07
  925.106544 1.652402e+07
  924.921597 1.647707e+07
  924.736649 1.642083e+07
  924.551702 1.635423e+07
  924.366755 1.627628e+07
  924.181807 1.618604e+07
  923.996860 1.608263e+07
  923.811913 1.596532e+07
  923.626965 1.583344e+07
  923.442018 1.568643e+07
  923.257071 1.552387e+07
  923.072123 1.534550e+07
  922.887176 1.515114e+07
  922.702229 1.494083e+07
  922.517281 1.471473e+07
  922.332334 1.447313e+07
  922.147387 1.421651e+07
  921.962439 1.394550e+07
  921.777492 1.366084e+07
  921.592545 1.336342e+07
  921.407597 1.305421e+07
  921.222650 1.273431e+07
  921.037703 1.240486e+07
  920.852755 1.206710e+07
  920.667808 1.172224e+07
  920.482861 1.137154e+07
  920.297913 1.101623e+07
  920.112966 1.065753e+07
  919.928019 1.029660e+07
  919.743071 9.934528e+06
  919.558124 9.572344e+06
  919.373177 9.211008e+06
  919.188229 8.851400e+06
  919.003282 8.494272e+06
  918.818335 8.140360e+06
  918.633387 7.790304e+06
  918.448440 7.444704e+06
  918.263493 7.104064e+06
  918.078545 6.768904e+06
  917.893598 6.439736e+06
  917.708651 6.117024e+06
  917.523703 5.801312e+06
  917.338756 5.493120e+06
  917.153809 5.193040e+06
  916.968861 4.901704e+06
  916.783914 4.619824e+06
  916.598967 4.348152e+06
  916.414019 4.087504e+06
  916.229072 3.838776e+06
  916.044125 3.602888e+06
  915.859177 3.380816e+06
  915.674230 3.173528e+06
  915.489283 2.982024e+06
  915.304335 2.807288e+06
  915.119388 2.650256e+06
  914.934441 2.511808e+06
  914.749493 2.392760e+06
  914.564546 2.293816e+06
  914.379599 2.215584e+06
  914.194652 2.158528e+06
  914.009704 2.122984e+06
  913.824757 2.109128e+06
  913.639810 2.116984e+06
  913.454862 2.146424e+06
  913.269915 2.197168e+06
  913.084968 2.268768e+06
  912.900020 2.360664e+06
  912.715073 2.472120e+06
  912.530126 2.602328e+06
  912.345178 2.750336e+06
  912.160231 2.915120e+06
  911.975284 3.095544e+06
  911.790336 3.290472e+06
  911.605389 3.498664e+06
  911.420442 3.718880e+06
  911.235494 3.949832e+06
  911.050547 4.190256e+06
  910.865600 4.438856e+06
  910.680652 4.694352e+06
  910.495705 4.955504e+06
  910.310758 5.221056e+06
  910.125810 5.489800e+06
  909.940863 5.760536e+06
  909.755916 6.032112e+06
  909.570968 6.303400e+06
  909.386021 6.573280e+06
  909.201074 6.840736e+06
  909.016126 7.104720e+06
  908.831179 7.364248e+06
  908.646232 7.618384e+06
  908.461284 7.866224e+06
  908.276337 8.106936e+06
  908.091390 8.339728e+06
  907.906442 8.563896e+06
  907.721495 8.778776e+06
  907.536548 8.983800e+06
  907.351600 9.178480e+06
  907.166653 9.362424e+06
  906.981706 9.535336e+06
  906.796758 9.697048e+06
  906.611811 9.847456e+06
  906.426864 9.986624e+06
  906.241916 1.011470e+07
  906.056969 1.023198e+07
  905.872022 1.033884e+07
  905.687074 1.043579e+07
  905.502127 1.052343e+07
  905.317180 1.060244e+07
  905.132232 1.067361e+07
  904.947285 1.073774e+07
  904.762338 1.079570e+07
  904.577390 1.084836e+07
  904.392443 1.089658e+07
  904.207496 1.094122e+07
  904.022548 1.098307e+07
  903.837601 1.102285e+07
  903.652654 1.106118e+07
  903.467706 1.109856e+07
  903.282759 1.113542e+07
  903.097812 1.117198e+07
  902.912864 1.120838e+07
  902.727917 1.124458e+07
  902.542970 1.128039e+07
  902.358022 1.131549e+07
  902.173075 1.134943e+07
  901.988128 1.138160e+07
  901.803180 1.141132e+07
  901.618233 1.143780e+07
  901.433286 1.146015e+07
  901.248338 1.147746e+07
  901.063391 1.148874e+07
  900.878444 1.149301e+07
  900.693496 1.148926e+07
  900.508549 1.147654e+07
  900.323602 1.145386e+07
  900.138654 1.142036e+07
  899.953707 1.137518e+07
  899.768760 1.131757e+07
  899.583812 1.124688e+07
  899.398865 1.116254e+07
  899.213918 1.106411e+07
  899.028970 1.095124e+07
  898.844023 1.082376e+07
  898.659076 1.068161e+07
  898.474128 1.052486e+07
  898.289181 1.035375e+07
  898.104234 1.016867e+07
  897.919286 9.970160e+06
  897.734339 9.758888e+06
  897.549392 9.535704e+06
  897.364444 9.301568e+06
  897.179497 9.057584e+06
  896.994550 8.805000e+06
  896.809602 8.545152e+06
  896.624655 8.279464e+06
  896.439708 8.009440e+06
  896.254761 7.736648e+06
  896.069813 7.462688e+06
  895.884866 7.189144e+06
  895.699919 6.917608e+06
  895.514971 6.649624e+06
  895.330024 6.386680e+06
  895.145077 6.130176e+06
  894.960129 5.881408e+06
  894.775182 5.641576e+06
  894.590235 5.411696e+06
  894.405287 5.192704e+06
  894.220340 4.985344e+06
  894.035393 4.790216e+06
  893.850445 4.607784e+06
  893.665498 4.438344e+06
  893.480551 4.282040e+06
  893.295603 4.138888e+06
  893.110656 4.008744e+06
  892.925709 3.891376e+06
  892.740761 3.786400e+06
  892.555814 3.693336e+06
  892.370867 3.611584e+06
  892.185919 3.540496e+06
  892.000972 3.479304e+06
  891.816025 3.427160e+06
  891.631077 3.383200e+06
  891.446130 3.346432e+06
  891.261183 3.315872e+06
  891.076235 3.290496e+06
  890.891288 3.269216e+06
  890.706341 3.250960e+06
  890.521393 3.234656e+06
  890.336446 3.219224e+06
  890.151499 3.203600e+06
  889.966551 3.186768e+06
  889.781604 3.167760e+06
  889.596657 3.145640e+06
  889.411709 3.119576e+06
  889.226762 3.088752e+06
  889.041815 3.052480e+06
  888.856867 3.010136e+06
  888.671920 2.961192e+06
  888.486973 2.905216e+06
  888.302025 2.841864e+06
  888.117078 2.770872e+06
  887.932131 2.692064e+06
  887.747183 2.605368e+06
  887.562236 2.510760e+06
  887.377289 2.408304e+06
  887.192341 2.298120e+06
  887.007394 2.180400e+06
  886.822447 2.055400e+06
  886.637499 1.923400e+06
  886.452552 1.784752e+06
  886.267605 1.639848e+06
  886.082657 1.489104e+06
  885.897710 1.333016e+06
  885.712763 1.172112e+06
  885.527815 1.006944e+06
  885.342868 8.381360e+05
  885.157921 6.663520e+05
  884.972973 4.922880e+05
  884.788026 3.167120e+05
  884.603079 1.404320e+05
  884.418131 -3.570400e+04
  884.233184 -2.108000e+05
  884.048237 -3.839200e+05
  883.863289 -5.541200e+05
  883.678342 -7.203600e+05
  883.493395 -8.816480e+05
  883.308447 -1.036936e+06
  883.123500 -1.185160e+06
  882.938553 -1.325272e+06
  882.753605 -1.456216e+06
  882.568658 -1.576952e+06
  882.383711 -1.686456e+06
  882.198763 -1.783736e+06
  882.013816 -1.867824e+06
  881.828869 -1.937792e+06
  881.643921 -1.992744e+06
  881.458974 -2.031880e+06
  881.274027 -2.054416e+06
  881.089079 -2.059656e+06
  880.904132 -2.047008e+06
  880.719185 -2.015944e+06
  880.534237 -1.966040e+06
  880.349290 -1.897016e+06
  880.164343 -1.808688e+06
  879.979395 -1.701000e+06
  879.794448 -1.574104e+06
  879.609501 -1.428240e+06
  879.424553 -1.263848e+06
  879.239606 -1.081560e+06
  879.054659 -8.821600e+05
  878.869712 -6.666480e+05
  878.684764 -4.361520e+05
  878.499817 -1.920320e+05
  878.314870 6.419200e+04
  878.129922 3.308720e+05
  877.944975 6.062000e+05
  877.760028 8.882160e+05
  877.575080 1.174912e+06
  877.390133 1.464152e+06
  877.205186 1.753776e+06
  877.020238 2.041608e+06
  876.835291 2.325448e+06
  876.650344 2.603168e+06
  876.465396 2.872704e+06
  876.280449 3.132088e+06
  876.095502 3.379480e+06
  875.910554 3.613192e+06
  875.725607 3.831720e+06
  875.540660 4.033760e+06
  875.355712 4.218208e+06
  875.170765 4.384200e+06
  874.985818 4.531064e+06
  874.800870 4.658392e+06
  874.615923 4.766000e+06
  874.430976 4.853888e+06
  874.246028 4.922304e+06
  874.061081 4.971656e+06
  873.876134 5.002512e+06
  873.691186 5.015632e+06
  873.506239 5.011840e+06
  873.321292 4.992104e+06
  873.136344 4.957456e+06
  872.951397 4.908960e+06
  872.766450 4.847760e+06
  872.581502 4.774976e+06
  872.396555 4.691744e+06
  872.211608 4.599208e+06
  872.026660 4.498472e+06
  871.841713 4.390608e+06
  871.656766 4.276664e+06
  871.471818 4.157672e+06
  871.286871 4.034608e+06
  871.101924 3.908448e+06
  870.916976 3.780096e+06
  870.732029 3.650472e+06
  870.547082 3.520424e+06
  870.362134 3.390832e+06
  870.177187 3.262504e+06
  869.992240 3.136232e+06
  869.807292 3.012808e+06
  869.622345 2.892952e+06
  869.437398 2.777384e+06
  869.252450 2.666776e+06
  869.067503 2.561776e+06
  868.882556 2.462984e+06
  868.697608 2.370968e+06
  868.512661 2.286216e+06
  868.327714 2.209240e+06
  868.142766 2.140432e+06
  867.957819 2.080200e+06
  867.772872 2.028896e+06
  867.587924 1.986816e+06
  867.402977 1.954256e+06
  867.218030 1.931456e+06
  867.033082 1.918688e+06
  866.848135 1.916168e+06
  866.663188 1.924144e+06
  866.478240 1.942856e+06
  866.293293 1.972592e+06
  866.108346 2.013664e+06
  865.923398 2.066416e+06
  865.738451 2.131224e+06
  865.553504 2.208536e+06
  865.368556 2.298840e+06
  865.183609 2.402680e+06
  864.998662 2.520624e+06
  864.813714 2.653312e+06
  864.628767 2.801360e+06
  864.443820 2.965416e+06
  864.258872 3.146104e+06
  864.073925 3.344040e+06
  863.888978 3.559752e+06
  863.704030 3.793712e+06
  863.519083 4.046288e+06
  863.334136 4.317704e+06
  863.149188 4.608072e+06
  862.964241 4.917312e+06
  862.779294 5.245184e+06
  862.594346 5.591264e+06
  862.409399 5.954920e+06
  862.224452 6.335320e+06
  862.039504 6.731472e+06
  861.854557 7.142168e+06
  861.669610 7.566024e+06
  861.484662 8.001528e+06
  861.299715 8.447000e+06
  861.114768 8.900648e+06
  860.929821 9.360584e+06
  860.744873 9.824824e+06
  860.559926 1.029137e+07
  860.374979 1.075816e+07
  860.190031 1.122315e+07
  860.005084 1.168430e+07
  859.820137 1.213959e+07
  859.635189 1.258710e+07
  859.450242 1.302492e+07
  859.265295 1.345125e+07
  859.080347 1.386439e+07
  858.895400 1.426276e+07
  858.710453 1.464486e+07
  858.525505 1.500934e+07
  858.340558 1.535496e+07
  858.155611 1.568063e+07
  857.970663 1.598540e+07
  857.785716 1.626846e+07
  857.600769 1.652910e+07
  857.415821 1.676682e+07
  857.230874 1.698119e+07
  857.045927 1.717197e+07
  856.860979 1.733899e+07
  856.676032 1.748228e+07
  856.491085 1.760190e+07
  856.306137 1.769804e+07
  856.121190 1.777102e+07
  855.936243 1.782122e+07
  855.751295 1.784904e+07
  855.566348 1.785500e+07
  855.381401 1.783960e+07
  855.196453 1.780342e+07
  855.011506 1.774702e+07
  854.826559 1.767094e+07
  854.641611 1.757575e+07
  854.456664 1.746198e+07
  854.271717 1.733014e+07
  854.086769 1.718065e+07
  853.901822 1.701395e+07
  853.716875 1.683041e+07
  853.531927 1.663034e+07
  853.346980 1.641404e+07
  853.162033 1.618169e+07
  852.977085 1.593348e+07
  852.792138 1.566954e+07
  852.607191 1.538996e+07
  852.422243 1.509480e+07
  852.237296 1.478409e+07
  852.052349 1.445784e+07
  851.867401 1.411610e+07
  851.682454 1.375886e+07
  851.497507 1.338618e+07
  851.312559 1.299816e+07
  851.127612 1.259490e+07
  850.942665 1.217661e+07
  850.757717 1.174354e+07
  850.572770 1.129606e+07
  850.387823 1.083458e+07
  850.202875 1.035966e+07
  850.017928 9.871960e+06
  849.832981 9.372224e+06
  849.648033 8.861304e+06
  849.463086 8.340168e+06
  849.278139 7.809872e+06
  849.093191 7.271536e+06
  848.908244 6.726368e+06
  848.723297 6.175624e+06
  848.538349 5.620568e+06
  848.353402 5.062488e+06
  848.168455 4.502672e+06
  847.983507 3.942360e+06
  847.798560 3.382744e+06
  847.613613 2.824928e+06
  847.428665 2.269968e+06
  847.243718 1.718784e+06
  847.058771 1.172168e+06
  846.873823 6.308400e+05
  846.688876 9.534400e+04
  846.503929 -4.338400e+05
  846.318981 -9.564160e+05
  846.134034 -1.472112e+06
  845.949087 -1.980800e+06
  845.764139 -2.482400e+06
  845.579192 -2.976856e+06
  845.394245 -3.464160e+06
  845.209297 -3.944304e+06
  845.024350 -4.417216e+06
  844.839403 -4.882800e+06
  844.654455 -5.340880e+06
  844.469508 -5.791176e+06
  844.284561 -6.233312e+06
  844.099613 -6.666784e+06
  843.914666 -7.090960e+06
  843.729719 -7.505072e+06
  843.544771 -7.908240e+06
  843.359824 -8.299456e+06
  843.174877 -8.677616e+06
  842.989930 -9.041544e+06
  842.804982 -9.389952e+06
  842.620035 -9.721592e+06
  842.435088 -1.003514e+07
  842.250140 -1.032930e+07
  842.065193 -1.060288e+07
  841.880246 -1.085470e+07
  841.695298 -1.108368e+07
  841.510351 -1.128894e+07
  841.325404 -1.146966e+07
  841.140456 -1.162527e+07
  840.955509 -1.175531e+07
  840.770562 -1.185956e+07
  840.585614 -1.193798e+07
  840.400667 -1.199070e+07
  840.215720 -1.201810e+07
  840.030772 -1.202070e+07
  839.845825 -1.199922e+07
  839.660878 -1.195454e+07
  839.475930 -1.188766e+07
  839.290983 -1.179975e+07
  839.106036 -1.169207e+07
  838.921088 -1.156597e+07
  838.736141 -1.142285e+07
  838.551194 -1.126422e+07
  838.366246 -1.109154e+07
  838.181299 -1.090637e+07
  837.996352 -1.071019e+07
  837.811404 -1.050450e+07
  837.626457 -1.029073e+07
  837.441510 -1.007029e+07
  837.256562 -9.844488e+06
  837.071615 -9.614568e+06
  836.886668 -9.381696e+06
  836.701720 -9.146904e+06
  836.516773 -8.911128e+06
  836.331826 -8.675224e+06
  836.146878 -8.439880e+06
  835.961931 -8.205688e+06
  835.776984 -7.973144e+06
  835.592036 -7.742608e+06
  835.407089 -7.514320e+06
  835.222142 -7.288456e+06
  835.037194 -7.065056e+06
  834.852247 -6.844120e+06
  834.667300 -6.625520e+06
  834.482352 -6.409112e+06
  834.297405 -6.194688e+06
  834.112458 -5.981968e+06
  833.927510 -5.770672e+06
  833.742563 -5.560496e+06
  833.557616 -5.351136e+06
  833.372668 -5.142256e+06
  833.187721 -4.933576e+06
  833.002774 -4.724808e+06
  832.817826 -4.515672e+06
  832.632879 -4.305952e+06
  832.447932 -4.095456e+06
  832.262984 -3.884016e+06
  832.078037 -3.671480e+06
  831.893090 -3.457768e+06
  831.708142 -3.242792e+06
  831.523195 -3.026480e+06
  831.338248 -2.808800e+06
  831.153300 -2.589696e+06
  830.968353 -2.369080e+06
  830.783406 -2.146928e+06
  830.598458 -1.923088e+06
  830.413511 -1.697432e+06
  830.228564 -1.469768e+06
  830.043616 -1.239848e+06
  829.858669 -1.007368e+06
  829.673722 -7.719680e+05
  829.488774 -5.332320e+05
  829.303827 -2.906640e+05
  829.118880 -4.376000e+04
  828.933932 2.080560e+05
  828.748985 4.653760e+05
  828.564038 7.288160e+05
  828.379090 9.989440e+05
  828.194143 1.276360e+06
  828.009196 1.561576e+06
  827.824248 1.855048e+06
  827.639301 2.157144e+06
  827.454354 2.468128e+06
  827.269406 2.788136e+06
  827.084459 3.117136e+06
  826.899512 3.454968e+06
  826.714564 3.801288e+06
  826.529617 4.155592e+06
  826.344670 4.517176e+06
  826.159722 4.885160e+06
  825.974775 5.258512e+06
  825.789828 5.636048e+06
  825.604881 6.016368e+06
  825.419933 6.398024e+06
  825.234986 6.779376e+06
  825.050039 7.158760e+06
  824.865091 7.534384e+06
  824.680144 7.904472e+06
  824.495197 8.267160e+06
  824.310249 8.620648e+06
  824.125302 8.963168e+06
  823.940355 9.292976e+06
  823.755407 9.608440e+06
  823.570460 9.908032e+06
  823.385513 1.019035e+07
  823.200565 1.045413e+07
  823.015618 1.069826e+07
  822.830671 1.092179e+07
  822.645723 1.112397e+07
  822.460776 1.130421e+07
  822.275829 1.146209e+07
  822.090881 1.159739e+07
  821.905934 1.171007e+07
  821.720987 1.180021e+07
  821.536039 1.186812e+07
  821.351092 1.191420e+07
  821.166145 1.193901e+07
  820.981197 1.194322e+07
  820.796250 1.192766e+07
  820.611303 1.189318e+07
  820.426355 1.184078e+07
  820.241408 1.177150e+07
  820.056461 1.168642e+07
  819.871513 1.158669e+07
  819.686566 1.147347e+07
  819.501619 1.134798e+07
  819.316671 1.121135e+07
  819.131724 1.106480e+07
  818.946777 1.090950e+07
  818.761829 1.074656e+07
  818.576882 1.057710e+07
  818.391935 1.040220e+07
  818.206987 1.022284e+07
  818.022040 1.003998e+07
  817.837093 9.854488e+06
  817.652145 9.667216e+06
  817.467198 9.478904e+06
  817.282251 9.290232e+06
  817.097303 9.101800e+06
  816.912356 8.914144e+06
  816.727409 8.727736e+06
  816.542461 8.542992e+06
  816.357514 8.360248e+06
  816.172567 8.179816e+06
  815.987619 8.001944e+06
  815.802672 7.826880e+06
  815.617725 7.654848e+06
  815.432777 7.486048e+06
  815.247830 7.320696e+06
  815.062883 7.159040e+06
  814.877935 7.001336e+06
  814.692988 6.847904e+06
  814.508041 6.699080e+06
  814.323093 6.555304e+06
  814.138146 6.417024e+06
  813.953199 6.284792e+06
  813.768251 6.159184e+06
  813.583304 6.040864e+06
  813.398357 5.930560e+06
  813.213409 5.829016e+06
  813.028462 5.737024e+06
  812.843515 5.655408e+06
  812.658567 5.584976e+06
  812.473620 5.526560e+06
  812.288673 5.480928e+06
  812.103725 5.448808e+06
  811.918778 5.430864e+06
  811.733831 5.427664e+06
  811.548883 5.439656e+06
  811.363936 5.467184e+06
  811.178989 5.510448e+06
  810.994041 5.569488e+06
  810.809094 5.644200e+06
  810.624147 5.734296e+06
  810.439199 5.839384e+06
  810.254252 5.958872e+06
  810.069305 6.092088e+06
  809.884357 6.238208e+06
  809.699410 6.396312e+06
  809.514463 6.565456e+06
  809.329515 6.744584e+06
  809.144568 6.932688e+06
  808.959621 7.128704e+06
  808.774673 7.331640e+06
  808.589726 7.540560e+06
  808.404779 7.754568e+06
  808.219831 7.972904e+06
  808.034884 8.194896e+06
  807.849937 8.419968e+06
  807.664990 8.647720e+06
  807.480042 8.877824e+06
  807.295095 9.110096e+06
  807.110148 9.344480e+06
  806.925200 9.581024e+06
  806.740253 9.819888e+06
  806.555306 1.006132e+07
  806.370358 1.030569e+07
  806.185411 1.055339e+07
  806.000464 1.080494e+07
  805.815516 1.106089e+07
  805.630569 1.132183e+07
  805.445622 1.158844e+07
  805.260674 1.186140e+07
  805.075727 1.214142e+07
  804.890780 1.242926e+07
  804.705832 1.272566e+07
  804.520885 1.303142e+07
  804.335938 1.334727e+07
  804.150990 1.367402e+07
  803.966043 1.401234e+07
  803.781096 1.436298e+07
  803.596148 1.472658e+07
  803.411201 1.510370e+07
  803.226254 1.549482e+07
  803.041306 1.590034e+07
  802.856359 1.632046e+07
  802.671412 1.675528e+07
  802.486464 1.720473e+07
  802.301517 1.766850e+07
  802.116570 1.814610e+07
  801.931622 1.863679e+07
  801.746675 1.913962e+07
  801.561728 1.965339e+07
  801.376780 2.017668e+07
  801.191833 2.070779e+07
  801.006886 2.124483e+07
  800.821938 2.178570e+07
  800.636991 2.232810e+07
  800.452044 2.286955e+07
  800.267096 2.340748e+07
  800.082149 2.393918e+07
  799.897202 2.446190e+07
  799.712254 2.497280e+07
  799.527307 2.546909e+07
  799.342360 2.594798e+07
  799.157412 2.640681e+07
  798.972465 2.684290e+07
  798.787518 2.725382e+07
  798.602570 2.763721e+07
  798.417623 2.799095e+07
  798.232676 2.831307e+07
  798.047728 2.860185e+07
  797.862781 2.885579e+07
  797.677834 2.907365e+07
  797.492886 2.925439e+07
  797.307939 2.939727e+07
  797.122992 2.950183e+07
  796.938044 2.956780e+07
  796.753097 2.959522e+07
  796.568150 2.958433e+07
  796.383202 2.953567e+07
  796.198255 2.944998e+07
  796.013308 2.932822e+07
  795.828360 2.917157e+07
  795.643413 2.898142e+07
  795.458466 2.875931e+07
  795.273518 2.850697e+07
  795.088571 2.822625e+07
  794.903624 2.791914e+07
  794.718676 2.758774e+07
  794.533729 2.723424e+07
  794.348782 2.686087e+07
  794.163834 2.646990e+07
  793.978887 2.606362e+07
  793.793940 2.564429e+07
  793.608992 2.521417e+07
  793.424045 2.477543e+07
  793.239098 2.433018e+07
  793.054150 2.388042e+07
  792.869203 2.342802e+07
  792.684256 2.297474e+07
  792.499308 2.252218e+07
  792.314361 2.207178e+07
  792.129414 2.162482e+07
  791.944466 2.118242e+07
  791.759519 2.074550e+07
  791.574572 2.031486e+07
  791.389624 1.989113e+07
  791.204677 1.947475e+07
  791.019730 1.906607e+07
  790.834782 1.866530e+07
  790.649835 1.827254e+07
  790.464888 1.788777e+07
  790.279940 1.751095e+07
  790.094993 1.714193e+07
  789.910046 1.678054e+07
  789.725099 1.642658e+07
  789.540151 1.607984e+07
  789.355204 1.574011e+07
  789.170257 1.540716e+07
  788.985309 1.508084e+07
  788.800362 1.476098e+07
  788.615415 1.444748e+07
  788.430467 1.414024e+07
  788.245520 1.383923e+07
  788.060573 1.354446e+07
  787.875625 1.325597e+07
  787.690678 1.297383e+07
  787.505731 1.269816e+07
  787.320783 1.242911e+07
  787.135836 1.216685e+07
  786.950889 1.191155e+07
  786.765941 1.166343e+07
  786.580994 1.142270e+07
  786.396047 1.118960e+07
  786.211099 1.096435e+07
  786.026152 1.074714e+07
  785.841205 1.053826e+07
  785.656257 1.033787e+07
  785.471310 1.014624e+07
  785.286363 9.963544e+06
  785.101415 9.790000e+06
  784.916468 9.625808e+06
  784.731521 9.471168e+06
  784.546573 9.326256e+06
  784.361626 9.191216e+06
  784.176679 9.066216e+06
  783.991731 8.951360e+06
  783.806784 8.846744e+06
  783.621837 8.752408e+06
  783.436889 8.668336e+06
  783.251942 8.594480e+06
  783.066995 8.530720e+06
  782.882047 8.476848e+06
  782.697100 8.432616e+06
  782.512153 8.397672e+06
  782.327205 8.371600e+06
  782.142258 8.353920e+06
  781.957311 8.344080e+06
  781.772363 8.341496e+06
  781.587416 8.345504e+06
  781.402469 8.355448e+06
  781.217521 8.370648e+06
  781.032574 8.390392e+06
  780.847627 8.414048e+06
  780.662679 8.440984e+06
  780.477732 8.470616e+06
  780.292785 8.502416e+06
  780.107837 8.535952e+06
  779.922890 8.570840e+06
  779.737943 8.606776e+06
  779.552995 8.643576e+06
  779.368048 8.681096e+06
  779.183101 8.719280e+06
  778.998153 8.758128e+06
  778.813206 8.797704e+06
  778.628259 8.838112e+06
  778.443311 8.879464e+06
  778.258364 8.921920e+06
  778.073417 8.965592e+06
  777.888469 9.010616e+06
  777.703522 9.057072e+06
  777.518575 9.105008e+06
  777.333627 9.154400e+06
  777.148680 9.205176e+06
  776.963733 9.257192e+06
  776.778785 9.310208e+06
  776.593838 9.363928e+06
  776.408891 9.417960e+06
  776.223943 9.471792e+06
  776.038996 9.524904e+06
  775.854049 9.576624e+06
  775.669101 9.626232e+06
  775.484154 9.672928e+06
  775.299207 9.715864e+06
  775.114259 9.754128e+06
  774.929312 9.786744e+06
  774.744365 9.812736e+06
  774.559417 9.831088e+06
  774.374470 9.840776e+06
  774.189523 9.840800e+06
  774.004575 9.830160e+06
  773.819628 9.807936e+06
  773.634681 9.773224e+06
  773.449733 9.725200e+06
  773.264786 9.663136e+06
  773.079839 9.586376e+06
  772.894891 9.494408e+06
  772.709944 9.386776e+06
  772.524997 9.263176e+06
  772.340050 9.123416e+06
  772.155102 8.967416e+06
  771.970155 8.795224e+06
  771.785208 8.607000e+06
  771.600260 8.403016e+06
  771.415313 8.183624e+06
  771.230366 7.949272e+06
  771.045418 7.700504e+06
  770.860471 7.437936e+06
  770.675524 7.162192e+06
  770.490576 6.874024e+06
  770.305629 6.574152e+06
  770.120682 6.263352e+06
  769.935734 5.942408e+06
  769.750787 5.612104e+06
  769.565840 5.273232e+06
  769.380892 4.926568e+06
  769.195945 4.572888e+06
  769.010998 4.212920e+06
  768.826050 3.847384e+06
  768.641103 3.476968e+06
  768.456156 3.102360e+06
  768.271208 2.724176e+06
  768.086261 2.343032e+06
  767.901314 1.959544e+06
  767.716366 1.574240e+06
  767.531419 1.187688e+06
  767.346472 8.004240e+05
  767.161524 4.129440e+05
  766.976577 2.579200e+04
  766.791630 -3.605520e+05
  766.606682 -7.455920e+05
  766.421735 -1.128808e+06
  766.236788 -1.509688e+06
  766.051840 -1.887728e+06
  765.866893 -2.262376e+06
  765.681946 -2.633112e+06
  765.496998 -2.999344e+06
  765.312051 -3.360488e+06
  765.127104 -3.715944e+06
  764.942156 -4.065048e+06
  764.757209 -4.407128e+06
  764.572262 -4.741504e+06
  764.387314 -5.067392e+06
  764.202367 -5.384048e+06
  764.017420 -5.690648e+06
  763.832472 -5.986376e+06
  763.647525 -6.270360e+06
  763.462578 -6.541744e+06
  763.277630 -6.799664e+06
  763.092683 -7.043264e+06
  762.907736 -7.271712e+06
  762.722788 -7.484200e+06
  762.537841 -7.679984e+06
  762.352894 -7.858416e+06
  762.167946 -8.018888e+06
  761.982999 -8.160912e+06
  761.798052 -8.284152e+06
  761.613104 -8.388320e+06
  761.428157 -8.473344e+06
  761.243210 -8.539224e+06
  761.058262 -8.586136e+06
  760.873315 -8.614400e+06
  760.688368 -8.624448e+06
  760.503420 -8.616840e+06
  760.318473 -8.592256e+06
  760.133526 -8.551488e+06
  759.948578 -8.495376e+06
  759.763631 -8.424864e+06
  759.578684 -8.340904e+06
  759.393736 -8.244512e+06
  759.208789 -8.136688e+06
  759.023842 -8.018432e+06
  758.838894 -7.890712e+06
  758.653947 -7.754456e+06
  758.469000 -7.610536e+06
  758.284052 -7.459752e+06
  758.099105 -7.302840e+06
  757.914158 -7.140416e+06
  757.729210 -6.973040e+06
  757.544263 -6.801144e+06
  757.359316 -6.625056e+06
  757.174368 -6.445016e+06
  756.989421 -6.261144e+06
  756.804474 -6.073440e+06
  756.619526 -5.881816e+06
  756.434579 -5.686072e+06
  756.249632 -5.485920e+06
  756.064684 -5.280960e+06
  755.879737 -5.070760e+06
  755.694790 -4.854760e+06
  755.509842 -4.632384e+06
  755.324895 -4.402984e+06
  755.139948 -4.165896e+06
  754.955000 -3.920464e+06
  754.770053 -3.665976e+06
  754.585106 -3.401752e+06
  754.400159 -3.127160e+06
  754.215211 -2.841568e+06
  754.030264 -2.544400e+06
  753.845317 -2.235128e+06
  753.660369 -1.913288e+06
  753.475422 -1.578464e+06
  753.290475 -1.230336e+06
  753.105527 -8.686320e+05
  752.920580 -4.931600e+05
  752.735633 -1.038080e+05
  752.550685 2.994240e+05
  752.365738 7.164960e+05
  752.180791 1.147240e+06
  751.995843 1.591392e+06
  751.810896 2.048552e+06
  751.625949 2.518256e+06
  751.441001 2.999856e+06
  751.256054 3.492568e+06
  751.071107 3.995512e+06
  750.886159 4.507608e+06
  750.701212 5.027616e+06
  750.516265 5.554176e+06
  750.331317 6.085752e+06
  750.146370 6.620656e+06
  749.961423 7.157096e+06
  749.776475 7.693152e+06
  749.591528 8.226808e+06
  749.406581 8.756016e+06
  749.221633 9.278648e+06
  749.036686 9.792632e+06
  748.851739 1.029586e+07
  748.666791 1.078635e+07
  748.481844 1.126222e+07
  748.296897 1.172168e+07
  748.111949 1.216314e+07
  747.927002 1.258518e+07
  747.742055 1.298661e+07
  747.557107 1.336643e+07
  747.372160 1.372390e+07
  747.187213 1.405851e+07
  747.002265 1.437001e+07
  746.817318 1.465835e+07
  746.632371 1.492375e+07
  746.447423 1.516659e+07
  746.262476 1.538747e+07
  746.077529 1.558718e+07
  745.892581 1.576663e+07
  745.707634 1.592689e+07
  745.522687 1.606907e+07
  745.337739 1.619445e+07
  745.152792 1.630428e+07
  744.967845 1.639989e+07
  744.782897 1.648257e+07
  744.597950 1.655361e+07
  744.413003 1.661427e+07
  744.228055 1.666576e+07
  744.043108 1.670918e+07
  743.858161 1.674558e+07
  743.673213 1.677593e+07
  743.488266 1.680106e+07
  743.303319 1.682174e+07
  743.118371 1.683865e+07
  742.933424 1.685237e+07
  742.748477 1.686345e+07
  742.563529 1.687233e+07
  742.378582 1.687946e+07
  742.193635 1.688523e+07
  742.008687 1.689010e+07
  741.823740 1.689446e+07
  741.638793 1.689880e+07
  741.453845 1.690366e+07
  741.268898 1.690963e+07
  741.083951 1.691737e+07
  740.899003 1.692763e+07
  740.714056 1.694125e+07
  740.529109 1.695908e+07
  740.344161 1.698210e+07
  740.159214 1.701126e+07
  739.974267 1.704756e+07
  739.789319 1.709198e+07
  739.604372 1.714549e+07
  739.419425 1.720894e+07
  739.234477 1.728313e+07
  739.049530 1.736875e+07
  738.864583 1.746633e+07
  738.679635 1.757625e+07
  738.494688 1.769871e+07
  738.309741 1.783378e+07
  738.124793 1.798129e+07
  737.939846 1.814090e+07
  737.754899 1.831212e+07
  737.569951 1.849426e+07
  737.385004 1.868650e+07
  737.200057 1.888786e+07
  737.015109 1.909722e+07
  736.830162 1.931342e+07
  736.645215 1.953514e+07
  736.460268 1.976102e+07
  736.275320 1.998966e+07
  736.090373 2.021960e+07
  735.905426 2.044937e+07
  735.720478 2.067747e+07
  735.535531 2.090245e+07
  735.350584 2.112280e+07
  735.165636 2.133708e+07
  734.980689 2.154383e+07
  734.795742 2.174170e+07
  734.610794 2.192930e+07
  734.425847 2.210537e+07
  734.240900 2.226864e+07
  734.055952 2.241796e+07
  733.871005 2.255224e+07
  733.686058 2.267050e+07
  733.501110 2.277181e+07
  733.316163 2.285542e+07
  733.131216 2.292066e+07
  732.946268 2.296696e+07
  732.761321 2.299391e+07
  732.576374 2.300123e+07
  732.391426 2.298876e+07
  732.206479 2.295647e+07
  732.021532 2.290445e+07
  731.836584 2.283294e+07
  731.651637 2.274225e+07
  731.466690 2.263282e+07
  731.281742 2.250518e+07
  731.096795 2.235994e+07
  730.911848 2.219775e+07
  730.726900 2.201938e+07
  730.541953 2.182558e+07
  730.357006 2.161718e+07
  730.172058 2.139502e+07
  729.987111 2.115994e+07
  729.802164 2.091285e+07
  729.617216 2.065459e+07
  729.432269 2.038607e+07
  729.247322 2.010813e+07
  729.062374 1.982167e+07
  728.877427 1.952754e+07
  728.692480 1.922654e+07
  728.507532 1.891954e+07
  728.322585 1.860730e+07
  728.137638 1.829062e+07
  727.952690 1.797018e+07
  727.767743 1.764669e+07
  727.582796 1.732079e+07
  727.397848 1.699306e+07
  727.212901 1.666404e+07
  727.027954 1.633418e+07
  726.843006 1.600390e+07
  726.658059 1.567352e+07
  726.473112 1.534334e+07
  726.288164 1.501357e+07
  726.103217 1.468437e+07
  725.918270 1.435585e+07
  725.733322 1.402810e+07
  725.548375 1.370116e+07
  725.363428 1.337504e+07
  725.178480 1.304974e+07
  724.993533 1.272529e+07
  724.808586 1.240164e+07
  724.623638 1.207885e+07
  724.438691 1.175690e+07
  724.253744 1.143582e+07
  724.068796 1.111569e+07
  723.883849 1.079655e+07
  723.698902 1.047849e+07
  723.513954 1.016160e+07
  723.329007 9.845968e+06
  723.144060 9.531680e+06
  722.959112 9.218840e+06
  722.774165 8.907560e+06
  722.589218 8.597904e+06
  722.404270 8.289976e+06
  722.219323 7.983856e+06
  722.034376 7.679640e+06
  721.849428 7.377432e+06
  721.664481 7.077360e+06
  721.479534 6.779568e+06
  721.294586 6.484248e+06
  721.109639 6.191648e+06
  720.924692 5.902048e+06
  720.739744 5.615784e+06
  720.554797 5.333264e+06
  720.369850 5.054944e+06
  720.184902 4.781360e+06
  719.999955 4.513064e+06
  719.815008 4.250664e+06
  719.630060 3.994808e+06
  719.445113 3.746128e+06
  719.260166 3.505288e+06
  719.075219 3.272904e+06
  718.890271 3.049592e+06
  718.705324 2.835872e+06
  718.520377 2.632256e+06
  718.335429 2.439120e+06
  718.150482 2.256776e+06
  717.965535 2.085440e+06
  717.780587 1.925208e+06
  717.595640 1.776072e+06
  717.410693 1.637920e+06
  717.225745 1.510504e+06
  717.040798 1.393512e+06
  716.855851 1.286520e+06
  716.670903 1.189016e+06
  716.485956 1.100424e+06
  716.301009 1.020112e+06
  716.116061 9.473760e+05
  715.931114 8.815040e+05
  715.746167 8.217760e+05
  715.561219 7.674400e+05
  715.376272 7.177680e+05
  715.191325 6.720560e+05
  715.006377 6.296000e+05
  714.821430 5.897680e+05
  714.636483 5.519360e+05
  714.451535 5.155280e+05
  714.266588 4.800560e+05
  714.081641 4.450320e+05
  713.896693 4.100640e+05
  713.711746 3.747680e+05
  713.526799 3.388800e+05
  713.341851 3.021120e+05
  713.156904 2.643040e+05
  712.971957 2.253040e+05
  712.787009 1.850000e+05
  712.602062 1.433840e+05
  712.417115 1.004240e+05
  712.232167 5.618400e+04
  712.047220 1.072000e+04
  711.862273 -3.587200e+04
  711.677325 -8.348800e+04
  711.492378 -1.320080e+05
  711.307431 -1.813120e+05
  711.122483 -2.313040e+05
  710.937536 -2.819280e+05
  710.752589 -3.331120e+05
  710.567641 -3.848720e+05
  710.382694 -4.372640e+05
  710.197747 -4.903760e+05
  710.012799 -5.443680e+05
  709.827852 -5.994720e+05
  709.642905 -6.559440e+05
  709.457957 -7.141040e+05
  709.273010 -7.743120e+05
  709.088063 -8.369680e+05
  708.903115 -9.024560e+05
  708.718168 -9.712160e+05
  708.533221 -1.043608e+06
  708.348273 -1.120016e+06
  708.163326 -1.200760e+06
  707.978379 -1.286048e+06
  707.793431 -1.376064e+06
  707.608484 -1.470872e+06
  707.423537 -1.570376e+06
  707.238589 -1.674408e+06
  707.053642 -1.782624e+06
  706.868695 -1.894552e+06
  706.683747 -2.009576e+06
  706.498800 -2.126904e+06
  706.313853 -2.245624e+06
  706.128905 -2.364696e+06
  705.943958 -2.482944e+06
  705.759011 -2.599120e+06
  705.574063 -2.711864e+06
  705.389116 -2.819800e+06
  705.204169 -2.921488e+06
  705.019221 -3.015552e+06
  704.834274 -3.100592e+06
  704.649327 -3.175320e+06
  704.464379 -3.238560e+06
  704.279432 -3.289256e+06
  704.094485 -3.326496e+06
  703.909537 -3.349600e+06
  703.724590 -3.358048e+06
  703.539643 -3.351584e+06
  703.354695 -3.330128e+06
  703.169748 -3.293888e+06
  702.984801 -3.243248e+06
  702.799853 -3.178856e+06
  702.614906 -3.101528e+06
  702.429959 -3.012280e+06
  702.245011 -2.912304e+06
  702.060064 -2.802920e+06
  701.875117 -2.685536e+06
  701.690169 -2.561688e+06
  701.505222 -2.432960e+06
  701.320275 -2.300944e+06
  701.135328 -2.167272e+06
  700.950380 -2.033536e+06
  700.765433 -1.901336e+06
  700.580486 -1.772200e+06
  700.395538 -1.647592e+06
  700.210591 -1.528912e+06
  700.025644 -1.417504e+06
  699.840696 -1.314600e+06
  699.655749 -1.221360e+06
  699.470802 -1.138856e+06
  699.285854 -1.068072e+06
  699.100907 -1.009864e+06
  698.915960 -9.650480e+05
  698.731012 -9.343120e+05
  698.546065 -9.182160e+05
  698.361118 -9.172800e+05
  698.176170 -9.318560e+05
  697.991223 -9.622240e+05
  697.806276 -1.008536e+06
  697.621328 -1.070808e+06
  697.436381 -1.148968e+06
  697.251434 -1.242776e+06
  697.066486 -1.351880e+06
  696.881539 -1.475784e+06
  696.696592 -1.613888e+06
  696.511644 -1.765416e+06
  696.326697 -1.929472e+06
  696.141750 -2.105056e+06
  695.956802 -2.291008e+06
  695.771855 -2.486096e+06
  695.586908 -2.688952e+06
  695.401960 -2.898128e+06
  695.217013 -3.112104e+06
  695.032066 -3.329288e+06
  694.847118 -3.548040e+06
  694.662171 -3.766712e+06
  694.477224 -3.983648e+06
  694.292276 -4.197184e+06
  694.107329 -4.405712e+06
  693.922382 -4.607680e+06
  693.737434 -4.801616e+06
  693.552487 -4.986136e+06
  693.367540 -5.160008e+06
  693.182592 -5.322096e+06
  692.997645 -5.471432e+06
  692.812698 -5.607232e+06
  692.627750 -5.728904e+06
  692.442803 -5.835992e+06
  692.257856 -5.928304e+06
  692.072908 -6.005768e+06
  691.887961 -6.068576e+06
  691.703014 -6.117064e+06
  691.518066 -6.151768e+06
  691.333119 -6.173352e+06
  691.148172 -6.182656e+06
  690.963224 -6.180640e+06
  690.778277 -6.168336e+06
  690.593330 -6.146880e+06
  690.408382 -6.117448e+06
  690.223435 -6.081224e+06
  690.038488 -6.039408e+06
  689.853540 -5.993144e+06
  689.668593 -5.943552e+06
  689.483646 -5.891688e+06
  689.298698 -5.838488e+06
  689.113751 -5.784848e+06
  688.928804 -5.731512e+06
  688.743856 -5.679128e+06
  688.558909 -5.628256e+06
  688.373962 -5.579328e+06
  688.189014 -5.532672e+06
  688.004067 -5.488544e+06
  687.819120 -5.447064e+06
  687.634172 -5.408312e+06
  687.449225 -5.372248e+06
  687.264278 -5.338824e+06
  687.079330 -5.307864e+06
  686.894383 -5.279200e+06
  686.709436 -5.252608e+06
  686.524488 -5.227832e+06
  686.339541 -5.204576e+06
  686.154594 -5.182536e+06
  685.969646 -5.161432e+06
  685.784699 -5.140960e+06
  685.599752 -5.120808e+06
  685.414804 -5.100720e+06
  685.229857 -5.080448e+06
  685.044910 -5.059768e+06
  684.859962 -5.038520e+06
  684.675015 -5.016560e+06
  684.490068 -4.993792e+06
  684.305120 -4.970168e+06
  684.120173 -4.945696e+06
  683.935226 -4.920384e+06
  683.750278 -4.894344e+06
  683.565331 -4.867640e+06
  683.380384 -4.840400e+06
  683.195437 -4.812776e+06
  683.010489 -4.784880e+06
  682.825542 -4.756848e+06
  682.640595 -4.728792e+06
  682.455647 -4.700784e+06
  682.270700 -4.672904e+06
  682.085753 -4.645136e+06
  681.900805 -4.617456e+06
  681.715858 -4.589792e+06
  681.530911 -4.562024e+06
  681.345963 -4.533960e+06
  681.161016 -4.505392e+06
  680.976069 -4.476064e+06
  680.791121 -4.445656e+06
  680.606174 -4.413848e+06
  680.421227 -4.380256e+06
  680.236279 -4.344504e+06
  680.051332 -4.306168e+06
  679.866385 -4.264824e+06
  679.681437 -4.220016e+06
  679.496490 -4.171304e+06
  679.311543 -4.118240e+06
  679.126595 -4.060352e+06
  678.941648 -3.997216e+06
  678.756701 -3.928384e+06
  678.571753 -3.853416e+06
  678.386806 -3.771904e+06
  678.201859 -3.683472e+06
  678.016911 -3.587752e+06
  677.831964 -3.484376e+06
  677.647017 -3.373072e+06
  677.462069 -3.253552e+06
  677.277122 -3.125600e+06
  677.092175 -2.989000e+06
  676.907227 -2.843616e+06
  676.722280 -2.689312e+06
  676.537333 -2.526008e+06
  676.352385 -2.353672e+06
  676.167438 -2.172248e+06
  675.982491 -1.981752e+06
  675.797543 -1.782184e+06
  675.612596 -1.573536e+06
  675.427649 -1.355840e+06
  675.242701 -1.129048e+06
  675.057754 -8.931520e+05
  674.872807 -6.480720e+05
  674.687859 -3.937280e+05
  674.502912 -1.299760e+05
  674.317965 1.433360e+05
  674.133017 4.264640e+05
  673.948070 7.196080e+05
  673.763123 1.023080e+06
  673.578175 1.337184e+06
  673.393228 1.662280e+06
  673.208281 1.998696e+06
  673.023333 2.346800e+06
  672.838386 2.706944e+06
  672.653439 3.079488e+06
  672.468491 3.464720e+06
  672.283544 3.862952e+06
  672.098597 4.274400e+06
  671.913649 4.699272e+06
  671.728702 5.137656e+06
  671.543755 5.589632e+06
  671.358807 6.055168e+06
  671.173860 6.534136e+06
  670.988913 7.026368e+06
  670.803965 7.531568e+06
  670.619018 8.049392e+06
  670.434071 8.579376e+06
  670.249123 9.120992e+06
  670.064176 9.673656e+06
  669.879229 1.023672e+07
  669.694281 1.080945e+07
  669.509334 1.139110e+07
  669.324387 1.198088e+07
  669.139439 1.257797e+07
  668.954492 1.318153e+07
  668.769545 1.379072e+07
  668.584597 1.440470e+07
  668.399650 1.502265e+07
  668.214703 1.564373e+07
  668.029755 1.626715e+07
  667.844808 1.689210e+07
  667.659861 1.751782e+07
  667.474913 1.814352e+07
  667.289966 1.876844e+07
  667.105019 1.939185e+07
  666.920071 2.001296e+07
  666.735124 2.063105e+07
  666.550177 2.124533e+07
  666.365229 2.185503e+07
  666.180282 2.245935e+07
  665.995335 2.305750e+07
  665.810388 2.364864e+07
  665.625440 2.423195e+07
  665.440493 2.480658e+07
  665.255546 2.537167e+07
  665.070598 2.592639e+07
  664.885651 2.646990e+07
  664.700704 2.700137e+07
  664.515756 2.752001e+07
  664.330809 2.802506e+07
  664.145862 2.851582e+07
  663.960914 2.899160e+07
  663.775967 2.945185e+07
  663.591020 2.989598e+07
  663.406072 3.032358e+07
  663.221125 3.073424e+07
  663.036178 3.112768e+07
  662.851230 3.150366e+07
  662.666283 3.186203e+07
  662.481336 3.220272e+07
  662.296388 3.252572e+07
  662.111441 3.283106e+07
  661.926494 3.311887e+07
  661.741546 3.338927e+07
  661.556599 3.364244e+07
  661.371652 3.387856e+07
  661.186704 3.409786e+07
  661.001757 3.430053e+07
  660.816810 3.448675e+07
  660.631862 3.465671e+07
  660.446915 3.481056e+07
  660.261968 3.494841e+07
  660.077020 3.507029e+07
  659.892073 3.517626e+07
  659.707126 3.526631e+07
  659.522178 3.534034e+07
  659.337231 3.539829e+07
  659.152284 3.543999e+07
  658.967336 3.546531e+07
  658.782389 3.547408e+07
  658.597442 3.546614e+07
  658.412494 3.544134e+07
  658.227547 3.539955e+07
  658.042600 3.534067e+07
  657.857652 3.526468e+07
  657.672705 3.517158e+07
  657.487758 3.506144e+07
  657.302810 3.493440e+07
  657.117863 3.479067e+07
  656.932916 3.463051e+07
  656.747968 3.445424e+07
  656.563021 3.426222e+07
  656.378074 3.405490e+07
  656.193126 3.383273e+07
  656.008179 3.359619e+07
  655.823232 3.334580e+07
  655.638284 3.308210e+07
  655.453337 3.280560e+07
  655.268390 3.251686e+07
  655.083442 3.221646e+07
  654.898495 3.190494e+07
  654.713548 3.158287e+07
  654.528600 3.125083e+07
  654.343653 3.090942e+07
  654.158706 3.055924e+07
  653.973758 3.020095e+07
  653.788811 2.983522e+07
  653.603864 2.946276e+07
  653.418916 2.908433e+07
  653.233969 2.870072e+07
  653.049022 2.831278e+07
  652.864074 2.792142e+07
  652.679127 2.752757e+07
  652.494180 2.713224e+07
  652.309232 2.673644e+07
  652.124285 2.634124e+07
  651.939338 2.594774e+07
  651.754390 2.555700e+07
  651.569443 2.517015e+07
  651.384496 2.478824e+07
  651.199548 2.441231e+07
  651.014601 2.404336e+07
  650.829654 2.368230e+07
  650.644706 2.332997e+07
  650.459759 2.298708e+07
  650.274812 2.265429e+07
  650.089864 2.233207e+07
  649.904917 2.202079e+07
  649.719970 2.172068e+07
  649.535022 2.143178e+07
  649.350075 2.115407e+07
  649.165128 2.088730e+07
  648.980180 2.063114e+07
  648.795233 2.038507e+07
  648.610286 2.014850e+07
  648.425338 1.992070e+07
  648.240391 1.970085e+07
  648.055444 1.948804e+07
  647.870497 1.928129e+07
  647.685549 1.907956e+07
  647.500602 1.888177e+07
  647.315655 1.868684e+07
  647.130707 1.849366e+07
  646.945760 1.830113e+07
  646.760813 1.810820e+07
  646.575865 1.791384e+07
  646.390918 1.771710e+07
  646.205971 1.751712e+07
  646.021023 1.731310e+07
  645.836076 1.710441e+07
  645.651129 1.689050e+07
  645.466181 1.667097e+07
  645.281234 1.644558e+07
  645.096287 1.621427e+07
  644.911339 1.597712e+07
  644.726392 1.573437e+07
  644.541445 1.548646e+07
  644.356497 1.523397e+07
  644.171550 1.497760e+07
  643.986603 1.471825e+07
  643.801655 1.445686e+07
  643.616708 1.419451e+07
  643.431761 1.393236e+07
  643.246813 1.367154e+07
  643.061866 1.341327e+07
  642.876919 1.315871e+07
  642.691971 1.290899e+07
  642.507024 1.266518e+07
  642.322077 1.242823e+07
  642.137129 1.219901e+07
  641.952182 1.197826e+07
  641.767235 1.176658e+07
  641.582287 1.156440e+07
  641.397340 1.137206e+07
  641.212393 1.118972e+07
  641.027445 1.101737e+07
  640.842498 1.085490e+07
  640.657551 1.070203e+07
  640.472603 1.055841e+07
  640.287656 1.042351e+07
  640.102709 1.029670e+07
  639.917761 1.017733e+07
  639.732814 1.006454e+07
  639.547867 9.957480e+06
  639.362919 9.855160e+06
  639.177972 9.756568e+06
  638.993025 9.660624e+06
  638.808077 9.566184e+06
  638.623130 9.472064e+06
  638.438183 9.377056e+06
  638.253235 9.279936e+06
  638.068288 9.179472e+06
  637.883341 9.074456e+06
  637.698393 8.963712e+06
  637.513446 8.846096e+06
  637.328499 8.720576e+06
  637.143551 8.586168e+06
  636.958604 8.442032e+06
  636.773657 8.287456e+06
  636.588709 8.121880e+06
  636.403762 7.944896e+06
  636.218815 7.756312e+06
  636.033867 7.556088e+06
  635.848920 7.344432e+06
  635.663973 7.121704e+06
  635.479025 6.888496e+06
  635.294078 6.645584e+06
  635.109131 6.393952e+06
  634.924183 6.134744e+06
  634.739236 5.869256e+06
  634.554289 5.598960e+06
  634.369341 5.325408e+06
  634.184394 5.050264e+06
  633.999447 4.775256e+06
  633.814499 4.502168e+06
  633.629552 4.232784e+06
  633.444605 3.968888e+06
  633.259657 3.712200e+06
  633.074710 3.464376e+06
  632.889763 3.226992e+06
  632.704815 3.001480e+06
  632.519868 2.789144e+06
  632.334921 2.591128e+06
  632.149973 2.408400e+06
  631.965026 2.241728e+06
  631.780079 2.091696e+06
  631.595131 1.958712e+06
  631.410184 1.842920e+06
  631.225237 1.744328e+06
  631.040289 1.662736e+06
  630.855342 1.597736e+06
  630.670395 1.548800e+06
  630.485447 1.515200e+06
  630.300500 1.496136e+06
  630.115553 1.490616e+06
  629.930606 1.497600e+06
  629.745658 1.515960e+06
  629.560711 1.544504e+06
  629.375764 1.581968e+06
  629.190816 1.627128e+06
  629.005869 1.678672e+06
  628.820922 1.735336e+06
  628.635974 1.795824e+06
  628.451027 1.858896e+06
  628.266080 1.923312e+06
  628.081132 1.987896e+06
  627.896185 2.051504e+06
  627.711238 2.113032e+06
  627.526290 2.171448e+06
  627.341343 2.225800e+06
  627.156396 2.275232e+06
  626.971448 2.318936e+06
  626.786501 2.356256e+06
  626.601554 2.386632e+06
  626.416606 2.409640e+06
  626.231659 2.424984e+06
  626.046712 2.432544e+06
  625.861764 2.432312e+06
  625.676817 2.424480e+06
  625.491870 2.409352e+06
  625.306922 2.387424e+06
  625.121975 2.359304e+06
  624.937028 2.325752e+06
  624.752080 2.287624e+06
  624.567133 2.245896e+06
  624.382186 2.201584e+06
  624.197238 2.155784e+06
  624.012291 2.109560e+06
  623.827344 2.064056e+06
  623.642396 2.020312e+06
  623.457449 1.979344e+06
  623.272502 1.942096e+06
  623.087554 1.909408e+06
  622.902607 1.882032e+06
  622.717660 1.860608e+06
  622.532712 1.845616e+06
  622.347765 1.837432e+06
  622.162818 1.836328e+06
  621.977870 1.842448e+06
  621.792923 1.855792e+06
  621.607976 1.876336e+06
  621.423028 1.903888e+06
  621.238081 1.938256e+06
  621.053134 1.979168e+06
  620.868186 2.026312e+06
  620.683239 2.079376e+06
  620.498292 2.138032e+06
  620.313344 2.201952e+06
  620.128397 2.270848e+06
  619.943450 2.344448e+06
  619.758502 2.422520e+06
  619.573555 2.504872e+06
  619.388608 2.591344e+06
  619.203660 2.681840e+06
  619.018713 2.776296e+06
  618.833766 2.874664e+06
  618.648818 2.976936e+06
  618.463871 3.083144e+06
  618.278924 3.193304e+06
  618.093976 3.307456e+06
  617.909029 3.425632e+06
  617.724082 3.547840e+06
  617.539134 3.674096e+06
  617.354187 3.804360e+06
  617.169240 3.938600e+06
  616.984292 4.076712e+06
  616.799345 4.218568e+06
  616.614398 4.364024e+06
  616.429450 4.512832e+06
  616.244503 4.664768e+06
  616.059556 4.819552e+06
  615.874608 4.976856e+06
  615.689661 5.136304e+06
  615.504714 5.297552e+06
  615.319766 5.460176e+06
  615.134819 5.623800e+06
  614.949872 5.787992e+06
  614.764924 5.952376e+06
  614.579977 6.116576e+06
  614.395030 6.280272e+06
  614.210082 6.443152e+06
  614.025135 6.604992e+06
  613.840188 6.765616e+06
  613.655240 6.924904e+06
  613.470293 7.082848e+06
  613.285346 7.239504e+06
  613.100398 7.395008e+06
  612.915451 7.549600e+06
  612.730504 7.703584e+06
  612.545557 7.857352e+06
  612.360609 8.011368e+06
  612.175662 8.166152e+06
  611.990715 8.322288e+06
  611.805767 8.480400e+06
  611.620820 8.641136e+06
  611.435873 8.805168e+06
  611.250925 8.973160e+06
  611.065978 9.145784e+06
  610.881031 9.323696e+06
  610.696083 9.507480e+06
  610.511136 9.697712e+06
  610.326189 9.894912e+06
  610.141241 1.009953e+07
  609.956294 1.031195e+07
  609.771347 1.053249e+07
  609.586399 1.076138e+07
  609.401452 1.099879e+07
  609.216505 1.124482e+07
  609.031557 1.149945e+07
  608.846610 1.176266e+07
  608.661663 1.203433e+07
  608.476715 1.231430e+07
  608.291768 1.260238e+07
  608.106821 1.289831e+07
  607.921873 1.320186e+07
  607.736926 1.351281e+07
  607.551979 1.383087e+07
  607.367031 1.415586e+07
  607.182084 1.448759e+07
  606.997137 1.482592e+07
  606.812189 1.517077e+07
  606.627242 1.552210e+07
  606.442295 1.587993e+07
  606.257347 1.624434e+07
  606.072400 1.661546e+07
  605.887453 1.699345e+07
  605.702505 1.737846e+07
  605.517558 1.777066e+07
  605.332611 1.817022e+07
  605.147663 1.857722e+07
  604.962716 1.899169e+07
  604.777769 1.941357e+07
  604.592821 1.984263e+07
  604.407874 2.027855e+07
  604.222927 2.072080e+07
  604.037979 2.116866e+07
  603.853032 2.162123e+07
  603.668085 2.207739e+07
  603.483137 2.253584e+07
  603.298190 2.299505e+07
  603.113243 2.345333e+07
  602.928295 2.390882e+07
  602.743348 2.435952e+07
  602.558401 2.480331e+07
  602.373453 2.523803e+07
  602.188506 2.566147e+07
  602.003559 2.607142e+07
  601.818611 2.646572e+07
  601.633664 2.684233e+07
  601.448717 2.719930e+07
  601.263769 2.753488e+07
  601.078822 2.784750e+07
  600.893875 2.813585e+07
  600.708927 2.839884e+07
  600.523980 2.863564e+07
  600.339033 2.884575e+07
  600.154085 2.902893e+07
  599.969138 2.918522e+07
  599.784191 2.931494e+07
  599.599243 2.941868e+07
  599.414296 2.949729e+07
  599.229349 2.955180e+07
  599.044401 2.958350e+07
  598.859454 2.959380e+07
  598.674507 2.958425e+07
  598.489559 2.955654e+07
  598.304612 2.951240e+07
  598.119665 2.945361e+07
  597.934717 2.938196e+07
  597.749770 2.929922e+07
  597.564823 2.920712e+07
  597.379875 2.910732e+07
  597.194928 2.900136e+07
  597.009981 2.889070e+07
  596.825033 2.877666e+07
  596.640086 2.866043e+07
  596.455139 2.854303e+07
  596.270191 2.842534e+07
  596.085244 2.830809e+07
  595.900297 2.819182e+07
  595.715349 2.807696e+07
  595.530402 2.796375e+07
  595.345455 2.785232e+07
  595.160507 2.774266e+07
  594.975560 2.763464e+07
  594.790613 2.752804e+07
  594.605666 2.742256e+07
  594.420718 2.731783e+07
  594.235771 2.721344e+07
  594.050824 2.710895e+07
  593.865876 2.700392e+07
  593.680929 2.689792e+07
  593.495982 2.679053e+07
  593.311034 2.668140e+07
  593.126087 2.657022e+07
  592.941140 2.645670e+07
  592.756192 2.634073e+07
  592.571245 2.622214e+07
  592.386298 2.610095e+07
  592.201350 2.597719e+07
  592.016403 2.585103e+07
  591.831456 2.572266e+07
  591.646508 2.559237e+07
  591.461561 2.546051e+07
  591.276614 2.532752e+07
  591.091666 2.519386e+07
  590.906719 2.506007e+07
  590.721772 2.492670e+07
  590.536824 2.479437e+07
  590.351877 2.466370e+07
  590.166930 2.453536e+07
  589.981982 2.440998e+07
  589.797035 2.428828e+07
  589.612088 2.417093e+07
  589.427140 2.405858e+07
  589.242193 2.395191e+07
  589.057246 2.385157e+07
  588.872298 2.375818e+07
  588.687351 2.367234e+07
  588.502404 2.359462e+07
  588.317456 2.352557e+07
  588.132509 2.346566e+07
  587.947562 2.341534e+07
  587.762614 2.337503e+07
  587.577667 2.334506e+07
  587.392720 2.332570e+07
  587.207772 2.331718e+07
  587.022825 2.331964e+07
  586.837878 2.333317e+07
  586.652930 2.335775e+07
  586.467983 2.339331e+07
  586.283036 2.343969e+07
  586.098088 2.349663e+07
  585.913141 2.356380e+07
  585.728194 2.364079e+07
  585.543246 2.372710e+07
  585.358299 2.382218e+07
  585.173352 2.392534e+07
  584.988404 2.403590e+07
  584.803457 2.415307e+07
  584.618510 2.427604e+07
  584.433562 2.440394e+07
  584.248615 2.453587e+07
  584.063668 2.467093e+07
  583.878720 2.480819e+07
  583.693773 2.494672e+07
  583.508826 2.508564e+07
  583.323878 2.522402e+07
  583.138931 2.536100e+07
  582.953984 2.549576e+07
  582.769036 2.562748e+07
  582.584089 2.575539e+07
  582.399142 2.587876e+07
  582.214194 2.599690e+07
  582.029247 2.610914e+07
  581.844300 2.621484e+07
  581.659352 2.631341e+07
  581.474405 2.640426e+07
  581.289458 2.648683e+07
  581.104510 2.656058e+07
  580.919563 2.662499e+07
  580.734616 2.667958e+07
  580.549668 2.672387e+07
  580.364721 2.675742e+07
  580.179774 2.677982e+07
  579.994826 2.679071e+07
  579.809879 2.678978e+07
  579.624932 2.677677e+07
  579.439984 2.675150e+07
  579.255037 2.671386e+07
  579.070090 2.666379e+07
  578.885142 2.660139e+07
  578.700195 2.652678e+07
  578.515248 2.644022e+07
  578.330300 2.634202e+07
  578.145353 2.623265e+07
  577.960406 2.611260e+07
  577.775458 2.598248e+07
  577.590511 2.584299e+07
  577.405564 2.569488e+07
  577.220616 2.553895e+07
  577.035669 2.537608e+07
  576.850722 2.520718e+07
  576.665775 2.503318e+07
  576.480827 2.485503e+07
  576.295880 2.467371e+07
  576.110933 2.449019e+07
  575.925985 2.430541e+07
  575.741038 2.412030e+07
  575.556091 2.393578e+07
  575.371143 2.375270e+07
  575.186196 2.357190e+07
  575.001249 2.339414e+07
  574.816301 2.322012e+07
  574.631354 2.305052e+07
  574.446407 2.288590e+07
  574.261459 2.272681e+07
  574.076512 2.257369e+07
  573.891565 2.242694e+07
  573.706617 2.228690e+07
  573.521670 2.215385e+07
  573.336723 2.202802e+07
  573.151775 2.190962e+07
  572.966828 2.179885e+07
  572.781881 2.169585e+07
  572.596933 2.160082e+07
  572.411986 2.151394e+07
  572.227039 2.143544e+07
  572.042091 2.136558e+07
  571.857144 2.130471e+07
  571.672197 2.125323e+07
  571.487249 2.121163e+07
  571.302302 2.118049e+07
  571.117355 2.116046e+07
  570.932407 2.115235e+07
  570.747460 2.115701e+07
  570.562513 2.117538e+07
  570.377565 2.120855e+07
  570.192618 2.125762e+07
  570.007671 2.132380e+07
  569.822723 2.140833e+07
  569.637776 2.151249e+07
  569.452829 2.163756e+07
  569.267881 2.178481e+07
  569.082934 2.195548e+07
  568.897987 2.215074e+07
  568.713039 2.237169e+07
  568.528092 2.261930e+07
  568.343145 2.289442e+07
  568.158197 2.319770e+07
  567.973250 2.352968e+07
  567.788303 2.389065e+07
  567.603355 2.428070e+07
  567.418408 2.469974e+07
  567.233461 2.514741e+07
  567.048513 2.562312e+07
  566.863566 2.612610e+07
  566.678619 2.665534e+07
  566.493671 2.720957e+07
  566.308724 2.778739e+07
  566.123777 2.838718e+07
  565.938829 2.900716e+07
  565.753882 2.964540e+07
  565.568935 3.029985e+07
  565.383987 3.096834e+07
  565.199040 3.164866e+07
  565.014093 3.233850e+07
  564.829145 3.303554e+07
  564.644198 3.373745e+07
  564.459251 3.444191e+07
  564.274303 3.514667e+07
  564.089356 3.584951e+07
  563.904409 3.654831e+07
  563.719461 3.724106e+07
  563.534514 3.792584e+07
  563.349567 3.860093e+07
  563.164619 3.926468e+07
  562.979672 3.991569e+07
  562.794725 4.055266e+07
  562.609777 4.117452e+07
  562.424830 4.178037e+07
  562.239883 4.236946e+07
  562.054935 4.294127e+07
  561.869988 4.349545e+07
  561.685041 4.403178e+07
  561.500093 4.455026e+07
  561.315146 4.505101e+07
  561.130199 4.553427e+07
  560.945251 4.600045e+07
  560.760304 4.645001e+07
  560.575357 4.688355e+07
  560.390409 4.730170e+07
  560.205462 4.770514e+07
  560.020515 4.809461e+07
  559.835567 4.847083e+07
  559.650620 4.883453e+07
  559.465673 4.918640e+07
  559.280726 4.952712e+07
  559.095778 4.985728e+07
  558.910831 5.017744e+07
  558.725884 5.048808e+07
  558.540936 5.078962e+07
  558.355989 5.108237e+07
  558.171042 5.136660e+07
  557.986094 5.164246e+07
  557.801147 5.191006e+07
  557.616200 5.216939e+07
  557.431252 5.242042e+07
  557.246305 5.266300e+07
  557.061358 5.289694e+07
  556.876410 5.312192e+07
  556.691463 5.333765e+07
  556.506516 5.354369e+07
  556.321568 5.373954e+07
  556.136621 5.392466e+07
  555.951674 5.409842e+07
  555.766726 5.426009e+07
  555.581779 5.440890e+07
  555.396832 5.454402e+07
  555.211884 5.466450e+07
  555.026937 5.476936e+07
  554.841990 5.485757e+07
  554.657042 5.492803e+07
  554.472095 5.497962e+07
  554.287148 5.501118e+07
  554.102200 5.502158e+07
  553.917253 5.500968e+07
  553.732306 5.497440e+07
  553.547358 5.491469e+07
  553.362411 5.482962e+07
  553.177464 5.471831e+07
  552.992516 5.458009e+07
  552.807569 5.441434e+07
  552.622622 5.422070e+07
  552.437674 5.399891e+07
  552.252727 5.374894e+07
  552.067780 5.347094e+07
  551.882832 5.316526e+07
  551.697885 5.283242e+07
  551.512938 5.247318e+07
  551.327990 5.208845e+07
  551.143043 5.167926e+07
  550.958096 5.124683e+07
  550.773148 5.079251e+07
  550.588201 5.031770e+07
  550.403254 4.982393e+07
  550.218306 4.931275e+07
  550.033359 4.878575e+07
  549.848412 4.824454e+07
  549.663464 4.769070e+07
  549.478517 4.712578e+07
  549.293570 4.655130e+07
  549.108622 4.596871e+07
  548.923675 4.537937e+07
  548.738728 4.478459e+07
  548.553780 4.418558e+07
  548.368833 4.358346e+07
  548.183886 4.297927e+07
  547.998938 4.237394e+07
  547.813991 4.176832e+07
  547.629044 4.116315e+07
  547.444096 4.055912e+07
  547.259149 3.995680e+07
  547.074202 3.935668e+07
  546.889254 3.875921e+07
  546.704307 3.816470e+07
  546.519360 3.757344e+07
  546.334412 3.698562e+07
  546.149465 3.640140e+07
  545.964518 3.582085e+07
  545.779570 3.524401e+07
  545.594623 3.467087e+07
  545.409676 3.410140e+07
  545.224728 3.353554e+07
  545.039781 3.297321e+07
  544.854834 3.241434e+07
  544.669886 3.185889e+07
  544.484939 3.130682e+07
  544.299992 3.075817e+07
  544.115044 3.021298e+07
  543.930097 2.967140e+07
  543.745150 2.913366e+07
  543.560202 2.860008e+07
  543.375255 2.807107e+07
  543.190308 2.754718e+07
  543.005360 2.702906e+07
  542.820413 2.651748e+07
  542.635466 2.601331e+07
  542.450518 2.551761e+07
  542.265571 2.503148e+07
  542.080624 2.455617e+07
  541.895676 2.409302e+07
  541.710729 2.364343e+07
  541.525782 2.320890e+07
  541.340835 2.279098e+07
  541.155887 2.239120e+07
  540.970940 2.201116e+07
  540.785993 2.165242e+07
  540.601045 2.131653e+07
  540.416098 2.100497e+07
  540.231151 2.071915e+07
  540.046203 2.046040e+07
  539.861256 2.022994e+07
  539.676309 2.002886e+07
  539.491361 1.985810e+07
  539.306414 1.971850e+07
  539.121467 1.961072e+07
  538.936519 1.953525e+07
  538.751572 1.949242e+07
  538.566625 1.948242e+07
  538.381677 1.950527e+07
  538.196730 1.956084e+07
  538.011783 1.964882e+07
  537.826835 1.976880e+07
  537.641888 1.992021e+07
  537.456941 2.010237e+07
  537.271993 2.031446e+07
  537.087046 2.055561e+07
  536.902099 2.082479e+07
  536.717151 2.112094e+07
  536.532204 2.144290e+07
  536.347257 2.178945e+07
  536.162309 2.215934e+07
  535.977362 2.255129e+07
  535.792415 2.296395e+07
  535.607467 2.339601e+07
  535.422520 2.384611e+07
  535.237573 2.431295e+07
  535.052625 2.479522e+07
  534.867678 2.529165e+07
  534.682731 2.580100e+07
  534.497783 2.632210e+07
  534.312836 2.685383e+07
  534.127889 2.739512e+07
  533.942941 2.794495e+07
  533.757994 2.850239e+07
  533.573047 2.906653e+07
  533.388099 2.963654e+07
  533.203152 3.021162e+07
  533.018205 3.079098e+07
  532.833257 3.137391e+07
  532.648310 3.195965e+07
  532.463363 3.254749e+07
  532.278415 3.313666e+07
  532.093468 3.372643e+07
  531.908521 3.431601e+07
  531.723573 3.490458e+07
  531.538626 3.549128e+07
  531.353679 3.607521e+07
  531.168731 3.665546e+07
  530.983784 3.723106e+07
  530.798837 3.780102e+07
  530.613889 3.836437e+07
  530.428942 3.892009e+07
  530.243995 3.946722e+07
  530.059047 4.000478e+07
  529.874100 4.053189e+07
  529.689153 4.104770e+07
  529.504205 4.155147e+07
  529.319258 4.204252e+07
  529.134311 4.252030e+07
  528.949363 4.298439e+07
  528.764416 4.343449e+07
  528.579469 4.387048e+07
  528.394521 4.429230e+07
  528.209574 4.470014e+07
  528.024627 4.509426e+07
  527.839679 4.547507e+07
  527.654732 4.584312e+07
  527.469785 4.619906e+07
  527.284837 4.654359e+07
  527.099890 4.687757e+07
  526.914943 4.720183e+07
  526.729995 4.751724e+07
  526.545048 4.782470e+07
  526.360101 4.812504e+07
  526.175153 4.841907e+07
  525.990206 4.870754e+07
  525.805259 4.899109e+07
  525.620311 4.927025e+07
  525.435364 4.954546e+07
  525.250417 4.981701e+07
  525.065469 5.008510e+07
  524.880522 5.034977e+07
  524.695575 5.061096e+07
  524.510627 5.086849e+07
  524.325680 5.112210e+07
  524.140733 5.137138e+07
  523.955785 5.161594e+07
  523.770838 5.185526e+07
  523.585891 5.208881e+07
  523.400944 5.231602e+07
  523.215996 5.253630e+07
  523.031049 5.274906e+07
  522.846102 5.295375e+07
  522.661154 5.314978e+07
  522.476207 5.333662e+07
  522.291260 5.351376e+07
  522.106312 5.368071e+07
  521.921365 5.383706e+07
  521.736418 5.398238e+07
  521.551470 5.411634e+07
  521.366523 5.423865e+07
  521.181576 5.434905e+07
  520.996628 5.444738e+07
  520.811681 5.453351e+07
  520.626734 5.460739e+07
  520.441786 5.466906e+07
  520.256839 5.471858e+07
  520.071892 5.475614e+07
  519.886944 5.478198e+07
  519.701997 5.479640e+07
  519.517050 5.479976e+07
  519.332102 5.479246e+07
  519.147155 5.477498e+07
  518.962208 5.474777e+07
  518.777260 5.471135e+07
  518.592313 5.466620e+07
  518.407366 5.461282e+07
  518.222418 5.455166e+07
  518.037471 5.448316e+07
  517.852524 5.440770e+07
  517.667576 5.432564e+07
  517.482629 5.423725e+07
  517.297682 5.414278e+07
  517.112734 5.404246e+07
  516.927787 5.393641e+07
  516.742840 5.382480e+07
  516.557892 5.370772e+07
  516.372945 5.358527e+07
  516.187998 5.345758e+07
  516.003050 5.332475e+07
  515.818103 5.318692e+07
  515.633156 5.304425e+07
  515.448208 5.289697e+07
  515.263261 5.274530e+07
  515.078314 5.258954e+07
  514.893366 5.243003e+07
  514.708419 5.226716e+07
  514.523472 5.210134e+07
  514.338524 5.193303e+07
  514.153577 5.176273e+07
  513.968630 5.159094e+07
  513.783682 5.141818e+07
  513.598735 5.124501e+07
  513.413788 5.107194e+07
  513.228840 5.089947e+07
  513.043893 5.072811e+07
  512.858946 5.055830e+07
  512.673998 5.039046e+07
  512.489051 5.022498e+07
  512.304104 5.006212e+07
  512.119156 4.990216e+07
  511.934209 4.974526e+07
  511.749262 4.959156e+07
  511.564314 4.944108e+07
  511.379367 4.929378e+07
  511.194420 4.914956e+07
  511.009472 4.900825e+07
  510.824525 4.886962e+07
  510.639578 4.873337e+07
  510.454630 4.859914e+07
  510.269683 4.846659e+07
  510.084736 4.833525e+07
  509.899788 4.820469e+07
  509.714841 4.807444e+07
  509.529894 4.794402e+07
  509.344946 4.781298e+07
  509.159999 4.768084e+07
  508.975052 4.754718e+07
  508.790104 4.741161e+07
  508.605157 4.727375e+07
  508.420210 4.713333e+07
  508.235262 4.699007e+07
  508.050315 4.684382e+07
  507.865368 4.669449e+07
  507.680420 4.654206e+07
  507.495473 4.638664e+07
  507.310526 4.622838e+07
  507.125578 4.606760e+07
  506.940631 4.590468e+07
  506.755684 4.574013e+07
  506.570736 4.557454e+07
  506.385789 4.540862e+07
  506.200842 4.524318e+07
  506.015895 4.507914e+07
  505.830947 4.491742e+07
  505.646000 4.475910e+07
  505.461053 4.460526e+07
  505.276105 4.445704e+07
  505.091158 4.431560e+07
  504.906211 4.418211e+07
  504.721263 4.405773e+07
  504.536316 4.394358e+07
  504.351369 4.384074e+07
  504.166421 4.375025e+07
  503.981474 4.367303e+07
  503.796527 4.360995e+07
  503.611579 4.356174e+07
  503.426632 4.352902e+07
  503.241685 4.351230e+07
  503.056737 4.351194e+07
  502.871790 4.352817e+07
  502.686843 4.356109e+07
  502.501895 4.361062e+07
  502.316948 4.367658e+07
  502.132001 4.375864e+07
  501.947053 4.385631e+07
  501.762106 4.396902e+07
  501.577159 4.409605e+07
  501.392211 4.423658e+07
  501.207264 4.438966e+07
  501.022317 4.455434e+07
  500.837369 4.472951e+07
  500.652422 4.491402e+07
  500.467475 4.510671e+07
  500.282527 4.530635e+07
  500.097580 4.551170e+07
  499.912633 4.572153e+07
  499.727685 4.593462e+07
  499.542738 4.614977e+07
  499.357791 4.636583e+07
  499.172843 4.658170e+07
  498.987896 4.679633e+07
  498.802949 4.700876e+07
  498.618001 4.721814e+07
  498.433054 4.742364e+07
  498.248107 4.762458e+07
  498.063159 4.782036e+07
  497.878212 4.801046e+07
  497.693265 4.819446e+07
  497.508317 4.837203e+07
  497.323370 4.854290e+07
  497.138423 4.870692e+07
  496.953475 4.886396e+07
  496.768528 4.901396e+07
  496.583581 4.915692e+07
  496.398633 4.929286e+07
  496.213686 4.942185e+07
  496.028739 4.954395e+07
  495.843791 4.965930e+07
  495.658844 4.976796e+07
  495.473897 4.987006e+07
  495.288949 4.996572e+07
  495.104002 5.005504e+07
  494.919055 5.013812e+07
  494.734107 5.021508e+07
  494.549160 5.028602e+07
  494.364213 5.035102e+07
  494.179265 5.041021e+07
  493.994318 5.046369e+07
  493.809371 5.051156e+07
  493.624423 5.055392e+07
  493.439476 5.059088e+07
  493.254529 5.062254e+07
  493.069581 5.064898e+07
  492.884634 5.067027e+07
  492.699687 5.068644e+07
  492.514739 5.069750e+07
  492.329792 5.070341e+07
  492.144845 5.070410e+07
  491.959897 5.069942e+07
  491.774950 5.068916e+07
  491.590003 5.067307e+07
  491.405055 5.065083e+07
  491.220108 5.062205e+07
  491.035161 5.058630e+07
  490.850213 5.054310e+07
  490.665266 5.049193e+07
  490.480319 5.043224e+07
  490.295371 5.036353e+07
  490.110424 5.028522e+07
  489.925477 5.019685e+07
  489.740529 5.009792e+07
  489.555582 4.998803e+07
  489.370635 4.986687e+07
  489.185687 4.973419e+07
  489.000740 4.958986e+07
  488.815793 4.943383e+07
  488.630845 4.926621e+07
  488.445898 4.908722e+07
  488.260951 4.889722e+07
  488.076004 4.869666e+07
  487.891056 4.848622e+07
  487.706109 4.826662e+07
  487.521162 4.803878e+07
  487.336214 4.780368e+07
  487.151267 4.756247e+07
  486.966320 4.731638e+07
  486.781372 4.706676e+07
  486.596425 4.681502e+07
  486.411478 4.656264e+07
  486.226530 4.631118e+07
  486.041583 4.606220e+07
  485.856636 4.581730e+07
  485.671688 4.557807e+07
  485.486741 4.534608e+07
  485.301794 4.512285e+07
  485.116846 4.490982e+07
  484.931899 4.470838e+07
  484.746952 4.451981e+07
  484.562004 4.434522e+07
  484.377057 4.418562e+07
  484.192110 4.404189e+07
  484.007162 4.391466e+07
  483.822215 4.380445e+07
  483.637268 4.371155e+07
  483.452320 4.363608e+07
  483.267373 4.357790e+07
  483.082426 4.353674e+07
  482.897478 4.351205e+07
  482.712531 4.350311e+07
  482.527584 4.350900e+07
  482.342636 4.352862e+07
  482.157689 4.356066e+07
  481.972742 4.360365e+07
  481.787794 4.365598e+07
  481.602847 4.371590e+07
  481.417900 4.378150e+07
  481.232952 4.385086e+07
  481.048005 4.392186e+07
  480.863058 4.399246e+07
  480.678110 4.406046e+07
  480.493163 4.412375e+07
  480.308216 4.418022e+07
  480.123268 4.422778e+07
  479.938321 4.426445e+07
  479.753374 4.428831e+07
  479.568426 4.429761e+07
  479.383479 4.429073e+07
  479.198532 4.426620e+07
  479.013584 4.422276e+07
  478.828637 4.415936e+07
  478.643690 4.407514e+07
  478.458742 4.396952e+07
  478.273795 4.384210e+07
  478.088848 4.369274e+07
  477.903900 4.352157e+07
  477.718953 4.332892e+07
  477.534006 4.311536e+07
  477.349058 4.288171e+07
  477.164111 4.262896e+07
  476.979164 4.235834e+07
  476.794216 4.207124e+07
  476.609269 4.176923e+07
  476.424322 4.145402e+07
  476.239374 4.112747e+07
  476.054427 4.079152e+07
  475.869480 4.044823e+07
  475.684532 4.009970e+07
  475.499585 3.974814e+07
  475.314638 3.939568e+07
  475.129690 3.904458e+07
  474.944743 3.869700e+07
  474.759796 3.835510e+07
  474.574848 3.802104e+07
  474.389901 3.769683e+07
  474.204954 3.738446e+07
  474.020006 3.708581e+07
  473.835059 3.680265e+07
  473.650112 3.653662e+07
  473.465164 3.628927e+07
  473.280217 3.606198e+07
  473.095270 3.585598e+07
  472.910322 3.567236e+07
  472.725375 3.551206e+07
  472.540428 3.537587e+07
  472.355480 3.526440e+07
  472.170533 3.517812e+07
  471.985586 3.511734e+07
  471.800638 3.508221e+07
  471.615691 3.507276e+07
  471.430744 3.508889e+07
  471.245796 3.513034e+07
  471.060849 3.519678e+07
  470.875902 3.528775e+07
  470.690954 3.540270e+07
  470.506007 3.554104e+07
  470.321060 3.570209e+07
  470.136113 3.588508e+07
  469.951165 3.608930e+07
  469.766218 3.631395e+07
  469.581271 3.655822e+07
  469.396323 3.682138e+07
  469.211376 3.710262e+07
  469.026429 3.740120e+07
  468.841481 3.771646e+07
  468.656534 3.804770e+07
  468.471587 3.839434e+07
  468.286639 3.875583e+07
  468.101692 3.913170e+07
  467.916745 3.952150e+07
  467.731797 3.992489e+07
  467.546850 4.034154e+07
  467.361903 4.077124e+07
  467.176955 4.121376e+07
  466.992008 4.166897e+07
  466.807061 4.213675e+07
  466.622113 4.261702e+07
  466.437166 4.310970e+07
  466.252219 4.361474e+07
  466.067271 4.413207e+07
  465.882324 4.466162e+07
  465.697377 4.520326e+07
  465.512429 4.575687e+07
  465.327482 4.632225e+07
  465.142535 4.689914e+07
  464.957587 4.748720e+07
  464.772640 4.808607e+07
  464.587693 4.869524e+07
  464.402745 4.931414e+07
  464.217798 4.994212e+07
  464.032851 5.057842e+07
  463.847903 5.122219e+07
  463.662956 5.187247e+07
  463.478009 5.252825e+07
  463.293061 5.318839e+07
  463.108114 5.385170e+07
  462.923167 5.451695e+07
  462.738219 5.518281e+07
  462.553272 5.584789e+07
  462.368325 5.651085e+07
  462.183377 5.717027e+07
  461.998430 5.782478e+07
  461.813483 5.847302e+07
  461.628535 5.911363e+07
  461.443588 5.974538e+07
  461.258641 6.036707e+07
  461.073693 6.097763e+07
  460.888746 6.157607e+07
  460.703799 6.216154e+07
  460.518851 6.273330e+07
  460.333904 6.329079e+07
  460.148957 6.383358e+07
  459.964009 6.436139e+07
  459.779062 6.487408e+07
  459.594115 6.537168e+07
  459.409167 6.585434e+07
  459.224220 6.632235e+07
  459.039273 6.677610e+07
  458.854325 6.721614e+07
  458.669378 6.764304e+07
  458.484431 6.805750e+07
  458.299483 6.846024e+07
  458.114536 6.885207e+07
  457.929589 6.923380e+07
  457.744641 6.960626e+07
  457.559694 6.997028e+07
  457.374747 7.032671e+07
  457.189799 7.067636e+07
  457.004852 7.102003e+07
  456.819905 7.135850e+07
  456.634957 7.169255e+07
  456.450010 7.202290e+07
  456.265063 7.235024e+07
  456.080115 7.267532e+07
  455.895168 7.299881e+07
  455.710221 7.332138e+07
  455.525273 7.364370e+07
  455.340326 7.396646e+07
  455.155379 7.429030e+07
  454.970431 7.461586e+07
  454.785484 7.494378e+07
  454.600537 7.527466e+07
  454.415589 7.560907e+07
  454.230642 7.594750e+07
  454.045695 7.629041e+07
  453.860747 7.663815e+07
  453.675800 7.699100e+07
  453.490853 7.734910e+07
  453.305905 7.771251e+07
  453.120958 7.808111e+07
  452.936011 7.845466e+07
  452.751064 7.883278e+07
  452.566116 7.921491e+07
  452.381169 7.960038e+07
  452.196222 7.998836e+07
  452.011274 8.037791e+07
  451.826327 8.076793e+07
  451.641380 8.115725e+07
  451.456432 8.154462e+07
  451.271485 8.192873e+07
  451.086538 8.230818e+07
  450.901590 8.268160e+07
  450.716643 8.304759e+07
  450.531696 8.340477e+07
  450.346748 8.375180e+07
  450.161801 8.408738e+07
  449.976854 8.441031e+07
  449.791906 8.471946e+07
  449.606959 8.501380e+07
  449.422012 8.529238e+07
  449.237064 8.555439e+07
  449.052117 8.579917e+07
  448.867170 8.602610e+07
  448.682222 8.623477e+07
  448.497275 8.642485e+07
  448.312328 8.659614e+07
  448.127380 8.674856e+07
  447.942433 8.688219e+07
  447.757486 8.699715e+07
  447.572538 8.709376e+07
  447.387591 8.717239e+07
  447.202644 8.723351e+07
  447.017696 8.727774e+07
  446.832749 8.730576e+07
  446.647802 8.731833e+07
  446.462854 8.731633e+07
  446.277907 8.730066e+07
  446.092960 8.727236e+07
  445.908012 8.723246e+07
  445.723065 8.718208e+07
  445.538118 8.712238e+07
  445.353170 8.705454e+07
  445.168223 8.697974e+07
  444.983276 8.689919e+07
  444.798328 8.681408e+07
  444.613381 8.672559e+07
  444.428434 8.663486e+07
  444.243486 8.654299e+07
  444.058539 8.645103e+07
  443.873592 8.635998e+07
  443.688644 8.627073e+07
  443.503697 8.618415e+07
  443.318750 8.610099e+07
  443.133802 8.602194e+07
  442.948855 8.594758e+07
  442.763908 8.587844e+07
  442.578960 8.581493e+07
  442.394013 8.575740e+07
  442.209066 8.570612e+07
  442.024118 8.566128e+07
  441.839171 8.562303e+07
  441.654224 8.559145e+07
  441.469276 8.556657e+07
  441.284329 8.554842e+07
  441.099382 8.553695e+07
  440.914434 8.553214e+07
  440.729487 8.553396e+07
  440.544540 8.554235e+07
  440.359592 8.555727e+07
  440.174645 8.557873e+07
  439.989698 8.560666e+07
  439.804750 8.564111e+07
  439.619803 8.568204e+07
  439.434856 8.572948e+07
  439.249908 8.578340e+07
  439.064961 8.584379e+07
  438.880014 8.591058e+07
  438.695066 8.598369e+07
  438.510119 8.606292e+07
  438.325172 8.614806e+07
  438.140224 8.623879e+07
  437.955277 8.633468e+07
  437.770330 8.643518e+07
  437.585382 8.653962e+07
  437.400435 8.664719e+07
  437.215488 8.675695e+07
  437.030540 8.686780e+07
  436.845593 8.697846e+07
  436.660646 8.708758e+07
  436.475698 8.719358e+07
  436.290751 8.729478e+07
  436.105804 8.738941e+07
  435.920856 8.747552e+07
  435.735909 8.755112e+07
  435.550962 8.761414e+07
  435.366014 8.766243e+07
  435.181067 8.769382e+07
  434.996120 8.770615e+07
  434.811173 8.769724e+07
  434.626225 8.766498e+07
  434.441278 8.760732e+07
  434.256331 8.752227e+07
  434.071383 8.740800e+07
  433.886436 8.726277e+07
  433.701489 8.708502e+07
  433.516541 8.687335e+07
  433.331594 8.662655e+07
  433.146647 8.634363e+07
  432.961699 8.602383e+07
  432.776752 8.566659e+07
  432.591805 8.527163e+07
  432.406857 8.483891e+07
  432.221910 8.436865e+07
  432.036963 8.386134e+07
  431.852015 8.331771e+07
  431.667068 8.273879e+07
  431.482121 8.212584e+07
  431.297173 8.148038e+07
  431.112226 8.080414e+07
  430.927279 8.009912e+07
  430.742331 7.936746e+07
  430.557384 7.861155e+07
  430.372437 7.783388e+07
  430.187489 7.703712e+07
  430.002542 7.622405e+07
  429.817595 7.539749e+07
  429.632647 7.456036e+07
  429.447700 7.371559e+07
  429.262753 7.286610e+07
  429.077805 7.201481e+07
  428.892858 7.116455e+07
  428.707911 7.031810e+07
  428.522963 6.947811e+07
  428.338016 6.864714e+07
  428.153069 6.782760e+07
  427.968121 6.702174e+07
  427.783174 6.623165e+07
  427.598227 6.545926e+07
  427.413279 6.470632e+07
  427.228332 6.397439e+07
  427.043385 6.326490e+07
  426.858437 6.257905e+07
  426.673490 6.191793e+07
  426.488543 6.128244e+07
  426.303595 6.067336e+07
  426.118648 6.009135e+07
  425.933701 5.953692e+07
  425.748753 5.901051e+07
  425.563806 5.851244e+07
  425.378859 5.804294e+07
  425.193911 5.760222e+07
  425.008964 5.719036e+07
  424.824017 5.680743e+07
  424.639069 5.645346e+07
  424.454122 5.612838e+07
  424.269175 5.583216e+07
  424.084227 5.556464e+07
  423.899280 5.532572e+07
  423.714333 5.511518e+07
  423.529385 5.493278e+07
  423.344438 5.477824e+07
  423.159491 5.465124e+07
  422.974543 5.455138e+07
  422.789596 5.447817e+07
  422.604649 5.443113e+07
  422.419701 5.440959e+07
  422.234754 5.441289e+07
  422.049807 5.444022e+07
  421.864859 5.449068e+07
  421.679912 5.456330e+07
  421.494965 5.465699e+07
  421.310017 5.477056e+07
  421.125070 5.490274e+07
  420.940123 5.505217e+07
  420.755175 5.521739e+07
  420.570228 5.539690e+07
  420.385281 5.558918e+07
  420.200333 5.579259e+07
  420.015386 5.600555e+07
  419.830439 5.622644e+07
  419.645491 5.645366e+07
  419.460544 5.668567e+07
  419.275597 5.692096e+07
  419.090649 5.715810e+07
  418.905702 5.739575e+07
  418.720755 5.763267e+07
  418.535807 5.786773e+07
  418.350860 5.809992e+07
  418.165913 5.832838e+07
  417.980965 5.855234e+07
  417.796018 5.877118e+07
  417.611071 5.898443e+07
  417.426123 5.919171e+07
  417.241176 5.939276e+07
  417.056229 5.958741e+07
  416.871282 5.977559e+07
  416.686334 5.995730e+07
  416.501387 6.013258e+07
  416.316440 6.030150e+07
  416.131492 6.046423e+07
  415.946545 6.062084e+07
  415.761598 6.077149e+07
  415.576650 6.091626e+07
  415.391703 6.105526e+07
  415.206756 6.118856e+07
  415.021808 6.131623e+07
  414.836861 6.143830e+07
  414.651914 6.155478e+07
  414.466966 6.166569e+07
  414.282019 6.177103e+07
  414.097072 6.187085e+07
  413.912124 6.196516e+07
  413.727177 6.205405e+07
  413.542230 6.213759e+07
  413.357282 6.221593e+07
  413.172335 6.228926e+07
  412.987388 6.235779e+07
  412.802440 6.242180e+07
  412.617493 6.248161e+07
  412.432546 6.253759e+07
  412.247598 6.259015e+07
  412.062651 6.263974e+07
  411.877704 6.268686e+07
  411.692756 6.273201e+07
  411.507809 6.277578e+07
  411.322862 6.281872e+07
  411.137914 6.286147e+07
  410.952967 6.290466e+07
  410.768020 6.294896e+07
  410.583072 6.299506e+07
  410.398125 6.304366e+07
  410.213178 6.309548e+07
  410.028230 6.315126e+07
  409.843283 6.321174e+07
  409.658336 6.327765e+07
  409.473388 6.334970e+07
  409.288441 6.342860e+07
  409.103494 6.351498e+07
  408.918546 6.360946e+07
  408.733599 6.371256e+07
  408.548652 6.382470e+07
  408.363704 6.394626e+07
  408.178757 6.407742e+07
  407.993810 6.421827e+07
  407.808862 6.436881e+07
  407.623915 6.452881e+07
  407.438968 6.469792e+07
  407.254020 6.487563e+07
  407.069073 6.506129e+07
  406.884126 6.525405e+07
  406.699178 6.545294e+07
  406.514231 6.565688e+07
  406.329284 6.586459e+07
  406.144336 6.607474e+07
  405.959389 6.628586e+07
  405.774442 6.649647e+07
  405.589494 6.670498e+07
  405.404547 6.690978e+07
  405.219600 6.710930e+07
  405.034652 6.730196e+07
  404.849705 6.748623e+07
  404.664758 6.766067e+07
  404.479810 6.782394e+07
  404.294863 6.797482e+07
  404.109916 6.811222e+07
  403.924968 6.823524e+07
  403.740021 6.834310e+07
  403.555074 6.843530e+07
  403.370126 6.851142e+07
  403.185179 6.857131e+07
  403.000232 6.861498e+07
  402.815284 6.864263e+07
  402.630337 6.865463e+07
  402.445390 6.865151e+07
  402.260442 6.863395e+07
  402.075495 6.860276e+07
  401.890548 6.855883e+07
  401.705600 6.850317e+07
  401.520653 6.843682e+07
  401.335706 6.836089e+07
  401.150758 6.827650e+07
  400.965811 6.818478e+07
  400.780864 6.808686e+07
  400.595916 6.798382e+07
  400.410969 6.787674e+07
  400.226022 6.776666e+07
  400.041074 6.765456e+07
  399.856127 6.754141e+07
  399.671180 6.742805e+07
  399.486233 6.731538e+07
  399.301285 6.720418e+07
  399.116338 6.709522e+07
  398.931391 6.698922e+07
  398.746443 6.688685e+07
  398.561496 6.678878e+07
  398.376549 6.669562e+07
  398.191601 6.660795e+07
  398.006654 6.652630e+07
  397.821707 6.645118e+07
  397.636759 6.638306e+07
  397.451812 6.632234e+07
  397.266865 6.626940e+07
  397.081917 6.622456e+07
  396.896970 6.618807e+07
  396.712023 6.616016e+07
  396.527075 6.614095e+07
  396.342128 6.613056e+07
  396.157181 6.612901e+07
  395.972233 6.613628e+07
  395.787286 6.615233e+07
  395.602339 6.617704e+07
  395.417391 6.621029e+07
  395.232444 6.625191e+07
  395.047497 6.630175e+07
  394.862549 6.635963e+07
  394.677602 6.642539e+07
  394.492655 6.649891e+07
  394.307707 6.658006e+07
  394.122760 6.666880e+07
  393.937813 6.676514e+07
  393.752865 6.686911e+07
  393.567918 6.698089e+07
  393.382971 6.710066e+07
  393.198023 6.722876e+07
  393.013076 6.736558e+07
  392.828129 6.751162e+07
  392.643181 6.766747e+07
  392.458234 6.783382e+07
  392.273287 6.801145e+07
  392.088339 6.820120e+07
  391.903392 6.840400e+07
  391.718445 6.862084e+07
  391.533497 6.885273e+07
  391.348550 6.910074e+07
  391.163603 6.936587e+07
  390.978655 6.964919e+07
  390.793708 6.995166e+07
  390.608761 7.027420e+07
  390.423813 7.061760e+07
  390.238866 7.098257e+07
  390.053919 7.136964e+07
  389.868971 7.177920e+07
  389.684024 7.221142e+07
  389.499077 7.266630e+07
  389.314129 7.314359e+07
  389.129182 7.364286e+07
  388.944235 7.416341e+07
  388.759287 7.470437e+07
  388.574340 7.526459e+07
  388.389393 7.584278e+07
  388.204445 7.643742e+07
  388.019498 7.704687e+07
  387.834551 7.766930e+07
  387.649603 7.830282e+07
  387.464656 7.894544e+07
  387.279709 7.959510e+07
  387.094761 8.024980e+07
  386.909814 8.090751e+07
  386.724867 8.156626e+07
  386.539919 8.222421e+07
  386.354972 8.287958e+07
  386.170025 8.353082e+07
  385.985077 8.417646e+07
  385.800130 8.481528e+07
  385.615183 8.544625e+07
  385.430235 8.606854e+07
  385.245288 8.668157e+07
  385.060341 8.728493e+07
  384.875393 8.787846e+07
  384.690446 8.846218e+07
  384.505499 8.903629e+07
  384.320551 8.960117e+07
  384.135604 9.015732e+07
  383.950657 9.070539e+07
  383.765709 9.124605e+07
  383.580762 9.178010e+07
  383.395815 9.230828e+07
  383.210867 9.283142e+07
  383.025920 9.335022e+07
  382.840973 9.386541e+07
  382.656025 9.437756e+07
  382.471078 9.488720e+07
  382.286131 9.539466e+07
  382.101183 9.590021e+07
  381.916236 9.640394e+07
  381.731289 9.690580e+07
  381.546342 9.740559e+07
  381.361394 9.790296e+07
  381.176447 9.839743e+07
  380.991500 9.888838e+07
  380.806552 9.937510e+07
  380.621605 9.985675e+07
  380.436658 1.003324e+08
  380.251710 1.008011e+08
  380.066763 1.012618e+08
  379.881816 1.017133e+08
  379.696868 1.021547e+08
  379.511921 1.025848e+08
  379.326974 1.030025e+08
  379.142026 1.034068e+08
  378.957079 1.037966e+08
  378.772132 1.041709e+08
  378.587184 1.045288e+08
  378.402237 1.048694e+08
  378.217290 1.051920e+08
  378.032342 1.054958e+08
  377.847395 1.057802e+08
  377.662448 1.060445e+08
  377.477500 1.062884e+08
  377.292553 1.065115e+08
  377.107606 1.067134e+08
  376.922658 1.068941e+08
  376.737711 1.070534e+08
  376.552764 1.071913e+08
  376.367816 1.073081e+08
  376.182869 1.074039e+08
  375.997922 1.074790e+08
  375.812974 1.075341e+08
  375.628027 1.075694e+08
  375.443080 1.075858e+08
  375.258132 1.075837e+08
  375.073185 1.075641e+08
  374.888238 1.075275e+08
  374.703290 1.074748e+08
  374.518343 1.074068e+08
  374.333396 1.073242e+08
  374.148448 1.072276e+08
  373.963501 1.071177e+08
  373.778554 1.069952e+08
  373.593606 1.068603e+08
  373.408659 1.067136e+08
  373.223712 1.065552e+08
  373.038764 1.063853e+08
  372.853817 1.062040e+08
  372.668870 1.060113e+08
  372.483922 1.058071e+08
  372.298975 1.055913e+08
  372.114028 1.053636e+08
  371.929080 1.051239e+08
  371.744133 1.048720e+08
  371.559186 1.046078e+08
  371.374238 1.043311e+08
  371.189291 1.040422e+08
  371.004344 1.037409e+08
  370.819396 1.034277e+08
  370.634449 1.031029e+08
  370.449502 1.027670e+08
  370.264554 1.024208e+08
  370.079607 1.020650e+08
  369.894660 1.017006e+08
  369.709712 1.013287e+08
  369.524765 1.009506e+08
  369.339818 1.005676e+08
  369.154870 1.001809e+08
  368.969923 9.979219e+07
  368.784976 9.940276e+07
  368.600028 9.901408e+07
  368.415081 9.862757e+07
  368.230134 9.824457e+07
  368.045186 9.786635e+07
  367.860239 9.749410e+07
  367.675292 9.712887e+07
  367.490344 9.677163e+07
  367.305397 9.642316e+07
  367.120450 9.608418e+07
  366.935502 9.575525e+07
  366.750555 9.543677e+07
  366.565608 9.512910e+07
  366.380660 9.483246e+07
  366.195713 9.454700e+07
  366.010766 9.427280e+07
  365.825818 9.400988e+07
  365.640871 9.375823e+07
  365.455924 9.351784e+07
  365.270976 9.328866e+07
  365.086029 9.307069e+07
  364.901082 9.286390e+07
  364.716134 9.266836e+07
  364.531187 9.248410e+07
  364.346240 9.231122e+07
  364.161292 9.214986e+07
  363.976345 9.200023e+07
  363.791398 9.186254e+07
  363.606451 9.173704e+07
  363.421503 9.162402e+07
  363.236556 9.152381e+07
  363.051609 9.143673e+07
  362.866661 9.136313e+07
  362.681714 9.130336e+07
  362.496767 9.125780e+07
  362.311819 9.122675e+07
  362.126872 9.121059e+07
  361.941925 9.120960e+07
  361.756977 9.122407e+07
  361.572030 9.125425e+07
  361.387083 9.130034e+07
  361.202135 9.136246e+07
  361.017188 9.144073e+07
  360.832241 9.153517e+07
  360.647293 9.164570e+07
  360.462346 9.177220e+07
  360.277399 9.191442e+07
  360.092451 9.207202e+07
  359.907504 9.224457e+07
  359.722557 9.243153e+07
  359.537609 9.263222e+07
  359.352662 9.284589e+07
  359.167715 9.307166e+07
  358.982767 9.330855e+07
  358.797820 9.355551e+07
  358.612873 9.381139e+07
  358.427925 9.407498e+07
  358.242978 9.434502e+07
  358.058031 9.462021e+07
  357.873083 9.489922e+07
  357.688136 9.518074e+07
  357.503189 9.546346e+07
  357.318241 9.574613e+07
  357.133294 9.602753e+07
  356.948347 9.630650e+07
  356.763399 9.658200e+07
  356.578452 9.685303e+07
  356.393505 9.711873e+07
  356.208557 9.737835e+07
  356.023610 9.763124e+07
  355.838663 9.787687e+07
  355.653715 9.811484e+07
  355.468768 9.834486e+07
  355.283821 9.856675e+07
  355.098873 9.878043e+07
  354.913926 9.898595e+07
  354.728979 9.918340e+07
  354.544031 9.937296e+07
  354.359084 9.955487e+07
  354.174137 9.972943e+07
  353.989189 9.989695e+07
  353.804242 1.000578e+08
  353.619295 1.002122e+08
  353.434347 1.003607e+08
  353.249400 1.005034e+08
  353.064453 1.006407e+08
  352.879505 1.007729e+08
  352.694558 1.009001e+08
  352.509611 1.010225e+08
  352.324663 1.011403e+08
  352.139716 1.012535e+08
  351.954769 1.013622e+08
  351.769821 1.014664e+08
  351.584874 1.015660e+08
  351.399927 1.016612e+08
  351.214979 1.017519e+08
  351.030032 1.018379e+08
  350.845085 1.019194e+08
  350.660137 1.019964e+08
  350.475190 1.020689e+08
  350.290243 1.021370e+08
  350.105295 1.022009e+08
  349.920348 1.022609e+08
  349.735401 1.023173e+08
  349.550453 1.023704e+08
  349.365506 1.024209e+08
  349.180559 1.024691e+08
  348.995611 1.025159e+08
  348.810664 1.025620e+08
  348.625717 1.026081e+08
  348.440769 1.026554e+08
  348.255822 1.027046e+08
  348.070875 1.027570e+08
  347.885927 1.028136e+08
  347.700980 1.028755e+08
  347.516033 1.029441e+08
  347.331085 1.030204e+08
  347.146138 1.031059e+08
  346.961191 1.032016e+08
  346.776243 1.033090e+08
  346.591296 1.034294e+08
  346.406349 1.035638e+08
  346.221402 1.037138e+08
  346.036454 1.038804e+08
  345.851507 1.040649e+08
  345.666560 1.042685e+08
  345.481612 1.044924e+08
  345.296665 1.047378e+08
  345.111718 1.050056e+08
  344.926770 1.052969e+08
  344.741823 1.056126e+08
  344.556876 1.059537e+08
  344.371928 1.063210e+08
  344.186981 1.067151e+08
  344.002034 1.071366e+08
  343.817086 1.075861e+08
  343.632139 1.080639e+08
  343.447192 1.085702e+08
  343.262244 1.091051e+08
  343.077297 1.096685e+08
  342.892350 1.102602e+08
  342.707402 1.108797e+08
  342.522455 1.115265e+08
  342.337508 1.121997e+08
  342.152560 1.128986e+08
  341.967613 1.136218e+08
  341.782666 1.143683e+08
  341.597718 1.151363e+08
  341.412771 1.159245e+08
  341.227824 1.167310e+08
  341.042876 1.175539e+08
  340.857929 1.183912e+08
  340.672982 1.192408e+08
  340.488034 1.201005e+08
  340.303087 1.209680e+08
  340.118140 1.218411e+08
  339.933192 1.227172e+08
  339.748245 1.235942e+08
  339.563298 1.244695e+08
  339.378350 1.253408e+08
  339.193403 1.262057e+08
  339.008456 1.270620e+08
  338.823508 1.279073e+08
  338.638561 1.287394e+08
  338.453614 1.295562e+08
  338.268666 1.303557e+08
  338.083719 1.311358e+08
  337.898772 1.318948e+08
  337.713824 1.326310e+08
  337.528877 1.333426e+08
  337.343930 1.340283e+08
  337.158982 1.346867e+08
  336.974035 1.353167e+08
  336.789088 1.359172e+08
  336.604140 1.364875e+08
  336.419193 1.370267e+08
  336.234246 1.375346e+08
  336.049298 1.380108e+08
  335.864351 1.384551e+08
  335.679404 1.388676e+08
  335.494456 1.392487e+08
  335.309509 1.395987e+08
  335.124562 1.399184e+08
  334.939614 1.402084e+08
  334.754667 1.404699e+08
  334.569720 1.407041e+08
  334.384772 1.409121e+08
  334.199825 1.410956e+08
  334.014878 1.412561e+08
  333.829930 1.413955e+08
  333.644983 1.415155e+08
  333.460036 1.416181e+08
  333.275088 1.417054e+08
  333.090141 1.417795e+08
  332.905194 1.418426e+08
  332.720246 1.418967e+08
  332.535299 1.419440e+08
  332.350352 1.419868e+08
  332.165404 1.420272e+08
  331.980457 1.420670e+08
  331.795510 1.421085e+08
  331.610562 1.421534e+08
  331.425615 1.422035e+08
  331.240668 1.422605e+08
  331.055720 1.423259e+08
  330.870773 1.424010e+08
  330.685826 1.424872e+08
  330.500878 1.425854e+08
  330.315931 1.426966e+08
  330.130984 1.428216e+08
  329.946036 1.429611e+08
  329.761089 1.431153e+08
  329.576142 1.432848e+08
  329.391194 1.434696e+08
  329.206247 1.436700e+08
  329.021300 1.438857e+08
  328.836352 1.441167e+08
  328.651405 1.443627e+08
  328.466458 1.446235e+08
  328.281511 1.448986e+08
  328.096563 1.451875e+08
  327.911616 1.454897e+08
  327.726669 1.458047e+08
  327.541721 1.461319e+08
  327.356774 1.464705e+08
  327.171827 1.468198e+08
  326.986879 1.471792e+08
  326.801932 1.475479e+08
  326.616985 1.479251e+08
  326.432037 1.483100e+08
  326.247090 1.487017e+08
  326.062143 1.490995e+08
  325.877195 1.495025e+08
  325.692248 1.499098e+08
  325.507301 1.503207e+08
  325.322353 1.507343e+08
  325.137406 1.511497e+08
  324.952459 1.515663e+08
  324.767511 1.519832e+08
  324.582564 1.523997e+08
  324.397617 1.528152e+08
  324.212669 1.532289e+08
  324.027722 1.536403e+08
  323.842775 1.540489e+08
  323.657827 1.544539e+08
  323.472880 1.548549e+08
  323.287933 1.552515e+08
  323.102985 1.556430e+08
  322.918038 1.560290e+08
  322.733091 1.564091e+08
  322.548143 1.567826e+08
  322.363196 1.571492e+08
  322.178249 1.575083e+08
  321.993301 1.578593e+08
  321.808354 1.582018e+08
  321.623407 1.585352e+08
  321.438459 1.588590e+08
  321.253512 1.591727e+08
  321.068565 1.594757e+08
  320.883617 1.597676e+08
  320.698670 1.600480e+08
  320.513723 1.603166e+08
  320.328775 1.605730e+08
  320.143828 1.608170e+08
  319.958881 1.610487e+08
  319.773933 1.612678e+08
  319.588986 1.614746e+08
  319.404039 1.616692e+08
  319.219091 1.618519e+08
  319.034144 1.620232e+08
  318.849197 1.621834e+08
  318.664249 1.623333e+08
  318.479302 1.624733e+08
  318.294355 1.626042e+08
  318.109407 1.627268e+08
  317.924460 1.628416e+08
  317.739513 1.629495e+08
  317.554565 1.630512e+08
  317.369618 1.631473e+08
  317.184671 1.632384e+08
  316.999723 1.633251e+08
  316.814776 1.634079e+08
  316.629829 1.634873e+08
  316.444881 1.635636e+08
  316.259934 1.636370e+08
  316.074987 1.637080e+08
  315.890039 1.637766e+08
  315.705092 1.638432e+08
  315.520145 1.639077e+08
  315.335197 1.639705e+08
  315.150250 1.640318e+08
  314.965303 1.640917e+08
  314.780355 1.641506e+08
  314.595408 1.642089e+08
  314.410461 1.642668e+08
  314.225513 1.643251e+08
  314.040566 1.643841e+08
  313.855619 1.644446e+08
  313.670671 1.645073e+08
  313.485724 1.645729e+08
  313.300777 1.646425e+08
  313.115829 1.647167e+08
  312.930882 1.647967e+08
  312.745935 1.648832e+08
  312.560987 1.649774e+08
  312.376040 1.650800e+08
  312.191093 1.651919e+08
  312.006145 1.653141e+08
  311.821198 1.654471e+08
  311.636251 1.655917e+08
  311.451303 1.657482e+08
  311.266356 1.659172e+08
  311.081409 1.660988e+08
  310.896461 1.662930e+08
  310.711514 1.664999e+08
  310.526567 1.667192e+08
  310.341620 1.669504e+08
  310.156672 1.671930e+08
  309.971725 1.674464e+08
  309.786778 1.677096e+08
  309.601830 1.679818e+08
  309.416883 1.682620e+08
  309.231936 1.685491e+08
  309.046988 1.688421e+08
  308.862041 1.691398e+08
  308.677094 1.694411e+08
  308.492146 1.697451e+08
  308.307199 1.700508e+08
  308.122252 1.703573e+08
  307.937304 1.706638e+08
  307.752357 1.709697e+08
  307.567410 1.712745e+08
  307.382462 1.715779e+08
  307.197515 1.718795e+08
  307.012568 1.721794e+08
  306.827620 1.724775e+08
  306.642673 1.727739e+08
  306.457726 1.730690e+08
  306.272778 1.733632e+08
  306.087831 1.736567e+08
  305.902884 1.739501e+08
  305.717936 1.742438e+08
  305.532989 1.745384e+08
  305.348042 1.748343e+08
  305.163094 1.751319e+08
  304.978147 1.754317e+08
  304.793200 1.757338e+08
  304.608252 1.760386e+08
  304.423305 1.763462e+08
  304.238358 1.766565e+08
  304.053410 1.769695e+08
  303.868463 1.772851e+08
  303.683516 1.776030e+08
  303.498568 1.779228e+08
  303.313621 1.782442e+08
  303.128674 1.785666e+08
  302.943726 1.788896e+08
  302.758779 1.792126e+08
  302.573832 1.795350e+08
  302.388884 1.798564e+08
  302.203937 1.801760e+08
  302.018990 1.804934e+08
  301.834042 1.808081e+08
  301.649095 1.811196e+08
  301.464148 1.814277e+08
  301.279200 1.817319e+08
  301.094253 1.820320e+08
  300.909306 1.823279e+08
  300.724358 1.826196e+08
  300.539411 1.829069e+08
  300.354464 1.831901e+08
  300.169516 1.834694e+08
  299.984569 1.837450e+08
  299.799622 1.840172e+08
  299.614674 1.842865e+08
  299.429727 1.845533e+08
  299.244780 1.848183e+08
  299.059832 1.850818e+08
  298.874885 1.853446e+08
  298.689938 1.856072e+08
  298.504990 1.858701e+08
  298.320043 1.861339e+08
  298.135096 1.863990e+08
  297.950148 1.866660e+08
  297.765201 1.869352e+08
  297.580254 1.872068e+08
  297.395306 1.874811e+08
  297.210359 1.877581e+08
  297.025412 1.880379e+08
  296.840464 1.883203e+08
  296.655517 1.886051e+08
  296.470570 1.888921e+08
  296.285622 1.891808e+08
  296.100675 1.894707e+08
  295.915728 1.897612e+08
  295.730780 1.900518e+08
  295.545833 1.903416e+08
  295.360886 1.906301e+08
  295.175938 1.909164e+08
  294.990991 1.911997e+08
  294.806044 1.914793e+08
  294.621096 1.917544e+08
  294.436149 1.920243e+08
  294.251202 1.922883e+08
  294.066254 1.925457e+08
  293.881307 1.927960e+08
  293.696360 1.930387e+08
  293.511412 1.932733e+08
  293.326465 1.934994e+08
  293.141518 1.937169e+08
  292.956571 1.939254e+08
  292.771623 1.941248e+08
  292.586676 1.943151e+08
  292.401729 1.944962e+08
  292.216781 1.946682e+08
  292.031834 1.948311e+08
  291.846887 1.949850e+08
  291.661939 1.951300e+08
  291.476992 1.952663e+08
  291.292045 1.953940e+08
  291.107097 1.955133e+08
  290.922150 1.956242e+08
  290.737203 1.957271e+08
  290.552255 1.958220e+08
  290.367308 1.959091e+08
  290.182361 1.959885e+08
  289.997413 1.960605e+08
  289.812466 1.961252e+08
  289.627519 1.961828e+08
  289.442571 1.962335e+08
  289.257624 1.962775e+08
  289.072677 1.963149e+08
  288.887729 1.963461e+08
  288.702782 1.963712e+08
  288.517835 1.963905e+08
  288.332887 1.964040e+08
  288.147940 1.964121e+08
  287.962993 1.964147e+08
  287.778045 1.964120e+08
  287.593098 1.964040e+08
  287.408151 1.963908e+08
  287.223203 1.963723e+08
  287.038256 1.963484e+08
  286.853309 1.963189e+08
  286.668361 1.962836e+08
  286.483414 1.962425e+08
  286.298467 1.961951e+08
  286.113519 1.961412e+08
  285.928572 1.960807e+08
  285.743625 1.960132e+08
  285.558677 1.959386e+08
  285.373730 1.958567e+08
  285.188783 1.957674e+08
  285.003835 1.956708e+08
  284.818888 1.955668e+08
  284.633941 1.954556e+08
  284.448993 1.953376e+08
  284.264046 1.952128e+08
  284.079099 1.950819e+08
  283.894151 1.949453e+08
  283.709204 1.948036e+08
  283.524257 1.946574e+08
  283.339309 1.945074e+08
  283.154362 1.943544e+08
  282.969415 1.941992e+08
  282.784467 1.940426e+08
  282.599520 1.938854e+08
  282.414573 1.937286e+08
  282.229625 1.935728e+08
  282.044678 1.934190e+08
  281.859731 1.932680e+08
  281.674783 1.931205e+08
  281.489836 1.929774e+08
  281.304889 1.928394e+08
  281.119941 1.927072e+08
  280.934994 1.925814e+08
  280.750047 1.924627e+08
  280.565099 1.923518e+08
  280.380152 1.922491e+08
  280.195205 1.921553e+08
  280.010257 1.920708e+08
  279.825310 1.919962e+08
  279.640363 1.919319e+08
  279.455415 1.918781e+08
  279.270468 1.918355e+08
  279.085521 1.918041e+08
  278.900573 1.917844e+08
  278.715626 1.917767e+08
  278.530679 1.917811e+08
  278.345731 1.917979e+08
  278.160784 1.918274e+08
  277.975837 1.918696e+08
  277.790889 1.919249e+08
  277.605942 1.919934e+08
  277.420995 1.920754e+08
  277.236047 1.921711e+08
  277.051100 1.922807e+08
  276.866153 1.924047e+08
  276.681205 1.925434e+08
  276.496258 1.926970e+08
  276.311311 1.928661e+08
  276.126363 1.930510e+08
  275.941416 1.932521e+08
  275.756469 1.934700e+08
  275.571521 1.937051e+08
  275.386574 1.939576e+08
  275.201627 1.942281e+08
  275.016680 1.945167e+08
  274.831732 1.948237e+08
  274.646785 1.951492e+08
  274.461838 1.954932e+08
  274.276890 1.958555e+08
  274.091943 1.962359e+08
  273.906996 1.966339e+08
  273.722048 1.970490e+08
  273.537101 1.974805e+08
  273.352154 1.979274e+08
  273.167206 1.983888e+08
  272.982259 1.988635e+08
  272.797312 1.993503e+08
  272.612364 1.998476e+08
  272.427417 2.003541e+08
  272.242470 2.008681e+08
  272.057522 2.013880e+08
  271.872575 2.019121e+08
  271.687628 2.024388e+08
  271.502680 2.029665e+08
  271.317733 2.034933e+08
  271.132786 2.040179e+08
  270.947838 2.045386e+08
  270.762891 2.050541e+08
  270.577944 2.055631e+08
  270.392996 2.060644e+08
  270.208049 2.065571e+08
  270.023102 2.070403e+08
  269.838154 2.075134e+08
  269.653207 2.079759e+08
  269.468260 2.084275e+08
  269.283312 2.088680e+08
  269.098365 2.092976e+08
  268.913418 2.097165e+08
  268.728470 2.101250e+08
  268.543523 2.105239e+08
  268.358576 2.109137e+08
  268.173628 2.112953e+08
  267.988681 2.116697e+08
  267.803734 2.120380e+08
  267.618786 2.124012e+08
  267.433839 2.127607e+08
  267.248892 2.131175e+08
  267.063944 2.134730e+08
  266.878997 2.138284e+08
  266.694050 2.141849e+08
  266.509102 2.145437e+08
  266.324155 2.149059e+08
  266.139208 2.152725e+08
  265.954260 2.156446e+08
  265.769313 2.160228e+08
  265.584366 2.164081e+08
  265.399418 2.168011e+08
  265.214471 2.172022e+08
  265.029524 2.176120e+08
  264.844576 2.180306e+08
  264.659629 2.184585e+08
  264.474682 2.188956e+08
  264.289734 2.193420e+08
  264.104787 2.197976e+08
  263.919840 2.202623e+08
  263.734892 2.207357e+08
  263.549945 2.212175e+08
  263.364998 2.217073e+08
  263.180050 2.222047e+08
  262.995103 2.227090e+08
  262.810156 2.232196e+08
  262.625208 2.237359e+08
  262.440261 2.242571e+08
  262.255314 2.247825e+08
  262.070366 2.253112e+08
  261.885419 2.258424e+08
  261.700472 2.263754e+08
  261.515524 2.269094e+08
  261.330577 2.274435e+08
  261.145630 2.279770e+08
  260.960682 2.285092e+08
  260.775735 2.290394e+08
  260.590788 2.295672e+08
  260.405840 2.300919e+08
  260.220893 2.306131e+08
  260.035946 2.311304e+08
  259.850998 2.316436e+08
  259.666051 2.321524e+08
  259.481104 2.326567e+08
  259.296156 2.331564e+08
  259.111209 2.336516e+08
  258.926262 2.341423e+08
  258.741314 2.346286e+08
  258.556367 2.351108e+08
  258.371420 2.355890e+08
  258.186472 2.360636e+08
  258.001525 2.365349e+08
  257.816578 2.370033e+08
  257.631630 2.374692e+08
  257.446683 2.379329e+08
  257.261736 2.383951e+08
  257.076789 2.388561e+08
  256.891841 2.393163e+08
  256.706894 2.397764e+08
  256.521947 2.402366e+08
  256.336999 2.406975e+08
  256.152052 2.411595e+08
  255.967105 2.416230e+08
  255.782157 2.420883e+08
  255.597210 2.425557e+08
  255.412263 2.430258e+08
  255.227315 2.434986e+08
  255.042368 2.439745e+08
  254.857421 2.444538e+08
  254.672473 2.449368e+08
  254.487526 2.454237e+08
  254.302579 2.459148e+08
  254.117631 2.464106e+08
  253.932684 2.469113e+08
  253.747737 2.474174e+08
  253.562789 2.479292e+08
  253.377842 2.484475e+08
  253.192895 2.489725e+08
  253.007947 2.495050e+08
  252.823000 2.500456e+08
  252.638053 2.505948e+08
  252.453105 2.511534e+08
  252.268158 2.517219e+08
  252.083211 2.523009e+08
  251.898263 2.528911e+08
  251.713316 2.534929e+08
  251.528369 2.541068e+08
  251.343421 2.547332e+08
  251.158474 2.553724e+08
  250.973527 2.560246e+08
  250.788579 2.566899e+08
  250.603632 2.573681e+08
  250.418685 2.580592e+08
  250.233737 2.587629e+08
  250.048790 2.594786e+08
  249.863843 2.602059e+08
  249.678895 2.609439e+08
  249.493948 2.616920e+08
  249.309001 2.624491e+08
  249.124053 2.632140e+08
  248.939106 2.639855e+08
  248.754159 2.647623e+08
  248.569211 2.655428e+08
  248.384264 2.663253e+08
  248.199317 2.671082e+08
  248.014369 2.678895e+08
  247.829422 2.686673e+08
  247.644475 2.694394e+08
  247.459527 2.702039e+08
  247.274580 2.709584e+08
  247.089633 2.717006e+08
  246.904685 2.724284e+08
  246.719738 2.731396e+08
  246.534791 2.738317e+08
  246.349843 2.745029e+08
  246.164896 2.751509e+08
  245.979949 2.757739e+08
  245.795001 2.763703e+08
  245.610054 2.769385e+08
  245.425107 2.774773e+08
  245.240159 2.779857e+08
  245.055212 2.784630e+08
  244.870265 2.789090e+08
  244.685317 2.793236e+08
  244.500370 2.797070e+08
  244.315423 2.800600e+08
  244.130475 2.803836e+08
  243.945528 2.806790e+08
  243.760581 2.809479e+08
  243.575633 2.811921e+08
  243.390686 2.814138e+08
  243.205739 2.816152e+08
  243.020791 2.817991e+08
  242.835844 2.819679e+08
  242.650897 2.821244e+08
  242.465949 2.822715e+08
  242.281002 2.824121e+08
  242.096055 2.825489e+08
  241.911107 2.826847e+08
  241.726160 2.828222e+08
  241.541213 2.829640e+08
  241.356265 2.831124e+08
  241.171318 2.832697e+08
  240.986371 2.834379e+08
  240.801423 2.836188e+08
  240.616476 2.838139e+08
  240.431529 2.840244e+08
  240.246581 2.842514e+08
  240.061634 2.844957e+08
  239.876687 2.847575e+08
  239.691740 2.850372e+08
  239.506792 2.853346e+08
  239.321845 2.856494e+08
  239.136898 2.859810e+08
  238.951950 2.863286e+08
  238.767003 2.866911e+08
  238.582056 2.870675e+08
  238.397108 2.874562e+08
  238.212161 2.878561e+08
  238.027214 2.882654e+08
  237.842266 2.886825e+08
  237.657319 2.891060e+08
  237.472372 2.895340e+08
  237.287424 2.899650e+08
  237.102477 2.903974e+08
  236.917530 2.908297e+08
  236.732582 2.912605e+08
  236.547635 2.916883e+08
  236.362688 2.921120e+08
  236.177740 2.925303e+08
  235.992793 2.929423e+08
  235.807846 2.933470e+08
  235.622898 2.937438e+08
  235.437951 2.941319e+08
  235.253004 2.945109e+08
  235.068056 2.948805e+08
  234.883109 2.952402e+08
  234.698162 2.955902e+08
  234.513214 2.959304e+08
  234.328267 2.962610e+08
  234.143320 2.965823e+08
  233.958372 2.968946e+08
  233.773425 2.971985e+08
  233.588478 2.974947e+08
  233.403530 2.977838e+08
  233.218583 2.980666e+08
  233.033636 2.983441e+08
  232.848688 2.986172e+08
  232.663741 2.988867e+08
  232.478794 2.991539e+08
  232.293846 2.994196e+08
  232.108899 2.996850e+08
  231.923952 2.999509e+08
  231.739004 3.002185e+08
  231.554057 3.004885e+08
  231.369110 3.007619e+08
  231.184162 3.010394e+08
  230.999215 3.013217e+08
  230.814268 3.016093e+08
  230.629320 3.019026e+08
  230.444373 3.022021e+08
  230.259426 3.025079e+08
  230.074478 3.028202e+08
  229.889531 3.031389e+08
  229.704584 3.034640e+08
  229.519636 3.037955e+08
  229.334689 3.041331e+08
  229.149742 3.044765e+08
  228.964794 3.048257e+08
  228.779847 3.051804e+08
  228.594900 3.055403e+08
  228.409952 3.059055e+08
  228.225005 3.062757e+08
  228.040058 3.066511e+08
  227.855110 3.070317e+08
  227.670163 3.074177e+08
  227.485216 3.078094e+08
  227.300268 3.082072e+08
  227.115321 3.086116e+08
  226.930374 3.090231e+08
  226.745426 3.094424e+08
  226.560479 3.098702e+08
  226.375532 3.103072e+08
  226.190584 3.107542e+08
  226.005637 3.112122e+08
  225.820690 3.116818e+08
  225.635742 3.121639e+08
  225.450795 3.126594e+08
  225.265848 3.131690e+08
  225.080900 3.136935e+08
  224.895953 3.142334e+08
  224.711006 3.147895e+08
  224.526058 3.153622e+08
  224.341111 3.159521e+08
  224.156164 3.165595e+08
  223.971216 3.171846e+08
  223.786269 3.178276e+08
  223.601322 3.184887e+08
  223.416374 3.191677e+08
  223.231427 3.198646e+08
  223.046480 3.205791e+08
  222.861532 3.213109e+08
  222.676585 3.220596e+08
  222.491638 3.228246e+08
  222.306690 3.236053e+08
  222.121743 3.244011e+08
  221.936796 3.252112e+08
  221.751849 3.260348e+08
  221.566901 3.268711e+08
  221.381954 3.277191e+08
  221.197007 3.285779e+08
  221.012059 3.294466e+08
  220.827112 3.303241e+08
  220.642165 3.312095e+08
  220.457217 3.321018e+08
  220.272270 3.330000e+08
  220.087323 3.339033e+08
  219.902375 3.348105e+08
  219.717428 3.357207e+08
  219.532481 3.366331e+08
  219.347533 3.375466e+08
  219.162586 3.384604e+08
  218.977639 3.393734e+08
  218.792691 3.402847e+08
  218.607744 3.411933e+08
  218.422797 3.420982e+08
  218.237849 3.429983e+08
  218.052902 3.438924e+08
  217.867955 3.447795e+08
  217.683007 3.456583e+08
  217.498060 3.465275e+08
  217.313113 3.473859e+08
  217.128165 3.482320e+08
  216.943218 3.490646e+08
  216.758271 3.498822e+08
  216.573323 3.506835e+08
  216.388376 3.514670e+08
  216.203429 3.522316e+08
  216.018481 3.529760e+08
  215.833534 3.536990e+08
  215.648587 3.543996e+08
  215.463639 3.550769e+08
  215.278692 3.557302e+08
  215.093745 3.563590e+08
  214.908797 3.569628e+08
  214.723850 3.575415e+08
  214.538903 3.580950e+08
  214.353955 3.586236e+08
  214.169008 3.591277e+08
  213.984061 3.596077e+08
  213.799113 3.600645e+08
  213.614166 3.604988e+08
  213.429219 3.609117e+08
  213.244271 3.613041e+08
  213.059324 3.616774e+08
  212.874377 3.620326e+08
  212.689429 3.623711e+08
  212.504482 3.626941e+08
  212.319535 3.630030e+08
  212.134587 3.632990e+08
  211.949640 3.635834e+08
  211.764693 3.638574e+08
  211.579745 3.641224e+08
  211.394798 3.643795e+08
  211.209851 3.646299e+08
  211.024903 3.648748e+08
  210.839956 3.651152e+08
  210.655009 3.653523e+08
  210.470061 3.655872e+08
  210.285114 3.658207e+08
  210.100167 3.660538e+08
  209.915219 3.662874e+08
  209.730272 3.665222e+08
  209.545325 3.667590e+08
  209.360377 3.669983e+08
  209.175430 3.672407e+08
  208.990483 3.674864e+08
  208.805535 3.677358e+08
  208.620588 3.679890e+08
  208.435641 3.682460e+08
  208.250693 3.685067e+08
  208.065746 3.687708e+08
  207.880799 3.690382e+08
  207.695851 3.693084e+08
  207.510904 3.695810e+08
  207.325957 3.698555e+08
  207.141009 3.701315e+08
  206.956062 3.704086e+08
  206.771115 3.706862e+08
  206.586167 3.709640e+08
  206.401220 3.712416e+08
  206.216273 3.715188e+08
  206.031325 3.717954e+08
  205.846378 3.720713e+08
  205.661431 3.723464e+08
  205.476483 3.726210e+08
  205.291536 3.728950e+08
  205.106589 3.731687e+08
  204.921641 3.734424e+08
  204.736694 3.737165e+08
  204.551747 3.739913e+08
  204.366799 3.742673e+08
  204.181852 3.745449e+08
  203.996905 3.748246e+08
  203.811958 3.751068e+08
  203.627010 3.753919e+08
  203.442063 3.756805e+08
  203.257116 3.759728e+08
  203.072168 3.762693e+08
  202.887221 3.765702e+08
  202.702274 3.768759e+08
  202.517326 3.771867e+08
  202.332379 3.775027e+08
  202.147432 3.778240e+08
  201.962484 3.781509e+08
  201.777537 3.784833e+08
  201.592590 3.788214e+08
  201.407642 3.791650e+08
  201.222695 3.795143e+08
  201.037748 3.798691e+08
  200.852800 3.802294e+08
  200.667853 3.805952e+08
  200.482906 3.809665e+08
  200.297958 3.813430e+08
  200.113011 3.817250e+08
  199.928064 3.821123e+08
  199.743116 3.825050e+08
  199.558169 3.829031e+08
  199.373222 3.833068e+08
  199.188274 3.837162e+08
  199.003327 3.841314e+08
  198.818380 3.845526e+08
  198.633432 3.849800e+08
  198.448485 3.854139e+08
  198.263538 3.858545e+08
  198.078590 3.863020e+08
  197.893643 3.867568e+08
  197.708696 3.872189e+08
  197.523748 3.876888e+08
  197.338801 3.881667e+08
  197.153854 3.886528e+08
  196.968906 3.891473e+08
  196.783959 3.896505e+08
  196.599012 3.901626e+08
  196.414064 3.906840e+08
  196.229117 3.912147e+08
  196.044170 3.917553e+08
  195.859222 3.923058e+08
  195.674275 3.928667e+08
  195.489328 3.934383e+08
  195.304380 3.940211e+08
  195.119433 3.946154e+08
  194.934486 3.952217e+08
  194.749538 3.958406e+08
  194.564591 3.964726e+08
  194.379644 3.971184e+08
  194.194696 3.977784e+08
  194.009749 3.984535e+08
  193.824802 3.991443e+08
  193.639854 3.998515e+08
  193.454907 4.005759e+08
  193.269960 4.013181e+08
  193.085012 4.020790e+08
  192.900065 4.028593e+08
  192.715118 4.036597e+08
  192.530170 4.044809e+08
  192.345223 4.053235e+08
  192.160276 4.061882e+08
  191.975328 4.070755e+08
  191.790381 4.079860e+08
  191.605434 4.089200e+08
  191.420486 4.098780e+08
  191.235539 4.108602e+08
  191.050592 4.118667e+08
  190.865644 4.128975e+08
  190.680697 4.139527e+08
  190.495750 4.150320e+08
  190.310802 4.161352e+08
  190.125855 4.172616e+08
  189.940908 4.184108e+08
  189.755960 4.195819e+08
  189.571013 4.207742e+08
  189.386066 4.219865e+08
  189.201118 4.232178e+08
  189.016171 4.244667e+08
  188.831224 4.257319e+08
  188.646276 4.270119e+08
  188.461329 4.283052e+08
  188.276382 4.296102e+08
  188.091434 4.309253e+08
  187.906487 4.322489e+08
  187.721540 4.335793e+08
  187.536592 4.349149e+08
  187.351645 4.362543e+08
  187.166698 4.375960e+08
  186.981750 4.389385e+08
  186.796803 4.402808e+08
  186.611856 4.416215e+08
  186.426909 4.429598e+08
  186.241961 4.442947e+08
  186.057014 4.456255e+08
  185.872067 4.469515e+08
  185.687119 4.482724e+08
  185.502172 4.495878e+08
  185.317225 4.508975e+08
  185.132277 4.522013e+08
  184.947330 4.534995e+08
  184.762383 4.547919e+08
  184.577435 4.560790e+08
  184.392488 4.573609e+08
  184.207541 4.586381e+08
  184.022593 4.599110e+08
  183.837646 4.611800e+08
  183.652699 4.624457e+08
  183.467751 4.637084e+08
  183.282804 4.649689e+08
  183.097857 4.662275e+08
  182.912909 4.674848e+08
  182.727962 4.687412e+08
  182.543015 4.699973e+08
  182.358067 4.712534e+08
  182.173120 4.725100e+08
  181.988173 4.737673e+08
  181.803225 4.750258e+08
  181.618278 4.762856e+08
  181.433331 4.775471e+08
  181.248383 4.788104e+08
  181.063436 4.800759e+08
  180.878489 4.813438e+08
  180.693541 4.826142e+08
  180.508594 4.838875e+08
  180.323647 4.851640e+08
  180.138699 4.864440e+08
  179.953752 4.877280e+08
  179.768805 4.890164e+08
  179.583857 4.903099e+08
  179.398910 4.916090e+08
  179.213963 4.929145e+08
  179.029015 4.942272e+08
  178.844068 4.955480e+08
  178.659121 4.968778e+08
  178.474173 4.982175e+08
  178.289226 4.995682e+08
  178.104279 5.009307e+08
  177.919331 5.023062e+08
  177.734384 5.036956e+08
  177.549437 5.050996e+08
  177.364489 5.065193e+08
  177.179542 5.079551e+08
  176.994595 5.094079e+08
  176.809647 5.108779e+08
  176.624700 5.123655e+08
  176.439753 5.138710e+08
  176.254805 5.153942e+08
  176.069858 5.169351e+08
  175.884911 5.184934e+08
  175.699963 5.200686e+08
  175.515016 5.216602e+08
  175.330069 5.232674e+08
  175.145121 5.248893e+08
  174.960174 5.265251e+08
  174.775227 5.281735e+08
  174.590279 5.298336e+08
  174.405332 5.315039e+08
  174.220385 5.331833e+08
  174.035437 5.348703e+08
  173.850490 5.365634e+08
  173.665543 5.382613e+08
  173.480595 5.399624e+08
  173.295648 5.416653e+08
  173.110701 5.433683e+08
  172.925753 5.450701e+08
  172.740806 5.467690e+08
  172.555859 5.484638e+08
  172.370911 5.501530e+08
  172.185964 5.518352e+08
  172.001017 5.535093e+08
  171.816069 5.551742e+08
  171.631122 5.568289e+08
  171.446175 5.584725e+08
  171.261227 5.601043e+08
  171.076280 5.617240e+08
  170.891333 5.633311e+08
  170.706385 5.649256e+08
  170.521438 5.665076e+08
  170.336491 5.680775e+08
  170.151543 5.696357e+08
  169.966596 5.711831e+08
  169.781649 5.727207e+08
  169.596701 5.742494e+08
  169.411754 5.757707e+08
  169.226807 5.772859e+08
  169.041859 5.787966e+08
  168.856912 5.803044e+08
  168.671965 5.818108e+08
  168.487018 5.833176e+08
  168.302070 5.848264e+08
  168.117123 5.863387e+08
  167.932176 5.878561e+08
  167.747228 5.893800e+08
  167.562281 5.909117e+08
  167.377334 5.924524e+08
  167.192386 5.940031e+08
  167.007439 5.955647e+08
  166.822492 5.971379e+08
  166.637544 5.987234e+08
  166.452597 6.003214e+08
  166.267650 6.019324e+08
  166.082702 6.035563e+08
  165.897755 6.051932e+08
  165.712808 6.068429e+08
  165.527860 6.085051e+08
  165.342913 6.101794e+08
  165.157966 6.118650e+08
  164.973018 6.135613e+08
  164.788071 6.152675e+08
  164.603124 6.169825e+08
  164.418176 6.187052e+08
  164.233229 6.204344e+08
  164.048282 6.221686e+08
  163.863334 6.239062e+08
  163.678387 6.256456e+08
  163.493440 6.273851e+08
  163.308492 6.291226e+08
  163.123545 6.308562e+08
  162.938598 6.325836e+08
  162.753650 6.343028e+08
  162.568703 6.360113e+08
  162.383756 6.377069e+08
  162.198808 6.393871e+08
  162.013861 6.410496e+08
  161.828914 6.426920e+08
  161.643966 6.443118e+08
  161.459019 6.459068e+08
  161.274072 6.474748e+08
  161.089124 6.490135e+08
  160.904177 6.505209e+08
  160.719230 6.519951e+08
  160.534282 6.534343e+08
  160.349335 6.548370e+08
  160.164388 6.562016e+08
  159.979440 6.575269e+08
  159.794493 6.588120e+08
  159.609546 6.600559e+08
  159.424598 6.612582e+08
  159.239651 6.624185e+08
  159.054704 6.635367e+08
  158.869756 6.646130e+08
  158.684809 6.656479e+08
  158.499862 6.666420e+08
  158.314914 6.675963e+08
  158.129967 6.685120e+08
  157.945020 6.693908e+08
  157.760072 6.702342e+08
  157.575125 6.710443e+08
  157.390178 6.718233e+08
  157.205230 6.725736e+08
  157.020283 6.732979e+08
  156.835336 6.739990e+08
  156.650388 6.746799e+08
  156.465441 6.753437e+08
  156.280494 6.759938e+08
  156.095546 6.766334e+08
  155.910599 6.772661e+08
  155.725652 6.778954e+08
  155.540704 6.785249e+08
  155.355757 6.791583e+08
  155.170810 6.797993e+08
  154.985862 6.804514e+08
  154.800915 6.811184e+08
  154.615968 6.818039e+08
  154.431020 6.825114e+08
  154.246073 6.832444e+08
  154.061126 6.840063e+08
  153.876178 6.848005e+08
  153.691231 6.856299e+08
  153.506284 6.864978e+08
  153.321336 6.874069e+08
  153.136389 6.883599e+08
  152.951442 6.893594e+08
  152.766494 6.904076e+08
  152.581547 6.915066e+08
  152.396600 6.926583e+08
  152.211652 6.938643e+08
  152.026705 6.951260e+08
  151.841758 6.964446e+08
  151.656810 6.978209e+08
  151.471863 6.992557e+08
  151.286916 7.007493e+08
  151.101968 7.023020e+08
  150.917021 7.039137e+08
  150.732074 7.055841e+08
  150.547127 7.073127e+08
  150.362179 7.090988e+08
  150.177232 7.109414e+08
  149.992285 7.128393e+08
  149.807337 7.147912e+08
  149.622390 7.167954e+08
  149.437443 7.188502e+08
  149.252495 7.209536e+08
  149.067548 7.231032e+08
  148.882601 7.252968e+08
  148.697653 7.275318e+08
  148.512706 7.298055e+08
  148.327759 7.321149e+08
  148.142811 7.344571e+08
  147.957864 7.368289e+08
  147.772917 7.392271e+08
  147.587969 7.416484e+08
  147.403022 7.440894e+08
  147.218075 7.465469e+08
  147.033127 7.490175e+08
  146.848180 7.514978e+08
  146.663233 7.539847e+08
  146.478285 7.564751e+08
  146.293338 7.589660e+08
  146.108391 7.614545e+08
  145.923443 7.639381e+08
  145.738496 7.664142e+08
  145.553549 7.688808e+08
  145.368601 7.713357e+08
  145.183654 7.737772e+08
  144.998707 7.762037e+08
  144.813759 7.786139e+08
  144.628812 7.810067e+08
  144.443865 7.833811e+08
  144.258917 7.857365e+08
  144.073970 7.880722e+08
  143.889023 7.903879e+08
  143.704075 7.926833e+08
  143.519128 7.949583e+08
  143.334181 7.972127e+08
  143.149233 7.994468e+08
  142.964286 8.016606e+08
  142.779339 8.038543e+08
  142.594391 8.060282e+08
  142.409444 8.081826e+08
  142.224497 8.103177e+08
  142.039549 8.124341e+08
  141.854602 8.145320e+08
  141.669655 8.166119e+08
  141.484707 8.186742e+08
  141.299760 8.207192e+08
  141.114813 8.227475e+08
  140.929865 8.247594e+08
  140.744918 8.267553e+08
  140.559971 8.287356e+08
  140.375023 8.307008e+08
  140.190076 8.326513e+08
  140.005129 8.345875e+08
  139.820181 8.365099e+08
  139.635234 8.384189e+08
  139.450287 8.403153e+08
  139.265339 8.421994e+08
  139.080392 8.440722e+08
  138.895445 8.459343e+08
  138.710497 8.477867e+08
  138.525550 8.496304e+08
  138.340603 8.514666e+08
  138.155655 8.532966e+08
  137.970708 8.551219e+08
  137.785761 8.569441e+08
  137.600813 8.587651e+08
  137.415866 8.605868e+08
  137.230919 8.624112e+08
  137.045971 8.642406e+08
  136.861024 8.660774e+08
  136.676077 8.679238e+08
  136.491129 8.697825e+08
  136.306182 8.716559e+08
  136.121235 8.735465e+08
  135.936287 8.754567e+08
  135.751340 8.773890e+08
  135.566393 8.793456e+08
  135.381445 8.813286e+08
  135.196498 8.833401e+08
  135.011551 8.853817e+08
  134.826603 8.874550e+08
  134.641656 8.895613e+08
  134.456709 8.917014e+08
  134.271761 8.938763e+08
  134.086814 8.960862e+08
  133.901867 8.983313e+08
  133.716919 9.006116e+08
  133.531972 9.029265e+08
  133.347025 9.052755e+08
  133.162078 9.076577e+08
  132.977130 9.100721e+08
  132.792183 9.125173e+08
  132.607236 9.149921e+08
  132.422288 9.174951e+08
  132.237341 9.200248e+08
  132.052394 9.225796e+08
  131.867446 9.251582e+08
  131.682499 9.277590e+08
  131.497552 9.303809e+08
  131.312604 9.330226e+08
  131.127657 9.356831e+08
  130.942710 9.383616e+08
  130.757762 9.410573e+08
  130.572815 9.437698e+08
  130.387868 9.464987e+08
  130.202920 9.492442e+08
  130.017973 9.520061e+08
  129.833026 9.547850e+08
  129.648078 9.575812e+08
  129.463131 9.603954e+08
  129.278184 9.632284e+08
  129.093236 9.660812e+08
  128.908289 9.689549e+08
  128.723342 9.718505e+08
  128.538394 9.747692e+08
  128.353447 9.777124e+08
  128.168500 9.806811e+08
  127.983552 9.836768e+08
  127.798605 9.867006e+08
  127.613658 9.897538e+08
  127.428710 9.928373e+08
  127.243763 9.959522e+08
  127.058816 9.990996e+08
  126.873868 1.002280e+09
  126.688921 1.005494e+09
  126.503974 1.008743e+09
  126.319026 1.012026e+09
  126.134079 1.015344e+09
  125.949132 1.018696e+09
  125.764184 1.022084e+09
  125.579237 1.025505e+09
  125.394290 1.028960e+09
  125.209342 1.032448e+09
  125.024395 1.035967e+09
  124.839448 1.039517e+09
  124.654500 1.043097e+09
  124.469553 1.046704e+09
  124.284606 1.050338e+09
  124.099658 1.053997e+09
  123.914711 1.057678e+09
  123.729764 1.061380e+09
  123.544816 1.065102e+09
  123.359869 1.068840e+09
  123.174922 1.072593e+09
  122.989974 1.076359e+09
  122.805027 1.080136e+09
  122.620080 1.083922e+09
  122.435132 1.087715e+09
  122.250185 1.091513e+09
  122.065238 1.095314e+09
  121.880290 1.099116e+09
  121.695343 1.102918e+09
  121.510396 1.106718e+09
  121.325448 1.110514e+09
  121.140501 1.114306e+09
  120.955554 1.118091e+09
  120.770606 1.121869e+09
  120.585659 1.125639e+09
  120.400712 1.129398e+09
  120.215764 1.133148e+09
  120.030817 1.136885e+09
  119.845870 1.140611e+09
  119.660922 1.144323e+09
  119.475975 1.148022e+09
  119.291028 1.151707e+09
  119.106080 1.155377e+09
  118.921133 1.159031e+09
  118.736186 1.162670e+09
  118.551238 1.166294e+09
  118.366291 1.169900e+09
  118.181344 1.173491e+09
  117.996396 1.177064e+09
  117.811449 1.180621e+09
  117.626502 1.184161e+09
  117.441554 1.187684e+09
  117.256607 1.191190e+09
  117.071660 1.194680e+09
  116.886712 1.198153e+09
  116.701765 1.201610e+09
  116.516818 1.205052e+09
  116.331870 1.208478e+09
  116.146923 1.211890e+09
  115.961976 1.215288e+09
  115.777028 1.218672e+09
  115.592081 1.222045e+09
  115.407134 1.225407e+09
  115.222187 1.228758e+09
  115.037239 1.232101e+09
  114.852292 1.235437e+09
  114.667345 1.238766e+09
  114.482397 1.242091e+09
  114.297450 1.245414e+09
  114.112503 1.248735e+09
  113.927555 1.252056e+09
  113.742608 1.255380e+09
  113.557661 1.258708e+09
  113.372713 1.262042e+09
  113.187766 1.265383e+09
  113.002819 1.268734e+09
  112.817871 1.272096e+09
  112.632924 1.275471e+09
  112.447977 1.278861e+09
  112.263029 1.282267e+09
  112.078082 1.285690e+09
  111.893135 1.289133e+09
  111.708187 1.292596e+09
  111.523240 1.296081e+09
  111.338293 1.299588e+09
  111.153345 1.303119e+09
  110.968398 1.306675e+09
  110.783451 1.310256e+09
  110.598503 1.313863e+09
  110.413556 1.317496e+09
  110.228609 1.321155e+09
  110.043661 1.324842e+09
  109.858714 1.328555e+09
  109.673767 1.332296e+09
  109.488819 1.336063e+09
  109.303872 1.339858e+09
  109.118925 1.343679e+09
  108.933977 1.347528e+09
  108.749030 1.351402e+09
  108.564083 1.355303e+09
  108.379135 1.359231e+09
  108.194188 1.363184e+09
  108.009241 1.367163e+09
  107.824293 1.371168e+09
  107.639346 1.375199e+09
  107.454399 1.379255e+09
  107.269451 1.383337e+09
  107.084504 1.387444e+09
  106.899557 1.391577e+09
  106.714609 1.395735e+09
  106.529662 1.399919e+09
  106.344715 1.404128e+09
  106.159767 1.408363e+09
  105.974820 1.412623e+09
  105.789873 1.416908e+09
  105.604925 1.421219e+09
  105.419978 1.425554e+09
  105.235031 1.429915e+09
  105.050083 1.434301e+09
  104.865136 1.438710e+09
  104.680189 1.443144e+09
  104.495241 1.447602e+09
  104.310294 1.452083e+09
  104.125347 1.456587e+09
  103.940399 1.461112e+09
  103.755452 1.465659e+09
  103.570505 1.470227e+09
  103.385557 1.474815e+09
  103.200610 1.479422e+09
  103.015663 1.484048e+09
  102.830715 1.488692e+09
  102.645768 1.493353e+09
  102.460821 1.498031e+09
  102.275873 1.502726e+09
  102.090926 1.507436e+09
  101.905979 1.512163e+09
  101.721031 1.516905e+09
  101.536084 1.521663e+09
  101.351137 1.526437e+09
  101.166189 1.531228e+09
  100.981242 1.536037e+09
  100.796295 1.540863e+09
  100.611347 1.545708e+09
  100.426400 1.550572e+09
  100.241453 1.555457e+09
  100.056505 1.560365e+09
   99.871558 1.565295e+09
   99.686611 1.570249e+09
   99.501663 1.575228e+09
   99.316716 1.580235e+09
   99.131769 1.585269e+09
   98.946821 1.590332e+09
   98.761874 1.595424e+09
   98.576927 1.600549e+09
   98.391979 1.605705e+09
   98.207032 1.610894e+09
   98.022085 1.616117e+09
   97.837137 1.621374e+09
   97.652190 1.626667e+09
   97.467243 1.631995e+09
   97.282296 1.637360e+09
   97.097348 1.642762e+09
   96.912401 1.648201e+09
   96.727454 1.653677e+09
   96.542506 1.659192e+09
   96.357559 1.664744e+09
   96.172612 1.670335e+09
   95.987664 1.675965e+09
   95.802717 1.681633e+09
   95.617770 1.687340e+09
   95.432822 1.693085e+09
   95.247875 1.698869e+09
   95.062928 1.704691e+09
   94.877980 1.710552e+09
   94.693033 1.716450e+09
   94.508086 1.722386e+09
   94.323138 1.728359e+09
   94.138191 1.734369e+09
   93.953244 1.740415e+09
   93.768296 1.746495e+09
   93.583349 1.752611e+09
   93.398402 1.758759e+09
   93.213454 1.764940e+09
   93.028507 1.771153e+09
   92.843560 1.777395e+09
   92.658612 1.783667e+09
   92.473665 1.789966e+09
   92.288718 1.796292e+09
   92.103770 1.802643e+09
   91.918823 1.809017e+09
   91.733876 1.815413e+09
   91.548928 1.821830e+09
   91.363981 1.828267e+09
   91.179034 1.834722e+09
   90.994086 1.841194e+09
   90.809139 1.847681e+09
   90.624192 1.854183e+09
   90.439244 1.860698e+09
   90.254297 1.867226e+09
   90.069350 1.873765e+09
   89.884402 1.880315e+09
   89.699455 1.886876e+09
   89.514508 1.893446e+09
   89.329560 1.900025e+09
   89.144613 1.906612e+09
   88.959666 1.913208e+09
   88.774718 1.919811e+09
   88.589771 1.926422e+09
   88.404824 1.933041e+09
   88.219876 1.939667e+09
   88.034929 1.946300e+09
   87.849982 1.952939e+09
   87.665034 1.959586e+09
   87.480087 1.966239e+09
   87.295140 1.972898e+09
   87.110192 1.979564e+09
   86.925245 1.986235e+09
   86.740298 1.992913e+09
   86.555350 1.999597e+09
   86.370403 2.006286e+09
   86.185456 2.012981e+09
   86.000508 2.019682e+09
   85.815561 2.026387e+09
   85.630614 2.033098e+09
   85.445666 2.039813e+09
   85.260719 2.046533e+09
   85.075772 2.053257e+09
   84.890824 2.059984e+09
   84.705877 2.066715e+09
   84.520930 2.073449e+09
   84.335982 2.080186e+09
   84.151035 2.086924e+09
   83.966088 2.093663e+09
   83.781140 2.100403e+09
   83.596193 2.107142e+09
   83.411246 2.113880e+09
   83.226298 2.120617e+09
   83.041351 2.127350e+09
   82.856404 2.134081e+09
   82.671456 2.140807e+09
   82.486509 2.147527e+09
   82.301562 2.154243e+09
   82.116614 2.160952e+09
   81.931667 2.167654e+09
   81.746720 2.174348e+09
   81.561772 2.181035e+09
   81.376825 2.187713e+09
   81.191878 2.194383e+09
   81.006930 2.201045e+09
   80.821983 2.207698e+09
   80.637036 2.214342e+09
   80.452088 2.220978e+09
   80.267141 2.227606e+09
   80.082194 2.234225e+09
   79.897247 2.240837e+09
   79.712299 2.247442e+09
   79.527352 2.254039e+09
   79.342405 2.260630e+09
   79.157457 2.267215e+09
   78.972510 2.273794e+09
   78.787563 2.280367e+09
   78.602615 2.286935e+09
   78.417668 2.293498e+09
   78.232721 2.300056e+09
   78.047773 2.306609e+09
   77.862826 2.313156e+09
   77.677879 2.319698e+09
   77.492931 2.326233e+09
   77.307984 2.332761e+09
   77.123037 2.339280e+09
   76.938089 2.345789e+09
   76.753142 2.352287e+09
   76.568195 2.358772e+09
   76.383247 2.365241e+09
   76.198300 2.371693e+09
   76.013353 2.378125e+09
   75.828405 2.384534e+09
   75.643458 2.390917e+09
   75.458511 2.397271e+09
   75.273563 2.403593e+09
   75.088616 2.409881e+09
   74.903669 2.416129e+09
   74.718721 2.422336e+09
   74.533774 2.428497e+09
   74.348827 2.434610e+09
   74.163879 2.440670e+09
   73.978932 2.446675e+09
   73.793985 2.452621e+09
   73.609037 2.458506e+09
   73.424090 2.464325e+09
   73.239143 2.470076e+09
   73.054195 2.475757e+09
   72.869248 2.481364e+09
   72.684301 2.486894e+09
   72.499353 2.492347e+09
   72.314406 2.497718e+09
   72.129459 2.503005e+09
   71.944511 2.508207e+09
   71.759564 2.513322e+09
   71.574617 2.518346e+09
   71.389669 2.523279e+09
   71.204722 2.528118e+09
   71.019775 2.532861e+09
   70.834827 2.537506e+09
   70.649880 2.542053e+09
   70.464933 2.546497e+09
   70.279985 2.550839e+09
   70.095038 2.555076e+09
   69.910091 2.559205e+09
   69.725143 2.563226e+09
   69.540196 2.567137e+09
   69.355249 2.570935e+09
   69.170301 2.574620e+09
   68.985354 2.578188e+09
   68.800407 2.581639e+09
   68.615459 2.584972e+09
   68.430512 2.588184e+09
   68.245565 2.591275e+09
   68.060617 2.594243e+09
   67.875670 2.597087e+09
   67.690723 2.599807e+09
   67.505775 2.602402e+09
   67.320828 2.604870e+09
   67.135881 2.607213e+09
   66.950933 2.609430e+09
   66.765986 2.611522e+09
   66.581039 2.613488e+09
   66.396091 2.615329e+09
   66.211144 2.617046e+09
   66.026197 2.618640e+09
   65.841249 2.620112e+09
   65.656302 2.621464e+09
   65.471355 2.622697e+09
   65.286407 2.623813e+09
   65.101460 2.624813e+09
   64.916513 2.625700e+09
   64.731565 2.626475e+09
   64.546618 2.627141e+09
   64.361671 2.627699e+09
   64.176723 2.628152e+09
   63.991776 2.628500e+09
   63.806829 2.628747e+09
   63.621881 2.628894e+09
   63.436934 2.628942e+09
   63.251987 2.628893e+09
   63.067039 2.628749e+09
   62.882092 2.628511e+09
   62.697145 2.628180e+09
   62.512197 2.627757e+09
   62.327250 2.627243e+09
   62.142303 2.626639e+09
   61.957356 2.625945e+09
   61.772408 2.625162e+09
   61.587461 2.624291e+09
   61.402514 2.623331e+09
   61.217566 2.622283e+09
   61.032619 2.621147e+09
   60.847672 2.619923e+09
   60.662724 2.618612e+09
   60.477777 2.617213e+09
   60.292830 2.615726e+09
   60.107882 2.614153e+09
   59.922935 2.612492e+09
   59.737988 2.610745e+09
   59.553040 2.608912e+09
   59.368093 2.606992e+09
   59.183146 2.604988e+09
   58.998198 2.602900e+09
   58.813251 2.600729e+09
   58.628304 2.598476e+09
   58.443356 2.596142e+09
   58.258409 2.593728e+09
   58.073462 2.591237e+09
   57.888514 2.588670e+09
   57.703567 2.586028e+09
   57.518620 2.583314e+09
   57.333672 2.580530e+09
   57.148725 2.577677e+09
   56.963778 2.574757e+09
   56.778830 2.571773e+09
   56.593883 2.568727e+09
   56.408936 2.565620e+09
   56.223988 2.562455e+09
   56.039041 2.559232e+09
   55.854094 2.555955e+09
   55.669146 2.552624e+09
   55.484199 2.549240e+09
   55.299252 2.545806e+09
   55.114304 2.542322e+09
   54.929357 2.538790e+09
   54.744410 2.535209e+09
   54.559462 2.531582e+09
   54.374515 2.527909e+09
   54.189568 2.524190e+09
   54.004620 2.520427e+09
   53.819673 2.516619e+09
   53.634726 2.512768e+09
   53.449778 2.508873e+09
   53.264831 2.504936e+09
   53.079884 2.500957e+09
   52.894936 2.496937e+09
   52.709989 2.492877e+09
   52.525042 2.488777e+09
   52.340094 2.484639e+09
   52.155147 2.480462e+09
   51.970200 2.476250e+09
   51.785252 2.472002e+09
   51.600305 2.467721e+09
   51.415358 2.463407e+09
   51.230410 2.459062e+09
   51.045463 2.454688e+09
   50.860516 2.450286e+09
   50.675568 2.445858e+09
   50.490621 2.441405e+09
   50.305674 2.436930e+09
   50.120726 2.432434e+09
   49.935779 2.427918e+09
   49.750832 2.423384e+09
   49.565884 2.418833e+09
   49.380937 2.414268e+09
   49.195990 2.409689e+09
   49.011042 2.405097e+09
   48.826095 2.400494e+09
   48.641148 2.395881e+09
   48.456200 2.391258e+09
   48.271253 2.386626e+09
   48.086306 2.381985e+09
   47.901358 2.377337e+09
   47.716411 2.372681e+09
   47.531464 2.368017e+09
   47.346516 2.363346e+09
   47.161569 2.358667e+09
   46.976622 2.353980e+09
   46.791674 2.349284e+09
   46.606727 2.344581e+09
   46.421780 2.339868e+09
   46.236832 2.335145e+09
   46.051885 2.330411e+09
   45.866938 2.325667e+09
   45.681990 2.320910e+09
   45.497043 2.316141e+09
   45.312096 2.311359e+09
   45.127148 2.306562e+09
   44.942201 2.301750e+09
   44.757254 2.296922e+09
   44.572306 2.292077e+09
   44.387359 2.287215e+09
   44.202412 2.282334e+09
   44.017465 2.277435e+09
   43.832517 2.272517e+09
   43.647570 2.267579e+09
   43.462623 2.262622e+09
   43.277675 2.257644e+09
   43.092728 2.252645e+09
   42.907781 2.247627e+09
   42.722833 2.242588e+09
   42.537886 2.237529e+09
   42.352939 2.232451e+09
   42.167991 2.227354e+09
   41.983044 2.222238e+09
   41.798097 2.217106e+09
   41.613149 2.211956e+09
   41.428202 2.206792e+09
   41.243255 2.201613e+09
   41.058307 2.196422e+09
   40.873360 2.191219e+09
   40.688413 2.186007e+09
   40.503465 2.180786e+09
   40.318518 2.175559e+09
   40.133571 2.170327e+09
   39.948623 2.165091e+09
   39.763676 2.159854e+09
   39.578729 2.154617e+09
   39.393781 2.149382e+09
   39.208834 2.144149e+09
   39.023887 2.138921e+09
   38.838939 2.133699e+09
   38.653992 2.128483e+09
   38.469045 2.123275e+09
   38.284097 2.118075e+09
   38.099150 2.112885e+09
   37.914203 2.107704e+09
   37.729255 2.102534e+09
   37.544308 2.097374e+09
   37.359361 2.092225e+09
   37.174413 2.087086e+09
   36.989466 2.081958e+09
   36.804519 2.076840e+09
   36.619571 2.071733e+09
   36.434624 2.066636e+09
   36.249677 2.061549e+09
   36.064729 2.056472e+09
   35.879782 2.051404e+09
   35.694835 2.046346e+09
   35.509887 2.041298e+09
   35.324940 2.036260e+09
   35.139993 2.031231e+09
   34.955045 2.026213e+09
   34.770098 2.021206e+09
   34.585151 2.016209e+09
   34.400203 2.011225e+09
   34.215256 2.006252e+09
   34.030309 2.001293e+09
   33.845361 1.996347e+09
   33.660414 1.991417e+09
   33.475467 1.986502e+09
   33.290519 1.981603e+09
   33.105572 1.976722e+09
   32.920625 1.971860e+09
   32.735677 1.967017e+09
   32.550730 1.962194e+09
   32.365783 1.957393e+09
   32.180835 1.952615e+09
   31.995888 1.947860e+09
   31.810941 1.943130e+09
   31.625993 1.938425e+09
   31.441046 1.933745e+09
   31.256099 1.929092e+09
   31.071151 1.924467e+09
   30.886204 1.919869e+09
   30.701257 1.915299e+09
   30.516309 1.910758e+09
   30.331362 1.906245e+09
   30.146415 1.901761e+09
   29.961467 1.897306e+09
   29.776520 1.892879e+09
   29.591573 1.888480e+09
   29.406625 1.884108e+09
   29.221678 1.879764e+09
   29.036731 1.875447e+09
   28.851783 1.871155e+09
   28.666836 1.866889e+09
   28.481889 1.862648e+09
   28.296941 1.858431e+09
   28.111994 1.854237e+09
   27.927047 1.850065e+09
   27.742099 1.845916e+09
   27.557152 1.841787e+09
   27.372205 1.837679e+09
   27.187257 1.833591e+09
   27.002310 1.829522e+09
   26.817363 1.825472e+09
   26.632416 1.821439e+09
   26.447468 1.817425e+09
   26.262521 1.813427e+09
   26.077574 1.809446e+09
   25.892626 1.805481e+09
   25.707679 1.801532e+09
   25.522732 1.797598e+09
   25.337784 1.793679e+09
   25.152837 1.789774e+09
   24.967890 1.785882e+09
   24.782942 1.782004e+09
   24.597995 1.778138e+09
   24.413048 1.774284e+09
   24.228100 1.770443e+09
   24.043153 1.766612e+09
   23.858206 1.762792e+09
   23.673258 1.758983e+09
   23.488311 1.755183e+09
   23.303364 1.751393e+09
   23.118416 1.747612e+09
   22.933469 1.743840e+09
   22.748522 1.740076e+09
   22.563574 1.736320e+09
   22.378627 1.732573e+09
   22.193680 1.728833e+09
   22.008732 1.725102e+09
   21.823785 1.721379e+09
   21.638838 1.717664e+09
   21.453890 1.713958e+09
   21.268943 1.710260e+09
   21.083996 1.706573e+09
   20.899048 1.702895e+09
   20.714101 1.699229e+09
   20.529154 1.695574e+09
   20.344206 1.691931e+09
   20.159259 1.688302e+09
   19.974312 1.684688e+09
   19.789364 1.681090e+09
   19.604417 1.677509e+09
   19.419470 1.673946e+09
   19.234522 1.670404e+09
   19.049575 1.666882e+09
   18.864628 1.663384e+09
   18.679680 1.659909e+09
   18.494733 1.656460e+09
   18.309786 1.653039e+09
   18.124838 1.649646e+09
   17.939891 1.646283e+09
   17.754944 1.642952e+09
   17.569996 1.639653e+09
   17.385049 1.636389e+09
   17.200102 1.633159e+09
   17.015154 1.629966e+09
   16.830207 1.626810e+09
   16.645260 1.623691e+09
   16.460312 1.620611e+09
   16.275365 1.617570e+09
   16.090418 1.614568e+09
   15.905470 1.611605e+09
   15.720523 1.608681e+09
   15.535576 1.605796e+09
   15.350628 1.602949e+09
   15.165681 1.600139e+09
   14.980734 1.597366e+09
   14.795786 1.594628e+09
   14.610839 1.591924e+09
   14.425892 1.589253e+09
   14.240944 1.586612e+09
   14.055997 1.584001e+09
   13.871050 1.581417e+09
   13.686102 1.578859e+09
   13.501155 1.576323e+09
   13.316208 1.573808e+09
   13.131260 1.571313e+09
   12.946313 1.568834e+09
   12.761366 1.566369e+09
   12.576418 1.563917e+09
   12.391471 1.561476e+09
   12.206524 1.559043e+09
   12.021576 1.556618e+09
   11.836629 1.554197e+09
   11.651682 1.551781e+09
   11.466734 1.549367e+09
   11.281787 1.546956e+09
   11.096840 1.544544e+09
   10.911892 1.542133e+09
   10.726945 1.539722e+09
   10.541998 1.537310e+09
   10.357050 1.534897e+09
   10.172103 1.532484e+09
    9.987156 1.530071e+09
    9.802208 1.527657e+09
    9.617261 1.525245e+09
    9.432314 1.522833e+09
    9.247366 1.520424e+09
    9.062419 1.518019e+09
    8.877472 1.515618e+09
    8.692525 1.513222e+09
    8.507577 1.510832e+09
    8.322630 1.508451e+09
    8.137683 1.506078e+09
    7.952735 1.503716e+09
    7.767788 1.501365e+09
    7.582841 1.499027e+09
    7.397893 1.496702e+09
    7.212946 1.494391e+09
    7.027999 1.492096e+09
    6.843051 1.489817e+09
    6.658104 1.487555e+09
    6.473157 1.485309e+09
    6.288209 1.483082e+09
    6.103262 1.480872e+09
    5.918315 1.478679e+09
    5.733367 1.476504e+09
    5.548420 1.474347e+09
    5.363473 1.472206e+09
    5.178525 1.470081e+09
    4.993578 1.467972e+09
    4.808631 1.465879e+09
    4.623683 1.463799e+09
    4.438736 1.461732e+09
    4.253789 1.459678e+09
    4.068841 1.457634e+09
    3.883894 1.455601e+09
    3.698947 1.453577e+09
    3.513999 1.451561e+09
    3.329052 1.449551e+09
    3.144105 1.447548e+09
    2.959157 1.445549e+09
    2.774210 1.443553e+09
    2.589263 1.441561e+09
    2.404315 1.439570e+09
    2.219368 1.437580e+09
    2.034421 1.435589e+09
    1.849473 1.433597e+09
    1.664526 1.431603e+09
    1.479579 1.429606e+09
    1.294631 1.427605e+09
    1.109684 1.425600e+09
    0.924737 1.423589e+09
    0.739789 1.421573e+09
    0.554842 1.419550e+09
    0.369895 1.417520e+09
    0.184947 1.415483e+09
    0.000000 1.413438e+09
   -0.184947 1.411385e+09
   -0.369895 1.409323e+09
   -0.554842 1.407253e+09
   -0.739789 1.405175e+09
   -0.924737 1.403087e+09
   -1.109684 1.400992e+09
   -1.294631 1.398887e+09
   -1.479579 1.396775e+09
   -1.664526 1.394654e+09
   -1.849473 1.392525e+09
   -2.034421 1.390389e+09
   -2.219368 1.388245e+09
   -2.404315 1.386095e+09
   -2.589263 1.383938e+09
   -2.774210 1.381776e+09
   -2.959157 1.379608e+09
   -3.144105 1.377435e+09
   -3.329052 1.375258e+09
   -3.513999 1.373077e+09
   -3.698947 1.370894e+09
   -3.883894 1.368709e+09
   -4.068841 1.366523e+09
   -4.253789 1.364336e+09
   -4.438736 1.362150e+09
   -4.623683 1.359966e+09
   -4.808631 1.357785e+09
   -4.993578 1.355608e+09
   -5.178525 1.353435e+09
   -5.363473 1.351269e+09
   -5.548420 1.349109e+09
   -5.733367 1.346958e+09
   -5.918315 1.344816e+09
   -6.103262 1.342685e+09
   -6.288209 1.340564e+09
   -6.473157 1.338456e+09
   -6.658104 1.336361e+09
   -6.843051 1.334279e+09
   -7.027999 1.332212e+09
   -7.212946 1.330159e+09
   -7.397893 1.328123e+09
   -7.582841 1.326102e+09
   -7.767788 1.324098e+09
   -7.952735 1.322111e+09
   -8.137683 1.320142e+09
   -8.322630 1.318190e+09
   -8.507577 1.316256e+09
   -8.692525 1.314340e+09
   -8.877472 1.312444e+09
   -9.062419 1.310566e+09
   -9.247366 1.308708e+09
   -9.432314 1.306870e+09
   -9.617261 1.305052e+09
   -9.802208 1.303255e+09
   -9.987156 1.301480e+09
  -10.172103 1.299726e+09
  -10.357050 1.297994e+09
  -10.541998 1.296284e+09
  -10.726945 1.294597e+09
  -10.911892 1.292932e+09
  -11.096840 1.291290e+09
  -11.281787 1.289671e+09
  -11.466734 1.288075e+09
  -11.651682 1.286502e+09
  -11.836629 1.284950e+09
  -12.021576 1.283420e+09
  -12.206524 1.281912e+09
  -12.391471 1.280424e+09
  -12.576418 1.278957e+09
  -12.761366 1.277509e+09
  -12.946313 1.276080e+09
  -13.131260 1.274668e+09
  -13.316208 1.273274e+09
  -13.501155 1.271896e+09
  -13.686102 1.270534e+09
  -13.871050 1.269187e+09
  -14.055997 1.267855e+09
  -14.240944 1.266535e+09
  -14.425892 1.265229e+09
  -14.610839 1.263935e+09
  -14.795786 1.262653e+09
  -14.980734 1.261383e+09
  -15.165681 1.260123e+09
  -15.350628 1.258873e+09
  -15.535576 1.257634e+09
  -15.720523 1.256403e+09
  -15.905470 1.255181e+09
  -16.090418 1.253968e+09
  -16.275365 1.252763e+09
  -16.460312 1.251565e+09
  -16.645260 1.250373e+09
  -16.830207 1.249189e+09
  -17.015154 1.248010e+09
  -17.200102 1.246837e+09
  -17.385049 1.245670e+09
  -17.569996 1.244508e+09
  -17.754944 1.243351e+09
  -17.939891 1.242198e+09
  -18.124838 1.241051e+09
  -18.309786 1.239909e+09
  -18.494733 1.238772e+09
  -18.679680 1.237640e+09
  -18.864628 1.236515e+09
  -19.049575 1.235397e+09
  -19.234522 1.234286e+09
  -19.419470 1.233183e+09
  -19.604417 1.232090e+09
  -19.789364 1.231007e+09
  -19.974312 1.229935e+09
  -20.159259 1.228876e+09
  -20.344206 1.227830e+09
  -20.529154 1.226799e+09
  -20.714101 1.225784e+09
  -20.899048 1.224786e+09
  -21.083996 1.223805e+09
  -21.268943 1.222843e+09
  -21.453890 1.221901e+09
  -21.638838 1.220979e+09
  -21.823785 1.220077e+09
  -22.008732 1.219196e+09
  -22.193680 1.218335e+09
  -22.378627 1.217494e+09
  -22.563574 1.216674e+09
  -22.748522 1.215873e+09
  -22.933469 1.215090e+09
  -23.118416 1.214325e+09
  -23.303364 1.213576e+09
  -23.488311 1.212843e+09
  -23.673258 1.212124e+09
  -23.858206 1.211417e+09
  -24.043153 1.210721e+09
  -24.228100 1.210035e+09
  -24.413048 1.209356e+09
  -24.597995 1.208684e+09
  -24.782942 1.208017e+09
  -24.967890 1.207354e+09
  -25.152837 1.206693e+09
  -25.337784 1.206032e+09
  -25.522732 1.205372e+09
  -25.707679 1.204711e+09
  -25.892626 1.204047e+09
  -26.077574 1.203381e+09
  -26.262521 1.202710e+09
  -26.447468 1.202036e+09
  -26.632416 1.201357e+09
  -26.817363 1.200673e+09
  -27.002310 1.199983e+09
  -27.187257 1.199288e+09
  -27.372205 1.198587e+09
  -27.557152 1.197879e+09
  -27.742099 1.197166e+09
  -27.927047 1.196446e+09
  -28.111994 1.195720e+09
  -28.296941 1.194988e+09
  -28.481889 1.194250e+09
  -28.666836 1.193506e+09
  -28.851783 1.192757e+09
  -29.036731 1.192002e+09
  -29.221678 1.191243e+09
  -29.406625 1.190480e+09
  -29.591573 1.189712e+09
  -29.776520 1.188941e+09
  -29.961467 1.188168e+09
  -30.146415 1.187392e+09
  -30.331362 1.186614e+09
  -30.516309 1.185836e+09
  -30.701257 1.185057e+09
  -30.886204 1.184279e+09
  -31.071151 1.183501e+09
  -31.256099 1.182726e+09
  -31.441046 1.181953e+09
  -31.625993 1.181183e+09
  -31.810941 1.180416e+09
  -31.995888 1.179654e+09
  -32.180835 1.178897e+09
  -32.365783 1.178145e+09
  -32.550730 1.177398e+09
  -32.735677 1.176658e+09
  -32.920625 1.175925e+09
  -33.105572 1.175199e+09
  -33.290519 1.174481e+09
  -33.475467 1.173771e+09
  -33.660414 1.173070e+09
  -33.845361 1.172378e+09
  -34.030309 1.171695e+09
  -34.215256 1.171024e+09
  -34.400203 1.170363e+09
  -34.585151 1.169714e+09
  -34.770098 1.169078e+09
  -34.955045 1.168454e+09
  -35.139993 1.167845e+09
  -35.324940 1.167251e+09
  -35.509887 1.166672e+09
  -35.694835 1.166110e+09
  -35.879782 1.165564e+09
  -36.064729 1.165037e+09
  -36.249677 1.164528e+09
  -36.434624 1.164038e+09
  -36.619571 1.163568e+09
  -36.804519 1.163117e+09
  -36.989466 1.162686e+09
  -37.174413 1.162276e+09
  -37.359361 1.161886e+09
  -37.544308 1.161515e+09
  -37.729255 1.161164e+09
  -37.914203 1.160833e+09
  -38.099150 1.160519e+09
  -38.284097 1.160222e+09
  -38.469045 1.159942e+09
  -38.653992 1.159677e+09
  -38.838939 1.159425e+09
  -39.023887 1.159185e+09
  -39.208834 1.158955e+09
  -39.393781 1.158734e+09
  -39.578729 1.158518e+09
  -39.763676 1.158306e+09
  -39.948623 1.158096e+09
  -40.133571 1.157886e+09
  -40.318518 1.157672e+09
  -40.503465 1.157454e+09
  -40.688413 1.157228e+09
  -40.873360 1.156993e+09
  -41.058307 1.156746e+09
  -41.243255 1.156486e+09
  -41.428202 1.156211e+09
  -41.613149 1.155919e+09
  -41.798097 1.155610e+09
  -41.983044 1.155282e+09
  -42.167991 1.154934e+09
  -42.352939 1.154567e+09
  -42.537886 1.154180e+09
  -42.722833 1.153772e+09
  -42.907781 1.153345e+09
  -43.092728 1.152898e+09
  -43.277675 1.152433e+09
  -43.462623 1.151950e+09
  -43.647570 1.151451e+09
  -43.832517 1.150937e+09
  -44.017465 1.150408e+09
  -44.202412 1.149867e+09
  -44.387359 1.149314e+09
  -44.572306 1.148752e+09
  -44.757254 1.148180e+09
  -44.942201 1.147601e+09
  -45.127148 1.147015e+09
  -45.312096 1.146424e+09
  -45.497043 1.145829e+09
  -45.681990 1.145230e+09
  -45.866938 1.144629e+09
  -46.051885 1.144025e+09
  -46.236832 1.143419e+09
  -46.421780 1.142813e+09
  -46.606727 1.142205e+09
  -46.791674 1.141597e+09
  -46.976622 1.140990e+09
  -47.161569 1.140383e+09
  -47.346516 1.139776e+09
  -47.531464 1.139172e+09
  -47.716411 1.138569e+09
  -47.901358 1.137969e+09
  -48.086306 1.137373e+09
  -48.271253 1.136782e+09
  -48.456200 1.136196e+09
  -48.641148 1.135617e+09
  -48.826095 1.135047e+09
  -49.011042 1.134486e+09
  -49.195990 1.133936e+09
  -49.380937 1.133400e+09
  -49.565884 1.132877e+09
  -49.750832 1.132371e+09
  -49.935779 1.131882e+09
  -50.120726 1.131413e+09
  -50.305674 1.130963e+09
  -50.490621 1.130536e+09
  -50.675568 1.130131e+09
  -50.860516 1.129751e+09
  -51.045463 1.129396e+09
  -51.230410 1.129066e+09
  -51.415358 1.128763e+09
  -51.600305 1.128486e+09
  -51.785252 1.128236e+09
  -51.970200 1.128014e+09
  -52.155147 1.127818e+09
  -52.340094 1.127649e+09
  -52.525042 1.127505e+09
  -52.709989 1.127388e+09
  -52.894936 1.127295e+09
  -53.079884 1.127227e+09
  -53.264831 1.127181e+09
  -53.449778 1.127158e+09
  -53.634726 1.127156e+09
  -53.819673 1.127175e+09
  -54.004620 1.127212e+09
  -54.189568 1.127267e+09
  -54.374515 1.127340e+09
  -54.559462 1.127427e+09
  -54.744410 1.127529e+09
  -54.929357 1.127645e+09
  -55.114304 1.127772e+09
  -55.299252 1.127910e+09
  -55.484199 1.128058e+09
  -55.669146 1.128214e+09
  -55.854094 1.128378e+09
  -56.039041 1.128549e+09
  -56.223988 1.128724e+09
  -56.408936 1.128904e+09
  -56.593883 1.129086e+09
  -56.778830 1.129271e+09
  -56.963778 1.129456e+09
  -57.148725 1.129642e+09
  -57.333672 1.129827e+09
  -57.518620 1.130010e+09
  -57.703567 1.130191e+09
  -57.888514 1.130369e+09
  -58.073462 1.130543e+09
  -58.258409 1.130712e+09
  -58.443356 1.130877e+09
  -58.628304 1.131038e+09
  -58.813251 1.131193e+09
  -58.998198 1.131344e+09
  -59.183146 1.131490e+09
  -59.368093 1.131632e+09
  -59.553040 1.131771e+09
  -59.737988 1.131906e+09
  -59.922935 1.132040e+09
  -60.107882 1.132173e+09
  -60.292830 1.132306e+09
  -60.477777 1.132441e+09
  -60.662724 1.132579e+09
  -60.847672 1.132722e+09
  -61.032619 1.132873e+09
  -61.217566 1.133032e+09
  -61.402514 1.133201e+09
  -61.587461 1.133383e+09
  -61.772408 1.133579e+09
  -61.957356 1.133791e+09
  -62.142303 1.134022e+09
  -62.327250 1.134273e+09
  -62.512197 1.134545e+09
  -62.697145 1.134841e+09
  -62.882092 1.135161e+09
  -63.067039 1.135507e+09
  -63.251987 1.135880e+09
  -63.436934 1.136282e+09
  -63.621881 1.136713e+09
  -63.806829 1.137173e+09
  -63.991776 1.137664e+09
  -64.176723 1.138185e+09
  -64.361671 1.138738e+09
  -64.546618 1.139323e+09
  -64.731565 1.139938e+09
  -64.916513 1.140585e+09
  -65.101460 1.141264e+09
  -65.286407 1.141974e+09
  -65.471355 1.142715e+09
  -65.656302 1.143487e+09
  -65.841249 1.144289e+09
  -66.026197 1.145121e+09
  -66.211144 1.145982e+09
  -66.396091 1.146873e+09
  -66.581039 1.147791e+09
  -66.765986 1.148737e+09
  -66.950933 1.149710e+09
  -67.135881 1.150709e+09
  -67.320828 1.151732e+09
  -67.505775 1.152779e+09
  -67.690723 1.153849e+09
  -67.875670 1.154941e+09
  -68.060617 1.156053e+09
  -68.245565 1.157185e+09
  -68.430512 1.158335e+09
  -68.615459 1.159501e+09
  -68.800407 1.160683e+09
  -68.985354 1.161880e+09
  -69.170301 1.163089e+09
  -69.355249 1.164311e+09
  -69.540196 1.165543e+09
  -69.725143 1.166786e+09
  -69.910091 1.168037e+09
  -70.095038 1.169296e+09
  -70.279985 1.170562e+09
  -70.464933 1.171835e+09
  -70.649880 1.173113e+09
  -70.834827 1.174396e+09
  -71.019775 1.175683e+09
  -71.204722 1.176974e+09
  -71.389669 1.178269e+09
  -71.574617 1.179566e+09
  -71.759564 1.180865e+09
  -71.944511 1.182166e+09
  -72.129459 1.183469e+09
  -72.314406 1.184773e+09
  -72.499353 1.186077e+09
  -72.684301 1.187382e+09
  -72.869248 1.188687e+09
  -73.054195 1.189992e+09
  -73.239143 1.191296e+09
  -73.424090 1.192600e+09
  -73.609037 1.193903e+09
  -73.793985 1.195204e+09
  -73.978932 1.196505e+09
  -74.163879 1.197804e+09
  -74.348827 1.199101e+09
  -74.533774 1.200398e+09
  -74.718721 1.201692e+09
  -74.903669 1.202985e+09
  -75.088616 1.204277e+09
  -75.273563 1.205567e+09
  -75.458511 1.206855e+09
  -75.643458 1.208142e+09
  -75.828405 1.209427e+09
  -76.013353 1.210710e+09
  -76.198300 1.211992e+09
  -76.383247 1.213272e+09
  -76.568195 1.214549e+09
  -76.753142 1.215825e+09
  -76.938089 1.217098e+09
  -77.123037 1.218369e+09
  -77.307984 1.219638e+09
  -77.492931 1.220903e+09
  -77.677879 1.222167e+09
  -77.862826 1.223427e+09
  -78.047773 1.224684e+09
  -78.232721 1.225938e+09
  -78.417668 1.227190e+09
  -78.602615 1.228438e+09
  -78.787563 1.229683e+09
  -78.972510 1.230925e+09
  -79.157457 1.232165e+09
  -79.342405 1.233401e+09
  -79.527352 1.234635e+09
  -79.712299 1.235866e+09
  -79.897247 1.237095e+09
  -80.082194 1.238322e+09
  -80.267141 1.239547e+09
  -80.452088 1.240770e+09
  -80.637036 1.241992e+09
  -80.821983 1.243213e+09
  -81.006930 1.244433e+09
  -81.191878 1.245653e+09
  -81.376825 1.246873e+09
  -81.561772 1.248094e+09
  -81.746720 1.249316e+09
  -81.931667 1.250541e+09
  -82.116614 1.251767e+09
  -82.301562 1.252997e+09
  -82.486509 1.254231e+09
  -82.671456 1.255469e+09
  -82.856404 1.256712e+09
  -83.041351 1.257961e+09
  -83.226298 1.259216e+09
  -83.411246 1.260477e+09
  -83.596193 1.261745e+09
  -83.781140 1.263021e+09
  -83.966088 1.264304e+09
  -84.151035 1.265595e+09
  -84.335982 1.266894e+09
  -84.520930 1.268201e+09
  -84.705877 1.269516e+09
  -84.890824 1.270839e+09
  -85.075772 1.272169e+09
  -85.260719 1.273507e+09
  -85.445666 1.274852e+09
  -85.630614 1.276204e+09
  -85.815561 1.277562e+09
  -86.000508 1.278926e+09
  -86.185456 1.280296e+09
  -86.370403 1.281671e+09
  -86.555350 1.283051e+09
  -86.740298 1.284435e+09
  -86.925245 1.285824e+09
  -87.110192 1.287216e+09
  -87.295140 1.288612e+09
  -87.480087 1.290011e+09
  -87.665034 1.291414e+09
  -87.849982 1.292820e+09
  -88.034929 1.294229e+09
  -88.219876 1.295641e+09
  -88.404824 1.297055e+09
  -88.589771 1.298473e+09
  -88.774718 1.299894e+09
  -88.959666 1.301318e+09
  -89.144613 1.302744e+09
  -89.329560 1.304173e+09
  -89.514508 1.305604e+09
  -89.699455 1.307037e+09
  -89.884402 1.308472e+09
  -90.069350 1.309908e+09
  -90.254297 1.311344e+09
  -90.439244 1.312779e+09
  -90.624192 1.314213e+09
  -90.809139 1.315645e+09
  -90.994086 1.317073e+09
  -91.179034 1.318497e+09
  -91.363981 1.319915e+09
  -91.548928 1.321326e+09
  -91.733876 1.322728e+09
  -91.918823 1.324121e+09
  -92.103770 1.325504e+09
  -92.288718 1.326874e+09
  -92.473665 1.328231e+09
  -92.658612 1.329575e+09
  -92.843560 1.330904e+09
  -93.028507 1.332217e+09
  -93.213454 1.333515e+09
  -93.398402 1.334796e+09
  -93.583349 1.336061e+09
  -93.768296 1.337311e+09
  -93.953244 1.338544e+09
  -94.138191 1.339761e+09
  -94.323138 1.340964e+09
  -94.508086 1.342153e+09
  -94.693033 1.343328e+09
  -94.877980 1.344492e+09
  -95.062928 1.345645e+09
  -95.247875 1.346788e+09
  -95.432822 1.347923e+09
  -95.617770 1.349052e+09
  -95.802717 1.350175e+09
  -95.987664 1.351295e+09
  -96.172612 1.352413e+09
  -96.357559 1.353530e+09
  -96.542506 1.354648e+09
  -96.727454 1.355769e+09
  -96.912401 1.356895e+09
  -97.097348 1.358025e+09
  -97.282296 1.359162e+09
  -97.467243 1.360308e+09
  -97.652190 1.361462e+09
  -97.837137 1.362626e+09
  -98.022085 1.363801e+09
  -98.207032 1.364988e+09
  -98.391979 1.366187e+09
  -98.576927 1.367398e+09
  -98.761874 1.368621e+09
  -98.946821 1.369858e+09
  -99.131769 1.371107e+09
  -99.316716 1.372368e+09
  -99.501663 1.373641e+09
  -99.686611 1.374925e+09
  -99.871558 1.376219e+09
 -100.056505 1.377523e+09
 -100.241453 1.378835e+09
 -100.426400 1.380155e+09
 -100.611347 1.381481e+09
 -100.796295 1.382811e+09
 -100.981242 1.384146e+09
 -101.166189 1.385482e+09
 -101.351137 1.386820e+09
 -101.536084 1.388157e+09
 -101.721031 1.389493e+09
 -101.905979 1.390826e+09
 -102.090926 1.392155e+09
 -102.275873 1.393480e+09
 -102.460821 1.394799e+09
 -102.645768 1.396111e+09
 -102.830715 1.397416e+09
 -103.015663 1.398712e+09
 -103.200610 1.400001e+09
 -103.385557 1.401280e+09
 -103.570505 1.402550e+09
 -103.755452 1.403811e+09
 -103.940399 1.405061e+09
 -104.125347 1.406301e+09
 -104.310294 1.407531e+09
 -104.495241 1.408750e+09
 -104.680189 1.409959e+09
 -104.865136 1.411156e+09
 -105.050083 1.412342e+09
 -105.235031 1.413516e+09
 -105.419978 1.414677e+09
 -105.604925 1.415826e+09
 -105.789873 1.416961e+09
 -105.974820 1.418083e+09
 -106.159767 1.419188e+09
 -106.344715 1.420278e+09
 -106.529662 1.421351e+09
 -106.714609 1.422405e+09
 -106.899557 1.423440e+09
 -107.084504 1.424453e+09
 -107.269451 1.425444e+09
 -107.454399 1.426410e+09
 -107.639346 1.427351e+09
 -107.824293 1.428264e+09
 -108.009241 1.429148e+09
 -108.194188 1.430001e+09
 -108.379135 1.430821e+09
 -108.564083 1.431607e+09
 -108.749030 1.432356e+09
 -108.933977 1.433068e+09
 -109.118925 1.433740e+09
 -109.303872 1.434372e+09
 -109.488819 1.434960e+09
 -109.673767 1.435505e+09
 -109.858714 1.436005e+09
 -110.043661 1.436458e+09
 -110.228609 1.436863e+09
 -110.413556 1.437220e+09
 -110.598503 1.437526e+09
 -110.783451 1.437782e+09
 -110.968398 1.437986e+09
 -111.153345 1.438137e+09
 -111.338293 1.438236e+09
 -111.523240 1.438281e+09
 -111.708187 1.438272e+09
 -111.893135 1.438208e+09
 -112.078082 1.438090e+09
 -112.263029 1.437918e+09
 -112.447977 1.437690e+09
 -112.632924 1.437407e+09
 -112.817871 1.437070e+09
 -113.002819 1.436678e+09
 -113.187766 1.436231e+09
 -113.372713 1.435731e+09
 -113.557661 1.435176e+09
 -113.742608 1.434568e+09
 -113.927555 1.433907e+09
 -114.112503 1.433193e+09
 -114.297450 1.432427e+09
 -114.482397 1.431610e+09
 -114.667345 1.430742e+09
 -114.852292 1.429824e+09
 -115.037239 1.428855e+09
 -115.222187 1.427838e+09
 -115.407134 1.426772e+09
 -115.592081 1.425658e+09
 -115.777028 1.424496e+09
 -115.961976 1.423287e+09
 -116.146923 1.422031e+09
 -116.331870 1.420730e+09
 -116.516818 1.419382e+09
 -116.701765 1.417989e+09
 -116.886712 1.416551e+09
 -117.071660 1.415068e+09
 -117.256607 1.413541e+09
 -117.441554 1.411970e+09
 -117.626502 1.410355e+09
 -117.811449 1.408696e+09
 -117.996396 1.406995e+09
 -118.181344 1.405252e+09
 -118.366291 1.403466e+09
 -118.551238 1.401640e+09
 -118.736186 1.399773e+09
 -118.921133 1.397866e+09
 -119.106080 1.395920e+09
 -119.291028 1.393936e+09
 -119.475975 1.391915e+09
 -119.660922 1.389857e+09
 -119.845870 1.387764e+09
 -120.030817 1.385637e+09
 -120.215764 1.383476e+09
 -120.400712 1.381284e+09
 -120.585659 1.379060e+09
 -120.770606 1.376806e+09
 -120.955554 1.374524e+09
 -121.140501 1.372214e+09
 -121.325448 1.369877e+09
 -121.510396 1.367515e+09
 -121.695343 1.365129e+09
 -121.880290 1.362719e+09
 -122.065238 1.360286e+09
 -122.250185 1.357833e+09
 -122.435132 1.355358e+09
 -122.620080 1.352863e+09
 -122.805027 1.350350e+09
 -122.989974 1.347819e+09
 -123.174922 1.345270e+09
 -123.359869 1.342705e+09
 -123.544816 1.340125e+09
 -123.729764 1.337530e+09
 -123.914711 1.334921e+09
 -124.099658 1.332300e+09
 -124.284606 1.329667e+09
 -124.469553 1.327023e+09
 -124.654500 1.324370e+09
 -124.839448 1.321709e+09
 -125.024395 1.319040e+09
 -125.209342 1.316366e+09
 -125.394290 1.313687e+09
 -125.579237 1.311004e+09
 -125.764184 1.308319e+09
 -125.949132 1.305634e+09
 -126.134079 1.302948e+09
 -126.319026 1.300263e+09
 -126.503974 1.297581e+09
 -126.688921 1.294902e+09
 -126.873868 1.292227e+09
 -127.058816 1.289556e+09
 -127.243763 1.286891e+09
 -127.428710 1.284231e+09
 -127.613658 1.281578e+09
 -127.798605 1.278932e+09
 -127.983552 1.276293e+09
 -128.168500 1.273662e+09
 -128.353447 1.271038e+09
 -128.538394 1.268423e+09
 -128.723342 1.265816e+09
 -128.908289 1.263218e+09
 -129.093236 1.260628e+09
 -129.278184 1.258049e+09
 -129.463131 1.255479e+09
 -129.648078 1.252920e+09
 -129.833026 1.250371e+09
 -130.017973 1.247833e+09
 -130.202920 1.245308e+09
 -130.387868 1.242794e+09
 -130.572815 1.240293e+09
 -130.757762 1.237805e+09
 -130.942710 1.235331e+09
 -131.127657 1.232871e+09
 -131.312604 1.230426e+09
 -131.497552 1.227995e+09
 -131.682499 1.225580e+09
 -131.867446 1.223180e+09
 -132.052394 1.220796e+09
 -132.237341 1.218426e+09
 -132.422288 1.216073e+09
 -132.607236 1.213734e+09
 -132.792183 1.211410e+09
 -132.977130 1.209100e+09
 -133.162078 1.206804e+09
 -133.347025 1.204521e+09
 -133.531972 1.202250e+09
 -133.716919 1.199990e+09
 -133.901867 1.197741e+09
 -134.086814 1.195502e+09
 -134.271761 1.193270e+09
 -134.456709 1.191046e+09
 -134.641656 1.188829e+09
 -134.826603 1.186616e+09
 -135.011551 1.184408e+09
 -135.196498 1.182202e+09
 -135.381445 1.179999e+09
 -135.566393 1.177798e+09
 -135.751340 1.175596e+09
 -135.936287 1.173395e+09
 -136.121235 1.171193e+09
 -136.306182 1.168990e+09
 -136.491129 1.166786e+09
 -136.676077 1.164580e+09
 -136.861024 1.162373e+09
 -137.045971 1.160164e+09
 -137.230919 1.157953e+09
 -137.415866 1.155740e+09
 -137.600813 1.153526e+09
 -137.785761 1.151311e+09
 -137.970708 1.149094e+09
 -138.155655 1.146876e+09
 -138.340603 1.144657e+09
 -138.525550 1.142435e+09
 -138.710497 1.140212e+09
 -138.895445 1.137986e+09
 -139.080392 1.135757e+09
 -139.265339 1.133524e+09
 -139.450287 1.131285e+09
 -139.635234 1.129040e+09
 -139.820181 1.126787e+09
 -140.005129 1.124524e+09
 -140.190076 1.122250e+09
 -140.375023 1.119963e+09
 -140.559971 1.117660e+09
 -140.744918 1.115340e+09
 -140.929865 1.113000e+09
 -141.114813 1.110639e+09
 -141.299760 1.108254e+09
 -141.484707 1.105844e+09
 -141.669655 1.103405e+09
 -141.854602 1.100938e+09
 -142.039549 1.098440e+09
 -142.224497 1.095910e+09
 -142.409444 1.093347e+09
 -142.594391 1.090749e+09
 -142.779339 1.088118e+09
 -142.964286 1.085452e+09
 -143.149233 1.082751e+09
 -143.334181 1.080017e+09
 -143.519128 1.077249e+09
 -143.704075 1.074450e+09
 -143.889023 1.071620e+09
 -144.073970 1.068761e+09
 -144.258917 1.065876e+09
 -144.443865 1.062966e+09
 -144.628812 1.060034e+09
 -144.813759 1.057083e+09
 -144.998707 1.054115e+09
 -145.183654 1.051133e+09
 -145.368601 1.048141e+09
 -145.553549 1.045141e+09
 -145.738496 1.042137e+09
 -145.923443 1.039130e+09
 -146.108391 1.036124e+09
 -146.293338 1.033123e+09
 -146.478285 1.030127e+09
 -146.663233 1.027139e+09
 -146.848180 1.024162e+09
 -147.033127 1.021198e+09
 -147.218075 1.018247e+09
 -147.403022 1.015311e+09
 -147.587969 1.012391e+09
 -147.772917 1.009487e+09
 -147.957864 1.006600e+09
 -148.142811 1.003731e+09
 -148.327759 1.000878e+09
 -148.512706 9.980414e+08
 -148.697653 9.952208e+08
 -148.882601 9.924153e+08
 -149.067548 9.896241e+08
 -149.252495 9.868463e+08
 -149.437443 9.840809e+08
 -149.622390 9.813270e+08
 -149.807337 9.785838e+08
 -149.992285 9.758505e+08
 -150.177232 9.731265e+08
 -150.362179 9.704113e+08
 -150.547127 9.677046e+08
 -150.732074 9.650064e+08
 -150.917021 9.623168e+08
 -151.101968 9.596363e+08
 -151.286916 9.569655e+08
 -151.471863 9.543053e+08
 -151.656810 9.516569e+08
 -151.841758 9.490217e+08
 -152.026705 9.464012e+08
 -152.211652 9.437973e+08
 -152.396600 9.412118e+08
 -152.581547 9.386470e+08
 -152.766494 9.361051e+08
 -152.951442 9.335884e+08
 -153.136389 9.310994e+08
 -153.321336 9.286404e+08
 -153.506284 9.262140e+08
 -153.691231 9.238224e+08
 -153.876178 9.214680e+08
 -154.061126 9.191529e+08
 -154.246073 9.168791e+08
 -154.431020 9.146484e+08
 -154.615968 9.124623e+08
 -154.800915 9.103221e+08
 -154.985862 9.082286e+08
 -155.170810 9.061825e+08
 -155.355757 9.041841e+08
 -155.540704 9.022332e+08
 -155.725652 9.003293e+08
 -155.910599 8.984716e+08
 -156.095546 8.966588e+08
 -156.280494 8.948894e+08
 -156.465441 8.931615e+08
 -156.650388 8.914728e+08
 -156.835336 8.898209e+08
 -157.020283 8.882030e+08
 -157.205230 8.866164e+08
 -157.390178 8.850578e+08
 -157.575125 8.835241e+08
 -157.760072 8.820122e+08
 -157.945020 8.805188e+08
 -158.129967 8.790406e+08
 -158.314914 8.775746e+08
 -158.499862 8.761176e+08
 -158.684809 8.746668e+08
 -158.869756 8.732194e+08
 -159.054704 8.717729e+08
 -159.239651 8.703249e+08
 -159.424598 8.688733e+08
 -159.609546 8.674161e+08
 -159.794493 8.659516e+08
 -159.979440 8.644784e+08
 -160.164388 8.629951e+08
 -160.349335 8.615006e+08
 -160.534282 8.599940e+08
 -160.719230 8.584744e+08
 -160.904177 8.569411e+08
 -161.089124 8.553936e+08
 -161.274072 8.538311e+08
 -161.459019 8.522532e+08
 -161.643966 8.506594e+08
 -161.828914 8.490490e+08
 -162.013861 8.474216e+08
 -162.198808 8.457764e+08
 -162.383756 8.441128e+08
 -162.568703 8.424300e+08
 -162.753650 8.407273e+08
 -162.938598 8.390037e+08
 -163.123545 8.372582e+08
 -163.308492 8.354900e+08
 -163.493440 8.336981e+08
 -163.678387 8.318813e+08
 -163.863334 8.300386e+08
 -164.048282 8.281692e+08
 -164.233229 8.262720e+08
 -164.418176 8.243461e+08
 -164.603124 8.223909e+08
 -164.788071 8.204056e+08
 -164.973018 8.183897e+08
 -165.157966 8.163428e+08
 -165.342913 8.142649e+08
 -165.527860 8.121558e+08
 -165.712808 8.100159e+08
 -165.897755 8.078456e+08
 -166.082702 8.056457e+08
 -166.267650 8.034171e+08
 -166.452597 8.011611e+08
 -166.637544 7.988793e+08
 -166.822492 7.965733e+08
 -167.007439 7.942454e+08
 -167.192386 7.918977e+08
 -167.377334 7.895330e+08
 -167.562281 7.871539e+08
 -167.747228 7.847635e+08
 -167.932176 7.823650e+08
 -168.117123 7.799617e+08
 -168.302070 7.775569e+08
 -168.487018 7.751542e+08
 -168.671965 7.727570e+08
 -168.856912 7.703688e+08
 -169.041859 7.679931e+08
 -169.226807 7.656330e+08
 -169.411754 7.632917e+08
 -169.596701 7.609722e+08
 -169.781649 7.586772e+08
 -169.966596 7.564092e+08
 -170.151543 7.541703e+08
 -170.336491 7.519624e+08
 -170.521438 7.497872e+08
 -170.706385 7.476460e+08
 -170.891333 7.455398e+08
 -171.076280 7.434692e+08
 -171.261227 7.414346e+08
 -171.446175 7.394362e+08
 -171.631122 7.374739e+08
 -171.816069 7.355472e+08
 -172.001017 7.336557e+08
 -172.185964 7.317985e+08
 -172.370911 7.299746e+08
 -172.555859 7.281831e+08
 -172.740806 7.264226e+08
 -172.925753 7.246918e+08
 -173.110701 7.229893e+08
 -173.295648 7.213136e+08
 -173.480595 7.196631e+08
 -173.665543 7.180361e+08
 -173.850490 7.164308e+08
 -174.035437 7.148457e+08
 -174.220385 7.132788e+08
 -174.405332 7.117284e+08
 -174.590279 7.101927e+08
 -174.775227 7.086697e+08
 -174.960174 7.071578e+08
 -175.145121 7.056550e+08
 -175.330069 7.041596e+08
 -175.515016 7.026699e+08
 -175.699963 7.011843e+08
 -175.884911 6.997012e+08
 -176.069858 6.982191e+08
 -176.254805 6.967367e+08
 -176.439753 6.952528e+08
 -176.624700 6.937663e+08
 -176.809647 6.922763e+08
 -176.994595 6.907821e+08
 -177.179542 6.892830e+08
 -177.364489 6.877786e+08
 -177.549437 6.862687e+08
 -177.734384 6.847533e+08
 -177.919331 6.832323e+08
 -178.104279 6.817060e+08
 -178.289226 6.801748e+08
 -178.474173 6.786390e+08
 -178.659121 6.770993e+08
 -178.844068 6.755563e+08
 -179.029015 6.740107e+08
 -179.213963 6.724632e+08
 -179.398910 6.709146e+08
 -179.583857 6.693657e+08
 -179.768805 6.678173e+08
 -179.953752 6.662700e+08
 -180.138699 6.647247e+08
 -180.323647 6.631820e+08
 -180.508594 6.616426e+08
 -180.693541 6.601070e+08
 -180.878489 6.585757e+08
 -181.063436 6.570491e+08
 -181.248383 6.555276e+08
 -181.433331 6.540115e+08
 -181.618278 6.525010e+08
 -181.803225 6.509963e+08
 -181.988173 6.494973e+08
 -182.173120 6.480040e+08
 -182.358067 6.465164e+08
 -182.543015 6.450342e+08
 -182.727962 6.435572e+08
 -182.912909 6.420851e+08
 -183.097857 6.406175e+08
 -183.282804 6.391540e+08
 -183.467751 6.376941e+08
 -183.652699 6.362372e+08
 -183.837646 6.347829e+08
 -184.022593 6.333305e+08
 -184.207541 6.318796e+08
 -184.392488 6.304295e+08
 -184.577435 6.289798e+08
 -184.762383 6.275299e+08
 -184.947330 6.260794e+08
 -185.132277 6.246279e+08
 -185.317225 6.231751e+08
 -185.502172 6.217206e+08
 -185.687119 6.202643e+08
 -185.872067 6.188059e+08
 -186.057014 6.173454e+08
 -186.241961 6.158826e+08
 -186.426909 6.144175e+08
 -186.611856 6.129502e+08
 -186.796803 6.114805e+08
 -186.981750 6.100086e+08
 -187.166698 6.085342e+08
 -187.351645 6.070575e+08
 -187.536592 6.055782e+08
 -187.721540 6.040962e+08
 -187.906487 6.026113e+08
 -188.091434 6.011231e+08
 -188.276382 5.996313e+08
 -188.461329 5.981354e+08
 -188.646276 5.966348e+08
 -188.831224 5.951289e+08
 -189.016171 5.936170e+08
 -189.201118 5.920984e+08
 -189.386066 5.905723e+08
 -189.571013 5.890379e+08
 -189.755960 5.874943e+08
 -189.940908 5.859408e+08
 -190.125855 5.843765e+08
 -190.310802 5.828007e+08
 -190.495750 5.812128e+08
 -190.680697 5.796121e+08
 -190.865644 5.779982e+08
 -191.050592 5.763707e+08
 -191.235539 5.747296e+08
 -191.420486 5.730747e+08
 -191.605434 5.714064e+08
 -191.790381 5.697248e+08
 -191.975328 5.680308e+08
 -192.160276 5.663251e+08
 -192.345223 5.646087e+08
 -192.530170 5.628829e+08
 -192.715118 5.611491e+08
 -192.900065 5.594091e+08
 -193.085012 5.576646e+08
 -193.269960 5.559177e+08
 -193.454907 5.541704e+08
 -193.639854 5.524248e+08
 -193.824802 5.506833e+08
 -194.009749 5.489480e+08
 -194.194696 5.472212e+08
 -194.379644 5.455049e+08
 -194.564591 5.438012e+08
 -194.749538 5.421122e+08
 -194.934486 5.404394e+08
 -195.119433 5.387845e+08
 -195.304380 5.371490e+08
 -195.489328 5.355340e+08
 -195.674275 5.339405e+08
 -195.859222 5.323694e+08
 -196.044170 5.308212e+08
 -196.229117 5.292965e+08
 -196.414064 5.277954e+08
 -196.599012 5.263181e+08
 -196.783959 5.248644e+08
 -196.968906 5.234343e+08
 -197.153854 5.220273e+08
 -197.338801 5.206433e+08
 -197.523748 5.192816e+08
 -197.708696 5.179417e+08
 -197.893643 5.166231e+08
 -198.078590 5.153251e+08
 -198.263538 5.140471e+08
 -198.448485 5.127884e+08
 -198.633432 5.115482e+08
 -198.818380 5.103259e+08
 -199.003327 5.091207e+08
 -199.188274 5.079320e+08
 -199.373222 5.067589e+08
 -199.558169 5.056008e+08
 -199.743116 5.044570e+08
 -199.928064 5.033269e+08
 -200.113011 5.022097e+08
 -200.297958 5.011050e+08
 -200.482906 5.000120e+08
 -200.667853 4.989302e+08
 -200.852800 4.978592e+08
 -201.037748 4.967984e+08
 -201.222695 4.957473e+08
 -201.407642 4.947056e+08
 -201.592590 4.936728e+08
 -201.777537 4.926486e+08
 -201.962484 4.916327e+08
 -202.147432 4.906247e+08
 -202.332379 4.896245e+08
 -202.517326 4.886319e+08
 -202.702274 4.876465e+08
 -202.887221 4.866684e+08
 -203.072168 4.856973e+08
 -203.257116 4.847332e+08
 -203.442063 4.837761e+08
 -203.627010 4.828259e+08
 -203.811958 4.818826e+08
 -203.996905 4.809464e+08
 -204.181852 4.800173e+08
 -204.366799 4.790956e+08
 -204.551747 4.781812e+08
 -204.736694 4.772746e+08
 -204.921641 4.763758e+08
 -205.106589 4.754851e+08
 -205.291536 4.746027e+08
 -205.476483 4.737288e+08
 -205.661431 4.728635e+08
 -205.846378 4.720070e+08
 -206.031325 4.711594e+08
 -206.216273 4.703205e+08
 -206.401220 4.694902e+08
 -206.586167 4.686684e+08
 -206.771115 4.678546e+08
 -206.956062 4.670484e+08
 -207.141009 4.662493e+08
 -207.325957 4.654564e+08
 -207.510904 4.646689e+08
 -207.695851 4.638859e+08
 -207.880799 4.631064e+08
 -208.065746 4.623292e+08
 -208.250693 4.615531e+08
 -208.435641 4.607769e+08
 -208.620588 4.599993e+08
 -208.805535 4.592191e+08
 -208.990483 4.584349e+08
 -209.175430 4.576456e+08
 -209.360377 4.568499e+08
 -209.545325 4.560467e+08
 -209.730272 4.552351e+08
 -209.915219 4.544140e+08
 -210.100167 4.535828e+08
 -210.285114 4.527406e+08
 -210.470061 4.518869e+08
 -210.655009 4.510213e+08
 -210.839956 4.501436e+08
 -211.024903 4.492537e+08
 -211.209851 4.483516e+08
 -211.394798 4.474376e+08
 -211.579745 4.465120e+08
 -211.764693 4.455755e+08
 -211.949640 4.446287e+08
 -212.134587 4.436726e+08
 -212.319535 4.427080e+08
 -212.504482 4.417363e+08
 -212.689429 4.407587e+08
 -212.874377 4.397766e+08
 -213.059324 4.387913e+08
 -213.244271 4.378046e+08
 -213.429219 4.368179e+08
 -213.614166 4.358329e+08
 -213.799113 4.348512e+08
 -213.984061 4.338745e+08
 -214.169008 4.329043e+08
 -214.353955 4.319423e+08
 -214.538903 4.309899e+08
 -214.723850 4.300486e+08
 -214.908797 4.291195e+08
 -215.093745 4.282041e+08
 -215.278692 4.273033e+08
 -215.463639 4.264180e+08
 -215.648587 4.255491e+08
 -215.833534 4.246971e+08
 -216.018481 4.238625e+08
 -216.203429 4.230457e+08
 -216.388376 4.222467e+08
 -216.573323 4.214654e+08
 -216.758271 4.207018e+08
 -216.943218 4.199554e+08
 -217.128165 4.192258e+08
 -217.313113 4.185124e+08
 -217.498060 4.178146e+08
 -217.683007 4.171314e+08
 -217.867955 4.164622e+08
 -218.052902 4.158060e+08
 -218.237849 4.151621e+08
 -218.422797 4.145295e+08
 -218.607744 4.139075e+08
 -218.792691 4.132952e+08
 -218.977639 4.126921e+08
 -219.162586 4.120974e+08
 -219.347533 4.115108e+08
 -219.532481 4.109317e+08
 -219.717428 4.103600e+08
 -219.902375 4.097955e+08
 -220.087323 4.092383e+08
 -220.272270 4.086884e+08
 -220.457217 4.081461e+08
 -220.642165 4.076118e+08
 -220.827112 4.070862e+08
 -221.012059 4.065697e+08
 -221.197007 4.060632e+08
 -221.381954 4.055675e+08
 -221.566901 4.050835e+08
 -221.751849 4.046122e+08
 -221.936796 4.041545e+08
 -222.121743 4.037115e+08
 -222.306690 4.032842e+08
 -222.491638 4.028736e+08
 -222.676585 4.024804e+08
 -222.861532 4.021056e+08
 -223.046480 4.017498e+08
 -223.231427 4.014136e+08
 -223.416374 4.010974e+08
 -223.601322 4.008013e+08
 -223.786269 4.005254e+08
 -223.971216 4.002695e+08
 -224.156164 4.000333e+08
 -224.341111 3.998160e+08
 -224.526058 3.996171e+08
 -224.711006 3.994354e+08
 -224.895953 3.992699e+08
 -225.080900 3.991194e+08
 -225.265848 3.989823e+08
 -225.450795 3.988574e+08
 -225.635742 3.987431e+08
 -225.820690 3.986379e+08
 -226.005637 3.985404e+08
 -226.190584 3.984491e+08
 -226.375532 3.983628e+08
 -226.560479 3.982804e+08
 -226.745426 3.982006e+08
 -226.930374 3.981227e+08
 -227.115321 3.980459e+08
 -227.300268 3.979696e+08
 -227.485216 3.978934e+08
 -227.670163 3.978171e+08
 -227.855110 3.977406e+08
 -228.040058 3.976638e+08
 -228.225005 3.975870e+08
 -228.409952 3.975103e+08
 -228.594900 3.974340e+08
 -228.779847 3.973585e+08
 -228.964794 3.972842e+08
 -229.149742 3.972114e+08
 -229.334689 3.971405e+08
 -229.519636 3.970719e+08
 -229.704584 3.970058e+08
 -229.889531 3.969427e+08
 -230.074478 3.968825e+08
 -230.259426 3.968256e+08
 -230.444373 3.967719e+08
 -230.629320 3.967214e+08
 -230.814268 3.966740e+08
 -230.999215 3.966294e+08
 -231.184162 3.965874e+08
 -231.369110 3.965475e+08
 -231.554057 3.965093e+08
 -231.739004 3.964721e+08
 -231.923952 3.964352e+08
 -232.108899 3.963980e+08
 -232.293846 3.963595e+08
 -232.478794 3.963189e+08
 -232.663741 3.962752e+08
 -232.848688 3.962274e+08
 -233.033636 3.961743e+08
 -233.218583 3.961149e+08
 -233.403530 3.960480e+08
 -233.588478 3.959725e+08
 -233.773425 3.958871e+08
 -233.958372 3.957908e+08
 -234.143320 3.956823e+08
 -234.328267 3.955604e+08
 -234.513214 3.954241e+08
 -234.698162 3.952723e+08
 -234.883109 3.951038e+08
 -235.068056 3.949177e+08
 -235.253004 3.947131e+08
 -235.437951 3.944891e+08
 -235.622898 3.942450e+08
 -235.807846 3.939800e+08
 -235.992793 3.936936e+08
 -236.177740 3.933853e+08
 -236.362688 3.930548e+08
 -236.547635 3.927017e+08
 -236.732582 3.923262e+08
 -236.917530 3.919280e+08
 -237.102477 3.915074e+08
 -237.287424 3.910647e+08
 -237.472372 3.906001e+08
 -237.657319 3.901144e+08
 -237.842266 3.896079e+08
 -238.027214 3.890816e+08
 -238.212161 3.885362e+08
 -238.397108 3.879726e+08
 -238.582056 3.873920e+08
 -238.767003 3.867952e+08
 -238.951950 3.861837e+08
 -239.136898 3.855584e+08
 -239.321845 3.849209e+08
 -239.506792 3.842723e+08
 -239.691740 3.836142e+08
 -239.876687 3.829478e+08
 -240.061634 3.822748e+08
 -240.246581 3.815966e+08
 -240.431529 3.809148e+08
 -240.616476 3.802310e+08
 -240.801423 3.795467e+08
 -240.986371 3.788637e+08
 -241.171318 3.781836e+08
 -241.356265 3.775080e+08
 -241.541213 3.768386e+08
 -241.726160 3.761771e+08
 -241.911107 3.755250e+08
 -242.096055 3.748838e+08
 -242.281002 3.742552e+08
 -242.465949 3.736405e+08
 -242.650897 3.730409e+08
 -242.835844 3.724576e+08
 -243.020791 3.718915e+08
 -243.205739 3.713434e+08
 -243.390686 3.708139e+08
 -243.575633 3.703032e+08
 -243.760581 3.698114e+08
 -243.945528 3.693383e+08
 -244.130475 3.688835e+08
 -244.315423 3.684462e+08
 -244.500370 3.680254e+08
 -244.685317 3.676198e+08
 -244.870265 3.672278e+08
 -245.055212 3.668476e+08
 -245.240159 3.664774e+08
 -245.425107 3.661150e+08
 -245.610054 3.657579e+08
 -245.795001 3.654038e+08
 -245.979949 3.650501e+08
 -246.164896 3.646943e+08
 -246.349843 3.643337e+08
 -246.534791 3.639658e+08
 -246.719738 3.635880e+08
 -246.904685 3.631979e+08
 -247.089633 3.627931e+08
 -247.274580 3.623716e+08
 -247.459527 3.619311e+08
 -247.644475 3.614701e+08
 -247.829422 3.609867e+08
 -248.014369 3.604796e+08
 -248.199317 3.599476e+08
 -248.384264 3.593898e+08
 -248.569211 3.588052e+08
 -248.754159 3.581935e+08
 -248.939106 3.575542e+08
 -249.124053 3.568871e+08
 -249.309001 3.561923e+08
 -249.493948 3.554698e+08
 -249.678895 3.547200e+08
 -249.863843 3.539431e+08
 -250.048790 3.531397e+08
 -250.233737 3.523104e+08
 -250.418685 3.514557e+08
 -250.603632 3.505763e+08
 -250.788579 3.496730e+08
 -250.973527 3.487465e+08
 -251.158474 3.477976e+08
 -251.343421 3.468273e+08
 -251.528369 3.458364e+08
 -251.713316 3.448260e+08
 -251.898263 3.437969e+08
 -252.083211 3.427504e+08
 -252.268158 3.416876e+08
 -252.453105 3.406096e+08
 -252.638053 3.395178e+08
 -252.823000 3.384136e+08
 -253.007947 3.372982e+08
 -253.192895 3.361733e+08
 -253.377842 3.350403e+08
 -253.562789 3.339009e+08
 -253.747737 3.327565e+08
 -253.932684 3.316089e+08
 -254.117631 3.304597e+08
 -254.302579 3.293106e+08
 -254.487526 3.281630e+08
 -254.672473 3.270188e+08
 -254.857421 3.258793e+08
 -255.042368 3.247462e+08
 -255.227315 3.236208e+08
 -255.412263 3.225045e+08
 -255.597210 3.213986e+08
 -255.782157 3.203043e+08
 -255.967105 3.192226e+08
 -256.152052 3.181545e+08
 -256.336999 3.171009e+08
 -256.521947 3.160624e+08
 -256.706894 3.150397e+08
 -256.891841 3.140330e+08
 -257.076789 3.130429e+08
 -257.261736 3.120693e+08
 -257.446683 3.111123e+08
 -257.631630 3.101717e+08
 -257.816578 3.092474e+08
 -258.001525 3.083388e+08
 -258.186472 3.074455e+08
 -258.371420 3.065668e+08
 -258.556367 3.057022e+08
 -258.741314 3.048507e+08
 -258.926262 3.040115e+08
 -259.111209 3.031840e+08
 -259.296156 3.023671e+08
 -259.481104 3.015602e+08
 -259.666051 3.007625e+08
 -259.850998 2.999733e+08
 -260.035946 2.991920e+08
 -260.220893 2.984183e+08
 -260.405840 2.976518e+08
 -260.590788 2.968923e+08
 -260.775735 2.961400e+08
 -260.960682 2.953948e+08
 -261.145630 2.946571e+08
 -261.330577 2.939272e+08
 -261.515524 2.932058e+08
 -261.700472 2.924933e+08
 -261.885419 2.917905e+08
 -262.070366 2.910981e+08
 -262.255314 2.904166e+08
 -262.440261 2.897467e+08
 -262.625208 2.890891e+08
 -262.810156 2.884441e+08
 -262.995103 2.878123e+08
 -263.180050 2.871938e+08
 -263.364998 2.865888e+08
 -263.549945 2.859973e+08
 -263.734892 2.854192e+08
 -263.919840 2.848543e+08
 -264.104787 2.843023e+08
 -264.289734 2.837628e+08
 -264.474682 2.832354e+08
 -264.659629 2.827197e+08
 -264.844576 2.822153e+08
 -265.029524 2.817217e+08
 -265.214471 2.812388e+08
 -265.399418 2.807662e+08
 -265.584366 2.803039e+08
 -265.769313 2.798519e+08
 -265.954260 2.794103e+08
 -266.139208 2.789793e+08
 -266.324155 2.785594e+08
 -266.509102 2.781509e+08
 -266.694050 2.777545e+08
 -266.878997 2.773707e+08
 -267.063944 2.770001e+08
 -267.248892 2.766435e+08
 -267.433839 2.763014e+08
 -267.618786 2.759744e+08
 -267.803734 2.756630e+08
 -267.988681 2.753675e+08
 -268.173628 2.750883e+08
 -268.358576 2.748253e+08
 -268.543523 2.745785e+08
 -268.728470 2.743477e+08
 -268.913418 2.741324e+08
 -269.098365 2.739320e+08
 -269.283312 2.737458e+08
 -269.468260 2.735728e+08
 -269.653207 2.734120e+08
 -269.838154 2.732623e+08
 -270.023102 2.731223e+08
 -270.208049 2.729909e+08
 -270.392996 2.728667e+08
 -270.577944 2.727484e+08
 -270.762891 2.726349e+08
 -270.947838 2.725249e+08
 -271.132786 2.724173e+08
 -271.317733 2.723113e+08
 -271.502680 2.722059e+08
 -271.687628 2.721005e+08
 -271.872575 2.719946e+08
 -272.057522 2.718879e+08
 -272.242470 2.717801e+08
 -272.427417 2.716712e+08
 -272.612364 2.715614e+08
 -272.797312 2.714508e+08
 -272.982259 2.713400e+08
 -273.167206 2.712292e+08
 -273.352154 2.711191e+08
 -273.537101 2.710103e+08
 -273.722048 2.709034e+08
 -273.906996 2.707990e+08
 -274.091943 2.706978e+08
 -274.276890 2.706003e+08
 -274.461838 2.705072e+08
 -274.646785 2.704187e+08
 -274.831732 2.703354e+08
 -275.016680 2.702575e+08
 -275.201627 2.701851e+08
 -275.386574 2.701182e+08
 -275.571521 2.700567e+08
 -275.756469 2.700005e+08
 -275.941416 2.699491e+08
 -276.126363 2.699021e+08
 -276.311311 2.698588e+08
 -276.496258 2.698188e+08
 -276.681205 2.697811e+08
 -276.866153 2.697449e+08
 -277.051100 2.697094e+08
 -277.236047 2.696737e+08
 -277.420995 2.696369e+08
 -277.605942 2.695979e+08
 -277.790889 2.695559e+08
 -277.975837 2.695099e+08
 -278.160784 2.694591e+08
 -278.345731 2.694027e+08
 -278.530679 2.693398e+08
 -278.715626 2.692697e+08
 -278.900573 2.691917e+08
 -279.085521 2.691053e+08
 -279.270468 2.690097e+08
 -279.455415 2.689045e+08
 -279.640363 2.687892e+08
 -279.825310 2.686634e+08
 -280.010257 2.685265e+08
 -280.195205 2.683781e+08
 -280.380152 2.682179e+08
 -280.565099 2.680453e+08
 -280.750047 2.678600e+08
 -280.934994 2.676615e+08
 -281.119941 2.674491e+08
 -281.304889 2.672224e+08
 -281.489836 2.669806e+08
 -281.674783 2.667232e+08
 -281.859731 2.664495e+08
 -282.044678 2.661586e+08
 -282.229625 2.658497e+08
 -282.414573 2.655221e+08
 -282.599520 2.651749e+08
 -282.784467 2.648073e+08
 -282.969415 2.644187e+08
 -283.154362 2.640082e+08
 -283.339309 2.635753e+08
 -283.524257 2.631195e+08
 -283.709204 2.626405e+08
 -283.894151 2.621380e+08
 -284.079099 2.616120e+08
 -284.264046 2.610627e+08
 -284.448993 2.604904e+08
 -284.633941 2.598957e+08
 -284.818888 2.592793e+08
 -285.003835 2.586424e+08
 -285.188783 2.579859e+08
 -285.373730 2.573113e+08
 -285.558677 2.566202e+08
 -285.743625 2.559141e+08
 -285.928572 2.551949e+08
 -286.113519 2.544646e+08
 -286.298467 2.537250e+08
 -286.483414 2.529782e+08
 -286.668361 2.522263e+08
 -286.853309 2.514712e+08
 -287.038256 2.507150e+08
 -287.223203 2.499595e+08
 -287.408151 2.492067e+08
 -287.593098 2.484582e+08
 -287.778045 2.477157e+08
 -287.962993 2.469807e+08
 -288.147940 2.462545e+08
 -288.332887 2.455384e+08
 -288.517835 2.448335e+08
 -288.702782 2.441407e+08
 -288.887729 2.434610e+08
 -289.072677 2.427952e+08
 -289.257624 2.421439e+08
 -289.442571 2.415078e+08
 -289.627519 2.408875e+08
 -289.812466 2.402835e+08
 -289.997413 2.396964e+08
 -290.182361 2.391268e+08
 -290.367308 2.385751e+08
 -290.552255 2.380420e+08
 -290.737203 2.375280e+08
 -290.922150 2.370338e+08
 -291.107097 2.365600e+08
 -291.292045 2.361074e+08
 -291.476992 2.356765e+08
 -291.661939 2.352683e+08
 -291.846887 2.348833e+08
 -292.031834 2.345224e+08
 -292.216781 2.341862e+08
 -292.401729 2.338755e+08
 -292.586676 2.335908e+08
 -292.771623 2.333327e+08
 -292.956571 2.331019e+08
 -293.141518 2.328987e+08
 -293.326465 2.327234e+08
 -293.511412 2.325764e+08
 -293.696360 2.324576e+08
 -293.881307 2.323673e+08
 -294.066254 2.323052e+08
 -294.251202 2.322711e+08
 -294.436149 2.322648e+08
 -294.621096 2.322856e+08
 -294.806044 2.323332e+08
 -294.990991 2.324066e+08
 -295.175938 2.325052e+08
 -295.360886 2.326281e+08
 -295.545833 2.327742e+08
 -295.730780 2.329425e+08
 -295.915728 2.331318e+08
 -296.100675 2.333409e+08
 -296.285622 2.335685e+08
 -296.470570 2.338132e+08
 -296.655517 2.340737e+08
 -296.840464 2.343483e+08
 -297.025412 2.346356e+08
 -297.210359 2.349341e+08
 -297.395306 2.352419e+08
 -297.580254 2.355576e+08
 -297.765201 2.358792e+08
 -297.950148 2.362050e+08
 -298.135096 2.365332e+08
 -298.320043 2.368618e+08
 -298.504990 2.371888e+08
 -298.689938 2.375124e+08
 -298.874885 2.378305e+08
 -299.059832 2.381409e+08
 -299.244780 2.384418e+08
 -299.429727 2.387310e+08
 -299.614674 2.390065e+08
 -299.799622 2.392663e+08
 -299.984569 2.395084e+08
 -300.169516 2.397309e+08
 -300.354464 2.399320e+08
 -300.539411 2.401099e+08
 -300.724358 2.402630e+08
 -300.909306 2.403898e+08
 -301.094253 2.404889e+08
 -301.279200 2.405591e+08
 -301.464148 2.405993e+08
 -301.649095 2.406087e+08
 -301.834042 2.405866e+08
 -302.018990 2.405326e+08
 -302.203937 2.404462e+08
 -302.388884 2.403276e+08
 -302.573832 2.401766e+08
 -302.758779 2.399939e+08
 -302.943726 2.397797e+08
 -303.128674 2.395349e+08
 -303.313621 2.392602e+08
 -303.498568 2.389569e+08
 -303.683516 2.386259e+08
 -303.868463 2.382687e+08
 -304.053410 2.378866e+08
 -304.238358 2.374811e+08
 -304.423305 2.370537e+08
 -304.608252 2.366060e+08
 -304.793200 2.361395e+08
 -304.978147 2.356559e+08
 -305.163094 2.351568e+08
 -305.348042 2.346435e+08
 -305.532989 2.341177e+08
 -305.717936 2.335806e+08
 -305.902884 2.330337e+08
 -306.087831 2.324782e+08
 -306.272778 2.319153e+08
 -306.457726 2.313461e+08
 -306.642673 2.307717e+08
 -306.827620 2.301931e+08
 -307.012568 2.296112e+08
 -307.197515 2.290270e+08
 -307.382462 2.284413e+08
 -307.567410 2.278549e+08
 -307.752357 2.272686e+08
 -307.937304 2.266832e+08
 -308.122252 2.260994e+08
 -308.307199 2.255179e+08
 -308.492146 2.249394e+08
 -308.677094 2.243644e+08
 -308.862041 2.237936e+08
 -309.046988 2.232275e+08
 -309.231936 2.226664e+08
 -309.416883 2.221108e+08
 -309.601830 2.215608e+08
 -309.786778 2.210167e+08
 -309.971725 2.204784e+08
 -310.156672 2.199459e+08
 -310.341620 2.194190e+08
 -310.526567 2.188974e+08
 -310.711514 2.183806e+08
 -310.896461 2.178681e+08
 -311.081409 2.173592e+08
 -311.266356 2.168533e+08
 -311.451303 2.163495e+08
 -311.636251 2.158470e+08
 -311.821198 2.153449e+08
 -312.006145 2.148421e+08
 -312.191093 2.143379e+08
 -312.376040 2.138312e+08
 -312.560987 2.133211e+08
 -312.745935 2.128068e+08
 -312.930882 2.122876e+08
 -313.115829 2.117626e+08
 -313.300777 2.112312e+08
 -313.485724 2.106929e+08
 -313.670671 2.101473e+08
 -313.855619 2.095941e+08
 -314.040566 2.090329e+08
 -314.225513 2.084637e+08
 -314.410461 2.078866e+08
 -314.595408 2.073016e+08
 -314.780355 2.067089e+08
 -314.965303 2.061089e+08
 -315.150250 2.055019e+08
 -315.335197 2.048884e+08
 -315.520145 2.042689e+08
 -315.705092 2.036440e+08
 -315.890039 2.030143e+08
 -316.074987 2.023805e+08
 -316.259934 2.017432e+08
 -316.444881 2.011032e+08
 -316.629829 2.004611e+08
 -316.814776 1.998175e+08
 -316.999723 1.991732e+08
 -317.184671 1.985288e+08
 -317.369618 1.978849e+08
 -317.554565 1.972422e+08
 -317.739513 1.966012e+08
 -317.924460 1.959627e+08
 -318.109407 1.953271e+08
 -318.294355 1.946950e+08
 -318.479302 1.940671e+08
 -318.664249 1.934438e+08
 -318.849197 1.928258e+08
 -319.034144 1.922135e+08
 -319.219091 1.916077e+08
 -319.404039 1.910088e+08
 -319.588986 1.904173e+08
 -319.773933 1.898339e+08
 -319.958881 1.892591e+08
 -320.143828 1.886933e+08
 -320.328775 1.881371e+08
 -320.513723 1.875909e+08
 -320.698670 1.870551e+08
 -320.883617 1.865302e+08
 -321.068565 1.860164e+08
 -321.253512 1.855140e+08
 -321.438459 1.850231e+08
 -321.623407 1.845440e+08
 -321.808354 1.840766e+08
 -321.993301 1.836210e+08
 -322.178249 1.831770e+08
 -322.363196 1.827445e+08
 -322.548143 1.823233e+08
 -322.733091 1.819131e+08
 -322.918038 1.815137e+08
 -323.102985 1.811246e+08
 -323.287933 1.807455e+08
 -323.472880 1.803761e+08
 -323.657827 1.800158e+08
 -323.842775 1.796644e+08
 -324.027722 1.793214e+08
 -324.212669 1.789863e+08
 -324.397617 1.786588e+08
 -324.582564 1.783384e+08
 -324.767511 1.780247e+08
 -324.952459 1.777171e+08
 -325.137406 1.774151e+08
 -325.322353 1.771181e+08
 -325.507301 1.768255e+08
 -325.692248 1.765365e+08
 -325.877195 1.762504e+08
 -326.062143 1.759661e+08
 -326.247090 1.756829e+08
 -326.432037 1.753995e+08
 -326.616985 1.751150e+08
 -326.801932 1.748280e+08
 -326.986879 1.745374e+08
 -327.171827 1.742419e+08
 -327.356774 1.739402e+08
 -327.541721 1.736310e+08
 -327.726669 1.733131e+08
 -327.911616 1.729853e+08
 -328.096563 1.726464e+08
 -328.281511 1.722954e+08
 -328.466458 1.719314e+08
 -328.651405 1.715536e+08
 -328.836352 1.711612e+08
 -329.021300 1.707540e+08
 -329.206247 1.703313e+08
 -329.391194 1.698932e+08
 -329.576142 1.694395e+08
 -329.761089 1.689705e+08
 -329.946036 1.684864e+08
 -330.130984 1.679878e+08
 -330.315931 1.674752e+08
 -330.500878 1.669495e+08
 -330.685826 1.664115e+08
 -330.870773 1.658622e+08
 -331.055720 1.653027e+08
 -331.240668 1.647341e+08
 -331.425615 1.641578e+08
 -331.610562 1.635748e+08
 -331.795510 1.629866e+08
 -331.980457 1.623943e+08
 -332.165404 1.617992e+08
 -332.350352 1.612026e+08
 -332.535299 1.606056e+08
 -332.720246 1.600095e+08
 -332.905194 1.594153e+08
 -333.090141 1.588241e+08
 -333.275088 1.582369e+08
 -333.460036 1.576547e+08
 -333.644983 1.570786e+08
 -333.829930 1.565093e+08
 -334.014878 1.559478e+08
 -334.199825 1.553951e+08
 -334.384772 1.548520e+08
 -334.569720 1.543196e+08
 -334.754667 1.537986e+08
 -334.939614 1.532900e+08
 -335.124562 1.527949e+08
 -335.309509 1.523141e+08
 -335.494456 1.518487e+08
 -335.679404 1.513994e+08
 -335.864351 1.509673e+08
 -336.049298 1.505532e+08
 -336.234246 1.501578e+08
 -336.419193 1.497818e+08
 -336.604140 1.494259e+08
 -336.789088 1.490903e+08
 -336.974035 1.487755e+08
 -337.158982 1.484816e+08
 -337.343930 1.482084e+08
 -337.528877 1.479559e+08
 -337.713824 1.477237e+08
 -337.898772 1.475111e+08
 -338.083719 1.473174e+08
 -338.268666 1.471418e+08
 -338.453614 1.469831e+08
 -338.638561 1.468402e+08
 -338.823508 1.467117e+08
 -339.008456 1.465963e+08
 -339.193403 1.464924e+08
 -339.378350 1.463985e+08
 -339.563298 1.463129e+08
 -339.748245 1.462342e+08
 -339.933192 1.461606e+08
 -340.118140 1.460906e+08
 -340.303087 1.460228e+08
 -340.488034 1.459556e+08
 -340.672982 1.458878e+08
 -340.857929 1.458181e+08
 -341.042876 1.457454e+08
 -341.227824 1.456688e+08
 -341.412771 1.455874e+08
 -341.597718 1.455006e+08
 -341.782666 1.454078e+08
 -341.967613 1.453087e+08
 -342.152560 1.452031e+08
 -342.337508 1.450910e+08
 -342.522455 1.449725e+08
 -342.707402 1.448477e+08
 -342.892350 1.447172e+08
 -343.077297 1.445812e+08
 -343.262244 1.444404e+08
 -343.447192 1.442953e+08
 -343.632139 1.441467e+08
 -343.817086 1.439952e+08
 -344.002034 1.438415e+08
 -344.186981 1.436862e+08
 -344.371928 1.435302e+08
 -344.556876 1.433739e+08
 -344.741823 1.432179e+08
 -344.926770 1.430628e+08
 -345.111718 1.429090e+08
 -345.296665 1.427569e+08
 -345.481612 1.426067e+08
 -345.666560 1.424587e+08
 -345.851507 1.423130e+08
 -346.036454 1.421697e+08
 -346.221402 1.420287e+08
 -346.406349 1.418900e+08
 -346.591296 1.417533e+08
 -346.776243 1.416183e+08
 -346.961191 1.414849e+08
 -347.146138 1.413525e+08
 -347.331085 1.412209e+08
 -347.516033 1.410894e+08
 -347.700980 1.409576e+08
 -347.885927 1.408250e+08
 -348.070875 1.406910e+08
 -348.255822 1.405551e+08
 -348.440769 1.404168e+08
 -348.625717 1.402755e+08
 -348.810664 1.401307e+08
 -348.995611 1.399821e+08
 -349.180559 1.398293e+08
 -349.365506 1.396719e+08
 -349.550453 1.395098e+08
 -349.735401 1.393426e+08
 -349.920348 1.391705e+08
 -350.105295 1.389933e+08
 -350.290243 1.388110e+08
 -350.475190 1.386238e+08
 -350.660137 1.384319e+08
 -350.845085 1.382355e+08
 -351.030032 1.380349e+08
 -351.214979 1.378303e+08
 -351.399927 1.376220e+08
 -351.584874 1.374105e+08
 -351.769821 1.371960e+08
 -351.954769 1.369789e+08
 -352.139716 1.367596e+08
 -352.324663 1.365383e+08
 -352.509611 1.363154e+08
 -352.694558 1.360911e+08
 -352.879505 1.358658e+08
 -353.064453 1.356397e+08
 -353.249400 1.354131e+08
 -353.434347 1.351862e+08
 -353.619295 1.349594e+08
 -353.804242 1.347327e+08
 -353.989189 1.345065e+08
 -354.174137 1.342810e+08
 -354.359084 1.340565e+08
 -354.544031 1.338330e+08
 -354.728979 1.336109e+08
 -354.913926 1.333904e+08
 -355.098873 1.331716e+08
 -355.283821 1.329547e+08
 -355.468768 1.327397e+08
 -355.653715 1.325269e+08
 -355.838663 1.323161e+08
 -356.023610 1.321075e+08
 -356.208557 1.319009e+08
 -356.393505 1.316963e+08
 -356.578452 1.314934e+08
 -356.763399 1.312920e+08
 -356.948347 1.310920e+08
 -357.133294 1.308928e+08
 -357.318241 1.306944e+08
 -357.503189 1.304961e+08
 -357.688136 1.302978e+08
 -357.873083 1.300988e+08
 -358.058031 1.298989e+08
 -358.242978 1.296977e+08
 -358.427925 1.294948e+08
 -358.612873 1.292898e+08
 -358.797820 1.290824e+08
 -358.982767 1.288724e+08
 -359.167715 1.286595e+08
 -359.352662 1.284436e+08
 -359.537609 1.282244e+08
 -359.722557 1.280020e+08
 -359.907504 1.277761e+08
 -360.092451 1.275467e+08
 -360.277399 1.273138e+08
 -360.462346 1.270773e+08
 -360.647293 1.268371e+08
 -360.832241 1.265932e+08
 -361.017188 1.263454e+08
 -361.202135 1.260936e+08
 -361.387083 1.258377e+08
 -361.572030 1.255773e+08
 -361.756977 1.253124e+08
 -361.941925 1.250425e+08
 -362.126872 1.247674e+08
 -362.311819 1.244867e+08
 -362.496767 1.242001e+08
 -362.681714 1.239073e+08
 -362.866661 1.236080e+08
 -363.051609 1.233017e+08
 -363.236556 1.229884e+08
 -363.421503 1.226677e+08
 -363.606451 1.223394e+08
 -363.791398 1.220036e+08
 -363.976345 1.216599e+08
 -364.161292 1.213086e+08
 -364.346240 1.209496e+08
 -364.531187 1.205831e+08
 -364.716134 1.202091e+08
 -364.901082 1.198280e+08
 -365.086029 1.194399e+08
 -365.270976 1.190451e+08
 -365.455924 1.186440e+08
 -365.640871 1.182369e+08
 -365.825818 1.178241e+08
 -366.010766 1.174060e+08
 -366.195713 1.169830e+08
 -366.380660 1.165556e+08
 -366.565608 1.161241e+08
 -366.750555 1.156890e+08
 -366.935502 1.152508e+08
 -367.120450 1.148098e+08
 -367.305397 1.143668e+08
 -367.490344 1.139221e+08
 -367.675292 1.134764e+08
 -367.860239 1.130302e+08
 -368.045186 1.125842e+08
 -368.230134 1.121390e+08
 -368.415081 1.116952e+08
 -368.600028 1.112536e+08
 -368.784976 1.108148e+08
 -368.969923 1.103797e+08
 -369.154870 1.099490e+08
 -369.339818 1.095234e+08
 -369.524765 1.091036e+08
 -369.709712 1.086905e+08
 -369.894660 1.082848e+08
 -370.079607 1.078872e+08
 -370.264554 1.074985e+08
 -370.449502 1.071193e+08
 -370.634449 1.067504e+08
 -370.819396 1.063922e+08
 -371.004344 1.060456e+08
 -371.189291 1.057111e+08
 -371.374238 1.053893e+08
 -371.559186 1.050806e+08
 -371.744133 1.047858e+08
 -371.929080 1.045052e+08
 -372.114028 1.042395e+08
 -372.298975 1.039892e+08
 -372.483922 1.037548e+08
 -372.668870 1.035369e+08
 -372.853817 1.033362e+08
 -373.038764 1.031532e+08
 -373.223712 1.029887e+08
 -373.408659 1.028434e+08
 -373.593606 1.027179e+08
 -373.778554 1.026132e+08
 -373.963501 1.025299e+08
 -374.148448 1.024690e+08
 -374.333396 1.024313e+08
 -374.518343 1.024175e+08
 -374.703290 1.024286e+08
 -374.888238 1.024654e+08
 -375.073185 1.025284e+08
 -375.258132 1.026186e+08
 -375.443080 1.027363e+08
 -375.628027 1.028822e+08
 -375.812974 1.030566e+08
 -375.997922 1.032599e+08
 -376.182869 1.034920e+08
 -376.367816 1.037531e+08
 -376.552764 1.040428e+08
 -376.737711 1.043610e+08
 -376.922658 1.047072e+08
 -377.107606 1.050806e+08
 -377.292553 1.054805e+08
 -377.477500 1.059060e+08
 -377.662448 1.063560e+08
 -377.847395 1.068292e+08
 -378.032342 1.073244e+08
 -378.217290 1.078400e+08
 -378.402237 1.083746e+08
 -378.587184 1.089263e+08
 -378.772132 1.094935e+08
 -378.957079 1.100743e+08
 -379.142026 1.106666e+08
 -379.326974 1.112685e+08
 -379.511921 1.118776e+08
 -379.696868 1.124920e+08
 -379.881816 1.131091e+08
 -380.066763 1.137266e+08
 -380.251710 1.143420e+08
 -380.436658 1.149529e+08
 -380.621605 1.155566e+08
 -380.806552 1.161506e+08
 -380.991500 1.167323e+08
 -381.176447 1.172991e+08
 -381.361394 1.178484e+08
 -381.546342 1.183778e+08
 -381.731289 1.188850e+08
 -381.916236 1.193675e+08
 -382.101183 1.198233e+08
 -382.286131 1.202503e+08
 -382.471078 1.206469e+08
 -382.656025 1.210114e+08
 -382.840973 1.213424e+08
 -383.025920 1.216389e+08
 -383.210867 1.218999e+08
 -383.395815 1.221250e+08
 -383.580762 1.223138e+08
 -383.765709 1.224662e+08
 -383.950657 1.225824e+08
 -384.135604 1.226631e+08
 -384.320551 1.227088e+08
 -384.505499 1.227207e+08
 -384.690446 1.227000e+08
 -384.875393 1.226480e+08
 -385.060341 1.225664e+08
 -385.245288 1.224571e+08
 -385.430235 1.223219e+08
 -385.615183 1.221630e+08
 -385.800130 1.219826e+08
 -385.985077 1.217829e+08
 -386.170025 1.215662e+08
 -386.354972 1.213348e+08
 -386.539919 1.210912e+08
 -386.724867 1.208375e+08
 -386.909814 1.205762e+08
 -387.094761 1.203094e+08
 -387.279709 1.200394e+08
 -387.464656 1.197680e+08
 -387.649603 1.194974e+08
 -387.834551 1.192294e+08
 -388.019498 1.189657e+08
 -388.204445 1.187078e+08
 -388.389393 1.184574e+08
 -388.574340 1.182155e+08
 -388.759287 1.179836e+08
 -388.944235 1.177625e+08
 -389.129182 1.175533e+08
 -389.314129 1.173567e+08
 -389.499077 1.171733e+08
 -389.684024 1.170038e+08
 -389.868971 1.168484e+08
 -390.053919 1.167074e+08
 -390.238866 1.165810e+08
 -390.423813 1.164692e+08
 -390.608761 1.163719e+08
 -390.793708 1.162887e+08
 -390.978655 1.162192e+08
 -391.163603 1.161629e+08
 -391.348550 1.161189e+08
 -391.533497 1.160864e+08
 -391.718445 1.160642e+08
 -391.903392 1.160511e+08
 -392.088339 1.160456e+08
 -392.273287 1.160463e+08
 -392.458234 1.160512e+08
 -392.643181 1.160587e+08
 -392.828129 1.160668e+08
 -393.013076 1.160735e+08
 -393.198023 1.160767e+08
 -393.382971 1.160744e+08
 -393.567918 1.160646e+08
 -393.752865 1.160453e+08
 -393.937813 1.160147e+08
 -394.122760 1.159710e+08
 -394.307707 1.159128e+08
 -394.492655 1.158386e+08
 -394.677602 1.157473e+08
 -394.862549 1.156380e+08
 -395.047497 1.155099e+08
 -395.232444 1.153626e+08
 -395.417391 1.151958e+08
 -395.602339 1.150096e+08
 -395.787286 1.148041e+08
 -395.972233 1.145797e+08
 -396.157181 1.143370e+08
 -396.342128 1.140768e+08
 -396.527075 1.137998e+08
 -396.712023 1.135072e+08
 -396.896970 1.131999e+08
 -397.081917 1.128791e+08
 -397.266865 1.125459e+08
 -397.451812 1.122016e+08
 -397.636759 1.118474e+08
 -397.821707 1.114845e+08
 -398.006654 1.111142e+08
 -398.191601 1.107375e+08
 -398.376549 1.103558e+08
 -398.561496 1.099702e+08
 -398.746443 1.095818e+08
 -398.931391 1.091916e+08
 -399.116338 1.088010e+08
 -399.301285 1.084108e+08
 -399.486233 1.080221e+08
 -399.671180 1.076360e+08
 -399.856127 1.072535e+08
 -400.041074 1.068756e+08
 -400.226022 1.065032e+08
 -400.410969 1.061373e+08
 -400.595916 1.057789e+08
 -400.780864 1.054287e+08
 -400.965811 1.050876e+08
 -401.150758 1.047565e+08
 -401.335706 1.044359e+08
 -401.520653 1.041266e+08
 -401.705600 1.038291e+08
 -401.890548 1.035438e+08
 -402.075495 1.032712e+08
 -402.260442 1.030115e+08
 -402.445390 1.027648e+08
 -402.630337 1.025314e+08
 -402.815284 1.023111e+08
 -403.000232 1.021038e+08
 -403.185179 1.019095e+08
 -403.370126 1.017277e+08
 -403.555074 1.015581e+08
 -403.740021 1.014004e+08
 -403.924968 1.012541e+08
 -404.109916 1.011187e+08
 -404.294863 1.009937e+08
 -404.479810 1.008785e+08
 -404.664758 1.007727e+08
 -404.849705 1.006756e+08
 -405.034652 1.005867e+08
 -405.219600 1.005054e+08
 -405.404547 1.004311e+08
 -405.589494 1.003632e+08
 -405.774442 1.003012e+08
 -405.959389 1.002445e+08
 -406.144336 1.001924e+08
 -406.329284 1.001445e+08
 -406.514231 1.001000e+08
 -406.699178 1.000583e+08
 -406.884126 1.000189e+08
 -407.069073 9.998114e+07
 -407.254020 9.994436e+07
 -407.438968 9.990798e+07
 -407.623915 9.987142e+07
 -407.808862 9.983410e+07
 -407.993810 9.979546e+07
 -408.178757 9.975500e+07
 -408.363704 9.971221e+07
 -408.548652 9.966666e+07
 -408.733599 9.961793e+07
 -408.918546 9.956563e+07
 -409.103494 9.950945e+07
 -409.288441 9.944904e+07
 -409.473388 9.938414e+07
 -409.658336 9.931446e+07
 -409.843283 9.923974e+07
 -410.028230 9.915974e+07
 -410.213178 9.907421e+07
 -410.398125 9.898288e+07
 -410.583072 9.888548e+07
 -410.768020 9.878176e+07
 -410.952967 9.867143e+07
 -411.137914 9.855418e+07
 -411.322862 9.842977e+07
 -411.507809 9.829788e+07
 -411.692756 9.815826e+07
 -411.877704 9.801066e+07
 -412.062651 9.785486e+07
 -412.247598 9.769070e+07
 -412.432546 9.751804e+07
 -412.617493 9.733679e+07
 -412.802440 9.714699e+07
 -412.987388 9.694866e+07
 -413.172335 9.674193e+07
 -413.357282 9.652698e+07
 -413.542230 9.630409e+07
 -413.727177 9.607357e+07
 -413.912124 9.583578e+07
 -414.097072 9.559118e+07
 -414.282019 9.534018e+07
 -414.466966 9.508327e+07
 -414.651914 9.482093e+07
 -414.836861 9.455363e+07
 -415.021808 9.428182e+07
 -415.206756 9.400590e+07
 -415.391703 9.372623e+07
 -415.576650 9.344308e+07
 -415.761598 9.315664e+07
 -415.946545 9.286701e+07
 -416.131492 9.257420e+07
 -416.316440 9.227808e+07
 -416.501387 9.197843e+07
 -416.686334 9.167492e+07
 -416.871282 9.136711e+07
 -417.056229 9.105447e+07
 -417.241176 9.073640e+07
 -417.426123 9.041222e+07
 -417.611071 9.008126e+07
 -417.796018 8.974277e+07
 -417.980965 8.939606e+07
 -418.165913 8.904050e+07
 -418.350860 8.867546e+07
 -418.535807 8.830049e+07
 -418.720755 8.791518e+07
 -418.905702 8.751932e+07
 -419.090649 8.711281e+07
 -419.275597 8.669574e+07
 -419.460544 8.626838e+07
 -419.645491 8.583116e+07
 -419.830439 8.538468e+07
 -420.015386 8.492974e+07
 -420.200333 8.446725e+07
 -420.385281 8.399828e+07
 -420.570228 8.352401e+07
 -420.755175 8.304574e+07
 -420.940123 8.256482e+07
 -421.125070 8.208269e+07
 -421.310017 8.160079e+07
 -421.494965 8.112062e+07
 -421.679912 8.064362e+07
 -421.864859 8.017129e+07
 -422.049807 7.970505e+07
 -422.234754 7.924626e+07
 -422.419701 7.879630e+07
 -422.604649 7.835642e+07
 -422.789596 7.792784e+07
 -422.974543 7.751170e+07
 -423.159491 7.710909e+07
 -423.344438 7.672100e+07
 -423.529385 7.634838e+07
 -423.714333 7.599208e+07
 -423.899280 7.565293e+07
 -424.084227 7.533163e+07
 -424.269175 7.502886e+07
 -424.454122 7.474522e+07
 -424.639069 7.448127e+07
 -424.824017 7.423748e+07
 -425.008964 7.401427e+07
 -425.193911 7.381202e+07
 -425.378859 7.363105e+07
 -425.563806 7.347159e+07
 -425.748753 7.333389e+07
 -425.933701 7.321809e+07
 -426.118648 7.312429e+07
 -426.303595 7.305258e+07
 -426.488543 7.300297e+07
 -426.673490 7.297545e+07
 -426.858437 7.296994e+07
 -427.043385 7.298633e+07
 -427.228332 7.302448e+07
 -427.413279 7.308421e+07
 -427.598227 7.316525e+07
 -427.783174 7.326732e+07
 -427.968121 7.339008e+07
 -428.153069 7.353310e+07
 -428.338016 7.369594e+07
 -428.522963 7.387806e+07
 -428.707911 7.407885e+07
 -428.892858 7.429763e+07
 -429.077805 7.453368e+07
 -429.262753 7.478614e+07
 -429.447700 7.505418e+07
 -429.632647 7.533679e+07
 -429.817595 7.563298e+07
 -430.002542 7.594170e+07
 -430.187489 7.626182e+07
 -430.372437 7.659220e+07
 -430.557384 7.693168e+07
 -430.742331 7.727909e+07
 -430.927279 7.763324e+07
 -431.112226 7.799296e+07
 -431.297173 7.835710e+07
 -431.482121 7.872451e+07
 -431.667068 7.909413e+07
 -431.852015 7.946484e+07
 -432.036963 7.983562e+07
 -432.221910 8.020546e+07
 -432.406857 8.057341e+07
 -432.591805 8.093853e+07
 -432.776752 8.129991e+07
 -432.961699 8.165671e+07
 -433.146647 8.200810e+07
 -433.331594 8.235326e+07
 -433.516541 8.269146e+07
 -433.701489 8.302192e+07
 -433.886436 8.334395e+07
 -434.071383 8.365687e+07
 -434.256331 8.396006e+07
 -434.441278 8.425286e+07
 -434.626225 8.453473e+07
 -434.811173 8.480511e+07
 -434.996120 8.506350e+07
 -435.181067 8.530944e+07
 -435.366014 8.554250e+07
 -435.550962 8.576228e+07
 -435.735909 8.596847e+07
 -435.920856 8.616074e+07
 -436.105804 8.633888e+07
 -436.290751 8.650266e+07
 -436.475698 8.665190e+07
 -436.660646 8.678654e+07
 -436.845593 8.690650e+07
 -437.030540 8.701178e+07
 -437.215488 8.710243e+07
 -437.400435 8.717855e+07
 -437.585382 8.724031e+07
 -437.770330 8.728792e+07
 -437.955277 8.732159e+07
 -438.140224 8.734165e+07
 -438.325172 8.734839e+07
 -438.510119 8.734218e+07
 -438.695066 8.732336e+07
 -438.880014 8.729231e+07
 -439.064961 8.724938e+07
 -439.249908 8.719494e+07
 -439.434856 8.712929e+07
 -439.619803 8.705272e+07
 -439.804750 8.696545e+07
 -439.989698 8.686770e+07
 -440.174645 8.675959e+07
 -440.359592 8.664120e+07
 -440.544540 8.651257e+07
 -440.729487 8.637366e+07
 -440.914434 8.622438e+07
 -441.099382 8.606462e+07
 -441.284329 8.589424e+07
 -441.469276 8.571305e+07
 -441.654224 8.552086e+07
 -441.839171 8.531747e+07
 -442.024118 8.510273e+07
 -442.209066 8.487646e+07
 -442.394013 8.463851e+07
 -442.578960 8.438885e+07
 -442.763908 8.412743e+07
 -442.948855 8.385428e+07
 -443.133802 8.356953e+07
 -443.318750 8.327334e+07
 -443.503697 8.296598e+07
 -443.688644 8.264778e+07
 -443.873592 8.231915e+07
 -444.058539 8.198059e+07
 -444.243486 8.163265e+07
 -444.428434 8.127594e+07
 -444.613381 8.091114e+07
 -444.798328 8.053898e+07
 -444.983276 8.016022e+07
 -445.168223 7.977562e+07
 -445.353170 7.938601e+07
 -445.538118 7.899217e+07
 -445.723065 7.859491e+07
 -445.908012 7.819503e+07
 -446.092960 7.779332e+07
 -446.277907 7.739050e+07
 -446.462854 7.698730e+07
 -446.647802 7.658443e+07
 -446.832749 7.618258e+07
 -447.017696 7.578241e+07
 -447.202644 7.538454e+07
 -447.387591 7.498961e+07
 -447.572538 7.459825e+07
 -447.757486 7.421112e+07
 -447.942433 7.382884e+07
 -448.127380 7.345213e+07
 -448.312328 7.308166e+07
 -448.497275 7.271823e+07
 -448.682222 7.236260e+07
 -448.867170 7.201562e+07
 -449.052117 7.167816e+07
 -449.237064 7.135112e+07
 -449.422012 7.103547e+07
 -449.606959 7.073216e+07
 -449.791906 7.044215e+07
 -449.976854 7.016638e+07
 -450.161801 6.990582e+07
 -450.346748 6.966130e+07
 -450.531696 6.943370e+07
 -450.716643 6.922370e+07
 -450.901590 6.903198e+07
 -451.086538 6.885907e+07
 -451.271485 6.870541e+07
 -451.456432 6.857127e+07
 -451.641380 6.845684e+07
 -451.826327 6.836214e+07
 -452.011274 6.828707e+07
 -452.196222 6.823141e+07
 -452.381169 6.819481e+07
 -452.566116 6.817680e+07
 -452.751064 6.817682e+07
 -452.936011 6.819418e+07
 -453.120958 6.822814e+07
 -453.305905 6.827786e+07
 -453.490853 6.834245e+07
 -453.675800 6.842094e+07
 -453.860747 6.851234e+07
 -454.045695 6.861556e+07
 -454.230642 6.872954e+07
 -454.415589 6.885312e+07
 -454.600537 6.898515e+07
 -454.785484 6.912443e+07
 -454.970431 6.926974e+07
 -455.155379 6.941978e+07
 -455.340326 6.957326e+07
 -455.525273 6.972885e+07
 -455.710221 6.988510e+07
 -455.895168 7.004060e+07
 -456.080115 7.019385e+07
 -456.265063 7.034329e+07
 -456.450010 7.048730e+07
 -456.634957 7.062425e+07
 -456.819905 7.075240e+07
 -457.004852 7.086999e+07
 -457.189799 7.097522e+07
 -457.374747 7.106628e+07
 -457.559694 7.114130e+07
 -457.744641 7.119848e+07
 -457.929589 7.123598e+07
 -458.114536 7.125204e+07
 -458.299483 7.124494e+07
 -458.484431 7.121308e+07
 -458.669378 7.115495e+07
 -458.854325 7.106917e+07
 -459.039273 7.095452e+07
 -459.224220 7.080999e+07
 -459.409167 7.063472e+07
 -459.594115 7.042807e+07
 -459.779062 7.018965e+07
 -459.964009 6.991927e+07
 -460.148957 6.961698e+07
 -460.333904 6.928304e+07
 -460.518851 6.891798e+07
 -460.703799 6.852254e+07
 -460.888746 6.809763e+07
 -461.073693 6.764440e+07
 -461.258641 6.716418e+07
 -461.443588 6.665845e+07
 -461.628535 6.612884e+07
 -461.813483 6.557714e+07
 -461.998430 6.500518e+07
 -462.183377 6.441501e+07
 -462.368325 6.380865e+07
 -462.553272 6.318821e+07
 -462.738219 6.255588e+07
 -462.923167 6.191387e+07
 -463.108114 6.126441e+07
 -463.293061 6.060973e+07
 -463.478009 5.995206e+07
 -463.662956 5.929365e+07
 -463.847903 5.863667e+07
 -464.032851 5.798330e+07
 -464.217798 5.733562e+07
 -464.402745 5.669573e+07
 -464.587693 5.606555e+07
 -464.772640 5.544703e+07
 -464.957587 5.484195e+07
 -465.142535 5.425202e+07
 -465.327482 5.367885e+07
 -465.512429 5.312389e+07
 -465.697377 5.258850e+07
 -465.882324 5.207392e+07
 -466.067271 5.158123e+07
 -466.252219 5.111141e+07
 -466.437166 5.066524e+07
 -466.622113 5.024347e+07
 -466.807061 4.984664e+07
 -466.992008 4.947520e+07
 -467.176955 4.912952e+07
 -467.361903 4.880979e+07
 -467.546850 4.851620e+07
 -467.731797 4.824874e+07
 -467.916745 4.800743e+07
 -468.101692 4.779216e+07
 -468.286639 4.760278e+07
 -468.471587 4.743910e+07
 -468.656534 4.730086e+07
 -468.841481 4.718780e+07
 -469.026429 4.709962e+07
 -469.211376 4.703598e+07
 -469.396323 4.699656e+07
 -469.581271 4.698095e+07
 -469.766218 4.698878e+07
 -469.951165 4.701962e+07
 -470.136113 4.707301e+07
 -470.321060 4.714846e+07
 -470.506007 4.724543e+07
 -470.690954 4.736333e+07
 -470.875902 4.750150e+07
 -471.060849 4.765918e+07
 -471.245796 4.783559e+07
 -471.430744 4.802978e+07
 -471.615691 4.824074e+07
 -471.800638 4.846732e+07
 -471.985586 4.870828e+07
 -472.170533 4.896225e+07
 -472.355480 4.922771e+07
 -472.540428 4.950309e+07
 -472.725375 4.978664e+07
 -472.910322 5.007655e+07
 -473.095270 5.037096e+07
 -473.280217 5.066790e+07
 -473.465164 5.096543e+07
 -473.650112 5.126156e+07
 -473.835059 5.155435e+07
 -474.020006 5.184195e+07
 -474.204954 5.212254e+07
 -474.389901 5.239451e+07
 -474.574848 5.265633e+07
 -474.759796 5.290669e+07
 -474.944743 5.314447e+07
 -475.129690 5.336878e+07
 -475.314638 5.357895e+07
 -475.499585 5.377457e+07
 -475.684532 5.395542e+07
 -475.869480 5.412156e+07
 -476.054427 5.427326e+07
 -476.239374 5.441094e+07
 -476.424322 5.453526e+07
 -476.609269 5.464701e+07
 -476.794216 5.474710e+07
 -476.979164 5.483653e+07
 -477.164111 5.491638e+07
 -477.349058 5.498773e+07
 -477.534006 5.505171e+07
 -477.718953 5.510940e+07
 -477.903900 5.516182e+07
 -478.088848 5.520991e+07
 -478.273795 5.525454e+07
 -478.458742 5.529646e+07
 -478.643690 5.533628e+07
 -478.828637 5.537450e+07
 -479.013584 5.541148e+07
 -479.198532 5.544746e+07
 -479.383479 5.548252e+07
 -479.568426 5.551664e+07
 -479.753374 5.554970e+07
 -479.938321 5.558147e+07
 -480.123268 5.561165e+07
 -480.308216 5.563990e+07
 -480.493163 5.566582e+07
 -480.678110 5.568902e+07
 -480.863058 5.570912e+07
 -481.048005 5.572575e+07
 -481.232952 5.573860e+07
 -481.417900 5.574744e+07
 -481.602847 5.575211e+07
 -481.787794 5.575254e+07
 -481.972742 5.574879e+07
 -482.157689 5.574099e+07
 -482.342636 5.572942e+07
 -482.527584 5.571442e+07
 -482.712531 5.569650e+07
 -482.897478 5.567618e+07
 -483.082426 5.565414e+07
 -483.267373 5.563107e+07
 -483.452320 5.560775e+07
 -483.637268 5.558500e+07
 -483.822215 5.556363e+07
 -484.007162 5.554449e+07
 -484.192110 5.552838e+07
 -484.377057 5.551611e+07
 -484.562004 5.550842e+07
 -484.746952 5.550600e+07
 -484.931899 5.550946e+07
 -485.116846 5.551934e+07
 -485.301794 5.553610e+07
 -485.486741 5.556009e+07
 -485.671688 5.559156e+07
 -485.856636 5.563069e+07
 -486.041583 5.567753e+07
 -486.226530 5.573207e+07
 -486.411478 5.579418e+07
 -486.596425 5.586368e+07
 -486.781372 5.594030e+07
 -486.966320 5.602370e+07
 -487.151267 5.611350e+07
 -487.336214 5.620926e+07
 -487.521162 5.631053e+07
 -487.706109 5.641681e+07
 -487.891056 5.652758e+07
 -488.076004 5.664235e+07
 -488.260951 5.676058e+07
 -488.445898 5.688177e+07
 -488.630845 5.700542e+07
 -488.815793 5.713107e+07
 -489.000740 5.725828e+07
 -489.185687 5.738663e+07
 -489.370635 5.751574e+07
 -489.555582 5.764529e+07
 -489.740529 5.777501e+07
 -489.925477 5.790465e+07
 -490.110424 5.803404e+07
 -490.295371 5.816305e+07
 -490.480319 5.829162e+07
 -490.665266 5.841971e+07
 -490.850213 5.854738e+07
 -491.035161 5.867467e+07
 -491.220108 5.880172e+07
 -491.405055 5.892865e+07
 -491.590003 5.905563e+07
 -491.774950 5.918282e+07
 -491.959897 5.931040e+07
 -492.144845 5.943850e+07
 -492.329792 5.956725e+07
 -492.514739 5.969676e+07
 -492.699687 5.982706e+07
 -492.884634 5.995814e+07
 -493.069581 6.008994e+07
 -493.254529 6.022234e+07
 -493.439476 6.035512e+07
 -493.624423 6.048802e+07
 -493.809371 6.062073e+07
 -493.994318 6.075284e+07
 -494.179265 6.088394e+07
 -494.364213 6.101349e+07
 -494.549160 6.114102e+07
 -494.734107 6.126592e+07
 -494.919055 6.138766e+07
 -495.104002 6.150562e+07
 -495.288949 6.161921e+07
 -495.473897 6.172784e+07
 -495.658844 6.183093e+07
 -495.843791 6.192788e+07
 -496.028739 6.201814e+07
 -496.213686 6.210118e+07
 -496.398633 6.217646e+07
 -496.583581 6.224344e+07
 -496.768528 6.230165e+07
 -496.953475 6.235058e+07
 -497.138423 6.238977e+07
 -497.323370 6.241874e+07
 -497.508317 6.243705e+07
 -497.693265 6.244426e+07
 -497.878212 6.243997e+07
 -498.063159 6.242378e+07
 -498.248107 6.239534e+07
 -498.433054 6.235436e+07
 -498.618001 6.230057e+07
 -498.802949 6.223374e+07
 -498.987896 6.215377e+07
 -499.172843 6.206058e+07
 -499.357791 6.195424e+07
 -499.542738 6.183482e+07
 -499.727685 6.170256e+07
 -499.912633 6.155776e+07
 -500.097580 6.140080e+07
 -500.282527 6.123217e+07
 -500.467475 6.105241e+07
 -500.652422 6.086214e+07
 -500.837369 6.066201e+07
 -501.022317 6.045272e+07
 -501.207264 6.023495e+07
 -501.392211 6.000942e+07
 -501.577159 5.977678e+07
 -501.762106 5.953765e+07
 -501.947053 5.929257e+07
 -502.132001 5.904201e+07
 -502.316948 5.878635e+07
 -502.501895 5.852587e+07
 -502.686843 5.826074e+07
 -502.871790 5.799104e+07
 -503.056737 5.771673e+07
 -503.241685 5.743766e+07
 -503.426632 5.715366e+07
 -503.611579 5.686445e+07
 -503.796527 5.656973e+07
 -503.981474 5.626916e+07
 -504.166421 5.596245e+07
 -504.351369 5.564930e+07
 -504.536316 5.532946e+07
 -504.721263 5.500278e+07
 -504.906211 5.466920e+07
 -505.091158 5.432874e+07
 -505.276105 5.398160e+07
 -505.461053 5.362807e+07
 -505.646000 5.326859e+07
 -505.830947 5.290376e+07
 -506.015895 5.253430e+07
 -506.200842 5.216106e+07
 -506.385789 5.178499e+07
 -506.570736 5.140718e+07
 -506.755684 5.102879e+07
 -506.940631 5.065100e+07
 -507.125578 5.027508e+07
 -507.310526 4.990228e+07
 -507.495473 4.953386e+07
 -507.680420 4.917104e+07
 -507.865368 4.881498e+07
 -508.050315 4.846676e+07
 -508.235262 4.812738e+07
 -508.420210 4.779774e+07
 -508.605157 4.747858e+07
 -508.790104 4.717051e+07
 -508.975052 4.687405e+07
 -509.159999 4.658954e+07
 -509.344946 4.631718e+07
 -509.529894 4.605706e+07
 -509.714841 4.580910e+07
 -509.899788 4.557314e+07
 -510.084736 4.534886e+07
 -510.269683 4.513589e+07
 -510.454630 4.493372e+07
 -510.639578 4.474180e+07
 -510.824525 4.455948e+07
 -511.009472 4.438606e+07
 -511.194420 4.422081e+07
 -511.379367 4.406291e+07
 -511.564314 4.391154e+07
 -511.749262 4.376588e+07
 -511.934209 4.362505e+07
 -512.119156 4.348814e+07
 -512.304104 4.335430e+07
 -512.489051 4.322260e+07
 -512.673998 4.309218e+07
 -512.858946 4.296217e+07
 -513.043893 4.283172e+07
 -513.228840 4.270004e+07
 -513.413788 4.256641e+07
 -513.598735 4.243013e+07
 -513.783682 4.229064e+07
 -513.968630 4.214745e+07
 -514.153577 4.200021e+07
 -514.338524 4.184870e+07
 -514.523472 4.169286e+07
 -514.708419 4.153279e+07
 -514.893366 4.136880e+07
 -515.078314 4.120134e+07
 -515.263261 4.103108e+07
 -515.448208 4.085892e+07
 -515.633156 4.068590e+07
 -515.818103 4.051326e+07
 -516.003050 4.034242e+07
 -516.187998 4.017498e+07
 -516.372945 4.001266e+07
 -516.557892 3.985731e+07
 -516.742840 3.971084e+07
 -516.927787 3.957525e+07
 -517.112734 3.945255e+07
 -517.297682 3.934474e+07
 -517.482629 3.925378e+07
 -517.667576 3.918155e+07
 -517.852524 3.912979e+07
 -518.037471 3.910010e+07
 -518.222418 3.909391e+07
 -518.407366 3.911242e+07
 -518.592313 3.915659e+07
 -518.777260 3.922713e+07
 -518.962208 3.932448e+07
 -519.147155 3.944882e+07
 -519.332102 3.960001e+07
 -519.517050 3.977765e+07
 -519.701997 3.998107e+07
 -519.886944 4.020933e+07
 -520.071892 4.046122e+07
 -520.256839 4.073536e+07
 -520.441786 4.103007e+07
 -520.626734 4.134356e+07
 -520.811681 4.167382e+07
 -520.996628 4.201876e+07
 -521.181576 4.237612e+07
 -521.366523 4.274361e+07
 -521.551470 4.311886e+07
 -521.736418 4.349954e+07
 -521.921365 4.388326e+07
 -522.106312 4.426769e+07
 -522.291260 4.465061e+07
 -522.476207 4.502987e+07
 -522.661154 4.540345e+07
 -522.846102 4.576947e+07
 -523.031049 4.612627e+07
 -523.215996 4.647236e+07
 -523.400944 4.680644e+07
 -523.585891 4.712749e+07
 -523.770838 4.743469e+07
 -523.955785 4.772748e+07
 -524.140733 4.800558e+07
 -524.325680 4.826891e+07
 -524.510627 4.851769e+07
 -524.695575 4.875234e+07
 -524.880522 4.897350e+07
 -525.065469 4.918206e+07
 -525.250417 4.937907e+07
 -525.435364 4.956574e+07
 -525.620311 4.974343e+07
 -525.805259 4.991362e+07
 -525.990206 5.007786e+07
 -526.175153 5.023774e+07
 -526.360101 5.039490e+07
 -526.545048 5.055096e+07
 -526.729995 5.070748e+07
 -526.914943 5.086598e+07
 -527.099890 5.102789e+07
 -527.284837 5.119447e+07
 -527.469785 5.136694e+07
 -527.654732 5.154629e+07
 -527.839679 5.173340e+07
 -528.024627 5.192896e+07
 -528.209574 5.213347e+07
 -528.394521 5.234730e+07
 -528.579469 5.257062e+07
 -528.764416 5.280344e+07
 -528.949363 5.304561e+07
 -529.134311 5.329681e+07
 -529.319258 5.355660e+07
 -529.504205 5.382445e+07
 -529.689153 5.409964e+07
 -529.874100 5.438141e+07
 -530.059047 5.466890e+07
 -530.243995 5.496118e+07
 -530.428942 5.525727e+07
 -530.613889 5.555618e+07
 -530.798837 5.585686e+07
 -530.983784 5.615831e+07
 -531.168731 5.645949e+07
 -531.353679 5.675943e+07
 -531.538626 5.705715e+07
 -531.723573 5.735178e+07
 -531.908521 5.764246e+07
 -532.093468 5.792843e+07
 -532.278415 5.820898e+07
 -532.463363 5.848350e+07
 -532.648310 5.875144e+07
 -532.833257 5.901238e+07
 -533.018205 5.926594e+07
 -533.203152 5.951187e+07
 -533.388099 5.974997e+07
 -533.573047 5.998014e+07
 -533.757994 6.020238e+07
 -533.942941 6.041675e+07
 -534.127889 6.062339e+07
 -534.312836 6.082252e+07
 -534.497783 6.101438e+07
 -534.682731 6.119938e+07
 -534.867678 6.137783e+07
 -535.052625 6.155022e+07
 -535.237573 6.171702e+07
 -535.422520 6.187871e+07
 -535.607467 6.203583e+07
 -535.792415 6.218890e+07
 -535.977362 6.233842e+07
 -536.162309 6.248488e+07
 -536.347257 6.262874e+07
 -536.532204 6.277039e+07
 -536.717151 6.291016e+07
 -536.902099 6.304830e+07
 -537.087046 6.318494e+07
 -537.271993 6.332011e+07
 -537.456941 6.345377e+07
 -537.641888 6.358569e+07
 -537.826835 6.371553e+07
 -538.011783 6.384284e+07
 -538.196730 6.396704e+07
 -538.381677 6.408741e+07
 -538.566625 6.420312e+07
 -538.751572 6.431326e+07
 -538.936519 6.441681e+07
 -539.121467 6.451272e+07
 -539.306414 6.459983e+07
 -539.491361 6.467701e+07
 -539.676309 6.474307e+07
 -539.861256 6.479690e+07
 -540.046203 6.483733e+07
 -540.231151 6.486332e+07
 -540.416098 6.487389e+07
 -540.601045 6.486810e+07
 -540.785993 6.484518e+07
 -540.970940 6.480446e+07
 -541.155887 6.474538e+07
 -541.340835 6.466754e+07
 -541.525782 6.457070e+07
 -541.710729 6.445478e+07
 -541.895676 6.431984e+07
 -542.080624 6.416614e+07
 -542.265571 6.399406e+07
 -542.450518 6.380425e+07
 -542.635466 6.359741e+07
 -542.820413 6.337450e+07
 -543.005360 6.313662e+07
 -543.190308 6.288503e+07
 -543.375255 6.262117e+07
 -543.560202 6.234662e+07
 -543.745150 6.206312e+07
 -543.930097 6.177254e+07
 -544.115044 6.147691e+07
 -544.299992 6.117836e+07
 -544.484939 6.087912e+07
 -544.669886 6.058153e+07
 -544.854834 6.028800e+07
 -545.039781 6.000099e+07
 -545.224728 5.972301e+07
 -545.409676 5.945654e+07
 -545.594623 5.920413e+07
 -545.779570 5.896822e+07
 -545.964518 5.875123e+07
 -546.149465 5.855551e+07
 -546.334412 5.838326e+07
 -546.519360 5.823665e+07
 -546.704307 5.811758e+07
 -546.889254 5.802788e+07
 -547.074202 5.796920e+07
 -547.259149 5.794296e+07
 -547.444096 5.795041e+07
 -547.629044 5.799256e+07
 -547.813991 5.807026e+07
 -547.998938 5.818409e+07
 -548.183886 5.833445e+07
 -548.368833 5.852150e+07
 -548.553780 5.874522e+07
 -548.738728 5.900537e+07
 -548.923675 5.930150e+07
 -549.108622 5.963300e+07
 -549.293570 5.999902e+07
 -549.478517 6.039861e+07
 -549.663464 6.083059e+07
 -549.848412 6.129366e+07
 -550.033359 6.178630e+07
 -550.218306 6.230691e+07
 -550.403254 6.285371e+07
 -550.588201 6.342478e+07
 -550.773148 6.401802e+07
 -550.958096 6.463127e+07
 -551.143043 6.526218e+07
 -551.327990 6.590826e+07
 -551.512938 6.656693e+07
 -551.697885 6.723546e+07
 -551.882832 6.791102e+07
 -552.067780 6.859066e+07
 -552.252727 6.927136e+07
 -552.437674 6.995000e+07
 -552.622622 7.062341e+07
 -552.807569 7.128834e+07
 -552.992516 7.194158e+07
 -553.177464 7.257986e+07
 -553.362411 7.319996e+07
 -553.547358 7.379868e+07
 -553.732306 7.437292e+07
 -553.917253 7.491967e+07
 -554.102200 7.543602e+07
 -554.287148 7.591923e+07
 -554.472095 7.636674e+07
 -554.657042 7.677614e+07
 -554.841990 7.714526e+07
 -555.026937 7.747214e+07
 -555.211884 7.775506e+07
 -555.396832 7.799254e+07
 -555.581779 7.818335e+07
 -555.766726 7.832650e+07
 -555.951674 7.842128e+07
 -556.136621 7.846718e+07
 -556.321568 7.846395e+07
 -556.506516 7.841158e+07
 -556.691463 7.831024e+07
 -556.876410 7.816032e+07
 -557.061358 7.796240e+07
 -557.246305 7.771722e+07
 -557.431252 7.742574e+07
 -557.616200 7.708901e+07
 -557.801147 7.670825e+07
 -557.986094 7.628482e+07
 -558.171042 7.582019e+07
 -558.355989 7.531594e+07
 -558.540936 7.477381e+07
 -558.725884 7.419558e+07
 -558.910831 7.358315e+07
 -559.095778 7.293854e+07
 -559.280726 7.226382e+07
 -559.465673 7.156114e+07
 -559.650620 7.083274e+07
 -559.835567 7.008093e+07
 -560.020515 6.930806e+07
 -560.205462 6.851653e+07
 -560.390409 6.770878e+07
 -560.575357 6.688730e+07
 -560.760304 6.605456e+07
 -560.945251 6.521308e+07
 -561.130199 6.436536e+07
 -561.315146 6.351387e+07
 -561.500093 6.266110e+07
 -561.685041 6.180944e+07
 -561.869988 6.096130e+07
 -562.054935 6.011899e+07
 -562.239883 5.928478e+07
 -562.424830 5.846084e+07
 -562.609777 5.764925e+07
 -562.794725 5.685205e+07
 -562.979672 5.607110e+07
 -563.164619 5.530823e+07
 -563.349567 5.456514e+07
 -563.534514 5.384338e+07
 -563.719461 5.314443e+07
 -563.904409 5.246964e+07
 -564.089356 5.182026e+07
 -564.274303 5.119739e+07
 -564.459251 5.060205e+07
 -564.644198 5.003511e+07
 -564.829145 4.949737e+07
 -565.014093 4.898949e+07
 -565.199040 4.851202e+07
 -565.383987 4.806547e+07
 -565.568935 4.765018e+07
 -565.753882 4.726643e+07
 -565.938829 4.691444e+07
 -566.123777 4.659438e+07
 -566.308724 4.630627e+07
 -566.493671 4.605020e+07
 -566.678619 4.582612e+07
 -566.863566 4.563402e+07
 -567.048513 4.547382e+07
 -567.233461 4.534546e+07
 -567.418408 4.524883e+07
 -567.603355 4.518386e+07
 -567.788303 4.515040e+07
 -567.973250 4.514837e+07
 -568.158197 4.517759e+07
 -568.343145 4.523794e+07
 -568.528092 4.532917e+07
 -568.713039 4.545107e+07
 -568.897987 4.560329e+07
 -569.082934 4.578546e+07
 -569.267881 4.599709e+07
 -569.452829 4.623760e+07
 -569.637776 4.650628e+07
 -569.822723 4.680230e+07
 -570.007671 4.712468e+07
 -570.192618 4.747230e+07
 -570.377565 4.784389e+07
 -570.562513 4.823801e+07
 -570.747460 4.865309e+07
 -570.932407 4.908740e+07
 -571.117355 4.953906e+07
 -571.302302 5.000608e+07
 -571.487249 5.048635e+07
 -571.672197 5.097766e+07
 -571.857144 5.147770e+07
 -572.042091 5.198412e+07
 -572.227039 5.249454e+07
 -572.411986 5.300657e+07
 -572.596933 5.351778e+07
 -572.781881 5.402582e+07
 -572.966828 5.452839e+07
 -573.151775 5.502326e+07
 -573.336723 5.550828e+07
 -573.521670 5.598145e+07
 -573.706617 5.644086e+07
 -573.891565 5.688479e+07
 -574.076512 5.731164e+07
 -574.261459 5.772000e+07
 -574.446407 5.810861e+07
 -574.631354 5.847638e+07
 -574.816301 5.882246e+07
 -575.001249 5.914606e+07
 -575.186196 5.944670e+07
 -575.371143 5.972398e+07
 -575.556091 5.997771e+07
 -575.741038 6.020786e+07
 -575.925985 6.041459e+07
 -576.110933 6.059819e+07
 -576.295880 6.075913e+07
 -576.480827 6.089799e+07
 -576.665775 6.101553e+07
 -576.850722 6.111262e+07
 -577.035669 6.119025e+07
 -577.220616 6.124953e+07
 -577.405564 6.129162e+07
 -577.590511 6.131779e+07
 -577.775458 6.132935e+07
 -577.960406 6.132763e+07
 -578.145353 6.131396e+07
 -578.330300 6.128966e+07
 -578.515248 6.125599e+07
 -578.700195 6.121418e+07
 -578.885142 6.116528e+07
 -579.070090 6.111032e+07
 -579.255037 6.105014e+07
 -579.439984 6.098546e+07
 -579.624932 6.091681e+07
 -579.809879 6.084458e+07
 -579.994826 6.076899e+07
 -580.179774 6.069010e+07
 -580.364721 6.060778e+07
 -580.549668 6.052182e+07
 -580.734616 6.043180e+07
 -580.919563 6.033726e+07
 -581.104510 6.023760e+07
 -581.289458 6.013218e+07
 -581.474405 6.002030e+07
 -581.659352 5.990122e+07
 -581.844300 5.977421e+07
 -582.029247 5.963854e+07
 -582.214194 5.949354e+07
 -582.399142 5.933855e+07
 -582.584089 5.917302e+07
 -582.769036 5.899645e+07
 -582.953984 5.880842e+07
 -583.138931 5.860861e+07
 -583.323878 5.839679e+07
 -583.508826 5.817286e+07
 -583.693773 5.793677e+07
 -583.878720 5.768859e+07
 -584.063668 5.742850e+07
 -584.248615 5.715674e+07
 -584.433562 5.687365e+07
 -584.618510 5.657964e+07
 -584.803457 5.627522e+07
 -584.988404 5.596093e+07
 -585.173352 5.563738e+07
 -585.358299 5.530523e+07
 -585.543246 5.496522e+07
 -585.728194 5.461808e+07
 -585.913141 5.426462e+07
 -586.098088 5.390566e+07
 -586.283036 5.354206e+07
 -586.467983 5.317470e+07
 -586.652930 5.280446e+07
 -586.837878 5.243226e+07
 -587.022825 5.205900e+07
 -587.207772 5.168561e+07
 -587.392720 5.131302e+07
 -587.577667 5.094210e+07
 -587.762614 5.057371e+07
 -587.947562 5.020873e+07
 -588.132509 4.984796e+07
 -588.317456 4.949215e+07
 -588.502404 4.914201e+07
 -588.687351 4.879818e+07
 -588.872298 4.846124e+07
 -589.057246 4.813168e+07
 -589.242193 4.780990e+07
 -589.427140 4.749628e+07
 -589.612088 4.719102e+07
 -589.797035 4.689431e+07
 -589.981982 4.660622e+07
 -590.166930 4.632675e+07
 -590.351877 4.605580e+07
 -590.536824 4.579320e+07
 -590.721772 4.553872e+07
 -590.906719 4.529203e+07
 -591.091666 4.505275e+07
 -591.276614 4.482042e+07
 -591.461561 4.459454e+07
 -591.646508 4.437453e+07
 -591.831456 4.415974e+07
 -592.016403 4.394948e+07
 -592.201350 4.374302e+07
 -592.386298 4.353956e+07
 -592.571245 4.333826e+07
 -592.756192 4.313819e+07
 -592.941140 4.293846e+07
 -593.126087 4.273809e+07
 -593.311034 4.253604e+07
 -593.495982 4.233131e+07
 -593.680929 4.212283e+07
 -593.865876 4.190956e+07
 -594.050824 4.169043e+07
 -594.235771 4.146439e+07
 -594.420718 4.123044e+07
 -594.605666 4.098758e+07
 -594.790613 4.073488e+07
 -594.975560 4.047144e+07
 -595.160507 4.019646e+07
 -595.345455 3.990918e+07
 -595.530402 3.960897e+07
 -595.715349 3.929523e+07
 -595.900297 3.896749e+07
 -596.085244 3.862537e+07
 -596.270191 3.826857e+07
 -596.455139 3.789689e+07
 -596.640086 3.751027e+07
 -596.825033 3.710870e+07
 -597.009981 3.669228e+07
 -597.194928 3.626121e+07
 -597.379875 3.581577e+07
 -597.564823 3.535635e+07
 -597.749770 3.488341e+07
 -597.934717 3.439750e+07
 -598.119665 3.389926e+07
 -598.304612 3.338937e+07
 -598.489559 3.286861e+07
 -598.674507 3.233785e+07
 -598.859454 3.179799e+07
 -599.044401 3.124999e+07
 -599.229349 3.069490e+07
 -599.414296 3.013379e+07
 -599.599243 2.956777e+07
 -599.784191 2.899801e+07
 -599.969138 2.842573e+07
 -600.154085 2.785215e+07
 -600.339033 2.727853e+07
 -600.523980 2.670610e+07
 -600.708927 2.613618e+07
 -600.893875 2.557000e+07
 -601.078822 2.500888e+07
 -601.263769 2.445405e+07
 -601.448717 2.390675e+07
 -601.633664 2.336822e+07
 -601.818611 2.283962e+07
 -602.003559 2.232211e+07
 -602.188506 2.181682e+07
 -602.373453 2.132485e+07
 -602.558401 2.084721e+07
 -602.743348 2.038494e+07
 -602.928295 1.993898e+07
 -603.113243 1.951029e+07
 -603.298190 1.909974e+07
 -603.483137 1.870818e+07
 -603.668085 1.833642e+07
 -603.853032 1.798523e+07
 -604.037979 1.765530e+07
 -604.222927 1.734729e+07
 -604.407874 1.706176e+07
 -604.592821 1.679923e+07
 -604.777769 1.656009e+07
 -604.962716 1.634466e+07
 -605.147663 1.615313e+07
 -605.332611 1.598557e+07
 -605.517558 1.584190e+07
 -605.702505 1.572190e+07
 -605.887453 1.562522e+07
 -606.072400 1.555130e+07
 -606.257347 1.549944e+07
 -606.442295 1.546879e+07
 -606.627242 1.545834e+07
 -606.812189 1.546693e+07
 -606.997137 1.549327e+07
 -607.182084 1.553594e+07
 -607.367031 1.559345e+07
 -607.551979 1.566423e+07
 -607.736926 1.574664e+07
 -607.921873 1.583904e+07
 -608.106821 1.593979e+07
 -608.291768 1.604728e+07
 -608.476715 1.615993e+07
 -608.661663 1.627629e+07
 -608.846610 1.639496e+07
 -609.031557 1.651470e+07
 -609.216505 1.663442e+07
 -609.401452 1.675314e+07
 -609.586399 1.687006e+07
 -609.771347 1.698461e+07
 -609.956294 1.709630e+07
 -610.141241 1.720486e+07
 -610.326189 1.731022e+07
 -610.511136 1.741239e+07
 -610.696083 1.751161e+07
 -610.881031 1.760816e+07
 -611.065978 1.770254e+07
 -611.250925 1.779524e+07
 -611.435873 1.788691e+07
 -611.620820 1.797820e+07
 -611.805767 1.806980e+07
 -611.990715 1.816245e+07
 -612.175662 1.825683e+07
 -612.360609 1.835363e+07
 -612.545557 1.845348e+07
 -612.730504 1.855695e+07
 -612.915451 1.866456e+07
 -613.100398 1.877670e+07
 -613.285346 1.889369e+07
 -613.470293 1.901571e+07
 -613.655240 1.914283e+07
 -613.840188 1.927500e+07
 -614.025135 1.941202e+07
 -614.210082 1.955353e+07
 -614.395030 1.969903e+07
 -614.579977 1.984790e+07
 -614.764924 1.999935e+07
 -614.949872 2.015244e+07
 -615.134819 2.030611e+07
 -615.319766 2.045922e+07
 -615.504714 2.061049e+07
 -615.689661 2.075862e+07
 -615.874608 2.090223e+07
 -616.059556 2.103996e+07
 -616.244503 2.117046e+07
 -616.429450 2.129246e+07
 -616.614398 2.140481e+07
 -616.799345 2.150644e+07
 -616.984292 2.159651e+07
 -617.169240 2.167438e+07
 -617.354187 2.173962e+07
 -617.539134 2.179209e+07
 -617.724082 2.183188e+07
 -617.909029 2.185939e+07
 -618.093976 2.187530e+07
 -618.278924 2.188055e+07
 -618.463871 2.187634e+07
 -618.648818 2.186410e+07
 -618.833766 2.184546e+07
 -619.018713 2.182220e+07
 -619.203660 2.179627e+07
 -619.388608 2.176967e+07
 -619.573555 2.174444e+07
 -619.758502 2.172261e+07
 -619.943450 2.170618e+07
 -620.128397 2.169706e+07
 -620.313344 2.169703e+07
 -620.498292 2.170773e+07
 -620.683239 2.173058e+07
 -620.868186 2.176684e+07
 -621.053134 2.181755e+07
 -621.238081 2.188351e+07
 -621.423028 2.196529e+07
 -621.607976 2.206322e+07
 -621.792923 2.217744e+07
 -621.977870 2.230781e+07
 -622.162818 2.245402e+07
 -622.347765 2.261552e+07
 -622.532712 2.279158e+07
 -622.717660 2.298129e+07
 -622.902607 2.318356e+07
 -623.087554 2.339714e+07
 -623.272502 2.362062e+07
 -623.457449 2.385246e+07
 -623.642396 2.409102e+07
 -623.827344 2.433450e+07
 -624.012291 2.458103e+07
 -624.197238 2.482862e+07
 -624.382186 2.507517e+07
 -624.567133 2.531857e+07
 -624.752080 2.555655e+07
 -624.937028 2.578689e+07
 -625.121975 2.600722e+07
 -625.306922 2.621522e+07
 -625.491870 2.640849e+07
 -625.676817 2.658470e+07
 -625.861764 2.674149e+07
 -626.046712 2.687657e+07
 -626.231659 2.698771e+07
 -626.416606 2.707278e+07
 -626.601554 2.712976e+07
 -626.786501 2.715680e+07
 -626.971448 2.715222e+07
 -627.156396 2.711453e+07
 -627.341343 2.704247e+07
 -627.526290 2.693508e+07
 -627.711238 2.679163e+07
 -627.896185 2.661170e+07
 -628.081132 2.639518e+07
 -628.266080 2.614225e+07
 -628.451027 2.585342e+07
 -628.635974 2.552952e+07
 -628.820922 2.517164e+07
 -629.005869 2.478118e+07
 -629.190816 2.435976e+07
 -629.375764 2.390929e+07
 -629.560711 2.343180e+07
 -629.745658 2.292953e+07
 -629.930606 2.240478e+07
 -630.115553 2.185998e+07
 -630.300500 2.129758e+07
 -630.485447 2.071999e+07
 -630.670395 2.012959e+07
 -630.855342 1.952869e+07
 -631.040289 1.891946e+07
 -631.225237 1.830390e+07
 -631.410184 1.768391e+07
 -631.595131 1.706114e+07
 -631.780079 1.643706e+07
 -631.965026 1.581294e+07
 -632.149973 1.518984e+07
 -632.334921 1.456866e+07
 -632.519868 1.395005e+07
 -632.704815 1.333454e+07
 -632.889763 1.272251e+07
 -633.074710 1.211420e+07
 -633.259657 1.150973e+07
 -633.444605 1.090914e+07
 -633.629552 1.031245e+07
 -633.814499 9.719600e+06
 -633.999447 9.130536e+06
 -634.184394 8.545224e+06
 -634.369341 7.963640e+06
 -634.554289 7.385824e+06
 -634.739236 6.811872e+06
 -634.924183 6.241928e+06
 -635.109131 5.676280e+06
 -635.294078 5.115240e+06
 -635.479025 4.559256e+06
 -635.663973 4.008856e+06
 -635.848920 3.464672e+06
 -636.033867 2.927416e+06
 -636.218815 2.397880e+06
 -636.403762 1.876952e+06
 -636.588709 1.365552e+06
 -636.773657 8.646880e+05
 -636.958604 3.753840e+05
 -637.143551 -1.012640e+05
 -637.328499 -5.641840e+05
 -637.513446 -1.012280e+06
 -637.698393 -1.444440e+06
 -637.883341 -1.859552e+06
 -638.068288 -2.256528e+06
 -638.253235 -2.634288e+06
 -638.438183 -2.991768e+06
 -638.623130 -3.327920e+06
 -638.808077 -3.641728e+06
 -638.993025 -3.932168e+06
 -639.177972 -4.198256e+06
 -639.362919 -4.439016e+06
 -639.547867 -4.653496e+06
 -639.732814 -4.840744e+06
 -639.917761 -4.999848e+06
 -640.102709 -5.129912e+06
 -640.287656 -5.230080e+06
 -640.472603 -5.299544e+06
 -640.657551 -5.337496e+06
 -640.842498 -5.343248e+06
 -641.027445 -5.316160e+06
 -641.212393 -5.255648e+06
 -641.397340 -5.161256e+06
 -641.582287 -5.032624e+06
 -641.767235 -4.869520e+06
 -641.952182 -4.671832e+06
 -642.137129 -4.439608e+06
 -642.322077 -4.173024e+06
 -642.507024 -3.872448e+06
 -642.691971 -3.538384e+06
 -642.876919 -3.171528e+06
 -643.061866 -2.772728e+06
 -643.246813 -2.343016e+06
 -643.431761 -1.883592e+06
 -643.616708 -1.395816e+06
 -643.801655 -8.812160e+05
 -643.986603 -3.414800e+05
 -644.171550 2.215920e+05
 -644.356497 8.059920e+05
 -644.541445 1.409656e+06
 -644.726392 2.030368e+06
 -644.911339 2.665808e+06
 -645.096287 3.313600e+06
 -645.281234 3.971256e+06
 -645.466181 4.636248e+06
 -645.651129 5.306048e+06
 -645.836076 5.978056e+06
 -646.021023 6.649744e+06
 -646.205971 7.318544e+06
 -646.390918 7.981992e+06
 -646.575865 8.637664e+06
 -646.760813 9.283248e+06
 -646.945760 9.916528e+06
 -647.130707 1.053541e+07
 -647.315655 1.113794e+07
 -647.500602 1.172234e+07
 -647.685549 1.228698e+07
 -647.870497 1.283041e+07
 -648.055444 1.335135e+07
 -648.240391 1.384869e+07
 -648.425338 1.432152e+07
 -648.610286 1.476912e+07
 -648.795233 1.519092e+07
 -648.980180 1.558654e+07
 -649.165128 1.595574e+07
 -649.350075 1.629849e+07
 -649.535022 1.661489e+07
 -649.719970 1.690515e+07
 -649.904917 1.716969e+07
 -650.089864 1.740899e+07
 -650.274812 1.762370e+07
 -650.459759 1.781458e+07
 -650.644706 1.798250e+07
 -650.829654 1.812841e+07
 -651.014601 1.825338e+07
 -651.199548 1.835855e+07
 -651.384496 1.844519e+07
 -651.569443 1.851456e+07
 -651.754390 1.856805e+07
 -651.939338 1.860708e+07
 -652.124285 1.863312e+07
 -652.309232 1.864768e+07
 -652.494180 1.865226e+07
 -652.679127 1.864842e+07
 -652.864074 1.863766e+07
 -653.049022 1.862150e+07
 -653.233969 1.860138e+07
 -653.418916 1.857870e+07
 -653.603864 1.855476e+07
 -653.788811 1.853082e+07
 -653.973758 1.850796e+07
 -654.158706 1.848717e+07
 -654.343653 1.846926e+07
 -654.528600 1.845492e+07
 -654.713548 1.844466e+07
 -654.898495 1.843884e+07
 -655.083442 1.843762e+07
 -655.268390 1.844103e+07
 -655.453337 1.844891e+07
 -655.638284 1.846102e+07
 -655.823232 1.847694e+07
 -656.008179 1.849614e+07
 -656.193126 1.851807e+07
 -656.378074 1.854208e+07
 -656.563021 1.856749e+07
 -656.747968 1.859361e+07
 -656.932916 1.861976e+07
 -657.117863 1.864534e+07
 -657.302810 1.866975e+07
 -657.487758 1.869250e+07
 -657.672705 1.871319e+07
 -657.857652 1.873151e+07
 -658.042600 1.874726e+07
 -658.227547 1.876038e+07
 -658.412494 1.877088e+07
 -658.597442 1.877894e+07
 -658.782389 1.878481e+07
 -658.967336 1.878888e+07
 -659.152284 1.879162e+07
 -659.337231 1.879358e+07
 -659.522178 1.879541e+07
 -659.707126 1.879780e+07
 -659.892073 1.880150e+07
 -660.077020 1.880729e+07
 -660.261968 1.881596e+07
 -660.446915 1.882829e+07
 -660.631862 1.884505e+07
 -660.816810 1.886698e+07
 -661.001757 1.889471e+07
 -661.186704 1.892886e+07
 -661.371652 1.896993e+07
 -661.556599 1.901831e+07
 -661.741546 1.907426e+07
 -661.926494 1.913793e+07
 -662.111441 1.920934e+07
 -662.296388 1.928831e+07
 -662.481336 1.937460e+07
 -662.666283 1.946778e+07
 -662.851230 1.956727e+07
 -663.036178 1.967244e+07
 -663.221125 1.978251e+07
 -663.406072 1.989662e+07
 -663.591020 2.001387e+07
 -663.775967 2.013334e+07
 -663.960914 2.025409e+07
 -664.145862 2.037521e+07
 -664.330809 2.049586e+07
 -664.515756 2.061526e+07
 -664.700704 2.073275e+07
 -664.885651 2.084781e+07
 -665.070598 2.096002e+07
 -665.255546 2.106914e+07
 -665.440493 2.117506e+07
 -665.625440 2.127783e+07
 -665.810388 2.137767e+07
 -665.995335 2.147490e+07
 -666.180282 2.156998e+07
 -666.365229 2.166350e+07
 -666.550177 2.175608e+07
 -666.735124 2.184847e+07
 -666.920071 2.194147e+07
 -667.105019 2.203589e+07
 -667.289966 2.213258e+07
 -667.474913 2.223240e+07
 -667.659861 2.233622e+07
 -667.844808 2.244486e+07
 -668.029755 2.255914e+07
 -668.214703 2.267986e+07
 -668.399650 2.280779e+07
 -668.584597 2.294366e+07
 -668.769545 2.308812e+07
 -668.954492 2.324183e+07
 -669.139439 2.340538e+07
 -669.324387 2.357933e+07
 -669.509334 2.376417e+07
 -669.694281 2.396031e+07
 -669.879229 2.416820e+07
 -670.064176 2.438813e+07
 -670.249123 2.462038e+07
 -670.434071 2.486520e+07
 -670.619018 2.512274e+07
 -670.803965 2.539310e+07
 -670.988913 2.567632e+07
 -671.173860 2.597239e+07
 -671.358807 2.628122e+07
 -671.543755 2.660267e+07
 -671.728702 2.693650e+07
 -671.913649 2.728242e+07
 -672.098597 2.764002e+07
 -672.283544 2.800881e+07
 -672.468491 2.838823e+07
 -672.653439 2.877759e+07
 -672.838386 2.917606e+07
 -673.023333 2.958273e+07
 -673.208281 2.999650e+07
 -673.393228 3.041618e+07
 -673.578175 3.084043e+07
 -673.763123 3.126780e+07
 -673.948070 3.169666e+07
 -674.133017 3.212530e+07
 -674.317965 3.255190e+07
 -674.502912 3.297456e+07
 -674.687859 3.339129e+07
 -674.872807 3.380006e+07
 -675.057754 3.419889e+07
 -675.242701 3.458571e+07
 -675.427649 3.495858e+07
 -675.612596 3.531562e+07
 -675.797543 3.565502e+07
 -675.982491 3.597514e+07
 -676.167438 3.627446e+07
 -676.352385 3.655170e+07
 -676.537333 3.680571e+07
 -676.722280 3.703559e+07
 -676.907227 3.724066e+07
 -677.092175 3.742042e+07
 -677.277122 3.757465e+07
 -677.462069 3.770330e+07
 -677.647017 3.780653e+07
 -677.831964 3.788470e+07
 -678.016911 3.793834e+07
 -678.201859 3.796811e+07
 -678.386806 3.797480e+07
 -678.571753 3.795932e+07
 -678.756701 3.792264e+07
 -678.941648 3.786577e+07
 -679.126595 3.778976e+07
 -679.311543 3.769567e+07
 -679.496490 3.758454e+07
 -679.681437 3.745736e+07
 -679.866385 3.731512e+07
 -680.051332 3.715872e+07
 -680.236279 3.698901e+07
 -680.421227 3.680677e+07
 -680.606174 3.661270e+07
 -680.791121 3.640746e+07
 -680.976069 3.619163e+07
 -681.161016 3.596574e+07
 -681.345963 3.573021e+07
 -681.530911 3.548546e+07
 -681.715858 3.523186e+07
 -681.900805 3.496970e+07
 -682.085753 3.469926e+07
 -682.270700 3.442078e+07
 -682.455647 3.413449e+07
 -682.640595 3.384052e+07
 -682.825542 3.353906e+07
 -683.010489 3.323024e+07
 -683.195437 3.291414e+07
 -683.380384 3.259088e+07
 -683.565331 3.226048e+07
 -683.750278 3.192302e+07
 -683.935226 3.157847e+07
 -684.120173 3.122688e+07
 -684.305120 3.086818e+07
 -684.490068 3.050234e+07
 -684.675015 3.012931e+07
 -684.859962 2.974902e+07
 -685.044910 2.936136e+07
 -685.229857 2.896626e+07
 -685.414804 2.856364e+07
 -685.599752 2.815342e+07
 -685.784699 2.773554e+07
 -685.969646 2.730999e+07
 -686.154594 2.687678e+07
 -686.339541 2.643593e+07
 -686.524488 2.598757e+07
 -686.709436 2.553187e+07
 -686.894383 2.506905e+07
 -687.079330 2.459941e+07
 -687.264278 2.412335e+07
 -687.449225 2.364131e+07
 -687.634172 2.315386e+07
 -687.819120 2.266162e+07
 -688.004067 2.216528e+07
 -688.189014 2.166564e+07
 -688.373962 2.116357e+07
 -688.558909 2.065998e+07
 -688.743856 2.015587e+07
 -688.928804 1.965230e+07
 -689.113751 1.915034e+07
 -689.298698 1.865114e+07
 -689.483646 1.815583e+07
 -689.668593 1.766556e+07
 -689.853540 1.718148e+07
 -690.038488 1.670471e+07
 -690.223435 1.623632e+07
 -690.408382 1.577730e+07
 -690.593330 1.532862e+07
 -690.778277 1.489106e+07
 -690.963224 1.446534e+07
 -691.148172 1.405202e+07
 -691.333119 1.365154e+07
 -691.518066 1.326413e+07
 -691.703014 1.288990e+07
 -691.887961 1.252872e+07
 -692.072908 1.218034e+07
 -692.257856 1.184432e+07
 -692.442803 1.152006e+07
 -692.627750 1.120680e+07
 -692.812698 1.090366e+07
 -692.997645 1.060966e+07
 -693.182592 1.032373e+07
 -693.367540 1.004474e+07
 -693.552487 9.771552e+06
 -693.737434 9.503040e+06
 -693.922382 9.238104e+06
 -694.107329 8.975720e+06
 -694.292276 8.714976e+06
 -694.477224 8.455056e+06
 -694.662171 8.195296e+06
 -694.847118 7.935192e+06
 -695.032066 7.674408e+06
 -695.217013 7.412784e+06
 -695.401960 7.150328e+06
 -695.586908 6.887216e+06
 -695.771855 6.623792e+06
 -695.956802 6.360528e+06
 -696.141750 6.098048e+06
 -696.326697 5.837072e+06
 -696.511644 5.578392e+06
 -696.696592 5.322888e+06
 -696.881539 5.071504e+06
 -697.066486 4.825160e+06
 -697.251434 4.584808e+06
 -697.436381 4.351384e+06
 -697.621328 4.125800e+06
 -697.806276 3.908896e+06
 -697.991223 3.701504e+06
 -698.176170 3.504360e+06
 -698.361118 3.318152e+06
 -698.546065 3.143488e+06
 -698.731012 2.980896e+06
 -698.915960 2.830824e+06
 -699.100907 2.693672e+06
 -699.285854 2.569712e+06
 -699.470802 2.459168e+06
 -699.655749 2.362160e+06
 -699.840696 2.278728e+06
 -700.025644 2.208848e+06
 -700.210591 2.152400e+06
 -700.395538 2.109168e+06
 -700.580486 2.078864e+06
 -700.765433 2.061168e+06
 -700.950380 2.055640e+06
 -701.135328 2.061824e+06
 -701.320275 2.079192e+06
 -701.505222 2.107224e+06
 -701.690169 2.145344e+06
 -701.875117 2.193024e+06
 -702.060064 2.249744e+06
 -702.245011 2.315008e+06
 -702.429959 2.388392e+06
 -702.614906 2.469544e+06
 -702.799853 2.558184e+06
 -702.984801 2.654144e+06
 -703.169748 2.757328e+06
 -703.354695 2.867744e+06
 -703.539643 2.985512e+06
 -703.724590 3.110848e+06
 -703.909537 3.244032e+06
 -704.094485 3.385416e+06
 -704.279432 3.535416e+06
 -704.464379 3.694472e+06
 -704.649327 3.863056e+06
 -704.834274 4.041656e+06
 -705.019221 4.230672e+06
 -705.204169 4.430528e+06
 -705.389116 4.641544e+06
 -705.574063 4.863976e+06
 -705.759011 5.097984e+06
 -705.943958 5.343584e+06
 -706.128905 5.600696e+06
 -706.313853 5.869072e+06
 -706.498800 6.148336e+06
 -706.683747 6.437936e+06
 -706.868695 6.737200e+06
 -707.053642 7.045240e+06
 -707.238589 7.361056e+06
 -707.423537 7.683512e+06
 -707.608484 8.011296e+06
 -707.793431 8.342992e+06
 -707.978379 8.677080e+06
 -708.163326 9.011944e+06
 -708.348273 9.345896e+06
 -708.533221 9.677192e+06
 -708.718168 1.000406e+07
 -708.903115 1.032477e+07
 -709.088063 1.063756e+07
 -709.273010 1.094072e+07
 -709.457957 1.123264e+07
 -709.642905 1.151178e+07
 -709.827852 1.177672e+07
 -710.012799 1.202617e+07
 -710.197747 1.225896e+07
 -710.382694 1.247410e+07
 -710.567641 1.267075e+07
 -710.752589 1.284825e+07
 -710.937536 1.300608e+07
 -711.122483 1.314391e+07
 -711.307431 1.326156e+07
 -711.492378 1.335902e+07
 -711.677325 1.343642e+07
 -711.862273 1.349401e+07
 -712.047220 1.353220e+07
 -712.232167 1.355146e+07
 -712.417115 1.355242e+07
 -712.602062 1.353574e+07
 -712.787009 1.350218e+07
 -712.971957 1.345254e+07
 -713.156904 1.338769e+07
 -713.341851 1.330849e+07
 -713.526799 1.321589e+07
 -713.711746 1.311078e+07
 -713.896693 1.299414e+07
 -714.081641 1.286687e+07
 -714.266588 1.272994e+07
 -714.451535 1.258427e+07
 -714.636483 1.243080e+07
 -714.821430 1.227049e+07
 -715.006377 1.210424e+07
 -715.191325 1.193303e+07
 -715.376272 1.175780e+07
 -715.561219 1.157952e+07
 -715.746167 1.139916e+07
 -715.931114 1.121774e+07
 -716.116061 1.103626e+07
 -716.301009 1.085581e+07
 -716.485956 1.067740e+07
 -716.670903 1.050213e+07
 -716.855851 1.033106e+07
 -717.040798 1.016531e+07
 -717.225745 1.000592e+07
 -717.410693 9.853928e+06
 -717.595640 9.710312e+06
 -717.780587 9.576032e+06
 -717.965535 9.451912e+06
 -718.150482 9.338752e+06
 -718.335429 9.237184e+06
 -718.520377 9.147752e+06
 -718.705324 9.070864e+06
 -718.890271 9.006776e+06
 -719.075219 8.955640e+06
 -719.260166 8.917424e+06
 -719.445113 8.891952e+06
 -719.630060 8.878952e+06
 -719.815008 8.877984e+06
 -719.999955 8.888528e+06
 -720.184902 8.909920e+06
 -720.369850 8.941456e+06
 -720.554797 8.982368e+06
 -720.739744 9.031808e+06
 -720.924692 9.088928e+06
 -721.109639 9.152872e+06
 -721.294586 9.222792e+06
 -721.479534 9.297856e+06
 -721.664481 9.377296e+06
 -721.849428 9.460368e+06
 -722.034376 9.546416e+06
 -722.219323 9.634832e+06
 -722.404270 9.725088e+06
 -722.589218 9.816744e+06
 -722.774165 9.909384e+06
 -722.959112 1.000271e+07
 -723.144060 1.009643e+07
 -723.329007 1.019035e+07
 -723.513954 1.028425e+07
 -723.698902 1.037799e+07
 -723.883849 1.047141e+07
 -724.068796 1.056431e+07
 -724.253744 1.065653e+07
 -724.438691 1.074782e+07
 -724.623638 1.083790e+07
 -724.808586 1.092646e+07
 -724.993533 1.101308e+07
 -725.178480 1.109730e+07
 -725.363428 1.117858e+07
 -725.548375 1.125632e+07
 -725.733322 1.132986e+07
 -725.918270 1.139846e+07
 -726.103217 1.146139e+07
 -726.288164 1.151787e+07
 -726.473112 1.156712e+07
 -726.658059 1.160835e+07
 -726.843006 1.164083e+07
 -727.027954 1.166388e+07
 -727.212901 1.167684e+07
 -727.397848 1.167916e+07
 -727.582796 1.167039e+07
 -727.767743 1.165017e+07
 -727.952690 1.161825e+07
 -728.137638 1.157451e+07
 -728.322585 1.151892e+07
 -728.507532 1.145162e+07
 -728.692480 1.137282e+07
 -728.877427 1.128286e+07
 -729.062374 1.118218e+07
 -729.247322 1.107128e+07
 -729.432269 1.095080e+07
 -729.617216 1.082138e+07
 -729.802164 1.068379e+07
 -729.987111 1.053877e+07
 -730.172058 1.038711e+07
 -730.357006 1.022965e+07
 -730.541953 1.006721e+07
 -730.726900 9.900584e+06
 -730.911848 9.730616e+06
 -731.096795 9.558064e+06
 -731.281742 9.383720e+06
 -731.466690 9.208304e+06
 -731.651637 9.032520e+06
 -731.836584 8.857032e+06
 -732.021532 8.682472e+06
 -732.206479 8.509400e+06
 -732.391426 8.338360e+06
 -732.576374 8.169800e+06
 -732.761321 8.004160e+06
 -732.946268 7.841768e+06
 -733.131216 7.682920e+06
 -733.316163 7.527808e+06
 -733.501110 7.376568e+06
 -733.686058 7.229232e+06
 -733.871005 7.085768e+06
 -734.055952 6.946040e+06
 -734.240900 6.809832e+06
 -734.425847 6.676808e+06
 -734.610794 6.546584e+06
 -734.795742 6.418672e+06
 -734.980689 6.292536e+06
 -735.165636 6.167568e+06
 -735.350584 6.043088e+06
 -735.535531 5.918424e+06
 -735.720478 5.792864e+06
 -735.905426 5.665704e+06
 -736.090373 5.536248e+06
 -736.275320 5.403896e+06
 -736.460268 5.268032e+06
 -736.645215 5.128200e+06
 -736.830162 4.984000e+06
 -737.015109 4.835176e+06
 -737.200057 4.681600e+06
 -737.385004 4.523328e+06
 -737.569951 4.360528e+06
 -737.754899 4.193576e+06
 -737.939846 4.023008e+06
 -738.124793 3.849536e+06
 -738.309741 3.674032e+06
 -738.494688 3.497536e+06
 -738.679635 3.321216e+06
 -738.864583 3.146368e+06
 -739.049530 2.974416e+06
 -739.234477 2.806848e+06
 -739.419425 2.645216e+06
 -739.604372 2.491112e+06
 -739.789319 2.346136e+06
 -739.974267 2.211880e+06
 -740.159214 2.089904e+06
 -740.344161 1.981744e+06
 -740.529109 1.888840e+06
 -740.714056 1.812568e+06
 -740.899003 1.754232e+06
 -741.083951 1.715024e+06
 -741.268898 1.696096e+06
 -741.453845 1.698440e+06
 -741.638793 1.723032e+06
 -741.823740 1.770728e+06
 -742.008687 1.842304e+06
 -742.193635 1.938520e+06
 -742.378582 2.060000e+06
 -742.563529 2.207368e+06
 -742.748477 2.381152e+06
 -742.933424 2.581848e+06
 -743.118371 2.809920e+06
 -743.303319 3.065728e+06
 -743.488266 3.349624e+06
 -743.673213 3.661904e+06
 -743.858161 4.002760e+06
 -744.043108 4.372360e+06
 -744.228055 4.770808e+06
 -744.413003 5.198072e+06
 -744.597950 5.654104e+06
 -744.782897 6.138728e+06
 -744.967845 6.651704e+06
 -745.152792 7.192672e+06
 -745.337739 7.761160e+06
 -745.522687 8.356616e+06
 -745.707634 8.978384e+06
 -745.892581 9.625680e+06
 -746.077529 1.029763e+07
 -746.262476 1.099323e+07
 -746.447423 1.171142e+07
 -746.632371 1.245098e+07
 -746.817318 1.321062e+07
 -747.002265 1.398899e+07
 -747.187213 1.478458e+07
 -747.372160 1.559588e+07
 -747.557107 1.642124e+07
 -747.742055 1.725895e+07
 -747.927002 1.810728e+07
 -748.111949 1.896438e+07
 -748.296897 1.982840e+07
 -748.481844 2.069740e+07
 -748.666791 2.156944e+07
 -748.851739 2.244251e+07
 -749.036686 2.331460e+07
 -749.221633 2.418367e+07
 -749.406581 2.504764e+07
 -749.591528 2.590447e+07
 -749.776475 2.675208e+07
 -749.961423 2.758843e+07
 -750.146370 2.841147e+07
 -750.331317 2.921922e+07
 -750.516265 3.000970e+07
 -750.701212 3.078107e+07
 -750.886159 3.153148e+07
 -751.071107 3.225922e+07
 -751.256054 3.296268e+07
 -751.441001 3.364038e+07
 -751.625949 3.429099e+07
 -751.810896 3.491333e+07
 -751.995843 3.550636e+07
 -752.180791 3.606927e+07
 -752.365738 3.660141e+07
 -752.550685 3.710232e+07
 -752.735633 3.757174e+07
 -752.920580 3.800959e+07
 -753.105527 3.841599e+07
 -753.290475 3.879124e+07
 -753.475422 3.913577e+07
 -753.660369 3.945019e+07
 -753.845317 3.973525e+07
 -754.030264 3.999179e+07
 -754.215211 4.022075e+07
 -754.400159 4.042321e+07
 -754.585106 4.060024e+07
 -754.770053 4.075302e+07
 -754.955000 4.088274e+07
 -755.139948 4.099062e+07
 -755.324895 4.107794e+07
 -755.509842 4.114593e+07
 -755.694790 4.119585e+07
 -755.879737 4.122894e+07
 -756.064684 4.124649e+07
 -756.249632 4.124970e+07
 -756.434579 4.123982e+07
 -756.619526 4.121803e+07
 -756.804474 4.118554e+07
 -756.989421 4.114350e+07
 -757.174368 4.109304e+07
 -757.359316 4.103525e+07
 -757.544263 4.097116e+07
 -757.729210 4.090177e+07
 -757.914158 4.082798e+07
 -758.099105 4.075066e+07
 -758.284052 4.067057e+07
 -758.469000 4.058837e+07
 -758.653947 4.050461e+07
 -758.838894 4.041974e+07
 -759.023842 4.033406e+07
 -759.208789 4.024776e+07
 -759.393736 4.016087e+07
 -759.578684 4.007330e+07
 -759.763631 3.998478e+07
 -759.948578 3.989489e+07
 -760.133526 3.980308e+07
 -760.318473 3.970866e+07
 -760.503420 3.961079e+07
 -760.688368 3.950850e+07
 -760.873315 3.940070e+07
 -761.058262 3.928620e+07
 -761.243210 3.916371e+07
 -761.428157 3.903188e+07
 -761.613104 3.888929e+07
 -761.798052 3.873447e+07
 -761.982999 3.856600e+07
 -762.167946 3.838240e+07
 -762.352894 3.818226e+07
 -762.537841 3.796420e+07
 -762.722788 3.772698e+07
 -762.907736 3.746940e+07
 -763.092683 3.719044e+07
 -763.277630 3.688922e+07
 -763.462578 3.656503e+07
 -763.647525 3.621738e+07
 -763.832472 3.584597e+07
 -764.017420 3.545071e+07
 -764.202367 3.503183e+07
 -764.387314 3.458974e+07
 -764.572262 3.412511e+07
 -764.757209 3.363886e+07
 -764.942156 3.313216e+07
 -765.127104 3.260642e+07
 -765.312051 3.206324e+07
 -765.496998 3.150444e+07
 -765.681946 3.093201e+07
 -765.866893 3.034806e+07
 -766.051840 2.975485e+07
 -766.236788 2.915466e+07
 -766.421735 2.854989e+07
 -766.606682 2.794286e+07
 -766.791630 2.733591e+07
 -766.976577 2.673129e+07
 -767.161524 2.613115e+07
 -767.346472 2.553752e+07
 -767.531419 2.495222e+07
 -767.716366 2.437692e+07
 -767.901314 2.381307e+07
 -768.086261 2.326191e+07
 -768.271208 2.272442e+07
 -768.456156 2.220138e+07
 -768.641103 2.169330e+07
 -768.826050 2.120050e+07
 -769.010998 2.072309e+07
 -769.195945 2.026094e+07
 -769.380892 1.981379e+07
 -769.565840 1.938117e+07
 -769.750787 1.896254e+07
 -769.935734 1.855720e+07
 -770.120682 1.816438e+07
 -770.305629 1.778326e+07
 -770.490576 1.741296e+07
 -770.675524 1.705263e+07
 -770.860471 1.670138e+07
 -771.045418 1.635837e+07
 -771.230366 1.602280e+07
 -771.415313 1.569395e+07
 -771.600260 1.537113e+07
 -771.785208 1.505374e+07
 -771.970155 1.474126e+07
 -772.155102 1.443326e+07
 -772.340050 1.412938e+07
 -772.524997 1.382936e+07
 -772.709944 1.353300e+07
 -772.894891 1.324021e+07
 -773.079839 1.295092e+07
 -773.264786 1.266519e+07
 -773.449733 1.238311e+07
 -773.634681 1.210485e+07
 -773.819628 1.183064e+07
 -774.004575 1.156079e+07
 -774.189523 1.129567e+07
 -774.374470 1.103571e+07
 -774.559417 1.078138e+07
 -774.744365 1.053327e+07
 -774.929312 1.029198e+07
 -775.114259 1.005817e+07
 -775.299207 9.832544e+06
 -775.484154 9.615864e+06
 -775.669101 9.408856e+06
 -775.854049 9.212328e+06
 -776.038996 9.026992e+06
 -776.223943 8.853592e+06
 -776.408891 8.692768e+06
 -776.593838 8.545112e+06
 -776.778785 8.411120e+06
 -776.963733 8.291144e+06
 -777.148680 8.185456e+06
 -777.333627 8.094112e+06
 -777.518575 8.017072e+06
 -777.703522 7.954104e+06
 -777.888469 7.904792e+06
 -778.073417 7.868592e+06
 -778.258364 7.844784e+06
 -778.443311 7.832496e+06
 -778.628259 7.830736e+06
 -778.813206 7.838392e+06
 -778.998153 7.854280e+06
 -779.183101 7.877120e+06
 -779.368048 7.905640e+06
 -779.552995 7.938520e+06
 -779.737943 7.974488e+06
 -779.922890 8.012320e+06
 -780.107837 8.050864e+06
 -780.292785 8.089064e+06
 -780.477732 8.126008e+06
 -780.662679 8.160904e+06
 -780.847627 8.193128e+06
 -781.032574 8.222200e+06
 -781.217521 8.247824e+06
 -781.402469 8.269864e+06
 -781.587416 8.288312e+06
 -781.772363 8.303336e+06
 -781.957311 8.315200e+06
 -782.142258 8.324288e+06
 -782.327205 8.331032e+06
 -782.512153 8.335936e+06
 -782.697100 8.339496e+06
 -782.882047 8.342184e+06
 -783.066995 8.344448e+06
 -783.251942 8.346640e+06
 -783.436889 8.348992e+06
 -783.621837 8.351632e+06
 -783.806784 8.354504e+06
 -783.991731 8.357432e+06
 -784.176679 8.360008e+06
 -784.361626 8.361720e+06
 -784.546573 8.361816e+06
 -784.731521 8.359456e+06
 -784.916468 8.353576e+06
 -785.101415 8.343088e+06
 -785.286363 8.326728e+06
 -785.471310 8.303208e+06
 -785.656257 8.271224e+06
 -785.841205 8.229440e+06
 -786.026152 8.176568e+06
 -786.211099 8.111408e+06
 -786.396047 8.032832e+06
 -786.580994 7.939872e+06
 -786.765941 7.831664e+06
 -786.950889 7.707592e+06
 -787.135836 7.567160e+06
 -787.320783 7.410128e+06
 -787.505731 7.236424e+06
 -787.690678 7.046208e+06
 -787.875625 6.839856e+06
 -788.060573 6.617928e+06
 -788.245520 6.381168e+06
 -788.430467 6.130504e+06
 -788.615415 5.867016e+06
 -788.800362 5.591896e+06
 -788.985309 5.306464e+06
 -789.170257 5.012104e+06
 -789.355204 4.710248e+06
 -789.540151 4.402368e+06
 -789.725099 4.089944e+06
 -789.910046 3.774384e+06
 -790.094993 3.457112e+06
 -790.279940 3.139440e+06
 -790.464888 2.822632e+06
 -790.649835 2.507840e+06
 -790.834782 2.196104e+06
 -791.019730 1.888376e+06
 -791.204677 1.585480e+06
 -791.389624 1.288120e+06
 -791.574572 9.969120e+05
 -791.759519 7.123520e+05
 -791.944466 4.348400e+05
 -792.129414 1.646960e+05
 -792.314361 -9.784000e+04
 -792.499308 -3.526000e+05
 -792.684256 -5.994720e+05
 -792.869203 -8.383520e+05
 -793.054150 -1.069208e+06
 -793.239098 -1.292016e+06
 -793.424045 -1.506728e+06
 -793.608992 -1.713328e+06
 -793.793940 -1.911784e+06
 -793.978887 -2.102024e+06
 -794.163834 -2.283976e+06
 -794.348782 -2.457552e+06
 -794.533729 -2.622592e+06
 -794.718676 -2.778992e+06
 -794.903624 -2.926560e+06
 -795.088571 -3.065152e+06
 -795.273518 -3.194600e+06
 -795.458466 -3.314760e+06
 -795.643413 -3.425520e+06
 -795.828360 -3.526832e+06
 -796.013308 -3.618688e+06
 -796.198255 -3.701168e+06
 -796.383202 -3.774456e+06
 -796.568150 -3.838824e+06
 -796.753097 -3.894672e+06
 -796.938044 -3.942544e+06
 -797.122992 -3.983096e+06
 -797.307939 -4.017128e+06
 -797.492886 -4.045552e+06
 -797.677834 -4.069464e+06
 -797.862781 -4.090024e+06
 -798.047728 -4.108520e+06
 -798.232676 -4.126304e+06
 -798.417623 -4.144832e+06
 -798.602570 -4.165576e+06
 -798.787518 -4.190032e+06
 -798.972465 -4.219664e+06
 -799.157412 -4.255944e+06
 -799.342360 -4.300208e+06
 -799.527307 -4.353744e+06
 -799.712254 -4.417680e+06
 -799.897202 -4.492984e+06
 -800.082149 -4.580448e+06
 -800.267096 -4.680672e+06
 -800.452044 -4.794024e+06
 -800.636991 -4.920632e+06
 -800.821938 -5.060384e+06
 -801.006886 -5.212936e+06
 -801.191833 -5.377704e+06
 -801.376780 -5.553856e+06
 -801.561728 -5.740352e+06
 -801.746675 -5.935968e+06
 -801.931622 -6.139272e+06
 -802.116570 -6.348736e+06
 -802.301517 -6.562672e+06
 -802.486464 -6.779304e+06
 -802.671412 -6.996848e+06
 -802.856359 -7.213464e+06
 -803.041306 -7.427320e+06
 -803.226254 -7.636664e+06
 -803.411201 -7.839784e+06
 -803.596148 -8.035080e+06
 -803.781096 -8.221072e+06
 -803.966043 -8.396432e+06
 -804.150990 -8.559944e+06
 -804.335938 -8.710592e+06
 -804.520885 -8.847512e+06
 -804.705832 -8.970008e+06
 -804.890780 -9.077560e+06
 -805.075727 -9.169808e+06
 -805.260674 -9.246544e+06
 -805.445622 -9.307728e+06
 -805.630569 -9.353432e+06
 -805.815516 -9.383848e+06
 -806.000464 -9.399304e+06
 -806.185411 -9.400184e+06
 -806.370358 -9.386984e+06
 -806.555306 -9.360232e+06
 -806.740253 -9.320496e+06
 -806.925200 -9.268376e+06
 -807.110148 -9.204488e+06
 -807.295095 -9.129416e+06
 -807.480042 -9.043736e+06
 -807.664990 -8.947968e+06
 -807.849937 -8.842592e+06
 -808.034884 -8.727984e+06
 -808.219831 -8.604512e+06
 -808.404779 -8.472392e+06
 -808.589726 -8.331800e+06
 -808.774673 -8.182752e+06
 -808.959621 -8.025248e+06
 -809.144568 -7.859112e+06
 -809.329515 -7.684152e+06
 -809.514463 -7.500056e+06
 -809.699410 -7.306432e+06
 -809.884357 -7.102864e+06
 -810.069305 -6.888856e+06
 -810.254252 -6.663928e+06
 -810.439199 -6.427568e+06
 -810.624147 -6.179288e+06
 -810.809094 -5.918656e+06
 -810.994041 -5.645296e+06
 -811.178989 -5.358936e+06
 -811.363936 -5.059416e+06
 -811.548883 -4.746672e+06
 -811.733831 -4.420824e+06
 -811.918778 -4.082168e+06
 -812.103725 -3.731136e+06
 -812.288673 -3.368376e+06
 -812.473620 -2.994696e+06
 -812.658567 -2.611112e+06
 -812.843515 -2.218784e+06
 -813.028462 -1.819048e+06
 -813.213409 -1.413368e+06
 -813.398357 -1.003376e+06
 -813.583304 -5.907520e+05
 -813.768251 -1.772960e+05
 -813.953199 2.351600e+05
 -814.138146 6.447600e+05
 -814.323093 1.049624e+06
 -814.508041 1.447920e+06
 -814.692988 1.837848e+06
 -814.877935 2.217680e+06
 -815.062883 2.585776e+06
 -815.247830 2.940584e+06
 -815.432777 3.280656e+06
 -815.617725 3.604704e+06
 -815.802672 3.911496e+06
 -815.987619 4.199992e+06
 -816.172567 4.469248e+06
 -816.357514 4.718408e+06
 -816.542461 4.946800e+06
 -816.727409 5.153800e+06
 -816.912356 5.338936e+06
 -817.097303 5.501776e+06
 -817.282251 5.642048e+06
 -817.467198 5.759480e+06
 -817.652145 5.853952e+06
 -817.837093 5.925368e+06
 -818.022040 5.973696e+06
 -818.206987 5.999032e+06
 -818.391935 6.001472e+06
 -818.576882 5.981248e+06
 -818.761829 5.938648e+06
 -818.946777 5.874048e+06
 -819.131724 5.787936e+06
 -819.316671 5.680904e+06
 -819.501619 5.553640e+06
 -819.686566 5.407000e+06
 -819.871513 5.241928e+06
 -820.056461 5.059520e+06
 -820.241408 4.861016e+06
 -820.426355 4.647776e+06
 -820.611303 4.421280e+06
 -820.796250 4.183160e+06
 -820.981197 3.935128e+06
 -821.166145 3.678992e+06
 -821.351092 3.416640e+06
 -821.536039 3.149984e+06
 -821.720987 2.880984e+06
 -821.905934 2.611584e+06
 -822.090881 2.343696e+06
 -822.275829 2.079160e+06
 -822.460776 1.819744e+06
 -822.645723 1.567056e+06
 -822.830671 1.322624e+06
 -823.015618 1.087728e+06
 -823.200565 8.635200e+05
 -823.385513 6.509360e+05
 -823.570460 4.506880e+05
 -823.755407 2.632960e+05
 -823.940355 8.907200e+04
 -824.125302 -7.187200e+04
 -824.310249 -2.196480e+05
 -824.495197 -3.544960e+05
 -824.680144 -4.768160e+05
 -824.865091 -5.871360e+05
 -825.050039 -6.860880e+05
 -825.234986 -7.743760e+05
 -825.419933 -8.527760e+05
 -825.604881 -9.220560e+05
 -825.789828 -9.830160e+05
 -825.974775 -1.036440e+06
 -826.159722 -1.083080e+06
 -826.344670 -1.123672e+06
 -826.529617 -1.158864e+06
 -826.714564 -1.189304e+06
 -826.899512 -1.215552e+06
 -827.084459 -1.238176e+06
 -827.269406 -1.257648e+06
 -827.454354 -1.274464e+06
 -827.639301 -1.289048e+06
 -827.824248 -1.301864e+06
 -828.009196 -1.313352e+06
 -828.194143 -1.323968e+06
 -828.379090 -1.334176e+06
 -828.564038 -1.344448e+06
 -828.748985 -1.355320e+06
 -828.933932 -1.367320e+06
 -829.118880 -1.381016e+06
 -829.303827 -1.396976e+06
 -829.488774 -1.415784e+06
 -829.673722 -1.438040e+06
 -829.858669 -1.464280e+06
 -830.043616 -1.495056e+06
 -830.228564 -1.530848e+06
 -830.413511 -1.572112e+06
 -830.598458 -1.619184e+06
 -830.783406 -1.672344e+06
 -830.968353 -1.731752e+06
 -831.153300 -1.797472e+06
 -831.338248 -1.869416e+06
 -831.523195 -1.947424e+06
 -831.708142 -2.031136e+06
 -831.893090 -2.120112e+06
 -832.078037 -2.213728e+06
 -832.262984 -2.311304e+06
 -832.447932 -2.411968e+06
 -832.632879 -2.514776e+06
 -832.817826 -2.618696e+06
 -833.002774 -2.722568e+06
 -833.187721 -2.825248e+06
 -833.372668 -2.925464e+06
 -833.557616 -3.021976e+06
 -833.742563 -3.113504e+06
 -833.927510 -3.198808e+06
 -834.112458 -3.276672e+06
 -834.297405 -3.345952e+06
 -834.482352 -3.405536e+06
 -834.667300 -3.454464e+06
 -834.852247 -3.491848e+06
 -835.037194 -3.516904e+06
 -835.222142 -3.529032e+06
 -835.407089 -3.527752e+06
 -835.592036 -3.512712e+06
 -835.776984 -3.483760e+06
 -835.961931 -3.440888e+06
 -836.146878 -3.384264e+06
 -836.331826 -3.314208e+06
 -836.516773 -3.231216e+06
 -836.701720 -3.135936e+06
 -836.886668 -3.029184e+06
 -837.071615 -2.911904e+06
 -837.256562 -2.785200e+06
 -837.441510 -2.650256e+06
 -837.626457 -2.508392e+06
 -837.811404 -2.361008e+06
 -837.996352 -2.209560e+06
 -838.181299 -2.055536e+06
 -838.366246 -1.900472e+06
 -838.551194 -1.745856e+06
 -838.736141 -1.593168e+06
 -838.921088 -1.443808e+06
 -839.106036 -1.299080e+06
 -839.290983 -1.160192e+06
 -839.475930 -1.028208e+06
 -839.660878 -9.040240e+05
 -839.845825 -7.883760e+05
 -840.030772 -6.817840e+05
 -840.215720 -5.846000e+05
 -840.400667 -4.969520e+05
 -840.585614 -4.187600e+05
 -840.770562 -3.497440e+05
 -840.955509 -2.894400e+05
 -841.140456 -2.371760e+05
 -841.325404 -1.921520e+05
 -841.510351 -1.533920e+05
 -841.695298 -1.197920e+05
 -841.880246 -9.016000e+04
 -842.065193 -6.323200e+04
 -842.250140 -3.766400e+04
 -842.435088 -1.212000e+04
 -842.620035 1.476800e+04
 -842.804982 4.434400e+04
 -842.989930 7.792800e+04
 -843.174877 1.167360e+05
 -843.359824 1.619680e+05
 -843.544771 2.147440e+05
 -843.729719 2.760560e+05
 -843.914666 3.468400e+05
 -844.099613 4.279360e+05
 -844.284561 5.200640e+05
 -844.469508 6.239120e+05
 -844.654455 7.400160e+05
 -844.839403 8.688800e+05
 -845.024350 1.010928e+06
 -845.209297 1.166528e+06
 -845.394245 1.335992e+06
 -845.579192 1.519584e+06
 -845.764139 1.717552e+06
 -845.949087 1.930088e+06
 -846.134034 2.157408e+06
 -846.318981 2.399688e+06
 -846.503929 2.657072e+06
 -846.688876 2.929752e+06
 -846.873823 3.217840e+06
 -847.058771 3.521488e+06
 -847.243718 3.840816e+06
 -847.428665 4.175912e+06
 -847.613613 4.526816e+06
 -847.798560 4.893576e+06
 -847.983507 5.276152e+06
 -848.168455 5.674424e+06
 -848.353402 6.088248e+06
 -848.538349 6.517328e+06
 -848.723297 6.961328e+06
 -848.908244 7.419752e+06
 -849.093191 7.892024e+06
 -849.278139 8.377408e+06
 -849.463086 8.875064e+06
 -849.648033 9.383992e+06
 -849.832981 9.903104e+06
 -850.017928 1.043116e+07
 -850.202875 1.096677e+07
 -850.387823 1.150850e+07
 -850.572770 1.205477e+07
 -850.757717 1.260397e+07
 -850.942665 1.315438e+07
 -851.127612 1.370430e+07
 -851.312559 1.425201e+07
 -851.497507 1.479574e+07
 -851.682454 1.533384e+07
 -851.867401 1.586469e+07
 -852.052349 1.638670e+07
 -852.237296 1.689846e+07
 -852.422243 1.739859e+07
 -852.607191 1.788589e+07
 -852.792138 1.835925e+07
 -852.977085 1.881770e+07
 -853.162033 1.926040e+07
 -853.346980 1.968662e+07
 -853.531927 2.009574e+07
 -853.716875 2.048724e+07
 -853.901822 2.086066e+07
 -854.086769 2.121561e+07
 -854.271717 2.155174e+07
 -854.456664 2.186874e+07
 -854.641611 2.216627e+07
 -854.826559 2.244402e+07
 -855.011506 2.270164e+07
 -855.196453 2.293878e+07
 -855.381401 2.315505e+07
 -855.566348 2.335006e+07
 -855.751295 2.352338e+07
 -855.936243 2.367462e+07
 -856.121190 2.380336e+07
 -856.306137 2.390924e+07
 -856.491085 2.399193e+07
 -856.676032 2.405120e+07
 -856.860979 2.408686e+07
 -857.045927 2.409887e+07
 -857.230874 2.408732e+07
 -857.415821 2.405242e+07
 -857.600769 2.399452e+07
 -857.785716 2.391416e+07
 -857.970663 2.381207e+07
 -858.155611 2.368909e+07
 -858.340558 2.354627e+07
 -858.525505 2.338480e+07
 -858.710453 2.320604e+07
 -858.895400 2.301146e+07
 -859.080347 2.280267e+07
 -859.265295 2.258138e+07
 -859.450242 2.234941e+07
 -859.635189 2.210858e+07
 -859.820137 2.186081e+07
 -860.005084 2.160802e+07
 -860.190031 2.135210e+07
 -860.374979 2.109496e+07
 -860.559926 2.083842e+07
 -860.744873 2.058422e+07
 -860.929821 2.033406e+07
 -861.114768 2.008946e+07
 -861.299715 1.985184e+07
 -861.484662 1.962248e+07
 -861.669610 1.940247e+07
 -861.854557 1.919274e+07
 -862.039504 1.899402e+07
 -862.224452 1.880686e+07
 -862.409399 1.863158e+07
 -862.594346 1.846834e+07
 -862.779294 1.831709e+07
 -862.964241 1.817758e+07
 -863.149188 1.804941e+07
 -863.334136 1.793199e+07
 -863.519083 1.782459e+07
 -863.704030 1.772638e+07
 -863.888978 1.763634e+07
 -864.073925 1.755347e+07
 -864.258872 1.747666e+07
 -864.443820 1.740478e+07
 -864.628767 1.733670e+07
 -864.813714 1.727130e+07
 -864.998662 1.720750e+07
 -865.183609 1.714430e+07
 -865.368556 1.708075e+07
 -865.553504 1.701608e+07
 -865.738451 1.694955e+07
 -865.923398 1.688062e+07
 -866.108346 1.680886e+07
 -866.293293 1.673395e+07
 -866.478240 1.665578e+07
 -866.663188 1.657435e+07
 -866.848135 1.648978e+07
 -867.033082 1.640233e+07
 -867.218030 1.631237e+07
 -867.402977 1.622038e+07
 -867.587924 1.612693e+07
 -867.772872 1.603259e+07
 -867.957819 1.593806e+07
 -868.142766 1.584398e+07
 -868.327714 1.575106e+07
 -868.512661 1.565992e+07
 -868.697608 1.557118e+07
 -868.882556 1.548538e+07
 -869.067503 1.540298e+07
 -869.252450 1.532436e+07
 -869.437398 1.524978e+07
 -869.622345 1.517936e+07
 -869.807292 1.511312e+07
 -869.992240 1.505094e+07
 -870.177187 1.499254e+07
 -870.362134 1.493754e+07
 -870.547082 1.488539e+07
 -870.732029 1.483542e+07
 -870.916976 1.478684e+07
 -871.101924 1.473874e+07
 -871.286871 1.469013e+07
 -871.471818 1.463987e+07
 -871.656766 1.458680e+07
 -871.841713 1.452966e+07
 -872.026660 1.446718e+07
 -872.211608 1.439798e+07
 -872.396555 1.432074e+07
 -872.581502 1.423406e+07
 -872.766450 1.413658e+07
 -872.951397 1.402697e+07
 -873.136344 1.390390e+07
 -873.321292 1.376606e+07
 -873.506239 1.361224e+07
 -873.691186 1.344126e+07
 -873.876134 1.325202e+07
 -874.061081 1.304346e+07
 -874.246028 1.281463e+07
 -874.430976 1.256467e+07
 -874.615923 1.229280e+07
 -874.800870 1.199830e+07
 -874.985818 1.168058e+07
 -875.170765 1.133915e+07
 -875.355712 1.097356e+07
 -875.540660 1.058350e+07
 -875.725607 1.016871e+07
 -875.910554 9.729040e+06
 -876.095502 9.264400e+06
 -876.280449 8.774760e+06
 -876.465396 8.260216e+06
 -876.650344 7.720864e+06
 -876.835291 7.156920e+06
 -877.020238 6.568632e+06
 -877.205186 5.956328e+06
 -877.390133 5.320432e+06
 -877.575080 4.661416e+06
 -877.760028 3.979848e+06
 -877.944975 3.276384e+06
 -878.129922 2.551800e+06
 -878.314870 1.806976e+06
 -878.499817 1.042928e+06
 -878.684764 2.608240e+05
 -878.869712 -5.380160e+05
 -879.054659 -1.352128e+06
 -879.239606 -2.179840e+06
 -879.424553 -3.019288e+06
 -879.609501 -3.868448e+06
 -879.794448 -4.725072e+06
 -879.979395 -5.586768e+06
 -880.164343 -6.450896e+06
 -880.349290 -7.314712e+06
 -880.534237 -8.175280e+06
 -880.719185 -9.029584e+06
 -880.904132 -9.874480e+06
 -881.089079 -1.070677e+07
 -881.274027 -1.152324e+07
 -881.458974 -1.232067e+07
 -881.643921 -1.309594e+07
 -881.828869 -1.384597e+07
 -882.013816 -1.456790e+07
 -882.198763 -1.525900e+07
 -882.383711 -1.591679e+07
 -882.568658 -1.653907e+07
 -882.753605 -1.712390e+07
 -882.938553 -1.766969e+07
 -883.123500 -1.817521e+07
 -883.308447 -1.863955e+07
 -883.493395 -1.906218e+07
 -883.678342 -1.944299e+07
 -883.863289 -1.978214e+07
 -884.048237 -2.008023e+07
 -884.233184 -2.033814e+07
 -884.418131 -2.055705e+07
 -884.603079 -2.073846e+07
 -884.788026 -2.088410e+07
 -884.972973 -2.099591e+07
 -885.157921 -2.107599e+07
 -885.342868 -2.112663e+07
 -885.527815 -2.115016e+07
 -885.712763 -2.114902e+07
 -885.897710 -2.112562e+07
 -886.082657 -2.108242e+07
 -886.267605 -2.102180e+07
 -886.452552 -2.094606e+07
 -886.637499 -2.085742e+07
 -886.822447 -2.075794e+07
 -887.007394 -2.064955e+07
 -887.192341 -2.053399e+07
 -887.377289 -2.041282e+07
 -887.562236 -2.028738e+07
 -887.747183 -2.015882e+07
 -887.932131 -2.002810e+07
 -888.117078 -1.989593e+07
 -888.302025 -1.976284e+07
 -888.486973 -1.962914e+07
 -888.671920 -1.949498e+07
 -888.856867 -1.936028e+07
 -889.041815 -1.922488e+07
 -889.226762 -1.908842e+07
 -889.411709 -1.895044e+07
 -889.596657 -1.881038e+07
 -889.781604 -1.866760e+07
 -889.966551 -1.852138e+07
 -890.151499 -1.837100e+07
 -890.336446 -1.821567e+07
 -890.521393 -1.805464e+07
 -890.706341 -1.788712e+07
 -890.891288 -1.771238e+07
 -891.076235 -1.752969e+07
 -891.261183 -1.733837e+07
 -891.446130 -1.713779e+07
 -891.631077 -1.692740e+07
 -891.816025 -1.670665e+07
 -892.000972 -1.647508e+07
 -892.185919 -1.623229e+07
 -892.370867 -1.597793e+07
 -892.555814 -1.571172e+07
 -892.740761 -1.543346e+07
 -892.925709 -1.514296e+07
 -893.110656 -1.484017e+07
 -893.295603 -1.452504e+07
 -893.480551 -1.419762e+07
 -893.665498 -1.385806e+07
 -893.850445 -1.350656e+07
 -894.035393 -1.314342e+07
 -894.220340 -1.276901e+07
 -894.405287 -1.238384e+07
 -894.590235 -1.198850e+07
 -894.775182 -1.158369e+07
 -894.960129 -1.117025e+07
 -895.145077 -1.074909e+07
 -895.330024 -1.032129e+07
 -895.514971 -9.888008e+06
 -895.699919 -9.450520e+06
 -895.884866 -9.010184e+06
 -896.069813 -8.568448e+06
 -896.254761 -8.126856e+06
 -896.439708 -7.686920e+06
 -896.624655 -7.250232e+06
 -896.809602 -6.818344e+06
 -896.994550 -6.392784e+06
 -897.179497 -5.975032e+06
 -897.364444 -5.566448e+06
 -897.549392 -5.168312e+06
 -897.734339 -4.781704e+06
 -897.919286 -4.407616e+06
 -898.104234 -4.046824e+06
 -898.289181 -3.699936e+06
 -898.474128 -3.367344e+06
 -898.659076 -3.049280e+06
 -898.844023 -2.745760e+06
 -899.028970 -2.456640e+06
 -899.213918 -2.181576e+06
 -899.398865 -1.920112e+06
 -899.583812 -1.671624e+06
 -899.768760 -1.435400e+06
 -899.953707 -1.210624e+06
 -900.138654 -9.964240e+05
 -900.323602 -7.919040e+05
 -900.508549 -5.961440e+05
 -900.693496 -4.082080e+05
 -900.878444 -2.272320e+05
 -901.063391 -5.235200e+04
 -901.248338 1.171920e+05
 -901.433286 2.821440e+05
 -901.618233 4.431360e+05
 -901.803180 6.007440e+05
 -901.988128 7.554320e+05
 -902.173075 9.076320e+05
 -902.358022 1.057704e+06
 -902.542970 1.205912e+06
 -902.727917 1.352528e+06
 -902.912864 1.497728e+06
 -903.097812 1.641728e+06
 -903.282759 1.784712e+06
 -903.467706 1.926824e+06
 -903.652654 2.068296e+06
 -903.837601 2.209336e+06
 -904.022548 2.350216e+06
 -904.207496 2.491216e+06
 -904.392443 2.632672e+06
 -904.577390 2.774976e+06
 -904.762338 2.918544e+06
 -904.947285 3.063840e+06
 -905.132232 3.211336e+06
 -905.317180 3.361560e+06
 -905.502127 3.515008e+06
 -905.687074 3.672216e+06
 -905.872022 3.833648e+06
 -906.056969 3.999808e+06
 -906.241916 4.171088e+06
 -906.426864 4.347880e+06
 -906.611811 4.530480e+06
 -906.796758 4.719112e+06
 -906.981706 4.913936e+06
 -907.166653 5.115008e+06
 -907.351600 5.322304e+06
 -907.536548 5.535736e+06
 -907.721495 5.755104e+06
 -907.906442 5.980160e+06
 -908.091390 6.210552e+06
 -908.276337 6.445928e+06
 -908.461284 6.685832e+06
 -908.646232 6.929816e+06
 -908.831179 7.177376e+06
 -909.016126 7.428016e+06
 -909.201074 7.681208e+06
 -909.386021 7.936448e+06
 -909.570968 8.193232e+06
 -909.755916 8.451080e+06
 -909.940863 8.709496e+06
 -910.125810 8.968056e+06
 -910.310758 9.226320e+06
 -910.495705 9.483880e+06
 -910.680652 9.740352e+06
 -910.865600 9.995360e+06
 -911.050547 1.024858e+07
 -911.235494 1.049965e+07
 -911.420442 1.074826e+07
 -911.605389 1.099410e+07
 -911.790336 1.123686e+07
 -911.975284 1.147622e+07
 -912.160231 1.171188e+07
 -912.345178 1.194353e+07
 -912.530126 1.217086e+07
 -912.715073 1.239353e+07
 -912.900020 1.261122e+07
 -913.084968 1.282358e+07
 -913.269915 1.303029e+07
 -913.454862 1.323096e+07
 -913.639810 1.342524e+07
 -913.824757 1.361274e+07
 -914.009704 1.379311e+07
 -914.194652 1.396598e+07
 -914.379599 1.413095e+07
 -914.564546 1.428769e+07
 -914.749493 1.443582e+07
 -914.934441 1.457506e+07
 -915.119388 1.470510e+07
 -915.304335 1.482568e+07
 -915.489283 1.493660e+07
 -915.674230 1.503771e+07
 -915.859177 1.512893e+07
 -916.044125 1.521022e+07
 -916.229072 1.528166e+07
 -916.414019 1.534337e+07
 -916.598967 1.539556e+07
 -916.783914 1.543858e+07
 -916.968861 1.547278e+07
 -917.153809 1.549866e+07
 -917.338756 1.551674e+07
 -917.523703 1.552771e+07
 -917.708651 1.553223e+07
 -917.893598 1.553106e+07
 -918.078545 1.552500e+07
 -918.263493 1.551490e+07
 -918.448440 1.550167e+07
 -918.633387 1.548617e+07
 -918.818335 1.546936e+07
 -919.003282 1.545215e+07
 -919.188229 1.543546e+07
 -919.373177 1.542022e+07
 -919.558124 1.540734e+07
 -919.743071 1.539770e+07
 -919.928019 1.539215e+07
 -920.112966 1.539152e+07
 -920.297913 1.539660e+07
 -920.482861 1.540813e+07
 -920.667808 1.542678e+07
 -920.852755 1.545319e+07
 -921.037703 1.548790e+07
 -921.222650 1.553137e+07
 -921.407597 1.558399e+07
 -921.592545 1.564600e+07
 -921.777492 1.571758e+07
 -921.962439 1.579874e+07
 -922.147387 1.588935e+07
 -922.332334 1.598918e+07
 -922.517281 1.609783e+07
 -922.702229 1.621471e+07
 -922.887176 1.633914e+07
 -923.072123 1.647026e+07
 -923.257071 1.660706e+07
 -923.442018 1.674842e+07
 -923.626965 1.689309e+07
 -923.811913 1.703974e+07
 -923.996860 1.718693e+07
 -924.181807 1.733318e+07
 -924.366755 1.747700e+07
 -924.551702 1.761684e+07
 -924.736649 1.775122e+07
 -924.921597 1.787865e+07
 -925.106544 1.799771e+07
 -925.291491 1.810709e+07
 -925.476439 1.820554e+07
 -925.661386 1.829194e+07
 -925.846333 1.836526e+07
 -926.031281 1.842462e+07
 -926.216228 1.846926e+07
 -926.401175 1.849855e+07
 -926.586123 1.851198e+07
 -926.771070 1.850918e+07
 -926.956017 1.848982e+07
 -927.140965 1.845376e+07
 -927.325912 1.840088e+07
 -927.510859 1.833118e+07
 -927.695807 1.824469e+07
 -927.880754 1.814149e+07
 -928.065701 1.802171e+07
 -928.250649 1.788552e+07
 -928.435596 1.773305e+07
 -928.620543 1.756448e+07
 -928.805491 1.737997e+07
 -928.990438 1.717965e+07
 -929.175385 1.696367e+07
 -929.360333 1.673214e+07
 -929.545280 1.648515e+07
 -929.730227 1.622279e+07
 -929.915175 1.594510e+07
 -930.100122 1.565214e+07
 -930.285069 1.534397e+07
 -930.470017 1.502060e+07
 -930.654964 1.468211e+07
 -930.839911 1.432856e+07
 -931.024859 1.396002e+07
 -931.209806 1.357664e+07
 -931.394753 1.317857e+07
 -931.579701 1.276601e+07
 -931.764648 1.233924e+07
 -931.949595 1.189858e+07
 -932.134543 1.144443e+07
 -932.319490 1.097722e+07
 -932.504437 1.049754e+07
 -932.689384 1.000594e+07
 -932.874332 9.503136e+06
 -933.059279 8.989880e+06
 -933.244226 8.466992e+06
 -933.429174 7.935376e+06
 -933.614121 7.395968e+06
 -933.799068 6.849808e+06
 -933.984016 6.297936e+06
 -934.168963 5.741456e+06
 -934.353910 5.181496e+06
 -934.538858 4.619216e+06
 -934.723805 4.055768e+06
 -934.908752 3.492320e+06
 -935.093700 2.930056e+06
 -935.278647 2.370096e+06
 -935.463594 1.813568e+06
 -935.648542 1.261560e+06
 -935.833489 7.151200e+05
 -936.018436 1.752560e+05
 -936.203384 -3.570720e+05
 -936.388331 -8.810160e+05
 -936.573278 -1.395736e+06
 -936.758226 -1.900488e+06
 -936.943173 -2.394600e+06
 -937.128120 -2.877488e+06
 -937.313068 -3.348632e+06
 -937.498015 -3.807616e+06
 -937.682962 -4.254088e+06
 -937.867910 -4.687800e+06
 -938.052857 -5.108544e+06
 -938.237804 -5.516224e+06
 -938.422752 -5.910784e+06
 -938.607699 -6.292240e+06
 -938.792646 -6.660648e+06
 -938.977594 -7.016104e+06
 -939.162541 -7.358744e+06
 -939.347488 -7.688712e+06
 -939.532436 -8.006160e+06
 -939.717383 -8.311272e+06
 -939.902330 -8.604176e+06
 -940.087278 -8.885032e+06
 -940.272225 -9.154000e+06
 -940.457172 -9.411184e+06
 -940.642120 -9.656720e+06
 -940.827067 -9.890744e+06
 -941.012014 -1.011336e+07
 -941.196962 -1.032474e+07
 -941.381909 -1.052502e+07
 -941.566856 -1.071446e+07
 -941.751804 -1.089326e+07
 -941.936751 -1.106172e+07
 -942.121698 -1.122023e+07
 -942.306646 -1.136921e+07
 -942.491593 -1.150914e+07
 -942.676540 -1.164062e+07
 -942.861488 -1.176420e+07
 -943.046435 -1.188058e+07
 -943.231382 -1.199046e+07
 -943.416330 -1.209454e+07
 -943.601277 -1.219352e+07
 -943.786224 -1.228807e+07
 -943.971172 -1.237882e+07
 -944.156119 -1.246633e+07
 -944.341066 -1.255100e+07
 -944.526014 -1.263318e+07
 -944.710961 -1.271304e+07
 -944.895908 -1.279058e+07
 -945.080856 -1.286565e+07
 -945.265803 -1.293791e+07
 -945.450750 -1.300686e+07
 -945.635698 -1.307182e+07
 -945.820645 -1.313196e+07
 -946.005592 -1.318628e+07
 -946.190540 -1.323370e+07
 -946.375487 -1.327300e+07
 -946.560434 -1.330295e+07
 -946.745382 -1.332223e+07
 -946.930329 -1.332954e+07
 -947.115276 -1.332363e+07
 -947.300224 -1.330330e+07
 -947.485171 -1.326746e+07
 -947.670118 -1.321512e+07
 -947.855066 -1.314551e+07
 -948.040013 -1.305799e+07
 -948.224960 -1.295217e+07
 -948.409908 -1.282782e+07
 -948.594855 -1.268503e+07
 -948.779802 -1.252404e+07
 -948.964750 -1.234538e+07
 -949.149697 -1.214978e+07
 -949.334644 -1.193821e+07
 -949.519592 -1.171183e+07
 -949.704539 -1.147197e+07
 -949.889486 -1.122011e+07
 -950.074433 -1.095790e+07
 -950.259381 -1.068699e+07
 -950.444328 -1.040918e+07
 -950.629275 -1.012624e+07
 -950.814223 -9.839952e+06
 -950.999170 -9.552064e+06
 -951.184117 -9.264240e+06
 -951.369065 -8.978064e+06
 -951.554012 -8.695008e+06
 -951.738959 -8.416416e+06
 -951.923907 -8.143480e+06
 -952.108854 -7.877240e+06
 -952.293801 -7.618584e+06
 -952.478749 -7.368240e+06
 -952.663696 -7.126800e+06
 -952.848643 -6.894704e+06
 -953.033591 -6.672264e+06
 -953.218538 -6.459696e+06
 -953.403485 -6.257072e+06
 -953.588433 -6.064432e+06
 -953.773380 -5.881712e+06
 -953.958327 -5.708840e+06
 -954.143275 -5.545696e+06
 -954.328222 -5.392152e+06
 -954.513169 -5.248088e+06
 -954.698117 -5.113408e+06
 -954.883064 -4.988040e+06
 -955.068011 -4.871992e+06
 -955.252959 -4.765288e+06
 -955.437906 -4.668024e+06
 -955.622853 -4.580352e+06
 -955.807801 -4.502504e+06
 -955.992748 -4.434728e+06
 -956.177695 -4.377344e+06
 -956.362643 -4.330712e+06
 -956.547590 -4.295216e+06
 -956.732537 -4.271224e+06
 -956.917485 -4.259144e+06
 -957.102432 -4.259304e+06
 -957.287379 -4.272040e+06
 -957.472327 -4.297576e+06
 -957.657274 -4.336096e+06
 -957.842221 -4.387656e+06
 -958.027169 -4.452216e+06
 -958.212116 -4.529584e+06
 -958.397063 -4.619464e+06
 -958.582011 -4.721384e+06
 -958.766958 -4.834744e+06
 -958.951905 -4.958800e+06
 -959.136853 -5.092640e+06
 -959.321800 -5.235248e+06
 -959.506747 -5.385480e+06
 -959.691695 -5.542080e+06
 -959.876642 -5.703688e+06
 -960.061589 -5.868904e+06
 -960.246537 -6.036256e+06
 -960.431484 -6.204256e+06
 -960.616431 -6.371408e+06
 -960.801379 -6.536208e+06
 -960.986326 -6.697216e+06
 -961.171273 -6.853032e+06
 -961.356221 -7.002344e+06
 -961.541168 -7.143888e+06
 -961.726115 -7.276512e+06
 -961.911063 -7.399192e+06
 -962.096010 -7.510992e+06
 -962.280957 -7.611088e+06
 -962.465905 -7.698776e+06
 -962.650852 -7.773488e+06
 -962.835799 -7.834728e+06
 -963.020747 -7.882136e+06
 -963.205694 -7.915448e+06
 -963.390641 -7.934496e+06
 -963.575589 -7.939168e+06
 -963.760536 -7.929472e+06
 -963.945483 -7.905416e+06
 -964.130431 -7.867152e+06
 -964.315378 -7.814816e+06
 -964.500325 -7.748608e+06
 -964.685273 -7.668736e+06
 -964.870220 -7.575472e+06
 -965.055167 -7.469080e+06
 -965.240115 -7.349848e+06
 -965.425062 -7.218056e+06
 -965.610009 -7.074000e+06
 -965.794957 -6.918000e+06
 -965.979904 -6.750320e+06
 -966.164851 -6.571296e+06
 -966.349799 -6.381200e+06
 -966.534746 -6.180336e+06
 -966.719693 -5.969016e+06
 -966.904641 -5.747560e+06
 -967.089588 -5.516248e+06
 -967.274535 -5.275448e+06
 -967.459483 -5.025480e+06
 -967.644430 -4.766720e+06
 -967.829377 -4.499560e+06
 -968.014324 -4.224392e+06
 -968.199272 -3.941696e+06
 -968.384219 -3.651928e+06
 -968.569166 -3.355616e+06
 -968.754114 -3.053336e+06
 -968.939061 -2.745656e+06
 -969.124008 -2.433232e+06
 -969.308956 -2.116744e+06
 -969.493903 -1.796880e+06
 -969.678850 -1.474384e+06
 -969.863798 -1.150016e+06
 -970.048745 -8.245360e+05
 -970.233692 -4.987520e+05
 -970.418640 -1.734080e+05
 -970.603587 1.506640e+05
 -970.788534 4.727440e+05
 -970.973482 7.920320e+05
 -971.158429 1.107784e+06
 -971.343376 1.419248e+06
 -971.528324 1.725672e+06
 -971.713271 2.026296e+06
 -971.898218 2.320368e+06
 -972.083166 2.607080e+06
 -972.268113 2.885600e+06
 -972.453060 3.155040e+06
 -972.638008 3.414472e+06
 -972.822955 3.662864e+06
 -973.007902 3.899136e+06
 -973.192850 4.122104e+06
 -973.377797 4.330520e+06
 -973.562744 4.523032e+06
 -973.747692 4.698240e+06
 -973.932639 4.854696e+06
 -974.117586 4.990856e+06
 -974.302534 5.105192e+06
 -974.487481 5.196168e+06
 -974.672428 5.262264e+06
 -974.857376 5.302000e+06
 -975.042323 5.313968e+06
 -975.227270 5.296888e+06
 -975.412218 5.249576e+06
 -975.597165 5.171032e+06
 -975.782112 5.060400e+06
 -975.967060 4.917072e+06
 -976.152007 4.740648e+06
 -976.336954 4.530960e+06
 -976.521902 4.288136e+06
 -976.706849 4.012512e+06
 -976.891796 3.704768e+06
 -977.076744 3.365840e+06
 -977.261691 2.996928e+06
 -977.446638 2.599536e+06
 -977.631586 2.175416e+06
 -977.816533 1.726576e+06
 -978.001480 1.255256e+06
 -978.186428 7.638720e+05
 -978.371375 2.550640e+05
 -978.556322 -2.683920e+05
 -978.741270 -8.036480e+05
 -978.926217 -1.347704e+06
 -979.111164 -1.897568e+06
 -979.296112 -2.450208e+06
 -979.481059 -3.002632e+06
 -979.666006 -3.551888e+06
 -979.850954 -4.095104e+06
 -980.035901 -4.629512e+06
 -980.220848 -5.152496e+06
 -980.405796 -5.661560e+06
 -980.590743 -6.154408e+06
 -980.775690 -6.628888e+06
 -980.960638 -7.083056e+06
 -981.145585 -7.515176e+06
 -981.330532 -7.923688e+06
 -981.515480 -8.307256e+06
 -981.700427 -8.664744e+06
 -981.885374 -8.995216e+06
 -982.070322 -9.297952e+06
 -982.255269 -9.572456e+06
 -982.440216 -9.818424e+06
 -982.625164 -1.003577e+07
 -982.810111 -1.022462e+07
 -982.995058 -1.038530e+07
 -983.180006 -1.051838e+07
 -983.364953 -1.062457e+07
 -983.549900 -1.070486e+07
 -983.734848 -1.076038e+07
 -983.919795 -1.079249e+07
 -984.104742 -1.080266e+07
 -984.289690 -1.079257e+07
 -984.474637 -1.076402e+07
 -984.659584 -1.071895e+07
 -984.844532 -1.065934e+07
 -985.029479 -1.058730e+07
 -985.214426 -1.050493e+07
 -985.399374 -1.041434e+07
 -985.584321 -1.031766e+07
 -985.769268 -1.021690e+07
 -985.954215 -1.011409e+07
 -986.139163 -1.001106e+07
 -986.324110 -9.909600e+06
 -986.509057 -9.811296e+06
 -986.694005 -9.717656e+06
 -986.878952 -9.629968e+06
 -987.063899 -9.549400e+06
 -987.248847 -9.476960e+06
 -987.433794 -9.413480e+06
 -987.618741 -9.359680e+06
 -987.803689 -9.316144e+06
 -987.988636 -9.283320e+06
 -988.173583 -9.261560e+06
 -988.358531 -9.251136e+06
 -988.543478 -9.252224e+06
 -988.728425 -9.264944e+06
 -988.913373 -9.289384e+06
 -989.098320 -9.325560e+06
 -989.283267 -9.373464e+06
 -989.468215 -9.433040e+06
 -989.653162 -9.504200e+06
 -989.838109 -9.586840e+06
 -990.023057 -9.680808e+06
 -990.208004 -9.785896e+06
 -990.392951 -9.901864e+06
 -990.577899 -1.002841e+07
 -990.762846 -1.016514e+07
 -990.947793 -1.031163e+07
 -991.132741 -1.046734e+07
 -991.317688 -1.063164e+07
 -991.502635 -1.080380e+07
 -991.687583 -1.098300e+07
 -991.872530 -1.116830e+07
 -992.057477 -1.135866e+07
 -992.242425 -1.155294e+07
 -992.427372 -1.174991e+07
 -992.612319 -1.194826e+07
 -992.797267 -1.214661e+07
 -992.982214 -1.234355e+07
 -993.167161 -1.253762e+07
 -993.352109 -1.272734e+07
 -993.537056 -1.291129e+07
 -993.722003 -1.308804e+07
 -993.906951 -1.325626e+07
 -994.091898 -1.341468e+07
 -994.276845 -1.356212e+07
 -994.461793 -1.369753e+07
 -994.646740 -1.381997e+07
 -994.831687 -1.392865e+07
 -995.016635 -1.402290e+07
 -995.201582 -1.410223e+07
 -995.386529 -1.416625e+07
 -995.571477 -1.421472e+07
 -995.756424 -1.424754e+07
 -995.941371 -1.426472e+07
 -996.126319 -1.426637e+07
 -996.311266 -1.425271e+07
 -996.496213 -1.422403e+07
 -996.681161 -1.418072e+07
 -996.866108 -1.412316e+07
 -997.051055 -1.405185e+07
 -997.236003 -1.396726e+07
 -997.420950 -1.386992e+07
 -997.605897 -1.376032e+07
 -997.790845 -1.363900e+07
 -997.975792 -1.350644e+07
 -998.160739 -1.336316e+07
 -998.345687 -1.320962e+07
 -998.530634 -1.304624e+07
 -998.715581 -1.287347e+07
 -998.900529 -1.269170e+07
 -999.085476 -1.250130e+07
 -999.270423 -1.230262e+07
 -999.455371 -1.209601e+07
 -999.640318 -1.188175e+07
 -999.825265 -1.166018e+07
-1000.010213 -1.143158e+07
-1000.195160 -1.119624e+07
-1000.380107 -1.095449e+07
-1000.565055 -1.070663e+07
-1000.750002 -1.045298e+07
-1000.934949 -1.019390e+07
-1001.119897 -9.929744e+06
-1001.304844 -9.660896e+06
-1001.489791 -9.387776e+06
-1001.674739 -9.110808e+06
-1001.859686 -8.830432e+06
-1002.044633 -8.547152e+06
-1002.229581 -8.261432e+06
-1002.414528 -7.973776e+06
-1002.599475 -7.684688e+06
-1002.784423 -7.394680e+06
-1002.969370 -7.104264e+06
-1003.154317 -6.813936e+06
-1003.339264 -6.524200e+06
-1003.524212 -6.235560e+06
-1003.709159 -5.948480e+06
-1003.894106 -5.663472e+06
-1004.079054 -5.381008e+06
-1004.264001 -5.101576e+06
-1004.448948 -4.825712e+06
-1004.633896 -4.553920e+06
-1004.818843 -4.286784e+06
-1005.003790 -4.024904e+06
-1005.188738 -3.768896e+06
-1005.373685 -3.519480e+06
-1005.558632 -3.277368e+06
-1005.743580 -3.043376e+06
-1005.928527 -2.818304e+06
-1006.113474 -2.603072e+06
-1006.298422 -2.398552e+06
-1006.483369 -2.205680e+06
-1006.668316 -2.025368e+06
-1006.853264 -1.858528e+06
-1007.038211 -1.706016e+06
-1007.223158 -1.568664e+06
-1007.408106 -1.447176e+06
-1007.593053 -1.342208e+06
-1007.778000 -1.254272e+06
-1007.962948 -1.183760e+06
-1008.147895 -1.130920e+06
-1008.332842 -1.095856e+06
-1008.517790 -1.078528e+06
-1008.702737 -1.078704e+06
-1008.887684 -1.096056e+06
-1009.072632 -1.130064e+06
-1009.257579 -1.180120e+06
-1009.442526 -1.245472e+06
-1009.627474 -1.325288e+06
-1009.812421 -1.418624e+06
-1009.997368 -1.524520e+06
-1010.182316 -1.641912e+06
-1010.367263 -1.769736e+06
-1010.552210 -1.906952e+06
-1010.737158 -2.052464e+06
-1010.922105 -2.205232e+06
-1011.107052 -2.364232e+06
-1011.292000 -2.528480e+06
-1011.476947 -2.697040e+06
-1011.661894 -2.869008e+06
-1011.846842 -3.043536e+06
-1012.031789 -3.219824e+06
-1012.216736 -3.397112e+06
-1012.401684 -3.574704e+06
-1012.586631 -3.751896e+06
-1012.771578 -3.928096e+06
-1012.956526 -4.102688e+06
-1013.141473 -4.275136e+06
-1013.326420 -4.444904e+06
-1013.511368 -4.611528e+06
-1013.696315 -4.774592e+06
-1013.881262 -4.933680e+06
-1014.066210 -5.088488e+06
-1014.251157 -5.238728e+06
-1014.436104 -5.384184e+06
-1014.621052 -5.524712e+06
-1014.805999 -5.660232e+06
-1014.990946 -5.790736e+06
-1015.175894 -5.916272e+06
-1015.360841 -6.036960e+06
-1015.545788 -6.152976e+06
-1015.730736 -6.264560e+06
-1015.915683 -6.371968e+06
-1016.100630 -6.475512e+06
-1016.285578 -6.575472e+06
-1016.470525 -6.672168e+06
-1016.655472 -6.765872e+06
-1016.840420 -6.856816e+06
-1017.025367 -6.945208e+06
-1017.210314 -7.031128e+06
-1017.395262 -7.114600e+06
-1017.580209 -7.195576e+06
-1017.765156 -7.273856e+06
-1017.950104 -7.349144e+06
-1018.135051 -7.421024e+06
-1018.319998 -7.488992e+06
-1018.504946 -7.552392e+06
-1018.689893 -7.610472e+06
-1018.874840 -7.662440e+06
-1019.059788 -7.707360e+06
-1019.244735 -7.744256e+06
-1019.429682 -7.772120e+06
-1019.614630 -7.789904e+06
-1019.799577 -7.796536e+06
-1019.984524 -7.790968e+06
-1020.169472 -7.772184e+06
-1020.354419 -7.739208e+06
-1020.539366 -7.691136e+06
-1020.724314 -7.627128e+06
-1020.909261 -7.546464e+06
-1021.094208 -7.448520e+06
-1021.279155 -7.332800e+06
-1021.464103 -7.198936e+06
-1021.649050 -7.046680e+06
-1021.833997 -6.875984e+06
-1022.018945 -6.686912e+06
-1022.203892 -6.479656e+06
-1022.388839 -6.254600e+06
-1022.573787 -6.012224e+06
-1022.758734 -5.753152e+06
-1022.943681 -5.478168e+06
-1023.128629 -5.188088e+06
-1023.313576 -4.883880e+06
-1023.498523 -4.566504e+06
-1023.683471 -4.237064e+06
-1023.868418 -3.896616e+06
-1024.053365 -3.546232e+06
-1024.238313 -3.186968e+06
-1024.423260 -2.819872e+06
-1024.608207 -2.445888e+06
-1024.793155 -2.065928e+06
-1024.978102 -1.680800e+06
-1025.163049 -1.291240e+06
-1025.347997 -8.978640e+05
-1025.532944 -5.012480e+05
-1025.717891 -1.018480e+05
-1025.902839 2.999520e+05
-1026.087786 7.038320e+05
-1026.272733 1.109512e+06
-1026.457681 1.516744e+06
-1026.642628 1.925328e+06
-1026.827575 2.335024e+06
-1027.012523 2.745640e+06
-1027.197470 3.156912e+06
-1027.382417 3.568560e+06
-1027.567365 3.980328e+06
-1027.752312 4.391848e+06
-1027.937259 4.802752e+06
-1028.122207 5.212656e+06
-1028.307154 5.621128e+06
-1028.492101 6.027720e+06
-1028.677049 6.431976e+06
-1028.861996 6.833464e+06
-1029.046943 7.231728e+06
-1029.231891 7.626344e+06
-1029.416838 8.016912e+06
-1029.601785 8.403056e+06
-1029.786733 8.784400e+06
-1029.971680 9.160632e+06
-1030.156627 9.531424e+06
-1030.341575 9.896504e+06
-1030.526522 1.025557e+07
-1030.711469 1.060834e+07
-1030.896417 1.095448e+07
-1031.081364 1.129370e+07
-1031.266311 1.162561e+07
-1031.451259 1.194982e+07
-1031.636206 1.226585e+07
-1031.821153 1.257321e+07
-1032.006101 1.287130e+07
-1032.191048 1.315950e+07
-1032.375995 1.343711e+07
-1032.560943 1.370334e+07
-1032.745890 1.395739e+07
-1032.930837 1.419838e+07
-1033.115785 1.442541e+07
-1033.300732 1.463753e+07
-1033.485679 1.483379e+07
-1033.670627 1.501325e+07
-1033.855574 1.517494e+07
-1034.040521 1.531793e+07
-1034.225469 1.544133e+07
-1034.410416 1.554432e+07
-1034.595363 1.562610e+07
-1034.780311 1.568599e+07
-1034.965258 1.572335e+07
-1035.150205 1.573770e+07
-1035.335153 1.572861e+07
-1035.520100 1.569581e+07
-1035.705047 1.563915e+07
-1035.889995 1.555859e+07
-1036.074942 1.545426e+07
-1036.259889 1.532640e+07
-1036.444837 1.517541e+07
-1036.629784 1.500182e+07
-1036.814731 1.480629e+07
-1036.999679 1.458962e+07
-1037.184626 1.435272e+07
-1037.369573 1.409659e+07
-1037.554521 1.382234e+07
-1037.739468 1.353114e+07
-1037.924415 1.322418e+07
-1038.109363 1.290274e+07
-1038.294310 1.256806e+07
-1038.479257 1.222134e+07
-1038.664205 1.186379e+07
-1038.849152 1.149652e+07
-1039.034099 1.112054e+07
-1039.219046 1.073682e+07
-1039.403994 1.034614e+07
-1039.588941 9.949176e+06
-1039.773888 9.546496e+06
-1039.958836 9.138488e+06
-1040.143783 8.725456e+06
-1040.328730 8.307512e+06
-1040.513678 7.884720e+06
-1040.698625 7.456976e+06
-1040.883572 7.024104e+06
-1041.068520 6.585888e+06
-1041.253467 6.141984e+06
-1041.438414 5.692056e+06
-1041.623362 5.235736e+06
-1041.808309 4.772648e+06
-1041.993256 4.302432e+06
-1042.178204 3.824728e+06
-1042.363151 3.339256e+06
-1042.548098 2.845736e+06
-1042.733046 2.343976e+06
-1042.917993 1.833816e+06
-1043.102940 1.315184e+06
-1043.287888 7.880480e+05
-1043.472835 2.524800e+05
-1043.657782 -2.914320e+05
-1043.842730 -8.435040e+05
-1044.027677 -1.403504e+06
-1044.212624 -1.971120e+06
-1044.397572 -2.546032e+06
-1044.582519 -3.127824e+06
-1044.767466 -3.716048e+06
-1044.952414 -4.310208e+06
-1045.137361 -4.909752e+06
-1045.322308 -5.514120e+06
-1045.507256 -6.122648e+06
-1045.692203 -6.734688e+06
-1045.877150 -7.349520e+06
-1046.062098 -7.966384e+06
-1046.247045 -8.584480e+06
-1046.431992 -9.202992e+06
-1046.616940 -9.821024e+06
-1046.801887 -1.043770e+07
-1046.986834 -1.105206e+07
-1047.171782 -1.166315e+07
-1047.356729 -1.227002e+07
-1047.541676 -1.287166e+07
-1047.726624 -1.346708e+07
-1047.911571 -1.405530e+07
-1048.096518 -1.463534e+07
-1048.281466 -1.520624e+07
-1048.466413 -1.576708e+07
-1048.651360 -1.631694e+07
-1048.836308 -1.685500e+07
-1049.021255 -1.738046e+07
-1049.206202 -1.789255e+07
-1049.391150 -1.839065e+07
-1049.576097 -1.887409e+07
-1049.761044 -1.934238e+07
-1049.945992 -1.979506e+07
-1050.130939 -2.023176e+07
-1050.315886 -2.065222e+07
-1050.500834 -2.105624e+07
-1050.685781 -2.144374e+07
-1050.870728 -2.181472e+07
-1051.055676 -2.216930e+07
-1051.240623 -2.250766e+07
-1051.425570 -2.283011e+07
-1051.610518 -2.313702e+07
-1051.795465 -2.342883e+07
-1051.980412 -2.370610e+07
-1052.165360 -2.396939e+07
-1052.350307 -2.421937e+07
-1052.535254 -2.445669e+07
-1052.720202 -2.468206e+07
-1052.905149 -2.489620e+07
-1053.090096 -2.509979e+07
-1053.275044 -2.529354e+07
-1053.459991 -2.547809e+07
-1053.644938 -2.565403e+07
-1053.829886 -2.582193e+07
-1054.014833 -2.598229e+07
-1054.199780 -2.613553e+07
-1054.384728 -2.628204e+07
-1054.569675 -2.642212e+07
-1054.754622 -2.655605e+07
-1054.939570 -2.668402e+07
-1055.124517 -2.680622e+07
-1055.309464 -2.692278e+07
-1055.494412 -2.703386e+07
-1055.679359 -2.713958e+07
-1055.864306 -2.724007e+07
-1056.049254 -2.733548e+07
-1056.234201 -2.742601e+07
-1056.419148 -2.751184e+07
-1056.604095 -2.759323e+07
-1056.789043 -2.767045e+07
-1056.973990 -2.774380e+07
-1057.158937 -2.781362e+07
-1057.343885 -2.788023e+07
-1057.528832 -2.794399e+07
-1057.713779 -2.800523e+07
-1057.898727 -2.806428e+07
-1058.083674 -2.812139e+07
-1058.268621 -2.817680e+07
-1058.453569 -2.823066e+07
-1058.638516 -2.828306e+07
-1058.823463 -2.833396e+07
-1059.008411 -2.838327e+07
-1059.193358 -2.843078e+07
-1059.378305 -2.847614e+07
-1059.563253 -2.851893e+07
-1059.748200 -2.855859e+07
-1059.933147 -2.859448e+07
-1060.118095 -2.862587e+07
-1060.303042 -2.865194e+07
-1060.487989 -2.867182e+07
-1060.672937 -2.868454e+07
-1060.857884 -2.868915e+07
-1061.042831 -2.868470e+07
-1061.227779 -2.867018e+07
-1061.412726 -2.864469e+07
-1061.597673 -2.860730e+07
-1061.782621 -2.855721e+07
-1061.967568 -2.849365e+07
-1062.152515 -2.841596e+07
-1062.337463 -2.832362e+07
-1062.522410 -2.821614e+07
-1062.707357 -2.809326e+07
-1062.892305 -2.795474e+07
-1063.077252 -2.780054e+07
-1063.262199 -2.763069e+07
-1063.447147 -2.744534e+07
-1063.632094 -2.724478e+07
-1063.817041 -2.702937e+07
-1064.001989 -2.679957e+07
-1064.186936 -2.655594e+07
-1064.371883 -2.629906e+07
-1064.556831 -2.602965e+07
-1064.741778 -2.574842e+07
-1064.926725 -2.545618e+07
-1065.111673 -2.515370e+07
-1065.296620 -2.484186e+07
-1065.481567 -2.452154e+07
-1065.666515 -2.419363e+07
-1065.851462 -2.385902e+07
-1066.036409 -2.351859e+07
-1066.221357 -2.317328e+07
-1066.406304 -2.282394e+07
-1066.591251 -2.247147e+07
-1066.776199 -2.211668e+07
-1066.961146 -2.176040e+07
-1067.146093 -2.140338e+07
-1067.331041 -2.104634e+07
-1067.515988 -2.068992e+07
-1067.700935 -2.033474e+07
-1067.885883 -1.998130e+07
-1068.070830 -1.963007e+07
-1068.255777 -1.928145e+07
-1068.440725 -1.893574e+07
-1068.625672 -1.859319e+07
-1068.810619 -1.825402e+07
-1068.995567 -1.791836e+07
-1069.180514 -1.758630e+07
-1069.365461 -1.725790e+07
-1069.550409 -1.693325e+07
-1069.735356 -1.661234e+07
-1069.920303 -1.629525e+07
-1070.105251 -1.598204e+07
-1070.290198 -1.567284e+07
-1070.475145 -1.536780e+07
-1070.660093 -1.506714e+07
-1070.845040 -1.477117e+07
-1071.029987 -1.448027e+07
-1071.214935 -1.419493e+07
-1071.399882 -1.391574e+07
-1071.584829 -1.364337e+07
-1071.769777 -1.337862e+07
-1071.954724 -1.312237e+07
-1072.139671 -1.287561e+07
-1072.324619 -1.263939e+07
-1072.509566 -1.241486e+07
-1072.694513 -1.220318e+07
-1072.879461 -1.200561e+07
-1073.064408 -1.182332e+07
-1073.249355 -1.165756e+07
-1073.434303 -1.150947e+07
-1073.619250 -1.138014e+07
-1073.804197 -1.127058e+07
-1073.989145 -1.118162e+07
-1074.174092 -1.111397e+07
-1074.359039 -1.106813e+07
-1074.543986 -1.104442e+07
-1074.728934 -1.104291e+07
-1074.913881 -1.106346e+07
-1075.098828 -1.110566e+07
-1075.283776 -1.116880e+07
-1075.468723 -1.125201e+07
-1075.653670 -1.135410e+07
-1075.838618 -1.147365e+07
-1076.023565 -1.160902e+07
-1076.208512 -1.175838e+07
-1076.393460 -1.191966e+07
-1076.578407 -1.209071e+07
-1076.763354 -1.226918e+07
-1076.948302 -1.245266e+07
-1077.133249 -1.263865e+07
-1077.318196 -1.282465e+07
-1077.503144 -1.300812e+07
-1077.688091 -1.318657e+07
-1077.873038 -1.335757e+07
-1078.057986 -1.351878e+07
-1078.242933 -1.366797e+07
-1078.427880 -1.380306e+07
-1078.612828 -1.392214e+07
-1078.797775 -1.402346e+07
-1078.982722 -1.410546e+07
-1079.167670 -1.416682e+07
-1079.352617 -1.420638e+07
-1079.537564 -1.422324e+07
-1079.722512 -1.421670e+07
-1079.907459 -1.418626e+07
-1080.092406 -1.413168e+07
-1080.277354 -1.405284e+07
-1080.462301 -1.394989e+07
-1080.647248 -1.382308e+07
-1080.832196 -1.367290e+07
-1081.017143 -1.349993e+07
-1081.202090 -1.330490e+07
-1081.387038 -1.308866e+07
-1081.571985 -1.285214e+07
-1081.756932 -1.259632e+07
-1081.941880 -1.232227e+07
-1082.126827 -1.203110e+07
-1082.311774 -1.172394e+07
-1082.496722 -1.140193e+07
-1082.681669 -1.106618e+07
-1082.866616 -1.071784e+07
-1083.051564 -1.035798e+07
-1083.236511 -9.987680e+06
-1083.421458 -9.607984e+06
-1083.606406 -9.219856e+06
-1083.791353 -8.824264e+06
-1083.976300 -8.422096e+06
-1084.161248 -8.014176e+06
-1084.346195 -7.601296e+06
-1084.531142 -7.184136e+06
-1084.716090 -6.763360e+06
-1084.901037 -6.339512e+06
-1085.085984 -5.913048e+06
-1085.270932 -5.484384e+06
-1085.455879 -5.053784e+06
-1085.640826 -4.621432e+06
-1085.825774 -4.187376e+06
-1086.010721 -3.751616e+06
-1086.195668 -3.313968e+06
-1086.380616 -2.874192e+06
-1086.565563 -2.431912e+06
-1086.750510 -1.986672e+06
-1086.935458 -1.537904e+06
-1087.120405 -1.085000e+06
-1087.305352 -6.272720e+05
-1087.490300 -1.639840e+05
-1087.675247 3.055920e+05
-1087.860194 7.822160e+05
-1088.045142 1.266616e+06
-1088.230089 1.759464e+06
-1088.415036 2.261392e+06
-1088.599984 2.772904e+06
-1088.784931 3.294480e+06
-1088.969878 3.826424e+06
-1089.154826 4.368944e+06
-1089.339773 4.922104e+06
-1089.524720 5.485880e+06
-1089.709668 6.060048e+06
-1089.894615 6.644304e+06
-1090.079562 7.238184e+06
-1090.264510 7.841120e+06
-1090.449457 8.452432e+06
-1090.634404 9.071328e+06
-1090.819352 9.696928e+06
-1091.004299 1.032827e+07
-1091.189246 1.096433e+07
-1091.374194 1.160398e+07
-1091.559141 1.224610e+07
-1091.744088 1.288947e+07
-1091.929036 1.353286e+07
-1092.113983 1.417502e+07
-1092.298930 1.481464e+07
-1092.483877 1.545042e+07
-1092.668825 1.608102e+07
-1092.853772 1.670514e+07
-1093.038719 1.732142e+07
-1093.223667 1.792851e+07
-1093.408614 1.852510e+07
-1093.593561 1.910985e+07
-1093.778509 1.968145e+07
-1093.963456 2.023860e+07
-1094.148403 2.078006e+07
-1094.333351 2.130459e+07
-1094.518298 2.181101e+07
-1094.703245 2.229818e+07
-1094.888193 2.276503e+07
-1095.073140 2.321055e+07
-1095.258087 2.363382e+07
-1095.443035 2.403396e+07
-1095.627982 2.441022e+07
-1095.812929 2.476192e+07
-1095.997877 2.508848e+07
-1096.182824 2.538939e+07
-1096.367771 2.566429e+07
-1096.552719 2.591284e+07
-1096.737666 2.613484e+07
-1096.922613 2.633015e+07
-1097.107561 2.649874e+07
-1097.292508 2.664059e+07
-1097.477455 2.675582e+07
-1097.662403 2.684456e+07
-1097.847350 2.690704e+07
-1098.032297 2.694352e+07
-1098.217245 2.695432e+07
-1098.402192 2.693984e+07
-1098.587139 2.690052e+07
-1098.772087 2.683686e+07
-1098.957034 2.674945e+07
-1099.141981 2.663892e+07
-1099.326929 2.650599e+07
-1099.511876 2.635145e+07
-1099.696823 2.617617e+07
-1099.881771 2.598110e+07
-1100.066718 2.576726e+07
-1100.251665 2.553578e+07
-1100.436613 2.528780e+07
-1100.621560 2.502462e+07
-1100.806507 2.474753e+07
-1100.991455 2.445789e+07
-1101.176402 2.415716e+07
-1101.361349 2.384680e+07
-1101.546297 2.352831e+07
-1101.731244 2.320322e+07
-1101.916191 2.287310e+07
-1102.101139 2.253951e+07
-1102.286086 2.220403e+07
-1102.471033 2.186822e+07
-1102.655981 2.153361e+07
-1102.840928 2.120175e+07
-1103.025875 2.087412e+07
-1103.210823 2.055218e+07
-1103.395770 2.023732e+07
-1103.580717 1.993084e+07
-1103.765665 1.963399e+07
-1103.950612 1.934792e+07
-1104.135559 1.907366e+07
-1104.320507 1.881213e+07
-1104.505454 1.856412e+07
-1104.690401 1.833030e+07
-1104.875349 1.811117e+07
-1105.060296 1.790708e+07
-1105.245243 1.771826e+07
-1105.430191 1.754476e+07
-1105.615138 1.738650e+07
-1105.800085 1.724322e+07
-1105.985033 1.711458e+07
-1106.169980 1.700006e+07
-1106.354927 1.689904e+07
-1106.539875 1.681078e+07
-1106.724822 1.673447e+07
-1106.909769 1.666917e+07
-1107.094717 1.661391e+07
-1107.279664 1.656762e+07
-1107.464611 1.652921e+07
-1107.649559 1.649750e+07
-1107.834506 1.647132e+07
-1108.019453 1.644944e+07
-1108.204401 1.643063e+07
-1108.389348 1.641366e+07
-1108.574295 1.639725e+07
-1108.759243 1.638015e+07
-1108.944190 1.636114e+07
-1109.129137 1.633894e+07
-1109.314085 1.631234e+07
-1109.499032 1.628011e+07
-1109.683979 1.624107e+07
-1109.868926 1.619404e+07
-1110.053874 1.613786e+07
-1110.238821 1.607142e+07
-1110.423768 1.599362e+07
-1110.608716 1.590342e+07
-1110.793663 1.579982e+07
-1110.978610 1.568183e+07
-1111.163558 1.554858e+07
-1111.348505 1.539919e+07
-1111.533452 1.523292e+07
-1111.718400 1.504904e+07
-1111.903347 1.484694e+07
-1112.088294 1.462610e+07
-1112.273242 1.438613e+07
-1112.458189 1.412666e+07
-1112.643136 1.384754e+07
-1112.828084 1.354868e+07
-1113.013031 1.323014e+07
-1113.197978 1.289207e+07
-1113.382926 1.253482e+07
-1113.567873 1.215882e+07
-1113.752820 1.176466e+07
-1113.937768 1.135303e+07
-1114.122715 1.092478e+07
-1114.307662 1.048089e+07
-1114.492610 1.002240e+07
-1114.677557 9.550512e+06
-1114.862504 9.066496e+06
-1115.047452 8.571736e+06
-1115.232399 8.067640e+06
-1115.417346 7.555744e+06
-1115.602294 7.037576e+06
-1115.787241 6.514728e+06
-1115.972188 5.988816e+06
-1116.157136 5.461456e+06
-1116.342083 4.934248e+06
-1116.527030 4.408792e+06
-1116.711978 3.886648e+06
-1116.896925 3.369336e+06
-1117.081872 2.858328e+06
-1117.266820 2.355032e+06
-1117.451767 1.860784e+06
-1117.636714 1.376848e+06
-1117.821662 9.044320e+05
-1118.006609 4.445920e+05
-1118.191556 -1.600000e+03
-1118.376504 -4.332480e+05
-1118.561451 -8.495040e+05
-1118.746398 -1.249624e+06
-1118.931346 -1.632952e+06
-1119.116293 -1.998920e+06
-1119.301240 -2.347080e+06
-1119.486188 -2.677064e+06
-1119.671135 -2.988624e+06
-1119.856082 -3.281624e+06
-1120.041030 -3.556048e+06
-1120.225977 -3.811960e+06
-1120.410924 -4.049624e+06
-1120.595872 -4.269376e+06
-1120.780819 -4.471728e+06
-1120.965766 -4.657312e+06
-1121.150714 -4.826912e+06
-1121.335661 -4.981432e+06
-1121.520608 -5.121976e+06
-1121.705556 -5.249728e+06
-1121.890503 -5.366064e+06
-1122.075450 -5.472448e+06
-1122.260398 -5.570504e+06
-1122.445345 -5.661920e+06
-1122.630292 -5.748536e+06
-1122.815240 -5.832256e+06
-1123.000187 -5.915048e+06
-1123.185134 -5.998904e+06
-1123.370082 -6.085912e+06
-1123.555029 -6.178088e+06
-1123.739976 -6.277456e+06
-1123.924924 -6.386032e+06
-1124.109871 -6.505680e+06
-1124.294818 -6.638216e+06
-1124.479766 -6.785312e+06
-1124.664713 -6.948464e+06
-1124.849660 -7.129016e+06
-1125.034608 -7.328032e+06
-1125.219555 -7.546392e+06
-1125.404502 -7.784688e+06
-1125.589450 -8.043232e+06
-1125.774397 -8.322024e+06
-1125.959344 -8.620792e+06
-1126.144292 -8.938896e+06
-1126.329239 -9.275424e+06
-1126.514186 -9.629152e+06
-1126.699134 -9.998568e+06
-1126.884081 -1.038186e+07
-1127.069028 -1.077700e+07
-1127.253976 -1.118174e+07
-1127.438923 -1.159367e+07
-1127.623870 -1.201019e+07
-1127.808817 -1.242866e+07
-1127.993765 -1.284638e+07
-1128.178712 -1.326063e+07
-1128.363659 -1.366875e+07
-1128.548607 -1.406818e+07
-1128.733554 -1.445648e+07
-1128.918501 -1.483141e+07
-1129.103449 -1.519091e+07
-1129.288396 -1.553321e+07
-1129.473343 -1.585676e+07
-1129.658291 -1.616033e+07
-1129.843238 -1.644302e+07
-1130.028185 -1.670418e+07
-1130.213133 -1.694354e+07
-1130.398080 -1.716109e+07
-1130.583027 -1.735714e+07
-1130.767975 -1.753227e+07
-1130.952922 -1.768733e+07
-1131.137869 -1.782338e+07
-1131.322817 -1.794171e+07
-1131.507764 -1.804378e+07
-1131.692711 -1.813118e+07
-1131.877659 -1.820558e+07
-1132.062606 -1.826877e+07
-1132.247553 -1.832253e+07
-1132.432501 -1.836869e+07
-1132.617448 -1.840898e+07
-1132.802395 -1.844511e+07
-1132.987343 -1.847867e+07
-1133.172290 -1.851114e+07
-1133.357237 -1.854382e+07
-1133.542185 -1.857782e+07
-1133.727132 -1.861409e+07
-1133.912079 -1.865333e+07
-1134.097027 -1.869599e+07
-1134.281974 -1.874229e+07
-1134.466921 -1.879218e+07
-1134.651869 -1.884534e+07
-1134.836816 -1.890119e+07
-1135.021763 -1.895892e+07
-1135.206711 -1.901742e+07
-1135.391658 -1.907539e+07
-1135.576605 -1.913128e+07
-1135.761553 -1.918338e+07
-1135.946500 -1.922981e+07
-1136.131447 -1.926855e+07
-1136.316395 -1.929752e+07
-1136.501342 -1.931454e+07
-1136.686289 -1.931744e+07
-1136.871237 -1.930411e+07
-1137.056184 -1.927250e+07
-1137.241131 -1.922064e+07
-1137.426079 -1.914676e+07
-1137.611026 -1.904929e+07
-1137.795973 -1.892683e+07
-1137.980921 -1.877834e+07
-1138.165868 -1.860297e+07
-1138.350815 -1.840023e+07
-1138.535763 -1.816994e+07
-1138.720710 -1.791225e+07
-1138.905657 -1.762763e+07
-1139.090605 -1.731690e+07
-1139.275552 -1.698117e+07
-1139.460499 -1.662190e+07
-1139.645447 -1.624079e+07
-1139.830394 -1.583984e+07
-1140.015341 -1.542128e+07
-1140.200289 -1.498754e+07
-1140.385236 -1.454123e+07
-1140.570183 -1.408514e+07
-1140.755131 -1.362211e+07
-1140.940078 -1.315509e+07
-1141.125025 -1.268706e+07
-1141.309973 -1.222102e+07
-1141.494920 -1.175992e+07
-1141.679867 -1.130665e+07
-1141.864815 -1.086400e+07
-1142.049762 -1.043468e+07
-1142.234709 -1.002123e+07
-1142.419657 -9.626040e+06
-1142.604604 -9.251352e+06
-1142.789551 -8.899184e+06
-1142.974499 -8.571424e+06
-1143.159446 -8.269760e+06
-1143.344393 -7.995672e+06
-1143.529341 -7.750520e+06
-1143.714288 -7.535440e+06
-1143.899235 -7.351464e+06
-1144.084183 -7.199472e+06
-1144.269130 -7.080192e+06
-1144.454077 -6.994264e+06
-1144.639025 -6.942200e+06
-1144.823972 -6.924408e+06
-1145.008919 -6.941208e+06
-1145.193867 -6.992816e+06
-1145.378814 -7.079336e+06
-1145.563761 -7.200776e+06
-1145.748708 -7.357016e+06
-1145.933656 -7.547832e+06
-1146.118603 -7.772848e+06
-1146.303550 -8.031520e+06
-1146.488498 -8.323168e+06
-1146.673445 -8.646944e+06
-1146.858392 -9.001816e+06
-1147.043340 -9.386536e+06
-1147.228287 -9.799728e+06
-1147.413234 -1.023980e+07
-1147.598182 -1.070502e+07
-1147.783129 -1.119345e+07
-1147.968076 -1.170306e+07
-1148.153024 -1.223168e+07
-1148.337971 -1.277705e+07
-1148.522918 -1.333686e+07
-1148.707866 -1.390874e+07
-1148.892813 -1.449033e+07
-1149.077760 -1.507930e+07
-1149.262708 -1.567337e+07
-1149.447655 -1.627037e+07
-1149.632602 -1.686821e+07
-1149.817550 -1.746494e+07
-1150.002497 -1.805878e+07
-1150.187444 -1.864813e+07
-1150.372392 -1.923153e+07
-1150.557339 -1.980770e+07
-1150.742286 -2.037559e+07
-1150.927234 -2.093429e+07
-1151.112181 -2.148304e+07
-1151.297128 -2.202128e+07
-1151.482076 -2.254855e+07
-1151.667023 -2.306451e+07
-1151.851970 -2.356894e+07
-1152.036918 -2.406165e+07
-1152.221865 -2.454254e+07
-1152.406812 -2.501150e+07
-1152.591760 -2.546843e+07
-1152.776707 -2.591319e+07
-1152.961654 -2.634560e+07
-1153.146602 -2.676542e+07
-1153.331549 -2.717230e+07
-1153.516496 -2.756580e+07
-1153.701444 -2.794540e+07
-1153.886391 -2.831042e+07
-1154.071338 -2.866008e+07
-1154.256286 -2.899349e+07
-1154.441233 -2.930966e+07
-1154.626180 -2.960748e+07
-1154.811128 -2.988578e+07
-1154.996075 -3.014329e+07
-1155.181022 -3.037874e+07
-1155.365970 -3.059082e+07
-1155.550917 -3.077820e+07
-1155.735864 -3.093962e+07
-1155.920812 -3.107383e+07
-1156.105759 -3.117968e+07
-1156.290706 -3.125614e+07
-1156.475654 -3.130229e+07
-1156.660601 -3.131734e+07
-1156.845548 -3.130070e+07
-1157.030496 -3.125196e+07
-1157.215443 -3.117091e+07
-1157.400390 -3.105753e+07
-1157.585338 -3.091205e+07
-1157.770285 -3.073489e+07
-1157.955232 -3.052672e+07
-1158.140180 -3.028842e+07
-1158.325127 -3.002110e+07
-1158.510074 -2.972604e+07
-1158.695022 -2.940474e+07
-1158.879969 -2.905886e+07
-1159.064916 -2.869023e+07
-1159.249864 -2.830082e+07
-1159.434811 -2.789270e+07
-1159.619758 -2.746806e+07
-1159.804706 -2.702915e+07
-1159.989653 -2.657828e+07
-1160.174600 -2.611778e+07
-1160.359548 -2.564997e+07
-1160.544495 -2.517719e+07
-1160.729442 -2.470174e+07
-1160.914390 -2.422586e+07
-1161.099337 -2.375169e+07
-1161.284284 -2.328135e+07
-1161.469232 -2.281681e+07
-1161.654179 -2.235995e+07
-1161.839126 -2.191252e+07
-1162.024074 -2.147614e+07
-1162.209021 -2.105226e+07
-1162.393968 -2.064224e+07
-1162.578916 -2.024722e+07
-1162.763863 -1.986822e+07
-1162.948810 -1.950606e+07
-1163.133757 -1.916138e+07
-1163.318705 -1.883474e+07
-1163.503652 -1.852641e+07
-1163.688599 -1.823655e+07
-1163.873547 -1.796516e+07
-1164.058494 -1.771205e+07
-1164.243441 -1.747686e+07
-1164.428389 -1.725914e+07
-1164.613336 -1.705822e+07
-1164.798283 -1.687337e+07
-1164.983231 -1.670366e+07
-1165.168178 -1.654812e+07
-1165.353125 -1.640566e+07
-1165.538073 -1.627511e+07
-1165.723020 -1.615526e+07
-1165.907967 -1.604486e+07
-1166.092915 -1.594258e+07
-1166.277862 -1.584721e+07
-1166.462809 -1.575746e+07
-1166.647757 -1.567213e+07
-1166.832704 -1.559009e+07
-1167.017651 -1.551027e+07
-1167.202599 -1.543175e+07
-1167.387546 -1.535369e+07
-1167.572493 -1.527539e+07
-1167.757441 -1.519634e+07
-1167.942388 -1.511612e+07
-1168.127335 -1.503451e+07
-1168.312283 -1.495148e+07
-1168.497230 -1.486710e+07
-1168.682177 -1.478165e+07
-1168.867125 -1.469556e+07
-1169.052072 -1.460938e+07
-1169.237019 -1.452382e+07
-1169.421967 -1.443970e+07
-1169.606914 -1.435793e+07
-1169.791861 -1.427952e+07
-1169.976809 -1.420558e+07
-1170.161756 -1.413717e+07
-1170.346703 -1.407546e+07
-1170.531651 -1.402162e+07
-1170.716598 -1.397678e+07
-1170.901545 -1.394206e+07
-1171.086493 -1.391850e+07
-1171.271440 -1.390710e+07
-1171.456387 -1.390880e+07
-1171.641335 -1.392439e+07
-1171.826282 -1.395462e+07
-1172.011229 -1.400008e+07
-1172.196177 -1.406126e+07
-1172.381124 -1.413851e+07
-1172.566071 -1.423205e+07
-1172.751019 -1.434195e+07
-1172.935966 -1.446815e+07
-1173.120913 -1.461041e+07
-1173.305861 -1.476837e+07
-1173.490808 -1.494148e+07
-1173.675755 -1.512907e+07
-1173.860703 -1.533029e+07
-1174.045650 -1.554414e+07
-1174.230597 -1.576948e+07
-1174.415545 -1.600500e+07
-1174.600492 -1.624930e+07
-1174.785439 -1.650082e+07
-1174.970387 -1.675792e+07
-1175.155334 -1.701882e+07
-1175.340281 -1.728170e+07
-1175.525229 -1.754466e+07
-1175.710176 -1.780578e+07
-1175.895123 -1.806314e+07
-1176.080071 -1.831477e+07
-1176.265018 -1.855878e+07
-1176.449965 -1.879331e+07
-1176.634913 -1.901660e+07
-1176.819860 -1.922698e+07
-1177.004807 -1.942285e+07
-1177.189755 -1.960280e+07
-1177.374702 -1.976557e+07
-1177.559649 -1.991002e+07
-1177.744597 -2.003523e+07
-1177.929544 -2.014043e+07
-1178.114491 -2.022506e+07
-1178.299439 -2.028874e+07
-1178.484386 -2.033128e+07
-1178.669333 -2.035267e+07
-1178.854281 -2.035313e+07
-1179.039228 -2.033300e+07
-1179.224175 -2.029279e+07
-1179.409123 -2.023322e+07
-1179.594070 -2.015509e+07
-1179.779017 -2.005937e+07
-1179.963965 -1.994707e+07
-1180.148912 -1.981937e+07
-1180.333859 -1.967746e+07
-1180.518807 -1.952259e+07
-1180.703754 -1.935604e+07
-1180.888701 -1.917910e+07
-1181.073648 -1.899305e+07
-1181.258596 -1.879911e+07
-1181.443543 -1.859853e+07
-1181.628490 -1.839243e+07
-1181.813438 -1.818191e+07
-1181.998385 -1.796798e+07
-1182.183332 -1.775161e+07
-1182.368280 -1.753364e+07
-1182.553227 -1.731490e+07
-1182.738174 -1.709610e+07
-1182.923122 -1.687793e+07
-1183.108069 -1.666101e+07
-1183.293016 -1.644590e+07
-1183.477964 -1.623313e+07
-1183.662911 -1.602323e+07
-1183.847858 -1.581669e+07
-1184.032806 -1.561399e+07
-1184.217753 -1.541564e+07
-1184.402700 -1.522212e+07
-1184.587648 -1.503398e+07
-1184.772595 -1.485175e+07
-1184.957542 -1.467602e+07
-1185.142490 -1.450738e+07
-1185.327437 -1.434650e+07
-1185.512384 -1.419405e+07
-1185.697332 -1.405074e+07
-1185.882279 -1.391730e+07
-1186.067226 -1.379453e+07
-1186.252174 -1.368319e+07
-1186.437121 -1.358408e+07
-1186.622068 -1.349800e+07
-1186.807016 -1.342574e+07
-1186.991963 -1.336806e+07
-1187.176910 -1.332572e+07
-1187.361858 -1.329940e+07
-1187.546805 -1.328978e+07
-1187.731752 -1.329744e+07
-1187.916700 -1.332290e+07
-1188.101647 -1.336663e+07
-1188.286594 -1.342895e+07
-1188.471542 -1.351016e+07
-1188.656489 -1.361040e+07
-1188.841436 -1.372972e+07
-1189.026384 -1.386803e+07
-1189.211331 -1.402517e+07
-1189.396278 -1.420078e+07
-1189.581226 -1.439441e+07
-1189.766173 -1.460545e+07
-1189.951120 -1.483317e+07
-1190.136068 -1.507666e+07
-1190.321015 -1.533488e+07
-1190.505962 -1.560663e+07
-1190.690910 -1.589054e+07
-1190.875857 -1.618515e+07
-1191.060804 -1.648878e+07
-1191.245752 -1.679964e+07
-1191.430699 -1.711581e+07
-1191.615646 -1.743522e+07
-1191.800594 -1.775570e+07
-1191.985541 -1.807497e+07
-1192.170488 -1.839069e+07
-1192.355436 -1.870041e+07
-1192.540383 -1.900169e+07
-1192.725330 -1.929203e+07
-1192.910278 -1.956898e+07
-1193.095225 -1.983010e+07
-1193.280172 -2.007301e+07
-1193.465120 -2.029546e+07
-1193.650067 -2.049530e+07
-1193.835014 -2.067053e+07
-1194.019962 -2.081932e+07
-1194.204909 -2.094006e+07
-1194.389856 -2.103134e+07
-1194.574804 -2.109198e+07
-1194.759751 -2.112103e+07
-1194.944698 -2.111782e+07
-1195.129646 -2.108190e+07
-1195.314593 -2.101311e+07
-1195.499540 -2.091153e+07
-1195.684488 -2.077746e+07
-1195.869435 -2.061143e+07
-1196.054382 -2.041427e+07
-1196.239330 -2.018694e+07
-1196.424277 -1.993064e+07
-1196.609224 -1.964674e+07
-1196.794172 -1.933682e+07
-1196.979119 -1.900252e+07
-1197.164066 -1.864570e+07
-1197.349014 -1.826831e+07
-1197.533961 -1.787242e+07
-1197.718908 -1.746016e+07
-1197.903856 -1.703374e+07
-1198.088803 -1.659542e+07
-1198.273750 -1.614751e+07
-1198.458698 -1.569229e+07
-1198.643645 -1.523206e+07
-1198.828592 -1.476910e+07
-1199.013539 -1.430562e+07
-1199.198487 -1.384377e+07
-1199.383434 -1.338559e+07
-1199.568381 -1.293306e+07
-1199.753329 -1.248798e+07
-1199.938276 -1.205206e+07
-1200.123223 -1.162681e+07
-1200.308171 -1.121361e+07
-1200.493118 -1.081364e+07
-1200.678065 -1.042798e+07
-1200.863013 -1.005746e+07
-1201.047960 -9.702768e+06
-1201.232907 -9.364440e+06
-1201.417855 -9.042832e+06
-1201.602802 -8.738184e+06
-1201.787749 -8.450576e+06
-1201.972697 -8.179976e+06
-1202.157644 -7.926256e+06
-1202.342591 -7.689168e+06
-1202.527539 -7.468400e+06
-1202.712486 -7.263576e+06
-1202.897433 -7.074256e+06
-1203.082381 -6.899952e+06
-1203.267328 -6.740160e+06
-1203.452275 -6.594336e+06
-1203.637223 -6.461928e+06
-1203.822170 -6.342368e+06
-1204.007117 -6.235088e+06
-1204.192065 -6.139488e+06
-1204.377012 -6.055024e+06
-1204.561959 -5.981088e+06
-1204.746907 -5.917112e+06
-1204.931854 -5.862504e+06
-1205.116801 -5.816696e+06
-1205.301749 -5.779088e+06
-1205.486696 -5.749128e+06
-1205.671643 -5.726208e+06
-1205.856591 -5.709768e+06
-1206.041538 -5.699248e+06
-1206.226485 -5.694088e+06
-1206.411433 -5.693768e+06
-1206.596380 -5.697792e+06
-1206.781327 -5.705688e+06
-1206.966275 -5.717056e+06
-1207.151222 -5.731536e+06
-1207.336169 -5.748856e+06
-1207.521117 -5.768776e+06
-1207.706064 -5.791200e+06
-1207.891011 -5.816080e+06
-1208.075959 -5.843488e+06
-1208.260906 -5.873568e+06
-1208.445853 -5.906576e+06
-1208.630801 -5.942896e+06
-1208.815748 -5.982944e+06
-1209.000695 -6.027264e+06
-1209.185643 -6.076464e+06
-1209.370590 -6.131176e+06
-1209.555537 -6.192144e+06
-1209.740485 -6.260072e+06
-1209.925432 -6.335720e+06
-1210.110379 -6.419840e+06
-1210.295327 -6.513144e+06
-1210.480274 -6.616312e+06
-1210.665221 -6.729968e+06
-1210.850169 -6.854664e+06
-1211.035116 -6.990864e+06
-1211.220063 -7.138936e+06
-1211.405011 -7.299136e+06
-1211.589958 -7.471616e+06
-1211.774905 -7.656384e+06
-1211.959853 -7.853360e+06
-1212.144800 -8.062280e+06
-1212.329747 -8.282832e+06
-1212.514695 -8.514536e+06
-1212.699642 -8.756808e+06
-1212.884589 -9.008968e+06
-1213.069537 -9.270240e+06
-1213.254484 -9.539752e+06
-1213.439431 -9.816592e+06
-1213.624379 -1.009978e+07
-1213.809326 -1.038829e+07
-1213.994273 -1.068104e+07
-1214.179221 -1.097702e+07
-1214.364168 -1.127511e+07
-1214.549115 -1.157427e+07
-1214.734063 -1.187346e+07
-1214.919010 -1.217166e+07
-1215.103957 -1.246785e+07
-1215.288905 -1.276113e+07
-1215.473852 -1.305055e+07
-1215.658799 -1.333525e+07
-1215.843747 -1.361439e+07
-1216.028694 -1.388718e+07
-1216.213641 -1.415285e+07
-1216.398588 -1.441070e+07
-1216.583536 -1.466006e+07
-1216.768483 -1.490033e+07
-1216.953430 -1.513091e+07
-1217.138378 -1.535132e+07
-1217.323325 -1.556108e+07
-1217.508272 -1.575985e+07
-1217.693220 -1.594730e+07
-1217.878167 -1.612324e+07
-1218.063114 -1.628757e+07
-1218.248062 -1.644022e+07
-1218.433009 -1.658134e+07
-1218.617956 -1.671105e+07
-1218.802904 -1.682966e+07
-1218.987851 -1.693755e+07
-1219.172798 -1.703514e+07
-1219.357746 -1.712297e+07
-1219.542693 -1.720161e+07
-1219.727640 -1.727166e+07
-1219.912588 -1.733374e+07
-1220.097535 -1.738846e+07
-1220.282482 -1.743643e+07
-1220.467430 -1.747818e+07
-1220.652377 -1.751418e+07
-1220.837324 -1.754482e+07
-1221.022272 -1.757040e+07
-1221.207219 -1.759110e+07
-1221.392166 -1.760698e+07
-1221.577114 -1.761800e+07
-1221.762061 -1.762398e+07
-1221.947008 -1.762462e+07
-1222.131956 -1.761953e+07
-1222.316903 -1.760821e+07
-1222.501850 -1.759010e+07
-1222.686798 -1.756456e+07
-1222.871745 -1.753090e+07
-1223.056692 -1.748845e+07
-1223.241640 -1.743652e+07
-1223.426587 -1.737444e+07
-1223.611534 -1.730163e+07
-1223.796482 -1.721754e+07
-1223.981429 -1.712172e+07
-1224.166376 -1.701382e+07
-1224.351324 -1.689360e+07
-1224.536271 -1.676095e+07
-1224.721218 -1.661587e+07
-1224.906166 -1.645847e+07
-1225.091113 -1.628897e+07
-1225.276060 -1.610770e+07
-1225.461008 -1.591507e+07
-1225.645955 -1.571156e+07
-1225.830902 -1.549770e+07
-1226.015850 -1.527409e+07
-1226.200797 -1.504130e+07
-1226.385744 -1.479993e+07
-1226.570692 -1.455057e+07
-1226.755639 -1.429378e+07
-1226.940586 -1.403008e+07
-1227.125534 -1.375994e+07
-1227.310481 -1.348382e+07
-1227.495428 -1.320210e+07
-1227.680376 -1.291514e+07
-1227.865323 -1.262324e+07
-1228.050270 -1.232673e+07
-1228.235218 -1.202588e+07
-1228.420165 -1.172098e+07
-1228.605112 -1.141235e+07
-1228.790060 -1.110033e+07
-1228.975007 -1.078532e+07
-1229.159954 -1.046775e+07
-1229.344902 -1.014816e+07
-1229.529849 -9.827136e+06
-1229.714796 -9.505384e+06
-1229.899744 -9.183656e+06
-1230.084691 -8.862816e+06
-1230.269638 -8.543800e+06
-1230.454586 -8.227584e+06
-1230.639533 -7.915232e+06
-1230.824480 -7.607856e+06
-1231.009428 -7.306528e+06
-1231.194375 -7.012384e+06
-1231.379322 -6.726504e+06
-1231.564270 -6.449928e+06
-1231.749217 -6.183656e+06
-1231.934164 -5.928576e+06
-1232.119112 -5.685496e+06
-1232.304059 -5.455120e+06
-1232.489006 -5.238008e+06
-1232.673954 -5.034592e+06
-1232.858901 -4.845200e+06
-1233.043848 -4.669976e+06
-1233.228796 -4.508976e+06
-1233.413743 -4.362104e+06
-1233.598690 -4.229160e+06
-1233.783638 -4.109816e+06
-1233.968585 -4.003696e+06
-1234.153532 -3.910304e+06
-1234.338479 -3.829096e+06
-1234.523427 -3.759480e+06
-1234.708374 -3.700848e+06
-1234.893321 -3.652536e+06
-1235.078269 -3.613904e+06
-1235.263216 -3.584320e+06
-1235.448163 -3.563168e+06
-1235.633111 -3.549848e+06
-1235.818058 -3.543808e+06
-1236.003005 -3.544560e+06
-1236.187953 -3.551624e+06
-1236.372900 -3.564600e+06
-1236.557847 -3.583152e+06
-1236.742795 -3.606960e+06
-1236.927742 -3.635768e+06
-1237.112689 -3.669384e+06
-1237.297637 -3.707632e+06
-1237.482584 -3.750360e+06
-1237.667531 -3.797448e+06
-1237.852479 -3.848784e+06
-1238.037426 -3.904216e+06
-1238.222373 -3.963608e+06
-1238.407321 -4.026784e+06
-1238.592268 -4.093528e+06
-1238.777215 -4.163576e+06
-1238.962163 -4.236568e+06
-1239.147110 -4.312128e+06
-1239.332057 -4.389784e+06
-1239.517005 -4.469016e+06
-1239.701952 -4.549224e+06
-1239.886899 -4.629784e+06
-1240.071847 -4.709984e+06
-1240.256794 -4.789136e+06
-1240.441741 -4.866512e+06
-1240.626689 -4.941376e+06
-1240.811636 -5.013040e+06
-1240.996583 -5.080872e+06
-1241.181531 -5.144272e+06
-1241.366478 -5.202760e+06
-1241.551425 -5.255928e+06
-1241.736373 -5.303496e+06
-1241.921320 -5.345320e+06
-1242.106267 -5.381384e+06
-1242.291215 -5.411816e+06
-1242.476162 -5.436888e+06
-1242.661109 -5.456992e+06
-1242.846057 -5.472672e+06
-1243.031004 -5.484552e+06
-1243.215951 -5.493376e+06
-1243.400899 -5.499944e+06
-1243.585846 -5.505144e+06
-1243.770793 -5.509856e+06
-1243.955741 -5.514968e+06
-1244.140688 -5.521352e+06
-1244.325635 -5.529840e+06
-1244.510583 -5.541160e+06
-1244.695530 -5.555984e+06
-1244.880477 -5.574840e+06
-1245.065425 -5.598160e+06
-1245.250372 -5.626224e+06
-1245.435319 -5.659168e+06
-1245.620267 -5.696984e+06
-1245.805214 -5.739528e+06
-1245.990161 -5.786512e+06
-1246.175109 -5.837512e+06
-1246.360056 -5.892000e+06
-1246.545003 -5.949336e+06
-1246.729951 -6.008800e+06
-1246.914898 -6.069608e+06
-1247.099845 -6.130960e+06
-1247.284793 -6.191984e+06
-1247.469740 -6.251872e+06
-1247.654687 -6.309800e+06
-1247.839635 -6.365048e+06
-1248.024582 -6.416936e+06
-1248.209529 -6.464896e+06
-1248.394477 -6.508488e+06
-1248.579424 -6.547400e+06
-1248.764371 -6.581488e+06
-1248.949319 -6.610760e+06
-1249.134266 -6.635416e+06
-1249.319213 -6.655816e+06
-1249.504161 -6.672512e+06
-1249.689108 -6.686240e+06
-1249.874055 -6.697848e+06
-1250.059003 -6.708408e+06
-1250.243950 -6.719056e+06
-1250.428897 -6.731080e+06
-1250.613845 -6.745848e+06
-1250.798792 -6.764768e+06
-1250.983739 -6.789280e+06
-1251.168687 -6.820864e+06
-1251.353634 -6.860920e+06
-1251.538581 -6.910816e+06
-1251.723529 -6.971840e+06
-1251.908476 -7.045160e+06
-1252.093423 -7.131824e+06
-1252.278370 -7.232704e+06
-1252.463318 -7.348528e+06
-1252.648265 -7.479832e+06
-1252.833212 -7.626936e+06
-1253.018160 -7.789968e+06
-1253.203107 -7.968824e+06
-1253.388054 -8.163216e+06
-1253.573002 -8.372592e+06
-1253.757949 -8.596192e+06
-1253.942896 -8.833048e+06
-1254.127844 -9.081944e+06
-1254.312791 -9.341480e+06
-1254.497738 -9.610056e+06
-1254.682686 -9.885840e+06
-1254.867633 -1.016686e+07
-1255.052580 -1.045097e+07
-1255.237528 -1.073587e+07
-1255.422475 -1.101913e+07
-1255.607422 -1.129822e+07
-1255.792370 -1.157054e+07
-1255.977317 -1.183343e+07
-1256.162264 -1.208420e+07
-1256.347212 -1.232020e+07
-1256.532159 -1.253875e+07
-1256.717106 -1.273732e+07
-1256.902054 -1.291341e+07
-1257.087001 -1.306468e+07
-1257.271948 -1.318891e+07
-1257.456896 -1.328413e+07
-1257.641843 -1.334847e+07
-1257.826790 -1.338037e+07
-1258.011738 -1.337846e+07
-1258.196685 -1.334163e+07
-1258.381632 -1.326903e+07
-1258.566580 -1.316006e+07
-1258.751527 -1.301440e+07
-1258.936474 -1.283198e+07
-1259.121422 -1.261299e+07
-1259.306369 -1.235786e+07
-1259.491316 -1.206728e+07
-1259.676264 -1.174212e+07
-1259.861211 -1.138347e+07
-1260.046158 -1.099262e+07
-1260.231106 -1.057099e+07
-1260.416053 -1.012019e+07
-1260.601000 -9.641920e+06
-1260.785948 -9.137976e+06
-1260.970895 -8.610264e+06
-1261.155842 -8.060720e+06
-1261.340790 -7.491328e+06
-1261.525737 -6.904088e+06
-1261.710684 -6.300976e+06
-1261.895632 -5.683976e+06
-1262.080579 -5.055040e+06
-1262.265526 -4.416032e+06
-1262.450474 -3.768792e+06
-1262.635421 -3.115096e+06
-1262.820368 -2.456632e+06
-1263.005316 -1.795024e+06
-1263.190263 -1.131800e+06
-1263.375210 -4.684560e+05
-1263.560158 1.936160e+05
-1263.745105 8.531040e+05
-1263.930052 1.508712e+06
-1264.115000 2.159248e+06
-1264.299947 2.803536e+06
-1264.484894 3.440464e+06
-1264.669842 4.068960e+06
-1264.854789 4.688024e+06
-1265.039736 5.296632e+06
-1265.224684 5.893880e+06
-1265.409631 6.478832e+06
-1265.594578 7.050656e+06
-1265.779526 7.608544e+06
-1265.964473 8.151736e+06
-1266.149420 8.679552e+06
-1266.334368 9.191360e+06
-1266.519315 9.686592e+06
-1266.704262 1.016476e+07
-1266.889210 1.062545e+07
-1267.074157 1.106834e+07
-1267.259104 1.149313e+07
-1267.444052 1.189965e+07
-1267.628999 1.228778e+07
-1267.813946 1.265747e+07
-1267.998894 1.300873e+07
-1268.183841 1.334162e+07
-1268.368788 1.365629e+07
-1268.553736 1.395287e+07
-1268.738683 1.423160e+07
-1268.923630 1.449270e+07
-1269.108578 1.473647e+07
-1269.293525 1.496318e+07
-1269.478472 1.517316e+07
-1269.663419 1.536673e+07
-1269.848367 1.554425e+07
-1270.033314 1.570609e+07
-1270.218261 1.585259e+07
-1270.403209 1.598414e+07
-1270.588156 1.610114e+07
-1270.773103 1.620393e+07
-1270.958051 1.629294e+07
-1271.142998 1.636854e+07
-1271.327945 1.643113e+07
-1271.512893 1.648110e+07
-1271.697840 1.651889e+07
-1271.882787 1.654488e+07
-1272.067735 1.655952e+07
-1272.252682 1.656323e+07
-1272.437629 1.655650e+07
-1272.622577 1.653978e+07
-1272.807524 1.651359e+07
-1272.992471 1.647846e+07
-1273.177419 1.643495e+07
-1273.362366 1.638368e+07
-1273.547313 1.632525e+07
-1273.732261 1.626032e+07
-1273.917208 1.618958e+07
-1274.102155 1.611376e+07
-1274.287103 1.603357e+07
-1274.472050 1.594977e+07
-1274.656997 1.586312e+07
-1274.841945 1.577436e+07
-1275.026892 1.568426e+07
-1275.211839 1.559357e+07
-1275.396787 1.550300e+07
-1275.581734 1.541328e+07
-1275.766681 1.532510e+07
-1275.951629 1.523912e+07
-1276.136576 1.515597e+07
-1276.321523 1.507627e+07
-1276.506471 1.500064e+07
-1276.691418 1.492962e+07
-1276.876365 1.486380e+07
-1277.061313 1.480367e+07
-1277.246260 1.474978e+07
-1277.431207 1.470261e+07
-1277.616155 1.466264e+07
-1277.801102 1.463033e+07
-1277.986049 1.460610e+07
-1278.170997 1.459032e+07
-1278.355944 1.458337e+07
-1278.540891 1.458553e+07
-1278.725839 1.459706e+07
-1278.910786 1.461814e+07
-1279.095733 1.464888e+07
-1279.280681 1.468934e+07
-1279.465628 1.473948e+07
-1279.650575 1.479919e+07
-1279.835523 1.486827e+07
-1280.020470 1.494646e+07
-1280.205417 1.503341e+07
-1280.390365 1.512872e+07
-1280.575312 1.523193e+07
-1280.760259 1.534251e+07
-1280.945207 1.545991e+07
-1281.130154 1.558354e+07
-1281.315101 1.571278e+07
-1281.500049 1.584700e+07
-1281.684996 1.598557e+07
-1281.869943 1.612783e+07
-1282.054891 1.627314e+07
-1282.239838 1.642085e+07
-1282.424785 1.657028e+07
-1282.609733 1.672078e+07
-1282.794680 1.687167e+07
-1282.979627 1.702223e+07
-1283.164575 1.717173e+07
-1283.349522 1.731936e+07
-1283.534469 1.746432e+07
-1283.719417 1.760570e+07
-1283.904364 1.774254e+07
-1284.089311 1.787384e+07
-1284.274259 1.799846e+07
-1284.459206 1.811527e+07
-1284.644153 1.822300e+07
-1284.829101 1.832038e+07
-1285.014048 1.840605e+07
-1285.198995 1.847866e+07
-1285.383943 1.853682e+07
-1285.568890 1.857912e+07
-1285.753837 1.860425e+07
-1285.938785 1.861088e+07
-1286.123732 1.859780e+07
-1286.308679 1.856388e+07
-1286.493627 1.850811e+07
-1286.678574 1.842964e+07
-1286.863521 1.832776e+07
-1287.048469 1.820191e+07
-1287.233416 1.805178e+07
-1287.418363 1.787720e+07
-1287.603310 1.767822e+07
-1287.788258 1.745506e+07
-1287.973205 1.720818e+07
-1288.158152 1.693819e+07
-1288.343100 1.664593e+07
-1288.528047 1.633235e+07
-1288.712994 1.599861e+07
-1288.897942 1.564601e+07
-1289.082889 1.527594e+07
-1289.267836 1.488995e+07
-1289.452784 1.448967e+07
-1289.637731 1.407678e+07
-1289.822678 1.365305e+07
-1290.007626 1.322025e+07
-1290.192573 1.278020e+07
-1290.377520 1.233468e+07
-1290.562468 1.188547e+07
-1290.747415 1.143429e+07
-1290.932362 1.098279e+07
-1291.117310 1.053257e+07
-1291.302257 1.008507e+07
-1291.487204 9.641664e+06
-1291.672152 9.203600e+06
-1291.857099 8.771960e+06
-1292.042046 8.347720e+06
-1292.226994 7.931672e+06
-1292.411941 7.524464e+06
-1292.596888 7.126608e+06
-1292.781836 6.738440e+06
-1292.966783 6.360128e+06
-1293.151730 5.991696e+06
-1293.336678 5.633032e+06
-1293.521625 5.283856e+06
-1293.706572 4.943760e+06
-1293.891520 4.612208e+06
-1294.076467 4.288512e+06
-1294.261414 3.971896e+06
-1294.446362 3.661456e+06
-1294.631309 3.356216e+06
-1294.816256 3.055136e+06
-1295.001204 2.757080e+06
-1295.186151 2.460912e+06
-1295.371098 2.165472e+06
-1295.556046 1.869608e+06
-1295.740993 1.572208e+06
-1295.925940 1.272208e+06
-1296.110888 9.686480e+05
-1296.295835 6.606320e+05
-1296.480782 3.474240e+05
-1296.665730 2.844000e+04
-1296.850677 -2.967520e+05
-1297.035624 -6.284160e+05
-1297.220572 -9.666160e+05
-1297.405519 -1.311232e+06
-1297.590466 -1.661944e+06
-1297.775414 -2.018264e+06
-1297.960361 -2.379496e+06
-1298.145308 -2.744816e+06
-1298.330256 -3.113200e+06
-1298.515203 -3.483552e+06
-1298.700150 -3.854592e+06
-1298.885098 -4.225016e+06
-1299.070045 -4.593424e+06
-1299.254992 -4.958408e+06
-1299.439940 -5.318512e+06
-1299.624887 -5.672320e+06
-1299.809834 -6.018448e+06
-1299.994782 -6.355600e+06
-1300.179729 -6.682512e+06
-1300.364676 -6.998072e+06
-1300.549624 -7.301248e+06
-1300.734571 -7.591160e+06
-1300.919518 -7.867056e+06
-1301.104466 -8.128336e+06
-1301.289413 -8.374528e+06
-1301.474360 -8.605312e+06
-1301.659308 -8.820552e+06
-1301.844255 -9.020160e+06
-1302.029202 -9.204256e+06
-1302.214150 -9.373056e+06
-1302.399097 -9.526888e+06
-1302.584044 -9.666152e+06
-1302.768992 -9.791368e+06
-1302.953939 -9.903112e+06
-1303.138886 -1.000202e+07
-1303.323834 -1.008879e+07
-1303.508781 -1.016412e+07
-1303.693728 -1.022878e+07
-1303.878676 -1.028354e+07
-1304.063623 -1.032920e+07
-1304.248570 -1.036654e+07
-1304.433518 -1.039637e+07
-1304.618465 -1.041949e+07
-1304.803412 -1.043672e+07
-1304.988360 -1.044889e+07
-1305.173307 -1.045680e+07
-1305.358254 -1.046132e+07
-1305.543201 -1.046333e+07
-1305.728149 -1.046369e+07
-1305.913096 -1.046332e+07
-1306.098043 -1.046319e+07
-1306.282991 -1.046426e+07
-1306.467938 -1.046754e+07
-1306.652885 -1.047406e+07
-1306.837833 -1.048486e+07
-1307.022780 -1.050102e+07
-1307.207727 -1.052360e+07
-1307.392675 -1.055366e+07
-1307.577622 -1.059222e+07
-1307.762569 -1.064026e+07
-1307.947517 -1.069870e+07
-1308.132464 -1.076838e+07
-1308.317411 -1.085003e+07
-1308.502359 -1.094429e+07
-1308.687306 -1.105165e+07
-1308.872253 -1.117246e+07
-1309.057201 -1.130690e+07
-1309.242148 -1.145501e+07
-1309.427095 -1.161666e+07
-1309.612043 -1.179154e+07
-1309.796990 -1.197920e+07
-1309.981937 -1.217902e+07
-1310.166885 -1.239026e+07
-1310.351832 -1.261203e+07
-1310.536779 -1.284334e+07
-1310.721727 -1.308314e+07
-1310.906674 -1.333025e+07
-1311.091621 -1.358347e+07
-1311.276569 -1.384161e+07
-1311.461516 -1.410338e+07
-1311.646463 -1.436756e+07
-1311.831411 -1.463296e+07
-1312.016358 -1.489836e+07
-1312.201305 -1.516265e+07
-1312.386253 -1.542474e+07
-1312.571200 -1.568360e+07
-1312.756147 -1.593831e+07
-1312.941095 -1.618796e+07
-1313.126042 -1.643178e+07
-1313.310989 -1.666901e+07
-1313.495937 -1.689904e+07
-1313.680884 -1.712130e+07
-1313.865831 -1.733532e+07
-1314.050779 -1.754071e+07
-1314.235726 -1.773721e+07
-1314.420673 -1.792460e+07
-1314.605621 -1.810282e+07
-1314.790568 -1.827189e+07
-1314.975515 -1.843193e+07
-1315.160463 -1.858321e+07
-1315.345410 -1.872609e+07
-1315.530357 -1.886106e+07
-1315.715305 -1.898874e+07
-1315.900252 -1.910980e+07
-1316.085199 -1.922510e+07
-1316.270147 -1.933554e+07
-1316.455094 -1.944214e+07
-1316.640041 -1.954592e+07
-1316.824989 -1.964801e+07
-1317.009936 -1.974956e+07
-1317.194883 -1.985169e+07
-1317.379831 -1.995554e+07
-1317.564778 -2.006218e+07
-1317.749725 -2.017264e+07
-1317.934673 -2.028784e+07
-1318.119620 -2.040861e+07
-1318.304567 -2.053562e+07
-1318.489515 -2.066942e+07
-1318.674462 -2.081041e+07
-1318.859409 -2.095877e+07
-1319.044357 -2.111458e+07
-1319.229304 -2.127767e+07
-1319.414251 -2.144774e+07
-1319.599199 -2.162431e+07
-1319.784146 -2.180676e+07
-1319.969093 -2.199430e+07
-1320.154041 -2.218602e+07
-1320.338988 -2.238094e+07
-1320.523935 -2.257794e+07
-1320.708883 -2.277586e+07
-1320.893830 -2.297353e+07
-1321.078777 -2.316971e+07
-1321.263725 -2.336319e+07
-1321.448672 -2.355276e+07
-1321.633619 -2.373726e+07
-1321.818567 -2.391554e+07
-1322.003514 -2.408653e+07
-1322.188461 -2.424918e+07
-1322.373409 -2.440257e+07
-1322.558356 -2.454576e+07
-1322.743303 -2.467793e+07
-1322.928250 -2.479828e+07
-1323.113198 -2.490609e+07
-1323.298145 -2.500070e+07
-1323.483092 -2.508150e+07
-1323.668040 -2.514796e+07
-1323.852987 -2.519963e+07
-1324.037934 -2.523616e+07
-1324.222882 -2.525724e+07
-1324.407829 -2.526274e+07
-1324.592776 -2.525259e+07
-1324.777724 -2.522692e+07
-1324.962671 -2.518596e+07
-1325.147618 -2.513012e+07
-1325.332566 -2.505999e+07
-1325.517513 -2.497631e+07
-1325.702460 -2.488001e+07
-1325.887408 -2.477215e+07
-1326.072355 -2.465399e+07
-1326.257302 -2.452689e+07
-1326.442250 -2.439232e+07
-1326.627197 -2.425187e+07
-1326.812144 -2.410718e+07
-1326.997092 -2.395993e+07
-1327.182039 -2.381178e+07
-1327.366986 -2.366445e+07
-1327.551934 -2.351950e+07
-1327.736881 -2.337856e+07
-1327.921828 -2.324307e+07
-1328.106776 -2.311446e+07
-1328.291723 -2.299400e+07
-1328.476670 -2.288289e+07
-1328.661618 -2.278221e+07
-1328.846565 -2.269298e+07
-1329.031512 -2.261606e+07
-1329.216460 -2.255233e+07
-1329.401407 -2.250250e+07
-1329.586354 -2.246727e+07
-1329.771302 -2.244728e+07
-1329.956249 -2.244313e+07
-1330.141196 -2.245536e+07
-1330.326144 -2.248446e+07
-1330.511091 -2.253087e+07
-1330.696038 -2.259501e+07
-1330.880986 -2.267716e+07
-1331.065933 -2.277758e+07
-1331.250880 -2.289638e+07
-1331.435828 -2.303359e+07
-1331.620775 -2.318906e+07
-1331.805722 -2.336254e+07
-1331.990670 -2.355354e+07
-1332.175617 -2.376144e+07
-1332.360564 -2.398539e+07
-1332.545512 -2.422438e+07
-1332.730459 -2.447714e+07
-1332.915406 -2.474224e+07
-1333.100354 -2.501802e+07
-1333.285301 -2.530263e+07
-1333.470248 -2.559407e+07
-1333.655196 -2.589015e+07
-1333.840143 -2.618854e+07
-1334.025090 -2.648681e+07
-1334.210038 -2.678242e+07
-1334.394985 -2.707281e+07
-1334.579932 -2.735532e+07
-1334.764880 -2.762734e+07
-1334.949827 -2.788626e+07
-1335.134774 -2.812952e+07
-1335.319722 -2.835468e+07
-1335.504669 -2.855939e+07
-1335.689616 -2.874143e+07
-1335.874564 -2.889877e+07
-1336.059511 -2.902954e+07
-1336.244458 -2.913213e+07
-1336.429406 -2.920507e+07
-1336.614353 -2.924722e+07
-1336.799300 -2.925764e+07
-1336.984248 -2.923566e+07
-1337.169195 -2.918086e+07
-1337.354142 -2.909313e+07
-1337.539090 -2.897258e+07
-1337.724037 -2.881961e+07
-1337.908984 -2.863485e+07
-1338.093932 -2.841922e+07
-1338.278879 -2.817384e+07
-1338.463826 -2.790006e+07
-1338.648774 -2.759942e+07
-1338.833721 -2.727367e+07
-1339.018668 -2.692469e+07
-1339.203616 -2.655450e+07
-1339.388563 -2.616520e+07
-1339.573510 -2.575905e+07
-1339.758458 -2.533829e+07
-1339.943405 -2.490522e+07
-1340.128352 -2.446214e+07
-1340.313300 -2.401134e+07
-1340.498247 -2.355507e+07
-1340.683194 -2.309554e+07
-1340.868141 -2.263484e+07
-1341.053089 -2.217505e+07
-1341.238036 -2.171811e+07
-1341.422983 -2.126589e+07
-1341.607931 -2.082018e+07
-1341.792878 -2.038262e+07
-1341.977825 -1.995482e+07
-1342.162773 -1.953826e+07
-1342.347720 -1.913434e+07
-1342.532667 -1.874442e+07
-1342.717615 -1.836974e+07
-1342.902562 -1.801150e+07
-1343.087509 -1.767086e+07
-1343.272457 -1.734888e+07
-1343.457404 -1.704662e+07
-1343.642351 -1.676503e+07
-1343.827299 -1.650510e+07
-1344.012246 -1.626770e+07
-1344.197193 -1.605365e+07
-1344.382141 -1.586376e+07
-1344.567088 -1.569874e+07
-1344.752035 -1.555925e+07
-1344.936983 -1.544583e+07
-1345.121930 -1.535899e+07
-1345.306877 -1.529909e+07
-1345.491825 -1.526642e+07
-1345.676772 -1.526111e+07
-1345.861719 -1.528318e+07
-1346.046667 -1.533254e+07
-1346.231614 -1.540887e+07
-1346.416561 -1.551180e+07
-1346.601509 -1.564074e+07
-1346.786456 -1.579493e+07
-1346.971403 -1.597350e+07
-1347.156351 -1.617537e+07
-1347.341298 -1.639932e+07
-1347.526245 -1.664402e+07
-1347.711193 -1.690793e+07
-1347.896140 -1.718946e+07
-1348.081087 -1.748685e+07
-1348.266035 -1.779825e+07
-1348.450982 -1.812176e+07
-1348.635929 -1.845541e+07
-1348.820877 -1.879717e+07
-1349.005824 -1.914500e+07
-1349.190771 -1.949686e+07
-1349.375719 -1.985077e+07
-1349.560666 -2.020473e+07
-1349.745613 -2.055684e+07
-1349.930561 -2.090526e+07
-1350.115508 -2.124826e+07
-1350.300455 -2.158418e+07
-1350.485403 -2.191149e+07
-1350.670350 -2.222881e+07
-1350.855297 -2.253487e+07
-1351.040245 -2.282855e+07
-1351.225192 -2.310886e+07
-1351.410139 -2.337498e+07
-1351.595087 -2.362622e+07
-1351.780034 -2.386206e+07
-1351.964981 -2.408209e+07
-1352.149929 -2.428611e+07
-1352.334876 -2.447405e+07
-1352.519823 -2.464595e+07
-1352.704771 -2.480205e+07
-1352.889718 -2.494268e+07
-1353.074665 -2.506832e+07
-1353.259613 -2.517961e+07
-1353.444560 -2.527725e+07
-1353.629507 -2.536206e+07
-1353.814455 -2.543499e+07
-1353.999402 -2.549702e+07
-1354.184349 -2.554925e+07
-1354.369297 -2.559275e+07
-1354.554244 -2.562870e+07
-1354.739191 -2.565826e+07
-1354.924139 -2.568258e+07
-1355.109086 -2.570278e+07
-1355.294033 -2.571995e+07
-1355.478981 -2.573510e+07
-1355.663928 -2.574918e+07
-1355.848875 -2.576297e+07
-1356.033823 -2.577716e+07
-1356.218770 -2.579230e+07
-1356.403717 -2.580879e+07
-1356.588665 -2.582682e+07
-1356.773612 -2.584638e+07
-1356.958559 -2.586734e+07
-1357.143507 -2.588929e+07
-1357.328454 -2.591164e+07
-1357.513401 -2.593365e+07
-1357.698349 -2.595434e+07
-1357.883296 -2.597255e+07
-1358.068243 -2.598702e+07
-1358.253191 -2.599626e+07
-1358.438138 -2.599876e+07
-1358.623085 -2.599282e+07
-1358.808032 -2.597674e+07
-1358.992980 -2.594875e+07
-1359.177927 -2.590710e+07
-1359.362874 -2.585002e+07
-1359.547822 -2.577583e+07
-1359.732769 -2.568293e+07
-1359.917716 -2.556980e+07
-1360.102664 -2.543510e+07
-1360.287611 -2.527762e+07
-1360.472558 -2.509634e+07
-1360.657506 -2.489042e+07
-1360.842453 -2.465925e+07
-1361.027400 -2.440244e+07
-1361.212348 -2.411980e+07
-1361.397295 -2.381138e+07
-1361.582242 -2.347746e+07
-1361.767190 -2.311848e+07
-1361.952137 -2.273514e+07
-1362.137084 -2.232828e+07
-1362.322032 -2.189889e+07
-1362.506979 -2.144814e+07
-1362.691926 -2.097728e+07
-1362.876874 -2.048767e+07
-1363.061821 -1.998074e+07
-1363.246768 -1.945796e+07
-1363.431716 -1.892082e+07
-1363.616663 -1.837082e+07
-1363.801610 -1.780949e+07
-1363.986558 -1.723826e+07
-1364.171505 -1.665856e+07
-1364.356452 -1.607180e+07
-1364.541400 -1.547931e+07
-1364.726347 -1.488236e+07
-1364.911294 -1.428216e+07
-1365.096242 -1.367986e+07
-1365.281189 -1.307654e+07
-1365.466136 -1.247320e+07
-1365.651084 -1.187078e+07
-1365.836031 -1.127009e+07
-1366.020978 -1.067191e+07
-1366.205926 -1.007691e+07
-1366.390873 -9.485656e+06
-1366.575820 -8.898600e+06
-1366.760768 -8.316096e+06
-1366.945715 -7.738384e+06
-1367.130662 -7.165592e+06
-1367.315610 -6.597712e+06
-1367.500557 -6.034648e+06
-1367.685504 -5.476176e+06
-1367.870452 -4.921976e+06
-1368.055399 -4.371640e+06
-1368.240346 -3.824696e+06
-1368.425294 -3.280592e+06
-1368.610241 -2.738768e+06
-1368.795188 -2.198632e+06
-1368.980136 -1.659592e+06
-1369.165083 -1.121080e+06
-1369.350030 -5.826000e+05
-1369.534978 -4.368000e+04
-1369.719925 4.960240e+05
-1369.904872 1.036808e+06
-1370.089820 1.578832e+06
-1370.274767 2.122136e+06
-1370.459714 2.666656e+06
-1370.644662 3.212184e+06
-1370.829609 3.758400e+06
-1371.014556 4.304872e+06
-1371.199504 4.851032e+06
-1371.384451 5.396200e+06
-1371.569398 5.939592e+06
-1371.754346 6.480360e+06
-1371.939293 7.017536e+06
-1372.124240 7.550096e+06
-1372.309188 8.076936e+06
-1372.494135 8.596920e+06
-1372.679082 9.108856e+06
-1372.864030 9.611512e+06
-1373.048977 1.010363e+07
-1373.233924 1.058395e+07
-1373.418872 1.105117e+07
-1373.603819 1.150401e+07
-1373.788766 1.194116e+07
-1373.973714 1.236132e+07
-1374.158661 1.276321e+07
-1374.343608 1.314554e+07
-1374.528556 1.350703e+07
-1374.713503 1.384645e+07
-1374.898450 1.416251e+07
-1375.083398 1.445405e+07
-1375.268345 1.471987e+07
-1375.453292 1.495886e+07
-1375.638240 1.516998e+07
-1375.823187 1.535220e+07
-1376.008134 1.550466e+07
-1376.193081 1.562654e+07
-1376.378029 1.571723e+07
-1376.562976 1.577618e+07
-1376.747923 1.580304e+07
-1376.932871 1.579766e+07
-1377.117818 1.576004e+07
-1377.302765 1.569045e+07
-1377.487713 1.558934e+07
-1377.672660 1.545744e+07
-1377.857607 1.529567e+07
-1378.042555 1.510522e+07
-1378.227502 1.488756e+07
-1378.412449 1.464434e+07
-1378.597397 1.437749e+07
-1378.782344 1.408916e+07
-1378.967291 1.378169e+07
-1379.152239 1.345763e+07
-1379.337186 1.311969e+07
-1379.522133 1.277073e+07
-1379.707081 1.241373e+07
-1379.892028 1.205174e+07
-1380.076975 1.168789e+07
-1380.261923 1.132526e+07
-1380.446870 1.096702e+07
-1380.631817 1.061616e+07
-1380.816765 1.027563e+07
-1381.001712 9.948256e+06
-1381.186659 9.636672e+06
-1381.371607 9.343320e+06
-1381.556554 9.070400e+06
-1381.741501 8.819840e+06
-1381.926449 8.593328e+06
-1382.111396 8.392224e+06
-1382.296343 8.217624e+06
-1382.481291 8.070280e+06
-1382.666238 7.950640e+06
-1382.851185 7.858888e+06
-1383.036133 7.794896e+06
-1383.221080 7.758288e+06
-1383.406027 7.748440e+06
-1383.590975 7.764512e+06
-1383.775922 7.805496e+06
-1383.960869 7.870192e+06
-1384.145817 7.957328e+06
-1384.330764 8.065504e+06
-1384.515711 8.193280e+06
-1384.700659 8.339176e+06
-1384.885606 8.501728e+06
-1385.070553 8.679464e+06
-1385.255501 8.870984e+06
-1385.440448 9.074928e+06
-1385.625395 9.290024e+06
-1385.810343 9.515080e+06
-1385.995290 9.748976e+06
-1386.180237 9.990704e+06
-1386.365185 1.023934e+07
-1386.550132 1.049406e+07
-1386.735079 1.075410e+07
-1386.920027 1.101879e+07
-1387.104974 1.128754e+07
-1387.289921 1.155983e+07
-1387.474869 1.183517e+07
-1387.659816 1.211315e+07
-1387.844763 1.239341e+07
-1388.029711 1.267559e+07
-1388.214658 1.295941e+07
-1388.399605 1.324462e+07
-1388.584553 1.353098e+07
-1388.769500 1.381831e+07
-1388.954447 1.410646e+07
-1389.139395 1.439530e+07
-1389.324342 1.468477e+07
-1389.509289 1.497479e+07
-1389.694237 1.526540e+07
-1389.879184 1.555660e+07
-1390.064131 1.584847e+07
-1390.249079 1.614109e+07
-1390.434026 1.643457e+07
-1390.618973 1.672906e+07
-1390.803921 1.702467e+07
-1390.988868 1.732154e+07
-1391.173815 1.761977e+07
-1391.358763 1.791944e+07
-1391.543710 1.822058e+07
-1391.728657 1.852319e+07
-1391.913605 1.882718e+07
-1392.098552 1.913239e+07
-1392.283499 1.943862e+07
-1392.468447 1.974557e+07
-1392.653394 2.005284e+07
-1392.838341 2.036000e+07
-1393.023289 2.066652e+07
-1393.208236 2.097182e+07
-1393.393183 2.127523e+07
-1393.578131 2.157607e+07
-1393.763078 2.187358e+07
-1393.948025 2.216699e+07
-1394.132972 2.245548e+07
-1394.317920 2.273819e+07
-1394.502867 2.301430e+07
-1394.687814 2.328288e+07
-1394.872762 2.354308e+07
-1395.057709 2.379398e+07
-1395.242656 2.403467e+07
-1395.427604 2.426421e+07
-1395.612551 2.448168e+07
-1395.797498 2.468614e+07
-1395.982446 2.487663e+07
-1396.167393 2.505223e+07
-1396.352340 2.521200e+07
-1396.537288 2.535500e+07
-1396.722235 2.548034e+07
-1396.907182 2.558714e+07
-1397.092130 2.567458e+07
-1397.277077 2.574185e+07
-1397.462024 2.578822e+07
-1397.646972 2.581305e+07
-1397.831919 2.581575e+07
-1398.016866 2.579586e+07
-1398.201814 2.575298e+07
-1398.386761 2.568687e+07
-1398.571708 2.559737e+07
-1398.756656 2.548448e+07
-1398.941603 2.534832e+07
-1399.126550 2.518913e+07
-1399.311498 2.500732e+07
-1399.496445 2.480339e+07
-1399.681392 2.457800e+07
-1399.866340 2.433193e+07
-1400.051287 2.406604e+07
-1400.236234 2.378133e+07
-1400.421182 2.347886e+07
-1400.606129 2.315976e+07
-1400.791076 2.282523e+07
-1400.976024 2.247648e+07
-1401.160971 2.211475e+07
-1401.345918 2.174128e+07
-1401.530866 2.135727e+07
-1401.715813 2.096390e+07
-1401.900760 2.056226e+07
-1402.085708 2.015342e+07
-1402.270655 1.973829e+07
-1402.455602 1.931774e+07
-1402.640550 1.889250e+07
-1402.825497 1.846320e+07
-1403.010444 1.803032e+07
-1403.195392 1.759424e+07
-1403.380339 1.715522e+07
-1403.565286 1.671341e+07
-1403.750234 1.626880e+07
-1403.935181 1.582136e+07
-1404.120128 1.537090e+07
-1404.305076 1.491722e+07
-1404.490023 1.446003e+07
-1404.674970 1.399901e+07
-1404.859918 1.353381e+07
-1405.044865 1.306409e+07
-1405.229812 1.258951e+07
-1405.414760 1.210980e+07
-1405.599707 1.162470e+07
-1405.784654 1.113406e+07
-1405.969602 1.063776e+07
-1406.154549 1.013581e+07
-1406.339496 9.628312e+06
-1406.524444 9.115496e+06
-1406.709391 8.597680e+06
-1406.894338 8.075336e+06
-1407.079286 7.549064e+06
-1407.264233 7.019552e+06
-1407.449180 6.487664e+06
-1407.634128 5.954368e+06
-1407.819075 5.420728e+06
-1408.004022 4.887968e+06
-1408.188970 4.357368e+06
-1408.373917 3.830336e+06
-1408.558864 3.308328e+06
-1408.743812 2.792928e+06
-1408.928759 2.285704e+06
-1409.113706 1.788320e+06
-1409.298654 1.302416e+06
-1409.483601 8.296880e+05
-1409.668548 3.717840e+05
-1409.853496 -6.968800e+04
-1410.038443 -4.931360e+05
-1410.223390 -8.971200e+05
-1410.408338 -1.280184e+06
-1410.593285 -1.641072e+06
-1410.778232 -1.978592e+06
-1410.963180 -2.291768e+06
-1411.148127 -2.579704e+06
-1411.333074 -2.841736e+06
-1411.518022 -3.077336e+06
-1411.702969 -3.286208e+06
-1411.887916 -3.468216e+06
-1412.072863 -3.623440e+06
-1412.257811 -3.752168e+06
-1412.442758 -3.854872e+06
-1412.627705 -3.932208e+06
-1412.812653 -3.985048e+06
-1412.997600 -4.014400e+06
-1413.182547 -4.021472e+06
-1413.367495 -4.007584e+06
-1413.552442 -3.974192e+06
-1413.737389 -3.922864e+06
-1413.922337 -3.855232e+06
-1414.107284 -3.773000e+06
-1414.292231 -3.677896e+06
-1414.477179 -3.571640e+06
-1414.662126 -3.455952e+06
-1414.847073 -3.332472e+06
-1415.032021 -3.202800e+06
-1415.216968 -3.068424e+06
-1415.401915 -2.930688e+06
-1415.586863 -2.790824e+06
-1415.771810 -2.649912e+06
-1415.956757 -2.508840e+06
-1416.141705 -2.368344e+06
-1416.326652 -2.228968e+06
-1416.511599 -2.091080e+06
-1416.696547 -1.954864e+06
-1416.881494 -1.820344e+06
-1417.066441 -1.687376e+06
-1417.251389 -1.555672e+06
-1417.436336 -1.424808e+06
-1417.621283 -1.294256e+06
-1417.806231 -1.163392e+06
-1417.991178 -1.031528e+06
-1418.176125 -8.979120e+05
-1418.361073 -7.617840e+05
-1418.546020 -6.223440e+05
-1418.730967 -4.788320e+05
-1418.915915 -3.304800e+05
-1419.100862 -1.765760e+05
-1419.285809 -1.647200e+04
-1419.470757 1.504240e+05
-1419.655704 3.246640e+05
-1419.840651 5.066720e+05
-1420.025599 6.968320e+05
-1420.210546 8.954080e+05
-1420.395493 1.102608e+06
-1420.580441 1.318552e+06
-1420.765388 1.543248e+06
-1420.950335 1.776648e+06
-1421.135283 2.018624e+06
-1421.320230 2.268976e+06
-1421.505177 2.527408e+06
-1421.690125 2.793560e+06
-1421.875072 3.067024e+06
-1422.060019 3.347312e+06
-1422.244967 3.633824e+06
-1422.429914 3.925952e+06
-1422.614861 4.222960e+06
-1422.799809 4.524088e+06
-1422.984756 4.828472e+06
-1423.169703 5.135176e+06
-1423.354651 5.443176e+06
-1423.539598 5.751368e+06
-1423.724545 6.058600e+06
-1423.909493 6.363624e+06
-1424.094440 6.665120e+06
-1424.279387 6.961736e+06
-1424.464335 7.252048e+06
-1424.649282 7.534608e+06
-1424.834229 7.807952e+06
-1425.019177 8.070616e+06
-1425.204124 8.321152e+06
-1425.389071 8.558168e+06
-1425.574019 8.780328e+06
-1425.758966 8.986368e+06
-1425.943913 9.175168e+06
-1426.128861 9.345712e+06
-1426.313808 9.497168e+06
-1426.498755 9.628840e+06
-1426.683703 9.740240e+06
-1426.868650 9.831072e+06
-1427.053597 9.901240e+06
-1427.238545 9.950880e+06
-1427.423492 9.980296e+06
-1427.608439 9.990048e+06
-1427.793387 9.980848e+06
-1427.978334 9.953600e+06
-1428.163281 9.909408e+06
-1428.348229 9.849464e+06
-1428.533176 9.775128e+06
-1428.718123 9.687824e+06
-1428.903071 9.589088e+06
-1429.088018 9.480432e+06
-1429.272965 9.363440e+06
-1429.457912 9.239648e+06
-1429.642860 9.110560e+06
-1429.827807 8.977592e+06
-1430.012754 8.842072e+06
-1430.197702 8.705216e+06
-1430.382649 8.568072e+06
-1430.567596 8.431560e+06
-1430.752544 8.296400e+06
-1430.937491 8.163144e+06
-1431.122438 8.032144e+06
-1431.307386 7.903560e+06
-1431.492333 7.777368e+06
-1431.677280 7.653344e+06
-1431.862228 7.531112e+06
-1432.047175 7.410112e+06
-1432.232122 7.289664e+06
-1432.417070 7.168936e+06
-1432.602017 7.047056e+06
-1432.786964 6.923032e+06
-1432.971912 6.795864e+06
-1433.156859 6.664520e+06
-1433.341806 6.528016e+06
-1433.526754 6.385400e+06
-1433.711701 6.235784e+06
-1433.896648 6.078352e+06
-1434.081596 5.912448e+06
-1434.266543 5.737488e+06
-1434.451490 5.553048e+06
-1434.636438 5.358824e+06
-1434.821385 5.154656e+06
-1435.006332 4.940512e+06
-1435.191280 4.716480e+06
-1435.376227 4.482752e+06
-1435.561174 4.239608e+06
-1435.746122 3.987432e+06
-1435.931069 3.726656e+06
-1436.116016 3.457760e+06
-1436.300964 3.181264e+06
-1436.485911 2.897704e+06
-1436.670858 2.607600e+06
-1436.855806 2.311504e+06
-1437.040753 2.009912e+06
-1437.225700 1.703336e+06
-1437.410648 1.392248e+06
-1437.595595 1.077096e+06
-1437.780542 7.583040e+05
-1437.965490 4.362960e+05
-1438.150437 1.114640e+05
-1438.335384 -2.158000e+05
-1438.520332 -5.451360e+05
-1438.705279 -8.761200e+05
-1438.890226 -1.208384e+06
-1439.075174 -1.541496e+06
-1439.260121 -1.875000e+06
-1439.445068 -2.208408e+06
-1439.630016 -2.541216e+06
-1439.814963 -2.872824e+06
-1439.999910 -3.202640e+06
-1440.184858 -3.529952e+06
-1440.369805 -3.854056e+06
-1440.554752 -4.174144e+06
-1440.739700 -4.489344e+06
-1440.924647 -4.798760e+06
-1441.109594 -5.101416e+06
-1441.294542 -5.396312e+06
-1441.479489 -5.682368e+06
-1441.664436 -5.958528e+06
-1441.849384 -6.223688e+06
-1442.034331 -6.476728e+06
-1442.219278 -6.716536e+06
-1442.404226 -6.942032e+06
-1442.589173 -7.152176e+06
-1442.774120 -7.345952e+06
-1442.959068 -7.522416e+06
-1443.144015 -7.680712e+06
-1443.328962 -7.820072e+06
-1443.513910 -7.939824e+06
-1443.698857 -8.039416e+06
-1443.883804 -8.118448e+06
-1444.068752 -8.176624e+06
-1444.253699 -8.213832e+06
-1444.438646 -8.230096e+06
-1444.623594 -8.225624e+06
-1444.808541 -8.200800e+06
-1444.993488 -8.156144e+06
-1445.178436 -8.092392e+06
-1445.363383 -8.010424e+06
-1445.548330 -7.911296e+06
-1445.733278 -7.796208e+06
-1445.918225 -7.666480e+06
-1446.103172 -7.523592e+06
-1446.288120 -7.369088e+06
-1446.473067 -7.204624e+06
-1446.658014 -7.031840e+06
-1446.842962 -6.852488e+06
-1447.027909 -6.668248e+06
-1447.212856 -6.480760e+06
-1447.397803 -6.291640e+06
-1447.582751 -6.102336e+06
-1447.767698 -5.914224e+06
-1447.952645 -5.728496e+06
-1448.137593 -5.546184e+06
-1448.322540 -5.368096e+06
-1448.507487 -5.194848e+06
-1448.692435 -5.026848e+06
-1448.877382 -4.864224e+06
-1449.062329 -4.706936e+06
-1449.247277 -4.554680e+06
-1449.432224 -4.406968e+06
-1449.617171 -4.263096e+06
-1449.802119 -4.122184e+06
-1449.987066 -3.983200e+06
-1450.172013 -3.844976e+06
-1450.356961 -3.706216e+06
-1450.541908 -3.565592e+06
-1450.726855 -3.421656e+06
-1450.911803 -3.273000e+06
-1451.096750 -3.118208e+06
-1451.281697 -2.955856e+06
-1451.466645 -2.784648e+06
-1451.651592 -2.603328e+06
-1451.836539 -2.410776e+06
-1452.021487 -2.205992e+06
-1452.206434 -1.988160e+06
-1452.391381 -1.756592e+06
-1452.576329 -1.510840e+06
-1452.761276 -1.250632e+06
-1452.946223 -9.759280e+05
-1453.131171 -6.868880e+05
-1453.316118 -3.839360e+05
-1453.501065 -6.772800e+04
-1453.686013 2.608800e+05
-1453.870960 6.007440e+05
-1454.055907 9.505680e+05
-1454.240855 1.308784e+06
-1454.425802 1.673656e+06
-1454.610749 2.043240e+06
-1454.795697 2.415472e+06
-1454.980644 2.788120e+06
-1455.165591 3.158840e+06
-1455.350539 3.525224e+06
-1455.535486 3.884792e+06
-1455.720433 4.235064e+06
-1455.905381 4.573528e+06
-1456.090328 4.897744e+06
-1456.275275 5.205328e+06
-1456.460223 5.493992e+06
-1456.645170 5.761576e+06
-1456.830117 6.006072e+06
-1457.015065 6.225616e+06
-1457.200012 6.418576e+06
-1457.384959 6.583496e+06
-1457.569907 6.719160e+06
-1457.754854 6.824584e+06
-1457.939801 6.898976e+06
-1458.124749 6.941848e+06
-1458.309696 6.952888e+06
-1458.494643 6.932072e+06
-1458.679591 6.879576e+06
-1458.864538 6.795784e+06
-1459.049485 6.681328e+06
-1459.234433 6.537000e+06
-1459.419380 6.363792e+06
-1459.604327 6.162888e+06
-1459.789275 5.935576e+06
-1459.974222 5.683352e+06
-1460.159169 5.407768e+06
-1460.344117 5.110544e+06
-1460.529064 4.793488e+06
-1460.714011 4.458440e+06
-1460.898959 4.107384e+06
-1461.083906 3.742272e+06
-1461.268853 3.365144e+06
-1461.453801 2.978024e+06
-1461.638748 2.582936e+06
-1461.823695 2.181904e+06
-1462.008643 1.776864e+06
-1462.193590 1.369712e+06
-1462.378537 9.622960e+05
-1462.563485 5.562960e+05
-1462.748432 1.533280e+05
-1462.933379 -2.451600e+05
-1463.118327 -6.378640e+05
-1463.303274 -1.023632e+06
-1463.488221 -1.401488e+06
-1463.673169 -1.770624e+06
-1463.858116 -2.130416e+06
-1464.043063 -2.480408e+06
-1464.228011 -2.820336e+06
-1464.412958 -3.150048e+06
-1464.597905 -3.469592e+06
-1464.782853 -3.779104e+06
-1464.967800 -4.078864e+06
-1465.152747 -4.369240e+06
-1465.337694 -4.650664e+06
-1465.522642 -4.923648e+06
-1465.707589 -5.188712e+06
-1465.892536 -5.446400e+06
-1466.077484 -5.697280e+06
-1466.262431 -5.941848e+06
-1466.447378 -6.180656e+06
-1466.632326 -6.414120e+06
-1466.817273 -6.642648e+06
-1467.002220 -6.866584e+06
-1467.187168 -7.086176e+06
-1467.372115 -7.301632e+06
-1467.557062 -7.513056e+06
-1467.742010 -7.720456e+06
-1467.926957 -7.923808e+06
-1468.111904 -8.122960e+06
-1468.296852 -8.317744e+06
-1468.481799 -8.507864e+06
-1468.666746 -8.693016e+06
-1468.851694 -8.872792e+06
-1469.036641 -9.046800e+06
-1469.221588 -9.214600e+06
-1469.406536 -9.375704e+06
-1469.591483 -9.529648e+06
-1469.776430 -9.675928e+06
-1469.961378 -9.814088e+06
-1470.146325 -9.943680e+06
-1470.331272 -1.006426e+07
-1470.516220 -1.017543e+07
-1470.701167 -1.027680e+07
-1470.886114 -1.036804e+07
-1471.071062 -1.044882e+07
-1471.256009 -1.051888e+07
-1471.440956 -1.057795e+07
-1471.625904 -1.062585e+07
-1471.810851 -1.066239e+07
-1471.995798 -1.068745e+07
-1472.180746 -1.070094e+07
-1472.365693 -1.070282e+07
-1472.550640 -1.069313e+07
-1472.735588 -1.067195e+07
-1472.920535 -1.063946e+07
-1473.105482 -1.059591e+07
-1473.290430 -1.054169e+07
-1473.475377 -1.047725e+07
-1473.660324 -1.040317e+07
-1473.845272 -1.032016e+07
-1474.030219 -1.022903e+07
-1474.215166 -1.013075e+07
-1474.400114 -1.002630e+07
-1474.585061 -9.916872e+06
-1474.770008 -9.803656e+06
-1474.954956 -9.687928e+06
-1475.139903 -9.571000e+06
-1475.324850 -9.454184e+06
-1475.509798 -9.338792e+06
-1475.694745 -9.226080e+06
-1475.879692 -9.117224e+06
-1476.064640 -9.013328e+06
-1476.249587 -8.915368e+06
-1476.434534 -8.824192e+06
-1476.619482 -8.740504e+06
-1476.804429 -8.664848e+06
-1476.989376 -8.597616e+06
-1477.174324 -8.539032e+06
-1477.359271 -8.489168e+06
-1477.544218 -8.447952e+06
-1477.729166 -8.415176e+06
-1477.914113 -8.390512e+06
-1478.099060 -8.373496e+06
-1478.284008 -8.363584e+06
-1478.468955 -8.360144e+06
-1478.653902 -8.362488e+06
-1478.838850 -8.369848e+06
-1479.023797 -8.381416e+06
-1479.208744 -8.396368e+06
-1479.393692 -8.413840e+06
-1479.578639 -8.432960e+06
-1479.763586 -8.452888e+06
-1479.948534 -8.472768e+06
-1480.133481 -8.491784e+06
-1480.318428 -8.509152e+06
-1480.503376 -8.524160e+06
-1480.688323 -8.536136e+06
-1480.873270 -8.544512e+06
-1481.058218 -8.548792e+06
-1481.243165 -8.548616e+06
-1481.428112 -8.543696e+06
-1481.613060 -8.533896e+06
-1481.798007 -8.519184e+06
-1481.982954 -8.499664e+06
-1482.167902 -8.475584e+06
-1482.352849 -8.447312e+06
-1482.537796 -8.415336e+06
-1482.722743 -8.380232e+06
-1482.907691 -8.342736e+06
-1483.092638 -8.303648e+06
-1483.277585 -8.263840e+06
-1483.462533 -8.224248e+06
-1483.647480 -8.185920e+06
-1483.832427 -8.149872e+06
-1484.017375 -8.117176e+06
-1484.202322 -8.088920e+06
-1484.387269 -8.066192e+06
-1484.572217 -8.050072e+06
-1484.757164 -8.041600e+06
-1484.942111 -8.041832e+06
-1485.127059 -8.051744e+06
-1485.312006 -8.072304e+06
-1485.496953 -8.104432e+06
-1485.681901 -8.148968e+06
-1485.866848 -8.206744e+06
-1486.051795 -8.278480e+06
-1486.236743 -8.364872e+06
-1486.421690 -8.466536e+06
-1486.606637 -8.584000e+06
-1486.791585 -8.717728e+06
-1486.976532 -8.868072e+06
-1487.161479 -9.035320e+06
-1487.346427 -9.219632e+06
-1487.531374 -9.421080e+06
-1487.716321 -9.639608e+06
-1487.901269 -9.875032e+06
-1488.086216 -1.012710e+07
-1488.271163 -1.039536e+07
-1488.456111 -1.067933e+07
-1488.641058 -1.097834e+07
-1488.826005 -1.129165e+07
-1489.010953 -1.161844e+07
-1489.195900 -1.195776e+07
-1489.380847 -1.230864e+07
-1489.565795 -1.267003e+07
-1489.750742 -1.304086e+07
-1489.935689 -1.342001e+07
-1490.120637 -1.380640e+07
-1490.305584 -1.419898e+07
-1490.490531 -1.459669e+07
-1490.675479 -1.499854e+07
-1490.860426 -1.540360e+07
-1491.045373 -1.581102e+07
-1491.230321 -1.622002e+07
-1491.415268 -1.662988e+07
-1491.600215 -1.703998e+07
-1491.785163 -1.744978e+07
-1491.970110 -1.785880e+07
-1492.155057 -1.826662e+07
-1492.340005 -1.867292e+07
-1492.524952 -1.907738e+07
-1492.709899 -1.947978e+07
-1492.894847 -1.987989e+07
-1493.079794 -2.027757e+07
-1493.264741 -2.067265e+07
-1493.449689 -2.106502e+07
-1493.634636 -2.145460e+07
-1493.819583 -2.184126e+07
-1494.004531 -2.222494e+07
-1494.189478 -2.260557e+07
-1494.374425 -2.298303e+07
-1494.559373 -2.335726e+07
-1494.744320 -2.372813e+07
-1494.929267 -2.409550e+07
-1495.114215 -2.445922e+07
-1495.299162 -2.481906e+07
-1495.484109 -2.517476e+07
-1495.669057 -2.552600e+07
-1495.854004 -2.587240e+07
-1496.038951 -2.621349e+07
-1496.223899 -2.654871e+07
-1496.408846 -2.687746e+07
-1496.593793 -2.719902e+07
-1496.778741 -2.751260e+07
-1496.963688 -2.781734e+07
-1497.148635 -2.811230e+07
-1497.333583 -2.839650e+07
-1497.518530 -2.866890e+07
-1497.703477 -2.892842e+07
-1497.888425 -2.917400e+07
-1498.073372 -2.940457e+07
-1498.258319 -2.961908e+07
-1498.443267 -2.981651e+07
-1498.628214 -2.999592e+07
-1498.813161 -3.015641e+07
-1498.998109 -3.029720e+07
-1499.183056 -3.041757e+07
-1499.368003 -3.051692e+07
-1499.552951 -3.059477e+07
-1499.737898 -3.065072e+07
-1499.922845 -3.068450e+07
-1500.107793 -3.069598e+07
-1500.292740 -3.068512e+07
-1500.477687 -3.065198e+07
-1500.662634 -3.059676e+07
-1500.847582 -3.051976e+07
-1501.032529 -3.042137e+07
-1501.217476 -3.030206e+07
-1501.402424 -3.016246e+07
-1501.587371 -3.000322e+07
-1501.772318 -2.982512e+07
-1501.957266 -2.962898e+07
-1502.142213 -2.941570e+07
-1502.327160 -2.918626e+07
-1502.512108 -2.894172e+07
-1502.697055 -2.868314e+07
-1502.882002 -2.841161e+07
-1503.066950 -2.812829e+07
-1503.251897 -2.783433e+07
-1503.436844 -2.753091e+07
-1503.621792 -2.721919e+07
-1503.806739 -2.690030e+07
-1503.991686 -2.657535e+07
-1504.176634 -2.624542e+07
-1504.361581 -2.591158e+07
-1504.546528 -2.557479e+07
-1504.731476 -2.523599e+07
-1504.916423 -2.489609e+07
-1505.101370 -2.455590e+07
-1505.286318 -2.421622e+07
-1505.471265 -2.387777e+07
-1505.656212 -2.354126e+07
