# File created = Tuesday, January 27, 2026 10:10:54 AM EST
# Data set = ADF_TR_Nirmat400-Mpro400_VT_2026-01-24  293  1  /Users/ramelt2/Library/CloudStorage/Box-Box/Montelione-Lab-Box/MPro_NMR_and_MS_data_and_analysis/MPro-Nirmatrelvir/Mohawk-600NMR-data
# Spectral Region:
# LEFT = -70.0 ppm. RIGHT = -74.0 ppm.
#
# SIZE = 16283 ( = number of points)
#
# In the following ordering is from the 'left' to the 'right' limits!
# Lines beginning with '#' must be considered as comment lines.
#
-6931664.0
-7413992.0
-7914560.0
-8431968.0
-8964776.0
-9511512.0
-1.0070624E7
-1.0640488E7
-1.1219432E7
-1.1805704E7
-1.2397496E7
-1.2992904E7
-1.3589992E7
-1.4186768E7
-1.4781168E7
-1.537112E7
-1.5954512E7
-1.6529232E7
-1.70932E7
-1.7644344E7
-1.8180632E7
-1.870012E7
-1.9200912E7
-1.9681208E7
-2.0139344E7
-2.0573728E7
-2.0982904E7
-2.1365552E7
-2.1720472E7
-2.2046608E7
-2.2343024E7
-2.2608928E7
-2.2843648E7
-2.304668E7
-2.3217616E7
-2.3356192E7
-2.3462272E7
-2.3535872E7
-2.3577104E7
-2.3586232E7
-2.356364E7
-2.3509872E7
-2.3425552E7
-2.3311424E7
-2.3168368E7
-2.2997376E7
-2.2799496E7
-2.2575904E7
-2.2327808E7
-2.2056512E7
-2.1763352E7
-2.1449704E7
-2.1116984E7
-2.0766584E7
-2.0399976E7
-2.001856E7
-1.9623776E7
-1.9217024E7
-1.8799712E7
-1.8373256E7
-1.7939008E7
-1.7498376E7
-1.7052704E7
-1.6603376E7
-1.6151744E7
-1.5699176E7
-1.5247032E7
-1.479668E7
-1.434948E7
-1.3906792E7
-1.3469952E7
-1.3040304E7
-1.2619096E7
-1.2207608E7
-1.1807016E7
-1.1418424E7
-1.1042872E7
-1.0681256E7
-1.0334376E7
-1.0002864E7
-9687200.0
-9387688.0
-9104456.0
-8837416.0
-8586264.0
-8350512.0
-8129448.0
-7922160.0
-7727512.0
-7544216.0
-7370776.0
-7205592.0
-7046880.0
-6892808.0
-6741448.0
-6590824.0
-6438992.0
-6284016.0
-6124032.0
-5957272.0
-5782112.0
-5597056.0
-5400808.0
-5192264.0
-4970544.0
-4734984.0
-4485128.0
-4220752.0
-3941832.0
-3648520.0
-3341152.0
-3020216.0
-2686280.0
-2340000.0
-1982104.0
-1613312.0
-1234304.0
-845768.0
-448256.0
-42256.0
371848.0
793856.0
1223600.0
1661112.0
2106512.0
2559992.0
3021864.0
3492464.0
3972144.0
4461256.0
4960080.0
5468864.0
5987672.0
6516496.0
7055128.0
7603160.0
8160016.0
8724912.0
9296808.0
9874536.0
1.0456688E7
1.1041688E7
1.1627848E7
1.221332E7
1.2796184E7
1.3374456E7
1.3946144E7
1.4509256E7
1.5061856E7
1.5602064E7
1.6128136E7
1.6638448E7
1.713156E7
1.7606184E7
1.8061232E7
1.8495848E7
1.8909384E7
1.9301424E7
1.9671752E7
2.0020432E7
2.034768E7
2.0653992E7
2.0940016E7
2.1206576E7
2.1454672E7
2.168544E7
2.1900136E7
2.2100072E7
2.2286624E7
2.246124E7
2.2625312E7
2.278024E7
2.2927376E7
2.306796E7
2.320316E7
2.333404E7
2.3461512E7
2.3586376E7
2.3709264E7
2.383068E7
2.3951E7
2.4070432E7
2.418908E7
2.4306952E7
2.4423928E7
2.4539832E7
2.4654384E7
2.4767296E7
2.4878248E7
2.4986864E7
2.50928E7
2.5195704E7
2.5295256E7
2.5391152E7
2.5483144E7
2.5571008E7
2.5654592E7
2.5733784E7
2.580852E7
2.5878808E7
2.594468E7
2.6006272E7
2.6063728E7
2.6117264E7
2.6167136E7
2.6213632E7
2.625708E7
2.6297824E7
2.633624E7
2.6372672E7
2.6407512E7
2.6441064E7
2.647364E7
2.650552E7
2.6536888E7
2.656788E7
2.6598544E7
2.6628848E7
2.6658656E7
2.6687712E7
2.6715696E7
2.6742136E7
2.6766472E7
2.678804E7
2.6806048E7
2.6819656E7
2.6827888E7
2.6829712E7
2.6824016E7
2.6809656E7
2.6785424E7
2.6750096E7
2.6702424E7
2.6641192E7
2.6565168E7
2.6473184E7
2.6364096E7
2.623684E7
2.6090416E7
2.5923928E7
2.5736576E7
2.5527664E7
2.5296592E7
2.5042904E7
2.4766264E7
2.4466456E7
2.41434E7
2.3797152E7
2.3427864E7
2.3035864E7
2.2621576E7
2.2185552E7
2.1728464E7
2.125112E7
2.0754448E7
2.0239416E7
1.9707192E7
1.9158952E7
1.8596E7
1.8019688E7
1.7431424E7
1.6832688E7
1.6224936E7
1.5609664E7
1.4988368E7
1.4362488E7
1.3733464E7
1.3102664E7
1.2471376E7
1.1840864E7
1.1212256E7
1.05866E7
9964896.0
9347992.0
8736688.0
8131664.0
7533536.0
6942872.0
6360136.0
5785776.0
5220184.0
4663752.0
4116848.0
3579840.0
3053152.0
2537232.0
2032552.0
1539696.0
1059272.0
592016.0
138688.0
-299824.0
-722576.0
-1128560.0
-1516688.0
-1885856.0
-2234896.0
-2562688.0
-2868080.0
-3150000.0
-3407408.0
-3639384.0
-3845112.0
-4023872.0
-4175152.0
-4298576.0
-4393944.0
-4461256.0
-4500696.0
-4512648.0
-4497696.0
-4456624.0
-4390408.0
-4300224.0
-4187400.0
-4053448.0
-3900056.0
-3729056.0
-3542424.0
-3342232.0
-3130728.0
-2910168.0
-2682984.0
-2451576.0
-2218424.0
-1986040.0
-1756864.0
-1533352.0
-1317864.0
-1112680.0
-919976.0
-741728.0
-579808.0
-435872.0
-311376.0
-207544.0
-125392.0
-65688.0
-28968.0
-15520.0
-25408.0
-58472.0
-114360.0
-192488.0
-292120.0
-412328.0
-552040.0
-710056.0
-885064.0
-1075648.0
-1280320.0
-1497512.0
-1725632.0
-1963040.0
-2208120.0
-2459232.0
-2714752.0
-2973144.0
-3232880.0
-3492528.0
-3750752.0
-4006296.0
-4258040.0
-4504984.0
-4746264.0
-4981160.0
-5209088.0
-5429632.0
-5642544.0
-5847688.0
-6045088.0
-6234920.0
-6417472.0
-6593152.0
-6762496.0
-6926112.0
-7084672.0
-7238952.0
-7389728.0
-7537840.0
-7684120.0
-7829400.0
-7974504.0
-8120224.0
-8267280.0
-8416376.0
-8568112.0
-8723032.0
-8881584.0
-9044128.0
-9210904.0
-9382064.0
-9557640.0
-9737536.0
-9921528.0
-1.0109296E7
-1.0300352E7
-1.049408E7
-1.0689744E7
-1.0886464E7
-1.1083256E7
-1.127896E7
-1.1472344E7
-1.1662056E7
-1.1846656E7
-1.20246E7
-1.219432E7
-1.2354192E7
-1.2502576E7
-1.2637856E7
-1.2758448E7
-1.2862824E7
-1.2949584E7
-1.3017424E7
-1.3065208E7
-1.3091976E7
-1.3096944E7
-1.3079608E7
-1.3039624E7
-1.297696E7
-1.2891816E7
-1.2784632E7
-1.2656104E7
-1.2507184E7
-1.2339016E7
-1.2152968E7
-1.1950584E7
-1.1733552E7
-1.1503664E7
-1.1262824E7
-1.1012984E7
-1.0756104E7
-1.0494136E7
-1.0228984E7
-9962528.0
-9696512.0
-9432616.0
-9172376.0
-8917216.0
-8668432.0
-8427168.0
-8194464.0
-7971216.0
-7758224.0
-7556144.0
-7365576.0
-7187008.0
-7020864.0
-6867472.0
-6727136.0
-6600048.0
-6486400.0
-6386304.0
-6299824.0
-6226952.0
-6167656.0
-6121816.0
-6089280.0
-6069832.0
-6063176.0
-6068992.0
-6086912.0
-6116520.0
-6157344.0
-6208936.0
-6270824.0
-6342536.0
-6423640.0
-6513712.0
-6612408.0
-6719440.0
-6834552.0
-6957608.0
-7088536.0
-7227360.0
-7374152.0
-7529096.0
-7692424.0
-7864400.0
-8045376.0
-8235664.0
-8435616.0
-8645560.0
-8865768.0
-9096464.0
-9337784.0
-9589768.0
-9852344.0
-1.012532E7
-1.0408352E7
-1.070096E7
-1.100252E7
-1.1312256E7
-1.1629248E7
-1.195244E7
-1.2280672E7
-1.2612656E7
-1.2946992E7
-1.3282256E7
-1.3616896E7
-1.3949376E7
-1.427812E7
-1.4601528E7
-1.491804E7
-1.5226112E7
-1.552428E7
-1.5811064E7
-1.6085144E7
-1.63452E7
-1.6590056E7
-1.6818608E7
-1.7029848E7
-1.722288E7
-1.739688E7
-1.7551184E7
-1.7685224E7
-1.7798512E7
-1.7890704E7
-1.7961584E7
-1.801104E7
-1.8039072E7
-1.8045832E7
-1.8031592E7
-1.7996728E7
-1.794176E7
-1.7867344E7
-1.7774208E7
-1.7663248E7
-1.7535432E7
-1.7391832E7
-1.7233592E7
-1.7061944E7
-1.6878168E7
-1.6683584E7
-1.6479536E7
-1.6267368E7
-1.6048432E7
-1.5824048E7
-1.5595512E7
-1.5364048E7
-1.5130832E7
-1.4897E7
-1.4663568E7
-1.443152E7
-1.4201736E7
-1.3975024E7
-1.375212E7
-1.353368E7
-1.3320288E7
-1.3112504E7
-1.2910808E7
-1.2715648E7
-1.2527424E7
-1.2346552E7
-1.2173376E7
-1.200828E7
-1.1851648E7
-1.1703848E7
-1.1565264E7
-1.1436344E7
-1.1317488E7
-1.1209168E7
-1.1111872E7
-1.1026096E7
-1.0952384E7
-1.089128E7
-1.0843368E7
-1.0809208E7
-1.0789384E7
-1.078448E7
-1.0795064E7
-1.0821704E7
-1.0864912E7
-1.0925176E7
-1.1002928E7
-1.1098544E7
-1.1212328E7
-1.1344488E7
-1.149516E7
-1.1664328E7
-1.1851888E7
-1.2057568E7
-1.2280976E7
-1.2521544E7
-1.2778544E7
-1.3051056E7
-1.3337992E7
-1.363808E7
-1.394988E7
-1.4271736E7
-1.4601848E7
-1.493828E7
-1.527892E7
-1.5621544E7
-1.596384E7
-1.6303432E7
-1.6637904E7
-1.6964824E7
-1.7281784E7
-1.7586448E7
-1.787656E7
-1.8150008E7
-1.8404792E7
-1.863912E7
-1.8851384E7
-1.9040192E7
-1.9204376E7
-1.9343E7
-1.9455376E7
-1.954104E7
-1.9599784E7
-1.9631576E7
-1.9636664E7
-1.9615456E7
-1.9568552E7
-1.9496744E7
-1.9400976E7
-1.9282328E7
-1.9142008E7
-1.8981376E7
-1.8801832E7
-1.8604912E7
-1.8392224E7
-1.8165424E7
-1.792624E7
-1.7676424E7
-1.74178E7
-1.7152184E7
-1.6881448E7
-1.6607456E7
-1.6332088E7
-1.6057232E7
-1.5784744E7
-1.5516512E7
-1.5254392E7
-1.5000168E7
-1.4755672E7
-1.4522632E7
-1.430276E7
-1.4097728E7
-1.3909128E7
-1.3738472E7
-1.3587224E7
-1.345672E7
-1.3348232E7
-1.3262928E7
-1.3201808E7
-1.31658E7
-1.3155648E7
-1.3172E7
-1.3215304E7
-1.3285848E7
-1.3383776E7
-1.3509016E7
-1.3661336E7
-1.3840296E7
-1.4045272E7
-1.4275456E7
-1.4529824E7
-1.4807184E7
-1.5106136E7
-1.5425144E7
-1.5762464E7
-1.611624E7
-1.648448E7
-1.6865056E7
-1.7255784E7
-1.7654392E7
-1.8058608E7
-1.8466112E7
-1.8874608E7
-1.9281864E7
-1.9685728E7
-2.0084104E7
-2.0475032E7
-2.0856728E7
-2.1227488E7
-2.15858E7
-2.1930344E7
-2.2259936E7
-2.2573576E7
-2.2870424E7
-2.3149808E7
-2.3411192E7
-2.3654184E7
-2.3878544E7
-2.4084104E7
-2.4270848E7
-2.4438808E7
-2.4588152E7
-2.4719112E7
-2.4831984E7
-2.4927168E7
-2.500512E7
-2.506636E7
-2.511152E7
-2.5141272E7
-2.5156376E7
-2.5157696E7
-2.5146168E7
-2.5122768E7
-2.5088584E7
-2.5044752E7
-2.4992496E7
-2.4933048E7
-2.4867704E7
-2.479776E7
-2.472452E7
-2.4649272E7
-2.4573272E7
-2.449772E7
-2.4423728E7
-2.4352328E7
-2.4284424E7
-2.4220808E7
-2.4162152E7
-2.4108936E7
-2.4061536E7
-2.4020136E7
-2.3984792E7
-2.3955392E7
-2.3931696E7
-2.3913328E7
-2.3899792E7
-2.3890496E7
-2.3884784E7
-2.388192E7
-2.3881136E7
-2.3881656E7
-2.3882696E7
-2.3883504E7
-2.3883376E7
-2.3881664E7
-2.3877776E7
-2.387124E7
-2.386164E7
-2.3848672E7
-2.3832144E7
-2.381192E7
-2.3787984E7
-2.37604E7
-2.3729264E7
-2.3694784E7
-2.3657168E7
-2.361668E7
-2.3573592E7
-2.35282E7
-2.3480736E7
-2.3431448E7
-2.3380544E7
-2.332816E7
-2.3274424E7
-2.3219344E7
-2.3162912E7
-2.3105056E7
-2.30456E7
-2.298436E7
-2.2921096E7
-2.2855488E7
-2.2787232E7
-2.2715976E7
-2.2641384E7
-2.2563112E7
-2.2480832E7
-2.2394232E7
-2.2303064E7
-2.2207104E7
-2.2106208E7
-2.2000232E7
-2.188916E7
-2.1772952E7
-2.1651688E7
-2.1525456E7
-2.1394416E7
-2.1258728E7
-2.1118624E7
-2.0974312E7
-2.0826056E7
-2.0674064E7
-2.0518608E7
-2.0359888E7
-2.0198112E7
-2.0033448E7
-1.9866016E7
-1.9695928E7
-1.9523232E7
-1.934792E7
-1.9169936E7
-1.8989192E7
-1.8805544E7
-1.8618776E7
-1.8428672E7
-1.823496E7
-1.803732E7
-1.7835432E7
-1.7628976E7
-1.7417592E7
-1.720092E7
-1.6978672E7
-1.6750536E7
-1.6516256E7
-1.6275624E7
-1.6028496E7
-1.5774768E7
-1.5514448E7
-1.5247592E7
-1.4974352E7
-1.4694944E7
-1.4409696E7
-1.4119016E7
-1.3823376E7
-1.352332E7
-1.3219488E7
-1.291252E7
-1.260316E7
-1.2292184E7
-1.1980368E7
-1.1668528E7
-1.1357488E7
-1.1048104E7
-1.074116E7
-1.0437504E7
-1.0137912E7
-9843176.0
-9554032.0
-9271224.0
-8995416.0
-8727272.0
-8467400.0
-8216360.0
-7974656.0
-7742736.0
-7521000.0
-7309752.0
-7109216.0
-6919520.0
-6740728.0
-6572752.0
-6415416.0
-6268400.0
-6131288.0
-6003504.0
-5884336.0
-5773000.0
-5668512.0
-5569816.0
-5475744.0
-5385032.0
-5296328.0
-5208240.0
-5119312.0
-5028088.0
-4933120.0
-4833008.0
-4726368.0
-4611936.0
-4488536.0
-4355128.0
-4210840.0
-4054928.0
-3886896.0
-3706400.0
-3513344.0
-3307824.0
-3090176.0
-2860944.0
-2620904.0
-2371024.0
-2112448.0
-1846528.0
-1574744.0
-1298688.0
-1020096.0
-740784.0
-462560.0
-187336.0
83024.0
346656.0
601768.0
846608.0
1079512.0
1298928.0
1503416.0
1691648.0
1862440.0
2014744.0
2147640.0
2260400.0
2352384.0
2423144.0
2472360.0
2499864.0
2505624.0
2489752.0
2452504.0
2394272.0
2315552.0
2217000.0
2099368.0
1963528.0
1810448.0
1641192.0
1456904.0
1258824.0
1048200.0
826360.0
594664.0
354456.0
107112.0
-146016.0
-403656.0
-664536.0
-927440.0
-1191296.0
-1455032.0
-1717768.0
-1978688.0
-2237112.0
-2492488.0
-2744424.0
-2992624.0
-3237000.0
-3477560.0
-3714488.0
-3948112.0
-4178872.0
-4407384.0
-4634360.0
-4860640.0
-5087160.0
-5314936.0
-5545072.0
-5778688.0
-6016960.0
-6261056.0
-6512080.0
-6771144.0
-7039256.0
-7317296.0
-7606072.0
-7906184.0
-8218120.0
-8542144.0
-8878336.0
-9226608.0
-9586632.0
-9957896.0
-1.033976E7
-1.0731336E7
-1.113164E7
-1.1539552E7
-1.1953816E7
-1.2373152E7
-1.2796184E7
-1.3221544E7
-1.364784E7
-1.4073696E7
-1.4497824E7
-1.4918936E7
-1.5335824E7
-1.574736E7
-1.6152512E7
-1.6550288E7
-1.6939792E7
-1.73202E7
-1.7690768E7
-1.805076E7
-1.839956E7
-1.8736576E7
-1.9061216E7
-1.9373008E7
-1.9671432E7
-1.9956072E7
-2.0226496E7
-2.0482352E7
-2.0723288E7
-2.0949048E7
-2.1159384E7
-2.1354128E7
-2.1533144E7
-2.1696384E7
-2.1843864E7
-2.1975656E7
-2.2091896E7
-2.2192816E7
-2.2278664E7
-2.2349768E7
-2.240652E7
-2.244932E7
-2.2478624E7
-2.2494912E7
-2.2498672E7
-2.2490408E7
-2.2470616E7
-2.2439776E7
-2.2398352E7
-2.2346816E7
-2.2285576E7
-2.2215032E7
-2.2135584E7
-2.20476E7
-2.1951408E7
-2.184736E7
-2.1735808E7
-2.1617088E7
-2.1491584E7
-2.1359672E7
-2.1221776E7
-2.1078352E7
-2.092988E7
-2.077688E7
-2.0619944E7
-2.045964E7
-2.02966E7
-2.0131464E7
-1.9964848E7
-1.9797408E7
-1.962976E7
-1.9462488E7
-1.9296112E7
-1.913116E7
-1.8968016E7
-1.8807032E7
-1.8648496E7
-1.8492584E7
-1.8339384E7
-1.8188944E7
-1.8041168E7
-1.7895936E7
-1.7753032E7
-1.7612192E7
-1.7473088E7
-1.7335376E7
-1.7198648E7
-1.7062512E7
-1.692656E7
-1.6790376E7
-1.6653576E7
-1.6515776E7
-1.6376648E7
-1.6235904E7
-1.6093288E7
-1.5948576E7
-1.580164E7
-1.5652376E7
-1.5500728E7
-1.5346688E7
-1.5190304E7
-1.5031656E7
-1.487084E7
-1.4707992E7
-1.4543224E7
-1.437668E7
-1.4208472E7
-1.4038696E7
-1.3867392E7
-1.3694552E7
-1.3520104E7
-1.3343904E7
-1.3165712E7
-1.29852E7
-1.2801928E7
-1.2615384E7
-1.242492E7
-1.2229792E7
-1.2029176E7
-1.1822136E7
-1.1607672E7
-1.1384728E7
-1.1152168E7
-1.0908864E7
-1.0653624E7
-1.0385336E7
-1.010284E7
-9805088.0
-9491072.0
-9159880.0
-8810688.0
-8442848.0
-8055800.0
-7649152.0
-7222680.0
-6776280.0
-6310080.0
-5824296.0
-5319400.0
-4795936.0
-4254640.0
-3696392.0
-3122200.0
-2533160.0
-1930544.0
-1315648.0
-689888.0
-54744.0
588280.0
1237608.0
1891672.0
2548888.0
3207656.0
3866408.0
4523616.0
5177784.0
5827480.0
6471312.0
7108000.0
7736320.0
8355152.0
8963472.0
9560360.0
1.0145024E7
1.0716736E7
1.127492E7
1.1819096E7
1.2348888E7
1.2864048E7
1.3364392E7
1.3849864E7
1.4320512E7
1.4776416E7
1.5217784E7
1.5644888E7
1.6058096E7
1.6457808E7
1.684452E7
1.7218792E7
1.7581216E7
1.7932496E7
1.8273384E7
1.8604688E7
1.8927256E7
1.9242E7
1.954992E7
1.9851976E7
2.0149224E7
2.0442704E7
2.0733472E7
2.1022576E7
2.1311008E7
2.159976E7
2.1889736E7
2.218176E7
2.247656E7
2.2774792E7
2.307692E7
2.338332E7
2.3694184E7
2.4009584E7
2.4329368E7
2.4653248E7
2.4980752E7
2.531124E7
2.564388E7
2.5977688E7
2.6311536E7
2.664412E7
2.6974072E7
2.729984E7
2.7619864E7
2.7932488E7
2.8236032E7
2.8528816E7
2.88092E7
2.9075608E7
2.9326536E7
2.9560656E7
2.9776744E7
2.9973792E7
3.0150968E7
3.0307728E7
3.0443688E7
3.0558808E7
3.0653264E7
3.0727464E7
3.0782136E7
3.0818224E7
3.083688E7
3.0839488E7
3.0827576E7
3.0802856E7
3.0767112E7
3.0722224E7
3.067012E7
3.0612696E7
3.0551848E7
3.0489384E7
3.0427048E7
3.0366464E7
3.0309096E7
3.0256296E7
3.0209208E7
3.016888E7
3.013616E7
3.011172E7
3.0096128E7
3.0089784E7
3.0092952E7
3.0105776E7
3.0128328E7
3.0160536E7
3.0202288E7
3.0253384E7
3.031356E7
3.0382504E7
3.0459848E7
3.0545208E7
3.0638136E7
3.0738168E7
3.0844784E7
3.095744E7
3.1075576E7
3.1198544E7
3.132572E7
3.1456376E7
3.15898E7
3.172516E7
3.1861648E7
3.199836E7
3.2134368E7
3.2268688E7
3.2400304E7
3.252816E7
3.2651184E7
3.2768272E7
3.2878328E7
3.2980256E7
3.3072968E7
3.3155448E7
3.322668E7
3.3285736E7
3.333176E7
3.3363952E7
3.3381664E7
3.3384288E7
3.3371344E7
3.334248E7
3.3297432E7
3.3236056E7
3.3158296E7
3.3064232E7
3.2953992E7
3.2827816E7
3.2686008E7
3.252896E7
3.2357072E7
3.2170856E7
3.1970832E7
3.1757552E7
3.153164E7
3.1293688E7
3.1044368E7
3.0784328E7
3.0514264E7
3.023488E7
2.9946896E7
2.9651032E7
2.9348024E7
2.9038592E7
2.8723472E7
2.8403376E7
2.8079016E7
2.7751064E7
2.7420184E7
2.7087E7
2.6752104E7
2.641604E7
2.6079328E7
2.5742432E7
2.5405768E7
2.5069696E7
2.4734568E7
2.4400656E7
2.4068184E7
2.3737392E7
2.34084E7
2.3081336E7
2.2756256E7
2.2433176E7
2.2112064E7
2.179284E7
2.1475368E7
2.115944E7
2.0844776E7
2.0531072E7
2.021792E7
1.9904888E7
1.9591472E7
1.927712E7
1.8961248E7
1.8643224E7
1.8322448E7
1.7998264E7
1.7670104E7
1.7337352E7
1.6999504E7
1.6656104E7
1.6306728E7
1.5951104E7
1.5589016E7
1.5220336E7
1.4845096E7
1.4463352E7
1.4075296E7
1.3681248E7
1.328156E7
1.2876712E7
1.24672E7
1.2053648E7
1.1636696E7
1.1217032E7
1.0795416E7
1.03726E7
9949424.0
9526696.0
9105280.0
8686072.0
8269968.0
7857904.0
7450800.0
7049640.0
6655360.0
6268928.0
5891312.0
5523424.0
5166200.0
4820520.0
4487240.0
4167128.0
3860912.0
3569240.0
3292680.0
3031696.0
2786680.0
2557896.0
2345536.0
2149664.0
1970264.0
1807200.0
1660280.0
1529176.0
1413520.0
1312888.0
1226784.0
1154672.0
1095976.0
1050112.0
1016504.0
994552.0
983664.0
983288.0
992904.0
1011984.0
1040088.0
1076776.0
1121672.0
1174448.0
1234808.0
1302528.0
1377400.0
1459304.0
1548160.0
1643952.0
1746712.0
1856568.0
1973688.0
2098304.0
2230752.0
2371416.0
2520728.0
2679208.0
2847416.0
3025976.0
3215488.0
3416624.0
3630008.0
3856240.0
4095864.0
4349360.0
4617088.0
4899304.0
5196088.0
5507392.0
5832936.0
6172280.0
6524784.0
6889576.0
7265624.0
7651656.0
8046248.0
8447784.0
8854504.0
9264496.0
9675744.0
1.008612E7
1.0493448E7
1.089548E7
1.1289928E7
1.167448E7
1.2046856E7
1.2404768E7
1.2745992E7
1.306832E7
1.3369632E7
1.3647896E7
1.3901144E7
1.4127528E7
1.4325344E7
1.4492984E7
1.4629016E7
1.4732144E7
1.4801264E7
1.4835432E7
1.4833936E7
1.4796232E7
1.472204E7
1.461124E7
1.4464008E7
1.4280712E7
1.4061968E7
1.3808624E7
1.3521768E7
1.320272E7
1.2852992E7
1.247432E7
1.206864E7
1.1638056E7
1.1184824E7
1.0711344E7
1.0220096E7
9713664.0
9194712.0
8665888.0
8129864.0
7589280.0
7046704.0
6504624.0
5965432.0
5431344.0
4904432.0
4386576.0
3879440.0
3384480.0
2902912.0
2435704.0
1983560.0
1546960.0
1126104.0
720968.0
331304.0
-43352.0
-403648.0
-750408.0
-1084584.0
-1407216.0
-1719456.0
-2022448.0
-2317384.0
-2605392.0
-2887584.0
-3164952.0
-3438408.0
-3708712.0
-3976512.0
-4242280.0
-4506328.0
-4768848.0
-5029848.0
-5289192.0
-5546656.0
-5801872.0
-6054408.0
-6303768.0
-6549416.0
-6790808.0
-7027408.0
-7258712.0
-7484256.0
-7703696.0
-7916704.0
-8123064.0
-8322672.0
-8515512.0
-8701656.0
-8881248.0
-9054544.0
-9221824.0
-9383440.0
-9539792.0
-9691256.0
-9838224.0
-9981072.0
-1.0120136E7
-1.0255704E7
-1.0387976E7
-1.0517096E7
-1.0643128E7
-1.076604E7
-1.0885704E7
-1.1001912E7
-1.1114416E7
-1.1222864E7
-1.1326872E7
-1.1426008E7
-1.1519832E7
-1.1607928E7
-1.1689888E7
-1.1765336E7
-1.1833976E7
-1.1895584E7
-1.1950016E7
-1.1997232E7
-1.2037288E7
-1.207036E7
-1.2096728E7
-1.2116744E7
-1.2130912E7
-1.2139784E7
-1.2144008E7
-1.2144288E7
-1.2141384E7
-1.2136096E7
-1.2129248E7
-1.2121672E7
-1.2114208E7
-1.210764E7
-1.2102744E7
-1.2100264E7
-1.2100848E7
-1.2105096E7
-1.211352E7
-1.2126552E7
-1.2144544E7
-1.216772E7
-1.2196256E7
-1.2230208E7
-1.2269544E7
-1.2314168E7
-1.2363928E7
-1.2418568E7
-1.2477816E7
-1.2541376E7
-1.2608936E7
-1.2680152E7
-1.2754696E7
-1.2832288E7
-1.2912648E7
-1.2995536E7
-1.308076E7
-1.3168152E7
-1.3257624E7
-1.334908E7
-1.3442488E7
-1.3537808E7
-1.3635032E7
-1.373416E7
-1.383516E7
-1.3938E7
-1.4042576E7
-1.4148784E7
-1.4256432E7
-1.4365288E7
-1.4475008E7
-1.458524E7
-1.469548E7
-1.4805216E7
-1.491384E7
-1.5020672E7
-1.5124992E7
-1.5226032E7
-1.5322992E7
-1.5415064E7
-1.5501448E7
-1.5581368E7
-1.5654072E7
-1.5718888E7
-1.5775184E7
-1.582248E7
-1.5860336E7
-1.588848E7
-1.5906768E7
-1.5915144E7
-1.5913728E7
-1.5902784E7
-1.588268E7
-1.5853904E7
-1.5817064E7
-1.5772872E7
-1.5722096E7
-1.566556E7
-1.5604144E7
-1.553872E7
-1.5470144E7
-1.5399264E7
-1.5326856E7
-1.5253624E7
-1.5180208E7
-1.5107128E7
-1.50348E7
-1.4963512E7
-1.4893464E7
-1.4824688E7
-1.475716E7
-1.469068E7
-1.4624992E7
-1.4559752E7
-1.4494512E7
-1.44288E7
-1.4362104E7
-1.429388E7
-1.4223544E7
-1.41506E7
-1.4074512E7
-1.3994816E7
-1.3911112E7
-1.3823032E7
-1.373028E7
-1.3632672E7
-1.3530048E7
-1.3422368E7
-1.3309616E7
-1.3191888E7
-1.3069328E7
-1.2942112E7
-1.281052E7
-1.267484E7
-1.2535392E7
-1.2392576E7
-1.2246752E7
-1.2098376E7
-1.1947872E7
-1.1795728E7
-1.1642408E7
-1.148844E7
-1.1334312E7
-1.118056E7
-1.1027744E7
-1.0876392E7
-1.0727072E7
-1.058032E7
-1.0436688E7
-1.0296736E7
-1.0160976E7
-1.0029936E7
-9904112.0
-9783960.0
-9669944.0
-9562480.0
-9461960.0
-9368744.0
-9283200.0
-9205632.0
-9136360.0
-9075680.0
-9023872.0
-8981240.0
-8948048.0
-8924576.0
-8911128.0
-8907976.0
-8915408.0
-8933680.0
-8963048.0
-9003736.0
-9055904.0
-9119680.0
-9195120.0
-9282152.0
-9380672.0
-9490376.0
-9610896.0
-9741688.0
-9882048.0
-1.0031168E7
-1.0188008E7
-1.0351448E7
-1.0520152E7
-1.0692696E7
-1.0867496E7
-1.1042872E7
-1.1217064E7
-1.1388224E7
-1.1554472E7
-1.1713944E7
-1.1864768E7
-1.200512E7
-1.2133272E7
-1.2247592E7
-1.2346624E7
-1.2429024E7
-1.249368E7
-1.2539688E7
-1.2566336E7
-1.2573192E7
-1.2560048E7
-1.252692E7
-1.247408E7
-1.2401992E7
-1.231136E7
-1.2203048E7
-1.2078088E7
-1.1937648E7
-1.178296E7
-1.1615376E7
-1.1436256E7
-1.124696E7
-1.1048848E7
-1.0843216E7
-1.0631312E7
-1.0414288E7
-1.0193208E7
-9969032.0
-9742592.0
-9514608.0
-9285736.0
-9056472.0
-8827264.0
-8598456.0
-8370336.0
-8143112.0
-7917000.0
-7692128.0
-7468656.0
-7246704.0
-7026408.0
-6807888.0
-6591312.0
-6376824.0
-6164576.0
-5954712.0
-5747400.0
-5542760.0
-5340864.0
-5141816.0
-4945584.0
-4752144.0
-4561352.0
-4373024.0
-4186872.0
-4002544.0
-3819592.0
-3637536.0
-3455760.0
-3273664.0
-3090584.0
-2905848.0
-2718768.0
-2528712.0
-2335056.0
-2137288.0
-1934952.0
-1727720.0
-1515376.0
-1297872.0
-1075296.0
-847904.0
-616112.0
-380536.0
-141888.0
98888.0
340752.0
582544.0
822976.0
1060688.0
1294248.0
1522184.0
1743040.0
1955320.0
2157608.0
2348560.0
2526856.0
2691336.0
2840928.0
2974696.0
3091888.0
3191856.0
3274176.0
3338560.0
3384928.0
3413392.0
3424224.0
3417912.0
3395120.0
3356672.0
3303616.0
3237120.0
3158488.0
3069224.0
2970872.0
2865120.0
2753672.0
2638320.0
2520816.0
2402912.0
2286264.0
2172472.0
2062960.0
1959008.0
1861736.0
1772000.0
1690456.0
1617496.0
1553256.0
1497624.0
1450264.0
1410544.0
1377656.0
1350576.0
1328136.0
1308992.0
1291728.0
1274856.0
1256824.0
1236128.0
1211264.0
1180824.0
1143472.0
1098000.0
1043344.0
978576.0
902968.0
815944.0
717096.0
606224.0
483280.0
348392.0
201848.0
44096.0
-124288.0
-302584.0
-489976.0
-685504.0
-888136.0
-1096768.0
-1310176.0
-1527120.0
-1746280.0
-1966280.0
-2185720.0
-2403152.0
-2617128.0
-2826136.0
-3028688.0
-3223280.0
-3408408.0
-3582600.0
-3744400.0
-3892384.0
-4025200.0
-4141584.0
-4240344.0
-4320424.0
-4380888.0
-4420960.0
-4440024.0
-4437680.0
-4413728.0
-4368144.0
-4301136.0
-4213136.0
-4104776.0
-3976880.0
-3830464.0
-3666728.0
-3486992.0
-3292720.0
-3085448.0
-2866824.0
-2638520.0
-2402232.0
-2159672.0
-1912528.0
-1662448.0
-1411040.0
-1159840.0
-910304.0
-663824.0
-421680.0
-185072.0
44912.0
267264.0
481112.0
685680.0
880280.0
1064376.0
1237488.0
1399296.0
1549576.0
1688200.0
1815208.0
1930680.0
2034856.0
2128088.0
2210784.0
2283536.0
2346992.0
2401912.0
2449136.0
2489608.0
2524360.0
2554472.0
2581120.0
2605520.0
2628896.0
2652560.0
2677784.0
2705840.0
2737984.0
2775424.0
2819296.0
2870624.0
2930360.0
2999320.0
3078176.0
3167432.0
3267424.0
3378328.0
3500144.0
3632656.0
3775504.0
3928160.0
4089896.0
4259912.0
4437216.0
4620760.0
4809376.0
5001856.0
5196960.0
5393440.0
5590032.0
5785552.0
5978800.0
6168736.0
6354320.0
6534664.0
6708984.0
6876568.0
7036872.0
7189440.0
7333928.0
7470096.0
7597832.0
7717088.0
7827896.0
7930392.0
8024720.0
8111120.0
8189832.0
8261152.0
8325368.0
8382784.0
8433712.0
8478440.0
8517248.0
8550400.0
8578136.0
8600672.0
8618216.0
8630952.0
8639032.0
8642632.0
8641912.0
8637016.0
8628112.0
8615424.0
8599184.0
8579632.0
8557096.0
8531976.0
8504688.0
8475736.0
8445704.0
8415216.0
8384984.0
8355792.0
8328456.0
8303848.0
8282864.0
8266464.0
8255552.0
8251072.0
8253928.0
8264976.0
8285016.0
8314792.0
8354928.0
8405976.0
8468376.0
8542416.0
8628312.0
8726120.0
8835784.0
8957096.0
9089744.0
9233272.0
9387128.0
9550616.0
9722952.0
9903216.0
1.0090416E7
1.0283424E7
1.0481048E7
1.0682008E7
1.0884928E7
1.1088376E7
1.1290832E7
1.1490752E7
1.1686552E7
1.1876576E7
1.2059208E7
1.2232792E7
1.2395752E7
1.2546488E7
1.2683504E7
1.280536E7
1.2910728E7
1.29984E7
1.306728E7
1.3116464E7
1.3145192E7
1.315288E7
1.3139152E7
1.3103824E7
1.3046912E7
1.2968648E7
1.2869472E7
1.2750032E7
1.2611184E7
1.2453992E7
1.2279696E7
1.2089712E7
1.188564E7
1.1669216E7
1.1442344E7
1.1206992E7
1.0965256E7
1.0719304E7
1.0471312E7
1.0223512E7
9978080.0
9737200.0
9502960.0
9277360.0
9062296.0
8859496.0
8670568.0
8496936.0
8339800.0
8200208.0
8078992.0
7976760.0
7893928.0
7830696.0
7787080.0
7762896.0
7757792.0
7771208.0
7802456.0
7850688.0
7914928.0
7994064.0
8086912.0
8192152.0
8308416.0
8434264.0
8568232.0
8708776.0
8854384.0
9003520.0
9154656.0
9306312.0
9457016.0
9605384.0
9750088.0
9889856.0
1.002352E7
1.0150016E7
1.0268368E7
1.0377712E7
1.0477288E7
1.0566464E7
1.0644696E7
1.0711592E7
1.0766832E7
1.08102E7
1.0841632E7
1.0861088E7
1.0868656E7
1.0864496E7
1.0848848E7
1.0822008E7
1.078436E7
1.073632E7
1.0678344E7
1.0610992E7
1.05348E7
1.0450392E7
1.0358368E7
1.02594E7
1.015416E7
1.004332E7
9927552.0
9807552.0
9683968.0
9557424.0
9428536.0
9297840.0
9165872.0
9033088.0
8899912.0
8766712.0
8633824.0
8501512.0
8370040.0
8239656.0
8110552.0
7982960.0
7857128.0
7733264.0
7611680.0
7492672.0
7376584.0
7263816.0
7154776.0
7049984.0
6949904.0
6855112.0
6766152.0
6683640.0
6608168.0
6540344.0
6480752.0
6429984.0
6388584.0
6357096.0
6335968.0
6325616.0
6326416.0
6338624.0
6362440.0
6397952.0
6445160.0
6503944.0
6574064.0
6655168.0
6746744.0
6848160.0
6958640.0
7077296.0
7203064.0
7334776.0
7471128.0
7610720.0
7752024.0
7893464.0
8033376.0
8170048.0
8301760.0
8426792.0
8543440.0
8650064.0
8745080.0
8827040.0
8894576.0
8946504.0
8981760.0
8999512.0
8999056.0
8979928.0
8941864.0
8884808.0
8808896.0
8714464.0
8602056.0
8472368.0
8326280.0
8164808.0
7989112.0
7800432.0
7600112.0
7389576.0
7170272.0
6943688.0
6711344.0
6474728.0
6235320.0
5994584.0
5753896.0
5514624.0
5278032.0
5045344.0
4817672.0
4596048.0
4381408.0
4174568.0
3976264.0
3787080.0
3607504.0
3437912.0
3278544.0
3129512.0
2990840.0
2862424.0
2744072.0
2635456.0
2536216.0
2445880.0
2363960.0
2289864.0
2222992.0
2162720.0
2108432.0
2059488.0
2015248.0
1975128.0
1938552.0
1904952.0
1873832.0
1844736.0
1817240.0
1790992.0
1765640.0
1740960.0
1716720.0
1692784.0
1669072.0
1645528.0
1622216.0
1599216.0
1576680.0
1554800.0
1533832.0
1514064.0
1495816.0
1479448.0
1465304.0
1453768.0
1445184.0
1439920.0
1438280.0
1440528.0
1446912.0
1457616.0
1472728.0
1492312.0
1516344.0
1544720.0
1577272.0
1613744.0
1653808.0
1697072.0
1743080.0
1791288.0
1841128.0
1891936.0
1943048.0
1993704.0
2043160.0
2090624.0
2135280.0
2176328.0
2212920.0
2244272.0
2269560.0
2288016.0
2298888.0
2301464.0
2295088.0
2279120.0
2253024.0
2216272.0
2168432.0
2109104.0
2037968.0
1954760.0
1859264.0
1751320.0
1630832.0
1497712.0
1351960.0
1193560.0
1022552.0
839024.0
643064.0
434792.0
214344.0
-18088.0
-262296.0
-518024.0
-785000.0
-1062880.0
-1351312.0
-1649840.0
-1958024.0
-2275320.0
-2601176.0
-2934968.0
-3276024.0
-3623664.0
-3977160.0
-4335736.0
-4698640.0
-5065072.0
-5434232.0
-5805312.0
-6177512.0
-6550040.0
-6922112.0
-7292968.0
-7661856.0
-8028072.0
-8390952.0
-8749832.0
-9104168.0
-9453392.0
-9797064.0
-1.0134792E7
-1.0466224E7
-1.0791152E7
-1.1109384E7
-1.1420848E7
-1.1725552E7
-1.2023552E7
-1.2315E7
-1.260008E7
-1.2879032E7
-1.3152144E7
-1.341968E7
-1.3681936E7
-1.3939184E7
-1.4191656E7
-1.4439488E7
-1.46828E7
-1.4921592E7
-1.5155744E7
-1.5385064E7
-1.56092E7
-1.5827656E7
-1.6039824E7
-1.6244968E7
-1.6442184E7
-1.663048E7
-1.6808712E7
-1.6975656E7
-1.7129992E7
-1.7270352E7
-1.7395288E7
-1.7503376E7
-1.7593152E7
-1.7663208E7
-1.7712208E7
-1.7738856E7
-1.7741976E7
-1.7720544E7
-1.7673664E7
-1.76006E7
-1.75008E7
-1.737388E7
-1.7219696E7
-1.7038256E7
-1.6829792E7
-1.659472E7
-1.6333608E7
-1.6047272E7
-1.5736608E7
-1.5402712E7
-1.5046768E7
-1.4670096E7
-1.427408E7
-1.3860184E7
-1.3429896E7
-1.2984744E7
-1.2526272E7
-1.2055968E7
-1.1575336E7
-1.1085832E7
-1.0588832E7
-1.008568E7
-9577648.0
-9065944.0
-8551688.0
-8035952.0
-7519728.0
-7003936.0
-6489464.0
-5977112.0
-5467616.0
-4961680.0
-4459944.0
-3962984.0
-3471360.0
-2985536.0
-2505952.0
-2032976.0
-1566968.0
-1108192.0
-656888.0
-213256.0
222552.0
650448.0
1070344.0
1482160.0
1885872.0
2281480.0
2668952.0
3048296.0
3419512.0
3782600.0
4137552.0
4484368.0
4823032.0
5153552.0
5475888.0
5790072.0
6096088.0
6393976.0
6683736.0
6965456.0
7239192.0
7505048.0
7763112.0
8013528.0
8256448.0
8492016.0
8720376.0
8941664.0
9156032.0
9363568.0
9564352.0
9758392.0
9945672.0
1.012612E7
1.0299584E7
1.0465856E7
1.0624656E7
1.0775656E7
1.0918432E7
1.1052512E7
1.1177384E7
1.129244E7
1.1397064E7
1.149056E7
1.1572224E7
1.1641304E7
1.1697E7
1.1738496E7
1.1764984E7
1.1775592E7
1.1769496E7
1.174584E7
1.1703792E7
1.164252E7
1.1561272E7
1.1459312E7
1.1335968E7
1.1190656E7
1.1022864E7
1.0832224E7
1.061844E7
1.03814E7
1.012108E7
9837640.0
9531368.0
9202744.0
8852368.0
8481016.0
8089608.0
7679192.0
7250968.0
6806232.0
6346416.0
5873024.0
5387640.0
4891912.0
4387560.0
3876312.0
3359936.0
2840192.0
2318848.0
1797656.0
1278352.0
762616.0
252104.0
-251576.0
-746896.0
-1232352.0
-1706528.0
-2168048.0
-2615624.0
-3048040.0
-3464160.0
-3862896.0
-4243272.0
-4604352.0
-4945320.0
-5265376.0
-5563872.0
-5840192.0
-6093784.0
-6324184.0
-6530984.0
-6713848.0
-6872472.0
-7006608.0
-7116040.0
-7200600.0
-7260096.0
-7294416.0
-7303408.0
-7286944.0
-7244880.0
-7177112.0
-7083488.0
-6963896.0
-6818216.0
-6646344.0
-6448232.0
-6223824.0
-5973136.0
-5696256.0
-5393328.0
-5064592.0
-4710360.0
-4331088.0
-3927288.0
-3499656.0
-3048912.0
-2575952.0
-2081760.0
-1567408.0
-1034080.0
-483016.0
84432.0
666896.0
1262928.0
1871040.0
2489696.0
3117344.0
3752384.0
4393200.0
5038136.0
5685528.0
6333688.0
6980840.0
7625240.0
8265072.0
8898496.0
9523616.0
1.0138504E7
1.0741248E7
1.1329808E7
1.190224E7
1.2456512E7
1.2990624E7
1.3502592E7
1.399048E7
1.4452416E7
1.4886576E7
1.5291232E7
1.5664816E7
1.6005848E7
1.6313056E7
1.6585296E7
1.6821648E7
1.7021392E7
1.7184016E7
1.7309208E7
1.7396936E7
1.7447328E7
1.746076E7
1.7437824E7
1.7379304E7
1.7286168E7
1.7159576E7
1.700084E7
1.68114E7
1.659284E7
1.634684E7
1.607516E7
1.577964E7
1.5462152E7
1.5124608E7
1.4768936E7
1.439704E7
1.4010848E7
1.3612208E7
1.3202952E7
1.2784848E7
1.2359608E7
1.192888E7
1.1494224E7
1.1057136E7
1.0618992E7
1.0181136E7
9744776.0
9311032.0
8880960.0
8455488.0
8035448.0
7621560.0
7214456.0
6814656.0
6422560.0
6038472.0
5662592.0
5295008.0
4935736.0
4584696.0
4241768.0
3906736.0
3579360.0
3259416.0
2946632.0
2640800.0
2341712.0
2049256.0
1763392.0
1484160.0
1211712.0
946320.0
688400.0
438448.0
197096.0
-34872.0
-256624.0
-467208.0
-665592.0
-850688.0
-1021392.0
-1176592.0
-1315160.0
-1436024.0
-1538216.0
-1620808.0
-1683016.0
-1724192.0
-1743824.0
-1741632.0
-1717464.0
-1671408.0
-1603720.0
-1514888.0
-1405560.0
-1276616.0
-1129072.0
-964096.0
-783032.0
-587272.0
-378352.0
-157840.0
72640.0
311488.0
557056.0
807792.0
1062128.0
1318592.0
1575800.0
1832432.0
2087240.0
2339128.0
2587048.0
2830064.0
3067312.0
3298048.0
3521568.0
3737248.0
3944504.0
4142832.0
4331752.0
4510792.0
4679528.0
4837552.0
4984464.0
5119888.0
5243456.0
5354808.0
5453632.0
5539608.0
5612464.0
5672000.0
5718024.0
5750440.0
5769176.0
5774272.0
5765824.0
5744040.0
5709176.0
5661600.0
5601760.0
5530192.0
5447496.0
5354352.0
5251488.0
5139728.0
5019880.0
4892832.0
4759448.0
4620616.0
4477240.0
4330144.0
4180168.0
4028088.0
3874624.0
3720456.0
3566160.0
3412304.0
3259336.0
3107672.0
2957664.0
2809616.0
2663800.0
2520472.0
2379848.0
2242192.0
2107736.0
1976776.0
1849624.0
1726656.0
1608296.0
1495016.0
1387328.0
1285824.0
1191120.0
1103856.0
1024696.0
954312.0
893344.0
842424.0
802064.0
772792.0
754984.0
748936.0
754808.0
772648.0
802368.0
843728.0
896384.0
959832.0
1033464.0
1116576.0
1208336.0
1307904.0
1414328.0
1526672.0
1643976.0
1765336.0
1889840.0
2016696.0
2145160.0
2274608.0
2404560.0
2534616.0
2664560.0
2794272.0
2923816.0
3053336.0
3183144.0
3313640.0
3445312.0
3578736.0
3714568.0
3853456.0
3996120.0
4143224.0
4295488.0
4453552.0
4618024.0
4789488.0
4968432.0
5155328.0
5350528.0
5554344.0
5767032.0
5988776.0
6219672.0
6459800.0
6709104.0
6967536.0
7234944.0
7511104.0
7795744.0
8088488.0
8388872.0
8696352.0
9010304.0
9329944.0
9654408.0
9982728.0
1.0313784E7
1.0646352E7
1.0979088E7
1.1310568E7
1.1639224E7
1.1963424E7
1.2281464E7
1.25916E7
1.289204E7
1.3180968E7
1.3456688E7
1.371744E7
1.3961608E7
1.4187656E7
1.4394168E7
1.4579904E7
1.4743792E7
1.4884912E7
1.50026E7
1.5096352E7
1.516592E7
1.5211264E7
1.5232552E7
1.5230184E7
1.520476E7
1.5157088E7
1.5088136E7
1.4999072E7
1.4891208E7
1.4765984E7
1.4624992E7
1.4469872E7
1.430236E7
1.4124232E7
1.3937312E7
1.37434E7
1.3544256E7
1.3341592E7
1.3137064E7
1.2932168E7
1.272828E7
1.2526624E7
1.232824E7
1.2133984E7
1.1944464E7
1.1760112E7
1.1581072E7
1.140732E7
1.1238576E7
1.1074344E7
1.0913928E7
1.0756432E7
1.06008E7
1.0445832E7
1.0290168E7
1.0132384E7
9970968.0
9804328.0
9630888.0
9449064.0
9257272.0
9054024.0
8837856.0
8607448.0
8361536.0
8099064.0
7819048.0
7520728.0
7203464.0
6866832.0
6510592.0
6134704.0
5739296.0
5324720.0
4891528.0
4440448.0
3972432.0
3488576.0
2990184.0
2478712.0
1955808.0
1423232.0
882896.0
336848.0
-212768.0
-763744.0
-1313768.0
-1860512.0
-2401624.0
-2934752.0
-3457592.0
-3967888.0
-4463512.0
-4942416.0
-5402728.0
-5842712.0
-6260872.0
-6655872.0
-7026632.0
-7372296.0
-7692208.0
-7985984.0
-8253472.0
-8494704.0
-8709912.0
-8899560.0
-9064224.0
-9204664.0
-9321728.0
-9416368.0
-9489592.0
-9542472.0
-9576088.0
-9591536.0
-9589856.0
-9572112.0
-9539264.0
-9492248.0
-9431904.0
-9359048.0
-9274360.0
-9178488.0
-9071992.0
-8955352.0
-8828992.0
-8693312.0
-8548656.0
-8395320.0
-8233632.0
-8063912.0
-7886480.0
-7701720.0
-7510056.0
-7311944.0
-7107952.0
-6898672.0
-6684808.0
-6467080.0
-6246320.0
-6023352.0
-5799072.0
-5574368.0
-5350136.0
-5127232.0
-4906504.0
-4688720.0
-4474576.0
-4264704.0
-4059624.0
-3859792.0
-3665536.0
-3477112.0
-3294688.0
-3118352.0
-2948136.0
-2783976.0
-2625800.0
-2473480.0
-2326872.0
-2185776.0
-2050024.0
-1919408.0
-1793736.0
-1672800.0
-1556384.0
-1444264.0
-1336200.0
-1231952.0
-1131224.0
-1033720.0
-939128.0
-847048.0
-757064.0
-668696.0
-581440.0
-494720.0
-407896.0
-320328.0
-231264.0
-140000.0
-45736.0
52296.0
154888.0
262800.0
376784.0
497496.0
625584.0
761576.0
905936.0
1059016.0
1221032.0
1392104.0
1572224.0
1761240.0
1958872.0
2164728.0
2378288.0
2598912.0
2825904.0
3058408.0
3295544.0
3536392.0
3779952.0
4025208.0
4271136.0
4516728.0
4760992.0
5002944.0
5241680.0
5476312.0
5706016.0
5930024.0
6147640.0
6358208.0
6561136.0
6755904.0
6942016.0
7119024.0
7286568.0
7444280.0
7591872.0
7729088.0
7855704.0
7971560.0
8076568.0
8170672.0
8253880.0
8326288.0
8388064.0
8439432.0
8480728.0
8512344.0
8534768.0
8548552.0
8554312.0
8552736.0
8544536.0
8530472.0
8511336.0
8487904.0
8460944.0
8431200.0
8399376.0
8366120.0
8332024.0
8297576.0
8263200.0
8229208.0
8195840.0
8163216.0
8131376.0
8100256.0
8069720.0
8039544.0
8009456.0
7979128.0
7948224.0
7916336.0
7883144.0
7848256.0
7811384.0
7772288.0
7730792.0
7686824.0
7640376.0
7591584.0
7540688.0
7488056.0
7434152.0
7379552.0
7324976.0
7271176.0
7219040.0
7169472.0
7123456.0
7081960.0
7045992.0
7016488.0
6994400.0
6980560.0
6975728.0
6980576.0
6995624.0
7021256.0
7057720.0
7105096.0
7163272.0
7231984.0
7310776.0
7399016.0
7495912.0
7600496.0
7711632.0
7828048.0
7948312.0
8070912.0
8194184.0
8316408.0
8435784.0
8550456.0
8658560.0
8758216.0
8847552.0
8924760.0
8988104.0
9035896.0
9066608.0
9078816.0
9071240.0
9042800.0
8992568.0
8919848.0
8824136.0
8705128.0
8562776.0
8397232.0
8208872.0
7998288.0
7766280.0
7513824.0
7242064.0
6952288.0
6645936.0
6324480.0
5989536.0
5642680.0
5285528.0
4919664.0
4546648.0
4167912.0
3784816.0
3398640.0
3010488.0
2621368.0
2232136.0
1843528.0
1456152.0
1070512.0
687016.0
305976.0
-72344.0
-447712.0
-819952.0
-1188856.0
-1554208.0
-1915760.0
-2273216.0
-2626224.0
-2974352.0
-3317096.0
-3653888.0
-3984040.0
-4306824.0
-4621424.0
-4926968.0
-5222496.0
-5507032.0
-5779576.0
-6039080.0
-6284520.0
-6514848.0
-6729072.0
-6926248.0
-7105464.0
-7265904.0
-7406800.0
-7527512.0
-7627512.0
-7706336.0
-7763680.0
-7799352.0
-7813256.0
-7805456.0
-7776096.0
-7725424.0
-7653824.0
-7561728.0
-7449680.0
-7318288.0
-7168176.0
-7000048.0
-6814632.0
-6612664.0
-6394888.0
-6162040.0
-5914864.0
-5654056.0
-5380288.0
-5094200.0
-4796392.0
-4487384.0
-4167720.0
-3837816.0
-3498088.0
-3148880.0
-2790480.0
-2423144.0
-2047096.0
-1662512.0
-1269544.0
-868344.0
-459048.0
-41792.0
383232.0
815848.0
1255792.0
1702792.0
2156416.0
2616248.0
3081704.0
3552160.0
4026840.0
4504896.0
4985360.0
5467136.0
5949080.0
6429896.0
6908248.0
7382720.0
7851816.0
8314016.0
8767784.0
9211544.0
9643776.0
1.006296E7
1.0467624E7
1.0856392E7
1.122796E7
1.158112E7
1.1914816E7
1.222808E7
1.2520136E7
1.2790336E7
1.3038224E7
1.3263472E7
1.3465944E7
1.3645656E7
1.3802792E7
1.3937696E7
1.4050816E7
1.4142776E7
1.4214304E7
1.4266184E7
1.429936E7
1.43148E7
1.4313528E7
1.4296616E7
1.4265168E7
1.4220248E7
1.4162968E7
1.409436E7
1.4015456E7
1.3927216E7
1.3830536E7
1.372624E7
1.361508E7
1.3497696E7
1.3374632E7
1.3246344E7
1.3113128E7
1.2975224E7
1.2832728E7
1.26856E7
1.253372E7
1.2376824E7
1.2214576E7
1.204648E7
1.1872E7
1.1690488E7
1.1501216E7
1.1303416E7
1.1096224E7
1.0878792E7
1.0650208E7
1.0409576E7
1.0156024E7
9888688.0
9606792.0
9309584.0
8996440.0
8666808.0
8320304.0
7956656.0
7575752.0
7177640.0
6762536.0
6330840.0
5883168.0
5420272.0
4943096.0
4452800.0
3950640.0
3438096.0
2916752.0
2388312.0
1854624.0
1317560.0
779104.0
241256.0
-293944.0
-824512.0
-1348448.0
-1863832.0
-2368816.0
-2861616.0
-3340600.0
-3804216.0
-4251072.0
-4679872.0
-5089504.0
-5478960.0
-5847392.0
-6194088.0
-6518440.0
-6819984.0
-7098376.0
-7353368.0
-7584840.0
-7792736.0
-7977112.0
-8138104.0
-8275936.0
-8390912.0
-8483400.0
-8553840.0
-8602784.0
-8630800.0
-8638560.0
-8626792.0
-8596304.0
-8547976.0
-8482736.0
-8401592.0
-8305616.0
-8195936.0
-8073712.0
-7940184.0
-7796600.0
-7644248.0
-7484424.0
-7318408.0
-7147512.0
-6972976.0
-6796000.0
-6617760.0
-6439320.0
-6261680.0
-6085768.0
-5912368.0
-5742232.0
-5575936.0
-5414016.0
-5256912.0
-5104944.0
-4958408.0
-4817488.0
-4682360.0
-4553144.0
-4429960.0
-4312888.0
-4202048.0
-4097552.0
-3999568.0
-3908288.0
-3823952.0
-3746848.0
-3677352.0
-3615848.0
-3562824.0
-3518800.0
-3484344.0
-3460072.0
-3446632.0
-3444656.0
-3454824.0
-3477744.0
-3514064.0
-3564320.0
-3629000.0
-3708536.0
-3803224.0
-3913280.0
-4038768.0
-4179656.0
-4335776.0
-4506800.0
-4692280.0
-4891648.0
-5104200.0
-5329120.0
-5565488.0
-5812280.0
-6068424.0
-6332744.0
-6604048.0
-6881112.0
-7162632.0
-7447368.0
-7734056.0
-8021432.0
-8308272.0
-8593392.0
-8875608.0
-9153816.0
-9426944.0
-9693992.0
-9953976.0
-1.0206E7
-1.04492E7
-1.0682792E7
-1.090604E7
-1.1118248E7
-1.1318832E7
-1.1507208E7
-1.1682888E7
-1.184544E7
-1.1994496E7
-1.2129728E7
-1.225092E7
-1.2357888E7
-1.2450504E7
-1.2528744E7
-1.2592608E7
-1.2642176E7
-1.26776E7
-1.2699064E7
-1.2706848E7
-1.2701256E7
-1.2682664E7
-1.2651504E7
-1.2608232E7
-1.2553392E7
-1.2487568E7
-1.2411352E7
-1.2325448E7
-1.223056E7
-1.2127472E7
-1.2017008E7
-1.1900056E7
-1.177752E7
-1.16504E7
-1.1519712E7
-1.1386512E7
-1.125188E7
-1.1116944E7
-1.09828E7
-1.085056E7
-1.0721312E7
-1.059608E7
-1.0475848E7
-1.0361496E7
-1.0253816E7
-1.0153504E7
-1.0061088E7
-9976992.0
-9901496.0
-9834736.0
-9776688.0
-9727232.0
-9686096.0
-9652928.0
-9627264.0
-9608584.0
-9596304.0
-9589832.0
-9588544.0
-9591808.0
-9599048.0
-9609672.0
-9623120.0
-9638896.0
-9656520.0
-9675512.0
-9695448.0
-9715888.0
-9736376.0
-9756456.0
-9775624.0
-9793320.0
-9808952.0
-9821808.0
-9831160.0
-9836152.0
-9835904.0
-9829416.0
-9815672.0
-9793568.0
-9762016.0
-9719912.0
-9666112.0
-9599576.0
-9519296.0
-9424360.0
-9313952.0
-9187400.0
-9044152.0
-8883832.0
-8706232.0
-8511312.0
-8299200.0
-8070208.0
-7824808.0
-7563640.0
-7287448.0
-6997168.0
-6693752.0
-6378352.0
-6052104.0
-5716224.0
-5371992.0
-5020656.0
-4663488.0
-4301728.0
-3936600.0
-3569296.0
-3200920.0
-2832544.0
-2465192.0
-2099752.0
-1737120.0
-1378080.0
-1023328.0
-673528.0
-329224.0
9048.0
340872.0
665840.0
983640.0
1293976.0
1596616.0
1891344.0
2178008.0
2456440.0
2726528.0
2988168.0
3241256.0
3485712.0
3721456.0
3948424.0
4166568.0
4375808.0
4576120.0
4767480.0
4949872.0
5123328.0
5287880.0
5443592.0
5590608.0
5729080.0
5859224.0
5981312.0
6095632.0
6202584.0
6302560.0
6396016.0
6483456.0
6565376.0
6642328.0
6714848.0
6783448.0
6848664.0
6910944.0
6970760.0
7028464.0
7084408.0
7138856.0
7192016.0
7244016.0
7294960.0
7344864.0
7393704.0
7441432.0
7487960.0
7533176.0
7576976.0
7619264.0
7659960.0
7699008.0
7736400.0
7772176.0
7806432.0
7839312.0
7871040.0
7901896.0
7932192.0
7962328.0
7992688.0
8023736.0
8055904.0
8089616.0
8125280.0
8163248.0
8203832.0
8247240.0
8293584.0
8342896.0
8395080.0
8449936.0
8507152.0
8566328.0
8626944.0
8688456.0
8750224.0
8811600.0
8871912.0
8930512.0
8986808.0
9040272.0
9090440.0
9136968.0
9179656.0
9218384.0
9253224.0
9284344.0
9312048.0
9336752.0
9359008.0
9379392.0
9398568.0
9417240.0
9436096.0
9455808.0
9476992.0
9500192.0
9525864.0
9554352.0
9585888.0
9620536.0
9658272.0
9698944.0
9742296.0
9787952.0
9835480.0
9884376.0
9934096.0
9984088.0
1.0033792E7
1.0082664E7
1.01302E7
1.0175912E7
1.0219392E7
1.0260272E7
1.0298224E7
1.0333016E7
1.0364392E7
1.0392224E7
1.0416376E7
1.0436744E7
1.0453272E7
1.0465904E7
1.0474584E7
1.0479296E7
1.0479984E7
1.0476616E7
1.0469152E7
1.0457496E7
1.0441608E7
1.0421368E7
1.0396688E7
1.0367448E7
1.0333544E7
1.0294832E7
1.0251216E7
1.0202568E7
1.0148792E7
1.0089816E7
1.0025624E7
9956224.0
9881648.0
9802032.0
9717552.0
9628464.0
9535088.0
9437832.0
9337184.0
9233712.0
9128040.0
9020904.0
8913056.0
8805352.0
8698648.0
8593872.0
8491960.0
8393848.0
8300480.0
8212768.0
8131624.0
8057856.0
7992272.0
7935576.0
7888392.0
7851264.0
7824648.0
7808872.0
7804184.0
7810728.0
7828528.0
7857512.0
7897512.0
7948264.0
8009440.0
8080616.0
8161312.0
8251032.0
8349184.0
8455200.0
8568488.0
8688448.0
8814520.0
8946136.0
9082832.0
9224144.0
9369680.0
9519112.0
9672224.0
9828800.0
9988744.0
1.0152024E7
1.0318672E7
1.0488776E7
1.0662464E7
1.0839944E7
1.1021384E7
1.1207024E7
1.1397112E7
1.1591872E7
1.1791528E7
1.1996272E7
1.2206304E7
1.2421768E7
1.2642808E7
1.2869496E7
1.310192E7
1.334012E7
1.358412E7
1.3833936E7
1.4089592E7
1.4351064E7
1.461836E7
1.4891472E7
1.51704E7
1.5455144E7
1.5745704E7
1.6042048E7
1.6344168E7
1.6652008E7
1.6965464E7
1.7284424E7
1.7608664E7
1.7937968E7
1.8271968E7
1.861024E7
1.895224E7
1.929736E7
1.9644808E7
1.9993744E7
2.0343176E7
2.0692E7
2.103904E7
2.1382976E7
2.1722432E7
2.2055992E7
2.2382128E7
2.2699304E7
2.3006E7
2.3300656E7
2.3581784E7
2.3847888E7
2.4097584E7
2.4329552E7
2.4542544E7
2.4735464E7
2.490732E7
2.5057224E7
2.5184464E7
2.5288416E7
2.5368624E7
2.5424744E7
2.545656E7
2.5463992E7
2.544704E7
2.5405824E7
2.5340488E7
2.525132E7
2.5138592E7
2.5002672E7
2.484388E7
2.4662608E7
2.44592E7
2.4234016E7
2.3987384E7
2.371964E7
2.3431048E7
2.3121888E7
2.2792424E7
2.244288E7
2.2073512E7
2.1684584E7
2.1276344E7
2.0849072E7
2.0403128E7
1.993884E7
1.9456632E7
1.8956936E7
1.8440264E7
1.7907136E7
1.735812E7
1.6793832E7
1.621488E7
1.5621912E7
1.5015584E7
1.4396544E7
1.3765432E7
1.3122872E7
1.2469472E7
1.1805848E7
1.1132568E7
1.0450184E7
9759272.0
9060336.0
8353936.0
7640600.0
6920888.0
6195368.0
5464640.0
4729328.0
3990080.0
3247616.0
2502664.0
1756016.0
1008520.0
261056.0
-485440.0
-1230008.0
-1971616.0
-2709176.0
-3441600.0
-4167728.0
-4886384.0
-5596352.0
-6296376.0
-6985224.0
-7661616.0
-8324264.0
-8971936.0
-9603368.0
-1.021736E7
-1.0812752E7
-1.1388464E7
-1.194348E7
-1.247688E7
-1.2987856E7
-1.3475736E7
-1.3939984E7
-1.4380224E7
-1.4796216E7
-1.518792E7
-1.5555448E7
-1.5899072E7
-1.6219272E7
-1.651664E7
-1.679196E7
-1.704612E7
-1.7280152E7
-1.7495152E7
-1.7692352E7
-1.7872944E7
-1.803824E7
-1.8189512E7
-1.8327976E7
-1.845484E7
-1.8571232E7
-1.8678184E7
-1.8776592E7
-1.8867256E7
-1.8950832E7
-1.9027808E7
-1.9098536E7
-1.9163208E7
-1.922188E7
-1.9274448E7
-1.932068E7
-1.936024E7
-1.9392664E7
-1.9417432E7
-1.9433928E7
-1.9441536E7
-1.9439608E7
-1.942748E7
-1.9404536E7
-1.937024E7
-1.9324112E7
-1.9265752E7
-1.9194904E7
-1.9111424E7
-1.9015304E7
-1.8906672E7
-1.87858E7
-1.8653112E7
-1.8509096E7
-1.835444E7
-1.8189848E7
-1.8016144E7
-1.7834184E7
-1.764484E7
-1.7449024E7
-1.7247584E7
-1.7041376E7
-1.6831184E7
-1.6617696E7
-1.6401552E7
-1.6183264E7
-1.5963296E7
-1.5742E7
-1.5519616E7
-1.5296336E7
-1.5072256E7
-1.484744E7
-1.4621856E7
-1.4395464E7
-1.41682E7
-1.393996E7
-1.3710648E7
-1.3480176E7
-1.324844E7
-1.3015344E7
-1.2780824E7
-1.2544808E7
-1.2307224E7
-1.2068016E7
-1.1827136E7
-1.158452E7
-1.1340072E7
-1.1093744E7
-1.0845408E7
-1.0594944E7
-1.0342232E7
-1.0087104E7
-9829368.0
-9568840.0
-9305312.0
-9038584.0
-8768408.0
-8494600.0
-8216936.0
-7935248.0
-7649384.0
-7359208.0
-7064656.0
-6765648.0
-6462216.0
-6154432.0
-5842376.0
-5526224.0
-5206184.0
-4882520.0
-4555552.0
-4225608.0
-3893088.0
-3558392.0
-3221952.0
-2884184.0
-2545528.0
-2206400.0
-1867216.0
-1528336.0
-1190104.0
-852776.0
-516600.0
-181760.0
151648.0
483576.0
814056.0
1143168.0
1471056.0
1797944.0
2124088.0
2449824.0
2775480.0
3101480.0
3428248.0
3756248.0
4085944.0
4417832.0
4752424.0
5090208.0
5431696.0
5777408.0
6127816.0
6483440.0
6844736.0
7212216.0
7586320.0
7967528.0
8356296.0
8753032.0
9158216.0
9572248.0
9995552.0
1.0428512E7
1.087152E7
1.1324896E7
1.1788992E7
1.2264072E7
1.2750384E7
1.324808E7
1.3757256E7
1.427796E7
1.4810096E7
1.5353496E7
1.5907888E7
1.6472856E7
1.7047888E7
1.7632312E7
1.8225352E7
1.8826096E7
1.943352E7
2.0046456E7
2.0663656E7
2.128376E7
2.1905344E7
2.2526864E7
2.3146792E7
2.3763472E7
2.4375272E7
2.4980528E7
2.5577528E7
2.6164624E7
2.674012E7
2.7302344E7
2.7849664E7
2.8380448E7
2.8893136E7
2.9386152E7
2.9858048E7
3.0307344E7
3.0732712E7
3.1132856E7
3.1506608E7
3.1852896E7
3.2170736E7
3.2459336E7
3.2718024E7
3.2946264E7
3.3143696E7
3.331016E7
3.3445624E7
3.3550248E7
3.3624336E7
3.3668408E7
3.368308E7
3.3669176E7
3.3627616E7
3.3559448E7
3.3465856E7
3.3348104E7
3.3207536E7
3.3045584E7
3.286372E7
3.2663432E7
3.2446304E7
3.2213856E7
3.1967672E7
3.1709272E7
3.1440216E7
3.1161976E7
3.087604E7
3.0583832E7
3.028672E7
2.9986032E7
2.9683024E7
2.9378896E7
2.9074776E7
2.8771736E7
2.8470736E7
2.817268E7
2.7878376E7
2.7588528E7
2.7303776E7
2.7024608E7
2.6751472E7
2.6484648E7
2.6224384E7
2.5970768E7
2.57238E7
2.5483408E7
2.5249416E7
2.5021568E7
2.479956E7
2.4582976E7
2.4371408E7
2.416436E7
2.3961304E7
2.3761704E7
2.3564992E7
2.3370576E7
2.3177824E7
2.298616E7
2.279492E7
2.2603464E7
2.2411136E7
2.2217272E7
2.2021176E7
2.1822168E7
2.1619512E7
2.1412512E7
2.1200432E7
2.0982552E7
2.075816E7
2.0526552E7
2.0287048E7
2.0039E7
1.9781768E7
1.9514824E7
1.9237608E7
1.8949696E7
1.8650688E7
1.8340288E7
1.8018264E7
1.7684464E7
1.7338864E7
1.6981504E7
1.661252E7
1.6232208E7
1.5840904E7
1.5439096E7
1.5027368E7
1.4606416E7
1.4177032E7
1.3740136E7
1.3296728E7
1.2847872E7
1.2394728E7
1.193852E7
1.1480512E7
1.1021984E7
1.056424E7
1.0108584E7
9656296.0
9208608.0
8766720.0
8331728.0
7904704.0
7486608.0
7078288.0
6680528.0
6293992.0
5919240.0
5556720.0
5206752.0
4869576.0
4545288.0
4233896.0
3935272.0
3649192.0
3375312.0
3113152.0
2862184.0
2621712.0
2390992.0
2169192.0
1955384.0
1748584.0
1547784.0
1351888.0
1159848.0
970552.0
782920.0
595912.0
408520.0
219768.0
28752.0
-165336.0
-363256.0
-565672.0
-773136.0
-986128.0
-1205024.0
-1430104.0
-1661520.0
-1899360.0
-2143592.0
-2394104.0
-2650688.0
-2913048.0
-3180808.0
-3453496.0
-3730600.0
-4011528.0
-4295640.0
-4582240.0
-4870608.0
-5159992.0
-5449616.0
-5738712.0
-6026512.0
-6312272.0
-6595264.0
-6874840.0
-7150336.0
-7421256.0
-7687072.0
-7947416.0
-8201960.0
-8450520.0
-8692944.0
-8929248.0
-9159456.0
-9383752.0
-9602368.0
-9815600.0
-1.0023808E7
-1.02274E7
-1.0426808E7
-1.0622464E7
-1.0814808E7
-1.1004272E7
-1.1191216E7
-1.1375976E7
-1.1558808E7
-1.1739872E7
-1.1919232E7
-1.2096872E7
-1.2272608E7
-1.2446168E7
-1.2617128E7
-1.2784936E7
-1.2948936E7
-1.3108304E7
-1.3262144E7
-1.3409432E7
-1.3549056E7
-1.367988E7
-1.3800688E7
-1.3910248E7
-1.4007344E7
-1.4090776E7
-1.4159424E7
-1.42122E7
-1.4248144E7
-1.4266416E7
-1.4266264E7
-1.4247136E7
-1.4208544E7
-1.4150224E7
-1.4071992E7
-1.397388E7
-1.3855968E7
-1.3718528E7
-1.3561872E7
-1.338648E7
-1.319284E7
-1.2981512E7
-1.2753144E7
-1.250836E7
-1.2247816E7
-1.197216E7
-1.1682032E7
-1.1378088E7
-1.1060896E7
-1.0731056E7
-1.0389104E7
-1.0035552E7
-9670888.0
-9295576.0
-8910064.0
-8514752.0
-8110056.0
-7696368.0
-7274032.0
-6843464.0
-6405008.0
-5959008.0
-5505840.0
-5045840.0
-4579344.0
-4106704.0
-3628240.0
-3144264.0
-2655104.0
-2161056.0
-1662400.0
-1159440.0
-652416.0
-141600.0
372760.0
890464.0
1411296.0
1935040.0
2461528.0
2990576.0
3522048.0
4055784.0
4591656.0
5129560.0
5669360.0
6210936.0
6754184.0
7298952.0
7845104.0
8392432.0
8940704.0
9489672.0
1.0038992E7
1.058824E7
1.1136928E7
1.1684464E7
1.2230208E7
1.277336E7
1.3313048E7
1.3848312E7
1.4378072E7
1.4901176E7
1.5416392E7
1.5922392E7
1.6417824E7
1.6901272E7
1.7371328E7
1.7826496E7
1.8265384E7
1.8686568E7
1.908868E7
1.9470424E7
1.98306E7
2.0168072E7
2.0481864E7
2.077112E7
2.1035112E7
2.1273312E7
2.1485328E7
2.1670992E7
2.1830288E7
2.19634E7
2.2070728E7
2.2152848E7
2.2210536E7
2.2244728E7
2.2256568E7
2.2247344E7
2.2218504E7
2.2171632E7
2.2108416E7
2.203068E7
2.1940312E7
2.1839272E7
2.1729568E7
2.1613256E7
2.1492352E7
2.1368896E7
2.1244872E7
2.1122208E7
2.1002776E7
2.0888312E7
2.0780472E7
2.068076E7
2.059052E7
2.0510952E7
2.044308E7
2.0387736E7
2.0345576E7
2.031704E7
2.03024E7
2.0301752E7
2.0314984E7
2.034184E7
2.038192E7
2.0434664E7
2.0499416E7
2.0575424E7
2.0661856E7
2.0757824E7
2.086244E7
2.0974784E7
2.109396E7
2.1219088E7
2.1349392E7
2.148412E7
2.1622608E7
2.176432E7
2.1908792E7
2.2055704E7
2.220484E7
2.2356128E7
2.2509624E7
2.2665504E7
2.2824088E7
2.2985816E7
2.3151248E7
2.3321064E7
2.349604E7
2.3677056E7
2.386504E7
2.4061008E7
2.4265976E7
2.4481024E7
2.47072E7
2.4945544E7
2.519704E7
2.5462624E7
2.5743112E7
2.6039232E7
2.6351584E7
2.6680608E7
2.7026608E7
2.7389696E7
2.77698E7
2.816668E7
2.8579848E7
2.9008672E7
2.9452304E7
2.990964E7
3.0379472E7
3.086032E7
3.1350592E7
3.1848488E7
3.235208E7
3.2859336E7
3.3368088E7
3.3876136E7
3.4381224E7
3.4881072E7
3.5373496E7
3.5856312E7
3.6327456E7
3.678504E7
3.7227296E7
3.7652712E7
3.8059976E7
3.844804E7
3.8816104E7
3.9163664E7
3.9490472E7
3.9796576E7
4.0082256E7
4.0348056E7
4.0594712E7
4.082316E7
4.1034496E7
4.1229928E7
4.1410776E7
4.1578352E7
4.173404E7
4.1879184E7
4.2015064E7
4.2142888E7
4.2263768E7
4.2378688E7
4.248848E7
4.2593832E7
4.2695264E7
4.279316E7
4.288772E7
4.2978992E7
4.3066928E7
4.315128E7
4.3231768E7
4.3307984E7
4.3379496E7
4.344576E7
4.3506312E7
4.3560608E7
4.360816E7
4.3648528E7
4.3681336E7
4.3706224E7
4.372296E7
4.3731368E7
4.3731352E7
4.3722872E7
4.3705992E7
4.3680792E7
4.364744E7
4.360612E7
4.355704E7
4.3500424E7
4.343652E7
4.336552E7
4.3287632E7
4.3203032E7
4.3111856E7
4.3014208E7
4.2910168E7
4.2799768E7
4.2682984E7
4.2559832E7
4.243024E7
4.2294176E7
4.2151592E7
4.2002456E7
4.1846768E7
4.1684568E7
4.1515944E7
4.1341024E7
4.1160056E7
4.0973304E7
4.0781176E7
4.0584096E7
4.038264E7
4.01774E7
3.9969088E7
3.9758448E7
3.954632E7
3.9333528E7
3.9120944E7
3.8909464E7
3.8699968E7
3.8493312E7
3.8290304E7
3.8091688E7
3.7898176E7
3.7710352E7
3.7528744E7
3.7353752E7
3.718568E7
3.7024728E7
3.6870984E7
3.672444E7
3.6584976E7
3.6452416E7
3.6326456E7
3.6206792E7
3.609304E7
3.59848E7
3.5881624E7
3.5783144E7
3.5688952E7
3.5598712E7
3.5512128E7
3.5428968E7
3.5349104E7
3.5272464E7
3.5199056E7
3.5129016E7
3.5062544E7
3.4999928E7
3.4941536E7
3.4887824E7
3.483932E7
3.4796608E7
3.4760296E7
3.4731096E7
3.4709688E7
3.4696824E7
3.4693232E7
3.4699664E7
3.4716864E7
3.4745544E7
3.4786392E7
3.4840048E7
3.4907128E7
3.4988152E7
3.5083592E7
3.5193808E7
3.5319112E7
3.545968E7
3.5615608E7
3.5786888E7
3.597336E7
3.6174784E7
3.6390784E7
3.6620864E7
3.68644E7
3.7120672E7
3.7388808E7
3.766784E7
3.7956696E7
3.8254184E7
3.8559048E7
3.8869896E7
3.918532E7
3.9503792E7
3.9823752E7
4.0143632E7
4.046176E7
4.0776528E7
4.1086288E7
4.1389424E7
4.1684336E7
4.1969472E7
4.224336E7
4.2504584E7
4.27518E7
4.2983808E7
4.3199464E7
4.3397792E7
4.3577912E7
4.3739088E7
4.3880736E7
4.4002408E7
4.41038E7
4.418476E7
4.4245248E7
4.4285408E7
4.4305464E7
4.4305776E7
4.4286808E7
4.4249112E7
4.419332E7
4.412016E7
4.4030376E7
4.3924776E7
4.3804208E7
4.3669544E7
4.352168E7
4.3361496E7
4.3189928E7
4.3007848E7
4.2816184E7
4.2615816E7
4.2407672E7
4.2192584E7
4.1971432E7
4.1745072E7
4.151432E7
4.127996E7
4.1042784E7
4.0803512E7
4.0562848E7
4.0321448E7
4.0079952E7
3.9838912E7
3.959888E7
3.9360312E7
3.9123672E7
3.888932E7
3.8657616E7
3.8428824E7
3.8203168E7
3.7980872E7
3.7762056E7
3.7546832E7
3.733524E7
3.7127312E7
3.6923032E7
3.6722368E7
3.6525264E7
3.6331624E7
3.61414E7
3.5954488E7
3.5770832E7
3.559036E7
3.5413032E7
3.5238824E7
3.5067768E7
3.4899888E7
3.4735256E7
3.4573968E7
3.4416184E7
3.426204E7
3.4111704E7
3.3965392E7
3.382332E7
3.3685664E7
3.3552616E7
3.34244E7
3.3301136E7
3.3182984E7
3.3070016E7
3.2962272E7
3.2859776E7
3.2762456E7
3.2670232E7
3.2582928E7
3.2500352E7
3.242224E7
3.2348328E7
3.2278272E7
3.221172E7
3.2148328E7
3.2087704E7
3.2029488E7
3.1973304E7
3.1918808E7
3.186568E7
3.18136E7
3.1762304E7
3.1711536E7
3.1661072E7
3.161072E7
3.1560312E7
3.1509664E7
3.145864E7
3.140708E7
3.1354824E7
3.1301712E7
3.124756E7
3.119216E7
3.1135264E7
3.1076648E7
3.1016E7
3.0953032E7
3.0887368E7
3.0818648E7
3.0746496E7
3.067048E7
3.0590152E7
3.0505072E7
3.0414784E7
3.0318808E7
3.0216672E7
3.0107904E7
2.9992056E7
2.9868664E7
2.9737336E7
2.9597656E7
2.9449296E7
2.9291936E7
2.9125344E7
2.8949344E7
2.8763824E7
2.8568816E7
2.8364368E7
2.8150704E7
2.7928128E7
2.7697064E7
2.7458088E7
2.7211872E7
2.6959208E7
2.6701056E7
2.6438432E7
2.6172512E7
2.5904512E7
2.5635776E7
2.5367672E7
2.5101616E7
2.483904E7
2.4581368E7
2.4329992E7
2.4086264E7
2.3851416E7
2.3626624E7
2.3412912E7
2.32112E7
2.3022248E7
2.2846648E7
2.2684832E7
2.2537072E7
2.2403496E7
2.2284024E7
2.2178472E7
2.2086488E7
2.2007576E7
2.194116E7
2.1886528E7
2.1842888E7
2.1809368E7
2.178508E7
2.1769048E7
2.1760264E7
2.1757776E7
2.1760568E7
2.1767656E7
2.1778104E7
2.1791016E7
2.1805512E7
2.18208E7
2.1836168E7
2.185096E7
2.1864616E7
2.187668E7
2.1886784E7
2.1894664E7
2.19002E7
2.1903352E7
2.1904232E7
2.1903056E7
2.1900168E7
2.1896032E7
2.1891216E7
2.18864E7
2.1882352E7
2.1879904E7
2.187996E7
2.1883448E7
2.189132E7
2.1904544E7
2.1924008E7
2.1950576E7
2.1985056E7
2.2028096E7
2.2080288E7
2.214208E7
2.2213752E7
2.2295456E7
2.2387176E7
2.248876E7
2.2599848E7
2.2720008E7
2.2848592E7
2.2984872E7
2.3127992E7
2.3277E7
2.3430864E7
2.3588496E7
2.3748776E7
2.3910528E7
2.4072584E7
2.4233848E7
2.4393184E7
2.4549536E7
2.4701936E7
2.4849496E7
2.4991392E7
2.512696E7
2.5255616E7
2.5376928E7
2.5490592E7
2.5596424E7
2.5694376E7
2.5784528E7
2.5867096E7
2.5942376E7
2.6010808E7
2.6072864E7
2.6129152E7
2.6180288E7
2.6226984E7
2.6269944E7
2.6309904E7
2.634764E7
2.6383856E7
2.6419312E7
2.6454696E7
2.6490664E7
2.6527856E7
2.6566816E7
2.660808E7
2.6652072E7
2.6699168E7
2.6749672E7
2.6803784E7
2.6861656E7
2.6923312E7
2.6988704E7
2.7057712E7
2.713012E7
2.7205632E7
2.728388E7
2.7364448E7
2.744688E7
2.7530648E7
2.7615248E7
2.7700152E7
2.7784856E7
2.7868904E7
2.7951888E7
2.8033472E7
2.8113432E7
2.8191632E7
2.8268072E7
2.8342872E7
2.841632E7
2.8488824E7
2.8560944E7
2.8633392E7
2.8707008E7
2.8782768E7
2.8861752E7
2.8945112E7
2.9034088E7
2.912996E7
2.9233968E7
2.9347416E7
2.9471464E7
2.960724E7
2.9755712E7
2.9917728E7
3.009392E7
3.0284712E7
3.0490336E7
3.0710752E7
3.0945672E7
3.1194576E7
3.1456688E7
3.1730992E7
3.201628E7
3.231116E7
3.261408E7
3.29234E7
3.3237384E7
3.355424E7
3.3872216E7
3.4189592E7
3.4504712E7
3.481604E7
3.5122176E7
3.5421856E7
3.5714008E7
3.5997744E7
3.627232E7
3.6537192E7
3.679196E7
3.7036408E7
3.7270424E7
3.7494E7
3.7707256E7
3.7910304E7
3.8103376E7
3.828668E7
3.846044E7
3.8624856E7
3.878012E7
3.8926376E7
3.906372E7
3.9192272E7
3.9312016E7
3.9423E7
3.9525176E7
3.9618536E7
3.970304E7
3.9778672E7
3.9845432E7
3.990332E7
3.99524E7
3.9992776E7
4.0024576E7
4.0047976E7
4.0063208E7
4.0070512E7
4.00702E7
4.00626E7
4.0048032E7
4.002688E7
3.999952E7
3.9966336E7
3.9927712E7
3.9884064E7
3.9835792E7
3.9783312E7
3.9727056E7
3.9667464E7
3.9605008E7
3.9540192E7
3.947352E7
3.9405576E7
3.9336928E7
3.92682E7
3.9200048E7
3.9133104E7
3.9068056E7
3.900556E7
3.8946248E7
3.8890744E7
3.8839584E7
3.8793272E7
3.8752224E7
3.871676E7
3.8687128E7
3.8663416E7
3.8645672E7
3.8633792E7
3.86276E7
3.8626824E7
3.8631072E7
3.8639968E7
3.8653008E7
3.8669688E7
3.8689472E7
3.8711832E7
3.8736224E7
3.8762152E7
3.8789144E7
3.8816784E7
3.8844672E7
3.8872488E7
3.8899944E7
3.8926832E7
3.8952976E7
3.8978248E7
3.9002584E7
3.9025928E7
3.9048296E7
3.9069704E7
3.9090208E7
3.9109864E7
3.912876E7
3.9146976E7
3.91646E7
3.918172E7
3.9198416E7
3.9214752E7
3.9230792E7
3.9246576E7
3.9262144E7
3.927748E7
3.9292608E7
3.9307472E7
3.9322056E7
3.9336304E7
3.935012E7
3.9363448E7
3.9376176E7
3.9388208E7
3.9399432E7
3.940972E7
3.9418944E7
3.9426976E7
3.9433672E7
3.9438896E7
3.9442488E7
3.9444312E7
3.9444184E7
3.9441944E7
3.943744E7
3.9430504E7
3.942096E7
3.9408656E7
3.93934E7
3.9375048E7
3.935344E7
3.9328448E7
3.9299952E7
3.9267832E7
3.9232024E7
3.919248E7
3.9149192E7
3.9102192E7
3.9051568E7
3.8997432E7
3.8940032E7
3.88796E7
3.8816496E7
3.8751128E7
3.8684016E7
3.8615704E7
3.8546856E7
3.8478192E7
3.8410488E7
3.8344576E7
3.828132E7
3.8221608E7
3.8166312E7
3.8116312E7
3.8072408E7
3.803536E7
3.8005832E7
3.7984352E7
3.7971344E7
3.7967064E7
3.7971616E7
3.7984888E7
3.8006632E7
3.8036384E7
3.8073504E7
3.8117192E7
3.8166448E7
3.8220184E7
3.827712E7
3.8335952E7
3.839524E7
3.8453504E7
3.8509288E7
3.8561088E7
3.8607432E7
3.8646928E7
3.8678256E7
3.8700152E7
3.8711488E7
3.871124E7
3.8698512E7
3.8672512E7
3.8632608E7
3.857832E7
3.8509256E7
3.8425168E7
3.8325936E7
3.8211544E7
3.8082096E7
3.7937768E7
3.7778824E7
3.7605608E7
3.7418504E7
3.7217936E7
3.7004368E7
3.6778256E7
3.654008E7
3.6290312E7
3.60294E7
3.5757792E7
3.547588E7
3.5184072E7
3.4882744E7
3.4572248E7
3.4252928E7
3.3925136E7
3.3589232E7
3.3245616E7
3.2894672E7
3.2536896E7
3.2172784E7
3.1802944E7
3.142804E7
3.104884E7
3.0666208E7
3.028112E7
2.9894664E7
2.9507992E7
2.9122424E7
2.8739328E7
2.8360192E7
2.7986552E7
2.7619992E7
2.7262128E7
2.6914584E7
2.6578968E7
2.6256784E7
2.5949488E7
2.5658392E7
2.5384632E7
2.5129192E7
2.4892808E7
2.4675992E7
2.4478992E7
2.4301776E7
2.414404E7
2.4005184E7
2.3884352E7
2.3780408E7
2.3691992E7
2.3617512E7
2.3555208E7
2.3503136E7
2.345932E7
2.3421656E7
2.3388064E7
2.3356472E7
2.3324904E7
2.329152E7
2.3254608E7
2.3212712E7
2.3164568E7
2.3109224E7
2.3045992E7
2.297452E7
2.289476E7
2.2807008E7
2.271188E7
2.261028E7
2.2503472E7
2.2392944E7
2.2280464E7
2.2168008E7
2.2057704E7
2.1951848E7
2.185284E7
2.1763056E7
2.168492E7
2.1620808E7
2.157292E7
2.1543384E7
2.1534088E7
2.1546712E7
2.1582632E7
2.1642976E7
2.172852E7
2.1839712E7
2.197664E7
2.2139088E7
2.2326448E7
2.25378E7
2.2771928E7
2.302728E7
2.3302072E7
2.3594272E7
2.3901648E7
2.4221808E7
2.4552224E7
2.4890288E7
2.5233336E7
2.557868E7
2.592368E7
2.6265744E7
2.6602344E7
2.6931096E7
2.7249744E7
2.7556224E7
2.7848616E7
2.8125224E7
2.8384544E7
2.8625296E7
2.8846416E7
2.904704E7
2.9226528E7
2.938444E7
2.9520496E7
2.9634616E7
2.9726856E7
2.97974E7
2.9846576E7
2.9874816E7
2.9882584E7
2.9870488E7
2.9839136E7
2.978924E7
2.9721512E7
2.9636736E7
2.953572E7
2.9419312E7
2.9288416E7
2.9143952E7
2.8986864E7
2.8818168E7
2.8638896E7
2.845008E7
2.8252824E7
2.8048176E7
2.7837208E7
2.7620976E7
2.7400504E7
2.717676E7
2.695064E7
2.6722984E7
2.6494544E7
2.6265936E7
2.6037736E7
2.5810368E7
2.5584152E7
2.5359328E7
2.5136032E7
2.4914312E7
2.4694176E7
2.4475536E7
2.4258296E7
2.4042344E7
2.3827576E7
2.361388E7
2.3401208E7
2.3189544E7
2.2978928E7
2.2769472E7
2.2561344E7
2.2354792E7
2.2150128E7
2.1947704E7
2.1747936E7
2.155128E7
2.1358216E7
2.1169256E7
2.0984896E7
2.0805664E7
2.063204E7
2.0464504E7
2.030352E7
2.0149488E7
2.0002808E7
1.9863816E7
1.9732824E7
1.9610144E7
1.9495984E7
1.9390584E7
1.9294152E7
1.9206856E7
1.912888E7
1.9060384E7
1.9001552E7
1.8952552E7
1.8913616E7
1.8884944E7
1.8866832E7
1.8859576E7
1.8863528E7
1.8879112E7
1.8906792E7
1.8947112E7
1.9000696E7
1.9068192E7
1.915036E7
1.9248016E7
1.9362016E7
1.949328E7
1.9642736E7
1.9811368E7
2.0000168E7
2.0210064E7
2.0442008E7
2.0696832E7
2.0975312E7
2.1278144E7
2.1605824E7
2.1958784E7
2.2337208E7
2.2741144E7
2.3170472E7
2.3624808E7
2.4103616E7
2.4606152E7
2.5131504E7
2.5678544E7
2.624604E7
2.6832552E7
2.7436576E7
2.8056496E7
2.8690624E7
2.9337208E7
2.9994496E7
3.066072E7
3.1334112E7
3.2012968E7
3.2695592E7
3.3380368E7
3.4065752E7
3.4750216E7
3.5432352E7
3.6110808E7
3.6784272E7
3.7451528E7
3.8111384E7
3.8762696E7
3.9404408E7
4.0035424E7
4.065476E7
4.1261416E7
4.1854448E7
4.2432944E7
4.299604E7
4.3542904E7
4.4072776E7
4.458496E7
4.5078848E7
4.5553896E7
4.6009672E7
4.644588E7
4.6862296E7
4.7258832E7
4.7635568E7
4.7992648E7
4.8330368E7
4.864916E7
4.8949528E7
4.9232088E7
4.9497552E7
4.974668E7
4.998028E7
5.0199184E7
5.0404248E7
5.0596312E7
5.0776192E7
5.0944624E7
5.110236E7
5.1249976E7
5.138804E7
5.1517008E7
5.1637232E7
5.1748968E7
5.1852384E7
5.1947568E7
5.2034512E7
5.2113176E7
5.2183424E7
5.2245128E7
5.2298128E7
5.2342272E7
5.237744E7
5.240356E7
5.2420624E7
5.2428688E7
5.242792E7
5.2418608E7
5.2401112E7
5.2375944E7
5.2343736E7
5.2305232E7
5.226128E7
5.2212824E7
5.216092E7
5.2106672E7
5.2051264E7
5.1995864E7
5.1941696E7
5.1889944E7
5.1841784E7
5.1798296E7
5.1760504E7
5.1729296E7
5.1705488E7
5.1689696E7
5.168244E7
5.168404E7
5.1694672E7
5.1714304E7
5.174276E7
5.1779688E7
5.1824592E7
5.18768E7
5.1935544E7
5.1999896E7
5.2068872E7
5.2141424E7
5.2216424E7
5.2292736E7
5.2369272E7
5.2444912E7
5.2518656E7
5.2589528E7
5.2656728E7
5.2719504E7
5.2777288E7
5.2829648E7
5.2876304E7
5.2917152E7
5.2952224E7
5.298172E7
5.3005984E7
5.3025496E7
5.3040832E7
5.3052712E7
5.3061888E7
5.3069192E7
5.307552E7
5.3081752E7
5.3088776E7
5.3097472E7
5.3108656E7
5.3123112E7
5.3141568E7
5.3164656E7
5.3192968E7
5.3226968E7
5.3267072E7
5.3313624E7
5.3366872E7
5.3427032E7
5.3494224E7
5.3568528E7
5.3649992E7
5.3738624E7
5.3834384E7
5.3937216E7
5.4047048E7
5.4163752E7
5.4287208E7
5.4417248E7
5.4553672E7
5.4696248E7
5.4844696E7
5.4998688E7
5.5157848E7
5.5321752E7
5.5489896E7
5.566176E7
5.583676E7
5.6014248E7
5.6193584E7
5.6374096E7
5.6555096E7
5.6735928E7
5.6915976E7
5.709464E7
5.7271432E7
5.744592E7
5.7617776E7
5.7786792E7
5.7952896E7
5.8116088E7
5.8276528E7
5.8434496E7
5.859036E7
5.8744576E7
5.889772E7
5.905036E7
5.920316E7
5.9356776E7
5.9511864E7
5.9669056E7
5.9828928E7
5.9992E7
6.0158712E7
6.0329416E7
6.0504392E7
6.068376E7
6.0867616E7
6.1055872E7
6.1248408E7
6.1445E7
6.1645312E7
6.1848992E7
6.2055552E7
6.2264536E7
6.2475384E7
6.268752E7
6.2900376E7
6.3113328E7
6.33258E7
6.353716E7
6.374684E7
6.3954216E7
6.415876E7
6.4359896E7
6.455708E7
6.47498E7
6.493756E7
6.5119856E7
6.5296264E7
6.546632E7
6.5629624E7
6.5785792E7
6.5934456E7
6.6075336E7
6.6208144E7
6.6332656E7
6.6448736E7
6.655628E7
6.6655256E7
6.6745744E7
6.6827864E7
6.690184E7
6.6967976E7
6.7026656E7
6.707836E7
6.7123584E7
6.7162968E7
6.7197144E7
6.7226792E7
6.7252664E7
6.727544E7
6.7295904E7
6.731472E7
6.7332568E7
6.7350096E7
6.7367832E7
6.7386296E7
6.7405912E7
6.7426992E7
6.7449808E7
6.747452E7
6.75012E7
6.7529888E7
6.7560528E7
6.7593E7
6.762716E7
6.7662816E7
6.7699776E7
6.77378E7
6.7776664E7
6.7816136E7
6.7855984E7
6.7895992E7
6.7935912E7
6.7975544E7
6.801464E7
6.8052952E7
6.8090224E7
6.8126168E7
6.816048E7
6.8192784E7
6.8222736E7
6.8249904E7
6.827384E7
6.8294096E7
6.8310144E7
6.832152E7
6.8327712E7
6.832824E7
6.8322624E7
6.8310448E7
6.829132E7
6.8264904E7
6.8230944E7
6.8189232E7
6.8139688E7
6.8082256E7
6.8017024E7
6.7944112E7
6.7863768E7
6.7776288E7
6.7682096E7
6.7581632E7
6.7475432E7
6.7364072E7
6.72482E7
6.7128448E7
6.7005536E7
6.6880144E7
6.6752976E7
6.662476E7
6.6496144E7
6.6367832E7
6.6240432E7
6.6114544E7
6.5990728E7
6.5869464E7
6.5751232E7
6.5636384E7
6.5525264E7
6.5418136E7
6.5315184E7
6.5216528E7
6.5122232E7
6.5032304E7
6.4946672E7
6.48652E7
6.4787712E7
6.4714016E7
6.4643808E7
6.4576832E7
6.4512768E7
6.4451296E7
6.4392096E7
6.4334864E7
6.4279312E7
6.4225168E7
6.4172224E7
6.4120272E7
6.4069216E7
6.401896E7
6.396948E7
6.3920832E7
6.387312E7
6.3826488E7
6.3781168E7
6.3737432E7
6.36956E7
6.3656032E7
6.361916E7
6.3585408E7
6.355524E7
6.3529144E7
6.3507608E7
6.3491152E7
6.348024E7
6.3475376E7
6.347704E7
6.3485672E7
6.3501688E7
6.3525456E7
6.3557352E7
6.359764E7
6.3646552E7
6.370428E7
6.3770912E7
6.384648E7
6.3930944E7
6.4024152E7
6.412588E7
6.4235784E7
6.435344E7
6.4478296E7
6.4609728E7
6.474696E7
6.4889152E7
6.5035328E7
6.5184464E7
6.5335424E7
6.5486976E7
6.5637872E7
6.5786784E7
6.5932336E7
6.6073144E7
6.6207808E7
6.6334928E7
6.6453136E7
6.6561064E7
6.6657424E7
6.674096E7
6.6810488E7
6.6864928E7
6.6903256E7
6.6924584E7
6.6928112E7
6.6913184E7
6.6879256E7
6.6825936E7
6.6752976E7
6.6660304E7
6.6547944E7
6.6416176E7
6.6265376E7
6.6096152E7
6.5909256E7
6.5705608E7
6.5486336E7
6.5252704E7
6.5006152E7
6.474828E7
6.4480808E7
6.4205608E7
6.3924656E7
6.3640024E7
6.3353832E7
6.3068272E7
6.2785568E7
6.2507952E7
6.2237616E7
6.1976736E7
6.1727392E7
6.1491592E7
6.127124E7
6.1068104E7
6.0883792E7
6.071976E7
6.0577304E7
6.0457496E7
6.0361232E7
6.0289208E7
6.0241904E7
6.0219608E7
6.0222392E7
6.0250128E7
6.0302512E7
6.037904E7
6.0479056E7
6.060172E7
6.0746096E7
6.091108E7
6.1095512E7
6.1298128E7
6.1517624E7
6.1752624E7
6.2001792E7
6.2263776E7
6.2537256E7
6.282096E7
6.3113704E7
6.3414384E7
6.3721992E7
6.4035616E7
6.4354496E7
6.4677984E7
6.5005552E7
6.5336808E7
6.5671488E7
6.6009432E7
6.6350584E7
6.6695016E7
6.7042824E7
6.7394192E7
6.7749344E7
6.8108528E7
6.847196E7
6.883984E7
6.9212312E7
6.958944E7
6.9971224E7
7.0357496E7
7.0747984E7
7.1142304E7
7.1539888E7
7.1940048E7
7.2341952E7
7.2744632E7
7.3147008E7
7.3547872E7
7.3945984E7
7.4340032E7
7.4728648E7
7.5110504E7
7.5484296E7
7.5848728E7
7.6202624E7
7.6544888E7
7.6874512E7
7.7190656E7
7.7492592E7
7.777972E7
7.8051616E7
7.8307944E7
7.8548512E7
7.877324E7
7.8982176E7
7.9175392E7
7.9353064E7
7.9515424E7
7.9662704E7
7.979516E7
7.991308E7
8.0016688E7
8.0106216E7
8.0181904E7
8.0243912E7
8.02924E7
8.0327528E7
8.0349432E7
8.0358216E7
8.0354048E7
8.0337088E7
8.0307528E7
8.0265592E7
8.02116E7
8.0145896E7
8.0068896E7
7.9981088E7
7.9883048E7
7.97754E7
7.965884E7
7.953408E7
7.9401944E7
7.92632E7
7.9118688E7
7.8969248E7
7.8815664E7
7.8658728E7
7.84992E7
7.833776E7
7.8175072E7
7.8011696E7
7.7848176E7
7.7684968E7
7.7522464E7
7.7361E7
7.720088E7
7.7042336E7
7.6885584E7
7.6730808E7
7.6578168E7
7.6427816E7
7.6279896E7
7.6134552E7
7.599192E7
7.5852176E7
7.5715456E7
7.5581944E7
7.5451816E7
7.5325232E7
7.5202368E7
7.5083392E7
7.4968464E7
7.4857736E7
7.475132E7
7.4649352E7
7.455192E7
7.4459096E7
7.437096E7
7.4287544E7
7.4208872E7
7.4135E7
7.4065904E7
7.4001584E7
7.3942048E7
7.3887272E7
7.38372E7
7.37918E7
7.3750984E7
7.3714648E7
7.3682656E7
7.3654824E7
7.3630936E7
7.3610712E7
7.359384E7
7.3579936E7
7.35686E7
7.3559384E7
7.3551792E7
7.3545336E7
7.3539504E7
7.3533824E7
7.3527816E7
7.3521072E7
7.3513232E7
7.3504008E7
7.3493208E7
7.3480728E7
7.3466568E7
7.3450816E7
7.3433648E7
7.3415368E7
7.3396344E7
7.3377008E7
7.3357872E7
7.3339496E7
7.332248E7
7.3307456E7
7.329504E7
7.3285904E7
7.3280696E7
7.328004E7
7.3284584E7
7.3294944E7
7.3311752E7
7.333556E7
7.3366984E7
7.3406592E7
7.3454912E7
7.3512512E7
7.3579944E7
7.3657672E7
7.3746232E7
7.384608E7
7.3957688E7
7.4081472E7
7.42178E7
7.4367048E7
7.4529496E7
7.47054E7
7.4894952E7
7.509824E7
7.531536E7
7.554624E7
7.5790776E7
7.6048784E7
7.631996E7
7.6603952E7
7.6900296E7
7.720848E7
7.7527896E7
7.7857896E7
7.819776E7
7.8546736E7
7.8904056E7
7.9268936E7
7.9640568E7
8.0018192E7
8.040104E7
8.0788384E7
8.1179568E7
8.1573968E7
8.1971E7
8.2370184E7
8.2771056E7
8.3173256E7
8.3576448E7
8.3980368E7
8.4384808E7
8.47896E7
8.5194616E7
8.5599752E7
8.600492E7
8.641008E7
8.6815184E7
8.7220184E7
8.762504E7
8.8029704E7
8.8434128E7
8.883824E7
8.9241984E7
8.9645264E7
9.0048008E7
9.0450088E7
9.0851448E7
9.1251984E7
9.1651616E7
9.2050256E7
9.2447848E7
9.2844352E7
9.3239784E7
9.3634136E7
9.4027456E7
9.4419808E7
9.4811272E7
9.5201992E7
9.5592064E7
9.5981656E7
9.6370896E7
9.6759904E7
9.7148832E7
9.7537768E7
9.7926776E7
9.8315864E7
9.8705032E7
9.9094192E7
9.94832E7
9.987184E7
1.00259848E8
1.00646864E8
1.01032472E8
1.0141616E8
1.01797368E8
1.0217544E8
1.02549672E8
1.0291928E8
1.03283416E8
1.03641176E8
1.03991608E8
1.04333696E8
1.04666384E8
1.04988592E8
1.0529916E8
1.0559696E8
1.05880792E8
1.06149448E8
1.06401752E8
1.06636504E8
1.06852512E8
1.07048632E8
1.0722376E8
1.07376824E8
1.07506848E8
1.07612968E8
1.07694368E8
1.07750416E8
1.07780608E8
1.07784584E8
1.0776216E8
1.0771336E8
1.07638352E8
1.07537528E8
1.07411448E8
1.07260888E8
1.07086744E8
1.06890104E8
1.0667216E8
1.0643424E8
1.0617772E8
1.05904064E8
1.05614728E8
1.053112E8
1.0499492E8
1.0466728E8
1.04329584E8
1.0398308E8
1.03628872E8
1.03267976E8
1.02901256E8
1.02529472E8
1.02153248E8
1.0177308E8
1.01389352E8
1.01002328E8
1.00612168E8
1.0021896E8
9.9822672E7
9.942324E7
9.9020528E7
9.861436E7
9.8204528E7
9.7790824E7
9.737304E7
9.6950968E7
9.6524456E7
9.6093352E7
9.5657576E7
9.5217112E7
9.4771984E7
9.4322272E7
9.3868152E7
9.3409832E7
9.2947568E7
9.2481672E7
9.2012504E7
9.1540424E7
9.1065808E7
9.0589048E7
9.011048E7
8.9630464E7
8.9149304E7
8.8667264E7
8.8184584E7
8.7701416E7
8.721792E7
8.6734168E7
8.6250272E7
8.5766232E7
8.5282088E7
8.4797864E7
8.4313592E7
8.3829288E7
8.3345024E7
8.2860864E7
8.2376928E7
8.1893336E7
8.1410248E7
8.0927832E7
8.0446328E7
7.9965952E7
7.9486944E7
7.9009592E7
7.8534176E7
7.8060984E7
7.7590368E7
7.7122664E7
7.6658288E7
7.619764E7
7.5741216E7
7.5289536E7
7.4843216E7
7.440292E7
7.3969416E7
7.3543496E7
7.312608E7
7.2718184E7
7.2320824E7
7.1935144E7
7.156232E7
7.120356E7
7.086012E7
7.0533248E7
7.0224184E7
6.9934152E7
6.9664344E7
6.9415848E7
6.9189744E7
6.8986976E7
6.8808408E7
6.8654832E7
6.8526864E7
6.8425064E7
6.8349864E7
6.8301576E7
6.82804E7
6.8286448E7
6.8319696E7
6.8380056E7
6.8467328E7
6.8581248E7
6.872144E7
6.8887448E7
6.9078768E7
6.9294792E7
6.9534848E7
6.9798184E7
7.0083976E7
7.0391336E7
7.0719248E7
7.1066688E7
7.1432504E7
7.1815504E7
7.22144E7
7.262784E7
7.3054424E7
7.3492688E7
7.3941104E7
7.439812E7
7.4862152E7
7.5331552E7
7.5804704E7
7.6279904E7
7.6755512E7
7.7229824E7
7.7701152E7
7.81678E7
7.8628104E7
7.9080352E7
7.952288E7
7.9954032E7
8.037216E7
8.0775672E7
8.1162992E7
8.1532608E7
8.1883096E7
8.221308E7
8.2521296E7
8.2806616E7
8.3068008E7
8.3304648E7
8.351584E7
8.3701072E7
8.3860024E7
8.3992592E7
8.4098864E7
8.4179144E7
8.423392E7
8.4263904E7
8.4270008E7
8.425332E7
8.4215072E7
8.4156688E7
8.407968E7
8.3985688E7
8.3876464E7
8.3753784E7
8.3619496E7
8.3475448E7
8.332348E7
8.3165424E7
8.3003024E7
8.2838E7
8.2671944E7
8.2506376E7
8.234268E7
8.2182152E7
8.202592E7
8.1874992E7
8.173028E7
8.1592504E7
8.146236E7
8.134036E7
8.1226952E7
8.1122512E7
8.1027352E7
8.0941736E7
8.0865928E7
8.0800168E7
8.0744712E7
8.0699872E7
8.0665968E7
8.0643408E7
8.0632656E7
8.0634248E7
8.0648792E7
8.067696E7
8.0719488E7
8.0777176E7
8.0850832E7
8.094132E7
8.104948E7
8.1176128E7
8.1322064E7
8.1488024E7
8.1674656E7
8.1882504E7
8.2112024E7
8.2363512E7
8.2637152E7
8.293296E7
8.3250832E7
8.3590464E7
8.395144E7
8.433316E7
8.4734912E7
8.515584E7
8.559496E7
8.6051152E7
8.6523224E7
8.7009904E7
8.7509808E7
8.8021528E7
8.8543576E7
8.9074472E7
8.9612664E7
9.015664E7
9.0704864E7
9.1255816E7
9.1808032E7
9.2360056E7
9.291048E7
9.3457952E7
9.4001184E7
9.453896E7
9.507012E7
9.5593568E7
9.6108328E7
9.661348E7
9.71082E7
9.7591752E7
9.8063496E7
9.8522864E7
9.8969408E7
9.9402744E7
9.9822624E7
1.00228824E8
1.00621272E8
1.00999936E8
1.01364872E8
1.0171624E8
1.02054208E8
1.02379048E8
1.02691056E8
1.02990608E8
1.03278048E8
1.035538E8
1.03818264E8
1.04071848E8
1.04314968E8
1.04548016E8
1.0477136E8
1.04985352E8
1.05190344E8
1.05386608E8
1.05574408E8
1.05754E8
1.05925592E8
1.060894E8
1.06245592E8
1.06394336E8
1.06535808E8
1.06670176E8
1.06797592E8
1.06918248E8
1.0703232E8
1.07140008E8
1.07241528E8
1.07337088E8
1.07426936E8
1.07511328E8
1.07590504E8
1.07664712E8
1.07734224E8
1.07799296E8
1.07860216E8
1.07917216E8
1.07970576E8
1.0802056E8
1.08067464E8
1.08111568E8
1.08153192E8
1.0819268E8
1.08230392E8
1.08266752E8
1.08302224E8
1.08337328E8
1.0837264E8
1.084088E8
1.08446536E8
1.08486608E8
1.0852988E8
1.08577256E8
1.0862972E8
1.08688288E8
1.08754048E8
1.0882808E8
1.08911528E8
1.0900552E8
1.09111176E8
1.0922964E8
1.09361976E8
1.09509248E8
1.0967244E8
1.09852496E8
1.10050296E8
1.10266648E8
1.10502304E8
1.10757944E8
1.11034176E8
1.11331536E8
1.11650528E8
1.11991552E8
1.12354984E8
1.12741152E8
1.13150288E8
1.135826E8
1.14038232E8
1.1451724E8
1.15019624E8
1.15545288E8
1.16094056E8
1.16665624E8
1.17259608E8
1.17875464E8
1.18512528E8
1.1917E8
1.19846896E8
1.20542128E8
1.212544E8
1.21982288E8
1.22724232E8
1.23478488E8
1.242432E8
1.25016368E8
1.25795912E8
1.26579624E8
1.27365232E8
1.281504E8
1.28932784E8
1.2971E8
1.30479704E8
1.31239568E8
1.31987384E8
1.32721E8
1.33438416E8
1.34137784E8
1.3481744E8
1.35475888E8
1.36111896E8
1.3672444E8
1.37312736E8
1.37876256E8
1.38414696E8
1.38928008E8
1.39416368E8
1.39880128E8
1.4031988E8
1.40736336E8
1.4113036E8
1.41502944E8
1.41855136E8
1.42188072E8
1.42502896E8
1.428008E8
1.43082928E8
1.43350424E8
1.43604392E8
1.43845888E8
1.44075896E8
1.442954E8
1.44505272E8
1.44706352E8
1.44899424E8
1.45085232E8
1.4526448E8
1.4543784E8
1.45605944E8
1.45769424E8
1.45928864E8
1.46084872E8
1.46238016E8
1.46388896E8
1.46538072E8
1.46686128E8
1.46833632E8
1.46981176E8
1.47129312E8
1.4727864E8
1.4742968E8
1.47583024E8
1.477392E8
1.47898736E8
1.48062128E8
1.4822984E8
1.4840232E8
1.48579936E8
1.48763048E8
1.48951928E8
1.49146776E8
1.4934776E8
1.49554936E8
1.49768296E8
1.49987736E8
1.50213096E8
1.5044412E8
1.50680448E8
1.50921712E8
1.51167448E8
1.5141712E8
1.51670208E8
1.51926136E8
1.52184344E8
1.52444256E8
1.52705368E8
1.52967184E8
1.53229296E8
1.53491328E8
1.5375304E8
1.54014232E8
1.54274824E8
1.54534824E8
1.54794328E8
1.5505352E8
1.55312664E8
1.55572072E8
1.55832144E8
1.56093304E8
1.56356008E8
1.56620744E8
1.56888016E8
1.57158328E8
1.57432184E8
1.57710104E8
1.57992592E8
1.58280152E8
1.58573288E8
1.58872544E8
1.59178384E8
1.59491384E8
1.5981204E8
1.60140928E8
1.6047856E8
1.60825512E8
1.61182288E8
1.615494E8
1.61927344E8
1.62316512E8
1.6271728E8
1.63129904E8
1.63554536E8
1.639912E8
1.64439792E8
1.64900016E8
1.65371424E8
1.65853344E8
1.6634492E8
1.66845064E8
1.67352512E8
1.67865752E8
1.68383072E8
1.68902576E8
1.69422192E8
1.69939672E8
1.7045264E8
1.70958608E8
1.7145504E8
1.71939328E8
1.72408872E8
1.72861112E8
1.7329352E8
1.73703728E8
1.74089472E8
1.74448688E8
1.74779472E8
1.75080232E8
1.75349576E8
1.75586432E8
1.75790016E8
1.75959856E8
1.76095824E8
1.7619808E8
1.76267152E8
1.76303824E8
1.76309216E8
1.76284744E8
1.76232E8
1.76152912E8
1.76049512E8
1.75924016E8
1.7577876E8
1.75616184E8
1.7543872E8
1.7524884E8
1.75048936E8
1.74841328E8
1.74628264E8
1.744118E8
1.74193864E8
1.73976152E8
1.73760184E8
1.73547264E8
1.73338496E8
1.73134728E8
1.72936648E8
1.72744712E8
1.72559216E8
1.72380288E8
1.7220792E8
1.72041984E8
1.71882256E8
1.71728448E8
1.71580216E8
1.7143724E8
1.71299112E8
1.7116552E8
1.71036128E8
1.7091068E8
1.70788968E8
1.7067084E8
1.70556232E8
1.7044512E8
1.70337608E8
1.70233816E8
1.7013396E8
1.70038344E8
1.69947264E8
1.69861144E8
1.697804E8
1.69705464E8
1.6963684E8
1.69575016E8
1.69520464E8
1.69473696E8
1.69435144E8
1.6940528E8
1.69384488E8
1.6937316E8
1.69371632E8
1.69380168E8
1.69399048E8
1.6942844E8
1.69468488E8
1.69519304E8
1.6958092E8
1.69653352E8
1.6973656E8
1.69830456E8
1.69934912E8
1.70049744E8
1.70174736E8
1.70309656E8
1.70454184E8
1.70607992E8
1.7077068E8
1.70941864E8
1.7112104E8
1.71307752E8
1.71501464E8
1.71701632E8
1.71907672E8
1.72119032E8
1.72335128E8
1.72555368E8
1.72779208E8
1.73006088E8
1.73235512E8
1.73467E8
1.73700096E8
1.73934448E8
1.74169672E8
1.74405488E8
1.74641616E8
1.74877832E8
1.75113944E8
1.7534976E8
1.75585104E8
1.75819784E8
1.76053592E8
1.7628628E8
1.7651756E8
1.76747064E8
1.76974352E8
1.7719888E8
1.77420032E8
1.77637032E8
1.77849024E8
1.78055032E8
1.78253936E8
1.78444544E8
1.7862552E8
1.78795472E8
1.7895292E8
1.79096336E8
1.79224152E8
1.7933484E8
1.79426856E8
1.7949876E8
1.79549168E8
1.79576832E8
1.79580656E8
1.79559744E8
1.79513344E8
1.79441016E8
1.79342504E8
1.79217808E8
1.79067224E8
1.7889132E8
1.78690888E8
1.78467048E8
1.78221112E8
1.77954688E8
1.77669568E8
1.77367744E8
1.77051416E8
1.76722912E8
1.76384664E8
1.76039224E8
1.75689184E8
1.7533716E8
1.74985776E8
1.74637608E8
1.74295168E8
1.73960872E8
1.73637024E8
1.73325744E8
1.73029E8
1.72748576E8
1.72486024E8
1.7224268E8
1.72019632E8
1.71817712E8
1.71637528E8
1.71479384E8
1.71343368E8
1.71229304E8
1.71136784E8
1.71065184E8
1.7101364E8
1.70981144E8
1.70966488E8
1.70968352E8
1.70985256E8
1.71015648E8
1.71057952E8
1.71110496E8
1.7117164E8
1.71239768E8
1.71313272E8
1.71390616E8
1.71470392E8
1.71551224E8
1.71631912E8
1.71711336E8
1.71788544E8
1.71862704E8
1.71933144E8
1.7199932E8
1.72060848E8
1.72117448E8
1.72169008E8
1.72215504E8
1.72257048E8
1.72293856E8
1.72326192E8
1.7235444E8
1.7237904E8
1.72400464E8
1.72419216E8
1.72435864E8
1.72450968E8
1.72465072E8
1.7247876E8
1.72492592E8
1.72507112E8
1.72522856E8
1.72540344E8
1.7256008E8
1.72582584E8
1.72608336E8
1.72637848E8
1.72671616E8
1.7271016E8
1.72754032E8
1.72803752E8
1.72859928E8
1.7292316E8
1.72994064E8
1.73073264E8
1.73161432E8
1.73259224E8
1.73367288E8
1.73486248E8
1.73616728E8
1.7375928E8
1.73914456E8
1.74082688E8
1.74264392E8
1.74459872E8
1.7466936E8
1.74892992E8
1.75130824E8
1.75382784E8
1.7564872E8
1.75928376E8
1.76221384E8
1.7652728E8
1.76845504E8
1.77175376E8
1.77516128E8
1.77866928E8
1.782268E8
1.78594736E8
1.7896964E8
1.79350328E8
1.797356E8
1.80124184E8
1.80514776E8
1.80906056E8
1.8129672E8
1.81685424E8
1.82070872E8
1.824518E8
1.82826968E8
1.83195216E8
1.83555392E8
1.8390648E8
1.8424748E8
1.8457752E8
1.84895776E8
1.8520156E8
1.85494248E8
1.85773368E8
1.86038528E8
1.86289464E8
1.86526048E8
1.86748304E8
1.8695636E8
1.87150536E8
1.87331296E8
1.87499232E8
1.87655152E8
1.8779996E8
1.87934768E8
1.880608E8
1.88179424E8
1.88292104E8
1.88400432E8
1.88506064E8
1.88610696E8
1.88716064E8
1.8882388E8
1.88935848E8
1.89053576E8
1.89178624E8
1.89312392E8
1.89456176E8
1.89611088E8
1.89778072E8
1.89957864E8
1.90151008E8
1.90357816E8
1.905784E8
1.90812664E8
1.91060296E8
1.91320776E8
1.91593432E8
1.91877384E8
1.9217164E8
1.92475088E8
1.92786488E8
1.9310456E8
1.93427952E8
1.93755328E8
1.94085344E8
1.94416696E8
1.94748136E8
1.95078512E8
1.95406752E8
1.95731912E8
1.96053192E8
1.96369904E8
1.96681488E8
1.9698756E8
1.97287872E8
1.97582288E8
1.97870816E8
1.98153552E8
1.9843072E8
1.987026E8
1.98969584E8
1.99232064E8
1.99490488E8
1.99745352E8
1.99997104E8
2.00246224E8
2.00493136E8
2.00738248E8
2.00981904E8
2.01224424E8
2.01466048E8
2.01706952E8
2.01947248E8
2.02186992E8
2.02426192E8
2.02664776E8
2.02902616E8
2.0313956E8
2.03375424E8
2.03609984E8
2.03843024E8
2.04074288E8
2.04303584E8
2.04530688E8
2.0475544E8
2.04977736E8
2.05197488E8
2.0541468E8
2.05629392E8
2.05841728E8
2.0605188E8
2.0626012E8
2.06466768E8
2.06672208E8
2.06876848E8
2.07081152E8
2.07285568E8
2.07490536E8
2.07696504E8
2.07903832E8
2.08112808E8
2.08323656E8
2.0853648E8
2.08751248E8
2.08967808E8
2.09185848E8
2.09404944E8
2.09624528E8
2.09843896E8
2.10062264E8
2.10278752E8
2.1049244E8
2.1070236E8
2.10907608E8
2.11107304E8
2.11300632E8
2.1148696E8
2.11665776E8
2.11836776E8
2.11999832E8
2.1215512E8
2.12302984E8
2.1244408E8
2.1257928E8
2.12709696E8
2.12836688E8
2.129618E8
2.1308676E8
2.13213432E8
2.13343792E8
2.13479872E8
2.13623736E8
2.13777448E8
2.13942976E8
2.1412224E8
2.14317008E8
2.14528928E8
2.1475944E8
2.15009808E8
2.15281064E8
2.15574088E8
2.15889464E8
2.16227656E8
2.1658888E8
2.16973192E8
2.17380488E8
2.1781052E8
2.1826296E8
2.18737344E8
2.19233176E8
2.19749928E8
2.2028704E8
2.20843976E8
2.21420224E8
2.22015288E8
2.22628776E8
2.23260336E8
2.23909648E8
2.24576528E8
2.252608E8
2.25962392E8
2.26681288E8
2.2741748E8
2.28171056E8
2.2894208E8
2.29730656E8
2.3053688E8
2.31360824E8
2.32202552E8
2.33062072E8
2.3393936E8
2.34834296E8
2.35746744E8
2.36676424E8
2.37623016E8
2.38586112E8
2.395652E8
2.40559664E8
2.41568808E8
2.42591832E8
2.4362784E8
2.44675864E8
2.4573484E8
2.46803608E8
2.47880936E8
2.48965512E8
2.50055968E8
2.51150824E8
2.52248608E8
2.5334772E8
2.5444656E8
2.55543472E8
2.56636736E8
2.57724672E8
2.58805528E8
2.5987756E8
2.60939064E8
2.61988344E8
2.63023752E8
2.64043688E8
2.65046632E8
2.66031168E8
2.66995944E8
2.67939784E8
2.688616E8
2.69760456E8
2.70635568E8
2.7148632E8
2.7231224E8
2.73113E8
2.73888448E8
2.74638592E8
2.75363568E8
2.76063648E8
2.76739264E8
2.77390896E8
2.7801916E8
2.7862476E8
2.79208472E8
2.7977108E8
2.80313464E8
2.80836504E8
2.8134108E8
2.81828112E8
2.82298456E8
2.82753016E8
2.83192624E8
2.8361812E8
2.84030288E8
2.84429912E8
2.84817744E8
2.85194504E8
2.85560888E8
2.85917616E8
2.86265344E8
2.86604776E8
2.869366E8
2.87261528E8
2.87580304E8
2.87893672E8
2.88202448E8
2.88507488E8
2.88809704E8
2.89110056E8
2.89409576E8
2.89709384E8
2.90010624E8
2.90314544E8
2.90622448E8
2.90935696E8
2.91255696E8
2.91583872E8
2.9192172E8
2.92270704E8
2.92632312E8
2.93007952E8
2.93399056E8
2.93806928E8
2.94232864E8
2.94677968E8
2.95143304E8
2.95629752E8
2.96138088E8
2.96668952E8
2.97222776E8
2.97799888E8
2.98400416E8
2.99024368E8
2.99671584E8
3.00341744E8
3.01034424E8
3.0174904E8
3.0248488E8
3.03241144E8
3.04016896E8
3.0481112E8
3.05622672E8
3.0645036E8
3.07292856E8
3.08148792E8
3.09016712E8
3.09895072E8
3.1078228E8
3.11676664E8
3.12576536E8
3.13480128E8
3.14385648E8
3.15291264E8
3.16195152E8
3.1709544E8
3.17990304E8
3.18877896E8
3.19756424E8
3.20624088E8
3.21479168E8
3.22319968E8
3.2314488E8
3.23952312E8
3.24740784E8
3.25508856E8
3.26255176E8
3.2697848E8
3.27677536E8
3.28351248E8
3.28998584E8
3.29618592E8
3.30210424E8
3.30773312E8
3.31306592E8
3.31809736E8
3.3228232E8
3.32724008E8
3.33134664E8
3.33514248E8
3.33862888E8
3.34180872E8
3.3446864E8
3.34726808E8
3.3495616E8
3.35157624E8
3.3533232E8
3.35481472E8
3.35606504E8
3.3570892E8
3.35790352E8
3.35852512E8
3.358972E8
3.35926224E8
3.35941472E8
3.35944784E8
3.35938016E8
3.35922992E8
3.35901456E8
3.35875096E8
3.35845504E8
3.35814192E8
3.35782544E8
3.35751856E8
3.35723288E8
3.3569792E8
3.35676664E8
3.35660376E8
3.35649784E8
3.35645512E8
3.35648144E8
3.35658144E8
3.35675936E8
3.35701872E8
3.35736288E8
3.3577948E8
3.35831712E8
3.35893224E8
3.35964296E8
3.36045152E8
3.3613604E8
3.362372E8
3.36348872E8
3.36471312E8
3.36604752E8
3.36749416E8
3.36905512E8
3.37073248E8
3.37252792E8
3.37444296E8
3.3764788E8
3.37863616E8
3.38091544E8
3.38331696E8
3.38584016E8
3.3884844E8
3.39124848E8
3.39413088E8
3.3971296E8
3.40024208E8
3.40346544E8
3.4067964E8
3.41023088E8
3.4137648E8
3.41739296E8
3.42111024E8
3.42491048E8
3.4287876E8
3.4327348E8
3.43674488E8
3.44081016E8
3.44492344E8
3.44907664E8
3.45326184E8
3.45747144E8
3.46169792E8
3.46593384E8
3.47017256E8
3.47440752E8
3.4786328E8
3.48284352E8
3.48703512E8
3.49120392E8
3.49534704E8
3.49946248E8
3.50354904E8
3.50760656E8
3.5116356E8
3.51563768E8
3.5196152E8
3.52357136E8
3.52751032E8
3.5314372E8
3.53535768E8
3.53927808E8
3.54320584E8
3.54714872E8
3.55111528E8
3.55511432E8
3.55915528E8
3.56324768E8
3.56740152E8
3.57162688E8
3.5759336E8
3.58033168E8
3.58483096E8
3.58944096E8
3.5941708E8
3.59902912E8
3.60402432E8
3.60916392E8
3.61445488E8
3.61990368E8
3.62551544E8
3.63129496E8
3.63724616E8
3.64337176E8
3.64967392E8
3.6561536E8
3.66281088E8
3.66964528E8
3.67665528E8
3.68383872E8
3.69119288E8
3.69871464E8
3.7064004E8
3.7142464E8
3.72224928E8
3.73040536E8
3.73871152E8
3.74716528E8
3.75576456E8
3.76450792E8
3.77339504E8
3.7824264E8
3.79160296E8
3.80092704E8
3.81040152E8
3.82002952E8
3.82981536E8
3.83976328E8
3.84987824E8
3.86016464E8
3.87062728E8
3.88127032E8
3.89209768E8
3.9031124E8
3.9143168E8
3.92571232E8
3.93729912E8
3.9490764E8
3.96104176E8
3.97319176E8
3.9855212E8
3.99802336E8
4.01069016E8
4.02351184E8
4.03647672E8
4.049572E8
4.0627828E8
4.0760932E8
4.08948504E8
4.10293944E8
4.11643576E8
4.12995224E8
4.14346608E8
4.15695376E8
4.1703908E8
4.1837524E8
4.19701392E8
4.2101504E8
4.22313752E8
4.23595184E8
4.24857056E8
4.26097256E8
4.27313816E8
4.28504976E8
4.296692E8
4.30805152E8
4.31911824E8
4.32988416E8
4.34034448E8
4.3504976E8
4.36034416E8
4.36988832E8
4.37913664E8
4.38809864E8
4.3967864E8
4.40521392E8
4.413398E8
4.42135696E8
4.4291104E8
4.43668024E8
4.44408872E8
4.45135936E8
4.45851616E8
4.46558328E8
4.47258544E8
4.47954704E8
4.48649184E8
4.49344352E8
4.5004244E8
4.50745656E8
4.51456024E8
4.5217548E8
4.52905776E8
4.5364852E8
4.5440512E8
4.551768E8
4.5596456E8
4.56769208E8
4.57591296E8
4.58431176E8
4.59288904E8
4.60164368E8
4.61057144E8
4.61966624E8
4.62891968E8
4.6383212E8
4.647858E8
4.6575156E8
4.66727784E8
4.67712728E8
4.68704504E8
4.69701168E8
4.70700672E8
4.7170096E8
4.72699944E8
4.73695608E8
4.74685912E8
4.75668952E8
4.7664288E8
4.77605992E8
4.78556688E8
4.79493552E8
4.80415328E8
4.81320912E8
4.82209416E8
4.83080096E8
4.83932448E8
4.84766128E8
4.85580976E8
4.86377032E8
4.87154504E8
4.87913768E8
4.88655384E8
4.89380064E8
4.90088648E8
4.90782136E8
4.91461648E8
4.92128408E8
4.92783776E8
4.93429184E8
4.94066152E8
4.94696288E8
4.9532124E8
4.95942752E8
4.96562544E8
4.97182416E8
4.97804168E8
4.98429632E8
4.99060608E8
4.99698912E8
5.00346288E8
5.01004512E8
5.01675248E8
5.02360136E8
5.0306072E8
5.03778448E8
5.0451468E8
5.052706E8
5.06047312E8
5.06845712E8
5.07666512E8
5.08510288E8
5.09377376E8
5.10267904E8
5.11181776E8
5.1211872E8
5.13078232E8
5.14059592E8
5.15061888E8
5.16084056E8
5.1712488E8
5.18182984E8
5.19256896E8
5.20345096E8
5.21445992E8
5.2255796E8
5.23679408E8
5.24808792E8
5.25944616E8
5.27085464E8
5.28230072E8
5.29377288E8
5.30526112E8
5.3167576E8
5.3282556E8
5.33975096E8
5.35124136E8
5.36272656E8
5.37420792E8
5.38568928E8
5.39717592E8
5.4086748E8
5.42019432E8
5.431744E8
5.44333424E8
5.45497576E8
5.46667984E8
5.47845712E8
5.490318E8
5.50227216E8
5.51432784E8
5.52649216E8
5.53877048E8
5.55116648E8
5.56368208E8
5.57631736E8
5.58907048E8
5.60193768E8
5.61491384E8
5.627992E8
5.64116416E8
5.65442104E8
5.66775248E8
5.68114784E8
5.69459584E8
5.70808496E8
5.7216036E8
5.7351404E8
5.748684E8
5.76222344E8
5.775748E8
5.78924744E8
5.80271208E8
5.81613184E8
5.82949792E8
5.84280128E8
5.85603304E8
5.8691848E8
5.88224824E8
5.89521528E8
5.90807776E8
5.92082824E8
5.93345928E8
5.94596392E8
5.95833568E8
5.9705688E8
5.98265832E8
5.99460016E8
6.00639152E8
6.01803032E8
6.0295164E8
6.04085088E8
6.05203632E8
6.06307688E8
6.07397872E8
6.0847492E8
6.09539752E8
6.10593472E8
6.11637288E8
6.126726E8
6.13700912E8
6.14723848E8
6.15743136E8
6.16760576E8
6.1777804E8
6.1879744E8
6.19820688E8
6.20849728E8
6.21886408E8
6.22932568E8
6.2398996E8
6.25060208E8
6.26144824E8
6.27245192E8
6.28362448E8
6.29497624E8
6.3065152E8
6.31824704E8
6.33017568E8
6.34230264E8
6.3546272E8
6.3671468E8
6.37985656E8
6.39275016E8
6.4058192E8
6.41905424E8
6.43244424E8
6.44597736E8
6.45964104E8
6.47342184E8
6.48730664E8
6.50128208E8
6.51533472E8
6.52945208E8
6.543622E8
6.55783304E8
6.5720748E8
6.58633776E8
6.60061336E8
6.61489432E8
6.62917416E8
6.64344752E8
6.65770976E8
6.67195744E8
6.68618768E8
6.700398E8
6.7145868E8
6.7287524E8
6.74289392E8
6.7570104E8
6.7711008E8
6.7851644E8
6.79920016E8
6.81320712E8
6.827184E8
6.8411296E8
6.8550424E8
6.86892064E8
6.88276248E8
6.89656592E8
6.91032872E8
6.92404816E8
6.93772152E8
6.95134568E8
6.96491704E8
6.9784316E8
6.99188528E8
7.00527304E8
7.01858984E8
7.03182992E8
7.0449872E8
7.0580552E8
7.07102744E8
7.0838968E8
7.09665648E8
7.10929968E8
7.12181968E8
7.13421016E8
7.14646568E8
7.15858088E8
7.17055144E8
7.18237432E8
7.19404712E8
7.20556872E8
7.21693912E8
7.22815984E8
7.23923352E8
7.250164E8
7.2609568E8
7.27161808E8
7.2821556E8
7.29257784E8
7.3028948E8
7.31311656E8
7.32325472E8
7.33332064E8
7.34332672E8
7.35328552E8
7.36320952E8
7.37311168E8
7.38300464E8
7.3929012E8
7.40281352E8
7.41275392E8
7.42273432E8
7.43276624E8
7.44286112E8
7.45302992E8
7.46328344E8
7.47363208E8
7.48408624E8
7.49465592E8
7.50535112E8
7.51618144E8
7.52715672E8
7.53828632E8
7.5495796E8
7.56104568E8
7.57269344E8
7.58453144E8
7.59656784E8
7.6088104E8
7.62126632E8
7.63394184E8
7.64684288E8
7.65997384E8
7.67333864E8
7.6869396E8
7.700778E8
7.71485384E8
7.72916584E8
7.7437108E8
7.75848464E8
7.77348184E8
7.78869544E8
7.80411728E8
7.81973808E8
7.83554768E8
7.85153496E8
7.86768816E8
7.88399472E8
7.9004424E8
7.91701768E8
7.93370808E8
7.95050016E8
7.96738152E8
7.98433936E8
8.00136152E8
8.01843656E8
8.03555328E8
8.05270104E8
8.06987016E8
8.08705136E8
8.10423608E8
8.12141688E8
8.13858664E8
8.15573936E8
8.17286944E8
8.18997208E8
8.20704336E8
8.22407952E8
8.24107792E8
8.25803576E8
8.27495128E8
8.29182256E8
8.30864824E8
8.32542688E8
8.34215744E8
8.35883872E8
8.37546992E8
8.39204968E8
8.40857728E8
8.42505176E8
8.44147232E8
8.45783832E8
8.4741492E8
8.49040528E8
8.5066068E8
8.5227548E8
8.53885072E8
8.55489752E8
8.57089816E8
8.58685728E8
8.6027804E8
8.61867432E8
8.63454664E8
8.6504068E8
8.66626504E8
8.68213288E8
8.6980232E8
8.71394984E8
8.72992752E8
8.745972E8
8.76209976E8
8.778328E8
8.79467392E8
8.81115544E8
8.82779032E8
8.844596E8
8.86158984E8
8.87878872E8
8.89620856E8
8.91386432E8
8.9317704E8
8.94993944E8
8.96838304E8
8.98711176E8
9.00613456E8
9.02545912E8
9.04509184E8
9.065038E8
9.08530144E8
9.10588536E8
9.12679208E8
9.14802272E8
9.16957808E8
9.19145864E8
9.21366376E8
9.23619296E8
9.25904536E8
9.28221944E8
9.30571384E8
9.32952624E8
9.3536544E8
9.37809536E8
9.4028456E8
9.4279008E8
9.45325592E8
9.4789052E8
9.50484152E8
9.5310568E8
9.55754192E8
9.58428664E8
9.61127952E8
9.63850792E8
9.66595824E8
9.69361584E8
9.72146528E8
9.74949048E8
9.77767512E8
9.80600208E8
9.83445432E8
9.86301512E8
9.89166784E8
9.92039624E8
9.94918496E8
9.97801912E8
1.000688528E9
1.003577104E9
1.006466504E9
1.009355752E9
1.012244016E9
1.015130624E9
1.018015072E9
1.020896992E9
1.023776264E9
1.026652864E9
1.029526976E9
1.032398952E9
1.035269288E9
1.038138648E9
1.041007832E9
1.043877744E9
1.046749408E9
1.04962396E9
1.052502528E9
1.055386376E9
1.058276704E9
1.061174736E9
1.06408168E9
1.066998664E9
1.069926728E9
1.072866824E9
1.075819808E9
1.07878636E9
1.081767016E9
1.084762176E9
1.087772056E9
1.090796704E9
1.093835992E9
1.096889664E9
1.099957272E9
1.103038264E9
1.106131912E9
1.109237432E9
1.11235392E9
1.1154804E9
1.118615872E9
1.121759256E9
1.124909504E9
1.128065544E9
1.131226344E9
1.134390896E9
1.137558232E9
1.14072744E9
1.143897704E9
1.1470682E9
1.150238232E9
1.153407176E9
1.156574456E9
1.159739576E9
1.162902128E9
1.166061784E9
1.169218288E9
1.172371464E9
1.17552124E9
1.178667632E9
1.181810744E9
1.184950784E9
1.188088056E9
1.191222976E9
1.19435608E9
1.197488E9
1.200619464E9
1.203751328E9
1.206884512E9
1.210020072E9
1.213159104E9
1.2163028E9
1.2194524E9
1.222609176E9
1.225774424E9
1.228949488E9
1.232135632E9
1.23533416E9
1.23854628E9
1.241773128E9
1.245015784E9
1.248275208E9
1.251552224E9
1.254847568E9
1.258161784E9
1.26149528E9
1.264848336E9
1.268221032E9
1.271613328E9
1.275025032E9
1.2784558E9
1.281905184E9
1.285372592E9
1.28885736E9
1.292358728E9
1.295875904E9
1.299407984E9
1.302954112E9
1.306513352E9
1.310084784E9
1.31366752E9
1.317260656E9
1.320863336E9
1.324474728E9
1.328094048E9
1.331720544E9
1.335353504E9
1.338992296E9
1.342636328E9
1.346285056E9
1.349938024E9
1.353594816E9
1.35725512E9
1.360918704E9
1.364585416E9
1.368255224E9
1.371928208E9
1.375604552E9
1.3792846E9
1.382968768E9
1.386657696E9
1.390352096E9
1.394052848E9
1.397760984E9
1.401477624E9
1.405204064E9
1.408941672E9
1.412691936E9
1.4164564E9
1.420236688E9
1.424034456E9
1.427851392E9
1.431689152E9
1.435549408E9
1.43943376E9
1.443343752E9
1.44728084E9
1.451246416E9
1.455241712E9
1.459267864E9
1.463325896E9
1.467416672E9
1.471540912E9
1.47569924E9
1.47989212E9
1.484119888E9
1.488382784E9
1.492680896E9
1.497014248E9
1.50138276E9
1.50578628E9
1.510224568E9
1.51469736E9
1.519204336E9
1.523745136E9
1.528319384E9
1.532926688E9
1.537566672E9
1.542238904E9
1.546943E9
1.551678576E9
1.556445256E9
1.561242656E9
1.566070392E9
1.570928112E9
1.575815432E9
1.580731984E9
1.585677368E9
1.590651192E9
1.595653024E9
1.600682408E9
1.60573888E9
1.610821888E9
1.615930912E9
1.621065352E9
1.626224576E9
1.631407928E9
1.636614688E9
1.641844168E9
1.6470956E9
1.652368224E9
1.657661288E9
1.66297404E9
1.668305728E9
1.673655648E9
1.679023136E9
1.68440756E9
1.689808368E9
1.695225048E9
1.7006572E9
1.706104464E9
1.711566592E9
1.717043376E9
1.72253472E9
1.728040576E9
1.73356096E9
1.739095936E9
1.74464564E9
1.750210192E9
1.755789784E9
1.761384576E9
1.766994736E9
1.772620432E9
1.778261832E9
1.78391908E9
1.789592288E9
1.795281568E9
1.80098704E9
1.806708784E9
1.812446944E9
1.818201616E9
1.823973E9
1.829761256E9
1.835566648E9
1.841389456E9
1.847230056E9
1.853088856E9
1.85896632E9
1.864862976E9
1.870779384E9
1.87671616E9
1.882673928E9
1.888653296E9
1.894654904E9
1.900679328E9
1.906727104E9
1.912798712E9
1.918894552E9
1.925014904E9
1.93116E9
1.937329912E9
1.943524616E9
1.949743968E9
1.955987704E9
1.962255464E9
1.968546784E9
1.974861096E9
1.98119776E9
1.987556088E9
1.993935336E9
2.000334704E9
2.006753408E9
2.013190592E9
2.019645448E9
2.026117168E9
2.03260492E9
2.039107904E9
2.045625344E9
2.052156432E9
2.058700392E9
2.065256464E9
2.071823816E9
2.07840168E9
2.0849892E9
2.09158552E9
2.09818976E9
2.104800968E9
2.111418176E9
2.118040344E9
2.124666408E9
2.13129524E9
2.137925696E9
2.144556544E9
2.151186568E9
2.157814512E9
2.164439088E9
2.171059024E9
2.177673016E9
2.184279832E9
2.190878216E9
2.197466992E9
2.204044984E9
2.21061112E9
2.217164384E9
2.223703824E9
2.2302286E9
2.236737952E9
2.2432312E9
2.249707784E9
2.25616724E9
2.2626092E9
2.269033376E9
2.275439576E9
2.281827704E9
2.288197712E9
2.294549656E9
2.300883592E9
2.307199656E9
2.313498032E9
2.319778848E9
2.326042312E9
2.332288576E9
2.338517784E9
2.344730024E9
2.35092536E9
2.35710376E9
2.363265112E9
2.369409248E9
2.375535864E9
2.381644584E9
2.387734896E9
2.3938062E9
2.399857736E9
2.405888712E9
2.411898168E9
2.417885064E9
2.42384828E9
2.429786608E9
2.435698768E9
2.44158344E9
2.44743924E9
2.45326476E9
2.459058552E9
2.4648192E9
2.470545224E9
2.4762352E9
2.48188768E9
2.487501264E9
2.493074544E9
2.498606152E9
2.504094736E9
2.509538968E9
2.514937496E9
2.520289032E9
2.525592272E9
2.530845904E9
2.536048608E9
2.541199064E9
2.546295912E9
2.551337784E9
2.556323248E9
2.561250856E9
2.566119112E9
2.570926472E9
2.57567132E9
2.580352024E9
2.584966872E9
2.589514136E9
2.593991992E9
2.5983986E9
2.602732072E9
2.606990464E9
2.611171808E9
2.615274056E9
2.619295184E9
2.623233072E9
2.627085608E9
2.630850592E9
2.634525832E9
2.638109056E9
2.641598E9
2.644990336E9
2.648283696E9
2.651475704E9
2.65456396E9
2.657546016E9
2.660419472E9
2.663181888E9
2.665830872E9
2.668364048E9
2.670779096E9
2.673073752E9
2.67524588E9
2.677293408E9
2.679214384E9
2.681007024E9
2.68266968E9
2.684200872E9
2.685599288E9
2.686863848E9
2.687993616E9
2.688987888E9
2.689846144E9
2.690568088E9
2.691153584E9
2.691602712E9
2.691915712E9
2.692092992E9
2.692135128E9
2.692042832E9
2.691816912E9
2.691458304E9
2.690968032E9
2.690347176E9
2.689596896E9
2.68871836E9
2.687712768E9
2.68658136E9
2.685325368E9
2.683946008E9
2.682444472E9
2.680821968E9
2.679079688E9
2.677218808E9
2.675240472E9
2.673145856E9
2.670936128E9
2.668612456E9
2.666176024E9
2.663628072E9
2.660969848E9
2.658202664E9
2.655327848E9
2.652346808E9
2.649260976E9
2.64607188E9
2.64278104E9
2.639390064E9
2.635900568E9
2.63231424E9
2.628632776E9
2.624857896E9
2.620991352E9
2.617034928E9
2.6129904E9
2.608859616E9
2.604644408E9
2.600346688E9
2.595968384E9
2.59151148E9
2.586978056E9
2.582370224E9
2.5776902E9
2.572940256E9
2.568122776E9
2.563240184E9
2.558295008E9
2.553289816E9
2.54822724E9
2.54310992E9
2.537940536E9
2.532721728E9
2.527456128E9
2.522146304E9
2.516794768E9
2.51140392E9
2.50597604E9
2.500513336E9
2.495017832E9
2.489491424E9
2.483935864E9
2.478352792E9
2.472743648E9
2.4671098E9
2.461452448E9
2.45577268E9
2.450071528E9
2.444349904E9
2.438608672E9
2.432848648E9
2.427070648E9
2.42127544E9
2.415463864E9
2.409636768E9
2.40379508E9
2.397939776E9
2.392071976E9
2.38619288E9
2.3803038E9
2.374406248E9
2.368501832E9
2.362592328E9
2.356679656E9
2.350765912E9
2.344853312E9
2.338944208E9
2.333041088E9
2.32714652E9
2.321263128E9
2.315393632E9
2.309540712E9
2.303707056E9
2.297895328E9
2.29210804E9
2.286347624E9
2.280616344E9
2.274916296E9
2.269249336E9
2.26361708E9
2.25802088E9
2.25246184E9
2.24694072E9
2.241458032E9
2.236013976E9
2.230608424E9
2.225241016E9
2.219911088E9
2.214617712E9
2.209359752E9
2.204135824E9
2.198944376E9
2.19378368E9
2.18865184E9
2.183546888E9
2.178466736E9
2.1734092E9
2.168372104E9
2.163353176E9
2.158350184E9
2.15336088E9
2.148383016E9
2.1434144E9
2.13845288E9
2.133496368E9
2.128542832E9
2.123590336E9
2.118637032E9
2.113681176E9
2.108721176E9
2.103755544E9
2.098782968E9
2.093802296E9
2.088812544E9
2.08381292E9
2.078802856E9
2.07378196E9
2.068750056E9
2.063707184E9
2.058653624E9
2.0535898E9
2.048516376E9
2.043434152E9
2.038344136E9
2.033247464E9
2.028145384E9
2.02303924E9
2.01793048E9
2.0128206E9
2.007711136E9
2.002603656E9
1.997499712E9
1.992400872E9
1.987308688E9
1.982224664E9
1.977150296E9
1.972087056E9
1.96703636E9
1.9619996E9
1.95697816E9
1.951973368E9
1.94698656E9
1.942019024E9
1.937072056E9
1.93214692E9
1.927244872E9
1.922367136E9
1.917514928E9
1.912689464E9
1.907891872E9
1.903123288E9
1.898384776E9
1.893677344E9
1.889001952E9
1.884359456E9
1.879750648E9
1.875176232E9
1.870636784E9
1.866132816E9
1.861664704E9
1.857232728E9
1.852837072E9
1.8484778E9
1.84415488E9
1.839868192E9
1.835617512E9
1.831402544E9
1.827222912E9
1.82307816E9
1.818967784E9
1.814891232E9
1.810847864E9
1.806837056E9
1.802858072E9
1.798910232E9
1.794992768E9
1.791104912E9
1.787245896E9
1.783414888E9
1.77961112E9
1.775833752E9
1.772081968E9
1.768354968E9
1.764651912E9
1.760972E9
1.757314416E9
1.753678352E9
1.750063032E9
1.746467656E9
1.742891456E9
1.739333696E9
1.735793608E9
1.732270464E9
1.7287636E9
1.725272312E9
1.721795968E9
1.718333952E9
1.714885688E9
1.711450632E9
1.708028288E9
1.704618208E9
1.70122E9
1.697833328E9
1.694457864E9
1.691093384E9
1.687739704E9
1.684396648E9
1.681064112E9
1.677742056E9
1.674430432E9
1.671129232E9
1.667838472E9
1.664558216E9
1.661288488E9
1.658029376E9
1.654780936E9
1.65154328E9
1.648316488E9
1.645100712E9
1.641896088E9
1.638702824E9
1.635521136E9
1.632351344E9
1.629193816E9
1.626049E9
1.622917448E9
1.619799784E9
1.616696792E9
1.613609328E9
1.610538376E9
1.607485024E9
1.604450472E9
1.601436032E9
1.598443072E9
1.595473064E9
1.592527512E9
1.589607976E9
1.586716032E9
1.583853216E9
1.581021088E9
1.578221104E9
1.57545468E9
1.572723096E9
1.570027488E9
1.56736888E9
1.56474808E9
1.562165696E9
1.559622096E9
1.557117432E9
1.55465156E9
1.55222408E9
1.54983428E9
1.547481192E9
1.545163496E9
1.542879648E9
1.540627768E9
1.53840572E9
1.53621108E9
1.534041208E9
1.531893248E9
1.52976412E9
1.527650584E9
1.525549272E9
1.523456704E9
1.52136932E9
1.519283504E9
1.517195664E9
1.5151022E9
1.512999576E9
1.510884344E9
1.508753152E9
1.506602808E9
1.504430288E9
1.502232744E9
1.500007552E9
1.497752304E9
1.495464864E9
1.493143344E9
1.49078616E9
1.48839196E9
1.485959752E9
1.483488792E9
1.480978672E9
1.47842928E9
1.475840768E9
1.47321364E9
1.470548624E9
1.467846744E9
1.465109288E9
1.462337752E9
1.459533904E9
1.456699672E9
1.453837168E9
1.450948696E9
1.448036672E9
1.445103608E9
1.442152152E9
1.439185E9
1.436204888E9
1.433214592E9
1.430216888E9
1.427214552E9
1.424210312E9
1.421206856E9
1.418206816E9
1.41521272E9
1.412227056E9
1.40925216E9
1.40629028E9
1.403343536E9
1.400413936E9
1.397503336E9
1.394613464E9
1.391745912E9
1.388902128E9
1.3860834E9
1.383290912E9
1.380525672E9
1.37778856E9
1.37508032E9
1.372401544E9
1.36975272E9
1.367134192E9
1.3645462E9
1.361988864E9
1.359462224E9
1.356966208E9
1.354500664E9
1.352065408E9
1.349660184E9
1.347284672E9
1.344938592E9
1.342621568E9
1.340333296E9
1.338073416E9
1.335841648E9
1.333637672E9
1.331461224E9
1.329312072E9
1.32719E9
1.325094808E9
1.323026328E9
1.3209844E9
1.318968864E9
1.316979536E9
1.31501628E9
1.313078864E9
1.311167088E9
1.309280672E9
1.307419352E9
1.305582776E9
1.303770584E9
1.301982376E9
1.30021772E9
1.298476152E9
1.296757184E9
1.295060328E9
1.293385072E9
1.291730912E9
1.290097352E9
1.288483904E9
1.286890056E9
1.285315352E9
1.283759312E9
1.282221496E9
1.280701424E9
1.27919864E9
1.27771272E9
1.276243144E9
1.274789456E9
1.273351136E9
1.271927664E9
1.27051848E9
1.269123032E9
1.267740696E9
1.266370856E9
1.265012872E9
1.263666072E9
1.262329776E9
1.261003304E9
1.259685976E9
1.258377088E9
1.25707596E9
1.255781936E9
1.25449436E9
1.2532126E9
1.251936064E9
1.250664192E9
1.249396472E9
1.2481324E9
1.246871584E9
1.245613648E9
1.24435828E9
1.24310524E9
1.241854344E9
1.240605504E9
1.239358648E9
1.23811384E9
1.236871192E9
1.235630856E9
1.23439308E9
1.233158168E9
1.231926448E9
1.230698312E9
1.229474192E9
1.228254528E9
1.22703976E9
1.225830368E9
1.2246268E9
1.22342948E9
1.222238832E9
1.221055208E9
1.219878992E9
1.218710464E9
1.217549928E9
1.2163976E9
1.215253696E9
1.2141184E9
1.212991848E9
1.211874208E9
1.210765544E9
1.209665976E9
1.208575568E9
1.207494392E9
1.20642244E9
1.205359728E9
1.204306224E9
1.20326184E9
1.20222644E9
1.201199832E9
1.200181744E9
1.199171856E9
1.198169744E9
1.197174936E9
1.196186864E9
1.19520488E9
1.19422828E9
1.193256312E9
1.192288168E9
1.191323E9
1.190359952E9
1.189398144E9
1.188436752E9
1.187474976E9
1.186512048E9
1.185547296E9
1.184580152E9
1.18361012E9
1.18263684E9
1.18166012E9
1.180679824E9
1.179696064E9
1.178709024E9
1.177719072E9
1.176726712E9
1.175732592E9
1.174737472E9
1.17374224E9
1.172747888E9
1.171755464E9
1.170766128E9
1.169781032E9
1.168801384E9
1.167828384E9
1.166863224E9
1.165907048E9
1.164960968E9
1.164025984E9
1.163103024E9
1.162192936E9
1.161296416E9
1.160414064E9
1.159546304E9
1.15869348E9
1.157855728E9
1.157033104E9
1.156225504E9
1.155432656E9
1.15465424E9
1.153889776E9
1.153138704E9
1.152400384E9
1.151674128E9
1.150959184E9
1.150254816E9
1.149560248E9
1.148874768E9
1.148197688E9
1.147528408E9
1.1468664E9
1.146211232E9
1.1455626E9
1.144920336E9
1.144284408E9
1.14365492E9
1.143032096E9
1.142416352E9
1.141808184E9
1.141208272E9
1.140617352E9
1.14003628E9
1.139465992E9
1.138907472E9
1.138361752E9
1.137829848E9
1.137312832E9
1.136811672E9
1.136327344E9
1.13586072E9
1.135412592E9
1.134983672E9
1.134574512E9
1.134185576E9
1.133817168E9
1.133469464E9
1.133142488E9
1.132836112E9
1.132550064E9
1.132283936E9
1.132037192E9
1.131809152E9
1.13159904E9
1.131405952E9
1.131228928E9
1.13106692E9
1.13091884E9
1.130783552E9
1.130659912E9
1.130546784E9
1.13044304E9
1.130347608E9
1.130259432E9
1.130177576E9
1.130101128E9
1.130029312E9
1.129961392E9
1.129896784E9
1.129834952E9
1.129775496E9
1.129718096E9
1.129662512E9
1.129608584E9
1.129556256E9
1.129505496E9
1.129456336E9
1.12940888E9
1.129363216E9
1.129319496E9
1.12927784E9
1.129238416E9
1.12920136E9
1.129166832E9
1.129134928E9
1.129105816E9
1.129079544E9
1.12905624E9
1.12903596E9
1.129018792E9
1.129004808E9
1.12899408E9
1.12898668E9
1.128982704E9
1.128982288E9
1.128985536E9
1.128992608E9
1.129003712E9
1.12901904E9
1.129038864E9
1.129063456E9
1.129093104E9
1.12912816E9
1.129168976E9
1.129215888E9
1.129269304E9
1.12932956E9
1.129397032E9
1.12947204E9
1.129554896E9
1.12964588E9
1.129745184E9
1.129853E9
1.129969432E9
1.13009452E9
1.130228216E9
1.130370464E9
1.130521096E9
1.130679896E9
1.130846592E9
1.131020864E9
1.131202376E9
1.131390736E9
1.131585568E9
1.131786488E9
1.131993136E9
1.132205184E9
1.13242236E9
1.13264444E9
1.13287128E9
1.133102832E9
1.133339136E9
1.13358032E9
1.133826608E9
1.134078368E9
1.13433604E9
1.134600128E9
1.134871264E9
1.135150128E9
1.135437488E9
1.135734128E9
1.136040856E9
1.136358536E9
1.136687984E9
1.13703004E9
1.137385472E9
1.137755032E9
1.138139392E9
1.138539176E9
1.13895492E9
1.139387072E9
1.139835992E9
1.140302E9
1.140785248E9
1.141285888E9
1.141803944E9
1.142339376E9
1.14289212E9
1.143462E9
1.14404884E9
1.1446524E9
1.14527244E9
1.145908704E9
1.146560936E9
1.147228864E9
1.147912264E9
1.148610912E9
1.149324624E9
1.150053256E9
1.150796664E9
1.151554792E9
1.152327576E9
1.153114984E9
1.15391704E9
1.154733752E9
1.155565136E9
1.156411208E9
1.15727196E9
1.158147376E9
1.159037336E9
1.159941728E9
1.160860336E9
1.161792848E9
1.16273888E9
1.163697968E9
1.164669512E9
1.16565284E9
1.166647192E9
1.167651672E9
1.168665344E9
1.169687192E9
1.170716128E9
1.171751024E9
1.172790712E9
1.173834024E9
1.174879784E9
1.175926816E9
1.176973976E9
1.178020184E9
1.179064368E9
1.180105576E9
1.181142896E9
1.18217548E9
1.183202616E9
1.184223672E9
1.18523812E9
1.186245544E9
1.187245656E9
1.188238288E9
1.189223392E9
1.190201048E9
1.191171504E9
1.192135072E9
1.193092264E9
1.194043688E9
1.194990072E9
1.195932272E9
1.196871272E9
1.197808144E9
1.198744024E9
1.199680184E9
1.200617912E9
1.20155856E9
1.20250352E9
1.2034542E9
1.204412E9
1.205378328E9
1.206354512E9
1.207341896E9
1.208341712E9
1.209355152E9
1.210383312E9
1.21142716E9
1.212487616E9
1.213565432E9
1.214661232E9
1.215775544E9
1.216908744E9
1.218061072E9
1.219232632E9
1.220423376E9
1.22163316E9
1.22286172E9
1.224108648E9
1.225373472E9
1.226655616E9
1.227954432E9
1.229269232E9
1.23059928E9
1.231943816E9
1.233302072E9
1.234673264E9
1.236056624E9
1.237451408E9
1.23885688E9
1.240272344E9
1.241697096E9
1.243130472E9
1.244571792E9
1.246020416E9
1.24747568E9
1.248936904E9
1.250403408E9
1.251874472E9
1.253349336E9
1.254827232E9
1.256307312E9
1.257788712E9
1.259270504E9
1.260751744E9
1.262231424E9
1.263708504E9
1.265181944E9
1.266650664E9
1.268113608E9
1.269569704E9
1.271017896E9
1.272457184E9
1.273886624E9
1.27530532E9
1.27671244E9
1.278107264E9
1.279489176E9
1.280857656E9
1.282212328E9
1.283552928E9
1.284879328E9
1.286191544E9
1.28748972E9
1.288774144E9
1.290045192E9
1.291303392E9
1.292549344E9
1.293783752E9
1.295007368E9
1.296221E9
1.29742548E9
1.298621616E9
1.299810224E9
1.30099204E9
1.3021678E9
1.30333808E9
1.304503416E9
1.305664224E9
1.3068208E9
1.30797336E9
1.309121952E9
1.310266592E9
1.311407136E9
1.312543408E9
1.313675144E9
1.314802024E9
1.31592372E9
1.317039864E9
1.318150104E9
1.319254112E9
1.320351592E9
1.321442296E9
1.322526016E9
1.323602656E9
1.32467216E9
1.32573456E9
1.32679E9
1.327838688E9
1.328880928E9
1.329917136E9
1.330947784E9
1.331973464E9
1.332994832E9
1.334012648E9
1.33502772E9
1.33604092E9
1.337053224E9
1.338065616E9
1.33907912E9
1.3400948E9
1.341113728E9
1.342136984E9
1.343165624E9
1.344200696E9
1.345243176E9
1.346294056E9
1.3473542E9
1.348424464E9
1.349505624E9
1.350598392E9
1.351703408E9
1.352821272E9
1.353952544E9
1.355097712E9
1.356257288E9
1.357431744E9
1.35862156E9
1.359827216E9
1.361049232E9
1.362288168E9
1.363544584E9
1.364819112E9
1.366112376E9
1.367425088E9
1.36875792E9
1.370111568E9
1.37148672E9
1.37288404E9
1.374304104E9
1.375747488E9
1.377214624E9
1.378705856E9
1.3802214E9
1.38176136E9
1.383325672E9
1.384914128E9
1.386526368E9
1.388161856E9
1.389819928E9
1.39149976E9
1.393200368E9
1.394920672E9
1.396659432E9
1.398415328E9
1.400186936E9
1.40197276E9
1.403771232E9
1.405580744E9
1.407399648E9
1.409226256E9
1.411058896E9
1.41289588E9
1.414735528E9
1.416576176E9
1.418416208E9
1.420253976E9
1.422087952E9
1.423916576E9
1.425738376E9
1.427551912E9
1.429355784E9
1.431148656E9
1.432929248E9
1.43469632E9
1.436448688E9
1.438185216E9
1.439904824E9
1.441606488E9
1.443289224E9
1.44495208E9
1.44659416E9
1.448214592E9
1.449812528E9
1.45138716E9
1.452937672E9
1.45446328E9
1.455963168E9
1.457436552E9
1.4588826E9
1.460300472E9
1.46168928E9
1.463048112E9
1.464376016E9
1.465672016E9
1.466935056E9
1.468164072E9
1.469357944E9
1.470515536E9
1.471635712E9
1.472717312E9
1.473759176E9
1.474760216E9
1.475719336E9
1.476635552E9
1.477507904E9
1.478335584E9
1.479117848E9
1.479854104E9
1.480543864E9
1.4811868E9
1.481782736E9
1.482331624E9
1.482833544E9
1.48328876E9
1.483697616E9
1.484060592E9
1.484378272E9
1.484651304E9
1.484880448E9
1.48506648E9
1.485210224E9
1.485312512E9
1.485374184E9
1.485396064E9
1.485378928E9
1.485323528E9
1.485230552E9
1.48510064E9
1.484934336E9
1.484732136E9
1.484494424E9
1.484221536E9
1.483913704E9
1.48357112E9
1.48319388E9
1.482781992E9
1.48233544E9
1.481854144E9
1.481337976E9
1.480786784E9
1.480200376E9
1.479578552E9
1.478921104E9
1.478227824E9
1.477498528E9
1.476733032E9
1.475931224E9
1.475093E9
1.474218288E9
1.473307104E9
1.472359504E9
1.471375616E9
1.470355608E9
1.469299752E9
1.468208344E9
1.467081784E9
1.465920496E9
1.464725E9
1.46349584E9
1.4622336E9
1.460938936E9
1.45961248E9
1.45825492E9
1.456866928E9
1.4554492E9
1.454002384E9
1.452527128E9
1.451024048E9
1.449493696E9
1.447936616E9
1.44635328E9
1.444744104E9
1.443109464E9
1.441449664E9
1.439764952E9
1.438055512E9
1.436321504E9
1.434562984E9
1.432779992E9
1.430972528E9
1.429140496E9
1.42728384E9
1.425402408E9
1.423496056E9
1.421564608E9
1.41960788E9
1.417625704E9
1.415617872E9
1.41358424E9
1.411524656E9
1.409439008E9
1.407327232E9
1.405189296E9
1.403025216E9
1.400835064E9
1.398618984E9
1.396377184E9
1.394109904E9
1.391817464E9
1.389500256E9
1.387158736E9
1.384793384E9
1.382404768E9
1.379993488E9
1.3775602E9
1.375105616E9
1.372630472E9
1.370135544E9
1.367621672E9
1.36508972E9
1.36254056E9
1.35997512E9
1.35739436E9
1.354799264E9
1.352190816E9
1.349570056E9
1.346938008E9
1.344295712E9
1.341644216E9
1.338984528E9
1.336317672E9
1.333644616E9
1.330966272E9
1.328283496E9
1.325597064E9
1.32290764E9
1.320215776E9
1.317521912E9
1.314826272E9
1.312128992E9
1.309429992E9
1.306729E9
1.304025576E9
1.301319072E9
1.298608648E9
1.29589332E9
1.29317192E9
1.290443136E9
1.287705544E9
1.284957616E9
1.282197784E9
1.279424424E9
1.276635952E9
1.273830776E9
1.271007432E9
1.268164512E9
1.265300784E9
1.262415152E9
1.25950672E9
1.2565748E9
1.25361892E9
1.25063884E9
1.24763456E9
1.244606336E9
1.241554632E9
1.238480192E9
1.235383936E9
1.232267048E9
1.229130864E9
1.22597696E9
1.222807016E9
1.219622912E9
1.216426608E9
1.213220176E9
1.210005784E9
1.2067856E9
1.203561856E9
1.200336728E9
1.197112392E9
1.19389092E9
1.19067432E9
1.187464472E9
1.18426308E9
1.181071696E9
1.177891696E9
1.174724224E9
1.1715702E9
1.16843032E9
1.165305056E9
1.162194608E9
1.159098968E9
1.156017888E9
1.152950904E9
1.149897368E9
1.14685644E9
1.143827136E9
1.140808328E9
1.137798792E9
1.13479724E9
1.131802352E9
1.128812752E9
1.12582712E9
1.122844168E9
1.119862672E9
1.116881512E9
1.113899664E9
1.110916216E9
1.107930456E9
1.104941784E9
1.101949768E9
1.098954136E9
1.0959548E9
1.092951848E9
1.089945496E9
1.086936152E9
1.083924336E9
1.080910752E9
1.077896176E9
1.074881552E9
1.071867856E9
1.068856208E9
1.065847736E9
1.062843648E9
1.059845176E9
1.056853552E9
1.053870008E9
1.050895776E9
1.047932008E9
1.04497984E9
1.042040328E9
1.039114464E9
1.036203152E9
1.033307176E9
1.03042724E9
1.02756392E9
1.024717704E9
1.021888928E9
1.019077832E9
1.01628452E9
1.013508984E9
1.010751088E9
1.00801056E9
1.005287032E9
1.002580008E9
9.99888864E8
9.97212888E8
9.94551224E8
9.91902952E8
9.89266992E8
9.8664224E8
9.840274E8
9.81421176E8
9.7882216E8
9.76228872E8
9.73639776E8
9.7105332E8
9.68467912E8
9.65881944E8
9.63293864E8
9.6070212E8
9.58105264E8
9.5550188E8
9.5289072E8
9.50270624E8
9.47640576E8
9.44999752E8
9.42347496E8
9.39683336E8
9.37006984E8
9.34318368E8
9.31617616E8
9.2890504E8
9.26181128E8
9.23446584E8
9.20702288E8
9.17949248E8
9.15188664E8
9.12421856E8
9.09650288E8
9.0687552E8
9.0409924E8
9.01323232E8
8.98549344E8
8.95779488E8
8.93015648E8
8.90259848E8
8.8751416E8
8.84780656E8
8.82061432E8
8.79358552E8
8.76674096E8
8.7401012E8
8.71368584E8
8.68751448E8
8.66160608E8
8.63597816E8
8.61064816E8
8.58563176E8
8.56094392E8
8.536598E8
8.512606E8
8.48897816E8
8.46572336E8
8.44284832E8
8.420358E8
8.39825512E8
8.3765404E8
8.3552124E8
8.33426728E8
8.31369912E8
8.29349936E8
8.2736576E8
8.25416104E8
8.23499472E8
8.21614176E8
8.1975832E8
8.17929856E8
8.16126576E8
8.14346136E8
8.12586096E8
8.10843912E8
8.09117E8
8.07402728E8
8.05698496E8
8.0400168E8
8.0230976E8
8.00620248E8
7.98930784E8
7.97239128E8
7.95543192E8
7.9384104E8
7.92130896E8
7.90411232E8
7.88680672E8
7.86938072E8
7.85182488E8
7.8341324E8
7.81629832E8
7.79832E8
7.7801972E8
7.76193168E8
7.74352728E8
7.72499008E8
7.70632776E8
7.68755024E8
7.66866848E8
7.64969544E8
7.63064528E8
7.61153312E8
7.59237512E8
7.57318824E8
7.55399024E8
7.53479896E8
7.51563272E8
7.49650992E8
7.47744904E8
7.45846816E8
7.43958544E8
7.42081856E8
7.40218448E8
7.3837E8
7.36538088E8
7.34724232E8
7.32929864E8
7.31156296E8
7.29404728E8
7.27676264E8
7.2597188E8
7.24292376E8
7.22638432E8
7.21010552E8
7.19409072E8
7.17834192E8
7.16285904E8
7.14764024E8
7.13268232E8
7.11797984E8
7.10352632E8
7.0893132E8
7.07533048E8
7.06156704E8
7.04800992E8
7.03464552E8
7.02145856E8
7.00843328E8
6.99555288E8
6.98279952E8
6.97015504E8
6.9576008E8
6.94511744E8
6.93268576E8
6.920286E8
6.90789848E8
6.8955036E8
6.88308168E8
6.87061376E8
6.85808096E8
6.8454648E8
6.83274784E8
6.81991304E8
6.8069444E8
6.7938272E8
6.78054768E8
6.76709376E8
6.7534548E8
6.73962184E8
6.72558776E8
6.71134784E8
6.69689872E8
6.68223968E8
6.66737248E8
6.65230064E8
6.63703032E8
6.6215692E8
6.6059276E8
6.5901176E8
6.57415264E8
6.55804816E8
6.5418208E8
6.5254876E8
6.50906704E8
6.4925776E8
6.47603824E8
6.45946744E8
6.44288352E8
6.426304E8
6.40974576E8
6.3932244E8
6.37675424E8
6.36034856E8
6.34401888E8
6.32777512E8
6.31162592E8
6.29557848E8
6.27963816E8
6.26380928E8
6.2480948E8
6.23249664E8
6.21701592E8
6.20165304E8
6.18640784E8
6.17128016E8
6.15626944E8
6.14137568E8
6.12659888E8
6.11193992E8
6.09739992E8
6.08298088E8
6.06868584E8
6.0545184E8
6.0404828E8
6.0265844E8
6.01282848E8
5.99922128E8
5.98576912E8
5.97247856E8
5.95935552E8
5.94640616E8
5.93363576E8
5.9210488E8
5.90864904E8
5.89643896E8
5.88441992E8
5.87259168E8
5.86095272E8
5.8495E8
5.83822904E8
5.82713344E8
5.8162056E8
5.80543648E8
5.79481528E8
5.78433048E8
5.77396896E8
5.7637168E8
5.75355896E8
5.74348008E8
5.73346416E8
5.7234948E8
5.71355568E8
5.70363072E8
5.69370384E8
5.68376E8
5.67378456E8
5.66376424E8
5.65368672E8
5.64354112E8
5.6333184E8
5.62301096E8
5.61261296E8
5.60212072E8
5.59153232E8
5.58084808E8
5.57006976E8
5.55920152E8
5.5482488E8
5.53721912E8
5.52612064E8
5.51496344E8
5.50375832E8
5.49251632E8
5.48124944E8
5.46996968E8
5.45868856E8
5.44741768E8
5.43616768E8
5.42494864E8
5.41376944E8
5.40263808E8
5.39156112E8
5.38054376E8
5.3695904E8
5.35870344E8
5.34788424E8
5.33713328E8
5.32644936E8
5.31583048E8
5.30527344E8
5.29477464E8
5.28432928E8
5.27393224E8
5.2635776E8
5.25325928E8
5.24297072E8
5.23270512E8
5.2224556E8
5.2122148E8
5.20197552E8
5.19173048E8
5.18147216E8
5.17119328E8
5.16088632E8
5.15054376E8
5.14015816E8
5.12972216E8
5.11922824E8
5.10866944E8
5.0980384E8
5.08732816E8
5.07653208E8
5.06564368E8
5.0546568E8
5.0435656E8
5.0323652E8
5.02105064E8
5.00961792E8
4.998064E8
4.98638632E8
4.9745832E8
4.96265432E8
4.95060024E8
4.93842224E8
4.92612328E8
4.9137072E8
4.90117896E8
4.88854464E8
4.87581136E8
4.8629872E8
4.8500812E8
4.83710312E8
4.8240632E8
4.81097256E8
4.7978424E8
4.78468448E8
4.77151032E8
4.75833208E8
4.74516144E8
4.73200992E8
4.71888904E8
4.70581008E8
4.69278376E8
4.67982048E8
4.6669304E8
4.65412312E8
4.64140792E8
4.62879352E8
4.61628832E8
4.6039004E8
4.59163712E8
4.57950608E8
4.56751384E8
4.5556672E8
4.54397256E8
4.53243568E8
4.52106248E8
4.50985832E8
4.49882864E8
4.48797832E8
4.47731184E8
4.4668336E8
4.45654752E8
4.4464572E8
4.43656552E8
4.42687496E8
4.41738752E8
4.40810432E8
4.39902576E8
4.39015128E8
4.38147984E8
4.37300904E8
4.36473568E8
4.3566552E8
4.34876208E8
4.34104984E8
4.33351064E8
4.3261356E8
4.31891504E8
4.31183784E8
4.30489256E8
4.29806664E8
4.29134728E8
4.28472104E8
4.27817464E8
4.2716944E8
4.26526712E8
4.25887976E8
4.25252016E8
4.24617656E8
4.2398384E8
4.233496E8
4.22714048E8
4.2207644E8
4.2143612E8
4.20792568E8
4.2014532E8
4.19494072E8
4.18838544E8
4.18178552E8
4.17513976E8
4.16844728E8
4.1617076E8
4.1549204E8
4.14808544E8
4.14120264E8
4.13427176E8
4.1272924E8
4.12026448E8
4.1131876E8
4.10606136E8
4.09888544E8
4.09165968E8
4.08438448E8
4.07705992E8
4.06968688E8
4.0622664E8
4.0548004E8
4.0472908E8
4.03974048E8
4.03215264E8
4.02453112E8
4.01688016E8
4.00920472E8
4.00151E8
3.993802E8
3.98608688E8
3.97837112E8
3.9706616E8
3.96296568E8
3.9552908E8
3.94764456E8
3.9400352E8
3.93247024E8
3.924958E8
3.9175064E8
3.9101232E8
3.90281624E8
3.89559272E8
3.88845944E8
3.8814228E8
3.87448824E8
3.86766064E8
3.86094376E8
3.85434032E8
3.84785192E8
3.84147904E8
3.83522056E8
3.8290744E8
3.82303728E8
3.81710408E8
3.81126896E8
3.80552504E8
3.799864E8
3.79427696E8
3.78875432E8
3.783286E8
3.7778616E8
3.7724704E8
3.767102E8
3.761746E8
3.7563928E8
3.75103304E8
3.74565832E8
3.7402612E8
3.73483504E8
3.72937424E8
3.72387456E8
3.71833264E8
3.7127464E8
3.7071148E8
3.70143752E8
3.69571576E8
3.68995104E8
3.68414616E8
3.67830408E8
3.67242888E8
3.66652488E8
3.66059656E8
3.6546492E8
3.64868824E8
3.6427192E8
3.63674808E8
3.63078056E8
3.62482328E8
3.6188824E8
3.61296448E8
3.60707592E8
3.60122376E8
3.59541448E8
3.58965488E8
3.58395152E8
3.57831072E8
3.57273832E8
3.56724016E8
3.5618208E8
3.5564844E8
3.55123416E8
3.54607184E8
3.54099816E8
3.53601224E8
3.53111192E8
3.52629296E8
3.52154952E8
3.51687408E8
3.51225712E8
3.50768744E8
3.503152E8
3.49863624E8
3.494124E8
3.48959784E8
3.4850388E8
3.48042752E8
3.47574328E8
3.47096536E8
3.46607248E8
3.4610432E8
3.45585664E8
3.45049232E8
3.4449304E8
3.43915192E8
3.43313976E8
3.42687744E8
3.42035072E8
3.4135472E8
3.40645616E8
3.39906952E8
3.39138128E8
3.38338792E8
3.37508848E8
3.3664844E8
3.35757984E8
3.3483816E8
3.33889848E8
3.329142E8
3.31912592E8
3.30886584E8
3.29837936E8
3.28768584E8
3.2768056E8
3.26576064E8
3.25457328E8
3.24326672E8
3.23186408E8
3.22038888E8
3.20886408E8
3.19731224E8
3.18575504E8
3.17421368E8
3.16270792E8
3.15125688E8
3.13987808E8
3.12858832E8
3.11740328E8
3.1063376E8
3.09540472E8
3.0846176E8
3.0739884E8
3.06352872E8
3.05324944E8
3.04316136E8
3.03327488E8
3.02359976E8
3.01414584E8
3.0049228E8
2.99593936E8
2.98720456E8
2.97872616E8
2.97051216E8
2.96256896E8
2.95490288E8
2.9475188E8
2.9404204E8
2.93361048E8
2.92709024E8
2.9208596E8
2.9149172E8
2.90926E8
2.90388368E8
2.89878248E8
2.89394944E8
2.8893764E8
2.885054E8
2.88097224E8
2.87712E8
2.87348584E8
2.87005768E8
2.86682344E8
2.86377064E8
2.86088704E8
2.8581604E8
2.8555788E8
2.85313088E8
2.85080544E8
2.848592E8
2.84648056E8
2.84446176E8
2.84252656E8
2.84066688E8
2.8388752E8
2.83714424E8
2.83546752E8
2.83383928E8
2.832254E8
2.83070672E8
2.8291932E8
2.82770944E8
2.82625208E8
2.8248184E8
2.82340576E8
2.82201248E8
2.82063688E8
2.819278E8
2.81793528E8
2.8166084E8
2.81529776E8
2.81400368E8
2.81272664E8
2.8114676E8
2.81022768E8
2.80900768E8
2.80780856E8
2.80663088E8
2.80547552E8
2.80434272E8
2.80323232E8
2.80214416E8
2.8010772E8
2.8000304E8
2.79900208E8
2.79799032E8
2.79699272E8
2.79600656E8
2.79502896E8
2.79405688E8
2.79308728E8
2.79211712E8
2.79114336E8
2.79016328E8
2.78917472E8
2.78817544E8
2.78716424E8
2.78613968E8
2.7851016E8
2.78404984E8
2.78298472E8
2.78190696E8
2.78081792E8
2.77971856E8
2.77861056E8
2.77749512E8
2.77637376E8
2.77524712E8
2.77411608E8
2.7729808E8
2.7718408E8
2.7706952E8
2.76954224E8
2.76837936E8
2.76720392E8
2.76601192E8
2.76479896E8
2.7635604E8
2.76229064E8
2.7609844E8
2.75963552E8
2.75823832E8
2.75678712E8
2.75527656E8
2.753702E8
2.75205904E8
2.75034472E8
2.7485568E8
2.74669432E8
2.74475768E8
2.74274872E8
2.74067104E8
2.73852944E8
2.73633096E8
2.73408368E8
2.73179768E8
2.72948432E8
2.72715624E8
2.7248276E8
2.72251352E8
2.72022984E8
2.71799312E8
2.7158204E8
2.71372904E8
2.711736E8
2.70985816E8
2.70811208E8
2.70651336E8
2.70507648E8
2.70381536E8
2.70274208E8
2.70186728E8
2.70120016E8
2.70074792E8
2.70051592E8
2.70050728E8
2.70072312E8
2.70116216E8
2.70182104E8
2.70269376E8
2.70377224E8
2.70504592E8
2.70650176E8
2.7081248E8
2.70989776E8
2.7118012E8
2.71381376E8
2.71591232E8
2.71807232E8
2.72026776E8
2.72247136E8
2.72465512E8
2.7267904E8
2.72884816E8
2.73079976E8
2.73261648E8
2.73427056E8
2.73573544E8
2.73698592E8
2.7379988E8
2.73875248E8
2.7392284E8
2.73941048E8
2.73928576E8
2.73884432E8
2.73807952E8
2.73698832E8
2.73557104E8
2.73383112E8
2.73177568E8
2.72941456E8
2.72676056E8
2.72382928E8
2.72063832E8
2.71720736E8
2.7135576E8
2.70971128E8
2.70569192E8
2.7015228E8
2.697228E8
2.69283128E8
2.68835584E8
2.68382448E8
2.6792592E8
2.6746812E8
2.67011048E8
2.66556648E8
2.66106728E8
2.65663016E8
2.65227136E8
2.64800616E8
2.64384904E8
2.63981344E8
2.6359124E8
2.6321576E8
2.62856024E8
2.62513064E8
2.62187832E8
2.61881176E8
2.61593872E8
2.61326608E8
2.61079968E8
2.6085444E8
2.60650392E8
2.60468104E8
2.60307728E8
2.60169312E8
2.60052792E8
2.59957968E8
2.5988452E8
2.59832016E8
2.59799872E8
2.597874E8
2.5979376E8
2.59817984E8
2.59858952E8
2.59915432E8
2.59986024E8
2.60069232E8
2.6016336E8
2.60266672E8
2.60377232E8
2.60493048E8
2.60612E8
2.6073192E8
2.60850536E8
2.60965576E8
2.61074712E8
2.61175632E8
2.6126604E8
2.61343696E8
2.61406432E8
2.6145216E8
2.61478952E8
2.61485E8
2.61468648E8
2.61428448E8
2.61363168E8
2.61271752E8
2.61153432E8
2.61007648E8
2.60834096E8
2.60632728E8
2.6040376E8
2.6014764E8
2.59865064E8
2.59556936E8
2.59224416E8
2.588688E8
2.58491592E8
2.58094424E8
2.5767904E8
2.57247288E8
2.5680104E8
2.56342224E8
2.5587272E8
2.55394416E8
2.54909104E8
2.54418456E8
2.53924096E8
2.5342744E8
2.52929784E8
2.52432248E8
2.51935744E8
2.5144104E8
2.50948704E8
2.50459112E8
2.49972448E8
2.49488752E8
2.49007888E8
2.48529576E8
2.48053408E8
2.4757884E8
2.47105216E8
2.46631816E8
2.46157816E8
2.4568232E8
2.45204384E8
2.44723E8
2.44237144E8
2.43745744E8
2.43247696E8
2.42741896E8
2.422272E8
2.4170252E8
2.41166704E8
2.4061868E8
2.40057416E8
2.39481896E8
2.38891216E8
2.38284576E8
2.37661288E8
2.37020808E8
2.363628E8
2.35687112E8
2.34993816E8
2.34283232E8
2.33555968E8
2.32812896E8
2.32055152E8
2.31284208E8
2.30501792E8
2.29709904E8
2.28910824E8
2.28107056E8
2.27301288E8
2.26496448E8
2.25695552E8
2.24901752E8
2.24118216E8
2.233482E8
2.22594904E8
2.21861464E8
2.21150928E8
2.20466192E8
2.19809992E8
2.19184848E8
2.18593048E8
2.18036616E8
2.17517312E8
2.17036568E8
2.16595536E8
2.16195016E8
2.15835528E8
2.15517208E8
2.1523992E8
2.15003208E8
2.14806296E8
2.14648128E8
2.14527392E8
2.1444252E8
2.14391736E8
2.1437304E8
2.14384312E8
2.14423256E8
2.14487496E8
2.14574608E8
2.1468208E8
2.14807464E8
2.1494828E8
2.15102136E8
2.15266736E8
2.15439848E8
2.15619432E8
2.15803496E8
2.15990248E8
2.16178056E8
2.16365368E8
2.1655084E8
2.167332E8
2.16911328E8
2.17084192E8
2.17250848E8
2.174104E8
2.17562048E8
2.17704984E8
2.17838488E8
2.179618E8
2.18074216E8
2.18175032E8
2.18263544E8
2.18339088E8
2.18400976E8
2.1844856E8
2.18481232E8
2.18498392E8
2.18499504E8
2.18484064E8
2.18451632E8
2.18401792E8
2.18334232E8
2.18248696E8
2.18144992E8
2.18023E8
2.17882672E8
2.17724032E8
2.17547184E8
2.17352296E8
2.17139576E8
2.16909336E8
2.1666188E8
2.16397632E8
2.16116968E8
2.15820376E8
2.15508296E8
2.15181224E8
2.14839624E8
2.14484E8
2.14114784E8
2.13732432E8
2.13337376E8
2.1293E8
2.12510656E8
2.12079696E8
2.1163744E8
2.11184136E8
2.10720072E8
2.10245504E8
2.09760664E8
2.09265808E8
2.08761176E8
2.0824704E8
2.07723688E8
2.07191432E8
2.066506E8
2.06101568E8
2.05544752E8
2.049806E8
2.044096E8
2.03832296E8
2.03249224E8
2.02660984E8
2.02068224E8
2.014716E8
2.00871784E8
2.00269488E8
1.99665432E8
1.9906032E8
1.98454904E8
1.97849912E8
1.97246048E8
1.9664404E8
1.96044576E8
1.95448344E8
1.94855976E8
1.9426812E8
1.93685352E8
1.93108232E8
1.92537296E8
1.91973E8
1.91415792E8
1.9086604E8
1.90324072E8
1.89790136E8
1.89264456E8
1.8874716E8
1.8823832E8
1.87737944E8
1.87245976E8
1.86762296E8
1.86286728E8
1.85819048E8
1.85358976E8
1.84906192E8
1.84460344E8
1.84021048E8
1.83587904E8
1.83160472E8
1.82738336E8
1.82321048E8
1.81908176E8
1.8149928E8
1.81093936E8
1.80691744E8
1.80292304E8
1.79895264E8
1.79500312E8
1.79107144E8
1.7871552E8
1.7832528E8
1.77936272E8
1.77548448E8
1.771618E8
1.767764E8
1.76392392E8
1.76009968E8
1.75629408E8
1.75251032E8
1.748752E8
1.74502336E8
1.74132848E8
1.73767208E8
1.73405848E8
1.73049224E8
1.7269776E8
1.72351832E8
1.72011808E8
1.71677984E8
1.71350624E8
1.71029928E8
1.70716032E8
1.70409056E8
1.70109024E8
1.6981596E8
1.69529808E8
1.69250512E8
1.6897796E8
1.68712024E8
1.6845256E8
1.68199384E8
1.6795232E8
1.67711112E8
1.67475528E8
1.67245296E8
1.67020048E8
1.66799416E8
1.66582936E8
1.66370128E8
1.661604E8
1.65953064E8
1.65747384E8
1.65542528E8
1.65337568E8
1.65131536E8
1.64923352E8
1.64711912E8
1.64496048E8
1.642746E8
1.6404636E8
1.63810168E8
1.63564888E8
1.6330944E8
1.63042824E8
1.62764144E8
1.62472608E8
1.62167568E8
1.61848528E8
1.61515136E8
1.61167224E8
1.60804768E8
1.60427968E8
1.60037144E8
1.59632808E8
1.5921564E8
1.58786464E8
1.5834624E8
1.57896048E8
1.57437096E8
1.56970664E8
1.5649812E8
1.56020864E8
1.55540352E8
1.55058048E8
1.54575408E8
1.54093872E8
1.5361488E8
1.53139792E8
1.52669944E8
1.52206576E8
1.51750896E8
1.51304032E8
1.5086704E8
1.50440888E8
1.5002648E8
1.49624648E8
1.49236152E8
1.48861664E8
1.48501776E8
1.48157032E8
1.47827832E8
1.47514552E8
1.47217432E8
1.46936632E8
1.46672176E8
1.46424016E8
1.4619192E8
1.45975576E8
1.4577452E8
1.45588136E8
1.4541568E8
1.45256288E8
1.45108968E8
1.44972584E8
1.44845912E8
1.44727656E8
1.4461644E8
1.44510824E8
1.44409344E8
1.44310552E8
1.44212968E8
1.44115152E8
1.44015752E8
1.43913408E8
1.43806872E8
1.43694968E8
1.43576592E8
1.4345076E8
1.43316528E8
1.43173104E8
1.43019728E8
1.42855792E8
1.42680736E8
1.42494136E8
1.422956E8
1.42084904E8
1.4186188E8
1.41626464E8
1.41378696E8
1.4111876E8
1.40846896E8
1.40563472E8
1.40268968E8
1.39963976E8
1.39649144E8
1.39325264E8
1.3899316E8
1.3865376E8
1.38308008E8
1.37956928E8
1.37601528E8
1.3724284E8
1.3688192E8
1.36519752E8
1.36157336E8
1.357956E8
1.35435456E8
1.35077752E8
1.34723256E8
1.34372704E8
1.34026752E8
1.33686016E8
1.33351024E8
1.33022272E8
1.3270016E8
1.3238508E8
1.32077312E8
1.3177712E8
1.31484696E8
1.31200184E8
1.3092368E8
1.30655224E8
1.30394832E8
1.30142472E8
1.29898048E8
1.29661464E8
1.29432608E8
1.29211344E8
1.28997512E8
1.28790952E8
1.28591552E8
1.28399136E8
1.28213608E8
1.2803488E8
1.27862864E8
1.27697536E8
1.27538888E8
1.27386944E8
1.2724176E8
1.2710344E8
1.26972104E8
1.26847888E8
1.26730968E8
1.26621536E8
1.26519752E8
1.26425808E8
1.2633988E8
1.2626208E8
1.26192528E8
1.26131256E8
1.26078264E8
1.26033456E8
1.25996648E8
1.25967584E8
1.25945896E8
1.25931136E8
1.25922728E8
1.25920032E8
1.25922264E8
1.25928608E8
1.2593812E8
1.25949856E8
1.25962752E8
1.2597576E8
1.25987776E8
1.25997728E8
1.2600452E8
1.26007112E8
1.26004488E8
1.25995656E8
1.25979736E8
1.2595588E8
1.25923304E8
1.25881328E8
1.25829304E8
1.25766704E8
1.25693056E8
1.25607936E8
1.25511008E8
1.2540196E8
1.2528056E8
1.25146592E8
1.24999896E8
1.2484032E8
1.24667752E8
1.2448208E8
1.24283216E8
1.24071088E8
1.23845624E8
1.23606784E8
1.23354512E8
1.230888E8
1.22809664E8
1.22517128E8
1.2221128E8
1.21892264E8
1.21560256E8
1.21215504E8
1.20858384E8
1.20489296E8
1.20108768E8
1.19717416E8
1.19315968E8
1.18905256E8
1.18486176E8
1.18059776E8
1.17627184E8
1.17189584E8
1.16748264E8
1.16304528E8
1.15859784E8
1.15415392E8
1.1497276E8
1.14533296E8
1.14098344E8
1.13669248E8
1.13247272E8
1.12833616E8
1.12429424E8
1.12035752E8
1.11653568E8
1.11283784E8
1.10927192E8
1.1058456E8
1.10256576E8
1.09943864E8
1.09647032E8
1.09366616E8
1.09103192E8
1.08857272E8
1.08629384E8
1.08420088E8
1.08229936E8
1.08059488E8
1.0790932E8
1.07780016E8
1.07672168E8
1.07586328E8
1.07523048E8
1.07482816E8
1.07466064E8
1.07473152E8
1.07504344E8
1.07559776E8
1.07639448E8
1.07743264E8
1.0787092E8
1.08021976E8
1.08195824E8
1.08391728E8
1.08608776E8
1.08845904E8
1.0910196E8
1.09375624E8
1.09665536E8
1.09970216E8
1.10288176E8
1.1061784E8
1.10957648E8
1.11306056E8
1.11661496E8
1.12022456E8
1.1238748E8
1.12755128E8
1.13124056E8
1.13492944E8
1.1386056E8
1.14225696E8
1.14587248E8
1.14944104E8
1.1529524E8
1.15639672E8
1.15976408E8
1.16304536E8
1.16623136E8
1.16931328E8
1.1722824E8
1.17513008E8
1.17784824E8
1.18042864E8
1.18286336E8
1.18514472E8
1.18726512E8
1.18921752E8
1.19099504E8
1.19259096E8
1.19399928E8
1.19521392E8
1.19622944E8
1.19704104E8
1.19764384E8
1.19803384E8
1.19820752E8
1.19816176E8
1.19789408E8
1.19740296E8
1.19668704E8
1.19574616E8
1.19458096E8
1.19319296E8
1.19158448E8
1.18975928E8
1.18772168E8
1.18547752E8
1.18303344E8
1.1803976E8
1.1775788E8
1.17458744E8
1.17143448E8
1.16813224E8
1.16469368E8
1.16113288E8
1.15746432E8
1.15370312E8
1.14986512E8
1.14596616E8
1.14202216E8
1.13804944E8
1.13406368E8
1.13008056E8
1.12611464E8
1.12218032E8
1.11829056E8
1.11445744E8
1.11069184E8
1.1070028E8
1.10339832E8
1.09988448E8
1.09646576E8
1.09314512E8
1.0899236E8
1.08680112E8
1.0837756E8
1.08084408E8
1.07800216E8
1.07524472E8
1.07256568E8
1.0699584E8
1.06741592E8
1.06493096E8
1.062496E8
1.06010392E8
1.05774752E8
1.05541968E8
1.05311392E8
1.05082392E8
1.04854344E8
1.04626712E8
1.04398952E8
1.04170552E8
1.0394108E8
1.03710064E8
1.03477136E8
1.03241904E8
1.0300408E8
1.02763352E8
1.0251948E8
1.02272304E8
1.0202164E8
1.0176744E8
1.01509648E8
1.01248288E8
1.009834E8
1.00715112E8
1.00443552E8
1.00168888E8
9.9891304E7
9.9611008E7
9.9328208E7
9.9043096E7
9.8755872E7
9.846672E7
9.81758E7
9.7883272E7
9.758928E7
9.7293968E7
9.6997472E7
9.6699936E7
9.6401512E7
9.6102384E7
9.5802736E7
9.55028E7
9.5202848E7
9.4903152E7
9.4604008E7
9.4305768E7
9.4008792E7
9.3713408E7
9.3420008E7
9.3128952E7
9.284056E7
9.2555168E7
9.2273072E7
9.199452E7
9.1719752E7
9.1448952E7
9.1182264E7
9.0919784E7
9.0661576E7
9.0407656E7
9.0158008E7
8.9912576E7
8.9671264E7
8.943392E7
8.9200416E7
8.8970536E7
8.8744064E7
8.8520752E7
8.8300352E7
8.8082584E7
8.7867192E7
8.765392E7
8.7442536E7
8.7232848E7
8.7024728E7
8.681812E7
8.6613032E7
8.6409616E7
8.6208112E7
8.600892E7
8.581256E7
8.5619704E7
8.54312E7
8.5248024E7
8.5071312E7
8.4902336E7
8.4742488E7
8.4593256E7
8.4456232E7
8.4333024E7
8.4225304E7
8.413472E7
8.4062856E7
8.4011248E7
8.3981328E7
8.3974344E7
8.3991408E7
8.403344E7
8.4101104E7
8.4194832E7
8.4314848E7
8.446104E7
8.4633088E7
8.48304E7
8.5052088E7
8.5297104E7
8.5564096E7
8.5851552E7
8.6157808E7
8.6481016E7
8.681924E7
8.7170456E7
8.7532608E7
8.7903616E7
8.8281424E7
8.866404E7
8.9049536E7
8.943608E7
8.9821984E7
9.0205696E7
9.05858E7
9.0961064E7
9.1330352E7
9.1692736E7
9.2047376E7
9.2393592E7
9.2730784E7
9.3058408E7
9.3375984E7
9.368308E7
9.3979208E7
9.4263904E7
9.4536624E7
9.4796752E7
9.5043584E7
9.5276368E7
9.5494168E7
9.5696024E7
9.5880848E7
9.604748E7
9.619472E7
9.632128E7
9.642588E7
9.6507232E7
9.656408E7
9.6595256E7
9.6599624E7
9.6576208E7
9.6524136E7
9.6442704E7
9.6331376E7
9.6189808E7
9.6017864E7
9.5815576E7
9.5583248E7
9.5321352E7
9.5030592E7
9.471184E7
9.43662E7
9.399492E7
9.3599448E7
9.3181352E7
9.2742344E7
9.2284248E7
9.1808976E7
9.1318488E7
9.0814848E7
9.0300096E7
8.9776312E7
8.924556E7
8.8709904E7
8.8171352E7
8.7631864E7
8.709336E7
8.655764E7
8.6026488E7
8.550156E7
8.4984432E7
8.4476592E7
8.3979432E7
8.34942E7
8.3022112E7
8.2564232E7
8.2121528E7
8.1694864E7
8.1285E7
8.0892608E7
8.0518208E7
8.0162248E7
7.9825064E7
7.9506872E7
7.9207776E7
7.8927784E7
7.8666776E7
7.8424552E7
7.8200784E7
7.799504E7
7.78068E7
7.763544E7
7.7480272E7
7.7340472E7
7.72152E7
7.710352E7
7.700448E7
7.6917016E7
7.684012E7
7.6772688E7
7.6713632E7
7.6661896E7
7.6616392E7
7.6576056E7
7.6539856E7
7.65068E7
7.6475904E7
7.6446248E7
7.641692E7
7.6387112E7
7.6355984E7
7.6322792E7
7.628684E7
7.6247472E7
7.6204104E7
7.61562E7
7.6103336E7
7.6045136E7
7.5981328E7
7.5911728E7
7.5836272E7
7.5755016E7
7.566808E7
7.557576E7
7.5478416E7
7.5376552E7
7.5270752E7
7.5161656E7
7.5050024E7
7.4936616E7
7.4822216E7
7.4707616E7
7.4593568E7
7.4480776E7
7.4369824E7
7.4261216E7
7.4155312E7
7.4052304E7
7.3952232E7
7.385496E7
7.376016E7
7.366736E7
7.3575904E7
7.3485008E7
7.3393752E7
7.3301144E7
7.3206128E7
7.310764E7
7.30046E7
7.2896016E7
7.278096E7
7.2658648E7
7.2528456E7
7.2389912E7
7.2242768E7
7.2086992E7
7.1922792E7
7.1750544E7
7.1570912E7
7.138472E7
7.1192984E7
7.099692E7
7.0797816E7
7.0597096E7
7.0396256E7
7.0196808E7
7.0000264E7
6.980808E7
6.9621664E7
6.944228E7
6.9271072E7
6.9109056E7
6.8957016E7
6.8815568E7
6.8685136E7
6.856592E7
6.8457904E7
6.8360904E7
6.8274504E7
6.8198096E7
6.8130936E7
6.8072096E7
6.8020528E7
6.7975048E7
6.7934384E7
6.7897192E7
6.7862048E7
6.7827488E7
6.7792024E7
6.7754176E7
6.7712432E7
6.7665328E7
6.76114E7
6.7549232E7
6.7477448E7
6.7394744E7
6.7299872E7
6.7191632E7
6.706896E7
6.6930832E7
6.6776352E7
6.6604728E7
6.6415304E7
6.6207528E7
6.5981024E7
6.5735528E7
6.5470968E7
6.5187408E7
6.4885088E7
6.4564432E7
6.4226008E7
6.3870544E7
6.3498952E7
6.3112232E7
6.2711568E7
6.2298216E7
6.1873552E7
6.1439008E7
6.0996064E7
6.0546192E7
6.0090928E7
5.9631704E7
5.916992E7
5.8706896E7
5.8243856E7
5.7781888E7
5.7321944E7
5.6864816E7
5.6411152E7
5.5961424E7
5.5515928E7
5.5074824E7
5.4638128E7
5.4205672E7
5.3777216E7
5.3352384E7
5.2930728E7
5.251172E7
5.20948E7
5.1679376E7
5.1264816E7
5.0850552E7
5.0435976E7
5.0020568E7
4.9603792E7
4.9185208E7
4.8764416E7
4.834104E7
4.7914808E7
4.7485488E7
4.7052888E7
4.6616912E7
4.6177504E7
4.573468E7
4.5288512E7
4.483916E7
4.4386848E7
4.3931872E7
4.3474632E7
4.3015592E7
4.2555304E7
4.2094408E7
4.1633632E7
4.117376E7
4.0715648E7
4.0260216E7
3.9808424E7
3.9361248E7
3.8919696E7
3.848472E7
3.8057296E7
3.7638352E7
3.7228752E7
3.6829312E7
3.64408E7
3.6063864E7
3.5699136E7
3.5347136E7
3.5008328E7
3.4683136E7
3.437192E7
3.4074976E7
3.3792584E7
3.3524976E7
3.3272344E7
3.303488E7
3.281272E7
3.2605992E7
3.24148E7
3.2239192E7
3.2079208E7
3.1934888E7
3.1806176E7
3.1693024E7
3.1595368E7
3.1513064E7
3.1446E7
3.1394016E7
3.1356952E7
3.1334632E7
3.1326904E7
3.13336E7
3.13546E7
3.1389776E7
3.1439048E7
3.1502368E7
3.1579696E7
3.1671048E7
3.1776456E7
3.189596E7
3.202964E7
3.2177536E7
3.2339704E7
3.2516184E7
3.270696E7
3.2911984E7
3.3131144E7
3.3364272E7
3.3611128E7
3.3871376E7
3.4144632E7
3.4430416E7
3.4728192E7
3.5037336E7
3.5357176E7
3.5687008E7
3.602608E7
3.63736E7
3.6728808E7
3.7090912E7
3.745916E7
3.7832784E7
3.8211088E7
3.859336E7
3.8978992E7
3.9367328E7
3.9757808E7
4.0149864E7
4.0542944E7
4.093652E7
4.133004E7
4.1722944E7
4.2114664E7
4.2504576E7
4.2892008E7
4.3276272E7
4.3656568E7
4.4032104E7
4.4401992E7
4.476528E7
4.5121016E7
4.5468176E7
4.5805712E7
4.613256E7
4.6447688E7
4.6750016E7
4.7038544E7
4.7312288E7
4.7570312E7
4.7811752E7
4.803584E7
4.8241864E7
4.8429208E7
4.8597344E7
4.874584E7
4.8874368E7
4.8982672E7
4.9070592E7
4.9138064E7
4.9185056E7
4.9211664E7
4.9218008E7
4.9204272E7
4.9170672E7
4.911752E7
4.9045096E7
4.8953736E7
4.8843824E7
4.8715728E7
4.8569848E7
4.8406624E7
4.8226472E7
4.8029832E7
4.78172E7
4.7589024E7
4.7345824E7
4.7088088E7
4.6816352E7
4.6531144E7
4.6233024E7
4.5922544E7
4.5600232E7
4.5266672E7
4.4922392E7
4.4567904E7
4.4203728E7
4.3830328E7
4.3448104E7
4.3057464E7
4.265872E7
4.2252168E7
4.1838032E7
4.1416488E7
4.0987696E7
4.0551752E7
4.0108776E7
3.9658856E7
3.920212E7
3.873872E7
3.826888E7
3.7792904E7
3.7311176E7
3.6824248E7
3.6332776E7
3.5837576E7
3.5339656E7
3.4840192E7
3.4340528E7
3.3842224E7
3.334696E7
3.28566E7
3.2373192E7
3.1898848E7
3.14358E7
3.0986352E7
3.0552832E7
3.0137544E7
2.9742776E7
2.9370688E7
2.9023352E7
2.8702656E7
2.8410272E7
2.814764E7
2.7915952E7
2.7716072E7
2.7548592E7
2.7413728E7
2.7311384E7
2.7241136E7
2.7202248E7
2.7193616E7
2.7213904E7
2.7261488E7
2.7334496E7
2.7430888E7
2.7548448E7
2.7684864E7
2.7837784E7
2.8004784E7
2.8183512E7
2.8371672E7
2.8567064E7
2.8767632E7
2.8971496E7
2.9176952E7
2.9382504E7
2.9586856E7
2.9788952E7
2.9987912E7
3.0183072E7
3.0373952E7
3.0560232E7
3.0741736E7
3.09184E7
3.109028E7
3.1257464E7
3.1420112E7
3.15784E7
3.173248E7
3.1882496E7
3.2028576E7
3.2170768E7
3.2309056E7
3.244336E7
3.2573528E7
3.2699328E7
3.282044E7
3.2936456E7
3.3046928E7
3.3151288E7
3.3248944E7
3.3339224E7
3.3421392E7
3.3494712E7
3.3558392E7
3.3611584E7
3.3653496E7
3.3683296E7
3.3700168E7
3.3703344E7
3.369212E7
3.3665856E7
3.3623984E7
3.3566096E7
3.349188E7
3.3401192E7
3.3294088E7
3.3170776E7
3.3031688E7
3.2877472E7
3.2708984E7
3.2527296E7
3.2333664E7
3.2129568E7
3.1916648E7
3.1696648E7
3.1471464E7
3.1243096E7
3.1013536E7
3.0784816E7
3.055892E7
3.0337784E7
3.0123248E7
2.9916968E7
2.9720496E7
2.9535184E7
2.9362176E7
2.9202424E7
2.905664E7
2.8925368E7
2.8808896E7
2.8707384E7
2.862076E7
2.8548864E7
2.8491352E7
2.8447856E7
2.8417872E7
2.8400872E7
2.8396344E7
2.8403744E7
2.842256E7
2.8452352E7
2.8492696E7
2.8543264E7
2.8603776E7
2.8674008E7
2.8753816E7
2.8843072E7
2.8941752E7
2.9049792E7
2.9167168E7
2.929384E7
2.9429784E7
2.9574912E7
2.9729104E7
2.9892192E7
3.0063976E7
3.024416E7
3.0432408E7
3.0628336E7
3.0831496E7
3.10414E7
3.1257536E7
3.1479328E7
3.1706216E7
3.19376E7
3.2172912E7
3.2411544E7
3.2652904E7
3.289644E7
3.3141584E7
3.3387792E7
3.3634528E7
3.3881288E7
3.412756E7
3.4372864E7
3.4616712E7
3.4858656E7
3.509824E7
3.5335056E7
3.5568696E7
3.5798784E7
3.6024992E7
3.6247016E7
3.64646E7
3.6677568E7
3.6885744E7
3.7089064E7
3.7287472E7
3.7480992E7
3.766968E7
3.7853632E7
3.8032976E7
3.8207824E7
3.8378312E7
3.8544528E7
3.8706568E7
3.8864416E7
3.9018048E7
3.9167328E7
3.931204E7
3.9451904E7
3.9586544E7
3.9715512E7
3.9838272E7
3.9954272E7
4.0062904E7
4.0163552E7
4.025564E7
4.0338608E7
4.0411944E7
4.0475264E7
4.0528264E7
4.0570776E7
4.0602768E7
4.0624368E7
4.063584E7
4.0637624E7
4.0630288E7
4.0614552E7
4.0591256E7
4.056136E7
4.0525904E7
4.0486008E7
4.044284E7
4.0397592E7
4.035148E7
4.0305696E7
4.0261408E7
4.0219744E7
4.0181752E7
4.0148424E7
4.012064E7
4.0099224E7
4.0084848E7
4.0078104E7
4.0079464E7
4.0089272E7
4.0107784E7
4.013512E7
4.017132E7
4.0216312E7
4.0269936E7
4.0331968E7
4.0402112E7
4.0480032E7
4.0565344E7
4.0657632E7
4.0756472E7
4.0861424E7
4.0972056E7
4.1087936E7
4.12086E7
4.1333656E7
4.1462656E7
4.1595176E7
4.1730752E7
4.1868936E7
4.200924E7
4.2151128E7
4.2294056E7
4.2437376E7
4.258044E7
4.2722536E7
4.2862864E7
4.3000592E7
4.3134848E7
4.3264664E7
4.3389088E7
4.3507104E7
4.3617696E7
4.3719808E7
4.3812424E7
4.3894536E7
4.3965176E7
4.4023392E7
4.4068368E7
4.4099304E7
4.4115536E7
4.4116472E7
4.4101672E7
4.4070824E7
4.4023768E7
4.3960488E7
4.3881112E7
4.3785952E7
4.367548E7
4.3550312E7
4.3411256E7
4.3259264E7
4.3095432E7
4.2920976E7
4.2737296E7
4.2545832E7
4.2348192E7
4.2146032E7
4.1941096E7
4.173516E7
4.153004E7
4.1327568E7
4.1129552E7
4.0937816E7
4.0754064E7
4.0579984E7
4.041716E7
4.0267032E7
4.013096E7
4.0010096E7
3.9905472E7
3.9817904E7
3.9748016E7
3.9696216E7
3.9662728E7
3.964748E7
3.9650248E7
3.9670504E7
3.970756E7
3.9760504E7
3.9828208E7
3.990936E7
4.000252E7
4.0106072E7
4.0218328E7
4.0337472E7
4.0461696E7
4.0589112E7
4.0717872E7
4.0846136E7
4.0972136E7
4.109416E7
4.1210608E7
4.1319992E7
4.1420944E7
4.1512248E7
4.15928E7
4.1661664E7
4.1718064E7
4.1761352E7
4.179104E7
4.1806776E7
4.18084E7
4.1795808E7
4.1769072E7
4.1728408E7
4.167412E7
4.1606616E7
4.1526416E7
4.1434112E7
4.1330392E7
4.1215976E7
4.1091656E7
4.0958248E7
4.0816608E7
4.0667584E7
4.051204E7
4.0350816E7
4.0184728E7
4.0014592E7
3.9841152E7
3.966512E7
3.9487184E7
3.9307944E7
3.9128E7
3.8947856E7
3.8767976E7
3.8588768E7
3.841064E7
3.8233904E7
3.8058848E7
3.7885712E7
3.7714736E7
3.7546096E7
3.7379936E7
3.7216408E7
3.7055616E7
3.6897648E7
3.67426E7
3.6590536E7
3.6441504E7
3.6295576E7
3.61528E7
3.6013256E7
3.5876984E7
3.5744088E7
3.5614664E7
3.5488848E7
3.536676E7
3.5248576E7
3.5134512E7
3.5024792E7
3.4919664E7
3.4819408E7
3.4724312E7
3.4634688E7
3.4550824E7
3.4473008E7
3.4401512E7
3.4336568E7
3.4278336E7
3.422696E7
3.418248E7
3.4144864E7
3.4114E7
3.4089696E7
3.4071616E7
3.4059416E7
3.4052592E7
3.4050632E7
3.4052912E7
3.4058792E7
3.4067592E7
3.407864E7
3.4091256E7
3.4104824E7
3.4118744E7
3.4132552E7
3.4145832E7
3.4158304E7
3.4169824E7
3.4180384E7
3.4190144E7
3.4199408E7
3.420864E7
3.4218472E7
3.4229696E7
3.424324E7
3.4260176E7
3.428168E7
3.4309048E7
3.4343664E7
3.438696E7
3.4440432E7
3.4505576E7
3.4583912E7
3.4676928E7
3.4786072E7
3.4912728E7
3.505816E7
3.5223592E7
3.5410048E7
3.5618472E7
3.5849608E7
3.6104032E7
3.6382136E7
3.6684104E7
3.7009928E7
3.735936E7
3.7731984E7
3.8127104E7
3.8543848E7
3.8981128E7
3.9437672E7
3.9911992E7
4.0402424E7
4.0907184E7
4.1424312E7
4.1951696E7
4.24872E7
4.3028504E7
4.3573296E7
4.411916E7
4.466368E7
4.5204424E7
4.573896E7
4.6264888E7
4.677984E7
4.7281504E7
4.7767664E7
4.8236176E7
4.868504E7
4.9112344E7
4.9516352E7
4.989548E7
5.0248328E7
5.0573688E7
5.087056E7
5.1138152E7
5.1375896E7
5.1583472E7
5.1760776E7
5.1907952E7
5.2025352E7
5.2113568E7
5.2173408E7
5.2205864E7
5.2212152E7
5.2193616E7
5.2151784E7
5.2088328E7
5.2005032E7
5.1903768E7
5.1786544E7
5.1655368E7
5.1512344E7
5.1359608E7
5.1199296E7
5.1033568E7
5.086456E7
5.0694408E7
5.052516E7
5.0358848E7
5.0197424E7
5.0042744E7
4.9896544E7
4.9760464E7
4.9635984E7
4.9524448E7
4.9427008E7
4.9344632E7
4.9278072E7
4.9227896E7
4.9194432E7
4.9177776E7
4.9177808E7
4.9194168E7
4.9226264E7
4.9273312E7
4.9334312E7
4.940808E7
4.9493264E7
4.9588376E7
4.9691816E7
4.9801872E7
4.9916816E7
5.0034824E7
5.0154128E7
5.0272976E7
5.038964E7
5.0502496E7
5.0610008E7
5.0710784E7
5.080352E7
5.0887104E7
5.096056E7
5.102308E7
5.1074E7
5.1112832E7
5.1139264E7
5.115308E7
5.1154272E7
5.1142904E7
5.1119208E7
5.108348E7
5.1036136E7
5.097768E7
5.0908664E7
5.0829704E7
5.074148E7
5.0644696E7
5.0540056E7
5.0428344E7
5.0310304E7
5.0186696E7
5.0058296E7
4.9925856E7
4.9790144E7
4.9651872E7
4.9511792E7
4.93706E7
4.9228992E7
4.9087616E7
4.8947128E7
4.8808128E7
4.86712E7
4.8536872E7
4.8405648E7
4.8277992E7
4.8154304E7
4.8034976E7
4.7920304E7
4.7810576E7
4.770596E7
4.7606656E7
4.7512752E7
4.7424296E7
4.7341264E7
4.7263616E7
4.7191264E7
4.7124024E7
4.7061736E7
4.7004168E7
4.6951072E7
4.690216E7
4.6857152E7
4.6815744E7
4.6777632E7
4.6742512E7
4.6710088E7
4.6680064E7
4.665216E7
4.6626096E7
4.6601584E7
4.6578352E7
4.6556128E7
4.6534576E7
4.651336E7
4.6492112E7
4.6470384E7
4.6447688E7
4.642344E7
4.6396984E7
4.6367552E7
4.633432E7
4.6296336E7
4.6252552E7
4.6201848E7
4.6143016E7
4.6074776E7
4.5995816E7
4.5904784E7
4.5800312E7
4.5681088E7
4.5545776E7
4.539316E7
4.5222096E7
4.5031568E7
4.482068E7
4.4588712E7
4.433512E7
4.4059544E7
4.3761832E7
4.3442048E7
4.3100488E7
4.2737672E7
4.2354312E7
4.1951368E7
4.1529992E7
4.1091552E7
4.06376E7
4.0169824E7
3.9690104E7
3.9200408E7
3.8702848E7
3.8199584E7
3.76928E7
3.718476E7
3.6677648E7
3.617364E7
3.5674832E7
3.51832E7
3.4700584E7
3.422868E7
3.3769008E7
3.3322832E7
3.2891256E7
3.2475104E7
3.2075008E7
3.1691328E7
3.1324216E7
3.09736E7
3.0639184E7
3.0320504E7
3.0016936E7
2.9727688E7
2.9451912E7
2.9188616E7
2.8936824E7
2.869548E7
2.8463584E7
2.8240128E7
2.802416E7
2.7814824E7
2.761132E7
2.7412984E7
2.7219216E7
2.7029536E7
2.6843584E7
2.6661104E7
2.6481912E7
2.6305976E7
2.6133312E7
2.5964016E7
2.5798272E7
2.5636312E7
2.5478416E7
2.5324912E7
2.5176152E7
2.5032504E7
2.4894344E7
2.4762056E7
2.4636016E7
2.4516576E7
2.4404048E7
2.429876E7
2.4200952E7
2.411084E7
2.4028576E7
2.3954256E7
2.3887928E7
2.3829512E7
2.3778928E7
2.373596E7
2.3700328E7
2.3671656E7
2.3649504E7
2.3633304E7
2.3622432E7
2.3616176E7
2.3613728E7
2.3614248E7
2.3616792E7
2.36204E7
2.3624072E7
2.3626776E7
2.362748E7
2.3625176E7
2.3618872E7
2.3607608E7
2.3590528E7
2.3566816E7
2.3535736E7
2.349668E7
2.344916E7
2.3392752E7
2.3327208E7
2.3252392E7
2.3168256E7
2.3074928E7
2.2972608E7
2.2861616E7
2.2742408E7
2.2615488E7
2.2481448E7
2.2340944E7
2.2194712E7
2.2043472E7
2.1888E7
2.1729064E7
2.1567408E7
2.1403776E7
2.1238848E7
2.1073272E7
2.09076E7
2.07424E7
2.0578096E7
2.041508E7
2.0253672E7
2.0094152E7
1.993676E7
1.9781664E7
1.962904E7
1.9479016E7
1.9331776E7
1.9187472E7
1.9046296E7
1.890844E7
1.8774192E7
1.8643824E7
1.851768E7
1.8396128E7
1.8279584E7
1.8168496E7
1.806332E7
1.7964536E7
1.7872608E7
1.7788008E7
1.7711208E7
1.7642616E7
1.7582608E7
1.7531536E7
1.7489704E7
1.7457352E7
1.7434656E7
1.7421752E7
1.7418704E7
1.7425544E7
1.7442264E7
1.7468768E7
1.7504976E7
1.7550744E7
1.7605912E7
1.7670304E7
1.7743712E7
1.7825936E7
1.791676E7
1.8015944E7
1.8123256E7
1.823844E7
1.8361272E7
1.8491448E7
1.8628712E7
1.8772768E7
1.8923336E7
1.9080128E7
1.9242832E7
1.9411152E7
1.9584808E7
1.9763536E7
1.994708E7
2.0135248E7
2.0327864E7
2.0524824E7
2.0726064E7
2.09316E7
2.1141512E7
2.1355944E7
2.157512E7
2.179932E7
2.2028888E7
2.2264224E7
2.2505776E7
2.2754E7
2.3009352E7
2.3272296E7
2.3543272E7
2.3822672E7
2.4110808E7
2.4407912E7
2.4714152E7
2.5029528E7
2.5353968E7
2.5687272E7
2.6029064E7
2.6378888E7
2.6736096E7
2.7099976E7
2.7469648E7
2.7844144E7
2.8222408E7
2.8603296E7
2.8985568E7
2.9367968E7
2.9749208E7
3.0127968E7
3.0502944E7
3.0872856E7
3.123644E7
3.1592528E7
3.1939976E7
3.2277784E7
3.2604984E7
3.292076E7
3.32244E7
3.3515312E7
3.3793032E7
3.405724E7
3.4307728E7
3.4544432E7
3.4767392E7
3.4976792E7
3.5172912E7
3.5356144E7
3.5526952E7
3.568592E7
3.583368E7
3.597092E7
3.6098408E7
3.6216936E7
3.632732E7
3.64304E7
3.6527032E7
3.6618064E7
3.6704344E7
3.6786688E7
3.6865888E7
3.6942736E7
3.7017928E7
3.7092168E7
3.7166056E7
3.7240184E7
3.7315032E7
3.739104E7
3.7468576E7
3.7547888E7
3.7629192E7
3.7712568E7
3.7798032E7
3.7885464E7
3.797464E7
3.806524E7
3.8156776E7
3.8248672E7
3.8340192E7
3.8430464E7
3.851848E7
3.8603072E7
3.8683E7
3.8756856E7
3.8823136E7
3.8880256E7
3.8926584E7
3.8960424E7
3.8980088E7
3.898392E7
3.8970296E7
3.8937712E7
3.8884776E7
3.8810224E7
3.8713016E7
3.8592264E7
3.8447336E7
3.827784E7
3.8083592E7
3.7864712E7
3.7621536E7
3.7354648E7
3.7064872E7
3.6753248E7
3.642104E7
3.6069664E7
3.5700712E7
3.5315936E7
3.4917136E7
3.450624E7
3.4085232E7
3.3656096E7
3.3220824E7
3.2781392E7
3.2339736E7
3.1897696E7
3.1457064E7
3.101948E7
3.058652E7
3.0159608E7
2.974004E7
2.9328992E7
2.8927456E7
2.8536344E7
2.8156408E7
2.7788272E7
2.7432448E7
2.7089344E7
2.6759256E7
2.6442376E7
2.6138872E7
2.5848792E7
2.5572136E7
2.5308856E7
2.5058888E7
2.482208E7
2.4598272E7
2.4387296E7
2.418892E7
2.400288E7
2.3828888E7
2.366664E7
2.3515776E7
2.3375872E7
2.3246496E7
2.3127136E7
2.3017272E7
2.291628E7
2.2823512E7
2.273828E7
2.2659824E7
2.258736E7
2.2520056E7
2.2457032E7
2.2397416E7
2.2340264E7
2.2284656E7
2.2229672E7
2.2174368E7
2.2117832E7
2.2059144E7
2.1997472E7
2.193196E7
2.1861856E7
2.178644E7
2.1705096E7
2.1617248E7
2.1522464E7
2.1420392E7
2.13108E7
2.1193608E7
2.1068872E7
2.0936776E7
2.0797664E7
2.065204E7
2.0500568E7
2.0344032E7
2.0183376E7
2.0019672E7
1.9854104E7
1.9687952E7
1.9522528E7
1.9359224E7
1.9199448E7
1.9044552E7
1.8895888E7
1.875472E7
1.8622224E7
1.8499448E7
1.8387304E7
1.8286552E7
1.8197792E7
1.8121448E7
1.8057776E7
1.800684E7
1.7968552E7
1.7942656E7
1.7928752E7
1.7926312E7
1.7934664E7
1.7953048E7
1.7980616E7
1.8016408E7
1.8059464E7
1.8108728E7
1.8163128E7
1.82216E7
1.8283032E7
1.8346336E7
1.8410448E7
1.8474336E7
1.8536992E7
1.859748E7
1.8654888E7
1.8708424E7
1.8757336E7
1.8800952E7
1.8838752E7
1.8870264E7
1.8895136E7
1.8913176E7
1.8924264E7
1.8928448E7
1.8925864E7
1.8916816E7
1.8901728E7
1.8881152E7
1.8855728E7
1.8826256E7
1.87936E7
1.8758744E7
1.872272E7
1.8686648E7
1.8651648E7
1.8618896E7
1.858956E7
1.8564784E7
1.8545656E7
1.8533232E7
1.8528472E7
1.8532248E7
1.8545304E7
1.8568264E7
1.8601624E7
1.8645704E7
1.8700704E7
1.8766656E7
1.8843416E7
1.8930712E7
1.9028128E7
1.9135104E7
1.925096E7
1.9374944E7
1.950616E7
1.964372E7
1.978664E7
1.9933944E7
2.0084664E7
2.0237848E7
2.0392584E7
2.0548056E7
2.0703496E7
2.0858248E7
2.1011728E7
2.116344E7
2.1313032E7
2.1460176E7
2.1604632E7
2.1746232E7
2.1884824E7
2.2020248E7
2.215236E7
2.228096E7
2.24058E7
2.2526576E7
2.2642848E7
2.2754104E7
2.285972E7
2.295896E7
2.3050984E7
2.3134832E7
2.3209488E7
2.327384E7
2.3326752E7
2.336704E7
2.339352E7
2.3405048E7
2.3400488E7
2.3378808E7
2.3339032E7
2.3280312E7
2.3201912E7
2.3103264E7
2.2983912E7
2.2843576E7
2.2682128E7
2.2499624E7
2.2296248E7
2.2072376E7
2.182852E7
2.1565344E7
2.1283632E7
2.0984304E7
2.0668424E7
2.0337088E7
1.9991552E7
1.9633112E7
1.9263136E7
1.8883056E7
1.8494352E7
1.809852E7
1.769708E7
1.72916E7
1.6883624E7
1.6474696E7
1.6066392E7
1.5660208E7
1.5257656E7
1.4860208E7
1.4469304E7
1.408632E7
1.3712584E7
1.3349328E7
1.2997744E7
1.2658912E7
1.2333808E7
1.2023312E7
1.1728176E7
1.1449048E7
1.1186408E7
1.094064E7
1.0711968E7
1.0500504E7
1.0306192E7
1.0128872E7
9968280.0
9824024.0
9695624.0
9582528.0
9484096.0
9399648.0
9328488.0
9269856.0
9223016.0
9187200.0
9161688.0
9145744.0
9138656.0
9139736.0
9148344.0
9163816.0
9185512.0
9212800.0
9245040.0
9281576.0
9321736.0
9364800.0
9410024.0
9456616.0
9503752.0
9550536.0
9596048.0
9639344.0
9679448.0
9715352.0
9746072.0
9770672.0
9788192.0
9797768.0
9798592.0
9789952.0
9771224.0
9741912.0
9701624.0
9650080.0
9587144.0
9512784.0
9427080.0
9330208.0
9222440.0
9104120.0
8975616.0
8837368.0
8689808.0
8533360.0
8368456.0
8195464.0
8014696.0
7826408.0
7630816.0
7428048.0
7218160.0
7001144.0
6776960.0
6545480.0
6306592.0
6060112.0
5805880.0
5543752.0
5273552.0
4995192.0
4708552.0
4413616.0
4110360.0
3798848.0
3479160.0
3151408.0
2815776.0
2472448.0
2121640.0
1763616.0
1398648.0
1027016.0
649048.0
265096.0
-124464.0
-519224.0
-918704.0
-1322368.0
-1729632.0
-2139792.0
-2552096.0
-2965664.0
-3379560.0
-3792712.0
-4203976.0
-4612128.0
-5015872.0
-5413856.0
-5804688.0
-6186984.0
-6559352.0
-6920464.0
-7269032.0
-7603872.0
-7923920.0
-8228240.0
-8516032.0
-8786672.0
-9039704.0
-9274816.0
-9491864.0
-9690864.0
-9871960.0
-1.0035408E7
-1.0181568E7
-1.0310888E7
-1.0423864E7
-1.052104E7
-1.060296E7
-1.0670152E7
-1.0723168E7
-1.0762496E7
-1.0788584E7
-1.0801864E7
-1.0802648E7
-1.0791264E7
-1.0767896E7
-1.0732728E7
-1.0685872E7
-1.062736E7
-1.0557176E7
-1.0475256E7
-1.0381488E7
-1.0275696E7
-1.0157704E7
-1.0027256E7
-9884088.0
-9727952.0
-9558576.0
-9375672.0
-9179024.0
-8968416.0
-8743704.0
-8504808.0
-8251736.0
-7984592.0
-7703616.0
-7409136.0
-7101656.0
-6781832.0
-6450456.0
-6108464.0
-5757016.0
-5397336.0
-5030880.0
-4659176.0
-4283888.0
-3906792.0
-3529728.0
-3154568.0
-2783232.0
-2417624.0
-2059592.0
-1710928.0
-1373328.0
-1048360.0
-737424.0
-441792.0
-162480.0
99616.0
343904.0
569920.0
777472.0
966552.0
1137344.0
1290224.0
1425744.0
1544584.0
1647560.0
1735592.0
1809688.0
1870912.0
1920336.0
1959088.0
1988248.0
2008944.0
2022192.0
2029000.0
2030336.0
2027080.0
2020032.0
2009968.0
1997544.0
1983384.0
1968008.0
1951904.0
1935496.0
1919120.0
1903112.0
1887720.0
1873152.0
1859584.0
1847176.0
1836032.0
1826208.0
1817768.0
1810728.0
1805064.0
1800728.0
1797632.0
1795648.0
1794632.0
1794352.0
1794568.0
1795000.0
1795320.0
1795144.0
1794112.0
1791816.0
1787904.0
1781960.0
1773712.0
1762872.0
1749288.0
1732912.0
1713800.0
1692224.0
1668560.0
1643424.0
1617616.0
1592144.0
1568192.0
1547184.0
1530696.0
1520512.0
1518536.0
1526800.0
1547432.0
1582576.0
1634440.0
1705160.0
1796832.0
1911424.0
2050760.0
2216496.0
2410040.0
2632592.0
2885096.0
3168176.0
3482192.0
3827224.0
4203080.0
4609272.0
5045048.0
5509440.0
6001280.0
6519168.0
7061608.0
7626944.0
8213424.0
8819264.0
9442600.0
1.0081608E7
1.0734432E7
1.139932E7
1.2074488E7
1.2758288E7
1.3449088E7
1.414536E7
1.4845664E7
1.5548608E7
1.625288E7
1.6957224E7
1.7660424E7
1.8361312E7
1.9058752E7
1.97516E7
2.0438704E7
2.1118952E7
2.1791192E7
2.245424E7
2.3106896E7
2.374796E7
2.4376192E7
2.4990344E7
2.5589208E7
2.6171544E7
2.673616E7
2.7281912E7
2.7807728E7
2.8312592E7
2.87956E7
2.9255968E7
2.9693048E7
3.0106312E7
3.0495392E7
3.0860112E7
3.1200416E7
3.1516416E7
3.1808416E7
3.2076856E7
3.2322288E7
3.254544E7
3.2747136E7
3.2928296E7
3.308992E7
3.3233104E7
3.3358952E7
3.3468624E7
3.3563328E7
3.364424E7
3.3712544E7
3.3769424E7
3.3816048E7
3.385352E7
3.388296E7
3.3905424E7
3.3921912E7
3.39334E7
3.3940816E7
3.3944984E7
3.3946736E7
3.3946784E7
3.3945792E7
3.3944368E7
3.3943016E7
3.3942176E7
3.394224E7
3.3943464E7
3.3946112E7
3.395032E7
3.3956176E7
3.3963728E7
3.3972968E7
3.3983816E7
3.3996192E7
3.4009976E7
3.4024992E7
3.4041072E7
3.4058016E7
3.40756E7
3.4093552E7
3.4111616E7
3.4129488E7
3.4146792E7
3.4163184E7
3.417824E7
3.4191496E7
3.420248E7
3.4210664E7
3.4215496E7
3.4216432E7
3.421292E7
3.4204384E7
3.4190328E7
3.4170256E7
3.4143768E7
3.4110528E7
3.407028E7
3.4022904E7
3.396836E7
3.3906784E7
3.3838376E7
3.3763528E7
3.3682704E7
3.3596552E7
3.3505768E7
3.3411184E7
3.3313696E7
3.3214288E7
3.3113976E7
3.3013808E7
3.2914832E7
3.2818088E7
3.2724576E7
3.2635232E7
3.2550928E7
3.2472416E7
3.2400336E7
3.2335192E7
3.2277352E7
3.2227008E7
3.2184176E7
3.2148704E7
3.2120256E7
3.2098296E7
3.2082144E7
3.207092E7
3.2063608E7
3.2059016E7
3.2055848E7
3.2052688E7
3.2048032E7
3.2040312E7
3.2027928E7
3.2009256E7
3.1982712E7
3.1946688E7
3.1899688E7
3.1840272E7
3.1767128E7
3.1679008E7
3.1574816E7
3.1453616E7
3.1314584E7
3.1157064E7
3.0980544E7
3.0784648E7
3.0569168E7
3.0334E7
3.0079224E7
2.9804976E7
2.9511568E7
2.9199376E7
2.8868864E7
2.8520584E7
2.8155144E7
2.7773232E7
2.7375536E7
2.6962776E7
2.6535728E7
2.609512E7
2.5641696E7
2.5176176E7
2.4699264E7
2.4211632E7
2.3713872E7
2.3206584E7
2.2690296E7
2.2165504E7
2.1632664E7
2.1092184E7
2.0544456E7
1.9989856E7
1.942876E7
1.8861512E7
1.8288528E7
1.7710208E7
1.7127032E7
1.6539512E7
1.5948256E7
1.5353896E7
1.47572E7
1.4159E7
1.3560216E7
1.2961856E7
1.2365008E7
1.1770824E7
1.118052E7
1.059536E7
1.00166E7
9445528.0
8883400.0
8331424.0
7790736.0
7262400.0
6747312.0
6246304.0
5759952.0
5288720.0
4832864.0
4392432.0
3967232.0
3556872.0
3160760.0
2778104.0
2407880.0
2048912.0
1699872.0
1359328.0
1025712.0
697432.0
372840.0
50336.0
-271664.0
-594664.0
-920024.0
-1248992.0
-1582656.0
-1921888.0
-2267368.0
-2619584.0
-2978784.0
-3345000.0
-3718064.0
-4097584.0
-4483016.0
-4873576.0
-5268376.0
-5666384.0
-6066432.0
-6467296.0
-6867664.0
-7266192.0
-7661528.0
-8052312.0
-8437232.0
-8815000.0
-9184416.0
-9544336.0
-9893744.0
-1.0231712E7
-1.0557456E7
-1.0870296E7
-1.1169696E7
-1.1455264E7
-1.1726736E7
-1.1984008E7
-1.2227088E7
-1.2456144E7
-1.2671416E7
-1.2873312E7
-1.3062296E7
-1.323892E7
-1.34038E7
-1.3557592E7
-1.3701E7
-1.3834688E7
-1.3959344E7
-1.4075592E7
-1.4184032E7
-1.4285176E7
-1.437948E7
-1.446732E7
-1.4548944E7
-1.462456E7
-1.4694232E7
-1.4757976E7
-1.4815688E7
-1.4867216E7
-1.4912312E7
-1.495068E7
-1.4981936E7
-1.500568E7
-1.5021472E7
-1.5028832E7
-1.5027232E7
-1.5016184E7
-1.4995136E7
-1.4963568E7
-1.492092E7
-1.486668E7
-1.4800336E7
-1.4721408E7
-1.4629432E7
-1.4523992E7
-1.4404712E7
-1.4271296E7
-1.4123472E7
-1.3961104E7
-1.3784096E7
-1.359244E7
-1.3386256E7
-1.3165752E7
-1.2931232E7
-1.2683104E7
-1.2421888E7
-1.21482E7
-1.1862728E7
-1.1566248E7
-1.1259584E7
-1.094364E7
-1.0619288E7
-1.0287472E7
-9949072.0
-9604968.0
-9255984.0
-8902880.0
-8546336.0
-8186944.0
-7825192.0
-7461472.0
-7096096.0
-6729280.0
-6361152.0
-5991784.0
-5621232.0
-5249504.0
-4876616.0
-4502624.0
-4127640.0
-3751816.0
-3375424.0
-2998832.0
-2622520.0
-2247096.0
-1873280.0
-1501912.0
-1133936.0
-770392.0
-412384.0
-61056.0
282384.0
616776.0
940960.0
1253776.0
1554192.0
1841216.0
2113984.0
2371672.0
2613616.0
2839256.0
3048080.0
3239728.0
3413896.0
3570336.0
3708864.0
3829328.0
3931624.0
4015600.0
4081176.0
4128184.0
4156520.0
4165992.0
4156448.0
4127672.0
4079472.0
4011664.0
3924080.0
3816544.0
3688960.0
3541272.0
3373488.0
3185680.0
2978048.0
2750800.0
2504344.0
2239096.0
1955616.0
1654560.0
1336680.0
1002776.0
653760.0
290584.0
-85704.0
-474088.0
-873424.0
-1282632.0
-1700584.0
-2126136.0
-2558216.0
-2995728.0
-3437616.0
-3882880.0
-4330552.0
-4779688.0
-5229488.0
-5679104.0
-6127832.0
-6574976.0
-7019944.0
-7462176.0
-7901192.0
-8336576.0
-8767936.0
-9194992.0
-9617448.0
-1.0035088E7
-1.0447728E7
-1.0855192E7
-1.1257368E7
-1.1654104E7
-1.204532E7
-1.2430856E7
-1.2810616E7
-1.3184464E7
-1.3552232E7
-1.391376E7
-1.426884E7
-1.4617248E7
-1.495876E7
-1.5293096E7
-1.561996E7
-1.593908E7
-1.625016E7
-1.6552912E7
-1.684704E7
-1.7132296E7
-1.7408472E7
-1.7675376E7
-1.7932896E7
-1.8180968E7
-1.8419608E7
-1.8648896E7
-1.8869032E7
-1.908028E7
-1.9283E7
-1.947768E7
-1.9664872E7
-1.9845232E7
-2.001952E7
-2.018856E7
-2.0353232E7
-2.0514488E7
-2.0673328E7
-2.0830744E7
-2.0987736E7
-2.1145288E7
-2.130432E7
-2.1465712E7
-2.1630216E7
-2.1798504E7
-2.1971128E7
-2.2148496E7
-2.2330864E7
-2.2518352E7
-2.2710928E7
-2.2908408E7
-2.311048E7
-2.3316712E7
-2.3526528E7
-2.3739312E7
-2.395432E7
-2.4170776E7
-2.4387872E7
-2.460476E7
-2.4820616E7
-2.50346E7
-2.5245904E7
-2.545376E7
-2.5657416E7
-2.5856168E7
-2.6049344E7
-2.6236272E7
-2.6416336E7
-2.658892E7
-2.6753392E7
-2.6909104E7
-2.70554E7
-2.7191576E7
-2.7316912E7
-2.74306E7
-2.7531824E7
-2.7619712E7
-2.7693336E7
-2.7751776E7
-2.7794056E7
-2.7819216E7
-2.7826336E7
-2.7814472E7
-2.7782784E7
-2.7730504E7
-2.7656928E7
-2.7561456E7
-2.7443632E7
-2.7303112E7
-2.7139704E7
-2.6953344E7
-2.6744096E7
-2.6512192E7
-2.6257992E7
-2.5981976E7
-2.5684752E7
-2.5367032E7
-2.5029656E7
-2.467352E7
-2.429964E7
-2.3909056E7
-2.3502912E7
-2.3082376E7
-2.2648656E7
-2.2202976E7
-2.17466E7
-2.1280776E7
-2.080676E7
-2.0325768E7
-1.983904E7
-1.9347728E7
-1.8852992E7
-1.835596E7
-1.7857664E7
-1.7359136E7
-1.6861352E7
-1.6365256E7
-1.5871752E7
-1.5381704E7
-1.4895984E7
-1.4415424E7
-1.3940896E7
-1.3473184E7
-1.3013168E7
-1.2561688E7
-1.2119624E7
-1.1687848E7
-1.1267248E7
-1.0858704E7
-1.0463104E7
-1.0081312E7
-9714184.0
-9362536.0
-9027128.0
-8708680.0
-8407832.0
-8125160.0
-7861152.0
-7616200.0
-7390608.0
-7184568.0
-6998168.0
-6831368.0
-6684056.0
-6555968.0
-6446728.0
-6355864.0
-6282744.0
-6226640.0
-6186696.0
-6161936.0
-6151264.0
-6153464.0
-6167184.0
-6191000.0
-6223328.0
-6262536.0
-6306872.0
-6354496.0
-6403520.0
-6451992.0
-6497944.0
-6539320.0
-6574104.0
-6600320.0
-6615944.0
-6619056.0
-6607784.0
-6580352.0
-6535056.0
-6470344.0
-6384792.0
-6277088.0
-6146112.0
-5990856.0
-5810544.0
-5604512.0
-5372288.0
-5113544.0
-4828120.0
-4516008.0
-4177336.0
-3812352.0
-3421440.0
-3005096.0
-2563912.0
-2098568.0
-1609848.0
-1098640.0
-565864.0
-12560.0
560136.0
1151088.0
1758968.0
2382432.0
3020016.0
3670200.0
4331320.0
5001656.0
5679408.0
6362648.0
7049408.0
7737632.0
8425208.0
9109992.0
9789800.0
1.0462464E7
1.1125816E7
1.1777768E7
1.2416248E7
1.3039312E7
1.3645136E7
1.4232032E7
1.4798488E7
1.5343152E7
1.5864864E7
1.6362704E7
1.683596E7
1.7284096E7
1.77068E7
1.8104016E7
1.8475816E7
1.882248E7
1.9144424E7
1.9442224E7
1.9716592E7
1.9968304E7
2.0198232E7
2.0407304E7
2.0596464E7
2.0766688E7
2.0918968E7
2.1054248E7
2.1173488E7
2.1277592E7
2.1367416E7
2.1443792E7
2.1507488E7
2.1559248E7
2.1599704E7
2.1629488E7
2.1649168E7
2.1659256E7
2.16602E7
2.1652424E7
2.1636264E7
2.161204E7
2.1580024E7
2.1540392E7
2.1493328E7
2.1438944E7
2.137732E7
2.1308472E7
2.1232432E7
2.114916E7
2.1058632E7
2.0960768E7
2.0855544E7
2.074288E7
2.0622776E7
2.0495184E7
2.0360144E7
2.021768E7
2.0067912E7
1.9910936E7
1.9746912E7
1.957608E7
1.939864E7
1.9214872E7
1.9025064E7
1.882952E7
1.862856E7
1.8422496E7
1.8211656E7
1.7996336E7
1.7776832E7
1.7553408E7
1.7326304E7
1.7095728E7
1.6861848E7
1.6624792E7
1.6384664E7
1.6141512E7
1.5895344E7
1.564616E7
1.5393856E7
1.5138352E7
1.4879512E7
1.4617168E7
1.4351128E7
1.4081184E7
1.380712E7
1.3528672E7
1.3245632E7
1.295772E7
1.2664704E7
1.2366368E7
1.206248E7
1.175284E7
1.1437264E7
1.1115616E7
1.0787752E7
1.04536E7
1.0113096E7
9766200.0
9412968.0
9053440.0
8687696.0
8315888.0
7938144.0
7554704.0
7165760.0
6771576.0
6372416.0
5968576.0
5560384.0
5148160.0
4732232.0
4312960.0
3890672.0
3465736.0
3038480.0
2609240.0
2178320.0
1746048.0
1312688.0
878512.0
443736.0
8584.0
-426760.0
-862152.0
-1297408.0
-1732408.0
-2167000.0
-2601072.0
-3034472.0
-3467032.0
-3898576.0
-4328896.0
-4757728.0
-5184792.0
-5609776.0
-6032312.0
-6451992.0
-6868408.0
-7281080.0
-7689536.0
-8093312.0
-8491920.0
-8884880.0
-9271728.0
-9652056.0
-1.0025448E7
-1.0391544E7
-1.0750032E7
-1.1100616E7
-1.1443032E7
-1.1777088E7
-1.210256E7
-1.2419272E7
-1.2727032E7
-1.3025672E7
-1.331496E7
-1.3594664E7
-1.3864496E7
-1.4124104E7
-1.437308E7
-1.4610952E7
-1.4837136E7
-1.5050984E7
-1.525176E7
-1.5438632E7
-1.5610656E7
-1.5766848E7
-1.5906128E7
-1.602736E7
-1.6129328E7
-1.6210824E7
-1.6270576E7
-1.630736E7
-1.631992E7
-1.6307072E7
-1.6267656E7
-1.6200632E7
-1.610504E7
-1.5980032E7
-1.5824904E7
-1.563912E7
-1.542228E7
-1.5174184E7
-1.489484E7
-1.4584424E7
-1.4243336E7
-1.3872208E7
-1.3471864E7
-1.3043376E7
-1.2588016E7
-1.2107264E7
-1.1602824E7
-1.10766E7
-1.0530712E7
-9967440.0
-9389248.0
-8798744.0
-8198704.0
-7591992.0
-6981576.0
-6370504.0
-5761872.0
-5158784.0
-4564328.0
-3981544.0
-3413440.0
-2862848.0
-2332528.0
-1825032.0
-1342744.0
-887816.0
-462160.0
-67424.0
295008.0
624096.0
919048.0
1179408.0
1405024.0
1596048.0
1752952.0
1876464.0
1967600.0
2027648.0
2058080.0
2060640.0
2037192.0
1989776.0
1920560.0
1831792.0
1725768.0
1604824.0
1471296.0
1327472.0
1175616.0
1017872.0
856328.0
692920.0
529464.0
367648.0
208984.0
54848.0
-93536.0
-235136.0
-369032.0
-494480.0
-610832.0
-717624.0
-814488.0
-901160.0
-977480.0
-1043400.0
-1098952.0
-1144192.0
-1179320.0
-1204552.0
-1220160.0
-1226480.0
-1223880.0
-1212792.0
-1193680.0
-1167048.0
-1133440.0
-1093432.0
-1047624.0
-996672.0
-941248.0
-882040.0
-819784.0
-755216.0
-689120.0
-622256.0
-555448.0
-489504.0
-425248.0
-363536.0
-305184.0
-251064.0
-201992.0
-158808.0
-122304.0
-93256.0
-72368.0
-60304.0
-57616.0
-64784.0
-82136.0
-109856.0
-148000.0
-196416.0
-254760.0
-322528.0
-398952.0
-483088.0
-573776.0
-669672.0
-769216.0
-870728.0
-972328.0
-1072040.0
-1167816.0
-1257520.0
-1338984.0
-1410048.0
-1468616.0
-1512608.0
-1540104.0
-1549288.0
-1538488.0
-1506232.0
-1451240.0
-1372480.0
-1269096.0
-1140520.0
-986400.0
-806608.0
-601256.0
-370672.0
-115360.0
163968.0
466472.0
791200.0
1137048.0
1502896.0
1887536.0
2289760.0
2708352.0
3142072.0
3589792.0
4050344.0
4522632.0
5005616.0
5498248.0
5999544.0
6508520.0
7024168.0
7545480.0
8071368.0
8600688.0
9132224.0
9664632.0
1.019648E7
1.07262E7
1.125208E7
1.177236E7
1.2285096E7
1.2788296E7
1.3279896E7
1.37578E7
1.4219888E7
1.4664104E7
1.5088384E7
1.5490792E7
1.5869504E7
1.6222832E7
1.6549248E7
1.6847408E7
1.711616E7
1.7354504E7
1.7561688E7
1.7737136E7
1.7880376E7
1.7991192E7
1.8069448E7
1.8115168E7
1.8128464E7
1.8109552E7
1.8058704E7
1.7976288E7
1.7862704E7
1.7718384E7
1.75438E7
1.7339488E7
1.7105968E7
1.6843832E7
1.6553688E7
1.6236216E7
1.5892104E7
1.5522168E7
1.5127224E7
1.4708184E7
1.426604E7
1.380188E7
1.3316848E7
1.28122E7
1.2289264E7
1.1749464E7
1.119432E7
1.0625376E7
1.0044312E7
9452824.0
8852688.0
8245696.0
7633696.0
7018520.0
6402000.0
5785984.0
5172232.0
4562504.0
3958448.0
3361648.0
2773576.0
2195624.0
1629000.0
1074816.0
534024.0
7424.0
-504344.0
-1000808.0
-1481624.0
-1946624.0
-2395792.0
-2829224.0
-3247176.0
-3650000.0
-4038128.0
-4412128.0
-4772568.0
-5120104.0
-5455416.0
-5779176.0
-6092040.0
-6394640.0
-6687552.0
-6971296.0
-7246328.0
-7512976.0
-7771504.0
-8022072.0
-8264712.0
-8499392.0
-8725984.0
-8944232.0
-9153840.0
-9354416.0
-9545584.0
-9726832.0
-9897688.0
-1.0057696E7
-1.0206368E7
-1.0343288E7
-1.046804E7
-1.0580336E7
-1.0679904E7
-1.0766624E7
-1.08404E7
-1.0901336E7
-1.0949592E7
-1.0985496E7
-1.1009488E7
-1.102216E7
-1.1024224E7
-1.1016536E7
-1.1000096E7
-1.0976016E7
-1.0945536E7
-1.0910024E7
-1.0870936E7
-1.0829816E7
-1.0788288E7
-1.0748056E7
-1.0710824E7
-1.067836E7
-1.0652424E7
-1.063476E7
-1.0627088E7
-1.0631064E7
-1.064828E7
-1.068024E7
-1.0728336E7
-1.0793824E7
-1.087784E7
-1.0981296E7
-1.1105016E7
-1.1249576E7
-1.1415384E7
-1.1602608E7
-1.1811256E7
-1.2041072E7
-1.2291632E7
-1.2562288E7
-1.285216E7
-1.31602E7
-1.3485184E7
-1.3825672E7
-1.4180112E7
-1.4546784E7
-1.492388E7
-1.530944E7
-1.5701456E7
-1.6097848E7
-1.6496496E7
-1.6895296E7
-1.7292088E7
-1.76848E7
-1.8071368E7
-1.844984E7
-1.8818328E7
-1.9175064E7
-1.9518408E7
-1.9846896E7
-2.0159184E7
-2.0454144E7
-2.0730824E7
-2.0988488E7
-2.12266E7
-2.1444832E7
-2.1643128E7
-2.18216E7
-2.19806E7
-2.2120712E7
-2.2242696E7
-2.2347536E7
-2.2436384E7
-2.2510544E7
-2.2571456E7
-2.2620696E7
-2.2659912E7
-2.2690792E7
-2.271508E7
-2.2734472E7
-2.275064E7
-2.2765192E7
-2.2779608E7
-2.2795256E7
-2.2813328E7
-2.283484E7
-2.2860608E7
-2.2891264E7
-2.2927176E7
-2.296856E7
-2.301536E7
-2.3067352E7
-2.3124104E7
-2.3185008E7
-2.3249328E7
-2.3316168E7
-2.3384552E7
-2.3453424E7
-2.3521688E7
-2.3588192E7
-2.3651856E7
-2.3711568E7
-2.3766328E7
-2.38152E7
-2.3857296E7
-2.3891904E7
-2.3918368E7
-2.3936216E7
-2.3945056E7
-2.3944664E7
-2.3934904E7
-2.3915784E7
-2.38874E7
-2.3849968E7
-2.3803744E7
-2.374908E7
-2.3686376E7
-2.3616056E7
-2.3538544E7
-2.3454272E7
-2.3363648E7
-2.326704E7
-2.3164768E7
-2.3057112E7
-2.2944248E7
-2.2826288E7
-2.270328E7
-2.2575192E7
-2.2441896E7
-2.2303208E7
-2.2158896E7
-2.2008656E7
-2.185216E7
-2.168904E7
-2.1518928E7
-2.134144E7
-2.1156232E7
-2.0962944E7
-2.0761288E7
-2.0550984E7
-2.0331816E7
-2.0103616E7
-1.9866264E7
-1.9619664E7
-1.9363792E7
-1.9098664E7
-1.8824288E7
-1.8540736E7
-1.8248056E7
-1.7946344E7
-1.7635664E7
-1.7316088E7
-1.6987648E7
-1.6650392E7
-1.6304352E7
-1.594952E7
-1.5585888E7
-1.521344E7
-1.483216E7
-1.4442016E7
-1.4043024E7
-1.3635192E7
-1.3218544E7
-1.2793192E7
-1.2359256E7
-1.1916936E7
-1.1466496E7
-1.1008248E7
-1.0542624E7
-1.007008E7
-9591216.0
-9106664.0
-8617152.0
-8123504.0
-7626560.0
-7127248.0
-6626528.0
-6125384.0
-5624800.0
-5125776.0
-4629256.0
-4136152.0
-3647280.0
-3163424.0
-2685232.0
-2213232.0
-1747824.0
-1289304.0
-837784.0
-393232.0
44504.0
475768.0
901008.0
1320840.0
1735976.0
2147264.0
2555664.0
2962168.0
3367904.0
3773992.0
4181616.0
4591928.0
5006088.0
5425232.0
5850384.0
6282528.0
6722520.0
7171112.0
7628888.0
8096272.0
8573544.0
9060768.0
9557856.0
1.0064472E7
1.058012E7
1.1104104E7
1.163552E7
1.2173336E7
1.2716288E7
1.3262984E7
1.381188E7
1.4361328E7
1.4909584E7
1.5454808E7
1.5995088E7
1.6528504E7
1.7053112E7
1.7566968E7
1.8068152E7
1.8554824E7
1.9025184E7
1.9477536E7
1.9910296E7
2.0321992E7
2.0711272E7
2.1076944E7
2.1417984E7
2.1733496E7
2.2022768E7
2.2285248E7
2.252056E7
2.2728472E7
2.2908928E7
2.3062E7
2.3187912E7
2.3287008E7
2.3359744E7
2.340668E7
2.3428424E7
2.342568E7
2.3399192E7
2.3349712E7
2.3278024E7
2.3184904E7
2.3071112E7
2.2937392E7
2.2784456E7
2.2612992E7
2.2423664E7
2.2217112E7
2.199396E7
2.1754808E7
2.150032E7
2.1231136E7
2.0947952E7
2.065152E7
2.0342688E7
2.0022352E7
1.9691528E7
1.9351328E7
1.9002984E7
1.8647848E7
1.8287352E7
1.7923072E7
1.7556672E7
1.7189912E7
1.6824592E7
1.6462616E7
1.6105888E7
1.5756384E7
1.5416032E7
1.5086776E7
1.4770488E7
1.4469024E7
1.4184112E7
1.3917424E7
1.3670448E7
1.3444584E7
1.3241016E7
1.3060784E7
1.2904704E7
1.2773384E7
1.26672E7
1.2586272E7
1.2530512E7
1.2499504E7
1.2492672E7
1.250912E7
1.2547736E7
1.2607176E7
1.2685904E7
1.2782136E7
1.2894008E7
1.3019432E7
1.3156256E7
1.3302216E7
1.3455024E7
1.3612336E7
1.3771832E7
1.393124E7
1.408832E7
1.4240928E7
1.438704E7
1.4524696E7
1.4652136E7
1.4767688E7
1.4869848E7
1.4957248E7
1.5028704E7
1.5083104E7
1.5119544E7
1.5137184E7
1.513536E7
1.5113464E7
1.5070976E7
1.5007488E7
1.4922616E7
1.4816048E7
1.4687512E7
1.4536768E7
1.4363616E7
1.416788E7
1.3949408E7
1.3708104E7
1.3443904E7
1.3156816E7
1.2846896E7
1.2514312E7
1.2159304E7
1.178224E7
1.1383608E7
1.096404E7
1.0524264E7
1.0065216E7
9587960.0
9093704.0
8583816.0
8059776.0
7523192.0
6975800.0
6419400.0
5855880.0
5287192.0
4715264.0
4142080.0
3569576.0
2999672.0
2434216.0
1874968.0
1323640.0
781768.0
250856.0
-267784.0
-772928.0
-1263488.0
-1738520.0
-2197168.0
-2638736.0
-3062616.0
-3468312.0
-3855432.0
-4223688.0
-4572824.0
-4902728.0
-5213304.0
-5504560.0
-5776504.0
-6029224.0
-6262856.0
-6477560.0
-6673512.0
-6850920.0
-7010016.0
-7151032.0
-7274208.0
-7379800.0
-7468048.0
-7539192.0
-7593472.0
-7631104.0
-7652296.0
-7657224.0
-7646072.0
-7619000.0
-7576112.0
-7517520.0
-7443264.0
-7353392.0
-7247872.0
-7126688.0
-6989736.0
-6836856.0
-6667880.0
-6482576.0
-6280688.0
-6061896.0
-5825856.0
-5572224.0
-5300624.0
-5010720.0
-4702152.0
-4374640.0
-4027968.0
-3661960.0
-3276616.0
-2871992.0
-2448360.0
-2006080.0
-1545776.0
-1068184.0
-574288.0
-65272.0
457488.0
992424.0
1537800.0
2091672.0
2651944.0
3216456.0
3782872.0
4348832.0
4911912.0
5469696.0
6019792.0
6559848.0
7087608.0
7600936.0
8097856.0
8576520.0
9035320.0
9472824.0
9887816.0
1.0279328E7
1.0646608E7
1.0989144E7
1.1306648E7
1.1599048E7
1.1866472E7
1.2109256E7
1.2327888E7
1.2522992E7
1.2695336E7
1.2845776E7
1.2975248E7
1.3084712E7
1.317516E7
1.32476E7
1.3302952E7
1.3342136E7
1.3365976E7
1.3375216E7
1.337048E7
1.3352296E7
1.3321072E7
1.327708E7
1.322048E7
1.3151296E7
1.306948E7
1.2974872E7
1.2867208E7
1.2746232E7
1.2611576E7
1.2462912E7
1.2299896E7
1.212224E7
1.192968E7
1.1722096E7
1.1499416E7
1.126168E7
1.1009112E7
1.0742E7
1.0460872E7
1.016632E7
9859104.0
9540152.0
9210448.0
8871128.0
8523384.0
8168520.0
7807832.0
7442640.0
7074272.0
6704024.0
6333120.0
5962712.0
5593880.0
5227528.0
4864480.0
4505400.0
4150784.0
3801008.0
3456264.0
3116584.0
2781880.0
2451904.0
2126272.0
1804496.0
1486008.0
1170104.0
856072.0
543120.0
230448.0
-82744.0
-397264.0
-713864.0
-1033248.0
-1356048.0
-1682832.0
-2014040.0
-2350008.0
-2690984.0
-3037040.0
-3388168.0
-3744200.0
-4104856.0
-4469720.0
-4838320.0
-5210024.0
-5584168.0
-5959992.0
-6336728.0
-6713536.0
-7089632.0
-7464240.0
-7836584.0
-8205976.0
-8571800.0
-8933504.0
-9290648.0
-9642848.0
-9989856.0
-1.0331464E7
-1.0667584E7
-1.0998152E7
-1.1323192E7
-1.1642744E7
-1.195688E7
-1.2265648E7
-1.2569104E7
-1.2867256E7
-1.3160072E7
-1.3447464E7
-1.3729272E7
-1.4005264E7
-1.4275168E7
-1.4538608E7
-1.4795192E7
-1.5044448E7
-1.5285928E7
-1.551912E7
-1.5743576E7
-1.5958872E7
-1.6164632E7
-1.63606E7
-1.6546592E7
-1.6722584E7
-1.6888688E7
-1.7045168E7
-1.719248E7
-1.733124E7
-1.746224E7
-1.7586448E7
-1.7704992E7
-1.7819144E7
-1.7930272E7
-1.8039888E7
-1.8149552E7
-1.8260848E7
-1.8375392E7
-1.8494784E7
-1.862052E7
-1.8754064E7
-1.8896712E7
-1.9049656E7
-1.9213856E7
-1.9390128E7
-1.9579048E7
-1.9781024E7
-1.9996168E7
-2.0224408E7
-2.0465408E7
-2.0718672E7
-2.0983432E7
-2.1258768E7
-2.1543592E7
-2.1836616E7
-2.2136464E7
-2.2441648E7
-2.275056E7
-2.306156E7
-2.337296E7
-2.368304E7
-2.3990072E7
-2.4292328E7
-2.4588128E7
-2.4875792E7
-2.5153696E7
-2.5420248E7
-2.5673872E7
-2.5913088E7
-2.6136416E7
-2.6342456E7
-2.6529824E7
-2.6697208E7
-2.6843344E7
-2.6966992E7
-2.706704E7
-2.7142376E7
-2.7192016E7
-2.7215056E7
-2.7210696E7
-2.7178272E7
-2.711724E7
-2.7027224E7
-2.6907992E7
-2.675952E7
-2.6581928E7
-2.6375616E7
-2.6141112E7
-2.5879168E7
-2.5590776E7
-2.527712E7
-2.4939568E7
-2.4579704E7
-2.419928E7
-2.3800216E7
-2.3384592E7
-2.29546E7
-2.251256E7
-2.2060888E7
-2.1602056E7
-2.1138632E7
-2.0673152E7
-2.0208224E7
-1.9746424E7
-1.9290296E7
-1.884236E7
-1.8405088E7
-1.7980848E7
-1.7571952E7
-1.7180624E7
-1.6808952E7
-1.645892E7
-1.6132416E7
-1.5831136E7
-1.555668E7
-1.5310512E7
-1.5093896E7
-1.4907992E7
-1.4753784E7
-1.4632096E7
-1.45436E7
-1.4488776E7
-1.4467976E7
-1.4481376E7
-1.4528984E7
-1.4610632E7
-1.4726024E7
-1.4874648E7
-1.5055856E7
-1.5268856E7
-1.5512656E7
-1.5786136E7
-1.6087984E7
-1.641676E7
-1.6770872E7
-1.7148552E7
-1.7547928E7
-1.7966952E7
-1.8403464E7
-1.8855168E7
-1.9319688E7
-1.9794496E7
-2.0276992E7
-2.0764512E7
-2.1254288E7
-2.1743552E7
-2.2229456E7
-2.2709152E7
-2.3179808E7
-2.3638624E7
-2.4082832E7
-2.4509752E7
-2.4916792E7
-2.5301496E7
-2.5661552E7
-2.5994816E7
-2.6299344E7
-2.6573416E7
-2.6815536E7
-2.7024496E7
-2.719932E7
-2.7339392E7
-2.7444312E7
-2.7514048E7
-2.7548864E7
-2.7549344E7
-2.751636E7
-2.7451096E7
-2.7355E7
-2.7229824E7
-2.7077504E7
-2.6900256E7
-2.6700416E7
-2.6480512E7
-2.6243152E7
-2.5991032E7
-2.572688E7
-2.5453416E7
-2.5173296E7
-2.4889112E7
-2.4603336E7
-2.4318288E7
-2.4036136E7
-2.375884E7
-2.3488168E7
-2.3225672E7
-2.2972688E7
-2.273036E7
-2.2499616E7
-2.2281168E7
-2.2075568E7
-2.18832E7
-2.1704304E7
-2.1539E7
-2.138728E7
-2.1249064E7
-2.1124216E7
-2.101252E7
-2.0913784E7
-2.0827744E7
-2.0754144E7
-2.0692744E7
-2.0643312E7
-2.0605664E7
-2.0579576E7
-2.0564904E7
-2.0561512E7
-2.0569272E7
-2.0588088E7
-2.0617872E7
-2.0658552E7
-2.0710008E7
-2.0772184E7
-2.0844936E7
-2.0928128E7
-2.10216E7
-2.1125088E7
-2.1238328E7
-2.1361E7
-2.149268E7
-2.163292E7
-2.1781192E7
-2.193692E7
-2.2099448E7
-2.2268104E7
-2.2442152E7
-2.2620864E7
-2.2803472E7
-2.2989216E7
-2.317736E7
-2.33672E7
-2.3558104E7
-2.3749464E7
-2.394076E7
-2.4131568E7
-2.4321536E7
-2.451044E7
-2.4698096E7
-2.4884456E7
-2.5069568E7
-2.525352E7
-2.543652E7
-2.5618808E7
-2.5800664E7
-2.5982408E7
-2.6164352E7
-2.6346824E7
-2.6530112E7
-2.6714464E7
-2.690004E7
-2.7086976E7
-2.727528E7
-2.7464864E7
-2.7655528E7
-2.7846976E7
-2.8038752E7
-2.8230312E7
-2.8420976E7
-2.8609968E7
-2.8796368E7
-2.8979208E7
-2.9157408E7
-2.9329832E7
-2.9495288E7
-2.9652528E7
-2.9800336E7
-2.9937456E7
-3.0062664E7
-3.0174776E7
-3.027264E7
-3.0355176E7
-3.0421376E7
-3.0470304E7
-3.0501136E7
-3.0513128E7
-3.0505648E7
-3.0478168E7
-3.0430256E7
-3.0361584E7
-3.0271976E7
-3.016132E7
-3.00296E7
-2.9876952E7
-2.9703552E7
-2.9509712E7
-2.9295824E7
-2.9062376E7
-2.8809904E7
-2.8539096E7
-2.825064E7
-2.794536E7
-2.7624096E7
-2.7287808E7
-2.693748E7
-2.657416E7
-2.6198952E7
-2.5813016E7
-2.5417536E7
-2.5013736E7
-2.4602888E7
-2.4186264E7
-2.3765168E7
-2.3340872E7
-2.291468E7
-2.2487888E7
-2.2061736E7
-2.163748E7
-2.1216296E7
-2.0799376E7
-2.0387792E7
-1.9982624E7
-1.9584856E7
-1.9195432E7
-1.8815248E7
-1.8445112E7
-1.8085816E7
-1.7738072E7
-1.7402552E7
-1.7079888E7
-1.6770656E7
-1.64754E7
-1.619464E7
-1.5928856E7
-1.5678488E7
-1.5443976E7
-1.522572E7
-1.5024064E7
-1.48394E7
-1.4672032E7
-1.4522272E7
-1.4390384E7
-1.4276592E7
-1.4181136E7
-1.4104144E7
-1.404576E7
-1.4006016E7
-1.3984928E7
-1.39824E7
-1.399828E7
-1.4032328E7
-1.408416E7
-1.415336E7
-1.423932E7
-1.4341344E7
-1.4458624E7
-1.4590192E7
-1.4734976E7
-1.4891776E7
-1.5059264E7
-1.5236E7
-1.5420456E7
-1.5610992E7
-1.5805896E7
-1.60034E7
-1.620168E7
-1.6398896E7
-1.6593208E7
-1.6782784E7
-1.6965816E7
-1.7140568E7
-1.7305408E7
-1.7458792E7
-1.759928E7
-1.7725608E7
-1.7836672E7
-1.7931536E7
-1.8009456E7
-1.8069872E7
-1.8112432E7
-1.8136984E7
-1.814356E7
-1.8132392E7
-1.810384E7
-1.8058472E7
-1.7996952E7
-1.7920064E7
-1.7828704E7
-1.7723792E7
-1.7606328E7
-1.747728E7
-1.7337688E7
-1.7188488E7
-1.7030608E7
-1.6864904E7
-1.669216E7
-1.6513072E7
-1.6328256E7
-1.6138184E7
-1.5943296E7
-1.5743896E7
-1.5540168E7
-1.5332272E7
-1.5120224E7
-1.4904032E7
-1.4683592E7
-1.4458808E7
-1.4229504E7
-1.3995544E7
-1.3756768E7
-1.351304E7
-1.3264288E7
-1.301044E7
-1.2751544E7
-1.2487704E7
-1.2219104E7
-1.1946024E7
-1.166888E7
-1.1388128E7
-1.1104376E7
-1.0818288E7
-1.053064E7
-1.0242256E7
-9954016.0
-9666872.0
-9381784.0
-9099720.0
-8821648.0
-8548520.0
-8281248.0
-8020672.0
-7767608.0
-7522784.0
-7286848.0
-7060360.0
-6843800.0
-6637560.0
-6441944.0
-6257128.0
-6083256.0
-5920360.0
-5768384.0
-5627168.0
-5496544.0
-5376208.0
-5265824.0
-5165008.0
-5073344.0
-4990336.0
-4915528.0
-4848432.0
-4788584.0
-4735528.0
-4688872.0
-4648304.0
-4613576.0
-4584544.0
-4561176.0
-4543568.0
-4531960.0
-4526704.0
-4528304.0
-4537416.0
-4554800.0
-4581360.0
-4618072.0
-4666008.0
-4726304.0
-4800104.0
-4888576.0
-4992848.0
-5114000.0
-5253048.0
-5410840.0
-5588136.0
-5785536.0
-6003440.0
-6242048.0
-6501408.0
-6781312.0
-7081368.0
-7400984.0
-7739360.0
-8095544.0
-8468368.0
-8856552.0
-9258672.0
-9673184.0
-1.0098496E7
-1.0532904E7
-1.0974672E7
-1.142204E7
-1.1873264E7
-1.2326584E7
-1.278028E7
-1.323268E7
-1.368216E7
-1.412716E7
-1.4566224E7
-1.4997936E7
-1.5421008E7
-1.5834224E7
-1.6236504E7
-1.6626808E7
-1.7004304E7
-1.7368184E7
-1.7717808E7
-1.8052648E7
-1.8372264E7
-1.8676424E7
-1.8964952E7
-1.9237832E7
-1.9495176E7
-1.973724E7
-1.9964384E7
-2.0177096E7
-2.0375984E7
-2.056176E7
-2.0735216E7
-2.089724E7
-2.1048728E7
-2.1190672E7
-2.1324032E7
-2.1449792E7
-2.1568888E7
-2.1682224E7
-2.1790616E7
-2.1894784E7
-2.1995392E7
-2.2092896E7
-2.2187704E7
-2.2280048E7
-2.2370048E7
-2.2457688E7
-2.2542832E7
-2.2625208E7
-2.2704528E7
-2.2780344E7
-2.2852208E7
-2.2919648E7
-2.2982168E7
-2.3039296E7
-2.3090632E7
-2.3135808E7
-2.3174592E7
-2.32068E7
-2.3232456E7
-2.3251608E7
-2.3264552E7
-2.3271648E7
-2.3273424E7
-2.327056E7
-2.3263832E7
-2.3254112E7
-2.324236E7
-2.3229608E7
-2.3216896E7
-2.3205264E7
-2.3195712E7
-2.3189184E7
-2.3186512E7
-2.3188408E7
-2.3195416E7
-2.3207936E7
-2.3226136E7
-2.3249968E7
-2.3279208E7
-2.3313384E7
-2.3351824E7
-2.3393664E7
-2.3437856E7
-2.348316E7
-2.3528248E7
-2.3571656E7
-2.361184E7
-2.3647248E7
-2.367628E7
-2.3697352E7
-2.3708968E7
-2.3709664E7
-2.3698128E7
-2.3673104E7
-2.363352E7
-2.3578416E7
-2.3507032E7
-2.341872E7
-2.3313016E7
-2.3189616E7
-2.304836E7
-2.2889208E7
-2.2712312E7
-2.2517872E7
-2.2306264E7
-2.207792E7
-2.1833392E7
-2.157328E7
-2.129828E7
-2.1009128E7
-2.0706608E7
-2.0391592E7
-2.006496E7
-1.9727632E7
-1.9380608E7
-1.9024912E7
-1.86616E7
-1.82918E7
-1.7916656E7
-1.7537384E7
-1.7155224E7
-1.677148E7
-1.6387488E7
-1.6004584E7
-1.5624168E7
-1.5247616E7
-1.4876312E7
-1.4511616E7
-1.4154848E7
-1.3807264E7
-1.3470064E7
-1.3144344E7
-1.283108E7
-1.2531136E7
-1.2245248E7
-1.197396E7
-1.1717696E7
-1.1476696E7
-1.1251048E7
-1.1040656E7
-1.0845264E7
-1.066448E7
-1.0497752E7
-1.0344408E7
-1.0203648E7
-1.0074616E7
-9956344.0
-9847816.0
-9748000.0
-9655856.0
-9570336.0
-9490472.0
-9415288.0
-9343968.0
-9275704.0
-9209848.0
-9145848.0
-9083288.0
-9021848.0
-8961368.0
-8901760.0
-8843120.0
-8785552.0
-8729320.0
-8674696.0
-8622016.0
-8571640.0
-8523936.0
-8479216.0
-8437792.0
-8399848.0
-8365560.0
-8334952.0
-8307968.0
-8284400.0
-8263936.0
-8246144.0
-8230424.0
-8216104.0
-8202344.0
-8188216.0
-8172704.0
-8154696.0
-8132992.0
-8106376.0
-8073568.0
-8033272.0
-7984200.0
-7925064.0
-7854624.0
-7771680.0
-7675120.0
-7563888.0
-7437040.0
-7293720.0
-7133224.0
-6954904.0
-6758328.0
-6543128.0
-6309104.0
-6056160.0
-5784368.0
-5493920.0
-5185104.0
-4858336.0
-4514128.0
-4153136.0
-3776048.0
-3383648.0
-2976816.0
-2556456.0
-2123528.0
-1679064.0
-1224072.0
-759664.0
-286896.0
193144.0
679344.0
1170624.0
1665896.0
2164096.0
2664176.0
3165144.0
3666000.0
4165816.0
4663704.0
5158808.0
5650368.0
6137640.0
6619952.0
7096720.0
7567408.0
8031536.0
8488696.0
8938576.0
9380872.0
9815376.0
1.0241912E7
1.0660384E7
1.1070728E7
1.1472896E7
1.1866912E7
1.2252792E7
1.2630592E7
1.30004E7
1.3362264E7
1.3716256E7
1.4062448E7
1.4400888E7
1.4731592E7
1.5054568E7
1.5369768E7
1.5677104E7
1.5976448E7
1.6267632E7
1.6550416E7
1.6824512E7
1.7089584E7
1.7345232E7
1.7591008E7
1.7826448E7
1.8050968E7
1.826404E7
1.846508E7
1.8653464E7
1.88286E7
1.8989872E7
1.9136688E7
1.9268496E7
1.9384712E7
1.9484864E7
1.9568488E7
1.9635176E7
1.9684584E7
1.9716432E7
1.9730512E7
1.9726672E7
1.9704848E7
1.9665072E7
1.9607424E7
1.9532088E7
1.9439328E7
1.9329472E7
1.9202936E7
1.9060208E7
1.8901832E7
1.8728424E7
1.8540648E7
1.8339184E7
1.8124792E7
1.789824E7
1.7660312E7
1.74118E7
1.7153496E7
1.6886208E7
1.661072E7
1.6327816E7
1.6038272E7
1.5742824E7
1.544224E7
1.5137272E7
1.482864E7
1.4517112E7
1.4203416E7
1.388832E7
1.357264E7
1.3257168E7
1.294276E7
1.2630272E7
1.2320616E7
1.2014736E7
1.1713576E7
1.1418144E7
1.112944E7
1.0848472E7
1.0576288E7
1.0313888E7
1.0062296E7
9822488.0
9595416.0
9382008.0
9183128.0
8999600.0
8832176.0
8681576.0
8548416.0
8433248.0
8336568.0
8258784.0
8200208.0
8161064.0
8141512.0
8141576.0
8161216.0
8200272.0
8258464.0
8335432.0
8430704.0
8543664.0
8673648.0
8819832.0
8981336.0
9157176.0
9346312.0
9547608.0
9759912.0
9981992.0
1.0212648E7
1.0450608E7
1.0694656E7
1.0943584E7
1.1196176E7
1.1451312E7
1.1707872E7
1.196484E7
1.222124E7
1.2476168E7
1.272876E7
1.297828E7
1.3224048E7
1.3465408E7
1.3701824E7
1.3932776E7
1.415784E7
1.4376608E7
1.4588744E7
1.4793936E7
1.499192E7
1.5182464E7
1.5365352E7
1.55404E7
1.570744E7
1.5866328E7
1.6016944E7
1.6159168E7
1.6292912E7
1.6418064E7
1.6534568E7
1.6642344E7
1.6741328E7
1.6831456E7
1.6912656E7
1.6984872E7
1.7048008E7
1.7101968E7
1.7146632E7
1.7181824E7
1.7207368E7
1.722304E7
1.7228568E7
1.7223656E7
1.7207928E7
1.7181008E7
1.7142488E7
1.7091912E7
1.7028824E7
1.6952792E7
1.6863344E7
1.6760064E7
1.6642576E7
1.6510536E7
1.6363664E7
1.6201736E7
1.6024624E7
1.5832232E7
1.5624616E7
1.5401824E7
1.5164032E7
1.4911464E7
1.4644432E7
1.4363248E7
1.4068312E7
1.3760056E7
1.343892E7
1.3105392E7
1.2759944E7
1.2403104E7
1.2035344E7
1.1657184E7
1.1269096E7
1.0871624E7
1.0465256E7
1.0050496E7
9627888.0
9197968.0
8761296.0
8318456.0
7870088.0
7416840.0
6959440.0
6498624.0
6035224.0
5570088.0
5104120.0
4638296.0
4173608.0
3711096.0
3251832.0
2796912.0
2347424.0
1904480.0
1469160.0
1042512.0
625552.0
219232.0
-175544.0
-558008.0
-927440.0
-1283224.0
-1624880.0
-1952016.0
-2264376.0
-2561848.0
-2844416.0
-3112176.0
-3365360.0
-3604304.0
-3829440.0
-4041256.0
-4240384.0
-4427464.0
-4603216.0
-4768392.0
-4923792.0
-5070256.0
-5208608.0
-5339696.0
-5464408.0
-5583584.0
-5698120.0
-5808840.0
-5916632.0
-6022344.0
-6126824.0
-6230928.0
-6335488.0
-6441352.0
-6549344.0
-6660296.0
-6775024.0
-6894344.0
-7019056.0
-7149952.0
-7287784.0
-7433296.0
-7587240.0
-7750304.0
-7923128.0
-8106376.0
-8300640.0
-8506480.0
-8724472.0
-8955088.0
-9198832.0
-9456176.0
-9727584.0
-1.0013488E7
-1.0314344E7
-1.0630568E7
-1.0962592E7
-1.1310856E7
-1.1675752E7
-1.2057688E7
-1.245704E7
-1.2874136E7
-1.3309272E7
-1.3762688E7
-1.4234544E7
-1.4724904E7
-1.5233744E7
-1.576092E7
-1.6306176E7
-1.686908E7
-1.7449104E7
-1.8045544E7
-1.8657544E7
-1.928412E7
-1.9924128E7
-2.0576272E7
-2.1239152E7
-2.191124E7
-2.2590904E7
-2.32764E7
-2.396596E7
-2.4657712E7
-2.534976E7
-2.6040216E7
-2.6727136E7
-2.740864E7
-2.8082824E7
-2.874784E7
-2.940192E7
-3.004328E7
-3.0670264E7
-3.1281248E7
-3.1874712E7
-3.244916E7
-3.300324E7
-3.353564E7
-3.4045112E7
-3.4530528E7
-3.49908E7
-3.542492E7
-3.5831984E7
-3.6211104E7
-3.6561488E7
-3.6882408E7
-3.7173184E7
-3.7433216E7
-3.7661952E7
-3.7858904E7
-3.8023648E7
-3.81558E7
-3.8255072E7
-3.832124E7
-3.8354128E7
-3.8353648E7
-3.8319792E7
-3.8252616E7
-3.815228E7
-3.801904E7
-3.7853224E7
-3.7655272E7
-3.7425712E7
-3.7165192E7
-3.687444E7
-3.6554296E7
-3.620572E7
-3.5829728E7
-3.5427472E7
-3.5000184E7
-3.4549152E7
-3.4075768E7
-3.3581472E7
-3.306776E7
-3.2536192E7
-3.1988344E7
-3.1425784E7
-3.0850144E7
-3.0263E7
-2.9665968E7
-2.9060608E7
-2.8448448E7
-2.7830992E7
-2.7209712E7
-2.6586016E7
-2.5961264E7
-2.5336792E7
-2.4713856E7
-2.4093696E7
-2.347748E7
-2.2866344E7
-2.2261392E7
-2.1663696E7
-2.1074272E7
-2.0494128E7
-1.9924208E7
-1.9365456E7
-1.8818736E7
-1.8284912E7
-1.7764768E7
-1.7259048E7
-1.6768424E7
-1.6293528E7
-1.5834864E7
-1.5392896E7
-1.4967976E7
-1.4560368E7
-1.4170232E7
-1.3797624E7
-1.3442504E7
-1.3104736E7
-1.2784096E7
-1.2480264E7
-1.219284E7
-1.1921376E7
-1.1665392E7
-1.1424344E7
-1.119768E7
-1.0984864E7
-1.078536E7
-1.059868E7
-1.0424368E7
-1.0262048E7
-1.0111408E7
-9972192.0
-9844272.0
-9727584.0
-9622128.0
-9528032.0
-9445440.0
-9374576.0
-9315688.0
-9269064.0
-9234960.0
-9213616.0
-9205232.0
-9209904.0
-9227664.0
-9258400.0
-9301872.0
-9357704.0
-9425376.0
-9504216.0
-9593392.0
-9691960.0
-9798824.0
-9912816.0
-1.0032704E7
-1.0157216E7
-1.028504E7
-1.0414952E7
-1.0545728E7
-1.0676256E7
-1.080556E7
-1.09328E7
-1.1057272E7
-1.1178504E7
-1.1296168E7
-1.1410128E7
-1.1520432E7
-1.1627304E7
-1.173108E7
-1.1832288E7
-1.1931488E7
-1.2029368E7
-1.2126616E7
-1.2223976E7
-1.2322136E7
-1.2421776E7
-1.2523488E7
-1.2627792E7
-1.2735112E7
-1.2845736E7
-1.295984E7
-1.3077488E7
-1.3198608E7
-1.3323E7
-1.3450392E7
-1.3580384E7
-1.3712472E7
-1.384612E7
-1.3980712E7
-1.4115584E7
-1.4250048E7
-1.4383408E7
-1.4514936E7
-1.464392E7
-1.4769656E7
-1.4891448E7
-1.5008624E7
-1.5120512E7
-1.5226472E7
-1.5325888E7
-1.5418152E7
-1.5502688E7
-1.557892E7
-1.5646304E7
-1.5704344E7
-1.575256E7
-1.5790544E7
-1.5817912E7
-1.5834376E7
-1.5839712E7
-1.5833808E7
-1.5816656E7
-1.5788344E7
-1.574916E7
-1.5699448E7
-1.5639744E7
-1.5570696E7
-1.5493128E7
-1.5407952E7
-1.5316232E7
-1.5219088E7
-1.5117752E7
-1.501352E7
-1.4907704E7
-1.4801632E7
-1.4696648E7
-1.4594024E7
-1.4495E7
-1.4400776E7
-1.4312456E7
-1.4231072E7
-1.4157576E7
-1.4092872E7
-1.4037768E7
-1.3993032E7
-1.3959392E7
-1.393756E7
-1.392824E7
-1.3932144E7
-1.3949992E7
-1.3982544E7
-1.4030576E7
-1.4094904E7
-1.4176384E7
-1.4275832E7
-1.4394112E7
-1.4532032E7
-1.4690312E7
-1.4869656E7
-1.5070592E7
-1.5293536E7
-1.5538704E7
-1.5806176E7
-1.6095776E7
-1.6407096E7
-1.6739528E7
-1.7092216E7
-1.7464112E7
-1.785392E7
-1.8260216E7
-1.8681368E7
-1.9115656E7
-1.9561264E7
-2.0016344E7
-2.0479008E7
-2.0947424E7
-2.1419792E7
-2.1894424E7
-2.2369752E7
-2.284432E7
-2.3316856E7
-2.3786232E7
-2.425148E7
-2.4711832E7
-2.5166608E7
-2.5615328E7
-2.6057632E7
-2.6493224E7
-2.6921936E7
-2.7343632E7
-2.77582E7
-2.816556E7
-2.85656E7
-2.8958176E7
-2.934308E7
-2.9720024E7
-3.0088664E7
-3.0448536E7
-3.0799088E7
-3.1139672E7
-3.146956E7
-3.178792E7
-3.2093888E7
-3.2386536E7
-3.2664872E7
-3.2927968E7
-3.317484E7
-3.3404584E7
-3.3616336E7
-3.3809296E7
-3.3982768E7
-3.413616E7
-3.4268992E7
-3.438092E7
-3.4471696E7
-3.4541248E7
-3.4589544E7
-3.461676E7
-3.462308E7
-3.4608848E7
-3.4574464E7
-3.4520352E7
-3.4447056E7
-3.435512E7
-3.4245088E7
-3.4117568E7
-3.3973176E7
-3.381248E7
-3.3636112E7
-3.3444688E7
-3.3238832E7
-3.3019168E7
-3.2786344E7
-3.2541056E7
-3.2284024E7
-3.2016E7
-3.1737824E7
-3.1450368E7
-3.1154592E7
-3.0851536E7
-3.054232E7
-3.0228152E7
-2.9910304E7
-2.9590152E7
-2.9269128E7
-2.8948744E7
-2.8630536E7
-2.8316096E7
-2.8007024E7
-2.7704904E7
-2.7411312E7
-2.7127768E7
-2.685572E7
-2.6596504E7
-2.6351352E7
-2.612136E7
-2.5907464E7
-2.5710392E7
-2.5530744E7
-2.536888E7
-2.5224976E7
-2.5098976E7
-2.4990664E7
-2.4899592E7
-2.4825136E7
-2.4766488E7
-2.4722688E7
-2.469264E7
-2.4675088E7
-2.4668752E7
-2.4672192E7
-2.4683968E7
-2.4702616E7
-2.472664E7
-2.47546E7
-2.4785088E7
-2.4816792E7
-2.4848464E7
-2.4879E7
-2.49074E7
-2.493284E7
-2.4954616E7
-2.4972256E7
-2.4985392E7
-2.4993888E7
-2.4997736E7
-2.4997112E7
-2.4992376E7
-2.4983976E7
-2.4972528E7
-2.4958752E7
-2.4943416E7
-2.4927392E7
-2.4911552E7
-2.4896792E7
-2.4883968E7
-2.4873928E7
-2.4867432E7
-2.4865152E7
-2.4867672E7
-2.487544E7
-2.4888784E7
-2.4907888E7
-2.49328E7
-2.4963432E7
-2.499952E7
-2.5040688E7
-2.5086416E7
-2.513608E7
-2.5188912E7
-2.5244064E7
-2.5300592E7
-2.5357504E7
-2.5413728E7
-2.546816E7
-2.5519688E7
-2.5567192E7
-2.5609576E7
-2.5645792E7
-2.5674816E7
-2.5695712E7
-2.570764E7
-2.5709832E7
-2.5701624E7
-2.5682496E7
-2.5652008E7
-2.5609856E7
-2.555584E7
-2.5489848E7
-2.541188E7
-2.5322024E7
-2.5220432E7
-2.510728E7
-2.4982832E7
-2.4847352E7
-2.4701096E7
-2.454436E7
-2.4377408E7
-2.4200456E7
-2.4013768E7
-2.381752E7
-2.361192E7
-2.339712E7
-2.3173264E7
-2.2940552E7
-2.2699128E7
-2.2449224E7
-2.219108E7
-2.1924984E7
-2.1651344E7
-2.1370592E7
-2.1083272E7
-2.0790048E7
-2.0491664E7
-2.0188976E7
-1.988296E7
-1.9574688E7
-1.9265296E7
-1.8956048E7
-1.8648256E7
-1.8343256E7
-1.8042448E7
-1.7747232E7
-1.7459024E7
-1.7179152E7
-1.6908944E7
-1.664964E7
-1.6402408E7
-1.6168328E7
-1.5948336E7
-1.5743304E7
-1.5553936E7
-1.5380864E7
-1.522456E7
-1.5085392E7
-1.4963632E7
-1.485944E7
-1.4772848E7
-1.4703848E7
-1.4652296E7
-1.4618024E7
-1.4600744E7
-1.4600152E7
-1.461584E7
-1.4647352E7
-1.4694208E7
-1.475584E7
-1.4831632E7
-1.492092E7
-1.5022992E7
-1.5137064E7
-1.5262352E7
-1.5397976E7
-1.5543048E7
-1.569664E7
-1.5857784E7
-1.6025544E7
-1.619892E7
-1.6376968E7
-1.6558744E7
-1.6743336E7
-1.6929928E7
-1.7117688E7
-1.7305944E7
-1.749408E7
-1.7681584E7
-1.786808E7
-1.8053296E7
-1.823708E7
-1.841948E7
-1.8600584E7
-1.8780704E7
-1.8960216E7
-1.913964E7
-1.9319584E7
-1.9500784E7
-1.9683992E7
-1.9870056E7
-2.0059816E7
-2.0254128E7
-2.045384E7
-2.065972E7
-2.0872504E7
-2.1092808E7
-2.1321152E7
-2.1557936E7
-2.1803408E7
-2.205768E7
-2.232072E7
-2.2592344E7
-2.2872232E7
-2.3159912E7
-2.3454824E7
-2.375628E7
-2.4063528E7
-2.4375728E7
-2.4692008E7
-2.5011472E7
-2.533324E7
-2.5656432E7
-2.5980216E7
-2.630384E7
-2.6626592E7
-2.6947864E7
-2.7267176E7
-2.7584088E7
-2.7898344E7
-2.8209728E7
-2.8518176E7
-2.8823696E7
-2.9126424E7
-2.9426528E7
-2.972428E7
-3.0019992E7
-3.0314E7
-3.0606664E7
-3.0898352E7
-3.1189384E7
-3.1480072E7
-3.1770664E7
-3.2061328E7
-3.2352192E7
-3.2643256E7
-3.2934448E7
-3.32256E7
-3.351644E7
-3.3806632E7
-3.4095728E7
-3.4383208E7
-3.4668512E7
-3.4951E7
-3.5230016E7
-3.5504864E7
-3.5774856E7
-3.6039288E7
-3.6297488E7
-3.6548816E7
-3.6792624E7
-3.7028352E7
-3.7255472E7
-3.7473488E7
-3.7681936E7
-3.7880448E7
-3.8068608E7
-3.8246104E7
-3.84126E7
-3.85678E7
-3.8711384E7
-3.8843064E7
-3.896252E7
-3.9069448E7
-3.916352E7
-3.92444E7
-3.9311744E7
-3.9365192E7
-3.9404432E7
-3.942912E7
-3.943896E7
-3.9433704E7
-3.9413136E7
-3.9377136E7
-3.9325624E7
-3.9258648E7
-3.917636E7
-3.9079008E7
-3.8966984E7
-3.8840808E7
-3.870112E7
-3.8548704E7
-3.8384496E7
-3.8209504E7
-3.802488E7
-3.7831848E7
-3.763172E7
-3.7425848E7
-3.7215624E7
-3.7002472E7
-3.6787768E7
-3.6572864E7
-3.6359064E7
-3.61476E7
-3.5939592E7
-3.573608E7
-3.5538016E7
-3.5346184E7
-3.5161312E7
-3.4983976E7
-3.4814656E7
-3.4653744E7
-3.4501528E7
-3.4358232E7
-3.4224008E7
-3.4098952E7
-3.3983128E7
-3.3876544E7
-3.3779208E7
-3.3691096E7
-3.361216E7
-3.3542368E7
-3.3481664E7
-3.3429968E7
-3.33872E7
-3.335324E7
-3.3327952E7
-3.3311152E7
-3.3302616E7
-3.3302048E7
-3.330908E7
-3.3323296E7
-3.3344144E7
-3.3371064E7
-3.3403312E7
-3.3440152E7
-3.3480672E7
-3.3523952E7
-3.3568944E7
-3.3614576E7
-3.365972E7
-3.3703208E7
-3.3743888E7
-3.3780576E7
-3.3812152E7
-3.383748E7
-3.3855536E7
-3.3865328E7
-3.3865952E7
-3.3856624E7
-3.3836616E7
-3.3805352E7
-3.376232E7
-3.3707168E7
-3.3639608E7
-3.3559472E7
-3.346672E7
-3.33614E7
-3.3243632E7
-3.3113648E7
-3.2971776E7
-3.2818416E7
-3.2654032E7
-3.2479192E7
-3.2294512E7
-3.2100704E7
-3.1898512E7
-3.1688776E7
-3.1472368E7
-3.125028E7
-3.102348E7
-3.079304E7
-3.0560048E7
-3.0325632E7
-3.0090944E7
-2.985712E7
-2.9625304E7
-2.9396616E7
-2.9172144E7
-2.8952888E7
-2.87398E7
-2.853372E7
-2.8335384E7
-2.8145408E7
-2.7964296E7
-2.7792416E7
-2.7629984E7
-2.7477096E7
-2.733376E7
-2.7199816E7
-2.7075064E7
-2.6959208E7
-2.6851864E7
-2.6752672E7
-2.66612E7
-2.6577032E7
-2.6499768E7
-2.6429048E7
-2.636452E7
-2.6305904E7
-2.6252936E7
-2.6205424E7
-2.6163176E7
-2.612604E7
-2.609388E7
-2.606652E7
-2.6043816E7
-2.602556E7
-2.6011488E7
-2.6001288E7
-2.59946E7
-2.5990936E7
-2.5989784E7
-2.5990528E7
-2.5992456E7
-2.599484E7
-2.5996864E7
-2.5997656E7
-2.5996376E7
-2.5992112E7
-2.5984008E7
-2.597124E7
-2.5953008E7
-2.5928608E7
-2.589744E7
-2.5858992E7
-2.5812872E7
-2.5758832E7
-2.5696768E7
-2.5626712E7
-2.5548832E7
-2.546344E7
-2.5370976E7
-2.5272E7
-2.516716E7
-2.5057176E7
-2.4942864E7
-2.4825024E7
-2.4704504E7
-2.458212E7
-2.4458656E7
-2.4334824E7
-2.4211248E7
-2.408848E7
-2.3966936E7
-2.384692E7
-2.3728584E7
-2.3611952E7
-2.3496928E7
-2.3383248E7
-2.327056E7
-2.3158384E7
-2.3046144E7
-2.2933168E7
-2.2818768E7
-2.2702168E7
-2.2582592E7
-2.2459272E7
-2.2331464E7
-2.2198424E7
-2.2059544E7
-2.1914232E7
-2.1762024E7
-2.1602536E7
-2.143552E7
-2.1260832E7
-2.1078456E7
-2.0888488E7
-2.0691168E7
-2.0486824E7
-2.0275912E7
-2.0058992E7
-1.983672E7
-1.960984E7
-1.9379136E7
-1.9145536E7
-1.8909944E7
-1.8673392E7
-1.8436888E7
-1.8201512E7
-1.7968352E7
-1.7738536E7
-1.7513184E7
-1.7293424E7
-1.7080392E7
-1.6875176E7
-1.6678888E7
-1.6492568E7
-1.6317248E7
-1.6153888E7
-1.6003376E7
-1.5866576E7
-1.574424E7
-1.5637048E7
-1.5545592E7
-1.5470384E7
-1.5411848E7
-1.537028E7
-1.5345944E7
-1.5338976E7
-1.5349456E7
-1.5377376E7
-1.542268E7
-1.5485232E7
-1.5564848E7
-1.566132E7
-1.5774376E7
-1.5903712E7
-1.6048984E7
-1.6209832E7
-1.638584E7
-1.6576592E7
-1.6781624E7
-1.7000432E7
-1.7232496E7
-1.7477248E7
-1.7734112E7
-1.8002448E7
-1.8281624E7
-1.8570968E7
-1.8869784E7
-1.91774E7
-1.9493144E7
-1.9816312E7
-2.0146264E7
-2.0482376E7
-2.082404E7
-2.1170728E7
-2.1521944E7
-2.1877264E7
-2.2236304E7
-2.259876E7
-2.2964368E7
-2.3332944E7
-2.370436E7
-2.407848E7
-2.445528E7
-2.4834696E7
-2.5216696E7
-2.5601208E7
-2.5988208E7
-2.6377552E7
-2.6769064E7
-2.7162504E7
-2.7557496E7
-2.79536E7
-2.83502E7
-2.8746568E7
-2.9141808E7
-2.953492E7
-2.9924672E7
-3.0309744E7
-3.068864E7
-3.1059728E7
-3.1421264E7
-3.17714E7
-3.2108192E7
-3.2429664E7
-3.2733768E7
-3.3018512E7
-3.328188E7
-3.3521936E7
-3.3736824E7
-3.392484E7
-3.4084368E7
-3.4214024E7
-3.43126E7
-3.4379104E7
-3.4412768E7
-3.4413112E7
-3.4379888E7
-3.4313088E7
-3.4212984E7
-3.4080112E7
-3.3915192E7
-3.3719184E7
-3.3493264E7
-3.3238736E7
-3.2957064E7
-3.26498E7
-3.2318584E7
-3.1965112E7
-3.1591048E7
-3.119808E7
-3.0787848E7
-3.0361904E7
-2.9921752E7
-2.9468768E7
-2.9004248E7
-2.8529392E7
-2.8045248E7
-2.7552816E7
-2.7052984E7
-2.6546568E7
-2.6034312E7
-2.5516928E7
-2.4995088E7
-2.4469464E7
-2.3940728E7
-2.3409584E7
-2.2876776E7
-2.2343048E7
-2.180924E7
-2.1276208E7
-2.074488E7
-2.0216224E7
-1.9691208E7
-1.9170848E7
-1.8656152E7
-1.8148104E7
-1.7647656E7
-1.7155712E7
-1.6673104E7
-1.6200544E7
-1.573872E7
-1.5288144E7
-1.4849248E7
-1.4422328E7
-1.40076E7
-1.3605136E7
-1.3214936E7
-1.2836904E7
-1.2470856E7
-1.211656E7
-1.1773744E7
-1.1442088E7
-1.1121248E7
-1.0810912E7
-1.0510688E7
-1.022028E7
-9939360.0
-9667632.0
-9404808.0
-9150632.0
-8904880.0
-8667328.0
-8437792.0
-8216104.0
-8002096.0
-7795648.0
-7596656.0
-7405032.0
-7220720.0
-7043680.0
-6873920.0
-6711472.0
-6556384.0
-6408760.0
-6268704.0
-6136376.0
-6011936.0
-5895584.0
-5787504.0
-5687888.0
-5596944.0
-5514864.0
-5441800.0
-5377904.0
-5323272.0
-5277984.0
-5242048.0
-5215416.0
-5198008.0
-5189640.0
-5190072.0
-5198984.0
-5215960.0
-5240520.0
-5272072.0
-5309944.0
-5353376.0
-5401512.0
-5453416.0
-5508064.0
-5564400.0
-5621256.0
-5677488.0
-5731904.0
-5783304.0
-5830520.0
-5872424.0
-5907976.0
-5936224.0
-5956312.0
-5967576.0
-5969472.0
-5961648.0
-5943960.0
-5916456.0
-5879392.0
-5833288.0
-5778792.0
-5716848.0
-5648552.0
-5575192.0
-5498232.0
-5419264.0
-5340048.0
-5262400.0
-5188232.0
-5119480.0
-5058120.0
-5006088.0
-4965280.0
-4937528.0
-4924520.0
-4927848.0
-4948912.0
-4988944.0
-5048968.0
-5129776.0
-5231952.0
-5355800.0
-5501384.0
-5668560.0
-5856904.0
-6065784.0
-6294344.0
-6541536.0
-6806168.0
-7086880.0
-7382184.0
-7690528.0
-8010296.0
-8339824.0
-8677432.0
-9021480.0
-9370360.0
-9722480.0
-1.0076352E7
-1.043056E7
-1.0783744E7
-1.1134696E7
-1.148224E7
-1.1825344E7
-1.2163064E7
-1.249456E7
-1.281908E7
-1.3136E7
-1.3444744E7
-1.3744896E7
-1.4036072E7
-1.4318016E7
-1.4590544E7
-1.4853552E7
-1.5107008E7
-1.5350928E7
-1.55854E7
-1.5810552E7
-1.602652E7
-1.6233488E7
-1.6431624E7
-1.6621112E7
-1.6802096E7
-1.6974688E7
-1.7139E7
-1.7295072E7
-1.7442904E7
-1.7582464E7
-1.7713656E7
-1.7836352E7
-1.7950384E7
-1.8055552E7
-1.8151656E7
-1.8238472E7
-1.8315776E7
-1.8383352E7
-1.8441024E7
-1.848864E7
-1.8526096E7
-1.8553336E7
-1.8570376E7
-1.8577288E7
-1.8574216E7
-1.8561368E7
-1.8539088E7
-1.8507712E7
-1.8467736E7
-1.8419688E7
-1.8364232E7
-1.8302064E7
-1.8233984E7
-1.8160896E7
-1.808372E7
-1.8003512E7
-1.7921368E7
-1.7838416E7
-1.775588E7
-1.7675008E7
-1.7597048E7
-1.7523304E7
-1.7455064E7
-1.73936E7
-1.7340152E7
-1.729592E7
-1.726204E7
-1.7239584E7
-1.7229488E7
-1.72326E7
-1.7249648E7
-1.7281208E7
-1.7327704E7
-1.7389376E7
-1.7466304E7
-1.755836E7
-1.7665264E7
-1.778648E7
-1.7921344E7
-1.8068952E7
-1.8228248E7
-1.8397976E7
-1.8576752E7
-1.8763024E7
-1.8955128E7
-1.9151296E7
-1.934972E7
-1.9548488E7
-1.9745696E7
-1.9939464E7
-2.012792E7
-2.030928E7
-2.0481816E7
-2.0643928E7
-2.0794128E7
-2.0931096E7
-2.1053648E7
-2.1160784E7
-2.1251672E7
-2.1325656E7
-2.1382256E7
-2.142116E7
-2.144224E7
-2.1445504E7
-2.1431096E7
-2.1399304E7
-2.1350536E7
-2.1285248E7
-2.1204032E7
-2.1107496E7
-2.099628E7
-2.0871064E7
-2.073252E7
-2.0581336E7
-2.0418112E7
-2.0243456E7
-2.0057936E7
-1.986204E7
-1.9656248E7
-1.944096E7
-1.9216568E7
-1.8983416E7
-1.8741872E7
-1.8492248E7
-1.8234952E7
-1.7970384E7
-1.769904E7
-1.7421488E7
-1.7138376E7
-1.6850504E7
-1.6558736E7
-1.6264128E7
-1.5967816E7
-1.5671064E7
-1.5375264E7
-1.5081888E7
-1.4792504E7
-1.450872E7
-1.4232176E7
-1.3964544E7
-1.370744E7
-1.3462456E7
-1.3231104E7
-1.3014816E7
-1.2814888E7
-1.2632504E7
-1.2468696E7
-1.2324336E7
-1.2200136E7
-1.2096648E7
-1.2014248E7
-1.1953152E7
-1.1913392E7
-1.1894872E7
-1.189732E7
-1.1920336E7
-1.1963368E7
-1.2025744E7
-1.210668E7
-1.2205288E7
-1.2320576E7
-1.2451424E7
-1.2596688E7
-1.275512E7
-1.2925392E7
-1.3106136E7
-1.329596E7
-1.3493368E7
-1.369688E7
-1.3904976E7
-1.4116112E7
-1.432876E7
-1.4541376E7
-1.475248E7
-1.4960576E7
-1.516424E7
-1.5362104E7
-1.5552856E7
-1.5735312E7
-1.590836E7
-1.6071008E7
-1.6222368E7
-1.6361752E7
-1.648856E7
-1.660236E7
-1.6702896E7
-1.6790056E7
-1.6863864E7
-1.6924528E7
-1.697236E7
-1.7007848E7
-1.703156E7
-1.7044152E7
-1.70464E7
-1.703908E7
-1.7023056E7
-1.699916E7
-1.696824E7
-1.6931096E7
-1.6888496E7
-1.6841104E7
-1.6789512E7
-1.6734232E7
-1.6675648E7
-1.661404E7
-1.654956E7
-1.6482272E7
-1.6412088E7
-1.6338856E7
-1.626232E7
-1.6182128E7
-1.609788E7
-1.6009128E7
-1.5915368E7
-1.581608E7
-1.5710744E7
-1.5598872E7
-1.5479944E7
-1.535352E7
-1.5219184E7
-1.5076592E7
-1.4925456E7
-1.4765512E7
-1.4596632E7
-1.4418696E7
-1.4231696E7
-1.403564E7
-1.3830656E7
-1.3616856E7
-1.3394464E7
-1.3163712E7
-1.2924888E7
-1.2678296E7
-1.2424272E7
-1.216316E7
-1.1895328E7
-1.162112E7
-1.1340912E7
-1.1055064E7
-1.0763904E7
-1.0467776E7
-1.0166984E7
-9861832.0
-9552592.0
-9239520.0
-8922864.0
-8602832.0
-8279632.0
-7953432.0
-7624432.0
-7292776.0
-6958640.0
-6622176.0
-6283576.0
-5943016.0
-5600704.0
-5256920.0
-4911936.0
-4566120.0
-4219904.0
-3873784.0
-3528368.0
-3184344.0
