# File created = Tuesday, January 27, 2026 10:13:28 AM EST
# Data set = ADF_TR_Nirmat400-Mpro400_VT_2026-01-24  318  1  /Users/ramelt2/Library/CloudStorage/Box-Box/Montelione-Lab-Box/MPro_NMR_and_MS_data_and_analysis/MPro-Nirmatrelvir/Mohawk-600NMR-data
# Spectral Region:
# LEFT = -70.0 ppm. RIGHT = -74.0 ppm.
#
# SIZE = 16283 ( = number of points)
#
# In the following ordering is from the 'left' to the 'right' limits!
# Lines beginning with '#' must be considered as comment lines.
#
-7089328.0
-6927420.0
-6752408.0
-6564300.0
-6363068.0
-6148628.0
-5920880.0
-5679660.0
-5424792.0
-5156072.0
-4873276.0
-4576180.0
-4264548.0
-3938160.0
-3596800.0
-3240292.0
-2868464.0
-2481196.0
-2078400.0
-1660024.0
-1226056.0
-776528.0
-311516.0
168864.0
664452.0
1175048.0
1700408.0
2240260.0
2794276.0
3362100.0
3943344.0
4537568.0
5144308.0
5763064.0
6393308.0
7034476.0
7685968.0
8347176.0
9017452.0
9696128.0
1.0382532E7
1.107596E7
1.1775688E7
1.2480992E7
1.3191116E7
1.39053E7
1.4622752E7
1.5342668E7
1.6064208E7
1.6786504E7
1.750866E7
1.8229728E7
1.894872E7
1.96646E7
2.0376292E7
2.1082648E7
2.1782484E7
2.2474552E7
2.3157556E7
2.3830152E7
2.4490948E7
2.5138508E7
2.5771368E7
2.6388024E7
2.6986956E7
2.7566624E7
2.8125488E7
2.8662008E7
2.9174656E7
2.9661932E7
3.0122368E7
3.0554544E7
3.0957112E7
3.1328784E7
3.1668372E7
3.197478E7
3.2247044E7
3.2484308E7
3.2685884E7
3.2851216E7
3.2979936E7
3.3071844E7
3.3126924E7
3.3145344E7
3.3127488E7
3.3073908E7
3.298536E7
3.2862784E7
3.270728E7
3.2520116E7
3.2302704E7
3.2056564E7
3.1783332E7
3.14847E7
3.116242E7
3.081826E7
3.0454E7
3.0071368E7
2.9672072E7
2.9257728E7
2.8829884E7
2.8389972E7
2.7939312E7
2.747912E7
2.701046E7
2.6534292E7
2.6051424E7
2.556254E7
2.5068204E7
2.4568852E7
2.4064796E7
2.3556252E7
2.3043312E7
2.2525976E7
2.200416E7
2.1477692E7
2.0946324E7
2.0409748E7
1.98676E7
1.9319476E7
1.8764936E7
1.8203528E7
1.7634796E7
1.7058288E7
1.6473584E7
1.5880284E7
1.5278048E7
1.4666588E7
1.4045692E7
1.3415216E7
1.2775104E7
1.21254E7
1.146622E7
1.0797792E7
1.0120432E7
9434552.0
8740668.0
8039364.0
7331320.0
6617308.0
5898152.0
5174780.0
4448152.0
3719312.0
2989360.0
2259440.0
1530744.0
804512.0
82012.0
-635440.0
-1346536.0
-2049908.0
-2744208.0
-3428064.0
-4100116.0
-4759016.0
-5403428.0
-6032060.0
-6643640.0
-7236964.0
-7810880.0
-8364284.0
-8896172.0
-9405604.0
-9891740.0
-1.0353828E7
-1.0791224E7
-1.1203388E7
-1.1589896E7
-1.1950444E7
-1.2284836E7
-1.2593016E7
-1.2875056E7
-1.3131156E7
-1.336166E7
-1.356704E7
-1.3747916E7
-1.3905056E7
-1.4039364E7
-1.4151892E7
-1.424382E7
-1.431648E7
-1.437132E7
-1.4409912E7
-1.4433948E7
-1.44452E7
-1.4445528E7
-1.4436856E7
-1.442114E7
-1.4400372E7
-1.4376544E7
-1.4351612E7
-1.4327504E7
-1.4306076E7
-1.4289116E7
-1.4278296E7
-1.4275184E7
-1.4281228E7
-1.429772E7
-1.4325832E7
-1.4366576E7
-1.4420812E7
-1.4489256E7
-1.4572464E7
-1.4670852E7
-1.4784684E7
-1.4914084E7
-1.505904E7
-1.5219392E7
-1.539486E7
-1.5585024E7
-1.5789352E7
-1.6007184E7
-1.623774E7
-1.6480132E7
-1.6733376E7
-1.6996376E7
-1.726796E7
-1.7546868E7
-1.7831792E7
-1.8121352E7
-1.8414148E7
-1.8708756E7
-1.9003748E7
-1.929772E7
-1.9589296E7
-1.9877164E7
-2.016006E7
-2.0436824E7
-2.0706392E7
-2.0967792E7
-2.1220188E7
-2.1462848E7
-2.1695168E7
-2.1916672E7
-2.2126996E7
-2.2325896E7
-2.2513224E7
-2.2688944E7
-2.2853116E7
-2.300588E7
-2.3147452E7
-2.3278136E7
-2.33983E7
-2.3508372E7
-2.3608848E7
-2.3700292E7
-2.3783332E7
-2.3858648E7
-2.3927E7
-2.3989196E7
-2.4046116E7
-2.40987E7
-2.4147924E7
-2.4194832E7
-2.424048E7
-2.4285964E7
-2.4332364E7
-2.4380768E7
-2.44322E7
-2.4487636E7
-2.4547964E7
-2.4613956E7
-2.4686236E7
-2.4765276E7
-2.485136E7
-2.494456E7
-2.5044728E7
-2.5151492E7
-2.5264228E7
-2.5382088E7
-2.550398E7
-2.5628596E7
-2.5754408E7
-2.5879704E7
-2.6002604E7
-2.6121088E7
-2.6233016E7
-2.6336168E7
-2.6428276E7
-2.6507048E7
-2.6570208E7
-2.6615512E7
-2.66408E7
-2.6643996E7
-2.662316E7
-2.65765E7
-2.6502388E7
-2.6399376E7
-2.6266228E7
-2.6101916E7
-2.5905636E7
-2.5676824E7
-2.5415132E7
-2.5120476E7
-2.4792996E7
-2.4433064E7
-2.4041296E7
-2.3618524E7
-2.3165812E7
-2.2684416E7
-2.2175796E7
-2.1641608E7
-2.1083672E7
-2.0503952E7
-1.9904576E7
-1.928778E7
-1.8655912E7
-1.8011388E7
-1.735672E7
-1.6694436E7
-1.6027104E7
-1.5357284E7
-1.468754E7
-1.4020376E7
-1.3358256E7
-1.2703564E7
-1.2058592E7
-1.1425528E7
-1.080644E7
-1.0203256E7
-9617768.0
-9051608.0
-8506240.0
-7982976.0
-7482960.0
-7007164.0
-6556396.0
-6131296.0
-5732364.0
-5359944.0
-5014248.0
-4695352.0
-4403232.0
-4137736.0
-3898632.0
-3685588.0
-3498196.0
-3335976.0
-3198368.0
-3084748.0
-2994436.0
-2926676.0
-2880648.0
-2855476.0
-2850220.0
-2863864.0
-2895348.0
-2943536.0
-3007264.0
-3085300.0
-3176388.0
-3279236.0
-3392556.0
-3515040.0
-3645400.0
-3782380.0
-3924764.0
-4071392.0
-4221172.0
-4373092.0
-4526220.0
-4679744.0
-4832928.0
-4985152.0
-5135900.0
-5284760.0
-5431420.0
-5575664.0
-5717372.0
-5856504.0
-5993100.0
-6127268.0
-6259180.0
-6389056.0
-6517164.0
-6643816.0
-6769324.0
-6894044.0
-7018336.0
-7142556.0
-7267068.0
-7392224.0
-7518348.0
-7645760.0
-7774768.0
-7905640.0
-8038636.0
-8173996.0
-8311940.0
-8452676.0
-8596408.0
-8743332.0
-8893660.0
-9047596.0
-9205376.0
-9367240.0
-9533468.0
-9704364.0
-9880268.0
-1.0061544E7
-1.0248596E7
-1.0441844E7
-1.0641748E7
-1.0848776E7
-1.1063408E7
-1.1286136E7
-1.151744E7
-1.175778E7
-1.2007616E7
-1.2267356E7
-1.2537396E7
-1.2818076E7
-1.3109712E7
-1.3412556E7
-1.3726844E7
-1.405274E7
-1.4390388E7
-1.4739884E7
-1.5101292E7
-1.547464E7
-1.5859916E7
-1.6257076E7
-1.6666052E7
-1.708672E7
-1.7518924E7
-1.7962456E7
-1.8417056E7
-1.88824E7
-1.9358092E7
-1.9843664E7
-2.0338564E7
-2.0842144E7
-2.135366E7
-2.1872256E7
-2.2396996E7
-2.2926808E7
-2.346054E7
-2.399692E7
-2.453458E7
-2.507206E7
-2.5607812E7
-2.6140204E7
-2.6667544E7
-2.7188076E7
-2.7700012E7
-2.8201524E7
-2.8690776E7
-2.9165952E7
-2.9625244E7
-3.0066912E7
-3.048928E7
-3.089078E7
-3.1269948E7
-3.1625492E7
-3.1956276E7
-3.2261356E7
-3.2540032E7
-3.2791816E7
-3.3016476E7
-3.3214056E7
-3.3384852E7
-3.3529444E7
-3.3648668E7
-3.374362E7
-3.3815628E7
-3.386624E7
-3.3897176E7
-3.3910324E7
-3.3907668E7
-3.3891272E7
-3.386324E7
-3.382564E7
-3.3780496E7
-3.3729724E7
-3.3675096E7
-3.3618212E7
-3.356046E7
-3.3503E7
-3.344672E7
-3.3392256E7
-3.3339968E7
-3.3289948E7
-3.324202E7
-3.3195756E7
-3.31505E7
-3.3105384E7
-3.3059368E7
-3.3011256E7
-3.2959736E7
-3.29034E7
-3.2840792E7
-3.277042E7
-3.2690804E7
-3.2600484E7
-3.2498052E7
-3.2382176E7
-3.2251604E7
-3.21052E7
-3.1941944E7
-3.1760952E7
-3.1561488E7
-3.134296E7
-3.1104948E7
-3.0847196E7
-3.056964E7
-3.0272388E7
-2.9955744E7
-2.962022E7
-2.9266504E7
-2.8895508E7
-2.8508332E7
-2.8106264E7
-2.76908E7
-2.7263592E7
-2.6826472E7
-2.6381408E7
-2.5930496E7
-2.5475948E7
-2.502004E7
-2.4565116E7
-2.4113528E7
-2.3667648E7
-2.3229812E7
-2.28023E7
-2.2387328E7
-2.1987E7
-2.1603324E7
-2.1238168E7
-2.0893256E7
-2.0570172E7
-2.0270348E7
-1.9995052E7
-1.9745392E7
-1.952234E7
-1.93267E7
-1.9159148E7
-1.9020208E7
-1.8910288E7
-1.882966E7
-1.8778492E7
-1.875682E7
-1.8764592E7
-1.8801644E7
-1.8867716E7
-1.8962436E7
-1.9085356E7
-1.923592E7
-1.9413472E7
-1.961726E7
-1.9846428E7
-2.0100012E7
-2.0376964E7
-2.0676104E7
-2.0996144E7
-2.1335696E7
-2.1693252E7
-2.2067176E7
-2.2455756E7
-2.2857136E7
-2.3269372E7
-2.3690428E7
-2.4118176E7
-2.455042E7
-2.4984888E7
-2.5419284E7
-2.5851264E7
-2.6278496E7
-2.6698648E7
-2.7109424E7
-2.7508592E7
-2.7893988E7
-2.826356E7
-2.8615364E7
-2.89476E7
-2.9258624E7
-2.9546972E7
-2.9811348E7
-3.0050656E7
-3.0264004E7
-3.04507E7
-3.061026E7
-3.0742388E7
-3.0847E7
-3.0924192E7
-3.0974244E7
-3.0997588E7
-3.0994824E7
-3.0966672E7
-3.0913976E7
-3.083768E7
-3.0738804E7
-3.0618452E7
-3.0477756E7
-3.0317896E7
-3.0140068E7
-2.9945496E7
-2.973538E7
-2.9510928E7
-2.9273328E7
-2.9023752E7
-2.8763356E7
-2.8493264E7
-2.8214576E7
-2.792836E7
-2.7635672E7
-2.733752E7
-2.7034884E7
-2.6728728E7
-2.641996E7
-2.6109476E7
-2.5798108E7
-2.5486668E7
-2.5175928E7
-2.4866604E7
-2.4559372E7
-2.425488E7
-2.39537E7
-2.365638E7
-2.3363408E7
-2.307522E7
-2.279222E7
-2.2514732E7
-2.2243056E7
-2.1977432E7
-2.1718048E7
-2.1465056E7
-2.121856E7
-2.097864E7
-2.074534E7
-2.0518688E7
-2.0298716E7
-2.0085464E7
-1.9878992E7
-1.96794E7
-1.9486864E7
-1.9301616E7
-1.9124E7
-1.8954464E7
-1.8793576E7
-1.8642044E7
-1.8500732E7
-1.8370636E7
-1.8252916E7
-1.8148868E7
-1.8059924E7
-1.7987636E7
-1.7933668E7
-1.7899744E7
-1.788764E7
-1.7899144E7
-1.7936016E7
-1.7999972E7
-1.8092624E7
-1.821544E7
-1.836974E7
-1.8556624E7
-1.8776964E7
-1.9031392E7
-1.9320256E7
-1.964362E7
-2.0001256E7
-2.039266E7
-2.0817016E7
-2.1273268E7
-2.1760072E7
-2.2275876E7
-2.28189E7
-2.3387196E7
-2.3978656E7
-2.4591048E7
-2.5222048E7
-2.586928E7
-2.6530316E7
-2.7202736E7
-2.7884136E7
-2.8572156E7
-2.9264484E7
-2.9958908E7
-3.06533E7
-3.1345636E7
-3.2034024E7
-3.271668E7
-3.3391964E7
-3.4058356E7
-3.4714476E7
-3.5359044E7
-3.5990916E7
-3.6609048E7
-3.7212488E7
-3.7800352E7
-3.8371824E7
-3.8926112E7
-3.946246E7
-3.99801E7
-4.0478264E7
-4.0956132E7
-4.1412864E7
-4.1847552E7
-4.2259244E7
-4.264692E7
-4.3009524E7
-4.334596E7
-4.3655092E7
-4.3935796E7
-4.4186952E7
-4.4407476E7
-4.459636E7
-4.475266E7
-4.487558E7
-4.4964424E7
-4.501868E7
-4.5037988E7
-4.5022192E7
-4.4971312E7
-4.4885584E7
-4.4765436E7
-4.461148E7
-4.4424528E7
-4.4205544E7
-4.3955664E7
-4.3676148E7
-4.3368384E7
-4.3033828E7
-4.2674032E7
-4.2290584E7
-4.1885088E7
-4.145916E7
-4.1014388E7
-4.0552324E7
-4.007446E7
-3.9582208E7
-3.9076904E7
-3.8559764E7
-3.8031908E7
-3.749432E7
-3.6947864E7
-3.639328E7
-3.5831164E7
-3.5261988E7
-3.4686092E7
-3.4103696E7
-3.3514904E7
-3.2919704E7
-3.2318E7
-3.1709596E7
-3.1094228E7
-3.047158E7
-2.9841284E7
-2.9202956E7
-2.8556188E7
-2.7900592E7
-2.72358E7
-2.6561492E7
-2.5877392E7
-2.5183308E7
-2.4479128E7
-2.376484E7
-2.3040536E7
-2.2306412E7
-2.1562792E7
-2.0810096E7
-2.0048872E7
-1.9279744E7
-1.8503448E7
-1.7720788E7
-1.6932616E7
-1.6139844E7
-1.5343388E7
-1.4544152E7
-1.3743036E7
-1.2940872E7
-1.2138436E7
-1.1336404E7
-1.053536E7
-9735780.0
-8938004.0
-8142268.0
-7348676.0
-6557228.0
-5767820.0
-4980280.0
-4194364.0
-3409808.0
-2626340.0
-1843716.0
-1061756.0
-280364.0
500420.0
1280416.0
2059248.0
2836348.0
3610904.0
4381876.0
5147972.0
5907652.0
6659120.0
7400336.0
8129052.0
8842800.0
9538960.0
1.021478E7
1.0867396E7
1.149392E7
1.2091448E7
1.2657144E7
1.3188272E7
1.3682256E7
1.4136732E7
1.4549592E7
1.4919032E7
1.52436E7
1.5522204E7
1.5754156E7
1.59392E7
1.6077492E7
1.616962E7
1.6216612E7
1.621988E7
1.6181236E7
1.6102836E7
1.5987172E7
1.5837E7
1.5655328E7
1.5445332E7
1.5210352E7
1.4953804E7
1.467916E7
1.4389896E7
1.4089436E7
1.3781128E7
1.34682E7
1.3153736E7
1.2840632E7
1.2531588E7
1.2229076E7
1.1935328E7
1.1652324E7
1.1381772E7
1.11251E7
1.0883468E7
1.0657744E7
1.0448512E7
1.0256064E7
1.0080432E7
9921360.0
9778336.0
9650600.0
9537168.0
9436828.0
9348208.0
9269740.0
9199756.0
9136452.0
9077976.0
9022416.0
8967860.0
8912408.0
8854216.0
8791508.0
8722604.0
8645948.0
8560116.0
8463824.0
8355960.0
8235564.0
8101848.0
7954180.0
7792108.0
7615324.0
7423672.0
7217140.0
6995860.0
6760068.0
6510128.0
6246512.0
5969776.0
5680568.0
5379624.0
5067740.0
4745788.0
4414688.0
4075432.0
3729036.0
3376580.0
3019164.0
2657932.0
2294044.0
1928676.0
1563008.0
1198208.0
835444.0
475844.0
120492.0
-229560.0
-573340.0
-909952.0
-1238568.0
-1558464.0
-1869008.0
-2169676.0
-2460040.0
-2739776.0
-3008664.0
-3266572.0
-3513468.0
-3749372.0
-3974396.0
-4188680.0
-4392416.0
-4585816.0
-4769096.0
-4942460.0
-5106096.0
-5260152.0
-5404732.0
-5539876.0
-5665552.0
-5781672.0
-5888060.0
-5984484.0
-6070636.0
-6146156.0
-6210648.0
-6263676.0
-6304812.0
-6333624.0
-6349728.0
-6352788.0
-6342564.0
-6318904.0
-6281780.0
-6231304.0
-6167752.0
-6091536.0
-6003268.0
-5903704.0
-5793760.0
-5674528.0
-5547220.0
-5413176.0
-5273848.0
-5130756.0
-4985492.0
-4839680.0
-4694940.0
-4552896.0
-4415128.0
-4283160.0
-4158452.0
-4042356.0
-3936132.0
-3840920.0
-3757740.0
-3687484.0
-3630892.0
-3588584.0
-3561032.0
-3548572.0
-3551400.0
-3569584.0
-3603064.0
-3651660.0
-3715080.0
-3792916.0
-3884676.0
-3989776.0
-4107556.0
-4237300.0
-4378228.0
-4529528.0
-4690356.0
-4859860.0
-5037180.0
-5221468.0
-5411900.0
-5607688.0
-5808080.0
-6012388.0
-6219976.0
-6430296.0
-6642868.0
-6857296.0
-7073260.0
-7290556.0
-7509036.0
-7728652.0
-7949440.0
-8171496.0
-8394992.0
-8620136.0
-8847184.0
-9076388.0
-9308028.0
-9542320.0
-9779460.0
-1.0019556E7
-1.0262624E7
-1.0508572E7
-1.0757152E7
-1.1007964E7
-1.1260448E7
-1.151384E7
-1.1767212E7
-1.2019436E7
-1.22692E7
-1.2515032E7
-1.2755296E7
-1.2988232E7
-1.321198E7
-1.3424592E7
-1.3624104E7
-1.380854E7
-1.3975976E7
-1.4124552E7
-1.4252536E7
-1.4358364E7
-1.4440644E7
-1.4498208E7
-1.4530128E7
-1.4535736E7
-1.4514636E7
-1.4466712E7
-1.4392108E7
-1.4291244E7
-1.4164792E7
-1.4013648E7
-1.3838912E7
-1.364186E7
-1.342392E7
-1.3186628E7
-1.2931596E7
-1.2660488E7
-1.2374976E7
-1.2076732E7
-1.1767384E7
-1.1448508E7
-1.1121592E7
-1.0788056E7
-1.0449196E7
-1.0106236E7
-9760276.0
-9412324.0
-9063288.0
-8713996.0
-8365192.0
-8017552.0
-7671700.0
-7328220.0
-6987656.0
-6650532.0
-6317368.0
-5988668.0
-5664944.0
-5346712.0
-5034480.0
-4728768.0
-4430076.0
-4138904.0
-3855724.0
-3580972.0
-3315048.0
-3058292.0
-2810988.0
-2573344.0
-2345520.0
-2127576.0
-1919528.0
-1721320.0
-1532852.0
-1353976.0
-1184544.0
-1024388.0
-873356.0
-731320.0
-598208.0
-473996.0
-358712.0
-252472.0
-155444.0
-67860.0
9988.0
77784.0
135180.0
181816.0
217380.0
241568.0
254168.0
255048.0
244172.0
221652.0
187728.0
142792.0
87404.0
22276.0
-51708.0
-133544.0
-222060.0
-315976.0
-413928.0
-514472.0
-616128.0
-717416.0
-816880.0
-913128.0
-1004864.0
-1090916.0
-1170280.0
-1242120.0
-1305808.0
-1360940.0
-1407332.0
-1445024.0
-1474296.0
-1495644.0
-1509764.0
-1517536.0
-1520000.0
-1518344.0
-1513844.0
-1507848.0
-1501748.0
-1496932.0
-1494760.0
-1496532.0
-1503452.0
-1516620.0
-1536984.0
-1565348.0
-1602340.0
-1648424.0
-1703876.0
-1768812.0
-1843180.0
-1926768.0
-2019240.0
-2120164.0
-2228992.0
-2345152.0
-2468024.0
-2597012.0
-2731532.0
-2871076.0
-3015228.0
-3163680.0
-3316256.0
-3472932.0
-3633840.0
-3799268.0
-3969668.0
-4145636.0
-4327908.0
-4517332.0
-4714848.0
-4921464.0
-5138212.0
-5366128.0
-5606216.0
-5859400.0
-6126520.0
-6408276.0
-6705204.0
-7017668.0
-7345848.0
-7689704.0
-8048984.0
-8423240.0
-8811804.0
-9213828.0
-9628280.0
-1.005398E7
-1.0489624E7
-1.0933784E7
-1.1384988E7
-1.1841696E7
-1.2302368E7
-1.2765468E7
-1.3229496E7
-1.3693024E7
-1.4154692E7
-1.4613252E7
-1.5067552E7
-1.5516568E7
-1.5959396E7
-1.6395264E7
-1.6823524E7
-1.7243652E7
-1.7655232E7
-1.8057968E7
-1.8451652E7
-1.8836176E7
-1.9211492E7
-1.9577628E7
-1.9934664E7
-2.0282716E7
-2.0621928E7
-2.0952468E7
-2.1274508E7
-2.1588212E7
-2.1893736E7
-2.2191212E7
-2.2480732E7
-2.2762364E7
-2.3036116E7
-2.330194E7
-2.3559732E7
-2.3809308E7
-2.4050424E7
-2.4282748E7
-2.4505848E7
-2.471924E7
-2.4922308E7
-2.511438E7
-2.5294664E7
-2.5462288E7
-2.5616288E7
-2.5755612E7
-2.5879136E7
-2.598564E7
-2.6073848E7
-2.6142432E7
-2.6189992E7
-2.6215112E7
-2.6216328E7
-2.6192172E7
-2.6141184E7
-2.6061892E7
-2.595288E7
-2.5812768E7
-2.564024E7
-2.5434056E7
-2.5193072E7
-2.4916264E7
-2.460274E7
-2.4251756E7
-2.3862732E7
-2.3435272E7
-2.2969184E7
-2.2464476E7
-2.1921388E7
-2.1340392E7
-2.0722192E7
-2.0067736E7
-1.9378224E7
-1.865508E7
-1.7899956E7
-1.7114728E7
-1.6301452E7
-1.5462364E7
-1.4599844E7
-1.3716388E7
-1.2814576E7
-1.1897028E7
-1.0966372E7
-1.0025228E7
-9076140.0
-8121564.0
-7163840.0
-6205144.0
-5247500.0
-4292728.0
-3342456.0
-2398108.0
-1460896.0
-531844.0
388240.0
1298716.0
2199096.0
3089052.0
3968356.0
4836880.0
5694568.0
6541392.0
7377336.0
8202368.0
9016416.0
9819356.0
1.0610968E7
1.139094E7
1.2158844E7
1.2914136E7
1.3656148E7
1.4384088E7
1.509704E7
1.5793984E7
1.6473788E7
1.7135252E7
1.7777104E7
1.8398008E7
1.8996632E7
1.957162E7
2.0121644E7
2.064542E7
2.1141708E7
2.1609364E7
2.2047332E7
2.2454684E7
2.2830592E7
2.3174384E7
2.3485524E7
2.3763628E7
2.4008468E7
2.4219964E7
2.4398208E7
2.4543424E7
2.4655996E7
2.4736444E7
2.4785416E7
2.4803696E7
2.479216E7
2.47518E7
2.4683684E7
2.458894E7
2.446878E7
2.4324432E7
2.4157172E7
2.3968268E7
2.3759012E7
2.3530672E7
2.32845E7
2.3021712E7
2.2743496E7
2.245098E7
2.214526E7
2.1827368E7
2.1498288E7
2.1158952E7
2.081024E7
2.0452988E7
2.0087984E7
1.971598E7
1.9337692E7
1.8953824E7
1.8565032E7
1.8171992E7
1.7775348E7
1.7375764E7
1.6973904E7
1.6570432E7
1.616604E7
1.5761448E7
1.5357376E7
1.495458E7
1.4553828E7
1.4155908E7
1.3761624E7
1.3371776E7
1.298718E7
1.2608624E7
1.2236888E7
1.187272E7
1.1516836E7
1.11699E7
1.083252E7
1.0505244E7
1.0188564E7
9882884.0
9588544.0
9305824.0
9034924.0
8775988.0
8529112.0
8294340.0
8071692.0
7861160.0
7662732.0
7476380.0
7302100.0
7139888.0
6989776.0
6851800.0
6726040.0
6612584.0
6511552.0
6423064.0
6347256.0
6284268.0
6234228.0
6197252.0
6173416.0
6162788.0
6165384.0
6181184.0
6210116.0
6252068.0
6306864.0
6374296.0
6454096.0
6545952.0
6649512.0
6764380.0
6890136.0
7026312.0
7172428.0
7327976.0
7492420.0
7665216.0
7845796.0
8033584.0
8227984.0
8428384.0
8634156.0
8844660.0
9059236.0
9277208.0
9497896.0
9720596.0
9944612.0
1.0169248E7
1.039382E7
1.0617668E7
1.0840164E7
1.106074E7
1.1278892E7
1.1494188E7
1.17063E7
1.191502E7
1.2120256E7
1.2322052E7
1.2520608E7
1.2716264E7
1.2909524E7
1.3101048E7
1.329164E7
1.3482232E7
1.3673896E7
1.3867804E7
1.4065204E7
1.4267416E7
1.4475792E7
1.4691664E7
1.4916376E7
1.5151176E7
1.539726E7
1.5655692E7
1.5927408E7
1.621318E7
1.6513612E7
1.6829116E7
1.71599E7
1.7505976E7
1.7867148E7
1.8243024E7
1.8633016E7
1.903636E7
1.9452124E7
1.9879224E7
2.0316448E7
2.0762472E7
2.1215868E7
2.1675152E7
2.2138772E7
2.2605148E7
2.307268E7
2.3539764E7
2.4004808E7
2.446624E7
2.4922544E7
2.5372232E7
2.5813892E7
2.6246172E7
2.66678E7
2.7077576E7
2.7474404E7
2.7857256E7
2.8225216E7
2.857746E7
2.8913252E7
2.9231956E7
2.9533028E7
2.9816E7
3.0080496E7
3.0326224E7
3.0552944E7
3.0760492E7
3.0948752E7
3.111766E7
3.126718E7
3.1397312E7
3.1508072E7
3.159948E7
3.167158E7
3.1724392E7
3.175792E7
3.1772176E7
3.1767136E7
3.1742752E7
3.1698964E7
3.1635684E7
3.1552816E7
3.1450236E7
3.1327832E7
3.1185476E7
3.1023068E7
3.0840512E7
3.0637748E7
3.0414764E7
3.017158E7
2.9908292E7
2.9625044E7
2.9322068E7
2.899966E7
2.8658212E7
2.8298192E7
2.7920152E7
2.752474E7
2.7112696E7
2.6684848E7
2.6242096E7
2.5785452E7
2.5316E7
2.4834908E7
2.4343428E7
2.38429E7
2.3334716E7
2.2820356E7
2.2301336E7
2.1779244E7
2.1255684E7
2.0732304E7
2.021074E7
1.9692636E7
1.9179596E7
1.867318E7
1.8174892E7
1.768614E7
1.7208236E7
1.674238E7
1.628964E7
1.5850932E7
1.5427036E7
1.5018568E7
1.4625992E7
1.4249612E7
1.3889572E7
1.3545872E7
1.3218364E7
1.2906772E7
1.2610692E7
1.2329624E7
1.2062952E7
1.181E7
1.157002E7
1.1342216E7
1.1125772E7
1.0919836E7
1.0723584E7
1.0536208E7
1.0356936E7
1.0185056E7
1.00199E7
9860908.0
9707584.0
9559536.0
9416456.0
9278148.0
9144488.0
9015456.0
8891092.0
8771512.0
8656864.0
8547348.0
8443156.0
8344484.0
8251504.0
8164332.0
8083044.0
8007616.0
7937948.0
7873836.0
7814988.0
7760992.0
7711340.0
7665436.0
7622592.0
7582076.0
7543080.0
7504780.0
7466348.0
7426952.0
7385808.0
7342184.0
7295404.0
7244884.0
7190144.0
7130780.0
7066508.0
6997148.0
6922612.0
6842916.0
6758136.0
6668452.0
6574080.0
6475296.0
6372408.0
6265744.0
6155652.0
6042472.0
5926540.0
5808172.0
5687660.0
5565260.0
5441200.0
5315660.0
5188768.0
5060600.0
4931180.0
4800460.0
4668336.0
4534612.0
4399052.0
4261316.0
4120996.0
3977616.0
3830624.0
3679408.0
3523304.0
3361592.0
3193532.0
3018376.0
2835368.0
2643792.0
2442968.0
2232288.0
2011232.0
1779384.0
1536456.0
1282300.0
1016916.0
740468.0
453280.0
155852.0
-151160.0
-466956.0
-790572.0
-1120924.0
-1456824.0
-1796984.0
-2140048.0
-2484628.0
-2829300.0
-3172664.0
-3513340.0
-3850012.0
-4181440.0
-4506496.0
-4824164.0
-5133568.0
-5434004.0
-5724912.0
-6005924.0
-6276848.0
-6537672.0
-6788564.0
-7029868.0
-7262088.0
-7485892.0
-7702056.0
-7911492.0
-8115200.0
-8314248.0
-8509748.0
-8702828.0
-8894620.0
-9086212.0
-9278656.0
-9472912.0
-9669864.0
-9870268.0
-1.0074784E7
-1.028392E7
-1.0498048E7
-1.07174E7
-1.0942044E7
-1.117192E7
-1.1406816E7
-1.164636E7
-1.189006E7
-1.213728E7
-1.2387248E7
-1.2639088E7
-1.2891808E7
-1.3144312E7
-1.339542E7
-1.3643888E7
-1.38884E7
-1.4127612E7
-1.4360152E7
-1.4584652E7
-1.4799772E7
-1.5004192E7
-1.5196676E7
-1.537606E7
-1.5541284E7
-1.5691384E7
-1.5825544E7
-1.5943068E7
-1.6043408E7
-1.6126144E7
-1.6191E7
-1.6237816E7
-1.6266556E7
-1.6277292E7
-1.6270164E7
-1.6245404E7
-1.6203272E7
-1.614408E7
-1.6068148E7
-1.5975792E7
-1.5867332E7
-1.574306E7
-1.5603236E7
-1.5448096E7
-1.527784E7
-1.5092656E7
-1.48927E7
-1.467812E7
-1.4449076E7
-1.420574E7
-1.3948312E7
-1.3677056E7
-1.3392276E7
-1.309436E7
-1.2783788E7
-1.2461136E7
-1.2127076E7
-1.1782392E7
-1.1427976E7
-1.1064828E7
-1.0694032E7
-1.0316784E7
-9934336.0
-9548024.0
-9159228.0
-8769372.0
-8379884.0
-7992216.0
-7607796.0
-7228028.0
-6854280.0
-6487856.0
-6129992.0
-5781836.0
-5444460.0
-5118812.0
-4805748.0
-4505980.0
-4220112.0
-3948596.0
-3691772.0
-3449812.0
-3222756.0
-3010504.0
-2812804.0
-2629260.0
-2459344.0
-2302388.0
-2157580.0
-2024004.0
-1900616.0
-1786252.0
-1679680.0
-1579560.0
-1484508.0
-1393072.0
-1303796.0
-1215192.0
-1125816.0
-1034248.0
-939152.0
-839260.0
-733436.0
-620688.0
-500160.0
-371184.0
-233292.0
-86208.0
70132.0
235588.0
409780.0
592136.0
781872.0
978008.0
1179388.0
1384704.0
1592488.0
1801176.0
2009096.0
2214516.0
2415664.0
2610748.0
2798000.0
2975684.0
3142112.0
3295692.0
3434908.0
3558380.0
3664820.0
3753076.0
3822136.0
3871100.0
3899204.0
3905820.0
3890420.0
3852612.0
3792096.0
3708692.0
3602292.0
3472904.0
3320612.0
3145568.0
2948024.0
2728288.0
2486732.0
2223820.0
1940044.0
1635980.0
1312228.0
969472.0
608404.0
229772.0
-165648.0
-577056.0
-1003628.0
-1444524.0
-1898888.0
-2365868.0
-2844588.0
-3334180.0
-3833772.0
-4342488.0
-4859456.0
-5383788.0
-5914608.0
-6451032.0
-6992176.0
-7537148.0
-8085048.0
-8635004.0
-9186124.0
-9737532.0
-1.0288384E7
-1.0837832E7
-1.1385084E7
-1.192936E7
-1.2469944E7
-1.3006152E7
-1.3537356E7
-1.4062988E7
-1.4582528E7
-1.5095516E7
-1.5601548E7
-1.6100264E7
-1.6591344E7
-1.7074516E7
-1.7549536E7
-1.801618E7
-1.8474256E7
-1.8923572E7
-1.936396E7
-1.9795248E7
-2.0217288E7
-2.0629912E7
-2.1032976E7
-2.1426344E7
-2.1809892E7
-2.2183512E7
-2.2547132E7
-2.2900696E7
-2.3244188E7
-2.357766E7
-2.3901196E7
-2.4214948E7
-2.4519136E7
-2.481406E7
-2.5100084E7
-2.5377672E7
-2.5647356E7
-2.5909748E7
-2.6165556E7
-2.6415532E7
-2.6660504E7
-2.690136E7
-2.7139008E7
-2.7374392E7
-2.760846E7
-2.7842156E7
-2.8076388E7
-2.8312032E7
-2.8549892E7
-2.8790708E7
-2.9035128E7
-2.9283696E7
-2.9536844E7
-2.9794896E7
-3.0058032E7
-3.0326324E7
-3.0599704E7
-3.0877984E7
-3.1160844E7
-3.1447856E7
-3.1738468E7
-3.203204E7
-3.2327816E7
-3.2624972E7
-3.2922596E7
-3.3219708E7
-3.351528E7
-3.3808228E7
-3.4097432E7
-3.4381756E7
-3.4660028E7
-3.4931084E7
-3.5193764E7
-3.544692E7
-3.5689436E7
-3.5920232E7
-3.6138296E7
-3.6342676E7
-3.6532504E7
-3.6707028E7
-3.68656E7
-3.7007696E7
-3.7132948E7
-3.7241128E7
-3.7332184E7
-3.740622E7
-3.746352E7
-3.7504524E7
-3.7529852E7
-3.7540272E7
-3.7536692E7
-3.752016E7
-3.7491828E7
-3.7452936E7
-3.7404784E7
-3.7348728E7
-3.7286108E7
-3.7218256E7
-3.7146468E7
-3.7071952E7
-3.6995804E7
-3.6919004E7
-3.6842364E7
-3.6766524E7
-3.669192E7
-3.661878E7
-3.6547112E7
-3.6476688E7
-3.640706E7
-3.6337556E7
-3.6267296E7
-3.6195196E7
-3.6120008E7
-3.6040348E7
-3.5954712E7
-3.586152E7
-3.5759156E7
-3.5646024E7
-3.5520556E7
-3.5381276E7
-3.5226856E7
-3.5056112E7
-3.486808E7
-3.4662004E7
-3.4437404E7
-3.4194044E7
-3.3931996E7
-3.365158E7
-3.3353424E7
-3.3038396E7
-3.270762E7
-3.2362444E7
-3.2004392E7
-3.1635168E7
-3.1256576E7
-3.0870528E7
-3.0478952E7
-3.00838E7
-2.9686988E7
-2.9290364E7
-2.8895684E7
-2.8504568E7
-2.8118488E7
-2.7738748E7
-2.7366464E7
-2.7002544E7
-2.66477E7
-2.630244E7
-2.5967056E7
-2.5641636E7
-2.5326084E7
-2.5020108E7
-2.4723264E7
-2.443494E7
-2.4154388E7
-2.3880748E7
-2.3613076E7
-2.335034E7
-2.309146E7
-2.283534E7
-2.258086E7
-2.2326932E7
-2.2072492E7
-2.1816528E7
-2.1558104E7
-2.1296352E7
-2.1030516E7
-2.0759924E7
-2.0484004E7
-2.0202308E7
-1.991448E7
-1.9620256E7
-1.9319488E7
-1.9012104E7
-1.8698104E7
-1.837756E7
-1.8050608E7
-1.7717424E7
-1.737822E7
-1.7033244E7
-1.6682744E7
-1.6327E7
-1.5966284E7
-1.5600884E7
-1.523108E7
-1.4857156E7
-1.4479396E7
-1.4098092E7
-1.371354E7
-1.3326056E7
-1.2935968E7
-1.2543632E7
-1.2149432E7
-1.1753792E7
-1.1357176E7
-1.0960088E7
-1.0563076E7
-1.0166748E7
-9771740.0
-9378744.0
-8988484.0
-8601712.0
-8219212.0
-7841776.0
-7470208.0
-7105304.0
-6747856.0
-6398620.0
-6058332.0
-5727680.0
-5407316.0
-5097824.0
-4799744.0
-4513548.0
-4239644.0
-3978364.0
-3729976.0
-3494684.0
-3272616.0
-3063824.0
-2868308.0
-2685980.0
-2516712.0
-2360296.0
-2216476.0
-2084952.0
-1965364.0
-1857332.0
-1760424.0
-1674192.0
-1598168.0
-1531888.0
-1474856.0
-1426596.0
-1386632.0
-1354508.0
-1329776.0
-1312000.0
-1300780.0
-1295716.0
-1296440.0
-1302584.0
-1313812.0
-1329776.0
-1350140.0
-1374564.0
-1402696.0
-1434180.0
-1468616.0
-1505592.0
-1544664.0
-1585332.0
-1627064.0
-1669280.0
-1711344.0
-1752568.0
-1792224.0
-1829532.0
-1863672.0
-1893796.0
-1919032.0
-1938500.0
-1951324.0
-1956652.0
-1953664.0
-1941600.0
-1919776.0
-1887592.0
-1844568.0
-1790332.0
-1724656.0
-1647444.0
-1558752.0
-1458796.0
-1347920.0
-1226616.0
-1095508.0
-955324.0
-806896.0
-651128.0
-488964.0
-321388.0
-149392.0
26072.0
204080.0
383788.0
564408.0
745252.0
925748.0
1105412.0
1283864.0
1460844.0
1636160.0
1809720.0
1981488.0
2151476.0
2319728.0
2486304.0
2651244.0
2814564.0
2976224.0
3136132.0
3294096.0
3449848.0
3602984.0
3753004.0
3899284.0
4041072.0
4177488.0
4307536.0
4430092.0
4543932.0
4647728.0
4740076.0
4819488.0
4884440.0
4933360.0
4964668.0
4976800.0
4968204.0
4937396.0
4882956.0
4803564.0
4698028.0
4565276.0
4404416.0
4214712.0
3995624.0
3746832.0
3468216.0
3159876.0
2822148.0
2455592.0
2061000.0
1639384.0
1191976.0
720216.0
225724.0
-289676.0
-824024.0
-1375204.0
-1940980.0
-2519012.0
-3106892.0
-3702164.0
-4302332.0
-4904924.0
-5507480.0
-6107596.0
-6702944.0
-7291308.0
-7870588.0
-8438824.0
-8994236.0
-9535208.0
-1.0060312E7
-1.0568336E7
-1.1058248E7
-1.1529244E7
-1.19807E7
-1.2412204E7
-1.2823504E7
-1.321454E7
-1.3585384E7
-1.3936228E7
-1.426738E7
-1.4579216E7
-1.4872148E7
-1.514662E7
-1.5403052E7
-1.5641844E7
-1.5863328E7
-1.6067756E7
-1.6255284E7
-1.6425964E7
-1.6579736E7
-1.6716408E7
-1.683568E7
-1.6937152E7
-1.7020312E7
-1.7084568E7
-1.7129272E7
-1.7153728E7
-1.7157224E7
-1.7139052E7
-1.7098548E7
-1.703508E7
-1.694812E7
-1.6837232E7
-1.67021E7
-1.6542548E7
-1.6358548E7
-1.6150224E7
-1.5917868E7
-1.5661924E7
-1.5382996E7
-1.5081828E7
-1.4759296E7
-1.4416404E7
-1.405424E7
-1.367398E7
-1.3276844E7
-1.2864108E7
-1.2437056E7
-1.1996948E7
-1.154504E7
-1.1082536E7
-1.06106E7
-1.0130308E7
-9642676.0
-9148648.0
-8649080.0
-8144760.0
-7636404.0
-7124672.0
-6610160.0
-6093436.0
-5575024.0
-5055432.0
-4535164.0
-4014712.0
-3494572.0
-2975252.0
-2457256.0
-1941104.0
-1427308.0
-916368.0
-408780.0
94988.0
594532.0
1089460.0
1579460.0
2064292.0
2543764.0
3017784.0
3486320.0
3949420.0
4407180.0
4859764.0
5307368.0
5750196.0
6188480.0
6622424.0
7052200.0
7477932.0
7899688.0
8317444.0
8731108.0
9140480.0
9545272.0
9945116.0
1.0339552E7
1.0728028E7
1.1109952E7
1.148466E7
1.185146E7
1.220964E7
1.2558492E7
1.2897296E7
1.3225384E7
1.3542112E7
1.3846892E7
1.4139188E7
1.4418536E7
1.4684516E7
1.4936788E7
1.517508E7
1.5399156E7
1.5608848E7
1.5804032E7
1.5984612E7
1.6150524E7
1.630172E7
1.6438172E7
1.6559852E7
1.666674E7
1.67588E7
1.6836008E7
1.689832E7
1.694568E7
1.6978044E7
1.6995348E7
1.6997528E7
1.6984512E7
1.6956252E7
1.691268E7
1.6853756E7
1.6779436E7
1.66897E7
1.6584552E7
1.6464016E7
1.6328152E7
1.6177048E7
1.6010848E7
1.5829748E7
1.5633996E7
1.542392E7
1.5199916E7
1.4962472E7
1.4712168E7
1.4449664E7
1.417574E7
1.3891276E7
1.3597256E7
1.3294752E7
1.2984964E7
1.266916E7
1.2348712E7
1.2025072E7
1.1699752E7
1.1374344E7
1.105048E7
1.0729856E7
1.0414172E7
1.010518E7
9804636.0
9514296.0
9235920.0
8971248.0
8721988.0
8489832.0
8276412.0
8083304.0
7912016.0
7763980.0
7640524.0
7542896.0
7472208.0
7429456.0
7415488.0
7431016.0
7476592.0
7552604.0
7659264.0
7796604.0
7964484.0
8162568.0
8390344.0
8647112.0
8931976.0
9243880.0
9581596.0
9943736.0
1.0328764E7
1.0735016E7
1.1160724E7
1.160402E7
1.2062984E7
1.2535628E7
1.3019976E7
1.3514024E7
1.401582E7
1.4523448E7
1.5035052E7
1.5548876E7
1.606324E7
1.657656E7
1.7087372E7
1.75943E7
1.809606E7
1.8591468E7
1.9079404E7
1.9558824E7
2.002872E7
2.0488132E7
2.093612E7
2.137176E7
2.1794124E7
2.2202292E7
2.2595336E7
2.297232E7
2.3332316E7
2.3674392E7
2.3997624E7
2.4301128E7
2.4584036E7
2.4845544E7
2.5084908E7
2.5301436E7
2.5494544E7
2.5663744E7
2.5808636E7
2.5928956E7
2.6024536E7
2.6095348E7
2.6141492E7
2.6163184E7
2.616078E7
2.6134752E7
2.6085696E7
2.601434E7
2.5921524E7
2.58082E7
2.567544E7
2.5524404E7
2.5356364E7
2.5172696E7
2.4974856E7
2.476438E7
2.4542884E7
2.4312052E7
2.407362E7
2.382938E7
2.3581136E7
2.3330716E7
2.3079952E7
2.2830648E7
2.2584572E7
2.2343428E7
2.2108844E7
2.1882352E7
2.1665356E7
2.145914E7
2.1264824E7
2.1083364E7
2.0915544E7
2.0761968E7
2.0623064E7
2.0499052E7
2.0389996E7
2.0295764E7
2.0216068E7
2.0150464E7
2.0098352E7
2.005902E7
2.003162E7
2.0015216E7
2.0008792E7
2.0011244E7
2.0021428E7
2.0038148E7
2.0060172E7
2.0086264E7
2.0115172E7
2.014564E7
2.0176432E7
2.0206328E7
2.0234128E7
2.0258684E7
2.0278864E7
2.02936E7
2.0301856E7
2.0302656E7
2.0295064E7
2.0278208E7
2.0251256E7
2.0213432E7
2.0163992E7
2.0102244E7
2.0027532E7
1.9939228E7
1.9836752E7
1.9719528E7
1.9587032E7
1.943876E7
1.9274236E7
1.9093028E7
1.8894744E7
1.867904E7
1.8445636E7
1.819432E7
1.7924972E7
1.7637556E7
1.7332164E7
1.7009E7
1.6668408E7
1.6310884E7
1.5937068E7
1.5547788E7
1.5144016E7
1.4726908E7
1.4297784E7
1.3858136E7
1.34096E7
1.295396E7
1.2493128E7
1.2029124E7
1.1564068E7
1.1100144E7
1.0639592E7
1.018468E7
9737684.0
9300864.0
8876456.0
8466648.0
8073560.0
7699248.0
7345668.0
7014696.0
6708100.0
6427536.0
6174532.0
5950504.0
5756732.0
5594344.0
5464316.0
5367460.0
5304420.0
5275640.0
5281372.0
5321656.0
5396332.0
5504996.0
5647040.0
5821628.0
6027712.0
6264028.0
6529136.0
6821404.0
7139060.0
7480180.0
7842744.0
8224648.0
8623732.0
9037792.0
9464620.0
9902028.0
1.0347844E7
1.0799952E7
1.1256292E7
1.1714868E7
1.2173756E7
1.263112E7
1.3085188E7
1.3534276E7
1.3976772E7
1.4411136E7
1.4835904E7
1.5249688E7
1.5651168E7
1.6039104E7
1.6412348E7
1.676982E7
1.7110568E7
1.7433736E7
1.7738608E7
1.8024596E7
1.8291272E7
1.8538376E7
1.8765836E7
1.8973756E7
1.9162436E7
1.9332388E7
1.9484308E7
1.9619092E7
1.9737812E7
1.984172E7
1.9932212E7
2.0010824E7
2.0079204E7
2.0139088E7
2.019228E7
2.024062E7
2.0285968E7
2.0330172E7
2.037506E7
2.04224E7
2.04739E7
2.0531184E7
2.0595772E7
2.0669092E7
2.0752452E7
2.0847028E7
2.0953876E7
2.1073932E7
2.1207984E7
2.13567E7
2.1520616E7
2.1700132E7
2.1895528E7
2.2106944E7
2.233442E7
2.2577856E7
2.2837056E7
2.3111688E7
2.3401344E7
2.3705488E7
2.4023516E7
2.4354716E7
2.4698296E7
2.5053396E7
2.5419084E7
2.5794372E7
2.6178204E7
2.6569496E7
2.6967116E7
2.7369912E7
2.7776708E7
2.8186308E7
2.859752E7
2.900914E7
2.9419984E7
2.9828868E7
3.0234624E7
3.0636112E7
3.1032184E7
3.142174E7
3.1803672E7
3.2176904E7
3.2540364E7
3.289298E7
3.3233704E7
3.3561468E7
3.3875208E7
3.4173856E7
3.4456336E7
3.4721544E7
3.4968384E7
3.5195736E7
3.540248E7
3.5587472E7
3.5749592E7
3.58877E7
3.6000672E7
3.608742E7
3.614686E7
3.6177952E7
3.6179716E7
3.615122E7
3.6091596E7
3.6000072E7
3.5875968E7
3.5718716E7
3.552786E7
3.5303096E7
3.5044252E7
3.4751332E7
3.4424508E7
3.4064136E7
3.3670764E7
3.3245148E7
3.278824E7
3.2301212E7
3.1785424E7
3.1242456E7
3.0674072E7
3.0082236E7
2.9469064E7
2.8836844E7
2.8188004E7
2.7525064E7
2.6850664E7
2.61675E7
2.5478296E7
2.478582E7
2.4092796E7
2.3401924E7
2.2715824E7
2.2037036E7
2.1367972E7
2.0710896E7
2.0067916E7
1.9440952E7
1.883172E7
1.8241732E7
1.767226E7
1.7124352E7
1.6598804E7
1.6096184E7
1.5616804E7
1.5160772E7
1.4727944E7
1.431798E7
1.3930344E7
1.356434E7
1.3219116E7
1.2893712E7
1.2587064E7
1.2298072E7
1.2025608E7
1.1768548E7
1.1525824E7
1.1296428E7
1.107946E7
1.0874132E7
1.0679816E7
1.0496012E7
1.0322404E7
1.0158828E7
1.0005276E7
9861900.0
9728964.0
9606868.0
9496084.0
9397160.0
9310656.0
9237152.0
9177196.0
9131260.0
9099732.0
9082888.0
9080848.0
9093564.0
9120804.0
9162136.0
9216936.0
9284348.0
9363332.0
9452640.0
9550856.0
9656404.0
9767568.0
9882552.0
9999476.0
1.011644E7
1.0231548E7
1.034296E7
1.0448912E7
1.0547764E7
1.0638032E7
1.0718396E7
1.078776E7
1.0845236E7
1.089016E7
1.0922124E7
1.0940944E7
1.0946664E7
1.093956E7
1.0920096E7
1.0888924E7
1.0846856E7
1.0794836E7
1.0733912E7
1.066522E7
1.0589936E7
1.0509284E7
1.0424476E7
1.0336724E7
1.0247208E7
1.015706E7
1.0067372E7
9979172.0
9893424.0
9811036.0
9732860.0
9659696.0
9592292.0
9531348.0
9477536.0
9431492.0
9393832.0
9365140.0
9345984.0
9336916.0
9338448.0
9351084.0
9375296.0
9411516.0
9460128.0
9521468.0
9595804.0
9683328.0
9784160.0
9898296.0
1.0025652E7
1.0165992E7
1.031898E7
1.048412E7
1.0660764E7
1.0848128E7
1.1045264E7
1.125106E7
1.1464264E7
1.1683464E7
1.1907116E7
1.213354E7
1.2360964E7
1.25875E7
1.2811204E7
1.3030072E7
1.3242088E7
1.3445228E7
1.3637504E7
1.3816984E7
1.3981816E7
1.4130264E7
1.4260708E7
1.43717E7
1.446194E7
1.4530336E7
1.4575976E7
1.4598168E7
1.4596428E7
1.457048E7
1.4520276E7
1.4445976E7
1.4347944E7
1.4226752E7
1.408316E7
1.3918116E7
1.3732736E7
1.3528304E7
1.330624E7
1.3068124E7
1.2815624E7
1.2550532E7
1.2274728E7
1.1990156E7
1.1698808E7
1.140272E7
1.1103932E7
1.0804472E7
1.0506344E7
1.0211496E7
9921820.0
9639104.0
9365040.0
9101184.0
8848968.0
8609676.0
8384424.0
8174176.0
7979728.0
7801688.0
7640516.0
7496512.0
7369808.0
7260400.0
7168144.0
7092784.0
7033952.0
6991196.0
6963992.0
6951768.0
6953900.0
6969764.0
6998712.0
7040112.0
7093344.0
7157820.0
7232996.0
7318348.0
7413416.0
7517776.0
7631036.0
7752860.0
7882948.0
8021020.0
8166828.0
8320140.0
8480740.0
8648408.0
8822936.0
9004100.0
9191668.0
9385388.0
9584988.0
9790184.0
1.0000652E7
1.0216048E7
1.0436E7
1.0660104E7
1.0887928E7
1.1119004E7
1.1352836E7
1.15889E7
1.1826628E7
1.2065436E7
1.2304716E7
1.2543816E7
1.278208E7
1.301882E7
1.3253352E7
1.348498E7
1.3713016E7
1.3936776E7
1.4155612E7
1.43689E7
1.457604E7
1.477652E7
1.4969844E7
1.5155612E7
1.5333476E7
1.550316E7
1.5664484E7
1.5817324E7
1.596164E7
1.609746E7
1.622488E7
1.6344064E7
1.645522E7
1.6558616E7
1.6654548E7
1.6743364E7
1.6825424E7
1.690112E7
1.6970856E7
1.7035056E7
1.7094152E7
1.7148596E7
1.7198828E7
1.7245316E7
1.728854E7
1.7328972E7
1.7367112E7
1.7403468E7
1.7438548E7
1.7472888E7
1.7507012E7
1.7541472E7
1.7576804E7
1.761356E7
1.7652268E7
1.7693456E7
1.773764E7
1.7785304E7
1.783692E7
1.7892908E7
1.7953672E7
1.8019568E7
1.8090896E7
1.8167924E7
1.8250856E7
1.8339836E7
1.8434968E7
1.8536276E7
1.864374E7
1.8757272E7
1.8876728E7
1.9001912E7
1.913258E7
1.9268444E7
1.9409188E7
1.955446E7
1.9703904E7
1.9857164E7
2.00139E7
2.0173772E7
2.0336492E7
2.0501812E7
2.0669512E7
2.0839444E7
2.1011492E7
2.1185592E7
2.136172E7
2.153988E7
2.172008E7
2.1902352E7
2.2086688E7
2.2273052E7
2.2461356E7
2.2651436E7
2.2843056E7
2.3035856E7
2.3229404E7
2.3423124E7
2.3616344E7
2.380828E7
2.399804E7
2.418466E7
2.4367092E7
2.4544252E7
2.4715028E7
2.4878316E7
2.5033048E7
2.5178224E7
2.5312932E7
2.5436388E7
2.5547952E7
2.5647148E7
2.5733708E7
2.5807548E7
2.5868792E7
2.591778E7
2.5955052E7
2.598134E7
2.5997564E7
2.6004788E7
2.600422E7
2.599716E7
2.5985E7
2.5969152E7
2.5951056E7
2.5932112E7
2.5913676E7
2.589702E7
2.5883316E7
2.5873596E7
2.5868764E7
2.5869552E7
2.587654E7
2.589014E7
2.59106E7
2.5938016E7
2.5972336E7
2.6013388E7
2.6060884E7
2.6114456E7
2.6173648E7
2.623798E7
2.6306944E7
2.6380028E7
2.6456748E7
2.6536644E7
2.6619316E7
2.6704408E7
2.679164E7
2.6880796E7
2.6971724E7
2.7064316E7
2.7158528E7
2.7254328E7
2.7351724E7
2.7450692E7
2.755122E7
2.7653232E7
2.7756608E7
2.7861144E7
2.7966564E7
2.8072472E7
2.817838E7
2.8283676E7
2.8387636E7
2.8489428E7
2.8588112E7
2.868266E7
2.877196E7
2.8854836E7
2.8930072E7
2.8996424E7
2.9052644E7
2.9097508E7
2.9129824E7
2.9148452E7
2.9152328E7
2.9140472E7
2.9111996E7
2.9066124E7
2.9002196E7
2.8919644E7
2.881804E7
2.8697064E7
2.8556512E7
2.8396288E7
2.8216408E7
2.8016992E7
2.7798252E7
2.7560508E7
2.7304168E7
2.7029736E7
2.6737788E7
2.6429004E7
2.6104132E7
2.5764024E7
2.5409584E7
2.5041804E7
2.466176E7
2.4270568E7
2.3869424E7
2.345956E7
2.304226E7
2.2618824E7
2.2190568E7
2.1758816E7
2.1324856E7
2.0889956E7
2.0455336E7
2.0022136E7
1.9591424E7
1.9164168E7
1.8741236E7
1.8323364E7
1.7911168E7
1.7505128E7
1.7105592E7
1.6712748E7
1.6326672E7
1.594728E7
1.5574368E7
1.5207596E7
1.4846516E7
1.4490552E7
1.4139048E7
1.3791236E7
1.3446284E7
1.3103284E7
1.2761264E7
1.2419204E7
1.2076048E7
1.1730692E7
1.1382016E7
1.1028868E7
1.067008E7
1.0304456E7
9930808.0
9547936.0
9154624.0
8749672.0
8331900.0
7900148.0
7453296.0
6990292.0
6510152.0
6012008.0
5495112.0
4958864.0
4402856.0
3826876.0
3230928.0
2615280.0
1980452.0
1327228.0
656672.0
-29868.0
-730808.0
-1444276.0
-2168196.0
-2900276.0
-3638060.0
-4378960.0
-5120280.0
-5859296.0
-6593240.0
-7319400.0
-8035136.0
-8737908.0
-9425324.0
-1.0095184E7
-1.0745468E7
-1.1374396E7
-1.1980416E7
-1.2562232E7
-1.3118792E7
-1.364928E7
-1.415314E7
-1.4630024E7
-1.5079804E7
-1.5502532E7
-1.5898428E7
-1.6267848E7
-1.6611256E7
-1.6929212E7
-1.722232E7
-1.7491224E7
-1.7736576E7
-1.7959008E7
-1.8159148E7
-1.833756E7
-1.8494768E7
-1.8631236E7
-1.8747384E7
-1.884356E7
-1.8920076E7
-1.897718E7
-1.90151E7
-1.9034028E7
-1.9034144E7
-1.9015608E7
-1.8978584E7
-1.892324E7
-1.8849764E7
-1.8758352E7
-1.8649228E7
-1.8522628E7
-1.8378816E7
-1.8218084E7
-1.8040728E7
-1.7847064E7
-1.7637416E7
-1.7412116E7
-1.7171488E7
-1.691586E7
-1.664554E7
-1.636082E7
-1.6061968E7
-1.5749236E7
-1.542284E7
-1.5082972E7
-1.4729808E7
-1.4363484E7
-1.3984132E7
-1.3591852E7
-1.3186756E7
-1.2768948E7
-1.2338532E7
-1.1895656E7
-1.1440464E7
-1.0973156E7
-1.0493968E7
-1.0003176E7
-9501124.0
-8988192.0
-8464832.0
-7931532.0
-7388840.0
-6837336.0
-6277652.0
-5710432.0
-5136352.0
-4556104.0
-3970380.0
-3379872.0
-2785284.0
-2187308.0
-1586640.0
-983976.0
-380028.0
224488.0
828820.0
1432176.0
2033724.0
2632568.0
3227748.0
3818212.0
4402844.0
4980436.0
5549696.0
6109248.0
6657644.0
7193384.0
7714904.0
8220620.0
8708944.0
9178272.0
9627056.0
1.0053788E7
1.0457024E7
1.0835436E7
1.1187788E7
1.1513E7
1.1810116E7
1.2078348E7
1.2317092E7
1.2525916E7
1.2704584E7
1.2853048E7
1.2971464E7
1.3060196E7
1.31198E7
1.3151036E7
1.3154856E7
1.3132412E7
1.3085032E7
1.3014224E7
1.2921664E7
1.2809176E7
1.2678716E7
1.2532376E7
1.2372336E7
1.220088E7
1.2020336E7
1.1833088E7
1.164154E7
1.1448096E7
1.125514E7
1.106502E7
1.0880028E7
1.0702376E7
1.0534184E7
1.0377464E7
1.0234112E7
1.0105876E7
9994368.0
9901032.0
9827128.0
9773752.0
9741792.0
9731936.0
9744648.0
9780196.0
9838604.0
9919672.0
1.0022984E7
1.01479E7
1.0293564E7
1.045892E7
1.0642728E7
1.0843576E7
1.1059904E7
1.1290036E7
1.1532184E7
1.1784496E7
1.204508E7
1.231202E7
1.2583396E7
1.2857348E7
1.313206E7
1.3405788E7
1.36769E7
1.3943864E7
1.4205288E7
1.4459908E7
1.47066E7
1.4944404E7
1.5172488E7
1.5390184E7
1.5596956E7
1.5792404E7
1.5976252E7
1.6148336E7
1.6308608E7
1.6457096E7
1.6593908E7
1.6719232E7
1.68333E7
1.6936388E7
1.7028828E7
1.7110964E7
1.7183184E7
1.7245888E7
1.7299512E7
1.7344504E7
1.7381328E7
1.7410476E7
1.7432452E7
1.7447784E7
1.7457E7
1.7460656E7
1.74593E7
1.7453484E7
1.7443768E7
1.7430692E7
1.7414768E7
1.7396496E7
1.7376356E7
1.735476E7
1.7332108E7
1.7308728E7
1.7284924E7
1.7260924E7
1.723692E7
1.7213044E7
1.718938E7
1.7165968E7
1.71428E7
1.7119824E7
1.7096976E7
1.7074148E7
1.7051208E7
1.7028012E7
1.7004424E7
1.6980284E7
1.6955436E7
1.6929732E7
1.6903032E7
1.6875196E7
1.6846096E7
1.6815612E7
1.6783624E7
1.6750012E7
1.671466E7
1.6677448E7
1.6638256E7
1.6596964E7
1.6553456E7
1.6507608E7
1.6459332E7
1.6408556E7
1.6355228E7
1.6299364E7
1.6241024E7
1.6180356E7
1.6117572E7
1.6053004E7
1.5987076E7
1.5920336E7
1.5853448E7
1.5787208E7
1.5722536E7
1.566046E7
1.5602148E7
1.554886E7
1.550196E7
1.54629E7
1.5433204E7
1.5414452E7
1.5408268E7
1.5416304E7
1.5440208E7
1.5481612E7
1.5542128E7
1.56233E7
1.5726596E7
1.5853392E7
1.6004928E7
1.6182324E7
1.6386516E7
1.6618268E7
1.6878128E7
1.7166424E7
1.7483248E7
1.782844E7
1.8201568E7
1.8601936E7
1.9028564E7
1.9480204E7
1.995534E7
2.0452176E7
2.0968664E7
2.1502536E7
2.2051284E7
2.2612212E7
2.3182452E7
2.3758984E7
2.4338688E7
2.4918352E7
2.5494724E7
2.6064528E7
2.6624536E7
2.7171556E7
2.7702508E7
2.821444E7
2.8704564E7
2.91703E7
2.9609284E7
3.0019424E7
3.0398904E7
3.0746216E7
3.1060164E7
3.1339876E7
3.1584828E7
3.179482E7
3.196998E7
3.211076E7
3.2217896E7
3.22924E7
3.2335552E7
3.234882E7
3.2333888E7
3.2292576E7
3.222684E7
3.213872E7
3.2030328E7
3.19038E7
3.17613E7
3.1604984E7
3.1436976E7
3.1259388E7
3.107428E7
3.088366E7
3.0689488E7
3.0493668E7
3.0298036E7
3.010436E7
2.9914336E7
2.9729576E7
2.95516E7
2.9381824E7
2.9221544E7
2.9071932E7
2.8934012E7
2.8808652E7
2.8696548E7
2.8598208E7
2.8513956E7
2.8443904E7
2.8387964E7
2.8345848E7
2.8317064E7
2.8300912E7
2.8296516E7
2.8302836E7
2.8318656E7
2.834264E7
2.8373316E7
2.8409148E7
2.8448508E7
2.8489736E7
2.8531156E7
2.8571108E7
2.8607964E7
2.8640164E7
2.8666224E7
2.8684796E7
2.8694648E7
2.8694704E7
2.8684052E7
2.866198E7
2.8627944E7
2.8581612E7
2.8522844E7
2.84517E7
2.8368432E7
2.8273464E7
2.81674E7
2.8050984E7
2.7925092E7
2.7790704E7
2.7648892E7
2.750078E7
2.7347536E7
2.7190332E7
2.703034E7
2.6868692E7
2.6706496E7
2.6544772E7
2.63845E7
2.6226556E7
2.6071752E7
2.5920804E7
2.5774352E7
2.5632944E7
2.549706E7
2.5367104E7
2.52434E7
2.5126232E7
2.5015808E7
2.4912288E7
2.4815796E7
2.4726396E7
2.4644108E7
2.4568924E7
2.4500768E7
2.4439544E7
2.438508E7
2.433718E7
2.4295568E7
2.4259924E7
2.422986E7
2.4204936E7
2.4184632E7
2.4168376E7
2.4155536E7
2.4145416E7
2.4137268E7
2.41303E7
2.4123696E7
2.4116584E7
2.41081E7
2.4097364E7
2.4083496E7
2.406564E7
2.4042944E7
2.4014612E7
2.3979868E7
2.3938E7
2.3888328E7
2.3830248E7
2.3763192E7
2.3686668E7
2.3600228E7
2.3503492E7
2.3396136E7
2.3277884E7
2.314852E7
2.3007876E7
2.2855844E7
2.2692352E7
2.2517392E7
2.2330992E7
2.213324E7
2.1924272E7
2.1704284E7
2.1473524E7
2.1232288E7
2.0980944E7
2.071992E7
2.04497E7
2.017084E7
1.9883952E7
1.9589724E7
1.9288908E7
1.8982308E7
1.8670808E7
1.8355344E7
1.8036916E7
1.7716572E7
1.7395412E7
1.7074588E7
1.6755276E7
1.6438696E7
1.6126084E7
1.581868E7
1.5517744E7
1.5224516E7
1.4940212E7
1.4666016E7
1.440308E7
1.4152488E7
1.3915252E7
1.3692304E7
1.3484484E7
1.3292528E7
1.3117048E7
1.295854E7
1.2817364E7
1.2693744E7
1.2587756E7
1.2499324E7
1.2428236E7
1.2374112E7
1.233644E7
1.231456E7
1.230768E7
1.2314872E7
1.2335096E7
1.236722E7
1.2409996E7
1.2462136E7
1.2522272E7
1.2589008E7
1.2660936E7
1.2736648E7
1.2814764E7
1.2893948E7
1.2972932E7
1.3050524E7
1.3125656E7
1.319736E7
1.32648E7
1.3327308E7
1.3384356E7
1.3435576E7
1.3480784E7
1.3519952E7
1.3553236E7
1.3580952E7
1.360358E7
1.3621756E7
1.363626E7
1.3648E7
1.3657988E7
1.3667336E7
1.3677228E7
1.3688892E7
1.3703576E7
1.3722532E7
1.374698E7
1.3778068E7
1.3816868E7
1.3864344E7
1.3921308E7
1.3988432E7
1.4066184E7
1.4154864E7
1.4254544E7
1.4365108E7
1.44862E7
1.461728E7
1.4757588E7
1.4906188E7
1.5061984E7
1.5223732E7
1.5390072E7
1.5559564E7
1.5730728E7
1.5902052E7
1.6072052E7
1.6239284E7
1.6402396E7
1.6560128E7
1.6711356E7
1.68551E7
1.6990544E7
1.7117032E7
1.723408E7
1.7341384E7
1.7438776E7
1.7526272E7
1.7604004E7
1.7672236E7
1.7731332E7
1.7781736E7
1.7823968E7
1.7858568E7
1.7886112E7
1.7907176E7
1.7922304E7
1.7932016E7
1.7936768E7
1.7936948E7
1.7932876E7
1.792476E7
1.7912736E7
1.7896824E7
1.7876944E7
1.7852916E7
1.7824468E7
1.7791232E7
1.7752764E7
1.7708544E7
1.7658016E7
1.7600564E7
1.753556E7
1.7462376E7
1.7380388E7
1.7289012E7
1.7187712E7
1.7076024E7
1.695356E7
1.682004E7
1.66753E7
1.6519296E7
1.635212E7
1.6174012E7
1.5985356E7
1.5786692E7
1.5578712E7
1.5362264E7
1.5138328E7
1.490804E7
1.4672668E7
1.44336E7
1.4192328E7
1.3950468E7
1.3709696E7
1.3471768E7
1.3238508E7
1.3011764E7
1.2793412E7
1.2585344E7
1.2389436E7
1.220754E7
1.2041464E7
1.189296E7
1.1763708E7
1.1655284E7
1.1569176E7
1.1506728E7
1.146916E7
1.1457532E7
1.1472748E7
1.1515532E7
1.1586428E7
1.1685788E7
1.1813776E7
1.1970352E7
1.2155296E7
1.2368196E7
1.2608472E7
1.2875356E7
1.3167944E7
1.348518E7
1.3825888E7
1.418878E7
1.4572488E7
1.4975564E7
1.5396528E7
1.583384E7
1.6285976E7
1.6751408E7
1.7228632E7
1.7716192E7
1.8212696E7
1.871682E7
1.9227332E7
1.9743104E7
2.0263124E7
2.0786492E7
2.1312428E7
2.184028E7
2.2369504E7
2.289968E7
2.343048E7
2.396166E7
2.4493052E7
2.5024516E7
2.5555964E7
2.6087292E7
2.6618384E7
2.7149076E7
2.767914E7
2.8208264E7
2.8736048E7
2.926196E7
2.9785372E7
3.0305524E7
3.082154E7
3.1332444E7
3.1837132E7
3.2334452E7
3.2823152E7
3.3301948E7
3.3769536E7
3.42246E7
3.4665852E7
3.5092052E7
3.5502012E7
3.5894632E7
3.6268916E7
3.662396E7
3.6958984E7
3.7273344E7
3.7566496E7
3.7838028E7
3.808764E7
3.8315152E7
3.8520472E7
3.8703604E7
3.8864636E7
3.9003736E7
3.9121112E7
3.9217044E7
3.929184E7
3.9345844E7
3.937942E7
3.9392952E7
3.9386832E7
3.9361456E7
3.9317204E7
3.9254472E7
3.9173632E7
3.9075044E7
3.8959056E7
3.8826E7
3.8676196E7
3.850996E7
3.8327604E7
3.8129428E7
3.7915764E7
3.7686936E7
3.7443316E7
3.7185292E7
3.6913316E7
3.6627896E7
3.6329596E7
3.6019068E7
3.569704E7
3.5364344E7
3.5021892E7
3.4670704E7
3.4311892E7
3.3946668E7
3.3576312E7
3.32022E7
3.282576E7
3.244848E7
3.2071856E7
3.169742E7
3.1326688E7
3.0961144E7
3.0602228E7
3.025132E7
2.99097E7
2.9578584E7
2.9259048E7
2.8952088E7
2.8658552E7
2.83792E7
2.811466E7
2.7865452E7
2.7632004E7
2.7414644E7
2.7213616E7
2.7029084E7
2.6861172E7
2.670992E7
2.6575332E7
2.6457364E7
2.6355932E7
2.6270904E7
2.6202112E7
2.6149332E7
2.6112304E7
2.6090696E7
2.608412E7
2.6092128E7
2.6114184E7
2.6149676E7
2.619792E7
2.6258144E7
2.63295E7
2.6411052E7
2.6501808E7
2.6600704E7
2.6706628E7
2.6818432E7
2.693494E7
2.7054976E7
2.7177368E7
2.7300984E7
2.7424716E7
2.7547528E7
2.7668468E7
2.7786656E7
2.7901312E7
2.8011764E7
2.8117444E7
2.8217892E7
2.8312752E7
2.8401764E7
2.8484772E7
2.856168E7
2.8632476E7
2.8697204E7
2.875594E7
2.8808796E7
2.8855916E7
2.8897428E7
2.8933472E7
2.8964196E7
2.8989716E7
2.9010152E7
2.9025612E7
2.9036196E7
2.9041992E7
2.9043112E7
2.9039644E7
2.9031712E7
2.9019436E7
2.9002964E7
2.8982448E7
2.895808E7
2.8930032E7
2.8898516E7
2.8863728E7
2.8825852E7
2.8785076E7
2.8741548E7
2.8695392E7
2.8646692E7
2.8595472E7
2.8541716E7
2.848534E7
2.8426196E7
2.8364084E7
2.8298728E7
2.8229804E7
2.8156932E7
2.8079684E7
2.7997596E7
2.791016E7
2.7816856E7
2.7717148E7
2.7610508E7
2.7496384E7
2.7374264E7
2.7243656E7
2.7104096E7
2.6955144E7
2.6796416E7
2.662756E7
2.6448272E7
2.6258312E7
2.6057456E7
2.5845552E7
2.5622484E7
2.5388176E7
2.5142616E7
2.4885808E7
2.4617816E7
2.4338748E7
2.404874E7
2.3747984E7
2.34367E7
2.3115168E7
2.2783692E7
2.2442632E7
2.2092372E7
2.1733348E7
2.136602E7
2.0990888E7
2.0608484E7
2.021936E7
1.98241E7
1.9423308E7
1.9017616E7
1.8607652E7
1.8194092E7
1.7777608E7
1.73589E7
1.693868E7
1.6517684E7
1.6096664E7
1.5676384E7
1.525764E7
1.4841228E7
1.4427968E7
1.4018684E7
1.3614208E7
1.3215364E7
1.2822948E7
1.2437756E7
1.2060524E7
1.1691936E7
1.1332624E7
1.0983116E7
1.0643852E7
1.031516E7
9997240.0
9690172.0
9393880.0
9108156.0
8832648.0
8566876.0
8310228.0
8061992.0
7821340.0
7587404.0
7359244.0
7135912.0
6916460.0
6699964.0
6485552.0
6272432.0
6059900.0
5847360.0
5634328.0
5420436.0
5205456.0
4989260.0
4771840.0
4553276.0
4333744.0
4113484.0
3892776.0
3671944.0
3451324.0
3231240.0
3012004.0
2793896.0
2577152.0
2361960.0
2148452.0
1936704.0
1726748.0
1518564.0
1312084.0
1107236.0
903896.0
701968.0
501352.0
301988.0
103832.0
-93084.0
-288680.0
-482796.0
-675200.0
-865576.0
-1053516.0
-1238560.0
-1420140.0
-1597652.0
-1770412.0
-1937704.0
-2098764.0
-2252816.0
-2399064.0
-2536712.0
-2664976.0
-2783088.0
-2890296.0
-2985888.0
-3069176.0
-3139524.0
-3196320.0
-3239016.0
-3267092.0
-3280092.0
-3277616.0
-3259320.0
-3224952.0
-3174320.0
-3107328.0
-3023972.0
-2924364.0
-2808720.0
-2677388.0
-2530844.0
-2369688.0
-2194644.0
-2006580.0
-1806460.0
-1595368.0
-1374476.0
-1145016.0
-908284.0
-665600.0
-418268.0
-167588.0
85220.0
339016.0
592748.0
845520.0
1096568.0
1345296.0
1591284.0
1834284.0
2074244.0
2311272.0
2545636.0
2777772.0
3008240.0
3237712.0
3466948.0
3696784.0
3928072.0
4161700.0
4398532.0
4639396.0
4885076.0
5136264.0
5393564.0
5657492.0
5928436.0
6206672.0
6492352.0
6785520.0
7086100.0
7393904.0
7708644.0
8029956.0
8357388.0
8690428.0
9028516.0
9371048.0
9717412.0
1.0066964E7
1.0419068E7
1.0773096E7
1.112844E7
1.1484516E7
1.1840756E7
1.2196648E7
1.25517E7
1.2905464E7
1.3257536E7
1.360754E7
1.3955148E7
1.4300072E7
1.464206E7
1.4980892E7
1.5316388E7
1.5648384E7
1.5976756E7
1.6301392E7
1.6622192E7
1.6939064E7
1.7251924E7
1.756066E7
1.7865164E7
1.816528E7
1.8460836E7
1.87516E7
1.9037304E7
1.931762E7
1.9592156E7
1.986048E7
2.012208E7
2.0376408E7
2.0622856E7
2.0860792E7
2.1089536E7
2.1308404E7
2.1516704E7
2.1713756E7
2.18989E7
2.2071536E7
2.2231104E7
2.2377128E7
2.2509224E7
2.26271E7
2.2730588E7
2.2819632E7
2.2894308E7
2.2954832E7
2.3001552E7
2.3034932E7
2.3055576E7
2.3064204E7
2.3061624E7
2.3048748E7
2.3026552E7
2.2996072E7
2.2958368E7
2.291452E7
2.28656E7
2.2812652E7
2.2756676E7
2.26986E7
2.2639292E7
2.257952E7
2.2519948E7
2.2461136E7
2.2403544E7
2.2347496E7
2.2293224E7
2.2240836E7
2.2190352E7
2.2141688E7
2.2094684E7
2.2049112E7
2.2004676E7
2.1961052E7
2.191788E7
2.1874804E7
2.1831448E7
2.1787468E7
2.1742552E7
2.1696428E7
2.1648868E7
2.1599704E7
2.154884E7
2.1496232E7
2.1441912E7
2.1385956E7
2.132852E7
2.1269784E7
2.1209988E7
2.114938E7
2.108824E7
2.1026844E7
2.0965444E7
2.090428E7
2.0843556E7
2.0783408E7
2.0723932E7
2.0665136E7
2.0606964E7
2.054928E7
2.0491864E7
2.0434424E7
2.0376588E7
2.0317928E7
2.0257948E7
2.0196128E7
2.0131904E7
2.0064716E7
1.9994008E7
1.9919248E7
1.9839964E7
1.9755732E7
1.9666228E7
1.9571228E7
1.9470616E7
1.9364408E7
1.9252768E7
1.913598E7
1.9014492E7
1.8888872E7
1.8759844E7
1.862824E7
1.8495E7
1.8361176E7
1.8227868E7
1.8096232E7
1.7967472E7
1.7842764E7
1.772328E7
1.7610144E7
1.75044E7
1.7407028E7
1.7318876E7
1.7240684E7
1.717306E7
1.7116468E7
1.707122E7
1.7037492E7
1.7015304E7
1.7004528E7
1.7004912E7
1.701608E7
1.7037532E7
1.7068676E7
1.710882E7
1.7157216E7
1.721306E7
1.7275492E7
1.7343652E7
1.7416648E7
1.7493624E7
1.7573712E7
1.7656104E7
1.7740028E7
1.7824776E7
1.7909692E7
1.79942E7
1.8077812E7
1.8160124E7
1.8240808E7
1.8319656E7
1.8396532E7
1.8471412E7
1.8544356E7
1.8615536E7
1.8685204E7
1.8753724E7
1.8821532E7
1.8889168E7
1.8957256E7
1.90265E7
1.9097688E7
1.9171692E7
1.9249456E7
1.9331988E7
1.9420376E7
1.9515768E7
1.9619368E7
1.973242E7
1.9856224E7
1.9992088E7
2.0141356E7
2.0305368E7
2.0485436E7
2.0682868E7
2.0898896E7
2.1134696E7
2.1391364E7
2.1669892E7
2.1971132E7
2.2295824E7
2.2644548E7
2.301772E7
2.3415588E7
2.3838224E7
2.4285528E7
2.4757212E7
2.5252812E7
2.5771688E7
2.6313048E7
2.6875932E7
2.7459236E7
2.8061728E7
2.8682048E7
2.9318736E7
2.997022E7
3.0634872E7
3.1310972E7
3.199676E7
3.269042E7
3.3390116E7
3.4093992E7
3.4800164E7
3.5506772E7
3.6211952E7
3.691388E7
3.7610748E7
3.8300816E7
3.898238E7
3.9653832E7
4.0313632E7
4.0960344E7
4.1592652E7
4.2209356E7
4.2809396E7
4.3391856E7
4.3955992E7
4.4501204E7
4.5027072E7
4.5533344E7
4.6019932E7
4.6486908E7
4.69345E7
4.736308E7
4.7773136E7
4.8165272E7
4.854018E7
4.8898616E7
4.9241372E7
4.9569276E7
4.9883144E7
5.0183768E7
5.0471896E7
5.0748208E7
5.1013316E7
5.1267712E7
5.1511808E7
5.1745884E7
5.1970128E7
5.2184584E7
5.2389212E7
5.2583856E7
5.2768264E7
5.2942132E7
5.310506E7
5.3256616E7
5.3396344E7
5.3523772E7
5.3638428E7
5.3739856E7
5.3827644E7
5.3901416E7
5.3960852E7
5.4005684E7
5.4035708E7
5.4050796E7
5.4050864E7
5.4035904E7
5.4005956E7
5.3961116E7
5.3901532E7
5.3827376E7
5.373886E7
5.3636236E7
5.3519764E7
5.3389716E7
5.3246392E7
5.3090096E7
5.2921128E7
5.2739796E7
5.2546416E7
5.2341296E7
5.2124756E7
5.18971E7
5.165866E7
5.140976E7
5.115074E7
5.0881968E7
5.0603816E7
5.0316704E7
5.0021076E7
4.9717436E7
4.9406328E7
4.9088364E7
4.876422E7
4.8434652E7
4.8100484E7
4.7762628E7
4.7422072E7
4.7079876E7
4.6737188E7
4.63952E7
4.6055168E7
4.5718388E7
4.538618E7
4.5059844E7
4.4740684E7
4.4429956E7
4.4128824E7
4.3838384E7
4.3559604E7
4.3293296E7
4.3040124E7
4.2800552E7
4.2574856E7
4.2363084E7
4.2165076E7
4.1980448E7
4.1808584E7
4.164866E7
4.1499656E7
4.1360352E7
4.1229364E7
4.1105168E7
4.098612E7
4.087048E7
4.0756456E7
4.0642224E7
4.0525956E7
4.0405856E7
4.0280188E7
4.0147296E7
4.0005628E7
3.9853764E7
3.9690408E7
3.9514436E7
3.932486E7
3.9120876E7
3.890184E7
3.8667248E7
3.8416776E7
3.8150232E7
3.786756E7
3.7568836E7
3.7254232E7
3.692404E7
3.657862E7
3.6218424E7
3.584396E7
3.5455784E7
3.5054516E7
3.4640812E7
3.4215348E7
3.3778844E7
3.3332048E7
3.2875724E7
3.241066E7
3.1937676E7
3.1457596E7
3.097128E7
3.0479596E7
2.9983436E7
2.9483704E7
2.8981328E7
2.8477232E7
2.7972364E7
2.746766E7
2.696406E7
2.6462496E7
2.5963872E7
2.546908E7
2.4978972E7
2.4494356E7
2.4015992E7
2.3544584E7
2.308078E7
2.262514E7
2.2178172E7
2.1740304E7
2.13119E7
2.0893256E7
2.0484608E7
2.0086136E7
1.9697996E7
1.9320296E7
1.8953132E7
1.8596588E7
1.825076E7
1.7915736E7
1.7591632E7
1.7278576E7
1.697672E7
1.6686232E7
1.6407292E7
1.6140096E7
1.5884832E7
1.5641692E7
1.541084E7
1.5192436E7
1.4986608E7
1.4793452E7
1.4613048E7
1.4445436E7
1.4290652E7
1.414872E7
1.4019656E7
1.3903504E7
1.3800332E7
1.371026E7
1.3633464E7
1.35702E7
1.35208E7
1.3485696E7
1.3465416E7
1.3460588E7
1.3471912E7
1.35002E7
1.3546312E7
1.3611156E7
1.3695676E7
1.3800812E7
1.3927488E7
1.4076576E7
1.4248876E7
1.4445084E7
1.466578E7
1.4911388E7
1.5182192E7
1.54783E7
1.579964E7
1.6145956E7
1.6516824E7
1.6911624E7
1.7329572E7
1.7769724E7
1.8230984E7
1.8712112E7
1.9211744E7
1.97284E7
2.026052E7
2.080644E7
2.1364444E7
2.1932756E7
2.2509572E7
2.3093064E7
2.3681392E7
2.4272752E7
2.4865348E7
2.5457444E7
2.6047364E7
2.6633528E7
2.7214456E7
2.7788776E7
2.8355264E7
2.8912828E7
2.9460548E7
2.999766E7
3.0523564E7
3.1037836E7
3.1540216E7
3.2030596E7
3.250902E7
3.2975652E7
3.343078E7
3.3874776E7
3.4308092E7
3.4731208E7
3.5144628E7
3.5548852E7
3.5944336E7
3.6331484E7
3.6710612E7
3.7081948E7
3.7445596E7
3.7801544E7
3.8149632E7
3.8489596E7
3.8821016E7
3.9143364E7
3.945602E7
3.9758256E7
4.0049292E7
4.0328296E7
4.0594424E7
4.0846832E7
4.1084716E7
4.1307324E7
4.1513976E7
4.1704088E7
4.1877192E7
4.2032932E7
4.2171084E7
4.2291568E7
4.2394436E7
4.2479884E7
4.2548252E7
4.2599992E7
4.26357E7
4.26561E7
4.2662012E7
4.2654372E7
4.2634212E7
4.2602636E7
4.256084E7
4.2510048E7
4.2451556E7
4.2386668E7
4.2316708E7
4.224298E7
4.2166772E7
4.208932E7
4.2011808E7
4.193532E7
4.186086E7
4.1789312E7
4.1721452E7
4.1657904E7
4.1599168E7
4.1545592E7
4.1497384E7
4.1454604E7
4.1417172E7
4.1384872E7
4.1357372E7
4.1334212E7
4.1314828E7
4.1298572E7
4.128472E7
4.12725E7
4.126108E7
4.1249624E7
4.1237292E7
4.122326E7
4.120674E7
4.1187E7
4.1163396E7
4.1135356E7
4.1102436E7
4.10643E7
4.1020756E7
4.0971744E7
4.0917348E7
4.085782E7
4.0793536E7
4.0725028E7
4.0652948E7
4.0578092E7
4.0501352E7
4.0423716E7
4.034624E7
4.0270048E7
4.0196296E7
4.0126148E7
4.0060772E7
4.0001304E7
3.994884E7
3.9904416E7
3.986898E7
3.98434E7
3.9828436E7
3.9824748E7
3.9832848E7
3.9853152E7
3.9885936E7
3.9931344E7
3.9989404E7
4.0060008E7
4.0142944E7
4.023788E7
4.0344384E7
4.0461932E7
4.0589924E7
4.0727692E7
4.0874496E7
4.1029584E7
4.1192144E7
4.1361364E7
4.153642E7
4.17165E7
4.1900812E7
4.2088576E7
4.2279044E7
4.2471512E7
4.2665304E7
4.2859784E7
4.3054348E7
4.3248424E7
4.3441456E7
4.3632924E7
4.38223E7
4.4009068E7
4.41927E7
4.4372644E7
4.454834E7
4.4719184E7
4.4884532E7
4.5043696E7
4.5195944E7
4.5340488E7
4.54765E7
4.5603092E7
4.5719328E7
4.5824248E7
4.591684E7
4.5996088E7
4.606094E7
4.6110356E7
4.6143288E7
4.6158728E7
4.6155684E7
4.613322E7
4.6090452E7
4.6026568E7
4.5940848E7
4.5832656E7
4.5701456E7
4.5546828E7
4.5368472E7
4.5166204E7
4.4939964E7
4.4689828E7
4.4415992E7
4.4118768E7
4.3798612E7
4.3456088E7
4.3091864E7
4.2706724E7
4.2301556E7
4.1877324E7
4.1435096E7
4.0975984E7
4.0501196E7
4.0011972E7
3.9509612E7
3.8995436E7
3.8470796E7
3.7937064E7
3.7395596E7
3.6847752E7
3.629488E7
3.5738288E7
3.5179244E7
3.4618968E7
3.405862E7
3.3499296E7
3.2942008E7
3.2387688E7
3.1837176E7
3.129122E7
3.0750464E7
3.0215448E7
2.968662E7
2.9164324E7
2.8648808E7
2.8140216E7
2.7638616E7
2.7143996E7
2.6656264E7
2.6175268E7
2.5700812E7
2.5232632E7
2.4770448E7
2.431394E7
2.3862784E7
2.3416636E7
2.2975156E7
2.2538008E7
2.2104856E7
2.1675396E7
2.124934E7
2.0826416E7
2.0406384E7
1.9989044E7
1.9574212E7
1.9161748E7
1.8751536E7
1.8343492E7
1.7937564E7
1.7533728E7
1.7131976E7
1.6732328E7
1.6334816E7
1.5939484E7
1.554638E7
1.5155556E7
1.4767064E7
1.4380952E7
1.399728E7
1.3616072E7
1.3237384E7
1.286126E7
1.248774E7
1.2116896E7
1.1748796E7
1.1383552E7
1.1021296E7
1.0662208E7
1.0306512E7
9954480.0
9606456.0
9262832.0
8924064.0
8590668.0
8263216.0
7942312.0
7628612.0
7322772.0
7025468.0
6737352.0
6459056.0
6191144.0
5934120.0
5688408.0
5454320.0
5232064.0
5021728.0
4823268.0
4636528.0
4461228.0
4296988.0
4143328.0
3999688.0
3865468.0
3740004.0
3622640.0
3512720.0
3409620.0
3312760.0
3221640.0
3135828.0
3054988.0
2978904.0
2907440.0
2840580.0
2778404.0
2721092.0
2668916.0
2622220.0
2581400.0
2546920.0
2519260.0
2498932.0
2486448.0
2482308.0
2486996.0
2500980.0
2524664.0
2558440.0
2602632.0
2657540.0
2723408.0
2800444.0
2888816.0
2988668.0
3100112.0
3223252.0
3358164.0
3504920.0
3663580.0
3834204.0
4016828.0
4211472.0
4418152.0
4636836.0
4867452.0
5109868.0
5363900.0
5629276.0
5905620.0
6192460.0
6489204.0
6795140.0
7109428.0
7431104.0
7759092.0
8092204.0
8429160.0
8768616.0
9109196.0
9449488.0
9788124.0
1.0123796E7
1.0455292E7
1.0781528E7
1.1101616E7
1.1414852E7
1.1720784E7
1.2019232E7
1.231028E7
1.2594316E7
1.2872028E7
1.3144384E7
1.3412648E7
1.367832E7
1.3943132E7
1.420902E7
1.4478052E7
1.4752392E7
1.5034264E7
1.5325884E7
1.5629412E7
1.59469E7
1.6280248E7
1.663116E7
1.70011E7
1.7391268E7
1.780258E7
1.823564E7
1.8690732E7
1.9167832E7
1.9666596E7
2.0186392E7
2.0726308E7
2.1285156E7
2.186154E7
2.2453864E7
2.3060352E7
2.3679116E7
2.4308148E7
2.4945396E7
2.5588768E7
2.6236172E7
2.688554E7
2.7534852E7
2.818216E7
2.8825596E7
2.9463396E7
3.0093896E7
3.0715544E7
3.1326904E7
3.1926648E7
3.251356E7
3.3086528E7
3.3644536E7
3.4186648E7
3.4712024E7
3.5219892E7
3.5709532E7
3.6180304E7
3.66316E7
3.7062856E7
3.7473556E7
3.7863208E7
3.8231356E7
3.8577556E7
3.8901384E7
3.9202452E7
3.9480368E7
3.9734764E7
3.9965284E7
4.0171592E7
4.0353364E7
4.05103E7
4.0642124E7
4.07486E7
4.0829516E7
4.0884728E7
4.091414E7
4.091772E7
4.0895524E7
4.0847704E7
4.0774504E7
4.0676288E7
4.0553544E7
4.0406888E7
4.0237088E7
4.0045044E7
3.983182E7
3.9598624E7
3.934682E7
3.9077936E7
3.8793636E7
3.849574E7
3.8186196E7
3.7867096E7
3.754064E7
3.7209152E7
3.6875036E7
3.6540792E7
3.6208968E7
3.588218E7
3.5563052E7
3.5254212E7
3.4958276E7
3.4677812E7
3.4415304E7
3.4173152E7
3.3953628E7
3.3758836E7
3.359072E7
3.3451008E7
3.3341204E7
3.3262572E7
3.3216112E7
3.3202568E7
3.3222404E7
3.3275808E7
3.3362708E7
3.3482764E7
3.3635408E7
3.3819828E7
3.4035028E7
3.4279812E7
3.4552856E7
3.4852696E7
3.517778E7
3.55265E7
3.5897188E7
3.6288184E7
3.669784E7
3.7124532E7
3.7566708E7
3.8022876E7
3.8491644E7
3.8971712E7
3.9461892E7
3.9961096E7
4.0468364E7
4.0982828E7
4.1503744E7
4.2030436E7
4.2562348E7
4.3098964E7
4.363984E7
4.4184564E7
4.473274E7
4.5283988E7
4.5837896E7
4.6394036E7
4.6951924E7
4.751102E7
4.8070732E7
4.8630372E7
4.9189204E7
4.9746416E7
5.0301136E7
5.085244E7
5.1399368E7
5.1940932E7
5.2476156E7
5.3004068E7
5.3523732E7
5.4034272E7
5.4534876E7
5.502482E7
5.550348E7
5.597034E7
5.6424988E7
5.6867132E7
5.7296596E7
5.7713288E7
5.8117244E7
5.850856E7
5.8887412E7
5.9254028E7
5.9608676E7
5.995166E7
6.0283284E7
6.0603844E7
6.0913624E7
6.1212888E7
6.1501852E7
6.1780708E7
6.20496E7
6.2308624E7
6.2557856E7
6.2797328E7
6.3027036E7
6.3246976E7
6.3457112E7
6.3657404E7
6.3847828E7
6.4028348E7
6.4198956E7
6.435964E7
6.451042E7
6.4651332E7
6.4782404E7
6.490368E7
6.5015216E7
6.5117028E7
6.5209148E7
6.5291552E7
6.5364188E7
6.5426956E7
6.5479704E7
6.5522208E7
6.555418E7
6.5575252E7
6.5584996E7
6.55829E7
6.5568384E7
6.5540812E7
6.5499488E7
6.5443676E7
6.53726E7
6.528548E7
6.518152E7
6.5059944E7
6.4920008E7
6.4761024E7
6.4582352E7
6.438346E7
6.4163904E7
6.3923352E7
6.366162E7
6.3378652E7
6.3074564E7
6.2749616E7
6.2404264E7
6.2039124E7
6.1655004E7
6.1252876E7
6.0833896E7
6.0399384E7
5.9950828E7
5.9489852E7
5.9018224E7
5.8537828E7
5.8050652E7
5.7558756E7
5.7064276E7
5.6569376E7
5.607624E7
5.5587048E7
5.5103948E7
5.4629052E7
5.4164396E7
5.371194E7
5.3273536E7
5.2850924E7
5.2445716E7
5.2059396E7
5.1693308E7
5.1348636E7
5.1026436E7
5.0727592E7
5.0452872E7
5.0202872E7
4.9978068E7
4.9778788E7
4.9605244E7
4.9457504E7
4.9335528E7
4.9239148E7
4.9168092E7
4.9121968E7
4.9100268E7
4.91024E7
4.9127648E7
4.9175196E7
4.924414E7
4.933348E7
4.944212E7
4.95689E7
4.9712572E7
4.9871828E7
5.0045316E7
5.0231632E7
5.0429344E7
5.0636996E7
5.0853132E7
5.1076304E7
5.130508E7
5.1538048E7
5.177386E7
5.2011188E7
5.2248788E7
5.248548E7
5.2720144E7
5.2951744E7
5.3179328E7
5.3402008E7
5.3618988E7
5.3829524E7
5.4032948E7
5.4228648E7
5.4416056E7
5.4594644E7
5.4763896E7
5.4923328E7
5.5072456E7
5.5210788E7
5.5337812E7
5.5453012E7
5.555584E7
5.564572E7
5.5722056E7
5.5784228E7
5.5831604E7
5.5863528E7
5.587936E7
5.5878456E7
5.5860188E7
5.5823972E7
5.5769256E7
5.5695536E7
5.5602392E7
5.5489468E7
5.5356496E7
5.5203312E7
5.502986E7
5.48362E7
5.4622516E7
5.4389116E7
5.4136464E7
5.3865152E7
5.3575908E7
5.326964E7
5.2947372E7
5.2610288E7
5.2259712E7
5.1897124E7
5.1524116E7
5.114242E7
5.0753892E7
5.036048E7
4.996424E7
4.9567308E7
4.9171876E7
4.8780192E7
4.8394532E7
4.801718E7
4.7650404E7
4.7296436E7
4.695746E7
4.663556E7
4.6332724E7
4.6050808E7
4.57915E7
4.5556336E7
4.5346628E7
4.5163504E7
4.5007836E7
4.4880288E7
4.4781252E7
4.4710884E7
4.46691E7
4.4655556E7
4.4669688E7
4.47107E7
4.47776E7
4.4869204E7
4.4984152E7
4.5120952E7
4.5277984E7
4.5453528E7
4.5645796E7
4.5852948E7
4.6073128E7
4.6304464E7
4.6545112E7
4.6793264E7
4.7047164E7
4.7305124E7
4.756556E7
4.7826964E7
4.8087944E7
4.8347224E7
4.8603636E7
4.8856152E7
4.910386E7
4.9345972E7
4.9581832E7
4.9810884E7
5.0032704E7
5.0246964E7
5.045344E7
5.0651988E7
5.084256E7
5.1025164E7
5.119988E7
5.1366836E7
5.1526204E7
5.1678204E7
5.1823084E7
5.1961108E7
5.209258E7
5.2217808E7
5.2337124E7
5.2450868E7
5.2559388E7
5.2663044E7
5.2762188E7
5.2857192E7
5.2948412E7
5.3036192E7
5.3120884E7
5.3202832E7
5.3282348E7
5.3359744E7
5.343532E7
5.350934E7
5.358208E7
5.3653768E7
5.3724632E7
5.3794872E7
5.3864656E7
5.3934136E7
5.4003436E7
5.4072632E7
5.414178E7
5.421088E7
5.4279888E7
5.4348708E7
5.4417192E7
5.4485136E7
5.455228E7
5.4618312E7
5.4682872E7
5.4745552E7
5.4805916E7
5.486352E7
5.4917896E7
5.4968604E7
5.5015228E7
5.5057392E7
5.5094804E7
5.5127244E7
5.5154604E7
5.51769E7
5.5194276E7
5.5207024E7
5.5215592E7
5.522058E7
5.5222748E7
5.5223004E7
5.5222408E7
5.5222144E7
5.5223508E7
5.5227892E7
5.5236756E7
5.5251604E7
5.527396E7
5.5305324E7
5.5347168E7
5.5400884E7
5.5467768E7
5.5548988E7
5.5645556E7
5.5758328E7
5.5887952E7
5.603488E7
5.6199352E7
5.6381372E7
5.6580724E7
5.6796968E7
5.702944E7
5.7277276E7
5.75394E7
5.7814568E7
5.810138E7
5.8398296E7
5.8703672E7
5.9015792E7
5.93329E7
5.9653208E7
5.9974972E7
6.0296492E7
6.0616148E7
6.093244E7
6.1244012E7
6.1549664E7
6.184838E7
6.2139356E7
6.2421984E7
6.2695876E7
6.2960856E7
6.321696E7
6.3464428E7
6.370368E7
6.393532E7
6.4160088E7
6.4378864E7
6.4592624E7
6.480242E7
6.5009368E7
6.5214592E7
6.541922E7
6.5624368E7
6.5831092E7
6.6040384E7
6.6253156E7
6.6470224E7
6.6692296E7
6.6919976E7
6.7153744E7
6.7393976E7
6.764094E7
6.7894788E7
6.8155604E7
6.8423364E7
6.8697984E7
6.8979316E7
6.926716E7
6.9561268E7
6.9861352E7
7.0167104E7
7.047818E7
7.0794212E7
7.1114812E7
7.1439564E7
7.1768036E7
7.2099752E7
7.2434224E7
7.2770924E7
7.3109296E7
7.3448744E7
7.3788648E7
7.412834E7
7.4467136E7
7.4804324E7
7.5139156E7
7.5470868E7
7.5798704E7
7.6121868E7
7.6439592E7
7.67511E7
7.7055648E7
7.7352504E7
7.7640972E7
7.7920396E7
7.8190172E7
7.8449736E7
7.8698604E7
7.8936348E7
7.9162624E7
7.937716E7
7.957978E7
7.9770408E7
7.994906E7
8.0115884E7
8.0271128E7
8.0415164E7
8.0548492E7
8.0671752E7
8.07857E7
8.0891236E7
8.0989376E7
8.1081264E7
8.1168152E7
8.1251396E7
8.1332452E7
8.141282E7
8.1494084E7
8.1577864E7
8.1665772E7
8.175944E7
8.1860468E7
8.1970408E7
8.2090752E7
8.2222888E7
8.2368136E7
8.252766E7
8.2702516E7
8.2893612E7
8.31017E7
8.3327372E7
8.357106E7
8.3833044E7
8.4113428E7
8.4412176E7
8.4729096E7
8.5063864E7
8.5416024E7
8.5785012E7
8.617016E7
8.6570708E7
8.6985828E7
8.741462E7
8.7856132E7
8.8309372E7
8.8773312E7
8.9246884E7
8.9729004E7
9.0218552E7
9.071438E7
9.1215328E7
9.1720176E7
9.2227696E7
9.2736608E7
9.32456E7
9.3753312E7
9.4258332E7
9.4759228E7
9.5254508E7
9.5742644E7
9.6222084E7
9.6691264E7
9.7148604E7
9.7592528E7
9.8021492E7
9.8433992E7
9.8828576E7
9.9203892E7
9.955868E7
9.98918E7
1.00202272E8
1.00489256E8
1.00752096E8
1.00990316E8
1.01203644E8
1.01391996E8
1.01555472E8
1.01694384E8
1.01809204E8
1.01900572E8
1.01969284E8
1.02016244E8
1.0204248E8
1.02049068E8
1.02037168E8
1.0200794E8
1.01962544E8
1.01902124E8
1.01827772E8
1.017405E8
1.01641256E8
1.0153086E8
1.0141004E8
1.01279404E8
1.01139432E8
1.009905E8
1.00832856E8
1.0066666E8
1.00491968E8
1.00308768E8
1.0011698E8
9.9916488E7
9.9707136E7
9.9488784E7
9.9261276E7
9.9024488E7
9.877834E7
9.8522792E7
9.8257856E7
9.7983616E7
9.7700196E7
9.7407804E7
9.7106692E7
9.679718E7
9.6479624E7
9.615444E7
9.5822064E7
9.5482988E7
9.5137704E7
9.478674E7
9.4430628E7
9.4069924E7
9.370518E7
9.3336956E7
9.296582E7
9.2592324E7
9.2217036E7
9.18405E7
9.1463268E7
9.1085864E7
9.0708812E7
9.0332604E7
8.9957716E7
8.9584592E7
8.9213648E7
8.8845252E7
8.8479744E7
8.8117408E7
8.7758484E7
8.740316E7
8.7051576E7
8.6703808E7
8.6359892E7
8.6019808E7
8.5683484E7
8.5350808E7
8.5021628E7
8.4695756E7
8.437296E7
8.4053012E7
8.3735644E7
8.3420596E7
8.3107596E7
8.2796396E7
8.2486756E7
8.2178472E7
8.1871368E7
8.1565324E7
8.1260268E7
8.0956196E7
8.0653164E7
8.0351308E7
8.0050824E7
7.9752008E7
7.9455204E7
7.916084E7
7.8869424E7
7.8581508E7
7.8297716E7
7.8018712E7
7.7745224E7
7.7477988E7
7.7217796E7
7.6965452E7
7.6721776E7
7.6487604E7
7.6263784E7
7.6051144E7
7.5850528E7
7.5662756E7
7.548864E7
7.532896E7
7.518448E7
7.5055912E7
7.4943936E7
7.4849176E7
7.4772196E7
7.4713496E7
7.4673504E7
7.4652572E7
7.465096E7
7.4668848E7
7.4706324E7
7.476338E7
7.4839916E7
7.4935748E7
7.5050588E7
7.5184076E7
7.5335772E7
7.5505172E7
7.5691684E7
7.5894688E7
7.61135E7
7.6347408E7
7.6595664E7
7.6857512E7
7.7132172E7
7.741886E7
7.7716788E7
7.8025176E7
7.8343232E7
7.8670168E7
7.9005184E7
7.9347484E7
7.9696252E7
8.0050636E7
8.0409764E7
8.0772728E7
8.1138568E7
8.1506276E7
8.1874788E7
8.2242988E7
8.26097E7
8.2973704E7
8.3333724E7
8.3688468E7
8.4036604E7
8.4376796E7
8.4707728E7
8.5028104E7
8.5336676E7
8.5632256E7
8.5913752E7
8.6180156E7
8.6430596E7
8.66643E7
8.688066E7
8.7079192E7
8.7259584E7
8.742166E7
8.7565388E7
8.7690912E7
8.7798496E7
8.7888556E7
8.7961636E7
8.8018408E7
8.805968E7
8.808636E7
8.8099468E7
8.810014E7
8.8089596E7
8.8069156E7
8.8040232E7
8.8004304E7
8.7962932E7
8.7917716E7
8.787032E7
8.7822424E7
8.777574E7
8.7731944E7
8.7692716E7
8.7659676E7
8.7634368E7
8.761826E7
8.7612712E7
8.7618944E7
8.7638048E7
8.7670956E7
8.7718424E7
8.7781064E7
8.785928E7
8.7953336E7
8.80633E7
8.8189088E7
8.833046E7
8.8487024E7
8.8658264E7
8.8843536E7
8.9042084E7
8.9253064E7
8.947554E7
8.97085E7
8.9950876E7
9.0201544E7
9.045934E7
9.072306E7
9.0991476E7
9.126334E7
9.1537404E7
9.181242E7
9.2087128E7
9.2360316E7
9.2630784E7
9.2897376E7
9.3158992E7
9.341458E7
9.366318E7
9.3903896E7
9.4135944E7
9.4358628E7
9.4571376E7
9.477372E7
9.4965324E7
9.5145976E7
9.5315596E7
9.5474228E7
9.5622044E7
9.5759352E7
9.5886568E7
9.6004236E7
9.6113008E7
9.6213624E7
9.6306924E7
9.6393832E7
9.6475324E7
9.655244E7
9.6626256E7
9.6697868E7
9.6768384E7
9.68389E7
9.691048E7
9.698416E7
9.7060912E7
9.7141636E7
9.7227152E7
9.7318176E7
9.7415328E7
9.7519104E7
9.7629884E7
9.774792E7
9.787334E7
9.8006128E7
9.8146156E7
9.829316E7
9.8446756E7
9.8606444E7
9.8771616E7
9.8941552E7
9.9115456E7
9.9292432E7
9.9471516E7
9.9651688E7
9.9831864E7
1.00010936E8
1.00187756E8
1.0036118E8
1.00530048E8
1.0069322E8
1.008496E8
1.00998112E8
1.01137752E8
1.01267568E8
1.01386704E8
1.01494388E8
1.01589936E8
1.01672776E8
1.01742444E8
1.01798588E8
1.01840968E8
1.01869464E8
1.0188406E8
1.0188486E8
1.01872064E8
1.01845992E8
1.0180704E8
1.01755732E8
1.01692668E8
1.01618536E8
1.01534116E8
1.01440268E8
1.01337936E8
1.01228124E8
1.01111908E8
1.00990416E8
1.00864816E8
1.00736324E8
1.00606156E8
1.00475544E8
1.00345704E8
1.00217824E8
1.00093024E8
9.9972384E7
9.9856884E7
9.9747408E7
9.9644736E7
9.9549516E7
9.946228E7
9.9383424E7
9.9313212E7
9.9251808E7
9.9199232E7
9.9155444E7
9.91203E7
9.9093604E7
9.9075116E7
9.90646E7
9.906182E7
9.9066576E7
9.907872E7
9.909818E7
9.9124984E7
9.9159252E7
9.9201216E7
9.925122E7
9.9309724E7
9.9377296E7
9.9454588E7
9.9542344E7
9.9641372E7
9.9752528E7
9.9876696E7
1.00014752E8
1.00167568E8
1.0033598E8
1.00520748E8
1.0072258E8
1.00942088E8
1.01179764E8
1.01436008E8
1.01711076E8
1.0200512E8
1.0231814E8
1.02650012E8
1.03000488E8
1.03369196E8
1.03755636E8
1.041592E8
1.04579184E8
1.05014772E8
1.05465068E8
1.05929096E8
1.06405808E8
1.06894088E8
1.07392764E8
1.07900612E8
1.0841636E8
1.08938692E8
1.09466264E8
1.09997688E8
1.10531572E8
1.1106648E8
1.11600992E8
1.1213368E8
1.1266314E8
1.13187976E8
1.13706868E8
1.1421852E8
1.14721756E8
1.15215468E8
1.15698688E8
1.16170576E8
1.16630464E8
1.17077844E8
1.17512416E8
1.1793408E8
1.18342944E8
1.18739348E8
1.19123852E8
1.1949724E8
1.19860516E8
1.20214872E8
1.20561712E8
1.20902592E8
1.21239216E8
1.21573408E8
1.2190708E8
1.2224218E8
1.22580688E8
1.22924548E8
1.23275656E8
1.236358E8
1.2400664E8
1.24389668E8
1.24786188E8
1.25197272E8
1.25623752E8
1.26066212E8
1.26524936E8
1.26999964E8
1.27491032E8
1.27997612E8
1.28518912E8
1.2905388E8
1.29601248E8
1.30159516E8
1.30727004E8
1.31301872E8
1.31882136E8
1.32465712E8
1.3305044E8
1.33634096E8
1.34214456E8
1.34789292E8
1.35356412E8
1.3591368E8
1.36459044E8
1.36990556E8
1.375064E8
1.38004884E8
1.38484488E8
1.38943852E8
1.39381808E8
1.39797372E8
1.4018976E8
1.40558392E8
1.40902904E8
1.4122312E8
1.41519092E8
1.41791064E8
1.42039484E8
1.42264988E8
1.42468392E8
1.4265068E8
1.42812984E8
1.42956568E8
1.43082808E8
1.43193172E8
1.43289196E8
1.43372448E8
1.43444528E8
1.43507016E8
1.43561464E8
1.43609368E8
1.43652152E8
1.43691148E8
1.43727572E8
1.43762508E8
1.4379692E8
1.43831628E8
1.43867308E8
1.43904508E8
1.43943632E8
1.4398496E8
1.44028664E8
1.4407482E8
1.44123428E8
1.4417442E8
1.44227688E8
1.44283104E8
1.4434054E8
1.44399868E8
1.44461012E8
1.44523904E8
1.44588564E8
1.44655044E8
1.4472346E8
1.44794008E8
1.44866928E8
1.44942524E8
1.45021156E8
1.45103228E8
1.4518918E8
1.45279484E8
1.4537462E8
1.45475088E8
1.45581372E8
1.45693952E8
1.4581328E8
1.45939764E8
1.46073776E8
1.46215628E8
1.46365576E8
1.46523808E8
1.46690424E8
1.4686546E8
1.4704888E8
1.47240552E8
1.47440292E8
1.47647852E8
1.47862912E8
1.48085124E8
1.483141E8
1.48549436E8
1.48790732E8
1.49037576E8
1.49289616E8
1.49546504E8
1.49807948E8
1.50073708E8
1.503436E8
1.50617496E8
1.50895308E8
1.51177004E8
1.51462584E8
1.51752068E8
1.52045484E8
1.52342856E8
1.52644188E8
1.52949444E8
1.53258552E8
1.53571364E8
1.53887684E8
1.54207232E8
1.54529668E8
1.54854584E8
1.55181516E8
1.55509948E8
1.55839348E8
1.56169148E8
1.56498812E8
1.56827804E8
1.5715566E8
1.57481972E8
1.57806432E8
1.58128832E8
1.58449096E8
1.58767296E8
1.59083648E8
1.59398516E8
1.5971244E8
1.6002612E8
1.603404E8
1.6065628E8
1.60974876E8
1.61297436E8
1.61625284E8
1.61959828E8
1.62302504E8
1.6265478E8
1.630181E8
1.63393872E8
1.63783436E8
1.64188036E8
1.64608804E8
1.65046748E8
1.65502704E8
1.65977364E8
1.6647126E8
1.66984732E8
1.6751798E8
1.68071028E8
1.68643772E8
1.69235952E8
1.6984722E8
1.70477108E8
1.71125076E8
1.71790532E8
1.72472836E8
1.73171324E8
1.73885344E8
1.74614228E8
1.7535734E8
1.7611408E8
1.76883872E8
1.77666188E8
1.78460544E8
1.79266496E8
1.80083648E8
1.80911632E8
1.81750112E8
1.82598772E8
1.83457324E8
1.84325452E8
1.85202864E8
1.86089228E8
1.86984196E8
1.8788736E8
1.88798276E8
1.8971644E8
1.90641264E8
1.91572104E8
1.92508216E8
1.93448804E8
1.9439296E8
1.9533972E8
1.96288044E8
1.97236816E8
1.98184864E8
1.99130988E8
2.00073936E8
2.01012432E8
2.01945208E8
2.02870992E8
2.03788556E8
2.04696696E8
2.05594272E8
2.06480216E8
2.07353556E8
2.08213424E8
2.09059056E8
2.09889832E8
2.10705272E8
2.11505036E8
2.12288944E8
2.13056964E8
2.13809216E8
2.14545968E8
2.15267632E8
2.15974744E8
2.16667944E8
2.17347972E8
2.18015648E8
2.1867182E8
2.19317384E8
2.19953228E8
2.2058022E8
2.21199192E8
2.218109E8
2.22416016E8
2.23015132E8
2.23608716E8
2.24197112E8
2.24780552E8
2.2535914E8
2.25932864E8
2.26501588E8
2.27065084E8
2.27623024E8
2.28175004E8
2.28720572E8
2.2925922E8
2.29790436E8
2.30313696E8
2.30828504E8
2.31334396E8
2.3183098E8
2.32317936E8
2.32795032E8
2.33262152E8
2.33719304E8
2.34166608E8
2.3460434E8
2.35032896E8
2.35452816E8
2.35864776E8
2.36269568E8
2.36668124E8
2.37061468E8
2.3745072E8
2.37837092E8
2.38221864E8
2.38606368E8
2.38991976E8
2.39380084E8
2.39772108E8
2.4016946E8
2.40573532E8
2.40985696E8
2.41407292E8
2.418396E8
2.4228384E8
2.42741152E8
2.43212588E8
2.43699108E8
2.44201524E8
2.44720544E8
2.4525672E8
2.45810432E8
2.46381908E8
2.46971188E8
2.4757812E8
2.48202376E8
2.4884342E8
2.49500548E8
2.50172868E8
2.50859312E8
2.5155868E8
2.52269624E8
2.52990676E8
2.53720292E8
2.54456836E8
2.55198644E8
2.55944012E8
2.56691244E8
2.57438664E8
2.58184644E8
2.589276E8
2.59666036E8
2.6039854E8
2.61123804E8
2.6184062E8
2.62547916E8
2.63244728E8
2.63930224E8
2.64603696E8
2.6526456E8
2.6591236E8
2.66546772E8
2.67167576E8
2.67774684E8
2.68368108E8
2.68947976E8
2.69514512E8
2.70068044E8
2.70608976E8
2.71137816E8
2.71655128E8
2.7216154E8
2.72657752E8
2.73144484E8
2.73622508E8
2.74092588E8
2.74555512E8
2.75012052E8
2.75462936E8
2.75908872E8
2.76350492E8
2.76788372E8
2.77223008E8
2.77654804E8
2.78084076E8
2.78511036E8
2.78935804E8
2.79358404E8
2.79778772E8
2.80196768E8
2.80612172E8
2.81024712E8
2.81434084E8
2.81839928E8
2.82241896E8
2.82639624E8
2.83032776E8
2.83421028E8
2.83804116E8
2.84181812E8
2.84553964E8
2.84920476E8
2.85281332E8
2.85636608E8
2.8598644E8
2.8633106E8
2.86670784E8
2.87005988E8
2.87337132E8
2.87664744E8
2.87989392E8
2.88311692E8
2.88632292E8
2.8895184E8
2.89271004E8
2.89590424E8
2.89910716E8
2.90232448E8
2.90556136E8
2.908822E8
2.91211004E8
2.91542812E8
2.9187778E8
2.92215968E8
2.92557332E8
2.92901704E8
2.9324882E8
2.93598312E8
2.93949704E8
2.94302428E8
2.9465582E8
2.95009148E8
2.95361588E8
2.95712256E8
2.96060224E8
2.96404512E8
2.96744116E8
2.97078008E8
2.97405176E8
2.9772462E8
2.98035392E8
2.98336596E8
2.98627432E8
2.98907208E8
2.99175368E8
2.99431512E8
2.99675428E8
2.99907096E8
3.0012672E8
3.00334732E8
3.00531804E8
3.00718856E8
3.0089704E8
3.0106776E8
3.0123264E8
3.01393504E8
3.01552376E8
3.01711432E8
3.01872988E8
3.02039464E8
3.02213336E8
3.02397132E8
3.0259338E8
3.02804568E8
3.03033144E8
3.03281464E8
3.03551768E8
3.03846176E8
3.04166656E8
3.0451502E8
3.04892896E8
3.05301752E8
3.0574286E8
3.06217312E8
3.06726008E8
3.07269664E8
3.07848808E8
3.084638E8
3.09114812E8
3.09801832E8
3.10524704E8
3.11283088E8
3.12076496E8
3.12904288E8
3.13765684E8
3.14659756E8
3.15585464E8
3.16541636E8
3.17527016E8
3.18540236E8
3.19579836E8
3.20644316E8
3.21732104E8
3.22841576E8
3.23971108E8
3.25119052E8
3.26283752E8
3.27463596E8
3.28656976E8
3.29862348E8
3.31078216E8
3.32303144E8
3.33535776E8
3.34774832E8
3.3601912E8
3.37267528E8
3.38519044E8
3.3977274E8
3.41027788E8
3.42283436E8
3.43539028E8
3.44794008E8
3.46047892E8
3.4730028E8
3.48550864E8
3.497994E8
3.51045744E8
3.522898E8
3.53531556E8
3.5477106E8
3.5600842E8
3.57243784E8
3.58477336E8
3.59709308E8
3.6093992E8
3.62169408E8
3.63397968E8
3.6462578E8
3.65852956E8
3.67079544E8
3.68305484E8
3.69530624E8
3.7075468E8
3.7197724E8
3.73197736E8
3.74415476E8
3.75629596E8
3.768391E8
3.7804286E8
3.79239628E8
3.80428036E8
3.81606636E8
3.8277392E8
3.83928324E8
3.85068268E8
3.86192172E8
3.87298472E8
3.88385648E8
3.89452236E8
3.90496844E8
3.91518152E8
3.9251494E8
3.93486084E8
3.9443056E8
3.95347436E8
3.962359E8
3.97095248E8
3.97924864E8
3.9872426E8
3.99493052E8
4.00230964E8
4.00937848E8
4.01613672E8
4.0225854E8
4.02872684E8
4.03456492E8
4.04010488E8
4.04535372E8
4.05031984E8
4.05501348E8
4.0594466E8
4.0636328E8
4.06758732E8
4.07132728E8
4.07487104E8
4.07823864E8
4.08145148E8
4.08453192E8
4.0875034E8
4.09039008E8
4.09321652E8
4.09600764E8
4.09878812E8
4.10158236E8
4.1044142E8
4.10730644E8
4.11028076E8
4.11335728E8
4.11655448E8
4.11988912E8
4.12337572E8
4.12702668E8
4.13085212E8
4.13485984E8
4.13905536E8
4.1434418E8
4.14802024E8
4.15278956E8
4.15774672E8
4.16288696E8
4.16820392E8
4.17368992E8
4.17933636E8
4.18513352E8
4.19107136E8
4.19713936E8
4.20332684E8
4.20962336E8
4.21601856E8
4.22250276E8
4.22906676E8
4.23570204E8
4.24240116E8
4.24915748E8
4.25596532E8
4.26282024E8
4.26971892E8
4.27665908E8
4.2836398E8
4.29066124E8
4.29772484E8
4.3048332E8
4.31199012E8
4.31920048E8
4.32647032E8
4.33380664E8
4.34121724E8
4.34871088E8
4.35629692E8
4.36398524E8
4.3717862E8
4.37971032E8
4.38776824E8
4.3959706E8
4.40432772E8
4.41284964E8
4.421546E8
4.43042568E8
4.43949704E8
4.44876756E8
4.45824404E8
4.46793232E8
4.47783732E8
4.48796312E8
4.49831292E8
4.50888884E8
4.51969212E8
4.53072324E8
4.54198148E8
4.55346536E8
4.56517232E8
4.57709884E8
4.58924032E8
4.60159108E8
4.6141444E8
4.62689228E8
4.63982556E8
4.65293376E8
4.6662052E8
4.67962696E8
4.69318488E8
4.70686364E8
4.72064696E8
4.73451756E8
4.74845748E8
4.76244816E8
4.77647092E8
4.7905068E8
4.80453724E8
4.81854404E8
4.83250964E8
4.84641772E8
4.86025288E8
4.87400124E8
4.88765044E8
4.9011898E8
4.91461028E8
4.92790472E8
4.94106776E8
4.95409588E8
4.9669872E8
4.9797416E8
4.99236052E8
5.004847E8
5.01720552E8
5.029442E8
5.04156344E8
5.05357832E8
5.06549624E8
5.07732796E8
5.08908532E8
5.10078124E8
5.11242976E8
5.12404604E8
5.13564608E8
5.14724704E8
5.15886692E8
5.17052472E8
5.18224004E8
5.1940334E8
5.20592568E8
5.21793828E8
5.23009272E8
5.24241056E8
5.25491304E8
5.26762116E8
5.28055492E8
5.29373356E8
5.30717488E8
5.3208954E8
5.33490988E8
5.34923108E8
5.36387E8
5.37883508E8
5.39413276E8
5.40976704E8
5.42573964E8
5.44205E8
5.45869528E8
5.4756706E8
5.49296912E8
5.51058216E8
5.52849972E8
5.5467102E8
5.56520108E8
5.58395904E8
5.60297004E8
5.62221992E8
5.6416942E8
5.66137872E8
5.6812594E8
5.70132272E8
5.72155576E8
5.74194628E8
5.7624826E8
5.78315404E8
5.80395044E8
5.82486248E8
5.84588136E8
5.866999E8
5.88820764E8
5.9095E8
5.93086908E8
5.952308E8
5.97381008E8
5.9953686E8
6.01697692E8
6.03862828E8
6.06031588E8
6.08203288E8
6.10377236E8
6.1255274E8
6.14729116E8
6.16905668E8
6.19081728E8
6.2125664E8
6.23429756E8
6.25600456E8
6.27768132E8
6.29932204E8
6.32092112E8
6.34247304E8
6.36397272E8
6.38541496E8
6.40679488E8
6.42810768E8
6.4493488E8
6.47051372E8
6.4915982E8
6.51259816E8
6.53350996E8
6.55433016E8
6.57505592E8
6.59568484E8
6.6162152E8
6.63664592E8
6.65697676E8
6.67720836E8
6.69734212E8
6.71738032E8
6.73732628E8
6.75718392E8
6.77695808E8
6.79665416E8
6.8162782E8
6.83583644E8
6.8553356E8
6.87478244E8
6.89418356E8
6.9135454E8
6.93287424E8
6.95217568E8
6.97145504E8
6.99071688E8
7.00996516E8
7.0292032E8
7.04843372E8
7.06765876E8
7.0868798E8
7.10609764E8
7.1253128E8
7.14452524E8
7.16373448E8
7.18293992E8
7.20214052E8
7.2213352E8
7.24052264E8
7.25970144E8
7.27887028E8
7.29802764E8
7.31717224E8
7.33630288E8
7.35541852E8
7.37451824E8
7.39360164E8
7.4126684E8
7.43171888E8
7.45075368E8
7.46977412E8
7.48878204E8
7.50778E8
7.52677108E8
7.54575932E8
7.56474928E8
7.58374628E8
7.60275612E8
7.62178544E8
7.64084116E8
7.6599306E8
7.67906124E8
7.69824076E8
7.71747668E8
7.73677628E8
7.75614652E8
7.77559392E8
7.79512428E8
7.8147428E8
7.83445404E8
7.85426172E8
7.87416872E8
7.89417744E8
7.91428952E8
7.934506E8
7.95482732E8
7.97525372E8
7.9957848E8
8.01642012E8
8.03715872E8
8.05799976E8
8.07894192E8
8.099984E8
8.1211244E8
8.14236148E8
8.16369336E8
8.18511788E8
8.20663264E8
8.22823504E8
8.249922E8
8.27169028E8
8.2935362E8
8.31545584E8
8.33744492E8
8.359499E8
8.38161332E8
8.40378308E8
8.42600324E8
8.44826888E8
8.47057512E8
8.49291724E8
8.51529064E8
8.53769128E8
8.56011536E8
8.5825598E8
8.60502196E8
8.62750008E8
8.64999308E8
8.67250096E8
8.69502448E8
8.7175656E8
8.74012732E8
8.76271384E8
8.78533056E8
8.80798408E8
8.83068232E8
8.8534344E8
8.87625068E8
8.89914288E8
8.9221238E8
8.94520748E8
8.968409E8
8.9917444E8
9.01523068E8
9.03888552E8
9.06272736E8
9.08677492E8
9.11104728E8
9.13556356E8
9.16034268E8
9.1854032E8
9.21076292E8
9.23643872E8
9.26244644E8
9.28880036E8
9.31551308E8
9.34259536E8
9.37005576E8
9.39790072E8
9.42613404E8
9.4547572E8
9.48376884E8
9.51316516E8
9.54293956E8
9.57308296E8
9.60358368E8
9.63442768E8
9.66559856E8
9.69707804E8
9.72884588E8
9.7608802E8
9.79315772E8
9.82565416E8
9.85834432E8
9.89120256E8
9.92420288E8
9.95731948E8
9.99052672E8
1.002379964E9
1.005711412E9
1.0090447E9
1.012377636E9
1.01570816E9
1.019034364E9
1.022354496E9
1.025666948E9
1.028970276E9
1.032263168E9
1.03554448E9
1.038813168E9
1.042068324E9
1.045309136E9
1.04853488E9
1.051744904E9
1.054938628E9
1.058115516E9
1.061275072E9
1.064416832E9
1.067540376E9
1.070645312E9
1.07373128E9
1.07679796E9
1.079845076E9
1.08287242E9
1.085879836E9
1.088867256E9
1.091834708E9
1.094782304E9
1.09771028E9
1.100618988E9
1.103508912E9
1.106380648E9
1.109234932E9
1.11207264E9
1.114894748E9
1.117702372E9
1.120496724E9
1.123279108E9
1.126050924E9
1.128813628E9
1.13156874E9
1.1343178E9
1.137062384E9
1.139804064E9
1.1425444E9
1.145284944E9
1.148027192E9
1.150772604E9
1.153522592E9
1.156278496E9
1.1590416E9
1.161813112E9
1.164594172E9
1.167385844E9
1.170189124E9
1.173004928E9
1.175834112E9
1.178677452E9
1.181535652E9
1.184409368E9
1.187299156E9
1.190205532E9
1.193128944E9
1.196069768E9
1.19902832E9
1.202004856E9
1.20499958E9
1.20801262E9
1.21104406E9
1.214093916E9
1.217162164E9
1.220248708E9
1.223353412E9
1.226476084E9
1.229616468E9
1.232774268E9
1.235949136E9
1.239140672E9
1.242348416E9
1.245571892E9
1.248810552E9
1.252063828E9
1.255331116E9
1.258611792E9
1.261905204E9
1.2652107E9
1.268527636E9
1.271855368E9
1.275193276E9
1.27854078E9
1.28189732E9
1.285262396E9
1.288635564E9
1.29201644E9
1.29540468E9
1.298800032E9
1.302202284E9
1.305611284E9
1.309026936E9
1.312449184E9
1.315878016E9
1.31931342E9
1.322755428E9
1.326204056E9
1.3296593E9
1.333121164E9
1.336589588E9
1.34006448E9
1.3435457E9
1.347033044E9
1.35052624E9
1.354024936E9
1.357528716E9
1.36103708E9
1.364549444E9
1.368065156E9
1.371583476E9
1.375103592E9
1.378624624E9
1.382145624E9
1.385665576E9
1.389183424E9
1.392698048E9
1.396208304E9
1.399713008E9
1.403210964E9
1.40670096E9
1.410181804E9
1.41365232E9
1.41711136E9
1.42055784E9
1.423990736E9
1.427409108E9
1.430812128E9
1.434199068E9
1.43756934E9
1.440922488E9
1.444258212E9
1.447576348E9
1.4508769E9
1.454160024E9
1.457426012E9
1.460675304E9
1.46390846E9
1.467126156E9
1.470329164E9
1.473518324E9
1.476694552E9
1.479858776E9
1.483011964E9
1.48615508E9
1.489289072E9
1.492414856E9
1.495533292E9
1.498645208E9
1.501751352E9
1.504852396E9
1.50794896E9
1.511041572E9
1.5141307E9
1.517216736E9
1.520300028E9
1.52338086E9
1.526459496E9
1.529536168E9
1.532611084E9
1.535684492E9
1.538756628E9
1.541827776E9
1.54489826E9
1.547968472E9
1.551038856E9
1.554109932E9
1.557182308E9
1.560256648E9
1.5633337E9
1.566414268E9
1.569499232E9
1.57258952E9
1.575686104E9
1.578789988E9
1.581902212E9
1.585023812E9
1.58815584E9
1.591299356E9
1.594455392E9
1.597624972E9
1.600809104E9
1.604008752E9
1.607224868E9
1.610458352E9
1.613710072E9
1.616980836E9
1.620271412E9
1.6235825E9
1.626914728E9
1.630268648E9
1.633644724E9
1.637043316E9
1.640464668E9
1.643908896E9
1.64737598E9
1.650865748E9
1.65437786E9
1.657911796E9
1.661466864E9
1.665042172E9
1.668636636E9
1.672248968E9
1.675877696E9
1.679521156E9
1.683177488E9
1.686844676E9
1.69052054E9
1.694202768E9
1.697888908E9
1.701576432E9
1.705262724E9
1.70894512E9
1.712620924E9
1.716287452E9
1.719942036E9
1.723582072E9
1.727205008E9
1.730808408E9
1.734389952E9
1.737947452E9
1.741478876E9
1.744982356E9
1.74845622E9
1.751898968E9
1.755309304E9
1.75868612E9
1.76202852E9
1.765335796E9
1.768607432E9
1.771843096E9
1.775042624E9
1.778206028E9
1.781333448E9
1.78442516E9
1.78748156E9
1.790503132E9
1.793490432E9
1.79644408E9
1.799364724E9
1.802253024E9
1.805109656E9
1.807935268E9
1.810730484E9
1.813495872E9
1.816231976E9
1.818939256E9
1.821618132E9
1.824268952E9
1.826892008E9
1.829487536E9
1.832055728E9
1.834596728E9
1.837110648E9
1.839597576E9
1.842057584E9
1.844490752E9
1.846897148E9
1.84927686E9
1.85163E9
1.853956704E9
1.85625714E9
1.858531524E9
1.860780112E9
1.863003204E9
1.865201152E9
1.867374356E9
1.869523264E9
1.87164838E9
1.873750228E9
1.875829396E9
1.877886488E9
1.879922124E9
1.881936956E9
1.883931604E9
1.885906688E9
1.887862792E9
1.889800448E9
1.891720124E9
1.8936222E9
1.895506964E9
1.897374584E9
1.899225116E9
1.901058476E9
1.902874444E9
1.904672668E9
1.906452652E9
1.90821378E9
1.90995532E9
1.911676424E9
1.91337618E9
1.915053604E9
1.916707676E9
1.918337376E9
1.919941688E9
1.92151966E9
1.923070416E9
1.924593192E9
1.926087344E9
1.927552404E9
1.92898808E9
1.930394288E9
1.931771156E9
1.933119032E9
1.934438524E9
1.935730456E9
1.936995888E9
1.938236132E9
1.939452704E9
1.940647332E9
1.941821952E9
1.94297866E9
1.944119708E9
1.945247492E9
1.946364504E9
1.947473304E9
1.948576532E9
1.949676816E9
1.9507768E9
1.951879076E9
1.952986164E9
1.954100492E9
1.95522436E9
1.956359924E9
1.957509156E9
1.958673836E9
1.959855524E9
1.961055564E9
1.96227506E9
1.963514868E9
1.964775612E9
1.966057672E9
1.967361196E9
1.96868612E9
1.970032172E9
1.971398892E9
1.972785664E9
1.974191732E9
1.97561622E9
1.977058172E9
1.978516556E9
1.979990312E9
1.981478348E9
1.982979584E9
1.984492952E9
1.986017412E9
1.987551956E9
1.989095632E9
1.990647524E9
1.992206764E9
1.993772516E9
1.995343984E9
1.996920384E9
1.998500944E9
2.000084888E9
2.00167142E9
2.003259728E9
2.004848932E9
2.006438112E9
2.008026272E9
2.009612332E9
2.011195132E9
2.012773396E9
2.014345756E9
2.015910724E9
2.017466708E9
2.019011976E9
2.020544708E9
2.02206296E9
2.023564676E9
2.025047716E9
2.026509848E9
2.027948776E9
2.02936214E9
2.030747556E9
2.032102624E9
2.033424948E9
2.03471218E9
2.035962016E9
2.03717224E9
2.038340748E9
2.039465548E9
2.040544804E9
2.04157684E9
2.04256014E9
2.04349338E9
2.044375408E9
2.045205276E9
2.045982196E9
2.04670556E9
2.04737494E9
2.047990036E9
2.048550712E9
2.049056944E9
2.049508824E9
2.049906548E9
2.05025038E9
2.050540676E9
2.050777848E9
2.050962352E9
2.051094708E9
2.051175472E9
2.051205228E9
2.05118462E9
2.05111432E9
2.050995044E9
2.05082756E9
2.050612688E9
2.050351304E9
2.050044344E9
2.049692816E9
2.049297816E9
2.0488605E9
2.048382124E9
2.047864032E9
2.04730764E9
2.046714472E9
2.046086124E9
2.045424284E9
2.044730712E9
2.044007236E9
2.043255744E9
2.042478176E9
2.041676508E9
2.040852756E9
2.04000894E9
2.039147096E9
2.038269256E9
2.037377432E9
2.036473624E9
2.035559796E9
2.034637876E9
2.033709756E9
2.032777264E9
2.031842184E9
2.030906256E9
2.029971136E9
2.029038432E9
2.028109676E9
2.027186336E9
2.0262698E9
2.025361392E9
2.024462348E9
2.023573836E9
2.02269694E9
2.021832668E9
2.020981932E9
2.020145572E9
2.019324352E9
2.018518928E9
2.0177299E9
2.01695776E9
2.016202928E9
2.01546572E9
2.01474638E9
2.014045044E9
2.013361772E9
2.012696508E9
2.0120491E9
2.011419316E9
2.010806796E9
2.010211104E9
2.009631684E9
2.009067892E9
2.008519004E9
2.007984204E9
2.007462596E9
2.006953224E9
2.006455088E9
2.005967136E9
2.005488308E9
2.005017504E9
2.00455366E9
2.004095708E9
2.003642612E9
2.003193376E9
2.002747032E9
2.002302684E9
2.001859468E9
2.001416572E9
2.000973244E9
2.000528752E9
2.000082416E9
1.999633572E9
1.999181584E9
1.998725804E9
1.9982656E9
1.997800312E9
1.997329264E9
1.996851752E9
1.996367024E9
1.995874288E9
1.995372704E9
1.994861368E9
1.99433934E9
1.993805612E9
1.993259124E9
1.992698772E9
1.992123396E9
1.991531816E9
1.9909228E9
1.990295112E9
1.989647508E9
1.988978744E9
1.988287596E9
1.98757288E9
1.986833456E9
1.986068252E9
1.9852763E9
1.984456712E9
1.983608748E9
1.982731788E9
1.981825388E9
1.980889264E9
1.979923336E9
1.978927716E9
1.97790274E9
1.976848952E9
1.975767128E9
1.974658268E9
1.973523596E9
1.972364556E9
1.971182792E9
1.969980136E9
1.968758596E9
1.967520324E9
1.9662676E9
1.965002796E9
1.963728336E9
1.962446684E9
1.961160304E9
1.959871608E9
1.95858296E9
1.9572966E9
1.95601466E9
1.954739096E9
1.953471696E9
1.952214044E9
1.950967504E9
1.949733224E9
1.948512116E9
1.947304844E9
1.946111852E9
1.944933348E9
1.943769324E9
1.942619568E9
1.941483664E9
1.940361036E9
1.939250952E9
1.938152528E9
1.937064788E9
1.935986652E9
1.934916956E9
1.933854496E9
1.932798012E9
1.931746228E9
1.930697852E9
1.929651592E9
1.928606156E9
1.92756026E9
1.926512636E9
1.925462024E9
1.924407172E9
1.923346832E9
1.92227974E9
1.921204636E9
1.920120232E9
1.919025208E9
1.917918196E9
1.916797792E9
1.915662524E9
1.914510864E9
1.913341212E9
1.912151908E9
1.91094122E9
1.909707368E9
1.908448504E9
1.907162756E9
1.905848228E9
1.904503008E9
1.903125208E9
1.901712972E9
1.9002645E9
1.89877808E9
1.897252096E9
1.895685064E9
1.894075648E9
1.892422668E9
1.89072514E9
1.888982272E9
1.887193476E9
1.885358388E9
1.88347686E9
1.881548964E9
1.879574992E9
1.87755546E9
1.875491092E9
1.873382804E9
1.871231704E9
1.869039072E9
1.866806348E9
1.86453512E9
1.862227088E9
1.859884068E9
1.857507968E9
1.855100752E9
1.852664468E9
1.850201176E9
1.847712968E9
1.845201952E9
1.842670212E9
1.84011982E9
1.837552804E9
1.834971156E9
1.832376784E9
1.829771552E9
1.827157224E9
1.824535468E9
1.821907864E9
1.819275868E9
1.816640832E9
1.814003984E9
1.811366432E9
1.808729164E9
1.806093036E9
1.80345878E9
1.80082702E9
1.798198256E9
1.795572872E9
1.792951152E9
1.790333284E9
1.787719352E9
1.785109372E9
1.782503264E9
1.779900884E9
1.777302032E9
1.774706444E9
1.772113824E9
1.76952382E9
1.766936064E9
1.764350148E9
1.761765676E9
1.759182232E9
1.756599396E9
1.754016772E9
1.751433976E9
1.748850652E9
1.746266484E9
1.74368118E9
1.741094516E9
1.7385063E9
1.735916408E9
1.733324764E9
1.730731352E9
1.72813622E9
1.725539456E9
1.722941224E9
1.720341716E9
1.717741184E9
1.7151399E9
1.712538192E9
1.709936408E9
1.7073349E9
1.70473406E9
1.702134276E9
1.699535936E9
1.696939452E9
1.694345212E9
1.69175362E9
1.68916508E9
1.686579988E9
1.683998756E9
1.6814218E9
1.678849556E9
1.676282488E9
1.67372108E9
1.671165872E9
1.66861742E9
1.66607636E9
1.663543372E9
1.661019204E9
1.658504668E9
1.65600064E9
1.653508076E9
1.65102798E9
1.648561416E9
1.646109504E9
1.6436734E9
1.641254256E9
1.638853264E9
1.63647156E9
1.634110272E9
1.631770428E9
1.629452996E9
1.627158796E9
1.624888528E9
1.622642704E9
1.620421644E9
1.618225464E9
1.616054036E9
1.613906992E9
1.611783696E9
1.609683272E9
1.607604556E9
1.605546144E9
1.60350636E9
1.601483312E9
1.59947486E9
1.597478676E9
1.595492248E9
1.593512904E9
1.591537836E9
1.589564152E9
1.587588884E9
1.585609032E9
1.583621608E9
1.581623632E9
1.579612216E9
1.577584584E9
1.575538072E9
1.57347022E9
1.571378756E9
1.569261664E9
1.567117172E9
1.564943808E9
1.5627404E9
1.5605061E9
1.558240388E9
1.55594308E9
1.553614308E9
1.55125454E9
1.54886454E9
1.546445364E9
1.543998328E9
1.54152498E9
1.539027072E9
1.536506524E9
1.53396538E9
1.53140578E9
1.528829912E9
1.526239976E9
1.523638156E9
1.521026556E9
1.518407192E9
1.515781956E9
1.513152576E9
1.5105206E9
1.507887372E9
1.50525404E9
1.502621496E9
1.499990444E9
1.49736134E9
1.494734444E9
1.492109808E9
1.489487336E9
1.486866748E9
1.484247688E9
1.481629688E9
1.479012248E9
1.476394844E9
1.473777E9
1.471158292E9
1.468538376E9
1.465917056E9
1.463294264E9
1.460670116E9
1.458044896E9
1.455419092E9
1.452793392E9
1.45016868E9
1.447546032E9
1.444926716E9
1.442312172E9
1.439703988E9
1.437103912E9
1.434513804E9
1.431935628E9
1.429371408E9
1.426823236E9
1.424293212E9
1.42178344E9
1.419295984E9
1.416832844E9
1.41439592E9
1.411987E9
1.4096077E9
1.40725948E9
1.40494358E9
1.402661016E9
1.400412556E9
1.398198728E9
1.396019784E9
1.393875708E9
1.391766224E9
1.389690796E9
1.387648648E9
1.385638772E9
1.383659968E9
1.381710844E9
1.379789864E9
1.377895376E9
1.376025624E9
1.374178804E9
1.372353064E9
1.37054656E9
1.368757468E9
1.366984E9
1.365224416E9
1.363477076E9
1.361740404E9
1.360012932E9
1.35829328E9
1.356580172E9
1.354872428E9
1.353168964E9
1.351468772E9
1.34977094E9
1.348074608E9
1.34637898E9
1.344683292E9
1.342986832E9
1.341288892E9
1.339588764E9
1.337885744E9
1.336179096E9
1.33446806E9
1.332751824E9
1.331029528E9
1.329300256E9
1.32756302E9
1.32581678E9
1.324060416E9
1.32229276E9
1.32051258E9
1.3187186E9
1.31690952E9
1.315084024E9
1.31324078E9
1.311378492E9
1.3094959E9
1.3075918E9
1.305665076E9
1.303714704E9
1.30173978E9
1.29973954E9
1.297713348E9
1.295660752E9
1.293581428E9
1.291475236E9
1.289342192E9
1.287182472E9
1.284996404E9
1.28278446E9
1.28054724E9
1.278285476E9
1.275999996E9
1.273691744E9
1.271361732E9
1.269011072E9
1.266640936E9
1.26425256E9
1.261847252E9
1.259426384E9
1.256991368E9
1.254543708E9
1.252084968E9
1.249616772E9
1.247140832E9
1.244658948E9
1.24217298E9
1.2396849E9
1.237196748E9
1.234710656E9
1.232228832E9
1.229753564E9
1.227287188E9
1.224832096E9
1.222390736E9
1.219965552E9
1.217559004E9
1.215173544E9
1.212811592E9
1.21047552E9
1.208167632E9
1.205890148E9
1.203645188E9
1.201434756E9
1.19926072E9
1.197124792E9
1.195028516E9
1.19297326E9
1.190960196E9
1.18899026E9
1.187064184E9
1.185182448E9
1.183345292E9
1.181552676E9
1.179804316E9
1.178099648E9
1.176437828E9
1.17481776E9
1.173238072E9
1.171697164E9
1.170193172E9
1.168724028E9
1.167287476E9
1.165881068E9
1.16450222E9
1.163148236E9
1.161816324E9
1.160503636E9
1.159207304E9
1.157924472E9
1.15665232E9
1.155388104E9
1.154129176E9
1.152873024E9
1.151617276E9
1.150359748E9
1.149098452E9
1.147831588E9
1.146557596E9
1.145275128E9
1.143983072E9
1.142680532E9
1.141366832E9
1.140041496E9
1.138704248E9
1.137354968E9
1.135993704E9
1.134620608E9
1.133235948E9
1.131840056E9
1.13043332E9
1.129016124E9
1.127588872E9
1.12615192E9
1.124705568E9
1.123250048E9
1.121785508E9
1.120311984E9
1.118829408E9
1.117337584E9
1.115836208E9
1.114324848E9
1.112802976E9
1.11126994E9
1.10972502E9
1.108167408E9
1.106596244E9
1.105010624E9
1.103409644E9
1.101792392E9
1.100158E9
1.098505648E9
1.096834604E9
1.095144244E9
1.093434048E9
1.09170368E9
1.089952944E9
1.088181844E9
1.086390588E9
1.084579584E9
1.082749472E9
1.08090112E9
1.079035608E9
1.07715426E9
1.075258604E9
1.073350364E9
1.071431452E9
1.069503944E9
1.06757004E9
1.065632052E9
1.06369234E9
1.061753304E9
1.059817328E9
1.057886732E9
1.055963752E9
1.054050484E9
1.052148848E9
1.050260564E9
1.04838712E9
1.046529728E9
1.044689348E9
1.04286664E9
1.041061984E9
1.03927546E9
1.037506884E9
1.035755812E9
1.03402156E9
1.03230324E9
1.030599776E9
1.028909972E9
1.027232508E9
1.025566008E9
1.02390908E9
1.02226034E9
1.020618452E9
1.018982176E9
1.01735038E9
1.015722068E9
1.014096412E9
1.012472752E9
1.010850624E9
1.009229736E9
1.007609972E9
1.005991392E9
1.004374208E9
1.002758756E9
1.001145472E9
9.99534884E8
9.97927548E8
9.96324036E8
9.94724908E8
9.93130648E8
9.91541688E8
9.8995834E8
9.88380784E8
9.86809068E8
9.85243092E8
9.83682572E8
9.82127088E8
9.80576048E8
9.79028736E8
9.77484292E8
9.7594174E8
9.74400036E8
9.72858056E8
9.7131464E8
9.69768612E8
9.68218828E8
9.66664164E8
9.65103572E8
9.6353608E8
9.61960832E8
9.60377076E8
9.58784196E8
9.5718172E8
9.55569296E8
9.53946728E8
9.52313944E8
9.50670988E8
9.49018008E8
9.47355256E8
9.45683048E8
9.4400176E8
9.42311788E8
9.40613548E8
9.38907452E8
9.37193864E8
9.3547314E8
9.33745552E8
9.32011336E8
9.30270648E8
9.28523588E8
9.26770204E8
9.25010492E8
9.23244416E8
9.2147194E8
9.19693024E8
9.17907664E8
9.16115912E8
9.14317892E8
9.12513844E8
9.10704116E8
9.088892E8
9.07069732E8
9.05246512E8
9.034205E8
9.01592792E8
8.99764644E8
8.97937448E8
8.96112692E8
8.94291964E8
8.92476896E8
8.90669164E8
8.88870444E8
8.87082364E8
8.85306512E8
8.83544372E8
8.8179732E8
8.80066588E8
8.78353252E8
8.76658212E8
8.74982192E8
8.73325704E8
8.71689088E8
8.70072476E8
8.68475816E8
8.66898868E8
8.65341236E8
8.63802352E8
8.62281516E8
8.60777904E8
8.5929058E8
8.5781854E8
8.563607E8
8.54915944E8
8.53483132E8
8.52061136E8
8.5064884E8
8.49245184E8
8.47849164E8
8.46459868E8
8.45076492E8
8.4369836E8
8.42324912E8
8.40955756E8
8.39590648E8
8.38229512E8
8.36872444E8
8.35519684E8
8.34171656E8
8.32828908E8
8.31492136E8
8.30162156E8
8.2883986E8
8.27526232E8
8.26222296E8
8.24929092E8
8.2364766E8
8.22379E8
8.2112406E8
8.19883708E8
8.18658708E8
8.17449712E8
8.16257232E8
8.15081656E8
8.13923208E8
8.1278198E8
8.11657912E8
8.10550788E8
8.09460276E8
8.083859E8
8.0732706E8
8.06283052E8
8.05253076E8
8.04236228E8
8.03231536E8
8.02237956E8
8.01254388E8
8.00279676E8
7.99312644E8
7.98352068E8
7.97396732E8
7.96445404E8
7.9549686E8
7.9454992E8
7.93603424E8
7.92656264E8
7.917074E8
7.9075588E8
7.89800844E8
7.88841536E8
7.87877324E8
7.86907704E8
7.85932316E8
7.84950944E8
7.83963532E8
7.82970168E8
7.81971108E8
7.80966728E8
7.79957564E8
7.78944284E8
7.77927656E8
7.7690854E8
7.75887888E8
7.74866684E8
7.7384594E8
7.72826672E8
7.71809852E8
7.70796416E8
7.69787188E8
7.68782916E8
7.67784196E8
7.6679148E8
7.65805084E8
7.64825136E8
7.63851592E8
7.62884256E8
7.6192276E8
7.60966588E8
7.6001508E8
7.59067452E8
7.58122836E8
7.5718026E8
7.56238712E8
7.55297124E8
7.5435442E8
7.53409512E8
7.5246134E8
7.51508864E8
7.50551088E8
7.4958706E8
7.48615892E8
7.47636764E8
7.46648904E8
7.45651628E8
7.44644308E8
7.4362638E8
7.42597348E8
7.41556776E8
7.40504284E8
7.39439544E8
7.38362272E8
7.37272236E8
7.36169236E8
7.35053096E8
7.33923684E8
7.32780888E8
7.31624604E8
7.30454764E8
7.29271304E8
7.28074188E8
7.26863388E8
7.25638896E8
7.24400744E8
7.23148976E8
7.2188368E8
7.20604996E8
7.19313104E8
7.18008256E8
7.16690776E8
7.1536106E8
7.14019584E8
7.12666932E8
7.1130378E8
7.09930884E8
7.0854912E8
7.07159444E8
7.05762912E8
7.04360664E8
7.02953904E8
7.01543904E8
7.00131984E8
6.98719508E8
6.97307852E8
6.95898404E8
6.94492552E8
6.9309166E8
6.91697048E8
6.90310024E8
6.88931824E8
6.87563632E8
6.86206576E8
6.8486172E8
6.83530056E8
6.82212516E8
6.80909972E8
6.79623236E8
6.78353056E8
6.77100124E8
6.75865096E8
6.74648576E8
6.7345112E8
6.72273248E8
6.71115444E8
6.6997816E8
6.688618E8
6.67766744E8
6.66693336E8
6.6564188E8
6.6461264E8
6.63605832E8
6.62621628E8
6.6166014E8
6.60721408E8
6.59805412E8
6.58912036E8
6.58041076E8
6.57192224E8
6.5636506E8
6.55559032E8
6.54773468E8
6.54007552E8
6.53260332E8
6.52530716E8
6.51817476E8
6.51119256E8
6.50434568E8
6.49761832E8
6.49099376E8
6.48445464E8
6.47798304E8
6.471561E8
6.46517064E8
6.45879432E8
6.45241524E8
6.44601752E8
6.43958632E8
6.43310856E8
6.42657252E8
6.41996872E8
6.4132894E8
6.40652924E8
6.39968512E8
6.39275624E8
6.38574408E8
6.3786526E8
6.37148792E8
6.36425828E8
6.35697408E8
6.3496474E8
6.34229212E8
6.33492352E8
6.32755808E8
6.32021328E8
6.31290724E8
6.30565864E8
6.29848624E8
6.2914088E8
6.2844448E8
6.27761216E8
6.27092816E8
6.264409E8
6.25806984E8
6.25192468E8
6.24598592E8
6.24026468E8
6.2347704E8
6.22951088E8
6.22449232E8
6.21971912E8
6.21519392E8
6.21091788E8
6.20689028E8
6.20310884E8
6.19956968E8
6.1962674E8
6.19319504E8
6.19034444E8
6.18770596E8
6.18526876E8
6.18302096E8
6.18094956E8
6.17904072E8
6.1772798E8
6.17565144E8
6.1741398E8
6.17272864E8
6.1714014E8
6.17014144E8
6.168932E8
6.16775656E8
6.16659892E8
6.1654432E8
6.16427392E8
6.16307652E8
6.16183696E8
6.16054216E8
6.15918004E8
6.15773956E8
6.15621068E8
6.1545848E8
6.15285444E8
6.15101352E8
6.14905728E8
6.14698232E8
6.14478668E8
6.14246972E8
6.14003208E8
6.1374758E8
6.134804E8
6.13202108E8
6.12913236E8
6.12614412E8
6.1230634E8
6.11989796E8
6.116656E8
6.11334608E8
6.10997696E8
6.10655744E8
6.1030962E8
6.09960168E8
6.09608188E8
6.09254436E8
6.08899608E8
6.08544336E8
6.0818918E8
6.0783462E8
6.0748108E8
6.07128892E8
6.06778328E8
6.06429584E8
6.060828E8
6.05738044E8
6.05395324E8
6.05054604E8
6.0471578E8
6.04378692E8
6.04043132E8
6.0370884E8
6.0337548E8
6.03042676E8
6.0270998E8
6.02376892E8
6.02042848E8
6.01707224E8
6.01369344E8
6.01028488E8
6.00683884E8
6.00334724E8
5.99980172E8
5.99619384E8
5.99251508E8
5.98875688E8
5.98491096E8
5.98096944E8
5.9769248E8
5.9727702E8
5.9684994E8
5.96410716E8
5.95958904E8
5.95494184E8
5.9501632E8
5.94525224E8
5.94020904E8
5.93503492E8
5.92973244E8
5.92430516E8
5.9187576E8
5.9130952E8
5.90732416E8
5.90145108E8
5.89548308E8
5.88942732E8
5.88329096E8
5.87708096E8
5.87080388E8
5.86446568E8
5.85807164E8
5.85162616E8
5.8451328E8
5.83859412E8
5.8320116E8
5.82538572E8
5.818716E8
5.8120008E8
5.80523768E8
5.79842308E8
5.7915528E8
5.78462184E8
5.77762436E8
5.77055404E8
5.76340408E8
5.75616716E8
5.74883584E8
5.74140236E8
5.73385904E8
5.72619808E8
5.71841216E8
5.710494E8
5.70243688E8
5.69423464E8
5.68588168E8
5.67737316E8
5.66870504E8
5.65987412E8
5.65087808E8
5.64171548E8
5.6323858E8
5.62288944E8
5.61322756E8
5.60340216E8
5.59341596E8
5.5832724E8
5.57297536E8
5.5625292E8
5.55193884E8
5.54120916E8
5.5303454E8
5.5193528E8
5.50823664E8
5.497002E8
5.48565384E8
5.474197E8
5.46263596E8
5.45097524E8
5.43921896E8
5.42737132E8
5.4154364E8
5.40341836E8
5.39132184E8
5.37915156E8
5.36691288E8
5.35461196E8
5.3422556E8
5.32985176E8
5.31740932E8
5.30493856E8
5.29245068E8
5.27995836E8
5.26747552E8
5.25501704E8
5.242599E8
5.23023816E8
5.21795204E8
5.20575852E8
5.19367552E8
5.18172084E8
5.16991168E8
5.1582646E8
5.1467948E8
5.13551624E8
5.12444104E8
5.11357956E8
5.10293996E8
5.09252816E8
5.08234776E8
5.07240008E8
5.06268384E8
5.05319572E8
5.04393E8
5.03487904E8
5.0260332E8
5.01738132E8
5.00891068E8
5.00060756E8
4.99245704E8
4.98444372E8
4.97655168E8
4.9687648E8
4.96106704E8
4.95344244E8
4.94587532E8
4.93835064E8
4.93085384E8
4.923371E8
4.91588896E8
4.90839532E8
4.90087832E8
4.89332716E8
4.88573148E8
4.87808204E8
4.87036996E8
4.86258724E8
4.85472656E8
4.8467812E8
4.83874504E8
4.8306128E8
4.82237976E8
4.81404188E8
4.8055958E8
4.797039E8
4.78836964E8
4.7795866E8
4.77068968E8
4.76167948E8
4.7525574E8
4.74332576E8
4.73398772E8
4.72454732E8
4.71500944E8
4.70537988E8
4.69566516E8
4.68587268E8
4.67601068E8
4.66608788E8
4.65611384E8
4.64609872E8
4.63605296E8
4.6259876E8
4.61591376E8
4.60584288E8
4.59578624E8
4.58575492E8
4.5757598E8
4.5658112E8
4.5559186E8
4.54609088E8
4.53633576E8
4.52665984E8
4.51706844E8
4.50756552E8
4.49815368E8
4.48883396E8
4.479606E8
4.47046796E8
4.46141668E8
4.45244768E8
4.44355532E8
4.43473284E8
4.42597268E8
4.41726656E8
4.40860544E8
4.39998008E8
4.39138092E8
4.38279828E8
4.37422252E8
4.36564432E8
4.35705448E8
4.34844436E8
4.33980568E8
4.33113084E8
4.32241272E8
4.313645E8
4.30482204E8
4.29593888E8
4.28699128E8
4.27797584E8
4.26888984E8
4.25973128E8
4.25049896E8
4.2411924E8
4.23181172E8
4.2223578E8
4.21283216E8
4.20323696E8
4.19357484E8
4.18384912E8
4.17406356E8
4.16422248E8
4.1543306E8
4.14439316E8
4.13441564E8
4.12440408E8
4.11436476E8
4.1043044E8
4.0942298E8
4.0841482E8
4.07406684E8
4.06399332E8
4.05393508E8
4.04389968E8
4.03389456E8
4.02392704E8
4.014004E8
4.00413212E8
3.99431752E8
3.98456584E8
3.97488196E8
3.96527012E8
3.95573376E8
3.94627556E8
3.93689728E8
3.9275998E8
3.9183832E8
3.9092468E8
3.900189E8
3.89120764E8
3.88229996E8
3.87346256E8
3.86469176E8
3.85598344E8
3.84733344E8
3.83873736E8
3.83019084E8
3.8216898E8
3.81323008E8
3.804808E8
3.79642036E8
3.78806408E8
3.77973692E8
3.771437E8
3.7631632E8
3.75491492E8
3.7466924E8
3.73849656E8
3.73032908E8
3.72219244E8
3.71408984E8
3.70602536E8
3.69800372E8
3.69003036E8
3.68211148E8
3.6742538E8
3.66646448E8
3.65875132E8
3.6511222E8
3.6435854E8
3.63614904E8
3.62882128E8
3.62161008E8
3.6145228E8
3.60756632E8
3.60074676E8
3.59406944E8
3.5875384E8
3.58115664E8
3.57492588E8
3.56884628E8
3.56291668E8
3.55713428E8
3.55149488E8
3.54599272E8
3.5406206E8
3.53537016E8
3.53023172E8
3.52519456E8
3.52024744E8
3.51537828E8
3.5105748E8
3.50582468E8
3.50111568E8
3.4964362E8
3.4917752E8
3.48712252E8
3.48246928E8
3.47780768E8
3.4731314E8
3.46843568E8
3.46371704E8
3.45897368E8
3.45420524E8
3.44941264E8
3.4445982E8
3.43976516E8
3.43491772E8
3.43006084E8
3.42519996E8
3.4203408E8
3.41548908E8
3.41065052E8
3.4058302E8
3.401033E8
3.39626276E8
3.39152268E8
3.38681472E8
3.38213996E8
3.37749804E8
3.37288776E8
3.36830632E8
3.36375E8
3.3592138E8
3.35469172E8
3.35017688E8
3.34566144E8
3.34113712E8
3.33659504E8
3.33202608E8
3.327421E8
3.32277076E8
3.31806656E8
3.31330004E8
3.30846368E8
3.30355048E8
3.29855468E8
3.29347152E8
3.28829728E8
3.28302956E8
3.27766736E8
3.27221068E8
3.26666108E8
3.2610212E8
3.25529508E8
3.2494878E8
3.24360552E8
3.23765564E8
3.23164628E8
3.22558644E8
3.21948608E8
3.21335548E8
3.20720568E8
3.20104792E8
3.19489372E8
3.1887548E8
3.18264264E8
3.1765686E8
3.17054356E8
3.16457784E8
3.15868104E8
3.15286184E8
3.14712788E8
3.14148552E8
3.13593996E8
3.13049484E8
3.12515244E8
3.11991364E8
3.11477756E8
3.10974216E8
3.10480392E8
3.0999578E8
3.09519792E8
3.09051704E8
3.0859072E8
3.0813596E8
3.07686488E8
3.0724134E8
3.06799516E8
3.06360028E8
3.059219E8
3.05484188E8
3.05045996E8
3.04606492E8
3.04164912E8
3.03720588E8
3.0327294E8
3.02821488E8
3.02365844E8
3.01905728E8
3.01440948E8
3.00971412E8
3.00497104E8
3.0001808E8
2.99534456E8
2.990464E8
2.98554096E8
2.9805776E8
2.975576E8
2.97053812E8
2.9654658E8
2.96036048E8
2.95522328E8
2.9500548E8
2.94485524E8
2.93962436E8
2.9343616E8
2.92906592E8
2.92373604E8
2.91837072E8
2.9129684E8
2.90752776E8
2.90204748E8
2.89652676E8
2.89096492E8
2.8853618E8
2.87971768E8
2.87403344E8
2.86831032E8
2.86255016E8
2.85675528E8
2.8509282E8
2.84507196E8
2.83918948E8
2.83328392E8
2.82735832E8
2.82141552E8
2.8154578E8
2.80948712E8
2.80350476E8
2.79751108E8
2.79150592E8
2.78548792E8
2.779455E8
2.77340404E8
2.7673312E8
2.76123168E8
2.75510008E8
2.74893048E8
2.74271648E8
2.73645172E8
2.73012968E8
2.7237442E8
2.71728968E8
2.71076124E8
2.70415492E8
2.69746808E8
2.6906994E8
2.68384916E8
2.67691932E8
2.66991368E8
2.66283788E8
2.65569956E8
2.64850824E8
2.6412754E8
2.63401416E8
2.6267394E8
2.61946744E8
2.612216E8
2.60500376E8
2.59785024E8
2.5907756E8
2.58380016E8
2.57694424E8
2.57022784E8
2.56367044E8
2.5572906E8
2.55110576E8
2.54513216E8
2.53938456E8
2.53387592E8
2.5286178E8
2.5236198E8
2.51888972E8
2.51443368E8
2.510256E8
2.5063594E8
2.50274508E8
2.49941272E8
2.49636084E8
2.49358664E8
2.4910864E8
2.48885552E8
2.48688856E8
2.48517952E8
2.48372188E8
2.4825086E8
2.48153236E8
2.48078552E8
2.48026036E8
2.47994872E8
2.47984244E8
2.47993304E8
2.480212E8
2.48067048E8
2.48129948E8
2.4820896E8
2.4830312E8
2.48411412E8
2.48532768E8
2.48666076E8
2.48810144E8
2.48963716E8
2.49125448E8
2.49293912E8
2.4946758E8
2.4964484E8
2.49823976E8
2.50003172E8
2.50180524E8
2.5035404E8
2.5052166E8
2.50681244E8
2.5083062E8
2.50967576E8
2.51089896E8
2.51195376E8
2.51281824E8
2.51347124E8
2.51389216E8
2.51406132E8
2.51396012E8
2.51357128E8
2.51287864E8
2.51186772E8
2.51052536E8
2.50884008E8
2.50680192E8
2.50440244E8
2.501635E8
2.49849428E8
2.49497672E8
2.49108008E8
2.48680396E8
2.48214924E8
2.4771184E8
2.47171544E8
2.46594592E8
2.45981692E8
2.45333716E8
2.44651688E8
2.43936804E8
2.431904E8
2.42413992E8
2.41609236E8
2.40777928E8
2.39922024E8
2.3904358E8
2.38144788E8
2.372279E8
2.36295268E8
2.3534928E8
2.3439234E8
2.33426868E8
2.32455248E8
2.31479824E8
2.30502852E8
2.29526528E8
2.2855292E8
2.27583984E8
2.26621556E8
2.2566734E8
2.24722912E8
2.23789716E8
2.22869092E8
2.21962256E8
2.21070316E8
2.20194304E8
2.1933516E8
2.18493744E8
2.17670864E8
2.16867248E8
2.16083568E8
2.15320424E8
2.14578364E8
2.13857836E8
2.13159216E8
2.1248278E8
2.11828696E8
2.11197012E8
2.10587644E8
2.10000372E8
2.09434824E8
2.0889048E8
2.08366656E8
2.0786254E8
2.07377156E8
2.06909416E8
2.06458096E8
2.0602188E8
2.05599392E8
2.05189192E8
2.04789816E8
2.043998E8
2.04017728E8
2.03642236E8
2.03272036E8
2.0290596E8
2.02542968E8
2.02182172E8
2.0182284E8
2.01464412E8
2.01106504E8
2.00748916E8
2.00391608E8
2.00034716E8
1.99678528E8
1.99323468E8
1.98970092E8
1.98619064E8
1.9827112E8
1.9792708E8
1.97587792E8
1.97254148E8
1.96927012E8
1.96607256E8
1.96295692E8
1.95993088E8
1.9570012E8
1.95417372E8
1.9514532E8
1.94884296E8
1.94634512E8
1.94396008E8
1.94168676E8
1.93952228E8
1.93746208E8
1.93549992E8
1.9336278E8
1.93183608E8
1.93011364E8
1.92844772E8
1.92682448E8
1.92522888E8
1.92364504E8
1.92205644E8
1.92044604E8
1.9187968E8
1.91709172E8
1.91531424E8
1.9134486E8
1.9114798E8
1.90939428E8
1.90717992E8
1.90482616E8
1.90232452E8
1.89966844E8
1.8968536E8
1.89387796E8
1.89074164E8
1.88744724E8
1.8839996E8
1.88040556E8
1.8766742E8
1.87281644E8
1.86884484E8
1.86477344E8
1.8606176E8
1.8563936E8
1.8521184E8
1.84780948E8
1.84348448E8
1.83916092E8
1.83485604E8
1.83058648E8
1.82636816E8
1.82221592E8
1.8181436E8
1.81416352E8
1.8102868E8
1.80652292E8
1.80287968E8
1.79936336E8
1.79597852E8
1.79272792E8
1.7896128E8
1.78663264E8
1.78378552E8
1.78106788E8
1.77847488E8
1.77600044E8
1.77363744E8
1.77137764E8
1.7692122E8
1.76713156E8
1.76512568E8
1.76318436E8
1.76129712E8
1.7594538E8
1.7576442E8
1.75585864E8
1.75408788E8
1.75232344E8
1.75055736E8
1.74878276E8
1.7469936E8
1.7451848E8
1.74335248E8
1.74149376E8
1.7396068E8
1.73769104E8
1.73574708E8
1.73377636E8
1.73178172E8
1.72976688E8
1.72773648E8
1.72569616E8
1.72365224E8
1.7216118E8
1.7195824E8
1.717572E8
1.7155888E8
1.71364104E8
1.71173672E8
1.70988348E8
1.70808848E8
1.70635792E8
1.70469704E8
1.70310988E8
1.70159904E8
1.7001656E8
1.69880888E8
1.69752656E8
1.69631436E8
1.69516628E8
1.69407452E8
1.6930296E8
1.6920206E8
1.69103512E8
1.6900598E8
1.6890804E8
1.6880822E8
1.68705004E8
1.68596904E8
1.68482456E8
1.68360268E8
1.68229028E8
1.68087556E8
1.67934784E8
1.67769804E8
1.67591848E8
1.67400332E8
1.67194812E8
1.66975008E8
1.6674078E8
1.66492144E8
1.66229224E8
1.65952272E8
1.65661628E8
1.6535772E8
1.65041048E8
1.6471218E8
1.64371724E8
1.64020336E8
1.63658716E8
1.63287592E8
1.62907724E8
1.62519904E8
1.62124964E8
1.61723744E8
1.61317136E8
1.60906052E8
1.6049142E8
1.60074216E8
1.59655412E8
1.59236E8
1.5881698E8
1.58399336E8
1.57984056E8
1.57572072E8
1.57164316E8
1.56761644E8
1.5636486E8
1.55974708E8
1.5559184E8
1.55216824E8
1.54850132E8
1.54492132E8
1.54143088E8
1.53803136E8
1.53472312E8
1.53150516E8
1.52837536E8
1.52533036E8
1.52236568E8
1.51947556E8
1.51665332E8
1.51389104E8
1.51118E8
1.50851072E8
1.505873E8
1.50325596E8
1.50064856E8
1.49803952E8
1.49541748E8
1.4927714E8
1.49009068E8
1.48736512E8
1.48458548E8
1.4817434E8
1.47883148E8
1.47584372E8
1.47277532E8
1.4696228E8
1.46638424E8
1.463059E8
1.45964784E8
1.45615284E8
1.45257744E8
1.44892608E8
1.44520432E8
1.44141852E8
1.43757584E8
1.43368392E8
1.42975092E8
1.4257852E8
1.42179536E8
1.4177898E8
1.41377704E8
1.40976536E8
1.4057628E8
1.40177724E8
1.39781604E8
1.39388652E8
1.38999568E8
1.38615008E8
1.38235632E8
1.37862048E8
1.37494876E8
1.37134684E8
1.36782044E8
1.36437492E8
1.36101532E8
1.35774648E8
1.35457272E8
1.35149784E8
1.3485252E8
1.34565736E8
1.34289612E8
1.3402424E8
1.33769612E8
1.3352562E8
1.33292048E8
1.33068552E8
1.32854692E8
1.32649892E8
1.3245348E8
1.32264676E8
1.32082588E8
1.31906264E8
1.31734648E8
1.31566644E8
1.31401116E8
1.31236908E8
1.3107284E8
1.3090778E8
1.30740612E8
1.30570288E8
1.3039584E8
1.30216396E8
1.30031196E8
1.29839608E8
1.2964114E8
1.29435444E8
1.2922232E8
1.2900172E8
1.28773724E8
1.28538564E8
1.28296576E8
1.28048208E8
1.2779398E8
1.27534472E8
1.27270296E8
1.27002084E8
1.26730444E8
1.26455944E8
1.26179104E8
1.2590036E8
1.25620068E8
1.25338476E8
1.25055748E8
1.24771928E8
1.24486972E8
1.24200752E8
1.23913056E8
1.23623624E8
1.23332152E8
1.23038308E8
1.22741772E8
1.22442228E8
1.2213942E8
1.21833128E8
1.2152322E8
1.2120964E8
1.2089242E8
1.20571704E8
1.20247732E8
1.19920844E8
1.19591472E8
1.19260148E8
1.18927484E8
1.18594156E8
1.18260908E8
1.17928524E8
1.17597836E8
1.1726968E8
1.16944924E8
1.1662442E8
1.16309028E8
1.15999568E8
1.15696852E8
1.15401652E8
1.15114716E8
1.14836728E8
1.1456834E8
1.14310148E8
1.14062688E8
1.1382644E8
1.13601828E8
1.13389188E8
1.13188804E8
1.1300088E8
1.12825528E8
1.12662796E8
1.12512632E8
1.12374912E8
1.12249404E8
1.121358E8
1.12033704E8
1.11942628E8
1.11862016E8
1.11791224E8
1.11729552E8
1.11676232E8
1.11630464E8
1.11591396E8
1.11558168E8
1.11529912E8
1.11505764E8
1.11484884E8
1.1146646E8
1.11449736E8
1.1143402E8
1.1141868E8
1.11403156E8
1.11386976E8
1.11369756E8
1.11351168E8
1.11330992E8
1.11309056E8
1.11285276E8
1.11259608E8
1.11232064E8
1.112027E8
1.111716E8
1.11138876E8
1.11104644E8
1.11069052E8
1.11032244E8
1.10994368E8
1.1095558E8
1.10916028E8
1.10875868E8
1.1083526E8
1.10794356E8
1.10753316E8
1.10712296E8
1.10671452E8
1.10630932E8
1.1059088E8
1.10551432E8
1.10512712E8
1.10474832E8
1.10437884E8
1.10401936E8
1.10367044E8
1.10333244E8
1.10300536E8
1.10268932E8
1.102384E8
1.10208924E8
1.10180476E8
1.10153036E8
1.101266E8
1.10101188E8
1.10076852E8
1.10053676E8
1.10031812E8
1.10011444E8
1.09992828E8
1.09976272E8
1.09962152E8
1.09950896E8
1.09942992E8
1.09938968E8
1.09939388E8
1.0994484E8
1.0995592E8
1.09973224E8
1.09997312E8
1.10028716E8
1.100679E8
1.10115248E8
1.10171072E8
1.10235564E8
1.10308792E8
1.10390712E8
1.10481132E8
1.10579724E8
1.10686012E8
1.10799388E8
1.10919088E8
1.11044228E8
1.11173784E8
1.1130662E8
1.114415E8
1.11577088E8
1.1171196E8
1.1184464E8
1.11973596E8
1.1209726E8
1.12214044E8
1.12322376E8
1.12420684E8
1.12507436E8
1.12581144E8
1.12640396E8
1.12683856E8
1.12710284E8
1.12718544E8
1.12707636E8
1.12676652E8
1.12624856E8
1.12551624E8
1.12456492E8
1.12339128E8
1.1219934E8
1.12037084E8
1.11852448E8
1.11645632E8
1.1141698E8
1.11166936E8
1.10896056E8
1.1060498E8
1.10294452E8
1.09965264E8
1.09618296E8
1.09254472E8
1.08874768E8
1.08480176E8
1.08071744E8
1.07650508E8
1.07217528E8
1.06773856E8
1.06320536E8
1.05858596E8
1.0538904E8
1.0491284E8
1.0443092E8
1.03944176E8
1.03453432E8
1.02959476E8
1.02463012E8
1.019647E8
1.01465128E8
1.009648E8
1.0046418E8
9.996366E7
9.9463568E7
9.8964184E7
9.8465752E7
9.796846E7
9.7472484E7
9.6977968E7
9.6485052E7
9.5993864E7
9.5504552E7
9.5017264E7
9.4532176E7
9.4049484E7
9.3569428E7
9.3092276E7
9.2618324E7
9.2147928E7
9.1681464E7
9.121936E7
9.0762064E7
9.0310068E7
8.9863872E7
8.9424008E7
8.8990996E7
8.8565376E7
8.8147652E7
8.7738324E7
8.7337852E7
8.694666E7
8.656512E7
8.6193548E7
8.5832204E7
8.5481292E7
8.5140952E7
8.4811272E7
8.4492288E7
8.4184004E7
8.3886384E7
8.3599384E7
8.3322948E7
8.3057036E7
8.280162E7
8.2556712E7
8.2322372E7
8.20987E7
8.188586E7
8.1684064E7
8.1493596E7
8.1314776E7
8.1147984E7
8.0993628E7
8.0852124E7
8.0723912E7
8.0609416E7
8.0509032E7
8.0423116E7
8.035196E7
8.0295804E7
8.0254788E7
8.0228988E7
8.021836E7
8.0222788E7
8.024206E7
8.0275884E7
8.032388E7
8.0385628E7
8.0460632E7
8.0548376E7
8.0648312E7
8.07599E7
8.0882584E7
8.1015836E7
8.1159172E7
8.1312116E7
8.1474248E7
8.16452E7
8.1824624E7
8.2012232E7
8.220776E7
8.2410972E7
8.2621656E7
8.2839604E7
8.30646E7
8.3296412E7
8.3534776E7
8.3779388E7
8.4029884E7
8.4285824E7
8.45467E7
8.4811916E7
8.5080772E7
8.5352476E7
8.5626144E7
8.5900792E7
8.6175348E7
8.6448668E7
8.671952E7
8.6986636E7
8.72487E7
8.750438E7
8.7752332E7
8.7991244E7
8.821982E7
8.843682E7
8.864108E7
8.8831504E7
8.9007096E7
8.9166948E7
8.9310276E7
8.9436396E7
8.9544752E7
8.9634888E7
8.9706468E7
8.9759272E7
8.9793176E7
8.9808164E7
8.9804312E7
8.9781784E7
8.9740808E7
8.9681688E7
8.9604792E7
8.9510528E7
8.9399328E7
8.9271668E7
8.9128024E7
8.8968868E7
8.8794668E7
8.8605884E7
8.840292E7
8.8186168E7
8.7955952E7
8.7712576E7
8.7456268E7
8.7187212E7
8.6905552E7
8.6611376E7
8.6304732E7
8.5985628E7
8.5654068E7
8.531002E7
8.495346E7
8.4584376E7
8.420278E7
8.380872E7
8.34023E7
8.2983696E7
8.2553152E7
8.2111016E7
8.1657732E7
8.119386E7
8.0720064E7
8.0237152E7
7.974604E7
7.9247772E7
7.8743512E7
7.8234536E7
7.7722224E7
7.7208048E7
7.6693564E7
7.618038E7
7.5670172E7
7.516462E7
7.4665436E7
7.4174316E7
7.3692924E7
7.3222896E7
7.2765796E7
7.2323112E7
7.1896236E7
7.1486476E7
7.1095004E7
7.0722872E7
7.0371E7
7.0040172E7
6.9731024E7
6.9444036E7
6.9179552E7
6.8937748E7
6.8718664E7
6.8522168E7
6.8347996E7
6.8195708E7
6.8064736E7
6.7954348E7
6.7863676E7
6.7791692E7
6.7737232E7
6.7699E7
6.7675544E7
6.7665312E7
6.7666604E7
6.7677636E7
6.7696508E7
6.7721256E7
6.7749844E7
6.7780196E7
6.781024E7
6.7837888E7
6.7861112E7
6.7877928E7
6.788648E7
6.7885004E7
6.7871904E7
6.7845748E7
6.7805308E7
6.7749564E7
6.7677728E7
6.7589252E7
6.7483832E7
6.7361404E7
6.7222152E7
6.70665E7
6.6895076E7
6.670874E7
6.6508528E7
6.629566E7
6.6071484E7
6.5837488E7
6.5595248E7
6.5346412E7
6.5092688E7
6.4835776E7
6.4577384E7
6.4319184E7
6.406278E7
6.3809712E7
6.3561408E7
6.3319168E7
6.3084176E7
6.2857452E7
6.2639864E7
6.2432104E7
6.22347E7
6.2047996E7
6.1872176E7
6.1707236E7
6.155302E7
6.1409208E7
6.127534E7
6.1150816E7
6.1034904E7
6.092678E7
6.0825504E7
6.0730064E7
6.063938E7
6.0552316E7
6.0467688E7
6.03843E7
6.0300936E7
6.0216376E7
6.0129436E7
6.0038932E7
5.9943756E7
5.9842824E7
5.9735156E7
5.9619832E7
5.949604E7
5.936308E7
5.922036E7
5.9067424E7
5.8903956E7
5.8729768E7
5.854482E7
5.83492E7
5.8143136E7
5.7926976E7
5.7701188E7
5.746634E7
5.7223084E7
5.6972128E7
5.6714248E7
5.6450244E7
5.6180932E7
5.5907132E7
5.5629648E7
5.5349256E7
5.5066692E7
5.478266E7
5.449782E7
5.4212764E7
5.3928076E7
5.3644276E7
5.3361876E7
5.3081348E7
5.2803176E7
5.2527828E7
5.2255804E7
5.1987596E7
5.1723764E7
5.146488E7
5.121156E7
5.0964472E7
5.0724336E7
5.0491908E7
5.0267984E7
5.00534E7
4.984902E7
4.9655728E7
4.947442E7
4.9305992E7
4.9151332E7
4.90113E7
4.8886732E7
4.8778412E7
4.8687072E7
4.8613368E7
4.8557884E7
4.8521124E7
4.8503488E7
4.8505272E7
4.8526668E7
4.8567752E7
4.862848E7
4.8708712E7
4.8808168E7
4.8926468E7
4.9063124E7
4.9217536E7
4.9389028E7
4.9576816E7
4.9780052E7
4.9997832E7
5.0229188E7
5.0473112E7
5.0728584E7
5.0994548E7
5.126998E7
5.1553848E7
5.1845152E7
5.2142936E7
5.2446284E7
5.2754344E7
5.3066344E7
5.3381564E7
5.3699384E7
5.4019268E7
5.434076E7
5.4663516E7
5.4987264E7
5.5311832E7
5.5637144E7
5.5963196E7
5.6290068E7
5.661792E7
5.6946956E7
5.7277444E7
5.760968E7
5.7943988E7
5.8280696E7
5.8620124E7
5.8962576E7
5.9308316E7
5.9657548E7
6.0010416E7
6.0367E7
6.0727276E7
6.1091144E7
6.14584E7
6.1828748E7
6.22018E7
6.2577072E7
6.2954E7
6.3331928E7
6.3710148E7
6.4087876E7
6.4464284E7
6.4838492E7
6.5209596E7
6.5576656E7
6.5938712E7
6.62948E7
6.664394E7
6.698516E7
6.7317484E7
6.7639944E7
6.7951596E7
6.8251496E7
6.8538748E7
6.881246E7
6.9071804E7
6.9315976E7
6.9544232E7
6.9755892E7
6.9950328E7
7.0126996E7
7.028542E7
7.0425212E7
7.0546072E7
7.0647776E7
7.073018E7
7.0793232E7
7.0836952E7
7.086142E7
7.0866792E7
7.0853264E7
7.082108E7
7.0770504E7
7.0701844E7
7.0615404E7
7.0511496E7
7.0390448E7
7.025256E7
7.0098144E7
6.9927516E7
6.9740976E7
6.9538848E7
6.9321456E7
6.9089164E7
6.8842364E7
6.8581496E7
6.8307056E7
6.8019612E7
6.77198E7
6.7408344E7
6.7086052E7
6.6753836E7
6.6412688E7
6.60637E7
6.570806E7
6.534704E7
6.4981996E7
6.4614356E7
6.4245632E7
6.3877388E7
6.351122E7
6.3148784E7
6.2791732E7
6.244174E7
6.2100452E7
6.1769476E7
6.1450372E7
6.1144596E7
6.0853512E7
6.0578352E7
6.0320168E7
6.0079864E7
5.9858108E7
5.9655384E7
5.9471924E7
5.9307728E7
5.9162552E7
5.9035916E7
5.8927108E7
5.8835196E7
5.8759052E7
5.8697376E7
5.8648704E7
5.8611484E7
5.858406E7
5.8564728E7
5.8551784E7
5.8543532E7
5.8538324E7
5.8534604E7
5.8530912E7
5.8525916E7
5.8518428E7
5.8507412E7
5.8491984E7
5.8471436E7
5.84452E7
5.8412872E7
5.8374176E7
5.8328984E7
5.8277252E7
5.821906E7
5.8154556E7
5.8083948E7
5.8007512E7
5.7925532E7
5.783834E7
5.7746248E7
5.7649596E7
5.7548684E7
5.7443804E7
5.7335236E7
5.7223212E7
5.710794E7
5.6989588E7
5.6868304E7
5.6744196E7
5.661734E7
5.6487792E7
5.6355584E7
5.6220732E7
5.6083248E7
5.5943128E7
5.580038E7
5.5655016E7
5.5507056E7
5.535654E7
5.5203516E7
5.504806E7
5.4890272E7
5.4730268E7
5.456818E7
5.4404164E7
5.4238404E7
5.4071084E7
5.3902416E7
5.373262E7
5.3561944E7
5.3390632E7
5.3218968E7
5.3047236E7
5.2875748E7
5.2704848E7
5.2534892E7
5.2366264E7
5.219938E7
5.2034684E7
5.1872644E7
5.1713744E7
5.1558492E7
5.1407404E7
5.1261008E7
5.1119824E7
5.0984372E7
5.085514E7
5.0732612E7
5.0617232E7
5.0509416E7
5.0409536E7
5.0317936E7
5.023492E7
5.0160756E7
5.0095676E7
5.0039896E7
4.9993596E7
4.9956952E7
4.993012E7
4.9913252E7
4.9906504E7
4.9910028E7
4.9923976E7
4.9948516E7
4.9983792E7
5.002998E7
5.0087216E7
5.0155648E7
5.0235388E7
5.0326536E7
5.0429156E7
5.0543264E7
5.0668836E7
5.0805808E7
5.0954052E7
5.1113388E7
5.1283592E7
5.1464372E7
5.1655392E7
5.1856264E7
5.2066552E7
5.2285776E7
5.2513412E7
5.2748888E7
5.2991604E7
5.3240912E7
5.3496116E7
5.3756488E7
5.4021244E7
5.4289576E7
5.4560604E7
5.4833432E7
5.5107104E7
5.5380644E7
5.5653024E7
5.5923212E7
5.6190156E7
5.6452788E7
5.6710064E7
5.696094E7
5.7204404E7
5.7439484E7
5.7665248E7
5.788082E7
5.8085388E7
5.8278196E7
5.8458556E7
5.8625856E7
5.8779544E7
5.8919132E7
5.9044196E7
5.9154384E7
5.9249392E7
5.9328992E7
5.9392992E7
5.9441272E7
5.9473768E7
5.9490476E7
5.9491444E7
5.9476812E7
5.9446756E7
5.940156E7
5.9341548E7
5.9267148E7
5.9178844E7
5.9077208E7
5.8962856E7
5.8836488E7
5.8698844E7
5.8550692E7
5.8392832E7
5.8226064E7
5.8051172E7
5.7868912E7
5.7679976E7
5.7484996E7
5.7284508E7
5.7078936E7
5.68686E7
5.6653676E7
5.643422E7
5.6210144E7
5.598122E7
5.5747116E7
5.5507356E7
5.5261384E7
5.5008548E7
5.4748152E7
5.447944E7
5.4201652E7
5.3914032E7
5.3615856E7
5.3306452E7
5.2985208E7
5.2651624E7
5.2305268E7
5.1945844E7
5.1573156E7
5.1187116E7
5.0787768E7
5.0375252E7
4.9949812E7
4.9511772E7
4.9061556E7
4.859962E7
4.8126492E7
4.764272E7
4.7148876E7
4.6645544E7
4.61333E7
4.5612704E7
4.5084312E7
4.4548648E7
4.4006216E7
4.3457516E7
4.2903012E7
4.2343184E7
4.1778504E7
4.1209476E7
4.0636604E7
4.0060452E7
3.9481628E7
3.8900784E7
3.8318652E7
3.7736032E7
3.7153804E7
3.6572924E7
3.5994448E7
3.5419488E7
3.484926E7
3.4285056E7
3.3728236E7
3.3180224E7
3.264252E7
3.2116672E7
3.1604256E7
3.1106892E7
3.0626204E7
3.0163828E7
2.9721368E7
2.93004E7
2.8902436E7
2.8528908E7
2.8181148E7
2.786036E7
2.7567608E7
2.7303784E7
2.7069596E7
2.6865548E7
2.6691944E7
2.654886E7
2.6436136E7
2.63534E7
2.6300064E7
2.6275308E7
2.6278136E7
2.6307348E7
2.6361608E7
2.643942E7
2.6539196E7
2.6659252E7
2.6797836E7
2.6953184E7
2.712352E7
2.7307076E7
2.7502136E7
2.7707032E7
2.7920184E7
2.814008E7
2.8365324E7
2.85946E7
2.8826708E7
2.9060556E7
2.9295148E7
2.9529596E7
2.9763092E7
2.9994932E7
3.0224488E7
3.0451204E7
3.0674604E7
3.0894268E7
3.1109832E7
3.1320984E7
3.1527472E7
3.1729072E7
3.192562E7
3.211698E7
3.2303064E7
3.248382E7
3.2659252E7
3.282938E7
3.2994296E7
3.3154116E7
3.3309004E7
3.3459176E7
3.3604884E7
3.3746416E7
3.3884104E7
3.4018316E7
3.414944E7
3.4277892E7
3.4404092E7
3.4528484E7
3.4651504E7
3.4773584E7
3.4895144E7
3.5016584E7
3.5138288E7
3.52606E7
3.538384E7
3.5508292E7
3.5634212E7
3.5761796E7
3.5891216E7
3.6022612E7
3.615606E7
3.6291616E7
3.642928E7
3.6569012E7
3.6710728E7
3.6854288E7
3.6999512E7
3.7146164E7
3.729394E7
3.7442488E7
3.7591388E7
3.7740148E7
3.7888204E7
3.8034936E7
3.8179636E7
3.8321528E7
3.8459776E7
3.8593476E7
3.8721664E7
3.884334E7
3.8957464E7
3.9062984E7
3.9158836E7
3.9243972E7
3.9317376E7
3.937808E7
3.9425192E7
3.9457884E7
3.947544E7
3.9477252E7
3.9462828E7
3.9431804E7
3.9383948E7
3.931914E7
3.92374E7
3.9138852E7
3.902374E7
3.8892396E7
3.8745236E7
3.8582744E7
3.8405456E7
3.8213968E7
3.8008884E7
3.7790832E7
3.7560448E7
3.731838E7
3.7065244E7
3.6801668E7
3.6528252E7
3.6245588E7
3.5954244E7
3.5654784E7
3.5347748E7
3.5033676E7
3.4713088E7
3.4386512E7
3.405446E7
3.3717448E7
3.3375996E7
3.303062E7
3.2681852E7
3.2330212E7
3.1976244E7
3.16205E7
3.1263528E7
3.09059E7
3.0548184E7
3.0190964E7
2.9834832E7
2.9480384E7
2.9128224E7
2.8778956E7
2.8433192E7
2.8091536E7
2.7754584E7
2.742294E7
2.7097196E7
2.677792E7
2.6465692E7
2.616106E7
2.5864568E7
2.5576736E7
2.5298092E7
2.5029132E7
2.4770324E7
2.4522144E7
2.4285036E7
2.4059432E7
2.384574E7
2.364434E7
2.34556E7
2.327984E7
2.3117352E7
2.2968408E7
2.2833208E7
2.2711932E7
2.2604696E7
2.2511564E7
2.2432556E7
2.2367612E7
2.231662E7
2.2279412E7
2.225574E7
2.2245308E7
2.2247744E7
2.226262E7
2.228944E7
2.2327652E7
2.237664E7
2.2435724E7
2.2504176E7
2.2581188E7
2.2665908E7
2.2757404E7
2.2854692E7
2.2956704E7
2.3062316E7
2.3170316E7
2.327942E7
2.3388276E7
2.3495444E7
2.3599428E7
2.369864E7
2.379146E7
2.3876208E7
2.3951152E7
2.4014556E7
2.406468E7
2.4099784E7
2.4118188E7
2.4118252E7
2.4098436E7
2.40573E7
2.3993556E7
2.390606E7
2.3793856E7
2.36562E7
2.3492564E7
2.3302664E7
2.3086456E7
2.2844164E7
2.2576272E7
2.228352E7
2.1966896E7
2.1627628E7
2.1267172E7
2.0887184E7
2.0489488E7
2.0076068E7
1.9649028E7
1.9210552E7
1.8762876E7
1.8308284E7
1.7849044E7
1.7387396E7
1.6925532E7
1.6465576E7
1.6009564E7
1.555944E7
1.511704E7
1.4684084E7
1.4262196E7
1.3852876E7
1.345752E7
1.3077404E7
1.2713712E7
1.2367524E7
1.20398E7
1.173142E7
1.1443148E7
1.1175648E7
1.0929476E7
1.0705096E7
1.0502844E7
1.0322948E7
1.016552E7
1.0030556E7
9917924.0
9827368.0
9758512.0
9710840.0
9683720.0
9676380.0
9687920.0
9717312.0
9763412.0
9824944.0
9900516.0
9988624.0
1.008768E7
1.0195976E7
1.0311744E7
1.043314E7
1.0558276E7
1.0685224E7
1.0812052E7
1.0936824E7
1.1057656E7
1.1172692E7
1.1280176E7
1.1378452E7
1.1465996E7
1.1541428E7
1.1603556E7
1.1651376E7
1.1684104E7
1.1701176E7
1.1702276E7
1.1687316E7
1.1656464E7
1.1610132E7
1.1548964E7
1.1473832E7
1.13858E7
1.1286152E7
1.117632E7
1.1057896E7
1.0932588E7
1.0802204E7
1.066862E7
1.0533772E7
1.0399588E7
1.0268024E7
1.0140988E7
1.0020336E7
9907872.0
9805284.0
9714164.0
9635988.0
9572064.0
9523584.0
9491548.0
9476800.0
9480000.0
9501648.0
9542048.0
9601344.0
9679496.0
9776320.0
9891472.0
1.002448E7
1.017474E7
1.0341544E7
1.0524088E7
1.0721484E7
1.093278E7
1.1156964E7
1.1392992E7
1.163976E7
1.189616E7
1.2161052E7
1.2433276E7
1.2711664E7
1.2995052E7
1.3282244E7
1.3572072E7
1.3863352E7
1.4154924E7
1.4445624E7
1.4734336E7
1.5019944E7
1.5301396E7
1.5577668E7
1.5847796E7
1.6110872E7
1.6366068E7
1.6612632E7
1.6849884E7
1.707724E7
1.7294204E7
1.7500368E7
1.7695416E7
1.787912E7
1.8051336E7
1.8212004E7
1.8361132E7
1.8498796E7
1.8625132E7
1.874032E7
1.884458E7
1.8938168E7
1.9021336E7
1.909436E7
1.9157508E7
1.9211024E7
1.9255136E7
1.9290024E7
1.931584E7
1.9332696E7
1.9340632E7
1.9339644E7
1.9329692E7
1.9310676E7
1.9282468E7
1.9244904E7
1.9197804E7
1.9140988E7
1.9074284E7
1.8997552E7
1.8910688E7
1.8813648E7
1.8706468E7
1.8589268E7
1.846226E7
1.8325772E7
1.818024E7
1.8026216E7
1.7864376E7
1.7695504E7
1.7520484E7
1.7340316E7
1.715608E7
1.6968912E7
1.6780024E7
1.6590656E7
1.6402072E7
1.6215516E7
1.6032212E7
1.5853332E7
1.5679976E7
1.5513136E7
1.5353692E7
1.5202384E7
1.5059792E7
1.4926328E7
1.480222E7
1.4687496E7
1.4581992E7
1.4485348E7
1.4397008E7
1.4316236E7
1.4242108E7
1.4173552E7
1.4109352E7
1.4048176E7
1.3988584E7
1.3929076E7
1.38681E7
1.3804088E7
1.373548E7
1.3660744E7
1.3578416E7
1.3487104E7
1.338552E7
1.3272508E7
1.3147044E7
1.3008268E7
1.2855468E7
1.2688124E7
1.2505892E7
1.23086E7
1.2096272E7
1.1869096E7
1.1627436E7
1.1371816E7
1.1102916E7
1.0821544E7
1.0528632E7
1.0225232E7
9912476.0
9591568.0
9263776.0
8930404.0
8592784.0
8252248.0
7910116.0
7567684.0
7226212.0
6886896.0
6550868.0
6219176.0
5892768.0
5572496.0
5259108.0
4953208.0
4655308.0
4365772.0
4084860.0
3812684.0
3549256.0
3294476.0
3048128.0
2809920.0
2579452.0
2356288.0
2139908.0
1929780.0
1725324.0
1525968.0
1331128.0
1140240.0
952764.0
768212.0
586120.0
406076.0
227720.0
50744.0
-125092.0
-300008.0
-474152.0
-647632.0
-820508.0
-992804.0
-1164512.0
-1335564.0
-1505876.0
-1675300.0
-1843672.0
-2010756.0
-2176284.0
-2339924.0
-2501280.0
-2659912.0
-2815280.0
-2966800.0
-3113800.0
-3255540.0
-3391200.0
-3519900.0
-3640676.0
-3752516.0
-3854364.0
-3945100.0
-4023584.0
-4088672.0
-4139188.0
-4173996.0
-4191976.0
-4192056.0
-4173224.0
-4134544.0
-4075172.0
-3994372.0
-3891504.0
-3766064.0
-3617664.0
-3446052.0
-3251084.0
-3032756.0
-2791172.0
-2526544.0
-2239180.0
-1929472.0
-1597896.0
-1244976.0
-871300.0
-477488.0
-64208.0
367860.0
817996.0
1285476.0
1769524.0
2269356.0
2784152.0
3313036.0
3855112.0
4409412.0
4974908.0
5550516.0
6135072.0
6727352.0
7326056.0
7929816.0
8537216.0
9146780.0
9757004.0
1.0366368E7
1.0973356E7
1.1576468E7
1.2174256E7
1.2765348E7
1.3348456E7
1.3922432E7
1.4486248E7
1.5039052E7
1.5580168E7
1.6109108E7
1.6625588E7
1.7129528E7
1.762104E7
1.8100436E7
1.8568208E7
1.9024988E7
1.9471576E7
1.9908856E7
2.0337808E7
2.0759456E7
2.1174836E7
2.1584976E7
2.199086E7
2.2393396E7
2.2793388E7
2.319152E7
2.3588348E7
2.3984272E7
2.4379528E7
2.4774204E7
2.5168224E7
2.556136E7
2.5953252E7
2.6343408E7
2.6731236E7
2.7116048E7
2.7497104E7
2.7873608E7
2.8244744E7
2.8609716E7
2.896772E7
2.931802E7
2.9659932E7
2.9992836E7
3.0316216E7
3.0629628E7
3.0932752E7
3.122536E7
3.1507332E7
3.177866E7
3.2039416E7
3.2289792E7
3.2530044E7
3.2760508E7
3.2981584E7
3.3193716E7
3.3397388E7
3.3593092E7
3.3781328E7
3.396256E7
3.4137236E7
3.4305728E7
3.446834E7
3.4625284E7
3.4776656E7
3.4922436E7
3.506246E7
3.519644E7
3.5323908E7
3.5444284E7
3.555684E7
3.56607E7
3.5754888E7
3.5838332E7
3.5909864E7
3.596828E7
3.601234E7
3.60408E7
3.6052444E7
3.6046116E7
3.6020716E7
3.5975268E7
3.5908904E7
3.5820892E7
3.5710676E7
3.557784E7
3.5422164E7
3.52436E7
3.5042292E7
3.4818572E7
3.4572948E7
3.430612E7
3.4018948E7
3.3712476E7
3.3387892E7
3.304654E7
3.2689896E7
3.2319556E7
3.193724E7
3.1544748E7
3.1143972E7
3.0736872E7
3.032546E7
2.9911776E7
2.9497888E7
2.9085864E7
2.8677748E7
2.8275544E7
2.7881196E7
2.7496572E7
2.7123432E7
2.6763412E7
2.6417996E7
2.6088508E7
2.5776084E7
2.5481644E7
2.5205912E7
2.494936E7
2.4712228E7
2.4494508E7
2.4295952E7
2.4116052E7
2.3954076E7
2.3809044E7
2.3679764E7
2.356484E7
2.3462688E7
2.3371556E7
2.3289552E7
2.3214652E7
2.3144748E7
2.3077648E7
2.301112E7
2.2942916E7
2.2870784E7
2.27925E7
2.2705896E7
2.2608892E7
2.2499488E7
2.2375816E7
2.2236168E7
2.2078976E7
2.1902872E7
2.1706684E7
2.1489452E7
2.1250456E7
2.0989208E7
2.0705476E7
2.0399268E7
2.0070844E7
1.9720712E7
1.934962E7
1.8958528E7
1.8548616E7
1.8121244E7
1.7677928E7
1.7220336E7
1.675024E7
1.6269496E7
1.578002E7
1.528376E7
1.4782664E7
1.4278664E7
1.3773656E7
1.326948E7
1.2767892E7
1.2270576E7
1.1779124E7
1.1295012E7
1.0819624E7
1.0354228E7
9899980.0
9457944.0
9029080.0
8614240.0
8214192.0
7829632.0
7461172.0
7109368.0
6774728.0
6457700.0
6158728.0
5878220.0
5616576.0
5374208.0
5151520.0
4948952.0
4766956.0
4606016.0
4466640.0
4349360.0
4254744.0
4183372.0
4135828.0
4112708.0
4114576.0
4141976.0
4195412.0
4275316.0
4382036.0
4515808.0
4676768.0
4864904.0
5080044.0
5321852.0
5589816.0
5883232.0
6201208.0
6542660.0
6906308.0
7290688.0
7694176.0
8114976.0
8551148.0
9000648.0
9461304.0
9930888.0
1.0407104E7
1.0887636E7
1.1370172E7
1.1852404E7
1.2332084E7
1.2807024E7
1.3275124E7
1.3734392E7
1.4182968E7
1.4619112E7
1.5041244E7
1.5447952E7
1.5837984E7
1.6210268E7
1.6563908E7
1.6898192E7
1.7212588E7
1.7506756E7
1.7780508E7
1.8033856E7
1.8266948E7
1.8480104E7
1.8673752E7
1.8848476E7
1.9004936E7
1.9143896E7
1.9266172E7
1.937262E7
1.946414E7
1.954162E7
1.9605924E7
1.9657896E7
1.9698324E7
1.9727928E7
1.9747356E7
1.9757176E7
1.9757856E7
1.9749784E7
1.9733264E7
1.97085E7
1.9675624E7
1.9634708E7
1.9585756E7
1.9528724E7
1.9463532E7
1.9390096E7
1.9308312E7
1.92181E7
1.9119392E7
1.9012164E7
1.8896448E7
1.8772324E7
1.8639956E7
1.8499576E7
1.8351512E7
1.8196164E7
1.803404E7
1.786572E7
1.7691888E7
1.7513304E7
1.7330804E7
1.71453E7
1.695778E7
1.6769268E7
1.658084E7
1.639362E7
1.6208728E7
1.6027324E7
1.5850544E7
1.5679516E7
1.5515324E7
1.5359024E7
1.5211592E7
1.5073944E7
1.4946888E7
1.4831136E7
1.4727284E7
1.4635792E7
1.4556984E7
1.4491032E7
1.4437952E7
1.4397612E7
1.4369692E7
1.435374E7
1.4349124E7
1.4355064E7
1.4370632E7
1.4394756E7
1.4426248E7
1.4463784E7
1.4505956E7
1.4551268E7
1.4598156E7
1.4645024E7
1.4690244E7
1.4732204E7
1.4769324E7
1.4800076E7
1.4823028E7
1.4836868E7
1.4840408E7
1.4832644E7
1.4812752E7
1.4780116E7
1.4734332E7
1.4675236E7
1.4602892E7
1.4517592E7
1.4419852E7
1.4310388E7
1.419012E7
1.406012E7
1.3921616E7
1.3775912E7
1.3624416E7
1.3468564E7
1.3309792E7
1.314952E7
1.2989096E7
1.2829804E7
1.2672796E7
1.2519116E7
1.2369648E7
1.2225144E7
1.2086196E7
1.1953244E7
1.1826592E7
1.1706404E7
1.1592732E7
1.148552E7
1.1384632E7
1.1289864E7
1.1200964E7
1.1117652E7
1.1039628E7
1.096658E7
1.0898216E7
1.0834252E7
1.077442E7
1.0718476E7
1.0666204E7
1.0617408E7
1.057192E7
1.05296E7
1.0490312E7
1.045396E7
1.0420468E7
1.038976E7
1.03618E7
1.0336576E7
1.0314076E7
1.0294328E7
1.0277376E7
1.0263288E7
1.0252136E7
1.024404E7
1.0239096E7
1.0237432E7
1.0239168E7
1.0244412E7
1.025326E7
1.0265776E7
1.0281976E7
1.0301844E7
1.0325292E7
1.0352152E7
1.0382192E7
1.0415072E7
1.0450368E7
1.0487556E7
1.0526016E7
1.0565016E7
1.0603748E7
1.0641304E7
1.0676696E7
1.070888E7
1.0736748E7
1.0759164E7
1.077496E7
1.0782968E7
1.0782048E7
1.0771072E7
1.0748988E7
1.0714808E7
1.066764E7
1.06067E7
1.053134E7
1.0441044E7
1.0335464E7
1.0214408E7
1.007786E7
9925992.0
9759140.0
9577824.0
9382732.0
9174716.0
8954768.0
8724016.0
8483692.0
8235120.0
7979692.0
7718840.0
7454016.0
7186664.0
6918216.0
6650044.0
6383456.0
6119704.0
5859944.0
5605248.0
5356596.0
5114876.0
4880904.0
4655416.0
4439088.0
4232560.0
4036420.0
3851256.0
3677636.0
3516144.0
3367372.0
3231936.0
3110484.0
3003688.0
2912220.0
2836800.0
2778112.0
2736844.0
2713644.0
2709108.0
2723744.0
2757984.0
2812124.0
2886328.0
2980592.0
3094752.0
3228436.0
3381088.0
3551936.0
3740016.0
3944148.0
4162964.0
4394896.0
4638212.0
4891032.0
5151316.0
5416936.0
5685672.0
5955224.0
6223280.0
6487508.0
6745604.0
6995300.0
7234412.0
7460848.0
7672636.0
7867956.0
8045140.0
8202704.0
8339344.0
8453996.0
8545788.0
8614072.0
8658452.0
8678752.0
8675036.0
8647612.0
8597016.0
8524012.0
8429592.0
8314960.0
8181528.0
8030896.0
7864844.0
7685316.0
7494412.0
7294348.0
7087460.0
6876176.0
6662984.0
6450416.0
6241048.0
6037420.0
5842064.0
5657452.0
5485960.0
5329872.0
5191316.0
5072276.0
4974536.0
4899664.0
4849008.0
4823668.0
4824484.0
4852028.0
4906592.0
4988208.0
5096636.0
5231372.0
5391672.0
5576564.0
5784872.0
6015224.0
6266100.0
6535840.0
6822684.0
7124784.0
7440244.0
7767148.0
8103572.0
8447612.0
8797412.0
9151172.0
9507164.0
9863764.0
1.021942E7
1.0572712E7
1.0922304E7
1.1266988E7
1.160566E7
1.1937316E7
1.226106E7
1.2576076E7
1.2881652E7
1.3177124E7
1.3461928E7
1.3735532E7
1.3997464E7
1.4247284E7
1.44846E7
1.4709028E7
1.4920232E7
1.5117884E7
1.530168E7
1.5471344E7
1.562662E7
1.5767284E7
1.5893152E7
1.600408E7
1.6099964E7
1.6180756E7
1.6246484E7
1.629724E7
1.6333168E7
1.6354524E7
1.6361632E7
1.6354892E7
1.6334808E7
1.6301944E7
1.6256964E7
1.620058E7
1.6133588E7
1.6056828E7
1.5971176E7
1.5877556E7
1.5776904E7
1.5670164E7
1.555828E7
1.54422E7
1.532284E7
1.5201104E7
1.5077868E7
1.4953996E7
1.4830312E7
1.4707624E7
1.4586728E7
1.4468396E7
1.4353388E7
1.424246E7
1.4136352E7
1.4035804E7
1.3941544E7
1.3854284E7
1.377472E7
1.3703536E7
1.3641376E7
1.3588844E7
1.3546496E7
1.351484E7
1.3494296E7
1.348522E7
1.3487872E7
1.3502432E7
1.3528956E7
1.3567416E7
1.3617672E7
1.3679468E7
1.3752452E7
1.383616E7
1.3930036E7
1.4033412E7
1.414556E7
1.4265644E7
1.4392768E7
1.4525964E7
1.4664196E7
1.4806384E7
1.4951392E7
1.5098036E7
1.5245092E7
1.53913E7
1.5535364E7
1.5675952E7
1.5811712E7
1.594126E7
1.6063192E7
1.6176108E7
1.62786E7
1.6369272E7
1.6446756E7
1.6509728E7
1.6556928E7
1.658718E7
1.6599408E7
1.6592664E7
1.6566144E7
1.65192E7
1.6451384E7
1.636242E7
1.6252244E7
1.6121008E7
1.5969064E7
1.5796976E7
1.5605504E7
1.5395616E7
1.5168432E7
1.492524E7
1.4667468E7
1.4396644E7
1.41144E7
1.3822424E7
1.3522452E7
1.3216224E7
1.2905488E7
1.2591952E7
1.227728E7
1.1963068E7
1.1650828E7
1.1341992E7
1.1037856E7
1.0739632E7
1.0448404E7
1.016512E7
9890616.0
9625600.0
9370640.0
9126196.0
8892588.0
8670032.0
8458608.0
8258292.0
8068932.0
7890264.0
7721932.0
7563452.0
7414236.0
7273620.0
7140828.0
7015000.0
6895204.0
6780444.0
6669672.0
6561796.0
6455708.0
6350288.0
6244432.0
6137064.0
6027148.0
5913724.0
5795900.0
5672896.0
5544028.0
5408740.0
5266608.0
5117356.0
4960856.0
4797116.0
4626328.0
4448820.0
4265080.0
4075752.0
3881624.0
3683624.0
3482812.0
3280360.0
3077564.0
2875796.0
2676500.0
2481192.0
2291408.0
2108696.0
1934600.0
1770636.0
1618248.0
1478824.0
1353644.0
1243868.0
1150524.0
1074508.0
1016540.0
977188.0
956844.0
955732.0
973904.0
1011252.0
1067500.0
1142224.0
1234856.0
1344700.0
1470944.0
1612664.0
1768848.0
1938400.0
2120164.0
2312928.0
2515440.0
2726416.0
2944556.0
3168544.0
3397068.0
3628828.0
3862528.0
4096892.0
4330660.0
4562624.0
4791588.0
5016392.0
5235920.0
5449100.0
5654908.0
5852380.0
6040608.0
6218752.0
6386052.0
6541840.0
6685536.0
6816672.0
6934880.0
7039936.0
7131732.0
7210312.0
7275840.0
7328648.0
7369212.0
7398144.0
7416228.0
7424368.0
7423624.0
7415176.0
7400340.0
7380528.0
7357268.0
7332164.0
7306884.0
7283160.0
7262740.0
7247388.0
7238832.0
7238780.0
7248852.0
7270560.0
7305296.0
7354292.0
7418584.0
7498996.0
7596120.0
7710280.0
7841528.0
7989640.0
8154080.0
8334036.0
8528416.0
8735840.0
8954692.0
9183108.0
9419040.0
9660264.0
9904416.0
1.0149056E7
1.0391656E7
1.0629704E7
1.086068E7
1.1082128E7
1.1291668E7
1.1487052E7
1.1666156E7
1.1827008E7
1.1967832E7
1.2087024E7
1.2183176E7
1.2255076E7
1.230172E7
1.2322292E7
1.2316164E7
1.22829E7
1.2222236E7
1.2134072E7
1.2018468E7
1.1875644E7
1.1705944E7
1.1509856E7
1.1288E7
1.1041112E7
1.0770036E7
1.0475744E7
1.0159312E7
9821908.0
9464824.0
9089424.0
8697176.0
8289628.0
7868404.0
7435200.0
6991752.0
6539852.0
6081300.0
5617924.0
5151524.0
4683876.0
4216716.0
3751688.0
3290356.0
2834180.0
2384484.0
1942448.0
1509088.0
1085264.0
671648.0
268728.0
-123180.0
-503952.0
-873632.0
-1232440.0
-1580732.0
-1919024.0
-2247928.0
-2568156.0
-2880492.0
-3185772.0
-3484848.0
-3778572.0
-4067756.0
-4353176.0
-4635524.0
-4915400.0
-5193304.0
-5469620.0
-5744612.0
-6018408.0
-6291032.0
-6562384.0
-6832264.0
-7100384.0
-7366372.0
-7629816.0
-7890276.0
-8147280.0
-8400384.0
-8649172.0
-8893284.0
-9132420.0
-9366376.0
-9595048.0
-9818420.0
-1.0036616E7
-1.0249864E7
-1.0458516E7
-1.0663036E7
-1.0863984E7
-1.1062024E7
-1.12579E7
-1.1452424E7
-1.1646452E7
-1.1840876E7
-1.2036584E7
-1.2234456E7
-1.2435348E7
-1.264004E7
-1.2849252E7
-1.3063608E7
-1.3283612E7
-1.3509652E7
-1.3741976E7
-1.3980704E7
-1.4225792E7
-1.447706E7
-1.4734184E7
-1.4996708E7
-1.5264028E7
-1.553544E7
-1.5810136E7
-1.6087216E7
-1.6365692E7
-1.6644532E7
-1.6922656E7
-1.7198948E7
-1.7472272E7
-1.7741488E7
-1.8005468E7
-1.8263076E7
-1.8513212E7
-1.875478E7
-1.8986728E7
-1.9208016E7
-1.9417644E7
-1.9614624E7
-1.9798004E7
-1.996684E7
-2.0120224E7
-2.0257248E7
-2.0377008E7
-2.047862E7
-2.0561192E7
-2.0623836E7
-2.0665648E7
-2.0685732E7
-2.0683176E7
-2.0657076E7
-2.0606516E7
-2.0530604E7
-2.0428464E7
-2.0299236E7
-2.0142124E7
-1.995638E7
-1.9741352E7
-1.9496456E7
-1.922126E7
-1.8915456E7
-1.85789E7
-1.8211628E7
-1.7813876E7
-1.7386104E7
-1.6928996E7
-1.6443472E7
-1.5930716E7
-1.539216E7
-1.4829488E7
-1.424464E7
-1.3639808E7
-1.3017408E7
-1.2380076E7
-1.1730648E7
-1.1072132E7
-1.0407688E7
-9740580.0
-9074168.0
-8411832.0
-7756976.0
-7112956.0
-6483052.0
-5870412.0
-5278044.0
-4708732.0
-4165048.0
-3649292.0
-3163472.0
-2709288.0
-2288116.0
-1900996.0
-1548644.0
-1231416.0
-949348.0
-702168.0
-489304.0
-309896.0
-162828.0
-46752.0
39884.0
98824.0
131964.0
141316.0
129008.0
97244.0
48280.0
-15584.0
-92072.0
-178884.0
-273756.0
-374492.0
-478944.0
-585064.0
-690892.0
-794620.0
-894536.0
-989124.0
-1076996.0
-1156968.0
-1228036.0
-1289388.0
-1340408.0
-1380688.0
-1409996.0
-1428300.0
-1435728.0
-1432572.0
-1419252.0
-1396308.0
-1364364.0
-1324100.0
-1276240.0
-1221504.0
-1160600.0
-1094188.0
-1022872.0
-947168.0
-867500.0
-784184.0
-697440.0
-607368.0
-513972.0
-417168.0
-316784.0
-212584.0
-104300.0
8372.0
125724.0
248044.0
375564.0
508476.0
646884.0
790824.0
940240.0
1094992.0
1254844.0
1419500.0
1588596.0
1761720.0
1938428.0
2118272.0
2300820.0
2485664.0
2672452.0
2860888.0
3050764.0
3241948.0
3434404.0
3628160.0
3823356.0
4020176.0
4218884.0
4419780.0
4623192.0
4829452.0
5038888.0
5251808.0
5468468.0
5689072.0
5913752.0
6142556.0
6375468.0
6612348.0
6852984.0
7097068.0
7344200.0
7593904.0
7845620.0
8098724.0
8352544.0
8606364.0
8859440.0
9111016.0
9360340.0
9606696.0
9849384.0
1.0087772E7
1.0321296E7
1.0549484E7
1.0771956E7
1.0988448E7
1.1198828E7
1.1403092E7
1.1601364E7
1.1793924E7
1.1981192E7
1.2163716E7
1.2342188E7
1.2517412E7
1.2690304E7
1.2861884E7
1.3033228E7
1.3205492E7
1.3379856E7
1.3557512E7
1.373966E7
1.3927444E7
1.4121988E7
1.4324324E7
1.4535388E7
1.4756024E7
1.4986936E7
1.5228684E7
1.5481688E7
1.574618E7
1.6022232E7
1.6309716E7
1.6608336E7
1.6917572E7
1.723672E7
1.7564876E7
1.7900924E7
1.8243564E7
1.8591304E7
1.894246E7
1.9295184E7
1.964748E7
1.9997208E7
2.0342108E7
2.0679844E7
2.1008008E7
2.132418E7
2.1625924E7
2.1910868E7
2.21767E7
2.2421232E7
2.2642412E7
2.283838E7
2.3007464E7
2.314824E7
2.3259508E7
2.3340348E7
2.3390084E7
2.340832E7
2.3394912E7
2.3349956E7
2.3273788E7
2.3166948E7
2.3030176E7
2.2864364E7
2.2670556E7
2.2449912E7
2.22037E7
2.1933244E7
2.163994E7
2.1325232E7
2.099058E7
2.063748E7
2.0267424E7
1.988192E7
1.9482468E7
1.907056E7
1.864768E7
1.8215284E7
1.7774816E7
1.7327688E7
1.6875272E7
1.6418888E7
1.5959816E7
1.5499264E7
1.5038372E7
1.45782E7
1.4119724E7
1.3663828E7
1.3211288E7
1.2762792E7
1.2318912E7
1.1880128E7
1.1446808E7
1.1019216E7
1.0597532E7
1.0181836E7
9772120.0
9368300.0
8970224.0
8577664.0
8190356.0
7807968.0
7430152.0
7056516.0
6686668.0
6320204.0
5956740.0
5595900.0
5237344.0
4880780.0
4525960.0
4172704.0
3820884.0
3470440.0
3121384.0
2773784.0
2427748.0
2083448.0
1741064.0
1400796.0
1062860.0
727424.0
394656.0
64664.0
-262492.0
-586812.0
-908356.0
-1227244.0
-1543636.0
-1857768.0
-2169864.0
-2480188.0
-2788996.0
-3096520.0
-3402948.0
-3708416.0
-4012992.0
-4316652.0
-4619288.0
-4920696.0
-5220564.0
-5518512.0
-5814056.0
-6106636.0
-6395632.0
-6680376.0
-6960152.0
-7234236.0
-7501888.0
-7762376.0
-8014972.0
-8259000.0
-8493788.0
-8718724.0
-8933220.0
-9136732.0
-9328776.0
-9508872.0
-9676608.0
-9831588.0
-9973440.0
-1.0101828E7
-1.0216432E7
-1.0316948E7
-1.04031E7
-1.0474636E7
-1.0531336E7
-1.0573004E7
-1.05995E7
-1.0610732E7
-1.0606672E7
-1.058738E7
-1.0553008E7
-1.05038E7
-1.0440132E7
-1.03625E7
-1.0271544E7
-1.0168032E7
-1.0052884E7
-9927148.0
-9792024.0
-9648808.0
-9498920.0
-9343856.0
-9185180.0
-9024492.0
-8863396.0
-8703488.0
-8546300.0
-8393296.0
-8245820.0
-8105096.0
-7972176.0
-7847952.0
-7733104.0
-7628132.0
-7533316.0
-7448736.0
-7374268.0
-7309604.0
-7254272.0
-7207632.0
-7168916.0
-7137264.0
-7111732.0
-7091336.0
-7075056.0
-7061892.0
-7050864.0
-7041048.0
-7031584.0
-7021684.0
-7010652.0
-6997896.0
-6982896.0
-6965232.0
-6944560.0
-6920608.0
-6893172.0
-6862084.0
-6827220.0
-6788472.0
-6745744.0
-6698940.0
-6647952.0
-6592664.0
-6532924.0
-6468584.0
-6399456.0
-6325352.0
-6246072.0
-6161408.0
-6071176.0
-5975216.0
-5873396.0
-5765632.0
-5651908.0
-5532268.0
-5406852.0
-5275868.0
-5139636.0
-4998552.0
-4853116.0
-4703900.0
-4551556.0
-4396792.0
-4240356.0
-4083016.0
-3925532.0
-3768640.0
-3613008.0
-3459216.0
-3307732.0
-3158888.0
-3012860.0
-2869632.0
-2729020.0
-2590632.0
-2453896.0
-2318040.0
-2182140.0
-2045104.0
-1905728.0
-1762700.0
-1614656.0
-1460204.0
-1297948.0
-1126536.0
-944688.0
-751220.0
-545068.0
-325300.0
-91140.0
158032.0
422688.0
703136.0
999536.0
1311920.0
1640176.0
1984088.0
2343336.0
2717512.0
3106112.0
3508580.0
3924280.0
4352520.0
4792552.0
5243564.0
5704688.0
6175012.0
6653536.0
7139228.0
7630980.0
8127628.0
8627944.0
9130660.0
9634436.0
1.0137904E7
1.0639648E7
1.113822E7
1.1632164E7
1.2120008E7
1.2600276E7
1.3071516E7
1.3532316E7
1.3981296E7
1.4417136E7
1.48386E7
1.5244536E7
1.5633908E7
1.6005788E7
1.63594E7
1.6694096E7
1.70094E7
1.7304988E7
1.7580712E7
1.7836592E7
1.8072816E7
1.8289732E7
1.8487852E7
1.8667832E7
1.8830472E7
1.897668E7
1.9107488E7
1.9224024E7
1.932748E7
1.9419124E7
1.950026E7
1.9572248E7
1.963644E7
1.9694212E7
1.9746928E7
1.979594E7
1.9842552E7
1.9888032E7
1.9933612E7
1.998044E7
2.0029604E7
2.0082108E7
2.0138884E7
2.0200752E7
2.0268448E7
2.0342612E7
2.0423784E7
2.0512396E7
2.0608796E7
2.0713236E7
2.0825868E7
2.094678E7
2.1075968E7
2.121336E7
2.1358832E7
2.1512184E7
2.1673168E7
2.1841496E7
2.2016828E7
2.2198768E7
2.238688E7
2.2580692E7
2.2779652E7
2.2983184E7
2.319062E7
2.3401248E7
2.3614264E7
2.3828812E7
2.4043932E7
2.4258588E7
2.4471656E7
2.4681932E7
2.488812E7
2.508884E7
2.5282644E7
2.5468016E7
2.5643376E7
2.5807096E7
2.5957516E7
2.609294E7
2.6211664E7
2.6311996E7
2.6392244E7
2.6450752E7
2.64859E7
2.6496116E7
2.6479888E7
2.6435784E7
2.6362444E7
2.6258604E7
2.6123092E7
2.595484E7
2.5752892E7
2.5516412E7
2.5244704E7
2.4937184E7
2.4593432E7
2.421318E7
2.37963E7
2.3342864E7
2.2853092E7
2.2327404E7
2.1766396E7
2.1170868E7
2.0541796E7
1.9880364E7
1.9187936E7
1.8466068E7
1.7716496E7
1.6941124E7
1.6142024E7
1.5321416E7
1.4481656E7
1.3625244E7
1.275478E7
1.1872968E7
1.0982608E7
1.0086572E7
9187792.0
8289260.0
7393992.0
6505032.0
5625420.0
4758184.0
3906316.0
3072740.0
2260300.0
1471728.0
709596.0
-23684.0
-725916.0
-1395148.0
-2029700.0
-2628184.0
-3189540.0
-3713048.0
-4198360.0
-4645484.0
-5054812.0
-5427100.0
-5763464.0
-6065364.0
-6334596.0
-6573224.0
-6783596.0
-6968280.0
-7130032.0
-7271756.0
-7396456.0
-7507204.0
-7607096.0
-7699200.0
-7786540.0
-7872044.0
-7958520.0
-8048624.0
-8144848.0
-8249480.0
-8364608.0
-8492084.0
-8633544.0
-8790376.0
-8963724.0
-9154484.0
-9363328.0
-9590680.0
-9836732.0
-1.0101464E7
-1.038464E7
-1.0685832E7
-1.1004424E7
-1.1339644E7
-1.1690556E7
-1.2056104E7
-1.2435112E7
-1.2826316E7
-1.3228384E7
-1.3639924E7
-1.4059524E7
-1.448576E7
-1.4917224E7
-1.5352536E7
-1.5790372E7
-1.6229496E7
-1.6668752E7
-1.7107104E7
-1.7543636E7
-1.7977588E7
-1.840834E7
-1.8835448E7
-1.9258632E7
-1.9677776E7
-2.0092944E7
-2.050436E7
-2.09124E7
-2.1317592E7
-2.172058E7
-2.2122104E7
-2.2522996E7
-2.2924136E7
-2.3326432E7
-2.373078E7
-2.4138064E7
-2.4549088E7
-2.4964592E7
-2.5385188E7
-2.581138E7
-2.6243512E7
-2.6681784E7
-2.7126224E7
-2.7576696E7
-2.8032904E7
-2.8494384E7
-2.8960532E7
-2.94306E7
-2.990374E7
-3.0378984E7
-3.0855304E7
-3.1331612E7
-3.1806788E7
-3.2279704E7
-3.274924E7
-3.321432E7
-3.3673904E7
-3.4127032E7
-3.4572812E7
-3.5010464E7
-3.5439292E7
-3.585872E7
-3.626828E7
-3.666762E7
-3.7056504E7
-3.74348E7
-3.7802472E7
-3.8159592E7
-3.85063E7
-3.88428E7
-3.9169372E7
-3.9486312E7
-3.9793936E7
-4.0092584E7
-4.038256E7
-4.0664156E7
-4.0937608E7
-4.12031E7
-4.1460752E7
-4.1710592E7
-4.1952576E7
-4.2186572E7
-4.241236E7
-4.262962E7
-4.2837964E7
-4.3036928E7
-4.3225972E7
-4.3404516E7
-4.3571932E7
-4.3727552E7
-4.3870716E7
-4.4000756E7
-4.4117016E7
-4.421888E7
-4.430578E7
-4.4377192E7
-4.4432676E7
-4.4471864E7
-4.4494476E7
-4.4500332E7
-4.4489356E7
-4.4461556E7
-4.441706E7
-4.43561E7
-4.4279008E7
-4.41862E7
-4.4078216E7
-4.395566E7
-4.3819248E7
-4.3669744E7
-4.3508024E7
-4.3334996E7
-4.3151656E7
-4.2959036E7
-4.2758228E7
-4.2550364E7
-4.23366E7
-4.211812E7
-4.1896132E7
-4.1671836E7
-4.1446444E7
-4.1221148E7
-4.0997112E7
-4.0775488E7
-4.0557368E7
-4.0343816E7
-4.0135828E7
-3.9934352E7
-3.9740264E7
-3.955438E7
-3.9377448E7
-3.9210136E7
-3.9053052E7
-3.8906736E7
-3.8771636E7
-3.8648148E7
-3.8536568E7
-3.8437136E7
-3.8349988E7
-3.827518E7
-3.8212676E7
-3.8162316E7
-3.8123848E7
-3.8096888E7
-3.8080932E7
-3.8075324E7
-3.8079292E7
-3.8091892E7
-3.8112048E7
-3.8138532E7
-3.8169972E7
-3.8204856E7
-3.8241548E7
-3.8278288E7
-3.8313212E7
-3.8344376E7
-3.8369776E7
-3.8387352E7
-3.8395028E7
-3.8390736E7
-3.8372436E7
-3.8338156E7
-3.8285996E7
-3.8214172E7
-3.8121036E7
-3.8005092E7
-3.7865048E7
-3.7699788E7
-3.7508432E7
-3.7290328E7
-3.7045068E7
-3.6772516E7
-3.6472772E7
-3.6146208E7
-3.5793456E7
-3.5415396E7
-3.5013132E7
-3.458802E7
-3.41416E7
-3.367562E7
-3.319198E7
-3.2692732E7
-3.2180044E7
-3.1656184E7
-3.11235E7
-3.0584368E7
-3.0041216E7
-2.949648E7
-2.8952572E7
-2.84119E7
-2.7876824E7
-2.734966E7
-2.6832672E7
-2.6328028E7
-2.5837848E7
-2.5364148E7
-2.4908856E7
-2.4473796E7
-2.4060684E7
-2.3671124E7
-2.3306596E7
-2.296844E7
-2.2657884E7
-2.2376E7
-2.2123712E7
-2.1901796E7
-2.1710868E7
-2.1551392E7
-2.1423664E7
-2.1327808E7
-2.1263792E7
-2.12314E7
-2.1230252E7
-2.1259804E7
-2.1319328E7
-2.140796E7
-2.1524652E7
-2.1668216E7
-2.1837336E7
-2.203054E7
-2.2246268E7
-2.2482844E7
-2.2738516E7
-2.3011468E7
-2.3299836E7
-2.3601724E7
-2.3915244E7
-2.42385E7
-2.4569636E7
-2.4906832E7
-2.5248332E7
-2.5592436E7
-2.5937536E7
-2.6282092E7
-2.6624668E7
-2.6963912E7
-2.7298568E7
-2.7627472E7
-2.7949544E7
-2.8263788E7
-2.856928E7
-2.8865172E7
-2.915066E7
-2.942498E7
-2.9687416E7
-2.993726E7
-3.0173812E7
-3.0396372E7
-3.0604208E7
-3.0796588E7
-3.0972712E7
-3.1131772E7
-3.1272892E7
-3.1395168E7
-3.1497644E7
-3.1579328E7
-3.1639216E7
-3.1676268E7
-3.1689456E7
-3.167776E7
-3.1640184E7
-3.1575792E7
-3.1483696E7
-3.13631E7
-3.12133E7
-3.1033712E7
-3.082386E7
-3.0583412E7
-3.0312176E7
-3.0010108E7
-2.9677316E7
-2.931406E7
-2.8920756E7
-2.8497976E7
-2.8046444E7
-2.7567044E7
-2.7060792E7
-2.6528872E7
-2.5972596E7
-2.5393416E7
-2.479294E7
-2.417288E7
-2.3535088E7
-2.2881528E7
-2.2214268E7
-2.1535472E7
-2.0847376E7
-2.0152284E7
-1.9452532E7
-1.87505E7
-1.804854E7
-1.7349004E7
-1.6654196E7
-1.5966336E7
-1.5287572E7
-1.4619932E7
-1.3965324E7
-1.3325496E7
-1.2702048E7
-1.2096416E7
-1.1509844E7
-1.0943412E7
-1.0398012E7
-9874360.0
-9372996.0
-8894300.0
-8438496.0
-8005664.0
-7595764.0
-7208636.0
-6844024.0
-6501604.0
-6180972.0
-5881684.0
-5603252.0
-5345180.0
-5106940.0
-4888012.0
-4687876.0
-4506000.0
-4341876.0
-4194972.0
-4064772.0
-3950716.0
-3852256.0
-3768768.0
-3699612.0
-3644064.0
-3601340.0
-3570564.0
-3550784.0
-3540920.0
-3539812.0
-3546196.0
-3558700.0
-3575876.0
-3596180.0
-3618016.0
-3639744.0
-3659700.0
-3676212.0
-3687640.0
-3692376.0
-3688892.0
-3675748.0
-3651616.0
-3615288.0
-3565692.0
-3501916.0
-3423192.0
-3328912.0
-3218620.0
-3092016.0
-2948944.0
-2789376.0
-2613436.0
-2421352.0
-2213480.0
-1990276.0
-1752320.0
-1500268.0
-1234920.0
-957140.0
-667928.0
-368392.0
-59748.0
256656.0
579368.0
906804.0
1237252.0
1568904.0
1899832.0
2228016.0
2551360.0
2867700.0
3174836.0
3470544.0
3752604.0
4018840.0
4267120.0
4495400.0
4701756.0
4884380.0
5041640.0
5172068.0
5274408.0
5347592.0
5390788.0
5403396.0
5385028.0
5335552.0
5255056.0
5143848.0
5002452.0
4831592.0
4632168.0
4405252.0
4152056.0
3873916.0
3572272.0
3248656.0
2904652.0
2541892.0
2162032.0
1766760.0
1357752.0
936672.0
505180.0
64904.0
-382552.0
-835628.0
-1292792.0
-1752544.0
-2213456.0
-2674128.0
-3133216.0
-3589432.0
-4041556.0
-4488432.0
-4928976.0
-5362180.0
-5787116.0
-6202924.0
-6608856.0
-7004220.0
-7388408.0
-7760916.0
-8121280.0
-8469132.0
-8804148.0
-9126080.0
-9434712.0
-9729876.0
-1.001144E7
-1.02793E7
-1.053338E7
-1.0773612E7
-1.0999948E7
-1.1212364E7
-1.1410828E7
-1.1595328E7
-1.176586E7
-1.1922436E7
-1.2065072E7
-1.2193808E7
-1.23087E7
-1.2409808E7
-1.2497228E7
-1.2571076E7
-1.2631488E7
-1.2678652E7
-1.271276E7
-1.2734064E7
-1.274284E7
-1.2739416E7
-1.2724156E7
-1.2697468E7
-1.2659828E7
-1.261174E7
-1.2553744E7
-1.2486448E7
-1.2410484E7
-1.2326512E7
-1.2235236E7
-1.213736E7
-1.203362E7
-1.192474E7
-1.1811456E7
-1.169448E7
-1.1574524E7
-1.1452264E7
-1.132836E7
-1.120344E7
-1.1078112E7
-1.0952944E7
-1.0828496E7
-1.0705288E7
-1.058384E7
-1.0464632E7
-1.0348152E7
-1.023486E7
-1.0125216E7
-1.0019664E7
-9918624.0
-9822508.0
-9731696.0
-9646536.0
-9567328.0
-9494336.0
-9427740.0
-9367676.0
-9314188.0
-9267244.0
-9226708.0
-9192380.0
-9163948.0
-9141024.0
-9123140.0
-9109760.0
-9100276.0
-9094052.0
-9090400.0
-9088632.0
-9088044.0
-9087956.0
-9087696.0
-9086640.0
-9084204.0
-9079848.0
-9073072.0
-9063448.0
-9050560.0
-9034044.0
-9013556.0
-8988756.0
-8959308.0
-8924856.0
-8885000.0
-8839304.0
-8787268.0
-8728312.0
-8661796.0
-8586976.0
-8503052.0
-8409136.0
-8304280.0
-8187480.0
-8057712.0
-7913936.0
-7755152.0
-7580388.0
-7388772.0
-7179524.0
-6952040.0
-6705856.0
-6440732.0
-6156632.0
-5853768.0
-5532600.0
-5193832.0
-4838432.0
-4467612.0
-4082800.0
-3685648.0
-3277984.0
-2861788.0
-2439168.0
-2012324.0
-1583480.0
-1154916.0
-728856.0
-307504.0
107020.0
512704.0
907656.0
1290116.0
1658476.0
2011280.0
2347232.0
2665196.0
2964188.0
3243384.0
3502092.0
3739768.0
3955996.0
4150476.0
4323028.0
4473588.0
4602196.0
4709000.0
4794248.0
4858304.0
4901632.0
4924808.0
4928516.0
4913564.0
4880868.0
4831472.0
4766524.0
4687300.0
4595188.0
4491676.0
4378356.0
4256912.0
4129104.0
3996756.0
3861736.0
3725952.0
3591316.0
3459732.0
3333080.0
3213188.0
3101820.0
3000636.0
2911188.0
2834904.0
2773052.0
2726732.0
2696868.0
2684176.0
2689172.0
2712148.0
2753180.0
2812120.0
2888584.0
2981984.0
3091520.0
3216168.0
3354756.0
3505912.0
3668140.0
3839812.0
4019204.0
4204524.0
4393940.0
4585604.0
4777696.0
4968428.0
5156080.0
5339048.0
5515836.0
5685088.0
5845612.0
5996380.0
6136568.0
6265524.0
6382796.0
6488144.0
6581504.0
6663008.0
6732972.0
6791876.0
6840356.0
6879180.0
6909248.0
6931556.0
6947180.0
6957264.0
6963000.0
6965604.0
6966300.0
6966300.0
6966796.0
6968928.0
6973792.0
6982412.0
6995720.0
7014576.0
7039716.0
7071776.0
7111268.0
7158580.0
7213964.0
7277524.0
7349240.0
7428940.0
7516304.0
7610868.0
7712044.0
7819096.0
7931176.0
8047312.0
8166432.0
8287380.0
8408940.0
8529824.0
8648732.0
8764336.0
8875344.0
8980472.0
9078508.0
9168320.0
9248880.0
9319268.0
9378720.0
9426616.0
9462512.0
9486148.0
9497452.0
9496552.0
9483772.0
9459648.0
9424896.0
9380432.0
9327340.0
9266892.0
9200476.0
9129636.0
9056012.0
8981328.0
8907376.0
8835968.0
8768928.0
8708076.0
8655160.0
8611872.0
8579816.0
8560472.0
8555200.0
8565208.0
8591544.0
8635092.0
8696556.0
8776472.0
8875188.0
8992880.0
9129552.0
9285036.0
9459020.0
9651012.0
9860408.0
1.0086456E7
1.0328296E7
1.0584944E7
1.0855324E7
1.1138272E7
1.1432544E7
1.173682E7
1.204974E7
1.2369876E7
1.269578E7
1.3025964E7
1.3358928E7
1.3693164E7
1.402718E7
1.4359472E7
1.46886E7
1.5013136E7
1.5331708E7
1.564302E7
1.594584E7
1.6239028E7
1.652154E7
1.6792464E7
1.7050984E7
1.7296432E7
1.752828E7
1.7746144E7
1.79498E7
1.8139164E7
1.8314328E7
1.847552E7
1.8623132E7
1.8757688E7
1.8879852E7
1.8990404E7
1.9090248E7
1.9180364E7
1.9261824E7
1.9335764E7
1.9403372E7
1.9465856E7
1.9524452E7
1.95804E7
1.9634916E7
1.9689208E7
1.9744448E7
1.9801752E7
1.98622E7
1.9926804E7
1.9996524E7
2.0072236E7
2.0154752E7
2.0244804E7
2.0343044E7
2.0450036E7
2.0566248E7
2.0692052E7
2.082772E7
2.0973412E7
2.1129176E7
2.1294936E7
2.1470492E7
2.1655532E7
2.1849592E7
2.2052108E7
2.2262376E7
2.2479588E7
2.2702832E7
2.2931088E7
2.316328E7
2.3398256E7
2.3634824E7
2.3871772E7
2.4107896E7
2.434198E7
2.4572872E7
2.4799468E7
2.5020736E7
2.5235712E7
2.5443548E7
2.5643484E7
2.5834864E7
2.6017152E7
2.6189888E7
2.635274E7
2.6505436E7
2.6647796E7
2.6779696E7
2.6901068E7
2.7011864E7
2.711204E7
2.7201576E7
2.7280408E7
2.7348436E7
2.740552E7
2.7451448E7
2.7485948E7
2.7508664E7
2.7519164E7
2.7516936E7
2.7501416E7
2.7471948E7
2.7427848E7
2.7368368E7
2.7292748E7
2.7200216E7
2.709E7
2.6961344E7
2.6813536E7
2.6645916E7
2.645788E7
2.6248908E7
2.601858E7
2.5766552E7
2.5492608E7
2.5196656E7
2.4878708E7
2.453892E7
2.4177596E7
2.379516E7
2.3392196E7
2.2969416E7
2.2527688E7
2.2068E7
2.15915E7
2.1099432E7
2.0593152E7
2.0074128E7
1.9543884E7
1.9004008E7
1.8456112E7
1.790182E7
1.7342716E7
1.6780348E7
1.6216184E7
1.5651584E7
1.5087784E7
1.4525868E7
1.3966764E7
1.3411228E7
1.2859832E7
1.2312976E7
1.1770884E7
1.1233616E7
1.0701088E7
1.017308E7
9649272.0
9129260.0
8612576.0
8098728.0
7587212.0
7077548.0
6569284.0
6062044.0
5555520.0
5049496.0
4543876.0
4038652.0
3533976.0
3030104.0
2527436.0
2026508.0
1527996.0
1032708.0
541592.0
55724.0
-423704.0
-895380.0
-1357884.0
-1809724.0
-2249320.0
-2675052.0
-3085252.0
-3478264.0
-3852440.0
-4206180.0
-4537960.0
-4846364.0
-5130088.0
-5387996.0
-5619120.0
-5822696.0
-5998160.0
-6145176.0
-6263648.0
-6353692.0
-6415672.0
-6450160.0
-6457944.0
-6440020.0
-6397544.0
-6331840.0
-6244368.0
-6136676.0
-6010424.0
-5867296.0
-5709028.0
-5537336.0
-5353928.0
-5160448.0
-4958488.0
-4749528.0
-4534944.0
-4316000.0
-4093808.0
-3869336.0
-3643412.0
-3416700.0
-3189708.0
-2962800.0
-2736192.0
-2509972.0
-2284088.0
-2058392.0
-1832628.0
-1606468.0
-1379504.0
-1151296.0
-921356.0
-689184.0
-454288.0
-216172.0
25616.0
271504.0
521868.0
777024.0
1037236.0
1302688.0
1573500.0
1849728.0
2131340.0
2418248.0
2710276.0
3007204.0
3308716.0
3614452.0
3923984.0
4236832.0
4552436.0
4870208.0
5189488.0
5509568.0
5829696.0
6149068.0
6466832.0
6782096.0
7093932.0
7401400.0
7703508.0
7999272.0
8287696.0
8567792.0
8838592.0
9099160.0
9348600.0
9586076.0
9810808.0
1.00221E7
1.0219336E7
1.0401992E7
1.0569624E7
1.07219E7
1.0858572E7
1.09795E7
1.1084612E7
1.1173944E7
1.1247604E7
1.1305764E7
1.1348668E7
1.1376616E7
1.1389948E7
1.1389048E7
1.1374324E7
1.1346204E7
1.1305124E7
1.1251508E7
1.11858E7
1.11084E7
1.1019692E7
1.0920036E7
1.0809748E7
1.0689092E7
1.0558316E7
1.04176E7
1.026708E7
1.010686E7
9936996.0
9757512.0
9568416.0
9369700.0
9161340.0
8943336.0
8715724.0
8478548.0
8231948.0
7976120.0
7711352.0
7438052.0
7156740.0
6868072.0
6572840.0
6272000.0
5966648.0
5658028.0
5347524.0
5036660.0
4727040.0
4420392.0
4118472.0
3823084.0
3536016.0
3259032.0
2993800.0
2741888.0
2504708.0
2283500.0
2079292.0
1892872.0
1724792.0
1575332.0
1444512.0
1332080.0
1237520.0
1160080.0
1098772.0
1052412.0
1019628.0
998900.0
988600.0
987004.0
992340.0
1002808.0
1016608.0
1031992.0
1047236.0
1060712.0
1070884.0
1076316.0
1075700.0
1067836.0
1051676.0
1026296.0
990900.0
944832.0
887560.0
818664.0
737848.0
644896.0
539704.0
422228.0
292504.0
150608.0
-3332.0
-169156.0
-346692.0
-535736.0
-736076.0
-947496.0
-1169756.0
-1402628.0
-1645844.0
-1899116.0
-2162136.0
-2434552.0
-2715960.0
-3005916.0
-3303896.0
-3609320.0
-3921532.0
-4239796.0
-4563304.0
-4891168.0
-5222432.0
-5556060.0
-5890972.0
-6226020.0
-6560012.0
-6891716.0
-7219884.0
-7543244.0
-7860520.0
-8170452.0
-8471792.0
-8763328.0
-9043896.0
-9312380.0
-9567752.0
-9809064.0
-1.003546E7
-1.024622E7
-1.0440748E7
-1.0618588E7
-1.0779472E7
-1.0923288E7
-1.105012E7
-1.1160276E7
-1.1254244E7
-1.1332756E7
-1.139676E7
-1.144742E7
-1.148612E7
-1.1514444E7
-1.153416E7
-1.1547208E7
-1.1555664E7
-1.156172E7
-1.1567636E7
-1.1575724E7
-1.1588288E7
-1.16076E7
-1.1635856E7
-1.1675136E7
-1.1727356E7
-1.1794268E7
-1.1877384E7
-1.1977984E7
-1.2097072E7
-1.223538E7
-1.239334E7
-1.257108E7
-1.2768436E7
-1.298494E7
-1.3219852E7
-1.347214E7
-1.374056E7
-1.4023604E7
-1.4319608E7
-1.4626724E7
-1.4942988E7
-1.5266356E7
-1.5594724E7
-1.5926E7
-1.6258124E7
-1.6589108E7
-1.691708E7
-1.7240328E7
-1.7557324E7
-1.786676E7
-1.816756E7
-1.845892E7
-1.8740312E7
-1.9011492E7
-1.9272508E7
-1.9523688E7
-1.976564E7
-1.9999228E7
-2.0225544E7
-2.04459E7
-2.0661756E7
-2.087474E7
-2.1086532E7
-2.1298884E7
-2.1513532E7
-2.1732168E7
-2.1956408E7
-2.2187708E7
-2.2427368E7
-2.2676476E7
-2.2935876E7
-2.3206164E7
-2.3487648E7
-2.378034E7
-2.4083984E7
-2.4398024E7
-2.4721624E7
-2.5053696E7
-2.5392892E7
-2.5737668E7
-2.6086276E7
-2.643682E7
-2.6787268E7
-2.7135508E7
-2.7479352E7
-2.7816592E7
-2.8145028E7
-2.8462484E7
-2.8766848E7
-2.9056088E7
-2.932826E7
-2.9581552E7
-2.9814272E7
-3.002486E7
-3.0211912E7
-3.037416E7
-3.0510484E7
-3.0619904E7
-3.0701596E7
-3.0754852E7
-3.0779116E7
-3.0773952E7
-3.0739056E7
-3.0674252E7
-3.057948E7
-3.0454812E7
-3.0300436E7
-3.0116668E7
-2.990394E7
-2.966282E7
-2.9393988E7
-2.9098224E7
-2.8776448E7
-2.8429652E7
-2.8058928E7
-2.7665448E7
-2.725042E7
-2.6815112E7
-2.6360792E7
-2.588874E7
-2.5400212E7
-2.4896404E7
-2.4378468E7
-2.3847472E7
-2.3304404E7
-2.2750152E7
-2.2185488E7
-2.1611104E7
-2.102758E7
-2.0435412E7
-1.9835004E7
-1.9226708E7
-1.8610808E7
-1.7987552E7
-1.735718E7
-1.6719916E7
-1.6076004E7
-1.5425716E7
-1.4769376E7
-1.4107356E7
-1.3440112E7
-1.2768184E7
-1.2092192E7
-1.1412884E7
-1.07311E7
-1.0047796E7
-9364068.0
-8681108.0
-8000260.0
-7322972.0
-6650812.0
-5985472.0
-5328740.0
-4682512.0
-4048776.0
-3429588.0
-2827076.0
-2243408.0
-1680804.0
-1141492.0
-627720.0
-141692.0
314384.0
738376.0
1128204.0
1481884.0
1797544.0
2073444.0
2307988.0
2499760.0
2647536.0
2750308.0
2807300.0
2817980.0
2782100.0
2699680.0
2571024.0
2396748.0
2177764.0
1915292.0
1610856.0
1266264.0
883628.0
465328.0
13988.0
-467512.0
-976084.0
-1508460.0
-2061208.0
-2630776.0
-3213496.0
-3805660.0
-4403508.0
-5003300.0
-5601320.0
-6193896.0
-6777464.0
-7348536.0
-7903764.0
-8439940.0
-8953992.0
-9443008.0
-9904244.0
-1.0335116E7
-1.0733216E7
-1.10963E7
-1.1422296E7
-1.170932E7
-1.1955652E7
-1.2159764E7
-1.232032E7
-1.243618E7
-1.2506408E7
-1.2530296E7
-1.250736E7
-1.2437356E7
-1.23203E7
-1.2156464E7
-1.1946396E7
-1.169092E7
-1.1391136E7
-1.1048424E7
-1.0664444E7
-1.0241116E7
-9780616.0
-9285352.0
-8757956.0
-8201248.0
-7618208.0
-7011968.0
-6385736.0
-5742816.0
-5086528.0
-4420212.0
-3747168.0
-3070624.0
-2393740.0
-1719540.0
-1050904.0
-390572.0
258912.0
895188.0
1516068.0
2119568.0
2703908.0
3267468.0
3808816.0
4326684.0
4819944.0
5287620.0
5728852.0
6142888.0
6529088.0
6886896.0
7215840.0
7515528.0
7785656.0
8025976.0
8236340.0
8416648.0
8566900.0
8687176.0
8777620.0
8838476.0
8870056.0
8872760.0
8847064.0
8793496.0
8712672.0
8605248.0
8471944.0
8313512.0
8130736.0
7924444.0
7695468.0
7444656.0
7172880.0
6881012.0
6569932.0
6240528.0
5893716.0
5530400.0
5151520.0
4758032.0
4350928.0
3931224.0
3499972.0
3058268.0
2607244.0
2148060.0
1681924.0
1210056.0
733696.0
254084.0
-227536.0
-709976.0
-1192060.0
-1672688.0
-2150832.0
-2625560.0
-3096040.0
-3561560.0
-4021552.0
-4475576.0
-4923320.0
-5364648.0
-5799532.0
-6228100.0
-6650600.0
-7067400.0
-7478984.0
-7885904.0
-8288816.0
-8688416.0
-9085452.0
-9480692.0
-9874904.0
-1.0268864E7
-1.06633E7
-1.1058908E7
-1.1456328E7
-1.185612E7
-1.2258768E7
-1.2664668E7
-1.307412E7
-1.3487328E7
-1.3904384E7
-1.4325284E7
-1.4749924E7
-1.51781E7
-1.5609504E7
-1.604374E7
-1.6480328E7
-1.6918696E7
-1.7358184E7
-1.7798048E7
-1.823746E7
-1.8675516E7
-1.9111212E7
-1.9543464E7
-1.9971108E7
-2.039288E7
-2.0807432E7
-2.1213344E7
-2.1609104E7
-2.199316E7
-2.236388E7
-2.2719628E7
-2.3058728E7
-2.3379532E7
-2.368042E7
-2.3959844E7
-2.421636E7
-2.444864E7
-2.4655528E7
-2.4836056E7
-2.4989464E7
-2.5115248E7
-2.521316E7
-2.5283228E7
-2.5325764E7
-2.5341376E7
-2.533094E7
-2.5295616E7
-2.523682E7
-2.5156204E7
-2.5055628E7
-2.4937128E7
-2.4802876E7
-2.4655156E7
-2.449632E7
-2.4328744E7
-2.4154796E7
-2.3976808E7
-2.3797016E7
-2.3617572E7
-2.3440488E7
-2.326762E7
-2.3100648E7
-2.2941072E7
-2.2790196E7
-2.26491E7
-2.251868E7
-2.2399608E7
-2.2292348E7
-2.2197156E7
-2.2114096E7
-2.2043032E7
-2.1983664E7
-2.1935496E7
-2.1897908E7
-2.1870124E7
-2.1851252E7
-2.1840308E7
-2.1836224E7
-2.183788E7
-2.1844124E7
-2.1853796E7
-2.1865768E7
-2.1878928E7
-2.1892248E7
-2.1904784E7
-2.1915688E7
-2.1924244E7
-2.1929864E7
-2.1932108E7
-2.1930688E7
-2.1925472E7
-2.191648E7
-2.1903888E7
-2.1888024E7
-2.1869336E7
-2.1848412E7
-2.1825944E7
-2.1802708E7
-2.1779568E7
-2.175744E7
-2.1737276E7
-2.1720056E7
-2.1706756E7
-2.1698336E7
-2.1695728E7
-2.169982E7
-2.1711432E7
-2.1731312E7
-2.1760124E7
-2.1798432E7
-2.1846692E7
-2.1905252E7
-2.1974312E7
-2.2053964E7
-2.2144124E7
-2.2244588E7
-2.2354984E7
-2.2474772E7
-2.2603268E7
-2.273962E7
-2.2882816E7
-2.3031708E7
-2.3184996E7
-2.3341256E7
-2.3498968E7
-2.3656516E7
-2.3812224E7
-2.3964372E7
-2.4111236E7
-2.42511E7
-2.4382304E7
-2.450324E7
-2.4612412E7
-2.4708428E7
-2.4790032E7
-2.485614E7
-2.4905812E7
-2.493828E7
-2.4952952E7
-2.4949416E7
-2.4927412E7
-2.4886848E7
-2.4827776E7
-2.4750368E7
-2.4654912E7
-2.4541796E7
-2.4411452E7
-2.4264396E7
-2.4101144E7
-2.392224E7
-2.3728212E7
-2.3519568E7
-2.329678E7
-2.3060276E7
-2.2810436E7
-2.2547576E7
-2.2271964E7
-2.1983824E7
-2.1683312E7
-2.137056E7
-2.1045672E7
-2.0708728E7
-2.0359796E7
-1.9998964E7
-1.962632E7
-1.924198E7
-1.8846116E7
-1.843892E7
-1.8020664E7
-1.759166E7
-1.71523E7
-1.6703036E7
-1.6244408E7
-1.5777012E7
-1.530154E7
-1.481874E7
-1.432946E7
-1.3834608E7
-1.3335184E7
-1.2832256E7
-1.232696E7
-1.1820532E7
-1.1314248E7
-1.0809468E7
-1.0307616E7
-9810168.0
-9318656.0
-8834656.0
-8359788.0
-7895680.0
-7444008.0
-7006432.0
-6584624.0
-6180236.0
-5794908.0
-5430240.0
-5087784.0
-4769044.0
-4475468.0
-4208428.0
-3969212.0
-3759024.0
-3578980.0
-3430080.0
-3313228.0
-3229200.0
-3178640.0
-3162068.0
-3179856.0
-3232208.0
-3319188.0
-3440668.0
-3596348.0
-3785740.0
-4008172.0
-4262756.0
-4548444.0
-4863968.0
-5207888.0
-5578580.0
-5974276.0
-6393048.0
-6832828.0
-7291464.0
-7766692.0
-8256188.0
-8757576.0
-9268444.0
-9786388.0
-1.0308976E7
-1.0833824E7
-1.135856E7
-1.1880852E7
-1.2398424E7
-1.2909044E7
-1.3410548E7
-1.3900832E7
-1.4377868E7
-1.48397E7
-1.5284456E7
-1.5710352E7
-1.6115712E7
-1.6498944E7
-1.6858592E7
-1.7193308E7
-1.7501884E7
-1.778326E7
-1.8036516E7
-1.8260892E7
-1.8455796E7
-1.8620796E7
-1.875564E7
-1.886024E7
-1.8934668E7
-1.8979192E7
-1.8994212E7
-1.8980304E7
-1.8938192E7
-1.8868736E7
-1.8772948E7
-1.865196E7
-1.8507024E7
-1.8339508E7
-1.815088E7
-1.7942704E7
-1.7716632E7
-1.7474384E7
-1.7217752E7
-1.6948572E7
-1.6668732E7
-1.6380132E7
-1.6084708E7
-1.5784372E7
-1.5481032E7
-1.5176568E7
-1.4872792E7
-1.4571464E7
-1.4274268E7
-1.3982776E7
-1.3698464E7
-1.342268E7
-1.315664E7
-1.2901432E7
-1.2657984E7
-1.2427092E7
-1.2209408E7
-1.2005432E7
-1.1815544E7
-1.1639988E7
-1.1478912E7
-1.1332344E7
-1.1200244E7
-1.1082496E7
-1.0978928E7
-1.0889344E7
-1.0813528E7
-1.0751248E7
-1.0702284E7
-1.0666436E7
-1.0643544E7
-1.0633468E7
-1.0636104E7
-1.0651412E7
-1.0679372E7
-1.0720016E7
-1.0773412E7
-1.0839648E7
-1.0918856E7
-1.1011168E7
-1.111674E7
-1.1235716E7
-1.1368248E7
-1.1514452E7
-1.1674436E7
-1.1848264E7
-1.2035948E7
-1.223746E7
-1.2452708E7
-1.2681508E7
-1.2923616E7
-1.3178688E7
-1.3446296E7
-1.3725888E7
-1.4016824E7
-1.4318348E7
-1.4629588E7
-1.4949556E7
-1.527716E7
-1.5611188E7
-1.5950324E7
-1.6293156E7
-1.6638184E7
-1.6983808E7
-1.7328372E7
-1.7670144E7
-1.8007336E7
-1.8338128E7
-1.8660644E7
-1.8972996E7
-1.9273264E7
-1.9559536E7
-1.982988E7
-2.0082376E7
-2.0315108E7
-2.0526204E7
-2.0713796E7
-2.0876084E7
-2.1011304E7
-2.111778E7
-2.1193904E7
-2.1238192E7
-2.1249264E7
-2.1225908E7
-2.1167056E7
-2.1071832E7
-2.0939576E7
-2.0769824E7
-2.0562376E7
-2.0317268E7
-2.0034796E7
-1.9715528E7
-1.9360288E7
-1.8970176E7
-1.8546548E7
-1.8091004E7
-1.7605384E7
-1.709176E7
-1.65524E7
-1.5989768E7
-1.5406496E7
-1.4805352E7
-1.4189248E7
-1.3561176E7
-1.2924228E7
-1.2281544E7
-1.1636296E7
-1.0991676E7
-1.035086E7
-9716992.0
-9093156.0
-8482356.0
-7887512.0
-7311412.0
-6756700.0
-6225880.0
-5721264.0
-5244996.0
-4799004.0
-4384996.0
-4004484.0
-3658720.0
-3348752.0
-3075360.0
-2839108.0
-2640316.0
-2479060.0
-2355188.0
-2268324.0
-2217860.0
-2202976.0
-2222652.0
-2275656.0
-2360576.0
-2475816.0
-2619620.0
-2790076.0
-2985120.0
-3202576.0
-3440132.0
-3695392.0
-3965872.0
-4249012.0
-4542200.0
-4842792.0
-5148120.0
-5455512.0
-5762312.0
-6065900.0
-6363708.0
-6653240.0
-6932116.0
-7198044.0
-7448892.0
-7682680.0
-7897608.0
-8092072.0
-8264692.0
-8414312.0
-8540012.0
-8641140.0
-8717280.0
-8768292.0
-8794264.0
-8795556.0
-8772744.0
-8726628.0
-8658216.0
-8568680.0
-8459356.0
-8331712.0
-8187308.0
-8027792.0
-7854852.0
-7670208.0
-7475576.0
-7272636.0
-7063056.0
-6848420.0
-6630264.0
-6410024.0
-6189072.0
-5968668.0
-5750008.0
-5534184.0
-5322216.0
-5115056.0
-4913580.0
-4718620.0
-4530964.0
-4351360.0
-4180532.0
-4019188.0
-3868020.0
-3727720.0
-3598980.0
-3482476.0
-3378888.0
-3288892.0
-3213124.0
-3152224.0
-3106772.0
-3077316.0
-3064316.0
-3068184.0
-3089204.0
-3127580.0
-3183380.0
-3256536.0
-3346836.0
-3453912.0
-3577252.0
-3716176.0
-3869852.0
-4037292.0
-4217384.0
-4408876.0
-4610408.0
-4820524.0
-5037692.0
-5260316.0
-5486756.0
-5715364.0
-5944480.0
-6172456.0
-6397672.0
-6618556.0
-6833592.0
-7041320.0
-7240368.0
-7429440.0
-7607336.0
-7772960.0
-7925332.0
-8063576.0
-8186948.0
-8294824.0
-8386728.0
-8462320.0
-8521392.0
-8563900.0
-8589916.0
-8599680.0
-8593532.0
-8571964.0
-8535544.0
-8484952.0
-8420932.0
-8344276.0
-8255804.0
-8156344.0
-8046700.0
-7927644.0
-7799884.0
-7664072.0
-7520764.0
-7370428.0
-7213456.0
-7050148.0
-6880720.0
-6705324.0
-6524064.0
-6336996.0
-6144164.0
-5945604.0
-5741360.0
-5531516.0
-5316184.0
-5095536.0
-4869796.0
-4639256.0
-4404260.0
-4165228.0
-3922628.0
-3677000.0
-3428916.0
-3178996.0
-2927884.0
-2676272.0
-2424856.0
-2174344.0
-1925468.0
-1678944.0
-1435504.0
-1195860.0
-960724.0
-730788.0
-506724.0
-289172.0
-78764.0
123924.0
318364.0
504064.0
680604.0
847628.0
1004844.0
1152048.0
1289120.0
1416012.0
1532764.0
1639496.0
1736396.0
1823724.0
1901796.0
1970956.0
2031592.0
2084096.0
2128856.0
2166248.0
2196604.0
2220220.0
2237312.0
2248040.0
2252472.0
2250592.0
2242304.0
2227408.0
2205616.0
2176576.0
2139848.0
2094936.0
2041296.0
1978368.0
1905552.0
1822272.0
1727968.0
1622120.0
1504272.0
1374044.0
1231140.0
1075388.0
906720.0
725208.0
531060.0
324620.0
106396.0
-122964.0
-362672.0
-611792.0
-869232.0
-1133804.0
-1404192.0
-1678980.0
-1956664.0
-2235696.0
-2514472.0
-2791384.0
-3064832.0
-3333260.0
-3595172.0
-3849176.0
-4093992.0
-4328492.0
-4551716.0
-4762892.0
-4961444.0
-5147020.0
-5319488.0
-5478944.0
-5625704.0
-5760304.0
-5883488.0
-5996196.0
-6099540.0
-6194792.0
-6283356.0
-6366736.0
-6446544.0
-6524416.0
-6602052.0
-6681132.0
-6763332.0
-6850264.0
-6943492.0
-7044484.0
-7154580.0
-7275008.0
-7406844.0
-7551000.0
-7708220.0
-7879064.0
-8063916.0
-8262952.0
-8476176.0
-8703392.0
-8944232.0
-9198152.0
-9464448.0
-9742264.0
-1.0030616E7
-1.0328392E7
-1.0634384E7
-1.0947304E7
-1.1265788E7
-1.1588424E7
-1.1913768E7
-1.2240352E7
-1.2566696E7
-1.2891324E7
-1.3212784E7
-1.3529624E7
-1.3840428E7
-1.41438E7
-1.4438392E7
-1.4722872E7
-1.4995936E7
-1.5256332E7
-1.5502828E7
-1.5734232E7
-1.594938E7
-1.614716E7
-1.6326492E7
-1.6486372E7
-1.6625832E7
-1.6744008E7
-1.6840116E7
-1.69135E7
-1.6963616E7
-1.6990104E7
-1.6992772E7
-1.697164E7
-1.6926948E7
-1.6859196E7
-1.676914E7
-1.6657832E7
-1.6526584E7
-1.6377012E7
-1.621102E7
-1.603076E7
-1.5838648E7
-1.5637304E7
-1.5429544E7
-1.5218308E7
-1.5006648E7
-1.4797644E7
-1.4594372E7
-1.439984E7
-1.421694E7
-1.4048388E7
-1.3896672E7
-1.3764028E7
-1.3652368E7
-1.3563276E7
-1.3497956E7
-1.3457244E7
-1.344156E7
-1.3450936E7
-1.3485012E7
-1.354304E7
-1.3623896E7
-1.3726144E7
-1.3848016E7
-1.3987496E7
-1.4142316E7
-1.4310028E7
-1.448804E7
-1.4673668E7
-1.4864168E7
-1.5056796E7
-1.5248856E7
-1.5437724E7
-1.5620904E7
-1.5796064E7
-1.596106E7
-1.6113972E7
-1.6253128E7
-1.6377108E7
-1.6484792E7
-1.6575328E7
-1.664816E7
-1.6703036E7
-1.6739976E7
-1.6759296E7
-1.6761564E7
-1.6747604E7
-1.6718468E7
-1.6675416E7
-1.6619896E7
-1.6553496E7
-1.647794E7
-1.6395032E7
-1.6306644E7
-1.6214676E7
-1.6121004E7
-1.6027468E7
-1.5935828E7
-1.5847744E7
-1.5764724E7
-1.5688116E7
-1.5619084E7
-1.5558572E7
-1.5507304E7
-1.5465768E7
-1.5434212E7
-1.541264E7
-1.5400804E7
-1.5398248E7
-1.5404276E7
-1.5418008E7
-1.5438372E7
-1.5464156E7
-1.5494008E7
-1.5526496E7
-1.5560112E7
-1.5593316E7
-1.5624572E7
-1.565238E7
-1.5675312E7
-1.5692012E7
-1.5701268E7
-1.5702008E7
-1.5693328E7
-1.56745E7
-1.5645008E7
-1.5604532E7
-1.555296E7
-1.5490388E7
-1.5417104E7
-1.5333596E7
-1.5240516E7
-1.5138672E7
-1.5029008E7
-1.4912576E7
-1.4790512E7
-1.4664012E7
-1.4534304E7
-1.4402628E7
-1.4270208E7
-1.4138224E7
-1.4007804E7
-1.3880004E7
-1.3755776E7
-1.3635972E7
-1.352134E7
-1.3412488E7
-1.3309892E7
-1.3213912E7
-1.3124756E7
-1.3042524E7
-1.2967164E7
-1.289852E7
-1.2836308E7
-1.278016E7
-1.2729608E7
-1.2684096E7
-1.2643012E7
-1.2605696E7
-1.2571432E7
-1.2539492E7
-1.2509128E7
-1.2479596E7
-1.2450144E7
-1.2420052E7
-1.2388616E7
-1.2355176E7
-1.2319088E7
-1.2279772E7
-1.2236684E7
-1.218932E7
-1.2137236E7
-1.208004E7
-1.2017384E7
-1.1948968E7
-1.1874548E7
-1.1793908E7
-1.1706884E7
-1.1613332E7
-1.1513132E7
-1.1406176E7
-1.129238E7
-1.1171632E7
-1.1043808E7
-1.090876E7
-1.0766312E7
-1.0616244E7
-1.0458272E7
-1.0292088E7
-1.0117312E7
-9933520.0
-9740244.0
-9536992.0
-9323232.0
-9098440.0
-8862084.0
-8613680.0
-8352768.0
-8078980.0
-7792012.0
-7491676.0
-7177916.0
-6850800.0
-6510552.0
-6157568.0
-5792404.0
-5415792.0
-5028624.0
-4631980.0
-4227088.0
-3815340.0
-3398256.0
-2977484.0
-2554784.0
-2131980.0
-1710976.0
-1293688.0
-882056.0
-477988.0
-83328.0
300136.0
670760.0
1027020.0
1367556.0
1691212.0
1997036.0
2284304.0
2552532.0
2801476.0
3031156.0
3241820.0
3433956.0
3608280.0
3765684.0
3907260.0
4034220.0
4147904.0
4249712.0
4341100.0
4423512.0
4498372.0
4567040.0
4630760.0
4690684.0
4747800.0
4802936.0
4856752.0
4909720.0
4962128.0
5014080.0
5065508.0
5116184.0
5165712.0
5213572.0
5259124.0
5301624.0
5340260.0
5374152.0
5402384.0
5424024.0
5438128.0
5443768.0
5440056.0
5426124.0
5401180.0
5364468.0
5315320.0
5253136.0
5177396.0
5087672.0
4983608.0
4864940.0
4731504.0
4583208.0
4420056.0
4242148.0
4049656.0
3842864.0
3622132.0
3387932.0
3140824.0
2881476.0
2610664.0
2329288.0
2038348.0
1738976.0
1432436.0
1120104.0
803476.0
484192.0
163980.0
-155316.0
-471784.0
-783412.0
-1088152.0
-1383924.0
-1668636.0
-1940224.0
-2196668.0
-2436012.0
-2656416.0
-2856156.0
-3033668.0
-3187560.0
-3316632.0
-3419912.0
-3496644.0
-3546332.0
-3568724.0
-3563848.0
-3531984.0
-3473696.0
-3389804.0
-3281408.0
-3149856.0
-2996752.0
-2823908.0
-2633380.0
-2427380.0
-2208304.0
-1978676.0
-1741112.0
-1498308.0
-1252968.0
-1007796.0
-765456.0
-528508.0
-299388.0
-80372.0
126436.0
319172.0
496200.0
656136.0
797856.0
920512.0
1023496.0
1106460.0
1169276.0
1212024.0
1234948.0
1238432.0
1222956.0
1189060.0
1137288.0
1068160.0
982140.0
879572.0
760676.0
625508.0
473952.0
305676.0
120172.0
-83256.0
-305516.0
-547648.0
-810860.0
-1096460.0
-1405840.0
-1740412.0
-2101612.0
-2490812.0
-2909304.0
-3358256.0
-3838660.0
-4351308.0
-4896752.0
-5475292.0
-6086924.0
-6731360.0
-7407988.0
-8115892.0
-8853836.0
-9620280.0
-1.0413412E7
-1.1231132E7
-1.2071112E7
-1.2930812E7
-1.38075E7
-1.4698304E7
-1.5600252E7
-1.6510288E7
-1.7425344E7
-1.8342332E7
-1.9258232E7
-2.0170084E7
-2.107506E7
-2.1970468E7
-2.2853788E7
-2.3722704E7
-2.457512E7
-2.540918E7
-2.6223284E7
-2.7016104E7
-2.7786568E7
-2.8533896E7
-2.9257568E7
-2.9957352E7
-3.0633252E7
-3.128552E7
-3.1914632E7
-3.252128E7
-3.3106316E7
-3.3670748E7
-3.42157E7
-3.474238E7
-3.5252052E7
-3.5745992E7
-3.622546E7
-3.669166E7
-3.7145732E7
-3.7588696E7
-3.8021452E7
-3.8444748E7
-3.8859172E7
-3.9265148E7
-3.9662928E7
-4.00526E7
-4.0434084E7
-4.0807164E7
-4.1171496E7
-4.152662E7
-4.1872004E7
-4.2207056E7
-4.2531148E7
-4.2843652E7
-4.314396E7
-4.3431508E7
-4.3705796E7
-4.3966412E7
-4.4213032E7
-4.4445444E7
-4.4663544E7
-4.4867328E7
-4.5056916E7
-4.5232508E7
-4.5394396E7
-4.5542936E7
-4.5678536E7
-4.5801644E7
-4.5912704E7
-4.6012164E7
-4.610044E7
-4.61779E7
-4.6244856E7
-4.630154E7
-4.6348116E7
-4.6384652E7
-4.6411128E7
-4.6427448E7
-4.6433432E7
-4.6428828E7
-4.6413344E7
-4.6386636E7
-4.634836E7
-4.6298148E7
-4.623568E7
-4.6160652E7
-4.607284E7
-4.5972084E7
-4.5858332E7
-4.5731616E7
-4.5592108E7
-4.5440084E7
-4.5275932E7
-4.5100168E7
-4.491342E7
-4.47164E7
-4.4509912E7
-4.429482E7
-4.4072036E7
-4.3842504E7
-4.3607172E7
-4.3366968E7
-4.31228E7
-4.2875508E7
-4.2625876E7
-4.2374612E7
-4.2122324E7
-4.1869532E7
-4.1616644E7
-4.136398E7
-4.1111732E7
-4.0860008E7
-4.0608804E7
-4.0358036E7
-4.0107532E7
-3.9857028E7
-3.9606216E7
-3.935472E7
-3.9102108E7
-3.8847916E7
-3.859166E7
-3.8332832E7
-3.807092E7
-3.7805412E7
-3.7535816E7
-3.7261656E7
-3.6982488E7
-3.6697908E7
-3.6407548E7
-3.6111108E7
-3.5808316E7
-3.5498984E7
-3.5182964E7
-3.4860188E7
-3.4530628E7
-3.4194332E7
-3.3851416E7
-3.350204E7
-3.3146424E7
-3.2784848E7
-3.2417644E7
-3.20452E7
-3.1667932E7
-3.1286324E7
-3.0900888E7
-3.0512184E7
-3.0120796E7
-2.9727352E7
-2.9332496E7
-2.8936904E7
-2.8541264E7
-2.8146276E7
-2.7752652E7
-2.73611E7
-2.6972328E7
-2.6587032E7
-2.6205896E7
-2.58296E7
-2.5458788E7
-2.5094112E7
-2.4736188E7
-2.4385624E7
-2.4043012E7
-2.3708932E7
-2.3383968E7
-2.3068672E7
-2.2763604E7
-2.2469316E7
-2.2186332E7
-2.191518E7
-2.1656328E7
-2.1410236E7
-2.1177296E7
-2.0957836E7
-2.07521E7
-2.0560244E7
-2.0382296E7
-2.0218176E7
-2.0067636E7
-1.9930296E7
-1.9805628E7
-1.9692916E7
-1.9591312E7
-1.9499812E7
-1.9417276E7
-1.9342432E7
-1.9273916E7
-1.9210272E7
-1.9149996E7
-1.9091564E7
-1.9033424E7
-1.8974084E7
-1.8912088E7
-1.8846072E7
-1.8774768E7
-1.8697048E7
-1.861192E7
-1.8518556E7
-1.84163E7
-1.8304672E7
-1.8183392E7
-1.8052344E7
-1.7911596E7
-1.7761404E7
-1.7602176E7
-1.743448E7
-1.7259028E7
-1.7076656E7
-1.6888304E7
-1.6695008E7
-1.649788E7
-1.629808E7
-1.6096804E7
-1.5895276E7
-1.56947E7
-1.5496276E7
-1.530116E7
-1.5110468E7
-1.4925244E7
-1.4746476E7
-1.4575044E7
-1.441178E7
-1.4257384E7
-1.4112496E7
-1.3977656E7
-1.3853304E7
-1.3739808E7
-1.3637464E7
-1.354648E7
-1.3467012E7
-1.3399148E7
-1.3342928E7
-1.3298352E7
-1.326536E7
-1.3243864E7
-1.3233724E7
-1.3234764E7
-1.324676E7
-1.3269436E7
-1.3302476E7
-1.3345484E7
-1.3398024E7
-1.3459584E7
-1.352958E7
-1.360738E7
-1.3692264E7
-1.3783468E7
-1.3880172E7
-1.3981512E7
-1.4086596E7
-1.4194512E7
-1.4304344E7
-1.4415208E7
-1.452624E7
-1.4636628E7
-1.4745636E7
-1.4852612E7
-1.4956988E7
-1.5058324E7
-1.5156284E7
-1.5250656E7
-1.534136E7
-1.5428432E7
-1.551204E7
-1.5592456E7
-1.5670068E7
-1.5745344E7
-1.5818836E7
-1.5891172E7
-1.5962996E7
-1.6035004E7
-1.6107896E7
-1.6182352E7
-1.625904E7
-1.633858E7
-1.6421544E7
-1.6508416E7
-1.6599624E7
-1.66955E7
-1.6796276E7
-1.6902096E7
-1.7012996E7
-1.7128916E7
-1.7249692E7
-1.737506E7
-1.7504664E7
-1.7638056E7
-1.7774696E7
-1.791398E7
-1.8055208E7
-1.8197628E7
-1.8340432E7
-1.848276E7
-1.8623712E7
-1.8762364E7
-1.88978E7
-1.9029084E7
-1.9155312E7
-1.9275608E7
-1.938916E7
-1.949522E7
-1.9593124E7
-1.9682324E7
-1.9762388E7
-1.9833012E7
-1.989406E7
-1.9945532E7
-1.9987624E7
-2.0020676E7
-2.0045236E7
-2.0061996E7
-2.0071852E7
-2.0075836E7
-2.0075152E7
-2.007114E7
-2.0065256E7
-2.0059052E7
-2.0054168E7
-2.0052264E7
-2.0055036E7
-2.0064148E7
-2.0081216E7
-2.010776E7
-2.0145184E7
-2.019472E7
-2.025742E7
-2.0334112E7
-2.042538E7
-2.0531532E7
-2.0652604E7
-2.0788324E7
-2.093814E7
-2.110118E7
-2.1276304E7
-2.1462084E7
-2.165684E7
-2.185866E7
-2.2065436E7
-2.2274884E7
-2.2484596E7
-2.2692076E7
-2.2894772E7
-2.3090124E7
-2.32756E7
-2.3448748E7
-2.360722E7
-2.3748812E7
-2.3871508E7
-2.3973488E7
-2.405316E7
-2.4109196E7
-2.4140516E7
-2.4146344E7
-2.412616E7
-2.4079756E7
-2.4007192E7
-2.3908824E7
-2.3785264E7
-2.3637392E7
-2.3466328E7
-2.3273412E7
-2.30602E7
-2.2828416E7
-2.2579944E7
-2.2316804E7
-2.2041112E7
-2.1755064E7
-2.1460912E7
-2.116092E7
-2.0857364E7
-2.055248E7
-2.0248456E7
-1.9947424E7
-1.9651416E7
-1.9362368E7
-1.9082104E7
-1.8812312E7
-1.855456E7
-1.8310272E7
-1.8080732E7
-1.7867076E7
-1.7670308E7
-1.7491276E7
-1.73307E7
-1.7189152E7
-1.7067076E7
-1.6964776E7
-1.6882432E7
-1.6820092E7
-1.6777692E7
-1.675504E7
-1.6751824E7
-1.676764E7
-1.6801956E7
-1.6854148E7
-1.69235E7
-1.7009188E7
-1.7110328E7
-1.7225936E7
-1.7354976E7
-1.7496344E7
-1.7648892E7
-1.7811432E7
-1.798276E7
-1.8161644E7
-1.8346868E7
-1.853722E7
-1.873152E7
-1.892862E7
-1.9127432E7
-1.9326912E7
-1.9526088E7
-1.9724064E7
-1.9920008E7
-2.0113164E7
-2.0302856E7
-2.0488472E7
-2.0669476E7
-2.084538E7
-2.1015764E7
-2.1180252E7
-2.13385E7
-2.1490204E7
-2.1635092E7
-2.1772892E7
-2.1903364E7
-2.2026256E7
-2.2141332E7
-2.224834E7
-2.2347024E7
-2.243712E7
-2.2518344E7
-2.2590416E7
-2.2653028E7
-2.2705864E7
-2.2748608E7
-2.278094E7
-2.2802532E7
-2.281308E7
-2.281228E7
-2.2799864E7
-2.2775596E7
-2.2739276E7
-2.2690748E7
-2.2629936E7
-2.2556796E7
-2.2471384E7
-2.2373812E7
-2.2264284E7
-2.2143064E7
-2.2010516E7
-2.186706E7
-2.1713192E7
-2.1549476E7
-2.1376508E7
-2.1194936E7
-2.100544E7
-2.0808696E7
-2.0605392E7
-2.0396196E7
-2.018174E7
-1.9962624E7
-1.9739372E7
-1.9512468E7
-1.9282308E7
-1.9049204E7
-1.8813396E7
-1.8575032E7
-1.8334176E7
-1.809082E7
-1.7844868E7
-1.7596164E7
-1.7344492E7
-1.7089576E7
-1.6831108E7
-1.6568744E7
-1.63021E7
-1.6030812E7
-1.5754472E7
-1.5472692E7
-1.518508E7
-1.4891244E7
-1.4590812E7
-1.4283416E7
-1.396868E7
-1.364626E7
-1.3315792E7
-1.2976908E7
-1.2629256E7
-1.2272444E7
-1.1906096E7
-1.1529808E7
-1.1143172E7
-1.074576E7
-1.0337152E7
-9916920.0
-9484656.0
-9039956.0
-8582468.0
-8111884.0
-7627944.0
-7130480.0
-6619412.0
-6094756.0
-5556664.0
-5005400.0
-4441384.0
-3865160.0
-3277432.0
-2679056.0
-2071016.0
-1454460.0
-830644.0
-200968.0
433076.0
1069908.0
1707848.0
2345176.0
2980120.0
3610884.0
4235660.0
4852664.0
5460124.0
6056316.0
6639584.0
7208320.0
7761024.0
8296288.0
8812828.0
9309460.0
9785168.0
1.0239072E7
1.067044E7
1.1078728E7
1.1463568E7
1.1824768E7
1.2162336E7
1.2476464E7
1.2767544E7
1.3036156E7
1.328306E7
1.3509188E7
1.3715636E7
1.390364E7
1.4074556E7
1.422984E7
1.437102E7
1.4499672E7
1.4617392E7
1.4725752E7
1.4826312E7
1.4920544E7
1.5009844E7
1.5095484E7
1.5178636E7
1.5260296E7
1.534132E7
1.54224E7
1.5504056E7
1.5586632E7
1.567032E7
1.575514E7
1.5840952E7
1.5927484E7
1.6014324E7
1.6100932E7
1.6186676E7
1.627082E7
1.635256E7
1.6431016E7
1.6505272E7
1.6574368E7
1.6637328E7
1.669316E7
1.674088E7
1.6779516E7
1.6808112E7
1.6825744E7
1.683154E7
1.6824648E7
1.6804284E7
1.6769724E7
1.6720292E7
1.6655392E7
1.6574472E7
1.6477072E7
1.6362812E7
1.6231368E7
1.6082512E7
1.5916092E7
1.5732052E7
1.5530416E7
1.5311308E7
1.5074948E7
1.4821648E7
1.455182E7
1.4265972E7
1.396472E7
1.364876E7
1.331888E7
1.2975952E7
1.2620928E7
1.2254808E7
1.187866E7
1.1493588E7
1.110072E7
1.0701212E7
1.0296216E7
9886880.0
9474336.0
9059688.0
8644016.0
8228360.0
7813716.0
7401044.0
6991276.0
6585300.0
6183984.0
5788168.0
5398692.0
5016376.0
4642056.0
4276580.0
3920816.0
3575640.0
3241968.0
2920736.0
2612888.0
2319392.0
2041220.0
1779324.0
1534644.0
1308068.0
1100456.0
912564.0
745096.0
598640.0
473692.0
370628.0
289708.0
231084.0
194792.0
180760.0
188812.0
218692.0
270040.0
342460.0
435468.0
548528.0
681060.0
832436.0
1001988.0
1188996.0
1392696.0
1612272.0
1846848.0
2095484.0
2357172.0
2630836.0
2915320.0
3209392.0
3511748.0
3821012.0
4135740.0
4454448.0
4775584.0
5097580.0
5418856.0
5737816.0
6052900.0
6362552.0
6665284.0
6959680.0
7244376.0
7518124.0
7779776.0
8028296.0
8262776.0
8482448.0
8686656.0
8874904.0
9046820.0
9202172.0
9340840.0
9462852.0
9568320.0
9657456.0
9730588.0
9788084.0
9830404.0
9858040.0
9871536.0
9871452.0
9858388.0
9832932.0
9795696.0
9747272.0
9688272.0
9619272.0
9540848.0
9453560.0
9357940.0
9254504.0
9143740.0
9026108.0
8902028.0
8771896.0
8636052.0
8494812.0
8348448.0
8197184.0
8041216.0
7880708.0
7715804.0
7546612.0
7373264.0
7195872.0
7014588.0
6829584.0
6641064.0
6449300.0
6254632.0
6057440.0
5858212.0
5657500.0
5455916.0
5254168.0
5053004.0
4853248.0
4655732.0
4461344.0
4270944.0
4085408.0
3905556.0
3732164.0
3565940.0
3407488.0
3257340.0
3115888.0
2983412.0
2860088.0
2745952.0
2640932.0
2544848.0
2457440.0
2378352.0
2307188.0
2243504.0
2186840.0
2136736.0
2092756.0
2054492.0
2021592.0
1993764.0
1970776.0
1952468.0
1938748.0
1929580.0
1924980.0
1925000.0
1929712.0
1939200.0
1953528.0
1972724.0
1996756.0
2025524.0
2058848.0
2096436.0
2137872.0
2182628.0
2230060.0
2279368.0
2329660.0
2379916.0
2429012.0
2475752.0
2518844.0
2556984.0
2588804.0
2612968.0
2628132.0
2633008.0
2626376.0
2607088.0
2574112.0
2526524.0
2463544.0
2384528.0
2288980.0
2176564.0
2047104.0
1900580.0
1737116.0
1556996.0
1360640.0
1148612.0
921592.0
680380.0
425884.0
159108.0
-118852.0
-406828.0
-703588.0
-1007824.0
-1318172.0
-1633220.0
-1951524.0
-2271588.0
-2591896.0
-2910892.0
-3227024.0
-3538712.0
-3844384.0
-4142476.0
-4431440.0
-4709776.0
-4976020.0
-5228760.0
-5466688.0
-5688568.0
-5893260.0
-6079768.0
-6247204.0
-6394816.0
-6522004.0
-6628308.0
-6713416.0
-6777148.0
-6819472.0
-6840460.0
-6840316.0
-6819340.0
-6777900.0
-6716440.0
-6635440.0
-6535416.0
-6416896.0
-6280396.0
-6126412.0
-5955400.0
-5767776.0
-5563908.0
-5344080.0
-5108544.0
-4857460.0
-4590948.0
-4309064.0
-4011824.0
-3699196.0
-3371132.0
-3027580.0
-2668476.0
-2293796.0
-1903532.0
-1497736.0
-1076532.0
-640108.0
-188752.0
277144.0
757096.0
1250492.0
1756596.0
2274564.0
2803424.0
3342108.0
3889420.0
4444076.0
5004708.0
5569860.0
6138020.0
6707632.0
7277096.0
7844812.0
8409160.0
8968548.0
9521404.0
1.0066216E7
1.0601508E7
1.1125892E7
1.163804E7
1.2136732E7
1.2620832E7
1.3089308E7
1.3541224E7
1.3975752E7
1.4392168E7
1.478984E7
1.516824E7
1.5526912E7
1.58655E7
1.6183704E7
1.64813E7
1.6758104E7
1.7014E7
1.7248888E7
1.7462732E7
1.76555E7
1.7827212E7
1.7977896E7
1.8107624E7
1.8216508E7
1.8304684E7
1.8372348E7
1.841974E7
1.8447156E7
1.8454964E7
1.844358E7
1.84135E7
1.8365276E7
1.8299516E7
1.8216884E7
1.8118076E7
1.80038E7
1.787478E7
1.7731716E7
1.757528E7
1.7406072E7
1.722462E7
1.7031348E7
1.6826572E7
1.661048E7
1.6383108E7
1.6144364E7
1.5894E7
1.5631648E7
1.5356792E7
1.506882E7
1.4767016E7
1.4450612E7
1.4118764E7
1.3770648E7
1.3405428E7
1.3022312E7
1.2620584E7
1.2199616E7
1.17589E7
1.1298072E7
1.0816916E7
1.0315396E7
9793648.0
9252012.0
8691008.0
8111356.0
7513964.0
6899928.0
6270520.0
5627180.0
4971508.0
4305244.0
3630268.0
2948556.0
2262192.0
1573328.0
884176.0
196988.0
-485964.0
-1162436.0
-1830196.0
-2487060.0
-3130932.0
-3759808.0
-4371804.0
-4965168.0
-5538312.0
-6089820.0
-6618468.0
-7123216.0
-7603244.0
-8057944.0
-8486904.0
-8889948.0
-9267080.0
-9618524.0
-9944676.0
-1.0246104E7
-1.0523552E7
-1.0777888E7
-1.1010104E7
-1.1221308E7
-1.1412672E7
-1.1585456E7
-1.1740936E7
-1.1880444E7
-1.2005308E7
-1.211684E7
-1.2216352E7
-1.23051E7
-1.2384312E7
-1.2455136E7
-1.2518672E7
-1.2575924E7
-1.2627824E7
-1.2675204E7
-1.271878E7
-1.2759176E7
-1.2796888E7
-1.283228E7
-1.28656E7
-1.2896948E7
-1.292628E7
-1.295342E7
-1.297804E7
-1.2999676E7
-1.3017728E7
-1.3031468E7
-1.3040052E7
-1.3042544E7
-1.303792E7
-1.3025096E7
-1.3002956E7
-1.297036E7
-1.2926188E7
-1.2869368E7
-1.2798884E7
-1.2713816E7
-1.2613352E7
-1.2496832E7
-1.2363736E7
-1.2213712E7
-1.2046592E7
-1.1862376E7
-1.1661272E7
-1.144364E7
-1.121002E7
-1.0961124E7
-1.0697784E7
-1.0420976E7
-1.0131776E7
-9831332.0
-9520860.0
-9201588.0
-8874780.0
-8541660.0
-8203424.0
-7861216.0
-7516100.0
-7169056.0
-6820960.0
-6472604.0
-6124660.0
-5777696.0
-5432184.0
-5088512.0
-4746976.0
-4407808.0
-4071184.0
-3737256.0
-3406124.0
-3077908.0
-2752724.0
-2430700.0
-2112012.0
-1796864.0
-1485508.0
-1178248.0
-875444.0
-577496.0
-284864.0
1948.0
282412.0
555964.0
821996.0
1079900.0
1329056.0
1568848.0
1798656.0
2017880.0
2225944.0
2422284.0
2606380.0
2777764.0
2935984.0
3080664.0
3211464.0
3328132.0
3430452.0
3518300.0
3591604.0
3650388.0
3694732.0
3724800.0
3740824.0
3743100.0
3732000.0
3707940.0
3671392.0
3622876.0
3562928.0
3492120.0
3411032.0
3320252.0
3220364.0
3111928.0
2995488.0
2871556.0
2740616.0
2603104.0
2459412.0
2309884.0
2154804.0
1994408.0
1828876.0
1658316.0
1482780.0
1302264.0
1116684.0
925900.0
729696.0
527800.0
319868.0
105496.0
-115776.0
-344496.0
-581224.0
-826588.0
-1081236.0
-1345868.0
-1621196.0
-1907932.0
-2206816.0
-2518560.0
-2843864.0
-3183404.0
-3537820.0
-3907704.0
-4293588.0
-4695952.0
-5115196.0
-5551640.0
-6005508.0
-6476948.0
-6965980.0
-7472524.0
-7996396.0
-8537268.0
-9094704.0
-9668152.0
-1.0256912E7
-1.0860184E7
-1.1477044E7
-1.2106464E7
-1.27473E7
-1.339834E7
-1.4058292E7
-1.4725792E7
-1.5399452E7
-1.6077848E7
-1.675954E7
-1.7443116E7
-1.8127176E7
-1.881036E7
-1.9491364E7
-2.0168948E7
-2.0841928E7
-2.1509212E7
-2.2169768E7
-2.2822644E7
-2.3466952E7
-2.4101876E7
-2.4726644E7
-2.534054E7
-2.5942884E7
-2.6533028E7
-2.7110344E7
-2.7674244E7
-2.8224144E7
-2.8759472E7
-2.9279704E7
-2.978432E7
-3.0272828E7
-3.0744788E7
-3.11998E7
-3.1637508E7
-3.205762E7
-3.24599E7
-3.284418E7
-3.3210348E7
-3.3558356E7
-3.3888208E7
-3.419996E7
-3.4493696E7
-3.4769536E7
-3.5027604E7
-3.5268028E7
-3.5490928E7
-3.5696392E7
-3.5884496E7
-3.6055252E7
-3.6208652E7
-3.6344628E7
-3.6463084E7
-3.6563872E7
-3.664682E7
-3.6711744E7
-3.6758444E7
-3.6786736E7
-3.6796448E7
-3.678746E7
-3.6759692E7
-3.6713148E7
-3.66479E7
-3.6564116E7
-3.6462068E7
-3.6342116E7
-3.6204744E7
-3.605052E7
-3.5880128E7
-3.5694328E7
-3.5493972E7
-3.5279968E7
-3.50533E7
-3.4814968E7
-3.4566032E7
-3.430754E7
-3.4040556E7
-3.3766132E7
-3.3485288E7
-3.3199036E7
-3.2908324E7
-3.2614068E7
-3.2317136E7
-3.2018348E7
-3.1718448E7
-3.141816E7
-3.111812E7
-3.0818936E7
-3.0521164E7
-3.0225296E7
-2.9931808E7
-2.9641112E7
-2.9353604E7
-2.9069636E7
-2.878954E7
-2.8513624E7
-2.8242164E7
-2.797544E7
-2.7713692E7
-2.7457172E7
-2.7206108E7
-2.6960728E7
-2.6721252E7
-2.6487904E7
-2.6260896E7
-2.6040456E7
-2.58268E7
-2.5620164E7
-2.542078E7
-2.5228888E7
-2.5044752E7
-2.4868632E7
-2.4700816E7
-2.4541608E7
-2.4391328E7
-2.425032E7
-2.4118944E7
-2.3997592E7
-2.3886664E7
-2.3786592E7
-2.3697804E7
-2.3620748E7
-2.3555864E7
-2.350358E7
-2.3464296E7
-2.3438372E7
-2.342612E7
-2.3427772E7
-2.3443476E7
-2.3473272E7
-2.3517076E7
-2.3574684E7
-2.3645724E7
-2.3729672E7
-2.3825856E7
-2.3933424E7
-2.4051352E7
-2.4178476E7
-2.4313472E7
-2.4454868E7
-2.4601092E7
-2.4750448E7
-2.4901184E7
-2.5051472E7
-2.5199476E7
-2.5343336E7
-2.5481252E7
-2.5611448E7
-2.5732244E7
-2.584208E7
-2.59395E7
-2.602322E7
-2.6092128E7
-2.6145284E7
-2.6181956E7
-2.620162E7
-2.620396E7
-2.6188864E7
-2.6156444E7
-2.6107012E7
-2.6041064E7
-2.5959284E7
-2.586252E7
-2.5751764E7
-2.5628136E7
-2.549286E7
-2.5347244E7
-2.5192648E7
-2.5030468E7
-2.4862104E7
-2.4688952E7
-2.4512356E7
-2.4333608E7
-2.415392E7
-2.3974408E7
-2.3796068E7
-2.361978E7
-2.3446272E7
-2.3276132E7
-2.31098E7
-2.294756E7
-2.278954E7
-2.2635716E7
-2.248592E7
-2.2339864E7
-2.2197124E7
-2.2057168E7
-2.1919384E7
-2.178308E7
-2.16475E7
-2.151188E7
-2.1375408E7
-2.1237296E7
-2.1096764E7
-2.0953072E7
-2.0805532E7
-2.065352E7
-2.0496484E7
-2.0333948E7
-2.016554E7
-1.9990976E7
-1.9810048E7
-1.9622668E7
-1.9428812E7
-1.9228564E7
-1.9022088E7
-1.88096E7
-1.8591404E7
-1.8367856E7
-1.8139352E7
-1.790632E7
-1.7669228E7
-1.7428548E7
-1.718476E7
-1.693834E7
-1.6689748E7
-1.643942E7
-1.6187768E7
-1.593518E7
-1.5681996E7
-1.5428528E7
-1.5175052E7
-1.4921808E7
-1.4669012E7
-1.4416856E7
-1.4165504E7
-1.3915124E7
-1.3665868E7
-1.3417896E7
-1.317138E7
-1.2926496E7
-1.2683452E7
-1.2442464E7
-1.220378E7
-1.196766E7
-1.173438E7
-1.1504248E7
-1.1277548E7
-1.1054576E7
-1.0835612E7
-1.0620904E7
-1.041066E7
-1.0205048E7
-1.0004152E7
-9807988.0
-9616488.0
-9429460.0
-9246628.0
-9067576.0
-8891784.0
-8718596.0
-8547244.0
-8376832.0
-8206380.0
-8034784.0
-7860884.0
-7683464.0
-7501260.0
-7313020.0
-7117500.0
-6913516.0
-6699964.0
-6475848.0
-6240324.0
-5992700.0
-5732484.0
-5459392.0
-5173356.0
-4874552.0
-4563392.0
-4240512.0
-3906792.0
-3563336.0
-3211436.0
-2852588.0
-2488432.0
-2120752.0
-1751444.0
-1382472.0
-1015856.0
-653620.0
-297792.0
49644.0
386772.0
711780.0
1022952.0
1318700.0
1597604.0
1858372.0
2099912.0
2321288.0
2521764.0
2700764.0
2857904.0
2992980.0
3105940.0
3196900.0
3266140.0
3314052.0
3341172.0
3348128.0
3335652.0
3304552.0
3255700.0
3190016.0
3108464.0
3012012.0
2901664.0
2778412.0
2643248.0
2497164.0
2341120.0
2176072.0
2002964.0
1822716.0
1636224.0
1444392.0
1248112.0
1048264.0
845732.0
641400.0
436176.0
230968.0
26692.0
-175708.0
-375288.0
-571084.0
-762120.0
-947416.0
-1126008.0
-1296924.0
-1459228.0
-1612012.0
-1754408.0
-1885612.0
-2004888.0
-2111576.0
-2205112.0
-2285056.0
-2351056.0
-2402900.0
-2440500.0
-2463896.0
-2473284.0
-2468968.0
-2451404.0
-2421160.0
-2378944.0
-2325564.0
-2261932.0
-2189068.0
-2108056.0
-2020068.0
-1926316.0
-1828072.0
-1726620.0
-1623264.0
-1519324.0
-1416096.0
-1314844.0
-1216812.0
-1123168.0
-1035044.0
-953468.0
-879416.0
-813760.0
-757260.0
-710604.0
-674360.0
-648980.0
-634836.0
-632184.0
-641188.0
-661916.0
-694348.0
-738404.0
-793920.0
-860692.0
-938472.0
-1026972.0
-1125908.0
-1234976.0
-1353904.0
-1482432.0
-1620352.0
-1767492.0
-1923756.0
-2089104.0
-2263568.0
-2447252.0
-2640320.0
-2843004.0
-3055580.0
-3278368.0
-3511708.0
-3755940.0
-4011384.0
-4278324.0
-4556988.0
-4847520.0
-5149964.0
-5464228.0
-5790116.0
-6127256.0
-6475132.0
-6833084.0
-7200272.0
-7575728.0
-7958336.0
-8346868.0
-8739988.0
-9136308.0
-9534372.0
-9932740.0
-1.0329964E7
-1.0724664E7
-1.1115536E7
-1.1501392E7
-1.1881184E7
-1.2254E7
-1.2619132E7
-1.2976052E7
-1.3324424E7
-1.3664116E7
-1.3995196E7
-1.4317916E7
-1.4632704E7
-1.4940152E7
-1.5240992E7
-1.5536068E7
-1.5826304E7
-1.6112696E7
-1.6396252E7
-1.6677992E7
-1.6958892E7
-1.7239864E7
-1.752174E7
-1.7805228E7
-1.8090904E7
-1.8379192E7
-1.8670352E7
-1.8964476E7
-1.9261476E7
-1.9561104E7
-1.9862936E7
-2.0166412E7
-2.0470816E7
-2.0775344E7
-2.1079072E7
-2.1381004E7
-2.1680108E7
-2.1975296E7
-2.2265512E7
-2.2549676E7
-2.282676E7
-2.3095764E7
-2.3355772E7
-2.3605912E7
-2.384538E7
-2.4073468E7
-2.428952E7
-2.449298E7
-2.4683332E7
-2.4860144E7
-2.5023052E7
-2.5171732E7
-2.5305936E7
-2.5425456E7
-2.5530136E7
-2.561988E7
-2.5694632E7
-2.57544E7
-2.5799232E7
-2.582924E7
-2.58446E7
-2.5845528E7
-2.5832312E7
-2.5805304E7
-2.5764896E7
-2.5711556E7
-2.5645788E7
-2.556816E7
-2.5479268E7
-2.5379752E7
-2.5270276E7
-2.5151524E7
-2.5024188E7
-2.4888964E7
-2.4746524E7
-2.4597528E7
-2.44426E7
-2.428232E7
-2.4117216E7
-2.3947752E7
-2.3774336E7
-2.35973E7
-2.3416904E7
-2.3233332E7
-2.3046708E7
-2.2857072E7
-2.2664428E7
-2.2468704E7
-2.2269804E7
-2.2067588E7
-2.1861896E7
-2.165256E7
-2.1439416E7
-2.1222308E7
-2.1001112E7
-2.0775728E7
-2.0546112E7
-2.031226E7
-2.0074216E7
-1.98321E7
-1.9586076E7
-1.9336364E7
-1.908326E7
-1.8827068E7
-1.8568176E7
-1.830696E7
-1.804384E7
-1.7779232E7
-1.7513544E7
-1.7247156E7
-1.6980432E7
-1.6713656E7
-1.6447096E7
-1.618092E7
-1.5915244E7
-1.5650116E7
-1.5385496E7
-1.5121296E7
-1.4857364E7
-1.4593492E7
-1.432944E7
-1.4064964E7
-1.3799796E7
-1.3533704E7
-1.326648E7
-1.2997976E7
-1.2728112E7
-1.2456904E7
-1.2184452E7
-1.191098E7
-1.1636808E7
-1.1362396E7
-1.1088296E7
-1.081518E7
-1.0543808E7
-1.0275036E7
-1.0009776E7
-9748992.0
-9493684.0
-9244860.0
-9003516.0
-8770632.0
-8547148.0
-8333948.0
-8131868.0
-7941676.0
-7764068.0
-7599680.0
-7449076.0
-7312780.0
-7191244.0
-7084876.0
-6994044.0
-6919072.0
-6860244.0
-6817796.0
-6791936.0
-6782804.0
-6790488.0
-6815008.0
-6856284.0
-6914172.0
-6988388.0
-7078552.0
-7184136.0
-7304480.0
-7438772.0
-7586048.0
-7745208.0
-7914976.0
-8093968.0
-8280644.0
-8473368.0
-8670408.0
-8869932.0
-9070084.0
-9268956.0
-9464644.0
-9655248.0
-9838916.0
-1.0013852E7
-1.0178348E7
-1.0330784E7
-1.0469656E7
-1.0593592E7
-1.0701348E7
-1.0791824E7
-1.0864068E7
-1.091728E7
-1.09508E7
-1.0964132E7
-1.0956912E7
-1.0928932E7
-1.0880116E7
-1.0810528E7
-1.072036E7
-1.0609928E7
-1.0479672E7
-1.0330136E7
-1.0161976E7
-9975944.0
-9772868.0
-9553672.0
-9319336.0
-9070900.0
-8809444.0
-8536096.0
-8252000.0
-7958312.0
-7656188.0
-7346796.0
-7031276.0
-6710744.0
-6386304.0
-6059004.0
-5729876.0
-5399888.0
-5069964.0
-4740980.0
-4413748.0
-4089028.0
-3767496.0
-3449788.0
-3136448.0
-2827964.0
-2524756.0
-2227164.0
-1935484.0
-1649928.0
-1370676.0
-1097848.0
-831532.0
-571780.0
-318644.0
-72152.0
167660.0
400736.0
627008.0
846356.0
1058636.0
1263660.0
1461188.0
1650952.0
