# File created = Tuesday, January 27, 2026 10:11:55 AM EST
# Data set = ADF_TR_Nirmat400-Mpro400_VT_2026-01-24  298  1  /Users/ramelt2/Library/CloudStorage/Box-Box/Montelione-Lab-Box/MPro_NMR_and_MS_data_and_analysis/MPro-Nirmatrelvir/Mohawk-600NMR-data
# Spectral Region:
# LEFT = -70.0 ppm. RIGHT = -74.0 ppm.
#
# SIZE = 16283 ( = number of points)
#
# In the following ordering is from the 'left' to the 'right' limits!
# Lines beginning with '#' must be considered as comment lines.
#
-1.8752712E7
-1.8360208E7
-1.7975552E7
-1.7600008E7
-1.7234808E7
-1.6881024E7
-1.6539632E7
-1.621148E7
-1.589736E7
-1.5597896E7
-1.531368E7
-1.5045152E7
-1.479276E7
-1.4556824E7
-1.4337624E7
-1.4135392E7
-1.3950368E7
-1.3782688E7
-1.3632504E7
-1.3499936E7
-1.3385056E7
-1.3287928E7
-1.3208544E7
-1.3146888E7
-1.3102864E7
-1.3076336E7
-1.3067072E7
-1.3074776E7
-1.3099088E7
-1.313952E7
-1.319556E7
-1.3266536E7
-1.335176E7
-1.3450408E7
-1.35616E7
-1.3684408E7
-1.3817816E7
-1.3960768E7
-1.411216E7
-1.4270864E7
-1.4435696E7
-1.4605504E7
-1.4779088E7
-1.4955256E7
-1.5132824E7
-1.5310624E7
-1.5487488E7
-1.5662296E7
-1.5833944E7
-1.6001376E7
-1.616356E7
-1.6319552E7
-1.6468392E7
-1.6609248E7
-1.6741288E7
-1.6863784E7
-1.697604E7
-1.7077408E7
-1.7167304E7
-1.7245224E7
-1.7310656E7
-1.7363144E7
-1.7402296E7
-1.7427728E7
-1.7439056E7
-1.7435952E7
-1.741808E7
-1.7385144E7
-1.7336832E7
-1.727284E7
-1.719292E7
-1.7096776E7
-1.6984184E7
-1.6854896E7
-1.670872E7
-1.6545464E7
-1.6364984E7
-1.6167136E7
-1.5951856E7
-1.5719048E7
-1.5468704E7
-1.5200832E7
-1.4915448E7
-1.4612592E7
-1.4292352E7
-1.39548E7
-1.3600048E7
-1.3228208E7
-1.2839416E7
-1.2433808E7
-1.201156E7
-1.1572872E7
-1.111796E7
-1.0647128E7
-1.0160736E7
-9659192.0
-9143056.0
-8612968.0
-8069720.0
-7514216.0
-6947576.0
-6371048.0
-5786048.0
-5194176.0
-4597224.0
-3997096.0
-3395864.0
-2795752.0
-2199048.0
-1608144.0
-1025480.0
-453504.0
105304.0
648560.0
1173888.0
1679024.0
2161824.0
2620272.0
3052504.0
3456848.0
3831784.0
4176008.0
4488400.0
4768080.0
5014344.0
5226736.0
5404992.0
5549080.0
5659168.0
5735688.0
5779200.0
5790536.0
5770696.0
5720848.0
5642368.0
5536752.0
5405640.0
5250800.0
5074088.0
4877416.0
4662752.0
4432072.0
4187336.0
3930480.0
3663368.0
3387752.0
3105336.0
2817632.0
2526040.0
2231808.0
1936016.0
1639560.0
1343184.0
1047464.0
752800.0
459472.0
167592.0
-122824.0
-411888.0
-699792.0
-986760.0
-1273112.0
-1559160.0
-1845216.0
-2131600.0
-2418592.0
-2706408.0
-2995208.0
-3285104.0
-3576088.0
-3868104.0
-4160960.0
-4454440.0
-4748200.0
-5041824.0
-5334856.0
-5626768.0
-5917000.0
-6204960.0
-6490064.0
-6771688.0
-7049312.0
-7322384.0
-7590408.0
-7852960.0
-8109688.0
-8360328.0
-8604648.0
-8842536.0
-9073976.0
-9298968.0
-9517648.0
-9730208.0
-9936904.0
-1.013804E7
-1.0333992E7
-1.0525152E7
-1.071196E7
-1.089488E7
-1.10744E7
-1.1251008E7
-1.1425192E7
-1.1597456E7
-1.1768264E7
-1.1938072E7
-1.2107296E7
-1.2276328E7
-1.2445528E7
-1.2615176E7
-1.2785504E7
-1.2956688E7
-1.3128776E7
-1.3301816E7
-1.3475688E7
-1.3650192E7
-1.382504E7
-1.3999816E7
-1.4173984E7
-1.4346912E7
-1.451784E7
-1.4685904E7
-1.485012E7
-1.5009424E7
-1.5162648E7
-1.530856E7
-1.5445856E7
-1.5573216E7
-1.5689264E7
-1.5792648E7
-1.5882024E7
-1.5956096E7
-1.6013648E7
-1.6053544E7
-1.6074792E7
-1.6076496E7
-1.6058E7
-1.601876E7
-1.5958488E7
-1.5877072E7
-1.5774664E7
-1.5651608E7
-1.5508512E7
-1.53462E7
-1.5165688E7
-1.4968232E7
-1.475524E7
-1.4528296E7
-1.4289112E7
-1.4039496E7
-1.378132E7
-1.3516488E7
-1.324692E7
-1.297452E7
-1.2701064E7
-1.242828E7
-1.2157768E7
-1.1890992E7
-1.1629232E7
-1.1373576E7
-1.112496E7
-1.0884096E7
-1.0651504E7
-1.0427496E7
-1.0212208E7
-1.0005608E7
-9807488.0
-9617520.0
-9435256.0
-9260136.0
-9091608.0
-8929016.0
-8771744.0
-8619248.0
-8470952.0
-8326480.0
-8185512.0
-8047872.0
-7913576.0
-7782752.0
-7655752.0
-7533104.0
-7415488.0
-7303760.0
-7198920.0
-7102136.0
-7014632.0
-6937744.0
-6872864.0
-6821392.0
-6784760.0
-6764304.0
-6761320.0
-6777040.0
-6812520.0
-6868696.0
-6946336.0
-7046040.0
-7168184.0
-7312976.0
-7480408.0
-7670272.0
-7882168.0
-8115528.0
-8369592.0
-8643464.0
-8936120.0
-9246400.0
-9573120.0
-9914984.0
-1.0270656E7
-1.0638848E7
-1.1018168E7
-1.1407376E7
-1.1805184E7
-1.22104E7
-1.2621888E7
-1.3038592E7
-1.345956E7
-1.3883872E7
-1.4310744E7
-1.4739448E7
-1.5169352E7
-1.5599904E7
-1.60306E7
-1.6461032E7
-1.6890856E7
-1.7319752E7
-1.7747488E7
-1.8173856E7
-1.859872E7
-1.9021936E7
-1.9443456E7
-1.9863216E7
-2.0281224E7
-2.0697496E7
-2.111212E7
-2.1525168E7
-2.1936744E7
-2.2347E7
-2.2756096E7
-2.3164208E7
-2.3571488E7
-2.3978128E7
-2.4384264E7
-2.4790008E7
-2.5195416E7
-2.5600488E7
-2.6005152E7
-2.6409208E7
-2.6812368E7
-2.7214192E7
-2.7614096E7
-2.8011368E7
-2.8405128E7
-2.8794312E7
-2.9177752E7
-2.955408E7
-2.9921808E7
-3.0279336E7
-3.0624952E7
-3.0956872E7
-3.1273272E7
-3.157228E7
-3.1852056E7
-3.2110776E7
-3.2346712E7
-3.2558216E7
-3.2743752E7
-3.2901976E7
-3.3031648E7
-3.3131768E7
-3.3201504E7
-3.3240232E7
-3.3247552E7
-3.322324E7
-3.3167328E7
-3.308E7
-3.2961672E7
-3.281296E7
-3.2634608E7
-3.2427584E7
-3.2192968E7
-3.1932016E7
-3.1646088E7
-3.1336712E7
-3.1005448E7
-3.065404E7
-3.028424E7
-2.9897904E7
-2.9496928E7
-2.9083248E7
-2.86588E7
-2.8225552E7
-2.77854E7
-2.7340264E7
-2.689196E7
-2.6442288E7
-2.599288E7
-2.5545344E7
-2.5101144E7
-2.4661664E7
-2.4228104E7
-2.38016E7
-2.3383128E7
-2.2973576E7
-2.2573696E7
-2.2184112E7
-2.18054E7
-2.1438E7
-2.1082272E7
-2.073852E7
-2.0406952E7
-2.0087752E7
-1.9781016E7
-1.9486792E7
-1.9205104E7
-1.893592E7
-1.8679176E7
-1.8434744E7
-1.8202472E7
-1.79822E7
-1.7773696E7
-1.7576664E7
-1.7390856E7
-1.721592E7
-1.7051456E7
-1.6897096E7
-1.675236E7
-1.6616784E7
-1.6489816E7
-1.637092E7
-1.6259464E7
-1.61548E7
-1.6056224E7
-1.5962984E7
-1.5874272E7
-1.5789264E7
-1.5707032E7
-1.5626632E7
-1.554708E7
-1.5467344E7
-1.5386352E7
-1.5303016E7
-1.521624E7
-1.5124912E7
-1.5027936E7
-1.4924224E7
-1.4812712E7
-1.4692384E7
-1.4562248E7
-1.4421376E7
-1.4268888E7
-1.4103936E7
-1.3925736E7
-1.3733552E7
-1.352668E7
-1.330448E7
-1.3066304E7
-1.2811576E7
-1.2539704E7
-1.2250152E7
-1.1942408E7
-1.1615976E7
-1.1270408E7
-1.0905304E7
-1.052028E7
-1.0115104E7
-9689528.0
-9243480.0
-8776960.0
-8290104.0
-7783192.0
-7256656.0
-6711096.0
-6147280.0
-5566144.0
-4968792.0
-4356512.0
-3730760.0
-3093128.0
-2445344.0
-1789272.0
-1126872.0
-460208.0
208616.0
877448.0
1544120.0
2206456.0
2862320.0
3509608.0
4146288.0
4770408.0
5380120.0
5973688.0
6549528.0
7106152.0
7642264.0
8156720.0
8648528.0
9116864.0
9561072.0
9980696.0
1.0375408E7
1.0745064E7
1.1089672E7
1.1409376E7
1.1704512E7
1.1975504E7
1.2222928E7
1.244748E7
1.2649992E7
1.2831392E7
1.2992736E7
1.3135176E7
1.3259968E7
1.3368504E7
1.3462248E7
1.3542752E7
1.3611688E7
1.36708E7
1.3721888E7
1.3766832E7
1.3807512E7
1.384588E7
1.388384E7
1.392328E7
1.3966024E7
1.4013816E7
1.406828E7
1.4130896E7
1.4203E7
1.428568E7
1.437988E7
1.448628E7
1.4605336E7
1.473724E7
1.488196E7
1.5039224E7
1.5208504E7
1.5389072E7
1.5579952E7
1.578E7
1.5987904E7
1.6202152E7
1.6421168E7
1.6643184E7
1.6866416E7
1.7089E7
1.7309016E7
1.7524584E7
1.7733792E7
1.7934784E7
1.8125824E7
1.8305208E7
1.8471376E7
1.8622928E7
1.8758592E7
1.8877312E7
1.8978216E7
1.9060624E7
1.9124096E7
1.91684E7
1.9193544E7
1.9199728E7
1.9187376E7
1.9157088E7
1.910964E7
1.9045968E7
1.8967128E7
1.8874288E7
1.8768664E7
1.8651544E7
1.8524208E7
1.8387952E7
1.8244024E7
1.8093616E7
1.793784E7
1.7777736E7
1.7614232E7
1.7448128E7
1.7280128E7
1.71108E7
1.6940608E7
1.6769848E7
1.6598752E7
1.6427384E7
1.625576E7
1.6083728E7
1.5911104E7
1.5737576E7
1.5562784E7
1.5386288E7
1.5207632E7
1.5026264E7
1.4841664E7
1.4653272E7
1.4460552E7
1.4262968E7
1.4060032E7
1.385132E7
1.3636432E7
1.3415104E7
1.3187112E7
1.2952368E7
1.2710872E7
1.2462784E7
1.2208336E7
1.194792E7
1.168204E7
1.1411328E7
1.1136536E7
1.0858488E7
1.0578168E7
1.0296616E7
1.0014928E7
9734304.0
9455960.0
9181136.0
8911112.0
8647128.0
8390432.0
8142208.0
7903584.0
7675592.0
7459208.0
7255280.0
7064512.0
6887496.0
6724640.0
6576224.0
6442344.0
6322928.0
6217744.0
6126384.0
6048248.0
5982648.0
5928696.0
5885400.0
5851648.0
5826256.0
5807936.0
5795392.0
5787256.0
5782200.0
5778888.0
5776016.0
5772352.0
5766752.0
5758120.0
5745496.0
5728016.0
5704944.0
5675640.0
5639592.0
5596432.0
5545840.0
5487672.0
5421848.0
5348368.0
5267304.0
5178824.0
5083112.0
4980400.0
4870960.0
4755032.0
4632904.0
4504816.0
4371008.0
4231656.0
4086936.0
3936936.0
3781696.0
3621216.0
3455400.0
3284104.0
3107112.0
2924136.0
2734824.0
2538760.0
2335480.0
2124456.0
1905112.0
1676840.0
1439000.0
1190904.0
931888.0
661248.0
378304.0
82392.0
-227152.0
-550944.0
-889544.0
-1243496.0
-1613224.0
-1999128.0
-2401488.0
-2820512.0
-3256296.0
-3708800.0
-4177904.0
-4663328.0
-5164648.0
-5681320.0
-6212624.0
-6757688.0
-7315472.0
-7884800.0
-8464256.0
-9052336.0
-9647320.0
-1.0247336E7
-1.0850376E7
-1.1454288E7
-1.2056768E7
-1.2655448E7
-1.3247872E7
-1.3831496E7
-1.4403784E7
-1.4962208E7
-1.5504248E7
-1.6027504E7
-1.6529648E7
-1.7008512E7
-1.746208E7
-1.7888568E7
-1.8286408E7
-1.8654256E7
-1.899108E7
-1.9296064E7
-1.9568712E7
-1.9808784E7
-2.001632E7
-2.0191624E7
-2.0335248E7
-2.0447944E7
-2.0530704E7
-2.058468E7
-2.0611176E7
-2.0611632E7
-2.0587568E7
-2.0540584E7
-2.0472312E7
-2.0384408E7
-2.0278528E7
-2.0156256E7
-2.0019184E7
-1.9868776E7
-1.9706488E7
-1.9533608E7
-1.9351408E7
-1.916104E7
-1.896352E7
-1.8759832E7
-1.8550864E7
-1.8337408E7
-1.8120208E7
-1.7899952E7
-1.767728E7
-1.74528E7
-1.7227112E7
-1.7000776E7
-1.677436E7
-1.6548408E7
-1.6323496E7
-1.6100168E7
-1.5878968E7
-1.5660456E7
-1.5445152E7
-1.5233584E7
-1.5026256E7
-1.4823624E7
-1.4626112E7
-1.443412E7
-1.424796E7
-1.4067936E7
-1.3894216E7
-1.3726976E7
-1.3566264E7
-1.3412072E7
-1.3264344E7
-1.3122944E7
-1.298768E7
-1.2858288E7
-1.2734512E7
-1.2616016E7
-1.2502488E7
-1.2393624E7
-1.228908E7
-1.21886E7
-1.2091936E7
-1.1998888E7
-1.1909336E7
-1.1823192E7
-1.1740472E7
-1.1661216E7
-1.1585552E7
-1.1513656E7
-1.144572E7
-1.1382008E7
-1.1322768E7
-1.126824E7
-1.1218664E7
-1.1174192E7
-1.1134968E7
-1.1101E7
-1.107224E7
-1.1048488E7
-1.1029448E7
-1.1014656E7
-1.1003528E7
-1.099532E7
-1.098916E7
-1.0984056E7
-1.097888E7
-1.0972432E7
-1.0963424E7
-1.0950536E7
-1.0932432E7
-1.0907768E7
-1.0875288E7
-1.0833784E7
-1.0782176E7
-1.0719504E7
-1.0644976E7
-1.0558008E7
-1.0458144E7
-1.0345184E7
-1.0219128E7
-1.0080144E7
-9928632.0
-9765120.0
-9590320.0
-9405072.0
-9210288.0
-9006968.0
-8796136.0
-8578808.0
-8355984.0
-8128592.0
-7897448.0
-7663288.0
-7426680.0
-7188064.0
-6947720.0
-6705736.0
-6462096.0
-6216568.0
-5968808.0
-5718328.0
-5464560.0
-5206800.0
-4944296.0
-4676280.0
-4401928.0
-4120456.0
-3831096.0
-3533152.0
-3226016.0
-2909184.0
-2582256.0
-2245016.0
-1897360.0
-1539368.0
-1171296.0
-793528.0
-406664.0
-11448.0
391240.0
800384.0
1214856.0
1633400.0
2054728.0
2477496.0
2900320.0
3321840.0
3740720.0
4155688.0
4565560.0
4969224.0
5365728.0
5754224.0
6134024.0
6504584.0
6865544.0
7216648.0
7557832.0
7889160.0
8210832.0
8523152.0
8826544.0
9121520.0
9408648.0
9688568.0
9961944.0
1.0229504E7
1.049196E7
1.075004E7
1.1004456E7
1.1255952E7
1.1505208E7
1.1752912E7
1.1999712E7
1.2246256E7
1.249312E7
1.2740888E7
1.2990088E7
1.32412E7
1.3494656E7
1.375084E7
1.4010064E7
1.4272552E7
1.4538472E7
1.4807856E7
1.5080664E7
1.5356696E7
1.563568E7
1.591716E7
1.62006E7
1.6485304E7
1.6770456E7
1.7055152E7
1.7338376E7
1.7619016E7
1.7895912E7
1.816788E7
1.8433736E7
1.8692248E7
1.8942296E7
1.9182776E7
1.9412688E7
1.963112E7
1.983728E7
2.0030512E7
2.0210248E7
2.0376104E7
2.052776E7
2.0665048E7
2.0787912E7
2.0896344E7
2.0990448E7
2.1070384E7
2.1136336E7
2.1188536E7
2.122724E7
2.125268E7
2.1265128E7
2.126484E7
2.1252072E7
2.122708E7
2.119012E7
2.1141472E7
2.108144E7
2.1010352E7
2.0928584E7
2.0836576E7
2.0734832E7
2.062388E7
2.05044E7
2.0377096E7
2.02428E7
2.0102384E7
1.9956808E7
1.9807128E7
1.9654448E7
1.949988E7
1.9344664E7
1.9189984E7
1.903708E7
1.88872E7
1.8741528E7
1.860124E7
1.8467488E7
1.834132E7
1.8223752E7
1.8115704E7
1.8017984E7
1.7931336E7
1.7856352E7
1.7793536E7
1.7743272E7
1.7705816E7
1.7681296E7
1.766972E7
1.7670968E7
1.7684792E7
1.7710832E7
1.7748584E7
1.7797464E7
1.7856744E7
1.7925624E7
1.8003192E7
1.8088424E7
1.8180256E7
1.8277544E7
1.8379104E7
1.8483664E7
1.8589952E7
1.8696712E7
1.8802656E7
1.8906496E7
1.9007016E7
1.9103016E7
1.9193336E7
1.927688E7
1.93526E7
1.9419528E7
1.9476752E7
1.9523392E7
1.955864E7
1.9581712E7
1.959188E7
1.95884E7
1.9570568E7
1.953768E7
1.9489008E7
1.942384E7
1.9341456E7
1.9241104E7
1.9122064E7
1.8983616E7
1.8825056E7
1.8645768E7
1.844516E7
1.8222736E7
1.797812E7
1.7711064E7
1.742148E7
1.7109464E7
1.6775256E7
1.6419336E7
1.6042368E7
1.5645224E7
1.5228976E7
1.479484E7
1.4344248E7
1.3878712E7
1.3399912E7
1.2909544E7
1.24094E7
1.1901216E7
1.1386752E7
1.0867664E7
1.0345528E7
9821776.0
9297688.0
8774376.0
8252752.0
7733512.0
7217216.0
6704152.0
6194432.0
5688016.0
5184704.0
4684120.0
4185792.0
3689160.0
3193592.0
2698400.0
2202928.0
1706480.0
1208424.0
708192.0
205264.0
-300728.0
-810120.0
-1323040.0
-1839512.0
-2359424.0
-2882504.0
-3408328.0
-3936360.0
-4465888.0
-4996072.0
-5525992.0
-6054584.0
-6580736.0
-7103264.0
-7620960.0
-8132600.0
-8636976.0
-9132896.0
-9619264.0
-1.009504E7
-1.0559304E7
-1.1011232E7
-1.145016E7
-1.187552E7
-1.2286944E7
-1.268416E7
-1.306708E7
-1.3435752E7
-1.3790312E7
-1.4131056E7
-1.4458392E7
-1.4772792E7
-1.5074832E7
-1.5365128E7
-1.5644368E7
-1.591324E7
-1.6172488E7
-1.6422824E7
-1.6664984E7
-1.689968E7
-1.7127624E7
-1.7349488E7
-1.7565912E7
-1.7777512E7
-1.7984888E7
-1.8188608E7
-1.8389216E7
-1.8587192E7
-1.8783024E7
-1.8977176E7
-1.9170072E7
-1.9362088E7
-1.9553624E7
-1.9745016E7
-1.9936576E7
-2.0128592E7
-2.0321344E7
-2.0515056E7
-2.0709912E7
-2.090612E7
-2.1103784E7
-2.1303016E7
-2.1503896E7
-2.1706416E7
-2.1910584E7
-2.211632E7
-2.2323496E7
-2.2531912E7
-2.274132E7
-2.2951408E7
-2.3161744E7
-2.337184E7
-2.3581128E7
-2.3788912E7
-2.3994408E7
-2.4196784E7
-2.4395072E7
-2.458824E7
-2.4775192E7
-2.495476E7
-2.512576E7
-2.5286984E7
-2.54372E7
-2.5575256E7
-2.5699992E7
-2.581036E7
-2.5905416E7
-2.5984304E7
-2.6046344E7
-2.6090984E7
-2.6117872E7
-2.61268E7
-2.6117792E7
-2.6091024E7
-2.6046864E7
-2.5985856E7
-2.5908696E7
-2.5816264E7
-2.5709504E7
-2.5589512E7
-2.5457464E7
-2.5314552E7
-2.5162048E7
-2.50012E7
-2.4833208E7
-2.4659264E7
-2.4480464E7
-2.429784E7
-2.4112264E7
-2.3924536E7
-2.3735296E7
-2.3545032E7
-2.3354104E7
-2.316272E7
-2.2970936E7
-2.2778712E7
-2.258588E7
-2.2392136E7
-2.2197136E7
-2.2000472E7
-2.180168E7
-2.1600304E7
-2.1395888E7
-2.1188016E7
-2.0976344E7
-2.0760616E7
-2.0540664E7
-2.0316464E7
-2.0088112E7
-1.9855848E7
-1.9620088E7
-1.9381384E7
-1.914044E7
-1.8898112E7
-1.86554E7
-1.8413392E7
-1.817332E7
-1.793648E7
-1.7704248E7
-1.7478008E7
-1.7259192E7
-1.7049216E7
-1.6849464E7
-1.6661272E7
-1.6485872E7
-1.632444E7
-1.6178008E7
-1.6047472E7
-1.5933616E7
-1.5837016E7
-1.5758136E7
-1.5697224E7
-1.565436E7
-1.562948E7
-1.5622336E7
-1.563248E7
-1.565936E7
-1.570224E7
-1.5760272E7
-1.5832488E7
-1.5917808E7
-1.6015064E7
-1.6123032E7
-1.6240424E7
-1.6365944E7
-1.6498248E7
-1.6636008E7
-1.6777968E7
-1.692284E7
-1.7069448E7
-1.7216696E7
-1.7363536E7
-1.7509072E7
-1.7652504E7
-1.7793144E7
-1.7930464E7
-1.8064032E7
-1.8193576E7
-1.8318968E7
-1.8440176E7
-1.8557288E7
-1.8670536E7
-1.8780224E7
-1.888676E7
-1.8990592E7
-1.9092264E7
-1.9192336E7
-1.929144E7
-1.9390184E7
-1.9489208E7
-1.9589128E7
-1.969056E7
-1.9794072E7
-1.9900232E7
-2.0009528E7
-2.0122424E7
-2.0239312E7
-2.0360528E7
-2.0486328E7
-2.0616896E7
-2.0752368E7
-2.0892728E7
-2.1037928E7
-2.1187792E7
-2.1342024E7
-2.150028E7
-2.1662064E7
-2.1826776E7
-2.1993752E7
-2.216216E7
-2.2331128E7
-2.249968E7
-2.2666752E7
-2.283124E7
-2.2991984E7
-2.3147792E7
-2.3297456E7
-2.3439768E7
-2.357356E7
-2.3697688E7
-2.3811048E7
-2.39126E7
-2.4001376E7
-2.4076528E7
-2.4137216E7
-2.4182736E7
-2.4212456E7
-2.4225816E7
-2.4222336E7
-2.4201608E7
-2.4163288E7
-2.4107088E7
-2.4032752E7
-2.3940072E7
-2.3828912E7
-2.3699096E7
-2.3550512E7
-2.338308E7
-2.3196688E7
-2.2991264E7
-2.276676E7
-2.252312E7
-2.2260304E7
-2.1978288E7
-2.1677112E7
-2.1356784E7
-2.1017376E7
-2.0658992E7
-2.0281808E7
-1.9886016E7
-1.9471904E7
-1.9039816E7
-1.859016E7
-1.8123464E7
-1.7640304E7
-1.7141368E7
-1.662744E7
-1.6099384E7
-1.5558128E7
-1.5004712E7
-1.4440232E7
-1.3865832E7
-1.328272E7
-1.2692112E7
-1.2095216E7
-1.1493272E7
-1.0887448E7
-1.0278896E7
-9668648.0
-9057728.0
-8447016.0
-7837304.0
-7229288.0
-6623552.0
-6020584.0
-5420776.0
-4824456.0
-4231904.0
-3643328.0
-3058952.0
-2478968.0
-1903632.0
-1333216.0
-768048.0
-208544.0
344808.0
891472.0
1430800.0
1962112.0
2484632.0
2997576.0
3500168.0
3991616.0
4471168.0
4938144.0
5391952.0
5832112.0
6258232.0
6670128.0
7067720.0
7451104.0
7820528.0
8176392.0
8519248.0
8849768.0
9168752.0
9477072.0
9775696.0
1.0065624E7
1.0347904E7
1.06236E7
1.0893736E7
1.1159368E7
1.1421448E7
1.1680952E7
1.1938744E7
1.2195688E7
1.2452552E7
1.271008E7
1.2968936E7
1.3229776E7
1.3493184E7
1.3759736E7
1.403E7
1.4304504E7
1.4583784E7
1.4868344E7
1.515868E7
1.5455272E7
1.5758576E7
1.6069024E7
1.6386968E7
1.6712712E7
1.7046448E7
1.738828E7
1.7738192E7
1.8096E7
1.8461384E7
1.8833816E7
1.9212592E7
1.959684E7
1.9985464E7
2.0377184E7
2.0770568E7
2.1164E7
2.1555696E7
2.1943808E7
2.2326368E7
2.270136E7
2.3066736E7
2.3420456E7
2.3760536E7
2.408508E7
2.439228E7
2.4680488E7
2.4948224E7
2.5194168E7
2.541724E7
2.561656E7
2.5791472E7
2.5941552E7
2.6066592E7
2.6166608E7
2.6241792E7
2.6292576E7
2.6319472E7
2.63232E7
2.630456E7
2.626444E7
2.6203816E7
2.612364E7
2.6024912E7
2.5908584E7
2.5775608E7
2.5626824E7
2.5463024E7
2.5284928E7
2.5093128E7
2.4888152E7
2.4670448E7
2.444032E7
2.4198056E7
2.3943832E7
2.36778E7
2.3400048E7
2.311064E7
2.2809624E7
2.2497048E7
2.217296E7
2.1837424E7
2.1490536E7
2.1132408E7
2.0763184E7
2.0383056E7
1.999224E7
1.9590984E7
1.9179584E7
1.8758352E7
1.832764E7
1.7887864E7
1.7439408E7
1.6982752E7
1.6518416E7
1.6046912E7
1.5568832E7
1.50848E7
1.459548E7
1.4101584E7
1.360388E7
1.3103152E7
1.260024E7
1.2096008E7
1.1591352E7
1.1087184E7
1.0584464E7
1.0084112E7
9587096.0
9094352.0
8606848.0
8125528.0
7651344.0
7185216.0
6728096.0
6280920.0
5844608.0
5420120.0
5008392.0
4610392.0
4227120.0
3859536.0
3508656.0
3175512.0
2861064.0
2566360.0
2292368.0
2040016.0
1810224.0
1603832.0
1421592.0
1264184.0
1132168.0
1026016.0
946016.0
892384.0
865160.0
864264.0
889504.0
940512.0
1016816.0
1117848.0
1242936.0
1391328.0
1562184.0
1754640.0
1967776.0
2200680.0
2452392.0
2722016.0
3008640.0
3311408.0
3629488.0
3962096.0
4308536.0
4668136.0
5040272.0
5424392.0
5819992.0
6226640.0
6643896.0
7071400.0
7508816.0
7955808.0
8412112.0
8877424.0
9351488.0
9834024.0
1.0324776E7
1.082344E7
1.1329752E7
1.1843408E7
1.236408E7
1.2891416E7
1.3425072E7
1.3964632E7
1.4509672E7
1.5059712E7
1.561428E7
1.6172816E7
1.6734728E7
1.7299384E7
1.786608E7
1.8434072E7
1.9002552E7
1.9570656E7
2.0137448E7
2.0701944E7
2.1263088E7
2.1819768E7
2.2370816E7
2.2915032E7
2.345116E7
2.3977944E7
2.4494064E7
2.4998232E7
2.5489128E7
2.596552E7
2.6426176E7
2.6869928E7
2.7295688E7
2.7702456E7
2.8089376E7
2.8455672E7
2.8800736E7
2.9124136E7
2.9425552E7
2.9704896E7
2.9962216E7
3.0197752E7
3.0411928E7
3.0605312E7
3.0778664E7
3.0932872E7
3.106896E7
3.118804E7
3.1291376E7
3.1380224E7
3.1455912E7
3.15198E7
3.1573192E7
3.161736E7
3.1653544E7
3.1682824E7
3.1706208E7
3.1724528E7
3.1738504E7
3.1748648E7
3.175528E7
3.1758552E7
3.175844E7
3.1754696E7
3.1746928E7
3.1734568E7
3.1716928E7
3.1693144E7
3.1662304E7
3.1623408E7
3.1575424E7
3.1517312E7
3.1448032E7
3.1366616E7
3.1272176E7
3.1163912E7
3.1041152E7
3.0903368E7
3.0750184E7
3.0581384E7
3.0396896E7
3.0196824E7
2.9981424E7
2.975108E7
2.9506304E7
2.9247712E7
2.8976008E7
2.8691944E7
2.8396352E7
2.8090056E7
2.7773864E7
2.74486E7
2.7115048E7
2.677396E7
2.6425976E7
2.6071736E7
2.57118E7
2.5346616E7
2.4976624E7
2.4602144E7
2.4223472E7
2.3840824E7
2.3454384E7
2.3064264E7
2.2670592E7
2.2273432E7
2.18728E7
2.1468776E7
2.1061368E7
2.0650616E7
2.0236552E7
1.9819256E7
1.9398784E7
1.8975256E7
1.8548808E7
1.811964E7
1.7687936E7
1.7254016E7
1.6818168E7
1.6380792E7
1.5942336E7
1.5503296E7
1.506424E7
1.4625784E7
1.4188624E7
1.3753504E7
1.3321256E7
1.2892752E7
1.2468904E7
1.2050712E7
1.1639184E7
1.1235432E7
1.0840576E7
1.0455744E7
1.0082152E7
9721008.0
9373528.0
9040952.0
8724488.0
8425368.0
8144752.0
7883768.0
7643488.0
7424912.0
7228912.0
7056304.0
6907712.0
6783672.0
6684536.0
6610488.0
6561528.0
6537480.0
6537960.0
6562384.0
6610000.0
6679816.0
6770688.0
6881280.0
7010104.0
7155504.0
7315680.0
7488752.0
7672720.0
7865504.0
8065000.0
8269088.0
8475608.0
8682480.0
8887632.0
9089136.0
9285104.0
9473840.0
9653736.0
9823384.0
9981576.0
1.0127264E7
1.0259608E7
1.0377968E7
1.0481936E7
1.057128E7
1.0645952E7
1.0706096E7
1.0752016E7
1.0784152E7
1.0803112E7
1.0809544E7
1.0804256E7
1.0788064E7
1.0761864E7
1.072656E7
1.0683056E7
1.0632224E7
1.0574936E7
1.0511984E7
1.0444128E7
1.0372016E7
1.0296232E7
1.0217272E7
1.013552E7
1.005128E7
9964752.0
9876040.0
9785128.0
9691968.0
9596368.0
9498104.0
9396856.0
9292232.0
9183832.0
9071128.0
8953616.0
8830696.0
8701800.0
8566256.0
8423440.0
8272680.0
8113288.0
7944592.0
7765944.0
7576720.0
7376336.0
7164248.0
6940024.0
6703312.0
6453848.0
6191536.0
5916424.0
5628728.0
5328824.0
5017296.0
4694920.0
4362656.0
4021672.0
3673312.0
3319088.0
2960680.0
2599880.0
2238584.0
1878800.0
1522544.0
1171864.0
828808.0
495328.0
173368.0
-135280.0
-428960.0
-706128.0
-965472.0
-1205816.0
-1426216.0
-1625944.0
-1804496.0
-1961560.0
-2097080.0
-2211200.0
-2304264.0
-2376824.0
-2429600.0
-2463456.0
-2479448.0
-2478688.0
-2462408.0
-2431872.0
-2388448.0
-2333464.0
-2268288.0
-2194232.0
-2112592.0
-2024616.0
-1931472.0
-1834288.0
-1734128.0
-1631960.0
-1528728.0
-1425304.0
-1322496.0
-1221080.0
-1121776.0
-1025328.0
-932368.0
-843576.0
-759592.0
-681048.0
-608584.0
-542792.0
-484312.0
-433776.0
-391792.0
-359024.0
-336120.0
-323736.0
-322568.0
-333344.0
-356776.0
-393616.0
-444640.0
-510656.0
-592432.0
-690784.0
-806504.0
-940384.0
-1093136.0
-1265488.0
-1458072.0
-1671456.0
-1906120.0
-2162424.0
-2440632.0
-2740872.0
-3063120.0
-3407240.0
-3772904.0
-4159688.0
-4566976.0
-4994032.0
-5439992.0
-5903864.0
-6384536.0
-6880840.0
-7391488.0
-7915144.0
-8450424.0
-8995936.0
-9550232.0
-1.0111912E7
-1.067956E7
-1.1251744E7
-1.1827144E7
-1.2404416E7
-1.2982264E7
-1.3559472E7
-1.4134832E7
-1.4707192E7
-1.5275472E7
-1.58386E7
-1.6395608E7
-1.6945504E7
-1.7487408E7
-1.8020464E7
-1.854384E7
-1.90568E7
-1.9558656E7
-2.0048728E7
-2.0526432E7
-2.0991256E7
-2.1442712E7
-2.18804E7
-2.230396E7
-2.2713104E7
-2.3107616E7
-2.348728E7
-2.3851976E7
-2.4201624E7
-2.4536168E7
-2.48556E7
-2.5159944E7
-2.5449256E7
-2.5723608E7
-2.5983128E7
-2.622792E7
-2.6458208E7
-2.667416E7
-2.6876032E7
-2.7064112E7
-2.7238704E7
-2.7400216E7
-2.754904E7
-2.7685664E7
-2.7810608E7
-2.7924432E7
-2.8027744E7
-2.8121216E7
-2.8205512E7
-2.828136E7
-2.8349496E7
-2.8410664E7
-2.8465592E7
-2.8515048E7
-2.8559712E7
-2.8600288E7
-2.86374E7
-2.8671616E7
-2.8703456E7
-2.8733328E7
-2.876156E7
-2.8788392E7
-2.8813904E7
-2.8838104E7
-2.8860848E7
-2.888184E7
-2.890068E7
-2.891684E7
-2.8929656E7
-2.8938352E7
-2.8942024E7
-2.8939728E7
-2.8930416E7
-2.8912992E7
-2.8886352E7
-2.8849336E7
-2.8800888E7
-2.8739904E7
-2.86654E7
-2.8576456E7
-2.8472248E7
-2.8352064E7
-2.8215336E7
-2.8061576E7
-2.7890496E7
-2.7701896E7
-2.7495712E7
-2.7271984E7
-2.703088E7
-2.6772656E7
-2.649764E7
-2.6206232E7
-2.5898872E7
-2.5576024E7
-2.5238184E7
-2.4885816E7
-2.4519416E7
-2.41394E7
-2.3746232E7
-2.3340288E7
-2.292192E7
-2.2491464E7
-2.20492E7
-2.1595432E7
-2.1130432E7
-2.065448E7
-2.0167872E7
-1.9670912E7
-1.9163976E7
-1.864748E7
-1.8121912E7
-1.7587832E7
-1.704588E7
-1.6496832E7
-1.5941512E7
-1.538088E7
-1.4816024E7
-1.4248096E7
-1.3678376E7
-1.3108256E7
-1.2539216E7
-1.1972808E7
-1.141068E7
-1.0854528E7
-1.0306072E7
-9767088.0
-9239344.0
-8724568.0
-8224456.0
-7740640.0
-7274656.0
-6827896.0
-6401648.0
-5996992.0
-5614880.0
-5256000.0
-4920896.0
-4609856.0
-4322944.0
-4060032.0
-3820776.0
-3604648.0
-3410904.0
-3238688.0
-3086952.0
-2954576.0
-2840344.0
-2742952.0
-2661112.0
-2593496.0
-2538800.0
-2495720.0
-2463080.0
-2439728.0
-2424600.0
-2416760.0
-2415344.0
-2419616.0
-2428968.0
-2442864.0
-2460920.0
-2482824.0
-2508384.0
-2537512.0
-2570176.0
-2606464.0
-2646496.0
-2690472.0
-2738664.0
-2791352.0
-2848896.0
-2911688.0
-2980128.0
-3054664.0
-3135744.0
-3223824.0
-3319376.0
-3422872.0
-3534752.0
-3655424.0
-3785288.0
-3924672.0
-4073848.0
-4233000.0
-4402256.0
-4581600.0
-4770952.0
-4970064.0
-5178584.0
-5396032.0
-5621800.0
-5855144.0
-6095192.0
-6340960.0
-6591368.0
-6845240.0
-7101280.0
-7358184.0
-7614536.0
-7868928.0
-8119888.0
-8365944.0
-8605624.0
-8837472.0
-9060032.0
-9271920.0
-9471760.0
-9658256.0
-9830168.0
-9986336.0
-1.0125696E7
-1.0247264E7
-1.0350176E7
-1.0433672E7
-1.0497104E7
-1.053996E7
-1.056184E7
-1.0562504E7
-1.05418E7
-1.0499744E7
-1.043644E7
-1.035212E7
-1.0247128E7
-1.012192E7
-9977048.0
-9813128.0
-9630864.0
-9431024.0
-9214416.0
-8981920.0
-8734400.0
-8472816.0
-8198072.0
-7911120.0
-7612920.0
-7304392.0
-6986456.0
-6660048.0
-6326048.0
-5985336.0
-5638760.0
-5287176.0
-4931400.0
-4572232.0
-4210520.0
-3847088.0
-3482760.0
-3118416.0
-2754992.0
-2393424.0
-2034784.0
-1680136.0
-1330680.0
-987672.0
-652432.0
-326416.0
-11088.0
291992.0
581216.0
854960.0
1111560.0
1349400.0
1566856.0
1762368.0
1934448.0
2081720.0
2202904.0
2296864.0
2362624.0
2399360.0
2406440.0
2383416.0
2330040.0
2246232.0
2132160.0
1988136.0
1814664.0
1612456.0
1382368.0
1125416.0
842736.0
535648.0
205552.0
-146056.0
-517584.0
-907368.0
-1313680.0
-1734736.0
-2168696.0
-2613720.0
-3067904.0
-3529344.0
-3996096.0
-4466240.0
-4937824.0
-5408904.0
-5877536.0
-6341832.0
-6799880.0
-7249840.0
-7689912.0
-8118360.0
-8533544.0
-8933888.0
-9317968.0
-9684448.0
-1.0032144E7
-1.0360064E7
-1.0667304E7
-1.0953168E7
-1.1217184E7
-1.1458976E7
-1.1678408E7
-1.1875504E7
-1.2050456E7
-1.2203632E7
-1.233556E7
-1.2446912E7
-1.2538496E7
-1.2611232E7
-1.2666176E7
-1.2704456E7
-1.2727288E7
-1.2735984E7
-1.2731856E7
-1.2716328E7
-1.2690816E7
-1.2656792E7
-1.2615704E7
-1.2569024E7
-1.2518232E7
-1.2464752E7
-1.2410016E7
-1.2355416E7
-1.2302264E7
-1.2251888E7
-1.2205464E7
-1.2164144E7
-1.2129008E7
-1.2100976E7
-1.2080928E7
-1.2069576E7
-1.2067528E7
-1.2075272E7
-1.2093144E7
-1.2121328E7
-1.215988E7
-1.2208712E7
-1.2267592E7
-1.2336152E7
-1.241388E7
-1.2500184E7
-1.2594328E7
-1.2695504E7
-1.2802808E7
-1.2915264E7
-1.303188E7
-1.3151592E7
-1.327332E7
-1.3395968E7
-1.3518472E7
-1.3639736E7
-1.3758696E7
-1.3874336E7
-1.3985672E7
-1.4091712E7
-1.419156E7
-1.4284328E7
-1.4369184E7
-1.4445328E7
-1.4512008E7
-1.4568528E7
-1.46142E7
-1.4648416E7
-1.4670592E7
-1.4680176E7
-1.4676648E7
-1.4659544E7
-1.4628448E7
-1.4582952E7
-1.4522704E7
-1.444736E7
-1.4356664E7
-1.4250312E7
-1.4128104E7
-1.3989824E7
-1.383528E7
-1.3664336E7
-1.3476832E7
-1.3272672E7
-1.3051792E7
-1.281412E7
-1.2559648E7
-1.2288416E7
-1.2000488E7
-1.1695992E7
-1.1375152E7
-1.1038232E7
-1.0685616E7
-1.031776E7
-9935240.0
-9538712.0
-9128984.0
-8706928.0
-8273568.0
-7829984.0
-7377400.0
-6917072.0
-6450328.0
-5978576.0
-5503224.0
-5025688.0
-4547408.0
-4069736.0
-3594032.0
-3121552.0
-2653488.0
-2190920.0
-1734824.0
-1286064.0
-845368.0
-413336.0
9536.0
422920.0
826576.0
1220392.0
1604320.0
1978456.0
2342896.0
2697856.0
3043520.0
3380144.0
3707920.0
4027040.0
4337640.0
4639800.0
4933528.0
5218704.0
5495144.0
5762592.0
6020624.0
6268784.0
6506504.0
6733168.0
6948088.0
7150584.0
7339928.0
7515424.0
7676432.0
7822360.0
7952696.0
8067064.0
8165160.0
8246872.0
8312176.0
8361216.0
8394296.0
8411832.0
8414376.0
8402640.0
8377392.0
8339504.0
8289920.0
8229640.0
8159672.0
8081040.0
7994752.0
7901776.0
7803048.0
7699416.0
7591664.0
7480472.0
7366440.0
7250056.0
7131712.0
7011672.0
6890136.0
6767200.0
6642864.0
6517056.0
6389664.0
6260504.0
6129384.0
5996064.0
5860328.0
5721968.0
5580808.0
5436688.0
5289520.0
5139280.0
4985984.0
4829752.0
4670752.0
4509200.0
4345432.0
4179768.0
4012632.0
3844456.0
3675664.0
3506752.0
3338168.0
3170360.0
3003760.0
2838792.0
2675808.0
2515184.0
2357216.0
2202232.0
2050504.0
1902336.0
1757984.0
1617752.0
1481976.0
1350976.0
1225128.0
1104848.0
990544.0
882704.0
781824.0
688416.0
602984.0
526064.0
458144.0
399712.0
351224.0
313048.0
285552.0
268976.0
263536.0
269352.0
286480.0
314840.0
354320.0
404728.0
465752.0
537024.0
618088.0
708456.0
807528.0
914672.0
1029192.0
1150352.0
1277400.0
1409504.0
1545880.0
1685664.0
1828056.0
1972224.0
2117392.0
2262784.0
2407672.0
2551408.0
2693376.0
2833032.0
2969920.0
3103656.0
3233952.0
3360600.0
3483480.0
3602560.0
3717928.0
3829696.0
3938088.0
4043424.0
4146056.0
4246400.0
4344944.0
4442184.0
4538688.0
4635024.0
4731784.0
4829536.0
4928856.0
5030280.0
5134320.0
5241392.0
5351880.0
5466040.0
5584048.0
5705936.0
5831640.0
5960904.0
6093352.0
6228456.0
6365488.0
6503632.0
6641872.0
6779072.0
6913960.0
7045200.0
7171312.0
7290800.0
7402104.0
7503664.0
7593928.0
7671384.0
7734568.0
7782144.0
7812848.0
7825576.0
7819376.0
7793456.0
7747240.0
7680352.0
7592624.0
7484112.0
7355136.0
7206224.0
7038144.0
6851920.0
6648760.0
6430096.0
6197592.0
5953032.0
5698376.0
5435696.0
5167160.0
4894984.0
4621408.0
4348656.0
4078904.0
3814248.0
3556632.0
3307880.0
3069616.0
2843224.0
2629928.0
2430632.0
2245992.0
2076408.0
1921968.0
1782528.0
1657640.0
1546592.0
1448456.0
1362040.0
1285992.0
1218744.0
1158592.0
1103720.0
1052232.0
1002152.0
951528.0
898376.0
840784.0
776944.0
705104.0
623664.0
531216.0
426488.0
308424.0
176168.0
29104.0
-133184.0
-310912.0
-504032.0
-712304.0
-935312.0
-1172408.0
-1422824.0
-1685608.0
-1959704.0
-2243912.0
-2536952.0
-2837480.0
-3144064.0
-3455240.0
-3769488.0
-4085296.0
-4401096.0
-4715328.0
-5026416.0
-5332768.0
-5632816.0
-5924976.0
-6207648.0
-6479272.0
-6738304.0
-6983176.0
-7212416.0
-7424536.0
-7618136.0
-7791864.0
-7944480.0
-8074808.0
-8181816.0
-8264592.0
-8322384.0
-8354624.0
-8360896.0
-8340984.0
-8294880.0
-8222784.0
-8125104.0
-8002456.0
-7855664.0
-7685744.0
-7493880.0
-7281464.0
-7050008.0
-6801136.0
-6536632.0
-6258296.0
-5968016.0
-5667728.0
-5359304.0
-5044640.0
-4725568.0
-4403832.0
-4081064.0
-3758808.0
-3438440.0
-3121200.0
-2808160.0
-2500208.0
-2198056.0
-1902248.0
-1613128.0
-1330872.0
-1055472.0
-786784.0
-524480.0
-268104.0
-17088.0
229240.0
471656.0
710968.0
948064.0
1183808.0
1419112.0
1654856.0
1891864.0
2130944.0
2372816.0
2618120.0
2867432.0
3121256.0
3379968.0
3643856.0
3913160.0
4187992.0
4468416.0
4754432.0
5045968.0
5342928.0
5645168.0
5952520.0
6264808.0
6581856.0
6903464.0
7229488.0
7559752.0
7894096.0
8232392.0
8574504.0
8920304.0
9269656.0
9622424.0
9978448.0
1.0337544E7
1.0699496E7
1.106404E7
1.143088E7
1.1799616E7
1.2169848E7
1.2541064E7
1.2912688E7
1.3284088E7
1.3654536E7
1.402324E7
1.438932E7
1.4751856E7
1.5109824E7
1.5462168E7
1.5807768E7
1.6145432E7
1.6473992E7
1.6792184E7
1.709876E7
1.7392448E7
1.7671976E7
1.7936096E7
1.8183584E7
1.8413216E7
1.8623832E7
1.8814328E7
1.8983656E7
1.9130824E7
1.9254904E7
1.9355096E7
1.9430632E7
1.9480856E7
1.9505192E7
1.950316E7
1.947436E7
1.9418472E7
1.9335288E7
1.9224632E7
1.9086448E7
1.8920728E7
1.8727512E7
1.8506944E7
1.8259208E7
1.7984536E7
1.7683232E7
1.735564E7
1.7002184E7
1.6623328E7
1.6219592E7
1.5791584E7
1.533992E7
1.4865328E7
1.4368576E7
1.3850496E7
1.3311984E7
1.2753984E7
1.2177504E7
1.1583608E7
1.0973384E7
1.0347984E7
9708584.0
9056384.0
8392616.0
7718496.0
7035288.0
6344200.0
5646488.0
4943344.0
4235976.0
3525544.0
2813176.0
2100000.0
1387056.0
675416.0
-33936.0
-740016.0
-1441904.0
-2138648.0
-2829376.0
-3513176.0
-4189216.0
-4856624.0
-5514552.0
-6162152.0
-6798608.0
-7423080.0
-8034736.0
-8632752.0
-9216320.0
-9784632.0
-1.0336896E7
-1.0872344E7
-1.1390208E7
-1.1889744E7
-1.2370232E7
-1.2830992E7
-1.3271352E7
-1.3690656E7
-1.4088288E7
-1.446368E7
-1.4816272E7
-1.5145568E7
-1.5451048E7
-1.5732304E7
-1.5988944E7
-1.62206E7
-1.6426992E7
-1.6607864E7
-1.6763024E7
-1.6892352E7
-1.6995784E7
-1.7073304E7
-1.7124976E7
-1.7150912E7
-1.715128E7
-1.7126328E7
-1.707632E7
-1.7001576E7
-1.6902488E7
-1.6779432E7
-1.6632832E7
-1.6463136E7
-1.6270832E7
-1.6056392E7
-1.5820352E7
-1.556324E7
-1.528564E7
-1.4988152E7
-1.4671448E7
-1.4336248E7
-1.39834E7
-1.3613776E7
-1.3228416E7
-1.2828472E7
-1.2415216E7
-1.1990112E7
-1.1554736E7
-1.1110864E7
-1.0660408E7
-1.0205464E7
-9748232.0
-9291056.0
-8836432.0
-8386872.0
-7944976.0
-7513384.0
-7094712.0
-6691536.0
-6306352.0
-5941568.0
-5599424.0
-5282016.0
-4991224.0
-4728712.0
-4495888.0
-4293904.0
-4123624.0
-3985616.0
-3880176.0
-3807264.0
-3766528.0
-3757368.0
-3778840.0
-3829736.0
-3908616.0
-4013744.0
-4143184.0
-4294816.0
-4466328.0
-4655288.0
-4859160.0
-5075312.0
-5301088.0
-5533848.0
-5770944.0
-6009808.0
-6247952.0
-6483016.0
-6712784.0
-6935160.0
-7148272.0
-7350424.0
-7540120.0
-7716080.0
-7877240.0
-8022760.0
-8152016.0
-8264616.0
-8360360.0
-8439280.0
-8501584.0
-8547688.0
-8578184.0
-8593800.0
-8595448.0
-8584144.0
-8560984.0
-8527184.0
-8484000.0
-8432704.0
-8374608.0
-8310936.0
-8242936.0
-8171728.0
-8098368.0
-8023768.0
-7948744.0
-7873928.0
-7799816.0
-7726744.0
-7654872.0
-7584224.0
-7514648.0
-7445880.0
-7377504.0
-7309024.0
-7239832.0
-7169296.0
-7096696.0
-7021344.0
-6942528.0
-6859576.0
-6771888.0
-6678904.0
-6580168.0
-6475328.0
-6364128.0
-6246424.0
-6122176.0
-5991472.0
-5854480.0
-5711464.0
-5562736.0
-5408664.0
-5249688.0
-5086192.0
-4918600.0
-4747288.0
-4572568.0
-4394720.0
-4213904.0
-4030240.0
-3843720.0
-3654248.0
-3461640.0
-3265616.0
-3065856.0
-2861944.0
-2653440.0
-2439864.0
-2220760.0
-1995664.0
-1764200.0
-1526040.0
-1280944.0
-1028832.0
-769704.0
-503776.0
-231352.0
47008.0
330640.0
618672.0
910064.0
1203640.0
1498080.0
1791968.0
2083776.0
2371928.0
2654824.0
2930840.0
3198400.0
3455992.0
3702160.0
3935576.0
4155024.0
4359448.0
4547928.0
4719696.0
4874176.0
5010912.0
5129640.0
5230208.0
5312600.0
5376920.0
5423368.0
5452224.0
5463832.0
5458568.0
5436856.0
5399120.0
5345824.0
5277376.0
5194232.0
5096800.0
4985488.0
4860720.0
4722880.0
4572400.0
4409680.0
4235208.0
4049480.0
3853032.0
3646488.0
3430528.0
3205904.0
2973456.0
2734104.0
2488864.0
2238808.0
1985080.0
1728904.0
1471520.0
1214216.0
958304.0
705056.0
455792.0
211720.0
-25936.0
-256080.0
-477656.0
-689688.0
-891320.0
-1081784.0
-1260440.0
-1426680.0
-1580080.0
-1720256.0
-1846912.0
-1959856.0
-2058944.0
-2144112.0
-2215312.0
-2272568.0
-2315896.0
-2345368.0
-2361064.0
-2363048.0
-2351400.0
-2326200.0
-2287536.0
-2235456.0
-2170048.0
-2091376.0
-1999504.0
-1894512.0
-1776496.0
-1645544.0
-1501816.0
-1345416.0
-1176568.0
-995464.0
-802352.0
-597520.0
-381288.0
-154024.0
83912.0
332120.0
590136.0
857552.0
1133896.0
1418744.0
1711616.0
2012104.0
2319768.0
2634216.0
2955056.0
3281920.0
3614472.0
3952360.0
4295264.0
4642880.0
4994904.0
5351024.0
5710928.0
6074304.0
6440856.0
6810224.0
7182096.0
7556096.0
7931880.0
8309080.0
8687312.0
9066192.0
9445336.0
9824336.0
1.0202776E7
1.0580288E7
1.0956472E7
1.1330912E7
1.1703264E7
1.207316E7
1.2440288E7
1.2804352E7
1.316512E7
1.3522408E7
1.3876064E7
1.422604E7
1.4572328E7
1.4915E7
1.5254192E7
1.5590104E7
1.5923008E7
1.625316E7
1.6580912E7
1.6906592E7
1.7230488E7
1.7552928E7
1.7874136E7
1.8194264E7
1.8513432E7
1.8831568E7
1.9148568E7
1.946416E7
1.9777944E7
2.0089416E7
2.0397936E7
2.0702768E7
2.1003072E7
2.1297976E7
2.1586504E7
2.1867696E7
2.2140584E7
2.2404232E7
2.2657768E7
2.2900392E7
2.3131416E7
2.3350288E7
2.3556552E7
2.3749952E7
2.3930344E7
2.4097776E7
2.4252384E7
2.4394504E7
2.452456E7
2.464308E7
2.4750696E7
2.4848096E7
2.4935968E7
2.5015064E7
2.5086072E7
2.5149688E7
2.5206488E7
2.5257016E7
2.5301696E7
2.5340824E7
2.5374608E7
2.5403104E7
2.542624E7
2.5443816E7
2.5455512E7
2.5460904E7
2.545944E7
2.5450512E7
2.543344E7
2.5407472E7
2.5371872E7
2.5325864E7
2.5268736E7
2.519976E7
2.5118336E7
2.5023896E7
2.4916024E7
2.4794376E7
2.4658776E7
2.450916E7
2.434564E7
2.4168456E7
2.3978E7
2.3774824E7
2.3559632E7
2.33332E7
2.3096512E7
2.2850584E7
2.2596576E7
2.2335696E7
2.2069232E7
2.1798488E7
2.1524856E7
2.124968E7
2.0974344E7
2.07002E7
2.0428568E7
2.0160752E7
1.9898E7
1.964148E7
1.9392296E7
1.9151512E7
1.8920056E7
1.8698792E7
1.848848E7
1.8289792E7
1.8103232E7
1.792924E7
1.7768128E7
1.7620032E7
1.7485024E7
1.7362992E7
1.7253704E7
1.7156808E7
1.70718E7
1.6998088E7
1.6934904E7
1.6881448E7
1.6836752E7
1.6799808E7
1.6769512E7
1.6744712E7
1.67242E7
1.6706744E7
1.6691048E7
1.6675872E7
1.6659904E7
1.6641872E7
1.6620512E7
1.659456E7
1.6562792E7
1.6524016E7
1.6477072E7
1.6420832E7
1.6354232E7
1.627628E7
1.618604E7
1.6082632E7
1.596532E7
1.583344E7
1.5686432E7
1.5523872E7
1.5345496E7
1.5151144E7
1.4940832E7
1.4714728E7
1.4473128E7
1.4216512E7
1.3945496E7
1.366084E7
1.3363416E7
1.3054208E7
1.2734312E7
1.2404864E7
1.2067096E7
1.172224E7
1.1371544E7
1.1016232E7
1.0657528E7
1.02966E7
9934528.0
9572344.0
9211008.0
8851400.0
8494272.0
8140360.0
7790304.0
7444704.0
7104064.0
6768904.0
6439736.0
6117024.0
5801312.0
5493120.0
5193040.0
4901704.0
4619824.0
4348152.0
4087504.0
3838776.0
3602888.0
3380816.0
3173528.0
2982024.0
2807288.0
2650256.0
2511808.0
2392760.0
2293816.0
2215584.0
2158528.0
2122984.0
2109128.0
2116984.0
2146424.0
2197168.0
2268768.0
2360664.0
2472120.0
2602328.0
2750336.0
2915120.0
3095544.0
3290472.0
3498664.0
3718880.0
3949832.0
4190256.0
4438856.0
4694352.0
4955504.0
5221056.0
5489800.0
5760536.0
6032112.0
6303400.0
6573280.0
6840736.0
7104720.0
7364248.0
7618384.0
7866224.0
8106936.0
8339728.0
8563896.0
8778776.0
8983800.0
9178480.0
9362424.0
9535336.0
9697048.0
9847456.0
9986624.0
1.0114704E7
1.0231984E7
1.033884E7
1.0435792E7
1.0523432E7
1.060244E7
1.0673608E7
1.0737744E7
1.0795704E7
1.084836E7
1.0896576E7
1.0941224E7
1.0983072E7
1.1022848E7
1.1061176E7
1.109856E7
1.1135416E7
1.1171984E7
1.1208384E7
1.1244584E7
1.1280392E7
1.1315488E7
1.1349432E7
1.13816E7
1.141132E7
1.14378E7
1.1460152E7
1.1477456E7
1.1488744E7
1.1493008E7
1.1489264E7
1.1476536E7
1.1453856E7
1.142036E7
1.1375184E7
1.1317568E7
1.124688E7
1.1162544E7
1.1064112E7
1.095124E7
1.082376E7
1.0681608E7
1.0524856E7
1.0353752E7
1.0168672E7
9970160.0
9758888.0
9535704.0
9301568.0
9057584.0
8805000.0
8545152.0
8279464.0
8009440.0
7736648.0
7462688.0
7189144.0
6917608.0
6649624.0
6386680.0
6130176.0
5881408.0
5641576.0
5411696.0
5192704.0
4985344.0
4790216.0
4607784.0
4438344.0
4282040.0
4138888.0
4008744.0
3891376.0
3786400.0
3693336.0
3611584.0
3540496.0
3479304.0
3427160.0
3383200.0
3346432.0
3315872.0
3290496.0
3269216.0
3250960.0
3234656.0
3219224.0
3203600.0
3186768.0
3167760.0
3145640.0
3119576.0
3088752.0
3052480.0
3010136.0
2961192.0
2905216.0
2841864.0
2770872.0
2692064.0
2605368.0
2510760.0
2408304.0
2298120.0
2180400.0
2055400.0
1923400.0
1784752.0
1639848.0
1489104.0
1333016.0
1172112.0
1006944.0
838136.0
666352.0
492288.0
316712.0
140432.0
-35704.0
-210800.0
-383920.0
-554120.0
-720360.0
-881648.0
-1036936.0
-1185160.0
-1325272.0
-1456216.0
-1576952.0
-1686456.0
-1783736.0
-1867824.0
-1937792.0
-1992744.0
-2031880.0
-2054416.0
-2059656.0
-2047008.0
-2015944.0
-1966040.0
-1897016.0
-1808688.0
-1701000.0
-1574104.0
-1428240.0
-1263848.0
-1081560.0
-882160.0
-666648.0
-436152.0
-192032.0
64192.0
330872.0
606200.0
888216.0
1174912.0
1464152.0
1753776.0
2041608.0
2325448.0
2603168.0
2872704.0
3132088.0
3379480.0
3613192.0
3831720.0
4033760.0
4218208.0
4384200.0
4531064.0
4658392.0
4766000.0
4853888.0
4922304.0
4971656.0
5002512.0
5015632.0
5011840.0
4992104.0
4957456.0
4908960.0
4847760.0
4774976.0
4691744.0
4599208.0
4498472.0
4390608.0
4276664.0
4157672.0
4034608.0
3908448.0
3780096.0
3650472.0
3520424.0
3390832.0
3262504.0
3136232.0
3012808.0
2892952.0
2777384.0
2666776.0
2561776.0
2462984.0
2370968.0
2286216.0
2209240.0
2140432.0
2080200.0
2028896.0
1986816.0
1954256.0
1931456.0
1918688.0
1916168.0
1924144.0
1942856.0
1972592.0
2013664.0
2066416.0
2131224.0
2208536.0
2298840.0
2402680.0
2520624.0
2653312.0
2801360.0
2965416.0
3146104.0
3344040.0
3559752.0
3793712.0
4046288.0
4317704.0
4608072.0
4917312.0
5245184.0
5591264.0
5954920.0
6335320.0
6731472.0
7142168.0
7566024.0
8001528.0
8447000.0
8900648.0
9360584.0
9824824.0
1.0291368E7
1.075816E7
1.1223152E7
1.1684296E7
1.2139592E7
1.2587104E7
1.302492E7
1.3451248E7
1.3864392E7
1.426276E7
1.4644864E7
1.5009336E7
1.535496E7
1.5680632E7
1.59854E7
1.6268456E7
1.6529104E7
1.6766816E7
1.6981192E7
1.7171968E7
1.7338992E7
1.748228E7
1.7601896E7
1.769804E7
1.7771024E7
1.7821216E7
1.784904E7
1.7855E7
1.78396E7
1.7803424E7
1.7747016E7
1.7670944E7
1.7575752E7
1.7461984E7
1.7330136E7
1.7180648E7
1.7013952E7
1.6830408E7
1.6630344E7
1.641404E7
1.6181688E7
1.593348E7
1.5669544E7
1.538996E7
1.50948E7
1.4784088E7
1.445784E7
1.4116096E7
1.3758864E7
1.3386184E7
1.299816E7
1.2594904E7
1.2176608E7
1.1743544E7
1.1296056E7
1.0834584E7
1.0359664E7
9871960.0
9372224.0
8861304.0
8340168.0
7809872.0
7271536.0
6726368.0
6175624.0
5620568.0
5062488.0
4502672.0
3942360.0
3382744.0
2824928.0
2269968.0
1718784.0
1172168.0
630840.0
95344.0
-433840.0
-956416.0
-1472112.0
-1980800.0
-2482400.0
-2976856.0
-3464160.0
-3944304.0
-4417216.0
-4882800.0
-5340880.0
-5791176.0
-6233312.0
-6666784.0
-7090960.0
-7505072.0
-7908240.0
-8299456.0
-8677616.0
-9041544.0
-9389952.0
-9721592.0
-1.0035136E7
-1.0329304E7
-1.060288E7
-1.0854696E7
-1.108368E7
-1.1288936E7
-1.1469664E7
-1.1625272E7
-1.1755312E7
-1.185956E7
-1.1937976E7
-1.1990696E7
-1.2018104E7
-1.2020704E7
-1.1999216E7
-1.1954536E7
-1.1887656E7
-1.1799752E7
-1.1692072E7
-1.1565968E7
-1.1422848E7
-1.1264216E7
-1.1091544E7
-1.0906368E7
-1.0710192E7
-1.0504496E7
-1.0290728E7
-1.0070288E7
-9844488.0
-9614568.0
-9381696.0
-9146904.0
-8911128.0
-8675224.0
-8439880.0
-8205688.0
-7973144.0
-7742608.0
-7514320.0
-7288456.0
-7065056.0
-6844120.0
-6625520.0
-6409112.0
-6194688.0
-5981968.0
-5770672.0
-5560496.0
-5351136.0
-5142256.0
-4933576.0
-4724808.0
-4515672.0
-4305952.0
-4095456.0
-3884016.0
-3671480.0
-3457768.0
-3242792.0
-3026480.0
-2808800.0
-2589696.0
-2369080.0
-2146928.0
-1923088.0
-1697432.0
-1469768.0
-1239848.0
-1007368.0
-771968.0
-533232.0
-290664.0
-43760.0
208056.0
465376.0
728816.0
998944.0
1276360.0
1561576.0
1855048.0
2157144.0
2468128.0
2788136.0
3117136.0
3454968.0
3801288.0
4155592.0
4517176.0
4885160.0
5258512.0
5636048.0
6016368.0
6398024.0
6779376.0
7158760.0
7534384.0
7904472.0
8267160.0
8620648.0
8963168.0
9292976.0
9608440.0
9908032.0
1.0190352E7
1.0454128E7
1.0698256E7
1.0921792E7
1.1123968E7
1.1304208E7
1.1462088E7
1.1597392E7
1.1710072E7
1.1800208E7
1.186812E7
1.19142E7
1.1939008E7
1.1943224E7
1.1927656E7
1.1893184E7
1.1840784E7
1.1771496E7
1.1686416E7
1.1586688E7
1.1473472E7
1.1347976E7
1.1211352E7
1.10648E7
1.0909496E7
1.074656E7
1.0577104E7
1.04022E7
1.022284E7
1.0039976E7
9854488.0
9667216.0
9478904.0
9290232.0
9101800.0
8914144.0
8727736.0
8542992.0
8360248.0
8179816.0
8001944.0
7826880.0
7654848.0
7486048.0
7320696.0
7159040.0
7001336.0
6847904.0
6699080.0
6555304.0
6417024.0
6284792.0
6159184.0
6040864.0
5930560.0
5829016.0
5737024.0
5655408.0
5584976.0
5526560.0
5480928.0
5448808.0
5430864.0
5427664.0
5439656.0
5467184.0
5510448.0
5569488.0
5644200.0
5734296.0
5839384.0
5958872.0
6092088.0
6238208.0
6396312.0
6565456.0
6744584.0
6932688.0
7128704.0
7331640.0
7540560.0
7754568.0
7972904.0
8194896.0
8419968.0
8647720.0
8877824.0
9110096.0
9344480.0
9581024.0
9819888.0
1.006132E7
1.0305688E7
1.0553392E7
1.0804944E7
1.1060888E7
1.1321832E7
1.158844E7
1.18614E7
1.2141424E7
1.2429256E7
1.2725656E7
1.3031416E7
1.3347272E7
1.3674016E7
1.4012344E7
1.4362984E7
1.4726576E7
1.5103696E7
1.5494824E7
1.5900336E7
1.6320456E7
1.675528E7
1.7204728E7
1.7668496E7
1.8146096E7
1.8636792E7
1.9139624E7
1.9653392E7
2.017668E7
2.0707792E7
2.1244832E7
2.1785704E7
2.2328096E7
2.2869552E7
2.340748E7
2.3939184E7
2.4461896E7
2.49728E7
2.5469088E7
2.5947984E7
2.6406808E7
2.6842896E7
2.7253816E7
2.7637208E7
2.7990952E7
2.8313072E7
2.8601848E7
2.8855792E7
2.9073648E7
2.9254392E7
2.9397272E7
2.9501832E7
2.95678E7
2.9595216E7
2.9584328E7
2.9535672E7
2.9449984E7
2.9328216E7
2.9171568E7
2.8981424E7
2.8759312E7
2.8506968E7
2.8226248E7
2.7919136E7
2.7587736E7
2.723424E7
2.6860872E7
2.6469896E7
2.6063616E7
2.5644288E7
2.5214168E7
2.4775432E7
2.4330184E7
2.3880424E7
2.3428016E7
2.2974744E7
2.2522176E7
2.2071776E7
2.1624816E7
2.1182416E7
2.0745496E7
2.0314864E7
1.9891128E7
1.9474752E7
1.9066072E7
1.8665304E7
1.8272536E7
1.7887768E7
1.7510952E7
1.7141928E7
1.6780544E7
1.6426584E7
1.607984E7
1.5740112E7
1.540716E7
1.508084E7
1.4760976E7
1.444748E7
1.414024E7
1.3839232E7
1.3544456E7
1.3255968E7
1.2973832E7
1.269816E7
1.2429112E7
1.2166848E7
1.1911552E7
1.1663432E7
1.1422704E7
1.11896E7
1.0964352E7
1.0747144E7
1.0538256E7
1.0337872E7
1.014624E7
9963544.0
9790000.0
9625808.0
9471168.0
9326256.0
9191216.0
9066216.0
8951360.0
8846744.0
8752408.0
8668336.0
8594480.0
8530720.0
8476848.0
8432616.0
8397672.0
8371600.0
8353920.0
8344080.0
8341496.0
8345504.0
8355448.0
8370648.0
8390392.0
8414048.0
8440984.0
8470616.0
8502416.0
8535952.0
8570840.0
8606776.0
8643576.0
8681096.0
8719280.0
8758128.0
8797704.0
8838112.0
8879464.0
8921920.0
8965592.0
9010616.0
9057072.0
9105008.0
9154400.0
9205176.0
9257192.0
9310208.0
9363928.0
9417960.0
9471792.0
9524904.0
9576624.0
9626232.0
9672928.0
9715864.0
9754128.0
9786744.0
9812736.0
9831088.0
9840776.0
9840800.0
9830160.0
9807936.0
9773224.0
9725200.0
9663136.0
9586376.0
9494408.0
9386776.0
9263176.0
9123416.0
8967416.0
8795224.0
8607000.0
8403016.0
8183624.0
7949272.0
7700504.0
7437936.0
7162192.0
6874024.0
6574152.0
6263352.0
5942408.0
5612104.0
5273232.0
4926568.0
4572888.0
4212920.0
3847384.0
3476968.0
3102360.0
2724176.0
2343032.0
1959544.0
1574240.0
1187688.0
800424.0
412944.0
25792.0
-360552.0
-745592.0
-1128808.0
-1509688.0
-1887728.0
-2262376.0
-2633112.0
-2999344.0
-3360488.0
-3715944.0
-4065048.0
-4407128.0
-4741504.0
-5067392.0
-5384048.0
-5690648.0
-5986376.0
-6270360.0
-6541744.0
-6799664.0
-7043264.0
-7271712.0
-7484200.0
-7679984.0
-7858416.0
-8018888.0
-8160912.0
-8284152.0
-8388320.0
-8473344.0
-8539224.0
-8586136.0
-8614400.0
-8624448.0
-8616840.0
-8592256.0
-8551488.0
-8495376.0
-8424864.0
-8340904.0
-8244512.0
-8136688.0
-8018432.0
-7890712.0
-7754456.0
-7610536.0
-7459752.0
-7302840.0
-7140416.0
-6973040.0
-6801144.0
-6625056.0
-6445016.0
-6261144.0
-6073440.0
-5881816.0
-5686072.0
-5485920.0
-5280960.0
-5070760.0
-4854760.0
-4632384.0
-4402984.0
-4165896.0
-3920464.0
-3665976.0
-3401752.0
-3127160.0
-2841568.0
-2544400.0
-2235128.0
-1913288.0
-1578464.0
-1230336.0
-868632.0
-493160.0
-103808.0
299424.0
716496.0
1147240.0
1591392.0
2048552.0
2518256.0
2999856.0
3492568.0
3995512.0
4507608.0
5027616.0
5554176.0
6085752.0
6620656.0
7157096.0
7693152.0
8226808.0
8756016.0
9278648.0
9792632.0
1.0295856E7
1.0786352E7
1.1262216E7
1.172168E7
1.2163136E7
1.2585176E7
1.2986608E7
1.3366432E7
1.3723896E7
1.4058512E7
1.4370008E7
1.4658352E7
1.4923752E7
1.5166592E7
1.5387472E7
1.5587184E7
1.5766632E7
1.5926888E7
1.6069072E7
1.6194448E7
1.630428E7
1.6399888E7
1.6482568E7
1.6553608E7
1.6614272E7
1.666576E7
1.6709184E7
1.6745584E7
1.6775928E7
1.6801056E7
1.6821736E7
1.6838648E7
1.6852368E7
1.6863448E7
1.6872328E7
1.6879456E7
1.6885232E7
1.6890104E7
1.6894464E7
1.68988E7
1.6903664E7
1.6909632E7
1.6917368E7
1.6927632E7
1.6941248E7
1.695908E7
1.6982096E7
1.7011256E7
1.704756E7
1.7091984E7
1.7145488E7
1.7208936E7
1.7283128E7
1.7368752E7
1.7466328E7
1.7576248E7
1.7698712E7
1.7833784E7
1.7981288E7
1.8140904E7
1.831212E7
1.8494264E7
1.8686496E7
1.8887856E7
1.9097216E7
1.9313424E7
1.9535136E7
1.9761016E7
1.9989656E7
2.02196E7
2.0449368E7
2.0677472E7
2.0902448E7
2.11228E7
2.133708E7
2.1543832E7
2.1741704E7
2.1929304E7
2.2105368E7
2.226864E7
2.241796E7
2.255224E7
2.2670496E7
2.2771808E7
2.2855424E7
2.2920656E7
2.296696E7
2.2993912E7
2.3001232E7
2.298876E7
2.2956472E7
2.2904448E7
2.2832936E7
2.2742248E7
2.2632816E7
2.2505184E7
2.2359936E7
2.2197752E7
2.2019376E7
2.1825584E7
2.1617184E7
2.1395016E7
2.1159944E7
2.0912848E7
2.0654592E7
2.0386072E7
2.0108128E7
1.9821672E7
1.9527536E7
1.9226544E7
1.8919536E7
1.8607304E7
1.8290616E7
1.7970176E7
1.7646688E7
1.7320792E7
1.6993064E7
1.666404E7
1.6334176E7
1.6003896E7
1.567352E7
1.5343336E7
1.5013568E7
1.4684368E7
1.4355848E7
1.4028096E7
1.370116E7
1.337504E7
1.3049744E7
1.2725288E7
1.240164E7
1.2078848E7
1.1756896E7
1.1435824E7
1.1115688E7
1.0796552E7
1.0478488E7
1.01616E7
9845968.0
9531680.0
9218840.0
8907560.0
8597904.0
8289976.0
7983856.0
7679640.0
7377432.0
7077360.0
6779568.0
6484248.0
6191648.0
5902048.0
5615784.0
5333264.0
5054944.0
4781360.0
4513064.0
4250664.0
3994808.0
3746128.0
3505288.0
3272904.0
3049592.0
2835872.0
2632256.0
2439120.0
2256776.0
2085440.0
1925208.0
1776072.0
1637920.0
1510504.0
1393512.0
1286520.0
1189016.0
1100424.0
1020112.0
947376.0
881504.0
821776.0
767440.0
717768.0
672056.0
629600.0
589768.0
551936.0
515528.0
480056.0
445032.0
410064.0
374768.0
338880.0
302112.0
264304.0
225304.0
185000.0
143384.0
100424.0
56184.0
10720.0
-35872.0
-83488.0
-132008.0
-181312.0
-231304.0
-281928.0
-333112.0
-384872.0
-437264.0
-490376.0
-544368.0
-599472.0
-655944.0
-714104.0
-774312.0
-836968.0
-902456.0
-971216.0
-1043608.0
-1120016.0
-1200760.0
-1286048.0
-1376064.0
-1470872.0
-1570376.0
-1674408.0
-1782624.0
-1894552.0
-2009576.0
-2126904.0
-2245624.0
-2364696.0
-2482944.0
-2599120.0
-2711864.0
-2819800.0
-2921488.0
-3015552.0
-3100592.0
-3175320.0
-3238560.0
-3289256.0
-3326496.0
-3349600.0
-3358048.0
-3351584.0
-3330128.0
-3293888.0
-3243248.0
-3178856.0
-3101528.0
-3012280.0
-2912304.0
-2802920.0
-2685536.0
-2561688.0
-2432960.0
-2300944.0
-2167272.0
-2033536.0
-1901336.0
-1772200.0
-1647592.0
-1528912.0
-1417504.0
-1314600.0
-1221360.0
-1138856.0
-1068072.0
-1009864.0
-965048.0
-934312.0
-918216.0
-917280.0
-931856.0
-962224.0
-1008536.0
-1070808.0
-1148968.0
-1242776.0
-1351880.0
-1475784.0
-1613888.0
-1765416.0
-1929472.0
-2105056.0
-2291008.0
-2486096.0
-2688952.0
-2898128.0
-3112104.0
-3329288.0
-3548040.0
-3766712.0
-3983648.0
-4197184.0
-4405712.0
-4607680.0
-4801616.0
-4986136.0
-5160008.0
-5322096.0
-5471432.0
-5607232.0
-5728904.0
-5835992.0
-5928304.0
-6005768.0
-6068576.0
-6117064.0
-6151768.0
-6173352.0
-6182656.0
-6180640.0
-6168336.0
-6146880.0
-6117448.0
-6081224.0
-6039408.0
-5993144.0
-5943552.0
-5891688.0
-5838488.0
-5784848.0
-5731512.0
-5679128.0
-5628256.0
-5579328.0
-5532672.0
-5488544.0
-5447064.0
-5408312.0
-5372248.0
-5338824.0
-5307864.0
-5279200.0
-5252608.0
-5227832.0
-5204576.0
-5182536.0
-5161432.0
-5140960.0
-5120808.0
-5100720.0
-5080448.0
-5059768.0
-5038520.0
-5016560.0
-4993792.0
-4970168.0
-4945696.0
-4920384.0
-4894344.0
-4867640.0
-4840400.0
-4812776.0
-4784880.0
-4756848.0
-4728792.0
-4700784.0
-4672904.0
-4645136.0
-4617456.0
-4589792.0
-4562024.0
-4533960.0
-4505392.0
-4476064.0
-4445656.0
-4413848.0
-4380256.0
-4344504.0
-4306168.0
-4264824.0
-4220016.0
-4171304.0
-4118240.0
-4060352.0
-3997216.0
-3928384.0
-3853416.0
-3771904.0
-3683472.0
-3587752.0
-3484376.0
-3373072.0
-3253552.0
-3125600.0
-2989000.0
-2843616.0
-2689312.0
-2526008.0
-2353672.0
-2172248.0
-1981752.0
-1782184.0
-1573536.0
-1355840.0
-1129048.0
-893152.0
-648072.0
-393728.0
-129976.0
143336.0
426464.0
719608.0
1023080.0
1337184.0
1662280.0
1998696.0
2346800.0
2706944.0
3079488.0
3464720.0
3862952.0
4274400.0
4699272.0
5137656.0
5589632.0
6055168.0
6534136.0
7026368.0
7531568.0
8049392.0
8579376.0
9120992.0
9673656.0
1.023672E7
1.0809448E7
1.1391104E7
1.198088E7
1.2577968E7
1.3181528E7
1.379072E7
1.4404696E7
1.5022648E7
1.5643728E7
1.6267152E7
1.6892104E7
1.7517816E7
1.814352E7
1.876844E7
1.9391848E7
2.001296E7
2.0631048E7
2.1245328E7
2.1855032E7
2.2459352E7
2.3057496E7
2.364864E7
2.4231952E7
2.4806576E7
2.5371672E7
2.5926392E7
2.6469904E7
2.7001368E7
2.7520008E7
2.8025064E7
2.8515816E7
2.89916E7
2.9451848E7
2.9895984E7
3.0323584E7
3.073424E7
3.112768E7
3.1503656E7
3.1862032E7
3.220272E7
3.252572E7
3.2831064E7
3.3118872E7
3.3389272E7
3.364244E7
3.387856E7
3.4097864E7
3.4300528E7
3.4486752E7
3.4656712E7
3.481056E7
3.4948408E7
3.5070288E7
3.5176264E7
3.5266312E7
3.5340344E7
3.5398288E7
3.5439992E7
3.5465312E7
3.547408E7
3.5466136E7
3.5441336E7
3.5399552E7
3.5340672E7
3.526468E7
3.5171576E7
3.506144E7
3.49344E7
3.4790672E7
3.4630512E7
3.445424E7
3.4262224E7
3.4054904E7
3.3832728E7
3.3596192E7
3.33458E7
3.3082096E7
3.28056E7
3.2516864E7
3.2216464E7
3.1904944E7
3.1582872E7
3.1250832E7
3.0909416E7
3.055924E7
3.0200952E7
2.9835224E7
2.946276E7
2.9084328E7
2.870072E7
2.8312776E7
2.7921416E7
2.7527568E7
2.713224E7
2.673644E7
2.634124E7
2.5947736E7
2.5557E7
2.5170152E7
2.478824E7
2.4412312E7
2.404336E7
2.3682296E7
2.3329968E7
2.298708E7
2.2654288E7
2.2332072E7
2.2020792E7
2.172068E7
2.1431784E7
2.1154072E7
2.0887304E7
2.0631136E7
2.0385072E7
2.0148504E7
1.9920704E7
1.9700848E7
1.948804E7
1.9281288E7
1.907956E7
1.8881768E7
1.868684E7
1.8493656E7
1.8301128E7
1.81082E7
1.791384E7
1.7717096E7
1.751712E7
1.7313104E7
1.7104408E7
1.6890496E7
1.6670968E7
1.6445584E7
1.6214272E7
1.597712E7
1.5734368E7
1.5486456E7
1.5233968E7
1.49776E7
1.4718248E7
1.4456856E7
1.4194512E7
1.393236E7
1.3671544E7
1.3413272E7
1.3158712E7
1.2908992E7
1.2665176E7
1.2428232E7
1.2199008E7
1.1978256E7
1.1766576E7
1.15644E7
1.1372064E7
1.118972E7
1.1017368E7
1.0854904E7
1.0702032E7
1.0558408E7
1.0423512E7
1.0296704E7
1.0177328E7
1.0064544E7
9957480.0
9855160.0
9756568.0
9660624.0
9566184.0
9472064.0
9377056.0
9279936.0
9179472.0
9074456.0
8963712.0
8846096.0
8720576.0
8586168.0
8442032.0
8287456.0
8121880.0
7944896.0
7756312.0
7556088.0
7344432.0
7121704.0
6888496.0
6645584.0
6393952.0
6134744.0
5869256.0
5598960.0
5325408.0
5050264.0
4775256.0
4502168.0
4232784.0
3968888.0
3712200.0
3464376.0
3226992.0
3001480.0
2789144.0
2591128.0
2408400.0
2241728.0
2091696.0
1958712.0
1842920.0
1744328.0
1662736.0
1597736.0
1548800.0
1515200.0
1496136.0
1490616.0
1497600.0
1515960.0
1544504.0
1581968.0
1627128.0
1678672.0
1735336.0
1795824.0
1858896.0
1923312.0
1987896.0
2051504.0
2113032.0
2171448.0
2225800.0
2275232.0
2318936.0
2356256.0
2386632.0
2409640.0
2424984.0
2432544.0
2432312.0
2424480.0
2409352.0
2387424.0
2359304.0
2325752.0
2287624.0
2245896.0
2201584.0
2155784.0
2109560.0
2064056.0
2020312.0
1979344.0
1942096.0
1909408.0
1882032.0
1860608.0
1845616.0
1837432.0
1836328.0
1842448.0
1855792.0
1876336.0
1903888.0
1938256.0
1979168.0
2026312.0
2079376.0
2138032.0
2201952.0
2270848.0
2344448.0
2422520.0
2504872.0
2591344.0
2681840.0
2776296.0
2874664.0
2976936.0
3083144.0
3193304.0
3307456.0
3425632.0
3547840.0
3674096.0
3804360.0
3938600.0
4076712.0
4218568.0
4364024.0
4512832.0
4664768.0
4819552.0
4976856.0
5136304.0
5297552.0
5460176.0
5623800.0
5787992.0
5952376.0
6116576.0
6280272.0
6443152.0
6604992.0
6765616.0
6924904.0
7082848.0
7239504.0
7395008.0
7549600.0
7703584.0
7857352.0
8011368.0
8166152.0
8322288.0
8480400.0
8641136.0
8805168.0
8973160.0
9145784.0
9323696.0
9507480.0
9697712.0
9894912.0
1.0099528E7
1.0311952E7
1.0532488E7
1.0761384E7
1.0998792E7
1.1244816E7
1.1499448E7
1.1762664E7
1.2034328E7
1.2314304E7
1.2602376E7
1.2898312E7
1.3201864E7
1.3512808E7
1.3830872E7
1.4155864E7
1.4487592E7
1.482592E7
1.5170768E7
1.5522096E7
1.5879928E7
1.6244344E7
1.6615464E7
1.6993448E7
1.7378456E7
1.7770656E7
1.8170216E7
1.8577216E7
1.8991688E7
1.9413568E7
1.9842632E7
2.0278552E7
2.07208E7
2.1168656E7
2.1621232E7
2.2077392E7
2.253584E7
2.2995048E7
2.3453328E7
2.3908816E7
2.435952E7
2.4803312E7
2.5238032E7
2.5661472E7
2.6071416E7
2.646572E7
2.6842328E7
2.7199296E7
2.753488E7
2.7847504E7
2.8135848E7
2.839884E7
2.863564E7
2.8845752E7
2.9028928E7
2.9185216E7
2.9314944E7
2.941868E7
2.9497288E7
2.95518E7
2.9583504E7
2.95938E7
2.9584248E7
2.9556544E7
2.95124E7
2.9453608E7
2.938196E7
2.9299224E7
2.920712E7
2.910732E7
2.900136E7
2.8890704E7
2.8776664E7
2.8660432E7
2.8543032E7
2.8425344E7
2.8308088E7
2.8191824E7
2.807696E7
2.7963752E7
2.785232E7
2.7742664E7
2.763464E7
2.752804E7
2.742256E7
2.7317832E7
2.721344E7
2.7108952E7
2.700392E7
2.689792E7
2.6790528E7
2.66814E7
2.6570216E7
2.6456704E7
2.6340728E7
2.6222144E7
2.6100952E7
2.5977192E7
2.5851032E7
2.5722656E7
2.5592368E7
2.5460512E7
2.532752E7
2.5193864E7
2.5060072E7
2.4926704E7
2.4794368E7
2.4663704E7
2.453536E7
2.4409984E7
2.428828E7
2.4170928E7
2.4058584E7
2.3951912E7
2.3851568E7
2.3758176E7
2.3672336E7
2.3594624E7
2.3525568E7
2.3465664E7
2.3415344E7
2.3375032E7
2.3345056E7
2.3325696E7
2.3317176E7
2.331964E7
2.3333168E7
2.3357752E7
2.3393312E7
2.3439688E7
2.3496632E7
2.35638E7
2.3640792E7
2.3727104E7
2.3822176E7
2.3925344E7
2.4035896E7
2.4153072E7
2.427604E7
2.4403936E7
2.4535872E7
2.4670928E7
2.4808192E7
2.494672E7
2.508564E7
2.5224024E7
2.5361E7
2.549576E7
2.562748E7
2.5755392E7
2.587876E7
2.5996896E7
2.6109136E7
2.621484E7
2.6313408E7
2.6404256E7
2.6486832E7
2.6560584E7
2.6624992E7
2.6679584E7
2.6723872E7
2.6757424E7
2.6779824E7
2.6790712E7
2.6789784E7
2.6776768E7
2.6751496E7
2.6713856E7
2.6663792E7
2.6601392E7
2.6526784E7
2.6440216E7
2.6342024E7
2.6232648E7
2.61126E7
2.598248E7
2.5842992E7
2.569488E7
2.5538952E7
2.537608E7
2.5207176E7
2.5033176E7
2.4855032E7
2.4673712E7
2.4490192E7
2.4305408E7
2.4120304E7
2.3935776E7
2.3752704E7
2.3571896E7
2.3394144E7
2.322012E7
2.305052E7
2.2885904E7
2.2726808E7
2.2573688E7
2.2426944E7
2.2286896E7
2.2153848E7
2.2028016E7
2.1909624E7
2.1798848E7
2.1695848E7
2.1600816E7
2.1513936E7
2.143544E7
2.1365576E7
2.1304712E7
2.1253232E7
2.1211632E7
2.1180488E7
2.1160464E7
2.1152352E7
2.1157008E7
2.1175384E7
2.1208552E7
2.1257624E7
2.13238E7
2.1408328E7
2.1512488E7
2.163756E7
2.1784808E7
2.195548E7
2.2150744E7
2.2371688E7
2.2619304E7
2.2894416E7
2.3197696E7
2.352968E7
2.3890648E7
2.4280704E7
2.4699744E7
2.5147408E7
2.562312E7
2.6126104E7
2.6655336E7
2.7209568E7
2.7787392E7
2.8387184E7
2.900716E7
2.96454E7
3.0299848E7
3.0968344E7
3.1648656E7
3.2338496E7
3.3035536E7
3.3737448E7
3.4441912E7
3.5146672E7
3.5849512E7
3.6548312E7
3.7241056E7
3.792584E7
3.8600928E7
3.926468E7
3.9915688E7
4.0552664E7
4.117452E7
4.1780368E7
4.2369464E7
4.2941272E7
4.3495448E7
4.4031784E7
4.4550264E7
4.5051008E7
4.5534272E7
4.6000448E7
4.6450008E7
4.6883552E7
4.7301696E7
4.7705136E7
4.8094608E7
4.8470832E7
4.8834528E7
4.91864E7
4.952712E7
4.985728E7
5.017744E7
5.048808E7
5.0789616E7
5.1082368E7
5.13666E7
5.1642456E7
5.1910056E7
5.2169392E7
5.2420416E7
5.2663E7
5.2896936E7
5.312192E7
5.3337648E7
5.3543688E7
5.3739536E7
5.3924664E7
5.4098416E7
5.4260088E7
5.4408904E7
5.4544016E7
5.4664496E7
5.476936E7
5.4857568E7
5.4928032E7
5.4979616E7
5.5011184E7
5.5021576E7
5.500968E7
5.49744E7
5.4914688E7
5.4829616E7
5.4718312E7
5.4580088E7
5.4414344E7
5.4220704E7
5.3998912E7
5.3748944E7
5.3470936E7
5.3165264E7
5.2832424E7
5.2473184E7
5.2088448E7
5.1679256E7
5.1246832E7
5.0792512E7
5.0317704E7
4.9823928E7
4.9312752E7
4.8785752E7
4.8244544E7
4.7690696E7
4.7125784E7
4.6551304E7
4.5968712E7
4.5379368E7
4.4784592E7
4.4185584E7
4.3583464E7
4.2979272E7
4.2373936E7
4.176832E7
4.1163152E7
4.055912E7
3.99568E7
3.935668E7
3.8759208E7
3.8164696E7
3.757344E7
3.6985616E7
3.64014E7
3.5820848E7
3.5244008E7
3.4670872E7
3.41014E7
3.3535536E7
3.2973208E7
3.2414344E7
3.1858888E7
3.1306816E7
3.0758168E7
3.0212976E7
2.96714E7
2.9133664E7
2.860008E7
2.8071072E7
2.7547184E7
2.7029064E7
2.651748E7
2.6013312E7
2.5517608E7
2.503148E7
2.4556168E7
2.4093016E7
2.3643432E7
2.3208904E7
2.2790976E7
2.23912E7
2.201116E7
2.1652424E7
2.1316528E7
2.1004968E7
2.0719152E7
2.04604E7
2.0229936E7
2.0028856E7
1.9858104E7
1.9718504E7
1.961072E7
1.9535248E7
1.9492424E7
1.9482424E7
1.9505272E7
1.956084E7
1.9648824E7
1.97688E7
1.9920208E7
2.0102368E7
2.0314464E7
2.0555608E7
2.0824792E7
2.1120936E7
2.1442896E7
2.1789448E7
2.2159344E7
2.2551288E7
2.2963952E7
2.3396008E7
2.3846112E7
2.4312952E7
2.4795224E7
2.5291648E7
2.5801E7
2.6322104E7
2.6853832E7
2.739512E7
2.7944952E7
2.8502392E7
2.9066528E7
2.9636544E7
3.0211616E7
3.0790984E7
3.1373912E7
3.1959648E7
3.2547488E7
3.3136656E7
3.3726432E7
3.4316008E7
3.4904584E7
3.549128E7
3.6075208E7
3.6655456E7
3.7231056E7
3.7801024E7
3.8364368E7
3.8920088E7
3.9467216E7
4.0004776E7
4.0531888E7
4.1047704E7
4.1551472E7
4.204252E7
4.2520296E7
4.2984392E7
4.3434488E7
4.387048E7
4.4292304E7
4.4700136E7
4.5094256E7
4.5475072E7
4.584312E7
4.6199056E7
4.6543592E7
4.6877568E7
4.7201832E7
4.751724E7
4.7824696E7
4.812504E7
4.8419072E7
4.8707544E7
4.8991088E7
4.9270248E7
4.9545456E7
4.9817008E7
5.0085096E7
5.0349768E7
5.061096E7
5.0868488E7
5.1122096E7
5.1371384E7
5.1615944E7
5.1855264E7
5.2088808E7
5.2316016E7
5.2536304E7
5.2749064E7
5.2953752E7
5.3149784E7
5.3336624E7
5.351376E7
5.3680712E7
5.3837056E7
5.3982376E7
5.4116344E7
5.4238648E7
5.4349048E7
5.4447384E7
5.4533512E7
5.4607392E7
5.4669056E7
5.4718584E7
5.4756144E7
5.4781984E7
5.47964E7
5.479976E7
5.4792456E7
5.4774976E7
5.4747768E7
5.4711352E7
5.46662E7
5.4612816E7
5.4551664E7
5.448316E7
5.4407704E7
5.432564E7
5.4237248E7
5.4142784E7
5.4042456E7
5.3936408E7
5.38248E7
5.370772E7
5.3585272E7
5.3457584E7
5.3324752E7
5.318692E7
5.3044248E7
5.2896968E7
5.2745296E7
5.2589536E7
5.2430032E7
5.226716E7
5.2101336E7
5.1933032E7
5.1762728E7
5.1590936E7
5.1418184E7
5.1245008E7
5.1071936E7
5.0899472E7
5.0728112E7
5.0558296E7
5.0390464E7
5.0224976E7
5.006212E7
4.990216E7
4.9745264E7
4.959156E7
4.944108E7
4.9293776E7
4.914956E7
4.9008248E7
4.8869616E7
4.8733368E7
4.8599144E7
4.8466592E7
4.8335248E7
4.8204688E7
4.807444E7
4.7944024E7
4.7812976E7
4.768084E7
4.7547184E7
4.7411608E7
4.7273752E7
4.7133328E7
4.6990072E7
4.6843824E7
4.6694488E7
4.6542056E7
4.638664E7
4.6228376E7
4.60676E7
4.590468E7
4.5740128E7
4.5574536E7
4.5408624E7
4.5243184E7
4.5079136E7
4.4917424E7
4.4759096E7
4.4605256E7
4.445704E7
4.43156E7
4.4182112E7
4.4057728E7
4.3943576E7
4.3840744E7
4.3750248E7
4.3673032E7
4.3609952E7
4.3561736E7
4.3529016E7
4.3512296E7
4.3511936E7
4.3528168E7
4.3561088E7
4.3610624E7
4.3676584E7
4.375864E7
4.3856312E7
4.3969024E7
4.4096048E7
4.4236576E7
4.4389664E7
4.4554344E7
4.4729512E7
4.4914024E7
4.5106712E7
4.5306352E7
4.5511704E7
4.5721528E7
4.5934624E7
4.6149768E7
4.6365832E7
4.6581696E7
4.6796328E7
4.700876E7
4.7218136E7
4.742364E7
4.7624584E7
4.782036E7
4.8010464E7
4.8194456E7
4.8372032E7
4.8542904E7
4.870692E7
4.886396E7
4.901396E7
4.915692E7
4.9292864E7
4.9421848E7
4.9543952E7
4.9659296E7
4.976796E7
4.9870064E7
4.996572E7
5.005504E7
5.013812E7
5.021508E7
5.0286016E7
5.0351016E7
5.0410208E7
5.0463688E7
5.051156E7
5.055392E7
5.059088E7
5.0622544E7
5.0648984E7
5.0670272E7
5.068644E7
5.0697504E7
5.0703408E7
5.0704104E7
5.0699416E7
5.068916E7
5.0673072E7
5.0650832E7
5.0622048E7
5.0586304E7
5.0543096E7
5.0491928E7
5.043224E7
5.0363528E7
5.0285224E7
5.0196848E7
5.009792E7
4.9988032E7
4.9866872E7
4.9734192E7
4.9589856E7
4.9433832E7
4.9266208E7
4.9087224E7
4.8897216E7
4.8696664E7
4.8486224E7
4.8266624E7
4.8038776E7
4.780368E7
4.7562472E7
4.7316384E7
4.706676E7
4.6815016E7
4.656264E7
4.6311176E7
4.60622E7
4.5817304E7
4.5578072E7
4.534608E7
4.5122848E7
4.4909824E7
4.4708384E7
4.4519808E7
4.4345216E7
4.4185624E7
4.4041888E7
4.3914656E7
4.3804448E7
4.3711552E7
4.363608E7
4.3577904E7
4.3536736E7
4.3512048E7
4.3503112E7
4.3509E7
4.3528616E7
4.3560656E7
4.3603648E7
4.3655984E7
4.3715896E7
4.3781504E7
4.3850856E7
4.3921864E7
4.3992456E7
4.4060456E7
4.4123752E7
4.4180216E7
4.4227776E7
4.4264448E7
4.4288312E7
4.4297608E7
4.4290728E7
4.42662E7
4.422276E7
4.415936E7
4.4075144E7
4.396952E7
4.3842096E7
4.3692744E7
4.3521568E7
4.332892E7
4.311536E7
4.2881712E7
4.262896E7
4.2358336E7
4.207124E7
4.1769232E7
4.1454024E7
4.1127472E7
4.079152E7
4.0448232E7
4.0099704E7
3.9748136E7
3.939568E7
3.9044576E7
3.8697E7
3.8355104E7
3.802104E7
3.7696832E7
3.7384464E7
3.7085808E7
3.6802648E7
3.6536624E7
3.6289272E7
3.6061976E7
3.5855976E7
3.567236E7
3.5512064E7
3.5375872E7
3.52644E7
3.517812E7
3.5117344E7
3.5082208E7
3.507276E7
3.5088888E7
3.5130344E7
3.5196776E7
3.5287752E7
3.5402704E7
3.554104E7
3.5702088E7
3.588508E7
3.6089304E7
3.6313952E7
3.6558224E7
3.6821376E7
3.7102616E7
3.74012E7
3.7716456E7
3.8047696E7
3.8394336E7
3.8755832E7
3.9131696E7
3.9521504E7
3.9924888E7
4.0341544E7
4.077124E7
4.121376E7
4.1668968E7
4.2136752E7
4.2617016E7
4.3109704E7
4.3614744E7
4.4132072E7
4.4661616E7
4.5203264E7
4.5756872E7
4.6322248E7
4.6899136E7
4.74872E7
4.8086072E7
4.869524E7
4.9314144E7
4.994212E7
5.0578424E7
5.1222192E7
5.1872472E7
5.2528248E7
5.3188392E7
5.3851704E7
5.4516952E7
5.5182808E7
5.5847888E7
5.6510848E7
5.7170272E7
5.7824784E7
5.8473016E7
5.9113632E7
5.9745384E7
6.0367072E7
6.0977632E7
6.1576072E7
6.2161536E7
6.2733304E7
6.3290792E7
6.3833584E7
6.4361392E7
6.487408E7
6.537168E7
6.5854336E7
6.6322352E7
6.6776104E7
6.7216136E7
6.764304E7
6.8057496E7
6.846024E7
6.8852072E7
6.92338E7
6.9606256E7
6.997028E7
7.0326712E7
7.067636E7
7.1020032E7
7.1358504E7
7.1692552E7
7.2022896E7
7.235024E7
7.267532E7
7.2998808E7
7.3321376E7
7.3643696E7
7.3966456E7
7.4290296E7
7.4615864E7
7.4943784E7
7.5274664E7
7.5609072E7
7.5947496E7
7.6290408E7
7.6638152E7
7.6991E7
7.7349096E7
7.7712512E7
7.8081112E7
7.8454664E7
7.8832784E7
7.9214912E7
7.9600376E7
7.998836E7
8.0377912E7
8.0767928E7
8.1157248E7
8.1544624E7
8.1928728E7
8.2308176E7
8.26816E7
8.3047592E7
8.3404768E7
8.37518E7
8.4087384E7
8.4410312E7
8.4719464E7
8.50138E7
8.5292376E7
8.5554392E7
8.5799168E7
8.6026104E7
8.6234768E7
8.6424848E7
8.6596136E7
8.674856E7
8.6882192E7
8.6997152E7
8.709376E7
8.7172392E7
8.7233512E7
8.7277744E7
8.730576E7
8.7318328E7
8.7316328E7
8.7300664E7
8.727236E7
8.7232456E7
8.718208E7
8.7122384E7
8.7054536E7
8.6979736E7
8.6899192E7
8.681408E7
8.6725592E7
8.6634864E7
8.6542992E7
8.6451032E7
8.6359976E7
8.6270728E7
8.6184152E7
8.6100992E7
8.6021944E7
8.5947584E7
8.587844E7
8.5814928E7
8.57574E7
8.570612E7
8.566128E7
8.5623032E7
8.5591448E7
8.5566568E7
8.5548424E7
8.5536952E7
8.5532144E7
8.553396E7
8.5542352E7
8.5557272E7
8.5578728E7
8.5606664E7
8.5641112E7
8.568204E7
8.572948E7
8.57834E7
8.5843792E7
8.5910584E7
8.5983688E7
8.606292E7
8.6148064E7
8.6238792E7
8.633468E7
8.6435176E7
8.6539616E7
8.6647192E7
8.6756952E7
8.68678E7
8.6978464E7
8.7087576E7
8.7193576E7
8.7294784E7
8.7389408E7
8.747552E7
8.755112E7
8.7614144E7
8.7662432E7
8.7693824E7
8.7706152E7
8.769724E7
8.7664984E7
8.760732E7
8.7522272E7
8.7408E7
8.7262768E7
8.7085024E7
8.6873352E7
8.6626552E7
8.6343632E7
8.6023832E7
8.5666592E7
8.5271632E7
8.4838912E7
8.4368648E7
8.3861336E7
8.3317712E7
8.2738792E7
8.212584E7
8.1480384E7
8.0804144E7
8.009912E7
7.9367464E7
7.8611552E7
7.783388E7
7.703712E7
7.6224048E7
7.5397488E7
7.456036E7
7.3715592E7
7.2866104E7
7.2014808E7
7.1164552E7
7.0318096E7
6.9478112E7
6.8647136E7
6.78276E7
6.7021736E7
6.6231648E7
6.5459264E7
6.470632E7
6.3974392E7
6.3264896E7
6.2579048E7
6.1917928E7
6.128244E7
6.067336E7
6.0091352E7
5.953692E7
5.9010512E7
5.851244E7
5.8042944E7
5.7602216E7
5.719036E7
5.6807432E7
5.6453456E7
5.6128384E7
5.583216E7
5.556464E7
5.532572E7
5.5115184E7
5.4932776E7
5.477824E7
5.465124E7
5.4551376E7
5.4478168E7
5.4431128E7
5.4409592E7
5.4412888E7
5.4440216E7
5.449068E7
5.4563304E7
5.4656992E7
5.477056E7
5.4902744E7
5.5052168E7
5.5217392E7
5.5396904E7
5.5589176E7
5.5792592E7
5.6005552E7
5.622644E7
5.6453664E7
5.6685672E7
5.692096E7
5.7158104E7
5.7395752E7
5.7632672E7
5.7867728E7
5.809992E7
5.8328376E7
5.8552336E7
5.8771184E7
5.8984432E7
5.9191712E7
5.939276E7
5.9587408E7
5.9775592E7
5.9957296E7
6.0132576E7
6.0301504E7
6.0464232E7
6.062084E7
6.0771488E7
6.0916256E7
6.1055256E7
6.118856E7
6.1316232E7
6.1438296E7
6.1554776E7
6.1665688E7
6.1771032E7
6.1870848E7
6.196516E7
6.2054048E7
6.2137592E7
6.2215928E7
6.2289256E7
6.2357792E7
6.24218E7
6.2481608E7
6.2537592E7
6.2590152E7
6.2639744E7
6.2686856E7
6.2732008E7
6.2775776E7
6.281872E7
6.2861472E7
6.2904664E7
6.294896E7
6.2995064E7
6.3043664E7
6.309548E7
6.3151256E7
6.3211736E7
6.3277648E7
6.3349704E7
6.34286E7
6.3514984E7
6.3609464E7
6.371256E7
6.3824704E7
6.3946256E7
6.4077416E7
6.4218272E7
6.4368808E7
6.4528808E7
6.469792E7
6.4875632E7
6.5061288E7
6.5254048E7
6.5452944E7
6.565688E7
6.5864592E7
6.6074736E7
6.6285864E7
6.6496472E7
6.6704976E7
6.6909784E7
6.7109304E7
6.730196E7
6.7486232E7
6.7660672E7
6.7823944E7
6.7974816E7
6.8112216E7
6.823524E7
6.8343104E7
6.8435296E7
6.8511416E7
6.8571312E7
6.8614984E7
6.8642632E7
6.8654632E7
6.8651512E7
6.8633952E7
6.860276E7
6.8558832E7
6.8503168E7
6.8436824E7
6.8360888E7
6.8276504E7
6.8184784E7
6.8086856E7
6.7983816E7
6.7876736E7
6.7766656E7
6.765456E7
6.7541408E7
6.7428048E7
6.7315376E7
6.7204184E7
6.7095216E7
6.6989216E7
6.6886848E7
6.6788784E7
6.6695616E7
6.6607952E7
6.6526304E7
6.6451176E7
6.6383056E7
6.6322336E7
6.62694E7
6.622456E7
6.6188072E7
6.616016E7
6.6140952E7
6.613056E7
6.6129008E7
6.613628E7
6.6152328E7
6.617704E7
6.6210288E7
6.6251912E7
6.6301752E7
6.6359632E7
6.6425392E7
6.6498912E7
6.6580064E7
6.66688E7
6.6765136E7
6.6869112E7
6.6980888E7
6.7100656E7
6.722876E7
6.7365584E7
6.7511616E7
6.7667472E7
6.7833824E7
6.8011448E7
6.82012E7
6.8404E7
6.862084E7
6.8852728E7
6.9100736E7
6.9365872E7
6.9649192E7
6.9951656E7
7.02742E7
7.06176E7
7.0982568E7
7.136964E7
7.17792E7
7.2211416E7
7.2666296E7
7.3143592E7
7.3642856E7
7.4163408E7
7.4704368E7
7.5264592E7
7.5842784E7
7.6437424E7
7.7046872E7
7.7669304E7
7.8302824E7
7.894544E7
7.9595096E7
8.02498E7
8.0907512E7
8.1566264E7
8.2224208E7
8.2879584E7
8.3530816E7
8.4176456E7
8.481528E7
8.5446248E7
8.6068544E7
8.6681568E7
8.7284928E7
8.7878456E7
8.8462176E7
8.9036288E7
8.9601168E7
9.015732E7
9.0705392E7
9.1246048E7
9.1780096E7
9.230828E7
9.2831416E7
9.3350224E7
9.3865408E7
9.437756E7
9.48872E7
9.5394664E7
9.5900208E7
9.6403944E7
9.69058E7
9.7405592E7
9.790296E7
9.8397432E7
9.8888384E7
9.9375104E7
9.9856752E7
1.00332408E8
1.00801088E8
1.0126176E8
1.01713328E8
1.02154712E8
1.02584808E8
1.0300252E8
1.03406784E8
1.0379656E8
1.0417088E8
1.04528784E8
1.0486944E8
1.05192016E8
1.05495808E8
1.05780152E8
1.0604452E8
1.06288408E8
1.06511472E8
1.06713424E8
1.06894064E8
1.0705336E8
1.07191312E8
1.07308064E8
1.07403864E8
1.07479048E8
1.07534064E8
1.0756944E8
1.07585768E8
1.07583736E8
1.07564056E8
1.07527496E8
1.07474824E8
1.07406792E8
1.0732416E8
1.07227592E8
1.07117744E8
1.06995168E8
1.06860312E8
1.06713552E8
1.06555168E8
1.06385296E8
1.06204032E8
1.06011336E8
1.05807128E8
1.0559128E8
1.05363576E8
1.05123872E8
1.04871976E8
1.04607752E8
1.04331136E8
1.0404216E8
1.03740936E8
1.0342772E8
1.03102904E8
1.02767024E8
1.0242076E8
1.02064952E8
1.0170056E8
1.01328704E8
1.009506E8
1.00567552E8
1.00180936E8
9.9792192E7
9.940276E7
9.901408E7
9.8627568E7
9.8244568E7
9.7866352E7
9.7494096E7
9.7128872E7
9.6771632E7
9.642316E7
9.6084184E7
9.5755248E7
9.5436768E7
9.5129096E7
9.4832464E7
9.4547E7
9.42728E7
9.400988E7
9.3758232E7
9.351784E7
9.3288664E7
9.3070688E7
9.2863904E7
9.266836E7
9.2484096E7
9.2311216E7
9.2149864E7
9.2000232E7
9.1862544E7
9.173704E7
9.1624016E7
9.1523808E7
9.1436728E7
9.1363128E7
9.130336E7
9.12578E7
9.1226752E7
9.1210592E7
9.12096E7
9.1224072E7
9.1254248E7
9.1300336E7
9.1362456E7
9.1440728E7
9.1535168E7
9.1645704E7
9.17722E7
9.1914416E7
9.2072024E7
9.2244568E7
9.2431528E7
9.2632216E7
9.2845888E7
9.3071656E7
9.3308552E7
9.3555512E7
9.3811392E7
9.4074984E7
9.4345024E7
9.4620208E7
9.4899216E7
9.5180736E7
9.5463464E7
9.5746128E7
9.6027528E7
9.6306504E7
9.6582E7
9.6853032E7
9.7118728E7
9.7378352E7
9.763124E7
9.7876872E7
9.811484E7
9.8344864E7
9.8566752E7
9.8780432E7
9.8985952E7
9.91834E7
9.937296E7
9.9554872E7
9.9729432E7
9.9896952E7
1.00057768E8
1.00212248E8
1.00360688E8
1.00503424E8
1.00640744E8
1.00772888E8
1.0090008E8
1.01022512E8
1.01140272E8
1.01253472E8
1.01362152E8
1.01466352E8
1.01566048E8
1.01661216E8
1.01751856E8
1.01837936E8
1.0191944E8
1.01996408E8
1.0206888E8
1.02137016E8
1.02200944E8
1.02260936E8
1.02317296E8
1.0237044E8
1.02420856E8
1.02469112E8
1.02515904E8
1.0256196E8
1.02608144E8
1.02655368E8
1.02704632E8
1.02757E8
1.02813576E8
1.02875536E8
1.0294408E8
1.03020448E8
1.03105872E8
1.03201648E8
1.03309048E8
1.0342936E8
1.03563848E8
1.0371376E8
1.03880376E8
1.04064896E8
1.04268544E8
1.04492448E8
1.04737768E8
1.05005568E8
1.05296872E8
1.05612632E8
1.05953736E8
1.06320984E8
1.0671508E8
1.07136624E8
1.07586112E8
1.08063888E8
1.08570184E8
1.0910508E8
1.09668472E8
1.10260152E8
1.10879664E8
1.11526456E8
1.12199736E8
1.12898576E8
1.1362184E8
1.14368256E8
1.15136344E8
1.15924504E8
1.16730976E8
1.1755388E8
1.18391184E8
1.19240792E8
1.20100496E8
1.20968024E8
1.21841072E8
1.22717248E8
1.23594192E8
1.24469488E8
1.25340792E8
1.2620572E8
1.27061976E8
1.27907256E8
1.28739376E8
1.29556192E8
1.30355664E8
1.31135824E8
1.31894832E8
1.32630968E8
1.33342608E8
1.34028304E8
1.34686712E8
1.3531668E8
1.35917208E8
1.36487456E8
1.37026744E8
1.37534616E8
1.38010752E8
1.38455056E8
1.38867608E8
1.3924868E8
1.39598704E8
1.39918352E8
1.40208424E8
1.40469936E8
1.40704064E8
1.4091212E8
1.410956E8
1.41256136E8
1.4139548E8
1.4151548E8
1.4161812E8
1.41705448E8
1.41779536E8
1.4184256E8
1.41896664E8
1.41944048E8
1.41986832E8
1.42027152E8
1.4206704E8
1.42108488E8
1.42153376E8
1.42203496E8
1.42260472E8
1.42325856E8
1.42400992E8
1.42487152E8
1.42585392E8
1.4269664E8
1.42821648E8
1.42961056E8
1.4311532E8
1.43284792E8
1.43469632E8
1.43669952E8
1.4388568E8
1.44116688E8
1.44362736E8
1.44623488E8
1.44898568E8
1.45187488E8
1.45489736E8
1.45804728E8
1.46131864E8
1.46470456E8
1.46819808E8
1.47179224E8
1.47547904E8
1.47925096E8
1.4830996E8
1.4870172E8
1.49099504E8
1.49502496E8
1.49909848E8
1.50320712E8
1.50734272E8
1.51149728E8
1.51566288E8
1.51983184E8
1.52399712E8
1.52815176E8
1.53228928E8
1.53640344E8
1.54048856E8
1.54453888E8
1.54854928E8
1.55251464E8
1.55642992E8
1.56029032E8
1.5640908E8
1.5678264E8
1.57149224E8
1.57508304E8
1.57859344E8
1.58201848E8
1.58535248E8
1.58859032E8
1.5917268E8
1.59475688E8
1.597676E8
1.60048016E8
1.60316568E8
1.60572976E8
1.6081704E8
1.61048656E8
1.61267808E8
1.61474592E8
1.616692E8
1.61851912E8
1.6202316E8
1.62183424E8
1.62333264E8
1.62473304E8
1.62604232E8
1.6272676E8
1.62841616E8
1.6294952E8
1.63051176E8
1.63147264E8
1.63238376E8
1.63325096E8
1.63407936E8
1.63487296E8
1.6356356E8
1.63637048E8
1.63708E8
1.63776632E8
1.6384316E8
1.6390772E8
1.63970536E8
1.64031792E8
1.64091728E8
1.6415064E8
1.64208872E8
1.64266848E8
1.64325064E8
1.64384088E8
1.64444584E8
1.64507264E8
1.64572936E8
1.64642464E8
1.6471672E8
1.64796672E8
1.6488324E8
1.64977368E8
1.65079984E8
1.65191944E8
1.6531408E8
1.65447104E8
1.65591656E8
1.65748216E8
1.65917184E8
1.66098768E8
1.66293048E8
1.66499936E8
1.66719192E8
1.66950408E8
1.67193032E8
1.6744636E8
1.677096E8
1.67981808E8
1.68262E8
1.68549128E8
1.6884208E8
1.69139768E8
1.69441136E8
1.6974512E8
1.700508E8
1.70357272E8
1.70663792E8
1.7096972E8
1.71274536E8
1.71577888E8
1.71879536E8
1.72179376E8
1.72477456E8
1.72773936E8
1.73069048E8
1.7336316E8
1.73656688E8
1.7395008E8
1.74243832E8
1.74538416E8
1.74834312E8
1.75131936E8
1.7543168E8
1.75733832E8
1.76038616E8
1.76346152E8
1.76656464E8
1.76969504E8
1.77285088E8
1.77602968E8
1.779228E8
1.78244168E8
1.78566616E8
1.78889608E8
1.79212608E8
1.7953504E8
1.79856352E8
1.80175968E8
1.80493368E8
1.80808064E8
1.81119632E8
1.81427656E8
1.81731856E8
1.82031992E8
1.82327912E8
1.82619552E8
1.82906912E8
1.83190136E8
1.83469376E8
1.83744952E8
1.84017176E8
1.8428648E8
1.84553336E8
1.84818272E8
1.85081848E8
1.85344632E8
1.85607176E8
1.8587008E8
1.8613388E8
1.8639904E8
1.86666024E8
1.86935176E8
1.87206792E8
1.87481072E8
1.87758104E8
1.88037872E8
1.88320288E8
1.88605128E8
1.88892088E8
1.8918076E8
1.89470664E8
1.89761208E8
1.9005176E8
1.9034164E8
1.90630104E8
1.909164E8
1.91199736E8
1.91479328E8
1.9175444E8
1.92024328E8
1.92288296E8
1.92545728E8
1.92796024E8
1.9303868E8
1.93273272E8
1.93499424E8
1.93716856E8
1.9392536E8
1.94124816E8
1.94315104E8
1.94496224E8
1.94668192E8
1.94831072E8
1.94984968E8
1.95129992E8
1.95266296E8
1.95393984E8
1.95513256E8
1.9562424E8
1.95727096E8
1.95821992E8
1.9590908E8
1.95988536E8
1.9606052E8
1.96125216E8
1.961828E8
1.96233488E8
1.96277464E8
1.96314936E8
1.96346128E8
1.96371248E8
1.96390496E8
1.96404048E8
1.96412064E8
1.96414688E8
1.96411984E8
1.9640404E8
1.96390816E8
1.96372296E8
1.9634836E8
1.96318872E8
1.96283648E8
1.96242464E8
1.96195064E8
1.96141216E8
1.96080672E8
1.96013192E8
1.95938576E8
1.95856688E8
1.95767416E8
1.95670776E8
1.955668E8
1.95455648E8
1.9533756E8
1.95212832E8
1.95081928E8
1.94945312E8
1.94803576E8
1.94657368E8
1.94507392E8
1.94354408E8
1.94199208E8
1.940426E8
1.9388544E8
1.9372856E8
1.93572808E8
1.93419016E8
1.93268E8
1.93120544E8
1.92977432E8
1.92839408E8
1.92707152E8
1.92581368E8
1.92462704E8
1.92351752E8
1.92249104E8
1.92155312E8
1.92070848E8
1.91996232E8
1.91931856E8
1.91878144E8
1.91835456E8
1.9180412E8
1.9178444E8
1.91776688E8
1.9178112E8
1.91797928E8
1.9182736E8
1.91869608E8
1.9192488E8
1.91993392E8
1.92075368E8
1.92171056E8
1.92280736E8
1.92404728E8
1.92543352E8
1.92696992E8
1.92866064E8
1.93050968E8
1.93252144E8
1.93470032E8
1.93705072E8
1.93957632E8
1.94228088E8
1.9451672E8
1.94823712E8
1.951492E8
1.9549316E8
1.95855472E8
1.96235856E8
1.9663388E8
1.97049E8
1.97480464E8
1.97927416E8
1.98388824E8
1.98863528E8
1.99350264E8
1.998476E8
2.00354064E8
2.00868064E8
2.01387976E8
2.01912128E8
2.02438848E8
2.02966456E8
2.0349332E8
2.04017872E8
2.04538584E8
2.0505408E8
2.05563064E8
2.06064408E8
2.06557112E8
2.07040328E8
2.07513416E8
2.07975896E8
2.08427472E8
2.08868016E8
2.092976E8
2.09716472E8
2.10125024E8
2.10523864E8
2.10913664E8
2.11295288E8
2.11669704E8
2.12037976E8
2.12401216E8
2.12760656E8
2.13117488E8
2.13472984E8
2.13828384E8
2.14184888E8
2.14543688E8
2.1490588E8
2.15272528E8
2.15644552E8
2.1602284E8
2.16408128E8
2.16801064E8
2.172022E8
2.17611952E8
2.18030648E8
2.18458496E8
2.18895608E8
2.19342016E8
2.19797616E8
2.20262256E8
2.20735656E8
2.21217504E8
2.21707344E8
2.22204704E8
2.22709008E8
2.2321964E8
2.2373592E8
2.24257112E8
2.24782456E8
2.25311168E8
2.25842432E8
2.26375424E8
2.2690936E8
2.27443456E8
2.2797696E8
2.28509168E8
2.2903944E8
2.29567176E8
2.30091872E8
2.30613064E8
2.31130392E8
2.31643576E8
2.32152392E8
2.32656696E8
2.33156432E8
2.336516E8
2.34142288E8
2.34628608E8
2.35110752E8
2.35588992E8
2.36063592E8
2.36534896E8
2.3700328E8
2.37469152E8
2.37932936E8
2.38395088E8
2.38856056E8
2.39316328E8
2.3977636E8
2.40236608E8
2.40697512E8
2.41159496E8
2.41622952E8
2.42088256E8
2.42555744E8
2.4302576E8
2.43498576E8
2.43974504E8
2.44453808E8
2.4493676E8
2.45423664E8
2.45914824E8
2.46410576E8
2.46911272E8
2.47417352E8
2.4792924E8
2.48447456E8
2.48972528E8
2.4950504E8
2.50045608E8
2.50594848E8
2.51153384E8
2.51721872E8
2.52300904E8
2.52891072E8
2.53492888E8
2.54106808E8
2.54733232E8
2.55372448E8
2.56024632E8
2.56689872E8
2.57368128E8
2.58059216E8
2.58762856E8
2.59478592E8
2.60205864E8
2.60943944E8
2.61692024E8
2.62449072E8
2.63213992E8
2.63985528E8
2.64762296E8
2.65542768E8
2.66325312E8
2.67108176E8
2.67889488E8
2.68667264E8
2.69439432E8
2.70203872E8
2.70958352E8
2.7170064E8
2.72428448E8
2.7313956E8
2.73831736E8
2.74502856E8
2.75150872E8
2.75773912E8
2.76370272E8
2.76938472E8
2.77477272E8
2.7798568E8
2.78463032E8
2.78909E8
2.79323552E8
2.79707016E8
2.80060024E8
2.80383592E8
2.80679E8
2.80947864E8
2.81192088E8
2.8141376E8
2.81615248E8
2.81799064E8
2.81967864E8
2.82124408E8
2.82271536E8
2.82412072E8
2.82548864E8
2.8268468E8
2.82822192E8
2.8296396E8
2.831124E8
2.83269704E8
2.83437912E8
2.83618776E8
2.83813864E8
2.84024416E8
2.84251432E8
2.84495656E8
2.8475752E8
2.85037208E8
2.8533464E8
2.85649432E8
2.85981016E8
2.86328584E8
2.8669112E8
2.87067464E8
2.87456248E8
2.87856072E8
2.88265352E8
2.88682528E8
2.89105952E8
2.89533984E8
2.89965008E8
2.90397432E8
2.90829744E8
2.91260488E8
2.91688312E8
2.9211196E8
2.9253028E8
2.9294228E8
2.93347032E8
2.93743792E8
2.94131936E8
2.94510944E8
2.94880456E8
2.95240248E8
2.95590224E8
2.95930416E8
2.96261016E8
2.96582264E8
2.96894608E8
2.97198544E8
2.97494696E8
2.977838E8
2.98066648E8
2.98344112E8
2.98617152E8
2.98886736E8
2.99153872E8
2.99419608E8
2.9968496E8
2.99950928E8
3.00218488E8
3.00488544E8
3.00761944E8
3.0103944E8
3.01321712E8
3.01609296E8
3.01902648E8
3.02202112E8
3.02507912E8
3.0282016E8
3.03138896E8
3.03464048E8
3.03795496E8
3.04133056E8
3.04476536E8
3.04825704E8
3.05180352E8
3.05540312E8
3.05905456E8
3.06275696E8
3.06651072E8
3.07031664E8
3.0741768E8
3.07809392E8
3.082072E8
3.08611568E8
3.0902308E8
3.09442376E8
3.09870152E8
3.10307168E8
3.10754232E8
3.1121216E8
3.11681792E8
3.12163944E8
3.12659424E8
3.13169024E8
3.13693456E8
3.14233416E8
3.14789496E8
3.15362248E8
3.15952112E8
3.16559472E8
3.17184592E8
3.1782764E8
3.18488696E8
3.19167728E8
3.19864616E8
3.2057912E8
3.21310912E8
3.22059568E8
3.2282456E8
3.23605304E8
3.24401096E8
3.25211224E8
3.26034848E8
3.26871104E8
3.27719112E8
3.28577928E8
3.29446576E8
3.30324088E8
3.31209496E8
3.32101808E8
3.33000048E8
3.33903256E8
3.34810456E8
3.35720712E8
3.3663308E8
3.37546616E8
3.38460368E8
3.39373384E8
3.40284704E8
3.4119332E8
3.420982E8
3.42998288E8
3.4389244E8
3.44779528E8
3.45658312E8
3.46527544E8
3.47385896E8
3.4823204E8
3.49064608E8
3.498822E8
3.50683472E8
3.51467032E8
3.52231608E8
3.5297596E8
3.5369896E8
3.54399568E8
3.55076888E8
3.55730216E8
3.56358976E8
3.56962784E8
3.57541464E8
3.58095008E8
3.58623616E8
3.5912768E8
3.59607736E8
3.60064488E8
3.60498808E8
3.60911664E8
3.61304136E8
3.61677384E8
3.62032616E8
3.62371112E8
3.62694128E8
3.63002992E8
3.63298968E8
3.6358336E8
3.63857416E8
3.64122392E8
3.64379488E8
3.64629888E8
3.6487476E8
3.65115216E8
3.65352344E8
3.65587152E8
3.65820656E8
3.66053768E8
3.6628736E8
3.665222E8
3.66758992E8
3.66998328E8
3.67240688E8
3.6748644E8
3.67735848E8
3.6798904E8
3.68246016E8
3.68506688E8
3.68770848E8
3.69038208E8
3.69308392E8
3.69580976E8
3.6985552E8
3.70131536E8
3.70408568E8
3.7068616E8
3.7096396E8
3.71241592E8
3.71518792E8
3.71795392E8
3.72071288E8
3.7234644E8
3.72620952E8
3.7289496E8
3.73168688E8
3.73442416E8
3.73716504E8
3.73991336E8
3.74267328E8
3.74544936E8
3.74824608E8
3.75106792E8
3.75391936E8
3.75680472E8
3.75972784E8
3.76269264E8
3.76570208E8
3.76875944E8
3.77186688E8
3.77502672E8
3.77824032E8
3.78150888E8
3.7848332E8
3.7882136E8
3.79165024E8
3.79514288E8
3.79869104E8
3.8022944E8
3.8059524E8
3.80966456E8
3.81343032E8
3.81724976E8
3.8211228E8
3.82504968E8
3.82903112E8
3.83306808E8
3.83716176E8
3.84131368E8
3.84552576E8
3.84980024E8
3.85413912E8
3.85854496E8
3.86302024E8
3.8675676E8
3.87218944E8
3.8768884E8
3.88166696E8
3.88652768E8
3.8914728E8
3.89650496E8
3.90162632E8
3.90683968E8
3.91214744E8
3.91755264E8
3.923058E8
3.92866712E8
3.93438336E8
3.94021088E8
3.94615392E8
3.95221736E8
3.95840632E8
3.9647264E8
3.97118352E8
3.97778416E8
3.98453496E8
3.9914428E8
3.99851488E8
4.00575856E8
4.01318128E8
4.02079032E8
4.0285932E8
4.03659704E8
4.0448088E8
4.05323504E8
4.06188208E8
4.07075528E8
4.07986008E8
4.08920048E8
4.09878016E8
4.1086016E8
4.11866656E8
4.12897528E8
4.13952728E8
4.15032048E8
4.1613516E8
4.17261608E8
4.18410784E8
4.19581936E8
4.20774184E8
4.21986512E8
4.2321776E8
4.24466672E8
4.25731864E8
4.2701188E8
4.28305192E8
4.29610208E8
4.30925304E8
4.32248864E8
4.33579256E8
4.3491492E8
4.36254304E8
4.3759596E8
4.38938544E8
4.40280776E8
4.41621536E8
4.429598E8
4.44294688E8
4.45625456E8
4.46951536E8
4.48272432E8
4.495878E8
4.50897472E8
4.52201344E8
4.53499464E8
4.54791944E8
4.56079E8
4.57360936E8
4.58638144E8
4.59911008E8
4.61180024E8
4.62445656E8
4.63708432E8
4.64968864E8
4.6622748E8
4.67484776E8
4.6874124E8
4.6999732E8
4.7125344E8
4.72509992E8
4.73767336E8
4.75025768E8
4.76285608E8
4.77547072E8
4.7881044E8
4.8007592E8
4.81343752E8
4.82614184E8
4.83887472E8
4.85163952E8
4.86443984E8
4.87727952E8
4.890164E8
4.90309864E8
4.91608992E8
4.92914528E8
4.9422724E8
4.95548032E8
4.96877792E8
4.98217504E8
4.99568152E8
5.0093072E8
5.02306216E8
5.0369556E8
5.0509964E8
5.06519264E8
5.07955144E8
5.09407856E8
5.1087788E8
5.1236552E8
5.13870952E8
5.15394192E8
5.16935112E8
5.184934E8
5.20068616E8
5.21660176E8
5.2326736E8
5.24889304E8
5.26525056E8
5.28173536E8
5.29833576E8
5.31503936E8
5.33183296E8
5.34870256E8
5.36563424E8
5.38261312E8
5.39962432E8
5.41665264E8
5.43368304E8
5.45070056E8
5.46769032E8
5.48463792E8
5.50152952E8
5.51835216E8
5.53509344E8
5.55174224E8
5.56828888E8
5.5847248E8
5.60104344E8
5.61723976E8
5.63331096E8
5.64925592E8
5.66507616E8
5.68077464E8
5.69635728E8
5.71183144E8
5.72720672E8
5.74249432E8
5.75770712E8
5.77285944E8
5.78796632E8
5.80304384E8
5.81810824E8
5.83317608E8
5.84826384E8
5.86338704E8
5.87856112E8
5.89380016E8
5.90911728E8
5.92452416E8
5.9400312E8
5.95564712E8
5.97137936E8
5.98723368E8
6.00321416E8
6.0193236E8
6.03556312E8
6.05193232E8
6.06842944E8
6.08505144E8
6.10179352E8
6.11865E8
6.13561344E8
6.1526752E8
6.16982528E8
6.18705248E8
6.20434392E8
6.2216856E8
6.23906192E8
6.25645632E8
6.2738508E8
6.29122592E8
6.30856152E8
6.32583624E8
6.34302768E8
6.36011304E8
6.37706888E8
6.3938712E8
6.41049608E8
6.42691968E8
6.44311816E8
6.4590684E8
6.47474776E8
6.4901348E8
6.50520912E8
6.5199512E8
6.53434344E8
6.54836976E8
6.56201576E8
6.57526928E8
6.58811976E8
6.60055936E8
6.61258216E8
6.62418512E8
6.63536712E8
6.64613024E8
6.65647872E8
6.6664196E8
6.6759628E8
6.68512048E8
6.69390776E8
6.70234184E8
6.7104428E8
6.71823272E8
6.72573616E8
6.7329792E8
6.73999016E8
6.74679912E8
6.75343728E8
6.7599376E8
6.76633368E8
6.77266056E8
6.7789536E8
6.78524896E8
6.79158312E8
6.79799264E8
6.80451424E8
6.8111844E8
6.81803912E8
6.82511424E8
6.83244424E8
6.84006344E8
6.84800456E8
6.8562992E8
6.86497776E8
6.8740688E8
6.88359904E8
6.89359376E8
6.90407576E8
6.915066E8
6.92658296E8
6.93864304E8
6.95126008E8
6.96444576E8
6.97820912E8
6.99255696E8
7.0074932E8
7.02302E8
7.03913688E8
7.05584088E8
7.07312688E8
7.09098776E8
7.10941384E8
7.1283932E8
7.14791208E8
7.16795448E8
7.18850232E8
7.20953552E8
7.23103208E8
7.25296824E8
7.27531816E8
7.29805464E8
7.32114888E8
7.34457056E8
7.36828864E8
7.39227072E8
7.41648368E8
7.4408944E8
7.4654692E8
7.4901748E8
7.51497824E8
7.53984736E8
7.56475112E8
7.58965984E8
7.61454512E8
7.63938088E8
7.66414248E8
7.68880792E8
7.71335688E8
7.7377716E8
7.76203672E8
7.7861388E8
7.81006664E8
7.83381104E8
7.85736464E8
7.880722E8
7.90387904E8
7.92683296E8
7.94958264E8
7.97212736E8
7.99446808E8
8.016606E8
8.03854304E8
8.06028192E8
8.0818256E8
8.10317736E8
8.12434096E8
8.14532024E8
8.16611912E8
8.18674184E8
8.2071924E8
8.22747496E8
8.24759376E8
8.26755272E8
8.28735616E8
8.30700808E8
8.32651288E8
8.34587488E8
8.36509872E8
8.38418936E8
8.40315264E8
8.4219944E8
8.44072184E8
8.45934304E8
8.47786688E8
8.49630392E8
8.51466584E8
8.532966E8
8.55121896E8
8.56944136E8
8.58765112E8
8.6058676E8
8.62411192E8
8.64240608E8
8.66077352E8
8.67923824E8
8.69782496E8
8.71655872E8
8.73546456E8
8.75456696E8
8.77388976E8
8.79345584E8
8.8132864E8
8.83340104E8
8.85381728E8
8.87455016E8
8.89561256E8
8.91701432E8
8.93876264E8
8.96086184E8
8.98331336E8
9.00611584E8
9.0292652E8
9.05275528E8
9.0765772E8
9.10072056E8
9.12517304E8
9.14992136E8
9.1749512E8
9.20024768E8
9.225796E8
9.25158152E8
9.27759024E8
9.30380888E8
9.330226E8
9.35683112E8
9.38361552E8
9.41057256E8
9.43769752E8
9.46498736E8
9.4924416E8
9.52006128E8
9.54784968E8
9.57581168E8
9.60395384E8
9.63228432E8
9.66081248E8
9.68954896E8
9.7185048E8
9.74769224E8
9.7771236E8
9.80681136E8
9.83676832E8
9.86700624E8
9.89753752E8
9.92837272E8
9.95952232E8
9.99099552E8
1.002279992E9
1.005494224E9
1.008742744E9
1.01202588E9
1.015343776E9
1.01869644E9
1.022083632E9
1.025504968E9
1.028959856E9
1.03244752E9
1.035966992E9
1.039517168E9
1.043096712E9
1.046704224E9
1.05033808E9
1.053996584E9
1.057677936E9
1.06138024E9
1.065101544E9
1.068839832E9
1.072593072E9
1.076359216E9
1.08013624E9
1.08392212E9
1.087714904E9
1.091512672E9
1.095313568E9
1.099115808E9
1.10291772E9
1.106717688E9
1.110514176E9
1.1143058E9
1.118091216E9
1.121869192E9
1.1256386E9
1.129398376E9
1.133147576E9
1.136885312E9
1.1406108E9
1.144323296E9
1.14802216E9
1.151706792E9
1.15537668E9
1.15903136E9
1.162670408E9
1.166293504E9
1.16990032E9
1.173490632E9
1.177064264E9
1.180621072E9
1.184161008E9
1.187684088E9
1.191190352E9
1.194679992E9
1.198153216E9
1.201610336E9
1.205051768E9
1.208478032E9
1.211889712E9
1.215287536E9
1.21867232E9
1.222044976E9
1.225406544E9
1.22875816E9
1.232101064E9
1.235436584E9
1.23876616E9
1.242091304E9
1.2454136E9
1.248734696E9
1.252056328E9
1.255380232E9
1.25870816E9
1.262041952E9
1.265383392E9
1.268734272E9
1.272096344E9
1.275471344E9
1.278860928E9
1.282266712E9
1.285690192E9
1.2891328E9
1.292595856E9
1.296080576E9
1.299588032E9
1.3031192E9
1.306674904E9
1.310255856E9
1.313862616E9
1.317495648E9
1.321155312E9
1.324841824E9
1.328555336E9
1.332295888E9
1.33606348E9
1.33985804E9
1.34367944E9
1.347527552E9
1.351402216E9
1.355303264E9
1.359230512E9
1.363183824E9
1.367163032E9
1.371168032E9
1.37519872E9
1.379255E9
1.383336832E9
1.387444168E9
1.391576968E9
1.39573524E9
1.39991896E9
1.404128136E9
1.408362728E9
1.412622736E9
1.416908072E9
1.421218672E9
1.4255544E9
1.429915096E9
1.434300536E9
1.438710424E9
1.443144432E9
1.447602128E9
1.452083048E9
1.456586648E9
1.461112328E9
1.46565944E9
1.470227296E9
1.474815184E9
1.479422408E9
1.484048264E9
1.48869208E9
1.493353248E9
1.498031264E9
1.502725672E9
1.50743616E9
1.512162544E9
1.516904784E9
1.521662984E9
1.5264374E9
1.531228448E9
1.536036704E9
1.54086284E9
1.545707704E9
1.550572248E9
1.555457488E9
1.560364544E9
1.565294576E9
1.570248784E9
1.575228392E9
1.580234592E9
1.585268584E9
1.590331512E9
1.595424496E9
1.600548552E9
1.605704664E9
1.610893752E9
1.616116632E9
1.621374048E9
1.626666696E9
1.631995176E9
1.637360032E9
1.642761728E9
1.64820068E9
1.65367724E9
1.659191704E9
1.664744336E9
1.670335312E9
1.675964784E9
1.681632872E9
1.687339584E9
1.693084944E9
1.69886884E9
1.704691168E9
1.710551696E9
1.716450152E9
1.72238616E9
1.728359272E9
1.734368944E9
1.740414552E9
1.746495344E9
1.75261052E9
1.75875916E9
1.764940248E9
1.771152696E9
1.777395352E9
1.783666976E9
1.789966272E9
1.79629192E9
1.802642544E9
1.809016768E9
1.815413176E9
1.821830392E9
1.828267072E9
1.834721888E9
1.84119356E9
1.84768088E9
1.854182728E9
1.860698016E9
1.8672258E9
1.8737652E9
1.880315432E9
1.8868758E9
1.893445696E9
1.9000246E9
1.906612088E9
1.91320776E9
1.919811312E9
1.926422488E9
1.933041056E9
1.939666816E9
1.9462996E9
1.952939248E9
1.959585616E9
1.966238552E9
1.972897928E9
1.979563608E9
1.986235432E9
1.992913264E9
1.999596976E9
2.0062864E9
2.01298136E9
2.01968172E9
2.026387272E9
2.033097792E9
2.039813072E9
2.046532816E9
2.05325672E9
2.0599844E9
2.066715464E9
2.073449424E9
2.080185744E9
2.086923848E9
2.093663072E9
2.10040272E9
2.107142064E9
2.11388032E9
2.120616688E9
2.127350376E9
2.134080592E9
2.140806544E9
2.147527488E9
2.15424272E9
2.160951608E9
2.16765356E9
2.174348088E9
2.181034776E9
2.187713312E9
2.194383424E9
2.201044984E9
2.207697944E9
2.214342312E9
2.2209782E9
2.227605832E9
2.2342254E9
2.240837264E9
2.247441744E9
2.25403924E9
2.260630136E9
2.267214832E9
2.273793688E9
2.280367032E9
2.286935136E9
2.293498136E9
2.30005608E9
2.30660888E9
2.313156272E9
2.319697816E9
2.326232848E9
2.33276052E9
2.339279712E9
2.345789088E9
2.352287064E9
2.358771792E9
2.365241216E9
2.371693024E9
2.378124712E9
2.384533568E9
2.39091668E9
2.397271024E9
2.403593432E9
2.409880616E9
2.41612924E9
2.42233592E9
2.428497224E9
2.434609768E9
2.44067016E9
2.446675072E9
2.452621256E9
2.458505536E9
2.464324832E9
2.470076176E9
2.475756704E9
2.48136368E9
2.486894488E9
2.4923466E9
2.497717632E9
2.503005256E9
2.508207272E9
2.513321552E9
2.518346024E9
2.523278688E9
2.528117584E9
2.5328608E9
2.537506432E9
2.542052592E9
2.546497424E9
2.55083908E9
2.555075688E9
2.559205432E9
2.56322648E9
2.567137024E9
2.570935288E9
2.574619544E9
2.57818812E9
2.581639408E9
2.58497188E9
2.58818412E9
2.59127484E9
2.594242864E9
2.597087192E9
2.599806968E9
2.602401552E9
2.604870472E9
2.607213472E9
2.609430488E9
2.611521712E9
2.61348752E9
2.61532852E9
2.617045528E9
2.61863956E9
2.620111816E9
2.621463696E9
2.62269672E9
2.623812584E9
2.624813048E9
2.625699992E9
2.62647536E9
2.627141104E9
2.627699208E9
2.62815164E9
2.628500312E9
2.628747096E9
2.628893752E9
2.628941992E9
2.62889336E9
2.628749312E9
2.62851116E9
2.628180072E9
2.627757096E9
2.627243136E9
2.626638936E9
2.625945136E9
2.625162264E9
2.624290704E9
2.6233308E9
2.622282784E9
2.621146832E9
2.61992308E9
2.61861168E9
2.617212704E9
2.615726328E9
2.614152728E9
2.612492152E9
2.610744936E9
2.608911544E9
2.606992488E9
2.60498848E9
2.602900344E9
2.60072904E9
2.598475704E9
2.596141608E9
2.593728184E9
2.591236976E9
2.588669672E9
2.58602808E9
2.583314048E9
2.580529552E9
2.577676568E9
2.574757136E9
2.571773256E9
2.568726928E9
2.56562008E9
2.5624546E9
2.559232248E9
2.555954712E9
2.55262356E9
2.549240208E9
2.545805976E9
2.542322064E9
2.538789504E9
2.535209248E9
2.531582144E9
2.527908912E9
2.52419024E9
2.52042676E9
2.51661904E9
2.512767648E9
2.508873168E9
2.504936176E9
2.500957344E9
2.496937336E9
2.492876952E9
2.488777024E9
2.484638504E9
2.480462448E9
2.47624996E9
2.472002328E9
2.46772084E9
2.463406928E9
2.459062088E9
2.45468788E9
2.450285912E9
2.44585784E9
2.44140532E9
2.436930024E9
2.432433608E9
2.427917672E9
2.4233838E9
2.418833464E9
2.414268096E9
2.409689016E9
2.405097416E9
2.4004944E9
2.39588092E9
2.391257792E9
2.38662572E9
2.38198524E9
2.377336784E9
2.3726806E9
2.36801684E9
2.363345512E9
2.358666512E9
2.353979584E9
2.349284408E9
2.34458056E9
2.339867512E9
2.335144656E9
2.330411352E9
2.325666872E9
2.320910472E9
2.316141344E9
2.311358704E9
2.30656172E9
2.301749592E9
2.296921536E9
2.292076768E9
2.2872146E9
2.282334352E9
2.277435408E9
2.272517264E9
2.267579488E9
2.262621712E9
2.25764372E9
2.2526454E9
2.247626752E9
2.242587912E9
2.23752916E9
2.23245092E9
2.227353744E9
2.222238328E9
2.21710552E9
2.211956304E9
2.206791768E9
2.20161316E9
2.196421808E9
2.191219152E9
2.186006712E9
2.180786072E9
2.175558856E9
2.170326728E9
2.165091336E9
2.159854328E9
2.154617296E9
2.149381808E9
2.144149296E9
2.138921152E9
2.133698616E9
2.128482816E9
2.123274712E9
2.118075176E9
2.11288488E9
2.107704352E9
2.102534016E9
2.097374112E9
2.092224808E9
2.087086136E9
2.081958056E9
2.076840464E9
2.0717332E9
2.066636096E9
2.061548984E9
2.056471696E9
2.051404152E9
2.04634628E9
2.041298096E9
2.036259712E9
2.03123132E9
2.026213176E9
2.02120568E9
2.016209304E9
2.011224608E9
2.006252232E9
2.00129292E9
1.996347456E9
1.991416704E9
1.986501576E9
1.981603024E9
1.976722016E9
1.971859544E9
1.967016648E9
1.962194296E9
1.957393496E9
1.952615216E9
1.947860392E9
1.943129912E9
1.938424584E9
1.933745208E9
1.929092448E9
1.92446692E9
1.919869096E9
1.9152994E9
1.910758112E9
1.906245392E9
1.901761304E9
1.897305776E9
1.892878632E9
1.888479568E9
1.884108232E9
1.879764112E9
1.87544668E9
1.871155312E9
1.866889344E9
1.862648072E9
1.858430784E9
1.854236752E9
1.850065264E9
1.8459156E9
1.841787064E9
1.837679008E9
1.833590808E9
1.82952184E9
1.825471536E9
1.82143936E9
1.81742476E9
1.81342724E9
1.809446312E9
1.80548148E9
1.801532264E9
1.797598192E9
1.793678768E9
1.789773512E9
1.785881952E9
1.78200356E9
1.778137888E9
1.774284416E9
1.770442648E9
1.766612112E9
1.762792328E9
1.758982832E9
1.755183192E9
1.751393016E9
1.74761192E9
1.743839584E9
1.74007572E9
1.736320136E9
1.732572664E9
1.728833232E9
1.725101864E9
1.721378664E9
1.7176638E9
1.713957584E9
1.710260416E9
1.706572768E9
1.702895272E9
1.699228632E9
1.695573664E9
1.691931264E9
1.688302472E9
1.684688368E9
1.681090144E9
1.677509072E9
1.673946456E9
1.670403712E9
1.666882248E9
1.663383528E9
1.65990904E9
1.65646028E9
1.65303872E9
1.649645832E9
1.646283048E9
1.642951728E9
1.639653208E9
1.636388672E9
1.63315928E9
1.62996604E9
1.62680984E9
1.623691424E9
1.620611416E9
1.6175702E9
1.614568072E9
1.61160508E9
1.608681088E9
1.605795784E9
1.602948632E9
1.600138904E9
1.597365672E9
1.594627808E9
1.591924E9
1.589252752E9
1.586612424E9
1.584001232E9
1.581417272E9
1.57885852E9
1.576322904E9
1.573808304E9
1.571312544E9
1.568833504E9
1.566369064E9
1.56391716E9
1.561475824E9
1.559043208E9
1.55661756E9
1.554197304E9
1.551781E9
1.54936744E9
1.54695552E9
1.544544392E9
1.542133392E9
1.539722064E9
1.537310104E9
1.534897456E9
1.532484224E9
1.530070672E9
1.527657264E9
1.525244576E9
1.52283336E9
1.520424448E9
1.518018824E9
1.51561752E9
1.513221648E9
1.510832376E9
1.508450896E9
1.506078416E9
1.503716128E9
1.501365192E9
1.499026728E9
1.496701784E9
1.494391304E9
1.492096152E9
1.48981708E9
1.48755468E9
1.485309432E9
1.483081664E9
1.480871536E9
1.47867908E9
1.476504152E9
1.474346504E9
1.47220572E9
1.470081248E9
1.467972432E9
1.465878552E9
1.463798728E9
1.461732064E9
1.459677568E9
1.45763424E9
1.455601E9
1.453576808E9
1.451560552E9
1.449551168E9
1.44754756E9
1.445548672E9
1.443553448E9
1.44156084E9
1.439569864E9
1.437579528E9
1.435588872E9
1.433596976E9
1.43160296E9
1.429605968E9
1.427605216E9
1.42559992E9
1.4235894E9
1.421573008E9
1.419550152E9
1.41752032E9
1.415483048E9
1.413437992E9
1.411384816E9
1.409323288E9
1.407253256E9
1.405174624E9
1.40308736E9
1.40099152E9
1.398887176E9
1.396774504E9
1.394653688E9
1.392525008E9
1.39038876E9
1.388245288E9
1.386094984E9
1.383938288E9
1.38177568E9
1.37960768E9
1.37743488E9
1.375257896E9
1.373077416E9
1.370894176E9
1.368708976E9
1.366522656E9
1.364336112E9
1.362150312E9
1.359966256E9
1.357784984E9
1.355607544E9
1.35343504E9
1.351268576E9
1.34910924E9
1.346958104E9
1.344816216E9
1.342684584E9
1.340564176E9
1.33845588E9
1.33636052E9
1.33427888E9
1.332211648E9
1.33015944E9
1.328122824E9
1.326102296E9
1.324098312E9
1.322111288E9
1.320141592E9
1.318189624E9
1.316255712E9
1.314340208E9
1.312443504E9
1.310565952E9
1.308707968E9
1.306869936E9
1.305052296E9
1.303255448E9
1.301479816E9
1.299725784E9
1.29799372E9
1.296283936E9
1.29459668E9
1.292932144E9
1.291290416E9
1.289671488E9
1.28807528E9
1.286501584E9
1.284950096E9
1.283420432E9
1.28191208E9
1.280424488E9
1.278957008E9
1.277508976E9
1.276079656E9
1.27466828E9
1.273274104E9
1.271896376E9
1.270534352E9
1.26918728E9
1.267854504E9
1.266535352E9
1.265229184E9
1.263935424E9
1.262653496E9
1.261382872E9
1.260123016E9
1.258873432E9
1.257633632E9
1.256403128E9
1.25518144E9
1.253968096E9
1.252762608E9
1.251564528E9
1.250373392E9
1.249188752E9
1.248010232E9
1.246837432E9
1.245670056E9
1.244507856E9
1.243350648E9
1.24219836E9
1.241051E9
1.239908688E9
1.238771688E9
1.237640352E9
1.236515152E9
1.23539672E9
1.234285776E9
1.233183152E9
1.232089776E9
1.231006664E9
1.229934904E9
1.228875592E9
1.227829888E9
1.226798912E9
1.225783792E9
1.224785552E9
1.22380516E9
1.222843456E9
1.221901168E9
1.220978856E9
1.220076904E9
1.219195504E9
1.218334672E9
1.2174942E9
1.21667368E9
1.21587252E9
1.215089928E9
1.214324968E9
1.213576496E9
1.212843296E9
1.212124E9
1.211417176E9
1.210721336E9
1.210034944E9
1.209356488E9
1.208684464E9
1.208017408E9
1.207353928E9
1.206692664E9
1.206032432E9
1.205372072E9
1.20471056E9
1.204046976E9
1.203380504E9
1.20271044E9
1.202036176E9
1.2013572E9
1.200673064E9
1.199983456E9
1.199288072E9
1.198586744E9
1.197879296E9
1.197165672E9
1.196445848E9
1.19571984E9
1.194987768E9
1.194249752E9
1.193506008E9
1.192756768E9
1.192002368E9
1.191243168E9
1.190479592E9
1.189712104E9
1.188941232E9
1.188167544E9
1.187391632E9
1.186614128E9
1.185835688E9
1.185056976E9
1.184278664E9
1.183501424E9
1.182725944E9
1.181952864E9
1.181182792E9
1.180416368E9
1.17965416E9
1.178896728E9
1.1781446E9
1.177398288E9
1.176658288E9
1.175925064E9
1.175199096E9
1.174480864E9
1.173770856E9
1.173069568E9
1.17237756E9
1.171695368E9
1.171023616E9
1.170362944E9
1.16971404E9
1.169077608E9
1.168454424E9
1.167845264E9
1.167250896E9
1.166672128E9
1.166109728E9
1.165564456E9
1.165037008E9
1.164528016E9
1.164038048E9
1.163567576E9
1.163116944E9
1.162686384E9
1.162275992E9
1.161885704E9
1.161515312E9
1.161164448E9
1.160832536E9
1.16051884E9
1.160222448E9
1.159942248E9
1.159676992E9
1.159425184E9
1.15918524E9
1.158955336E9
1.158733584E9
1.158517936E9
1.158306224E9
1.158096248E9
1.157885728E9
1.15767236E9
1.157453904E9
1.157228112E9
1.156992848E9
1.15674612E9
1.15648604E9
1.156210936E9
1.155919336E9
1.155610008E9
1.15528196E9
1.154934456E9
1.15456704E9
1.154179512E9
1.15377192E9
1.153344592E9
1.152898032E9
1.152432992E9
1.151950384E9
1.151451264E9
1.150936832E9
1.15040832E9
1.149867056E9
1.149314384E9
1.148751632E9
1.148180072E9
1.147600936E9
1.147015392E9
1.14642448E9
1.145829168E9
1.145230288E9
1.144628592E9
1.144024712E9
1.143419192E9
1.142812528E9
1.142205144E9
1.141597432E9
1.140989792E9
1.140382616E9
1.1397764E9
1.139171664E9
1.138569024E9
1.137969208E9
1.137373072E9
1.136781576E9
1.136195832E9
1.135617064E9
1.1350466E9
1.134485864E9
1.133936368E9
1.133399672E9
1.132877376E9
1.13237104E9
1.131882264E9
1.131412528E9
1.130963264E9
1.130535832E9
1.1301314E9
1.129751056E9
1.129395704E9
1.129066072E9
1.128762744E9
1.128486128E9
1.128236416E9
1.128013688E9
1.127817808E9
1.127648504E9
1.127505336E9
1.12738776E9
1.127295096E9
1.127226536E9
1.127181224E9
1.127158168E9
1.127156376E9
1.127174728E9
1.127212144E9
1.12726748E9
1.12733956E9
1.127427208E9
1.127529256E9
1.127644528E9
1.127771848E9
1.127910048E9
1.12805796E9
1.128214456E9
1.128378376E9
1.128548616E9
1.128724056E9
1.128903616E9
1.129086216E9
1.129270848E9
1.129456488E9
1.129642192E9
1.12982708E9
1.130010272E9
1.130191032E9
1.130368656E9
1.130542568E9
1.130712288E9
1.130877464E9
1.131037864E9
1.131193392E9
1.131344112E9
1.13149028E9
1.131632272E9
1.131770672E9
1.131906208E9
1.132039816E9
1.132172592E9
1.13230576E9
1.132440752E9
1.132579112E9
1.132722496E9
1.132872672E9
1.133031504E9
1.133200872E9
1.133382712E9
1.133578944E9
1.133791488E9
1.134022192E9
1.134272848E9
1.134545152E9
1.134840656E9
1.135160856E9
1.135507032E9
1.135880392E9
1.136281936E9
1.136712552E9
1.137172984E9
1.137663792E9
1.138185456E9
1.138738288E9
1.139322512E9
1.13993824E9
1.14058548E9
1.141264144E9
1.14197408E9
1.14271508E9
1.143486808E9
1.144288904E9
1.145120936E9
1.145982408E9
1.146872712E9
1.147791232E9
1.148737248E9
1.149709952E9
1.150708504E9
1.15173192E9
1.152779232E9
1.153849344E9
1.154941152E9
1.156053456E9
1.157185056E9
1.158334728E9
1.159501216E9
1.160683272E9
1.161879688E9
1.163089264E9
1.164310848E9
1.165543328E9
1.166785672E9
1.168036864E9
1.169296008E9
1.170562248E9
1.171834784E9
1.173112904E9
1.174395928E9
1.175683264E9
1.176974328E9
1.178268624E9
1.179565648E9
1.180864984E9
1.182166168E9
1.183468832E9
1.184772592E9
1.186077088E9
1.187382E9
1.188686992E9
1.1899918E9
1.191296136E9
1.192599776E9
1.193902512E9
1.19520416E9
1.196504584E9
1.19780368E9
1.199101328E9
1.200397504E9
1.20169216E9
1.202985248E9
1.204276784E9
1.205566744E9
1.206855096E9
1.20814184E9
1.20942692E9
1.210710288E9
1.211991864E9
1.21327156E9
1.214549272E9
1.215824872E9
1.217098224E9
1.2183692E9
1.219637656E9
1.220903488E9
1.222166536E9
1.223426752E9
1.224684008E9
1.22593828E9
1.227189536E9
1.22843776E9
1.229682968E9
1.230925216E9
1.232164552E9
1.233401096E9
1.23463496E9
1.23586628E9
1.237095232E9
1.238322016E9
1.239546864E9
1.24077004E9
1.241991848E9
1.243212632E9
1.244432792E9
1.245652752E9
1.246872992E9
1.248094008E9
1.249316368E9
1.250540656E9
1.25176748E9
1.252997432E9
1.254231184E9
1.255469304E9
1.256712408E9
1.257961072E9
1.259215832E9
1.260477136E9
1.261745424E9
1.26302104E9
1.264304264E9
1.265595288E9
1.266894256E9
1.2682012E9
1.26951608E9
1.270838808E9
1.272169192E9
1.273506992E9
1.274851936E9
1.27620368E9
1.27756184E9
1.278926048E9
1.28029588E9
1.281670944E9
1.283050848E9
1.284435224E9
1.285823752E9
1.287216128E9
1.288612112E9
1.290011488E9
1.291414128E9
1.292819904E9
1.294228744E9
1.295640616E9
1.29705548E9
1.298473312E9
1.299894072E9
1.301317696E9
1.302744056E9
1.304172992E9
1.305604232E9
1.307037432E9
1.308472144E9
1.309907832E9
1.3113438E9
1.312779288E9
1.314213408E9
1.315645168E9
1.317073472E9
1.318497184E9
1.319915088E9
1.321325944E9
1.322728496E9
1.324121488E9
1.325503728E9
1.326874056E9
1.32823144E9
1.329574936E9
1.330903728E9
1.332217176E9
1.333514784E9
1.334796256E9
1.336061472E9
1.33731052E9
1.338543632E9
1.339761264E9
1.340964056E9
1.342152776E9
1.343328392E9
1.344491984E9
1.345644744E9
1.346788E9
1.347923144E9
1.349051656E9
1.35017504E9
1.351294832E9
1.35241264E9
1.353529976E9
1.354648408E9
1.355769456E9
1.356894552E9
1.35802508E9
1.359162352E9
1.360307568E9
1.361461832E9
1.362626096E9
1.3638012E9
1.364987832E9
1.366186528E9
1.36739764E9
1.368621392E9
1.3698578E9
1.371106736E9
1.372367888E9
1.373640784E9
1.374924808E9
1.3762192E9
1.377523048E9
1.378835344E9
1.380154984E9
1.38148076E9
1.38281144E9
1.38414572E9
1.385482304E9
1.38681988E9
1.388157176E9
1.38949296E9
1.390826056E9
1.392155344E9
1.393479824E9
1.394798544E9
1.39611068E9
1.397415504E9
1.39871236E9
1.40000072E9
1.401280112E9
1.402550152E9
1.40381052E9
1.405060936E9
1.406301184E9
1.407531016E9
1.408750224E9
1.409958576E9
1.4111558E9
1.412341592E9
1.413515544E9
1.414677216E9
1.415826056E9
1.4169614E9
1.418082504E9
1.419188488E9
1.420278376E9
1.421351056E9
1.422405312E9
1.42343984E9
1.424453216E9
1.425443928E9
1.426410416E9
1.427351048E9
1.428264128E9
1.429147952E9
1.430000792E9
1.430820912E9
1.4316066E9
1.432356144E9
1.433067896E9
1.433740216E9
1.43437156E9
1.434960416E9
1.435505328E9
1.43600496E9
1.436458E9
1.436863272E9
1.437219656E9
1.43752612E9
1.437781752E9
1.437985728E9
1.438137304E9
1.438235848E9
1.438280824E9
1.438271784E9
1.438208392E9
1.438090376E9
1.437917568E9
1.43768988E9
1.437407304E9
1.437069912E9
1.43667784E9
1.436231304E9
1.435730552E9
1.435175952E9
1.43456788E9
1.433906768E9
1.433193096E9
1.432427384E9
1.431610184E9
1.43074204E9
1.429823552E9
1.428855288E9
1.427837832E9
1.426771744E9
1.42565756E9
1.424495792E9
1.423286928E9
1.422031432E9
1.420729712E9
1.41938216E9
1.417989152E9
1.416551048E9
1.415068184E9
1.413540904E9
1.411969568E9
1.410354552E9
1.408696248E9
1.406995112E9
1.405251624E9
1.403466344E9
1.401639864E9
1.39977284E9
1.397866E9
1.395920136E9
1.39393608E9
1.391914736E9
1.389857064E9
1.387764064E9
1.38563676E9
1.383476248E9
1.3812836E9
1.379059936E9
1.376806384E9
1.374524056E9
1.372214064E9
1.369877496E9
1.36751544E9
1.36512892E9
1.362718936E9
1.36028648E9
1.357832504E9
1.355357872E9
1.352863496E9
1.350350216E9
1.34781888E9
1.345270336E9
1.342705416E9
1.340125E9
1.337529976E9
1.33492128E9
1.332299896E9
1.329666832E9
1.327023176E9
1.324370048E9
1.321708608E9
1.319040048E9
1.316365608E9
1.31368652E9
1.311004008E9
1.308319288E9
1.305633544E9
1.302947896E9
1.300263416E9
1.29758112E9
1.294901904E9
1.292226608E9
1.289555976E9
1.286890664E9
1.28423124E9
1.281578208E9
1.278932008E9
1.276293024E9
1.273661584E9
1.271038024E9
1.268422616E9
1.26581568E9
1.263217528E9
1.260628488E9
1.25804892E9
1.2554792E9
1.252919744E9
1.250371008E9
1.247833472E9
1.245307608E9
1.242793952E9
1.240293E9
1.237805248E9
1.235331192E9
1.23287128E9
1.230425912E9
1.227995432E9
1.225580096E9
1.223180104E9
1.220795544E9
1.218426392E9
1.216072544E9
1.213733776E9
1.21140972E9
1.209099928E9
1.206803816E9
1.204520736E9
1.202249872E9
1.199990368E9
1.197741312E9
1.195501672E9
1.193270416E9
1.19104648E9
1.18882876E9
1.186616216E9
1.184407776E9
1.182202464E9
1.179999344E9
1.17779756E9
1.175596368E9
1.173395104E9
1.171193224E9
1.168990312E9
1.166786048E9
1.164580224E9
1.162372728E9
1.16016352E9
1.157952664E9
1.155740216E9
1.153526272E9
1.151310928E9
1.14909424E9
1.146876192E9
1.144656664E9
1.142435448E9
1.140212176E9
1.137986312E9
1.135757152E9
1.133523832E9
1.131285232E9
1.129040104E9
1.126786984E9
1.124524248E9
1.12225012E9
1.119962696E9
1.11765996E9
1.11533984E9
1.113000232E9
1.110639016E9
1.10825412E9
1.105843576E9
1.103405496E9
1.100938152E9
1.098440048E9
1.095909872E9
1.093346568E9
1.09074936E9
1.088117784E9
1.085451664E9
1.082751168E9
1.080016784E9
1.077249312E9
1.074449904E9
1.07162E9
1.068761344E9
1.065875936E9
1.062966056E9
1.060034136E9
1.057082848E9
1.054115E9
1.051133472E9
1.048141232E9
1.045141288E9
1.042136592E9
1.039130056E9
1.03612448E9
1.03312256E9
1.030126744E9
1.027139336E9
1.024162392E9
1.021197672E9
1.01824672E9
1.015310736E9
1.01239064E9
1.00948708E9
1.006600416E9
1.003730728E9
1.00087784E9
9.98041384E8
9.95220768E8
9.92415288E8
9.89624088E8
9.86846264E8
9.8408088E8
9.81327032E8
9.78583824E8
9.75850536E8
9.73126504E8
9.70411272E8
9.67704576E8
9.6500636E8
9.62316784E8
9.5963628E8
9.56965488E8
9.5430532E8
9.51656936E8
9.49021696E8
9.46401208E8
9.43797264E8
9.41211824E8
9.38647024E8
9.36105112E8
9.33588432E8
9.31099408E8
9.28640448E8
9.26214E8
9.23822424E8
9.21468016E8
9.19152928E8
9.16879144E8
9.14648424E8
9.12462328E8
9.10322064E8
9.082286E8
9.06182528E8
9.04184096E8
9.02233184E8
9.00329304E8
8.98471592E8
8.96658832E8
8.94889432E8
8.93161488E8
8.91472808E8
8.89820896E8
8.8820304E8
8.86616368E8
8.85057776E8
8.83524136E8
8.82012216E8
8.80518784E8
8.79040624E8
8.77574568E8
8.76117616E8
8.74666816E8
8.7321944E8
8.71772936E8
8.70324928E8
8.68873296E8
8.67416104E8
8.6595164E8
8.64478416E8
8.62995112E8
8.61500632E8
8.59994008E8
8.58474416E8
8.56941144E8
8.5539356E8
8.53831096E8
8.522532E8
8.5065936E8
8.49049E8
8.47421552E8
8.45776376E8
8.44112784E8
8.42430024E8
8.4072728E8
8.39003656E8
8.37258248E8
8.35490048E8
8.33698064E8
8.31881264E8
8.30038632E8
8.28169184E8
8.26271976E8
8.24346136E8
8.22390888E8
8.20405584E8
8.18389688E8
8.16342848E8
8.14264896E8
8.1215584E8
8.10015936E8
8.07845648E8
8.05645728E8
8.03417136E8
8.01161144E8
7.98879272E8
7.96573336E8
7.94245376E8
7.91897728E8
7.89532976E8
7.8715392E8
7.84763544E8
7.82365024E8
7.7996168E8
7.77556912E8
7.751542E8
7.72757024E8
7.70368848E8
7.67993088E8
7.65632992E8
7.63291736E8
7.6097224E8
7.58677216E8
7.5640916E8
7.54170256E8
7.519624E8
7.49787224E8
7.47646016E8
7.4553976E8
7.4346916E8
7.41434608E8
7.39436224E8
7.37473896E8
7.35547248E8
7.33655688E8
7.31798472E8
7.29974624E8
7.28183072E8
7.26422584E8
7.24691808E8
7.22989336E8
7.21313616E8
7.19663072E8
7.18036064E8
7.16430848E8
7.14845704E8
7.1327884E8
7.11728432E8
7.1019268E8
7.0866972E8
7.0715776E8
7.05654968E8
7.04159608E8
7.02669936E8
7.0118432E8
6.99701216E8
6.98219136E8
6.96736744E8
6.95252824E8
6.93766328E8
6.9227632E8
6.90782056E8
6.8928296E8
6.87778608E8
6.86268744E8
6.84753288E8
6.8323232E8
6.8170604E8
6.80174792E8
6.7863904E8
6.77099336E8
6.7555632E8
6.74010688E8
6.724632E8
6.70914608E8
6.69365704E8
6.67817264E8
6.66270024E8
6.64724736E8
6.63182048E8
6.61642624E8
6.60106984E8
6.58575664E8
6.57049096E8
6.55527624E8
6.54011536E8
6.5250104E8
6.50996272E8
6.49497272E8
6.48004016E8
6.46516384E8
6.45034208E8
6.43557224E8
6.42085128E8
6.40617536E8
6.39154E8
6.37694056E8
6.36237192E8
6.34782864E8
6.33330496E8
6.3187956E8
6.30429488E8
6.28979752E8
6.27529888E8
6.26079408E8
6.2462792E8
6.23175088E8
6.21720616E8
6.20264272E8
6.18805904E8
6.17345352E8
6.15882576E8
6.14417528E8
6.12950184E8
6.11480536E8
6.1000856E8
6.0853424E8
6.07057496E8
6.05578224E8
6.0409624E8
6.0261132E8
6.01123136E8
5.9963132E8
5.98135376E8
5.9663476E8
5.95128856E8
5.93616984E8
5.92098384E8
5.9057228E8
5.89037872E8
5.87494296E8
5.8594076E8
5.84376472E8
5.82800696E8
5.81212752E8
5.79612072E8
5.77998168E8
5.76370736E8
5.74729592E8
5.73074736E8
5.7140636E8
5.69724848E8
5.68030808E8
5.66325064E8
5.64608656E8
5.62882856E8
5.6114912E8
5.5940912E8
5.57664648E8
5.55917712E8
5.54170392E8
5.52424848E8
5.5068332E8
5.48948016E8
5.47221168E8
5.45504896E8
5.43801248E8
5.42112152E8
5.40439376E8
5.38784512E8
5.37148968E8
5.35533968E8
5.33940512E8
5.323694E8
5.30821248E8
5.29296504E8
5.27795416E8
5.26318064E8
5.248644E8
5.23434264E8
5.22027344E8
5.20643264E8
5.19281568E8
5.17941712E8
5.16623128E8
5.15325144E8
5.14047144E8
5.12788416E8
5.1154824E8
5.1032592E8
5.09120744E8
5.07931968E8
5.0675888E8
5.05600792E8
5.04457016E8
5.03326872E8
5.02209728E8
5.0110496E8
5.00011984E8
4.98930232E8
4.97859192E8
4.9679836E8
4.95747296E8
4.94705552E8
4.9367276E8
4.92648568E8
4.91632656E8
4.90624728E8
4.89624528E8
4.88631872E8
4.87646536E8
4.86668384E8
4.85697312E8
4.84733216E8
4.83776072E8
4.82825856E8
4.81882616E8
4.80946408E8
4.80017344E8
4.79095576E8
4.78181248E8
4.772746E8
4.763758E8
4.75485088E8
4.74602688E8
4.73728776E8
4.7286352E8
4.72007024E8
4.71159352E8
4.70320456E8
4.69490208E8
4.68668376E8
4.67854608E8
4.6704844E8
4.66249256E8
4.6545636E8
4.64668896E8
4.63885936E8
4.63106408E8
4.62329208E8
4.61553128E8
4.60776928E8
4.59999336E8
4.59219088E8
4.58434904E8
4.5764556E8
4.56849864E8
4.5604672E8
4.5523508E8
4.5441404E8
4.5358276E8
4.5274056E8
4.51886896E8
4.51021336E8
4.50143648E8
4.4925372E8
4.48351632E8
4.47437608E8
4.46512032E8
4.45575496E8
4.44628704E8
4.43672552E8
4.4270804E8
4.41736336E8
4.4075872E8
4.39776568E8
4.38791336E8
4.37804576E8
4.36817888E8
4.3583288E8
4.34851216E8
4.33874496E8
4.32904344E8
4.31942328E8
4.3098992E8
4.30048552E8
4.29119544E8
4.28204088E8
4.27303256E8
4.26417984E8
4.25549064E8
4.24697088E8
4.23862528E8
4.23045696E8
4.2224668E8
4.21465448E8
4.20701816E8
4.19955448E8
4.19225848E8
4.1851244E8
4.17814552E8
4.17131392E8
4.16462152E8
4.15806008E8
4.1516208E8
4.14529504E8
4.13907472E8
4.1329524E8
4.12692088E8
4.12097432E8
4.11510776E8
4.10931728E8
4.10360024E8
4.09795528E8
4.09238264E8
4.08688352E8
4.08146072E8
4.07611832E8
4.07086152E8
4.06569696E8
4.060632E8
4.05567496E8
4.05083488E8
4.04612168E8
4.04154528E8
4.03711544E8
4.0328424E8
4.02873584E8
4.0248044E8
4.02105632E8
4.0174984E8
4.01413624E8
4.01097368E8
4.0080128E8
4.00525384E8
4.00269504E8
4.00033256E8
3.99816032E8
3.99617088E8
3.99435424E8
3.99269928E8
3.9911936E8
3.9898232E8
3.98857376E8
3.98743056E8
3.98637872E8
3.9854036E8
3.9844912E8
3.98362848E8
3.9828036E8
3.98200608E8
3.98122688E8
3.9804588E8
3.979696E8
3.9789344E8
3.97817144E8
3.977406E8
3.97663848E8
3.97587008E8
3.97510304E8
3.97434024E8
3.9735852E8
3.97284176E8
3.97211376E8
3.9714048E8
3.97071864E8
3.97005832E8
3.96942664E8
3.96882544E8
3.96825608E8
3.96771904E8
3.96721408E8
3.96673976E8
3.96629424E8
3.965874E8
3.96547512E8
3.96509264E8
3.96472072E8
3.96435232E8
3.96398E8
3.96359536E8
3.96318928E8
3.96275216E8
3.96227352E8
3.96174272E8
3.96114864E8
3.96047984E8
3.95972464E8
3.95887112E8
3.95790776E8
3.95682264E8
3.95560416E8
3.95424112E8
3.95272256E8
3.95103784E8
3.9491772E8
3.94713112E8
3.9448912E8
3.94244968E8
3.93979968E8
3.93693568E8
3.9338528E8
3.93054752E8
3.92701744E8
3.92326152E8
3.91928E8
3.91507416E8
3.91064656E8
3.90600136E8
3.90114352E8
3.8960792E8
3.89081584E8
3.88536184E8
3.87972632E8
3.87391952E8
3.8679524E8
3.86183664E8
3.85558448E8
3.84920888E8
3.84272328E8
3.83614168E8
3.82947832E8
3.82274816E8
3.81596632E8
3.80914824E8
3.80230992E8
3.79546744E8
3.78863728E8
3.78183592E8
3.77508E8
3.76838608E8
3.76177056E8
3.75524952E8
3.74883848E8
3.74255232E8
3.73640512E8
3.7304092E8
3.724576E8
3.71891512E8
3.71343416E8
3.70813864E8
3.7030316E8
3.69811392E8
3.69338344E8
3.68883528E8
3.68446224E8
3.68025384E8
3.67619752E8
3.6722776E8
3.66847648E8
3.66477448E8
3.66114968E8
3.65757912E8
3.65403808E8
3.65050136E8
3.64694304E8
3.6433372E8
3.63965792E8
3.63588E8
3.6319788E8
3.62793136E8
3.6237156E8
3.61931144E8
3.61470072E8
3.60986696E8
3.60479624E8
3.59947632E8
3.5938976E8
3.58805232E8
3.58193496E8
3.575542E8
3.56887128E8
3.56192288E8
3.55469824E8
3.54719976E8
3.53943128E8
3.53139744E8
3.52310392E8
3.51455688E8
3.50576296E8
3.49672976E8
3.48746472E8
3.47797624E8
3.46827312E8
3.45836432E8
3.44825968E8
3.43796928E8
3.42750424E8
3.41687576E8
3.40609616E8
3.39517832E8
3.38413576E8
3.3729824E8
3.3617332E8
3.35040344E8
3.33900888E8
3.32756536E8
3.31608936E8
3.30459736E8
3.29310552E8
3.2816304E8
3.2701876E8
3.25879296E8
3.24746152E8
3.23620752E8
3.2250448E8
3.21398584E8
3.20304272E8
3.19222592E8
3.18154528E8
3.17100904E8
3.16062424E8
3.15039656E8
3.1403304E8
3.13042856E8
3.12069272E8
3.11112272E8
3.10171728E8
3.0924736E8
3.08338784E8
3.0744548E8
3.0656684E8
3.05702152E8
3.04850656E8
3.04011544E8
3.03183984E8
3.02367136E8
3.01560224E8
3.00762488E8
2.9997328E8
2.99192032E8
2.98418304E8
2.97651792E8
2.96892344E8
2.9613996E8
2.95394768E8
2.94657056E8
2.93927224E8
2.93205784E8
2.92493336E8
2.91790536E8
2.91098064E8
2.90416576E8
2.8974672E8
2.89089072E8
2.88444136E8
2.87812272E8
2.87193768E8
2.8658876E8
2.85997272E8
2.85419184E8
2.84854272E8
2.84302264E8
2.83762776E8
2.83235392E8
2.82719688E8
2.82215256E8
2.8172172E8
2.81238776E8
2.80766216E8
2.80303928E8
2.79851912E8
2.79410304E8
2.78979344E8
2.78559392E8
2.7815092E8
2.77754488E8
2.77370664E8
2.77000112E8
2.76643488E8
2.76301384E8
2.75974384E8
2.75662984E8
2.7536752E8
2.75088272E8
2.74825304E8
2.74578536E8
2.74347712E8
2.74132416E8
2.73932048E8
2.73745816E8
2.73572824E8
2.73412032E8
2.73262264E8
2.73122304E8
2.7299088E8
2.72866688E8
2.7274844E8
2.72634896E8
2.7252488E8
2.72417312E8
2.72311256E8
2.72205872E8
2.72100488E8
2.719946E8
2.71887864E8
2.71780072E8
2.71671216E8
2.71561392E8
2.71450848E8
2.71339976E8
2.71229216E8
2.71119136E8
2.71010304E8
2.70903392E8
2.70799E8
2.70697792E8
2.70600336E8
2.70507168E8
2.70418736E8
2.70335432E8
2.70257488E8
2.70185064E8
2.70118168E8
2.7005672E8
2.70000464E8
2.69949072E8
2.69902056E8
2.6985884E8
2.6981876E8
2.69781064E8
2.69744912E8
2.6970944E8
2.69673736E8
2.69636872E8
2.6959788E8
2.69555872E8
2.69509912E8
2.6945912E8
2.69402672E8
2.69339784E8
2.69269696E8
2.69191744E8
2.69105264E8
2.6900972E8
2.68904536E8
2.68789232E8
2.6866336E8
2.68526456E8
2.68378112E8
2.68217888E8
2.68045344E8
2.6786004E8
2.67661456E8
2.67449096E8
2.67222352E8
2.66980632E8
2.66723248E8
2.6644948E8
2.66158552E8
2.65849688E8
2.65522064E8
2.65174888E8
2.64807336E8
2.64418672E8
2.640082E8
2.6357532E8
2.63119536E8
2.62640496E8
2.62137984E8
2.61611992E8
2.61062672E8
2.60490376E8
2.59895672E8
2.59279344E8
2.5864236E8
2.57985896E8
2.5731132E8
2.56620168E8
2.55914096E8
2.55194928E8
2.5446456E8
2.53724992E8
2.52978208E8
2.52226272E8
2.51471192E8
2.50714976E8
2.49959536E8
2.49206696E8
2.48458216E8
2.4771572E8
2.46980688E8
2.46254504E8
2.45538384E8
2.44833464E8
2.4414072E8
2.4346104E8
2.42795208E8
2.4214392E8
2.41507824E8
2.40887504E8
2.4028352E8
2.39696432E8
2.39126776E8
2.38575088E8
2.38041952E8
2.37527968E8
2.37033768E8
2.3656E8
2.36107352E8
2.35676544E8
2.35268296E8
2.34883336E8
2.34522408E8
2.34186224E8
2.33875456E8
2.33590776E8
2.33332744E8
2.33101896E8
2.32898664E8
2.327234E8
2.32576352E8
2.3245764E8
2.3236728E8
2.32305192E8
2.32271136E8
2.32264784E8
2.32285648E8
2.3233316E8
2.32406624E8
2.32505248E8
2.32628112E8
2.32774232E8
2.32942536E8
2.33131848E8
2.33340944E8
2.33568528E8
2.33813248E8
2.34073672E8
2.34348304E8
2.34635632E8
2.34934064E8
2.35241944E8
2.35557568E8
2.358792E8
2.36205024E8
2.36533176E8
2.36861768E8
2.3718884E8
2.37512408E8
2.37830456E8
2.38140928E8
2.38441792E8
2.38730992E8
2.39006496E8
2.39266264E8
2.39508368E8
2.39730872E8
2.3993196E8
2.40109872E8
2.40262984E8
2.40389768E8
2.4048888E8
2.40559072E8
2.4059932E8
2.40608736E8
2.40586648E8
2.40532584E8
2.4044624E8
2.40327552E8
2.40176648E8
2.39993856E8
2.39779696E8
2.39534864E8
2.39260248E8
2.3895688E8
2.38625928E8
2.38268704E8
2.37886592E8
2.37481064E8
2.37053664E8
2.3660596E8
2.36139528E8
2.35655944E8
2.35156768E8
2.3464352E8
2.34117672E8
2.33580616E8
2.33033704E8
2.32478176E8
2.31915272E8
2.31346088E8
2.30771696E8
2.30193096E8
2.2961124E8
2.29027016E8
2.28441288E8
2.27854888E8
2.272686E8
2.26683184E8
2.26099384E8
2.25517872E8
2.2493936E8
2.24364408E8
2.23793616E8
2.23227464E8
2.22666416E8
2.22110768E8
2.21560808E8
2.21016672E8
2.20478392E8
2.19945904E8
2.19419E8
2.1889736E8
2.1838056E8
2.17868064E8
2.17359232E8
2.16853312E8
2.16349536E8
2.15847024E8
2.15344864E8
2.1484212E8
2.14337856E8
2.13831152E8
2.13321096E8
2.12806824E8
2.1228756E8
2.11762552E8
2.11231192E8
2.1069292E8
2.10147328E8
2.09594056E8
2.09032896E8
2.08463736E8
2.078866E8
2.07301576E8
2.06708896E8
2.06108872E8
2.05501856E8
2.04888352E8
2.04268864E8
2.03643976E8
2.03014312E8
2.02380512E8
2.01743248E8
2.01103208E8
2.00461064E8
1.99817496E8
1.99173184E8
1.98528752E8
1.9788488E8
1.97242168E8
1.96601232E8
1.95962664E8
1.9532708E8
1.94695016E8
1.94067072E8
1.93443784E8
1.92825768E8
1.92213536E8
1.91607696E8
1.91008776E8
1.90417328E8
1.89833912E8
1.89259064E8
1.88693288E8
1.88137088E8
1.87590896E8
1.87055136E8
1.865302E8
1.86016392E8
1.85513968E8
1.85023128E8
1.84543992E8
1.84076616E8
1.83620976E8
1.83176992E8
1.82744504E8
1.82323304E8
1.81913136E8
1.81513688E8
1.811246E8
1.80745528E8
1.8037608E8
1.8001584E8
1.79664424E8
1.79321392E8
1.78986344E8
1.7865884E8
1.78338448E8
1.78024712E8
1.77717104E8
1.77415112E8
1.77118128E8
1.76825512E8
1.7653652E8
1.7625036E8
1.75966128E8
1.75682864E8
1.7539952E8
1.7511496E8
1.74828E8
1.745374E8
1.74241896E8
1.73940192E8
1.73631008E8
1.73313112E8
1.7298528E8
1.72646392E8
1.72295408E8
1.719314E8
1.71553568E8
1.71161248E8
1.70753952E8
1.70331312E8
1.6989316E8
1.69439488E8
1.68970464E8
1.68486392E8
1.6798776E8
1.67475192E8
1.66949472E8
1.66411456E8
1.65862168E8
1.65302672E8
1.64734136E8
1.64157768E8
1.63574832E8
1.62986576E8
1.62394288E8
1.61799216E8
1.61202592E8
1.60605632E8
1.60009496E8
1.59415288E8
1.5882408E8
1.58236904E8
1.57654736E8
1.5707856E8
1.56509272E8
1.55947824E8
1.55395112E8
1.54852048E8
1.5431956E8
1.53798568E8
1.5329004E8
1.52794896E8
1.52314136E8
1.51848664E8
1.51399424E8
1.50967336E8
1.505532E8
1.50157808E8
1.49781848E8
1.4942588E8
1.49090336E8
1.48775512E8
1.48481552E8
1.48208432E8
1.47955928E8
1.47723656E8
1.47511056E8
1.473174E8
1.47141752E8
1.4698308E8
1.46840176E8
1.4671172E8
1.46596296E8
1.46492392E8
1.4639848E8
1.46312936E8
1.46234168E8
1.46160584E8
1.46090624E8
1.46022768E8
1.459556E8
1.45887792E8
1.45818096E8
1.45745416E8
1.45668792E8
1.45587384E8
1.45500552E8
1.45407776E8
1.45308688E8
1.4520312E8
1.45091008E8
1.4497248E8
1.44847736E8
1.4471716E8
1.445812E8
1.44440384E8
1.44295336E8
1.44146712E8
1.439952E8
1.4384148E8
1.43686248E8
1.4353016E8
1.43373856E8
1.43217888E8
1.43062784E8
1.42908984E8
1.42756864E8
1.42606696E8
1.42458704E8
1.42313032E8
1.4216972E8
1.42028736E8
1.41889976E8
1.41753256E8
1.41618336E8
1.41484888E8
1.41352544E8
1.41220864E8
1.410894E8
1.40957616E8
1.40825016E8
1.40691032E8
1.40555136E8
1.40416776E8
1.40275472E8
1.40130736E8
1.3998212E8
1.39829296E8
1.3967192E8
1.3950976E8
1.39342648E8
1.39170488E8
1.38993256E8
1.38811008E8
1.38623848E8
1.38431944E8
1.38235536E8
1.38034872E8
1.37830272E8
1.37622032E8
1.37410504E8
1.37196016E8
1.36978936E8
1.36759584E8
1.3653828E8
1.36315352E8
1.36091088E8
1.35865784E8
1.35639696E8
1.35413112E8
1.35186248E8
1.34959376E8
1.3473272E8
1.34506528E8
1.3428104E8
1.34056456E8
1.33833024E8
1.33610944E8
1.33390408E8
1.331716E8
1.3295468E8
1.32739744E8
1.32526888E8
1.32316144E8
1.32107512E8
1.3190092E8
1.31696264E8
1.31493368E8
1.31292024E8
1.31091952E8
1.30892848E8
1.30694368E8
1.30496144E8
1.30297768E8
1.30098832E8
1.29898944E8
1.29697728E8
1.29494784E8
1.29289776E8
1.29082424E8
1.288724E8
1.28659536E8
1.28443592E8
1.28224448E8
1.28001968E8
1.2777608E8
1.27546704E8
1.27313784E8
1.2707728E8
1.26837088E8
1.26593168E8
1.26345384E8
1.26093608E8
1.25837664E8
1.25577328E8
1.2531236E8
1.2504248E8
1.24767376E8
1.24486704E8
1.24200136E8
1.23907336E8
1.23607968E8
1.23301744E8
1.22988392E8
1.22667688E8
1.22339448E8
1.22003552E8
1.21659944E8
1.21308608E8
1.20949616E8
1.20583064E8
1.20209112E8
1.19827968E8
1.19439872E8
1.1904512E8
1.18644E8
1.18236872E8
1.1782408E8
1.17406E8
1.16983032E8
1.16555584E8
1.16124096E8
1.15688992E8
1.15250752E8
1.14809848E8
1.143668E8
1.13922128E8
1.13476408E8
1.13030224E8
1.12584192E8
1.12138952E8
1.11695176E8
1.11253568E8
1.1081484E8
1.10379728E8
1.09948976E8
1.09523352E8
1.09103608E8
1.08690512E8
1.08284808E8
1.07887232E8
1.07498496E8
1.07119312E8
1.06750352E8
1.06392248E8
1.0604564E8
1.05711128E8
1.05389272E8
1.0508064E8
1.04785784E8
1.04505224E8
1.04239504E8
1.03989176E8
1.03754784E8
1.03536928E8
1.033362E8
1.0315324E8
1.02988728E8
1.02843376E8
1.02717928E8
1.02613168E8
1.0252992E8
1.02469008E8
1.02431264E8
1.02417528E8
1.02428624E8
1.02465352E8
1.02528424E8
1.02618552E8
1.02736312E8
1.02882216E8
1.0305664E8
1.03259864E8
1.03492016E8
1.03753056E8
1.0404284E8
1.04361032E8
1.0470716E8
1.05080576E8
1.05480496E8
1.05905984E8
1.0635596E8
1.068292E8
1.07324376E8
1.07840032E8
1.08374576E8
1.08926336E8
1.09493536E8
1.10074288E8
1.10666624E8
1.11268464E8
1.11877648E8
1.1249196E8
1.13109072E8
1.13726584E8
1.14342016E8
1.1495288E8
1.155566E8
1.161506E8
1.1673228E8
1.17299064E8
1.17848416E8
1.18377848E8
1.18884952E8
1.1936748E8
1.19823272E8
1.20250336E8
1.20646888E8
1.21011368E8
1.21342392E8
1.2163888E8
1.21899944E8
1.22125016E8
1.22313776E8
1.22466176E8
1.2258244E8
1.22663088E8
1.22708848E8
1.2272072E8
1.22699952E8
1.22647968E8
1.22566408E8
1.2245708E8
1.22321928E8
1.22163048E8
1.21982616E8
1.21782888E8
1.21566184E8
1.21334832E8
1.21091176E8
1.20837544E8
1.20576216E8
1.20309432E8
1.20039352E8
1.19768032E8
1.1949744E8
1.19229408E8
1.1896568E8
1.18707848E8
1.1845736E8
1.18215544E8
1.17983584E8
1.17762536E8
1.17553312E8
1.17356688E8
1.17173328E8
1.17003752E8
1.16848352E8
1.167074E8
1.16581024E8
1.1646924E8
1.16371888E8
1.16288704E8
1.1621924E8
1.16162896E8
1.16118928E8
1.16086392E8
1.16064216E8
1.16051096E8
1.1604564E8
1.16046264E8
1.1605124E8
1.16058728E8
1.160668E8
1.16073464E8
1.16076664E8
1.16074368E8
1.16064552E8
1.16045272E8
1.16014664E8
1.15971024E8
1.15912808E8
1.15838632E8
1.15747344E8
1.15638008E8
1.15509912E8
1.153626E8
1.15195816E8
1.15009576E8
1.14804056E8
1.14579664E8
1.14336992E8
1.14076752E8
1.13799816E8
1.13507168E8
1.13199872E8
1.12879056E8
1.12545904E8
1.12201608E8
1.11847408E8
1.11484512E8
1.11114152E8
1.10737536E8
1.10355816E8
1.09970176E8
1.0958176E8
1.09191648E8
1.08800968E8
1.08410768E8
1.08022096E8
1.07636E8
1.07253496E8
1.06875568E8
1.065032E8
1.0613732E8
1.05778864E8
1.05428696E8
1.0508764E8
1.0475648E8
1.0443592E8
1.04126592E8
1.03829072E8
1.035438E8
1.03271168E8
1.03011456E8
1.0276484E8
1.02531384E8
1.02311096E8
1.02103848E8
1.01909472E8
1.01727656E8
1.01558104E8
1.01400376E8
1.01254072E8
1.01118672E8
1.00993664E8
1.00878528E8
1.00772696E8
1.006756E8
1.00586688E8
1.00505368E8
1.00431072E8
1.00363216E8
1.00301216E8
1.00244496E8
1.0019244E8
1.00144472E8
1.00099968E8
1.0005832E8
1.0001892E8
9.9981136E7
9.994436E7
9.9907984E7
9.9871424E7
9.9834104E7
9.9795464E7
9.9755E7
9.9712208E7
9.9666656E7
9.9617928E7
9.9565632E7
9.9509448E7
9.944904E7
9.9384136E7
9.9314456E7
9.9239744E7
9.9159744E7
9.9074208E7
9.898288E7
9.888548E7
9.878176E7
9.8671432E7
9.8554184E7
9.8429768E7
9.829788E7
9.8158256E7
9.8010664E7
9.7854864E7
9.7690704E7
9.751804E7
9.7336792E7
9.7146992E7
9.6948664E7
9.6741928E7
9.6526976E7
9.6304088E7
9.6073568E7
9.5835784E7
9.5591176E7
9.5340184E7
9.5083272E7
9.4820928E7
9.4553632E7
9.4281824E7
9.4005904E7
9.3726232E7
9.344308E7
9.315664E7
9.2867008E7
9.25742E7
9.227808E7
9.1978432E7
9.167492E7
9.1367112E7
9.1054472E7
9.07364E7
9.0412224E7
9.0081256E7
8.9742768E7
8.9396056E7
8.9040496E7
8.8675464E7
8.8300488E7
8.7915184E7
8.751932E7
8.7112808E7
8.6695744E7
8.6268376E7
8.583116E7
8.538468E7
8.4929736E7
8.4467248E7
8.399828E7
8.3524008E7
8.3045736E7
8.2564824E7
8.2082688E7
8.1600792E7
8.1120616E7
8.0643624E7
8.0171288E7
7.9705048E7
7.9246264E7
7.8796304E7
7.8356424E7
7.792784E7
7.7511704E7
7.7109088E7
7.6721E7
7.6348384E7
7.599208E7
7.5652928E7
7.5331632E7
7.5028864E7
7.4745224E7
7.4481272E7
7.423748E7
7.4014272E7
7.3812016E7
7.3631048E7
7.3471592E7
7.3333888E7
7.3218088E7
7.3124288E7
7.3052576E7
7.3002968E7
7.2975448E7
7.2969936E7
7.2986328E7
7.302448E7
7.3084208E7
7.3165248E7
7.326732E7
7.339008E7
7.3533104E7
7.3695944E7
7.3878056E7
7.4078848E7
7.4297632E7
7.453368E7
7.4786144E7
7.5054176E7
7.5336792E7
7.5632984E7
7.5941704E7
7.6261824E7
7.65922E7
7.693168E7
7.7279088E7
7.763324E7
7.799296E7
7.8357104E7
7.8724512E7
7.9094128E7
7.946484E7
7.9835616E7
8.0205456E7
8.0573408E7
8.0938528E7
8.1299912E7
8.1656712E7
8.2008096E7
8.2353264E7
8.2691456E7
8.302192E7
8.3343952E7
8.3656872E7
8.3960056E7
8.4252856E7
8.4534728E7
8.4805112E7
8.5063504E7
8.530944E7
8.5542496E7
8.576228E7
8.5968472E7
8.6160744E7
8.633888E7
8.6502656E7
8.6651896E7
8.6786536E7
8.6906496E7
8.7011776E7
8.7102432E7
8.7178552E7
8.7240312E7
8.728792E7
8.7321592E7
8.7341648E7
8.7348392E7
8.7342176E7
8.732336E7
8.7292312E7
8.7249384E7
8.7194936E7
8.7129288E7
8.705272E7
8.6965448E7
8.6867696E7
8.6759592E7
8.66412E7
8.6512568E7
8.6373656E7
8.6224376E7
8.6064624E7
8.589424E7
8.5713048E7
8.5520864E7
8.5317472E7
8.5102728E7
8.4876456E7
8.4638512E7
8.4388848E7
8.4127432E7
8.385428E7
8.3569528E7
8.3273344E7
8.2965984E7
8.2647776E7
8.2319152E7
8.1980592E7
8.1632648E7
8.1275936E7
8.0911144E7
8.0538984E7
8.0160216E7
7.9775624E7
7.9386008E7
7.8992168E7
7.8594912E7
7.8195032E7
7.779332E7
7.7390496E7
7.6987296E7
7.6584432E7
7.6182584E7
7.5782408E7
7.5384536E7
7.4989608E7
7.4598248E7
7.421112E7
7.382884E7
7.3452128E7
7.3081664E7
7.2718232E7
7.23626E7
7.2015616E7
7.167816E7
7.135112E7
7.1035472E7
7.073216E7
7.0442152E7
7.0166384E7
6.9905816E7
6.9661304E7
6.9433696E7
6.9223704E7
6.9031976E7
6.8859072E7
6.8705408E7
6.8571272E7
6.845684E7
6.8362136E7
6.8287072E7
6.8231408E7
6.8194808E7
6.81768E7
6.8176816E7
6.8194176E7
6.8228136E7
6.8277856E7
6.8342448E7
6.8420936E7
6.8512336E7
6.861556E7
6.8729536E7
6.885312E7
6.8985152E7
6.9124432E7
6.9269744E7
6.9419784E7
6.9573264E7
6.9728848E7
6.9885096E7
7.00406E7
7.0193848E7
7.0343288E7
7.0487304E7
7.0624248E7
7.07524E7
7.0869992E7
7.0975224E7
7.106628E7
7.1141304E7
7.119848E7
7.1235984E7
7.125204E7
7.1244944E7
7.121308E7
7.1154952E7
7.1069168E7
7.095452E7
7.0809992E7
7.063472E7
7.0428072E7
7.0189648E7
6.9919272E7
6.9616976E7
6.928304E7
6.8917984E7
6.8522536E7
6.8097632E7
6.76444E7
6.7164184E7
6.6658448E7
6.612884E7
6.5577136E7
6.5005184E7
6.4415008E7
6.3808648E7
6.3188208E7
6.255588E7
6.1913872E7
6.1264408E7
6.0609728E7
5.9952064E7
5.9293648E7
5.8636672E7
5.7983296E7
5.7335624E7
5.6695728E7
5.6065552E7
5.5447032E7
5.4841952E7
5.4252024E7
5.3678848E7
5.3123888E7
5.2588504E7
5.207392E7
5.1581232E7
5.1111408E7
5.066524E7
5.0243472E7
4.984664E7
4.94752E7
4.912952E7
4.8809792E7
4.85162E7
4.8248744E7
4.8007432E7
4.779216E7
4.7602784E7
4.7439096E7
4.7300856E7
4.71878E7
4.7099624E7
4.7035984E7
4.699656E7
4.6980952E7
4.6988784E7
4.7019624E7
4.7073008E7
4.7148464E7
4.7245432E7
4.7363328E7
4.7501496E7
4.7659176E7
4.7835592E7
4.8029776E7
4.8240736E7
4.846732E7
4.870828E7
4.8962248E7
4.9227712E7
4.9503088E7
4.978664E7
5.0076552E7
5.037096E7
5.0667904E7
5.0965432E7
5.126156E7
5.1554352E7
5.1841952E7
5.2122544E7
5.2394512E7
5.2656328E7
5.2906688E7
5.3144472E7
5.3368776E7
5.3578952E7
5.3774568E7
5.3955416E7
5.412156E7
5.4273256E7
5.4410944E7
5.4535264E7
5.4647008E7
5.4747104E7
5.4836528E7
5.4916376E7
5.4987728E7
5.5051712E7
5.51094E7
5.5161816E7
5.5209912E7
5.5254544E7
5.5296456E7
5.533628E7
5.5374504E7
5.541148E7
5.5447464E7
5.548252E7
5.551664E7
5.5549704E7
5.5581472E7
5.5611648E7
5.5639904E7
5.5665824E7
5.5689024E7
5.570912E7
5.5725752E7
5.57386E7
5.574744E7
5.5752112E7
5.5752544E7
5.5748792E7
5.5740992E7
5.5729424E7
5.5714424E7
5.5696496E7
5.5676184E7
5.5654136E7
5.5631072E7
5.5607752E7
5.5585E7
5.5563632E7
5.5544488E7
5.5528384E7
5.5516112E7
5.5508424E7
5.5506E7
5.5509456E7
5.5519336E7
5.5536096E7
5.5560088E7
5.559156E7
5.5630688E7
5.5677528E7
5.5732072E7
5.5794184E7
5.586368E7
5.5940304E7
5.6023696E7
5.6113504E7
5.6209264E7
5.6310528E7
5.6416808E7
5.6527584E7
5.6642352E7
5.6760576E7
5.6881768E7
5.7005424E7
5.7131072E7
5.725828E7
5.7386632E7
5.7515744E7
5.7645288E7
5.7775008E7
5.7904648E7
5.803404E7
5.8163048E7
5.8291616E7
5.8419712E7
5.8547376E7
5.8674672E7
5.880172E7
5.8928648E7
5.9055632E7
5.9182824E7
5.93104E7
5.9438496E7
5.9567248E7
5.969676E7
5.9827056E7
5.9958144E7
6.0089944E7
6.0222336E7
6.035512E7
6.0488024E7
6.0620728E7
6.075284E7
6.0883936E7
6.1013488E7
6.1141016E7
6.126592E7
6.1387664E7
6.1505624E7
6.1619208E7
6.172784E7
6.1830928E7
6.192788E7
6.2018144E7
6.2101176E7
6.2176456E7
6.224344E7
6.2301648E7
6.2350584E7
6.2389768E7
6.2418736E7
6.2437048E7
6.2444264E7
6.2439968E7
6.2423784E7
6.2395344E7
6.235436E7
6.2300568E7
6.2233744E7
6.2153768E7
6.2060584E7
6.195424E7
6.1834824E7
6.170256E7
6.155776E7
6.14008E7
6.1232168E7
6.1052408E7
6.0862136E7
6.0662008E7
6.045272E7
6.0234952E7
6.0009424E7
5.9776784E7
5.9537648E7
5.9292568E7
5.9042008E7
5.8786352E7
5.8525872E7
5.8260744E7
5.799104E7
5.7716728E7
5.7437656E7
5.7153656E7
5.6864448E7
5.6569728E7
5.626916E7
5.5962448E7
5.5649296E7
5.5329456E7
5.5002784E7
5.46692E7
5.4328744E7
5.39816E7
5.3628072E7
5.3268592E7
5.290376E7
5.2534304E7
5.2161056E7
5.1784992E7
5.1407184E7
5.1028792E7
5.0651E7
5.027508E7
4.990228E7
4.9533856E7
4.917104E7
4.8814976E7
4.846676E7
4.8127384E7
4.7797744E7
4.7478576E7
4.7170512E7
4.6874048E7
4.6589536E7
4.6317176E7
4.6057056E7
4.5809104E7
4.5573136E7
4.5348856E7
4.5135888E7
4.493372E7
4.47418E7
4.455948E7
4.4386064E7
4.4220808E7
4.4062912E7
4.3911544E7
4.376588E7
4.3625048E7
4.3488144E7
4.3354296E7
4.32226E7
4.3092176E7
4.2962168E7
4.283172E7
4.270004E7
4.2566408E7
4.2430128E7
4.229064E7
4.2147448E7
4.2000208E7
4.1848696E7
4.1692856E7
4.1532792E7
4.13688E7
4.1201336E7
4.103108E7
4.085892E7
4.0685896E7
4.0513256E7
4.0342416E7
4.0174984E7
4.0012664E7
3.9857312E7
3.971084E7
3.9575248E7
3.9452552E7
3.9344744E7
3.9253784E7
3.9181552E7
3.9129792E7
3.9100104E7
3.9093912E7
3.9112416E7
3.9156592E7
3.9227128E7
3.932448E7
3.9448816E7
3.9600008E7
3.9777648E7
3.9981072E7
4.0209328E7
4.0461224E7
4.073536E7
4.1030072E7
4.134356E7
4.1673824E7
4.201876E7
4.237612E7
4.2743608E7
4.3118864E7
4.3499536E7
4.3883256E7
4.4267688E7
4.4650608E7
4.5029872E7
4.5403448E7
4.5769472E7
4.6126272E7
4.647236E7
4.680644E7
4.7127488E7
4.7434688E7
4.772748E7
4.8005576E7
4.8268912E7
4.8517688E7
4.8752336E7
4.8973504E7
4.9182064E7
4.9379072E7
4.9565744E7
4.9743432E7
4.9913616E7
5.0077856E7
5.0237744E7
5.0394896E7
5.055096E7
5.070748E7
5.0865976E7
5.1027888E7
5.1194472E7
5.1366936E7
5.1546288E7
5.17334E7
5.192896E7
5.2133472E7
5.2347304E7
5.2570616E7
5.280344E7
5.3045608E7
5.3296808E7
5.35566E7
5.3824448E7
5.409964E7
5.4381408E7
5.4668896E7
5.4961176E7
5.5257272E7
5.5556176E7
5.5856864E7
5.6158312E7
5.6459488E7
5.6759432E7
5.7057152E7
5.7351784E7
5.7642464E7
5.7928432E7
5.8208984E7
5.8483496E7
5.875144E7
5.9012384E7
5.9265944E7
5.9511872E7
5.9749968E7
5.9980144E7
6.0202384E7
6.0416752E7
6.0623392E7
6.082252E7
6.1014384E7
6.1199376E7
6.1377832E7
6.1550224E7
6.1717024E7
6.1878712E7
6.2035832E7
6.2188904E7
6.2338416E7
6.248488E7
6.2628744E7
6.2770392E7
6.291016E7
6.3048296E7
6.3184936E7
6.3320112E7
6.3453768E7
6.3585688E7
6.3715528E7
6.384284E7
6.396704E7
6.4087408E7
6.420312E7
6.4313256E7
6.4416808E7
6.451272E7
6.4599832E7
6.4677008E7
6.4743072E7
6.4796896E7
6.4837328E7
6.486332E7
6.4873888E7
6.4868104E7
6.4845184E7
6.4804456E7
6.4745376E7
6.4667536E7
6.4570704E7
6.4454776E7
6.431984E7
6.4166136E7
6.3994064E7
6.3804248E7
6.3597408E7
6.3374504E7
6.3136616E7
6.2885032E7
6.2621168E7
6.2346616E7
6.206312E7
6.1772536E7
6.1476912E7
6.117836E7
6.087912E7
6.0581528E7
6.0288E7
6.0000992E7
5.9723008E7
5.9456544E7
5.9204128E7
5.8968224E7
5.8751232E7
5.8555512E7
5.8383264E7
5.8236648E7
5.8117576E7
5.802788E7
5.79692E7
5.794296E7
5.7950408E7
5.799256E7
5.8070256E7
5.8184088E7
5.8334448E7
5.8521496E7
5.8745224E7
5.9005368E7
5.9301496E7
5.9633E7
5.9999024E7
6.0398608E7
6.0830592E7
6.1293656E7
6.1786296E7
6.2306912E7
6.2853712E7
6.3424776E7
6.4018024E7
6.4631272E7
6.5262176E7
6.5908256E7
6.6566928E7
6.7235464E7
6.7911016E7
6.8590656E7
6.927136E7
6.995E7
7.0623408E7
7.1288344E7
7.1941576E7
7.2579864E7
7.319996E7
7.379868E7
7.437292E7
7.4919672E7
7.5436016E7
7.5919232E7
7.6366736E7
7.6776144E7
7.7145256E7
7.7472136E7
7.7755056E7
7.7992536E7
7.8183352E7
7.8326496E7
7.842128E7
7.8467184E7
7.8463952E7
7.8411584E7
7.831024E7
7.816032E7
7.79624E7
7.7717224E7
7.7425736E7
7.7089008E7
7.6708248E7
7.6284816E7
7.5820192E7
7.5315944E7
7.4773808E7
7.4195576E7
7.3583152E7
7.2938544E7
7.2263816E7
7.1561136E7
7.0832744E7
7.0080928E7
6.9308056E7
6.8516528E7
6.7708776E7
6.6887304E7
6.605456E7
6.521308E7
6.436536E7
6.3513872E7
6.2661096E7
6.180944E7
6.0961304E7
6.0118992E7
5.9284784E7
5.846084E7
5.7649248E7
5.6852048E7
5.6071104E7
5.5308232E7
5.4565136E7
5.3843376E7
5.3144432E7
5.246964E7
5.1820256E7
5.1197392E7
5.0602048E7
5.0035112E7
4.9497368E7
4.8989488E7
4.8512024E7
4.8065472E7
4.7650176E7
4.7266432E7
4.691444E7
4.6594376E7
4.6306272E7
4.60502E7
4.582612E7
4.5634016E7
4.5473824E7
4.5345464E7
4.5248832E7
4.5183856E7
4.51504E7
4.5148368E7
4.5177592E7
4.5237936E7
4.5329168E7
4.5451072E7
4.5603288E7
4.5785456E7
4.5997088E7
4.62376E7
4.650628E7
4.6802296E7
4.712468E7
4.7472304E7
4.7843888E7
4.8238008E7
4.8653088E7
4.90874E7
4.9539064E7
5.000608E7
5.0486352E7
5.0977656E7
5.1477696E7
5.198412E7
5.2494544E7
5.3006568E7
5.3517776E7
5.4025824E7
5.4528392E7
5.5023256E7
5.550828E7
5.5981448E7
5.6440864E7
5.6884792E7
5.731164E7
5.772E7
5.8108608E7
5.8476384E7
5.8822456E7
5.9146064E7
5.9446696E7
5.9723976E7
5.9977712E7
6.0207864E7
6.0414592E7
6.0598192E7
6.0759128E7
6.0897992E7
6.1015528E7
6.1112616E7
6.1190248E7
6.1249528E7
6.1291616E7
6.1317792E7
6.1329352E7
6.1327632E7
6.131396E7
6.1289664E7
6.1255992E7
6.1214176E7
6.116528E7
6.111032E7
6.1050144E7
6.0985464E7
6.0916808E7
6.0844584E7
6.0768992E7
6.0690096E7
6.0607776E7
6.0521816E7
6.04318E7
6.0337256E7
6.02376E7
6.0132184E7
6.0020304E7
5.9901224E7
5.9774208E7
5.9638536E7
5.9493536E7
5.9338552E7
5.9173024E7
5.8996448E7
5.8808416E7
5.8608608E7
5.8396792E7
5.8172864E7
5.7936768E7
5.7688592E7
5.7428496E7
5.7156744E7
5.6873648E7
5.657964E7
5.6275216E7
5.5960928E7
5.5637376E7
5.5305232E7
5.4965216E7
5.461808E7
5.4264616E7
5.3905664E7
5.3542064E7
5.3174696E7
5.2804456E7
5.2432256E7
5.2059E7
5.1685608E7
5.1313016E7
5.0942096E7
5.0573712E7
5.0208728E7
4.984796E7
4.9492152E7
4.9142008E7
4.8798184E7
4.846124E7
4.813168E7
4.7809904E7
4.749628E7
4.7191024E7
4.6894312E7
4.6606216E7
4.6326752E7
4.60558E7
4.57932E7
4.553872E7
4.5292032E7
4.5052752E7
4.4820424E7
4.4594544E7
4.4374528E7
4.4159736E7
4.394948E7
4.3743024E7
4.353956E7
4.3338256E7
4.3138192E7
4.2938464E7
4.2738088E7
4.253604E7
4.2331312E7
4.2122832E7
4.190956E7
4.1690432E7
4.1464392E7
4.123044E7
4.0987576E7
4.073488E7
4.047144E7
4.0196456E7
3.9909184E7
3.9608968E7
3.9295232E7
3.8967488E7
3.8625368E7
3.8268568E7
3.7896888E7
3.7510272E7
3.7108696E7
3.669228E7
3.6261208E7
3.5815768E7
3.5356352E7
3.4883408E7
3.4397504E7
3.3899256E7
3.3389368E7
3.2868608E7
3.2337848E7
3.1797992E7
3.1249992E7
3.0694904E7
3.0133792E7
2.9567768E7
2.8998008E7
2.8425728E7
2.7852152E7
2.7278528E7
2.6706096E7
2.6136176E7
2.557E7
2.500888E7
2.4454048E7
2.3906752E7
2.3368224E7
2.2839616E7
2.2322112E7
2.1816824E7
2.1324848E7
2.0847208E7
2.0384944E7
1.9938984E7
1.9510288E7
1.9099736E7
1.8708176E7
1.8336424E7
1.7985232E7
1.7655304E7
1.7347288E7
1.706176E7
1.6799232E7
1.6560088E7
1.6344656E7
1.6153128E7
1.5985568E7
1.5841896E7
1.5721904E7
1.5625216E7
1.5551296E7
1.549944E7
1.5468792E7
1.5458344E7
1.5466928E7
1.5493272E7
1.5535936E7
1.5593448E7
1.5664232E7
1.574664E7
1.583904E7
1.5939792E7
1.604728E7
1.6159928E7
1.6276288E7
1.639496E7
1.6514704E7
1.6634416E7
1.6753136E7
1.6870064E7
1.6984608E7
1.7096296E7
1.7204864E7
1.7310216E7
1.7412392E7
1.7511608E7
1.760816E7
1.7702536E7
1.779524E7
1.7886912E7
1.79782E7
1.80698E7
1.8162448E7
1.8256832E7
1.8353632E7
1.845348E7
1.8556952E7
1.866456E7
1.8776704E7
1.8893688E7
1.9015712E7
1.9142832E7
1.9275E7
1.9412016E7
1.9553528E7
1.9699032E7
1.9847904E7
1.9999352E7
2.015244E7
2.0306112E7
2.0459216E7
2.0610488E7
2.0758616E7
2.0902232E7
2.103996E7
2.1170456E7
2.1292464E7
2.1404808E7
2.150644E7
2.1596512E7
2.1674384E7
2.1739624E7
2.1792088E7
2.183188E7
2.1859392E7
2.1875304E7
2.1880552E7
2.1876344E7
2.1864096E7
2.1845456E7
2.18222E7
2.1796272E7
2.1769672E7
2.174444E7
2.1722608E7
2.1706184E7
2.1697064E7
2.1697032E7
2.1707728E7
2.1730584E7
2.176684E7
2.1817552E7
2.1883512E7
2.1965288E7
2.2063224E7
2.217744E7
2.2307808E7
2.2454016E7
2.261552E7
2.2791584E7
2.2981288E7
2.318356E7
2.3397136E7
2.3620616E7
2.3852456E7
2.4091016E7
2.4334504E7
2.4581032E7
2.4828616E7
2.5075168E7
2.5318568E7
2.5556552E7
2.5786888E7
2.6007216E7
2.6215216E7
2.6408488E7
2.6584704E7
2.6741488E7
2.6876568E7
2.6987712E7
2.7072776E7
2.712976E7
2.71568E7
2.7152216E7
2.7114528E7
2.7042472E7
2.693508E7
2.6791632E7
2.6611704E7
2.6395176E7
2.6142248E7
2.5853424E7
2.552952E7
2.517164E7
2.4781176E7
2.435976E7
2.3909288E7
2.34318E7
2.2929528E7
2.2404784E7
2.1859984E7
2.1297576E7
2.0719992E7
2.0129592E7
1.9528688E7
1.8919456E7
1.8303904E7
1.7683912E7
1.7061144E7
1.6437056E7
1.5812936E7
1.518984E7
1.4568656E7
1.3950048E7
1.3334544E7
1.2722512E7
1.21142E7
1.1509728E7
1.0909136E7
1.0312448E7
9719600.0
9130536.0
8545224.0
7963640.0
7385824.0
6811872.0
6241928.0
5676280.0
5115240.0
4559256.0
4008856.0
3464672.0
2927416.0
2397880.0
1876952.0
1365552.0
864688.0
375384.0
-101264.0
-564184.0
-1012280.0
-1444440.0
-1859552.0
-2256528.0
-2634288.0
-2991768.0
-3327920.0
-3641728.0
-3932168.0
-4198256.0
-4439016.0
-4653496.0
-4840744.0
-4999848.0
-5129912.0
-5230080.0
-5299544.0
-5337496.0
-5343248.0
-5316160.0
-5255648.0
-5161256.0
-5032624.0
-4869520.0
-4671832.0
-4439608.0
-4173024.0
-3872448.0
-3538384.0
-3171528.0
-2772728.0
-2343016.0
-1883592.0
-1395816.0
-881216.0
-341480.0
221592.0
805992.0
1409656.0
2030368.0
2665808.0
3313600.0
3971256.0
4636248.0
5306048.0
5978056.0
6649744.0
7318544.0
7981992.0
8637664.0
9283248.0
9916528.0
1.0535408E7
1.1137936E7
1.1722344E7
1.2286984E7
1.2830408E7
1.3351352E7
1.3848688E7
1.432152E7
1.476912E7
1.519092E7
1.5586536E7
1.5955736E7
1.6298488E7
1.6614888E7
1.6905152E7
1.7169688E7
1.7408992E7
1.7623704E7
1.7814584E7
1.7982496E7
1.8128408E7
1.8253376E7
1.8358552E7
1.8445192E7
1.851456E7
1.8568048E7
1.860708E7
1.863312E7
1.864768E7
1.8652264E7
1.8648416E7
1.8637664E7
1.8621496E7
1.8601384E7
1.8578696E7
1.855476E7
1.8530824E7
1.850796E7
1.8487168E7
1.8469256E7
1.845492E7
1.8444664E7
1.843884E7
1.8437624E7
1.8441032E7
1.8448912E7
1.8461024E7
1.8476936E7
1.8496144E7
1.8518072E7
1.854208E7
1.8567488E7
1.8593608E7
1.861976E7
1.8645344E7
1.8669752E7
1.8692504E7
1.8713192E7
1.8731512E7
1.8747256E7
1.8760376E7
1.877088E7
1.8778936E7
1.8784808E7
1.878888E7
1.8791616E7
1.8793576E7
1.8795408E7
1.87978E7
1.8801504E7
1.8807288E7
1.881596E7
1.8828288E7
1.8845048E7
1.8866976E7
1.8894712E7
1.8928864E7
1.8969928E7
1.9018312E7
1.9074264E7
1.9137928E7
1.9209336E7
1.9288312E7
1.93746E7
1.9467776E7
1.9567272E7
1.967244E7
1.9782512E7
1.9896624E7
2.0013872E7
2.0133336E7
2.0254088E7
2.0375208E7
2.0495856E7
2.0615256E7
2.0732752E7
2.0847808E7
2.0960016E7
2.1069136E7
2.1175056E7
2.1277832E7
2.1377672E7
2.1474904E7
2.1569984E7
2.1663496E7
2.175608E7
2.1848472E7
2.1941472E7
2.2035888E7
2.2132584E7
2.22324E7
2.2336216E7
2.2444856E7
2.2559136E7
2.2679864E7
2.2807792E7
2.2943656E7
2.308812E7
2.3241832E7
2.3405384E7
2.3579328E7
2.3764168E7
2.3960312E7
2.41682E7
2.4388128E7
2.4620384E7
2.48652E7
2.5122744E7
2.5393096E7
2.567632E7
2.5972392E7
2.6281224E7
2.6602672E7
2.6936504E7
2.7282416E7
2.7640016E7
2.8008808E7
2.8388232E7
2.8777592E7
2.9176064E7
2.9582728E7
2.9996496E7
3.0416184E7
3.0840432E7
3.12678E7
3.1696656E7
3.2125304E7
3.2551896E7
3.297456E7
3.3391288E7
3.3800064E7
3.4198888E7
3.4585712E7
3.4958576E7
3.5315624E7
3.5655016E7
3.5975136E7
3.6274456E7
3.6551704E7
3.6805712E7
3.7035592E7
3.7240656E7
3.7420416E7
3.7574648E7
3.7703304E7
3.7806528E7
3.7884704E7
3.7938336E7
3.7968112E7
3.79748E7
3.795932E7
3.792264E7
3.7865768E7
3.778976E7
3.7695672E7
3.7584536E7
3.745736E7
3.731512E7
3.715872E7
3.6989008E7
3.6806768E7
3.6612704E7
3.6407464E7
3.6191632E7
3.5965736E7
3.5730208E7
3.5485464E7
3.5231856E7
3.4969704E7
3.4699264E7
3.4420784E7
3.4134488E7
3.384052E7
3.3539064E7
3.323024E7
3.2914144E7
3.259088E7
3.226048E7
3.1923016E7
3.1578472E7
3.122688E7
3.0868184E7
3.0502344E7
3.0129312E7
2.9749016E7
2.936136E7
2.8966264E7
2.856364E7
2.8153416E7
2.7735544E7
2.7309992E7
2.6876776E7
2.6435928E7
2.5987568E7
2.5531872E7
2.5069048E7
2.4599408E7
2.4123352E7
2.3641312E7
2.3153864E7
2.2661616E7
2.216528E7
2.166564E7
2.1163568E7
2.0659976E7
2.0155872E7
1.9652304E7
1.9150344E7
1.8651136E7
1.8155832E7
1.766556E7
1.718148E7
1.6704712E7
1.623632E7
1.5777304E7
1.5328616E7
1.4891056E7
1.4465336E7
1.4052024E7
1.3651536E7
1.3264128E7
1.2889896E7
1.252872E7
1.2180336E7
1.184432E7
1.1520064E7
1.12068E7
1.0903664E7
1.0609664E7
1.0323728E7
1.0044736E7
9771552.0
9503040.0
9238104.0
8975720.0
8714976.0
8455056.0
8195296.0
7935192.0
7674408.0
7412784.0
7150328.0
6887216.0
6623792.0
6360528.0
6098048.0
5837072.0
5578392.0
5322888.0
5071504.0
4825160.0
4584808.0
4351384.0
4125800.0
3908896.0
3701504.0
3504360.0
3318152.0
3143488.0
2980896.0
2830824.0
2693672.0
2569712.0
2459168.0
2362160.0
2278728.0
2208848.0
2152400.0
2109168.0
2078864.0
2061168.0
2055640.0
2061824.0
2079192.0
2107224.0
2145344.0
2193024.0
2249744.0
2315008.0
2388392.0
2469544.0
2558184.0
2654144.0
2757328.0
2867744.0
2985512.0
3110848.0
3244032.0
3385416.0
3535416.0
3694472.0
3863056.0
4041656.0
4230672.0
4430528.0
4641544.0
4863976.0
5097984.0
5343584.0
5600696.0
5869072.0
6148336.0
6437936.0
6737200.0
7045240.0
7361056.0
7683512.0
8011296.0
8342992.0
8677080.0
9011944.0
9345896.0
9677192.0
1.0004064E7
1.0324768E7
1.063756E7
1.094072E7
1.123264E7
1.1511784E7
1.177672E7
1.2026168E7
1.225896E7
1.2474104E7
1.2670752E7
1.2848248E7
1.300608E7
1.3143912E7
1.326156E7
1.3359024E7
1.3436416E7
1.3494008E7
1.35322E7
1.3551464E7
1.3552416E7
1.3535744E7
1.3502176E7
1.3452536E7
1.3387688E7
1.3308488E7
1.3215888E7
1.3110784E7
1.2994136E7
1.2866872E7
1.2729936E7
1.2584272E7
1.24308E7
1.2270488E7
1.210424E7
1.1933032E7
1.17578E7
1.157952E7
1.139916E7
1.1217736E7
1.1036264E7
1.0855808E7
1.06774E7
1.0502128E7
1.0331064E7
1.0165312E7
1.000592E7
9853928.0
9710312.0
9576032.0
9451912.0
9338752.0
9237184.0
9147752.0
9070864.0
9006776.0
8955640.0
8917424.0
8891952.0
8878952.0
8877984.0
8888528.0
8909920.0
8941456.0
8982368.0
9031808.0
9088928.0
9152872.0
9222792.0
9297856.0
9377296.0
9460368.0
9546416.0
9634832.0
9725088.0
9816744.0
9909384.0
1.0002712E7
1.0096432E7
1.0190352E7
1.0284248E7
1.0377992E7
1.0471408E7
1.0564312E7
1.0656528E7
1.0747824E7
1.0837904E7
1.0926464E7
1.101308E7
1.1097304E7
1.1178584E7
1.125632E7
1.1329856E7
1.1398464E7
1.1461392E7
1.1517872E7
1.156712E7
1.1608352E7
1.1640832E7
1.166388E7
1.167684E7
1.167916E7
1.1670392E7
1.1650168E7
1.1618248E7
1.1574512E7
1.151892E7
1.1451616E7
1.1372824E7
1.1282856E7
1.1182176E7
1.107128E7
1.09508E7
1.0821384E7
1.0683792E7
1.0538768E7
1.0387112E7
1.0229648E7
1.0067208E7
9900584.0
9730616.0
9558064.0
9383720.0
9208304.0
9032520.0
8857032.0
8682472.0
8509400.0
8338360.0
8169800.0
8004160.0
7841768.0
7682920.0
7527808.0
7376568.0
7229232.0
7085768.0
6946040.0
6809832.0
6676808.0
6546584.0
6418672.0
6292536.0
6167568.0
6043088.0
5918424.0
5792864.0
5665704.0
5536248.0
5403896.0
5268032.0
5128200.0
4984000.0
4835176.0
4681600.0
4523328.0
4360528.0
4193576.0
4023008.0
3849536.0
3674032.0
3497536.0
3321216.0
3146368.0
2974416.0
2806848.0
2645216.0
2491112.0
2346136.0
2211880.0
2089904.0
1981744.0
1888840.0
1812568.0
1754232.0
1715024.0
1696096.0
1698440.0
1723032.0
1770728.0
1842304.0
1938520.0
2060000.0
2207368.0
2381152.0
2581848.0
2809920.0
3065728.0
3349624.0
3661904.0
4002760.0
4372360.0
4770808.0
5198072.0
5654104.0
6138728.0
6651704.0
7192672.0
7761160.0
8356616.0
8978384.0
9625680.0
1.0297632E7
1.0993232E7
1.1711416E7
1.2450976E7
1.3210624E7
1.3988992E7
1.4784584E7
1.559588E7
1.642124E7
1.7258952E7
1.810728E7
1.8964384E7
1.98284E7
2.06974E7
2.156944E7
2.2442512E7
2.33146E7
2.4183672E7
2.504764E7
2.5904472E7
2.675208E7
2.7588432E7
2.8411472E7
2.9219216E7
3.0009704E7
3.0781072E7
3.153148E7
3.2259216E7
3.296268E7
3.3640384E7
3.4290992E7
3.4913328E7
3.550636E7
3.6069272E7
3.6601408E7
3.710232E7
3.7571736E7
3.8009592E7
3.8415992E7
3.879124E7
3.9135768E7
3.9450192E7
3.9735248E7
3.9991792E7
4.0220752E7
4.0423208E7
4.060024E7
4.0753024E7
4.0882744E7
4.0990624E7
4.1077944E7
4.1145928E7
4.1195848E7
4.1228944E7
4.1246488E7
4.1249696E7
4.1239816E7
4.1218032E7
4.1185536E7
4.1143504E7
4.109304E7
4.1035248E7
4.097116E7
4.0901768E7
4.0827984E7
4.0750664E7
4.0670568E7
4.0588368E7
4.0504608E7
4.0419736E7
4.0334064E7
4.024776E7
4.0160872E7
4.0073296E7
3.9984776E7
3.9894888E7
3.980308E7
3.9708664E7
3.9610792E7
3.9508504E7
3.9400704E7
3.92862E7
3.9163712E7
3.903188E7
3.8889288E7
3.8734472E7
3.8566E7
3.83824E7
3.8182256E7
3.79642E7
3.7726976E7
3.74694E7
3.719044E7
3.6889224E7
3.6565032E7
3.6217376E7
3.5845968E7
3.5450712E7
3.5031832E7
3.4589744E7
3.4125112E7
3.3638856E7
3.313216E7
3.2606416E7
3.206324E7
3.150444E7
3.0932008E7
3.0348064E7
2.9754848E7
2.9154664E7
2.8549888E7
2.7942864E7
2.7335912E7
2.6731288E7
2.6131152E7
2.553752E7
2.4952216E7
2.437692E7
2.3813072E7
2.3261912E7
2.2724416E7
2.2201376E7
2.1693296E7
2.1200504E7
2.0723088E7
2.0260944E7
1.9813792E7
1.9381168E7
1.8962544E7
1.85572E7
1.8164376E7
1.7783256E7
1.741296E7
1.7052632E7
1.6701376E7
1.6358368E7
1.60228E7
1.5693952E7
1.5371128E7
1.5053736E7
1.4741264E7
1.4433256E7
1.4129384E7
1.382936E7
1.3533E7
1.3240208E7
1.295092E7
1.2665192E7
1.2383112E7
1.2104848E7
1.183064E7
1.1560792E7
1.1295672E7
1.1035712E7
1.0781384E7
1.0533272E7
1.0291984E7
1.0058168E7
9832544.0
9615864.0
9408856.0
9212328.0
9026992.0
8853592.0
8692768.0
8545112.0
8411120.0
8291144.0
8185456.0
8094112.0
8017072.0
7954104.0
7904792.0
7868592.0
7844784.0
7832496.0
7830736.0
7838392.0
7854280.0
7877120.0
7905640.0
7938520.0
7974488.0
8012320.0
8050864.0
8089064.0
8126008.0
8160904.0
8193128.0
8222200.0
8247824.0
8269864.0
8288312.0
8303336.0
8315200.0
8324288.0
8331032.0
8335936.0
8339496.0
8342184.0
8344448.0
8346640.0
8348992.0
8351632.0
8354504.0
8357432.0
8360008.0
8361720.0
8361816.0
8359456.0
8353576.0
8343088.0
8326728.0
8303208.0
8271224.0
8229440.0
8176568.0
8111408.0
8032832.0
7939872.0
7831664.0
7707592.0
7567160.0
7410128.0
7236424.0
7046208.0
6839856.0
6617928.0
6381168.0
6130504.0
5867016.0
5591896.0
5306464.0
5012104.0
4710248.0
4402368.0
4089944.0
3774384.0
3457112.0
3139440.0
2822632.0
2507840.0
2196104.0
1888376.0
1585480.0
1288120.0
996912.0
712352.0
434840.0
164696.0
-97840.0
-352600.0
-599472.0
-838352.0
-1069208.0
-1292016.0
-1506728.0
-1713328.0
-1911784.0
-2102024.0
-2283976.0
-2457552.0
-2622592.0
-2778992.0
-2926560.0
-3065152.0
-3194600.0
-3314760.0
-3425520.0
-3526832.0
-3618688.0
-3701168.0
-3774456.0
-3838824.0
-3894672.0
-3942544.0
-3983096.0
-4017128.0
-4045552.0
-4069464.0
-4090024.0
-4108520.0
-4126304.0
-4144832.0
-4165576.0
-4190032.0
-4219664.0
-4255944.0
-4300208.0
-4353744.0
-4417680.0
-4492984.0
-4580448.0
-4680672.0
-4794024.0
-4920632.0
-5060384.0
-5212936.0
-5377704.0
-5553856.0
-5740352.0
-5935968.0
-6139272.0
-6348736.0
-6562672.0
-6779304.0
-6996848.0
-7213464.0
-7427320.0
-7636664.0
-7839784.0
-8035080.0
-8221072.0
-8396432.0
-8559944.0
-8710592.0
-8847512.0
-8970008.0
-9077560.0
-9169808.0
-9246544.0
-9307728.0
-9353432.0
-9383848.0
-9399304.0
-9400184.0
-9386984.0
-9360232.0
-9320496.0
-9268376.0
-9204488.0
-9129416.0
-9043736.0
-8947968.0
-8842592.0
-8727984.0
-8604512.0
-8472392.0
-8331800.0
-8182752.0
-8025248.0
-7859112.0
-7684152.0
-7500056.0
-7306432.0
-7102864.0
-6888856.0
-6663928.0
-6427568.0
-6179288.0
-5918656.0
-5645296.0
-5358936.0
-5059416.0
-4746672.0
-4420824.0
-4082168.0
-3731136.0
-3368376.0
-2994696.0
-2611112.0
-2218784.0
-1819048.0
-1413368.0
-1003376.0
-590752.0
-177296.0
235160.0
644760.0
1049624.0
1447920.0
1837848.0
2217680.0
2585776.0
2940584.0
3280656.0
3604704.0
3911496.0
4199992.0
4469248.0
4718408.0
4946800.0
5153800.0
5338936.0
5501776.0
5642048.0
5759480.0
5853952.0
5925368.0
5973696.0
5999032.0
6001472.0
5981248.0
5938648.0
5874048.0
5787936.0
5680904.0
5553640.0
5407000.0
5241928.0
5059520.0
4861016.0
4647776.0
4421280.0
4183160.0
3935128.0
3678992.0
3416640.0
3149984.0
2880984.0
2611584.0
2343696.0
2079160.0
1819744.0
1567056.0
1322624.0
1087728.0
863520.0
650936.0
450688.0
263296.0
89072.0
-71872.0
-219648.0
-354496.0
-476816.0
-587136.0
-686088.0
-774376.0
-852776.0
-922056.0
-983016.0
-1036440.0
-1083080.0
-1123672.0
-1158864.0
-1189304.0
-1215552.0
-1238176.0
-1257648.0
-1274464.0
-1289048.0
-1301864.0
-1313352.0
-1323968.0
-1334176.0
-1344448.0
-1355320.0
-1367320.0
-1381016.0
-1396976.0
-1415784.0
-1438040.0
-1464280.0
-1495056.0
-1530848.0
-1572112.0
-1619184.0
-1672344.0
-1731752.0
-1797472.0
-1869416.0
-1947424.0
-2031136.0
-2120112.0
-2213728.0
-2311304.0
-2411968.0
-2514776.0
-2618696.0
-2722568.0
-2825248.0
-2925464.0
-3021976.0
-3113504.0
-3198808.0
-3276672.0
-3345952.0
-3405536.0
-3454464.0
-3491848.0
-3516904.0
-3529032.0
-3527752.0
-3512712.0
-3483760.0
-3440888.0
-3384264.0
-3314208.0
-3231216.0
-3135936.0
-3029184.0
-2911904.0
-2785200.0
-2650256.0
-2508392.0
-2361008.0
-2209560.0
-2055536.0
-1900472.0
-1745856.0
-1593168.0
-1443808.0
-1299080.0
-1160192.0
-1028208.0
-904024.0
-788376.0
-681784.0
-584600.0
-496952.0
-418760.0
-349744.0
-289440.0
-237176.0
-192152.0
-153392.0
-119792.0
-90160.0
-63232.0
-37664.0
-12120.0
14768.0
44344.0
77928.0
116736.0
161968.0
214744.0
276056.0
346840.0
427936.0
520064.0
623912.0
740016.0
868880.0
1010928.0
1166528.0
1335992.0
1519584.0
1717552.0
1930088.0
2157408.0
2399688.0
2657072.0
2929752.0
3217840.0
3521488.0
3840816.0
4175912.0
4526816.0
4893576.0
5276152.0
5674424.0
6088248.0
6517328.0
6961328.0
7419752.0
7892024.0
8377408.0
8875064.0
9383992.0
9903104.0
1.043116E7
1.0966768E7
1.1508504E7
1.2054768E7
1.2603968E7
1.3154384E7
1.3704304E7
1.4252008E7
1.4795736E7
1.533384E7
1.5864688E7
1.6386704E7
1.6898456E7
1.7398592E7
1.7885888E7
1.8359248E7
1.8817696E7
1.92604E7
1.9686616E7
2.0095744E7
2.048724E7
2.0860656E7
2.1215608E7
2.1551744E7
2.1868744E7
2.2166272E7
2.2444024E7
2.270164E7
2.2938776E7
2.3155048E7
2.3350056E7
2.3523384E7
2.3674616E7
2.380336E7
2.390924E7
2.3991928E7
2.40512E7
2.4086856E7
2.4098872E7
2.408732E7
2.4052416E7
2.399452E7
2.391416E7
2.3812072E7
2.3689088E7
2.3546272E7
2.33848E7
2.320604E7
2.3011456E7
2.2802672E7
2.2581384E7
2.2349408E7
2.2108576E7
2.1860808E7
2.1608024E7
2.1352104E7
2.109496E7
2.0838416E7
2.0584216E7
2.0334056E7
2.0089456E7
1.985184E7
1.962248E7
1.9402472E7
1.9192744E7
1.8994024E7
1.8806856E7
1.8631584E7
1.8468344E7
1.8317088E7
1.8177584E7
1.8049408E7
1.7931992E7
1.7824592E7
1.7726376E7
1.7636336E7
1.7553472E7
1.7476664E7
1.7404784E7
1.7336704E7
1.7271296E7
1.7207496E7
1.7144296E7
1.7080752E7
1.701608E7
1.6949552E7
1.6880624E7
1.6808856E7
1.6733952E7
1.6655784E7
1.6574352E7
1.6489776E7
1.6402328E7
1.6312368E7
1.6220384E7
1.6126928E7
1.6032592E7
1.5938064E7
1.5843984E7
1.5751064E7
1.565992E7
1.5571176E7
1.5485376E7
1.5402984E7
1.532436E7
1.5249776E7
1.517936E7
1.511312E7
1.5050936E7
1.4992544E7
1.4937544E7
1.4885392E7
1.4835416E7
1.478684E7
1.4738744E7
1.4690128E7
1.4639872E7
1.45868E7
1.4529664E7
1.4467176E7
1.4397984E7
1.4320736E7
1.4234056E7
1.4136584E7
1.4026968E7
1.3903896E7
1.3766056E7
1.361224E7
1.3441256E7
1.3252016E7
1.3043456E7
1.2814632E7
1.2564672E7
1.22928E7
1.1998296E7
1.1680584E7
1.1339152E7
1.097356E7
1.0583496E7
1.0168712E7
9729040.0
9264400.0
8774760.0
8260216.0
7720864.0
7156920.0
6568632.0
5956328.0
5320432.0
4661416.0
3979848.0
3276384.0
2551800.0
1806976.0
1042928.0
260824.0
-538016.0
-1352128.0
-2179840.0
-3019288.0
-3868448.0
-4725072.0
-5586768.0
-6450896.0
-7314712.0
-8175280.0
-9029584.0
-9874480.0
-1.0706768E7
-1.152324E7
-1.2320672E7
-1.3095936E7
-1.3845968E7
-1.4567896E7
-1.5259E7
-1.5916792E7
-1.6539072E7
-1.7123904E7
-1.7669688E7
-1.8175208E7
-1.8639552E7
-1.9062184E7
-1.9442992E7
-1.9782144E7
-2.0080232E7
-2.0338136E7
-2.0557048E7
-2.0738464E7
-2.0884096E7
-2.0995912E7
-2.1075992E7
-2.1126632E7
-2.115016E7
-2.1149016E7
-2.1125616E7
-2.1082424E7
-2.10218E7
-2.0946064E7
-2.0857424E7
-2.0757944E7
-2.0649552E7
-2.0533992E7
-2.0412816E7
-2.0287376E7
-2.0158824E7
-2.0028096E7
-1.9895928E7
-1.976284E7
-1.9629136E7
-1.9494976E7
-1.936028E7
-1.922488E7
-1.9088424E7
-1.895044E7
-1.8810376E7
-1.86676E7
-1.8521376E7
-1.8371E7
-1.8215672E7
-1.805464E7
-1.788712E7
-1.7712376E7
-1.7529688E7
-1.7338368E7
-1.7137792E7
-1.69274E7
-1.6706648E7
-1.647508E7
-1.6232288E7
-1.5977928E7
-1.571172E7
-1.5433456E7
-1.514296E7
-1.4840168E7
-1.452504E7
-1.4197624E7
-1.3858064E7
-1.350656E7
-1.3143416E7
-1.2769008E7
-1.238384E7
-1.1988496E7
-1.1583688E7
-1.1170248E7
-1.0749088E7
-1.0321288E7
-9888008.0
-9450520.0
-9010184.0
-8568448.0
-8126856.0
-7686920.0
-7250232.0
-6818344.0
-6392784.0
-5975032.0
-5566448.0
-5168312.0
-4781704.0
-4407616.0
-4046824.0
-3699936.0
-3367344.0
-3049280.0
-2745760.0
-2456640.0
-2181576.0
-1920112.0
-1671624.0
-1435400.0
-1210624.0
-996424.0
-791904.0
-596144.0
-408208.0
-227232.0
-52352.0
117192.0
282144.0
443136.0
600744.0
755432.0
907632.0
1057704.0
1205912.0
1352528.0
1497728.0
1641728.0
1784712.0
1926824.0
2068296.0
2209336.0
2350216.0
2491216.0
2632672.0
2774976.0
2918544.0
3063840.0
3211336.0
3361560.0
3515008.0
3672216.0
3833648.0
3999808.0
4171088.0
4347880.0
4530480.0
4719112.0
4913936.0
5115008.0
5322304.0
5535736.0
5755104.0
5980160.0
6210552.0
6445928.0
6685832.0
6929816.0
7177376.0
7428016.0
7681208.0
7936448.0
8193232.0
8451080.0
8709496.0
8968056.0
9226320.0
9483880.0
9740352.0
9995360.0
1.0248576E7
1.0499648E7
1.0748264E7
1.0994104E7
1.1236856E7
1.1476216E7
1.171188E7
1.1943528E7
1.2170856E7
1.2393528E7
1.2611216E7
1.2823584E7
1.3030288E7
1.323096E7
1.342524E7
1.3612744E7
1.3793112E7
1.3965976E7
1.4130952E7
1.4287688E7
1.4435824E7
1.4575056E7
1.4705096E7
1.482568E7
1.49366E7
1.5037712E7
1.5128928E7
1.5210224E7
1.5281656E7
1.5343368E7
1.539556E7
1.5438576E7
1.5472776E7
1.5498656E7
1.5516744E7
1.5527712E7
1.5532232E7
1.5531056E7
1.5525E7
1.5514904E7
1.5501672E7
1.5486168E7
1.546936E7
1.5452152E7
1.5435464E7
1.5420224E7
1.5407344E7
1.5397696E7
1.5392152E7
1.539152E7
1.53966E7
1.5408128E7
1.5426776E7
1.5453192E7
1.5487904E7
1.5531368E7
1.5583992E7
1.5646E7
1.5717584E7
1.5798736E7
1.5889352E7
1.5989184E7
1.6097832E7
1.6214712E7
1.6339144E7
1.6470264E7
1.6607064E7
1.6748424E7
1.6893088E7
1.7039736E7
1.7186928E7
1.7333184E7
1.7477E7
1.761684E7
1.7751216E7
1.7878648E7
1.7997712E7
1.8107088E7
1.8205544E7
1.8291936E7
1.8365256E7
1.8424616E7
1.8469256E7
1.8498552E7
1.8511984E7
1.8509176E7
1.8489816E7
1.845376E7
1.840088E7
1.8331184E7
1.8244688E7
1.8141488E7
1.8021712E7
1.788552E7
1.7733048E7
1.756448E7
1.7379968E7
1.7179648E7
1.6963672E7
1.6732144E7
1.6485152E7
1.6222792E7
1.5945104E7
1.5652144E7
1.5343968E7
1.50206E7
1.4682112E7
1.432856E7
1.3960016E7
1.357664E7
1.3178568E7
1.2766008E7
1.233924E7
1.1898584E7
1.1444432E7
1.0977224E7
1.0497536E7
1.0005936E7
9503136.0
8989880.0
8466992.0
7935376.0
7395968.0
6849808.0
6297936.0
5741456.0
5181496.0
4619216.0
4055768.0
3492320.0
2930056.0
2370096.0
1813568.0
1261560.0
715120.0
175256.0
-357072.0
-881016.0
-1395736.0
-1900488.0
-2394600.0
-2877488.0
-3348632.0
-3807616.0
-4254088.0
-4687800.0
-5108544.0
-5516224.0
-5910784.0
-6292240.0
-6660648.0
-7016104.0
-7358744.0
-7688712.0
-8006160.0
-8311272.0
-8604176.0
-8885032.0
-9154000.0
-9411184.0
-9656720.0
-9890744.0
-1.011336E7
-1.0324736E7
-1.0525024E7
-1.0714456E7
-1.0893256E7
-1.106172E7
-1.1220232E7
-1.1369208E7
-1.1509144E7
-1.1640616E7
-1.17642E7
-1.1880584E7
-1.1990464E7
-1.2094544E7
-1.219352E7
-1.2288072E7
-1.2378824E7
-1.2466328E7
-1.2551E7
-1.2633184E7
-1.271304E7
-1.2790584E7
-1.2865648E7
-1.2937912E7
-1.3006864E7
-1.3071816E7
-1.313196E7
-1.318628E7
-1.3233696E7
-1.3273E7
-1.3302952E7
-1.3322232E7
-1.3329544E7
-1.3323632E7
-1.3303304E7
-1.3267456E7
-1.321512E7
-1.3145512E7
-1.3057992E7
-1.2952168E7
-1.2827824E7
-1.2685032E7
-1.252404E7
-1.2345376E7
-1.2149784E7
-1.1938208E7
-1.1711832E7
-1.1471968E7
-1.1220112E7
-1.0957896E7
-1.0686992E7
-1.0409184E7
-1.012624E7
-9839952.0
-9552064.0
-9264240.0
-8978064.0
-8695008.0
-8416416.0
-8143480.0
-7877240.0
-7618584.0
-7368240.0
-7126800.0
-6894704.0
-6672264.0
-6459696.0
-6257072.0
-6064432.0
-5881712.0
-5708840.0
-5545696.0
-5392152.0
-5248088.0
-5113408.0
-4988040.0
-4871992.0
-4765288.0
-4668024.0
-4580352.0
-4502504.0
-4434728.0
-4377344.0
-4330712.0
-4295216.0
-4271224.0
-4259144.0
-4259304.0
-4272040.0
-4297576.0
-4336096.0
-4387656.0
-4452216.0
-4529584.0
-4619464.0
-4721384.0
-4834744.0
-4958800.0
-5092640.0
-5235248.0
-5385480.0
-5542080.0
-5703688.0
-5868904.0
-6036256.0
-6204256.0
-6371408.0
-6536208.0
-6697216.0
-6853032.0
-7002344.0
-7143888.0
-7276512.0
-7399192.0
-7510992.0
-7611088.0
-7698776.0
-7773488.0
-7834728.0
-7882136.0
-7915448.0
-7934496.0
-7939168.0
-7929472.0
-7905416.0
-7867152.0
-7814816.0
-7748608.0
-7668736.0
-7575472.0
-7469080.0
-7349848.0
-7218056.0
-7074000.0
-6918000.0
-6750320.0
-6571296.0
-6381200.0
-6180336.0
-5969016.0
-5747560.0
-5516248.0
-5275448.0
-5025480.0
-4766720.0
-4499560.0
-4224392.0
-3941696.0
-3651928.0
-3355616.0
-3053336.0
-2745656.0
-2433232.0
-2116744.0
-1796880.0
-1474384.0
-1150016.0
-824536.0
-498752.0
-173408.0
150664.0
472744.0
792032.0
1107784.0
1419248.0
1725672.0
2026296.0
2320368.0
2607080.0
2885600.0
3155040.0
3414472.0
3662864.0
3899136.0
4122104.0
4330520.0
4523032.0
4698240.0
4854696.0
4990856.0
5105192.0
5196168.0
5262264.0
5302000.0
5313968.0
5296888.0
5249576.0
5171032.0
5060400.0
4917072.0
4740648.0
4530960.0
4288136.0
4012512.0
3704768.0
3365840.0
2996928.0
2599536.0
2175416.0
1726576.0
1255256.0
763872.0
255064.0
-268392.0
-803648.0
-1347704.0
-1897568.0
-2450208.0
-3002632.0
-3551888.0
-4095104.0
-4629512.0
-5152496.0
-5661560.0
-6154408.0
-6628888.0
-7083056.0
-7515176.0
-7923688.0
-8307256.0
-8664744.0
-8995216.0
-9297952.0
-9572456.0
-9818424.0
-1.0035768E7
-1.0224616E7
-1.0385296E7
-1.0518376E7
-1.0624568E7
-1.0704864E7
-1.0760384E7
-1.0792488E7
-1.0802656E7
-1.0792568E7
-1.0764024E7
-1.0718952E7
-1.0659344E7
-1.0587304E7
-1.0504928E7
-1.0414336E7
-1.0317656E7
-1.0216904E7
-1.0114088E7
-1.0011064E7
-9909600.0
-9811296.0
-9717656.0
-9629968.0
-9549400.0
-9476960.0
-9413480.0
-9359680.0
-9316144.0
-9283320.0
-9261560.0
-9251136.0
-9252224.0
-9264944.0
-9289384.0
-9325560.0
-9373464.0
-9433040.0
-9504200.0
-9586840.0
-9680808.0
-9785896.0
-9901864.0
-1.0028408E7
-1.0165144E7
-1.0311632E7
-1.0467344E7
-1.063164E7
-1.08038E7
-1.0983E7
-1.1168304E7
-1.1358656E7
-1.1552936E7
-1.1749912E7
-1.1948256E7
-1.2146608E7
-1.2343552E7
-1.2537616E7
-1.2727336E7
-1.2911288E7
-1.308804E7
-1.3256264E7
-1.341468E7
-1.356212E7
-1.3697528E7
-1.3819968E7
-1.3928648E7
-1.4022896E7
-1.4102232E7
-1.4166248E7
-1.421472E7
-1.4247544E7
-1.426472E7
-1.4266368E7
-1.4252712E7
-1.4224032E7
-1.418072E7
-1.412316E7
-1.4051848E7
-1.3967264E7
-1.386992E7
-1.376032E7
-1.3639E7
-1.350644E7
-1.336316E7
-1.3209616E7
-1.304624E7
-1.2873472E7
-1.2691704E7
-1.2501296E7
-1.2302624E7
-1.2096008E7
-1.1881752E7
-1.1660176E7
-1.1431576E7
-1.119624E7
-1.0954488E7
-1.0706632E7
-1.0452984E7
-1.0193904E7
-9929744.0
-9660896.0
-9387776.0
-9110808.0
-8830432.0
-8547152.0
-8261432.0
-7973776.0
-7684688.0
-7394680.0
-7104264.0
-6813936.0
-6524200.0
-6235560.0
-5948480.0
-5663472.0
-5381008.0
-5101576.0
-4825712.0
-4553920.0
-4286784.0
-4024904.0
-3768896.0
-3519480.0
-3277368.0
-3043376.0
-2818304.0
-2603072.0
-2398552.0
-2205680.0
-2025368.0
-1858528.0
-1706016.0
-1568664.0
-1447176.0
-1342208.0
-1254272.0
-1183760.0
-1130920.0
-1095856.0
-1078528.0
-1078704.0
-1096056.0
-1130064.0
-1180120.0
-1245472.0
-1325288.0
-1418624.0
-1524520.0
-1641912.0
-1769736.0
-1906952.0
-2052464.0
-2205232.0
-2364232.0
-2528480.0
-2697040.0
-2869008.0
-3043536.0
-3219824.0
-3397112.0
-3574704.0
-3751896.0
-3928096.0
-4102688.0
-4275136.0
-4444904.0
-4611528.0
-4774592.0
-4933680.0
-5088488.0
-5238728.0
-5384184.0
-5524712.0
-5660232.0
-5790736.0
-5916272.0
-6036960.0
-6152976.0
-6264560.0
-6371968.0
-6475512.0
-6575472.0
-6672168.0
-6765872.0
-6856816.0
-6945208.0
-7031128.0
-7114600.0
-7195576.0
-7273856.0
-7349144.0
-7421024.0
-7488992.0
-7552392.0
-7610472.0
-7662440.0
-7707360.0
-7744256.0
-7772120.0
-7789904.0
-7796536.0
-7790968.0
-7772184.0
-7739208.0
-7691136.0
-7627128.0
-7546464.0
-7448520.0
-7332800.0
-7198936.0
-7046680.0
-6875984.0
-6686912.0
-6479656.0
-6254600.0
-6012224.0
-5753152.0
-5478168.0
-5188088.0
-4883880.0
-4566504.0
-4237064.0
-3896616.0
-3546232.0
-3186968.0
-2819872.0
-2445888.0
-2065928.0
-1680800.0
-1291240.0
-897864.0
-501248.0
-101848.0
299952.0
703832.0
1109512.0
1516744.0
1925328.0
2335024.0
2745640.0
3156912.0
3568560.0
3980328.0
4391848.0
4802752.0
5212656.0
5621128.0
6027720.0
6431976.0
6833464.0
7231728.0
7626344.0
8016912.0
8403056.0
8784400.0
9160632.0
9531424.0
9896504.0
1.0255568E7
1.0608336E7
1.095448E7
1.1293704E7
1.1625608E7
1.1949816E7
1.2265848E7
1.2573208E7
1.2871304E7
1.3159504E7
1.3437112E7
1.3703344E7
1.3957392E7
1.4198376E7
1.4425408E7
1.4637528E7
1.4833792E7
1.5013248E7
1.5174944E7
1.5317928E7
1.5441328E7
1.554432E7
1.5626104E7
1.5685992E7
1.5723352E7
1.5737696E7
1.5728608E7
1.5695808E7
1.5639152E7
1.5558592E7
1.5454256E7
1.53264E7
1.5175408E7
1.5001816E7
1.4806288E7
1.4589616E7
1.435272E7
1.4096592E7
1.3822336E7
1.3531136E7
1.3224184E7
1.2902744E7
1.2568056E7
1.2221344E7
1.1863792E7
1.149652E7
1.1120544E7
1.0736816E7
1.0346136E7
9949176.0
9546496.0
9138488.0
8725456.0
8307512.0
7884720.0
7456976.0
7024104.0
6585888.0
6141984.0
5692056.0
5235736.0
4772648.0
4302432.0
3824728.0
3339256.0
2845736.0
2343976.0
1833816.0
1315184.0
788048.0
252480.0
-291432.0
-843504.0
-1403504.0
-1971120.0
-2546032.0
-3127824.0
-3716048.0
-4310208.0
-4909752.0
-5514120.0
-6122648.0
-6734688.0
-7349520.0
-7966384.0
-8584480.0
-9202992.0
-9821024.0
-1.0437696E7
-1.1052056E7
-1.1663152E7
-1.2270024E7
-1.2871656E7
-1.346708E7
-1.4055304E7
-1.4635344E7
-1.520624E7
-1.576708E7
-1.6316944E7
-1.6855E7
-1.7380456E7
-1.7892552E7
-1.8390648E7
-1.8874088E7
-1.9342384E7
-1.9795056E7
-2.023176E7
-2.0652216E7
-2.105624E7
-2.1443736E7
-2.181472E7
-2.2169296E7
-2.2507664E7
-2.2830112E7
-2.3137016E7
-2.3428832E7
-2.3706096E7
-2.3969392E7
-2.4219368E7
-2.4456688E7
-2.4682064E7
-2.48962E7
-2.5099792E7
-2.5293544E7
-2.5478088E7
-2.5654032E7
-2.5821928E7
-2.5982288E7
-2.6135528E7
-2.628204E7
-2.642212E7
-2.6556048E7
-2.6684016E7
-2.6806216E7
-2.6922784E7
-2.7033864E7
-2.7139576E7
-2.7240072E7
-2.733548E7
-2.7426008E7
-2.751184E7
-2.7593232E7
-2.7670448E7
-2.77438E7
-2.7813616E7
-2.7880232E7
-2.7943992E7
-2.8005232E7
-2.806428E7
-2.8121392E7
-2.81768E7
-2.8230664E7
-2.8283056E7
-2.833396E7
-2.8383272E7
-2.8430784E7
-2.8476144E7
-2.8518928E7
-2.8558592E7
-2.859448E7
-2.8625872E7
-2.8651936E7
-2.8671816E7
-2.8684536E7
-2.8689152E7
-2.8684696E7
-2.8670184E7
-2.8644688E7
-2.8607304E7
-2.8557208E7
-2.8493648E7
-2.841596E7
-2.8323616E7
-2.8216144E7
-2.8093256E7
-2.7954744E7
-2.7800536E7
-2.7630688E7
-2.7445344E7
-2.7244784E7
-2.7029368E7
-2.6799568E7
-2.6555936E7
-2.6299064E7
-2.6029648E7
-2.5748424E7
-2.5456176E7
-2.5153696E7
-2.4841864E7
-2.4521544E7
-2.4193632E7
-2.3859016E7
-2.3518592E7
-2.317328E7
-2.2823944E7
-2.2471472E7
-2.211668E7
-2.17604E7
-2.1403384E7
-2.1046336E7
-2.068992E7
-2.0334736E7
-1.9981304E7
-1.9630072E7
-1.9281448E7
-1.8935736E7
-1.8593192E7
-1.8254024E7
-1.791836E7
-1.7586296E7
-1.7257904E7
-1.6933248E7
-1.6612336E7
-1.6295248E7
-1.598204E7
-1.567284E7
-1.53678E7
-1.5067136E7
-1.4771168E7
-1.4480272E7
-1.4194928E7
-1.3915736E7
-1.3643368E7
-1.3378624E7
-1.3122368E7
-1.2875608E7
-1.2639392E7
-1.2414856E7
-1.2203184E7
-1.2005608E7
-1.182332E7
-1.165756E7
-1.1509472E7
-1.1380144E7
-1.1270576E7
-1.1181616E7
-1.1113968E7
-1.1068128E7
-1.1044416E7
-1.1042912E7
-1.1063464E7
-1.1105656E7
-1.11688E7
-1.1252008E7
-1.1354104E7
-1.1473648E7
-1.1609024E7
-1.1758376E7
-1.1919664E7
-1.2090712E7
-1.2269176E7
-1.2452656E7
-1.2638648E7
-1.2824648E7
-1.300812E7
-1.3186568E7
-1.3357568E7
-1.3518776E7
-1.3667968E7
-1.3803064E7
-1.3922144E7
-1.4023456E7
-1.4105464E7
-1.4166816E7
-1.4206376E7
-1.422324E7
-1.4216704E7
-1.4186264E7
-1.413168E7
-1.405284E7
-1.3949888E7
-1.382308E7
-1.3672896E7
-1.3499928E7
-1.3304904E7
-1.3088656E7
-1.2852136E7
-1.259632E7
-1.2322272E7
-1.2031104E7
-1.1723944E7
-1.1401928E7
-1.1066184E7
-1.071784E7
-1.0357976E7
-9987680.0
-9607984.0
-9219856.0
-8824264.0
-8422096.0
-8014176.0
-7601296.0
-7184136.0
-6763360.0
-6339512.0
-5913048.0
-5484384.0
-5053784.0
-4621432.0
-4187376.0
-3751616.0
-3313968.0
-2874192.0
-2431912.0
-1986672.0
-1537904.0
-1085000.0
-627272.0
-163984.0
305592.0
782216.0
1266616.0
1759464.0
2261392.0
2772904.0
3294480.0
3826424.0
4368944.0
4922104.0
5485880.0
6060048.0
6644304.0
7238184.0
7841120.0
8452432.0
9071328.0
9696928.0
1.0328272E7
1.0964328E7
1.1603976E7
1.2246096E7
1.2889472E7
1.3532856E7
1.4175016E7
1.481464E7
1.5450416E7
1.6081024E7
1.6705136E7
1.7321416E7
1.7928512E7
1.8525096E7
1.9109848E7
1.9681448E7
2.02386E7
2.0780056E7
2.1304592E7
2.1811008E7
2.2298184E7
2.2765032E7
2.3210552E7
2.3633816E7
2.403396E7
2.4410224E7
2.476192E7
2.508848E7
2.5389392E7
2.5664288E7
2.591284E7
2.613484E7
2.6330152E7
2.6498744E7
2.6640592E7
2.6755816E7
2.684456E7
2.690704E7
2.694352E7
2.695432E7
2.693984E7
2.690052E7
2.6836864E7
2.6749448E7
2.663892E7
2.6505992E7
2.6351448E7
2.6176168E7
2.5981096E7
2.5767264E7
2.5535776E7
2.52878E7
2.5024616E7
2.4747528E7
2.4457888E7
2.415716E7
2.38468E7
2.3528312E7
2.3203224E7
2.2873104E7
2.2539512E7
2.2204032E7
2.1868216E7
2.1533608E7
2.1201752E7
2.087412E7
2.0552184E7
2.023732E7
1.993084E7
1.9633992E7
1.934792E7
1.9073656E7
1.8812128E7
1.856412E7
1.8330304E7
1.8111168E7
1.790708E7
1.7718264E7
1.754476E7
1.7386504E7
1.7243224E7
1.7114576E7
1.7000056E7
1.689904E7
1.6810784E7
1.6734472E7
1.6669168E7
1.6613912E7
1.6567624E7
1.6529208E7
1.6497496E7
1.647132E7
1.644944E7
1.6430632E7
1.6413664E7
1.6397248E7
1.6380152E7
1.6361144E7
1.6338936E7
1.6312344E7
1.6280112E7
1.6241072E7
1.619404E7
1.6137864E7
1.6071416E7
1.5993624E7
1.5903424E7
1.5799824E7
1.5681832E7
1.5548584E7
1.5399192E7
1.523292E7
1.504904E7
1.4846936E7
1.4626104E7
1.4386128E7
1.4126664E7
1.3847544E7
1.354868E7
1.3230136E7
1.2892072E7
1.2534816E7
1.2158816E7
1.1764656E7
1.1353032E7
1.0924784E7
1.0480888E7
1.00224E7
9550512.0
9066496.0
8571736.0
8067640.0
7555744.0
7037576.0
6514728.0
5988816.0
5461456.0
4934248.0
4408792.0
3886648.0
3369336.0
2858328.0
2355032.0
1860784.0
1376848.0
904432.0
444592.0
-1600.0
-433248.0
-849504.0
-1249624.0
-1632952.0
-1998920.0
-2347080.0
-2677064.0
-2988624.0
-3281624.0
-3556048.0
-3811960.0
-4049624.0
-4269376.0
-4471728.0
-4657312.0
-4826912.0
-4981432.0
-5121976.0
-5249728.0
-5366064.0
-5472448.0
-5570504.0
-5661920.0
-5748536.0
-5832256.0
-5915048.0
-5998904.0
-6085912.0
-6178088.0
-6277456.0
-6386032.0
-6505680.0
-6638216.0
-6785312.0
-6948464.0
-7129016.0
-7328032.0
-7546392.0
-7784688.0
-8043232.0
-8322024.0
-8620792.0
-8938896.0
-9275424.0
-9629152.0
-9998568.0
-1.0381864E7
-1.0777E7
-1.1181744E7
-1.1593672E7
-1.2010192E7
-1.2428664E7
-1.2846384E7
-1.3260632E7
-1.3668752E7
-1.4068176E7
-1.445648E7
-1.4831408E7
-1.5190912E7
-1.5533208E7
-1.585676E7
-1.6160328E7
-1.6443016E7
-1.6704184E7
-1.6943544E7
-1.7161088E7
-1.7357144E7
-1.7532272E7
-1.7687328E7
-1.7823384E7
-1.7941712E7
-1.8043784E7
-1.8131176E7
-1.8205576E7
-1.8268768E7
-1.8322528E7
-1.8368688E7
-1.8408976E7
-1.8445112E7
-1.8478672E7
-1.8511136E7
-1.8543816E7
-1.8577816E7
-1.8614088E7
-1.8653328E7
-1.8695992E7
-1.8742288E7
-1.8792176E7
-1.8845344E7
-1.8901192E7
-1.895892E7
-1.9017416E7
-1.9075392E7
-1.913128E7
-1.9183376E7
-1.9229808E7
-1.9268552E7
-1.929752E7
-1.9314536E7
-1.931744E7
-1.9304112E7
-1.9272496E7
-1.922064E7
-1.914676E7
-1.9049288E7
-1.8926832E7
-1.8778336E7
-1.8602968E7
-1.8400232E7
-1.8169944E7
-1.7912248E7
-1.7627632E7
-1.7316896E7
-1.6981168E7
-1.6621896E7
-1.6240792E7
-1.583984E7
-1.542128E7
-1.4987536E7
-1.4541232E7
-1.4085136E7
-1.3622112E7
-1.3155088E7
-1.2687064E7
-1.2221024E7
-1.175992E7
-1.1306648E7
-1.0864E7
-1.043468E7
-1.0021232E7
-9626040.0
-9251352.0
-8899184.0
-8571424.0
-8269760.0
-7995672.0
-7750520.0
-7535440.0
-7351464.0
-7199472.0
-7080192.0
-6994264.0
-6942200.0
-6924408.0
-6941208.0
-6992816.0
-7079336.0
-7200776.0
-7357016.0
-7547832.0
-7772848.0
-8031520.0
-8323168.0
-8646944.0
-9001816.0
-9386536.0
-9799728.0
-1.02398E7
-1.0705016E7
-1.1193448E7
-1.1703056E7
-1.223168E7
-1.2777048E7
-1.3336856E7
-1.3908736E7
-1.4490328E7
-1.5079296E7
-1.5673368E7
-1.6270368E7
-1.6868208E7
-1.7464936E7
-1.8058784E7
-1.8648128E7
-1.9231528E7
-1.9807704E7
-2.0375592E7
-2.0934288E7
-2.148304E7
-2.202128E7
-2.2548552E7
-2.3064512E7
-2.3568944E7
-2.4061648E7
-2.4542544E7
-2.5011504E7
-2.5468432E7
-2.5913192E7
-2.63456E7
-2.6765416E7
-2.7172296E7
-2.75658E7
-2.79454E7
-2.8310416E7
-2.866008E7
-2.8993488E7
-2.9309664E7
-2.960748E7
-2.9885776E7
-3.0143288E7
-3.0378744E7
-3.0590816E7
-3.07782E7
-3.0939616E7
-3.1073832E7
-3.117968E7
-3.1256144E7
-3.1302288E7
-3.1317344E7
-3.1300704E7
-3.125196E7
-3.1170912E7
-3.1057528E7
-3.0912048E7
-3.0734888E7
-3.052672E7
-3.0288424E7
-3.0021104E7
-2.972604E7
-2.9404736E7
-2.9058856E7
-2.8690232E7
-2.8300816E7
-2.7892696E7
-2.7468064E7
-2.7029152E7
-2.657828E7
-2.6117776E7
-2.5649968E7
-2.5177192E7
-2.4701744E7
-2.4225856E7
-2.3751688E7
-2.3281352E7
-2.2816808E7
-2.2359952E7
-2.191252E7
-2.1476136E7
-2.1052264E7
-2.064224E7
-2.0247224E7
-1.9868216E7
-1.9506056E7
-1.9161384E7
-1.8834736E7
-1.8526408E7
-1.8236552E7
-1.796516E7
-1.7712048E7
-1.7476864E7
-1.7259136E7
-1.7058224E7
-1.6873368E7
-1.6703656E7
-1.654812E7
-1.6405664E7
-1.6275112E7
-1.6155264E7
-1.6044856E7
-1.5942584E7
-1.5847208E7
-1.5757456E7
-1.5672128E7
-1.5590088E7
-1.5510272E7
-1.5431752E7
-1.5353688E7
-1.5275392E7
-1.5196336E7
-1.511612E7
-1.5034512E7
-1.495148E7
-1.4867096E7
-1.4781648E7
-1.469556E7
-1.4609376E7
-1.4523816E7
-1.4439696E7
-1.4357928E7
-1.427952E7
-1.4205576E7
-1.4137168E7
-1.4075464E7
-1.4021624E7
-1.3976784E7
-1.3942056E7
-1.3918496E7
-1.3907104E7
-1.39088E7
-1.3924392E7
-1.3954624E7
-1.400008E7
-1.4061264E7
-1.4138512E7
-1.4232048E7
-1.4341952E7
-1.4468152E7
-1.4610408E7
-1.4768368E7
-1.494148E7
-1.5129072E7
-1.5330288E7
-1.5544136E7
-1.576948E7
-1.6005E7
-1.6249304E7
-1.6500824E7
-1.675792E7
-1.7018816E7
-1.7281696E7
-1.7544656E7
-1.7805784E7
-1.8063136E7
-1.8314768E7
-1.8558776E7
-1.8793312E7
-1.90166E7
-1.9226976E7
-1.9422848E7
-1.96028E7
-1.9765568E7
-1.9910024E7
-2.0035232E7
-2.0140432E7
-2.0225064E7
-2.0288736E7
-2.033128E7
-2.0352672E7
-2.0353128E7
-2.0333E7
-2.0292792E7
-2.0233224E7
-2.0155088E7
-2.0059368E7
-1.9947072E7
-1.9819368E7
-1.9677464E7
-1.9522592E7
-1.935604E7
-1.9179096E7
-1.8993048E7
-1.8799112E7
-1.8598528E7
-1.8392432E7
-1.8181912E7
-1.7967976E7
-1.7751608E7
-1.753364E7
-1.7314904E7
-1.7096104E7
-1.6877928E7
-1.6661008E7
-1.6445896E7
-1.6233128E7
-1.6023232E7
-1.5816688E7
-1.5613992E7
-1.541564E7
-1.522212E7
-1.5033984E7
-1.4851752E7
-1.4676016E7
-1.4507384E7
-1.4346504E7
-1.4194048E7
-1.4050736E7
-1.3917304E7
-1.3794528E7
-1.3683192E7
-1.358408E7
-1.3498E7
-1.3425736E7
-1.3368064E7
-1.332572E7
-1.32994E7
-1.3289776E7
-1.329744E7
-1.3322904E7
-1.3366632E7
-1.3428952E7
-1.351016E7
-1.36104E7
-1.372972E7
-1.3868032E7
-1.4025168E7
-1.4200776E7
-1.4394408E7
-1.4605448E7
-1.4833168E7
-1.5076664E7
-1.533488E7
-1.5606632E7
-1.5890544E7
-1.6185152E7
-1.6488776E7
-1.679964E7
-1.7115808E7
-1.7435216E7
-1.7755696E7
-1.8074968E7
-1.8390688E7
-1.8700408E7
-1.9001688E7
-1.9292032E7
-1.9568976E7
-1.9830096E7
-2.0073008E7
-2.0295456E7
-2.0495296E7
-2.0670528E7
-2.081932E7
-2.0940064E7
-2.1031336E7
-2.1091976E7
-2.1121032E7
-2.1117816E7
-2.1081904E7
-2.1013112E7
-2.0911528E7
-2.0777456E7
-2.0611432E7
-2.0414272E7
-2.0186944E7
-1.993064E7
-1.9646744E7
-1.9336816E7
-1.900252E7
-1.8645704E7
-1.8268312E7
-1.7872416E7
-1.746016E7
-1.7033736E7
-1.6595424E7
-1.6147512E7
-1.5692288E7
-1.5232064E7
-1.4769104E7
-1.4305624E7
-1.3843768E7
-1.3385592E7
-1.2933064E7
-1.2487984E7
-1.2052056E7
-1.1626808E7
-1.1213608E7
-1.081364E7
-1.0427976E7
-1.0057456E7
-9702768.0
-9364440.0
-9042832.0
-8738184.0
-8450576.0
-8179976.0
-7926256.0
-7689168.0
-7468400.0
-7263576.0
-7074256.0
-6899952.0
-6740160.0
-6594336.0
-6461928.0
-6342368.0
-6235088.0
-6139488.0
-6055024.0
-5981088.0
-5917112.0
-5862504.0
-5816696.0
-5779088.0
-5749128.0
-5726208.0
-5709768.0
-5699248.0
-5694088.0
-5693768.0
-5697792.0
-5705688.0
-5717056.0
-5731536.0
-5748856.0
-5768776.0
-5791200.0
-5816080.0
-5843488.0
-5873568.0
-5906576.0
-5942896.0
-5982944.0
-6027264.0
-6076464.0
-6131176.0
-6192144.0
-6260072.0
-6335720.0
-6419840.0
-6513144.0
-6616312.0
-6729968.0
-6854664.0
-6990864.0
-7138936.0
-7299136.0
-7471616.0
-7656384.0
-7853360.0
-8062280.0
-8282832.0
-8514536.0
-8756808.0
-9008968.0
-9270240.0
-9539752.0
-9816592.0
-1.0099784E7
-1.0388288E7
-1.068104E7
-1.0977016E7
-1.1275112E7
-1.1574272E7
-1.1873456E7
-1.2171656E7
-1.2467848E7
-1.2761128E7
-1.3050552E7
-1.3335248E7
-1.3614392E7
-1.3887176E7
-1.4152848E7
-1.4410704E7
-1.4660064E7
-1.4900328E7
-1.5130912E7
-1.535132E7
-1.556108E7
-1.5759848E7
-1.5947296E7
-1.612324E7
-1.6287568E7
-1.6440224E7
-1.6581336E7
-1.6711048E7
-1.6829664E7
-1.6937552E7
-1.7035144E7
-1.7122968E7
-1.7201608E7
-1.7271656E7
-1.7333736E7
-1.7388464E7
-1.7436432E7
-1.7478176E7
-1.7514176E7
-1.7544816E7
-1.75704E7
-1.7591096E7
-1.7606984E7
-1.7618E7
-1.7623976E7
-1.7624624E7
-1.7619528E7
-1.7608208E7
-1.7590104E7
-1.756456E7
-1.7530904E7
-1.7488448E7
-1.743652E7
-1.737444E7
-1.7301632E7
-1.7217536E7
-1.712172E7
-1.7013816E7
-1.68936E7
-1.6760952E7
-1.6615872E7
-1.6458472E7
-1.6288968E7
-1.6107696E7
-1.5915072E7
-1.571156E7
-1.5497704E7
-1.5274088E7
-1.5041296E7
-1.4799928E7
-1.4550568E7
-1.4293784E7
-1.403008E7
-1.3759944E7
-1.3483816E7
-1.3202096E7
-1.2915136E7
-1.262324E7
-1.2326728E7
-1.202588E7
-1.1720984E7
-1.1412352E7
-1.1100328E7
-1.078532E7
-1.0467752E7
-1.014816E7
-9827136.0
-9505384.0
-9183656.0
-8862816.0
-8543800.0
-8227584.0
-7915232.0
-7607856.0
-7306528.0
-7012384.0
-6726504.0
-6449928.0
-6183656.0
-5928576.0
-5685496.0
-5455120.0
-5238008.0
-5034592.0
-4845200.0
-4669976.0
-4508976.0
-4362104.0
-4229160.0
-4109816.0
-4003696.0
-3910304.0
-3829096.0
-3759480.0
-3700848.0
-3652536.0
-3613904.0
-3584320.0
-3563168.0
-3549848.0
-3543808.0
-3544560.0
-3551624.0
-3564600.0
-3583152.0
-3606960.0
-3635768.0
-3669384.0
-3707632.0
-3750360.0
-3797448.0
-3848784.0
-3904216.0
-3963608.0
-4026784.0
-4093528.0
-4163576.0
-4236568.0
-4312128.0
-4389784.0
-4469016.0
-4549224.0
-4629784.0
-4709984.0
-4789136.0
-4866512.0
-4941376.0
-5013040.0
-5080872.0
-5144272.0
-5202760.0
-5255928.0
-5303496.0
-5345320.0
-5381384.0
-5411816.0
-5436888.0
-5456992.0
-5472672.0
-5484552.0
-5493376.0
-5499944.0
-5505144.0
-5509856.0
-5514968.0
-5521352.0
-5529840.0
-5541160.0
-5555984.0
-5574840.0
-5598160.0
-5626224.0
-5659168.0
-5696984.0
-5739528.0
-5786512.0
-5837512.0
-5892000.0
-5949336.0
-6008800.0
-6069608.0
-6130960.0
-6191984.0
-6251872.0
-6309800.0
-6365048.0
-6416936.0
-6464896.0
-6508488.0
-6547400.0
-6581488.0
-6610760.0
-6635416.0
-6655816.0
-6672512.0
-6686240.0
-6697848.0
-6708408.0
-6719056.0
-6731080.0
-6745848.0
-6764768.0
-6789280.0
-6820864.0
-6860920.0
-6910816.0
-6971840.0
-7045160.0
-7131824.0
-7232704.0
-7348528.0
-7479832.0
-7626936.0
-7789968.0
-7968824.0
-8163216.0
-8372592.0
-8596192.0
-8833048.0
-9081944.0
-9341480.0
-9610056.0
-9885840.0
-1.0166864E7
-1.0450968E7
-1.0735872E7
-1.1019128E7
-1.1298216E7
-1.1570536E7
-1.1833432E7
-1.20842E7
-1.23202E7
-1.2538752E7
-1.273732E7
-1.2913408E7
-1.306468E7
-1.3188912E7
-1.3284128E7
-1.3348472E7
-1.3380368E7
-1.3378464E7
-1.3341632E7
-1.3269032E7
-1.3160064E7
-1.30144E7
-1.2831976E7
-1.2612992E7
-1.2357864E7
-1.206728E7
-1.174212E7
-1.1383472E7
-1.0992616E7
-1.0570992E7
-1.0120192E7
-9641920.0
-9137976.0
-8610264.0
-8060720.0
-7491328.0
-6904088.0
-6300976.0
-5683976.0
-5055040.0
-4416032.0
-3768792.0
-3115096.0
-2456632.0
-1795024.0
-1131800.0
-468456.0
193616.0
853104.0
1508712.0
2159248.0
2803536.0
3440464.0
4068960.0
4688024.0
5296632.0
5893880.0
6478832.0
7050656.0
7608544.0
8151736.0
8679552.0
9191360.0
9686592.0
1.016476E7
1.0625448E7
1.1068336E7
1.1493128E7
1.1899648E7
1.2287784E7
1.2657472E7
1.3008728E7
1.3341624E7
1.3656288E7
1.3952872E7
1.42316E7
1.4492704E7
1.4736472E7
1.4963176E7
1.517316E7
1.5366728E7
1.5544248E7
1.5706088E7
1.5852592E7
1.5984144E7
1.6101136E7
1.6203928E7
1.6292944E7
1.6368536E7
1.6431128E7
1.6481104E7
1.6518888E7
1.654488E7
1.655952E7
1.6563232E7
1.6556496E7
1.6539784E7
1.6513592E7
1.6478464E7
1.6434952E7
1.638368E7
1.6325248E7
1.626032E7
1.6189584E7
1.611376E7
1.6033568E7
1.5949768E7
1.586312E7
1.577436E7
1.5684256E7
1.5593568E7
1.5503E7
1.541328E7
1.5325104E7
1.523912E7
1.5155968E7
1.5076272E7
1.500064E7
1.4929624E7
1.48638E7
1.4803672E7
1.4749776E7
1.4702608E7
1.466264E7
1.4630328E7
1.4606096E7
1.459032E7
1.4583368E7
1.4585528E7
1.4597056E7
1.4618136E7
1.464888E7
1.4689344E7
1.473948E7
1.4799192E7
1.4868272E7
1.4946456E7
1.5033408E7
1.512872E7
1.5231928E7
1.5342512E7
1.5459912E7
1.5583536E7
1.5712784E7
1.5847E7
1.5985568E7
1.6127832E7
1.6273144E7
1.6420848E7
1.657028E7
1.6720784E7
1.6871672E7
1.7022232E7
1.7171728E7
1.731936E7
1.746432E7
1.7605704E7
1.7742544E7
1.787384E7
1.7998464E7
1.8115272E7
1.8223E7
1.8320376E7
1.8406048E7
1.8478656E7
1.8536816E7
1.857912E7
1.8604248E7
1.861088E7
1.85978E7
1.856388E7
1.8508112E7
1.842964E7
1.832776E7
1.8201912E7
1.8051784E7
1.78772E7
1.7678216E7
1.7455056E7
1.7208176E7
1.6938192E7
1.6645928E7
1.6332352E7
1.5998608E7
1.5646008E7
1.5275944E7
1.4889952E7
1.4489672E7
1.4076784E7
1.3653048E7
1.3220248E7
1.27802E7
1.233468E7
1.1885472E7
1.1434288E7
1.0982792E7
1.0532568E7
1.0085072E7
9641664.0
9203600.0
8771960.0
8347720.0
7931672.0
7524464.0
7126608.0
6738440.0
6360128.0
5991696.0
5633032.0
5283856.0
4943760.0
4612208.0
4288512.0
3971896.0
3661456.0
3356216.0
3055136.0
2757080.0
2460912.0
2165472.0
1869608.0
1572208.0
1272208.0
968648.0
660632.0
347424.0
28440.0
-296752.0
-628416.0
-966616.0
-1311232.0
-1661944.0
-2018264.0
-2379496.0
-2744816.0
-3113200.0
-3483552.0
-3854592.0
-4225016.0
-4593424.0
-4958408.0
-5318512.0
-5672320.0
-6018448.0
-6355600.0
-6682512.0
-6998072.0
-7301248.0
-7591160.0
-7867056.0
-8128336.0
-8374528.0
-8605312.0
-8820552.0
-9020160.0
-9204256.0
-9373056.0
-9526888.0
-9666152.0
-9791368.0
-9903112.0
-1.0002024E7
-1.0088792E7
-1.016412E7
-1.0228784E7
-1.0283544E7
-1.03292E7
-1.0366544E7
-1.0396368E7
-1.0419488E7
-1.043672E7
-1.0448888E7
-1.04568E7
-1.046132E7
-1.0463328E7
-1.0463688E7
-1.046332E7
-1.0463192E7
-1.0464264E7
-1.0467536E7
-1.0474056E7
-1.0484856E7
-1.0501016E7
-1.05236E7
-1.0553656E7
-1.0592216E7
-1.0640256E7
-1.0698696E7
-1.0768376E7
-1.0850032E7
-1.0944288E7
-1.1051648E7
-1.1172456E7
-1.1306904E7
-1.1455008E7
-1.1616656E7
-1.1791536E7
-1.19792E7
-1.2179016E7
-1.2390256E7
-1.2612032E7
-1.2843344E7
-1.3083136E7
-1.3330248E7
-1.3583472E7
-1.3841608E7
-1.4103384E7
-1.436756E7
-1.463296E7
-1.489836E7
-1.5162648E7
-1.5424736E7
-1.56836E7
-1.5938312E7
-1.618796E7
-1.6431776E7
-1.6669008E7
-1.689904E7
-1.7121296E7
-1.733532E7
-1.7540712E7
-1.7737208E7
-1.79246E7
-1.8102824E7
-1.8271888E7
-1.8431928E7
-1.8583208E7
-1.8726088E7
-1.8861064E7
-1.8988736E7
-1.91098E7
-1.9225104E7
-1.9335544E7
-1.9442136E7
-1.954592E7
-1.9648008E7
-1.974956E7
-1.9851688E7
-1.9955536E7
-2.0062176E7
-2.017264E7
-2.028784E7
-2.0408608E7
-2.0535616E7
-2.0669424E7
-2.0810408E7
-2.0958768E7
-2.1114576E7
-2.1277672E7
-2.1447736E7
-2.1624312E7
-2.180676E7
-2.1994304E7
-2.2186024E7
-2.2380936E7
-2.2577936E7
-2.2775864E7
-2.2973528E7
-2.3169712E7
-2.3363192E7
-2.355276E7
-2.3737256E7
-2.3915536E7
-2.4086528E7
-2.4249176E7
-2.4402568E7
-2.454576E7
-2.4677928E7
-2.479828E7
-2.4906088E7
-2.5000696E7
-2.5081496E7
-2.514796E7
-2.5199632E7
-2.523616E7
-2.525724E7
-2.5262736E7
-2.5252592E7
-2.522692E7
-2.518596E7
-2.513012E7
-2.5059992E7
-2.4976312E7
-2.4880008E7
-2.4772152E7
-2.4653992E7
-2.4526888E7
-2.439232E7
-2.4251872E7
-2.4107184E7
-2.3959928E7
-2.3811784E7
-2.3664448E7
-2.3519504E7
-2.337856E7
-2.3243072E7
-2.3114464E7
-2.2994E7
-2.2882888E7
-2.2782208E7
-2.2692976E7
-2.2616064E7
-2.2552328E7
-2.2502496E7
-2.2467272E7
-2.244728E7
-2.2443128E7
-2.245536E7
-2.2484456E7
-2.2530872E7
-2.2595008E7
-2.267716E7
-2.2777576E7
-2.2896384E7
-2.3033592E7
-2.3189064E7
-2.3362536E7
-2.3553536E7
-2.376144E7
-2.3985392E7
-2.4224384E7
-2.4477144E7
-2.474224E7
-2.5018016E7
-2.5302632E7
-2.5594072E7
-2.5890152E7
-2.6188536E7
-2.6486808E7
-2.6782424E7
-2.7072808E7
-2.735532E7
-2.7627336E7
-2.7886256E7
-2.812952E7
-2.835468E7
-2.8559392E7
-2.8741432E7
-2.8898768E7
-2.9029544E7
-2.9132128E7
-2.9205072E7
-2.9247224E7
-2.925764E7
-2.9235664E7
-2.9180864E7
-2.9093128E7
-2.8972584E7
-2.8819608E7
-2.8634848E7
-2.8419224E7
-2.817384E7
-2.7900056E7
-2.7599424E7
-2.7273672E7
-2.6924688E7
-2.6554496E7
-2.61652E7
-2.5759048E7
-2.5338288E7
-2.4905224E7
-2.4462144E7
-2.4011336E7
-2.3555072E7
-2.3095536E7
-2.263484E7
-2.2175048E7
-2.1718112E7
-2.1265888E7
-2.0820176E7
-2.0382624E7
-1.9954816E7
-1.9538256E7
-1.9134344E7
-1.8744424E7
-1.8369736E7
-1.8011504E7
-1.7670864E7
-1.734888E7
-1.7046616E7
-1.6765032E7
-1.6505104E7
-1.6267696E7
-1.6053648E7
-1.586376E7
-1.5698736E7
-1.5559248E7
-1.5445832E7
-1.5358992E7
-1.5299088E7
-1.5266416E7
-1.5261112E7
-1.5283184E7
-1.5332536E7
-1.5408872E7
-1.55118E7
-1.5640736E7
-1.5794928E7
-1.5973496E7
-1.6175368E7
-1.639932E7
-1.6644016E7
-1.6907928E7
-1.7189464E7
-1.7486848E7
-1.7798248E7
-1.812176E7
-1.8455408E7
-1.8797168E7
-1.9145E7
-1.9496864E7
-1.9850768E7
-2.0204728E7
-2.055684E7
-2.0905256E7
-2.1248256E7
-2.1584176E7
-2.1911488E7
-2.2228808E7
-2.2534872E7
-2.2828552E7
-2.3108864E7
-2.3374984E7
-2.3626216E7
-2.3862056E7
-2.4082088E7
-2.4286112E7
-2.4474048E7
-2.4645952E7
-2.4802048E7
-2.494268E7
-2.506832E7
-2.5179608E7
-2.5277248E7
-2.5362064E7
-2.5434992E7
-2.5497024E7
-2.5549248E7
-2.5592752E7
-2.5628696E7
-2.5658264E7
-2.5682576E7
-2.5702776E7
-2.5719952E7
-2.5735104E7
-2.5749176E7
-2.5762968E7
-2.577716E7
-2.5792304E7
-2.5808792E7
-2.5826816E7
-2.5846384E7
-2.5867336E7
-2.5889288E7
-2.591164E7
-2.5933648E7
-2.5954336E7
-2.5972552E7
-2.5987016E7
-2.5996264E7
-2.599876E7
-2.5992816E7
-2.5976744E7
-2.5948752E7
-2.5907096E7
-2.5850024E7
-2.5775832E7
-2.5682928E7
-2.55698E7
-2.5435104E7
-2.5277616E7
-2.5096336E7
-2.4890416E7
-2.4659248E7
-2.440244E7
-2.41198E7
-2.3811384E7
-2.3477456E7
-2.311848E7
-2.2735144E7
-2.232828E7
-2.1898888E7
-2.1448136E7
-2.097728E7
-2.0487672E7
-1.9980744E7
-1.945796E7
-1.8920824E7
-1.8370824E7
-1.7809488E7
-1.7238256E7
-1.665856E7
-1.60718E7
-1.5479312E7
-1.488236E7
-1.428216E7
-1.3679864E7
-1.3076536E7
-1.24732E7
-1.1870776E7
-1.1270088E7
-1.0671912E7
-1.0076912E7
-9485656.0
-8898600.0
-8316096.0
-7738384.0
-7165592.0
-6597712.0
-6034648.0
-5476176.0
-4921976.0
-4371640.0
-3824696.0
-3280592.0
-2738768.0
-2198632.0
-1659592.0
-1121080.0
-582600.0
-43680.0
496024.0
1036808.0
1578832.0
2122136.0
2666656.0
3212184.0
3758400.0
4304872.0
4851032.0
5396200.0
5939592.0
6480360.0
7017536.0
7550096.0
8076936.0
8596920.0
9108856.0
9611512.0
1.0103632E7
1.0583952E7
1.1051168E7
1.1504008E7
1.194116E7
1.236132E7
1.2763208E7
1.3145544E7
1.3507032E7
1.3846448E7
1.4162512E7
1.4454048E7
1.4719872E7
1.4958864E7
1.5169976E7
1.53522E7
1.5504656E7
1.5626544E7
1.5717232E7
1.5776176E7
1.580304E7
1.5797656E7
1.576004E7
1.5690448E7
1.5589344E7
1.545744E7
1.5295672E7
1.5105224E7
1.488756E7
1.4644344E7
1.4377488E7
1.408916E7
1.3781688E7
1.3457632E7
1.3119688E7
1.2770728E7
1.2413728E7
1.2051744E7
1.1687888E7
1.1325264E7
1.0967016E7
1.061616E7
1.0275632E7
9948256.0
9636672.0
9343320.0
9070400.0
8819840.0
8593328.0
8392224.0
8217624.0
8070280.0
7950640.0
7858888.0
7794896.0
7758288.0
7748440.0
7764512.0
7805496.0
7870192.0
7957328.0
8065504.0
8193280.0
8339176.0
8501728.0
8679464.0
8870984.0
9074928.0
9290024.0
9515080.0
9748976.0
9990704.0
1.0239344E7
1.0494056E7
1.0754096E7
1.1018792E7
1.1287544E7
1.1559832E7
1.1835168E7
1.2113152E7
1.2393408E7
1.2675592E7
1.2959408E7
1.3244616E7
1.3530976E7
1.3818312E7
1.4106456E7
1.4395296E7
1.4684768E7
1.4974792E7
1.52654E7
1.55566E7
1.5848472E7
1.6141088E7
1.6434568E7
1.6729056E7
1.7024672E7
1.7321536E7
1.7619768E7
1.791944E7
1.8220584E7
1.8523192E7
1.8827184E7
1.9132392E7
1.9438624E7
1.9745568E7
2.005284E7
2.036E7
2.066652E7
2.0971816E7
2.1275232E7
2.1576072E7
2.1873584E7
2.2166992E7
2.245548E7
2.2738192E7
2.3014296E7
2.328288E7
2.354308E7
2.3793984E7
2.4034672E7
2.4264208E7
2.448168E7
2.4686136E7
2.4876632E7
2.5052232E7
2.5212E7
2.5355E7
2.5480344E7
2.5587144E7
2.5674576E7
2.5741848E7
2.5788224E7
2.5813048E7
2.5815752E7
2.5795856E7
2.5752984E7
2.5686872E7
2.5597368E7
2.548448E7
2.534832E7
2.5189128E7
2.500732E7
2.4803392E7
2.4578E7
2.4331928E7
2.406604E7
2.3781328E7
2.3478856E7
2.315976E7
2.2825232E7
2.247648E7
2.2114752E7
2.174128E7
2.1357272E7
2.0963904E7
2.0562264E7
2.0153416E7
1.9738288E7
1.9317744E7
1.8892504E7
1.84632E7
1.803032E7
1.759424E7
1.7155224E7
1.6713408E7
1.62688E7
1.582136E7
1.5370904E7
1.4917224E7
1.4460032E7
1.3999008E7
1.3533808E7
1.3064088E7
1.2589512E7
1.21098E7
1.1624704E7
1.1134056E7
1.063776E7
1.0135808E7
9628312.0
9115496.0
8597680.0
8075336.0
7549064.0
7019552.0
6487664.0
5954368.0
5420728.0
4887968.0
4357368.0
3830336.0
3308328.0
2792928.0
2285704.0
1788320.0
1302416.0
829688.0
371784.0
-69688.0
-493136.0
-897120.0
-1280184.0
-1641072.0
-1978592.0
-2291768.0
-2579704.0
-2841736.0
-3077336.0
-3286208.0
-3468216.0
-3623440.0
-3752168.0
-3854872.0
-3932208.0
-3985048.0
-4014400.0
-4021472.0
-4007584.0
-3974192.0
-3922864.0
-3855232.0
-3773000.0
-3677896.0
-3571640.0
-3455952.0
-3332472.0
-3202800.0
-3068424.0
-2930688.0
-2790824.0
-2649912.0
-2508840.0
-2368344.0
-2228968.0
-2091080.0
-1954864.0
-1820344.0
-1687376.0
-1555672.0
-1424808.0
-1294256.0
-1163392.0
-1031528.0
-897912.0
-761784.0
-622344.0
-478832.0
-330480.0
-176576.0
-16472.0
150424.0
324664.0
506672.0
696832.0
895408.0
1102608.0
1318552.0
1543248.0
1776648.0
2018624.0
2268976.0
2527408.0
2793560.0
3067024.0
3347312.0
3633824.0
3925952.0
4222960.0
4524088.0
4828472.0
5135176.0
5443176.0
5751368.0
6058600.0
6363624.0
6665120.0
6961736.0
7252048.0
7534608.0
7807952.0
8070616.0
8321152.0
8558168.0
8780328.0
8986368.0
9175168.0
9345712.0
9497168.0
9628840.0
9740240.0
9831072.0
9901240.0
9950880.0
9980296.0
9990048.0
9980848.0
9953600.0
9909408.0
9849464.0
9775128.0
9687824.0
9589088.0
9480432.0
9363440.0
9239648.0
9110560.0
8977592.0
8842072.0
8705216.0
8568072.0
8431560.0
8296400.0
8163144.0
8032144.0
7903560.0
7777368.0
7653344.0
7531112.0
7410112.0
7289664.0
7168936.0
7047056.0
6923032.0
6795864.0
6664520.0
6528016.0
6385400.0
6235784.0
6078352.0
5912448.0
5737488.0
5553048.0
5358824.0
5154656.0
4940512.0
4716480.0
4482752.0
4239608.0
3987432.0
3726656.0
3457760.0
3181264.0
2897704.0
2607600.0
2311504.0
2009912.0
1703336.0
1392248.0
1077096.0
758304.0
436296.0
111464.0
-215800.0
-545136.0
-876120.0
-1208384.0
-1541496.0
-1875000.0
-2208408.0
-2541216.0
-2872824.0
-3202640.0
-3529952.0
-3854056.0
-4174144.0
-4489344.0
-4798760.0
-5101416.0
-5396312.0
-5682368.0
-5958528.0
-6223688.0
-6476728.0
-6716536.0
-6942032.0
-7152176.0
-7345952.0
-7522416.0
-7680712.0
-7820072.0
-7939824.0
-8039416.0
-8118448.0
-8176624.0
-8213832.0
-8230096.0
-8225624.0
-8200800.0
-8156144.0
-8092392.0
-8010424.0
-7911296.0
-7796208.0
-7666480.0
-7523592.0
-7369088.0
-7204624.0
-7031840.0
-6852488.0
-6668248.0
-6480760.0
-6291640.0
-6102336.0
-5914224.0
-5728496.0
-5546184.0
-5368096.0
-5194848.0
-5026848.0
-4864224.0
-4706936.0
-4554680.0
-4406968.0
-4263096.0
-4122184.0
-3983200.0
-3844976.0
-3706216.0
-3565592.0
-3421656.0
-3273000.0
-3118208.0
-2955856.0
-2784648.0
-2603328.0
-2410776.0
-2205992.0
-1988160.0
-1756592.0
-1510840.0
-1250632.0
-975928.0
-686888.0
-383936.0
-67728.0
260880.0
600744.0
950568.0
1308784.0
1673656.0
2043240.0
2415472.0
2788120.0
3158840.0
3525224.0
3884792.0
4235064.0
4573528.0
4897744.0
5205328.0
5493992.0
5761576.0
6006072.0
6225616.0
6418576.0
6583496.0
6719160.0
6824584.0
6898976.0
6941848.0
6952888.0
6932072.0
6879576.0
6795784.0
6681328.0
6537000.0
6363792.0
6162888.0
5935576.0
5683352.0
5407768.0
5110544.0
4793488.0
4458440.0
4107384.0
3742272.0
3365144.0
2978024.0
2582936.0
2181904.0
1776864.0
1369712.0
962296.0
556296.0
153328.0
-245160.0
-637864.0
-1023632.0
-1401488.0
-1770624.0
-2130416.0
-2480408.0
-2820336.0
-3150048.0
-3469592.0
-3779104.0
-4078864.0
-4369240.0
-4650664.0
-4923648.0
-5188712.0
-5446400.0
-5697280.0
-5941848.0
-6180656.0
-6414120.0
-6642648.0
-6866584.0
-7086176.0
-7301632.0
-7513056.0
-7720456.0
-7923808.0
-8122960.0
-8317744.0
-8507864.0
-8693016.0
-8872792.0
-9046800.0
-9214600.0
-9375704.0
-9529648.0
-9675928.0
-9814088.0
-9943680.0
-1.0064264E7
-1.0175432E7
-1.02768E7
-1.036804E7
-1.0448824E7
-1.051888E7
-1.0577952E7
-1.0625848E7
-1.0662392E7
-1.0687448E7
-1.0700944E7
-1.0702816E7
-1.0693128E7
-1.0671952E7
-1.0639456E7
-1.0595912E7
-1.0541688E7
-1.0477248E7
-1.0403168E7
-1.032016E7
-1.0229032E7
-1.0130752E7
-1.0026304E7
-9916872.0
-9803656.0
-9687928.0
-9571000.0
-9454184.0
-9338792.0
-9226080.0
-9117224.0
-9013328.0
-8915368.0
-8824192.0
-8740504.0
-8664848.0
-8597616.0
-8539032.0
-8489168.0
-8447952.0
-8415176.0
-8390512.0
-8373496.0
-8363584.0
-8360144.0
-8362488.0
-8369848.0
-8381416.0
-8396368.0
-8413840.0
-8432960.0
-8452888.0
-8472768.0
-8491784.0
-8509152.0
-8524160.0
-8536136.0
-8544512.0
-8548792.0
-8548616.0
-8543696.0
-8533896.0
-8519184.0
-8499664.0
-8475584.0
-8447312.0
-8415336.0
-8380232.0
-8342736.0
-8303648.0
-8263840.0
-8224248.0
-8185920.0
-8149872.0
-8117176.0
-8088920.0
-8066192.0
-8050072.0
-8041600.0
-8041832.0
-8051744.0
-8072304.0
-8104432.0
-8148968.0
-8206744.0
-8278480.0
-8364872.0
-8466536.0
-8584000.0
-8717728.0
-8868072.0
-9035320.0
-9219632.0
-9421080.0
-9639608.0
-9875032.0
-1.0127104E7
-1.039536E7
-1.0679328E7
-1.0978336E7
-1.1291648E7
-1.161844E7
-1.195776E7
-1.230864E7
-1.2670032E7
-1.3040856E7
-1.3420008E7
-1.38064E7
-1.4198976E7
-1.4596688E7
-1.4998536E7
-1.54036E7
-1.5811016E7
-1.6220016E7
-1.662988E7
-1.7039984E7
-1.7449784E7
-1.78588E7
-1.8266624E7
-1.867292E7
-1.9077384E7
-1.9479776E7
-1.9879888E7
-2.0277568E7
-2.0672648E7
-2.1065016E7
-2.14546E7
-2.1841264E7
-2.2224944E7
-2.2605568E7
-2.2983032E7
-2.3357264E7
-2.3728128E7
-2.4095504E7
-2.4459216E7
-2.4819056E7
-2.517476E7
-2.5526E7
-2.58724E7
-2.6213488E7
-2.6548712E7
-2.6877464E7
-2.7199024E7
-2.75126E7
-2.7817336E7
-2.8112304E7
-2.8396496E7
-2.8668896E7
-2.8928416E7
-2.9174E7
-2.9404568E7
-2.961908E7
-2.9816512E7
-2.999592E7
-3.0156408E7
-3.02972E7
-3.0417568E7
-3.051692E7
-3.0594768E7
-3.065072E7
-3.0684504E7
-3.0695984E7
-3.068512E7
-3.0651976E7
-3.059676E7
-3.051976E7
-3.0421368E7
-3.0302064E7
-3.0162464E7
-3.0003224E7
-2.982512E7
-2.9628976E7
-2.9415696E7
-2.9186264E7
-2.894172E7
-2.8683136E7
-2.8411608E7
-2.8128288E7
-2.7834328E7
-2.7530912E7
-2.7219192E7
-2.6900296E7
-2.6575352E7
-2.6245424E7
-2.5911584E7
-2.5574792E7
-2.5235992E7
-2.4896088E7
-2.4555896E7
-2.4216216E7
-2.3877768E7
-2.3541256E7
