# File created = Tuesday, January 27, 2026 10:09:43 AM EST
# Data set = ADF_TR_Nirmat400-Mpro400_VT_2026-01-24  283  1  /Users/ramelt2/Library/CloudStorage/Box-Box/Montelione-Lab-Box/MPro_NMR_and_MS_data_and_analysis/MPro-Nirmatrelvir/Mohawk-600NMR-data
# Spectral Region:
# LEFT = -70.0 ppm. RIGHT = -74.0 ppm.
#
# SIZE = 16283 ( = number of points)
#
# In the following ordering is from the 'left' to the 'right' limits!
# Lines beginning with '#' must be considered as comment lines.
#
7002376.0
6876344.0
6743936.0
6604888.0
6458936.0
6305824.0
6145304.0
5977104.0
5800984.0
5616664.0
5423888.0
5222400.0
5011944.0
4792288.0
4563192.0
4324464.0
4075936.0
3817464.0
3548952.0
3270336.0
2981624.0
2682872.0
2374160.0
2055664.0
1727600.0
1390280.0
1044040.0
689296.0
326560.0
-43616.0
-420616.0
-803736.0
-1192224.0
-1585264.0
-1981960.0
-2381408.0
-2782616.0
-3184576.0
-3586240.0
-3986512.0
-4384304.0
-4778480.0
-5167920.0
-5551464.0
-5927992.0
-6296344.0
-6655376.0
-7003984.0
-7341024.0
-7665432.0
-7976120.0
-8272080.0
-8552304.0
-8815880.0
-9061928.0
-9289688.0
-9498432.0
-9687600.0
-9856728.0
-1.000548E7
-1.0133688E7
-1.024132E7
-1.0328544E7
-1.039568E7
-1.0443232E7
-1.0471912E7
-1.0482568E7
-1.0476264E7
-1.04542E7
-1.0417712E7
-1.0368304E7
-1.0307576E7
-1.0237184E7
-1.015888E7
-1.007444E7
-9985624.0
-9894176.0
-9801800.0
-9710072.0
-9620488.0
-9534384.0
-9452952.0
-9377152.0
-9307784.0
-9245408.0
-9190376.0
-9142784.0
-9102496.0
-9069168.0
-9042224.0
-9020896.0
-9004176.0
-8990952.0
-8979936.0
-8969712.0
-8958808.0
-8945672.0
-8928704.0
-8906344.0
-8877056.0
-8839344.0
-8791824.0
-8733216.0
-8662376.0
-8578304.0
-8480184.0
-8367368.0
-8239400.0
-8096024.0
-7937176.0
-7762960.0
-7573696.0
-7369872.0
-7152152.0
-6921336.0
-6678368.0
-6424328.0
-6160384.0
-5887784.0
-5607848.0
-5321912.0
-5031368.0
-4737576.0
-4441888.0
-4145616.0
-3850016.0
-3556272.0
-3265480.0
-2978632.0
-2696664.0
-2420336.0
-2150352.0
-1887280.0
-1631584.0
-1383632.0
-1143696.0
-912000.0
-688656.0
-473736.0
-267296.0
-69344.0
120112.0
301064.0
473480.0
637320.0
792480.0
938832.0
1076200.0
1204360.0
1323056.0
1431968.0
1530760.0
1619048.0
1696424.0
1762496.0
1816808.0
1858952.0
1888520.0
1905096.0
1908320.0
1897824.0
1873304.0
1834496.0
1781152.0
1713096.0
1630184.0
1532328.0
1419520.0
1291760.0
1149144.0
991800.0
819920.0
633736.0
433560.0
219712.0
-7392.0
-247368.0
-499744.0
-764064.0
-1039816.0
-1326520.0
-1623704.0
-1930856.0
-2247544.0
-2573304.0
-2907752.0
-3250496.0
-3601200.0
-3959560.0
-4325280.0
-4698112.0
-5077824.0
-5464176.0
-5856936.0
-6255904.0
-6660784.0
-7071328.0
-7487224.0
-7908096.0
-8333536.0
-8763104.0
-9196240.0
-9632368.0
-1.007084E7
-1.0510928E7
-1.0951832E7
-1.1392728E7
-1.1832696E7
-1.22708E7
-1.2706048E7
-1.3137384E7
-1.3563752E7
-1.3984056E7
-1.4397192E7
-1.480204E7
-1.5197488E7
-1.5582408E7
-1.5955704E7
-1.6316296E7
-1.6663128E7
-1.6995176E7
-1.7311472E7
-1.761108E7
-1.7893152E7
-1.8156872E7
-1.840152E7
-1.8626488E7
-1.8831224E7
-1.901532E7
-1.9178464E7
-1.9320472E7
-1.9441296E7
-1.9541024E7
-1.9619888E7
-1.9678264E7
-1.9716656E7
-1.9735712E7
-1.9736224E7
-1.971908E7
-1.9685288E7
-1.9635944E7
-1.9572232E7
-1.9495392E7
-1.9406696E7
-1.9307448E7
-1.919896E7
-1.9082512E7
-1.895936E7
-1.8830728E7
-1.8697752E7
-1.8561496E7
-1.8422976E7
-1.8283072E7
-1.8142568E7
-1.800216E7
-1.7862424E7
-1.7723792E7
-1.7586632E7
-1.7451152E7
-1.7317456E7
-1.7185536E7
-1.7055264E7
-1.6926416E7
-1.6798656E7
-1.6671536E7
-1.6544568E7
-1.6417136E7
-1.6288576E7
-1.6158208E7
-1.6025264E7
-1.5888976E7
-1.574856E7
-1.560328E7
-1.5452368E7
-1.5295136E7
-1.5130944E7
-1.4959216E7
-1.4779464E7
-1.4591296E7
-1.4394392E7
-1.4188584E7
-1.3973744E7
-1.3749928E7
-1.351724E7
-1.3275896E7
-1.3026232E7
-1.2768624E7
-1.2503568E7
-1.2231584E7
-1.195328E7
-1.1669248E7
-1.1380152E7
-1.108664E7
-1.0789368E7
-1.0488976E7
-1.0186088E7
-9881288.0
-9575136.0
-9268176.0
-8960864.0
-8653656.0
-8346952.0
-8041136.0
-7736536.0
-7433472.0
-7132232.0
-6833064.0
-6536240.0
-6241992.0
-5950528.0
-5662080.0
-5376848.0
-5095016.0
-4816784.0
-4542360.0
-4271896.0
-4005592.0
-3743632.0
-3486208.0
-3233504.0
-2985728.0
-2743096.0
-2505848.0
-2274224.0
-2048496.0
-1828936.0
-1615856.0
-1409576.0
-1210400.0
-1018672.0
-834704.0
-658816.0
-491312.0
-332464.0
-182528.0
-41688.0
89872.0
212064.0
324824.0
428168.0
522160.0
606952.0
682736.0
749808.0
808512.0
859296.0
902632.0
939120.0
969392.0
994168.0
1014232.0
1030432.0
1043672.0
1054904.0
1065120.0
1075328.0
1086568.0
1099880.0
1116272.0
1136736.0
1162192.0
1193520.0
1231512.0
1276856.0
1330128.0
1391792.0
1462176.0
1541448.0
1629656.0
1726712.0
1832352.0
1946208.0
2067736.0
2196320.0
2331192.0
2471536.0
2616392.0
2764800.0
2915736.0
3068152.0
3221008.0
3373272.0
3523976.0
3672176.0
3817024.0
3957776.0
4093760.0
4224424.0
4349360.0
4468240.0
4580896.0
4687264.0
4787392.0
4881448.0
4969680.0
5052448.0
5130136.0
5203232.0
5272240.0
5337696.0
5400136.0
5460096.0
5518120.0
5574680.0
5630256.0
5685256.0
5740040.0
5794912.0
5850112.0
5905824.0
5962136.0
6019120.0
6076704.0
6134808.0
6193240.0
6251752.0
6310032.0
6367672.0
6424240.0
6479216.0
6532032.0
6582080.0
6628720.0
6671272.0
6709072.0
6741440.0
6767704.0
6787248.0
6799512.0
6803992.0
6800256.0
6787984.0
6766976.0
6737120.0
6698448.0
6651112.0
6595368.0
6531640.0
6460408.0
6382280.0
6297928.0
6208096.0
6113544.0
6015088.0
5913496.0
5809504.0
5703800.0
5596968.0
5489512.0
5381784.0
5274016.0
5166288.0
5058520.0
4950488.0
4841800.0
4731960.0
4620328.0
4506152.0
4388632.0
4266872.0
4139984.0
4007072.0
3867272.0
3719784.0
3563880.0
3398984.0
3224608.0
3040464.0
2846400.0
2642456.0
2428856.0
2206024.0
1974536.0
1735184.0
1488888.0
1236768.0
980056.0
720112.0
458400.0
196456.0
-64104.0
-321640.0
-574488.0
-821000.0
-1059528.0
-1288480.0
-1506352.0
-1711688.0
-1903136.0
-2079456.0
-2239560.0
-2382472.0
-2507344.0
-2613520.0
-2700480.0
-2767856.0
-2815464.0
-2843248.0
-2851336.0
-2839968.0
-2809536.0
-2760560.0
-2693656.0
-2609576.0
-2509120.0
-2393168.0
-2262696.0
-2118688.0
-1962192.0
-1794256.0
-1615968.0
-1428408.0
-1232672.0
-1029816.0
-820920.0
-607008.0
-389088.0
-168136.0
54912.0
279176.0
503824.0
728080.0
951192.0
1172528.0
1391456.0
1607464.0
1820048.0
2028800.0
2233368.0
2433448.0
2628808.0
2819272.0
3004704.0
3185048.0
3360272.0
3530432.0
3695608.0
3855952.0
4011648.0
4162936.0
4310104.0
4453456.0
4593336.0
4730104.0
4864136.0
4995792.0
5125416.0
5253328.0
5379808.0
5505072.0
5629264.0
5752488.0
5874744.0
5995952.0
6115960.0
6234528.0
6351360.0
6466088.0
6578288.0
6687512.0
6793256.0
6895040.0
6992344.0
7084680.0
7171576.0
7252576.0
7327280.0
7395304.0
7456304.0
7509992.0
7556096.0
7594400.0
7624688.0
7646816.0
7660592.0
7665888.0
7662568.0
7650496.0
7629552.0
7599608.0
7560528.0
7512160.0
7454376.0
7387048.0
7310032.0
7223224.0
7126480.0
7019712.0
6902840.0
6775808.0
6638584.0
6491160.0
6333568.0
6165888.0
5988208.0
5800672.0
5603480.0
5396848.0
5181056.0
4956448.0
4723368.0
4482280.0
4233632.0
3978000.0
3715984.0
3448240.0
3175512.0
2898576.0
2618288.0
2335560.0
2051344.0
1766656.0
1482512.0
1199992.0
920144.0
644056.0
372760.0
107272.0
-151432.0
-402480.0
-645016.0
-878328.0
-1101768.0
-1314800.0
-1517008.0
-1708088.0
-1887864.0
-2056240.0
-2213264.0
-2359096.0
-2493968.0
-2618248.0
-2732376.0
-2836888.0
-2932400.0
-3019624.0
-3099312.0
-3172304.0
-3239528.0
-3301944.0
-3360576.0
-3416512.0
-3470880.0
-3524864.0
-3579688.0
-3636576.0
-3696800.0
-3761648.0
-3832400.0
-3910328.0
-3996712.0
-4092744.0
-4199640.0
-4318520.0
-4450456.0
-4596440.0
-4757384.0
-4934096.0
-5127288.0
-5337560.0
-5565384.0
-5811128.0
-6075008.0
-6357144.0
-6657496.0
-6975904.0
-7312072.0
-7665592.0
-8035896.0
-8422320.0
-8824072.0
-9240248.0
-9669824.0
-1.0111688E7
-1.0564616E7
-1.102732E7
-1.1498416E7
-1.1976464E7
-1.2459976E7
-1.2947408E7
-1.3437192E7
-1.3927744E7
-1.441748E7
-1.4904824E7
-1.538824E7
-1.5866216E7
-1.6337312E7
-1.6800128E7
-1.7253392E7
-1.7695872E7
-1.812648E7
-1.8544208E7
-1.89482E7
-1.9337696E7
-1.971208E7
-2.0070856E7
-2.0413712E7
-2.0740416E7
-2.105088E7
-2.1345176E7
-2.1623464E7
-2.1886032E7
-2.2133264E7
-2.2365616E7
-2.2583656E7
-2.2787976E7
-2.2979224E7
-2.3158072E7
-2.3325168E7
-2.3481184E7
-2.3626744E7
-2.3762448E7
-2.3888792E7
-2.4006248E7
-2.4115192E7
-2.4215912E7
-2.43086E7
-2.43934E7
-2.4470312E7
-2.453932E7
-2.460028E7
-2.465304E7
-2.4697392E7
-2.4733072E7
-2.4759856E7
-2.4777464E7
-2.478568E7
-2.478432E7
-2.47732E7
-2.475224E7
-2.4721392E7
-2.4680664E7
-2.4630144E7
-2.4569984E7
-2.450036E7
-2.4421528E7
-2.4333752E7
-2.4237352E7
-2.4132624E7
-2.4019896E7
-2.3899496E7
-2.3771704E7
-2.3636776E7
-2.3494944E7
-2.33464E7
-2.319128E7
-2.3029648E7
-2.2861568E7
-2.2686984E7
-2.2505848E7
-2.2318048E7
-2.2123432E7
-2.1921832E7
-2.1713064E7
-2.1496944E7
-2.1273296E7
-2.1041984E7
-2.0802896E7
-2.0556E7
-2.0301344E7
-2.0039056E7
-1.9769384E7
-1.949268E7
-1.9209448E7
-1.8920304E7
-1.8626016E7
-1.8327488E7
-1.8025752E7
-1.7721976E7
-1.7417448E7
-1.7113544E7
-1.681172E7
-1.6513512E7
-1.6220472E7
-1.5934176E7
-1.5656176E7
-1.5388E7
-1.513108E7
-1.4886792E7
-1.465636E7
-1.4440904E7
-1.4241352E7
-1.4058504E7
-1.389296E7
-1.3745144E7
-1.3615312E7
-1.3503528E7
-1.3409696E7
-1.3333568E7
-1.3274768E7
-1.3232768E7
-1.3207E7
-1.3196768E7
-1.3201336E7
-1.321996E7
-1.3251864E7
-1.3296256E7
-1.3352424E7
-1.341964E7
-1.349724E7
-1.3584616E7
-1.3681192E7
-1.3786496E7
-1.3900032E7
-1.4021392E7
-1.41502E7
-1.4286056E7
-1.4428616E7
-1.4577456E7
-1.4732192E7
-1.4892336E7
-1.5057368E7
-1.522668E7
-1.5399576E7
-1.5575264E7
-1.5752872E7
-1.5931376E7
-1.6109712E7
-1.6286672E7
-1.6460984E7
-1.663132E7
-1.6796264E7
-1.6954392E7
-1.7104264E7
-1.724444E7
-1.7373536E7
-1.7490216E7
-1.7593248E7
-1.7681496E7
-1.7753968E7
-1.7809824E7
-1.7848416E7
-1.7869272E7
-1.7872104E7
-1.7856864E7
-1.7823688E7
-1.7772952E7
-1.7705192E7
-1.7621168E7
-1.7521816E7
-1.7408248E7
-1.7281728E7
-1.7143624E7
-1.6995432E7
-1.6838736E7
-1.6675168E7
-1.6506416E7
-1.6334168E7
-1.616012E7
-1.5985928E7
-1.58132E7
-1.5643496E7
-1.547828E7
-1.531892E7
-1.5166704E7
-1.5022768E7
-1.4888152E7
-1.4763744E7
-1.4650328E7
-1.454852E7
-1.445884E7
-1.438164E7
-1.4317168E7
-1.4265536E7
-1.422676E7
-1.4200712E7
-1.4187176E7
-1.4185864E7
-1.4196352E7
-1.4218176E7
-1.4250784E7
-1.4293544E7
-1.4345792E7
-1.4406792E7
-1.44758E7
-1.4552016E7
-1.4634608E7
-1.4722752E7
-1.48156E7
-1.491232E7
-1.5012104E7
-1.511416E7
-1.5217712E7
-1.5322056E7
-1.5426544E7
-1.5530584E7
-1.563364E7
-1.5735304E7
-1.5835208E7
-1.5933088E7
-1.6028792E7
-1.6122216E7
-1.6213376E7
-1.6302376E7
-1.6389376E7
-1.6474608E7
-1.6558384E7
-1.664104E7
-1.672296E7
-1.6804528E7
-1.6886184E7
-1.6968304E7
-1.7051296E7
-1.7135512E7
-1.7221296E7
-1.7308904E7
-1.7398592E7
-1.7490504E7
-1.7584784E7
-1.7681464E7
-1.7780552E7
-1.7881984E7
-1.7985664E7
-1.8091392E7
-1.8198984E7
-1.8308192E7
-1.8418712E7
-1.853024E7
-1.8642416E7
-1.8754864E7
-1.8867208E7
-1.8979024E7
-1.9089872E7
-1.9199336E7
-1.9306944E7
-1.9412232E7
-1.9514728E7
-1.961396E7
-1.9709416E7
-1.98006E7
-1.9887008E7
-1.996812E7
-2.0043432E7
-2.0112392E7
-2.0174472E7
-2.0229128E7
-2.0275808E7
-2.0313968E7
-2.0343064E7
-2.036252E7
-2.0371808E7
-2.0370392E7
-2.0357752E7
-2.0333392E7
-2.0296848E7
-2.0247704E7
-2.0185568E7
-2.0110128E7
-2.0021104E7
-1.9918304E7
-1.9801608E7
-1.9670984E7
-1.952648E7
-1.9368216E7
-1.9196424E7
-1.9011432E7
-1.881364E7
-1.860356E7
-1.838176E7
-1.8148936E7
-1.7905824E7
-1.7653256E7
-1.7392128E7
-1.7123416E7
-1.684812E7
-1.656732E7
-1.6282128E7
-1.599368E7
-1.570316E7
-1.541176E7
-1.5120688E7
-1.4831152E7
-1.4544352E7
-1.4261472E7
-1.3983696E7
-1.3712152E7
-1.3447944E7
-1.319216E7
-1.29458E7
-1.270984E7
-1.2485216E7
-1.22728E7
-1.2073424E7
-1.1887856E7
-1.1716832E7
-1.1561032E7
-1.1421112E7
-1.1297664E7
-1.1191232E7
-1.110236E7
-1.1031496E7
-1.0979096E7
-1.094552E7
-1.0931096E7
-1.0936088E7
-1.0960696E7
-1.1005024E7
-1.106912E7
-1.1152912E7
-1.1256264E7
-1.1378904E7
-1.1520472E7
-1.1680504E7
-1.1858424E7
-1.2053544E7
-1.2265104E7
-1.249224E7
-1.2734008E7
-1.29894E7
-1.3257336E7
-1.3536688E7
-1.3826312E7
-1.4124992E7
-1.4431536E7
-1.4744704E7
-1.5063256E7
-1.5385952E7
-1.5711552E7
-1.6038832E7
-1.6366544E7
-1.6693464E7
-1.7018392E7
-1.7340128E7
-1.7657504E7
-1.7969352E7
-1.8274568E7
-1.8572056E7
-1.8860784E7
-1.913976E7
-1.9408048E7
-1.966476E7
-1.9909096E7
-2.0140304E7
-2.0357736E7
-2.0560784E7
-2.0748952E7
-2.0921792E7
-2.1078968E7
-2.12202E7
-2.1345312E7
-2.14542E7
-2.1546856E7
-2.1623376E7
-2.1683936E7
-2.1728824E7
-2.1758424E7
-2.177324E7
-2.1773896E7
-2.176112E7
-2.1735752E7
-2.1698776E7
-2.1651256E7
-2.1594384E7
-2.1529432E7
-2.1457792E7
-2.1380888E7
-2.1300216E7
-2.1217288E7
-2.1133632E7
-2.1050792E7
-2.0970232E7
-2.0893384E7
-2.0821584E7
-2.0756064E7
-2.0697968E7
-2.0648256E7
-2.0607792E7
-2.057724E7
-2.0557168E7
-2.0547936E7
-2.0549784E7
-2.0562816E7
-2.0587016E7
-2.0622224E7
-2.0668248E7
-2.0724768E7
-2.0791456E7
-2.0867936E7
-2.0953792E7
-2.104868E7
-2.1152216E7
-2.1264096E7
-2.1384032E7
-2.151184E7
-2.164732E7
-2.1790424E7
-2.1941072E7
-2.209932E7
-2.2265192E7
-2.2438824E7
-2.2620304E7
-2.2809776E7
-2.300736E7
-2.3213168E7
-2.3427272E7
-2.3649688E7
-2.3880416E7
-2.4119336E7
-2.4366296E7
-2.462104E7
-2.4883224E7
-2.515244E7
-2.542816E7
-2.5709784E7
-2.5996624E7
-2.6287912E7
-2.6582776E7
-2.6880296E7
-2.717948E7
-2.7479288E7
-2.7778576E7
-2.8076208E7
-2.8370976E7
-2.8661648E7
-2.8946952E7
-2.9225624E7
-2.9496336E7
-2.9757784E7
-3.0008656E7
-3.0247632E7
-3.0473408E7
-3.0684672E7
-3.088016E7
-3.1058616E7
-3.1218832E7
-3.1359592E7
-3.1479784E7
-3.157832E7
-3.1654168E7
-3.1706368E7
-3.1734032E7
-3.1736352E7
-3.1712568E7
-3.1662032E7
-3.1584176E7
-3.1478496E7
-3.13446E7
-3.118216E7
-3.0990928E7
-3.0770752E7
-3.0521552E7
-3.0243336E7
-2.9936184E7
-2.960024E7
-2.9235776E7
-2.8843096E7
-2.8422592E7
-2.7974744E7
-2.750012E7
-2.6999376E7
-2.6473248E7
-2.5922576E7
-2.534828E7
-2.47514E7
-2.4133056E7
-2.3494496E7
-2.283704E7
-2.2162128E7
-2.1471304E7
-2.0766168E7
-2.0048448E7
-1.9319888E7
-1.8582352E7
-1.7837688E7
-1.7087784E7
-1.6334552E7
-1.557984E7
-1.482552E7
-1.4073336E7
-1.3324976E7
-1.258204E7
-1.1845984E7
-1.111816E7
-1.0399728E7
-9691736.0
-8995032.0
-8310328.0
-7638136.0
-6978832.0
-6332640.0
-5699592.0
-5079640.0
-4472560.0
-3878064.0
-3295752.0
-2725136.0
-2165696.0
-1616864.0
-1078032.0
-548608.0
-28000.0
484352.0
988984.0
1486360.0
1976864.0
2460840.0
2938528.0
3410064.0
3875488.0
4334752.0
4787696.0
5234032.0
5673392.0
6105312.0
6529224.0
6944496.0
7350416.0
7746248.0
8131184.0
8504432.0
8865200.0
9212704.0
9546224.0
9865096.0
1.0168712E7
1.0456584E7
1.0728296E7
1.098356E7
1.1222184E7
1.1444104E7
1.1649352E7
1.1838072E7
1.2010496E7
1.2166952E7
1.230784E7
1.2433624E7
1.2544792E7
1.264188E7
1.2725456E7
1.2796064E7
1.2854256E7
1.290056E7
1.293548E7
1.2959448E7
1.2972896E7
1.2976184E7
1.2969648E7
1.2953544E7
1.2928112E7
1.2893544E7
1.2850008E7
1.2797624E7
1.273652E7
1.2666808E7
1.2588576E7
1.2501944E7
1.2407032E7
1.2303936E7
1.2192808E7
1.20738E7
1.1947032E7
1.181268E7
1.167088E7
1.1521784E7
1.1365496E7
1.1202136E7
1.103176E7
1.0854416E7
1.0670096E7
1.0478776E7
1.028036E7
1.0074744E7
9861760.0
9641240.0
9412960.0
9176704.0
8932232.0
8679312.0
8417728.0
8147264.0
7867760.0
7579072.0
7281088.0
6973784.0
6657168.0
6331312.0
5996376.0
5652568.0
5300184.0
4939600.0
4571288.0
4195800.0
3813760.0
3425920.0
3033096.0
2636232.0
2236352.0
1834576.0
1432120.0
1030280.0
630440.0
234040.0
-157400.0
-542352.0
-919232.0
-1286496.0
-1642576.0
-1985944.0
-2315136.0
-2628744.0
-2925472.0
-3204088.0
-3463512.0
-3702760.0
-3920984.0
-4117456.0
-4291576.0
-4442864.0
-4570952.0
-4675600.0
-4756624.0
-4813968.0
-4847632.0
-4857688.0
-4844272.0
-4807592.0
-4747904.0
-4665520.0
-4560808.0
-4434192.0
-4286184.0
-4117352.0
-3928328.0
-3719840.0
-3492720.0
-3247864.0
-2986256.0
-2709000.0
-2417248.0
-2112232.0
-1795264.0
-1467680.0
-1130864.0
-786240.0
-435160.0
-79032.0
280808.0
643128.0
1006680.0
1370392.0
1733216.0
2094272.0
2452760.0
2808016.0
3159464.0
3506688.0
3849344.0
4187184.0
4520088.0
4847976.0
5170888.0
5488904.0
5802144.0
6110824.0
6415160.0
6715424.0
7011928.0
7305000.0
7594976.0
7882272.0
8167288.0
8450448.0
8732216.0
9013064.0
9293488.0
9573992.0
9855088.0
1.0137304E7
1.0421152E7
1.0707128E7
1.0995728E7
1.1287384E7
1.1582504E7
1.188144E7
1.218448E7
1.2491816E7
1.2803584E7
1.3119792E7
1.3440376E7
1.3765152E7
1.4093824E7
1.4425984E7
1.4761136E7
1.5098648E7
1.5437824E7
1.5777856E7
1.6117864E7
1.645688E7
1.6793912E7
1.712788E7
1.7457688E7
1.7782232E7
1.8100376E7
1.8410968E7
1.8712912E7
1.9005096E7
1.9286456E7
1.9555968E7
1.9812672E7
2.0055656E7
2.028408E7
2.04972E7
2.069436E7
2.0875016E7
2.1038704E7
2.1185128E7
2.131408E7
2.1425496E7
2.1519464E7
2.15962E7
2.1656056E7
2.1699528E7
2.1727256E7
2.1739968E7
2.1738544E7
2.1723952E7
2.169724E7
2.1659536E7
2.1612E7
2.1555872E7
2.149236E7
2.1422712E7
2.1348144E7
2.126984E7
2.118896E7
2.1106608E7
2.1023808E7
2.094156E7
2.0860776E7
2.0782296E7
2.0706888E7
2.0635288E7
2.0568136E7
2.0505992E7
2.04494E7
2.0398816E7
2.0354648E7
2.0317264E7
2.0286952E7
2.0263936E7
2.024844E7
2.0240568E7
2.02404E7
2.0247936E7
2.0263128E7
2.028584E7
2.0315872E7
2.0352944E7
2.0396712E7
2.0446736E7
2.0502504E7
2.0563432E7
2.062884E7
2.0697968E7
2.0770008E7
2.0844064E7
2.0919176E7
2.0994312E7
2.1068416E7
2.1140376E7
2.120904E7
2.1273248E7
2.1331824E7
2.1383584E7
2.1427368E7
2.146204E7
2.1486496E7
2.1499688E7
2.1500616E7
2.1488392E7
2.1462168E7
2.1421224E7
2.1364944E7
2.1292832E7
2.1204488E7
2.109968E7
2.097828E7
2.084032E7
2.0685952E7
2.0515496E7
2.0329352E7
2.0128088E7
1.9912392E7
1.968304E7
1.9440896E7
1.9186936E7
1.8922184E7
1.8647712E7
1.8364616E7
1.8074016E7
1.7777016E7
1.7474688E7
1.7168064E7
1.6858152E7
1.6545832E7
1.623196E7
1.5917272E7
1.5602432E7
1.5288032E7
1.4974528E7
1.4662344E7
1.4351808E7
1.40432E7
1.3736712E7
1.3432528E7
1.3130776E7
1.2831576E7
1.2535032E7
1.2241264E7
1.1950368E7
1.1662488E7
1.13778E7
1.109648E7
1.0818776E7
1.0544976E7
1.02754E7
1.0010432E7
9750496.0
9496080.0
9247720.0
9005976.0
8771472.0
8544864.0
8326832.0
8118072.0
7919280.0
7731160.0
7554408.0
7389688.0
7237624.0
7098784.0
6973664.0
6862728.0
6766328.0
6684712.0
6618056.0
6566424.0
6529776.0
6507968.0
6500760.0
6507808.0
6528664.0
6562824.0
6609688.0
6668592.0
6738832.0
6819648.0
6910272.0
7009896.0
7117720.0
7232936.0
7354760.0
7482416.0
7615160.0
7752256.0
7893008.0
8036768.0
8182904.0
8330808.0
8479920.0
8629696.0
8779632.0
8929248.0
9078104.0
9225768.0
9371872.0
9516056.0
9658024.0
9797488.0
9934240.0
1.0068104E7
1.0198936E7
1.032668E7
1.0451296E7
1.0572816E7
1.0691336E7
1.0806968E7
1.0919904E7
1.1030344E7
1.1138544E7
1.1244768E7
1.1349312E7
1.1452488E7
1.1554584E7
1.1655888E7
1.1756688E7
1.1857216E7
1.1957696E7
1.2058288E7
1.215912E7
1.2260248E7
1.2361656E7
1.2463288E7
1.2564984E7
1.2666552E7
1.2767696E7
1.2868032E7
1.2967152E7
1.3064544E7
1.3159648E7
1.3251832E7
1.3340456E7
1.3424816E7
1.35042E7
1.3577872E7
1.364512E7
1.3705232E7
1.3757528E7
1.3801384E7
1.3836208E7
1.386148E7
1.3876776E7
1.3881712E7
1.3876008E7
1.3859456E7
1.383192E7
1.3793368E7
1.3743824E7
1.368336E7
1.3612128E7
1.353032E7
1.343816E7
1.3335912E7
1.322384E7
1.310224E7
1.29714E7
1.28316E7
1.2683136E7
1.2526272E7
1.2361272E7
1.2188392E7
1.200788E7
1.1819976E7
1.1624912E7
1.1422936E7
1.1214312E7
1.0999304E7
1.0778208E7
1.0551352E7
1.0319096E7
1.0081848E7
9840096.0
9594344.0
9345184.0
9093288.0
8839384.0
8584280.0
8328872.0
8074088.0
7820968.0
7570576.0
7324032.0
7082480.0
6847096.0
6619032.0
6399432.0
6189392.0
5989952.0
5802048.0
5626544.0
5464136.0
5315432.0
5180848.0
5060648.0
4954936.0
4863632.0
4786488.0
4723080.0
4672840.0
4635048.0
4608856.0
4593288.0
4587280.0
4589712.0
4599400.0
4615120.0
4635664.0
4659824.0
4686400.0
4714272.0
4742360.0
4769664.0
4795232.0
4818232.0
4837872.0
4853472.0
4864424.0
4870184.0
4870272.0
4864280.0
4851832.0
4832608.0
4806312.0
4772680.0
4731456.0
4682440.0
4625384.0
4560104.0
4486408.0
4404096.0
4313024.0
4213056.0
4104064.0
3985968.0
3858728.0
3722344.0
3576872.0
3422416.0
3259152.0
3087304.0
2907192.0
2719168.0
2523656.0
2321176.0
2112272.0
1897568.0
1677728.0
1453448.0
1225472.0
994568.0
761488.0
527016.0
291920.0
56928.0
-177232.0
-409896.0
-640432.0
-868256.0
-1092848.0
-1313712.0
-1530424.0
-1742624.0
-1949952.0
-2152120.0
-2348816.0
-2539800.0
-2724776.0
-2903480.0
-3075584.0
-3240752.0
-3398576.0
-3548608.0
-3690320.0
-3823112.0
-3946312.0
-4059168.0
-4160848.0
-4250472.0
-4327072.0
-4389640.0
-4437168.0
-4468576.0
-4482832.0
-4478920.0
-4455824.0
-4412632.0
-4348504.0
-4262704.0
-4154584.0
-4023664.0
-3869592.0
-3692184.0
-3491424.0
-3267456.0
-3020648.0
-2751496.0
-2460728.0
-2149240.0
-1818112.0
-1468608.0
-1102120.0
-720248.0
-324680.0
82728.0
500056.0
925288.0
1356352.0
1791144.0
2227552.0
2663496.0
3096928.0
3525880.0
3948496.0
4363000.0
4767768.0
5161336.0
5542368.0
5909736.0
6262456.0
6599696.0
6920840.0
7225384.0
7513024.0
7783560.0
8036928.0
8273192.0
8492520.0
8695152.0
8881408.0
9051680.0
9206384.0
9345976.0
9470928.0
9581752.0
9678944.0
9762976.0
9834360.0
9893560.0
9941048.0
9977256.0
1.0002632E7
1.0017576E7
1.002252E7
1.0017848E7
1.000396E7
9981232.0
9950056.0
9910808.0
9863888.0
9809664.0
9748536.0
9680896.0
9607144.0
9527680.0
9442928.0
9353304.0
9259224.0
9161144.0
9059504.0
8954776.0
8847432.0
8737984.0
8626968.0
8514920.0
8402416.0
8290056.0
8178480.0
8068336.0
7960288.0
7855032.0
7753248.0
7655640.0
7562880.0
7475632.0
7394512.0
7320088.0
7252872.0
7193304.0
7141704.0
7098328.0
7063296.0
7036616.0
7018176.0
7007728.0
7004920.0
7009248.0
7020112.0
7036800.0
7058520.0
7084368.0
7113400.0
7144632.0
7177040.0
7209592.0
7241280.0
7271096.0
7298096.0
7321392.0
7340192.0
7353728.0
7361376.0
7362600.0
7356936.0
7344064.0
7323728.0
7295784.0
7260192.0
7216968.0
7166240.0
7108200.0
7043112.0
6971312.0
6893168.0
6809144.0
6719720.0
6625448.0
6526912.0
6424752.0
6319632.0
6212288.0
6103448.0
5993920.0
5884496.0
5775992.0
5669280.0
5565200.0
5464584.0
5368288.0
5277120.0
5191856.0
5113264.0
5042040.0
4978816.0
4924176.0
4878648.0
4842672.0
4816608.0
4800768.0
4795352.0
4800528.0
4816376.0
4842928.0
4880152.0
4927976.0
4986296.0
5054984.0
5133872.0
5222800.0
5321608.0
5430104.0
5548120.0
5675480.0
5811992.0
5957480.0
6111720.0
6274488.0
6445504.0
6624472.0
6811008.0
7004672.0
7204944.0
7411216.0
7622776.0
7838832.0
8058456.0
8280656.0
8504344.0
8728328.0
8951360.0
9172120.0
9389272.0
9601448.0
9807280.0
1.0005408E7
1.0194568E7
1.0373488E7
1.054104E7
1.0696184E7
1.0837968E7
1.0965616E7
1.1078488E7
1.1176064E7
1.1258024E7
1.132416E7
1.1374472E7
1.140908E7
1.142828E7
1.1432488E7
1.1422296E7
1.1398376E7
1.1361568E7
1.1312768E7
1.1253008E7
1.1183344E7
1.1104968E7
1.1019048E7
1.0926832E7
1.0829592E7
1.0728576E7
1.0625048E7
1.052024E7
1.041536E7
1.031156E7
1.0209952E7
1.0111568E7
1.0017376E7
9928240.0
9844984.0
9768312.0
9698832.0
9637080.0
9583480.0
9538392.0
9502056.0
9474664.0
9456304.0
9447000.0
9446712.0
9455328.0
9472704.0
9498640.0
9532880.0
9575168.0
9625200.0
9682648.0
9747192.0
9818480.0
9896168.0
9979904.0
1.0069352E7
1.0164168E7
1.0264024E7
1.0368608E7
1.0477632E7
1.05908E7
1.0707856E7
1.082856E7
1.0952696E7
1.1080088E7
1.1210584E7
1.1344032E7
1.1480344E7
1.1619448E7
1.1761296E7
1.190584E7
1.2053072E7
1.2202992E7
1.235556E7
1.2510752E7
1.2668544E7
1.2828816E7
1.2991464E7
1.3156288E7
1.3323072E7
1.3491512E7
1.3661224E7
1.3831784E7
1.4002688E7
1.4173392E7
1.434328E7
1.451172E7
1.467804E7
1.48416E7
1.5001728E7
1.5157824E7
1.5309328E7
1.545572E7
1.5596608E7
1.5731688E7
1.5860744E7
1.598372E7
1.6100648E7
1.6211696E7
1.6317176E7
1.641748E7
1.6513128E7
1.660472E7
1.6692936E7
1.6778488E7
1.686212E7
1.69446E7
1.7026664E7
1.7108984E7
1.7192184E7
1.7276784E7
1.7363192E7
1.745168E7
1.7542384E7
1.7635256E7
1.7730104E7
1.7826536E7
1.7924E7
1.8021776E7
1.8118968E7
1.8214536E7
1.8307304E7
1.839596E7
1.8479128E7
1.8555336E7
1.8623088E7
1.868084E7
1.8727112E7
1.8760416E7
1.8779376E7
1.8782712E7
1.8769256E7
1.8738032E7
1.8688216E7
1.86192E7
1.8530584E7
1.8422216E7
1.829416E7
1.8146744E7
1.798052E7
1.7796296E7
1.7595072E7
1.7378104E7
1.7146784E7
1.6902704E7
1.6647584E7
1.6383232E7
1.6111552E7
1.5834456E7
1.5553904E7
1.5271784E7
1.4989936E7
1.4710104E7
1.4433904E7
1.4162824E7
1.3898152E7
1.3641024E7
1.339236E7
1.3152896E7
1.2923152E7
1.2703472E7
1.2494E7
1.2294688E7
1.2105368E7
1.1925696E7
1.1755216E7
1.1593376E7
1.1439512E7
1.1292952E7
1.1152928E7
1.1018656E7
1.0889376E7
1.0764288E7
1.0642616E7
1.05236E7
1.0406544E7
1.0290752E7
1.0175576E7
1.0060424E7
9944760.0
9828096.0
9710024.0
9590208.0
9468400.0
9344416.0
9218224.0
9089872.0
8959536.0
8827528.0
8694304.0
8560448.0
8426696.0
8293904.0
8163080.0
8035328.0
7911872.0
7794008.0
7683080.0
7580464.0
7487528.0
7405608.0
7335944.0
7279712.0
7237920.0
7211424.0
7200896.0
7206776.0
7229288.0
7268448.0
7324008.0
7395496.0
7482248.0
7583376.0
7697824.0
7824400.0
7961816.0
8108680.0
8263576.0
8425112.0
8591872.0
8762568.0
8935960.0
9110952.0
9286592.0
9462032.0
9636616.0
9809816.0
9981264.0
1.015072E7
1.0318056E7
1.0483256E7
1.0646368E7
1.0807528E7
1.0966888E7
1.1124608E7
1.1280896E7
1.1435904E7
1.15898E7
1.1742696E7
1.189468E7
1.2045816E7
1.2196144E7
1.234568E7
1.2494424E7
1.2642376E7
1.2789568E7
1.2936E7
1.3081736E7
1.3226864E7
1.3371488E7
1.3515784E7
1.365992E7
1.3804136E7
1.394868E7
1.4093808E7
1.4239824E7
1.4387E7
1.4535632E7
1.4685968E7
1.4838272E7
1.499276E7
1.5149616E7
1.5308992E7
1.5471E7
1.5635728E7
1.5803216E7
1.5973464E7
1.6146472E7
1.6322184E7
1.6500544E7
1.6681472E7
1.6864872E7
1.7050656E7
1.7238704E7
1.7428912E7
1.7621152E7
1.781528E7
1.8011144E7
1.8208568E7
1.8407344E7
1.8607216E7
1.8807888E7
1.9009024E7
1.9210184E7
1.9410888E7
1.9610568E7
1.9808568E7
2.0004168E7
2.0196528E7
2.0384792E7
2.0568008E7
2.0745168E7
2.0915256E7
2.1077216E7
2.123004E7
2.137272E7
2.1504352E7
2.162408E7
2.1731208E7
2.1825168E7
2.1905536E7
2.1972128E7
2.2024904E7
2.206408E7
2.2090048E7
2.2103424E7
2.2105032E7
2.2095872E7
2.2077104E7
2.2050048E7
2.2016104E7
2.197676E7
2.1933536E7
2.188796E7
2.1841512E7
2.17956E7
2.175152E7
2.1710424E7
2.1673296E7
2.1640936E7
2.1613912E7
2.1592568E7
2.1577024E7
2.156716E7
2.1562608E7
2.1562784E7
2.156688E7
2.1573896E7
2.1582656E7
2.1591816E7
2.1599912E7
2.1605376E7
2.160656E7
2.1601776E7
2.1589336E7
2.1567528E7
2.153472E7
2.1489304E7
2.1429808E7
2.13548E7
2.1263016E7
2.115332E7
2.1024704E7
2.0876336E7
2.0707504E7
2.051768E7
2.0306456E7
2.0073616E7
1.9819048E7
1.9542784E7
1.9245016E7
1.8926E7
1.858616E7
1.8226008E7
1.7846128E7
1.7447248E7
1.7030152E7
1.6595688E7
1.6144824E7
1.5678552E7
1.5197976E7
1.4704224E7
1.4198512E7
1.3682072E7
1.315624E7
1.2622344E7
1.2081808E7
1.153604E7
1.0986544E7
1.0434824E7
9882392.0
9330856.0
8781776.0
8236760.0
7697440.0
7165416.0
6642304.0
6129720.0
5629240.0
5142400.0
4670696.0
4215584.0
3778432.0
3360512.0
2963008.0
2586976.0
2233376.0
1902992.0
1596464.0
1314280.0
1056744.0
823992.0
615968.0
432440.0
273000.0
137056.0
23848.0
-67528.0
-138152.0
-189192.0
-221960.0
-237848.0
-238296.0
-224832.0
-198984.0
-162280.0
-116224.0
-62312.0
-1936.0
63552.0
132952.0
205128.0
279064.0
353896.0
428880.0
503400.0
576968.0
649224.0
719920.0
788888.0
856064.0
921464.0
985104.0
1047096.0
1107512.0
1166464.0
1224024.0
1280232.0
1335120.0
1388632.0
1440696.0
1491176.0
1539904.0
1586656.0
1631168.0
1673184.0
1712408.0
1748576.0
1781400.0
1810632.0
1836088.0
1857608.0
1875080.0
1888496.0
1897896.0
1903384.0
1905208.0
1903632.0
1899064.0
1891960.0
1882888.0
1872488.0
1861496.0
1850696.0
1840960.0
1833208.0
1828408.0
1827560.0
1831704.0
1841856.0
1859016.0
1884176.0
1918240.0
1962080.0
2016432.0
2081960.0
2159176.0
2248472.0
2350088.0
2464088.0
2590408.0
2728816.0
2878936.0
3040240.0
3212072.0
3393688.0
3584200.0
3782672.0
3988112.0
4199480.0
4415696.0
4635704.0
4858456.0
5082920.0
5308080.0
5533000.0
5756784.0
5978576.0
6197576.0
6413080.0
6624392.0
6830896.0
7032008.0
7227240.0
7416088.0
7598152.0
7773024.0
7940376.0
8099880.0
8251296.0
8394360.0
8528904.0
8654760.0
8771832.0
8880024.0
8979304.0
9069696.0
9151248.0
9224056.0
9288272.0
9344056.0
9391640.0
9431248.0
9463168.0
9487680.0
9505072.0
9515616.0
9519608.0
9517272.0
9508832.0
9494440.0
9474216.0
9448216.0
9416432.0
9378808.0
9335248.0
9285576.0
9229616.0
9167144.0
9097944.0
9021808.0
8938552.0
8848048.0
8750240.0
8645120.0
8532808.0
8413544.0
8287656.0
8155632.0
8018072.0
7875696.0
7729376.0
7580056.0
7428808.0
7276768.0
7125160.0
6975208.0
6828168.0
6685272.0
6547728.0
6416648.0
6293056.0
6177880.0
6071856.0
5975600.0
5889536.0
5813872.0
5748664.0
5693728.0
5648696.0
5613008.0
5585936.0
5566560.0
5553872.0
5546688.0
5543792.0
5543880.0
5545656.0
5547816.0
5549104.0
5548344.0
5544464.0
5536536.0
5523768.0
5505536.0
5481416.0
5451168.0
5414720.0
5372208.0
5323952.0
5270416.0
5212224.0
5150120.0
5084944.0
5017648.0
4949184.0
4880560.0
4812768.0
4746744.0
4683400.0
4623520.0
4567800.0
4516808.0
4470944.0
4430472.0
4395464.0
4365840.0
4341336.0
4321536.0
4305840.0
4293528.0
4283744.0
4275536.0
4267840.0
4259568.0
4249568.0
4236672.0
4219752.0
4197688.0
4169440.0
4134024.0
4090552.0
4038240.0
3976432.0
3904576.0
3822256.0
3729176.0
3625184.0
3510224.0
3384376.0
3247816.0
3100808.0
2943736.0
2777016.0
2601152.0
2416688.0
2224208.0
2024304.0
1817616.0
1604736.0
1386296.0
1162880.0
935072.0
703424.0
468448.0
230656.0
-9488.0
-251544.0
-495080.0
-739688.0
-984944.0
-1230448.0
-1475784.0
-1720512.0
-1964176.0
-2206280.0
-2446328.0
-2683744.0
-2917960.0
-3148352.0
-3374272.0
-3595056.0
-3810024.0
-4018520.0
-4219888.0
-4413504.0
-4598816.0
-4775336.0
-4942656.0
-5100496.0
-5248704.0
-5387256.0
-5516296.0
-5636120.0
-5747200.0
-5850184.0
-5945864.0
-6035208.0
-6119296.0
-6199344.0
-6276664.0
-6352640.0
-6428680.0
-6506200.0
-6586584.0
-6671176.0
-6761200.0
-6857760.0
-6961808.0
-7074112.0
-7195248.0
-7325544.0
-7465136.0
-7613896.0
-7771480.0
-7937296.0
-8110536.0
-8290200.0
-8475096.0
-8663840.0
-8854976.0
-9046880.0
-9237904.0
-9426320.0
-9610424.0
-9788552.0
-9959048.0
-1.0120408E7
-1.0271208E7
-1.0410208E7
-1.0536336E7
-1.0648696E7
-1.0746632E7
-1.082968E7
-1.089764E7
-1.095052E7
-1.0988568E7
-1.1012232E7
-1.102216E7
-1.1019192E7
-1.1004336E7
-1.0978688E7
-1.0943472E7
-1.0899952E7
-1.0849448E7
-1.0793256E7
-1.0732632E7
-1.0668784E7
-1.0602768E7
-1.0535576E7
-1.0468008E7
-1.0400728E7
-1.0334192E7
-1.0268704E7
-1.0204352E7
-1.0141048E7
-1.007852E7
-1.0016312E7
-9953840.0
-9890344.0
-9824976.0
-9756776.0
-9684688.0
-9607632.0
-9524480.0
-9434096.0
-9335336.0
-9227120.0
-9108384.0
-8978120.0
-8835384.0
-8679344.0
-8509216.0
-8324320.0
-8124080.0
-7908024.0
-7675768.0
-7427056.0
-7161728.0
-6879728.0
-6581144.0
-6266152.0
-5935056.0
-5588256.0
-5226296.0
-4849800.0
-4459528.0
-4056312.0
-3641120.0
-3214968.0
-2779000.0
-2334376.0
-1882360.0
-1424272.0
-961440.0
-495248.0
-27080.0
441672.0
909608.0
1375344.0
1837528.0
2294832.0
2745944.0
3189600.0
3624600.0
4049744.0
4463912.0
4866016.0
5255008.0
5629904.0
5989744.0
6333632.0
6660712.0
6970184.0
7261288.0
7533328.0
7785664.0
8017736.0
8229040.0
8419160.0
8587752.0
8734576.0
8859496.0
8962464.0
9043552.0
9102944.0
9140936.0
9157928.0
9154448.0
9131128.0
9088688.0
9027936.0
8949776.0
8855168.0
8745136.0
8620720.0
8483008.0
8333096.0
8172064.0
8000960.0
7820848.0
7632704.0
7437472.0
7236056.0
7029264.0
6817880.0
6602608.0
6384096.0
6162936.0
5939688.0
5714832.0
5488864.0
5262200.0
5035288.0
4808504.0
4582264.0
4356928.0
4132872.0
3910464.0
3690048.0
3471952.0
3256496.0
3043944.0
2834560.0
2628512.0
2425984.0
2227048.0
2031736.0
1840016.0
1651784.0
1466880.0
1285064.0
1106032.0
929440.0
754896.0
581952.0
410136.0
238968.0
67936.0
-103448.0
-275704.0
-449288.0
-624664.0
-802240.0
-982400.0
-1165480.0
-1351744.0
-1541424.0
-1734664.0
-1931568.0
-2132144.0
-2336336.0
-2544008.0
-2754936.0
-2968808.0
-3185216.0
-3403712.0
-3623704.0
-3844560.0
-4065544.0
-4285864.0
-4504680.0
-4721056.0
-4934080.0
-5142768.0
-5346152.0
-5543264.0
-5733136.0
-5914856.0
-6087528.0
-6250352.0
-6402544.0
-6543416.0
-6672320.0
-6788712.0
-6892096.0
-6982032.0
-7058160.0
-7120152.0
-7167728.0
-7200640.0
-7218680.0
-7221672.0
-7209440.0
-7181856.0
-7138816.0
-7080240.0
-7006088.0
-6916376.0
-6811160.0
-6690608.0
-6554912.0
-6404392.0
-6239464.0
-6060648.0
-5868584.0
-5664016.0
-5447824.0
-5220992.0
-4984608.0
-4739848.0
-4487984.0
-4230352.0
-3968304.0
-3703240.0
-3436560.0
-3169616.0
-2903720.0
-2640096.0
-2379864.0
-2124048.0
-1873496.0
-1628928.0
-1390880.0
-1159760.0
-935760.0
-718936.0
-509176.0
-306240.0
-109792.0
80632.0
265568.0
445560.0
621184.0
793008.0
961536.0
1127224.0
1290456.0
1451464.0
1610424.0
1767336.0
1922112.0
2074520.0
2224216.0
2370752.0
2513584.0
2652080.0
2785576.0
2913328.0
3034592.0
3148616.0
3254624.0
3351896.0
3439720.0
3517424.0
3584376.0
3640000.0
3683728.0
3715088.0
3733608.0
3738896.0
3730568.0
3708320.0
3671880.0
3621040.0
3555640.0
3475608.0
3380952.0
3271768.0
3148288.0
3010832.0
2859872.0
2696016.0
2520048.0
2332864.0
2135560.0
1929360.0
1715640.0
1495912.0
1271824.0
1045080.0
817512.0
590984.0
367384.0
148608.0
-63480.0
-267072.0
-460456.0
-642008.0
-810240.0
-963808.0
-1101536.0
-1222432.0
-1325640.0
-1410544.0
-1476648.0
-1523656.0
-1551456.0
-1560032.0
-1549544.0
-1520272.0
-1472568.0
-1406912.0
-1323816.0
-1223880.0
-1107728.0
-976024.0
-829440.0
-668688.0
-494464.0
-307488.0
-108456.0
101896.0
322856.0
553720.0
793776.0
1042280.0
1298544.0
1561848.0
1831480.0
2106728.0
2386896.0
2671280.0
2959184.0
3249920.0
3542816.0
3837200.0
4132392.0
4427752.0
4722600.0
5016312.0
5308240.0
5597744.0
5884208.0
6167016.0
6445576.0
6719296.0
6987640.0
7250056.0
7506056.0
7755168.0
7996992.0
8231144.0
8457312.0
8675248.0
8884752.0
9085688.0
9278008.0
9461728.0
9636936.0
9803800.0
9962552.0
1.0113496E7
1.0257016E7
1.039356E7
1.05236E7
1.0647704E7
1.0766464E7
1.0880496E7
1.0990448E7
1.1096976E7
1.120072E7
1.130232E7
1.1402352E7
1.1501376E7
1.1599856E7
1.1698224E7
1.1796768E7
1.1895744E7
1.1995272E7
1.2095384E7
1.2196032E7
1.2297064E7
1.2398272E7
1.2499352E7
1.2599976E7
1.26998E7
1.2798456E7
1.2895576E7
1.2990872E7
1.3084048E7
1.3174928E7
1.3263368E7
1.3349376E7
1.3432992E7
1.35144E7
1.3593864E7
1.3671728E7
1.374844E7
1.382452E7
1.3900512E7
1.397704E7
1.405472E7
1.41342E7
1.4216096E7
1.4301E7
1.4389464E7
1.448196E7
1.4578912E7
1.4680616E7
1.4787296E7
1.4899064E7
1.5015896E7
1.5137672E7
1.526416E7
1.5394984E7
1.552968E7
1.566768E7
1.5808328E7
1.5950888E7
1.6094536E7
1.623844E7
1.6381696E7
1.6523424E7
1.6662696E7
1.6798632E7
1.693036E7
1.7057064E7
1.717796E7
1.7292344E7
1.7399568E7
1.7499048E7
1.7590288E7
1.7672856E7
1.7746416E7
1.7810664E7
1.7865416E7
1.7910512E7
1.7945872E7
1.7971472E7
1.7987344E7
1.7993544E7
1.7990176E7
1.7977408E7
1.7955392E7
1.7924328E7
1.7884432E7
1.7835936E7
1.7779048E7
1.7714024E7
1.7641096E7
1.7560448E7
1.747232E7
1.7376872E7
1.7274256E7
1.7164584E7
1.7047944E7
1.6924384E7
1.6793896E7
1.6656432E7
1.6511904E7
1.6360168E7
1.620104E7
1.603432E7
1.5859744E7
1.567704E7
1.5485936E7
1.5286136E7
1.5077368E7
1.4859408E7
1.4632056E7
1.4395184E7
1.414876E7
1.389284E7
1.3627584E7
1.335332E7
1.3070464E7
1.2779616E7
1.2481504E7
1.2177024E7
1.1867208E7
1.1553216E7
1.1236336E7
1.0917976E7
1.059964E7
1.0282872E7
9969288.0
9660528.0
9358224.0
9064000.0
8779416.0
8505968.0
8245096.0
7998080.0
7766136.0
7550312.0
7351536.0
7170560.0
7008032.0
6864392.0
6739976.0
6634936.0
6549312.0
6482992.0
6435752.0
6407240.0
6397016.0
6404520.0
6429128.0
6470136.0
6526752.0
6598152.0
6683424.0
6781632.0
6891784.0
7012840.0
7143752.0
7283408.0
7430704.0
7584488.0
7743616.0
7906912.0
8073224.0
8241384.0
8410248.0
8578688.0
8745584.0
8909856.0
9070464.0
9226400.0
9376704.0
9520456.0
9656784.0
9784888.0
9904008.0
1.0013456E7
1.01126E7
1.0200864E7
1.0277752E7
1.0342848E7
1.0395816E7
1.0436376E7
1.046436E7
1.0479672E7
1.0482344E7
1.0472464E7
1.0450272E7
1.0416112E7
1.0370408E7
1.0313736E7
1.0246784E7
1.0170344E7
1.0085328E7
9992728.0
9893680.0
9789352.0
9681016.0
9569976.0
9457576.0
9345176.0
9234136.0
9125776.0
9021376.0
8922144.0
8829192.0
8743552.0
8666120.0
8597648.0
8538800.0
8490040.0
8451712.0
8424008.0
8406992.0
8400568.0
8404528.0
8418520.0
8442104.0
8474728.0
8515744.0
8564432.0
8620000.0
8681600.0
8748336.0
8819264.0
8893416.0
8969808.0
9047440.0
9125320.0
9202432.0
9277816.0
9350496.0
9419544.0
9484064.0
9543208.0
9596136.0
9642112.0
9680408.0
9710368.0
9731376.0
9742880.0
9744336.0
9735272.0
9715240.0
9683800.0
9640568.0
9585168.0
9517224.0
9436400.0
9342392.0
9234880.0
9113608.0
8978344.0
8828888.0
8665096.0
8486888.0
8294256.0
8087224.0
7865944.0
7630624.0
7381528.0
7119048.0
6843616.0
6555776.0
6256104.0
5945264.0
5623976.0
5293016.0
4953184.0
4605376.0
4250464.0
3889392.0
3523104.0
3152600.0
2778872.0
2402936.0
2025824.0
1648552.0
1272144.0
897648.0
526048.0
158328.0
-204544.0
-561688.0
-912232.0
-1255384.0
-1590400.0
-1916616.0
-2233456.0
-2540408.0
-2837048.0
-3123024.0
-3398104.0
-3662096.0
-3914880.0
-4156432.0
-4386768.0
-4605952.0
-4814104.0
-5011368.0
-5197912.0
-5373928.0
-5539608.0
-5695160.0
-5840760.0
-5976592.0
-6102848.0
-6219664.0
-6327208.0
-6425624.0
-6515024.0
-6595576.0
-6667392.0
-6730648.0
-6785496.0
-6832136.0
-6870776.0
-6901672.0
-6925080.0
-6941336.0
-6950752.0
-6953696.0
-6950552.0
-6941672.0
-6927472.0
-6908304.0
-6884512.0
-6856416.0
-6824264.0
-6788280.0
-6748576.0
-6705232.0
-6658232.0
-6607504.0
-6552856.0
-6494064.0
-6430808.0
-6362744.0
-6289448.0
-6210488.0
-6125384.0
-6033664.0
-5934864.0
-5828528.0
-5714248.0
-5591632.0
-5460368.0
-5320200.0
-5170920.0
-5012416.0
-4844648.0
-4667672.0
-4481592.0
-4286616.0
-4083040.0
-3871224.0
-3651608.0
-3424656.0
-3190936.0
-2951056.0
-2705656.0
-2455392.0
-2200968.0
-1943080.0
-1682408.0
-1419656.0
-1155480.0
-890480.0
-625272.0
-360360.0
-96232.0
166704.0
428104.0
687720.0
945344.0
1200880.0
1454272.0
1705568.0
1954888.0
2202408.0
2448392.0
2693136.0
2937024.0
3180480.0
3423944.0
3667944.0
3912992.0
4159632.0
4408416.0
4659920.0
4914672.0
5173216.0
5436056.0
5703664.0
5976448.0
6254808.0
6539040.0
6829384.0
7126024.0
7429040.0
7738432.0
8054136.0
8375976.0
8703688.0
9036928.0
9375272.0
9718200.0
1.0065104E7
1.041532E7
1.076808E7
1.1122592E7
1.147796E7
1.1833264E7
1.2187528E7
1.2539744E7
1.2888864E7
1.323384E7
1.3573608E7
1.390712E7
1.4233336E7
1.4551256E7
1.4859936E7
1.5158464E7
1.5446032E7
1.5721896E7
1.5985416E7
1.6236056E7
1.6473392E7
1.6697136E7
1.6907104E7
1.7103264E7
1.7285672E7
1.7454552E7
1.7610208E7
1.7753072E7
1.7883656E7
1.8002552E7
1.8110408E7
1.8207912E7
1.8295792E7
1.8374736E7
1.8445424E7
1.8508504E7
1.8564544E7
1.8614008E7
1.8657304E7
1.8694696E7
1.8726336E7
1.875224E7
1.8772312E7
1.8786336E7
1.879396E7
1.8794752E7
1.8788184E7
1.8773664E7
1.8750552E7
1.8718192E7
1.8675936E7
1.862316E7
1.8559296E7
1.8483864E7
1.8396464E7
1.8296824E7
1.8184816E7
1.806044E7
1.7923832E7
1.7775312E7
1.7615312E7
1.744444E7
1.7263416E7
1.7073088E7
1.6874432E7
1.6668504E7
1.6456448E7
1.6239472E7
1.6018832E7
1.5795832E7
1.5571792E7
1.5348032E7
1.5125872E7
1.4906632E7
1.4691568E7
1.4481928E7
1.4278888E7
1.4083576E7
1.3897056E7
1.372028E7
1.3554144E7
1.3399424E7
1.32568E7
1.3126832E7
1.3009944E7
1.2906472E7
1.2816584E7
1.2740336E7
1.2677648E7
1.2628296E7
1.259196E7
1.2568168E7
1.2556344E7
1.2555824E7
1.2565832E7
1.2585512E7
1.2613976E7
1.2650264E7
1.2693384E7
1.2742352E7
1.2796168E7
1.2853904E7
1.2914632E7
1.2977496E7
1.304172E7
1.3106608E7
1.3171552E7
1.323604E7
1.3299664E7
1.3362104E7
1.3423128E7
1.3482584E7
1.3540384E7
1.3596496E7
1.3650928E7
1.3703704E7
1.3754848E7
1.3804384E7
1.3852296E7
1.389856E7
1.394308E7
1.3985728E7
1.4026328E7
1.4064664E7
1.4100456E7
1.4133408E7
1.4163216E7
1.4189544E7
1.4212088E7
1.4230576E7
1.4244768E7
1.4254488E7
1.4259656E7
1.4260272E7
1.4256464E7
1.4248448E7
1.42366E7
1.4221384E7
1.420344E7
1.4183504E7
1.4162464E7
1.4141304E7
1.4121152E7
1.4103192E7
1.4088736E7
1.4079152E7
1.4075856E7
1.4080352E7
1.4094136E7
1.4118712E7
1.4155616E7
1.4206328E7
1.4272288E7
1.4354888E7
1.4455456E7
1.4575192E7
1.4715208E7
1.4876488E7
1.5059872E7
1.526604E7
1.5495544E7
1.5748736E7
1.6025792E7
1.6326728E7
1.6651384E7
1.6999408E7
1.737028E7
1.7763328E7
1.8177704E7
1.8612416E7
1.9066336E7
1.9538192E7
2.00266E7
2.053008E7
2.104704E7
2.15758E7
2.2114648E7
2.2661784E7
2.3215392E7
2.377364E7
2.4334672E7
2.4896656E7
2.5457808E7
2.6016368E7
2.6570656E7
2.7119104E7
2.7660184E7
2.8192536E7
2.871492E7
2.9226208E7
2.972544E7
3.0211792E7
3.0684576E7
3.1143264E7
3.1587424E7
3.2016776E7
3.2431112E7
3.283032E7
3.3214336E7
3.3583104E7
3.3936632E7
3.4274856E7
3.459772E7
3.4905072E7
3.5196696E7
3.5472296E7
3.5731456E7
3.597364E7
3.6198232E7
3.6404472E7
3.6591504E7
3.6758384E7
3.6904064E7
3.7027464E7
3.7127408E7
3.7202736E7
3.7252272E7
3.7274864E7
3.72694E7
3.7234856E7
3.7170312E7
3.7074968E7
3.694816E7
3.6789416E7
3.659844E7
3.6375144E7
3.6119656E7
3.583232E7
3.5513728E7
3.516468E7
3.4786208E7
3.4379576E7
3.3946248E7
3.3487864E7
3.3006248E7
3.2503376E7
3.1981368E7
3.1442448E7
3.0888896E7
3.0323072E7
2.9747392E7
2.9164232E7
2.8576E7
2.7985072E7
2.739376E7
2.680432E7
2.621896E7
2.5639784E7
2.5068824E7
2.4508008E7
2.39592E7
2.3424128E7
2.2904464E7
2.2401776E7
2.1917544E7
2.1453152E7
2.1009928E7
2.0589072E7
2.0191712E7
1.9818912E7
1.9471608E7
1.9150656E7
1.8856808E7
1.8590712E7
1.835288E7
1.8143704E7
1.7963464E7
1.7812264E7
1.7690088E7
1.759676E7
1.7531928E7
1.7495128E7
1.7485696E7
1.7502832E7
1.7545592E7
1.761288E7
1.7703472E7
1.7816032E7
1.794908E7
1.8101072E7
1.8270352E7
1.8455184E7
1.8653776E7
1.8864288E7
1.9084832E7
1.931348E7
1.9548304E7
1.978736E7
2.0028712E7
2.0270448E7
2.051068E7
2.0747584E7
2.09794E7
2.1204408E7
2.1421016E7
2.1627752E7
2.1823224E7
2.2006208E7
2.2175632E7
2.2330568E7
2.2470264E7
2.2594168E7
2.2701848E7
2.279312E7
2.2867928E7
2.2926424E7
2.296888E7
2.2995776E7
2.3007688E7
2.300536E7
2.2989608E7
2.2961392E7
2.2921712E7
2.2871688E7
2.2812456E7
2.2745208E7
2.2671184E7
2.2591632E7
2.25078E7
2.2420976E7
2.2332408E7
2.224336E7
2.2155048E7
2.206872E7
2.1985528E7
2.190664E7
2.1833136E7
2.176608E7
2.1706448E7
2.1655168E7
2.1613072E7
2.1580912E7
2.1559344E7
2.1548912E7
2.1550056E7
2.1563112E7
2.1588288E7
2.162568E7
2.1675264E7
2.1736912E7
2.1810368E7
2.1895288E7
2.1991232E7
2.209768E7
2.2214032E7
2.2339616E7
2.2473728E7
2.2615592E7
2.2764408E7
2.2919352E7
2.3079576E7
2.3244216E7
2.3412408E7
2.358328E7
2.3755936E7
2.392952E7
2.410316E7
2.4275992E7
2.444716E7
2.4615816E7
2.478116E7
2.494236E7
2.5098664E7
2.524932E7
2.5393624E7
2.553092E7
2.5660624E7
2.5782176E7
2.5895136E7
2.5999112E7
2.6093792E7
2.6178984E7
2.6254568E7
2.6320504E7
2.6376896E7
2.6423896E7
2.646176E7
2.6490824E7
2.651152E7
2.6524304E7
2.6529728E7
2.652836E7
2.6520792E7
2.650768E7
2.6489632E7
2.6467272E7
2.64412E7
2.6411984E7
2.6380152E7
2.6346192E7
2.631052E7
2.6273504E7
2.6235456E7
2.6196608E7
2.615716E7
2.611724E7
2.6076928E7
2.6036296E7
2.5995352E7
2.5954112E7
2.5912576E7
2.5870784E7
2.5828792E7
2.5786648E7
2.574452E7
2.5702576E7
2.566108E7
2.5620352E7
2.5580776E7
2.5542832E7
2.5507016E7
2.5473936E7
2.5444232E7
2.5418568E7
2.5397656E7
2.53822E7
2.5372936E7
2.5370552E7
2.5375728E7
2.5389064E7
2.5411152E7
2.5442448E7
2.5483368E7
2.55342E7
2.559512E7
2.5666208E7
2.5747392E7
2.583848E7
2.5939152E7
2.604892E7
2.6167184E7
2.62932E7
2.6426072E7
2.6564776E7
2.670816E7
2.685496E7
2.7003784E7
2.7153136E7
2.730144E7
2.744704E7
2.7588232E7
2.7723256E7
2.7850352E7
2.796776E7
2.8073744E7
2.816664E7
2.8244832E7
2.830684E7
2.8351288E7
2.837696E7
2.8382784E7
2.8367904E7
2.833164E7
2.8273512E7
2.8193272E7
2.8090896E7
2.7966528E7
2.7820576E7
2.7653648E7
2.7466536E7
2.7260224E7
2.703588E7
2.6794824E7
2.6538536E7
2.6268592E7
2.5986728E7
2.5694728E7
2.539448E7
2.5087936E7
2.4777072E7
2.4463912E7
2.415048E7
2.3838816E7
2.353092E7
2.3228784E7
2.2934352E7
2.2649504E7
2.2376064E7
2.2115792E7
2.1870328E7
2.164124E7
2.143E7
2.1237944E7
2.106632E7
2.0916232E7
2.0788672E7
2.0684488E7
2.06044E7
2.0549E7
2.0518736E7
2.0513904E7
2.053468E7
2.0581072E7
2.0652952E7
2.0750072E7
2.0871992E7
2.101816E7
2.1187864E7
2.138024E7
2.1594296E7
2.182888E7
2.2082704E7
2.2354368E7
2.2642312E7
2.2944872E7
2.3260264E7
2.3586584E7
2.3921864E7
2.4264008E7
2.4610888E7
2.4960288E7
2.5309952E7
2.5657568E7
2.6000824E7
2.6337408E7
2.6664992E7
2.6981296E7
2.7284064E7
2.7571136E7
2.78404E7
2.8089856E7
2.8317648E7
2.8522032E7
2.8701448E7
2.8854496E7
2.898E7
2.9076968E7
2.914464E7
2.9182488E7
2.9190216E7
2.9167728E7
2.9115216E7
2.9033032E7
2.8921776E7
2.8782224E7
2.8615304E7
2.8422144E7
2.8203992E7
2.7962184E7
2.7698216E7
2.74136E7
2.7109952E7
2.6788904E7
2.6452176E7
2.6101464E7
2.5738512E7
2.5365064E7
2.4982888E7
2.4593752E7
2.4199456E7
2.3801784E7
2.3402536E7
2.3003544E7
2.260664E7
2.2213656E7
2.1826456E7
2.1446896E7
2.1076856E7
2.0718192E7
2.0372744E7
2.0042352E7
1.9728776E7
1.9433752E7
1.9158936E7
1.8905888E7
1.8676064E7
1.8470784E7
1.8291224E7
1.8138376E7
1.8013088E7
1.7915984E7
1.7847472E7
1.7807792E7
1.7796936E7
1.7814688E7
1.786064E7
1.7934152E7
1.803444E7
1.816052E7
1.8311248E7
1.8485384E7
1.868152E7
1.88982E7
1.9133888E7
1.9387E7
1.965592E7
1.9939064E7
2.0234832E7
2.0541656E7
2.0858048E7
2.1182552E7
2.1513784E7
2.185044E7
2.219128E7
2.2535152E7
2.2880952E7
2.3227672E7
2.3574328E7
2.3920016E7
2.4263856E7
2.4604992E7
2.4942616E7
2.5275936E7
2.5604152E7
2.5926504E7
2.6242216E7
2.6550544E7
2.6850752E7
2.714212E7
2.742396E7
2.76956E7
2.795644E7
2.8205904E7
2.8443488E7
2.8668744E7
2.8881312E7
2.908092E7
2.926736E7
2.9440552E7
2.9600504E7
2.974732E7
2.988124E7
3.0002576E7
3.0111784E7
3.02094E7
3.0296088E7
3.0372576E7
3.043972E7
3.049844E7
3.0549712E7
3.0594608E7
3.0634208E7
3.0669648E7
3.0702096E7
3.073268E7
3.0762568E7
3.0792872E7
3.0824696E7
3.085908E7
3.0897032E7
3.0939512E7
3.09874E7
3.1041552E7
3.110276E7
3.1171736E7
3.1249208E7
3.1335816E7
3.1432176E7
3.1538912E7
3.1656568E7
3.178572E7
3.1926896E7
3.2080616E7
3.2247384E7
3.2427688E7
3.2621976E7
3.283068E7
3.3054176E7
3.32928E7
3.354684E7
3.3816504E7
3.4101944E7
3.4403216E7
3.4720296E7
3.5053056E7
3.5401264E7
3.5764584E7
3.614256E7
3.653464E7
3.694012E7
3.7358208E7
3.7787992E7
3.8228464E7
3.8678464E7
3.9136792E7
3.9602128E7
4.0073112E7
4.054828E7
4.1026144E7
4.1505184E7
4.1983832E7
4.2460536E7
4.2933744E7
4.3401904E7
4.3863496E7
4.4317048E7
4.4761104E7
4.519428E7
4.5615232E7
4.6022688E7
4.641544E7
4.679236E7
4.7152384E7
4.7494544E7
4.7817976E7
4.8121896E7
4.8405656E7
4.8668712E7
4.891068E7
4.9131296E7
4.9330464E7
4.9508248E7
4.9664896E7
4.9800824E7
4.9916632E7
5.0013088E7
5.009116E7
5.0151976E7
5.0196816E7
5.0227104E7
5.0244392E7
5.0250344E7
5.0246688E7
5.0235224E7
5.0217776E7
5.019616E7
5.0172168E7
5.0147536E7
5.0123904E7
5.01028E7
5.0085608E7
5.0073552E7
5.0067664E7
5.0068752E7
5.0077432E7
5.0094072E7
5.0118768E7
5.0151408E7
5.019164E7
5.0238856E7
5.0292232E7
5.0350728E7
5.0413128E7
5.0478064E7
5.0544E7
5.0609312E7
5.067232E7
5.0731272E7
5.0784432E7
5.0830072E7
5.0866552E7
5.0892288E7
5.0905816E7
5.0905824E7
5.0891128E7
5.0860736E7
5.0813824E7
5.0749752E7
5.0668072E7
5.0568504E7
5.0450944E7
5.0315456E7
5.0162256E7
4.9991664E7
4.9804128E7
4.9600176E7
4.93804E7
4.9145456E7
4.8895992E7
4.863268E7
4.8356176E7
4.8067112E7
4.7766048E7
4.7453544E7
4.7130056E7
4.6795984E7
4.6451664E7
4.6097368E7
4.5733288E7
4.5359568E7
4.4976296E7
4.4583536E7
4.4181296E7
4.3769584E7
4.33484E7
4.2917784E7
4.247776E7
4.2028432E7
4.156996E7
4.11026E7
4.0626688E7
4.014268E7
3.9651136E7
3.9152784E7
3.8648456E7
3.8139184E7
3.7626072E7
3.7110432E7
3.659368E7
3.6077368E7
3.5563152E7
3.5052784E7
3.454808E7
3.4050912E7
3.3563144E7
3.3086664E7
3.262328E7
3.2174752E7
3.174272E7
3.1328688E7
3.093404E7
3.0559936E7
3.0207368E7
2.9877088E7
2.9569624E7
2.9285288E7
2.9024112E7
2.8785912E7
2.8570256E7
2.8376472E7
2.820368E7
2.8050768E7
2.7916464E7
2.7799296E7
2.7697672E7
2.760984E7
2.7533984E7
2.7468176E7
2.7410488E7
2.7358928E7
2.7311544E7
2.7266416E7
2.7221664E7
2.7175504E7
2.712624E7
2.707228E7
2.7012184E7
2.6944624E7
2.6868416E7
2.6782528E7
2.668604E7
2.6578192E7
2.6458328E7
2.6325888E7
2.6180432E7
2.6021592E7
2.5849072E7
2.5662592E7
2.5461944E7
2.5246928E7
2.5017344E7
2.4773E7
2.4513704E7
2.4239224E7
2.3949352E7
2.364388E7
2.3322552E7
2.2985192E7
2.26316E7
2.2261656E7
2.1875256E7
2.1472416E7
2.1053232E7
2.0617928E7
2.0166832E7
1.9700448E7
1.921944E7
1.8724624E7
1.8216968E7
1.7697672E7
1.7168048E7
1.6629584E7
1.6083888E7
1.5532736E7
1.497796E7
1.4421504E7
1.3865328E7
1.331144E7
1.2761832E7
1.221848E7
1.1683264E7
1.1158024E7
1.0644448E7
1.014412E7
9658488.0
9188824.0
8736232.0
8301648.0
7885816.0
7489320.0
7112536.0
6755696.0
6418856.0
6101880.0
5804552.0
5526464.0
5267144.0
5025984.0
4802296.0
4595328.0
4404280.0
4228328.0
4066576.0
3918160.0
3782216.0
3657856.0
3544248.0
3440544.0
3345936.0
3259656.0
3180912.0
3108992.0
3043160.0
2982720.0
2926976.0
2875248.0
2826880.0
2781208.0
2737600.0
2695448.0
2654128.0
2613112.0
2571864.0
2529888.0
2486784.0
2442176.0
2395784.0
2347384.0
2296840.0
2244104.0
2189192.0
2132208.0
2073336.0
2012824.0
1950968.0
1888136.0
1824728.0
1761168.0
1697912.0
1635424.0
1574176.0
1514624.0
1457232.0
1402424.0
1350648.0
1302288.0
1257752.0
1217392.0
1181576.0
1150640.0
1124912.0
1104704.0
1090304.0
1082008.0
1080072.0
1084736.0
1096200.0
1114656.0
1140224.0
1173000.0
1213008.0
1260248.0
1314600.0
1375944.0
1444016.0
1518560.0
1599184.0
1685464.0
1776880.0
1872888.0
1972856.0
2076112.0
2181944.0
2289600.0
2398296.0
2507256.0
2615664.0
2722728.0
2827656.0
2929688.0
3028088.0
3122144.0
3211192.0
3294624.0
3371880.0
3442464.0
3505928.0
3561904.0
3610072.0
3650192.0
3682096.0
3705664.0
3720864.0
3727744.0
3726400.0
3717008.0
3699832.0
3675184.0
3643472.0
3605168.0
3560808.0
3511032.0
3456504.0
3398000.0
3336344.0
3272424.0
3207192.0
3141640.0
3076832.0
3013848.0
2953808.0
2897840.0
2847096.0
2802728.0
2765832.0
2737520.0
2718816.0
2710704.0
2714072.0
2729744.0
2758400.0
2800592.0
2856776.0
2927232.0
3012064.0
3111248.0
3224576.0
3351640.0
3491896.0
3644624.0
3808928.0
3983768.0
4167968.0
4360224.0
4559144.0
4763224.0
4970920.0
5180632.0
5390760.0
5599704.0
5805880.0
6007784.0
6203976.0
6393104.0
6573920.0
6745328.0
6906344.0
7056136.0
7194040.0
7319520.0
7432216.0
7531936.0
7618600.0
7692304.0
7753264.0
7801848.0
7838488.0
7863776.0
7878368.0
7883008.0
7878480.0
7865656.0
7845416.0
7818688.0
7786400.0
7749480.0
7708856.0
7665408.0
7620024.0
7573520.0
7526688.0
7480248.0
7434872.0
7391184.0
7349704.0
7310936.0
7275296.0
7243120.0
7214712.0
7190296.0
7170032.0
7154056.0
7142400.0
7135088.0
7132080.0
7133288.0
7138584.0
7147808.0
7160752.0
7177160.0
7196760.0
7219232.0
7244224.0
7271344.0
7300200.0
7330328.0
7361280.0
7392560.0
7423664.0
7454080.0
7483280.0
7510720.0
7535872.0
7558208.0
7577224.0
7592400.0
7603272.0
7609360.0
7610232.0
7605496.0
7594768.0
7577704.0
7554032.0
7523464.0
7485792.0
7440856.0
7388512.0
7328704.0
7261392.0
7186624.0
7104472.0
7015104.0
6918704.0
6815560.0
6705968.0
6590312.0
6469024.0
6342568.0
6211424.0
6076144.0
5937264.0
5795328.0
5650912.0
5504536.0
5356720.0
5207944.0
5058680.0
4909320.0
4760240.0
4611760.0
4464144.0
4317640.0
4172448.0
4028736.0
3886648.0
3746328.0
3607920.0
3471552.0
3337384.0
3205608.0
3076440.0
2950120.0
2826944.0
2707248.0
2591424.0
2479864.0
2373040.0
2271424.0
2175536.0
2085872.0
2002960.0
1927312.0
1859416.0
1799712.0
1748648.0
1706560.0
1673776.0
1650544.0
1637040.0
1633376.0
1639592.0
1655680.0
1681528.0
1717016.0
1761936.0
1816056.0
1879120.0
1950808.0
2030840.0
2118896.0
2214664.0
2317848.0
2428176.0
2545384.0
2669264.0
2799624.0
2936304.0
3079200.0
3228224.0
3383320.0
3544512.0
3711800.0
3885240.0
4064888.0
4250832.0
4443152.0
4641944.0
4847296.0
5059272.0
5277920.0
5503280.0
5735352.0
5974096.0
6219456.0
6471328.0
6729560.0
6993984.0
7264384.0
7540512.0
7822072.0
8108752.0
8400208.0
8696080.0
8995960.0
9299440.0
9606104.0
9915512.0
1.0227216E7
1.0540776E7
1.0855728E7
1.1171664E7
1.1488112E7
1.1804672E7
1.2120912E7
1.2436448E7
1.2750896E7
1.3063888E7
1.337508E7
1.3684136E7
1.3990768E7
1.429468E7
1.4595576E7
1.489324E7
1.5187424E7
1.5477896E7
1.5764472E7
1.6046984E7
1.6325272E7
1.65992E7
1.6868656E7
1.713356E7
1.7393872E7
1.7649552E7
1.7900592E7
1.8147016E7
1.8388864E7
1.86262E7
1.8859096E7
1.908764E7
1.9311896E7
1.953196E7
1.9747888E7
1.995972E7
2.0167472E7
2.0371128E7
2.0570616E7
2.0765848E7
2.0956664E7
2.1142888E7
2.132428E7
2.150056E7
2.1671424E7
2.1836552E7
2.19956E7
2.2148216E7
2.229408E7
2.2432888E7
2.2564352E7
2.2688288E7
2.2804512E7
2.291296E7
2.3013648E7
2.3106648E7
2.3192168E7
2.3270472E7
2.3341944E7
2.3407048E7
2.3466312E7
2.3520368E7
2.3569872E7
2.3615568E7
2.3658216E7
2.3698592E7
2.3737512E7
2.3775776E7
2.3814168E7
2.3853456E7
2.3894408E7
2.3937728E7
2.398408E7
2.403412E7
2.408844E7
2.4147576E7
2.4212064E7
2.428236E7
2.4358912E7
2.4442104E7
2.4532288E7
2.4629792E7
2.4734896E7
2.484784E7
2.4968824E7
2.5098016E7
2.5235528E7
2.538144E7
2.5535752E7
2.569844E7
2.5869424E7
2.6048536E7
2.6235576E7
2.6430264E7
2.6632232E7
2.6841064E7
2.705628E7
2.7277272E7
2.75034E7
2.7733936E7
2.7968032E7
2.8204792E7
2.8443232E7
2.868224E7
2.8920664E7
2.9157232E7
2.93906E7
2.9619336E7
2.9841944E7
3.0056816E7
3.0262336E7
3.0456776E7
3.0638416E7
3.0805448E7
3.095608E7
3.1088528E7
3.1200984E7
3.1291688E7
3.1358944E7
3.1401112E7
3.1416648E7
3.1404096E7
3.136216E7
3.1289688E7
3.118568E7
3.1049328E7
3.088004E7
3.0677416E7
3.0441304E7
3.01718E7
2.9869224E7
2.953416E7
2.9167432E7
2.8770112E7
2.834352E7
2.78892E7
2.7408896E7
2.690456E7
2.6378312E7
2.583244E7
2.5269336E7
2.469152E7
2.4101576E7
2.3502104E7
2.289576E7
2.2285176E7
2.1672952E7
2.1061592E7
2.0453568E7
1.9851208E7
1.9256696E7
1.8672112E7
1.8099336E7
1.754008E7
1.699588E7
1.646804E7
1.5957696E7
1.5465744E7
1.499292E7
1.4539696E7
1.41064E7
1.3693136E7
1.3299872E7
1.2926392E7
1.2572368E7
1.2237344E7
1.1920776E7
1.1622088E7
1.1340624E7
1.1075744E7
1.0826816E7
1.059324E7
1.0374472E7
1.0170024E7
9979520.0
9802632.0
9639144.0
9488968.0
9352064.0
9228512.0
9118456.0
9022120.0
8939808.0
8871864.0
8818688.0
8780704.0
8758376.0
8752168.0
8762568.0
8790056.0
8835104.0
8898160.0
8979680.0
9080072.0
9199720.0
9338944.0
9498064.0
9677296.0
9876832.0
1.0096752E7
1.0337104E7
1.0597824E7
1.0878728E7
1.1179568E7
1.1499952E7
1.1839376E7
1.21972E7
1.2572672E7
1.2964864E7
1.337276E7
1.3795152E7
1.4230744E7
1.4678088E7
1.5135624E7
1.5601688E7
1.607452E7
1.6552296E7
1.7033128E7
1.7515088E7
1.799628E7
1.8474768E7
1.894868E7
1.94162E7
1.9875616E7
2.0325272E7
2.0763664E7
2.1189392E7
2.1601216E7
2.1998016E7
2.2378824E7
2.2742816E7
2.3089288E7
2.3417672E7
2.372748E7
2.4018336E7
2.4289912E7
2.4541976E7
2.477428E7
2.4986632E7
2.5178848E7
2.5350744E7
2.5502128E7
2.5632808E7
2.57426E7
2.5831296E7
2.5898752E7
2.5944848E7
2.596952E7
2.5972776E7
2.5954744E7
2.591568E7
2.5855952E7
2.5776128E7
2.5676952E7
2.5559344E7
2.542444E7
2.5273568E7
2.5108248E7
2.4930184E7
2.4741264E7
2.4543512E7
2.4339088E7
2.413024E7
2.3919312E7
2.370864E7
2.35006E7
2.3297544E7
2.3101736E7
2.2915384E7
2.2740592E7
2.2579304E7
2.2433336E7
2.2304336E7
2.2193792E7
2.2103E7
2.2033088E7
2.1985008E7
2.1959544E7
2.195732E7
2.19788E7
2.202432E7
2.2094072E7
2.2188152E7
2.2306544E7
2.2449152E7
2.2615768E7
2.2806136E7
2.3019944E7
2.3256816E7
2.3516328E7
2.3798E7
2.4101312E7
2.4425704E7
2.4770552E7
2.5135208E7
2.5518944E7
2.5920992E7
2.634052E7
2.6776608E7
2.7228288E7
2.7694504E7
2.8174096E7
2.8665856E7
2.9168432E7
2.9680432E7
3.0200336E7
3.0726552E7
3.12574E7
3.1791112E7
3.2325888E7
3.285984E7
3.3391064E7
3.3917624E7
3.4437584E7
3.4949056E7
3.5450144E7
3.5939056E7
3.6414056E7
3.687352E7
3.7315904E7
3.7739864E7
3.814412E7
3.8527584E7
3.8889288E7
3.9228472E7
3.9544464E7
3.9836768E7
4.0105032E7
4.0349024E7
4.0568632E7
4.0763856E7
4.0934784E7
4.10816E7
4.1204536E7
4.1303904E7
4.1380056E7
4.1433376E7
4.146428E7
4.1473208E7
4.1460616E7
4.1426968E7
4.1372744E7
4.1298416E7
4.1204456E7
4.1091368E7
4.0959624E7
4.0809744E7
4.0642216E7
4.0457576E7
4.025636E7
4.0039112E7
3.9806424E7
3.9558928E7
3.9297248E7
3.9022088E7
3.8734144E7
3.8434192E7
3.8123048E7
3.780152E7
3.7470512E7
3.7130904E7
3.6783608E7
3.6429584E7
3.6069752E7
3.5705072E7
3.5336448E7
3.4964768E7
3.459092E7
3.4215712E7
3.3839896E7
3.34642E7
3.3089272E7
3.271568E7
3.234396E7
3.1974536E7
3.1607832E7
3.1244176E7
3.0883856E7
3.0527104E7
3.0174144E7
2.9825152E7
2.948028E7
2.913968E7
2.8803472E7
2.8471792E7
2.8144752E7
2.7822464E7
2.7505048E7
2.7192584E7
2.6885168E7
2.6582872E7
2.6285728E7
2.5993776E7
2.5707016E7
2.5425408E7
2.5148904E7
2.48774E7
2.4610816E7
2.434904E7
2.4091936E7
2.3839408E7
2.3591384E7
2.3347808E7
2.310872E7
2.28742E7
2.2644448E7
2.2419776E7
2.2200592E7
2.1987472E7
2.1781088E7
2.1582312E7
2.1392096E7
2.121156E7
2.1041936E7
2.0884552E7
2.0740824E7
2.0612224E7
2.0500232E7
2.0406344E7
2.0332016E7
2.0278616E7
2.0247432E7
2.0239592E7
2.0256096E7
2.0297728E7
2.0365072E7
2.0458488E7
2.0578104E7
2.0723808E7
2.0895224E7
2.109176E7
2.1312592E7
2.1556664E7
2.1822752E7
2.2109424E7
2.2415128E7
2.2738168E7
2.3076752E7
2.342904E7
2.3793136E7
2.4167144E7
2.4549168E7
2.4937352E7
2.5329928E7
2.5725192E7
2.6121536E7
2.651748E7
2.6911648E7
2.7302816E7
2.7689896E7
2.807192E7
2.8448088E7
2.8817696E7
2.91802E7
2.9535192E7
2.9882336E7
3.022144E7
3.0552376E7
3.0875136E7
3.118976E7
3.1496376E7
3.1795136E7
3.2086248E7
3.2369984E7
3.26466E7
3.2916424E7
3.3179744E7
3.3436904E7
3.3688232E7
3.393408E7
3.4174792E7
3.4410728E7
3.4642232E7
3.4869696E7
3.509348E7
3.5313968E7
3.5531544E7
3.5746616E7
3.5959576E7
3.617084E7
3.63808E7
3.6589872E7
3.6798424E7
3.700684E7
3.7215448E7
3.7424552E7
3.7634424E7
3.7845272E7
3.8057248E7
3.827044E7
3.8484872E7
3.8700496E7
3.8917176E7
3.9134728E7
3.9352888E7
3.9571296E7
3.9789576E7
4.0007264E7
4.0223864E7
4.0438832E7
4.0651632E7
4.0861648E7
4.1068336E7
4.1271128E7
4.1469464E7
4.1662864E7
4.1850848E7
4.2033032E7
4.2209064E7
4.237868E7
4.254168E7
4.2697928E7
4.28474E7
4.2990088E7
4.3126064E7
4.3255472E7
4.3378472E7
4.3495224E7
4.3605944E7
4.3710816E7
4.3809984E7
4.390356E7
4.3991608E7
4.4074088E7
4.415088E7
4.4221776E7
4.4286424E7
4.4344392E7
4.4395104E7
4.4437896E7
4.4471976E7
4.449648E7
4.451044E7
4.4512856E7
4.4502672E7
4.4478832E7
4.4440288E7
4.4386032E7
4.4315112E7
4.4226712E7
4.4120064E7
4.3994584E7
4.3849832E7
4.3685552E7
4.350164E7
4.3298184E7
4.3075472E7
4.2833984E7
4.2574336E7
4.2297352E7
4.2004016E7
4.1695416E7
4.1372808E7
4.1037512E7
4.0690968E7
4.0334664E7
3.9970152E7
3.9598992E7
3.9222792E7
3.8843128E7
3.84616E7
3.807976E7
3.769912E7
3.7321184E7
3.6947376E7
3.6579072E7
3.6217624E7
3.586428E7
3.5520248E7
3.5186648E7
3.4864544E7
3.4554896E7
3.42586E7
3.3976448E7
3.3709128E7
3.3457232E7
3.322124E7
3.300152E7
3.2798336E7
3.2611792E7
3.2441952E7
3.2288672E7
3.215176E7
3.2030896E7
3.1925664E7
3.1835544E7
3.1759952E7
3.1698224E7
3.164964E7
3.1613424E7
3.158876E7
3.1574816E7
3.157072E7
3.1575624E7
3.1588656E7
3.160896E7
3.163572E7
3.166812E7
3.1705392E7
3.1746816E7
3.1791696E7
3.1839424E7
3.1889416E7
3.1941168E7
3.1994232E7
3.204824E7
3.210288E7
3.215792E7
3.2213192E7
3.2268616E7
3.2324152E7
3.2379832E7
3.243576E7
3.2492088E7
3.2548992E7
3.2606736E7
3.2665568E7
3.272576E7
3.2787608E7
3.28514E7
3.2917408E7
3.2985864E7
3.3056992E7
3.3130952E7
3.320784E7
3.3287736E7
3.3370608E7
3.3456392E7
3.3544936E7
3.3636048E7
3.372948E7
3.3824912E7
3.3922024E7
3.4020424E7
3.4119744E7
3.4219608E7
3.431964E7
3.4419496E7
3.451888E7
3.4617544E7
3.4715288E7
3.4811984E7
3.49076E7
3.5002152E7
3.509576E7
3.518864E7
3.5281064E7
3.5373392E7
3.5466064E7
3.5559576E7
3.5654504E7
3.5751448E7
3.5851056E7
3.5953984E7
3.6060928E7
3.617252E7
3.6289416E7
3.6412184E7
3.654136E7
3.6677392E7
3.6820616E7
3.6971272E7
3.712948E7
3.7295208E7
3.7468304E7
3.764848E7
3.783528E7
3.802812E7
3.8226328E7
3.8429072E7
3.8635432E7
3.88444E7
3.9054912E7
3.9265864E7
3.947612E7
3.9684536E7
3.9890024E7
4.0091504E7
4.0287976E7
4.0478528E7
4.0662312E7
4.083864E7
4.1006928E7
4.1166736E7
4.1317752E7
4.1459824E7
4.159296E7
4.1717312E7
4.1833152E7
4.194092E7
4.2041168E7
4.2134568E7
4.2221888E7
4.2303976E7
4.2381768E7
4.2456216E7
4.252832E7
4.259908E7
4.2669488E7
4.2740504E7
4.2813032E7
4.2887936E7
4.296596E7
4.3047792E7
4.3133984E7
4.3224984E7
4.332112E7
4.342256E7
4.3529368E7
4.364144E7
4.3758528E7
4.3880272E7
4.4006136E7
4.4135472E7
4.4267536E7
4.4401424E7
4.4536168E7
4.467072E7
4.4803952E7
4.4934736E7
4.5061896E7
4.5184264E7
4.530072E7
4.5410184E7
4.5511672E7
4.5604288E7
4.568724E7
4.5759896E7
4.5821752E7
4.5872456E7
4.5911816E7
4.5939792E7
4.595648E7
4.5962136E7
4.5957104E7
4.5941832E7
4.5916872E7
4.5882792E7
4.5840216E7
4.5789728E7
4.5731904E7
4.5667264E7
4.5596216E7
4.5519088E7
4.5436096E7
4.5347272E7
4.525256E7
4.5151696E7
4.5044328E7
4.4929936E7
4.4807856E7
4.467736E7
4.4537592E7
4.4387632E7
4.4226552E7
4.405336E7
4.3867136E7
4.3666952E7
4.3451952E7
4.3221416E7
4.2974688E7
4.2711264E7
4.24308E7
4.2133112E7
4.1818176E7
4.1486152E7
4.1137408E7
4.077248E7
4.039208E7
3.999712E7
3.9588664E7
3.9167944E7
3.8736344E7
3.8295376E7
3.784668E7
3.7392E7
3.6933168E7
3.6472088E7
3.6010728E7
3.5551088E7
3.50952E7
3.4645096E7
3.4202784E7
3.3770296E7
3.3349584E7
3.2942592E7
3.2551176E7
3.2177128E7
3.1822176E7
3.1487944E7
3.1175952E7
3.0887608E7
3.0624224E7
3.0386928E7
3.017676E7
2.9994568E7
2.984104E7
2.971672E7
2.962192E7
2.9556816E7
2.9521344E7
2.9515272E7
2.9538168E7
2.9589392E7
2.9668144E7
2.9773424E7
2.9904088E7
3.0058824E7
3.0236192E7
3.043468E7
3.0652656E7
3.088844E7
3.114032E7
3.1406576E7
3.1685536E7
3.1975576E7
3.2275112E7
3.258272E7
3.2897056E7
3.3216952E7
3.3541384E7
3.3869496E7
3.4200624E7
3.4534272E7
3.4870136E7
3.5208072E7
3.5548096E7
3.5890368E7
3.6235184E7
3.6582928E7
3.693408E7
3.7289168E7
3.7648752E7
3.8013408E7
3.8383696E7
3.8760144E7
3.9143192E7
3.9533248E7
3.9930608E7
4.0335488E7
4.0747944E7
4.1167968E7
4.1595384E7
4.2029896E7
4.2471104E7
4.2918416E7
4.3371176E7
4.3828528E7
4.4289568E7
4.4753208E7
4.5218272E7
4.5683504E7
4.6147536E7
4.6608936E7
4.70662E7
4.7517776E7
4.7962112E7
4.8397624E7
4.8822736E7
4.9235912E7
4.963568E7
5.0020624E7
5.0389416E7
5.074084E7
5.10738E7
5.1387336E7
5.1680632E7
5.1953016E7
5.2203992E7
5.2433192E7
5.264044E7
5.282568E7
5.2989024E7
5.3130712E7
5.3251136E7
5.3350784E7
5.3430288E7
5.3490328E7
5.353172E7
5.355536E7
5.3562192E7
5.355324E7
5.352956E7
5.3492288E7
5.344256E7
5.3381568E7
5.3310512E7
5.32306E7
5.3143064E7
5.3049096E7
5.2949904E7
5.284664E7
5.2740456E7
5.2632432E7
5.25236E7
5.2414936E7
5.2307336E7
5.2201648E7
5.2098608E7
5.1998896E7
5.1903112E7
5.181176E7
5.1725328E7
5.1644176E7
5.1568656E7
5.149904E7
5.14356E7
5.137856E7
5.1328144E7
5.128456E7
5.1248056E7
5.121888E7
5.1197288E7
5.11836E7
5.1178152E7
5.1181312E7
5.119348E7
5.1215104E7
5.1246616E7
5.1288496E7
5.1341208E7
5.14052E7
5.1480904E7
5.1568712E7
5.1668968E7
5.178196E7
5.190788E7
5.2046856E7
5.2198912E7
5.2363984E7
5.2541904E7
5.2732408E7
5.293512E7
5.3149592E7
5.3375264E7
5.3611528E7
5.3857664E7
5.4112944E7
5.4376536E7
5.4647608E7
5.4925296E7
5.5208696E7
5.549692E7
5.5789048E7
5.60842E7
5.638148E7
5.6679992E7
5.6978896E7
5.7277328E7
5.7574488E7
5.7869576E7
5.8161792E7
5.8450424E7
5.8734744E7
5.901408E7
5.92878E7
5.955532E7
5.981612E7
6.0069712E7
6.031572E7
6.0553808E7
6.0783752E7
6.1005416E7
6.121876E7
6.1423856E7
6.1620864E7
6.181008E7
6.1991904E7
6.2166824E7
6.233544E7
6.2498448E7
6.2656624E7
6.2810792E7
6.2961856E7
6.3110728E7
6.325836E7
6.340568E7
6.3553624E7
6.3703056E7
6.38548E7
6.4009616E7
6.416816E7
6.4331E7
6.4498592E7
6.4671248E7
6.4849192E7
6.5032512E7
6.522112E7
6.5414864E7
6.5613392E7
6.5816288E7
6.6022968E7
6.6232776E7
6.6444904E7
6.6658512E7
6.6872624E7
6.7086232E7
6.7298264E7
6.75076E7
6.771312E7
6.7913688E7
6.8108168E7
6.829548E7
6.847456E7
6.8644416E7
6.8804104E7
6.8952784E7
6.908968E7
6.921412E7
6.9325528E7
6.9423416E7
6.9507408E7
6.9577208E7
6.9632608E7
6.9673512E7
6.9699864E7
6.971172E7
6.9709168E7
6.9692376E7
6.966156E7
6.9616968E7
6.9558904E7
6.9487696E7
6.940372E7
6.9307384E7
6.9199112E7
6.907936E7
6.8948624E7
6.8807416E7
6.8656288E7
6.8495792E7
6.8326544E7
6.8149144E7
6.796424E7
6.7772504E7
6.7574592E7
6.7371216E7
6.7163048E7
6.6950808E7
6.6735184E7
6.6516896E7
6.6296624E7
6.6075072E7
6.5852912E7
6.5630824E7
6.540948E7
6.5189544E7
6.4971648E7
6.4756456E7
6.4544608E7
6.4336736E7
6.4133456E7
6.3935408E7
6.3743176E7
6.3557352E7
6.3378504E7
6.3207176E7
6.3043856E7
6.288904E7
6.2743128E7
6.2606496E7
6.2479456E7
6.2362264E7
6.2255096E7
6.2158064E7
6.207124E7
6.1994576E7
6.1927984E7
6.1871312E7
6.1824352E7
6.1786816E7
6.1758384E7
6.1738696E7
6.1727328E7
6.1723864E7
6.1727856E7
6.173884E7
6.1756376E7
6.178004E7
6.1809392E7
6.184408E7
6.1883776E7
6.1928192E7
6.1977144E7
6.2030472E7
6.2088128E7
6.2150112E7
6.2216552E7
6.2287608E7
6.2363576E7
6.2444784E7
6.2531664E7
6.2624728E7
6.2724528E7
6.2831688E7
6.2946856E7
6.307072E7
6.3203968E7
6.3347312E7
6.3501424E7
6.3666936E7
6.384444E7
6.403444E7
6.4237368E7
6.4453536E7
6.4683152E7
6.4926264E7
6.5182808E7
6.5452552E7
6.5735112E7
6.6029952E7
6.633636E7
6.6653512E7
6.69804E7
6.7315912E7
6.7658808E7
6.8007728E7
6.836124E7
6.8717864E7
6.907604E7
6.9434224E7
6.9790816E7
7.0144288E7
7.0493128E7
7.0835872E7
7.1171128E7
7.1497632E7
7.181416E7
7.211964E7
7.2413096E7
7.2693664E7
7.2960616E7
7.3213304E7
7.3451232E7
7.3673968E7
7.3881224E7
7.4072744E7
7.42484E7
7.4408104E7
7.4551832E7
7.4679632E7
7.4791568E7
7.488776E7
7.4968352E7
7.5033496E7
7.5083368E7
7.5118144E7
7.5138016E7
7.514316E7
7.513372E7
7.5109856E7
7.5071664E7
7.5019224E7
7.4952584E7
7.4871736E7
7.4776624E7
7.4667136E7
7.4543112E7
7.4404344E7
7.425056E7
7.4081472E7
7.3896728E7
7.3695976E7
7.3478848E7
7.3244968E7
7.2994024E7
7.2725688E7
7.2439736E7
7.2136008E7
7.1814456E7
7.1475104E7
7.1118144E7
7.074388E7
7.0352752E7
6.9945376E7
6.9522512E7
6.908504E7
6.863404E7
6.817068E7
6.7696312E7
6.7212368E7
6.6720432E7
6.6222128E7
6.5719232E7
6.5213528E7
6.4706888E7
6.42012E7
6.369836E7
6.320028E7
6.270884E7
6.222588E7
6.1753208E7
6.1292536E7
6.0845512E7
6.0413672E7
5.9998488E7
5.960128E7
5.9223256E7
5.8865528E7
5.8529048E7
5.8214664E7
5.792308E7
5.7654896E7
5.741056E7
5.7190408E7
5.6994648E7
5.682336E7
5.6676488E7
5.6553856E7
5.6455144E7
5.6379904E7
5.6327536E7
5.6297288E7
5.628828E7
5.6299464E7
5.6329664E7
5.6377544E7
5.6441616E7
5.6520288E7
5.661184E7
5.6714424E7
5.6826144E7
5.6945016E7
5.7069E7
5.7196064E7
5.7324168E7
5.745132E7
5.7575568E7
5.7695072E7
5.780808E7
5.7913016E7
5.8008408E7
5.8093016E7
5.8165744E7
5.8225688E7
5.8272176E7
5.830472E7
5.8323024E7
5.8326992E7
5.8316712E7
5.8292432E7
5.8254568E7
5.8203656E7
5.81404E7
5.8065576E7
5.7980088E7
5.7884904E7
5.7781072E7
5.7669712E7
5.7551992E7
5.7429112E7
5.7302328E7
5.7172896E7
5.704212E7
5.691128E7
5.6781688E7
5.6654624E7
5.653136E7
5.6413144E7
5.6301144E7
5.6196504E7
5.6100304E7
5.6013544E7
5.593712E7
5.5871832E7
5.5818392E7
5.57774E7
5.574932E7
5.573452E7
5.573324E7
5.5745608E7
5.5771648E7
5.5811256E7
5.586428E7
5.593044E7
5.6009408E7
5.6100776E7
5.6204112E7
5.6318936E7
5.6444736E7
5.6581008E7
5.6727216E7
5.688288E7
5.704748E7
5.7220536E7
5.7401568E7
5.7590128E7
5.778576E7
5.7988008E7
5.8196408E7
5.841048E7
5.862972E7
5.8853568E7
5.9081416E7
5.9312592E7
5.9546336E7
5.9781816E7
6.0018112E7
6.0254216E7
6.0489024E7
6.0721352E7
6.0949952E7
6.117348E7
6.139056E7
6.1599792E7
6.1799712E7
6.1988896E7
6.2165928E7
6.2329424E7
6.2478088E7
6.2610656E7
6.2726E7
6.2823096E7
6.2901032E7
6.295904E7
6.2996528E7
6.3013016E7
6.3008192E7
6.2981936E7
6.2934224E7
6.286524E7
6.2775296E7
6.2664848E7
6.253448E7
6.2384912E7
6.2217E7
6.2031672E7
6.1830016E7
6.1613168E7
6.138236E7
6.1138944E7
6.088432E7
6.0619952E7
6.03474E7
6.0068264E7
5.97842E7
5.9496928E7
5.9208184E7
5.8919736E7
5.8633392E7
5.835096E7
5.8074224E7
5.7804968E7
5.7544936E7
5.7295824E7
5.7059272E7
5.683684E7
5.6630008E7
5.6440128E7
5.6268496E7
5.6116224E7
5.598436E7
5.5873808E7
5.5785328E7
5.5719592E7
5.5677136E7
5.565836E7
5.5663584E7
5.5693016E7
5.5746752E7
5.5824816E7
5.5927152E7
5.6053584E7
5.6203896E7
5.6377784E7
5.6574824E7
5.679456E7
5.7036392E7
5.729964E7
5.7583504E7
5.7887064E7
5.8209256E7
5.8548912E7
5.8904688E7
5.927508E7
5.965848E7
6.005312E7
6.0457104E7
6.0868424E7
6.1284992E7
6.1704632E7
6.2125144E7
6.2544328E7
6.2960016E7
6.3370104E7
6.3772584E7
6.41656E7
6.4547464E7
6.4916696E7
6.5272048E7
6.5612512E7
6.593736E7
6.6246128E7
6.6538648E7
6.6815008E7
6.7075584E7
6.7320992E7
6.7552096E7
6.7769968E7
6.7975872E7
6.8171232E7
6.8357592E7
6.8536616E7
6.871004E7
6.8879616E7
6.9047128E7
6.9214352E7
6.9383024E7
6.9554776E7
6.9731216E7
6.9913784E7
7.010384E7
7.03026E7
7.0511112E7
7.0730288E7
7.0960832E7
7.1203312E7
7.1458096E7
7.1725352E7
7.2005112E7
7.2297192E7
7.2601248E7
7.291676E7
7.3243048E7
7.3579312E7
7.3924584E7
7.4277776E7
7.4637696E7
7.5003056E7
7.5372496E7
7.5744584E7
7.6117832E7
7.649072E7
7.6861712E7
7.7229256E7
7.7591808E7
7.7947848E7
7.829588E7
7.8634456E7
7.8962184E7
7.9277736E7
7.9579856E7
7.9867392E7
8.013928E7
8.039456E7
8.0632392E7
8.0852072E7
8.1053008E7
8.1234752E7
8.1397E7
8.1539584E7
8.1662472E7
8.1765768E7
8.1849744E7
8.1914744E7
8.1961272E7
8.198996E7
8.2001496E7
8.1996704E7
8.1976456E7
8.1941736E7
8.1893552E7
8.1832976E7
8.176112E7
8.167912E7
8.1588112E7
8.148928E7
8.1383784E7
8.1272752E7
8.115736E7
8.1038712E7
8.0917896E7
8.0796024E7
8.0674104E7
8.0553168E7
8.0434176E7
8.0318056E7
8.0205728E7
8.0098032E7
7.9995768E7
7.9899688E7
7.9810504E7
7.9728856E7
7.965532E7
7.9590416E7
7.95346E7
7.9488232E7
7.9451608E7
7.9424952E7
7.9408384E7
7.9401952E7
7.94056E7
7.9419176E7
7.9442448E7
7.947508E7
7.951664E7
7.9566624E7
7.9624384E7
7.9689232E7
7.97604E7
7.9837E7
7.991812E7
8.00028E7
8.0090008E7
8.0178728E7
8.0267904E7
8.0356544E7
8.0443632E7
8.0528272E7
8.0609576E7
8.06868E7
8.075928E7
8.0826488E7
8.0888032E7
8.094364E7
8.0993232E7
8.103684E7
8.1074656E7
8.110704E7
8.1134472E7
8.1157552E7
8.1177016E7
8.1193688E7
8.1208504E7
8.1222424E7
8.123648E7
8.1251704E7
8.1269144E7
8.1289824E7
8.1314688E7
8.134464E7
8.1380464E7
8.1422848E7
8.1472328E7
8.1529296E7
8.1593992E7
8.1666456E7
8.1746592E7
8.1834104E7
8.1928512E7
8.2029208E7
8.2135416E7
8.2246216E7
8.2360568E7
8.2477352E7
8.2595352E7
8.2713288E7
8.282988E7
8.2943808E7
8.3053768E7
8.3158488E7
8.325676E7
8.3347416E7
8.3429408E7
8.3501736E7
8.356356E7
8.361412E7
8.3652784E7
8.3679072E7
8.36926E7
8.3693144E7
8.3680592E7
8.365496E7
8.3616408E7
8.3565192E7
8.3501696E7
8.3426376E7
8.333984E7
8.3242736E7
8.31358E7
8.3019848E7
8.2895728E7
8.2764352E7
8.2626656E7
8.2483576E7
8.2336104E7
8.2185184E7
8.203176E7
8.1876768E7
8.1721064E7
8.1565512E7
8.1410888E7
8.1257944E7
8.1107352E7
8.0959712E7
8.0815576E7
8.0675424E7
8.0539664E7
8.0408656E7
8.0282696E7
8.0162048E7
8.0046896E7
7.9937432E7
7.9833824E7
7.9736192E7
7.9644696E7
7.9559464E7
7.948068E7
7.9408528E7
7.9343208E7
7.9284984E7
7.9234104E7
7.9190904E7
7.9155696E7
7.9128824E7
7.9110672E7
7.9101592E7
7.9101936E7
7.9112064E7
7.9132272E7
7.91628E7
7.920388E7
7.925564E7
7.9318128E7
7.9391312E7
7.9475064E7
7.9569152E7
7.9673224E7
7.9786808E7
7.9909328E7
8.0040088E7
8.0178264E7
8.0322936E7
8.0473072E7
8.0627536E7
8.078512E7
8.0944528E7
8.1104416E7
8.1263392E7
8.1420048E7
8.1572976E7
8.1720768E7
8.1862064E7
8.1995568E7
8.2120064E7
8.2234416E7
8.23376E7
8.2428744E7
8.250712E7
8.2572112E7
8.262332E7
8.266048E7
8.2683504E7
8.2692488E7
8.268768E7
8.2669504E7
8.2638528E7
8.2595472E7
8.2541176E7
8.2476608E7
8.2402816E7
8.232092E7
8.223212E7
8.2137608E7
8.203864E7
8.1936424E7
8.1832152E7
8.172696E7
8.162196E7
8.151816E7
8.1416488E7
8.1317784E7
8.1222784E7
8.113216E7
8.1046464E7
8.096616E7
8.0891632E7
8.08232E7
8.0761112E7
8.0705544E7
8.0656656E7
8.0614552E7
8.057932E7
8.0551E7
8.0529664E7
8.051532E7
8.0508E7
8.050772E7
8.051448E7
8.052828E7
8.0549064E7
8.05768E7
8.0611416E7
8.06528E7
8.07008E7
8.0755232E7
8.081588E7
8.0882464E7
8.0954656E7
8.1032088E7
8.1114352E7
8.120096E7
8.1291416E7
8.1385144E7
8.1481584E7
8.1580072E7
8.1679984E7
8.1780608E7
8.1881264E7
8.1981232E7
8.2079792E7
8.2176256E7
8.2269928E7
8.236012E7
8.2446208E7
8.2527608E7
8.2603776E7
8.2674232E7
8.2738584E7
8.2796512E7
8.2847784E7
8.2892264E7
8.2929904E7
8.2960784E7
8.2985056E7
8.3002976E7
8.3014904E7
8.3021272E7
8.30226E7
8.301948E7
8.301256E7
8.3002536E7
8.299016E7
8.2976192E7
8.2961432E7
8.2946672E7
8.2932704E7
8.2920336E7
8.2910352E7
8.2903488E7
8.2900504E7
8.2902104E7
8.2908944E7
8.292168E7
8.2940912E7
8.2967184E7
8.3001016E7
8.3042856E7
8.3093136E7
8.3152184E7
8.3220328E7
8.3297784E7
8.3384744E7
8.348132E7
8.3587568E7
8.3703488E7
8.3829016E7
8.3964024E7
8.4108328E7
8.4261704E7
8.4423888E7
8.4594544E7
8.4773312E7
8.4959824E7
8.5153664E7
8.5354376E7
8.556152E7
8.5774632E7
8.5993216E7
8.6216808E7
8.644492E7
8.6677072E7
8.6912784E7
8.71516E7
8.7393072E7
8.763676E7
8.7882248E7
8.8129144E7
8.837708E7
8.8625696E7
8.887468E7
8.9123736E7
8.9372592E7
8.9620992E7
8.9868696E7
9.011548E7
9.036116E7
9.0605512E7
9.0848352E7
9.1089448E7
9.1328616E7
9.1565632E7
9.180024E7
9.2032216E7
9.226128E7
9.248716E7
9.2709536E7
9.2928128E7
9.31426E7
9.3352624E7
9.3557896E7
9.375808E7
9.3952856E7
9.4141952E7
9.4325072E7
9.4501952E7
9.4672368E7
9.4836112E7
9.4993008E7
9.5142912E7
9.5285696E7
9.5421288E7
9.5549624E7
9.5670688E7
9.5784488E7
9.5891064E7
9.5990472E7
9.6082824E7
9.6168232E7
9.624688E7
9.6318944E7
9.6384656E7
9.6444272E7
9.6498096E7
9.6546448E7
9.6589704E7
9.6628272E7
9.6662568E7
9.6693072E7
9.6720272E7
9.6744704E7
9.6766896E7
9.6787416E7
9.680684E7
9.6825744E7
9.684472E7
9.6864312E7
9.6885088E7
9.6907592E7
9.693232E7
9.6959752E7
9.6990336E7
9.7024448E7
9.706244E7
9.71046E7
9.7151176E7
9.7202336E7
9.72582E7
9.731884E7
9.7384248E7
9.745436E7
9.752908E7
9.760824E7
9.7691632E7
9.7779E7
9.7870072E7
9.7964528E7
9.8062056E7
9.8162328E7
9.8265024E7
9.8369816E7
9.8476424E7
9.8584584E7
9.8694056E7
9.880468E7
9.8916296E7
9.9028824E7
9.9142248E7
9.925656E7
9.9371856E7
9.9488256E7
9.9605936E7
9.9725128E7
9.9846112E7
9.9969192E7
1.00094736E8
1.00223152E8
1.00354864E8
1.00490352E8
1.00630128E8
1.0077472E8
1.00924712E8
1.01080688E8
1.01243272E8
1.01413112E8
1.01590856E8
1.01777192E8
1.01972776E8
1.02178272E8
1.02394352E8
1.02621648E8
1.0286076E8
1.03112264E8
1.0337664E8
1.03654368E8
1.03945824E8
1.04251288E8
1.04570984E8
1.04905056E8
1.0525352E8
1.05616328E8
1.05993336E8
1.06384312E8
1.06788944E8
1.0720688E8
1.07637656E8
1.08080792E8
1.08535776E8
1.09002048E8
1.09479056E8
1.0996624E8
1.10463064E8
1.10969E8
1.11483576E8
1.12006344E8
1.1253692E8
1.13074984E8
1.13620272E8
1.14172568E8
1.14731752E8
1.15297744E8
1.15870552E8
1.16450216E8
1.17036832E8
1.17630584E8
1.18231632E8
1.18840216E8
1.19456584E8
1.20080976E8
1.2071368E8
1.21354912E8
1.22004928E8
1.22663928E8
1.23332096E8
1.24009552E8
1.24696384E8
1.25392616E8
1.26098232E8
1.26813144E8
1.27537216E8
1.28270232E8
1.29011928E8
1.29761992E8
1.30520032E8
1.31285608E8
1.32058232E8
1.32837328E8
1.33622312E8
1.34412512E8
1.352072E8
1.360056E8
1.3680688E8
1.37610144E8
1.38414432E8
1.39218728E8
1.40021968E8
1.40823008E8
1.41620664E8
1.42413704E8
1.43200832E8
1.43980728E8
1.44752016E8
1.4551332E8
1.46263232E8
1.4700036E8
1.47723304E8
1.4843068E8
1.49121184E8
1.49793528E8
1.50446504E8
1.51078984E8
1.5168996E8
1.52278488E8
1.528438E8
1.53385208E8
1.53902208E8
1.54394392E8
1.54861552E8
1.55303568E8
1.55720512E8
1.56112568E8
1.56480064E8
1.56823448E8
1.57143272E8
1.57440208E8
1.57715016E8
1.57968512E8
1.58201592E8
1.58415208E8
1.58610344E8
1.58788008E8
1.58949224E8
1.59095016E8
1.59226408E8
1.59344392E8
1.59449944E8
1.59543992E8
1.59627424E8
1.59701064E8
1.59765664E8
1.59821896E8
1.59870352E8
1.59911536E8
1.59945816E8
1.59973488E8
1.59994672E8
1.600094E8
1.60017568E8
1.6001892E8
1.60013096E8
1.59999568E8
1.59977704E8
1.5994676E8
1.59905888E8
1.59854128E8
1.59790464E8
1.5971384E8
1.59623136E8
1.59517256E8
1.59395104E8
1.59255624E8
1.59097832E8
1.58920848E8
1.5872388E8
1.58506304E8
1.58267616E8
1.58007544E8
1.5772596E8
1.57422936E8
1.57098808E8
1.56754072E8
1.56389464E8
1.56005952E8
1.55604696E8
1.55187064E8
1.54754608E8
1.54309056E8
1.53852288E8
1.5338632E8
1.52913264E8
1.52435312E8
1.5195472E8
1.5147376E8
1.50994712E8
1.50519832E8
1.50051328E8
1.49591344E8
1.49141912E8
1.48704992E8
1.48282408E8
1.47875856E8
1.47486928E8
1.47117016E8
1.46767424E8
1.46439296E8
1.46133624E8
1.4585128E8
1.45592976E8
1.45359296E8
1.45150704E8
1.4496752E8
1.44809952E8
1.44678088E8
1.44571904E8
1.4449128E8
1.44435968E8
1.4440568E8
1.44399992E8
1.44418464E8
1.44460552E8
1.44525688E8
1.44613248E8
1.44722544E8
1.4485292E8
1.4500364E8
1.45173952E8
1.45363104E8
1.45570296E8
1.45794704E8
1.4603548E8
1.46291728E8
1.46562512E8
1.46846864E8
1.47143752E8
1.47452104E8
1.477708E8
1.4809868E8
1.4843456E8
1.48777192E8
1.49125352E8
1.49477776E8
1.49833232E8
1.50190488E8
1.50548352E8
1.50905664E8
1.51261328E8
1.51614296E8
1.51963608E8
1.52308344E8
1.5264768E8
1.52980824E8
1.53307096E8
1.53625856E8
1.53936528E8
1.54238576E8
1.54531528E8
1.5481496E8
1.55088456E8
1.55351672E8
1.55604256E8
1.55845896E8
1.56076312E8
1.56295224E8
1.56502376E8
1.56697544E8
1.56880488E8
1.5705104E8
1.57208984E8
1.57354168E8
1.57486448E8
1.57605696E8
1.57711816E8
1.57804736E8
1.57884408E8
1.57950824E8
1.58003992E8
1.58043984E8
1.58070896E8
1.58084848E8
1.58086032E8
1.58074656E8
1.58051E8
1.58015376E8
1.57968144E8
1.5790972E8
1.5784056E8
1.57761192E8
1.57672168E8
1.57574104E8
1.57467656E8
1.57353544E8
1.5723252E8
1.5710536E8
1.5697292E8
1.56836056E8
1.56695664E8
1.56552696E8
1.56408112E8
1.56262896E8
1.56118072E8
1.55974696E8
1.558338E8
1.55696496E8
1.55563896E8
1.55437112E8
1.55317304E8
1.55205632E8
1.5510328E8
1.55011424E8
1.5493128E8
1.5486404E8
1.54810904E8
1.54773064E8
1.54751672E8
1.54747904E8
1.54762856E8
1.54797608E8
1.548532E8
1.54930608E8
1.5503072E8
1.55154392E8
1.55302384E8
1.55475376E8
1.55673952E8
1.558986E8
1.5614972E8
1.56427608E8
1.56732448E8
1.5706432E8
1.574232E8
1.57808968E8
1.58221384E8
1.58660104E8
1.5912468E8
1.59614568E8
1.60129104E8
1.60667536E8
1.61229E8
1.6181252E8
1.62417024E8
1.63041328E8
1.63684152E8
1.6434412E8
1.6501972E8
1.6570936E8
1.66411384E8
1.67124E8
1.67845376E8
1.685736E8
1.6930672E8
1.70042744E8
1.70779656E8
1.71515472E8
1.72248192E8
1.72975912E8
1.73696736E8
1.74408904E8
1.75110736E8
1.75800672E8
1.76477296E8
1.77139344E8
1.77785696E8
1.78415416E8
1.79027744E8
1.79622064E8
1.80197936E8
1.80755112E8
1.8129348E8
1.8181308E8
1.82314096E8
1.82796832E8
1.83261696E8
1.83709224E8
1.84140008E8
1.84554704E8
1.84954048E8
1.85338776E8
1.85709664E8
1.86067496E8
1.86413032E8
1.86747016E8
1.87070168E8
1.8738316E8
1.87686616E8
1.87981096E8
1.88267096E8
1.88545064E8
1.88815392E8
1.89078376E8
1.89334272E8
1.89583288E8
1.8982556E8
1.90061192E8
1.90290248E8
1.90512744E8
1.90728704E8
1.9093808E8
1.9114088E8
1.91337048E8
1.91526568E8
1.91709408E8
1.91885592E8
1.92055128E8
1.92218056E8
1.9237448E8
1.92524504E8
1.92668288E8
1.92806048E8
1.92938016E8
1.9306448E8
1.93185768E8
1.93302248E8
1.93414328E8
1.93522416E8
1.93626952E8
1.93728408E8
1.93827224E8
1.93923856E8
1.94018728E8
1.94112264E8
1.94204832E8
1.94296776E8
1.94388408E8
1.94479992E8
1.94571744E8
1.94663848E8
1.94756448E8
1.94849688E8
1.94943632E8
1.95038368E8
1.95133976E8
1.9523052E8
1.9532808E8
1.95426728E8
1.9552656E8
1.95627712E8
1.95730288E8
1.95834448E8
1.95940336E8
1.96048128E8
1.96157992E8
1.96270088E8
1.96384584E8
1.965016E8
1.96621288E8
1.96743744E8
1.96869024E8
1.969972E8
1.97128288E8
1.97262296E8
1.97399192E8
1.9753892E8
1.97681448E8
1.97826696E8
1.97974584E8
1.9812504E8
1.98278E8
1.98433408E8
1.98591208E8
1.98751376E8
1.98913888E8
1.99078744E8
1.99245968E8
1.99415584E8
1.9958764E8
1.99762184E8
1.99939288E8
2.00119024E8
2.00301472E8
2.00486704E8
2.00674808E8
2.0086588E8
2.01060008E8
2.01257296E8
2.01457848E8
2.01661792E8
2.0186928E8
2.02080432E8
2.02295448E8
2.0251452E8
2.02737848E8
2.0296568E8
2.03198272E8
2.03435888E8
2.03678808E8
2.03927296E8
2.04181656E8
2.0444212E8
2.0470896E8
2.0498236E8
2.05262512E8
2.0554952E8
2.0584348E8
2.06144368E8
2.0645212E8
2.06766608E8
2.07087624E8
2.07414856E8
2.0774796E8
2.08086496E8
2.08429976E8
2.08777832E8
2.09129456E8
2.09484216E8
2.09841432E8
2.10200392E8
2.10560408E8
2.1092076E8
2.11280752E8
2.11639712E8
2.11996968E8
2.1235192E8
2.12703984E8
2.13052608E8
2.13397312E8
2.13737672E8
2.14073288E8
2.1440384E8
2.14729072E8
2.15048768E8
2.153628E8
2.15671072E8
2.15973584E8
2.16270392E8
2.16561608E8
2.16847416E8
2.17128064E8
2.17403856E8
2.17675168E8
2.17942432E8
2.18206128E8
2.18466808E8
2.18725024E8
2.18981432E8
2.19236664E8
2.19491416E8
2.19746376E8
2.20002216E8
2.20259656E8
2.20519336E8
2.20781864E8
2.21047816E8
2.21317672E8
2.2159184E8
2.218706E8
2.22154152E8
2.22442536E8
2.22735664E8
2.2303332E8
2.23335144E8
2.23640608E8
2.23949096E8
2.24259832E8
2.2457196E8
2.24884512E8
2.25196464E8
2.25506712E8
2.2581416E8
2.26117688E8
2.26416192E8
2.26708608E8
2.26993912E8
2.27271184E8
2.27539584E8
2.27798336E8
2.28046808E8
2.28284496E8
2.28510984E8
2.28725976E8
2.2892932E8
2.29120952E8
2.2930092E8
2.29469368E8
2.29626512E8
2.29772664E8
2.29908192E8
2.30033472E8
2.3014896E8
2.30255096E8
2.30352312E8
2.30441072E8
2.30521776E8
2.30594816E8
2.30660552E8
2.30719288E8
2.3077132E8
2.30816872E8
2.3085616E8
2.30889408E8
2.30916808E8
2.3093856E8
2.3095492E8
2.30966176E8
2.30972696E8
2.3097496E8
2.30973536E8
2.30969128E8
2.309626E8
2.30954992E8
2.30947488E8
2.3094148E8
2.30938536E8
2.309404E8
2.30948984E8
2.30966344E8
2.3099468E8
2.31036272E8
2.3109348E8
2.31168688E8
2.31264288E8
2.31382576E8
2.31525776E8
2.31695992E8
2.31895088E8
2.3212476E8
2.32386448E8
2.32681264E8
2.33010072E8
2.33373408E8
2.33771456E8
2.34204112E8
2.34670928E8
2.35171168E8
2.35703792E8
2.3626752E8
2.36860816E8
2.37481936E8
2.38128968E8
2.38799856E8
2.39492424E8
2.4020444E8
2.40933616E8
2.41677648E8
2.42434248E8
2.43201168E8
2.43976216E8
2.44757272E8
2.45542312E8
2.46329408E8
2.4711676E8
2.47902664E8
2.4868552E8
2.49463872E8
2.50236336E8
2.5100164E8
2.51758608E8
2.52506144E8
2.53243224E8
2.53968888E8
2.5468224E8
2.5538244E8
2.56068688E8
2.56740232E8
2.57396392E8
2.58036488E8
2.58659936E8
2.59266192E8
2.59854784E8
2.60425288E8
2.60977392E8
2.61510856E8
2.62025504E8
2.62521312E8
2.62998296E8
2.63456632E8
2.63896544E8
2.64318416E8
2.64722664E8
2.65109848E8
2.65480576E8
2.65835544E8
2.66175512E8
2.6650128E8
2.6681372E8
2.67113696E8
2.6740212E8
2.67679928E8
2.67948064E8
2.68207472E8
2.68459096E8
2.68703904E8
2.68942856E8
2.69176896E8
2.69406992E8
2.69634096E8
2.69859176E8
2.70083176E8
2.70307032E8
2.7053168E8
2.70758016E8
2.70986896E8
2.71219152E8
2.71455544E8
2.71696752E8
2.71943392E8
2.72195984E8
2.72454904E8
2.72720432E8
2.72992712E8
2.73271752E8
2.73557416E8
2.73849392E8
2.7414724E8
2.74450408E8
2.74758136E8
2.75069608E8
2.75383856E8
2.75699832E8
2.7601644E8
2.76332488E8
2.76646816E8
2.76958224E8
2.77265592E8
2.77567832E8
2.77863936E8
2.7815304E8
2.784344E8
2.78707432E8
2.78971712E8
2.79226984E8
2.794732E8
2.7971048E8
2.79939104E8
2.80159536E8
2.8037236E8
2.80578344E8
2.80778296E8
2.8097316E8
2.81163904E8
2.8135156E8
2.81537136E8
2.81721648E8
2.81906048E8
2.82091256E8
2.82278088E8
2.8246728E8
2.8265944E8
2.82855056E8
2.83054512E8
2.83258016E8
2.83465664E8
2.83677392E8
2.83893E8
2.8411216E8
2.84334408E8
2.84559128E8
2.84785624E8
2.8501308E8
2.85240568E8
2.85467112E8
2.85691672E8
2.85913136E8
2.86130392E8
2.86342312E8
2.86547792E8
2.86745736E8
2.86935152E8
2.87115088E8
2.87284704E8
2.87443272E8
2.87590216E8
2.87725072E8
2.8784756E8
2.87957576E8
2.8805516E8
2.88140536E8
2.8821408E8
2.88276368E8
2.8832808E8
2.88370048E8
2.88403192E8
2.88428536E8
2.88447192E8
2.88460296E8
2.88469E8
2.88474456E8
2.88477808E8
2.88480128E8
2.88482448E8
2.8848572E8
2.884908E8
2.88498472E8
2.88509368E8
2.8852408E8
2.88543048E8
2.88566632E8
2.8859508E8
2.88628552E8
2.88667104E8
2.88710712E8
2.8875928E8
2.88812592E8
2.88870408E8
2.88932392E8
2.88998144E8
2.89067192E8
2.89139032E8
2.89213064E8
2.89288664E8
2.89365136E8
2.89441752E8
2.8951772E8
2.89592256E8
2.89664488E8
2.89733544E8
2.8979856E8
2.8985864E8
2.8991288E8
2.89960416E8
2.90000384E8
2.90031968E8
2.90054392E8
2.90066944E8
2.90068952E8
2.90059864E8
2.90039168E8
2.9000648E8
2.89961496E8
2.89904056E8
2.89834088E8
2.89751632E8
2.8965688E8
2.8955012E8
2.8943176E8
2.89302344E8
2.89162512E8
2.89012992E8
2.88854632E8
2.88688352E8
2.88515144E8
2.88336064E8
2.881522E8
2.87964656E8
2.87774576E8
2.87583064E8
2.8739124E8
2.87200144E8
2.87010808E8
2.86824152E8
2.86641056E8
2.86462328E8
2.86288656E8
2.86120656E8
2.85958848E8
2.85803688E8
2.85655504E8
2.85514616E8
2.85381224E8
2.85255512E8
2.85137616E8
2.8502764E8
2.84925704E8
2.84831912E8
2.84746392E8
2.84669296E8
2.84600848E8
2.8454128E8
2.84490912E8
2.84450104E8
2.84419296E8
2.84398992E8
2.8438976E8
2.84392216E8
2.84407032E8
2.84434936E8
2.84476696E8
2.84533096E8
2.84604936E8
2.84693048E8
2.84798232E8
2.8492128E8
2.85062968E8
2.85224008E8
2.85405064E8
2.85606752E8
2.85829576E8
2.86073984E8
2.8634028E8
2.86628704E8
2.86939352E8
2.87272216E8
2.87627128E8
2.88003832E8
2.88401912E8
2.88820864E8
2.8926004E8
2.89718672E8
2.90195928E8
2.90690824E8
2.91202344E8
2.91729336E8
2.9227064E8
2.92824992E8
2.93391064E8
2.9396752E8
2.9455296E8
2.95145936E8
2.95745008E8
2.96348656E8
2.96955392E8
2.97563656E8
2.9817192E8
2.98778632E8
2.99382232E8
2.99981168E8
3.0057392E8
3.01158984E8
3.0173488E8
3.02300216E8
3.02853648E8
3.03393904E8
3.03919848E8
3.044304E8
3.0492468E8
3.05401896E8
3.05861448E8
3.06302888E8
3.0672596E8
3.07130552E8
3.07516784E8
3.07884888E8
3.08235304E8
3.08568632E8
3.08885608E8
3.09187072E8
3.09474E8
3.0974744E8
3.1000848E8
3.10258288E8
3.10498E8
3.10728752E8
3.10951656E8
3.11167768E8
3.11378056E8
3.11583424E8
3.11784672E8
3.11982512E8
3.1217752E8
3.123702E8
3.1256096E8
3.12750112E8
3.1293788E8
3.13124456E8
3.13309984E8
3.1349456E8
3.1367828E8
3.13861288E8
3.14043712E8
3.14225728E8
3.14407592E8
3.14589592E8
3.14772096E8
3.1495556E8
3.15140472E8
3.15327424E8
3.15517032E8
3.15709984E8
3.15906976E8
3.1610876E8
3.16316056E8
3.16529616E8
3.16750144E8
3.16978344E8
3.17214832E8
3.1746024E8
3.17715096E8
3.1797992E8
3.18255136E8
3.18541128E8
3.18838256E8
3.19146784E8
3.1946696E8
3.19799008E8
3.20143072E8
3.20499296E8
3.2086776E8
3.21248544E8
3.2164164E8
3.22047056E8
3.22464688E8
3.2289444E8
3.23336112E8
3.23789432E8
3.24254096E8
3.2472968E8
3.2521568E8
3.25711536E8
3.26216584E8
3.26730064E8
3.27251144E8
3.27778944E8
3.28312504E8
3.28850808E8
3.293928E8
3.29937416E8
3.3048356E8
3.31030168E8
3.3157616E8
3.3212052E8
3.32662264E8
3.33200472E8
3.33734304E8
3.34263008E8
3.34785912E8
3.35302472E8
3.35812248E8
3.36314912E8
3.36810256E8
3.37298184E8
3.37778752E8
3.38252128E8
3.38718544E8
3.39178408E8
3.39632184E8
3.40080456E8
3.4052384E8
3.4096308E8
3.4139892E8
3.41832184E8
3.4226372E8
3.42694408E8
3.43125104E8
3.43556728E8
3.43990144E8
3.4442624E8
3.44865856E8
3.4530984E8
3.45758992E8
3.4621408E8
3.46675832E8
3.47144936E8
3.47622016E8
3.48107616E8
3.48602248E8
3.4910632E8
3.4962016E8
3.50144008E8
3.50677992E8
3.5122216E8
3.5177644E8
3.52340672E8
3.52914608E8
3.53497896E8
3.54090136E8
3.54690824E8
3.55299448E8
3.55915472E8
3.56538336E8
3.5716752E8
3.57802536E8
3.58442976E8
3.59088512E8
3.5973892E8
3.6039412E8
3.61054144E8
3.61719208E8
3.62389656E8
3.63066E8
3.63748912E8
3.64439192E8
3.65137776E8
3.6584572E8
3.6656416E8
3.67294304E8
3.68037368E8
3.68794616E8
3.69567224E8
3.7035636E8
3.71163056E8
3.71988216E8
3.72832616E8
3.73696824E8
3.74581192E8
3.75485888E8
3.764108E8
3.773556E8
3.7831972E8
3.7930236E8
3.80302496E8
3.81318896E8
3.82350152E8
3.8339472E8
3.84450928E8
3.8551704E8
3.86591248E8
3.87671752E8
3.88756784E8
3.89844632E8
3.90933688E8
3.92022464E8
3.93109632E8
3.9419404E8
3.95274696E8
3.96350816E8
3.97421816E8
3.98487296E8
3.99547072E8
4.00601064E8
4.016494E8
4.02692336E8
4.03730216E8
4.04763464E8
4.05792568E8
4.06818056E8
4.07840416E8
4.0886016E8
4.09877704E8
4.1089344E8
4.11907632E8
4.12920472E8
4.13932024E8
4.14942264E8
4.15951E8
4.1695796E8
4.17962744E8
4.18964816E8
4.19963568E8
4.2095828E8
4.21948144E8
4.22932296E8
4.23909792E8
4.24879664E8
4.25840896E8
4.26792456E8
4.27733328E8
4.28662496E8
4.29578976E8
4.30481816E8
4.31370136E8
4.3224312E8
4.33100056E8
4.33940296E8
4.34763336E8
4.35568776E8
4.36356344E8
4.3712592E8
4.37877496E8
4.38611248E8
4.39327456E8
4.4002656E8
4.40709136E8
4.41375896E8
4.42027664E8
4.42665368E8
4.4329004E8
4.43902792E8
4.445048E8
4.45097272E8
4.4568148E8
4.46258648E8
4.4683004E8
4.47396848E8
4.47960224E8
4.4852124E8
4.4908088E8
4.4964E8
4.50199352E8
4.5075952E8
4.5132092E8
4.5188384E8
4.52448344E8
4.53014328E8
4.53581528E8
4.54149472E8
4.54717536E8
4.55284912E8
4.55850672E8
4.56413728E8
4.56972912E8
4.57526944E8
4.5807452E8
4.58614296E8
4.5914492E8
4.5966508E8
4.60173544E8
4.60669144E8
4.6115084E8
4.61617736E8
4.62069072E8
4.6250428E8
4.62922968E8
4.63324936E8
4.63710168E8
4.64078824E8
4.64431288E8
4.6476808E8
4.65089904E8
4.65397632E8
4.65692224E8
4.65974808E8
4.66246624E8
4.6650896E8
4.66763248E8
4.67010944E8
4.672536E8
4.67492792E8
4.67730176E8
4.67967432E8
4.68206288E8
4.68448496E8
4.6869588E8
4.68950232E8
4.69213432E8
4.69487336E8
4.69773824E8
4.70074792E8
4.70392104E8
4.70727616E8
4.71083144E8
4.71460464E8
4.71861264E8
4.72287176E8
4.7273972E8
4.73220296E8
4.73730208E8
4.74270584E8
4.74842448E8
4.75446648E8
4.76083856E8
4.76754616E8
4.77459272E8
4.78198024E8
4.78970904E8
4.79777776E8
4.80618376E8
4.81492288E8
4.8239896E8
4.83337744E8
4.84307872E8
4.85308456E8
4.86338568E8
4.87397208E8
4.88483304E8
4.89595744E8
4.90733416E8
4.91895152E8
4.93079784E8
4.9428616E8
4.95513104E8
4.96759464E8
4.98024072E8
4.993058E8
5.00603472E8
5.01915968E8
5.0324212E8
5.04580744E8
5.05930672E8
5.07290664E8
5.08659464E8
5.10035784E8
5.11418264E8
5.12805488E8
5.14196008E8
5.15588312E8
5.16980816E8
5.18371904E8
5.19759928E8
5.21143176E8
5.22519976E8
5.23888592E8
5.25247344E8
5.2659456E8
5.27928632E8
5.29248016E8
5.30551272E8
5.31837072E8
5.33104216E8
5.34351648E8
5.35578496E8
5.36784048E8
5.37967792E8
5.39129408E8
5.40268776E8
5.41385944E8
5.42481168E8
5.43554864E8
5.44607632E8
5.45640176E8
5.4665336E8
5.4764812E8
5.4862548E8
5.4958652E8
5.50532336E8
5.51464032E8
5.5238268E8
5.53289328E8
5.54184944E8
5.55070408E8
5.55946512E8
5.56813944E8
5.5767324E8
5.58524808E8
5.5936896E8
5.60205832E8
5.61035424E8
5.61857608E8
5.62672168E8
5.63478744E8
5.6427688E8
5.65066064E8
5.65845688E8
5.66615128E8
5.67373752E8
5.68120896E8
5.68855952E8
5.69578328E8
5.7028752E8
5.70983072E8
5.71664664E8
5.72332048E8
5.7298512E8
5.73623872E8
5.74248456E8
5.74859136E8
5.75456296E8
5.76040472E8
5.76612304E8
5.7717252E8
5.77721976E8
5.78261592E8
5.78792392E8
5.79315408E8
5.79831776E8
5.80342624E8
5.80849128E8
5.81352456E8
5.81853768E8
5.82354256E8
5.82855048E8
5.83357304E8
5.83862112E8
5.843706E8
5.84883832E8
5.8540288E8
5.85928808E8
5.86462656E8
5.87005464E8
5.87558288E8
5.88122152E8
5.88698064E8
5.89287056E8
5.89890112E8
5.90508176E8
5.91142176E8
5.91792976E8
5.92461352E8
5.93148024E8
5.93853632E8
5.94578688E8
5.95323608E8
5.9608868E8
5.96874096E8
5.97679928E8
5.98506096E8
5.99352456E8
6.00218736E8
6.011046E8
6.02009608E8
6.02933256E8
6.03875016E8
6.04834264E8
6.05810392E8
6.06802728E8
6.07810624E8
6.0883336E8
6.09870232E8
6.1092052E8
6.11983448E8
6.13058248E8
6.14144072E8
6.15240048E8
6.16345232E8
6.17458632E8
6.18579144E8
6.19705624E8
6.20836808E8
6.21971392E8
6.23107936E8
6.24244976E8
6.25380952E8
6.26514264E8
6.27643272E8
6.28766344E8
6.2988184E8
6.30988168E8
6.32083776E8
6.3316724E8
6.3423724E8
6.352926E8
6.36332328E8
6.37355632E8
6.3836192E8
6.39350864E8
6.4032236E8
6.41276584E8
6.42213944E8
6.43135136E8
6.4404108E8
6.44932952E8
6.45812144E8
6.46680256E8
6.47539088E8
6.4839056E8
6.49236744E8
6.50079832E8
6.50922072E8
6.51765744E8
6.52613176E8
6.53466648E8
6.54328448E8
6.55200744E8
6.56085664E8
6.56985208E8
6.57901272E8
6.58835576E8
6.59789752E8
6.60765216E8
6.61763256E8
6.6278496E8
6.63831264E8
6.64902912E8
6.66000488E8
6.67124384E8
6.68274808E8
6.6945184E8
6.7065536E8
6.7188508E8
6.73140584E8
6.74421304E8
6.75726528E8
6.7705544E8
6.78407088E8
6.79780448E8
6.81174392E8
6.8258776E8
6.84019328E8
6.85467832E8
6.86932E8
6.88410568E8
6.89902256E8
6.9140584E8
6.92920064E8
6.94443752E8
6.95975736E8
6.97514872E8
6.99060048E8
7.0061016E8
7.02164128E8
7.03720832E8
7.05279176E8
7.06838048E8
7.08396272E8
7.09952672E8
7.11506032E8
7.13055064E8
7.14598464E8
7.16134904E8
7.17662968E8
7.19181264E8
7.20688344E8
7.22182776E8
7.23663112E8
7.25127944E8
7.26575856E8
7.28005496E8
7.29415584E8
7.30804872E8
7.32172248E8
7.33516656E8
7.34837168E8
7.36132984E8
7.37403448E8
7.3864804E8
7.39866392E8
7.41058304E8
7.42223752E8
7.43362872E8
7.44476016E8
7.4556368E8
7.46626552E8
7.47665496E8
7.4868156E8
7.49675952E8
7.50650032E8
7.51605328E8
7.52543496E8
7.5346632E8
7.54375696E8
7.55273632E8
7.56162224E8
7.57043624E8
7.57920064E8
7.58793784E8
7.59667104E8
7.6054232E8
7.6142172E8
7.62307608E8
7.63202232E8
7.64107784E8
7.650264E8
7.6596012E8
7.6691088E8
7.67880496E8
7.68870632E8
7.69882808E8
7.70918352E8
7.71978416E8
7.73063936E8
7.74175632E8
7.75314048E8
7.76479464E8
7.77671952E8
7.78891384E8
7.80137432E8
7.8140956E8
7.82707072E8
7.84029136E8
7.85374776E8
7.86742904E8
7.88132376E8
7.8954196E8
7.9097044E8
7.92416544E8
7.93879048E8
7.95356736E8
7.96848456E8
7.98353096E8
7.99869624E8
8.01397048E8
8.0293448E8
8.04481072E8
8.06036064E8
8.07598744E8
8.09168456E8
8.10744592E8
8.12326584E8
8.13913912E8
8.15506112E8
8.17102696E8
8.18703272E8
8.20307448E8
8.21914856E8
8.23525208E8
8.25138224E8
8.26753672E8
8.28371368E8
8.29991184E8
8.31613032E8
8.33236856E8
8.34862688E8
8.36490552E8
8.38120528E8
8.3975272E8
8.41387248E8
8.43024232E8
8.44663808E8
8.46306072E8
8.47951112E8
8.49598984E8
8.51249696E8
8.52903224E8
8.54559464E8
8.56218296E8
8.57879528E8
8.59542936E8
8.6120824E8
8.6287512E8
8.64543248E8
8.66212256E8
8.678818E8
8.6955152E8
8.71221088E8
8.72890184E8
8.74558552E8
8.76226E8
8.77892344E8
8.79557536E8
8.8122156E8
8.82884512E8
8.84546568E8
8.86207968E8
8.87869072E8
8.89530328E8
8.9119224E8
8.92855416E8
8.94520536E8
8.96188336E8
8.97859608E8
8.99535184E8
9.01215952E8
9.02902776E8
9.04596568E8
9.062982E8
9.08008536E8
9.09728376E8
9.11458496E8
9.13199576E8
9.14952208E8
9.16716912E8
9.18494064E8
9.20283944E8
9.22086696E8
9.23902344E8
9.2573076E8
9.27571688E8
9.29424744E8
9.3128944E8
9.3316516E8
9.35051192E8
9.36946728E8
9.38850904E8
9.40762816E8
9.42681504E8
9.44606016E8
9.46535392E8
9.48468704E8
9.50405048E8
9.52343616E8
9.54283608E8
9.56224352E8
9.5816524E8
9.6010576E8
9.62045504E8
9.63984152E8
9.65921488E8
9.678574E8
9.69791864E8
9.71724936E8
9.7365676E8
9.75587576E8
9.77517664E8
9.794474E8
9.81377184E8
9.83307504E8
9.85238856E8
9.87171816E8
9.89106952E8
9.91044896E8
9.9298628E8
9.94931768E8
9.96882048E8
9.98837784E8
1.00079968E9
1.002768432E9
1.004744728E9
1.006729248E9
1.008722696E9
1.010725728E9
1.012738992E9
1.014763136E9
1.016798776E9
1.018846512E9
1.02090692E9
1.022980568E9
1.025067984E9
1.027169688E9
1.029286184E9
1.031417904E9
1.033565304E9
1.035728792E9
1.037908752E9
1.040105528E9
1.04231944E9
1.044550744E9
1.046799696E9
1.049066464E9
1.051351208E9
1.053654016E9
1.05597496E9
1.058314032E9
1.060671208E9
1.063046408E9
1.06543952E9
1.067850392E9
1.070278864E9
1.072724712E9
1.075187744E9
1.07766768E9
1.08016428E9
1.082677256E9
1.085206328E9
1.08775116E9
1.090311432E9
1.092886776E9
1.095476816E9
1.09808112E9
1.10069924E9
1.10333068E9
1.105974888E9
1.108631288E9
1.111299248E9
1.11397808E9
1.116667072E9
1.119365472E9
1.122072488E9
1.124787328E9
1.127509208E9
1.130237352E9
1.132971008E9
1.135709496E9
1.138452192E9
1.141198584E9
1.14394828E9
1.146701E9
1.14945664E9
1.152215256E9
1.154977088E9
1.157742568E9
1.160512336E9
1.163287184E9
1.166068136E9
1.168856392E9
1.171653336E9
1.174460456E9
1.177279424E9
1.180112008E9
1.182960032E9
1.185825408E9
1.18871004E9
1.191615824E9
1.194544608E9
1.19749816E9
1.200478136E9
1.20348604E9
1.206523184E9
1.209590712E9
1.21268952E9
1.215820264E9
1.218983328E9
1.222178832E9
1.225406624E9
1.228666256E9
1.231956984E9
1.2352778E9
1.238627448E9
1.2420044E9
1.245406896E9
1.248832968E9
1.252280488E9
1.255747144E9
1.25923052E9
1.262728088E9
1.266237304E9
1.269755552E9
1.273280248E9
1.276808864E9
1.280338904E9
1.283868008E9
1.287393912E9
1.290914504E9
1.294427864E9
1.297932216E9
1.301426E9
1.304907872E9
1.308376696E9
1.311831568E9
1.315271792E9
1.318696928E9
1.32210676E9
1.325501264E9
1.32888068E9
1.332245416E9
1.335596128E9
1.338933624E9
1.342258912E9
1.345573144E9
1.34887764E9
1.352173824E9
1.35546328E9
1.358747648E9
1.36202868E9
1.365308192E9
1.368588032E9
1.371870144E9
1.375156448E9
1.378448904E9
1.381749464E9
1.385060104E9
1.388382736E9
1.391719256E9
1.39507152E9
1.398441312E9
1.401830336E9
1.405240208E9
1.40867244E9
1.412128432E9
1.41560944E9
1.419116592E9
1.422650848E9
1.426213024E9
1.429803768E9
1.43342356E9
1.43707272E9
1.440751424E9
1.444459688E9
1.4481974E9
1.451964296E9
1.455760032E9
1.459584176E9
1.463436224E9
1.467315608E9
1.471221744E9
1.475154016E9
1.479111856E9
1.483094704E9
1.487102032E9
1.491133376E9
1.495188336E9
1.499266584E9
1.503367856E9
1.507491992E9
1.51163884E9
1.515808384E9
1.520000592E9
1.524215512E9
1.528453216E9
1.53271376E9
1.536997208E9
1.541303624E9
1.545633008E9
1.54998532E9
1.554360472E9
1.558758296E9
1.563178576E9
1.567621E9
1.572085192E9
1.57657072E9
1.581077064E9
1.58560368E9
1.59014996E9
1.59471528E9
1.599298976E9
1.6039004E9
1.608518904E9
1.613153864E9
1.617804688E9
1.622470832E9
1.627151792E9
1.631847136E9
1.636556496E9
1.641279568E9
1.646016112E9
1.650765944E9
1.655528968E9
1.660305112E9
1.66509436E9
1.66989672E9
1.67471224E9
1.679540944E9
1.684382896E9
1.689238088E9
1.694106528E9
1.698988136E9
1.703882824E9
1.708790376E9
1.71371056E9
1.718643E9
1.723587264E9
1.728542816E9
1.733509024E9
1.738485152E9
1.743470392E9
1.748463832E9
1.75346448E9
1.758471288E9
1.763483136E9
1.768498888E9
1.77351736E9
1.778537376E9
1.78355776E9
1.788577376E9
1.793595136E9
1.798610024E9
1.80362112E9
1.808627616E9
1.813628832E9
1.818624224E9
1.823613432E9
1.828596248E9
1.833572648E9
1.838542816E9
1.843507096E9
1.84846604E9
1.853420384E9
1.858371072E9
1.863319176E9
1.868265976E9
1.873212872E9
1.878161392E9
1.883113208E9
1.888070072E9
1.893033776E9
1.898006224E9
1.902989272E9
1.907984824E9
1.91299472E9
1.918020784E9
1.923064712E9
1.928128112E9
1.933212432E9
1.938319E9
1.943448904E9
1.948603032E9
1.953782048E9
1.95898636E9
1.96421608E9
1.969471048E9
1.974750848E9
1.980054736E9
1.985381672E9
1.990730352E9
1.9960992E9
2.001486384E9
2.006889856E9
2.01230736E9
2.017736464E9
2.023174608E9
2.028619144E9
2.034067352E9
2.03951648E9
2.044963776E9
2.050406552E9
2.055842168E9
2.061268088E9
2.066681864E9
2.0720812E9
2.077463912E9
2.08282796E9
2.088171448E9
2.093492608E9
2.098789792E9
2.104061472E9
2.109306224E9
2.114522688E9
2.119709584E9
2.124865688E9
2.129989768E9
2.135080632E9
2.14013704E9
2.145157784E9
2.150141544E9
2.155086992E9
2.159992728E9
2.164857248E9
2.169679008E9
2.174456368E9
2.1791876E9
2.183870936E9
2.188504528E9
2.193086488E9
2.197614904E9
2.202087864E9
2.206503448E9
2.210859792E9
2.215155056E9
2.21938752E9
2.223555536E9
2.227657568E9
2.231692216E9
2.235658224E9
2.239554488E9
2.24338004E9
2.247134072E9
2.250815896E9
2.254424992E9
2.257960928E9
2.261423392E9
2.264812144E9
2.268127032E9
2.27136792E9
2.27453472E9
2.277627352E9
2.280645736E9
2.283589752E9
2.286459264E9
2.289254096E9
2.291973992E9
2.294618672E9
2.2971878E9
2.299680944E9
2.302097648E9
2.304437368E9
2.306699528E9
2.308883472E9
2.310988512E9
2.313013904E9
2.314958848E9
2.316822528E9
2.318604096E9
2.320302648E9
2.32191732E9
2.323447192E9
2.32489136E9
2.326248952E9
2.327519112E9
2.328701016E9
2.329793904E9
2.33079708E9
2.331709912E9
2.332531888E9
2.333262568E9
2.333901656E9
2.334448944E9
2.33490436E9
2.335267984E9
2.335539992E9
2.33572072E9
2.335810624E9
2.335810256E9
2.335720312E9
2.335541576E9
2.335274936E9
2.334921336E9
2.334481824E9
2.333957456E9
2.333349368E9
2.332658704E9
2.331886624E9
2.331034312E9
2.33010296E9
2.329093704E9
2.328007728E9
2.326846168E9
2.325610144E9
2.324300752E9
2.322919064E9
2.321466144E9
2.319943E9
2.318350624E9
2.316689992E9
2.314962024E9
2.313167632E9
2.311307672E9
2.309382952E9
2.307394272E9
2.305342352E9
2.30322788E9
2.301051464E9
2.298813704E9
2.296515104E9
2.294156128E9
2.291737176E9
2.289258608E9
2.286720712E9
2.284123744E9
2.28146792E9
2.278753424E9
2.275980408E9
2.273149024E9
2.270259424E9
2.267311768E9
2.264306256E9
2.26124312E9
2.258122648E9
2.2549452E9
2.251711208E9
2.2484212E9
2.2450758E9
2.24167576E9
2.238221896E9
2.234715168E9
2.23115664E9
2.22754748E9
2.223888952E9
2.220182432E9
2.216429344E9
2.212631216E9
2.208789616E9
2.204906176E9
2.200982544E9
2.197020416E9
2.193021472E9
2.188987416E9
2.18491992E9
2.180820632E9
2.176691216E9
2.17253324E9
2.168348272E9
2.164137832E9
2.159903368E9
2.155646296E9
2.151367944E9
2.147069632E9
2.142752568E9
2.138417928E9
2.134066792E9
2.1297002E9
2.125319088E9
2.12092436E9
2.116516816E9
2.1120972E9
2.107666192E9
2.103224392E9
2.098772368E9
2.094310616E9
2.089839608E9
2.0853598E9
2.080871616E9
2.07637548E9
2.071871848E9
2.067361224E9
2.062844136E9
2.058321192E9
2.05379308E9
2.049260592E9
2.044724616E9
2.040186152E9
2.035646336E9
2.031106384E9
2.026567664E9
2.022031616E9
2.017499816E9
2.012973856E9
2.00845544E9
2.003946272E9
1.999448072E9
1.994962536E9
1.990491336E9
1.98603604E9
1.981598128E9
1.97717896E9
1.972779752E9
1.968401552E9
1.964045224E9
1.959711496E9
1.955400872E9
1.95111368E9
1.946850072E9
1.942610056E9
1.938393456E9
1.9342E9
1.93002928E9
1.925880784E9
1.921753952E9
1.917648152E9
1.913562736E9
1.909497024E9
1.905450344E9
1.901422032E9
1.89741144E9
1.893417968E9
1.889441032E9
1.885480064E9
1.881534576E9
1.877604072E9
1.87368812E9
1.869786264E9
1.865898112E9
1.862023272E9
1.858161352E9
1.854311992E9
1.850474824E9
1.84664948E9
1.842835616E9
1.839032864E9
1.835240896E9
1.831459344E9
1.827687896E9
1.8239262E9
1.820173944E9
1.816430792E9
1.8126964E9
1.808970464E9
1.805252632E9
1.801542528E9
1.7978398E9
1.794144048E9
1.79045484E9
1.786771704E9
1.783094144E9
1.779421648E9
1.775753624E9
1.772089472E9
1.768428544E9
1.764770176E9
1.76111368E9
1.757458352E9
1.75380348E9
1.750148352E9
1.746492272E9
1.74283456E9
1.739174584E9
1.735511728E9
1.731845408E9
1.728175136E9
1.724500432E9
1.720820904E9
1.717136216E9
1.713446072E9
1.709750272E9
1.706048672E9
1.702341168E9
1.698627752E9
1.694908496E9
1.691183488E9
1.687452944E9
1.683717128E9
1.6799764E9
1.676231184E9
1.67248204E9
1.668729568E9
1.664974528E9
1.661217744E9
1.657460192E9
1.653702944E9
1.649947176E9
1.646194232E9
1.642445544E9
1.638702656E9
1.634967232E9
1.631241072E9
1.627526032E9
1.623824096E9
1.620137288E9
1.61646772E9
1.612817552E9
1.609188968E9
1.605584168E9
1.602005328E9
1.598454616E9
1.594934144E9
1.591445936E9
1.587991944E9
1.584574E9
1.581193784E9
1.57785284E9
1.574552528E9
1.571294048E9
1.568078368E9
1.564906288E9
1.56177836E9
1.558694936E9
1.555656152E9
1.55266196E9
1.549712048E9
1.546805968E9
1.543943048E9
1.541122456E9
1.538343232E9
1.535604216E9
1.5329042E9
1.530241816E9
1.527615664E9
1.525024216E9
1.52246596E9
1.519939312E9
1.517442704E9
1.514974544E9
1.512533248E9
1.510117312E9
1.507725208E9
1.505355488E9
1.503006744E9
1.500677656E9
1.498366928E9
1.496073352E9
1.493795792E9
1.49153316E9
1.489284464E9
1.48704876E9
1.484825144E9
1.482612808E9
1.480410952E9
1.478218856E9
1.476035816E9
1.473861176E9
1.471694304E9
1.469534624E9
1.467381528E9
1.46523448E9
1.463092944E9
1.460956424E9
1.458824416E9
1.456696472E9
1.454572152E9
1.452451056E9
1.450332832E9
1.448217136E9
1.446103712E9
1.443992336E9
1.441882832E9
1.439775112E9
1.437669128E9
1.435564904E9
1.433462528E9
1.431362152E9
1.429263992E9
1.427168296E9
1.425075368E9
1.422985568E9
1.420899248E9
1.4188168E9
1.416738616E9
1.414665088E9
1.412596576E9
1.410533448E9
1.408476016E9
1.406424568E9
1.404379344E9
1.402340592E9
1.400308464E9
1.398283112E9
1.396264656E9
1.394253208E9
1.392248856E9
1.390251696E9
1.388261824E9
1.386279376E9
1.384304496E9
1.382337376E9
1.380378256E9
1.378427408E9
1.37648516E9
1.374551904E9
1.37262804E9
1.370714048E9
1.368810424E9
1.366917696E9
1.365036392E9
1.363167064E9
1.361310256E9
1.359466464E9
1.357636184E9
1.355819856E9
1.354017848E9
1.352230504E9
1.35045804E9
1.34870064E9
1.346958376E9
1.345231232E9
1.343519096E9
1.341821792E9
1.340139E9
1.33847036E9
1.336815408E9
1.335173592E9
1.333544304E9
1.33192688E9
1.330320592E9
1.32872468E9
1.327138368E9
1.325560864E9
1.323991368E9
1.322429112E9
1.320873344E9
1.31932336E9
1.317778536E9
1.316238296E9
1.314702144E9
1.31316968E9
1.3116406E9
1.310114712E9
1.308591936E9
1.307072272E9
1.305555848E9
1.304042912E9
1.302533776E9
1.301028864E9
1.299528688E9
1.29803384E9
1.296544936E9
1.29506268E9
1.293587832E9
1.292121128E9
1.290663384E9
1.289215416E9
1.287778016E9
1.286352016E9
1.284938232E9
1.283537464E9
1.282150512E9
1.28077816E9
1.279421176E9
1.278080312E9
1.276756304E9
1.275449856E9
1.274161656E9
1.27289236E9
1.271642584E9
1.270412888E9
1.269203816E9
1.268015816E9
1.266849272E9
1.265704472E9
1.264581656E9
1.263480912E9
1.262402248E9
1.26134552E9
1.260310504E9
1.2592968E9
1.258303928E9
1.25733124E9
1.256378008E9
1.255443376E9
1.254526392E9
1.253626024E9
1.252741184E9
1.251870728E9
1.251013488E9
1.250168312E9
1.249334048E9
1.2485096E9
1.247693888E9
1.246885952E9
1.246084904E9
1.245289952E9
1.2445004E9
1.243715672E9
1.242935296E9
1.242158896E9
1.241386208E9
1.24061704E9
1.239851288E9
1.239088912E9
1.238329896E9
1.237574304E9
1.236822184E9
1.2360736E9
1.235328632E9
1.234587328E9
1.233849744E9
1.23311588E9
1.23238572E9
1.23165924E9
1.23093636E9
1.230216984E9
1.229500968E9
1.228788192E9
1.228078472E9
1.227371624E9
1.226667448E9
1.225965744E9
1.22526628E9
1.224568848E9
1.223873224E9
1.223179176E9
1.22248648E9
1.221794912E9
1.221104256E9
1.22041428E9
1.21972476E9
1.219035472E9
1.218346208E9
1.217656744E9
1.21696688E9
1.216276392E9
1.215585104E9
1.214892824E9
1.214199416E9
1.213504728E9
1.212808672E9
1.212111208E9
1.211412304E9
1.210712016E9
1.21001048E9
1.20930784E9
1.208604384E9
1.207900424E9
1.207196376E9
1.206492736E9
1.205790088E9
1.205089056E9
1.20439036E9
1.203694784E9
1.20300316E9
1.20231636E9
1.201635288E9
1.200960888E9
1.20029408E9
1.199635816E9
1.198987008E9
1.198348528E9
1.197721224E9
1.19710588E9
1.196503216E9
1.195913856E9
1.195338368E9
1.1947772E9
1.194230688E9
1.193699088E9
1.193182504E9
1.19268096E9
1.192194352E9
1.191722456E9
1.191264944E9
1.190821384E9
1.190391264E9
1.189973968E9
1.1895688E9
1.189175E9
1.188791736E9
1.188418152E9
1.188053336E9
1.187696336E9
1.187346184E9
1.187001904E9
1.186662496E9
1.186326968E9
1.18599432E9
1.185663584E9
1.185333768E9
1.185003936E9
1.184673144E9
1.184340488E9
1.184005096E9
1.18366612E9
1.183322768E9
1.182974264E9
1.182619912E9
1.182259024E9
1.181890984E9
1.181515248E9
1.18113128E9
1.180738632E9
1.180336904E9
1.179925736E9
1.17950484E9
1.179073984E9
1.17863296E9
1.178181632E9
1.177719904E9
1.177247736E9
1.17676512E9
1.17627212E9
1.175768832E9
1.175255416E9
1.174732088E9
1.174199136E9
1.173656904E9
1.173105808E9
1.17254636E9
1.171979168E9
1.171404904E9
1.170824384E9
1.170238464E9
1.169648152E9
1.169054536E9
1.168458776E9
1.16786216E9
1.167266024E9
1.166671752E9
1.166080808E9
1.165494656E9
1.1649148E9
1.164342712E9
1.163779856E9
1.163227616E9
1.162687376E9
1.162160368E9
1.161647776E9
1.161150656E9
1.160669944E9
1.16020644E9
1.159760808E9
1.159333568E9
1.158925072E9
1.158535552E9
1.158165064E9
1.157813536E9
1.15748072E9
1.157166272E9
1.156869696E9
1.156590392E9
1.156327664E9
1.156080704E9
1.155848664E9
1.155630624E9
1.155425632E9
1.155232752E9
1.155051E9
1.154879456E9
1.154717232E9
1.15456352E9
1.154417568E9
1.154278728E9
1.154146464E9
1.154020336E9
1.153900048E9
1.15378544E9
1.153676424E9
1.153573112E9
1.153475688E9
1.153384456E9
1.15329984E9
1.153222352E9
1.153152576E9
1.15309116E9
1.153038808E9
1.152996248E9
1.152964224E9
1.152943472E9
1.152934736E9
1.152938688E9
1.152955984E9
1.152987192E9
1.153032792E9
1.153093224E9
1.153168784E9
1.153259672E9
1.15336596E9
1.15348764E9
1.153624528E9
1.15377636E9
1.15394272E9
1.154123088E9
1.154316808E9
1.154523136E9
1.154741232E9
1.154970136E9
1.155208856E9
1.155456304E9
1.155711352E9
1.155972872E9
1.15623968E9
1.156510624E9
1.156784584E9
1.157060456E9
1.157337224E9
1.15761392E9
1.15788968E9
1.15816376E9
1.158435504E9
1.158704384E9
1.158970008E9
1.15923212E9
1.159490568E9
1.159745352E9
1.15999656E9
1.160244424E9
1.160489248E9
1.16073144E9
1.160971456E9
1.161209848E9
1.161447192E9
1.161684104E9
1.161921208E9
1.162159192E9
1.162398704E9
1.162640408E9
1.162884984E9
1.163133096E9
1.163385408E9
1.163642576E9
1.163905288E9
1.1641742E9
1.164449984E9
1.164733312E9
1.16502488E9
1.165325352E9
1.165635416E9
1.165955744E9
1.166286976E9
1.166629736E9
1.166984616E9
1.167352136E9
1.167732784E9
1.168126936E9
1.168534912E9
1.16895692E9
1.16939304E9
1.16984328E9
1.170307464E9
1.170785344E9
1.17127652E9
1.17178048E9
1.172296552E9
1.172823992E9
1.173361944E9
1.173909416E9
1.174465376E9
1.175028696E9
1.175598192E9
1.176172656E9
1.176750824E9
1.177331456E9
1.177913288E9
1.178495088E9
1.179075664E9
1.179653864E9
1.180228632E9
1.180798952E9
1.181363912E9
1.181922736E9
1.18247472E9
1.18301932E9
1.183556112E9
1.18408484E9
1.184605408E9
1.18511788E9
1.185622496E9
1.186119704E9
1.186610112E9
1.187094544E9
1.187574008E9
1.18804972E9
1.188523072E9
1.18899564E9
1.189469136E9
1.189945456E9
1.190426608E9
1.190914688E9
1.191411888E9
1.191920424E9
1.192442512E9
1.192980376E9
1.193536112E9
1.19411176E9
1.194709232E9
1.195330216E9
1.19597624E9
1.1966486E9
1.197348312E9
1.198076136E9
1.198832544E9
1.19961768E9
1.20043144E9
1.201273368E9
1.202142736E9
1.203038544E9
1.20395952E9
1.20490416E9
1.20587076E9
1.206857448E9
1.207862192E9
1.208882904E9
1.209917416E9
1.210963568E9
1.212019216E9
1.213082312E9
1.214150904E9
1.215223184E9
1.216297536E9
1.217372512E9
1.218446928E9
1.2195198E9
1.220590376E9
1.221658144E9
1.222722824E9
1.223784328E9
1.224842768E9
1.22589844E9
1.226951776E9
1.22800332E9
1.229053712E9
1.230103648E9
1.231153864E9
1.232205104E9
1.233258104E9
1.234313568E9
1.235372128E9
1.236434376E9
1.237500824E9
1.238571904E9
1.23964796E9
1.240729264E9
1.241815984E9
1.24290824E9
1.244006056E9
1.245109408E9
1.246218232E9
1.2473324E9
1.248451776E9
1.249576208E9
1.250705568E9
1.251839712E9
1.252978536E9
1.254122008E9
1.255270128E9
1.256422968E9
1.25758068E9
1.258743504E9
1.25991176E9
1.261085824E9
1.262266208E9
1.263453464E9
1.264648216E9
1.265851136E9
1.267062944E9
1.268284376E9
1.269516184E9
1.27075908E9
1.272013776E9
1.273280888E9
1.274560984E9
1.275854544E9
1.277161912E9
1.278483344E9
1.279818944E9
1.281168696E9
1.282532432E9
1.28390984E9
1.285300496E9
1.286703832E9
1.288119208E9
1.289545848E9
1.290982928E9
1.292429592E9
1.293884936E9
1.295348072E9
1.296818152E9
1.298294368E9
1.299776E9
1.301262408E9
1.302753096E9
1.30424764E9
1.305745808E9
1.30724744E9
1.308752544E9
1.310261216E9
1.311773656E9
1.31329016E9
1.314811088E9
1.316336816E9
1.31786776E9
1.319404328E9
1.32094688E9
1.322495736E9
1.324051144E9
1.325613296E9
1.327182264E9
1.32875804E9
1.330340528E9
1.331929504E9
1.333524696E9
1.335125728E9
1.336732152E9
1.338343472E9
1.339959128E9
1.341578544E9
1.343201088E9
1.344826136E9
1.346453056E9
1.348081184E9
1.349709872E9
1.351338472E9
1.352966344E9
1.354592816E9
1.356217232E9
1.357838912E9
1.359457184E9
1.361071312E9
1.362680552E9
1.36428412E9
1.365881208E9
1.36747096E9
1.369052464E9
1.370624816E9
1.372187024E9
1.373738112E9
1.375277056E9
1.376802816E9
1.3783144E9
1.37981076E9
1.38129092E9
1.382753928E9
1.384198872E9
1.385624912E9
1.387031296E9
1.388417344E9
1.38978248E9
1.391126224E9
1.392448216E9
1.393748208E9
1.395026064E9
1.39628176E9
1.39751536E9
1.398727024E9
1.399917008E9
1.401085592E9
1.402233128E9
1.403359976E9
1.404466496E9
1.405553024E9
1.406619856E9
1.407667192E9
1.408695176E9
1.409703824E9
1.410693048E9
1.411662608E9
1.412612128E9
1.413541088E9
1.414448848E9
1.415334576E9
1.416197352E9
1.417036112E9
1.417849672E9
1.418636784E9
1.419396096E9
1.420126208E9
1.420825696E9
1.421493112E9
1.422127008E9
1.422725976E9
1.423288648E9
1.423813728E9
1.424299992E9
1.424746304E9
1.425151664E9
1.425515168E9
1.425836024E9
1.426113608E9
1.426347392E9
1.426536992E9
1.426682152E9
1.426782736E9
1.42683876E9
1.426850328E9
1.426817656E9
1.426741064E9
1.426620984E9
1.42645792E9
1.42625244E9
1.426005208E9
1.425716928E9
1.425388352E9
1.42502028E9
1.424613544E9
1.42416896E9
1.423687384E9
1.423169656E9
1.422616592E9
1.422029E9
1.4214076E9
1.420753112E9
1.42006616E9
1.419347288E9
1.418596968E9
1.417815568E9
1.417003336E9
1.416160432E9
1.415286896E9
1.414382648E9
1.413447488E9
1.41248112E9
1.411483152E9
1.41045308E9
1.40939032E9
1.408294272E9
1.407164232E9
1.405999512E9
1.4047994E9
1.403563192E9
1.402290248E9
1.400979944E9
1.399631752E9
1.398245208E9
1.39681996E9
1.395355776E9
1.393852512E9
1.392310168E9
1.390728856E9
1.3891088E9
1.387450368E9
1.385754024E9
1.384020336E9
1.382249976E9
1.380443696E9
1.378602352E9
1.376726832E9
1.374818112E9
1.372877216E9
1.370905208E9
1.36890316E9
1.366872224E9
1.364813536E9
1.362728264E9
1.360617576E9
1.358482664E9
1.35632472E9
1.35414492E9
1.351944464E9
1.349724536E9
1.347486296E9
1.34523092E9
1.342959552E9
1.34067332E9
1.338373336E9
1.336060688E9
1.333736416E9
1.331401568E9
1.329057104E9
1.326703984E9
1.32434308E9
1.321975232E9
1.319601224E9
1.31722176E9
1.314837456E9
1.31244888E9
1.310056512E9
1.307660728E9
1.305261816E9
1.302859984E9
1.300455344E9
1.298047904E9
1.295637592E9
1.29322428E9
1.29080772E9
1.288387624E9
1.285963632E9
1.283535352E9
1.281102312E9
1.278664048E9
1.27622008E9
1.273769888E9
1.271312976E9
1.268848856E9
1.266377064E9
1.263897128E9
1.261408648E9
1.258911224E9
1.256404536E9
1.253888272E9
1.251362184E9
1.24882608E9
1.246279808E9
1.243723304E9
1.241156536E9
1.238579584E9
1.23599256E9
1.233395712E9
1.230789336E9
1.228173856E9
1.225549792E9
1.222917776E9
1.220278552E9
1.217632992E9
1.21498208E9
1.212326912E9
1.20966868E9
1.207008712E9
1.204348384E9
1.201689168E9
1.199032584E9
1.196380216E9
1.193733624E9
1.1910944E9
1.188464096E9
1.185844224E9
1.18323624E9
1.180641512E9
1.178061304E9
1.175496792E9
1.172949E9
1.17041884E9
1.16790708E9
1.165414352E9
1.162941144E9
1.1604878E9
1.158054528E9
1.155641416E9
1.153248424E9
1.1508754E9
1.148522096E9
1.14618816E9
1.143873152E9
1.1415766E9
1.139297904E9
1.137036472E9
1.134791632E9
1.132562672E9
1.130348864E9
1.128149424E9
1.125963568E9
1.123790464E9
1.12162928E9
1.119479144E9
1.117339168E9
1.115208472E9
1.113086136E9
1.110971272E9
1.108862968E9
1.106760336E9
1.104662512E9
1.102568688E9
1.100478088E9
1.09839E9
1.096303784E9
1.094218928E9
1.092134968E9
1.090051568E9
1.087968504E9
1.085885664E9
1.08380304E9
1.081720736E9
1.079638944E9
1.077557952E9
1.075478104E9
1.073399808E9
1.071323504E9
1.069249656E9
1.067178696E9
1.06511108E9
1.063047192E9
1.060987376E9
1.058931928E9
1.05688104E9
1.054834832E9
1.052793352E9
1.05075656E9
1.048724304E9
1.0466964E9
1.044672528E9
1.042652352E9
1.040635472E9
1.038621408E9
1.03660968E9
1.034599752E9
1.03259112E9
1.030583216E9
1.028575512E9
1.026567496E9
1.024558656E9
1.022548552E9
1.020536736E9
1.018522816E9
1.016506456E9
1.014487368E9
1.012465304E9
1.010440088E9
1.008411592E9
1.006379728E9
1.004344504E9
1.002305936E9
1.00026412E9
9.98219192E8
9.9617132E8
9.94120728E8
9.92067656E8
9.90012384E8
9.879552E8
9.85896392E8
9.8383628E8
9.81775136E8
9.7971324E8
9.7765084E8
9.75588136E8
9.73525304E8
9.7146248E8
9.69399688E8
9.6733696E8
9.65274232E8
9.63211384E8
9.61148232E8
9.59084536E8
9.5702004E8
9.54954392E8
9.52887272E8
9.50818304E8
9.48747144E8
9.4667344E8
9.44596904E8
9.42517256E8
9.40434312E8
9.38347952E8
9.3625812E8
9.34164896E8
9.320684E8
9.2996888E8
9.2786668E8
9.25762216E8
9.23655968E8
9.21548504E8
9.1944044E8
9.1733244E8
9.15225168E8
9.1311932E8
9.110156E8
9.08914688E8
9.06817256E8
9.04723944E8
9.02635368E8
9.00552128E8
8.98474784E8
8.96403872E8
8.94339928E8
8.92283464E8
8.9023496E8
8.88194944E8
8.86163904E8
8.84142352E8
8.82130816E8
8.80129832E8
8.78139952E8
8.76161736E8
8.74195728E8
8.72242512E8
8.70302616E8
8.68376584E8
8.66464896E8
8.64568008E8
8.62686344E8
8.60820216E8
8.5896992E8
8.57135648E8
8.55317504E8
8.5351556E8
8.51729744E8
8.49959976E8
8.48206064E8
8.46467752E8
8.44744768E8
8.43036768E8
8.41343384E8
8.39664232E8
8.37998896E8
8.3634696E8
8.34708008E8
8.33081624E8
8.31467408E8
8.29864928E8
8.28273808E8
8.2669364E8
8.25124016E8
8.23564536E8
8.22014784E8
8.20474336E8
8.18942752E8
8.17419576E8
8.1590432E8
8.1439648E8
8.12895536E8
8.11400936E8
8.0991212E8
8.08428496E8
8.06949448E8
8.0547436E8
8.04002624E8
8.02533584E8
8.01066632E8
7.99601144E8
7.98136512E8
7.96672152E8
7.9520752E8
7.93742048E8
7.9227528E8
7.90806728E8
7.89335984E8
7.8786268E8
7.8638648E8
7.84907112E8
7.8342432E8
7.81937952E8
7.80447856E8
7.78953936E8
7.77456176E8
7.75954584E8
7.74449216E8
7.729402E8
7.71427696E8
7.6991192E8
7.68393128E8
7.66871624E8
7.65347768E8
7.6382192E8
7.62294504E8
7.60765952E8
7.59236712E8
7.57707224E8
7.56177952E8
7.54649328E8
7.5312176E8
7.51595616E8
7.50071248E8
7.4854892E8
7.47028872E8
7.45511264E8
7.43996176E8
7.42483656E8
7.40973664E8
7.39466112E8
7.37960816E8
7.36457584E8
7.34956176E8
7.33456288E8
7.3195764E8
7.30459888E8
7.28962736E8
7.27465872E8
7.25969024E8
7.24471944E8
7.22974448E8
7.21476352E8
7.19977592E8
7.18478104E8
7.16977936E8
7.15477144E8
7.13975888E8
7.12474344E8
7.10972768E8
7.09471432E8
7.07970672E8
7.06470816E8
7.04972256E8
7.03475376E8
7.01980576E8
7.00488264E8
6.98998864E8
6.97512784E8
6.96030448E8
6.94552288E8
6.93078728E8
6.91610208E8
6.90147192E8
6.88690152E8
6.87239576E8
6.85795992E8
6.84359944E8
6.82932016E8
6.8151284E8
6.80103048E8
6.78703328E8
6.773144E8
6.75937016E8
6.74571928E8
6.73219912E8
6.71881768E8
6.70558248E8
6.69250136E8
6.67958136E8
6.66682952E8
6.65425224E8
6.6418548E8
6.6296424E8
6.61761856E8
6.60578616E8
6.59414688E8
6.58270096E8
6.57144752E8
6.5603844E8
6.54950768E8
6.53881272E8
6.52829312E8
6.51794144E8
6.50774896E8
6.4977064E8
6.48780312E8
6.478028E8
6.46836936E8
6.45881512E8
6.44935296E8
6.4399704E8
6.43065496E8
6.42139472E8
6.41217752E8
6.40299184E8
6.39382656E8
6.38467088E8
6.37551472E8
6.36634848E8
6.35716304E8
6.34795E8
6.33870128E8
6.3294096E8
6.320068E8
6.31067024E8
6.30121048E8
6.29168352E8
6.28208432E8
6.27240864E8
6.26265264E8
6.25281256E8
6.24288544E8
6.23286808E8
6.22275816E8
6.21255304E8
6.20225064E8
6.19184856E8
6.18134512E8
6.170738E8
6.16002552E8
6.14920568E8
6.13827656E8
6.12723672E8
6.11608456E8
6.1048188E8
6.09343872E8
6.08194384E8
6.07033456E8
6.05861176E8
6.04677744E8
6.03483464E8
6.02278736E8
6.01064104E8
5.9984024E8
5.98607952E8
5.973682E8
5.9612208E8
5.94870848E8
5.93615864E8
5.92358632E8
5.91100736E8
5.8984388E8
5.88589808E8
5.87340312E8
5.86097192E8
5.84862256E8
5.83637256E8
5.82423872E8
5.81223696E8
5.80038176E8
5.78868664E8
5.7771628E8
5.76582E8
5.75466616E8
5.74370688E8
5.73294584E8
5.72238456E8
5.7120228E8
5.70185808E8
5.69188656E8
5.6821024E8
5.67249864E8
5.6630668E8
5.6537976E8
5.6446808E8
5.6357056E8
5.62686104E8
5.61813544E8
5.60951752E8
5.600996E8
5.59255984E8
5.5841984E8
5.57590144E8
5.56765944E8
5.5594632E8
5.55130464E8
5.543176E8
5.53507024E8
5.52698104E8
5.51890296E8
5.51083096E8
5.50276088E8
5.4946892E8
5.48661296E8
5.47853016E8
5.47043888E8
5.46233848E8
5.45422856E8
5.4461096E8
5.43798256E8
5.42984912E8
5.42171144E8
5.4135724E8
5.40543536E8
5.397304E8
5.38918264E8
5.381076E8
5.37298864E8
5.36492584E8
5.35689264E8
5.34889432E8
5.34093576E8
5.33302216E8
5.325158E8
5.31734776E8
5.30959544E8
5.3019048E8
5.29427904E8
5.2867208E8
5.27923248E8
5.27181592E8
5.26447248E8
5.2572032E8
5.25000848E8
5.24288848E8
5.23584288E8
5.22887096E8
5.22197168E8
5.21514368E8
5.20838544E8
5.20169488E8
5.19507E8
5.18850848E8
5.18200792E8
5.17556608E8
5.16918056E8
5.16284912E8
5.15656968E8
5.15034064E8
5.14416024E8
5.13802752E8
5.13194168E8
5.1259024E8
5.11990984E8
5.11396424E8
5.10806648E8
5.10221752E8
5.09641872E8
5.09067112E8
5.08497608E8
5.07933456E8
5.07374736E8
5.06821464E8
5.06273608E8
5.05731048E8
5.05193576E8
5.0466088E8
5.04132536E8
5.03608E8
5.03086576E8
5.0256744E8
5.02049664E8
5.01532144E8
5.01013664E8
5.00492912E8
4.99968448E8
4.99438744E8
4.98902192E8
4.98357176E8
4.97802008E8
4.97235E8
4.96654496E8
4.96058856E8
4.95446528E8
4.94816024E8
4.94165968E8
4.93495096E8
4.92802288E8
4.92086568E8
4.9134712E8
4.90583296E8
4.89794624E8
4.889808E8
4.88141712E8
4.87277432E8
4.86388176E8
4.8547436E8
4.84536576E8
4.83575568E8
4.82592232E8
4.81587624E8
4.80562936E8
4.79519488E8
4.7845872E8
4.773822E8
4.76291576E8
4.75188592E8
4.74075072E8
4.72952912E8
4.7182404E8
4.70690472E8
4.69554192E8
4.6841728E8
4.67281776E8
4.66149736E8
4.65023208E8
4.63904216E8
4.62794744E8
4.6169676E8
4.60612144E8
4.59542712E8
4.58490216E8
4.57456288E8
4.5644248E8
4.554502E8
4.54480752E8
4.53535264E8
4.52614728E8
4.51719976E8
4.50851672E8
4.50010304E8
4.49196192E8
4.48409464E8
4.47650096E8
4.46917896E8
4.46212528E8
4.45533504E8
4.44880192E8
4.44251872E8
4.43647744E8
4.4306692E8
4.42508448E8
4.41971368E8
4.41454712E8
4.40957512E8
4.40478816E8
4.40017728E8
4.39573376E8
4.39144984E8
4.38731824E8
4.383332E8
4.37948528E8
4.37577248E8
4.37218872E8
4.36872944E8
4.36539048E8
4.36216792E8
4.35905784E8
4.35605664E8
4.35316048E8
4.35036536E8
4.34766728E8
4.34506168E8
4.34254392E8
4.34010904E8
4.33775152E8
4.33546576E8
4.3332456E8
4.33108448E8
4.3289756E8
4.32691176E8
4.32488536E8
4.32288864E8
4.32091336E8
4.31895128E8
4.31699352E8
4.31503136E8
4.31305552E8
4.31105696E8
4.30902608E8
4.3069536E8
4.30482976E8
4.3026452E8
4.3003904E8
4.29805608E8
4.29563296E8
4.29311232E8
4.29048568E8
4.28774504E8
4.28488288E8
4.2818924E8
4.27876744E8
4.27550304E8
4.27209472E8
4.26853952E8
4.2648352E8
4.26098112E8
4.2569776E8
4.25282656E8
4.24853096E8
4.24409544E8
4.23952568E8
4.23482872E8
4.23001296E8
4.22508784E8
4.22006376E8
4.214952E8
4.20976496E8
4.20451512E8
4.19921584E8
4.19388032E8
4.18852224E8
4.1831548E8
4.1777912E8
4.172444E8
4.16712512E8
4.1618456E8
4.15661576E8
4.15144448E8
4.14633968E8
4.14130792E8
4.13635432E8
4.13148272E8
4.12669552E8
4.12199376E8
4.11737704E8
4.112844E8
4.10839168E8
4.10401648E8
4.09971376E8
4.09547816E8
4.09130384E8
4.08718472E8
4.08311416E8
4.079086E8
4.075094E8
4.07113232E8
4.06719568E8
4.06327928E8
4.05937928E8
4.05549224E8
4.05161608E8
4.04774912E8
4.0438908E8
4.0400416E8
4.03620248E8
4.03237544E8
4.02856312E8
4.02476896E8
4.0209968E8
4.0172512E8
4.01353712E8
4.00985968E8
4.00622456E8
4.00263752E8
3.99910432E8
3.9956308E8
3.99222312E8
3.9888868E8
3.98562744E8
3.98245032E8
3.9793604E8
3.9763624E8
3.97346016E8
3.97065752E8
3.96795752E8
3.96536288E8
3.96287552E8
3.96049688E8
3.958228E8
3.95606904E8
3.95401984E8
3.95207968E8
3.95024752E8
3.94852136E8
3.94689928E8
3.94537856E8
3.94395616E8
3.94262872E8
3.94139216E8
3.94024208E8
3.93917352E8
3.93818112E8
3.93725856E8
3.93639952E8
3.93559648E8
3.93484168E8
3.9341264E8
3.93344128E8
3.9327768E8
3.93212232E8
3.93146696E8
3.93079952E8
3.93010848E8
3.92938216E8
3.92860904E8
3.9277776E8
3.92687704E8
3.9258968E8
3.92482728E8
3.92365968E8
3.92238632E8
3.92100056E8
3.91949704E8
3.91787192E8
3.9161224E8
3.91424744E8
3.91224696E8
3.91012256E8
3.9078768E8
3.90551344E8
3.90303728E8
3.90045408E8
3.89777016E8
3.89499248E8
3.8921284E8
3.88918544E8
3.88617136E8
3.88309352E8
3.87995936E8
3.87677584E8
3.8735492E8
3.87028528E8
3.86698912E8
3.86366512E8
3.86031656E8
3.85694624E8
3.85355568E8
3.85014592E8
3.84671688E8
3.84326776E8
3.83979704E8
3.8363024E8
3.83278128E8
3.82923016E8
3.82564536E8
3.82202272E8
3.81835816E8
3.81464712E8
3.8108852E8
3.807068E8
3.80319128E8
3.79925096E8
3.79524328E8
3.79116472E8
3.78701216E8
3.78278272E8
3.778474E8
3.77408384E8
3.76961048E8
3.76505256E8
3.76040864E8
3.75567752E8
3.7508584E8
3.74595016E8
3.74095176E8
3.73586208E8
3.73067952E8
3.72540248E8
3.72002872E8
3.71455584E8
3.70898056E8
3.7032996E8
3.6975088E8
3.69160368E8
3.68557936E8
3.67943032E8
3.67315112E8
3.6667356E8
3.660178E8
3.65347208E8
3.64661216E8
3.63959256E8
3.63240816E8
3.62505416E8
3.6175264E8
3.60982192E8
3.601938E8
3.59387328E8
3.58562728E8
3.57720072E8
3.5685952E8
3.55981368E8
3.55086008E8
3.54173976E8
3.53245904E8
3.52302528E8
3.51344704E8
3.50373384E8
3.49389608E8
3.48394512E8
3.47389312E8
3.46375296E8
3.45353816E8
3.44326272E8
3.43294128E8
3.4225888E8
3.41222032E8
3.40185152E8
3.39149784E8
3.38117496E8
3.3708984E8
3.36068344E8
3.35054528E8
3.34049864E8
3.33055768E8
3.32073608E8
3.31104704E8
3.3015024E8
3.29211392E8
3.28289176E8
3.27384568E8
3.26498392E8
3.25631416E8
3.24784264E8
3.23957504E8
3.2315156E8
3.22366816E8
3.21603528E8
3.20861904E8
3.20142096E8
3.19444176E8
3.18768168E8
3.18114104E8
3.17481952E8
3.16871672E8
3.16283216E8
3.1571652E8
3.15171528E8
3.14648184E8
3.14146408E8
3.1366612E8
3.13207216E8
3.12769592E8
3.1235308E8
3.1195748E8
3.11582544E8
3.11227952E8
3.10893328E8
3.10578176E8
3.1028196E8
3.10004024E8
3.09743648E8
3.09499992E8
3.09272168E8
3.09059176E8
3.0885996E8
3.08673408E8
3.08498352E8
3.08333576E8
3.08177872E8
3.08029976E8
3.07888648E8
3.07752632E8
3.07620712E8
3.07491688E8
3.07364376E8
3.07237632E8
3.07110368E8
3.06981512E8
3.06850064E8
3.0671504E8
3.0657552E8
3.06430648E8
3.062796E8
3.06121616E8
3.05956016E8
3.05782168E8
3.05599528E8
3.05407616E8
3.05206064E8
3.04994592E8
3.04773032E8
3.04541312E8
3.04299504E8
3.040478E8
3.0378652E8
3.03516128E8
3.03237232E8
3.0295056E8
3.02656976E8
3.02357496E8
3.02053216E8
3.01745368E8
3.01435248E8
3.01124232E8
3.00813744E8
3.0050524E8
3.00200176E8
2.99899968E8
2.99605992E8
2.99319576E8
2.99041928E8
2.98774128E8
2.9851716E8
2.98271816E8
2.98038768E8
2.97818504E8
2.97611344E8
2.97417464E8
2.9723684E8
2.97069328E8
2.96914624E8
2.96772288E8
2.96641776E8
2.965224E8
2.96413432E8
2.96313992E8
2.96223168E8
2.9613996E8
2.96063336E8
2.95992176E8
2.95925352E8
2.95861672E8
2.9579992E8
2.9573888E8
2.9567728E8
2.95613872E8
2.95547392E8
2.95476584E8
2.95400224E8
2.95317096E8
2.95226056E8
2.95125984E8
2.9501584E8
2.94894664E8
2.94761576E8
2.94615816E8
2.9445668E8
2.94283632E8
2.94096256E8
2.93894248E8
2.9367748E8
2.93445944E8
2.93199792E8
2.9293936E8
2.92665096E8
2.9237764E8
2.92077808E8
2.9176652E8
2.91444904E8
2.91114168E8
2.90775704E8
2.90430976E8
2.9008156E8
2.89729104E8
2.89375312E8
2.89021912E8
2.88670616E8
2.88323136E8
2.87981104E8
2.8764608E8
2.87319496E8
2.87002664E8
2.86696712E8
2.86402576E8
2.86121032E8
2.85852584E8
2.85597536E8
2.85355944E8
2.8512764E8
2.84912192E8
2.84708968E8
2.84517088E8
2.84335472E8
2.84162856E8
2.83997784E8
2.83838664E8
2.83683752E8
2.8353124E8
2.833792E8
2.8322568E8
2.8306872E8
2.82906344E8
2.82736632E8
2.82557736E8
2.82367888E8
2.82165472E8
2.81948976E8
2.81717088E8
2.81468664E8
2.8120276E8
2.8091864E8
2.80615776E8
2.80293864E8
2.799528E8
2.79592688E8
2.7921384E8
2.7881672E8
2.78401968E8
2.779704E8
2.77522904E8
2.77060528E8
2.76584384E8
2.7609564E8
2.75595552E8
2.75085376E8
2.74566408E8
2.7403992E8
2.73507232E8
2.72969616E8
2.7242832E8
2.71884608E8
2.71339672E8
2.70794704E8
2.70250848E8
2.6970924E8
2.69170952E8
2.68637048E8
2.68108536E8
2.67586384E8
2.67071496E8
2.6656476E8
2.66066976E8
2.6557888E8
2.65101144E8
2.6463436E8
2.64179016E8
2.63735504E8
2.6330412E8
2.6288504E8
2.62478336E8
2.62083936E8
2.61701656E8
2.61331208E8
2.6097212E8
2.60623856E8
2.60285704E8
2.59956872E8
2.59636408E8
2.59323296E8
2.59016368E8
2.58714392E8
2.58416016E8
2.58119832E8
2.5782432E8
2.57527944E8
2.57229072E8
2.56926048E8
2.56617176E8
2.56300776E8
2.55975128E8
2.55638552E8
2.5528936E8
2.54925952E8
2.54546776E8
2.54150328E8
2.53735216E8
2.53300152E8
2.52843952E8
2.52365576E8
2.51864088E8
2.51338736E8
2.50788888E8
2.50214064E8
2.49613952E8
2.48988384E8
2.48337336E8
2.4766092E8
2.469594E8
2.46233176E8
2.4548272E8
2.44708648E8
2.4391168E8
2.43092592E8
2.42252224E8
2.41391496E8
2.40511384E8
2.3961284E8
2.38696912E8
2.37764608E8
2.36816976E8
2.35855048E8
2.34879856E8
2.3389244E8
2.32893832E8
2.3188504E8
2.3086712E8
2.29841088E8
2.28808024E8
2.27768976E8
2.26725048E8
2.25677384E8
2.24627176E8
2.23575632E8
2.22524064E8
2.21473816E8
2.2042632E8
2.1938304E8
2.18345552E8
2.17315448E8
2.1629444E8
2.15284264E8
2.14286696E8
2.13303568E8
2.12336736E8
2.11388072E8
2.10459448E8
2.09552728E8
2.08669752E8
2.0781228E8
2.06982048E8
2.0618068E8
2.05409704E8
2.0467052E8
2.03964408E8
2.03292448E8
2.02655552E8
2.0205444E8
2.01489632E8
2.00961384E8
2.00469736E8
2.00014504E8
1.99595224E8
1.99211216E8
1.98861552E8
1.9854508E8
1.98260448E8
1.9800612E8
1.97780376E8
1.97581384E8
1.97407208E8
1.97255848E8
1.97125256E8
1.970134E8
1.96918288E8
1.96838E8
1.96770704E8
1.96714728E8
1.96668536E8
1.96630776E8
1.9660028E8
1.9657608E8
1.96557432E8
1.96543784E8
1.96534768E8
1.96530232E8
1.96530176E8
1.96534768E8
1.96544312E8
1.96559216E8
1.96579992E8
1.966072E8
1.9664144E8
1.96683336E8
1.96733512E8
1.96792528E8
1.9686092E8
1.96939176E8
1.97027688E8
1.9712676E8
1.97236592E8
1.97357304E8
1.97488912E8
1.97631304E8
1.9778428E8
1.9794756E8
1.98120712E8
1.9830328E8
1.9849468E8
1.9869428E8
1.98901344E8
1.9911512E8
1.99334768E8
1.99559408E8
1.99788128E8
2.00019984E8
2.00253992E8
2.00489144E8
2.00724456E8
2.00958904E8
2.01191464E8
2.0142116E8
2.01646984E8
2.01867992E8
2.0208324E8
2.02291856E8
2.02492992E8
2.02685888E8
2.02869808E8
2.03044112E8
2.03208216E8
2.03361632E8
2.03503928E8
2.03634776E8
2.0375392E8
2.03861184E8
2.03956456E8
2.04039736E8
2.0411104E8
2.04170488E8
2.04218256E8
2.04254568E8
2.04279704E8
2.0429396E8
2.04297712E8
2.04291344E8
2.04275288E8
2.04249984E8
2.04215912E8
2.04173568E8
2.04123488E8
2.04066232E8
2.04002352E8
2.03932488E8
2.0385724E8
2.03777288E8
2.03693304E8
2.03606008E8
2.03516136E8
2.03424432E8
2.03331672E8
2.03238632E8
2.03146072E8
2.03054768E8
2.02965456E8
2.02878832E8
2.02795568E8
2.02716256E8
2.02641408E8
2.02571456E8
2.02506736E8
2.02447456E8
2.02393728E8
2.02345512E8
2.02302672E8
2.02264912E8
2.02231824E8
2.02202904E8
2.0217748E8
2.02154832E8
2.02134144E8
2.0211452E8
2.02095024E8
2.02074688E8
2.02052528E8
2.02027568E8
2.01998848E8
2.0196544E8
2.0192648E8
2.01881184E8
2.01828792E8
2.01768672E8
2.01700264E8
2.0162308E8
2.0153676E8
2.01440992E8
2.01335576E8
2.01220368E8
2.01095336E8
2.00960488E8
2.00815912E8
2.00661736E8
2.00498168E8
2.00325424E8
2.00143768E8
1.99953504E8
1.9975496E8
1.99548456E8
1.99334368E8
1.99113048E8
1.98884864E8
1.98650208E8
1.98409448E8
1.98163E8
1.97911264E8
1.9765464E8
1.97393576E8
1.97128512E8
1.96859928E8
1.96588336E8
1.96314248E8
1.96038256E8
1.95760952E8
1.9548296E8
1.95204968E8
1.94927648E8
1.9465172E8
1.94377896E8
1.94106896E8
1.93839424E8
1.93576176E8
1.93317792E8
1.93064864E8
1.92817936E8
1.92577488E8
1.9234388E8
1.92117424E8
1.9189836E8
1.91686784E8
1.91482752E8
1.91286224E8
1.9109708E8
1.90915144E8
1.907402E8
1.90571976E8
1.90410192E8
1.90254568E8
1.90104816E8
1.89960696E8
1.89821976E8
1.89688504E8
1.8956016E8
1.89436888E8
1.89318704E8
1.8920568E8
1.89097936E8
1.88995624E8
1.88898968E8
1.8880816E8
1.88723432E8
1.88644984E8
1.88572984E8
1.88507552E8
1.88448736E8
1.88396504E8
1.88350736E8
1.88311184E8
1.88277504E8
1.8824924E8
1.88225824E8
1.88206568E8
1.88190688E8
1.8817732E8
1.88165488E8
1.88154192E8
1.8814236E8
1.88128936E8
1.881128E8
1.8809288E8
1.88068128E8
1.8803752E8
1.8800012E8
1.87955048E8
1.87901472E8
1.87838688E8
1.87766032E8
1.8768296E8
1.8758896E8
1.8748364E8
1.87366648E8
1.87237672E8
1.87096488E8
1.86942864E8
1.86776648E8
1.8659768E8
1.86405824E8
1.86200968E8
1.85983032E8
1.85751952E8
1.85507672E8
1.852502E8
1.8497956E8
1.84695864E8
1.8439924E8
1.8408992E8
1.83768192E8
1.83434432E8
1.8308908E8
1.82732704E8
1.82365904E8
1.819894E8
1.81603968E8
1.81210448E8
1.80809736E8
1.80402768E8
1.79990512E8
1.79573944E8
1.79154056E8
1.78731824E8
1.7830816E8
1.77884E8
1.77460184E8
1.7703752E8
1.76616728E8
1.76198488E8
1.75783376E8
1.7537192E8
1.74964552E8
1.7456164E8
1.74163496E8
1.7377036E8
1.733824E8
1.72999776E8
1.72622568E8
1.72250848E8
1.7188464E8
1.71523984E8
1.71168856E8
1.70819264E8
1.70475184E8
1.70136608E8
1.69803496E8
1.69475816E8
1.69153512E8
1.68836528E8
1.68524752E8
1.68218064E8
1.67916296E8
1.67619216E8
1.67326552E8
1.6703796E8
1.66753032E8
1.66471256E8
1.66192064E8
1.659148E8
1.65638728E8
1.65363024E8
1.65086792E8
1.64809072E8
1.6452884E8
1.64245024E8
1.63956512E8
1.63662192E8
1.63360928E8
1.630516E8
1.62733128E8
1.62404488E8
1.62064712E8
1.61712928E8
1.61348408E8
1.60970496E8
1.60578728E8
1.60172768E8
1.59752488E8
1.59317896E8
1.58869224E8
1.5840688E8
1.57931456E8
1.57443744E8
1.5694468E8
1.56435408E8
1.55917192E8
1.55391424E8
1.5485964E8
1.54323424E8
1.53784448E8
1.53244416E8
1.52705072E8
1.5216812E8
1.51635256E8
1.51108136E8
1.50588328E8
1.50077336E8
1.49576584E8
1.49087392E8
1.48610976E8
1.48148448E8
1.4770084E8
1.47269072E8
1.46853968E8
1.46456272E8
1.46076664E8
1.45715728E8
1.45373992E8
1.45051928E8
1.44749952E8
1.44468408E8
1.44207616E8
1.43967832E8
1.43749248E8
1.43552016E8
1.43376248E8
1.4322196E8
1.43089144E8
1.4297768E8
1.42887432E8
1.42818176E8
1.42769592E8
1.42741328E8
1.42732928E8
1.42743896E8
1.42773664E8
1.42821584E8
1.42886992E8
1.42969152E8
1.43067272E8
1.43180592E8
1.43308264E8
1.43449464E8
1.43603368E8
1.43769152E8
1.43945992E8
1.44133112E8
1.44329744E8
1.44535168E8
1.44748712E8
1.44969728E8
1.45197632E8
1.45431872E8
1.45671936E8
1.45917368E8
1.46167744E8
1.4642268E8
1.46681824E8
1.46944848E8
1.47211432E8
1.47481296E8
1.47754144E8
1.48029712E8
1.4830772E8
1.4858788E8
1.48869896E8
1.49153488E8
1.49438352E8
1.49724144E8
1.5001056E8
1.50297272E8
1.50583912E8
1.5087016E8
1.5115564E8
1.51440024E8
1.51722936E8
1.52004048E8
1.52283E8
1.52559464E8
1.52833096E8
1.53103592E8
1.533706E8
1.53633848E8
1.53893008E8
1.54147808E8
1.54397952E8
1.54643176E8
1.54883224E8
1.55117824E8
1.55346744E8
1.55569736E8
1.55786584E8
1.55997048E8
1.56200928E8
1.56398E8
1.56588088E8
1.56771008E8
1.569466E8
1.57114728E8
1.57275272E8
1.57428152E8
1.57573336E8
1.57710808E8
1.57840608E8
1.579628E8
1.5807752E8
1.58184904E8
1.58285144E8
1.5837844E8
1.58465024E8
1.58545104E8
1.58618888E8
1.58686568E8
1.58748256E8
1.58804032E8
1.58853904E8
1.58897784E8
1.58935504E8
1.58966776E8
1.58991224E8
1.5900836E8
1.59017592E8
1.59018216E8
1.5900948E8
1.58990504E8
1.58960384E8
1.58918144E8
1.58862784E8
1.58793312E8
1.58708696E8
1.58607976E8
1.58490192E8
1.58354496E8
1.58200064E8
1.58026192E8
1.57832272E8
1.57617824E8
1.57382496E8
1.57126056E8
1.56848424E8
1.56549688E8
1.56230048E8
1.5588988E8
1.5552972E8
1.55150224E8
1.54752216E8
1.54336648E8
1.539046E8
1.53457288E8
1.52996032E8
1.52522264E8
1.5203752E8
1.51543424E8
1.51041648E8
1.50533944E8
1.50022128E8
1.49508024E8
1.48993488E8
1.48480416E8
1.4797064E8
1.47466024E8
1.46968368E8
1.46479432E8
1.46000904E8
1.45534384E8
1.45081384E8
1.44643304E8
1.44221408E8
1.4381684E8
1.43430576E8
1.43063464E8
1.42716168E8
1.42389192E8
1.42082872E8
1.41797392E8
1.41532744E8
1.41288768E8
1.410652E8
1.40861584E8
1.4067736E8
1.40511864E8
1.40364336E8
1.40233952E8
1.40119832E8
1.40021056E8
1.3993668E8
1.39865808E8
1.39807528E8
1.3976096E8
1.39725312E8
1.39699816E8
1.39683784E8
1.396766E8
1.39677704E8
1.39686592E8
1.3970284E8
1.39726024E8
1.3975576E8
1.3979168E8
1.398334E8
1.39880496E8
1.39932496E8
1.39988896E8
1.40049064E8
1.40112336E8
1.40177896E8
1.40244888E8
1.40312296E8
1.40379064E8
1.40443992E8
1.40505856E8
1.40563312E8
1.40615E8
1.40659504E8
1.40695408E8
1.40721248E8
1.40735608E8
1.4073708E8
1.40724288E8
1.40695928E8
1.4065072E8
1.40587496E8
1.40505136E8
1.40402616E8
1.40278992E8
1.40133416E8
1.39965144E8
1.39773536E8
1.39558032E8
1.393182E8
1.39053712E8
1.38764344E8
1.3845E8
1.38110688E8
1.37746536E8
1.37357808E8
1.36944872E8
1.36508248E8
1.3604856E8
1.35566592E8
1.350632E8
1.34539416E8
1.33996368E8
1.3343532E8
1.32857592E8
1.32264648E8
1.31658016E8
1.31039288E8
1.3041012E8
1.29772184E8
1.29127192E8
1.28476864E8
1.27822872E8
1.27166872E8
1.26510472E8
1.25855176E8
1.25202456E8
1.24553648E8
1.23910008E8
1.23272664E8
1.22642624E8
1.22020792E8
1.21407952E8
1.2080476E8
1.20211784E8
1.19629488E8
1.19058264E8
1.18498408E8
1.17950168E8
1.17413752E8
1.16889328E8
1.16377048E8
1.15877064E8
1.1538952E8
1.14914568E8
1.14452392E8
1.14003184E8
1.1356716E8
1.1314456E8
1.12735624E8
1.12340616E8
1.11959816E8
1.11593464E8
1.11241816E8
1.10905104E8
1.10583496E8
1.10277152E8
1.09986176E8
1.09710616E8
1.09450456E8
1.09205616E8
1.08975976E8
1.08761288E8
1.08561304E8
1.08375664E8
1.0820396E8
1.08045704E8
1.07900352E8
1.07767296E8
1.07645864E8
1.07535328E8
1.0743492E8
1.07343784E8
1.07261056E8
1.07185824E8
1.07117136E8
1.07054024E8
1.0699552E8
1.06940632E8
1.068884E8
1.06837864E8
1.06788136E8
1.06738352E8
1.06687704E8
1.06635456E8
1.06580968E8
1.06523648E8
1.06463024E8
1.06398696E8
1.06330352E8
1.0625776E8
1.06180768E8
1.06099272E8
1.06013248E8
1.05922696E8
1.05827632E8
1.05728096E8
1.05624136E8
1.05515728E8
1.05402872E8
1.05285496E8
1.05163472E8
1.050366E8
1.0490464E8
1.04767272E8
1.04624104E8
1.04474712E8
1.04318624E8
1.0415532E8
1.03984304E8
1.03805064E8
1.03617144E8
1.03420112E8
1.03213664E8
1.02997528E8
1.02771616E8
1.02535928E8
1.0229064E8
1.02036096E8
1.01772768E8
1.01501312E8
1.01222576E8
1.0093752E8
1.0064728E8
1.00353096E8
1.00056336E8
9.9758472E7
9.9461024E7
9.9165568E7
9.887368E7
9.858696E7
9.8306968E7
9.8035192E7
9.777308E7
9.752196E7
9.728304E7
9.7057408E7
9.6846E7
9.6649584E7
9.6468776E7
9.6303992E7
9.6155496E7
9.6023328E7
9.5907384E7
9.5807376E7
9.5722832E7
9.5653112E7
9.559744E7
9.5554912E7
9.5524464E7
9.5504968E7
9.54952E7
9.5493848E7
9.5499592E7
9.551108E7
9.5526984E7
9.5545976E7
9.5566832E7
9.5588368E7
9.5609528E7
9.5629344E7
9.5647032E7
9.566192E7
9.5673488E7
9.5681408E7
9.5685472E7
9.5685656E7
9.5682048E7
9.5674888E7
9.566452E7
9.5651368E7
9.5635928E7
9.5618744E7
9.560036E7
9.5581336E7
9.55622E7
9.5543424E7
9.5525416E7
9.550852E7
9.549296E7
9.5478888E7
9.5466352E7
9.5455272E7
9.5445488E7
9.5436752E7
9.5428696E7
9.5420904E7
9.5412864E7
9.5404E7
9.5393696E7
9.5381296E7
9.5366112E7
9.534744E7
9.5324568E7
9.5296792E7
9.5263424E7
9.5223824E7
9.5177352E7
9.5123464E7
9.5061688E7
9.4991592E7
9.4912888E7
9.4825352E7
9.4728888E7
9.462356E7
9.4509512E7
9.438708E7
9.4256704E7
9.4118968E7
9.39746E7
9.3824448E7
9.3669464E7
9.3510672E7
9.3349216E7
9.3186232E7
9.3022904E7
9.2860384E7
9.2699816E7
9.2542264E7
9.2388696E7
9.2239984E7
9.2096856E7
9.1959912E7
9.1829584E7
9.170612E7
9.1589632E7
9.1480048E7
9.1377168E7
9.1280616E7
9.1189928E7
9.1104496E7
9.1023656E7
9.0946656E7
9.0872736E7
9.080112E7
9.0731056E7
9.0661816E7
9.0592792E7
9.052344E7
9.0453328E7
9.0382192E7
9.0309912E7
9.0236496E7
9.016216E7
9.0087248E7
9.0012304E7
8.9937992E7
8.9865136E7
8.9794672E7
8.972764E7
8.9665168E7
8.9608448E7
8.9558696E7
8.951716E7
8.9485048E7
8.946356E7
8.9453856E7
8.9457008E7
8.9474008E7
8.9505752E7
8.9553008E7
8.9616472E7
8.9696648E7
8.9793936E7
8.9908576E7
9.0040672E7
9.0190136E7
9.0356736E7
9.0540072E7
9.0739576E7
9.0954472E7
9.1183848E7
9.1426584E7
9.1681408E7
9.1946864E7
9.2221344E7
9.250308E7
9.2790184E7
9.308064E7
9.3372336E7
9.3663088E7
9.3950672E7
9.4232824E7
9.4507344E7
9.4772032E7
9.5024792E7
9.5263648E7
9.5486736E7
9.5692408E7
9.5879152E7
9.6045736E7
9.6191096E7
9.6314456E7
9.641524E7
9.6493144E7
9.6548088E7
9.6580176E7
9.6589768E7
9.657736E7
9.65436E7
9.6489288E7
9.6415272E7
9.6322488E7
9.621188E7
9.60844E7
9.5940984E7
9.5782496E7
9.5609728E7
9.5423384E7
9.522408E7
9.5012304E7
9.4788472E7
9.4552856E7
9.430568E7
9.4047048E7
9.3777024E7
9.3495632E7
9.3202848E7
9.289868E7
9.2583112E7
9.2256192E7
9.1918032E7
9.1568816E7
9.12088E7
9.0838352E7
9.0457944E7
9.0068168E7
8.9669712E7
8.9263376E7
8.8850088E7
8.8430832E7
8.8006728E7
8.757892E7
8.714868E7
8.6717272E7
8.6286056E7
8.5856368E7
8.5429616E7
8.500716E7
8.4590392E7
8.4180672E7
8.377932E7
8.3387656E7
8.300692E7
8.263832E7
8.2282984E7
8.1942008E7
8.1616384E7
8.130704E7
8.1014816E7
8.074048E7
8.0484696E7
8.0248056E7
8.003104E7
7.9834056E7
7.9657416E7
7.9501336E7
7.9365944E7
7.9251296E7
7.9157352E7
7.9084016E7
7.9031088E7
7.8998304E7
7.8985352E7
7.8991832E7
7.9017296E7
7.9061232E7
7.9123048E7
7.9202112E7
7.9297744E7
7.94092E7
7.9535664E7
7.967628E7
7.983016E7
7.9996328E7
8.0173808E7
8.0361544E7
8.055848E7
8.0763504E7
8.097552E7
8.1193368E7
8.1415944E7
8.1642112E7
8.187076E7
8.2100808E7
8.23312E7
8.2560936E7
8.278904E7
8.3014624E7
8.3236864E7
8.3454976E7
8.3668272E7
8.3876136E7
8.4078032E7
8.4273504E7
8.4462152E7
8.4643672E7
8.4817824E7
8.4984432E7
8.5143368E7
8.5294592E7
8.5438096E7
8.557392E7
8.5702144E7
8.5822896E7
8.5936328E7
8.6042648E7
8.6142048E7
8.6234792E7
8.6321128E7
8.6401336E7
8.6475744E7
8.6544648E7
8.6608416E7
8.6667384E7
8.6721928E7
8.6772464E7
8.6819376E7
8.6863112E7
8.6904144E7
8.6942936E7
8.6980008E7
8.7015888E7
8.7051168E7
8.7086408E7
8.7122264E7
8.715936E7
8.7198384E7
8.7240016E7
8.7284936E7
8.7333848E7
8.7387424E7
8.7446328E7
8.7511176E7
8.758256E7
8.7660992E7
8.7746928E7
8.7840752E7
8.7942752E7
8.8053128E7
8.8171984E7
8.8299312E7
8.8435024E7
8.8578896E7
8.8730624E7
8.8889792E7
8.905588E7
8.9228272E7
8.9406264E7
8.9589048E7
8.9775712E7
8.9965288E7
9.0156688E7
9.034876E7
9.0540272E7
9.072992E7
9.0916328E7
9.1098088E7
9.1273744E7
9.1441808E7
9.1600808E7
9.1749264E7
9.1885752E7
9.2008896E7
9.2117424E7
9.2210144E7
9.2286008E7
9.2344088E7
9.2383664E7
9.2404128E7
9.2405088E7
9.2386312E7
9.2347744E7
9.2289496E7
9.2211808E7
9.2115088E7
9.1999832E7
9.186664E7
9.1716192E7
9.1549184E7
9.136636E7
9.116848E7
9.0956264E7
9.0730408E7
9.0491576E7
9.0240376E7
8.997736E7
8.9703024E7
8.94178E7
8.912208E7
8.88162E7
8.8500464E7
8.8175168E7
8.784056E7
8.749692E7
8.7144544E7
8.6783728E7
8.641484E7
8.6038288E7
8.5654528E7
8.5264104E7
8.4867616E7
8.4465744E7
8.4059264E7
8.3649008E7
8.323588E7
8.2820872E7
8.2405032E7
8.1989448E7
8.1575272E7
8.1163664E7
8.0755824E7
8.0352944E7
7.9956232E7
7.9566832E7
7.9185896E7
7.881448E7
7.8453624E7
7.8104256E7
7.776724E7
7.744332E7
7.7133152E7
7.6837304E7
7.6556192E7
7.6290152E7
7.6039392E7
7.5804032E7
7.5584072E7
7.5379424E7
7.5189904E7
7.501528E7
7.4855216E7
7.4709336E7
7.4577208E7
7.44584E7
7.4352408E7
7.4258728E7
7.4176872E7
7.4106312E7
7.4046536E7
7.3997048E7
7.3957352E7
7.392696E7
7.3905392E7
7.3892168E7
7.38868E7
7.38888E7
7.3897664E7
7.3912872E7
7.3933896E7
7.3960144E7
7.3991016E7
7.4025888E7
7.4064072E7
7.410488E7
7.4147544E7
7.4191328E7
7.4235392E7
7.4278944E7
7.4321128E7
7.4361112E7
7.4398016E7
7.4431032E7
7.4459304E7
7.4482048E7
7.4498488E7
7.4507904E7
7.4509632E7
7.450308E7
7.4487712E7
7.4463096E7
7.4428896E7
7.4384888E7
7.4330936E7
7.4267072E7
7.4193408E7
7.411024E7
7.4017976E7
7.3917168E7
7.3808544E7
7.3692944E7
7.357136E7
7.3444928E7
7.3314864E7
7.3182544E7
7.3049416E7
7.2917016E7
7.278692E7
7.2660744E7
7.254012E7
7.2426672E7
7.2321928E7
7.2227408E7
7.214448E7
7.2074424E7
7.2018336E7
7.1977128E7
7.1951544E7
7.1942064E7
7.194896E7
7.1972224E7
7.2011608E7
7.2066552E7
7.213628E7
7.2219696E7
7.231548E7
7.242204E7
7.2537568E7
7.2660048E7
7.2787304E7
7.2917008E7
7.3046704E7
7.3173912E7
7.3296112E7
7.3410776E7
7.3515464E7
7.360784E7
7.3685672E7
7.3746928E7
7.3789768E7
7.3812576E7
7.3813992E7
7.379292E7
7.3748544E7
7.3680328E7
7.3588008E7
7.3471592E7
7.3331376E7
7.3167896E7
7.2981912E7
7.2774408E7
7.2546576E7
7.2299776E7
7.2035504E7
7.1755392E7
7.1461176E7
7.1154632E7
7.0837632E7
7.0512056E7
7.0179792E7
6.9842696E7
6.9502616E7
6.9161352E7
6.8820608E7
6.8482048E7
6.8147208E7
6.7817552E7
6.7494432E7
6.7179072E7
6.6872592E7
6.6575984E7
6.6290112E7
6.6015752E7
6.5753512E7
6.5503936E7
6.5267432E7
6.5044296E7
6.4834768E7
6.463896E7
6.4456912E7
6.4288592E7
6.4133888E7
6.3992632E7
6.3864584E7
6.374944E7
6.3646856E7
6.3556424E7
6.3477664E7
6.3410064E7
6.3353024E7
6.3305896E7
6.3267952E7
6.32384E7
6.3216376E7
6.3200936E7
6.3191072E7
6.318568E7
6.3183592E7
6.3183584E7
6.3184344E7
6.3184544E7
6.3182792E7
6.3177656E7
6.3167704E7
6.3151528E7
6.3127712E7
6.3094888E7
6.3051744E7
6.2997064E7
6.2929696E7
6.2848624E7
6.2752936E7
6.2641888E7
6.2514848E7
6.2371384E7
6.2211184E7
6.2034136E7
6.1840264E7
6.1629792E7
6.140308E7
6.1160616E7
6.0903088E7
6.0631272E7
6.0346064E7
6.0048488E7
5.9739656E7
5.9420744E7
5.9092992E7
5.8757696E7
5.8416184E7
5.8069824E7
5.771996E7
5.7367976E7
5.7015224E7
5.6663056E7
5.63128E7
5.5965784E7
5.5623264E7
5.5286512E7
5.4956728E7
5.4635096E7
5.4322752E7
5.4020776E7
5.3730216E7
5.3452024E7
5.3187128E7
5.2936352E7
5.270048E7
5.2480184E7
5.2276056E7
5.2088592E7
5.1918216E7
5.1765208E7
5.1629768E7
5.1512E7
5.1411864E7
5.132924E7
5.1263856E7
5.1215384E7
5.1183328E7
5.1167136E7
5.1166104E7
5.1179464E7
5.1206352E7
5.1245816E7
5.129684E7
5.135832E7
5.1429152E7
5.150816E7
5.1594168E7
5.1685976E7
5.17824E7
5.1882264E7
5.1984424E7
5.2087744E7
5.2191152E7
5.2293584E7
5.2394056E7
5.2491592E7
5.2585256E7
5.2674152E7
5.275744E7
5.2834264E7
5.2903856E7
5.2965432E7
5.3018288E7
5.3061728E7
5.3095104E7
5.311784E7
5.3129424E7
5.3129416E7
5.3117464E7
5.3093312E7
5.3056824E7
5.3007968E7
5.2946872E7
5.2873752E7
5.2789008E7
5.269316E7
5.258684E7
5.2470832E7
5.234604E7
5.221344E7
5.2074128E7
5.192924E7
5.1779984E7
5.1627568E7
5.147324E7
5.1318192E7
5.1163592E7
5.1010576E7
5.0860184E7
5.0713368E7
5.0571E7
5.0433856E7
5.0302584E7
5.0177752E7
5.0059824E7
4.9949152E7
4.9846016E7
4.9750632E7
4.9663112E7
4.9583576E7
4.9512056E7
4.9448584E7
4.939316E7
4.9345768E7
4.9306424E7
4.9275112E7
4.925184E7
4.9236616E7
4.9229464E7
4.9230384E7
4.9239384E7
4.9256448E7
4.9281552E7
4.9314616E7
4.9355544E7
4.9404168E7
4.9460272E7
4.95236E7
4.9593824E7
4.9670552E7
4.975336E7
4.984176E7
4.9935232E7
5.0033248E7
5.0135224E7
5.02406E7
5.0348816E7
5.045932E7
5.0571584E7
5.0685128E7
5.079948E7
5.0914232E7
5.1029016E7
5.114348E7
5.1257344E7
5.1370336E7
5.1482224E7
5.1592824E7
5.1701936E7
5.1809384E7
5.1915016E7
5.2018648E7
5.212012E7
5.2219232E7
5.2315784E7
5.240952E7
5.2500184E7
5.2587464E7
5.2671008E7
5.2750432E7
5.2825304E7
5.2895168E7
5.295952E7
5.3017856E7
5.306964E7
5.3114336E7
5.315144E7
5.3180456E7
5.3200912E7
5.321244E7
5.3214704E7
5.3207456E7
5.3190528E7
5.3163872E7
5.312752E7
5.30816E7
5.3026344E7
5.2962072E7
5.2889184E7
5.2808144E7
5.2719488E7
5.2623792E7
5.2521648E7
5.2413688E7
5.2300544E7
5.218284E7
5.2061184E7
5.1936176E7
5.1808368E7
5.1678296E7
5.1546464E7
5.1413328E7
5.1279328E7
5.1144888E7
5.1010376E7
5.0876168E7
5.0742624E7
5.0610088E7
5.0478936E7
5.0349512E7
5.0222216E7
5.0097432E7
4.9975584E7
4.9857136E7
4.9742576E7
4.9632408E7
4.9527176E7
4.9427472E7
4.9333872E7
4.9247E7
4.9167464E7
4.9095904E7
4.9032896E7
4.8979032E7
4.8934848E7
4.890084E7
4.887744E7
4.8864992E7
4.8863776E7
4.8874008E7
4.8895752E7
4.892904E7
4.8973792E7
4.902984E7
4.9096936E7
4.9174792E7
4.9263032E7
4.9361264E7
4.946904E7
4.9585928E7
4.971148E7
4.984524E7
4.99868E7
5.0135752E7
5.0291736E7
5.0454408E7
5.0623464E7
5.0798632E7
5.0979664E7
5.116632E7
5.1358376E7
5.1555632E7
5.1757872E7
5.1964856E7
5.217636E7
5.2392112E7
5.2611824E7
5.2835184E7
5.306184E7
5.3291408E7
5.352348E7
5.3757592E7
5.3993272E7
5.4229992E7
5.44672E7
5.4704312E7
5.4940728E7
5.51758E7
5.540888E7
5.5639264E7
5.5866256E7
5.608912E7
5.6307128E7
5.651952E7
5.6725528E7
5.69244E7
5.7115368E7
5.7297656E7
5.7470536E7
5.7633272E7
5.7785136E7
5.7925472E7
5.8053608E7
5.8168952E7
5.827092E7
5.8359016E7
5.8432752E7
5.8491752E7
5.8535648E7
5.8564192E7
5.8577152E7
5.8574384E7
5.8555832E7
5.8521464E7
5.8471344E7
5.8405568E7
5.832432E7
5.8227816E7
5.8116328E7
5.799016E7
5.7849664E7
5.7695208E7
5.7527192E7
5.7346064E7
5.7152264E7
5.6946248E7
5.6728496E7
5.6499488E7
5.625972E7
5.6009712E7
5.5749968E7
5.5481024E7
5.5203424E7
5.491772E7
5.462448E7
5.4324312E7
5.4017824E7
5.3705648E7
5.338844E7
5.3066888E7
5.274172E7
5.241364E7
5.2083432E7
5.1751856E7
5.1419736E7
5.1087888E7
5.0757144E7
5.042836E7
5.0102368E7
4.9780056E7
4.9462256E7
4.914984E7
4.8843664E7
4.8544576E7
4.8253432E7
4.7971072E7
4.7698352E7
4.7436128E7
4.7185256E7
4.6946624E7
4.6721096E7
4.6509584E7
4.6312968E7
4.6132192E7
4.596816E7
4.5821792E7
4.5693992E7
4.5585656E7
4.5497624E7
4.543072E7
4.538568E7
4.5363176E7
4.5363816E7
4.5388064E7
4.5436288E7
4.5508736E7
4.5605528E7
4.5726608E7
4.5871816E7
4.60408E7
4.6233096E7
4.644808E7
4.668496E7
4.6942848E7
4.722072E7
4.7517456E7
4.78318E7
4.8162456E7
4.8508048E7
4.8867144E7
4.9238304E7
4.962004E7
5.001092E7
5.040952E7
5.0814432E7
5.1224344E7
5.1637992E7
5.2054216E7
5.247196E7
5.2890248E7
5.3308256E7
5.3725248E7
5.4140632E7
5.4553936E7
5.4964792E7
5.5372944E7
5.5778256E7
5.6180664E7
5.6580192E7
5.6976904E7
5.7370936E7
5.7762432E7
5.8151536E7
5.8538392E7
5.8923096E7
5.930572E7
5.9686232E7
6.0064568E7
6.044052E7
6.0813808E7
6.118404E7
6.1550696E7
6.1913144E7
6.2270624E7
6.2622288E7
6.2967152E7
6.3304144E7
6.3632104E7
6.39498E7
6.4255944E7
6.4549168E7
6.482812E7
6.5091424E7
6.5337712E7
6.556564E7
6.5773928E7
6.5961352E7
6.6126776E7
6.6269208E7
6.6387728E7
6.6481616E7
6.6550272E7
6.6593312E7
6.6610512E7
6.6601872E7
6.6567584E7
6.6508056E7
6.6423944E7
6.6316072E7
6.6185496E7
6.6033488E7
6.586148E7
6.5671072E7
6.5464072E7
6.524236E7
6.5007952E7
6.476296E7
6.4509544E7
6.4249896E7
6.3986232E7
6.3720736E7
6.3455552E7
6.3192776E7
6.2934408E7
6.2682328E7
6.243832E7
6.2204016E7
6.1980912E7
6.1770352E7
6.1573488E7
6.1391336E7
6.1224736E7
6.1074352E7
6.0940688E7
6.0824096E7
6.0724712E7
6.0642576E7
6.0577536E7
6.0529296E7
6.0497432E7
6.048136E7
6.0480376E7
6.049364E7
6.0520216E7
6.055904E7
6.0608984E7
6.0668792E7
6.07372E7
6.081284E7
6.0894368E7
6.0980384E7
6.106952E7
6.1160424E7
6.12518E7
6.1342408E7
6.1431112E7
6.1516832E7
6.1598656E7
6.1675752E7
6.174744E7
6.1813168E7
6.187252E7
6.192524E7
6.19712E7
6.20104E7
6.2042984E7
6.20692E7
6.2089416E7
6.2104104E7
6.2113808E7
6.2119152E7
6.2120824E7
6.2119536E7
6.211604E7
6.2111096E7
6.210544E7
6.2099808E7
6.209488E7
6.2091304E7
6.2089608E7
6.2090296E7
6.2093768E7
6.2100312E7
6.2110104E7
6.2123224E7
6.2139648E7
6.2159192E7
6.21816E7
6.220648E7
6.223332E7
6.2261528E7
6.2290384E7
6.2319096E7
6.2346768E7
6.2372448E7
6.2395096E7
6.2413648E7
6.2426952E7
6.2433864E7
6.2433184E7
6.2423712E7
6.240424E7
6.2373576E7
6.233052E7
6.2273896E7
6.2202592E7
6.2115496E7
6.2011552E7
6.188976E7
6.1749168E7
6.1588904E7
6.1408144E7
6.1206144E7
6.0982216E7
6.0735784E7
6.0466312E7
6.0173384E7
5.9856648E7
5.951584E7
5.9150808E7
5.8761464E7
5.8347856E7
5.7910096E7
5.7448448E7
5.6963256E7
5.6455008E7
5.5924312E7
5.5371936E7
5.4798736E7
5.4205768E7
5.3594216E7
5.29654E7
5.2320808E7
5.1662064E7
5.0990912E7
5.0309232E7
4.9618992E7
4.8922256E7
4.8221152E7
4.7517824E7
4.6814448E7
4.6113176E7
4.541612E7
4.472532E7
4.4042744E7
4.3370256E7
4.2709584E7
4.2062328E7
4.1429976E7
4.0813864E7
4.0215184E7
3.9635008E7
3.9074296E7
3.8533896E7
3.8014536E7
3.7516904E7
3.7041584E7
3.6589128E7
3.616004E7
3.5754792E7
3.5373832E7
3.5017584E7
3.4686456E7
3.4380856E7
3.4101144E7
3.3847664E7
3.3620744E7
3.342064E7
3.324756E7
3.3101656E7
3.2982992E7
3.2891552E7
3.2827208E7
3.2789712E7
3.2778728E7
3.2793792E7
3.2834304E7
3.2899552E7
3.2988704E7
3.3100824E7
3.3234856E7
3.3389672E7
3.3564032E7
3.3756664E7
3.3966192E7
3.4191256E7
3.44304E7
3.4682224E7
3.4945256E7
3.5218088E7
3.5499272E7
3.5787448E7
3.608124E7
3.6379328E7
3.6680448E7
3.6983384E7
3.7286968E7
3.7590096E7
3.7891784E7
3.8191072E7
3.8487128E7
3.87792E7
3.9066664E7
3.9348992E7
3.9625808E7
3.9896848E7
4.0161984E7
4.042124E7
4.0674752E7
4.09228E7
4.1165776E7
4.1404168E7
4.163856E7
4.1869616E7
4.2098008E7
4.2324456E7
4.2549664E7
4.2774304E7
4.2998992E7
4.322428E7
4.3450592E7
4.3678248E7
4.3907456E7
4.4138256E7
4.4370576E7
4.4604192E7
4.4838736E7
4.507372E7
4.5308544E7
4.5542472E7
4.5774736E7
4.6004448E7
4.6230696E7
4.6452528E7
4.6668992E7
4.6879136E7
4.7082016E7
4.727676E7
4.7462528E7
4.763856E7
4.7804152E7
4.795872E7
4.810172E7
4.823276E7
4.8351504E7
4.845772E7
4.855128E7
4.8632152E7
4.8700376E7
4.8756072E7
4.879944E7
4.8830744E7
4.8850304E7
4.8858488E7
4.8855712E7
4.88424E7
4.8819024E7
4.8786032E7
4.8743912E7
4.8693128E7
4.8634128E7
4.8567368E7
4.8493264E7
4.84122E7
4.832456E7
4.8230704E7
4.8130944E7
4.80256E7
4.791496E7
4.7799304E7
4.767892E7
4.7554072E7
4.7425048E7
4.7292144E7
4.7155656E7
4.7015928E7
4.6873288E7
4.6728136E7
4.6580832E7
4.6431824E7
4.6281528E7
4.6130416E7
4.5978936E7
4.5827584E7
4.5676824E7
4.5527112E7
4.5378928E7
4.5232696E7
4.508884E7
4.494772E7
4.4809688E7
4.4675032E7
4.4543984E7
4.4416696E7
4.4293304E7
4.4173816E7
4.40582E7
4.3946312E7
4.3837952E7
4.3732832E7
4.3630568E7
4.3530704E7
4.343272E7
4.3336008E7
4.323992E7
4.314376E7
4.3046784E7
4.2948224E7
4.2847328E7
4.2743328E7
4.2635488E7
4.2523112E7
4.2405568E7
4.228228E7
4.2152744E7
4.2016568E7
4.1873456E7
4.1723192E7
4.1565696E7
4.1401E7
4.1229216E7
4.1050592E7
4.0865464E7
4.0674264E7
4.0477496E7
4.0275792E7
4.0069776E7
3.98602E7
3.9647808E7
3.9433416E7
3.921784E7
3.9001904E7
3.8786464E7
3.8572328E7
3.8360296E7
3.815116E7
3.7945648E7
3.7744456E7
3.7548232E7
3.7357576E7
3.7173024E7
3.699508E7
3.6824176E7
3.6660704E7
3.6505016E7
3.6357416E7
3.6218176E7
3.6087544E7
3.5965752E7
3.5853E7
3.5749464E7
3.5655336E7
3.5570768E7
3.5495912E7
3.5430888E7
3.5375816E7
3.5330776E7
3.5295832E7
3.5270976E7
3.5256192E7
3.5251384E7
3.5256416E7
3.5271064E7
3.529504E7
3.5328E7
3.536948E7
3.5418984E7
3.547588E7
3.5539504E7
3.560912E7
3.568388E7
3.5762936E7
3.5845344E7
3.5930152E7
3.6016352E7
3.6102936E7
3.6188896E7
3.6273224E7
3.635496E7
3.6433144E7
3.6506896E7
3.6575392E7
3.6637896E7
3.6693736E7
3.6742352E7
3.6783304E7
3.6816248E7
3.6840968E7
3.6857352E7
3.686544E7
3.6865352E7
3.6857368E7
3.684184E7
3.6819224E7
3.6790096E7
3.6755056E7
3.6714792E7
3.6670024E7
3.6621488E7
3.6569944E7
3.6516112E7
3.646068E7
3.6404304E7
3.6347568E7
3.6290952E7
3.6234864E7
3.6179608E7
3.6125376E7
3.6072264E7
3.6020248E7
3.59692E7
3.591892E7
3.5869096E7
3.5819376E7
3.576932E7
3.5718488E7
3.5666392E7
3.5612552E7
3.5556504E7
3.5497808E7
3.543604E7
3.5370888E7
3.530204E7
3.522928E7
3.5152464E7
3.507148E7
3.4986336E7
3.4897048E7
3.4803688E7
3.4706408E7
3.4605352E7
3.4500704E7
3.439264E7
3.4281368E7
3.4167064E7
3.4049888E7
3.3930016E7
3.380756E7
3.3682656E7
3.3555392E7
3.3425864E7
3.3294168E7
3.3160392E7
3.3024648E7
3.2887056E7
3.2747792E7
3.2607048E7
3.2465072E7
3.2322168E7
3.2178696E7
3.203504E7
3.1891672E7
3.1749096E7
3.1607864E7
3.1468576E7
3.1331832E7
3.119828E7
3.1068576E7
3.0943368E7
3.0823288E7
3.0708984E7
3.060104E7
3.0500016E7
3.0406424E7
3.0320744E7
3.024336E7
3.0174608E7
3.0114744E7
3.0063968E7
3.0022352E7
2.9989912E7
2.9966584E7
2.9952184E7
2.9946472E7
2.994912E7
2.9959712E7
2.9977744E7
3.0002704E7
3.0033968E7
3.0070896E7
3.0112824E7
3.0159032E7
3.0208832E7
3.0261528E7
3.0316424E7
3.0372864E7
3.0430224E7
3.0487936E7
3.0545456E7
3.0602336E7
3.0658168E7
3.0712624E7
3.0765448E7
3.0816472E7
3.0865592E7
3.0912776E7
3.0958096E7
3.1001664E7
3.1043696E7
3.1084464E7
3.1124272E7
3.1163488E7
3.1202528E7
3.1241824E7
3.12818E7
3.1322896E7
3.1365512E7
3.1410016E7
3.1456728E7
3.1505856E7
3.1557584E7
3.1611928E7
3.166884E7
3.172812E7
3.1789464E7
3.1852408E7
3.1916384E7
3.198068E7
3.2044448E7
3.210676E7
3.2166544E7
3.2222648E7
3.2273864E7
3.2318896E7
3.2356416E7
3.238508E7
3.2403552E7
3.2410488E7
3.2404608E7
3.2384672E7
3.2349536E7
3.2298136E7
3.2229552E7
3.2142968E7
3.2037728E7
3.1913328E7
3.1769432E7
3.1605888E7
3.1422696E7
3.1220056E7
3.0998352E7
3.075812E7
3.0500088E7
3.022512E7
2.9934264E7
2.9628672E7
2.9309624E7
2.897852E7
2.8636856E7
2.8286176E7
2.7928104E7
2.7564328E7
2.7196528E7
2.6826408E7
2.6455696E7
2.6086072E7
2.5719216E7
2.5356736E7
2.500024E7
2.4651208E7
2.431112E7
2.3981312E7
2.3663072E7
2.335756E7
2.3065856E7
2.2788912E7
2.252756E7
2.2282528E7
2.2054424E7
2.1843704E7
2.1650728E7
2.1475736E7
2.1318824E7
2.1179992E7
2.1059096E7
2.095592E7
2.087012E7
2.0801248E7
2.0748776E7
2.0712064E7
2.06904E7
2.0683016E7
2.0689056E7
2.0707624E7
2.0737776E7
2.0778544E7
2.0828944E7
2.0887976E7
2.095468E7
2.102808E7
2.1107272E7
2.119136E7
2.1279536E7
2.1371032E7
2.146516E7
2.156128E7
2.1658832E7
2.1757328E7
2.1856344E7
2.1955496E7
2.2054488E7
2.2153056E7
2.2250984E7
2.2348128E7
2.2444328E7
2.253952E7
2.2633632E7
2.2726648E7
2.281856E7
2.29094E7
2.2999232E7
2.3088104E7
2.3176128E7
2.3263416E7
2.3350088E7
2.3436272E7
2.3522104E7
2.3607704E7
2.3693216E7
2.3778736E7
2.3864352E7
2.3950112E7
2.4036048E7
2.4122144E7
2.420832E7
2.429448E7
2.4380432E7
2.4465952E7
2.4550736E7
2.463444E7
2.4716648E7
2.479688E7
2.4874616E7
2.494928E7
2.5020256E7
2.5086904E7
2.5148576E7
2.5204584E7
2.525428E7
2.5297024E7
2.5332208E7
2.535928E7
2.5377728E7
2.5387128E7
2.5387128E7
2.5377432E7
2.5357872E7
2.5328336E7
2.5288776E7
2.5239264E7
2.5179904E7
2.5110848E7
2.503232E7
2.4944552E7
2.4847816E7
2.4742344E7
2.4628416E7
2.450628E7
2.4376136E7
2.4238216E7
2.409268E7
2.3939704E7
2.377944E7
2.361204E7
2.343764E7
2.3256432E7
2.3068616E7
2.2874432E7
2.2674176E7
2.2468224E7
2.2256976E7
2.2040944E7
2.182068E7
2.1596808E7
2.1370008E7
2.1141E7
2.0910536E7
2.0679376E7
2.0448264E7
2.0217936E7
1.9989064E7
1.9762264E7
1.9538048E7
1.9316848E7
1.9098992E7
1.8884656E7
1.8673912E7
1.8466712E7
1.826288E7
1.8062112E7
1.7864E7
1.7668064E7
1.7473728E7
1.728036E7
1.7087288E7
1.6893824E7
1.6699272E7
1.6502968E7
1.6304272E7
1.6102616E7
1.589748E7
1.5688464E7
1.5475232E7
1.5257576E7
1.5035384E7
1.4808664E7
1.4577536E7
1.434224E7
1.4103104E7
1.3860552E7
1.361512E7
1.3367384E7
1.3118E7
1.286764E7
1.2617032E7
1.2366888E7
1.211792E7
1.18708E7
1.1626176E7
1.1384608E7
1.1146616E7
1.0912624E7
1.0682968E7
1.0457888E7
1.0237544E7
1.0021968E7
9811128.0
9604896.0
9403048.0
9205304.0
9011320.0
8820704.0
8633016.0
8447816.0
8264656.0
8083072.0
7902648.0
7723008.0
7543832.0
7364832.0
7185824.0
7006712.0
6827456.0
6648136.0
6468912.0
6290008.0
6111784.0
5934608.0
5758968.0
5585352.0
5414336.0
5246472.0
5082368.0
4922592.0
4767720.0
4618312.0
4474872.0
4337864.0
4207760.0
4084928.0
3969728.0
3862464.0
3763432.0
3672880.0
3591032.0
3518128.0
3454376.0
3400016.0
3355312.0
3320528.0
3295976.0
3281992.0
3278960.0
3287296.0
3307448.0
3339920.0
3385176.0
3443752.0
3516144.0
3602856.0
3704344.0
3821040.0
3953312.0
4101424.0
4265600.0
4445928.0
4642432.0
4854976.0
5083352.0
5327224.0
5586120.0
5859504.0
6146696.0
6446968.0
6759504.0
7083392.0
7417704.0
7761456.0
8113616.0
8473192.0
8839120.0
9210392.0
9585968.0
9964848.0
1.0346056E7
1.0728632E7
1.111164E7
1.14942E7
1.1875448E7
1.225456E7
1.2630744E7
1.3003264E7
1.3371416E7
1.3734544E7
1.4092048E7
1.4443368E7
1.4788E7
1.5125496E7
1.5455464E7
1.5777584E7
1.609156E7
1.6397184E7
1.669428E7
1.6982728E7
1.7262448E7
1.75334E7
1.7795584E7
1.8049E7
1.8293704E7
1.8529704E7
1.8757056E7
1.8975792E7
1.9185944E7
1.9387488E7
1.9580416E7
1.976468E7
1.9940176E7
2.0106768E7
2.0264312E7
2.0412576E7
2.0551304E7
2.0680192E7
2.0798888E7
2.0907008E7
2.1004104E7
2.108972E7
2.1163336E7
2.1224432E7
2.1272464E7
2.1306864E7
2.132712E7
2.1332688E7
2.1323056E7
2.12978E7
2.125652E7
2.1198888E7
2.1124664E7
2.1033736E7
2.0926064E7
2.0801752E7
2.0661008E7
2.0504192E7
2.0331792E7
2.0144456E7
1.9942928E7
1.9728128E7
1.9501072E7
1.9262928E7
1.901496E7
1.8758528E7
1.8495088E7
1.822616E7
1.7953296E7
1.7678112E7
1.74022E7
1.7127152E7
1.6854536E7
1.6585848E7
1.6322512E7
1.606584E7
1.5817064E7
1.5577264E7
1.5347384E7
1.512824E7
1.4920496E7
1.4724648E7
1.4541088E7
1.437008E7
1.421172E7
1.406608E7
1.3933072E7
1.38126E7
1.3704496E7
1.3608584E7
1.3524656E7
1.345256E7
1.3392136E7
1.3343296E7
1.3305976E7
1.32802E7
1.3266048E7
1.3263672E7
1.327328E7
1.3295136E7
1.3329584E7
1.3376984E7
1.3437736E7
1.351224E7
1.3600896E7
1.3704096E7
1.3822176E7
1.3955424E7
1.410404E7
1.4268136E7
1.4447728E7
1.4642696E7
1.4852792E7
1.5077648E7
1.5316736E7
1.5569384E7
1.5834784E7
1.6112016E7
1.6400008E7
1.6697568E7
1.7003432E7
1.7316248E7
1.7634592E7
1.7956992E7
1.8281952E7
1.8607976E7
1.8933576E7
1.9257272E7
1.9577656E7
1.9893368E7
2.0203104E7
2.0505664E7
2.0799912E7
2.1084816E7
2.1359456E7
2.162296E7
2.1874592E7
2.211368E7
2.233964E7
2.2551944E7
2.2750144E7
2.293384E7
2.3102648E7
2.3256224E7
2.3394248E7
2.3516376E7
2.362228E7
2.3711624E7
2.3784024E7
2.3839112E7
2.387648E7
2.389572E7
2.3896416E7
2.3878168E7
2.384056E7
2.3783256E7
2.3705936E7
2.3608352E7
2.3490344E7
2.3351832E7
2.3192856E7
2.3013552E7
2.2814184E7
2.2595152E7
2.2356952E7
2.2100216E7
2.1825672E7
2.153416E7
2.122656E7
2.0903872E7
2.0567104E7
2.0217312E7
1.9855568E7
1.948292E7
1.9100416E7
1.8709072E7
1.8309856E7
1.7903688E7
1.749144E7
1.7073928E7
1.6651928E7
1.6226136E7
1.5797224E7
1.5365824E7
1.4932536E7
1.4497928E7
1.4062584E7
1.3627032E7
1.3191864E7
1.275764E7
1.2324952E7
1.1894432E7
1.1466728E7
1.1042504E7
1.0622496E7
1.0207464E7
9798192.0
9395504.0
9000264.0
8613352.0
8235656.0
7868096.0
7511568.0
7166976.0
6835184.0
6517064.0
6213392.0
5924928.0
5652344.0
5396256.0
5157176.0
4935520.0
4731624.0
4545712.0
4377904.0
4228232.0
4096608.0
3982888.0
3886784.0
3808008.0
3746168.0
3700864.0
3671632.0
3658024.0
3659600.0
3675928.0
3706616.0
3751352.0
3809824.0
3881848.0
3967264.0
4066016.0
4178088.0
4303560.0
4442536.0
4595184.0
4761688.0
4942264.0
5137128.0
5346456.0
5570424.0
5809144.0
6062656.0
6330944.0
6613880.0
6911256.0
7222728.0
7547848.0
7886056.0
8236648.0
8598808.0
8971576.0
9353904.0
9744600.0
1.01424E7
1.054592E7
1.0953728E7
1.136432E7
1.177616E7
1.2187696E7
1.2597376E7
1.3003672E7
1.3405112E7
1.3800304E7
1.4187952E7
1.4566832E7
1.4935888E7
1.52942E7
1.5640984E7
1.5975608E7
1.6297608E7
1.660664E7
1.6902528E7
1.7185184E7
1.7454656E7
1.7711064E7
1.79546E7
1.8185496E7
1.8403984E7
1.861032E7
1.880472E7
1.8987352E7
1.9158328E7
1.9317696E7
1.9465392E7
1.9601288E7
1.972516E7
1.983668E7
1.9935472E7
2.0021048E7
2.009288E7
2.0150376E7
2.0192912E7
2.0219864E7
2.0230576E7
2.0224416E7
2.02008E7
2.0159176E7
2.009904E7
2.0019992E7
1.9921704E7
1.9803952E7
1.9666648E7
1.95098E7
1.9333584E7
1.9138304E7
1.8924408E7
1.8692536E7
1.8443456E7
1.8178128E7
1.7897664E7
1.7603328E7
1.7296576E7
1.6978944E7
1.6652168E7
1.6318064E7
1.597856E7
1.563568E7
1.5291472E7
1.4948064E7
1.4607568E7
1.4272096E7
1.3943736E7
1.362452E7
1.3316376E7
1.3021184E7
1.2740648E7
1.24764E7
1.222988E7
1.20024E7
1.179508E7
1.1608888E7
1.14446E7
1.1302816E7
1.1183952E7
1.1088248E7
1.1015776E7
1.0966416E7
1.0939928E7
1.0935896E7
1.0953776E7
1.0992888E7
1.1052472E7
1.1131656E7
1.1229496E7
1.1345E7
1.1477136E7
1.1624848E7
1.1787088E7
1.1962824E7
1.2151056E7
1.235084E7
1.256128E7
1.2781568E7
1.3010976E7
1.3248848E7
1.3494624E7
1.374784E7
1.4008096E7
1.4275072E7
1.4548512E7
1.4828224E7
1.511404E7
1.5405832E7
1.5703464E7
1.6006808E7
1.6315696E7
1.662996E7
1.6949328E7
1.7273488E7
1.760208E7
1.79346E7
1.8270504E7
1.860916E7
1.8949784E7
1.9291584E7
1.9633616E7
1.997492E7
2.0314416E7
2.0651032E7
2.0983624E7
2.1311064E7
2.16322E7
2.1945904E7
2.225112E7
2.2546808E7
2.2832E7
2.3105856E7
2.3367568E7
2.3616448E7
2.3851936E7
2.4073544E7
2.4280904E7
2.4473728E7
2.465184E7
2.4815152E7
2.496364E7
2.5097376E7
2.5216464E7
2.5321096E7
2.5411488E7
2.5487936E7
2.5550736E7
2.5600256E7
2.5636872E7
2.5661008E7
2.5673112E7
2.5673664E7
2.5663176E7
2.5642152E7
2.561116E7
2.5570776E7
2.5521592E7
2.5464248E7
2.5399368E7
2.5327608E7
2.5249656E7
2.5166216E7
2.5077984E7
2.4985696E7
2.4890088E7
2.4791912E7
2.4691944E7
2.4590936E7
2.4489672E7
2.438892E7
2.4289456E7
2.4192032E7
2.40974E7
2.400628E7
2.3919368E7
2.383732E7
2.3760736E7
2.36902E7
2.3626184E7
2.356912E7
2.351936E7
2.347716E7
2.3442664E7
2.341596E7
2.3396992E7
2.3385616E7
2.338156E7
2.3384448E7
2.3393816E7
2.3409056E7
2.3429488E7
2.3454328E7
2.3482704E7
2.3513688E7
2.3546248E7
2.3579344E7
2.3611856E7
2.3642664E7
2.3670608E7
2.3694552E7
2.3713344E7
2.3725872E7
2.3731064E7
2.3727888E7
2.37154E7
2.3692704E7
2.3659032E7
2.3613672E7
2.3556048E7
2.3485696E7
2.3402256E7
2.3305512E7
2.319536E7
2.30718E7
2.2934976E7
2.278512E7
2.262256E7
2.244772E7
2.2261096E7
2.2063256E7
2.1854816E7
2.1636456E7
2.1408848E7
2.1172744E7
2.0928896E7
2.067804E7
2.0421E7
2.0158536E7
1.9891456E7
1.9620576E7
1.934672E7
1.9070712E7
1.879336E7
1.851552E7
1.8238008E7
1.796164E7
1.7687208E7
1.741548E7
1.7147208E7
1.6883056E7
1.662368E7
1.6369632E7
1.6121408E7
1.5879432E7
1.5644024E7
1.5415432E7
1.5193816E7
1.4979248E7
1.4771744E7
1.4571224E7
1.437756E7
1.4190592E7
1.4010112E7
1.3835912E7
1.3667792E7
1.3505536E7
1.3348984E7
1.3198024E7
1.3052592E7
1.291268E7
1.2778368E7
1.2649816E7
1.2527224E7
1.241092E7
1.2301264E7
1.2198696E7
1.2103704E7
1.2016816E7
1.19386E7
1.1869624E7
1.1810472E7
1.1761688E7
1.1723824E7
1.1697336E7
1.1682648E7
1.1680112E7
1.1689984E7
1.1712416E7
1.1747504E7
1.17952E7
1.1855376E7
1.1927776E7
1.2012096E7
1.210792E7
1.2214776E7
1.233212E7
1.2459384E7
1.2595968E7
1.2741296E7
1.2894776E7
1.305588E7
1.322412E7
1.339908E7
1.3580424E7
1.3767904E7
1.3961384E7
1.4160792E7
1.4366192E7
1.457768E7
1.4795472E7
1.5019832E7
1.5251064E7
1.5489504E7
1.5735504E7
1.598936E7
1.6251384E7
1.6521792E7
1.6800752E7
1.7088288E7
1.7384352E7
1.7688752E7
1.8001128E7
1.8321E7
1.8647712E7
1.8980416E7
1.9318128E7
1.9659672E7
2.000372E7
2.0348768E7
2.0693184E7
2.1035176E7
2.1372872E7
2.170428E7
2.202732E7
2.2339896E7
2.2639872E7
2.2925104E7
2.319352E7
2.3443072E7
2.3671832E7
2.3878E7
2.4059904E7
2.4216064E7
2.4345208E7
2.4446256E7
2.4518408E7
2.456108E7
2.4573976E7
2.4557056E7
2.451056E7
2.4434976E7
2.433108E7
2.419988E7
2.4042632E7
2.3860784E7
2.3656E7
2.3430096E7
2.3185048E7
2.2922936E7
2.2645904E7
2.2356176E7
2.2055984E7
2.1747576E7
2.1433136E7
2.111484E7
2.0794728E7
2.0474776E7
2.015684E7
1.9842608E7
1.9533672E7
1.9231424E7
1.8937088E7
1.8651752E7
1.8376288E7
1.8111416E7
1.7857696E7
1.7615488E7
1.738504E7
1.7166416E7
1.6959592E7
1.6764384E7
1.658052E7
1.640764E7
1.6245304E7
1.609304E7
1.5950296E7
1.5816488E7
1.5691064E7
1.5573392E7
1.5462888E7
1.5358952E7
1.5261E7
1.5168464E7
1.5080784E7
1.499744E7
1.491792E7
1.4841744E7
1.4768456E7
1.4697624E7
1.4628864E7
1.4561808E7
1.4496128E7
1.4431536E7
1.4367768E7
1.4304616E7
1.424188E7
1.417944E7
1.4117168E7
1.4055008E7
1.3992912E7
1.3930872E7
1.3868912E7
1.3807032E7
1.3745312E7
1.36838E7
1.3622592E7
1.3561736E7
1.3501328E7
1.3441464E7
1.3382216E7
1.3323688E7
1.3265984E7
1.3209192E7
1.3153472E7
1.3098936E7
1.30458E7
1.299424E7
1.294452E7
1.289692E7
1.2851792E7
1.280948E7
1.2770432E7
1.2735096E7
1.2703952E7
1.267752E7
1.265632E7
1.2640864E7
1.263168E7
1.262924E7
1.2633992E7
1.2646336E7
1.2666624E7
1.269512E7
1.2732024E7
1.2777472E7
1.283152E7
1.289412E7
1.2965224E7
1.3044648E7
1.31322E7
1.3227624E7
1.3330632E7
1.3440904E7
1.355812E7
1.3681952E7
1.381208E7
1.3948176E7
1.4089968E7
1.4237192E7
1.4389616E7
1.454704E7
1.4709296E7
1.4876248E7
1.5047784E7
1.52238E7
1.5404256E7
1.5589048E7
1.5778128E7
1.597144E7
1.616888E7
1.6370344E7
1.657572E7
1.6784808E7
1.6997408E7
1.7213232E7
1.7431968E7
1.7653216E7
1.7876528E7
1.810136E7
1.8327136E7
1.855316E7
1.8778736E7
1.9003048E7
1.9225256E7
1.944448E7
1.9659808E7
1.9870304E7
2.0075048E7
2.027312E7
2.0463664E7
2.0645832E7
2.0818888E7
2.098216E7
2.1135072E7
2.1277128E7
2.1407984E7
2.1527376E7
2.1635168E7
2.1731312E7
2.181588E7
2.1889024E7
2.195096E7
2.2001992E7
2.2042464E7
2.2072736E7
2.2093224E7
2.2104336E7
2.2106472E7
2.2100048E7
2.2085456E7
2.2063104E7
2.2033336E7
2.1996552E7
2.1953128E7
2.1903464E7
2.1847968E7
2.1787088E7
2.1721336E7
2.1651232E7
2.1577384E7
2.1500456E7
2.1421168E7
2.1340312E7
2.125872E7
2.1177304E7
2.1096992E7
2.1018744E7
2.0943544E7
2.0872376E7
2.0806192E7
2.0745952E7
2.0692528E7
2.0646776E7
2.0609456E7
2.0581264E7
2.0562832E7
2.0554648E7
2.0557144E7
2.0570656E7
2.05954E7
2.063148E7
2.0678936E7
2.0737656E7
2.0807488E7
2.0888136E7
2.0979224E7
2.1080272E7
2.119072E7
2.130992E7
2.1437128E7
2.1571528E7
2.1712224E7
2.1858256E7
2.20086E7
2.2162184E7
2.2317872E7
2.2474512E7
2.2630936E7
2.2785944E7
2.2938328E7
2.3086904E7
2.3230512E7
2.3368E7
2.3498288E7
2.3620296E7
2.3733024E7
2.3835544E7
2.392696E7
2.4006456E7
2.407332E7
2.4126856E7
2.4166504E7
2.419176E7
2.4202216E7
2.4197552E7
2.4177552E7
2.4142104E7
2.40912E7
2.402496E7
2.3943616E7
2.3847504E7
2.3737128E7
2.3613088E7
2.3476136E7
2.3327136E7
2.3167048E7
2.2996984E7
2.2818112E7
2.2631712E7
2.2439088E7
2.2241648E7
2.204076E7
2.183784E7
2.1634264E7
2.1431376E7
2.1230464E7
2.1032752E7
2.083936E7
2.0651304E7
2.0469512E7
2.0294776E7
2.012776E7
1.9969024E7
1.9818992E7
1.9677968E7
1.9546144E7
1.9423576E7
1.9310248E7
1.9206016E7
1.9110664E7
1.9023872E7
1.8945264E7
1.8874344E7
1.8810616E7
1.875348E7
1.870232E7
1.8656456E7
1.8615192E7
1.8577816E7
1.8543568E7
1.8511728E7
1.8481568E7
1.8452368E7
1.8423448E7
1.8394152E7
1.8363904E7
1.8332152E7
1.8298448E7
1.8262376E7
1.8223656E7
1.8182024E7
1.8137368E7
1.8089608E7
1.8038752E7
1.7984904E7
1.7928192E7
1.7868808E7
1.7806992E7
1.7742984E7
1.767704E7
1.7609392E7
1.7540264E7
1.7469832E7
1.7398224E7
1.7325496E7
1.7251648E7
1.71766E7
1.7100208E7
1.702224E7
1.6942424E7
1.6860424E7
1.6775856E7
1.6688312E7
1.6597384E7
1.6502648E7
1.6403736E7
1.6300312E7
1.6192096E7
1.6078912E7
1.596064E7
1.5837296E7
1.5709E7
1.557596E7
1.543852E7
1.5297128E7
1.5152336E7
1.5004752E7
1.4855104E7
1.4704152E7
1.4552696E7
1.440156E7
1.4251584E7
1.4103568E7
1.3958312E7
1.3816552E7
1.3678984E7
1.3546232E7
1.3418864E7
1.3297344E7
1.3182104E7
1.3073464E7
1.2971712E7
1.2877032E7
1.2789552E7
1.2709384E7
1.2636544E7
1.2571016E7
1.251276E7
1.2461696E7
1.2417704E7
1.2380648E7
1.2350384E7
1.2326712E7
1.2309464E7
1.2298408E7
1.2293336E7
1.2294016E7
1.2300216E7
1.2311704E7
1.2328232E7
1.2349584E7
1.2375544E7
1.2405912E7
1.2440528E7
1.247924E7
1.252196E7
1.2568608E7
1.261916E7
1.2673648E7
1.2732128E7
1.2794712E7
1.2861536E7
1.29328E7
1.3008688E7
1.3089432E7
1.317528E7
1.3266472E7
1.3363224E7
1.346576E7
1.3574288E7
1.368892E7
1.3809808E7
1.3936976E7
1.407044E7
1.4210152E7
1.4355968E7
1.4507704E7
1.4665088E7
1.48278E7
1.4995432E7
1.5167552E7
1.5343624E7
1.5523072E7
1.5705304E7
1.5889656E7
1.6075464E7
1.6262024E7
1.6448632E7
1.6634584E7
1.68192E7
1.70018E7
1.718176E7
1.735848E7
1.7531432E7
1.770012E7
1.786412E7
1.802308E7
1.8176712E7
1.83248E7
1.84672E7
1.8603848E7
1.873472E7
1.885988E7
1.8979424E7
1.9093512E7
1.9202344E7
1.9306144E7
1.940516E7
1.9499672E7
1.958996E7
1.9676288E7
1.975896E7
1.9838208E7
1.9914296E7
1.9987456E7
2.0057888E7
2.0125768E7
2.0191256E7
2.0254472E7
2.0315512E7
2.037444E7
2.043132E7
2.048616E7
2.0538976E7
2.0589752E7
2.0638464E7
2.0685088E7
2.0729584E7
2.0771936E7
2.0812088E7
2.0850056E7
2.0885816E7
2.0919376E7
2.095076E7
2.0980008E7
2.1007192E7
2.1032376E7
2.1055648E7
2.1077104E7
2.1096864E7
2.1115024E7
2.1131688E7
2.114696E7
2.1160904E7
2.1173592E7
2.1185024E7
2.1195192E7
2.1204032E7
2.1211416E7
2.1217184E7
2.122108E7
2.1222792E7
2.1221944E7
2.121808E7
2.1210688E7
2.1199176E7
2.1182888E7
2.1161152E7
2.1133192E7
2.1098264E7
2.105556E7
2.1004304E7
2.094372E7
2.0873048E7
2.0791584E7
2.0698672E7
2.0593736E7
2.0476296E7
2.034592E7
2.0202312E7
2.0045296E7
1.987476E7
1.9690744E7
1.9493392E7
1.9282936E7
1.9059752E7
1.8824272E7
1.8577064E7
1.8318752E7
1.8050064E7
1.7771784E7
1.7484776E7
1.7189944E7
1.6888264E7
1.6580728E7
1.6268376E7
1.5952296E7
1.563356E7
1.531328E7
1.4992584E7
1.4672592E7
1.4354416E7
1.4039184E7
1.3728E7
1.3421944E7
1.3122072E7
1.2829408E7
1.2544944E7
1.2269624E7
1.2004336E7
1.174992E7
1.1507136E7
1.1276672E7
1.1059128E7
1.0855048E7
1.0664832E7
1.0488824E7
1.032724E7
1.0180192E7
1.004768E7
9929592.0
9825696.0
9735664.0
9659056.0
9595328.0
9543856.0
9503920.0
9474728.0
9455448.0
9445192.0
9443024.0
9448032.0
9459296.0
9475896.0
9496968.0
9521696.0
9549320.0
9579192.0
9610712.0
9643432.0
9676968.0
9711112.0
9745728.0
9780808.0
9816512.0
9853072.0
9890856.0
9930312.0
9971992.0
1.0016512E7
1.0064552E7
1.0116784E7
1.017396E7
1.023676E7
1.0305848E7
1.038184E7
1.0465248E7
1.0556528E7
1.0655968E7
1.076376E7
1.0879936E7
1.1004384E7
1.1136848E7
1.127692E7
1.142404E7
1.1577536E7
1.1736592E7
1.190032E7
1.2067736E7
1.2237824E7
1.240952E7
1.2581776E7
1.2753552E7
1.2923856E7
1.30918E7
1.3256552E7
1.3417408E7
1.3573808E7
1.372528E7
1.3871536E7
1.4012416E7
1.4147904E7
1.4278096E7
1.440324E7
1.452368E7
1.4639856E7
1.4752304E7
1.4861584E7
1.4968344E7
1.507324E7
1.5176944E7
1.5280096E7
1.538336E7
1.5487328E7
1.5592568E7
1.569956E7
1.5808744E7
1.5920464E7
1.603496E7
1.6152392E7
1.6272808E7
1.6396112E7
1.652212E7
1.665048E7
1.678072E7
1.6912208E7
1.7044168E7
1.717568E7
1.7305664E7
1.7432912E7
1.7556064E7
1.7673648E7
1.7784088E7
1.7885736E7
1.7976864E7
1.8055712E7
1.8120512E7
1.8169528E7
1.8201072E7
1.8213536E7
1.8205416E7
1.8175368E7
1.8122208E7
1.8044952E7
1.7942808E7
1.781524E7
1.766196E7
1.748288E7
1.7278224E7
1.7048464E7
1.6794312E7
1.6516712E7
1.6216872E7
1.5896192E7
1.5556288E7
1.5198904E7
1.4825976E7
1.4439504E7
1.40416E7
1.3634424E7
1.3220128E7
1.2800856E7
1.237868E7
1.1955608E7
1.1533504E7
1.1114096E7
1.0698936E7
1.0289384E7
9886592.0
9491488.0
9104760.0
8726904.0
8358144.0
7998504.0
7647816.0
7305704.0
6971632.0
6644896.0
6324720.0
6010192.0
5700360.0
5394240.0
5090840.0
4789192.0
4488384.0
4187584.0
3886048.0
3583144.0
3278416.0
2971472.0
2662144.0
2350360.0
2036232.0
1720008.0
1402080.0
1082976.0
763328.0
443904.0
125512.0
-190904.0
-504408.0
-813968.0
-1118544.0
-1417104.0
-1708608.0
-1992008.0
-2266336.0
-2530640.0
-2784008.0
-3025608.0
-3254656.0
-3470456.0
-3672368.0
-3859856.0
-4032424.0
-4189688.0
-4331344.0
-4457168.0
-4567000.0
-4660792.0
-4738568.0
-4800408.0
-4846512.0
-4877144.0
-4892616.0
-4893360.0
-4879856.0
-4852648.0
-4812352.0
-4759648.0
-4695264.0
-4619976.0
-4534616.0
-4440016.0
-4337064.0
-4226672.0
-4109744.0
-3987192.0
-3859928.0
-3728864.0
-3594872.0
-3458824.0
-3321552.0
-3183848.0
-3046496.0
-2910208.0
-2775664.0
-2643520.0
-2514352.0
-2388696.0
-2267032.0
-2149792.0
-2037352.0
-1930024.0
-1828064.0
-1731664.0
-1640976.0
-1556080.0
-1477008.0
-1403752.0
-1336256.0
-1274416.0
-1218128.0
-1167224.0
-1121552.0
-1080920.0
-1045152.0
-1014040.0
-987416.0
-965064.0
-946816.0
-932480.0
-921864.0
-914768.0
-910992.0
-910312.0
-912480.0
-917248.0
-924288.0
-933288.0
-943856.0
-955584.0
-967992.0
-980568.0
-992760.0
-1003960.0
-1013528.0
-1020784.0
-1025040.0
-1025576.0
-1021688.0
-1012656.0
-997824.0
-976560.0
-948288.0
-912520.0
-868880.0
-817080.0
-757000.0
-688632.0
-612144.0
-527904.0
-436400.0
-338336.0
-234592.0
-126176.0
-14320.0
99648.0
214280.0
327992.0
439144.0
546048.0
646976.0
740216.0
824072.0
896928.0
957224.0
1003536.0
1034512.0
1048984.0
1045888.0
1024352.0
983624.0
923128.0
842440.0
741256.0
619448.0
476992.0
313960.0
130568.0
-72896.0
-296096.0
-538608.0
-799928.0
-1079528.0
-1376848.0
-1691280.0
-2022184.0
-2368912.0
-2730776.0
-3107056.0
-3497040.0
-3899984.0
-4315128.0
-4741688.0
-5178872.0
-5625888.0
-6081912.0
-6546136.0
-7017728.0
-7495872.0
-7979712.0
-8468448.0
-8961224.0
-9457224.0
-9955608.0
-1.0455552E7
-1.0956208E7
-1.1456736E7
-1.1956304E7
-1.2454056E7
-1.2949144E7
-1.3440736E7
-1.3927968E7
-1.441E7
-1.4886024E7
-1.5355216E7
-1.5816792E7
-1.6269992E7
-1.6714096E7
-1.71484E7
-1.757228E7
-1.798512E7
-1.8386376E7
-1.877552E7
-1.9152128E7
-1.9515752E7
-1.9866048E7
-2.0202688E7
-2.0525392E7
-2.0833912E7
-2.1128048E7
-2.140764E7
-2.1672544E7
-2.192268E7
-2.2157984E7
-2.237844E7
-2.2584072E7
-2.2774928E7
-2.2951088E7
-2.3112696E7
-2.3259904E7
-2.3392904E7
-2.3511904E7
-2.3617144E7
-2.370884E7
-2.3787256E7
-2.3852608E7
-2.3905112E7
-2.3944952E7
-2.3972272E7
-2.3987168E7
-2.398968E7
-2.3979808E7
-2.3957448E7
-2.3922488E7
-2.3874728E7
-2.3813912E7
-2.373976E7
-2.3651944E7
-2.3550152E7
-2.3434048E7
-2.330332E7
-2.3157728E7
-2.2997056E7
-2.2821176E7
-2.2630072E7
-2.24238E7
-2.2202568E7
-2.196668E7
-2.171656E7
-2.1452776E7
-2.1175984E7
-2.0886984E7
-2.0586616E7
-2.0275848E7
-1.9955696E7
-1.9627192E7
-1.9291456E7
-1.894956E7
-1.8602632E7
-1.8251768E7
-1.7898016E7
-1.7542432E7
-1.7186032E7
-1.6829776E7
-1.64746E7
-1.6121392E7
-1.5771024E7
-1.5424312E7
-1.508204E7
-1.4744976E7
-1.4413856E7
-1.4089392E7
-1.3772296E7
-1.3463224E7
-1.3162856E7
-1.2871824E7
-1.259076E7
-1.2320264E7
-1.2060928E7
-1.1813312E7
-1.1577944E7
-1.1355312E7
-1.1145872E7
-1.095004E7
-1.0768152E7
-1.0600512E7
-1.0447336E7
-1.030876E7
-1.0184832E7
-1.007552E7
-9980688.0
-9900096.0
-9833392.0
-9780104.0
-9739672.0
-9711400.0
-9694488.0
-9688024.0
-9690968.0
-9702224.0
-9720544.0
-9744648.0
-9773136.0
-9804592.0
-9837512.0
-9870392.0
-9901696.0
-9929928.0
-9953576.0
-9971200.0
-9981456.0
-9983024.0
-9974728.0
-9955512.0
-9924424.0
-9880664.0
-9823568.0
-9752616.0
-9667424.0
-9567744.0
-9453456.0
-9324560.0
-9181152.0
-9023424.0
-8851624.0
-8666088.0
-8467184.0
-8255320.0
-8030936.0
-7794480.0
-7546400.0
-7287152.0
-7017208.0
-6737000.0
-6446976.0
-6147576.0
-5839224.0
-5522336.0
-5197312.0
-4864544.0
-4524432.0
-4177352.0
-3823672.0
-3463752.0
-3097944.0
-2726608.0
-2350072.0
-1968672.0
-1582752.0
-1192640.0
-798656.0
-401160.0
-480.0
402984.0
808896.0
1216824.0
1626352.0
2037000.0
2448288.0
2859656.0
3270528.0
3680248.0
4088144.0
4493464.0
4895392.0
5293088.0
5685640.0
6072096.0
6451448.0
6822688.0
7184776.0
7536648.0
7877280.0
8205672.0
8520864.0
8821960.0
9108160.0
9378752.0
9633152.0
9870896.0
1.0091672E7
1.0295296E7
1.0481744E7
1.065112E7
1.0803664E7
1.0939744E7
1.1059832E7
1.1164472E7
1.1254296E7
1.1329976E7
1.13922E7
1.144168E7
1.1479064E7
1.1505008E7
1.1520104E7
1.1524896E7
1.1519832E7
1.1505304E7
1.1481648E7
1.1449136E7
1.1407952E7
1.135828E7
1.1300248E7
1.1233976E7
1.11596E7
1.107724E7
1.0987104E7
1.0889384E7
1.0784392E7
1.0672464E7
1.0554048E7
1.0429656E7
1.0299904E7
1.0165464E7
1.0027136E7
9885752.0
9742240.0
9597592.0
9452856.0
9309104.0
9167456.0
9029040.0
8894984.0
8766408.0
8644416.0
8530056.0
8424336.0
8328184.0
8242440.0
8167864.0
8105120.0
8054728.0
8017088.0
7992480.0
7981040.0
7982768.0
7997528.0
8025048.0
8064944.0
8116720.0
8179776.0
8253456.0
8337016.0
8429712.0
8530784.0
8639496.0
8755152.0
8877144.0
9004912.0
9138064.0
9276296.0
9419448.0
9567512.0
9720616.0
9879040.0
1.0043144E7
1.0213448E7
1.0390528E7
1.0575032E7
1.0767664E7
1.0969088E7
1.1180016E7
1.1401048E7
1.1632744E7
1.187556E7
1.2129808E7
1.2395696E7
1.2673264E7
1.29624E7
1.3262832E7
1.3574112E7
1.3895688E7
1.4226808E7
1.4566624E7
1.4914192E7
1.5268448E7
1.562828E7
1.5992528E7
1.6360016E7
1.6729552E7
1.7099976E7
1.7470176E7
1.783908E7
1.8205688E7
1.8569112E7
1.8928504E7
1.9283152E7
1.96324E7
1.9975696E7
2.0312576E7
2.0642632E7
2.0965544E7
2.1281024E7
2.1588832E7
2.1888744E7
2.2180576E7
2.2464112E7
2.2739168E7
2.3005496E7
2.3262864E7
2.3510968E7
2.3749472E7
2.3978008E7
2.4196168E7
2.4403448E7
2.459936E7
2.4783336E7
2.4954792E7
2.5113096E7
2.5257616E7
2.5387696E7
2.5502696E7
2.5601984E7
2.568496E7
2.5751072E7
2.5799808E7
2.5830752E7
2.5843536E7
2.5837944E7
2.5813808E7
2.5771104E7
2.570996E7
2.5630576E7
2.5533344E7
2.5418776E7
2.5287488E7
2.5140296E7
2.4978088E7
2.480192E7
2.461292E7
2.4412376E7
2.420164E7
2.398216E7
2.375544E7
2.3523064E7
2.3286648E7
2.3047832E7
2.2808272E7
2.2569616E7
2.233348E7
2.210144E7
2.1875016E7
2.165564E7
2.1444632E7
2.12432E7
2.1052424E7
2.08732E7
2.0706264E7
2.055216E7
2.0411232E7
2.028364E7
2.016928E7
2.0067896E7
1.9978992E7
1.9901896E7
1.983576E7
1.9779552E7
1.9732128E7
1.969224E7
1.965852E7
1.9629592E7
1.9604056E7
1.9580488E7
1.9557552E7
1.9533952E7
1.9508472E7
1.9480056E7
1.9447712E7
1.941064E7
1.9368136E7
1.9319672E7
1.9264832E7
1.920336E7
1.913508E7
1.905996E7
1.8978E7
1.8889312E7
1.8794024E7
1.8692288E7
1.8584272E7
1.8470112E7
1.834992E7
1.8223744E7
1.8091616E7
1.795344E7
1.7809104E7
1.7658376E7
1.7501008E7
1.733664E7
1.7164896E7
1.6985344E7
1.6797512E7
1.6600952E7
1.63952E7
1.617984E7
1.5954496E7
1.5718856E7
1.5472704E7
1.5215936E7
1.4948544E7
1.467068E7
1.4382624E7
1.4084808E7
1.3777832E7
1.3462432E7
1.3139528E7
1.281016E7
1.247552E7
1.213692E7
1.17958E7
1.1453672E7
1.111212E7
1.0772776E7
1.0437296E7
1.0107312E7
9784440.0
9470232.0
9166136.0
8873496.0
8593496.0
8327176.0
8075400.0
7838800.0
7617816.0
7412640.0
7223264.0
7049408.0
6890560.0
6746016.0
6614784.0
6495720.0
6387448.0
6288424.0
6196984.0
6111288.0
6029432.0
5949456.0
5869344.0
5787096.0
5700744.0
5608400.0
5508272.0
5398704.0
5278200.0
5145456.0
4999368.0
4839072.0
4663936.0
4473592.0
4267904.0
4047016.0
3811304.0
3561400.0
3298152.0
3022624.0
2736088.0
2439968.0
2135848.0
1825424.0
1510488.0
1192912.0
874560.0
557336.0
243128.0
-66224.0
-368992.0
-663520.0
-948248.0
-1221776.0
-1482864.0
-1730424.0
-1963552.0
-2181544.0
-2383864.0
-2570200.0
-2740400.0
-2894536.0
-3032848.0
-3155752.0
-3263824.0
-3357808.0
-3438560.0
-3507056.0
-3564368.0
-3611648.0
-3650104.0
-3680952.0
-3705432.0
-3724776.0
-3740168.0
-3752760.0
-3763608.0
-3773728.0
-3783992.0
-3795200.0
-3808024.0
-3823024.0
-3840640.0
-3861152.0
-3884760.0
-3911528.0
-3941368.0
-3974120.0
-4009456.0
-4046984.0
-4086176.0
-4126408.0
-4166984.0
-4207096.0
-4245872.0
-4282376.0
-4315600.0
-4344536.0
-4368088.0
-4385192.0
-4394752.0
-4395712.0
-4387024.0
-4367728.0
-4336896.0
-4293696.0
-4237392.0
-4167392.0
-4083192.0
-3984456.0
-3870992.0
-3742776.0
-3599944.0
-3442800.0
-3271824.0
-3087696.0
-2891208.0
-2683384.0
-2465352.0
-2238416.0
-2004016.0
-1763720.0
-1519200.0
-1272240.0
-1024696.0
-778496.0
-535616.0
-298096.0
-67944.0
152800.0
362112.0
558024.0
738600.0
902000.0
1046456.0
1170304.0
1272048.0
1350280.0
1403824.0
1431640.0
1432904.0
1406984.0
1353504.0
1272280.0
1163400.0
1027176.0
864152.0
675120.0
461088.0
223272.0
-36904.0
-317864.0
-617880.0
-935088.0
-1267536.0
-1613200.0
-1970008.0
-2335920.0
-2708864.0
-3086832.0
-3467864.0
-3850096.0
-4231744.0
-4611128.0
-4986688.0
-5356976.0
-5720640.0
-6076472.0
-6423336.0
-6760224.0
-7086184.0
-7400368.0
-7701976.0
-7990296.0
-8264632.0
-8524352.0
-8768832.0
-8997528.0
-9209864.0
-9405336.0
-9583472.0
-9743808.0
-9885952.0
-1.000956E7
-1.0114344E7
-1.0200104E7
-1.0266728E7
-1.0314192E7
-1.03426E7
-1.0352168E7
-1.0343248E7
-1.0316352E7
-1.0272104E7
-1.0211312E7
-1.0134928E7
-1.004404E7
-9939904.0
-9823912.0
-9697576.0
-9562552.0
-9420576.0
-9273480.0
-9123160.0
-8971576.0
-8820680.0
-8672464.0
-8528880.0
-8391832.0
-8263160.0
-8144616.0
-8037856.0
-7944408.0
-7865656.0
-7802856.0
-7757072.0
-7729256.0
-7720160.0
-7730400.0
-7760408.0
-7810504.0
-7880832.0
-7971440.0
-8082208.0
-8212920.0
-8363288.0
-8532872.0
-8721200.0
-8927656.0
-9151624.0
-9392328.0
-9648992.0
-9920720.0
-1.0206552E7
-1.0505472E7
-1.0816352E7
-1.1138E7
-1.1469152E7
-1.1808432E7
-1.2154408E7
-1.2505568E7
-1.2860304E7
-1.3216976E7
-1.3573872E7
-1.3929256E7
-1.4281344E7
-1.4628368E7
-1.496856E7
-1.53002E7
-1.5621608E7
-1.5931184E7
-1.6227432E7
-1.6508968E7
-1.6774504E7
-1.702292E7
-1.7253256E7
-1.746468E7
-1.7656544E7
-1.7828368E7
-1.79798E7
-1.8110664E7
-1.8220912E7
-1.8310648E7
-1.8380096E7
-1.8429568E7
-1.8459512E7
-1.8470408E7
-1.846288E7
-1.843756E7
-1.8395152E7
-1.8336392E7
-1.826208E7
-1.8173016E7
-1.8070032E7
-1.7953984E7
-1.782572E7
-1.7686104E7
-1.7536016E7
-1.737628E7
-1.7207736E7
-1.7031192E7
-1.6847384E7
-1.6657024E7
-1.6460728E7
-1.6259048E7
-1.60524E7
-1.5841136E7
-1.5625408E7
-1.5405264E7
-1.5180584E7
-1.4951064E7
-1.4716232E7
-1.4475456E7
-1.4227888E7
-1.3972544E7
-1.3708256E7
-1.3433704E7
-1.3147448E7
-1.2847936E7
-1.2533536E7
-1.2202528E7
-1.1853184E7
-1.148376E7
-1.109256E7
-1.067792E7
-1.023828E7
-9772208.0
-9278376.0
-8755672.0
-8203144.0
-7620080.0
-7005984.0
-6360608.0
-5683960.0
-4976344.0
-4238296.0
-3470680.0
-2674592.0
-1851440.0
-1002864.0
-130792.0
762616.0
1674976.0
2603664.0
3545880.0
4498648.0
5458848.0
6423216.0
7388408.0
8351000.0
9307512.0
1.0254456E7
1.1188376E7
1.2105808E7
1.3003424E7
1.3877928E7
1.47262E7
1.5545272E7
1.633232E7
1.7084776E7
1.7800272E7
1.847672E7
1.9112272E7
1.9705376E7
2.0254816E7
2.075964E7
2.121924E7
2.1633304E7
2.2001808E7
2.232508E7
2.260368E7
2.283844E7
2.3030448E7
2.3181E7
2.329156E7
2.3363744E7
2.3399288E7
2.3400008E7
2.3367752E7
2.3304376E7
2.3211712E7
2.3091528E7
2.2945504E7
2.2775216E7
2.2582104E7
2.2367448E7
2.2132392E7
2.1877896E7
2.1604784E7
2.1313696E7
2.1005144E7
2.0679504E7
2.033704E7
1.9977952E7
1.9602344E7
1.921032E7
1.880196E7
1.8377376E7
1.7936736E7
1.7480288E7
1.7008408E7
1.6521568E7
1.6020392E7
1.5505672E7
1.4978376E7
1.4439592E7
1.3890608E7
1.3332864E7
1.276792E7
1.2197464E7
1.1623296E7
1.1047264E7
1.0471304E7
9897320.0
9327248.0
8762968.0
8206320.0
7659032.0
7122752.0
6599008.0
6089184.0
5594552.0
5116216.0
4655176.0
4212272.0
3788216.0
3383640.0
2999040.0
2634824.0
2291336.0
1968864.0
1667624.0
1387792.0
1129528.0
892928.0
678112.0
485128.0
314000.0
164744.0
37304.0
-68400.0
-152528.0
-215296.0
-256968.0
-277928.0
-278616.0
-259552.0
-221384.0
-164808.0
-90624.0
280.0
106960.0
228376.0
363448.0
511064.0
670048.0
839192.0
1017320.0
1203208.0
1395680.0
1593536.0
1795640.0
2000880.0
2208176.0
2416520.0
2624952.0
2832544.0
3038464.0
3241920.0
3442208.0
3638664.0
3830720.0
4017848.0
4199616.0
4375640.0
4545616.0
4709288.0
4866472.0
5017040.0
5160896.0
5298024.0
5428424.0
5552112.0
5669184.0
5779688.0
5883720.0
5981344.0
6072632.0
6157640.0
6236376.0
6308832.0
6374952.0
6434632.0
6487752.0
6534112.0
6573496.0
6605624.0
6630200.0
6646888.0
6655328.0
6655136.0
6645936.0
6627320.0
6598904.0
6560312.0
6511144.0
6451056.0
6379704.0
6296760.0
6201920.0
6094904.0
5975440.0
5843280.0
5698208.0
5540008.0
5368512.0
5183552.0
4984992.0
4772752.0
4546728.0
4306904.0
4053296.0
3785936.0
3504936.0
3210440.0
2902672.0
2581880.0
2248416.0
1902672.0
1545120.0
1176280.0
796768.0
407240.0
8448.0
-398808.0
-813696.0
-1235264.0
-1662576.0
-2094600.0
-2530280.0
-2968536.0
-3408240.0
-3848256.0
-4287424.0
-4724592.0
-5158600.0
-5588288.0
-6012544.0
-6430240.0
-6840312.0
-7241752.0
-7633560.0
-8014848.0
-8384776.0
-8742576.0
-9087552.0
-9419120.0
-9736760.0
-1.0040048E7
-1.0328656E7
-1.0602312E7
-1.0860848E7
-1.1104144E7
-1.1332152E7
-1.1544896E7
-1.1742416E7
-1.1924784E7
-1.2092104E7
-1.224448E7
-1.2382024E7
-1.2504824E7
-1.2612952E7
-1.2706424E7
-1.2785256E7
-1.2849376E7
-1.2898664E7
-1.293296E7
-1.2952016E7
-1.295552E7
-1.2943152E7
-1.291448E7
-1.2869096E7
-1.2806512E7
-1.272628E7
-1.2627936E7
-1.251108E7
-1.2375336E7
-1.2220424E7
-1.2046168E7
-1.1852512E7
-1.1639536E7
-1.140748E7
-1.1156768E7
-1.0887968E7
-1.0601856E7
-1.0299376E7
-9981624.0
-9649888.0
-9305576.0
-8950248.0
-8585544.0
-8213208.0
-7835016.0
-7452784.0
-7068368.0
-6683504.0
-6299976.0
-5919432.0
-5543448.0
-5173480.0
-4810856.0
-4456752.0
-4112192.0
-3778048.0
-3455016.0
-3143648.0
-2844320.0
-2557272.0
-2282600.0
-2020272.0
-1770128.0
-1531912.0
-1305288.0
-1089824.0
-885040.0
-690408.0
-505384.0
-329376.0
-161800.0
-2056.0
150416.0
296192.0
435816.0
569776.0
698560.0
822600.0
942280.0
1057952.0
1169896.0
1278360.0
1383488.0
1485424.0
1584200.0
1679800.0
1772120.0
1861032.0
1946280.0
2027600.0
2104632.0
2176976.0
2244168.0
2305728.0
2361104.0
2409768.0
2451128.0
2484616.0
2509672.0
2525760.0
2532360.0
2529008.0
2515312.0
2490920.0
2455600.0
2409216.0
2351720.0
2283208.0
2203880.0
2114088.0
2014336.0
1905256.0
1787608.0
1662320.0
1530416.0
1393064.0
1251512.0
1107120.0
961288.0
815480.0
671192.0
529896.0
393056.0
262104.0
138384.0
23192.0
-82320.0
-177112.0
-260256.0
-330960.0
-388608.0
-432712.0
-462944.0
-479136.0
-481248.0
-469392.0
-443808.0
-404840.0
-352968.0
-288736.0
-212800.0
-125856.0
-28704.0
77856.0
192968.0
315752.0
445320.0
580736.0
721112.0
865520.0
1013064.0
1162840.0
1313976.0
1465592.0
1616848.0
1766912.0
1914976.0
2060240.0
2201968.0
2339408.0
2471848.0
2598600.0
2719000.0
2832392.0
2938160.0
3035696.0
3124408.0
3203728.0
3273096.0
3331960.0
3379776.0
3416048.0
3440248.0
3451904.0
3450528.0
3435696.0
3406992.0
3364048.0
3306536.0
3234160.0
3146728.0
3044064.0
2926088.0
2792800.0
2644296.0
2480744.0
2302416.0
2109688.0
1903032.0
1683016.0
1450312.0
1205688.0
949992.0
684152.0
409160.0
126080.0
-164000.0
-459968.0
-760664.0
-1064984.0
-1371816.0
-1680072.0
-1988744.0
-2296872.0
-2603584.0
-2908088.0
-3209688.0
-3507800.0
-3801928.0
-4091680.0
-4376800.0
-4657080.0
-4932432.0
-5202848.0
-5468400.0
-5729200.0
-5985432.0
-6237320.0
-6485104.0
-6729048.0
-6969440.0
-7206496.0
-7440496.0
-7671656.0
-7900144.0
-8126104.0
-8349640.0
-8570776.0
-8789512.0
-9005752.0
-9219368.0
-9430144.0
-9637816.0
-9842040.0
-1.0042416E7
-1.023848E7
-1.0429688E7
-1.0615448E7
-1.0795072E7
-1.0967848E7
-1.1132992E7
-1.1289656E7
-1.1436952E7
-1.1573936E7
-1.1699656E7
-1.181312E7
-1.191332E7
-1.1999272E7
-1.207E7
-1.2124544E7
-1.2162048E7
-1.2181672E7
-1.2182672E7
-1.216444E7
-1.2126416E7
-1.2068232E7
-1.1989584E7
-1.189036E7
-1.1770552E7
-1.163032E7
-1.1469952E7
-1.1289872E7
-1.1090664E7
-1.0873E7
-1.0637696E7
-1.0385672E7
-1.011796E7
-9835688.0
-9540064.0
-9232368.0
-8913976.0
-8586320.0
-8250856.0
-7909136.0
-7562704.0
-7213152.0
-6862112.0
-6511144.0
-6161864.0
-5815848.0
-5474616.0
-5139656.0
-4812368.0
-4494080.0
-4186008.0
-3889288.0
-3604896.0
-3333696.0
-3076416.0
-2833640.0
-2605800.0
-2393184.0
-2195936.0
-2014040.0
-1847384.0
-1695696.0
-1558584.0
-1435552.0
-1326008.0
-1229248.0
-1144520.0
-1070968.0
-1007704.0
-953776.0
-908208.0
-869952.0
-837976.0
-811216.0
-788584.0
-769000.0
-751352.0
-734536.0
-717472.0
-699032.0
-678128.0
-653656.0
-624544.0
-589680.0
-548024.0
-498528.0
-440168.0
-371968.0
-292984.0
-202352.0
-99272.0
16976.0
147024.0
291368.0
450384.0
624304.0
813208.0
1017008.0
1235456.0
1468120.0
1714376.0
1973440.0
2244352.0
2525984.0
2817040.0
3116120.0
3421680.0
3732088.0
4045632.0
4360544.0
4675056.0
4987376.0
5295768.0
5598536.0
5894088.0
6180952.0
6457736.0
6723264.0
6976488.0
7216552.0
7442784.0
7654696.0
7852000.0
8034568.0
8202456.0
8355864.0
8495168.0
8620800.0
8733336.0
8833432.0
8921752.0
8999024.0
9065992.0
9123360.0
9171832.0
9212024.0
9244536.0
9269880.0
9288488.0
9300712.0
9306808.0
9306960.0
9301240.0
9289672.0
9272152.0
9248528.0
9218584.0
9182040.0
9138552.0
9087768.0
9029256.0
8962632.0
8887472.0
8803352.0
8709904.0
8606784.0
8493712.0
8370472.0
8236920.0
8093016.0
7938848.0
7774592.0
7600560.0
7417176.0
7225016.0
7024768.0
6817232.0
6603328.0
6384080.0
6160576.0
5933984.0
5705496.0
5476328.0
5247688.0
5020752.0
4796648.0
4576392.0
4360936.0
4151088.0
3947504.0
3750704.0
3561040.0
3378696.0
3203712.0
3035928.0
2875072.0
2720728.0
2572344.0
2429312.0
2290936.0
2156472.0
2025208.0
1896416.0
1769440.0
1643712.0
1518752.0
1394240.0
1270024.0
1146104.0
1022696.0
900192.0
779232.0
660624.0
545384.0
434736.0
330040.0
232840.0
144760.0
67528.0
2952.0
-47160.0
-81024.0
-96872.0
-93040.0
-67976.0
-20272.0
51328.0
147880.0
270216.0
418952.0
594480.0
796952.0
1026256.0
1282096.0
1563904.0
1870920.0
2202160.0
2556464.0
2932520.0
3328848.0
3743856.0
4175840.0
4623040.0
5083648.0
5555792.0
6037656.0
6527424.0
7023312.0
7523640.0
8026784.0
8531248.0
9035616.0
9538624.0
1.0039128E7
1.0536136E7
1.1028744E7
1.1516208E7
1.1997904E7
1.2473304E7
1.2941992E7
1.3403648E7
1.3858008E7
1.4304888E7
1.474416E7
1.5175712E7
1.5599488E7
1.6015424E7
1.6423496E7
1.6823624E7
1.72158E7
1.7599928E7
1.797596E7
1.8343776E7
1.8703296E7
1.905436E7
1.9396832E7
1.9730552E7
2.0055328E7
2.0370968E7
2.0677288E7
2.097408E7
2.1261152E7
2.153832E7
2.1805408E7
2.2062256E7
2.2308728E7
2.2544704E7
2.2770096E7
2.2984824E7
2.3188808E7
2.3382008E7
2.3564368E7
2.3735808E7
2.389628E7
2.4045656E7
2.4183792E7
2.4310496E7
2.442552E7
2.4528544E7
2.4619176E7
2.4696976E7
2.47614E7
2.4811848E7
2.4847656E7
2.486808E7
2.4872352E7
2.4859648E7
2.4829112E7
2.477988E7
2.4711088E7
2.4621872E7
2.4511384E7
2.437884E7
2.4223488E7
2.4044656E7
2.3841704E7
2.3614136E7
2.336152E7
2.3083512E7
2.2779904E7
2.2450608E7
2.2095632E7
2.1715128E7
2.1309368E7
2.0878728E7
2.0423744E7
1.9945032E7
1.9443352E7
1.8919536E7
1.8374568E7
1.7809456E7
1.7225352E7
1.662344E7
1.6004992E7
1.5371312E7
1.4723736E7
1.4063648E7
1.3392448E7
1.2711512E7
1.202224E7
1.1326008E7
1.0624136E7
9917944.0
9208688.0
8497568.0
7785720.0
7074216.0
6364064.0
5656192.0
4951440.0
4250592.0
3554336.0
2863296.0
2177992.0
1498928.0
826488.0
161016.0
-497184.0
-1147912.0
-1790944.0
-2426144.0
-3053360.0
-3672464.0
-4283352.0
-4885880.0
-5479904.0
-6065232.0
-6641648.0
-7208856.0
-7766544.0
-8314312.0
-8851688.0
-9378120.0
-9892992.0
-1.03956E7
-1.0885184E7
-1.136092E7
-1.1821888E7
-1.2267152E7
-1.2695712E7
-1.3106536E7
-1.3498592E7
-1.38708E7
-1.4222136E7
-1.4551568E7
-1.485812E7
-1.5140888E7
-1.5399016E7
-1.5631776E7
-1.5838536E7
-1.6018816E7
-1.6172248E7
-1.6298672E7
-1.6398096E7
-1.6470688E7
-1.6516856E7
-1.6537192E7
-1.6532504E7
-1.6503832E7
-1.6452416E7
-1.6379704E7
-1.6287376E7
-1.6177288E7
-1.605152E7
-1.5912304E7
-1.5762064E7
-1.560336E7
-1.5438912E7
-1.5271536E7
-1.510416E7
-1.4939792E7
-1.4781464E7
-1.4632264E7
-1.449524E7
-1.4373424E7
-1.4269768E7
-1.418712E7
-1.4128192E7
-1.409552E7
-1.409144E7
-1.411804E7
-1.4177152E7
-1.4270296E7
-1.4398704E7
-1.4563232E7
-1.476444E7
-1.5002496E7
-1.5277224E7
-1.5588072E7
-1.5934168E7
-1.631428E7
-1.672688E7
-1.7170136E7
-1.7641952E7
-1.8139984E7
-1.866168E7
-1.9204336E7
-1.976508E7
-2.0340944E7
-2.0928896E7
-2.1525848E7
-2.212872E7
-2.2734456E7
-2.3340032E7
-2.3942528E7
-2.4539112E7
-2.5127064E7
-2.5703824E7
-2.6266976E7
-2.6814296E7
-2.7343712E7
-2.785336E7
-2.8341576E7
-2.8806888E7
-2.9248064E7
-2.9664032E7
-3.0053968E7
-3.0417224E7
-3.0753368E7
-3.1062176E7
-3.1343568E7
-3.1597672E7
-3.1824784E7
-3.2025344E7
-3.219992E7
-3.2349224E7
-3.2474064E7
-3.2575368E7
-3.265412E7
-3.2711368E7
-3.274824E7
-3.276588E7
-3.2765472E7
-3.27482E7
-3.2715248E7
-3.2667816E7
-3.260704E7
-3.2534056E7
-3.2449936E7
-3.2355728E7
-3.2252392E7
-3.2140816E7
-3.2021832E7
-3.1896152E7
-3.1764424E7
-3.1627184E7
-3.1484864E7
-3.1337776E7
-3.1186144E7
-3.1030072E7
-3.0869544E7
-3.0704456E7
-3.0534608E7
-3.0359704E7
-3.017936E7
-2.9993112E7
-2.9800456E7
-2.960084E7
-2.9393656E7
-2.9178312E7
-2.8954184E7
-2.8720672E7
-2.8477208E7
-2.8223264E7
-2.7958352E7
-2.7682072E7
-2.7394064E7
-2.709408E7
-2.6781928E7
-2.6457536E7
-2.612088E7
-2.5772088E7
-2.5411304E7
-2.5038824E7
-2.4654992E7
-2.426028E7
-2.3855192E7
-2.3440376E7
-2.3016544E7
-2.2584488E7
-2.214512E7
-2.1699432E7
-2.1248512E7
-2.0793552E7
-2.033584E7
-1.9876768E7
-1.94178E7
-1.8960528E7
-1.8506584E7
-1.805772E7
-1.761568E7
-1.7182312E7
-1.6759456E7
-1.6348984E7
-1.5952736E7
-1.5572528E7
-1.5210128E7
-1.4867208E7
-1.4545368E7
-1.424608E7
-1.3970688E7
-1.3720392E7
-1.3496232E7
-1.3299064E7
-1.3129584E7
-1.2988296E7
-1.2875536E7
-1.279144E7
-1.2735976E7
-1.2708944E7
-1.2709976E7
-1.2738544E7
-1.2794032E7
-1.2875648E7
-1.2982544E7
-1.311376E7
-1.3268296E7
-1.344512E7
-1.364316E7
-1.3861336E7
-1.4098632E7
-1.4354016E7
-1.4626528E7
-1.4915264E7
-1.5219384E7
-1.5538088E7
-1.587068E7
-1.6216504E7
-1.657496E7
-1.6945472E7
-1.7327544E7
-1.7720632E7
-1.8124248E7
-1.8537848E7
-1.8960904E7
-1.9392816E7
-1.983296E7
-2.0280624E7
-2.0735056E7
-2.1195448E7
-2.166088E7
-2.21304E7
-2.2602944E7
-2.3077416E7
-2.3552632E7
-2.4027352E7
-2.4500264E7
-2.4970008E7
-2.5435192E7
-2.5894368E7
-2.634604E7
-2.6788696E7
-2.7220808E7
-2.7640848E7
-2.8047264E7
-2.8438552E7
-2.8813216E7
-2.9169792E7
-2.9506904E7
-2.9823224E7
-3.011752E7
-3.0388656E7
-3.0635624E7
-3.085752E7
-3.1053592E7
-3.1223232E7
-3.1365984E7
-3.1481544E7
-3.1569776E7
-3.163072E7
-3.1664552E7
-3.1671616E7
-3.1652424E7
-3.1607616E7
-3.1537992E7
-3.1444488E7
-3.1328168E7
-3.1190224E7
