 1129.176298 -1.762642e+07
 1129.037596 -1.739405e+07
 1128.898894 -1.713575e+07
 1128.760191 -1.685174e+07
 1128.621489 -1.654239e+07
 1128.482786 -1.620820e+07
 1128.344084 -1.584978e+07
 1128.205382 -1.546787e+07
 1128.066679 -1.506334e+07
 1127.927977 -1.463718e+07
 1127.789274 -1.419045e+07
 1127.650572 -1.372432e+07
 1127.511870 -1.324008e+07
 1127.373167 -1.273906e+07
 1127.234465 -1.222270e+07
 1127.095762 -1.169243e+07
 1126.957060 -1.114978e+07
 1126.818357 -1.059630e+07
 1126.679655 -1.003350e+07
 1126.540953 -9.462960e+06
 1126.402250 -8.886208e+06
 1126.263548 -8.304768e+06
 1126.124845 -7.720104e+06
 1125.986143 -7.133672e+06
 1125.847441 -6.546872e+06
 1125.708738 -5.961072e+06
 1125.570036 -5.377568e+06
 1125.431333 -4.797648e+06
 1125.292631 -4.222536e+06
 1125.153929 -3.653448e+06
 1125.015226 -3.091568e+06
 1124.876524 -2.538040e+06
 1124.737821 -1.994024e+06
 1124.599119 -1.460664e+06
 1124.460417 -9.391040e+05
 1124.321714 -4.304800e+05
 1124.183012 6.407200e+04
 1124.044309 5.434320e+05
 1123.905607 1.006488e+06
 1123.766905 1.452160e+06
 1123.628202 1.879392e+06
 1123.489500 2.287176e+06
 1123.350797 2.674592e+06
 1123.212095 3.040784e+06
 1123.073392 3.385000e+06
 1122.934690 3.706576e+06
 1122.795988 4.005016e+06
 1122.657285 4.279904e+06
 1122.518583 4.531032e+06
 1122.379880 4.758280e+06
 1122.241178 4.961696e+06
 1122.102476 5.141472e+06
 1121.963773 5.297944e+06
 1121.825071 5.431576e+06
 1121.686368 5.542936e+06
 1121.547666 5.632712e+06
 1121.408964 5.701672e+06
 1121.270261 5.750688e+06
 1121.131559 5.780656e+06
 1120.992856 5.792544e+06
 1120.854154 5.787344e+06
 1120.715452 5.766088e+06
 1120.576749 5.729816e+06
 1120.438047 5.679576e+06
 1120.299344 5.616456e+06
 1120.160642 5.541512e+06
 1120.021940 5.455832e+06
 1119.883237 5.360520e+06
 1119.744535 5.256688e+06
 1119.605832 5.145480e+06
 1119.467130 5.028064e+06
 1119.328427 4.905616e+06
 1119.189725 4.779368e+06
 1119.051023 4.650560e+06
 1118.912320 4.520472e+06
 1118.773618 4.390400e+06
 1118.634915 4.261648e+06
 1118.496213 4.135536e+06
 1118.357511 4.013384e+06
 1118.218808 3.896488e+06
 1118.080106 3.786096e+06
 1117.941403 3.683432e+06
 1117.802701 3.589616e+06
 1117.663999 3.505728e+06
 1117.525296 3.432704e+06
 1117.386594 3.371408e+06
 1117.247891 3.322528e+06
 1117.109189 3.286616e+06
 1116.970487 3.264088e+06
 1116.831784 3.255176e+06
 1116.693082 3.259952e+06
 1116.554379 3.278296e+06
 1116.415677 3.309920e+06
 1116.276975 3.354392e+06
 1116.138272 3.411080e+06
 1115.999570 3.479224e+06
 1115.860867 3.557936e+06
 1115.722165 3.646200e+06
 1115.583462 3.742880e+06
 1115.444760 3.846808e+06
 1115.306058 3.956752e+06
 1115.167355 4.071440e+06
 1115.028653 4.189600e+06
 1114.889950 4.310016e+06
 1114.751248 4.431480e+06
 1114.612546 4.552872e+06
 1114.473843 4.673176e+06
 1114.335141 4.791448e+06
 1114.196438 4.906872e+06
 1114.057736 5.018784e+06
 1113.919034 5.126608e+06
 1113.780331 5.229936e+06
 1113.641629 5.328456e+06
 1113.502926 5.421984e+06
 1113.364224 5.510472e+06
 1113.225522 5.593920e+06
 1113.086819 5.672432e+06
 1112.948117 5.746160e+06
 1112.809414 5.815296e+06
 1112.670712 5.880008e+06
 1112.532010 5.940512e+06
 1112.393307 5.996920e+06
 1112.254605 6.049336e+06
 1112.115902 6.097776e+06
 1111.977200 6.142128e+06
 1111.838497 6.182224e+06
 1111.699795 6.217736e+06
 1111.561093 6.248232e+06
 1111.422390 6.273152e+06
 1111.283688 6.291792e+06
 1111.144985 6.303376e+06
 1111.006283 6.307000e+06
 1110.867581 6.301680e+06
 1110.728878 6.286368e+06
 1110.590176 6.260000e+06
 1110.451473 6.221488e+06
 1110.312771 6.169768e+06
 1110.174069 6.103840e+06
 1110.035366 6.022768e+06
 1109.896664 5.925760e+06
 1109.757961 5.812144e+06
 1109.619259 5.681448e+06
 1109.480557 5.533352e+06
 1109.341854 5.367752e+06
 1109.203152 5.184784e+06
 1109.064449 4.984784e+06
 1108.925747 4.768320e+06
 1108.787045 4.536176e+06
 1108.648342 4.289328e+06
 1108.509640 4.028936e+06
 1108.370937 3.756352e+06
 1108.232235 3.473032e+06
 1108.093532 3.180568e+06
 1107.954830 2.880600e+06
 1107.816128 2.574840e+06
 1107.677425 2.265024e+06
 1107.538723 1.952840e+06
 1107.400020 1.639984e+06
 1107.261318 1.328048e+06
 1107.122616 1.018544e+06
 1106.983913 7.128960e+05
 1106.845211 4.123920e+05
 1106.706508 1.182000e+05
 1106.567806 -1.686640e+05
 1106.429104 -4.473280e+05
 1106.290401 -7.170480e+05
 1106.151699 -9.772080e+05
 1106.012996 -1.227360e+06
 1105.874294 -1.467144e+06
 1105.735592 -1.696360e+06
 1105.596889 -1.914880e+06
 1105.458187 -2.122696e+06
 1105.319484 -2.319872e+06
 1105.180782 -2.506584e+06
 1105.042080 -2.683048e+06
 1104.903377 -2.849560e+06
 1104.764675 -3.006464e+06
 1104.625972 -3.154176e+06
 1104.487270 -3.293128e+06
 1104.348567 -3.423792e+06
 1104.209865 -3.546688e+06
 1104.071163 -3.662344e+06
 1103.932460 -3.771328e+06
 1103.793758 -3.874216e+06
 1103.655055 -3.971592e+06
 1103.516353 -4.064056e+06
 1103.377651 -4.152192e+06
 1103.238948 -4.236592e+06
 1103.100246 -4.317824e+06
 1102.961543 -4.396456e+06
 1102.822841 -4.473000e+06
 1102.684139 -4.547952e+06
 1102.545436 -4.621760e+06
 1102.406734 -4.694816e+06
 1102.268031 -4.767472e+06
 1102.129329 -4.839984e+06
 1101.990627 -4.912576e+06
 1101.851924 -4.985376e+06
 1101.713222 -5.058432e+06
 1101.574519 -5.131728e+06
 1101.435817 -5.205160e+06
 1101.297115 -5.278568e+06
 1101.158412 -5.351704e+06
 1101.019710 -5.424272e+06
 1100.881007 -5.495912e+06
 1100.742305 -5.566256e+06
 1100.603602 -5.634872e+06
 1100.464900 -5.701336e+06
 1100.326198 -5.765216e+06
 1100.187495 -5.826104e+06
 1100.048793 -5.883616e+06
 1099.910090 -5.937432e+06
 1099.771388 -5.987264e+06
 1099.632686 -6.032936e+06
 1099.493983 -6.074320e+06
 1099.355281 -6.111400e+06
 1099.216578 -6.144240e+06
 1099.077876 -6.173000e+06
 1098.939174 -6.197936e+06
 1098.800471 -6.219408e+06
 1098.661769 -6.237856e+06
 1098.523066 -6.253776e+06
 1098.384364 -6.267736e+06
 1098.245662 -6.280376e+06
 1098.106959 -6.292328e+06
 1097.968257 -6.304280e+06
 1097.829554 -6.316880e+06
 1097.690852 -6.330816e+06
 1097.552150 -6.346704e+06
 1097.413447 -6.365128e+06
 1097.274745 -6.386608e+06
 1097.136042 -6.411624e+06
 1096.997340 -6.440536e+06
 1096.858637 -6.473648e+06
 1096.719935 -6.511168e+06
 1096.581233 -6.553208e+06
 1096.442530 -6.599776e+06
 1096.303828 -6.650816e+06
 1096.165125 -6.706160e+06
 1096.026423 -6.765568e+06
 1095.887721 -6.828728e+06
 1095.749018 -6.895256e+06
 1095.610316 -6.964712e+06
 1095.471613 -7.036648e+06
 1095.332911 -7.110536e+06
 1095.194209 -7.185872e+06
 1095.055506 -7.262128e+06
 1094.916804 -7.338808e+06
 1094.778101 -7.415416e+06
 1094.639399 -7.491504e+06
 1094.500697 -7.566696e+06
 1094.361994 -7.640616e+06
 1094.223292 -7.713032e+06
 1094.084589 -7.783712e+06
 1093.945887 -7.852576e+06
 1093.807185 -7.919560e+06
 1093.668482 -7.984736e+06
 1093.529780 -8.048232e+06
 1093.391077 -8.110288e+06
 1093.252375 -8.171200e+06
 1093.113672 -8.231352e+06
 1092.974970 -8.291184e+06
 1092.836268 -8.351240e+06
 1092.697565 -8.412064e+06
 1092.558863 -8.474304e+06
 1092.420160 -8.538600e+06
 1092.281458 -8.605648e+06
 1092.142756 -8.676176e+06
 1092.004053 -8.750872e+06
 1091.865351 -8.830488e+06
 1091.726648 -8.915696e+06
 1091.587946 -9.007200e+06
 1091.449244 -9.105648e+06
 1091.310541 -9.211640e+06
 1091.171839 -9.325736e+06
 1091.033136 -9.448400e+06
 1090.894434 -9.580048e+06
 1090.755732 -9.721000e+06
 1090.617029 -9.871480e+06
 1090.478327 -1.003161e+07
 1090.339624 -1.020142e+07
 1090.200922 -1.038079e+07
 1090.062220 -1.056953e+07
 1089.923517 -1.076730e+07
 1089.784815 -1.097366e+07
 1089.646112 -1.118803e+07
 1089.507410 -1.140976e+07
 1089.368707 -1.163805e+07
 1089.230005 -1.187202e+07
 1089.091303 -1.211069e+07
 1088.952600 -1.235301e+07
 1088.813898 -1.259786e+07
 1088.675195 -1.284404e+07
 1088.536493 -1.309032e+07
 1088.397791 -1.333545e+07
 1088.259088 -1.357816e+07
 1088.120386 -1.381718e+07
 1087.981683 -1.405126e+07
 1087.842981 -1.427919e+07
 1087.704279 -1.449981e+07
 1087.565576 -1.471202e+07
 1087.426874 -1.491482e+07
 1087.288171 -1.510731e+07
 1087.149469 -1.528865e+07
 1087.010767 -1.545817e+07
 1086.872064 -1.561531e+07
 1086.733362 -1.575966e+07
 1086.594659 -1.589094e+07
 1086.455957 -1.600903e+07
 1086.317255 -1.611396e+07
 1086.178552 -1.620594e+07
 1086.039850 -1.628532e+07
 1085.901147 -1.635261e+07
 1085.762445 -1.640850e+07
 1085.623742 -1.645382e+07
 1085.485040 -1.648959e+07
 1085.346338 -1.651694e+07
 1085.207635 -1.653718e+07
 1085.068933 -1.655170e+07
 1084.930230 -1.656207e+07
 1084.791528 -1.656995e+07
 1084.652826 -1.657708e+07
 1084.514123 -1.658529e+07
 1084.375421 -1.659645e+07
 1084.236718 -1.661250e+07
 1084.098016 -1.663534e+07
 1083.959314 -1.666692e+07
 1083.820611 -1.670910e+07
 1083.681909 -1.676368e+07
 1083.543206 -1.683239e+07
 1083.404504 -1.691683e+07
 1083.265802 -1.701847e+07
 1083.127099 -1.713859e+07
 1082.988397 -1.727829e+07
 1082.849694 -1.743846e+07
 1082.710992 -1.761974e+07
 1082.572290 -1.782259e+07
 1082.433587 -1.804718e+07
 1082.294885 -1.829343e+07
 1082.156182 -1.856102e+07
 1082.017480 -1.884939e+07
 1081.878777 -1.915774e+07
 1081.740075 -1.948502e+07
 1081.601373 -1.983001e+07
 1081.462670 -2.019127e+07
 1081.323968 -2.056721e+07
 1081.185265 -2.095610e+07
 1081.046563 -2.135606e+07
 1080.907861 -2.176515e+07
 1080.769158 -2.218134e+07
 1080.630456 -2.260257e+07
 1080.491753 -2.302676e+07
 1080.353051 -2.345183e+07
 1080.214349 -2.387572e+07
 1080.075646 -2.429642e+07
 1079.936944 -2.471198e+07
 1079.798241 -2.512051e+07
 1079.659539 -2.552022e+07
 1079.520837 -2.590942e+07
 1079.382134 -2.628649e+07
 1079.243432 -2.664992e+07
 1079.104729 -2.699834e+07
 1078.966027 -2.733042e+07
 1078.827325 -2.764498e+07
 1078.688622 -2.794091e+07
 1078.549920 -2.821722e+07
 1078.411217 -2.847298e+07
 1078.272515 -2.870736e+07
 1078.133812 -2.891961e+07
 1077.995110 -2.910903e+07
 1077.856408 -2.927503e+07
 1077.717705 -2.941704e+07
 1077.579003 -2.953458e+07
 1077.440300 -2.962721e+07
 1077.301598 -2.969453e+07
 1077.162896 -2.973624e+07
 1077.024193 -2.975205e+07
 1076.885491 -2.974177e+07
 1076.746788 -2.970522e+07
 1076.608086 -2.964232e+07
 1076.469384 -2.955306e+07
 1076.330681 -2.943750e+07
 1076.191979 -2.929577e+07
 1076.053276 -2.912810e+07
 1075.914574 -2.893481e+07
 1075.775872 -2.871632e+07
 1075.637169 -2.847314e+07
 1075.498467 -2.820591e+07
 1075.359764 -2.791534e+07
 1075.221062 -2.760231e+07
 1075.082360 -2.726773e+07
 1074.943657 -2.691268e+07
 1074.804955 -2.653829e+07
 1074.666252 -2.614583e+07
 1074.527550 -2.573662e+07
 1074.388847 -2.531209e+07
 1074.250145 -2.487373e+07
 1074.111443 -2.442306e+07
 1073.972740 -2.396172e+07
 1073.834038 -2.349132e+07
 1073.695335 -2.301353e+07
 1073.556633 -2.253003e+07
 1073.417931 -2.204250e+07
 1073.279228 -2.155263e+07
 1073.140526 -2.106207e+07
 1073.001823 -2.057246e+07
 1072.863121 -2.008537e+07
 1072.724419 -1.960238e+07
 1072.585716 -1.912495e+07
 1072.447014 -1.865454e+07
 1072.308311 -1.819250e+07
 1072.169609 -1.774015e+07
 1072.030907 -1.729869e+07
 1071.892204 -1.686927e+07
 1071.753502 -1.645298e+07
 1071.614799 -1.605079e+07
 1071.476097 -1.566360e+07
 1071.337395 -1.529223e+07
 1071.198692 -1.493741e+07
 1071.059990 -1.459976e+07
 1070.921287 -1.427980e+07
 1070.782585 -1.397797e+07
 1070.643882 -1.369456e+07
 1070.505180 -1.342979e+07
 1070.366478 -1.318371e+07
 1070.227775 -1.295628e+07
 1070.089073 -1.274730e+07
 1069.950370 -1.255644e+07
 1069.811668 -1.238325e+07
 1069.672966 -1.222714e+07
 1069.534263 -1.208738e+07
 1069.395561 -1.196314e+07
 1069.256858 -1.185348e+07
 1069.118156 -1.175733e+07
 1068.979454 -1.167355e+07
 1068.840751 -1.160095e+07
 1068.702049 -1.153826e+07
 1068.563346 -1.148418e+07
 1068.424644 -1.143742e+07
 1068.285942 -1.139663e+07
 1068.147239 -1.136053e+07
 1068.008537 -1.132782e+07
 1067.869834 -1.129727e+07
 1067.731132 -1.126770e+07
 1067.592430 -1.123795e+07
 1067.453727 -1.120698e+07
 1067.315025 -1.117378e+07
 1067.176322 -1.113744e+07
 1067.037620 -1.109712e+07
 1066.898917 -1.105208e+07
 1066.760215 -1.100165e+07
 1066.621513 -1.094525e+07
 1066.482810 -1.088242e+07
 1066.344108 -1.081278e+07
 1066.205405 -1.073603e+07
 1066.066703 -1.065200e+07
 1065.928001 -1.056061e+07
 1065.789298 -1.046189e+07
 1065.650596 -1.035595e+07
 1065.511893 -1.024302e+07
 1065.373191 -1.012343e+07
 1065.234489 -9.997592e+06
 1065.095786 -9.866008e+06
 1064.957084 -9.729256e+06
 1064.818381 -9.588000e+06
 1064.679679 -9.442960e+06
 1064.540977 -9.294920e+06
 1064.402274 -9.144688e+06
 1064.263572 -8.993112e+06
 1064.124869 -8.841024e+06
 1063.986167 -8.689304e+06
 1063.847465 -8.538776e+06
 1063.708762 -8.390240e+06
 1063.570060 -8.244448e+06
 1063.431357 -8.102072e+06
 1063.292655 -7.963752e+06
 1063.153952 -7.829984e+06
 1063.015250 -7.701184e+06
 1062.876548 -7.577656e+06
 1062.737845 -7.459592e+06
 1062.599143 -7.347040e+06
 1062.460440 -7.239936e+06
 1062.321738 -7.138088e+06
 1062.183036 -7.041192e+06
 1062.044333 -6.948816e+06
 1061.905631 -6.860440e+06
 1061.766928 -6.775440e+06
 1061.628226 -6.693112e+06
 1061.489524 -6.612704e+06
 1061.350821 -6.533400e+06
 1061.212119 -6.454360e+06
 1061.073416 -6.374744e+06
 1060.934714 -6.293696e+06
 1060.796012 -6.210416e+06
 1060.657309 -6.124112e+06
 1060.518607 -6.034048e+06
 1060.379904 -5.939576e+06
 1060.241202 -5.840088e+06
 1060.102500 -5.735104e+06
 1059.963797 -5.624168e+06
 1059.825095 -5.506992e+06
 1059.686392 -5.383304e+06
 1059.547690 -5.252992e+06
 1059.408987 -5.115992e+06
 1059.270285 -4.972320e+06
 1059.131583 -4.822104e+06
 1058.992880 -4.665520e+06
 1058.854178 -4.502832e+06
 1058.715475 -4.334360e+06
 1058.576773 -4.160472e+06
 1058.438071 -3.981608e+06
 1058.299368 -3.798240e+06
 1058.160666 -3.610904e+06
 1058.021963 -3.420160e+06
 1057.883261 -3.226616e+06
 1057.744559 -3.030904e+06
 1057.605856 -2.833696e+06
 1057.467154 -2.635696e+06
 1057.328451 -2.437616e+06
 1057.189749 -2.240200e+06
 1057.051047 -2.044176e+06
 1056.912344 -1.850296e+06
 1056.773642 -1.659320e+06
 1056.634939 -1.471944e+06
 1056.496237 -1.288872e+06
 1056.357535 -1.110760e+06
 1056.218832 -9.382160e+05
 1056.080130 -7.717680e+05
 1055.941427 -6.119120e+05
 1055.802725 -4.590080e+05
 1055.664022 -3.133760e+05
 1055.525320 -1.751920e+05
 1055.386618 -4.458400e+04
 1055.247915 7.848800e+04
 1055.109213 1.941440e+05
 1054.970510 3.026000e+05
 1054.831808 4.041760e+05
 1054.693106 4.993360e+05
 1054.554403 5.885840e+05
 1054.415701 6.725280e+05
 1054.276998 7.518480e+05
 1054.138296 8.273280e+05
 1053.999594 8.997520e+05
 1053.860891 9.700000e+05
 1053.722189 1.038952e+06
 1053.583486 1.107544e+06
 1053.444784 1.176712e+06
 1053.306082 1.247432e+06
 1053.167379 1.320664e+06
 1053.028677 1.397384e+06
 1052.889974 1.478544e+06
 1052.751272 1.565136e+06
 1052.612570 1.658120e+06
 1052.473867 1.758448e+06
 1052.335165 1.867104e+06
 1052.196462 1.985048e+06
 1052.057760 2.113232e+06
 1051.919057 2.252640e+06
 1051.780355 2.404240e+06
 1051.641653 2.568992e+06
 1051.502950 2.747856e+06
 1051.364248 2.941808e+06
 1051.225545 3.151776e+06
 1051.086843 3.378680e+06
 1050.948141 3.623384e+06
 1050.809438 3.886720e+06
 1050.670736 4.169440e+06
 1050.532033 4.472216e+06
 1050.393331 4.795608e+06
 1050.254629 5.140056e+06
 1050.115926 5.505840e+06
 1049.977224 5.893096e+06
 1049.838521 6.301728e+06
 1049.699819 6.731480e+06
 1049.561117 7.181840e+06
 1049.422414 7.652088e+06
 1049.283712 8.141232e+06
 1049.145009 8.648064e+06
 1049.006307 9.171104e+06
 1048.867605 9.708648e+06
 1048.728902 1.025876e+07
 1048.590200 1.081928e+07
 1048.451497 1.138787e+07
 1048.312795 1.196206e+07
 1048.174092 1.253920e+07
 1048.035390 1.311658e+07
 1047.896688 1.369144e+07
 1047.757985 1.426098e+07
 1047.619283 1.482242e+07
 1047.480580 1.537308e+07
 1047.341878 1.591034e+07
 1047.203176 1.643174e+07
 1047.064473 1.693494e+07
 1046.925771 1.741785e+07
 1046.787068 1.787854e+07
 1046.648366 1.831533e+07
 1046.509664 1.872677e+07
 1046.370961 1.911166e+07
 1046.232259 1.946909e+07
 1046.093556 1.979832e+07
 1045.954854 2.009894e+07
 1045.816152 2.037074e+07
 1045.677449 2.061374e+07
 1045.538747 2.082821e+07
 1045.400044 2.101461e+07
 1045.261342 2.117358e+07
 1045.122640 2.130599e+07
 1044.983937 2.141284e+07
 1044.845235 2.149528e+07
 1044.706532 2.155460e+07
 1044.567830 2.159221e+07
 1044.429127 2.160960e+07
 1044.290425 2.160837e+07
 1044.151723 2.159014e+07
 1044.013020 2.155658e+07
 1043.874318 2.150938e+07
 1043.735615 2.145024e+07
 1043.596913 2.138084e+07
 1043.458211 2.130280e+07
 1043.319508 2.121770e+07
 1043.180806 2.112706e+07
 1043.042103 2.103232e+07
 1042.903401 2.093480e+07
 1042.764699 2.083576e+07
 1042.625996 2.073634e+07
 1042.487294 2.063757e+07
 1042.348591 2.054037e+07
 1042.209889 2.044556e+07
 1042.071187 2.035386e+07
 1041.932484 2.026586e+07
 1041.793782 2.018209e+07
 1041.655079 2.010295e+07
 1041.516377 2.002880e+07
 1041.377675 1.995986e+07
 1041.238972 1.989636e+07
 1041.100270 1.983840e+07
 1040.961567 1.978603e+07
 1040.822865 1.973931e+07
 1040.684162 1.969819e+07
 1040.545460 1.966264e+07
 1040.406758 1.963259e+07
 1040.268055 1.960798e+07
 1040.129353 1.958871e+07
 1039.990650 1.957474e+07
 1039.851948 1.956602e+07
 1039.713246 1.956249e+07
 1039.574543 1.956418e+07
 1039.435841 1.957110e+07
 1039.297138 1.958330e+07
 1039.158436 1.960087e+07
 1039.019734 1.962392e+07
 1038.881031 1.965256e+07
 1038.742329 1.968693e+07
 1038.603626 1.972712e+07
 1038.464924 1.977328e+07
 1038.326222 1.982546e+07
 1038.187519 1.988368e+07
 1038.048817 1.994794e+07
 1037.910114 2.001813e+07
 1037.771412 2.009408e+07
 1037.632710 2.017554e+07
 1037.494007 2.026218e+07
 1037.355305 2.035353e+07
 1037.216602 2.044908e+07
 1037.077900 2.054822e+07
 1036.939197 2.065029e+07
 1036.800495 2.075454e+07
 1036.661793 2.086018e+07
 1036.523090 2.096639e+07
 1036.384388 2.107238e+07
 1036.245685 2.117730e+07
 1036.106983 2.128040e+07
 1035.968281 2.138094e+07
 1035.829578 2.147824e+07
 1035.690876 2.157174e+07
 1035.552173 2.166094e+07
 1035.413471 2.174549e+07
 1035.274769 2.182513e+07
 1035.136066 2.189973e+07
 1034.997364 2.196928e+07
 1034.858661 2.203392e+07
 1034.719959 2.209388e+07
 1034.581257 2.214951e+07
 1034.442554 2.220126e+07
 1034.303852 2.224969e+07
 1034.165149 2.229539e+07
 1034.026447 2.233904e+07
 1033.887745 2.238133e+07
 1033.749042 2.242298e+07
 1033.610340 2.246472e+07
 1033.471637 2.250722e+07
 1033.332935 2.255114e+07
 1033.194232 2.259707e+07
 1033.055530 2.264554e+07
 1032.916828 2.269696e+07
 1032.778125 2.275168e+07
 1032.639423 2.280992e+07
 1032.500720 2.287181e+07
 1032.362018 2.293734e+07
 1032.223316 2.300642e+07
 1032.084613 2.307883e+07
 1031.945911 2.315426e+07
 1031.807208 2.323230e+07
 1031.668506 2.331246e+07
 1031.529804 2.339420e+07
 1031.391101 2.347690e+07
 1031.252399 2.355994e+07
 1031.113696 2.364265e+07
 1030.974994 2.372438e+07
 1030.836292 2.380446e+07
 1030.697589 2.388230e+07
 1030.558887 2.395730e+07
 1030.420184 2.402896e+07
 1030.281482 2.409682e+07
 1030.142780 2.416050e+07
 1030.004077 2.421971e+07
 1029.865375 2.427424e+07
 1029.726672 2.432397e+07
 1029.587970 2.436886e+07
 1029.449268 2.440894e+07
 1029.310565 2.444431e+07
 1029.171863 2.447518e+07
 1029.033160 2.450174e+07
 1028.894458 2.452427e+07
 1028.755755 2.454306e+07
 1028.617053 2.455842e+07
 1028.478351 2.457067e+07
 1028.339648 2.458010e+07
 1028.200946 2.458698e+07
 1028.062243 2.459155e+07
 1027.923541 2.459402e+07
 1027.784839 2.459454e+07
 1027.646136 2.459323e+07
 1027.507434 2.459011e+07
 1027.368731 2.458520e+07
 1027.230029 2.457843e+07
 1027.091327 2.456972e+07
 1026.952624 2.455891e+07
 1026.813922 2.454584e+07
 1026.675219 2.453029e+07
 1026.536517 2.451206e+07
 1026.397815 2.449090e+07
 1026.259112 2.446659e+07
 1026.120410 2.443890e+07
 1025.981707 2.440762e+07
 1025.843005 2.437256e+07
 1025.704303 2.433352e+07
 1025.565600 2.429037e+07
 1025.426898 2.424295e+07
 1025.288195 2.419118e+07
 1025.149493 2.413498e+07
 1025.010790 2.407426e+07
 1024.872088 2.400898e+07
 1024.733386 2.393910e+07
 1024.594683 2.386458e+07
 1024.455981 2.378541e+07
 1024.317278 2.370154e+07
 1024.178576 2.361293e+07
 1024.039874 2.351955e+07
 1023.901171 2.342134e+07
 1023.762469 2.331825e+07
 1023.623766 2.321018e+07
 1023.485064 2.309710e+07
 1023.346362 2.297889e+07
 1023.207659 2.285550e+07
 1023.068957 2.272682e+07
 1022.930254 2.259286e+07
 1022.791552 2.245352e+07
 1022.652850 2.230883e+07
 1022.514147 2.215881e+07
 1022.375445 2.200350e+07
 1022.236742 2.184305e+07
 1022.098040 2.167762e+07
 1021.959338 2.150742e+07
 1021.820635 2.133275e+07
 1021.681933 2.115398e+07
 1021.543230 2.097151e+07
 1021.404528 2.078582e+07
 1021.265825 2.059747e+07
 1021.127123 2.040706e+07
 1020.988421 2.021526e+07
 1020.849718 2.002277e+07
 1020.711016 1.983032e+07
 1020.572313 1.963873e+07
 1020.433611 1.944878e+07
 1020.294909 1.926134e+07
 1020.156206 1.907723e+07
 1020.017504 1.889733e+07
 1019.878801 1.872250e+07
 1019.740099 1.855360e+07
 1019.601397 1.839150e+07
 1019.462694 1.823704e+07
 1019.323992 1.809106e+07
 1019.185289 1.795440e+07
 1019.046587 1.782782e+07
 1018.907885 1.771212e+07
 1018.769182 1.760802e+07
 1018.630480 1.751621e+07
 1018.491777 1.743732e+07
 1018.353075 1.737194e+07
 1018.214373 1.732055e+07
 1018.075670 1.728358e+07
 1017.936968 1.726136e+07
 1017.798265 1.725410e+07
 1017.659563 1.726189e+07
 1017.520860 1.728473e+07
 1017.382158 1.732247e+07
 1017.243456 1.737485e+07
 1017.104753 1.744146e+07
 1016.966051 1.752180e+07
 1016.827348 1.761520e+07
 1016.688646 1.772094e+07
 1016.549944 1.783818e+07
 1016.411241 1.796603e+07
 1016.272539 1.810353e+07
 1016.133836 1.824966e+07
 1015.995134 1.840342e+07
 1015.856432 1.856382e+07
 1015.717729 1.872989e+07
 1015.579027 1.890070e+07
 1015.440324 1.907541e+07
 1015.301622 1.925325e+07
 1015.162920 1.943355e+07
 1015.024217 1.961576e+07
 1014.885515 1.979943e+07
 1014.746812 1.998424e+07
 1014.608110 2.016996e+07
 1014.469408 2.035650e+07
 1014.330705 2.054386e+07
 1014.192003 2.073214e+07
 1014.053300 2.092150e+07
 1013.914598 2.111217e+07
 1013.775895 2.130442e+07
 1013.637193 2.149858e+07
 1013.498491 2.169493e+07
 1013.359788 2.189377e+07
 1013.221086 2.209538e+07
 1013.082383 2.229998e+07
 1012.943681 2.250773e+07
 1012.804979 2.271870e+07
 1012.666276 2.293292e+07
 1012.527574 2.315027e+07
 1012.388871 2.337058e+07
 1012.250169 2.359350e+07
 1012.111467 2.381865e+07
 1011.972764 2.404549e+07
 1011.834062 2.427338e+07
 1011.695359 2.450161e+07
 1011.556657 2.472934e+07
 1011.417955 2.495564e+07
 1011.279252 2.517955e+07
 1011.140550 2.540003e+07
 1011.001847 2.561600e+07
 1010.863145 2.582636e+07
 1010.724443 2.603001e+07
 1010.585740 2.622586e+07
 1010.447038 2.641288e+07
 1010.308335 2.659006e+07
 1010.169633 2.675651e+07
 1010.030930 2.691138e+07
 1009.892228 2.705395e+07
 1009.753526 2.718361e+07
 1009.614823 2.729988e+07
 1009.476121 2.740238e+07
 1009.337418 2.749083e+07
 1009.198716 2.756514e+07
 1009.060014 2.762523e+07
 1008.921311 2.767117e+07
 1008.782609 2.770307e+07
 1008.643906 2.772114e+07
 1008.505204 2.772559e+07
 1008.366502 2.771666e+07
 1008.227799 2.769458e+07
 1008.089097 2.765959e+07
 1007.950394 2.761189e+07
 1007.811692 2.755162e+07
 1007.672990 2.747888e+07
 1007.534287 2.739374e+07
 1007.395585 2.729619e+07
 1007.256882 2.718616e+07
 1007.118180 2.706354e+07
 1006.979478 2.692819e+07
 1006.840775 2.677992e+07
 1006.702073 2.661856e+07
 1006.563370 2.644389e+07
 1006.424668 2.625574e+07
 1006.285965 2.605394e+07
 1006.147263 2.583836e+07
 1006.008561 2.560894e+07
 1005.869858 2.536564e+07
 1005.731156 2.510850e+07
 1005.592453 2.483763e+07
 1005.453751 2.455322e+07
 1005.315049 2.425549e+07
 1005.176346 2.394475e+07
 1005.037644 2.362138e+07
 1004.898941 2.328579e+07
 1004.760239 2.293847e+07
 1004.621537 2.257991e+07
 1004.482834 2.221066e+07
 1004.344132 2.183130e+07
 1004.205429 2.144239e+07
 1004.066727 2.104454e+07
 1003.928025 2.063833e+07
 1003.789322 2.022437e+07
 1003.650620 1.980323e+07
 1003.511917 1.937552e+07
 1003.373215 1.894180e+07
 1003.234513 1.850264e+07
 1003.095810 1.805860e+07
 1002.957108 1.761025e+07
 1002.818405 1.715813e+07
 1002.679703 1.670280e+07
 1002.541000 1.624482e+07
 1002.402298 1.578477e+07
 1002.263596 1.532320e+07
 1002.124893 1.486070e+07
 1001.986191 1.439789e+07
 1001.847488 1.393536e+07
 1001.708786 1.347376e+07
 1001.570084 1.301374e+07
 1001.431381 1.255595e+07
 1001.292679 1.210110e+07
 1001.153976 1.164988e+07
 1001.015274 1.120304e+07
 1000.876572 1.076128e+07
 1000.737869 1.032538e+07
 1000.599167 9.896088e+06
 1000.460464 9.474176e+06
 1000.321762 9.060432e+06
 1000.183060 8.655632e+06
 1000.044357 8.260568e+06
  999.905655 7.876000e+06
  999.766952 7.502712e+06
  999.628250 7.141464e+06
  999.489548 6.793000e+06
  999.350845 6.458064e+06
  999.212143 6.137384e+06
  999.073440 5.831632e+06
  998.934738 5.541504e+06
  998.796035 5.267648e+06
  998.657333 5.010704e+06
  998.518631 4.771272e+06
  998.379928 4.549928e+06
  998.241226 4.347232e+06
  998.102523 4.163704e+06
  997.963821 3.999832e+06
  997.825119 3.856072e+06
  997.686416 3.732864e+06
  997.547714 3.630568e+06
  997.409011 3.549536e+06
  997.270309 3.490072e+06
  997.131607 3.452416e+06
  996.992904 3.436728e+06
  996.854202 3.443160e+06
  996.715499 3.471744e+06
  996.576797 3.522488e+06
  996.438095 3.595272e+06
  996.299392 3.689928e+06
  996.160690 3.806168e+06
  996.021987 3.943656e+06
  995.883285 4.101912e+06
  995.744583 4.280384e+06
  995.605880 4.478432e+06
  995.467178 4.695272e+06
  995.328475 4.930080e+06
  995.189773 5.181904e+06
  995.051070 5.449688e+06
  994.912368 5.732336e+06
  994.773666 6.028608e+06
  994.634963 6.337240e+06
  994.496261 6.656880e+06
  994.357558 6.986128e+06
  994.218856 7.323520e+06
  994.080154 7.667560e+06
  993.941451 8.016744e+06
  993.802749 8.369528e+06
  993.664046 8.724352e+06
  993.525344 9.079704e+06
  993.386642 9.434056e+06
  993.247939 9.785896e+06
  993.109237 1.013376e+07
  992.970534 1.047622e+07
  992.831832 1.081192e+07
  992.693130 1.113954e+07
  992.554427 1.145780e+07
  992.415725 1.176555e+07
  992.277022 1.206167e+07
  992.138320 1.234513e+07
  991.999618 1.261500e+07
  991.860915 1.287043e+07
  991.722213 1.311068e+07
  991.583510 1.333508e+07
  991.444808 1.354309e+07
  991.306105 1.373426e+07
  991.167403 1.390826e+07
  991.028701 1.406485e+07
  990.889998 1.420392e+07
  990.751296 1.432546e+07
  990.612593 1.442957e+07
  990.473891 1.451644e+07
  990.335189 1.458639e+07
  990.196486 1.463981e+07
  990.057784 1.467718e+07
  989.919081 1.469904e+07
  989.780379 1.470604e+07
  989.641677 1.469886e+07
  989.502974 1.467821e+07
  989.364272 1.464484e+07
  989.225569 1.459953e+07
  989.086867 1.454304e+07
  988.948165 1.447613e+07
  988.809462 1.439953e+07
  988.670760 1.431391e+07
  988.532057 1.421991e+07
  988.393355 1.411809e+07
  988.254653 1.400892e+07
  988.115950 1.389278e+07
  987.977248 1.376998e+07
  987.838545 1.364066e+07
  987.699843 1.350487e+07
  987.561140 1.336258e+07
  987.422438 1.321356e+07
  987.283736 1.305754e+07
  987.145033 1.289407e+07
  987.006331 1.272264e+07
  986.867628 1.254260e+07
  986.728926 1.235325e+07
  986.590224 1.215381e+07
  986.451521 1.194344e+07
  986.312819 1.172127e+07
  986.174116 1.148646e+07
  986.035414 1.123813e+07
  985.896712 1.097547e+07
  985.758009 1.069775e+07
  985.619307 1.040431e+07
  985.480604 1.009459e+07
  985.341902 9.768192e+06
  985.203200 9.424848e+06
  985.064497 9.064472e+06
  984.925795 8.687144e+06
  984.787092 8.293168e+06
  984.648390 7.883016e+06
  984.509688 7.457400e+06
  984.370985 7.017192e+06
  984.232283 6.563512e+06
  984.093580 6.097648e+06
  983.954878 5.621072e+06
  983.816175 5.135448e+06
  983.677473 4.642544e+06
  983.538771 4.144312e+06
  983.400068 3.642768e+06
  983.261366 3.140024e+06
  983.122663 2.638264e+06
  982.983961 2.139664e+06
  982.845259 1.646416e+06
  982.706556 1.160632e+06
  982.567854 6.843920e+05
  982.429151 2.196640e+05
  982.290449 -2.317520e+05
  982.151747 -6.681920e+05
  982.013044 -1.088208e+06
  981.874342 -1.490552e+06
  981.735639 -1.874248e+06
  981.596937 -2.238552e+06
  981.458235 -2.583016e+06
  981.319532 -2.907472e+06
  981.180830 -3.212024e+06
  981.042127 -3.497088e+06
  980.903425 -3.763312e+06
  980.764723 -4.011640e+06
  980.626020 -4.243256e+06
  980.487318 -4.459536e+06
  980.348615 -4.662048e+06
  980.209913 -4.852536e+06
  980.071210 -5.032824e+06
  979.932508 -5.204840e+06
  979.793806 -5.370528e+06
  979.655103 -5.531856e+06
  979.516401 -5.690704e+06
  979.377698 -5.848896e+06
  979.238996 -6.008152e+06
  979.100294 -6.170016e+06
  978.961591 -6.335864e+06
  978.822889 -6.506888e+06
  978.684186 -6.684056e+06
  978.545484 -6.868120e+06
  978.406782 -7.059624e+06
  978.268079 -7.258840e+06
  978.129377 -7.465848e+06
  977.990674 -7.680528e+06
  977.851972 -7.902528e+06
  977.713270 -8.131328e+06
  977.574567 -8.366240e+06
  977.435865 -8.606432e+06
  977.297162 -8.850896e+06
  977.158460 -9.098568e+06
  977.019758 -9.348240e+06
  976.881055 -9.598672e+06
  976.742353 -9.848520e+06
  976.603650 -1.009644e+07
  976.464948 -1.034104e+07
  976.326245 -1.058092e+07
  976.187543 -1.081471e+07
  976.048841 -1.104107e+07
  975.910138 -1.125869e+07
  975.771436 -1.146632e+07
  975.632733 -1.166281e+07
  975.494031 -1.184709e+07
  975.355329 -1.201822e+07
  975.216626 -1.217536e+07
  975.077924 -1.231782e+07
  974.939221 -1.244507e+07
  974.800519 -1.255673e+07
  974.661817 -1.265258e+07
  974.523114 -1.273257e+07
  974.384412 -1.279681e+07
  974.245709 -1.284561e+07
  974.107007 -1.287941e+07
  973.968305 -1.289882e+07
  973.829602 -1.290459e+07
  973.690900 -1.289758e+07
  973.552197 -1.287880e+07
  973.413495 -1.284930e+07
  973.274793 -1.281026e+07
  973.136090 -1.276287e+07
  972.997388 -1.270838e+07
  972.858685 -1.264804e+07
  972.719983 -1.258307e+07
  972.581280 -1.251471e+07
  972.442578 -1.244410e+07
  972.303876 -1.237234e+07
  972.165173 -1.230044e+07
  972.026471 -1.222934e+07
  971.887768 -1.215986e+07
  971.749066 -1.209270e+07
  971.610364 -1.202850e+07
  971.471661 -1.196772e+07
  971.332959 -1.191076e+07
  971.194256 -1.185791e+07
  971.055554 -1.180933e+07
  970.916852 -1.176511e+07
  970.778149 -1.172527e+07
  970.639447 -1.168976e+07
  970.500744 -1.165846e+07
  970.362042 -1.163126e+07
  970.223340 -1.160797e+07
  970.084637 -1.158846e+07
  969.945935 -1.157257e+07
  969.807232 -1.156019e+07
  969.668530 -1.155125e+07
  969.529828 -1.154572e+07
  969.391125 -1.154366e+07
  969.252423 -1.154515e+07
  969.113720 -1.155041e+07
  968.975018 -1.155966e+07
  968.836315 -1.157329e+07
  968.697613 -1.159166e+07
  968.558911 -1.161527e+07
  968.420208 -1.164464e+07
  968.281506 -1.168035e+07
  968.142803 -1.172300e+07
  968.004101 -1.177322e+07
  967.865399 -1.183163e+07
  967.726696 -1.189885e+07
  967.587994 -1.197546e+07
  967.449291 -1.206196e+07
  967.310589 -1.215883e+07
  967.171887 -1.226643e+07
  967.033184 -1.238501e+07
  966.894482 -1.251473e+07
  966.755779 -1.265558e+07
  966.617077 -1.280742e+07
  966.478375 -1.296998e+07
  966.339672 -1.314278e+07
  966.200970 -1.332526e+07
  966.062267 -1.351661e+07
  965.923565 -1.371592e+07
  965.784863 -1.392212e+07
  965.646160 -1.413400e+07
  965.507458 -1.435024e+07
  965.368755 -1.456939e+07
  965.230053 -1.478993e+07
  965.091350 -1.501026e+07
  964.952648 -1.522876e+07
  964.813946 -1.544374e+07
  964.675243 -1.565357e+07
  964.536541 -1.585659e+07
  964.397838 -1.605124e+07
  964.259136 -1.623598e+07
  964.120434 -1.640942e+07
  963.981731 -1.657020e+07
  963.843029 -1.671717e+07
  963.704326 -1.684926e+07
  963.565624 -1.696559e+07
  963.426922 -1.706542e+07
  963.288219 -1.714816e+07
  963.149517 -1.721342e+07
  963.010814 -1.726096e+07
  962.872112 -1.729066e+07
  962.733410 -1.730261e+07
  962.594707 -1.729698e+07
  962.456005 -1.727410e+07
  962.317302 -1.723438e+07
  962.178600 -1.717834e+07
  962.039898 -1.710658e+07
  961.901195 -1.701970e+07
  961.762493 -1.691842e+07
  961.623790 -1.680339e+07
  961.485088 -1.667534e+07
  961.346385 -1.653495e+07
  961.207683 -1.638287e+07
  961.068981 -1.621974e+07
  960.930278 -1.604615e+07
  960.791576 -1.586264e+07
  960.652873 -1.566968e+07
  960.514171 -1.546772e+07
  960.375469 -1.525714e+07
  960.236766 -1.503825e+07
  960.098064 -1.481132e+07
  959.959361 -1.457658e+07
  959.820659 -1.433422e+07
  959.681957 -1.408435e+07
  959.543254 -1.382708e+07
  959.404552 -1.356247e+07
  959.265849 -1.329055e+07
  959.127147 -1.301136e+07
  958.988445 -1.272489e+07
  958.849742 -1.243113e+07
  958.711040 -1.213008e+07
  958.572337 -1.182176e+07
  958.433635 -1.150618e+07
  958.294933 -1.118340e+07
  958.156230 -1.085349e+07
  958.017528 -1.051659e+07
  957.878825 -1.017291e+07
  957.740123 -9.822688e+06
  957.601420 -9.466296e+06
  957.462718 -9.104168e+06
  957.324016 -8.736848e+06
  957.185313 -8.364992e+06
  957.046611 -7.989392e+06
  956.907908 -7.610936e+06
  956.769206 -7.230664e+06
  956.630504 -6.849720e+06
  956.491801 -6.469408e+06
  956.353099 -6.091096e+06
  956.214396 -5.716280e+06
  956.075694 -5.346544e+06
  955.936992 -4.983528e+06
  955.798289 -4.628936e+06
  955.659587 -4.284480e+06
  955.520884 -3.951880e+06
  955.382182 -3.632824e+06
  955.243480 -3.328944e+06
  955.104777 -3.041784e+06
  954.966075 -2.772800e+06
  954.827372 -2.523264e+06
  954.688670 -2.294352e+06
  954.549968 -2.087016e+06
  954.411265 -1.902040e+06
  954.272563 -1.739984e+06
  954.133860 -1.601224e+06
  953.995158 -1.485872e+06
  953.856455 -1.393880e+06
  953.717753 -1.324952e+06
  953.579051 -1.278592e+06
  953.440348 -1.254136e+06
  953.301646 -1.250752e+06
  953.162943 -1.267440e+06
  953.024241 -1.303080e+06
  952.885539 -1.356472e+06
  952.746836 -1.426304e+06
  952.608134 -1.511216e+06
  952.469431 -1.609848e+06
  952.330729 -1.720776e+06
  952.192027 -1.842624e+06
  952.053324 -1.974032e+06
  951.914622 -2.113656e+06
  951.775919 -2.260232e+06
  951.637217 -2.412528e+06
  951.498515 -2.569384e+06
  951.359812 -2.729704e+06
  951.221110 -2.892416e+06
  951.082407 -3.056536e+06
  950.943705 -3.221128e+06
  950.805003 -3.385272e+06
  950.666300 -3.548112e+06
  950.527598 -3.708792e+06
  950.388895 -3.866472e+06
  950.250193 -4.020344e+06
  950.111490 -4.169592e+06
  949.972788 -4.313392e+06
  949.834086 -4.450928e+06
  949.695383 -4.581352e+06
  949.556681 -4.703856e+06
  949.417978 -4.817576e+06
  949.279276 -4.921704e+06
  949.140574 -5.015384e+06
  949.001871 -5.097824e+06
  948.863169 -5.168224e+06
  948.724466 -5.225840e+06
  948.585764 -5.269976e+06
  948.447062 -5.299976e+06
  948.308359 -5.315280e+06
  948.169657 -5.315400e+06
  948.030954 -5.299936e+06
  947.892252 -5.268616e+06
  947.753550 -5.221288e+06
  947.614847 -5.157928e+06
  947.476145 -5.078632e+06
  947.337442 -4.983672e+06
  947.198740 -4.873448e+06
  947.060038 -4.748520e+06
  946.921335 -4.609616e+06
  946.782633 -4.457584e+06
  946.643930 -4.293432e+06
  946.505228 -4.118296e+06
  946.366525 -3.933464e+06
  946.227823 -3.740304e+06
  946.089121 -3.540280e+06
  945.950418 -3.334952e+06
  945.811716 -3.125920e+06
  945.673013 -2.914856e+06
  945.534311 -2.703432e+06
  945.395609 -2.493320e+06
  945.256906 -2.286184e+06
  945.118204 -2.083656e+06
  944.979501 -1.887328e+06
  944.840799 -1.698712e+06
  944.702097 -1.519240e+06
  944.563394 -1.350280e+06
  944.424692 -1.193072e+06
  944.285989 -1.048752e+06
  944.147287 -9.183360e+05
  944.008585 -8.027200e+05
  943.869882 -7.026560e+05
  943.731180 -6.187760e+05
  943.592477 -5.515440e+05
  943.453775 -5.012720e+05
  943.315073 -4.681440e+05
  943.176370 -4.521760e+05
  943.037668 -4.532000e+05
  942.898965 -4.709600e+05
  942.760263 -5.049680e+05
  942.621560 -5.546560e+05
  942.482858 -6.192800e+05
  942.344156 -6.979840e+05
  942.205453 -7.897760e+05
  942.066751 -8.936080e+05
  941.928048 -1.008296e+06
  941.789346 -1.132632e+06
  941.650644 -1.265344e+06
  941.511941 -1.405144e+06
  941.373239 -1.550744e+06
  941.234536 -1.700888e+06
  941.095834 -1.854328e+06
  940.957132 -2.009896e+06
  940.818429 -2.166480e+06
  940.679727 -2.323072e+06
  940.541024 -2.478752e+06
  940.402322 -2.632680e+06
  940.263620 -2.784144e+06
  940.124917 -2.932520e+06
  939.986215 -3.077304e+06
  939.847512 -3.218064e+06
  939.708810 -3.354472e+06
  939.570108 -3.486280e+06
  939.431405 -3.613296e+06
  939.292703 -3.735384e+06
  939.154000 -3.852448e+06
  939.015298 -3.964440e+06
  938.876595 -4.071288e+06
  938.737893 -4.172960e+06
  938.599191 -4.269384e+06
  938.460488 -4.360504e+06
  938.321786 -4.446192e+06
  938.183083 -4.526336e+06
  938.044381 -4.600760e+06
  937.905679 -4.669272e+06
  937.766976 -4.731624e+06
  937.628274 -4.787544e+06
  937.489571 -4.836752e+06
  937.350869 -4.878944e+06
  937.212167 -4.913816e+06
  937.073464 -4.941064e+06
  936.934762 -4.960432e+06
  936.796059 -4.971688e+06
  936.657357 -4.974648e+06
  936.518655 -4.969216e+06
  936.379952 -4.955384e+06
  936.241250 -4.933224e+06
  936.102547 -4.902944e+06
  935.963845 -4.864848e+06
  935.825143 -4.819384e+06
  935.686440 -4.767120e+06
  935.547738 -4.708752e+06
  935.409035 -4.645088e+06
  935.270333 -4.577048e+06
  935.131630 -4.505648e+06
  934.992928 -4.431984e+06
  934.854226 -4.357208e+06
  934.715523 -4.282480e+06
  934.576821 -4.209008e+06
  934.438118 -4.137952e+06
  934.299416 -4.070424e+06
  934.160714 -4.007488e+06
  934.022011 -3.950088e+06
  933.883309 -3.899056e+06
  933.744606 -3.855104e+06
  933.605904 -3.818800e+06
  933.467202 -3.790528e+06
  933.328499 -3.770552e+06
  933.189797 -3.758968e+06
  933.051094 -3.755728e+06
  932.912392 -3.760656e+06
  932.773690 -3.773480e+06
  932.634987 -3.793832e+06
  932.496285 -3.821280e+06
  932.357582 -3.855384e+06
  932.218880 -3.895664e+06
  932.080178 -3.941720e+06
  931.941475 -3.993160e+06
  931.802773 -4.049688e+06
  931.664070 -4.111104e+06
  931.525368 -4.177344e+06
  931.386665 -4.248416e+06
  931.247963 -4.324496e+06
  931.109261 -4.405880e+06
  930.970558 -4.492960e+06
  930.831856 -4.586232e+06
  930.693153 -4.686280e+06
  930.554451 -4.793736e+06
  930.415749 -4.909256e+06
  930.277046 -5.033504e+06
  930.138344 -5.167096e+06
  929.999641 -5.310592e+06
  929.860939 -5.464456e+06
  929.722237 -5.628984e+06
  929.583534 -5.804392e+06
  929.444832 -5.990656e+06
  929.306129 -6.187608e+06
  929.167427 -6.394832e+06
  929.028725 -6.611744e+06
  928.890022 -6.837512e+06
  928.751320 -7.071112e+06
  928.612617 -7.311320e+06
  928.473915 -7.556720e+06
  928.335213 -7.805728e+06
  928.196510 -8.056632e+06
  928.057808 -8.307560e+06
  927.919105 -8.556608e+06
  927.780403 -8.801744e+06
  927.641700 -9.040976e+06
  927.502998 -9.272288e+06
  927.364296 -9.493672e+06
  927.225593 -9.703256e+06
  927.086891 -9.899192e+06
  926.948188 -1.007982e+07
  926.809486 -1.024362e+07
  926.670784 -1.038921e+07
  926.532081 -1.051542e+07
  926.393379 -1.062130e+07
  926.254676 -1.070610e+07
  926.115974 -1.076926e+07
  925.977272 -1.081048e+07
  925.838569 -1.082966e+07
  925.699867 -1.082689e+07
  925.561164 -1.080246e+07
  925.422462 -1.075682e+07
  925.283760 -1.069062e+07
  925.145057 -1.060458e+07
  925.006355 -1.049959e+07
  924.867652 -1.037662e+07
  924.728950 -1.023666e+07
  924.590248 -1.008079e+07
  924.451545 -9.910088e+06
  924.312843 -9.725616e+06
  924.174140 -9.528440e+06
  924.035438 -9.319584e+06
  923.896735 -9.100008e+06
  923.758033 -8.870624e+06
  923.619331 -8.632296e+06
  923.480628 -8.385808e+06
  923.341926 -8.131888e+06
  923.203223 -7.871224e+06
  923.064521 -7.604448e+06
  922.925819 -7.332168e+06
  922.787116 -7.054960e+06
  922.648414 -6.773408e+06
  922.509711 -6.488088e+06
  922.371009 -6.199600e+06
  922.232307 -5.908560e+06
  922.093604 -5.615632e+06
  921.954902 -5.321504e+06
  921.816199 -5.026912e+06
  921.677497 -4.732624e+06
  921.538795 -4.439440e+06
  921.400092 -4.148184e+06
  921.261390 -3.859688e+06
  921.122687 -3.574776e+06
  920.983985 -3.294272e+06
  920.845283 -3.018960e+06
  920.706580 -2.749568e+06
  920.567878 -2.486760e+06
  920.429175 -2.231120e+06
  920.290473 -1.983160e+06
  920.151770 -1.743256e+06
  920.013068 -1.511728e+06
  919.874366 -1.288744e+06
  919.735663 -1.074376e+06
  919.596961 -8.685760e+05
  919.458258 -6.711760e+05
  919.319556 -4.819440e+05
  919.180854 -3.004960e+05
  919.042151 -1.263920e+05
  918.903449 4.092000e+04
  918.764746 2.020480e+05
  918.626044 3.576800e+05
  918.487342 5.085760e+05
  918.348639 6.555120e+05
  918.209937 7.993520e+05
  918.071234 9.409680e+05
  917.932532 1.081272e+06
  917.793830 1.221200e+06
  917.655127 1.361688e+06
  917.516425 1.503704e+06
  917.377722 1.648184e+06
  917.239020 1.796104e+06
  917.100318 1.948368e+06
  916.961615 2.105904e+06
  916.822913 2.269576e+06
  916.684210 2.440240e+06
  916.545508 2.618696e+06
  916.406805 2.805680e+06
  916.268103 3.001880e+06
  916.129401 3.207888e+06
  915.990698 3.424232e+06
  915.851996 3.651312e+06
  915.713293 3.889472e+06
  915.574591 4.138888e+06
  915.435889 4.399624e+06
  915.297186 4.671608e+06
  915.158484 4.954600e+06
  915.019781 5.248240e+06
  914.881079 5.551976e+06
  914.742377 5.865128e+06
  914.603674 6.186840e+06
  914.464972 6.516120e+06
  914.326269 6.851832e+06
  914.187567 7.192720e+06
  914.048865 7.537432e+06
  913.910162 7.884520e+06
  913.771460 8.232472e+06
  913.632757 8.579792e+06
  913.494055 8.924920e+06
  913.355353 9.266336e+06
  913.216650 9.602592e+06
  913.077948 9.932288e+06
  912.939245 1.025413e+07
  912.800543 1.056691e+07
  912.661840 1.086962e+07
  912.523138 1.116130e+07
  912.384436 1.144121e+07
  912.245733 1.170871e+07
  912.107031 1.196334e+07
  911.968328 1.220474e+07
  911.829626 1.243273e+07
  911.690924 1.264720e+07
  911.552221 1.284817e+07
  911.413519 1.303573e+07
  911.274816 1.321004e+07
  911.136114 1.337134e+07
  910.997412 1.351987e+07
  910.858709 1.365591e+07
  910.720007 1.377975e+07
  910.581304 1.389168e+07
  910.442602 1.399195e+07
  910.303900 1.408085e+07
  910.165197 1.415859e+07
  910.026495 1.422539e+07
  909.887792 1.428145e+07
  909.749090 1.432692e+07
  909.610388 1.436195e+07
  909.471685 1.438666e+07
  909.332983 1.440116e+07
  909.194280 1.440554e+07
  909.055578 1.439987e+07
  908.916875 1.438425e+07
  908.778173 1.435873e+07
  908.639471 1.432337e+07
  908.500768 1.427822e+07
  908.362066 1.422333e+07
  908.223363 1.415874e+07
  908.084661 1.408447e+07
  907.945959 1.400055e+07
  907.807256 1.390697e+07
  907.668554 1.380372e+07
  907.529851 1.369078e+07
  907.391149 1.356810e+07
  907.252447 1.343564e+07
  907.113744 1.329332e+07
  906.975042 1.314106e+07
  906.836339 1.297882e+07
  906.697637 1.280649e+07
  906.558935 1.262404e+07
  906.420232 1.243142e+07
  906.281530 1.222863e+07
  906.142827 1.201571e+07
  906.004125 1.179274e+07
  905.865423 1.155986e+07
  905.726720 1.131727e+07
  905.588018 1.106526e+07
  905.449315 1.080416e+07
  905.310613 1.053440e+07
  905.171910 1.025650e+07
  905.033208 9.971016e+06
  904.894506 9.678608e+06
  904.755803 9.379984e+06
  904.617101 9.075928e+06
  904.478398 8.767264e+06
  904.339696 8.454864e+06
  904.200994 8.139640e+06
  904.062291 7.822520e+06
  903.923589 7.504488e+06
  903.784886 7.186504e+06
  903.646184 6.869576e+06
  903.507482 6.554696e+06
  903.368779 6.242888e+06
  903.230077 5.935152e+06
  903.091374 5.632528e+06
  902.952672 5.336024e+06
  902.813970 5.046704e+06
  902.675267 4.765592e+06
  902.536565 4.493744e+06
  902.397862 4.232208e+06
  902.259160 3.982040e+06
  902.120458 3.744288e+06
  901.981755 3.519984e+06
  901.843053 3.310152e+06
  901.704350 3.115776e+06
  901.565648 2.937816e+06
  901.426945 2.777176e+06
  901.288243 2.634680e+06
  901.149541 2.511112e+06
  901.010838 2.407128e+06
  900.872136 2.323304e+06
  900.733433 2.260096e+06
  900.594731 2.217848e+06
  900.456029 2.196776e+06
  900.317326 2.196944e+06
  900.178624 2.218296e+06
  900.039921 2.260640e+06
  899.901219 2.323624e+06
  899.762517 2.406792e+06
  899.623814 2.509536e+06
  899.485112 2.631176e+06
  899.346409 2.770880e+06
  899.207707 2.927744e+06
  899.069005 3.100792e+06
  898.930302 3.288968e+06
  898.791600 3.491160e+06
  898.652897 3.706248e+06
  898.514195 3.933064e+06
  898.375493 4.170416e+06
  898.236790 4.417152e+06
  898.098088 4.672104e+06
  897.959385 4.934136e+06
  897.820683 5.202144e+06
  897.681980 5.475072e+06
  897.543278 5.751904e+06
  897.404576 6.031696e+06
  897.265873 6.313552e+06
  897.127171 6.596648e+06
  896.988468 6.880232e+06
  896.849766 7.163632e+06
  896.711064 7.446248e+06
  896.572361 7.727560e+06
  896.433659 8.007128e+06
  896.294956 8.284584e+06
  896.156254 8.559632e+06
  896.017552 8.832056e+06
  895.878849 9.101696e+06
  895.740147 9.368456e+06
  895.601444 9.632288e+06
  895.462742 9.893184e+06
  895.324040 1.015118e+07
  895.185337 1.040633e+07
  895.046635 1.065871e+07
  894.907932 1.090842e+07
  894.769230 1.115556e+07
  894.630528 1.140019e+07
  894.491825 1.164241e+07
  894.353123 1.188227e+07
  894.214420 1.211984e+07
  894.075718 1.235512e+07
  893.937016 1.258811e+07
  893.798313 1.281879e+07
  893.659611 1.304710e+07
  893.520908 1.327294e+07
  893.382206 1.349619e+07
  893.243503 1.371674e+07
  893.104801 1.393442e+07
  892.966099 1.414906e+07
  892.827396 1.436048e+07
  892.688694 1.456849e+07
  892.549991 1.477291e+07
  892.411289 1.497358e+07
  892.272587 1.517033e+07
  892.133884 1.536305e+07
  891.995182 1.555162e+07
  891.856479 1.573599e+07
  891.717777 1.591615e+07
  891.579075 1.609210e+07
  891.440372 1.626394e+07
  891.301670 1.643175e+07
  891.162967 1.659571e+07
  891.024265 1.675599e+07
  890.885563 1.691286e+07
  890.746860 1.706656e+07
  890.608158 1.721740e+07
  890.469455 1.736568e+07
  890.330753 1.751176e+07
  890.192051 1.765595e+07
  890.053348 1.779862e+07
  889.914646 1.794010e+07
  889.775943 1.808072e+07
  889.637241 1.822084e+07
  889.498538 1.836074e+07
  889.359836 1.850074e+07
  889.221134 1.864111e+07
  889.082431 1.878211e+07
  888.943729 1.892396e+07
  888.805026 1.906686e+07
  888.666324 1.921098e+07
  888.527622 1.935644e+07
  888.388919 1.950333e+07
  888.250217 1.965166e+07
  888.111514 1.980141e+07
  887.972812 1.995246e+07
  887.834110 2.010464e+07
  887.695407 2.025769e+07
  887.556705 2.041122e+07
  887.418002 2.056475e+07
  887.279300 2.071771e+07
  887.140598 2.086940e+07
  887.001895 2.101898e+07
  886.863193 2.116551e+07
  886.724490 2.130794e+07
  886.585788 2.144510e+07
  886.447086 2.157574e+07
  886.308383 2.169853e+07
  886.169681 2.181206e+07
  886.030978 2.191490e+07
  885.892276 2.200560e+07
  885.753573 2.208270e+07
  885.614871 2.214478e+07
  885.476169 2.219047e+07
  885.337466 2.221850e+07
  885.198764 2.222765e+07
  885.060061 2.221687e+07
  884.921359 2.218521e+07
  884.782657 2.213186e+07
  884.643954 2.205620e+07
  884.505252 2.195774e+07
  884.366549 2.183614e+07
  884.227847 2.169127e+07
  884.089145 2.152313e+07
  883.950442 2.133186e+07
  883.811740 2.111778e+07
  883.673037 2.088132e+07
  883.534335 2.062306e+07
  883.395633 2.034367e+07
  883.256930 2.004394e+07
  883.118228 1.972474e+07
  882.979525 1.938702e+07
  882.840823 1.903177e+07
  882.702121 1.866005e+07
  882.563418 1.827294e+07
  882.424716 1.787153e+07
  882.286013 1.745689e+07
  882.147311 1.703010e+07
  882.008608 1.659223e+07
  881.869906 1.614426e+07
  881.731204 1.568714e+07
  881.592501 1.522178e+07
  881.453799 1.474899e+07
  881.315096 1.426954e+07
  881.176394 1.378410e+07
  881.037692 1.329330e+07
  880.898989 1.279764e+07
  880.760287 1.229760e+07
  880.621584 1.179358e+07
  880.482882 1.128591e+07
  880.344180 1.077490e+07
  880.205477 1.026080e+07
  880.066775 9.743832e+06
  879.928072 9.224200e+06
  879.789370 8.702096e+06
  879.650668 8.177736e+06
  879.511965 7.651320e+06
  879.373263 7.123080e+06
  879.234560 6.593280e+06
  879.095858 6.062208e+06
  878.957156 5.530200e+06
  878.818453 4.997616e+06
  878.679751 4.464888e+06
  878.541048 3.932456e+06
  878.402346 3.400840e+06
  878.263643 2.870576e+06
  878.124941 2.342240e+06
  877.986239 1.816448e+06
  877.847536 1.293840e+06
  877.708834 7.751040e+05
  877.570131 2.609120e+05
  877.431429 -2.480320e+05
  877.292727 -7.510000e+05
  877.154024 -1.247272e+06
  877.015322 -1.736120e+06
  876.876619 -2.216808e+06
  876.737917 -2.688624e+06
  876.599215 -3.150824e+06
  876.460512 -3.602704e+06
  876.321810 -4.043568e+06
  876.183107 -4.472720e+06
  876.044405 -4.889472e+06
  875.905703 -5.293176e+06
  875.767000 -5.683176e+06
  875.628298 -6.058864e+06
  875.489595 -6.419640e+06
  875.350893 -6.764952e+06
  875.212191 -7.094272e+06
  875.073488 -7.407112e+06
  874.934786 -7.703072e+06
  874.796083 -7.981736e+06
  874.657381 -8.242816e+06
  874.518678 -8.486056e+06
  874.379976 -8.711280e+06
  874.241274 -8.918400e+06
  874.102571 -9.107392e+06
  873.963869 -9.278328e+06
  873.825166 -9.431352e+06
  873.686464 -9.566696e+06
  873.547762 -9.684656e+06
  873.409059 -9.785608e+06
  873.270357 -9.870008e+06
  873.131654 -9.938344e+06
  872.992952 -9.991168e+06
  872.854250 -1.002907e+07
  872.715547 -1.005266e+07
  872.576845 -1.006259e+07
  872.438142 -1.005950e+07
  872.299440 -1.004405e+07
  872.160738 -1.001686e+07
  872.022035 -9.978568e+06
  871.883333 -9.929784e+06
  871.744630 -9.871088e+06
  871.605928 -9.803000e+06
  871.467226 -9.726048e+06
  871.328523 -9.640664e+06
  871.189821 -9.547288e+06
  871.051118 -9.446264e+06
  870.912416 -9.337920e+06
  870.773713 -9.222536e+06
  870.635011 -9.100320e+06
  870.496309 -8.971448e+06
  870.357606 -8.836048e+06
  870.218904 -8.694200e+06
  870.080201 -8.545968e+06
  869.941499 -8.391376e+06
  869.802797 -8.230392e+06
  869.664094 -8.062992e+06
  869.525392 -7.889144e+06
  869.386689 -7.708792e+06
  869.247987 -7.521880e+06
  869.109285 -7.328376e+06
  868.970582 -7.128264e+06
  868.831880 -6.921520e+06
  868.693177 -6.708192e+06
  868.554475 -6.488336e+06
  868.415773 -6.262056e+06
  868.277070 -6.029520e+06
  868.138368 -5.790904e+06
  867.999665 -5.546464e+06
  867.860963 -5.296512e+06
  867.722261 -5.041392e+06
  867.583558 -4.781528e+06
  867.444856 -4.517360e+06
  867.306153 -4.249424e+06
  867.167451 -3.978240e+06
  867.028748 -3.704424e+06
  866.890046 -3.428568e+06
  866.751344 -3.151344e+06
  866.612641 -2.873400e+06
  866.473939 -2.595400e+06
  866.335236 -2.318000e+06
  866.196534 -2.041864e+06
  866.057832 -1.767592e+06
  865.919129 -1.495784e+06
  865.780427 -1.226976e+06
  865.641724 -9.616560e+05
  865.503022 -7.002560e+05
  865.364320 -4.431280e+05
  865.225617 -1.905840e+05
  865.086915 5.714400e+04
  864.948212 2.999040e+05
  864.809510 5.375840e+05
  864.670808 7.701360e+05
  864.532105 9.975520e+05
  864.393403 1.219880e+06
  864.254700 1.437176e+06
  864.115998 1.649504e+06
  863.977296 1.856952e+06
  863.838593 2.059592e+06
  863.699891 2.257456e+06
  863.561188 2.450552e+06
  863.422486 2.638872e+06
  863.283783 2.822328e+06
  863.145081 3.000784e+06
  863.006379 3.174072e+06
  862.867676 3.341920e+06
  862.728974 3.504040e+06
  862.590271 3.660072e+06
  862.451569 3.809584e+06
  862.312867 3.952128e+06
  862.174164 4.087176e+06
  862.035462 4.214184e+06
  861.896759 4.332568e+06
  861.758057 4.441720e+06
  861.619355 4.541008e+06
  861.480652 4.629800e+06
  861.341950 4.707448e+06
  861.203247 4.773320e+06
  861.064545 4.826800e+06
  860.925843 4.867264e+06
  860.787140 4.894152e+06
  860.648438 4.906928e+06
  860.509735 4.905112e+06
  860.371033 4.888288e+06
  860.232331 4.856104e+06
  860.093628 4.808304e+06
  859.954926 4.744728e+06
  859.816223 4.665336e+06
  859.677521 4.570184e+06
  859.538818 4.459512e+06
  859.400116 4.333632e+06
  859.261414 4.193072e+06
  859.122711 4.038480e+06
  858.984009 3.870688e+06
  858.845306 3.690672e+06
  858.706604 3.499576e+06
  858.567902 3.298696e+06
  858.429199 3.089464e+06
  858.290497 2.873464e+06
  858.151794 2.652408e+06
  858.013092 2.428072e+06
  857.874390 2.202360e+06
  857.735687 1.977232e+06
  857.596985 1.754688e+06
  857.458282 1.536752e+06
  857.319580 1.325456e+06
  857.180878 1.122808e+06
  857.042175 9.307600e+05
  856.903473 7.512240e+05
  856.764770 5.860160e+05
  856.626068 4.368240e+05
  856.487366 3.052560e+05
  856.348663 1.927680e+05
  856.209961 1.006480e+05
  856.071258 3.007200e+04
  855.932556 -1.800000e+04
  855.793853 -4.276800e+04
  855.655151 -4.360800e+04
  855.516449 -2.008800e+04
  855.377746 2.803200e+04
  855.239044 1.008400e+05
  855.100341 1.981760e+05
  854.961639 3.197520e+05
  854.822937 4.650720e+05
  854.684234 6.334880e+05
  854.545532 8.241600e+05
  854.406829 1.036144e+06
  854.268127 1.268296e+06
  854.129425 1.519392e+06
  853.990722 1.788088e+06
  853.852020 2.072920e+06
  853.713317 2.372392e+06
  853.574615 2.684912e+06
  853.435913 3.008888e+06
  853.297210 3.342720e+06
  853.158508 3.684792e+06
  853.019805 4.033528e+06
  852.881103 4.387448e+06
  852.742401 4.745104e+06
  852.603698 5.105168e+06
  852.464996 5.466424e+06
  852.326293 5.827776e+06
  852.187591 6.188280e+06
  852.048888 6.547136e+06
  851.910186 6.903728e+06
  851.771484 7.257576e+06
  851.632781 7.608368e+06
  851.494079 7.955968e+06
  851.355376 8.300376e+06
  851.216674 8.641768e+06
  851.077972 8.980440e+06
  850.939269 9.316792e+06
  850.800567 9.651368e+06
  850.661864 9.984776e+06
  850.523162 1.031770e+07
  850.384460 1.065091e+07
  850.245757 1.098516e+07
  850.107055 1.132126e+07
  849.968352 1.165999e+07
  849.829650 1.200214e+07
  849.690948 1.234844e+07
  849.552245 1.269957e+07
  849.413543 1.305616e+07
  849.274840 1.341876e+07
  849.136138 1.378782e+07
  848.997436 1.416370e+07
  848.858733 1.454666e+07
  848.720031 1.493685e+07
  848.581328 1.533431e+07
  848.442626 1.573896e+07
  848.303923 1.615059e+07
  848.165221 1.656890e+07
  848.026519 1.699346e+07
  847.887816 1.742369e+07
  847.749114 1.785893e+07
  847.610411 1.829842e+07
  847.471709 1.874123e+07
  847.333007 1.918640e+07
  847.194304 1.963283e+07
  847.055602 2.007934e+07
  846.916899 2.052470e+07
  846.778197 2.096754e+07
  846.639495 2.140650e+07
  846.500792 2.184012e+07
  846.362090 2.226695e+07
  846.223387 2.268546e+07
  846.084685 2.309412e+07
  845.945983 2.349142e+07
  845.807280 2.387582e+07
  845.668578 2.424580e+07
  845.529875 2.459988e+07
  845.391173 2.493662e+07
  845.252471 2.525459e+07
  845.113768 2.555245e+07
  844.975066 2.582890e+07
  844.836363 2.608273e+07
  844.697661 2.631280e+07
  844.558958 2.651804e+07
  844.420256 2.669751e+07
  844.281554 2.685034e+07
  844.142851 2.697578e+07
  844.004149 2.707321e+07
  843.865446 2.714210e+07
  843.726744 2.718206e+07
  843.588042 2.719281e+07
  843.449339 2.717424e+07
  843.310637 2.712631e+07
  843.171934 2.704917e+07
  843.033232 2.694306e+07
  842.894530 2.680837e+07
  842.755827 2.664561e+07
  842.617125 2.645541e+07
  842.478422 2.623854e+07
  842.339720 2.599586e+07
  842.201018 2.572835e+07
  842.062315 2.543708e+07
  841.923613 2.512320e+07
  841.784910 2.478798e+07
  841.646208 2.443269e+07
  841.507506 2.405871e+07
  841.368803 2.366742e+07
  841.230101 2.326026e+07
  841.091398 2.283868e+07
  840.952696 2.240407e+07
  840.813993 2.195790e+07
  840.675291 2.150153e+07
  840.536589 2.103631e+07
  840.397886 2.056354e+07
  840.259184 2.008444e+07
  840.120481 1.960017e+07
  839.981779 1.911181e+07
  839.843077 1.862033e+07
  839.704374 1.812664e+07
  839.565672 1.763153e+07
  839.426969 1.713572e+07
  839.288267 1.663984e+07
  839.149565 1.614442e+07
  839.010862 1.564993e+07
  838.872160 1.515674e+07
  838.733457 1.466520e+07
  838.594755 1.417557e+07
  838.456053 1.368809e+07
  838.317350 1.320297e+07
  838.178648 1.272039e+07
  838.039945 1.224054e+07
  837.901243 1.176361e+07
  837.762541 1.128978e+07
  837.623838 1.081930e+07
  837.485136 1.035241e+07
  837.346433 9.889408e+06
  837.207731 9.430632e+06
  837.069028 8.976480e+06
  836.930326 8.527384e+06
  836.791624 8.083856e+06
  836.652921 7.646440e+06
  836.514219 7.215744e+06
  836.375516 6.792448e+06
  836.236814 6.377248e+06
  836.098112 5.970912e+06
  835.959409 5.574256e+06
  835.820707 5.188112e+06
  835.682004 4.813360e+06
  835.543302 4.450904e+06
  835.404600 4.101640e+06
  835.265897 3.766480e+06
  835.127195 3.446352e+06
  834.988492 3.142144e+06
  834.849790 2.854728e+06
  834.711088 2.584952e+06
  834.572385 2.333624e+06
  834.433683 2.101496e+06
  834.294980 1.889264e+06
  834.156278 1.697600e+06
  834.017576 1.527048e+06
  833.878873 1.378136e+06
  833.740171 1.251296e+06
  833.601468 1.146864e+06
  833.462766 1.065120e+06
  833.324063 1.006240e+06
  833.185361 9.702960e+05
  833.046659 9.572960e+05
  832.907956 9.670960e+05
  832.769254 9.995120e+05
  832.630551 1.054184e+06
  832.491849 1.130704e+06
  832.353147 1.228520e+06
  832.214444 1.346976e+06
  832.075742 1.485328e+06
  831.937039 1.642712e+06
  831.798337 1.818168e+06
  831.659635 2.010688e+06
  831.520932 2.219144e+06
  831.382230 2.442368e+06
  831.243527 2.679136e+06
  831.104825 2.928208e+06
  830.966123 3.188280e+06
  830.827420 3.458072e+06
  830.688718 3.736296e+06
  830.550015 4.021680e+06
  830.411313 4.312968e+06
  830.272611 4.608944e+06
  830.133908 4.908424e+06
  829.995206 5.210232e+06
  829.856503 5.513280e+06
  829.717801 5.816472e+06
  829.579098 6.118744e+06
  829.440396 6.419088e+06
  829.301694 6.716472e+06
  829.162991 7.009904e+06
  829.024289 7.298392e+06
  828.885586 7.580952e+06
  828.746884 7.856616e+06
  828.608182 8.124400e+06
  828.469479 8.383344e+06
  828.330777 8.632512e+06
  828.192074 8.870976e+06
  828.053372 9.097832e+06
  827.914670 9.312264e+06
  827.775967 9.513480e+06
  827.637265 9.700752e+06
  827.498562 9.873456e+06
  827.359860 1.003104e+07
  827.221158 1.017307e+07
  827.082455 1.029920e+07
  826.943753 1.040922e+07
  826.805050 1.050301e+07
  826.666348 1.058059e+07
  826.527646 1.064208e+07
  826.388943 1.068770e+07
  826.250241 1.071782e+07
  826.111538 1.073285e+07
  825.972836 1.073331e+07
  825.834133 1.071982e+07
  825.695431 1.069305e+07
  825.556729 1.065373e+07
  825.418026 1.060263e+07
  825.279324 1.054060e+07
  825.140621 1.046847e+07
  825.001919 1.038713e+07
  824.863217 1.029746e+07
  824.724514 1.020036e+07
  824.585812 1.009673e+07
  824.447109 9.987456e+06
  824.308407 9.873408e+06
  824.169705 9.755448e+06
  824.031002 9.634424e+06
  823.892300 9.511144e+06
  823.753597 9.386392e+06
  823.614895 9.260920e+06
  823.476193 9.135448e+06
  823.337490 9.010656e+06
  823.198788 8.887184e+06
  823.060085 8.765624e+06
  822.921383 8.646528e+06
  822.782681 8.530408e+06
  822.643978 8.417664e+06
  822.505276 8.308712e+06
  822.366573 8.203832e+06
  822.227871 8.103272e+06
  822.089168 8.007208e+06
  821.950466 7.915704e+06
  821.811764 7.828768e+06
  821.673061 7.746288e+06
  821.534359 7.668088e+06
  821.395656 7.593904e+06
  821.256954 7.523352e+06
  821.118252 7.456000e+06
  820.979549 7.391296e+06
  820.840847 7.328664e+06
  820.702144 7.267416e+06
  820.563442 7.206856e+06
  820.424740 7.146232e+06
  820.286037 7.084784e+06
  820.147335 7.021768e+06
  820.008632 6.956424e+06
  819.869930 6.888088e+06
  819.731228 6.816104e+06
  819.592525 6.739912e+06
  819.453823 6.659072e+06
  819.315120 6.573200e+06
  819.176418 6.482056e+06
  819.037716 6.385536e+06
  818.899013 6.283624e+06
  818.760311 6.176440e+06
  818.621608 6.064240e+06
  818.482906 5.947344e+06
  818.344203 5.826192e+06
  818.205501 5.701296e+06
  818.066799 5.573216e+06
  817.928096 5.442552e+06
  817.789394 5.309920e+06
  817.650691 5.175928e+06
  817.511989 5.041192e+06
  817.373287 4.906272e+06
  817.234584 4.771688e+06
  817.095882 4.637880e+06
  816.957179 4.505256e+06
  816.818477 4.374120e+06
  816.679775 4.244760e+06
  816.541072 4.117328e+06
  816.402370 3.991968e+06
  816.263667 3.868728e+06
  816.124965 3.747632e+06
  815.986263 3.628640e+06
  815.847560 3.511712e+06
  815.708858 3.396744e+06
  815.570155 3.283640e+06
  815.431453 3.172296e+06
  815.292751 3.062600e+06
  815.154048 2.954440e+06
  815.015346 2.847712e+06
  814.876643 2.742336e+06
  814.737941 2.638224e+06
  814.599238 2.535312e+06
  814.460536 2.433560e+06
  814.321834 2.332928e+06
  814.183131 2.233408e+06
  814.044429 2.134984e+06
  813.905726 2.037696e+06
  813.767024 1.941576e+06
  813.628322 1.846704e+06
  813.489619 1.753160e+06
  813.350917 1.661072e+06
  813.212214 1.570576e+06
  813.073512 1.481864e+06
  812.934810 1.395152e+06
  812.796107 1.310696e+06
  812.657405 1.228776e+06
  812.518702 1.149696e+06
  812.380000 1.073824e+06
  812.241298 1.001528e+06
  812.102595 9.331920e+05
  811.963893 8.692400e+05
  811.825190 8.100720e+05
  811.686488 7.561360e+05
  811.547786 7.078320e+05
  811.409083 6.655680e+05
  811.270381 6.297120e+05
  811.131678 6.006480e+05
  810.992976 5.786960e+05
  810.854273 5.641600e+05
  810.715571 5.573040e+05
  810.576869 5.583520e+05
  810.438166 5.675040e+05
  810.299464 5.849280e+05
  810.160761 6.107360e+05
  810.022059 6.450480e+05
  809.883357 6.879200e+05
  809.744654 7.394000e+05
  809.605952 7.995040e+05
  809.467249 8.682320e+05
  809.328547 9.455200e+05
  809.189845 1.031304e+06
  809.051142 1.125472e+06
  808.912440 1.227856e+06
  808.773737 1.338272e+06
  808.635035 1.456456e+06
  808.496333 1.582080e+06
  808.357630 1.714800e+06
  808.218928 1.854144e+06
  808.080225 1.999640e+06
  807.941523 2.150720e+06
  807.802821 2.306760e+06
  807.664118 2.467088e+06
  807.525416 2.631008e+06
  807.386713 2.797784e+06
  807.248011 2.966640e+06
  807.109308 3.136832e+06
  806.970606 3.307592e+06
  806.831904 3.478184e+06
  806.693201 3.647896e+06
  806.554499 3.816056e+06
  806.415796 3.982064e+06
  806.277094 4.145376e+06
  806.138392 4.305504e+06
  805.999689 4.462024e+06
  805.860987 4.614600e+06
  805.722284 4.762976e+06
  805.583582 4.906936e+06
  805.444880 5.046368e+06
  805.306177 5.181208e+06
  805.167475 5.311448e+06
  805.028772 5.437136e+06
  804.890070 5.558368e+06
  804.751368 5.675280e+06
  804.612665 5.788048e+06
  804.473963 5.896872e+06
  804.335260 6.001976e+06
  804.196558 6.103616e+06
  804.057856 6.202056e+06
  803.919153 6.297560e+06
  803.780451 6.390440e+06
  803.641748 6.480984e+06
  803.503046 6.569496e+06
  803.364343 6.656296e+06
  803.225641 6.741688e+06
  803.086939 6.825992e+06
  802.948236 6.909512e+06
  802.809534 6.992560e+06
  802.670831 7.075424e+06
  802.532129 7.158384e+06
  802.393427 7.241704e+06
  802.254724 7.325592e+06
  802.116022 7.410224e+06
  801.977319 7.495744e+06
  801.838617 7.582224e+06
  801.699915 7.669680e+06
  801.561212 7.758000e+06
  801.422510 7.847040e+06
  801.283807 7.936528e+06
  801.145105 8.026072e+06
  801.006403 8.115176e+06
  800.867700 8.203232e+06
  800.728998 8.289488e+06
  800.590295 8.373080e+06
  800.451593 8.453040e+06
  800.312891 8.528256e+06
  800.174188 8.597544e+06
  800.035486 8.659624e+06
  799.896783 8.713136e+06
  799.758081 8.756696e+06
  799.619378 8.788840e+06
  799.480676 8.808168e+06
  799.341974 8.813232e+06
  799.203271 8.802672e+06
  799.064569 8.775192e+06
  798.925866 8.729576e+06
  798.787164 8.664736e+06
  798.648462 8.579720e+06
  798.509759 8.473704e+06
  798.371057 8.346072e+06
  798.232354 8.196336e+06
  798.093652 8.024232e+06
  797.954950 7.829648e+06
  797.816247 7.612664e+06
  797.677545 7.373536e+06
  797.538842 7.112656e+06
  797.400140 6.830624e+06
  797.261438 6.528136e+06
  797.122735 6.206032e+06
  796.984033 5.865280e+06
  796.845330 5.506928e+06
  796.706628 5.132112e+06
  796.567926 4.742064e+06
  796.429223 4.338048e+06
  796.290521 3.921384e+06
  796.151818 3.493432e+06
  796.013116 3.055600e+06
  795.874413 2.609280e+06
  795.735711 2.155912e+06
  795.597009 1.696904e+06
  795.458306 1.233712e+06
  795.319604 7.677440e+05
  795.180901 3.004160e+05
  795.042199 -1.668640e+05
  794.903497 -6.327280e+05
  794.764794 -1.095816e+06
  794.626092 -1.554760e+06
  794.487389 -2.008248e+06
  794.348687 -2.454936e+06
  794.209985 -2.893520e+06
  794.071282 -3.322704e+06
  793.932580 -3.741176e+06
  793.793877 -4.147624e+06
  793.655175 -4.540728e+06
  793.516473 -4.919152e+06
  793.377770 -5.281528e+06
  793.239068 -5.626496e+06
  793.100365 -5.952664e+06
  792.961663 -6.258616e+06
  792.822961 -6.542968e+06
  792.684258 -6.804296e+06
  792.545556 -7.041248e+06
  792.406853 -7.252480e+06
  792.268151 -7.436712e+06
  792.129448 -7.592752e+06
  791.990746 -7.719496e+06
  791.852044 -7.815992e+06
  791.713341 -7.881400e+06
  791.574639 -7.915112e+06
  791.435936 -7.916672e+06
  791.297234 -7.885832e+06
  791.158532 -7.822584e+06
  791.019829 -7.727160e+06
  790.881127 -7.600040e+06
  790.742424 -7.441928e+06
  790.603722 -7.253784e+06
  790.465020 -7.036776e+06
  790.326317 -6.792336e+06
  790.187615 -6.522064e+06
  790.048912 -6.227720e+06
  789.910210 -5.911288e+06
  789.771508 -5.574808e+06
  789.632805 -5.220456e+06
  789.494103 -4.850488e+06
  789.355400 -4.467184e+06
  789.216698 -4.072832e+06
  789.077996 -3.669728e+06
  788.939293 -3.260112e+06
  788.800591 -2.846176e+06
  788.661888 -2.430024e+06
  788.523186 -2.013680e+06
  788.384483 -1.599032e+06
  788.245781 -1.187880e+06
  788.107079 -7.818800e+05
  787.968376 -3.825760e+05
  787.829674 8.640000e+03
  787.690971 3.904800e+05
  787.552269 7.618400e+05
  787.413567 1.121672e+06
  787.274864 1.469104e+06
  787.136162 1.803376e+06
  786.997459 2.123832e+06
  786.858757 2.429960e+06
  786.720055 2.721336e+06
  786.581352 2.997680e+06
  786.442650 3.258792e+06
  786.303947 3.504600e+06
  786.165245 3.735144e+06
  786.026543 3.950560e+06
  785.887840 4.151088e+06
  785.749138 4.337072e+06
  785.610435 4.508984e+06
  785.471733 4.667344e+06
  785.333031 4.812800e+06
  785.194328 4.946080e+06
  785.055626 5.067984e+06
  784.916923 5.179376e+06
  784.778221 5.281208e+06
  784.639518 5.374464e+06
  784.500816 5.460152e+06
  784.362114 5.539344e+06
  784.223411 5.613104e+06
  784.084709 5.682488e+06
  783.946006 5.748560e+06
  783.807304 5.812320e+06
  783.668602 5.874776e+06
  783.529899 5.936848e+06
  783.391197 5.999408e+06
  783.252494 6.063272e+06
  783.113792 6.129176e+06
  782.975090 6.197768e+06
  782.836387 6.269640e+06
  782.697685 6.345288e+06
  782.558982 6.425152e+06
  782.420280 6.509584e+06
  782.281578 6.598872e+06
  782.142875 6.693224e+06
  782.004173 6.792792e+06
  781.865470 6.897656e+06
  781.726768 7.007832e+06
  781.588066 7.123280e+06
  781.449363 7.243888e+06
  781.310661 7.369480e+06
  781.171958 7.499816e+06
  781.033256 7.634568e+06
  780.894553 7.773384e+06
  780.755851 7.915816e+06
  780.617149 8.061376e+06
  780.478446 8.209528e+06
  780.339744 8.359672e+06
  780.201041 8.511200e+06
  780.062339 8.663480e+06
  779.923637 8.815888e+06
  779.784934 8.967800e+06
  779.646232 9.118624e+06
  779.507529 9.267824e+06
  779.368827 9.414944e+06
  779.230125 9.559560e+06
  779.091422 9.701376e+06
  778.952720 9.840168e+06
  778.814017 9.975816e+06
  778.675315 1.010833e+07
  778.536613 1.023777e+07
  778.397910 1.036431e+07
  778.259208 1.048823e+07
  778.120505 1.060982e+07
  777.981803 1.072947e+07
  777.843101 1.084756e+07
  777.704398 1.096450e+07
  777.565696 1.108068e+07
  777.426993 1.119646e+07
  777.288291 1.131214e+07
  777.149588 1.142795e+07
  777.010886 1.154405e+07
  776.872184 1.166050e+07
  776.733481 1.177726e+07
  776.594779 1.189420e+07
  776.456076 1.201107e+07
  776.317374 1.212756e+07
  776.178672 1.224328e+07
  776.039969 1.235778e+07
  775.901267 1.247053e+07
  775.762564 1.258105e+07
  775.623862 1.268881e+07
  775.485160 1.279330e+07
  775.346457 1.289411e+07
  775.207755 1.299083e+07
  775.069052 1.308315e+07
  774.930350 1.317086e+07
  774.791648 1.325383e+07
  774.652945 1.333206e+07
  774.514243 1.340559e+07
  774.375540 1.347466e+07
  774.236838 1.353949e+07
  774.098136 1.360044e+07
  773.959433 1.365791e+07
  773.820731 1.371233e+07
  773.682028 1.376414e+07
  773.543326 1.381382e+07
  773.404623 1.386178e+07
  773.265921 1.390840e+07
  773.127219 1.395400e+07
  772.988516 1.399882e+07
  772.849814 1.404300e+07
  772.711111 1.408660e+07
  772.572409 1.412955e+07
  772.433707 1.417171e+07
  772.295004 1.421279e+07
  772.156302 1.425246e+07
  772.017599 1.429023e+07
  771.878897 1.432561e+07
  771.740195 1.435799e+07
  771.601492 1.438675e+07
  771.462790 1.441122e+07
  771.324087 1.443070e+07
  771.185385 1.444453e+07
  771.046683 1.445202e+07
  770.907980 1.445254e+07
  770.769278 1.444547e+07
  770.630575 1.443024e+07
  770.491873 1.440633e+07
  770.353171 1.437329e+07
  770.214468 1.433071e+07
  770.075766 1.427826e+07
  769.937063 1.421562e+07
  769.798361 1.414258e+07
  769.659658 1.405894e+07
  769.520956 1.396459e+07
  769.382254 1.385943e+07
  769.243551 1.374342e+07
  769.104849 1.361654e+07
  768.966146 1.347887e+07
  768.827444 1.333046e+07
  768.688742 1.317146e+07
  768.550039 1.300203e+07
  768.411337 1.282239e+07
  768.272634 1.263283e+07
  768.133932 1.243369e+07
  767.995230 1.222535e+07
  767.856527 1.200831e+07
  767.717825 1.178309e+07
  767.579122 1.155030e+07
  767.440420 1.131064e+07
  767.301718 1.106486e+07
  767.163015 1.081377e+07
  767.024313 1.055826e+07
  766.885610 1.029929e+07
  766.746908 1.003780e+07
  766.608206 9.774840e+06
  766.469503 9.511424e+06
  766.330801 9.248600e+06
  766.192098 8.987408e+06
  766.053396 8.728840e+06
  765.914693 8.473912e+06
  765.775991 8.223512e+06
  765.637289 7.978536e+06
  765.498586 7.739760e+06
  765.359884 7.507896e+06
  765.221181 7.283552e+06
  765.082479 7.067264e+06
  764.943777 6.859416e+06
  764.805074 6.660352e+06
  764.666372 6.470280e+06
  764.527669 6.289320e+06
  764.388967 6.117488e+06
  764.250265 5.954776e+06
  764.111562 5.801072e+06
  763.972860 5.656232e+06
  763.834157 5.520072e+06
  763.695455 5.392424e+06
  763.556753 5.273096e+06
  763.418050 5.161952e+06
  763.279348 5.058856e+06
  763.140645 4.963752e+06
  763.001943 4.876640e+06
  762.863241 4.797576e+06
  762.724538 4.726704e+06
  762.585836 4.664232e+06
  762.447133 4.610424e+06
  762.308431 4.565600e+06
  762.169728 4.530120e+06
  762.031026 4.504360e+06
  761.892324 4.488712e+06
  761.753621 4.483552e+06
  761.614919 4.489192e+06
  761.476216 4.505928e+06
  761.337514 4.533928e+06
  761.198812 4.573296e+06
  761.060109 4.624008e+06
  760.921407 4.685920e+06
  760.782704 4.758744e+06
  760.644002 4.842056e+06
  760.505300 4.935296e+06
  760.366597 5.037752e+06
  760.227895 5.148616e+06
  760.089192 5.266952e+06
  759.950490 5.391728e+06
  759.811788 5.521840e+06
  759.673085 5.656128e+06
  759.534383 5.793416e+06
  759.395680 5.932512e+06
  759.256978 6.072264e+06
  759.118276 6.211584e+06
  758.979573 6.349432e+06
  758.840871 6.484888e+06
  758.702168 6.617160e+06
  758.563466 6.745584e+06
  758.424763 6.869640e+06
  758.286061 6.988992e+06
  758.147359 7.103464e+06
  758.008656 7.213024e+06
  757.869954 7.317840e+06
  757.731251 7.418208e+06
  757.592549 7.514568e+06
  757.453847 7.607496e+06
  757.315144 7.697664e+06
  757.176442 7.785832e+06
  757.037739 7.872832e+06
  756.899037 7.959504e+06
  756.760335 8.046728e+06
  756.621632 8.135336e+06
  756.482930 8.226152e+06
  756.344227 8.319904e+06
  756.205525 8.417272e+06
  756.066823 8.518800e+06
  755.928120 8.624936e+06
  755.789418 8.735984e+06
  755.650715 8.852112e+06
  755.512013 8.973376e+06
  755.373311 9.099664e+06
  755.234608 9.230752e+06
  755.095906 9.366288e+06
  754.957203 9.505792e+06
  754.818501 9.648712e+06
  754.679799 9.794392e+06
  754.541096 9.942128e+06
  754.402394 1.009117e+07
  754.263691 1.024072e+07
  754.124989 1.038998e+07
  753.986286 1.053815e+07
  753.847584 1.068447e+07
  753.708882 1.082818e+07
  753.570179 1.096860e+07
  753.431477 1.110505e+07
  753.292774 1.123697e+07
  753.154072 1.136382e+07
  753.015370 1.148516e+07
  752.876667 1.160060e+07
  752.737965 1.170985e+07
  752.599262 1.181267e+07
  752.460560 1.190894e+07
  752.321858 1.199855e+07
  752.183155 1.208154e+07
  752.044453 1.215798e+07
  751.905750 1.222803e+07
  751.767048 1.229190e+07
  751.628346 1.234989e+07
  751.489643 1.240234e+07
  751.350941 1.244967e+07
  751.212238 1.249234e+07
  751.073536 1.253086e+07
  750.934834 1.256575e+07
  750.796131 1.259758e+07
  750.657429 1.262691e+07
  750.518726 1.265434e+07
  750.380024 1.268044e+07
  750.241321 1.270578e+07
  750.102619 1.273087e+07
  749.963917 1.275624e+07
  749.825214 1.278236e+07
  749.686512 1.280967e+07
  749.547809 1.283855e+07
  749.409107 1.286938e+07
  749.270405 1.290247e+07
  749.131702 1.293811e+07
  748.993000 1.297657e+07
  748.854297 1.301810e+07
  748.715595 1.306296e+07
  748.576893 1.311137e+07
  748.438190 1.316358e+07
  748.299488 1.321988e+07
  748.160785 1.328054e+07
  748.022083 1.334586e+07
  747.883381 1.341618e+07
  747.744678 1.349186e+07
  747.605976 1.357327e+07
  747.467273 1.366082e+07
  747.328571 1.375490e+07
  747.189869 1.385592e+07
  747.051166 1.396430e+07
  746.912464 1.408038e+07
  746.773761 1.420455e+07
  746.635059 1.433708e+07
  746.496356 1.447824e+07
  746.357654 1.462819e+07
  746.218952 1.478706e+07
  746.080249 1.495482e+07
  745.941547 1.513143e+07
  745.802844 1.531668e+07
  745.664142 1.551030e+07
  745.525440 1.571190e+07
  745.386737 1.592098e+07
  745.248035 1.613698e+07
  745.109332 1.635923e+07
  744.970630 1.658702e+07
  744.831928 1.681952e+07
  744.693225 1.705596e+07
  744.554523 1.729546e+07
  744.415820 1.753719e+07
  744.277118 1.778033e+07
  744.138416 1.802408e+07
  743.999713 1.826769e+07
  743.861011 1.851051e+07
  743.722308 1.875195e+07
  743.583606 1.899150e+07
  743.444904 1.922875e+07
  743.306201 1.946339e+07
  743.167499 1.969519e+07
  743.028796 1.992402e+07
  742.890094 2.014982e+07
  742.751391 2.037256e+07
  742.612689 2.059234e+07
  742.473987 2.080921e+07
  742.335284 2.102329e+07
  742.196582 2.123469e+07
  742.057879 2.144350e+07
  741.919177 2.164982e+07
  741.780475 2.185366e+07
  741.641772 2.205505e+07
  741.503070 2.225392e+07
  741.364367 2.245021e+07
  741.225665 2.264377e+07
  741.086963 2.283444e+07
  740.948260 2.302203e+07
  740.809558 2.320634e+07
  740.670855 2.338715e+07
  740.532153 2.356427e+07
  740.393451 2.373752e+07
  740.254748 2.390678e+07
  740.116046 2.407194e+07
  739.977343 2.423299e+07
  739.838641 2.438998e+07
  739.699939 2.454300e+07
  739.561236 2.469223e+07
  739.422534 2.483791e+07
  739.283831 2.498033e+07
  739.145129 2.511982e+07
  739.006426 2.525673e+07
  738.867724 2.539145e+07
  738.729022 2.552435e+07
  738.590319 2.565577e+07
  738.451617 2.578602e+07
  738.312914 2.591534e+07
  738.174212 2.604394e+07
  738.035510 2.617188e+07
  737.896807 2.629916e+07
  737.758105 2.642569e+07
  737.619402 2.655122e+07
  737.480700 2.667545e+07
  737.341998 2.679793e+07
  737.203295 2.691808e+07
  737.064593 2.703529e+07
  736.925890 2.714878e+07
  736.787188 2.725773e+07
  736.648486 2.736124e+07
  736.509783 2.745834e+07
  736.371081 2.754801e+07
  736.232378 2.762919e+07
  736.093676 2.770083e+07
  735.954974 2.776185e+07
  735.816271 2.781116e+07
  735.677569 2.784771e+07
  735.538866 2.787049e+07
  735.400164 2.787847e+07
  735.261461 2.787075e+07
  735.122759 2.784644e+07
  734.984057 2.780470e+07
  734.845354 2.774480e+07
  734.706652 2.766606e+07
  734.567949 2.756790e+07
  734.429247 2.744979e+07
  734.290545 2.731130e+07
  734.151842 2.715212e+07
  734.013140 2.697196e+07
  733.874437 2.677066e+07
  733.735735 2.654814e+07
  733.597033 2.630438e+07
  733.458330 2.603947e+07
  733.319628 2.575357e+07
  733.180925 2.544693e+07
  733.042223 2.511987e+07
  732.903521 2.477279e+07
  732.764818 2.440618e+07
  732.626116 2.402058e+07
  732.487413 2.361663e+07
  732.348711 2.319505e+07
  732.210009 2.275660e+07
  732.071306 2.230214e+07
  731.932604 2.183258e+07
  731.793901 2.134891e+07
  731.655199 2.085218e+07
  731.516496 2.034349e+07
  731.377794 1.982403e+07
  731.239092 1.929503e+07
  731.100389 1.875778e+07
  730.961687 1.821366e+07
  730.822984 1.766407e+07
  730.684282 1.711047e+07
  730.545580 1.655439e+07
  730.406877 1.599739e+07
  730.268175 1.544110e+07
  730.129472 1.488717e+07
  729.990770 1.433727e+07
  729.852068 1.379314e+07
  729.713365 1.325648e+07
  729.574663 1.272901e+07
  729.435960 1.221244e+07
  729.297258 1.170845e+07
  729.158556 1.121866e+07
  729.019853 1.074462e+07
  728.881151 1.028783e+07
  728.742448 9.849688e+06
  728.603746 9.431464e+06
  728.465044 9.034296e+06
  728.326341 8.659184e+06
  728.187639 8.306992e+06
  728.048936 7.978408e+06
  727.910234 7.673920e+06
  727.771531 7.393880e+06
  727.632829 7.138416e+06
  727.494127 6.907488e+06
  727.355424 6.700856e+06
  727.216722 6.518112e+06
  727.078019 6.358648e+06
  726.939317 6.221688e+06
  726.800615 6.106312e+06
  726.661912 6.011408e+06
  726.523210 5.935760e+06
  726.384507 5.878008e+06
  726.245805 5.836696e+06
  726.107103 5.810248e+06
  725.968400 5.797064e+06
  725.829698 5.795440e+06
  725.690995 5.803656e+06
  725.552293 5.819952e+06
  725.413591 5.842592e+06
  725.274888 5.869824e+06
  725.136186 5.899944e+06
  724.997483 5.931264e+06
  724.858781 5.962168e+06
  724.720079 5.991104e+06
  724.581376 6.016568e+06
  724.442674 6.037168e+06
  724.303971 6.051592e+06
  724.165269 6.058600e+06
  724.026566 6.057104e+06
  723.887864 6.046080e+06
  723.749162 6.024600e+06
  723.610459 5.991896e+06
  723.471757 5.947264e+06
  723.333054 5.890120e+06
  723.194352 5.819976e+06
  723.055650 5.736464e+06
  722.916947 5.639296e+06
  722.778245 5.528264e+06
  722.639542 5.403264e+06
  722.500840 5.264224e+06
  722.362138 5.111176e+06
  722.223435 4.944168e+06
  722.084733 4.763296e+06
  721.946030 4.568680e+06
  721.807328 4.360456e+06
  721.668626 4.138760e+06
  721.529923 3.903744e+06
  721.391221 3.655520e+06
  721.252518 3.394208e+06
  721.113816 3.119896e+06
  720.975114 2.832656e+06
  720.836411 2.532536e+06
  720.697709 2.219592e+06
  720.559006 1.893856e+06
  720.420304 1.555368e+06
  720.281601 1.204192e+06
  720.142899 8.404080e+05
  720.004197 4.641440e+05
  719.865494 7.557600e+04
  719.726792 -3.250480e+05
  719.588089 -7.374000e+05
  719.449387 -1.161072e+06
  719.310685 -1.595544e+06
  719.171982 -2.040200e+06
  719.033280 -2.494296e+06
  718.894577 -2.956968e+06
  718.755875 -3.427256e+06
  718.617173 -3.904056e+06
  718.478470 -4.386176e+06
  718.339768 -4.872288e+06
  718.201065 -5.361000e+06
  718.062363 -5.850800e+06
  717.923661 -6.340128e+06
  717.784958 -6.827344e+06
  717.646256 -7.310784e+06
  717.507553 -7.788728e+06
  717.368851 -8.259488e+06
  717.230149 -8.721376e+06
  717.091446 -9.172752e+06
  716.952744 -9.612024e+06
  716.814041 -1.003768e+07
  716.675339 -1.044835e+07
  716.536636 -1.084274e+07
  716.397934 -1.121973e+07
  716.259232 -1.157834e+07
  716.120529 -1.191782e+07
  715.981827 -1.223751e+07
  715.843124 -1.253702e+07
  715.704422 -1.281612e+07
  715.565720 -1.307477e+07
  715.427017 -1.331313e+07
  715.288315 -1.353154e+07
  715.149612 -1.373050e+07
  715.010910 -1.391065e+07
  714.872208 -1.407276e+07
  714.733505 -1.421773e+07
  714.594803 -1.434654e+07
  714.456100 -1.446020e+07
  714.317398 -1.455982e+07
  714.178696 -1.464646e+07
  714.039993 -1.472122e+07
  713.901291 -1.478515e+07
  713.762588 -1.483929e+07
  713.623886 -1.488457e+07
  713.485184 -1.492187e+07
  713.346481 -1.495202e+07
  713.207779 -1.497570e+07
  713.069076 -1.499355e+07
  712.930374 -1.500611e+07
  712.791671 -1.501382e+07
  712.652969 -1.501706e+07
  712.514267 -1.501608e+07
  712.375564 -1.501112e+07
  712.236862 -1.500234e+07
  712.098159 -1.498982e+07
  711.959457 -1.497366e+07
  711.820755 -1.495386e+07
  711.682052 -1.493044e+07
  711.543350 -1.490338e+07
  711.404647 -1.487266e+07
  711.265945 -1.483826e+07
  711.127243 -1.480014e+07
  710.988540 -1.475832e+07
  710.849838 -1.471277e+07
  710.711135 -1.466350e+07
  710.572433 -1.461056e+07
  710.433731 -1.455400e+07
  710.295028 -1.449390e+07
  710.156326 -1.443036e+07
  710.017623 -1.436350e+07
  709.878921 -1.429350e+07
  709.740219 -1.422053e+07
  709.601516 -1.414482e+07
  709.462814 -1.406661e+07
  709.324111 -1.398619e+07
  709.185409 -1.390388e+07
  709.046706 -1.382005e+07
  708.908004 -1.373508e+07
  708.769302 -1.364940e+07
  708.630599 -1.356350e+07
  708.491897 -1.347786e+07
  708.353194 -1.339304e+07
  708.214492 -1.330964e+07
  708.075790 -1.322825e+07
  707.937087 -1.314952e+07
  707.798385 -1.307412e+07
  707.659682 -1.300270e+07
  707.520980 -1.293595e+07
  707.382278 -1.287453e+07
  707.243575 -1.281906e+07
  707.104873 -1.277015e+07
  706.966170 -1.272834e+07
  706.827468 -1.269411e+07
  706.688766 -1.266786e+07
  706.550063 -1.264986e+07
  706.411361 -1.264033e+07
  706.272658 -1.263932e+07
  706.133956 -1.264681e+07
  705.995254 -1.266258e+07
  705.856551 -1.268634e+07
  705.717849 -1.271762e+07
  705.579146 -1.275585e+07
  705.440444 -1.280032e+07
  705.301741 -1.285022e+07
  705.163039 -1.290462e+07
  705.024337 -1.296254e+07
  704.885634 -1.302287e+07
  704.746932 -1.308450e+07
  704.608229 -1.314626e+07
  704.469527 -1.320698e+07
  704.330825 -1.326546e+07
  704.192122 -1.332060e+07
  704.053420 -1.337125e+07
  703.914717 -1.341638e+07
  703.776015 -1.345504e+07
  703.637313 -1.348630e+07
  703.498610 -1.350940e+07
  703.359908 -1.352364e+07
  703.221205 -1.352845e+07
  703.082503 -1.352334e+07
  702.943801 -1.350794e+07
  702.805098 -1.348201e+07
  702.666396 -1.344537e+07
  702.527693 -1.339794e+07
  702.388991 -1.333977e+07
  702.250289 -1.327090e+07
  702.111586 -1.319146e+07
  701.972884 -1.310168e+07
  701.834181 -1.300174e+07
  701.695479 -1.289187e+07
  701.556776 -1.277232e+07
  701.418074 -1.264331e+07
  701.279372 -1.250503e+07
  701.140669 -1.235766e+07
  701.001967 -1.220130e+07
  700.863264 -1.203600e+07
  700.724562 -1.186177e+07
  700.585860 -1.167852e+07
  700.447157 -1.148611e+07
  700.308455 -1.128432e+07
  700.169752 -1.107286e+07
  700.031050 -1.085137e+07
  699.892348 -1.061945e+07
  699.753645 -1.037664e+07
  699.614943 -1.012246e+07
  699.476240 -9.856432e+06
  699.337538 -9.578024e+06
  699.198836 -9.286784e+06
  699.060133 -8.982248e+06
  698.921431 -8.664024e+06
  698.782728 -8.331824e+06
  698.644026 -7.985416e+06
  698.505324 -7.624688e+06
  698.366621 -7.249632e+06
  698.227919 -6.860424e+06
  698.089216 -6.457336e+06
  697.950514 -6.040808e+06
  697.811811 -5.611448e+06
  697.673109 -5.170008e+06
  697.534407 -4.717408e+06
  697.395704 -4.254704e+06
  697.257002 -3.783112e+06
  697.118299 -3.303960e+06
  696.979597 -2.818712e+06
  696.840895 -2.328920e+06
  696.702192 -1.836232e+06
  696.563490 -1.342336e+06
  696.424787 -8.489920e+05
  696.286085 -3.579680e+05
  696.147383 1.289760e+05
  696.008680 6.101200e+05
  695.869978 1.083744e+06
  695.731275 1.548240e+06
  695.592573 2.002048e+06
  695.453871 2.443736e+06
  695.315168 2.871968e+06
  695.176466 3.285552e+06
  695.037763 3.683432e+06
  694.899061 4.064672e+06
  694.760359 4.428512e+06
  694.621656 4.774320e+06
  694.482954 5.101624e+06
  694.344251 5.410072e+06
  694.205549 5.699448e+06
  694.066846 5.969640e+06
  693.928144 6.220680e+06
  693.789442 6.452672e+06
  693.650739 6.665776e+06
  693.512037 6.860272e+06
  693.373334 7.036464e+06
  693.234632 7.194688e+06
  693.095930 7.335344e+06
  692.957227 7.458832e+06
  692.818525 7.565600e+06
  692.679822 7.656104e+06
  692.541120 7.730816e+06
  692.402418 7.790256e+06
  692.263715 7.834960e+06
  692.125013 7.865496e+06
  691.986310 7.882504e+06
  691.847608 7.886656e+06
  691.708906 7.878712e+06
  691.570203 7.859496e+06
  691.431501 7.829896e+06
  691.292798 7.790888e+06
  691.154096 7.743536e+06
  691.015394 7.688960e+06
  690.876691 7.628352e+06
  690.737989 7.562944e+06
  690.599286 7.494016e+06
  690.460584 7.422840e+06
  690.321881 7.350720e+06
  690.183179 7.278880e+06
  690.044477 7.208528e+06
  689.905774 7.140776e+06
  689.767072 7.076616e+06
  689.628369 7.016960e+06
  689.489667 6.962504e+06
  689.350965 6.913840e+06
  689.212262 6.871368e+06
  689.073560 6.835280e+06
  688.934857 6.805616e+06
  688.796155 6.782192e+06
  688.657453 6.764640e+06
  688.518750 6.752432e+06
  688.380048 6.744840e+06
  688.241345 6.741000e+06
  688.102643 6.739912e+06
  687.963941 6.740464e+06
  687.825238 6.741416e+06
  687.686536 6.741496e+06
  687.547833 6.739352e+06
  687.409131 6.733632e+06
  687.270429 6.722992e+06
  687.131726 6.706072e+06
  686.993024 6.681600e+06
  686.854321 6.648344e+06
  686.715619 6.605184e+06
  686.576916 6.551048e+06
  686.438214 6.485024e+06
  686.299512 6.406304e+06
  686.160809 6.314200e+06
  686.022107 6.208136e+06
  685.883404 6.087712e+06
  685.744702 5.952624e+06
  685.606000 5.802712e+06
  685.467297 5.637928e+06
  685.328595 5.458368e+06
  685.189892 5.264216e+06
  685.051190 5.055752e+06
  684.912488 4.833400e+06
  684.773785 4.597616e+06
  684.635083 4.348968e+06
  684.496380 4.088080e+06
  684.357678 3.815640e+06
  684.218976 3.532360e+06
  684.080273 3.239032e+06
  683.941571 2.936432e+06
  683.802868 2.625376e+06
  683.664166 2.306656e+06
  683.525464 1.981096e+06
  683.386761 1.649488e+06
  683.248059 1.312592e+06
  683.109356 9.711600e+05
  682.970654 6.258960e+05
  682.831951 2.774560e+05
  682.693249 -7.351200e+04
  682.554547 -4.264320e+05
  682.415844 -7.807760e+05
  682.277142 -1.136016e+06
  682.138439 -1.491728e+06
  681.999737 -1.847488e+06
  681.861035 -2.202896e+06
  681.722332 -2.557608e+06
  681.583630 -2.911304e+06
  681.444927 -3.263672e+06
  681.306225 -3.614432e+06
  681.167523 -3.963304e+06
  681.028820 -4.310032e+06
  680.890118 -4.654360e+06
  680.751415 -4.996032e+06
  680.612713 -5.334800e+06
  680.474011 -5.670408e+06
  680.335308 -6.002624e+06
  680.196606 -6.331176e+06
  680.057903 -6.655824e+06
  679.919201 -6.976312e+06
  679.780499 -7.292392e+06
  679.641796 -7.603808e+06
  679.503094 -7.910328e+06
  679.364391 -8.211712e+06
  679.225689 -8.507736e+06
  679.086986 -8.798192e+06
  678.948284 -9.082872e+06
  678.809582 -9.361616e+06
  678.670879 -9.634248e+06
  678.532177 -9.900648e+06
  678.393474 -1.016071e+07
  678.254772 -1.041436e+07
  678.116070 -1.066154e+07
  677.977367 -1.090228e+07
  677.838665 -1.113658e+07
  677.699962 -1.136449e+07
  677.561260 -1.158614e+07
  677.422558 -1.180163e+07
  677.283855 -1.201116e+07
  677.145153 -1.221488e+07
  677.006450 -1.241304e+07
  676.867748 -1.260584e+07
  676.729046 -1.279354e+07
  676.590343 -1.297638e+07
  676.451641 -1.315460e+07
  676.312938 -1.332843e+07
  676.174236 -1.349811e+07
  676.035534 -1.366382e+07
  675.896831 -1.382574e+07
  675.758129 -1.398399e+07
  675.619426 -1.413869e+07
  675.480724 -1.428990e+07
  675.342021 -1.443762e+07
  675.203319 -1.458186e+07
  675.064617 -1.472256e+07
  674.925914 -1.485960e+07
  674.787212 -1.499286e+07
  674.648509 -1.512218e+07
  674.509807 -1.524739e+07
  674.371105 -1.536829e+07
  674.232402 -1.548466e+07
  674.093700 -1.559634e+07
  673.954997 -1.570314e+07
  673.816295 -1.580487e+07
  673.677593 -1.590144e+07
  673.538890 -1.599277e+07
  673.400188 -1.607882e+07
  673.261485 -1.615966e+07
  673.122783 -1.623540e+07
  672.984081 -1.630622e+07
  672.845378 -1.637241e+07
  672.706676 -1.643432e+07
  672.567973 -1.649242e+07
  672.429271 -1.654721e+07
  672.290569 -1.659930e+07
  672.151866 -1.664939e+07
  672.013164 -1.669820e+07
  671.874461 -1.674651e+07
  671.735759 -1.679517e+07
  671.597056 -1.684500e+07
  671.458354 -1.689688e+07
  671.319652 -1.695166e+07
  671.180949 -1.701018e+07
  671.042247 -1.707326e+07
  670.903544 -1.714167e+07
  670.764842 -1.721611e+07
  670.626140 -1.729727e+07
  670.487437 -1.738574e+07
  670.348735 -1.748204e+07
  670.210032 -1.758662e+07
  670.071330 -1.769987e+07
  669.932628 -1.782206e+07
  669.793925 -1.795343e+07
  669.655223 -1.809410e+07
  669.516520 -1.824409e+07
  669.377818 -1.840337e+07
  669.239116 -1.857181e+07
  669.100413 -1.874917e+07
  668.961711 -1.893512e+07
  668.823008 -1.912927e+07
  668.684306 -1.933110e+07
  668.545604 -1.953998e+07
  668.406901 -1.975525e+07
  668.268199 -1.997609e+07
  668.129496 -2.020162e+07
  667.990794 -2.043091e+07
  667.852091 -2.066293e+07
  667.713389 -2.089659e+07
  667.574687 -2.113078e+07
  667.435984 -2.136434e+07
  667.297282 -2.159610e+07
  667.158579 -2.182489e+07
  667.019877 -2.204957e+07
  666.881175 -2.226903e+07
  666.742472 -2.248223e+07
  666.603770 -2.268823e+07
  666.465067 -2.288614e+07
  666.326365 -2.307524e+07
  666.187663 -2.325490e+07
  666.048960 -2.342465e+07
  665.910258 -2.358419e+07
  665.771555 -2.373336e+07
  665.632853 -2.387217e+07
  665.494151 -2.400078e+07
  665.355448 -2.411953e+07
  665.216746 -2.422887e+07
  665.078043 -2.432941e+07
  664.939341 -2.442184e+07
  664.800639 -2.450696e+07
  664.661936 -2.458564e+07
  664.523234 -2.465878e+07
  664.384531 -2.472726e+07
  664.245829 -2.479200e+07
  664.107126 -2.485384e+07
  663.968424 -2.491357e+07
  663.829722 -2.497185e+07
  663.691019 -2.502928e+07
  663.552317 -2.508627e+07
  663.413614 -2.514311e+07
  663.274912 -2.519994e+07
  663.136210 -2.525671e+07
  662.997507 -2.531322e+07
  662.858805 -2.536910e+07
  662.720102 -2.542383e+07
  662.581400 -2.547673e+07
  662.442698 -2.552698e+07
  662.303995 -2.557367e+07
  662.165293 -2.561576e+07
  662.026590 -2.565216e+07
  661.887888 -2.568173e+07
  661.749186 -2.570327e+07
  661.610483 -2.571563e+07
  661.471781 -2.571766e+07
  661.333078 -2.570824e+07
  661.194376 -2.568639e+07
  661.055674 -2.565118e+07
  660.916971 -2.560181e+07
  660.778269 -2.553764e+07
  660.639566 -2.545816e+07
  660.500864 -2.536305e+07
  660.362161 -2.525215e+07
  660.223459 -2.512550e+07
  660.084757 -2.498330e+07
  659.946054 -2.482594e+07
  659.807352 -2.465398e+07
  659.668649 -2.446813e+07
  659.529947 -2.426924e+07
  659.391245 -2.405829e+07
  659.252542 -2.383636e+07
  659.113840 -2.360460e+07
  658.975137 -2.336421e+07
  658.836435 -2.311642e+07
  658.697733 -2.286245e+07
  658.559030 -2.260351e+07
  658.420328 -2.234073e+07
  658.281625 -2.207518e+07
  658.142923 -2.180786e+07
  658.004221 -2.153964e+07
  657.865518 -2.127129e+07
  657.726816 -2.100345e+07
  657.588113 -2.073667e+07
  657.449411 -2.047134e+07
  657.310709 -2.020780e+07
  657.172006 -1.994624e+07
  657.033304 -1.968682e+07
  656.894601 -1.942962e+07
  656.755899 -1.917466e+07
  656.617196 -1.892201e+07
  656.478494 -1.867164e+07
  656.339792 -1.842364e+07
  656.201089 -1.817810e+07
  656.062387 -1.793517e+07
  655.923684 -1.769506e+07
  655.784982 -1.745810e+07
  655.646280 -1.722468e+07
  655.507577 -1.699528e+07
  655.368875 -1.677050e+07
  655.230172 -1.655098e+07
  655.091470 -1.633746e+07
  654.952768 -1.613074e+07
  654.814065 -1.593164e+07
  654.675363 -1.574101e+07
  654.536660 -1.555970e+07
  654.397958 -1.538850e+07
  654.259256 -1.522818e+07
  654.120553 -1.507941e+07
  653.981851 -1.494274e+07
  653.843148 -1.481862e+07
  653.704446 -1.470732e+07
  653.565744 -1.460893e+07
  653.427041 -1.452336e+07
  653.288339 -1.445034e+07
  653.149636 -1.438934e+07
  653.010934 -1.433970e+07
  652.872231 -1.430046e+07
  652.733529 -1.427052e+07
  652.594827 -1.424859e+07
  652.456124 -1.423318e+07
  652.317422 -1.422267e+07
  652.178719 -1.421532e+07
  652.040017 -1.420928e+07
  651.901315 -1.420262e+07
  651.762612 -1.419340e+07
  651.623910 -1.417966e+07
  651.485207 -1.415947e+07
  651.346505 -1.413098e+07
  651.207803 -1.409243e+07
  651.069100 -1.404217e+07
  650.930398 -1.397871e+07
  650.791695 -1.390074e+07
  650.652993 -1.380719e+07
  650.514291 -1.369716e+07
  650.375588 -1.357002e+07
  650.236886 -1.342536e+07
  650.098183 -1.326306e+07
  649.959481 -1.308326e+07
  649.820779 -1.288630e+07
  649.682076 -1.267288e+07
  649.543374 -1.244383e+07
  649.404671 -1.220029e+07
  649.265969 -1.194357e+07
  649.127266 -1.167519e+07
  648.988564 -1.139684e+07
  648.849862 -1.111033e+07
  648.711159 -1.081762e+07
  648.572457 -1.052072e+07
  648.433754 -1.022170e+07
  648.295052 -9.922664e+06
  648.156350 -9.625672e+06
  648.017647 -9.332784e+06
  647.878945 -9.045952e+06
  647.740242 -8.767040e+06
  647.601540 -8.497792e+06
  647.462838 -8.239800e+06
  647.324135 -7.994488e+06
  647.185433 -7.763104e+06
  647.046730 -7.546704e+06
  646.908028 -7.346152e+06
  646.769326 -7.162096e+06
  646.630623 -6.995008e+06
  646.491921 -6.845144e+06
  646.353218 -6.712568e+06
  646.214516 -6.597192e+06
  646.075814 -6.498728e+06
  645.937111 -6.416760e+06
  645.798409 -6.350696e+06
  645.659706 -6.299848e+06
  645.521004 -6.263392e+06
  645.382301 -6.240416e+06
  645.243599 -6.229904e+06
  645.104897 -6.230768e+06
  644.966194 -6.241840e+06
  644.827492 -6.261912e+06
  644.688789 -6.289696e+06
  644.550087 -6.323864e+06
  644.411385 -6.363064e+06
  644.272682 -6.405880e+06
  644.133980 -6.450888e+06
  643.995277 -6.496608e+06
  643.856575 -6.541576e+06
  643.717873 -6.584304e+06
  643.579170 -6.623304e+06
  643.440468 -6.657088e+06
  643.301765 -6.684200e+06
  643.163063 -6.703208e+06
  643.024361 -6.712752e+06
  642.885658 -6.711512e+06
  642.746956 -6.698240e+06
  642.608253 -6.671792e+06
  642.469551 -6.631120e+06
  642.330849 -6.575304e+06
  642.192146 -6.503528e+06
  642.053444 -6.415144e+06
  641.914741 -6.309624e+06
  641.776039 -6.186608e+06
  641.637336 -6.045880e+06
  641.498634 -5.887392e+06
  641.359932 -5.711224e+06
  641.221229 -5.517656e+06
  641.082527 -5.307072e+06
  640.943824 -5.080032e+06
  640.805122 -4.837200e+06
  640.666420 -4.579432e+06
  640.527717 -4.307656e+06
  640.389015 -4.022912e+06
  640.250312 -3.726392e+06
  640.111610 -3.419344e+06
  639.972908 -3.103088e+06
  639.834205 -2.779064e+06
  639.695503 -2.448728e+06
  639.556800 -2.113616e+06
  639.418098 -1.775248e+06
  639.279396 -1.435232e+06
  639.140693 -1.095128e+06
  639.001991 -7.565040e+05
  638.863288 -4.209040e+05
  638.724586 -8.984800e+04
  638.585884 2.352000e+05
  638.447181 5.528320e+05
  638.308479 8.617360e+05
  638.169776 1.160632e+06
  638.031074 1.448384e+06
  637.892371 1.723904e+06
  637.753669 1.986216e+06
  637.614967 2.234488e+06
  637.476264 2.467936e+06
  637.337562 2.685928e+06
  637.198859 2.887928e+06
  637.060157 3.073488e+06
  636.921455 3.242280e+06
  636.782752 3.394072e+06
  636.644050 3.528728e+06
  636.505347 3.646184e+06
  636.366645 3.746456e+06
  636.227943 3.829656e+06
  636.089240 3.895928e+06
  635.950538 3.945496e+06
  635.811835 3.978608e+06
  635.673133 3.995568e+06
  635.534431 3.996704e+06
  635.395728 3.982368e+06
  635.257026 3.952936e+06
  635.118323 3.908784e+06
  634.979621 3.850288e+06
  634.840919 3.777840e+06
  634.702216 3.691832e+06
  634.563514 3.592656e+06
  634.424811 3.480688e+06
  634.286109 3.356336e+06
  634.147406 3.219992e+06
  634.008704 3.072080e+06
  633.870002 2.913024e+06
  633.731299 2.743304e+06
  633.592597 2.563408e+06
  633.453894 2.373888e+06
  633.315192 2.175352e+06
  633.176490 1.968472e+06
  633.037787 1.753976e+06
  632.899085 1.532696e+06
  632.760382 1.305552e+06
  632.621680 1.073552e+06
  632.482978 8.378080e+05
  632.344275 5.995200e+05
  632.205573 3.599920e+05
  632.066870 1.206320e+05
  631.928168 -1.170480e+05
  631.789466 -3.514880e+05
  631.650763 -5.810320e+05
  631.512061 -8.039520e+05
  631.373358 -1.018488e+06
  631.234656 -1.222856e+06
  631.095954 -1.415224e+06
  630.957251 -1.593824e+06
  630.818549 -1.756888e+06
  630.679846 -1.902688e+06
  630.541144 -2.029592e+06
  630.402441 -2.136072e+06
  630.263739 -2.220712e+06
  630.125037 -2.282240e+06
  629.986334 -2.319544e+06
  629.847632 -2.331720e+06
  629.708929 -2.318024e+06
  629.570227 -2.277952e+06
  629.431525 -2.211208e+06
  629.292822 -2.117744e+06
  629.154120 -1.997704e+06
  629.015417 -1.851512e+06
  628.876715 -1.679776e+06
  628.738013 -1.483344e+06
  628.599310 -1.263296e+06
  628.460608 -1.020848e+06
  628.321905 -7.574480e+05
  628.183203 -4.746640e+05
  628.044501 -1.742480e+05
  627.905798 1.419680e+05
  627.767096 4.720480e+05
  627.628393 8.140000e+05
  627.489691 1.165776e+06
  627.350989 1.525312e+06
  627.212286 1.890560e+06
  627.073584 2.259512e+06
  626.934881 2.630184e+06
  626.796179 3.000704e+06
  626.657476 3.369288e+06
  626.518774 3.734232e+06
  626.380072 4.094008e+06
  626.241369 4.447208e+06
  626.102667 4.792568e+06
  625.963964 5.128976e+06
  625.825262 5.455496e+06
  625.686560 5.771336e+06
  625.547857 6.075864e+06
  625.409155 6.368600e+06
  625.270452 6.649208e+06
  625.131750 6.917504e+06
  624.993048 7.173408e+06
  624.854345 7.416960e+06
  624.715643 7.648304e+06
  624.576940 7.867680e+06
  624.438238 8.075400e+06
  624.299536 8.271840e+06
  624.160833 8.457440e+06
  624.022131 8.632680e+06
  623.883428 8.798064e+06
  623.744726 8.954160e+06
  623.606024 9.101520e+06
  623.467321 9.240736e+06
  623.328619 9.372400e+06
  623.189916 9.497128e+06
  623.051214 9.615528e+06
  622.912511 9.728192e+06
  622.773809 9.835720e+06
  622.635107 9.938712e+06
  622.496404 1.003774e+07
  622.357702 1.013335e+07
  622.218999 1.022606e+07
  622.080297 1.031637e+07
  621.941595 1.040472e+07
  621.802892 1.049154e+07
  621.664190 1.057718e+07
  621.525487 1.066195e+07
  621.386785 1.074612e+07
  621.248083 1.082990e+07
  621.109380 1.091345e+07
  620.970678 1.099686e+07
  620.831975 1.108020e+07
  620.693273 1.116350e+07
  620.554571 1.124671e+07
  620.415868 1.132982e+07
  620.277166 1.141272e+07
  620.138463 1.149536e+07
  619.999761 1.157760e+07
  619.861059 1.165937e+07
  619.722356 1.174054e+07
  619.583654 1.182100e+07
  619.444951 1.190066e+07
  619.306249 1.197939e+07
  619.167547 1.205712e+07
  619.028844 1.213372e+07
  618.890142 1.220906e+07
  618.751439 1.228306e+07
  618.612737 1.235552e+07
  618.474034 1.242630e+07
  618.335332 1.249518e+07
  618.196630 1.256195e+07
  618.057927 1.262632e+07
  617.919225 1.268797e+07
  617.780522 1.274652e+07
  617.641820 1.280161e+07
  617.503118 1.285275e+07
  617.364415 1.289948e+07
  617.225713 1.294126e+07
  617.087010 1.297754e+07
  616.948308 1.300774e+07
  616.809606 1.303126e+07
  616.670903 1.304747e+07
  616.532201 1.305578e+07
  616.393498 1.305557e+07
  616.254796 1.304622e+07
  616.116094 1.302716e+07
  615.977391 1.299782e+07
  615.838689 1.295770e+07
  615.699986 1.290629e+07
  615.561284 1.284318e+07
  615.422582 1.276798e+07
  615.283879 1.268041e+07
  615.145177 1.258023e+07
  615.006474 1.246730e+07
  614.867772 1.234157e+07
  614.729069 1.220310e+07
  614.590367 1.205204e+07
  614.451665 1.188869e+07
  614.312962 1.171342e+07
  614.174260 1.152678e+07
  614.035557 1.132939e+07
  613.896855 1.112202e+07
  613.758153 1.090554e+07
  613.619450 1.068096e+07
  613.480748 1.044935e+07
  613.342045 1.021191e+07
  613.203343 9.969888e+06
  613.064641 9.724632e+06
  612.925938 9.477504e+06
  612.787236 9.229912e+06
  612.648533 8.983296e+06
  612.509831 8.739072e+06
  612.371129 8.498688e+06
  612.232426 8.263512e+06
  612.093724 8.034920e+06
  611.955021 7.814224e+06
  611.816319 7.602672e+06
  611.677617 7.401472e+06
  611.538914 7.211712e+06
  611.400212 7.034456e+06
  611.261509 6.870648e+06
  611.122807 6.721168e+06
  610.984104 6.586784e+06
  610.845402 6.468208e+06
  610.706700 6.366024e+06
  610.567997 6.280752e+06
  610.429295 6.212808e+06
  610.290592 6.162504e+06
  610.151890 6.130088e+06
  610.013188 6.115704e+06
  609.874485 6.119408e+06
  609.735783 6.141200e+06
  609.597080 6.180976e+06
  609.458378 6.238592e+06
  609.319676 6.313832e+06
  609.180973 6.406432e+06
  609.042271 6.516088e+06
  608.903568 6.642448e+06
  608.764866 6.785176e+06
  608.626164 6.943880e+06
  608.487461 7.118184e+06
  608.348759 7.307712e+06
  608.210056 7.512120e+06
  608.071354 7.731056e+06
  607.932652 7.964232e+06
  607.793949 8.211360e+06
  607.655247 8.472200e+06
  607.516544 8.746560e+06
  607.377842 9.034288e+06
  607.239139 9.335272e+06
  607.100437 9.649432e+06
  606.961735 9.976736e+06
  606.823032 1.031719e+07
  606.684330 1.067082e+07
  606.545627 1.103768e+07
  606.406925 1.141783e+07
  606.268223 1.181136e+07
  606.129520 1.221832e+07
  605.990818 1.263878e+07
  605.852115 1.307278e+07
  605.713413 1.352033e+07
  605.574711 1.398136e+07
  605.436008 1.445580e+07
  605.297306 1.494349e+07
  605.158603 1.544421e+07
  605.019901 1.595768e+07
  604.881199 1.648354e+07
  604.742496 1.702134e+07
  604.603794 1.757057e+07
  604.465091 1.813066e+07
  604.326389 1.870098e+07
  604.187687 1.928080e+07
  604.048984 1.986941e+07
  603.910282 2.046601e+07
  603.771579 2.106979e+07
  603.632877 2.167992e+07
  603.494174 2.229557e+07
  603.355472 2.291586e+07
  603.216770 2.353995e+07
  603.078067 2.416701e+07
  602.939365 2.479614e+07
  602.800662 2.542653e+07
  602.661960 2.605727e+07
  602.523258 2.668752e+07
  602.384555 2.731634e+07
  602.245853 2.794284e+07
  602.107150 2.856601e+07
  601.968448 2.918485e+07
  601.829746 2.979829e+07
  601.691043 3.040520e+07
  601.552341 3.100439e+07
  601.413638 3.159461e+07
  601.274936 3.217456e+07
  601.136234 3.274287e+07
  600.997531 3.329816e+07
  600.858829 3.383898e+07
  600.720126 3.436390e+07
  600.581424 3.487146e+07
  600.442722 3.536022e+07
  600.304019 3.582876e+07
  600.165317 3.627574e+07
  600.026614 3.669985e+07
  599.887912 3.709988e+07
  599.749209 3.747470e+07
  599.610507 3.782328e+07
  599.471805 3.814473e+07
  599.333102 3.843826e+07
  599.194400 3.870320e+07
  599.055697 3.893904e+07
  598.916995 3.914538e+07
  598.778293 3.932195e+07
  598.639590 3.946862e+07
  598.500888 3.958536e+07
  598.362185 3.967229e+07
  598.223483 3.972958e+07
  598.084781 3.975757e+07
  597.946078 3.975661e+07
  597.807376 3.972718e+07
  597.668673 3.966981e+07
  597.529971 3.958507e+07
  597.391269 3.947362e+07
  597.252566 3.933610e+07
  597.113864 3.917326e+07
  596.975161 3.898579e+07
  596.836459 3.877448e+07
  596.697757 3.854010e+07
  596.559054 3.828345e+07
  596.420352 3.800538e+07
  596.281649 3.770677e+07
  596.142947 3.738849e+07
  596.004244 3.705149e+07
  595.865542 3.669674e+07
  595.726840 3.632529e+07
  595.588137 3.593821e+07
  595.449435 3.553664e+07
  595.310732 3.512178e+07
  595.172030 3.469490e+07
  595.033328 3.425731e+07
  594.894625 3.381039e+07
  594.755923 3.335558e+07
  594.617220 3.289439e+07
  594.478518 3.242833e+07
  594.339816 3.195898e+07
  594.201113 3.148794e+07
  594.062411 3.101683e+07
  593.923708 3.054727e+07
  593.785006 3.008088e+07
  593.646304 2.961926e+07
  593.507601 2.916394e+07
  593.368899 2.871646e+07
  593.230196 2.827823e+07
  593.091494 2.785066e+07
  592.952792 2.743498e+07
  592.814089 2.703241e+07
  592.675387 2.664397e+07
  592.536684 2.627063e+07
  592.397982 2.591321e+07
  592.259279 2.557239e+07
  592.120577 2.524874e+07
  591.981875 2.494270e+07
  591.843172 2.465458e+07
  591.704470 2.438457e+07
  591.565767 2.413275e+07
  591.427065 2.389910e+07
  591.288363 2.368347e+07
  591.149660 2.348568e+07
  591.010958 2.330538e+07
  590.872255 2.314225e+07
  590.733553 2.299579e+07
  590.594851 2.286553e+07
  590.456148 2.275087e+07
  590.317446 2.265122e+07
  590.178743 2.256586e+07
  590.040041 2.249414e+07
  589.901339 2.243528e+07
  589.762636 2.238850e+07
  589.623934 2.235298e+07
  589.485231 2.232793e+07
  589.346529 2.231249e+07
  589.207827 2.230583e+07
  589.069124 2.230714e+07
  588.930422 2.231562e+07
  588.791719 2.233050e+07
  588.653017 2.235106e+07
  588.514314 2.237665e+07
  588.375612 2.240669e+07
  588.236910 2.244066e+07
  588.098207 2.247818e+07
  587.959505 2.251890e+07
  587.820802 2.256264e+07
  587.682100 2.260928e+07
  587.543398 2.265883e+07
  587.404695 2.271138e+07
  587.265993 2.276713e+07
  587.127290 2.282636e+07
  586.988588 2.288943e+07
  586.849886 2.295677e+07
  586.711183 2.302880e+07
  586.572481 2.310602e+07
  586.433778 2.318888e+07
  586.295076 2.327786e+07
  586.156374 2.337334e+07
  586.017671 2.347570e+07
  585.878969 2.358521e+07
  585.740266 2.370202e+07
  585.601564 2.382619e+07
  585.462862 2.395769e+07
  585.324159 2.409630e+07
  585.185457 2.424170e+07
  585.046754 2.439340e+07
  584.908052 2.455082e+07
  584.769349 2.471323e+07
  584.630647 2.487974e+07
  584.491945 2.504939e+07
  584.353242 2.522110e+07
  584.214540 2.539372e+07
  584.075837 2.556600e+07
  583.937135 2.573670e+07
  583.798433 2.590449e+07
  583.659730 2.606806e+07
  583.521028 2.622612e+07
  583.382325 2.637740e+07
  583.243623 2.652070e+07
  583.104921 2.665486e+07
  582.966218 2.677884e+07
  582.827516 2.689170e+07
  582.688813 2.699261e+07
  582.550111 2.708087e+07
  582.411409 2.715594e+07
  582.272706 2.721743e+07
  582.134004 2.726509e+07
  581.995301 2.729882e+07
  581.856599 2.731872e+07
  581.717897 2.732502e+07
  581.579194 2.731809e+07
  581.440492 2.729844e+07
  581.301789 2.726674e+07
  581.163087 2.722373e+07
  581.024384 2.717028e+07
  580.885682 2.710733e+07
  580.746980 2.703587e+07
  580.608277 2.695695e+07
  580.469575 2.687162e+07
  580.330872 2.678096e+07
  580.192170 2.668599e+07
  580.053468 2.658774e+07
  579.914765 2.648714e+07
  579.776063 2.638511e+07
  579.637360 2.628246e+07
  579.498658 2.617993e+07
  579.359956 2.607816e+07
  579.221253 2.597771e+07
  579.082551 2.587903e+07
  578.943848 2.578249e+07
  578.805146 2.568833e+07
  578.666444 2.559670e+07
  578.527741 2.550768e+07
  578.389039 2.542122e+07
  578.250336 2.533720e+07
  578.111634 2.525539e+07
  577.972932 2.517549e+07
  577.834229 2.509708e+07
  577.695527 2.501969e+07
  577.556824 2.494277e+07
  577.418122 2.486570e+07
  577.279419 2.478778e+07
  577.140717 2.470827e+07
  577.002015 2.462643e+07
  576.863312 2.454142e+07
  576.724610 2.445246e+07
  576.585907 2.435872e+07
  576.447205 2.425940e+07
  576.308503 2.415374e+07
  576.169800 2.404102e+07
  576.031098 2.392054e+07
  575.892395 2.379174e+07
  575.753693 2.365403e+07
  575.614991 2.350698e+07
  575.476288 2.335021e+07
  575.337586 2.318341e+07
  575.198883 2.300634e+07
  575.060181 2.281888e+07
  574.921479 2.262092e+07
  574.782776 2.241244e+07
  574.644074 2.219347e+07
  574.505371 2.196406e+07
  574.366669 2.172434e+07
  574.227967 2.147442e+07
  574.089264 2.121443e+07
  573.950562 2.094455e+07
  573.811859 2.066494e+07
  573.673157 2.037576e+07
  573.534454 2.007719e+07
  573.395752 1.976942e+07
  573.257050 1.945262e+07
  573.118347 1.912701e+07
  572.979645 1.879280e+07
  572.840942 1.845024e+07
  572.702240 1.809959e+07
  572.563538 1.774115e+07
  572.424835 1.737528e+07
  572.286133 1.700236e+07
  572.147430 1.662284e+07
  572.008728 1.623722e+07
  571.870026 1.584608e+07
  571.731323 1.545003e+07
  571.592621 1.504978e+07
  571.453918 1.464611e+07
  571.315216 1.423986e+07
  571.176514 1.383194e+07
  571.037811 1.342336e+07
  570.899109 1.301516e+07
  570.760406 1.260847e+07
  570.621704 1.220448e+07
  570.483002 1.180444e+07
  570.344299 1.140965e+07
  570.205597 1.102146e+07
  570.066894 1.064123e+07
  569.928192 1.027039e+07
  569.789489 9.910352e+06
  569.650787 9.562552e+06
  569.512085 9.228400e+06
  569.373382 8.909296e+06
  569.234680 8.606616e+06
  569.095977 8.321656e+06
  568.957275 8.055648e+06
  568.818573 7.809760e+06
  568.679870 7.585024e+06
  568.541168 7.382368e+06
  568.402465 7.202560e+06
  568.263763 7.046232e+06
  568.125061 6.913840e+06
  567.986358 6.805624e+06
  567.847656 6.721656e+06
  567.708953 6.661768e+06
  567.570251 6.625600e+06
  567.431549 6.612584e+06
  567.292846 6.621880e+06
  567.154144 6.652472e+06
  567.015441 6.703120e+06
  566.876739 6.772376e+06
  566.738037 6.858592e+06
  566.599334 6.959976e+06
  566.460632 7.074512e+06
  566.321929 7.200104e+06
  566.183227 7.334488e+06
  566.044524 7.475312e+06
  565.905822 7.620120e+06
  565.767120 7.766432e+06
  565.628417 7.911688e+06
  565.489715 8.053304e+06
  565.351012 8.188728e+06
  565.212310 8.315416e+06
  565.073608 8.430840e+06
  564.934905 8.532584e+06
  564.796203 8.618272e+06
  564.657500 8.685648e+06
  564.518798 8.732568e+06
  564.380096 8.757064e+06
  564.241393 8.757320e+06
  564.102691 8.731688e+06
  563.963988 8.678744e+06
  563.825286 8.597320e+06
  563.686584 8.486456e+06
  563.547881 8.345480e+06
  563.409179 8.174008e+06
  563.270476 7.971928e+06
  563.131774 7.739456e+06
  562.993072 7.477120e+06
  562.854369 7.185752e+06
  562.715667 6.866488e+06
  562.576964 6.520808e+06
  562.438262 6.150448e+06
  562.299559 5.757432e+06
  562.160857 5.344040e+06
  562.022155 4.912784e+06
  561.883452 4.466400e+06
  561.744750 4.007752e+06
  561.606047 3.539872e+06
  561.467345 3.065904e+06
  561.328643 2.589048e+06
  561.189940 2.112536e+06
  561.051238 1.639600e+06
  560.912535 1.173440e+06
  560.773833 7.172000e+05
  560.635131 2.738880e+05
  560.496428 -1.535600e+05
  560.357726 -5.624000e+05
  560.219023 -9.500320e+05
  560.080321 -1.314024e+06
  559.941619 -1.652192e+06
  559.802916 -1.962504e+06
  559.664214 -2.243144e+06
  559.525511 -2.492584e+06
  559.386809 -2.709416e+06
  559.248107 -2.892504e+06
  559.109404 -3.040912e+06
  558.970702 -3.153888e+06
  558.831999 -3.230904e+06
  558.693297 -3.271608e+06
  558.554594 -3.275832e+06
  558.415892 -3.243592e+06
  558.277190 -3.175080e+06
  558.138487 -3.070608e+06
  557.999785 -2.930712e+06
  557.861082 -2.756008e+06
  557.722380 -2.547320e+06
  557.583678 -2.305552e+06
  557.444975 -2.031784e+06
  557.306273 -1.727216e+06
  557.167570 -1.393120e+06
  557.028868 -1.030944e+06
  556.890166 -6.421760e+05
  556.751463 -2.284400e+05
  556.612761 2.085680e+05
  556.474058 6.671120e+05
  556.335356 1.145360e+06
  556.196654 1.641432e+06
  556.057951 2.153448e+06
  555.919249 2.679440e+06
  555.780546 3.217464e+06
  555.641844 3.765528e+06
  555.503142 4.321672e+06
  555.364439 4.883904e+06
  555.225737 5.450256e+06
  555.087034 6.018744e+06
  554.948332 6.587416e+06
  554.809629 7.154352e+06
  554.670927 7.717608e+06
  554.532225 8.275304e+06
  554.393522 8.825568e+06
  554.254820 9.366560e+06
  554.116117 9.896496e+06
  553.977415 1.041362e+07
  553.838713 1.091624e+07
  553.700010 1.140274e+07
  553.561308 1.187154e+07
  553.422605 1.232118e+07
  553.283903 1.275029e+07
  553.145201 1.315760e+07
  553.006498 1.354196e+07
  552.867796 1.390235e+07
  552.729093 1.423790e+07
  552.590391 1.454786e+07
  552.451689 1.483163e+07
  552.312986 1.508881e+07
  552.174284 1.531912e+07
  552.035581 1.552242e+07
  551.896879 1.569874e+07
  551.758177 1.584829e+07
  551.619474 1.597137e+07
  551.480772 1.606842e+07
  551.342069 1.614001e+07
  551.203367 1.618681e+07
  551.064664 1.620958e+07
  550.925962 1.620915e+07
  550.787260 1.618643e+07
  550.648557 1.614238e+07
  550.509855 1.607801e+07
  550.371152 1.599430e+07
  550.232450 1.589234e+07
  550.093748 1.577312e+07
  549.955045 1.563772e+07
  549.816343 1.548716e+07
  549.677640 1.532246e+07
  549.538938 1.514460e+07
  549.400236 1.495455e+07
  549.261533 1.475326e+07
  549.122831 1.454162e+07
  548.984128 1.432050e+07
  548.845426 1.409074e+07
  548.706724 1.385314e+07
  548.568021 1.360846e+07
  548.429319 1.335745e+07
  548.290616 1.310080e+07
  548.151914 1.283919e+07
  548.013212 1.257330e+07
  547.874509 1.230374e+07
  547.735807 1.203112e+07
  547.597104 1.175608e+07
  547.458402 1.147918e+07
  547.319699 1.120102e+07
  547.180997 1.092219e+07
  547.042295 1.064327e+07
  546.903592 1.036485e+07
  546.764890 1.008749e+07
  546.626187 9.811808e+06
  546.487485 9.538392e+06
  546.348783 9.267840e+06
  546.210080 9.000760e+06
  546.071378 8.737744e+06
  545.932675 8.479384e+06
  545.793973 8.226288e+06
  545.655271 7.979032e+06
  545.516568 7.738192e+06
  545.377866 7.504296e+06
  545.239163 7.277880e+06
  545.100461 7.059424e+06
  544.961759 6.849376e+06
  544.823056 6.648128e+06
  544.684354 6.456048e+06
  544.545651 6.273416e+06
  544.406949 6.100480e+06
  544.268247 5.937408e+06
  544.129544 5.784312e+06
  543.990842 5.641240e+06
  543.852139 5.508144e+06
  543.713437 5.384936e+06
  543.574734 5.271464e+06
  543.436032 5.167496e+06
  543.297330 5.072744e+06
  543.158627 4.986880e+06
  543.019925 4.909480e+06
  542.881222 4.840120e+06
  542.742520 4.778304e+06
  542.603818 4.723512e+06
  542.465115 4.675184e+06
  542.326413 4.632752e+06
  542.187710 4.595616e+06
  542.049008 4.563200e+06
  541.910306 4.534896e+06
  541.771603 4.510152e+06
  541.632901 4.488424e+06
  541.494198 4.469192e+06
  541.355496 4.452040e+06
  541.216794 4.436536e+06
  541.078091 4.422400e+06
  540.939389 4.409360e+06
  540.800686 4.397280e+06
  540.661984 4.386112e+06
  540.523282 4.375856e+06
  540.384579 4.366656e+06
  540.245877 4.358712e+06
  540.107174 4.352304e+06
  539.968472 4.347816e+06
  539.829769 4.345656e+06
  539.691067 4.346288e+06
  539.552365 4.350224e+06
  539.413662 4.357976e+06
  539.274960 4.370056e+06
  539.136257 4.386960e+06
  538.997555 4.409176e+06
  538.858853 4.437112e+06
  538.720150 4.471144e+06
  538.581448 4.511568e+06
  538.442745 4.558624e+06
  538.304043 4.612464e+06
  538.165341 4.673144e+06
  538.026638 4.740656e+06
  537.887936 4.814928e+06
  537.749233 4.895784e+06
  537.610531 4.983000e+06
  537.471829 5.076296e+06
  537.333126 5.175336e+06
  537.194424 5.279752e+06
  537.055721 5.389168e+06
  536.917019 5.503192e+06
  536.778317 5.621432e+06
  536.639614 5.743528e+06
  536.500912 5.869152e+06
  536.362209 5.998016e+06
  536.223507 6.129896e+06
  536.084804 6.264632e+06
  535.946102 6.402128e+06
  535.807400 6.542384e+06
  535.668697 6.685456e+06
  535.529995 6.831480e+06
  535.391292 6.980680e+06
  535.252590 7.133288e+06
  535.113888 7.289624e+06
  534.975185 7.450032e+06
  534.836483 7.614872e+06
  534.697780 7.784488e+06
  534.559078 7.959240e+06
  534.420376 8.139392e+06
  534.281673 8.325200e+06
  534.142971 8.516840e+06
  534.004268 8.714400e+06
  533.865566 8.917848e+06
  533.726864 9.127080e+06
  533.588161 9.341864e+06
  533.449459 9.561864e+06
  533.310756 9.786600e+06
  533.172054 1.001551e+07
  533.033352 1.024793e+07
  532.894649 1.048306e+07
  532.755947 1.072006e+07
  532.617244 1.095794e+07
  532.478542 1.119574e+07
  532.339839 1.143236e+07
  532.201137 1.166670e+07
  532.062435 1.189766e+07
  531.923732 1.212404e+07
  531.785030 1.234473e+07
  531.646327 1.255857e+07
  531.507625 1.276448e+07
  531.368923 1.296137e+07
  531.230220 1.314822e+07
  531.091518 1.332409e+07
  530.952815 1.348808e+07
  530.814113 1.363944e+07
  530.675411 1.377746e+07
  530.536708 1.390158e+07
  530.398006 1.401138e+07
  530.259303 1.410655e+07
  530.120601 1.418693e+07
  529.981899 1.425252e+07
  529.843196 1.430348e+07
  529.704494 1.434011e+07
  529.565791 1.436290e+07
  529.427089 1.437245e+07
  529.288387 1.436953e+07
  529.149684 1.435501e+07
  529.010982 1.432989e+07
  528.872279 1.429525e+07
  528.733577 1.425224e+07
  528.594874 1.420205e+07
  528.456172 1.414590e+07
  528.317470 1.408501e+07
  528.178767 1.402054e+07
  528.040065 1.395365e+07
  527.901362 1.388540e+07
  527.762660 1.381678e+07
  527.623958 1.374870e+07
  527.485255 1.368195e+07
  527.346553 1.361725e+07
  527.207850 1.355518e+07
  527.069148 1.349628e+07
  526.930446 1.344095e+07
  526.791743 1.338956e+07
  526.653041 1.334236e+07
  526.514338 1.329961e+07
  526.375636 1.326149e+07
  526.236934 1.322815e+07
  526.098231 1.319977e+07
  525.959529 1.317646e+07
  525.820826 1.315838e+07
  525.682124 1.314568e+07
  525.543422 1.313850e+07
  525.404719 1.313703e+07
  525.266017 1.314143e+07
  525.127314 1.315190e+07
  524.988612 1.316864e+07
  524.849909 1.319185e+07
  524.711207 1.322171e+07
  524.572505 1.325842e+07
  524.433802 1.330220e+07
  524.295100 1.335319e+07
  524.156397 1.341160e+07
  524.017695 1.347758e+07
  523.878993 1.355129e+07
  523.740290 1.363286e+07
  523.601588 1.372248e+07
  523.462885 1.382026e+07
  523.324183 1.392633e+07
  523.185481 1.404082e+07
  523.046778 1.416386e+07
  522.908076 1.429553e+07
  522.769373 1.443594e+07
  522.630671 1.458514e+07
  522.491969 1.474318e+07
  522.353266 1.491006e+07
  522.214564 1.508572e+07
  522.075861 1.527010e+07
  521.937159 1.546302e+07
  521.798457 1.566430e+07
  521.659754 1.587361e+07
  521.521052 1.609061e+07
  521.382349 1.631485e+07
  521.243647 1.654583e+07
  521.104944 1.678298e+07
  520.966242 1.702562e+07
  520.827540 1.727308e+07
  520.688837 1.752460e+07
  520.550135 1.777939e+07
  520.411432 1.803666e+07
  520.272730 1.829559e+07
  520.134028 1.855538e+07
  519.995325 1.881524e+07
  519.856623 1.907442e+07
  519.717920 1.933225e+07
  519.579218 1.958807e+07
  519.440516 1.984134e+07
  519.301813 2.009157e+07
  519.163111 2.033836e+07
  519.024408 2.058143e+07
  518.885706 2.082055e+07
  518.747004 2.105563e+07
  518.608301 2.128662e+07
  518.469599 2.151358e+07
  518.330896 2.173667e+07
  518.192194 2.195607e+07
  518.053492 2.217204e+07
  517.914789 2.238489e+07
  517.776087 2.259494e+07
  517.637384 2.280256e+07
  517.498682 2.300808e+07
  517.359979 2.321184e+07
  517.221277 2.341415e+07
  517.082575 2.361530e+07
  516.943872 2.381550e+07
  516.805170 2.401491e+07
  516.666467 2.421364e+07
  516.527765 2.441170e+07
  516.389063 2.460902e+07
  516.250360 2.480546e+07
  516.111658 2.500078e+07
  515.972955 2.519460e+07
  515.834253 2.538652e+07
  515.695551 2.557600e+07
  515.556848 2.576240e+07
  515.418146 2.594501e+07
  515.279443 2.612299e+07
  515.140741 2.629548e+07
  515.002039 2.646148e+07
  514.863336 2.661994e+07
  514.724634 2.676978e+07
  514.585931 2.690982e+07
  514.447229 2.703886e+07
  514.308527 2.715572e+07
  514.169824 2.725916e+07
  514.031122 2.734799e+07
  513.892419 2.742102e+07
  513.753717 2.747716e+07
  513.615014 2.751532e+07
  513.476312 2.753454e+07
  513.337610 2.753395e+07
  513.198907 2.751281e+07
  513.060205 2.747049e+07
  512.921502 2.740650e+07
  512.782800 2.732055e+07
  512.644098 2.721246e+07
  512.505395 2.708224e+07
  512.366693 2.693004e+07
  512.227990 2.675622e+07
  512.089288 2.656128e+07
  511.950586 2.634586e+07
  511.811883 2.611075e+07
  511.673181 2.585690e+07
  511.534478 2.558537e+07
  511.395776 2.529730e+07
  511.257074 2.499400e+07
  511.118371 2.467678e+07
  510.979669 2.434706e+07
  510.840966 2.400626e+07
  510.702264 2.365587e+07
  510.563562 2.329737e+07
  510.424859 2.293222e+07
  510.286157 2.256187e+07
  510.147454 2.218774e+07
  510.008752 2.181122e+07
  509.870049 2.143360e+07
  509.731347 2.105612e+07
  509.592645 2.067996e+07
  509.453942 2.030620e+07
  509.315240 1.993586e+07
  509.176537 1.956988e+07
  509.037835 1.920910e+07
  508.899133 1.885426e+07
  508.760430 1.850607e+07
  508.621728 1.816516e+07
  508.483025 1.783206e+07
  508.344323 1.750726e+07
  508.205621 1.719118e+07
  508.066918 1.688418e+07
  507.928216 1.658662e+07
  507.789513 1.629871e+07
  507.650811 1.602072e+07
  507.512109 1.575284e+07
  507.373406 1.549519e+07
  507.234704 1.524791e+07
  507.096001 1.501106e+07
  506.957299 1.478471e+07
  506.818597 1.456888e+07
  506.679894 1.436354e+07
  506.541192 1.416868e+07
  506.402489 1.398423e+07
  506.263787 1.381014e+07
  506.125084 1.364631e+07
  505.986382 1.349266e+07
  505.847680 1.334910e+07
  505.708977 1.321552e+07
  505.570275 1.309183e+07
  505.431572 1.297794e+07
  505.292870 1.287379e+07
  505.154168 1.277931e+07
  505.015465 1.269446e+07
  504.876763 1.261920e+07
  504.738060 1.255355e+07
  504.599358 1.249750e+07
  504.460656 1.245109e+07
  504.321953 1.241437e+07
  504.183251 1.238739e+07
  504.044548 1.237024e+07
  503.905846 1.236301e+07
  503.767144 1.236578e+07
  503.628441 1.237865e+07
  503.489739 1.240171e+07
  503.351036 1.243506e+07
  503.212334 1.247876e+07
  503.073632 1.253290e+07
  502.934929 1.259749e+07
  502.796227 1.267256e+07
  502.657524 1.275809e+07
  502.518822 1.285403e+07
  502.380119 1.296027e+07
  502.241417 1.307669e+07
  502.102715 1.320306e+07
  501.964012 1.333915e+07
  501.825310 1.348464e+07
  501.686607 1.363915e+07
  501.547905 1.380226e+07
  501.409203 1.397344e+07
  501.270500 1.415215e+07
  501.131798 1.433776e+07
  500.993095 1.452958e+07
  500.854393 1.472686e+07
  500.715691 1.492885e+07
  500.576988 1.513468e+07
  500.438286 1.534350e+07
  500.299583 1.555440e+07
  500.160881 1.576645e+07
  500.022179 1.597870e+07
  499.883476 1.619018e+07
  499.744774 1.639994e+07
  499.606071 1.660699e+07
  499.467369 1.681041e+07
  499.328667 1.700923e+07
  499.189964 1.720258e+07
  499.051262 1.738961e+07
  498.912559 1.756948e+07
  498.773857 1.774147e+07
  498.635154 1.790496e+07
  498.496452 1.805935e+07
  498.357750 1.820423e+07
  498.219047 1.833926e+07
  498.080345 1.846430e+07
  497.941642 1.857930e+07
  497.802940 1.868441e+07
  497.664238 1.877994e+07
  497.525535 1.886638e+07
  497.386833 1.894442e+07
  497.248130 1.901487e+07
  497.109428 1.907875e+07
  496.970726 1.913721e+07
  496.832023 1.919154e+07
  496.693321 1.924315e+07
  496.554618 1.929354e+07
  496.415916 1.934426e+07
  496.277214 1.939690e+07
  496.138511 1.945306e+07
  495.999809 1.951430e+07
  495.861106 1.958215e+07
  495.722404 1.965801e+07
  495.583702 1.974315e+07
  495.444999 1.983877e+07
  495.306297 1.994582e+07
  495.167594 2.006512e+07
  495.028892 2.019724e+07
  494.890189 2.034258e+07
  494.751487 2.050131e+07
  494.612785 2.067335e+07
  494.474082 2.085846e+07
  494.335380 2.105614e+07
  494.196677 2.126572e+07
  494.057975 2.148634e+07
  493.919273 2.171698e+07
  493.780570 2.195648e+07
  493.641868 2.220355e+07
  493.503165 2.245682e+07
  493.364463 2.271486e+07
  493.225761 2.297619e+07
  493.087058 2.323934e+07
  492.948356 2.350282e+07
  492.809653 2.376523e+07
  492.670951 2.402520e+07
  492.532249 2.428148e+07
  492.393546 2.453290e+07
  492.254844 2.477845e+07
  492.116141 2.501722e+07
  491.977439 2.524845e+07
  491.838737 2.547155e+07
  491.700034 2.568609e+07
  491.561332 2.589174e+07
  491.422629 2.608836e+07
  491.283927 2.627591e+07
  491.145224 2.645450e+07
  491.006522 2.662430e+07
  490.867820 2.678562e+07
  490.729117 2.693880e+07
  490.590415 2.708426e+07
  490.451712 2.722245e+07
  490.313010 2.735386e+07
  490.174308 2.747897e+07
  490.035605 2.759828e+07
  489.896903 2.771226e+07
  489.758200 2.782139e+07
  489.619498 2.792611e+07
  489.480796 2.802686e+07
  489.342093 2.812403e+07
  489.203391 2.821802e+07
  489.064688 2.830916e+07
  488.925986 2.839782e+07
  488.787284 2.848431e+07
  488.648581 2.856895e+07
  488.509879 2.865202e+07
  488.371176 2.873378e+07
  488.232474 2.881452e+07
  488.093772 2.889444e+07
  487.955069 2.897376e+07
  487.816367 2.905266e+07
  487.677664 2.913127e+07
  487.538962 2.920970e+07
  487.400259 2.928796e+07
  487.261557 2.936606e+07
  487.122855 2.944390e+07
  486.984152 2.952131e+07
  486.845450 2.959803e+07
  486.706747 2.967372e+07
  486.568045 2.974791e+07
  486.429343 2.982006e+07
  486.290640 2.988950e+07
  486.151938 2.995547e+07
  486.013235 3.001708e+07
  485.874533 3.007336e+07
  485.735831 3.012322e+07
  485.597128 3.016553e+07
  485.458426 3.019902e+07
  485.319723 3.022244e+07
  485.181021 3.023442e+07
  485.042319 3.023365e+07
  484.903616 3.021875e+07
  484.764914 3.018841e+07
  484.626211 3.014134e+07
  484.487509 3.007633e+07
  484.348807 2.999228e+07
  484.210104 2.988818e+07
  484.071402 2.976314e+07
  483.932699 2.961649e+07
  483.793997 2.944766e+07
  483.655294 2.925629e+07
  483.516592 2.904222e+07
  483.377890 2.880545e+07
  483.239187 2.854623e+07
  483.100485 2.826498e+07
  482.961782 2.796231e+07
  482.823080 2.763904e+07
  482.684378 2.729617e+07
  482.545675 2.693486e+07
  482.406973 2.655642e+07
  482.268270 2.616236e+07
  482.129568 2.575426e+07
  481.990866 2.533382e+07
  481.852163 2.490291e+07
  481.713461 2.446341e+07
  481.574758 2.401730e+07
  481.436056 2.356660e+07
  481.297354 2.311339e+07
  481.158651 2.265976e+07
  481.019949 2.220780e+07
  480.881246 2.175959e+07
  480.742544 2.131720e+07
  480.603842 2.088262e+07
  480.465139 2.045784e+07
  480.326437 2.004474e+07
  480.187734 1.964511e+07
  480.049032 1.926069e+07
  479.910330 1.889307e+07
  479.771627 1.854374e+07
  479.632925 1.821406e+07
  479.494222 1.790526e+07
  479.355520 1.761843e+07
  479.216817 1.735450e+07
  479.078115 1.711430e+07
  478.939413 1.689843e+07
  478.800710 1.670741e+07
  478.662008 1.654155e+07
  478.523305 1.640107e+07
  478.384603 1.628599e+07
  478.245901 1.619619e+07
  478.107198 1.613142e+07
  477.968496 1.609126e+07
  477.829793 1.607516e+07
  477.691091 1.608244e+07
  477.552389 1.611228e+07
  477.413686 1.616372e+07
  477.274984 1.623570e+07
  477.136281 1.632701e+07
  476.997579 1.643634e+07
  476.858877 1.656231e+07
  476.720174 1.670340e+07
  476.581472 1.685802e+07
  476.442769 1.702454e+07
  476.304067 1.720124e+07
  476.165365 1.738638e+07
  476.026662 1.757818e+07
  475.887960 1.777487e+07
  475.749257 1.797470e+07
  475.610555 1.817591e+07
  475.471852 1.837683e+07
  475.333150 1.857584e+07
  475.194448 1.877142e+07
  475.055745 1.896212e+07
  474.917043 1.914664e+07
  474.778340 1.932379e+07
  474.639638 1.949254e+07
  474.500936 1.965198e+07
  474.362233 1.980137e+07
  474.223531 1.994013e+07
  474.084828 2.006783e+07
  473.946126 2.018421e+07
  473.807424 2.028914e+07
  473.668721 2.038263e+07
  473.530019 2.046488e+07
  473.391316 2.053614e+07
  473.252614 2.059682e+07
  473.113912 2.064742e+07
  472.975209 2.068850e+07
  472.836507 2.072075e+07
  472.697804 2.074483e+07
  472.559102 2.076150e+07
  472.420400 2.077154e+07
  472.281697 2.077568e+07
  472.142995 2.077473e+07
  472.004292 2.076941e+07
  471.865590 2.076046e+07
  471.726887 2.074854e+07
  471.588185 2.073430e+07
  471.449483 2.071833e+07
  471.310780 2.070113e+07
  471.172078 2.068317e+07
  471.033375 2.066482e+07
  470.894673 2.064644e+07
  470.755971 2.062825e+07
  470.617268 2.061042e+07
  470.478566 2.059309e+07
  470.339863 2.057628e+07
  470.201161 2.055998e+07
  470.062459 2.054410e+07
  469.923756 2.052850e+07
  469.785054 2.051298e+07
  469.646351 2.049731e+07
  469.507649 2.048123e+07
  469.368947 2.046445e+07
  469.230244 2.044667e+07
  469.091542 2.042759e+07
  468.952839 2.040691e+07
  468.814137 2.038437e+07
  468.675435 2.035972e+07
  468.536732 2.033277e+07
  468.398030 2.030338e+07
  468.259327 2.027143e+07
  468.120625 2.023693e+07
  467.981922 2.019988e+07
  467.843220 2.016039e+07
  467.704518 2.011862e+07
  467.565815 2.007474e+07
  467.427113 2.002902e+07
  467.288410 1.998173e+07
  467.149708 1.993316e+07
  467.011006 1.988361e+07
  466.872303 1.983338e+07
  466.733601 1.978275e+07
  466.594898 1.973196e+07
  466.456196 1.968122e+07
  466.317494 1.963066e+07
  466.178791 1.958040e+07
  466.040089 1.953046e+07
  465.901386 1.948081e+07
  465.762684 1.943138e+07
  465.623982 1.938200e+07
  465.485279 1.933250e+07
  465.346577 1.928266e+07
  465.207874 1.923223e+07
  465.069172 1.918094e+07
  464.930470 1.912852e+07
  464.791767 1.907474e+07
  464.653065 1.901934e+07
  464.514362 1.896215e+07
  464.375660 1.890302e+07
  464.236957 1.884186e+07
  464.098255 1.877864e+07
  463.959553 1.871340e+07
  463.820850 1.864627e+07
  463.682148 1.857746e+07
  463.543445 1.850721e+07
  463.404743 1.843594e+07
  463.266041 1.836407e+07
  463.127338 1.829215e+07
  462.988636 1.822082e+07
  462.849933 1.815078e+07
  462.711231 1.808280e+07
  462.572529 1.801777e+07
  462.433826 1.795662e+07
  462.295124 1.790032e+07
  462.156421 1.784993e+07
  462.017719 1.780651e+07
  461.879017 1.777122e+07
  461.740314 1.774515e+07
  461.601612 1.772946e+07
  461.462909 1.772526e+07
  461.324207 1.773366e+07
  461.185505 1.775574e+07
  461.046802 1.779248e+07
  460.908100 1.784486e+07
  460.769397 1.791376e+07
  460.630695 1.799997e+07
  460.491992 1.810420e+07
  460.353290 1.822706e+07
  460.214588 1.836908e+07
  460.075885 1.853066e+07
  459.937183 1.871214e+07
  459.798480 1.891372e+07
  459.659778 1.913554e+07
  459.521076 1.937766e+07
  459.382373 1.964004e+07
  459.243671 1.992255e+07
  459.104968 2.022503e+07
  458.966266 2.054724e+07
  458.827564 2.088889e+07
  458.688861 2.124962e+07
  458.550159 2.162902e+07
  458.411456 2.202663e+07
  458.272754 2.244196e+07
  458.134052 2.287444e+07
  457.995349 2.332342e+07
  457.856647 2.378819e+07
  457.717944 2.426801e+07
  457.579242 2.476197e+07
  457.440540 2.526913e+07
  457.301837 2.578843e+07
  457.163135 2.631871e+07
  457.024432 2.685873e+07
  456.885730 2.740707e+07
  456.747027 2.796230e+07
  456.608325 2.852282e+07
  456.469623 2.908698e+07
  456.330920 2.965302e+07
  456.192218 3.021918e+07
  456.053515 3.078357e+07
  455.914813 3.134434e+07
  455.776111 3.189958e+07
  455.637408 3.244743e+07
  455.498706 3.298604e+07
  455.360003 3.351361e+07
  455.221301 3.402842e+07
  455.082599 3.452884e+07
  454.943896 3.501330e+07
  454.805194 3.548039e+07
  454.666491 3.592881e+07
  454.527789 3.635736e+07
  454.389087 3.676500e+07
  454.250384 3.715082e+07
  454.111682 3.751406e+07
  453.972979 3.785408e+07
  453.834277 3.817037e+07
  453.695575 3.846255e+07
  453.556872 3.873040e+07
  453.418170 3.897381e+07
  453.279467 3.919276e+07
  453.140765 3.938738e+07
  453.002062 3.955791e+07
  452.863360 3.970469e+07
  452.724658 3.982815e+07
  452.585955 3.992886e+07
  452.447253 4.000743e+07
  452.308550 4.006461e+07
  452.169848 4.010120e+07
  452.031146 4.011809e+07
  451.892443 4.011624e+07
  451.753741 4.009666e+07
  451.615038 4.006045e+07
  451.476336 4.000871e+07
  451.337634 3.994262e+07
  451.198931 3.986339e+07
  451.060229 3.977222e+07
  450.921526 3.967038e+07
  450.782824 3.955911e+07
  450.644122 3.943969e+07
  450.505419 3.931337e+07
  450.366717 3.918138e+07
  450.228014 3.904498e+07
  450.089312 3.890536e+07
  449.950610 3.876370e+07
  449.811907 3.862111e+07
  449.673205 3.847869e+07
  449.534502 3.833744e+07
  449.395800 3.819830e+07
  449.257097 3.806213e+07
  449.118395 3.792969e+07
  448.979693 3.780166e+07
  448.840990 3.767862e+07
  448.702288 3.756100e+07
  448.563585 3.744917e+07
  448.424883 3.734335e+07
  448.286181 3.724371e+07
  448.147478 3.715027e+07
  448.008776 3.706301e+07
  447.870073 3.698181e+07
  447.731371 3.690653e+07
  447.592669 3.683696e+07
  447.453966 3.677292e+07
  447.315264 3.671422e+07
  447.176561 3.666071e+07
  447.037859 3.661226e+07
  446.899157 3.656885e+07
  446.760454 3.653052e+07
  446.621752 3.649740e+07
  446.483049 3.646974e+07
  446.344347 3.644786e+07
  446.205645 3.643221e+07
  446.066942 3.642332e+07
  445.928240 3.642182e+07
  445.789537 3.642842e+07
  445.650835 3.644384e+07
  445.512132 3.646891e+07
  445.373430 3.650444e+07
  445.234728 3.655127e+07
  445.096025 3.661020e+07
  444.957323 3.668202e+07
  444.818620 3.676748e+07
  444.679918 3.686724e+07
  444.541216 3.698191e+07
  444.402513 3.711202e+07
  444.263811 3.725801e+07
  444.125108 3.742022e+07
  443.986406 3.759892e+07
  443.847704 3.779425e+07
  443.709001 3.800629e+07
  443.570299 3.823501e+07
  443.431596 3.848030e+07
  443.292894 3.874196e+07
  443.154192 3.901970e+07
  443.015489 3.931314e+07
  442.876787 3.962184e+07
  442.738084 3.994526e+07
  442.599382 4.028278e+07
  442.460680 4.063369e+07
  442.321977 4.099717e+07
  442.183275 4.137234e+07
  442.044572 4.175822e+07
  441.905870 4.215375e+07
  441.767167 4.255777e+07
  441.628465 4.296902e+07
  441.489763 4.338621e+07
  441.351060 4.380794e+07
  441.212358 4.423279e+07
  441.073655 4.465928e+07
  440.934953 4.508590e+07
  440.796251 4.551117e+07
  440.657548 4.593356e+07
  440.518846 4.635163e+07
  440.380143 4.676396e+07
  440.241441 4.716920e+07
  440.102739 4.756607e+07
  439.964036 4.795343e+07
  439.825334 4.833019e+07
  439.686631 4.869543e+07
  439.547929 4.904834e+07
  439.409227 4.938823e+07
  439.270524 4.971457e+07
  439.131822 5.002694e+07
  438.993119 5.032510e+07
  438.854417 5.060889e+07
  438.715715 5.087830e+07
  438.577012 5.113346e+07
  438.438310 5.137458e+07
  438.299607 5.160201e+07
  438.160905 5.181618e+07
  438.022202 5.201761e+07
  437.883500 5.220690e+07
  437.744798 5.238471e+07
  437.606095 5.255177e+07
  437.467393 5.270886e+07
  437.328690 5.285678e+07
  437.189988 5.299641e+07
  437.051286 5.312858e+07
  436.912583 5.325419e+07
  436.773881 5.337412e+07
  436.635178 5.348926e+07
  436.496476 5.360050e+07
  436.357774 5.370868e+07
  436.219071 5.381468e+07
  436.080369 5.391932e+07
  435.941666 5.402341e+07
  435.802964 5.412774e+07
  435.664262 5.423304e+07
  435.525559 5.434005e+07
  435.386857 5.444943e+07
  435.248154 5.456183e+07
  435.109452 5.467785e+07
  434.970750 5.479803e+07
  434.832047 5.492289e+07
  434.693345 5.505288e+07
  434.554642 5.518838e+07
  434.415940 5.532976e+07
  434.277237 5.547727e+07
  434.138535 5.563115e+07
  433.999833 5.579154e+07
  433.861130 5.595853e+07
  433.722428 5.613210e+07
  433.583725 5.631222e+07
  433.445023 5.649870e+07
  433.306321 5.669132e+07
  433.167618 5.688974e+07
  433.028916 5.709352e+07
  432.890213 5.730214e+07
  432.751511 5.751495e+07
  432.612809 5.773121e+07
  432.474106 5.795005e+07
  432.335404 5.817048e+07
  432.196701 5.839141e+07
  432.057999 5.861160e+07
  431.919297 5.882974e+07
  431.780594 5.904438e+07
  431.641892 5.925398e+07
  431.503189 5.945692e+07
  431.364487 5.965149e+07
  431.225785 5.983594e+07
  431.087082 6.000847e+07
  430.948380 6.016730e+07
  430.809677 6.031065e+07
  430.670975 6.043676e+07
  430.532272 6.054399e+07
  430.393570 6.063078e+07
  430.254868 6.069567e+07
  430.116165 6.073741e+07
  429.977463 6.075490e+07
  429.838760 6.074725e+07
  429.700058 6.071376e+07
  429.561356 6.065399e+07
  429.422653 6.056771e+07
  429.283951 6.045494e+07
  429.145248 6.031590e+07
  429.006546 6.015103e+07
  428.867844 5.996098e+07
  428.729141 5.974655e+07
  428.590439 5.950870e+07
  428.451736 5.924851e+07
  428.313034 5.896714e+07
  428.174332 5.866582e+07
  428.035629 5.834582e+07
  427.896927 5.800836e+07
  427.758224 5.765470e+07
  427.619522 5.728602e+07
  427.480820 5.690341e+07
  427.342117 5.650790e+07
  427.203415 5.610040e+07
  427.064712 5.568173e+07
  426.926010 5.525259e+07
  426.787307 5.481356e+07
  426.648605 5.436512e+07
  426.509903 5.390763e+07
  426.371200 5.344141e+07
  426.232498 5.296666e+07
  426.093795 5.248355e+07
  425.955093 5.199221e+07
  425.816391 5.149277e+07
  425.677688 5.098535e+07
  425.538986 5.047015e+07
  425.400283 4.994738e+07
  425.261581 4.941736e+07
  425.122879 4.888050e+07
  424.984176 4.833734e+07
  424.845474 4.778854e+07
  424.706771 4.723490e+07
  424.568069 4.667738e+07
  424.429367 4.611707e+07
  424.290664 4.555522e+07
  424.151962 4.499320e+07
  424.013259 4.443250e+07
  423.874557 4.387472e+07
  423.735855 4.332152e+07
  423.597152 4.277463e+07
  423.458450 4.223582e+07
  423.319747 4.170680e+07
  423.181045 4.118934e+07
  423.042342 4.068505e+07
  422.903640 4.019554e+07
  422.764938 3.972226e+07
  422.626235 3.926651e+07
  422.487533 3.882950e+07
  422.348830 3.841220e+07
  422.210128 3.801543e+07
  422.071426 3.763982e+07
  421.932723 3.728578e+07
  421.794021 3.695358e+07
  421.655318 3.664325e+07
  421.516616 3.635466e+07
  421.377914 3.608748e+07
  421.239211 3.584130e+07
  421.100509 3.561550e+07
  420.961806 3.540937e+07
  420.823104 3.522210e+07
  420.684402 3.505279e+07
  420.545699 3.490050e+07
  420.406997 3.476424e+07
  420.268294 3.464298e+07
  420.129592 3.453574e+07
  419.990890 3.444149e+07
  419.852187 3.435928e+07
  419.713485 3.428818e+07
  419.574782 3.422734e+07
  419.436080 3.417594e+07
  419.297377 3.413325e+07
  419.158675 3.409862e+07
  419.019973 3.407148e+07
  418.881270 3.405134e+07
  418.742568 3.403777e+07
  418.603865 3.403043e+07
  418.465163 3.402906e+07
  418.326461 3.403346e+07
  418.187758 3.404349e+07
  418.049056 3.405904e+07
  417.910353 3.408006e+07
  417.771651 3.410654e+07
  417.632949 3.413846e+07
  417.494246 3.417584e+07
  417.355544 3.421866e+07
  417.216841 3.426691e+07
  417.078139 3.432054e+07
  416.939437 3.437945e+07
  416.800734 3.444349e+07
  416.662032 3.451243e+07
  416.523329 3.458597e+07
  416.384627 3.466371e+07
  416.245925 3.474514e+07
  416.107222 3.482968e+07
  415.968520 3.491658e+07
  415.829817 3.500502e+07
  415.691115 3.509406e+07
  415.552412 3.518270e+07
  415.413710 3.526981e+07
  415.275008 3.535420e+07
  415.136305 3.543468e+07
  414.997603 3.551000e+07
  414.858900 3.557894e+07
  414.720198 3.564030e+07
  414.581496 3.569297e+07
  414.442793 3.573594e+07
  414.304091 3.576831e+07
  414.165388 3.578934e+07
  414.026686 3.579846e+07
  413.887984 3.579530e+07
  413.749281 3.577971e+07
  413.610579 3.575173e+07
  413.471876 3.571162e+07
  413.333174 3.565984e+07
  413.194472 3.559709e+07
  413.055769 3.552421e+07
  412.917067 3.544222e+07
  412.778364 3.535230e+07
  412.639662 3.525570e+07
  412.500960 3.515379e+07
  412.362257 3.504797e+07
  412.223555 3.493964e+07
  412.084852 3.483023e+07
  411.946150 3.472109e+07
  411.807447 3.461351e+07
  411.668745 3.450869e+07
  411.530043 3.440770e+07
  411.391340 3.431147e+07
  411.252638 3.422081e+07
  411.113935 3.413634e+07
  410.975233 3.405854e+07
  410.836531 3.398772e+07
  410.697828 3.392402e+07
  410.559126 3.386743e+07
  410.420423 3.381781e+07
  410.281721 3.377486e+07
  410.143019 3.373818e+07
  410.004316 3.370730e+07
  409.865614 3.368161e+07
  409.726911 3.366046e+07
  409.588209 3.364318e+07
  409.449507 3.362903e+07
  409.310804 3.361732e+07
  409.172102 3.360734e+07
  409.033399 3.359842e+07
  408.894697 3.358994e+07
  408.755995 3.358135e+07
  408.617292 3.357218e+07
  408.478590 3.356202e+07
  408.339887 3.355058e+07
  408.201185 3.353766e+07
  408.062482 3.352316e+07
  407.923780 3.350708e+07
  407.785078 3.348950e+07
  407.646375 3.347065e+07
  407.507673 3.345076e+07
  407.368970 3.343022e+07
  407.230268 3.340944e+07
  407.091566 3.338891e+07
  406.952863 3.336918e+07
  406.814161 3.335078e+07
  406.675458 3.333436e+07
  406.536756 3.332050e+07
  406.398054 3.330984e+07
  406.259351 3.330298e+07
  406.120649 3.330054e+07
  405.981946 3.330306e+07
  405.843244 3.331110e+07
  405.704542 3.332517e+07
  405.565839 3.334570e+07
  405.427137 3.337310e+07
  405.288434 3.340770e+07
  405.149732 3.344980e+07
  405.011030 3.349959e+07
  404.872327 3.355726e+07
  404.733625 3.362287e+07
  404.594922 3.369647e+07
  404.456220 3.377803e+07
  404.317517 3.386747e+07
  404.178815 3.396466e+07
  404.040113 3.406942e+07
  403.901410 3.418152e+07
  403.762708 3.430070e+07
  403.624005 3.442665e+07
  403.485303 3.455903e+07
  403.346601 3.469748e+07
  403.207898 3.484157e+07
  403.069196 3.499085e+07
  402.930493 3.514483e+07
  402.791791 3.530299e+07
  402.653089 3.546478e+07
  402.514386 3.562958e+07
  402.375684 3.579678e+07
  402.236981 3.596566e+07
  402.098279 3.613555e+07
  401.959577 3.630569e+07
  401.820874 3.647534e+07
  401.682172 3.664370e+07
  401.543469 3.681002e+07
  401.404767 3.697354e+07
  401.266065 3.713350e+07
  401.127362 3.728921e+07
  400.988660 3.744002e+07
  400.849957 3.758534e+07
  400.711255 3.772468e+07
  400.572552 3.785766e+07
  400.433850 3.798396e+07
  400.295148 3.810345e+07
  400.156445 3.821606e+07
  400.017743 3.832190e+07
  399.879040 3.842120e+07
  399.740338 3.851433e+07
  399.601636 3.860176e+07
  399.462933 3.868412e+07
  399.324231 3.876210e+07
  399.185528 3.883649e+07
  399.046826 3.890815e+07
  398.908124 3.897799e+07
  398.769421 3.904692e+07
  398.630719 3.911587e+07
  398.492016 3.918574e+07
  398.353314 3.925738e+07
  398.214612 3.933158e+07
  398.075909 3.940903e+07
  397.937207 3.949033e+07
  397.798504 3.957596e+07
  397.659802 3.966630e+07
  397.521100 3.976156e+07
  397.382397 3.986187e+07
  397.243695 3.996720e+07
  397.104992 4.007740e+07
  396.966290 4.019221e+07
  396.827587 4.031128e+07
  396.688885 4.043415e+07
  396.550183 4.056028e+07
  396.411480 4.068906e+07
  396.272778 4.081986e+07
  396.134075 4.095194e+07
  395.995373 4.108461e+07
  395.856671 4.121710e+07
  395.717968 4.134867e+07
  395.579266 4.147857e+07
  395.440563 4.160602e+07
  395.301861 4.173030e+07
  395.163159 4.185065e+07
  395.024456 4.196633e+07
  394.885754 4.207663e+07
  394.747051 4.218084e+07
  394.608349 4.227826e+07
  394.469647 4.236819e+07
  394.330944 4.245000e+07
  394.192242 4.252302e+07
  394.053539 4.258664e+07
  393.914837 4.264030e+07
  393.776135 4.268347e+07
  393.637432 4.271570e+07
  393.498730 4.273658e+07
  393.360027 4.274585e+07
  393.221325 4.274326e+07
  393.082622 4.272877e+07
  392.943920 4.270235e+07
  392.805218 4.266418e+07
  392.666515 4.261455e+07
  392.527813 4.255384e+07
  392.389110 4.248260e+07
  392.250408 4.240146e+07
  392.111706 4.231118e+07
  391.973003 4.221261e+07
  391.834301 4.210666e+07
  391.695598 4.199426e+07
  391.556896 4.187645e+07
  391.418194 4.175418e+07
  391.279491 4.162844e+07
  391.140789 4.150015e+07
  391.002086 4.137018e+07
  390.863384 4.123930e+07
  390.724682 4.110821e+07
  390.585979 4.097745e+07
  390.447277 4.084749e+07
  390.308574 4.071865e+07
  390.169872 4.059111e+07
  390.031170 4.046494e+07
  389.892467 4.034012e+07
  389.753765 4.021646e+07
  389.615062 4.009373e+07
  389.476360 3.997158e+07
  389.337657 3.984964e+07
  389.198955 3.972748e+07
  389.060253 3.960463e+07
  388.921550 3.948065e+07
  388.782848 3.935510e+07
  388.644145 3.922760e+07
  388.505443 3.909780e+07
  388.366741 3.896546e+07
  388.228038 3.883040e+07
  388.089336 3.869258e+07
  387.950633 3.855203e+07
  387.811931 3.840895e+07
  387.673229 3.826364e+07
  387.534526 3.811652e+07
  387.395824 3.796815e+07
  387.257121 3.781921e+07
  387.118419 3.767048e+07
  386.979717 3.752284e+07
  386.841014 3.737725e+07
  386.702312 3.723474e+07
  386.563609 3.709638e+07
  386.424907 3.696328e+07
  386.286205 3.683651e+07
  386.147502 3.671711e+07
  386.008800 3.660610e+07
  385.870097 3.650438e+07
  385.731395 3.641272e+07
  385.592692 3.633180e+07
  385.453990 3.626211e+07
  385.315288 3.620396e+07
  385.176585 3.615748e+07
  385.037883 3.612259e+07
  384.899180 3.609898e+07
  384.760478 3.608616e+07
  384.621776 3.608340e+07
  384.483073 3.608980e+07
  384.344371 3.610428e+07
  384.205668 3.612558e+07
  384.066966 3.615230e+07
  383.928264 3.618294e+07
  383.789561 3.621591e+07
  383.650859 3.624957e+07
  383.512156 3.628225e+07
  383.373454 3.631230e+07
  383.234752 3.633811e+07
  383.096049 3.635812e+07
  382.957347 3.637089e+07
  382.818644 3.637507e+07
  382.679942 3.636951e+07
  382.541240 3.635317e+07
  382.402537 3.632519e+07
  382.263835 3.628491e+07
  382.125132 3.623188e+07
  381.986430 3.616582e+07
  381.847727 3.608664e+07
  381.709025 3.599449e+07
  381.570323 3.588963e+07
  381.431620 3.577258e+07
  381.292918 3.564394e+07
  381.154215 3.550450e+07
  381.015513 3.535516e+07
  380.876811 3.519692e+07
  380.738108 3.503086e+07
  380.599406 3.485814e+07
  380.460703 3.467992e+07
  380.322001 3.449741e+07
  380.183299 3.431180e+07
  380.044596 3.412426e+07
  379.905894 3.393592e+07
  379.767191 3.374782e+07
  379.628489 3.356097e+07
  379.489787 3.337623e+07
  379.351084 3.319441e+07
  379.212382 3.301616e+07
  379.073679 3.284206e+07
  378.934977 3.267249e+07
  378.796275 3.250777e+07
  378.657572 3.234805e+07
  378.518870 3.219336e+07
  378.380167 3.204360e+07
  378.241465 3.189853e+07
  378.102762 3.175782e+07
  377.964060 3.162102e+07
  377.825358 3.148760e+07
  377.686655 3.135694e+07
  377.547953 3.122834e+07
  377.409250 3.110111e+07
  377.270548 3.097445e+07
  377.131846 3.084759e+07
  376.993143 3.071974e+07
  376.854441 3.059011e+07
  376.715738 3.045798e+07
  376.577036 3.032258e+07
  376.438334 3.018326e+07
  376.299631 3.003937e+07
  376.160929 2.989032e+07
  376.022226 2.973556e+07
  375.883524 2.957462e+07
  375.744822 2.940705e+07
  375.606119 2.923246e+07
  375.467417 2.905055e+07
  375.328714 2.886102e+07
  375.190012 2.866366e+07
  375.051310 2.845827e+07
  374.912607 2.824472e+07
  374.773905 2.802295e+07
  374.635202 2.779294e+07
  374.496500 2.755468e+07
  374.357797 2.730827e+07
  374.219095 2.705386e+07
  374.080393 2.679160e+07
  373.941690 2.652174e+07
  373.802988 2.624456e+07
  373.664285 2.596037e+07
  373.525583 2.566956e+07
  373.386881 2.537252e+07
  373.248178 2.506970e+07
  373.109476 2.476154e+07
  372.970773 2.444852e+07
  372.832071 2.413116e+07
  372.693369 2.380996e+07
  372.554666 2.348544e+07
  372.415964 2.315812e+07
  372.277261 2.282855e+07
  372.138559 2.249726e+07
  371.999857 2.216482e+07
  371.861154 2.183178e+07
  371.722452 2.149873e+07
  371.583749 2.116630e+07
  371.445047 2.083514e+07
  371.306345 2.050596e+07
  371.167642 2.017949e+07
  371.028940 1.985658e+07
  370.890237 1.953810e+07
  370.751535 1.922507e+07
  370.612832 1.891856e+07
  370.474130 1.861972e+07
  370.335428 1.832985e+07
  370.196725 1.805030e+07
  370.058023 1.778258e+07
  369.919320 1.752818e+07
  369.780618 1.728878e+07
  369.641916 1.706605e+07
  369.503213 1.686170e+07
  369.364511 1.667747e+07
  369.225808 1.651512e+07
  369.087106 1.637630e+07
  368.948404 1.626269e+07
  368.809701 1.617579e+07
  368.670999 1.611706e+07
  368.532296 1.608776e+07
  368.393594 1.608902e+07
  368.254892 1.612174e+07
  368.116189 1.618669e+07
  367.977487 1.628432e+07
  367.838784 1.641494e+07
  367.700082 1.657858e+07
  367.561380 1.677502e+07
  367.422677 1.700387e+07
  367.283975 1.726447e+07
  367.145272 1.755596e+07
  367.006570 1.787728e+07
  366.867867 1.822722e+07
  366.729165 1.860437e+07
  366.590463 1.900725e+07
  366.451760 1.943424e+07
  366.313058 1.988365e+07
  366.174355 2.035374e+07
  366.035653 2.084276e+07
  365.896951 2.134894e+07
  365.758248 2.187056e+07
  365.619546 2.240590e+07
  365.480843 2.295336e+07
  365.342141 2.351137e+07
  365.203439 2.407846e+07
  365.064736 2.465327e+07
  364.926034 2.523450e+07
  364.787331 2.582100e+07
  364.648629 2.641166e+07
  364.509927 2.700547e+07
  364.371224 2.760151e+07
  364.232522 2.819892e+07
  364.093819 2.879687e+07
  363.955117 2.939458e+07
  363.816415 2.999130e+07
  363.677712 3.058630e+07
  363.539010 3.117881e+07
  363.400307 3.176808e+07
  363.261605 3.235336e+07
  363.122902 3.293384e+07
  362.984200 3.350870e+07
  362.845498 3.407707e+07
  362.706795 3.463810e+07
  362.568093 3.519087e+07
  362.429390 3.573443e+07
  362.290688 3.626784e+07
  362.151986 3.679013e+07
  362.013283 3.730032e+07
  361.874581 3.779742e+07
  361.735878 3.828046e+07
  361.597176 3.874847e+07
  361.458474 3.920050e+07
  361.319771 3.963566e+07
  361.181069 4.005303e+07
  361.042366 4.045183e+07
  360.903664 4.083126e+07
  360.764962 4.119066e+07
  360.626259 4.152938e+07
  360.487557 4.184696e+07
  360.348854 4.214294e+07
  360.210152 4.241707e+07
  360.071450 4.266914e+07
  359.932747 4.289914e+07
  359.794045 4.310716e+07
  359.655342 4.329340e+07
  359.516640 4.345825e+07
  359.377937 4.360219e+07
  359.239235 4.372585e+07
  359.100533 4.382998e+07
  358.961830 4.391542e+07
  358.823128 4.398310e+07
  358.684425 4.403410e+07
  358.545723 4.406950e+07
  358.407021 4.409046e+07
  358.268318 4.409818e+07
  358.129616 4.409389e+07
  357.990913 4.407884e+07
  357.852211 4.405428e+07
  357.713509 4.402142e+07
  357.574806 4.398149e+07
  357.436104 4.393562e+07
  357.297401 4.388492e+07
  357.158699 4.383046e+07
  357.019997 4.377321e+07
  356.881294 4.371406e+07
  356.742592 4.365382e+07
  356.603889 4.359318e+07
  356.465187 4.353277e+07
  356.326485 4.347303e+07
  356.187782 4.341436e+07
  356.049080 4.335698e+07
  355.910377 4.330102e+07
  355.771675 4.324646e+07
  355.632972 4.319318e+07
  355.494270 4.314093e+07
  355.355568 4.308934e+07
  355.216865 4.303793e+07
  355.078163 4.298614e+07
  354.939460 4.293332e+07
  354.800758 4.287873e+07
  354.662056 4.282158e+07
  354.523353 4.276102e+07
  354.384651 4.269621e+07
  354.245948 4.262622e+07
  354.107246 4.255021e+07
  353.968544 4.246729e+07
  353.829841 4.237661e+07
  353.691139 4.227741e+07
  353.552436 4.216894e+07
  353.413734 4.205057e+07
  353.275032 4.192174e+07
  353.136329 4.178196e+07
  352.997627 4.163091e+07
  352.858924 4.146834e+07
  352.720222 4.129413e+07
  352.581520 4.110829e+07
  352.442817 4.091095e+07
  352.304115 4.070238e+07
  352.165412 4.048295e+07
  352.026710 4.025316e+07
  351.888007 4.001361e+07
  351.749305 3.976504e+07
  351.610603 3.950826e+07
  351.471900 3.924418e+07
  351.333198 3.897379e+07
  351.194495 3.869820e+07
  351.055793 3.841854e+07
  350.917091 3.813603e+07
  350.778388 3.785196e+07
  350.639686 3.756766e+07
  350.500983 3.728452e+07
  350.362281 3.700395e+07
  350.223579 3.672743e+07
  350.084876 3.645646e+07
  349.946174 3.619255e+07
  349.807471 3.593724e+07
  349.668769 3.569208e+07
  349.530067 3.545860e+07
  349.391364 3.523832e+07
  349.252662 3.503273e+07
  349.113959 3.484328e+07
  348.975257 3.467134e+07
  348.836555 3.451822e+07
  348.697852 3.438512e+07
  348.559150 3.427314e+07
  348.420447 3.418322e+07
  348.281745 3.411621e+07
  348.143042 3.407275e+07
  348.004340 3.405333e+07
  347.865638 3.405827e+07
  347.726935 3.408770e+07
  347.588233 3.414154e+07
  347.449530 3.421957e+07
  347.310828 3.432136e+07
  347.172126 3.444631e+07
  347.033423 3.459366e+07
  346.894721 3.476248e+07
  346.756018 3.495173e+07
  346.617316 3.516023e+07
  346.478614 3.538671e+07
  346.339911 3.562982e+07
  346.201209 3.588814e+07
  346.062506 3.616018e+07
  345.923804 3.644450e+07
  345.785102 3.673958e+07
  345.646399 3.704395e+07
  345.507697 3.735616e+07
  345.368994 3.767482e+07
  345.230292 3.799857e+07
  345.091590 3.832611e+07
  344.952887 3.865626e+07
  344.814185 3.898788e+07
  344.675482 3.931990e+07
  344.536780 3.965138e+07
  344.398077 3.998142e+07
  344.259375 4.030923e+07
  344.120673 4.063410e+07
  343.981970 4.095535e+07
  343.843268 4.127244e+07
  343.704565 4.158482e+07
  343.565863 4.189204e+07
  343.427161 4.219367e+07
  343.288458 4.248934e+07
  343.149756 4.277871e+07
  343.011053 4.306146e+07
  342.872351 4.333733e+07
  342.733649 4.360605e+07
  342.594946 4.386740e+07
  342.456244 4.412119e+07
  342.317541 4.436725e+07
  342.178839 4.460546e+07
  342.040137 4.483574e+07
  341.901434 4.505805e+07
  341.762732 4.527240e+07
  341.624029 4.547887e+07
  341.485327 4.567760e+07
  341.346625 4.586881e+07
  341.207922 4.605278e+07
  341.069220 4.622988e+07
  340.930517 4.640056e+07
  340.791815 4.656535e+07
  340.653113 4.672486e+07
  340.514410 4.687979e+07
  340.375708 4.703092e+07
  340.237005 4.717906e+07
  340.098303 4.732512e+07
  339.959600 4.747006e+07
  339.820898 4.761488e+07
  339.682196 4.776061e+07
  339.543493 4.790830e+07
  339.404791 4.805902e+07
  339.266088 4.821379e+07
  339.127386 4.837369e+07
  338.988684 4.853970e+07
  338.849981 4.871276e+07
  338.711279 4.889378e+07
  338.572576 4.908356e+07
  338.433874 4.928283e+07
  338.295172 4.949222e+07
  338.156469 4.971225e+07
  338.017767 4.994329e+07
  337.879064 5.018564e+07
  337.740362 5.043940e+07
  337.601660 5.070459e+07
  337.462957 5.098104e+07
  337.324255 5.126848e+07
  337.185552 5.156646e+07
  337.046850 5.187442e+07
  336.908148 5.219167e+07
  336.769445 5.251739e+07
  336.630743 5.285065e+07
  336.492040 5.319038e+07
  336.353338 5.353550e+07
  336.214635 5.388481e+07
  336.075933 5.423704e+07
  335.937231 5.459093e+07
  335.798528 5.494517e+07
  335.659826 5.529845e+07
  335.521123 5.564950e+07
  335.382421 5.599706e+07
  335.243719 5.633995e+07
  335.105016 5.667705e+07
  334.966314 5.700730e+07
  334.827611 5.732975e+07
  334.688909 5.764354e+07
  334.550207 5.794793e+07
  334.411504 5.824223e+07
  334.272802 5.852591e+07
  334.134099 5.879850e+07
  333.995397 5.905963e+07
  333.856695 5.930900e+07
  333.717992 5.954641e+07
  333.579290 5.977170e+07
  333.440587 5.998475e+07
  333.301885 6.018552e+07
  333.163183 6.037398e+07
  333.024480 6.055011e+07
  332.885778 6.071394e+07
  332.747075 6.086551e+07
  332.608373 6.100485e+07
  332.469670 6.113201e+07
  332.330968 6.124705e+07
  332.192266 6.135007e+07
  332.053563 6.144114e+07
  331.914861 6.152040e+07
  331.776158 6.158799e+07
  331.637456 6.164411e+07
  331.498754 6.168897e+07
  331.360051 6.172284e+07
  331.221349 6.174606e+07
  331.082646 6.175902e+07
  330.943944 6.176211e+07
  330.805242 6.175586e+07
  330.666539 6.174082e+07
  330.527837 6.171757e+07
  330.389134 6.168675e+07
  330.250432 6.164905e+07
  330.111730 6.160519e+07
  329.973027 6.155590e+07
  329.834325 6.150194e+07
  329.695622 6.144411e+07
  329.556920 6.138315e+07
  329.418218 6.131985e+07
  329.279515 6.125496e+07
  329.140813 6.118923e+07
  329.002110 6.112342e+07
  328.863408 6.105820e+07
  328.724705 6.099431e+07
  328.586003 6.093240e+07
  328.447301 6.087313e+07
  328.308598 6.081714e+07
  328.169896 6.076503e+07
  328.031193 6.071741e+07
  327.892491 6.067483e+07
  327.753789 6.063788e+07
  327.615086 6.060708e+07
  327.476384 6.058296e+07
  327.337681 6.056602e+07
  327.198979 6.055678e+07
  327.060277 6.055572e+07
  326.921574 6.056331e+07
  326.782872 6.058003e+07
  326.644169 6.060636e+07
  326.505467 6.064276e+07
  326.366765 6.068971e+07
  326.228062 6.074770e+07
  326.089360 6.081721e+07
  325.950657 6.089874e+07
  325.811955 6.099279e+07
  325.673253 6.109988e+07
  325.534550 6.122050e+07
  325.395848 6.135514e+07
  325.257145 6.150428e+07
  325.118443 6.166836e+07
  324.979740 6.184778e+07
  324.841038 6.204287e+07
  324.702336 6.225390e+07
  324.563633 6.248104e+07
  324.424931 6.272436e+07
  324.286228 6.298379e+07
  324.147526 6.325917e+07
  324.008824 6.355016e+07
  323.870121 6.385630e+07
  323.731419 6.417697e+07
  323.592716 6.451138e+07
  323.454014 6.485862e+07
  323.315312 6.521765e+07
  323.176609 6.558728e+07
  323.037907 6.596625e+07
  322.899204 6.635316e+07
  322.760502 6.674658e+07
  322.621800 6.714506e+07
  322.483097 6.754708e+07
  322.344395 6.795115e+07
  322.205692 6.835582e+07
  322.066990 6.875967e+07
  321.928288 6.916137e+07
  321.789585 6.955967e+07
  321.650883 6.995342e+07
  321.512180 7.034160e+07
  321.373478 7.072328e+07
  321.234775 7.109766e+07
  321.096073 7.146409e+07
  320.957371 7.182198e+07
  320.818668 7.217093e+07
  320.679966 7.251058e+07
  320.541263 7.284070e+07
  320.402561 7.316113e+07
  320.263859 7.347182e+07
  320.125156 7.377282e+07
  319.986454 7.406416e+07
  319.847751 7.434604e+07
  319.709049 7.461867e+07
  319.570347 7.488233e+07
  319.431644 7.513734e+07
  319.292942 7.538414e+07
  319.154239 7.562315e+07
  319.015537 7.585490e+07
  318.876835 7.608001e+07
  318.738132 7.629909e+07
  318.599430 7.651285e+07
  318.460727 7.672205e+07
  318.322025 7.692750e+07
  318.183323 7.713006e+07
  318.044620 7.733059e+07
  317.905918 7.753002e+07
  317.767215 7.772925e+07
  317.628513 7.792918e+07
  317.489810 7.813068e+07
  317.351108 7.833458e+07
  317.212406 7.854162e+07
  317.073703 7.875250e+07
  316.935001 7.896779e+07
  316.796298 7.918794e+07
  316.657596 7.941329e+07
  316.518894 7.964400e+07
  316.380191 7.988012e+07
  316.241489 8.012153e+07
  316.102786 8.036794e+07
  315.964084 8.061892e+07
  315.825382 8.087389e+07
  315.686679 8.113214e+07
  315.547977 8.139286e+07
  315.409274 8.165507e+07
  315.270572 8.191778e+07
  315.131870 8.217986e+07
  314.993167 8.244022e+07
  314.854465 8.269771e+07
  314.715762 8.295116e+07
  314.577060 8.319946e+07
  314.438358 8.344154e+07
  314.299655 8.367638e+07
  314.160953 8.390302e+07
  314.022250 8.412063e+07
  313.883548 8.432844e+07
  313.744845 8.452578e+07
  313.606143 8.471212e+07
  313.467441 8.488696e+07
  313.328738 8.504997e+07
  313.190036 8.520087e+07
  313.051333 8.533946e+07
  312.912631 8.546566e+07
  312.773929 8.557939e+07
  312.635226 8.568067e+07
  312.496524 8.576956e+07
  312.357821 8.584614e+07
  312.219119 8.591053e+07
  312.080417 8.596286e+07
  311.941714 8.600326e+07
  311.803012 8.603193e+07
  311.664309 8.604900e+07
  311.525607 8.605462e+07
  311.386905 8.604897e+07
  311.248202 8.603218e+07
  311.109500 8.600441e+07
  310.970797 8.596579e+07
  310.832095 8.591647e+07
  310.693393 8.585658e+07
  310.554690 8.578623e+07
  310.415988 8.570555e+07
  310.277285 8.561466e+07
  310.138583 8.551366e+07
  309.999880 8.540265e+07
  309.861178 8.528171e+07
  309.722476 8.515093e+07
  309.583773 8.501039e+07
  309.445071 8.486015e+07
  309.306368 8.470030e+07
  309.167666 8.453089e+07
  309.028964 8.435198e+07
  308.890261 8.416366e+07
  308.751559 8.396601e+07
  308.612856 8.375915e+07
  308.474154 8.354319e+07
  308.335452 8.331831e+07
  308.196749 8.308470e+07
  308.058047 8.284257e+07
  307.919344 8.259222e+07
  307.780642 8.233399e+07
  307.641940 8.206825e+07
  307.503237 8.179542e+07
  307.364535 8.151603e+07
  307.225832 8.123062e+07
  307.087130 8.093979e+07
  306.948428 8.064421e+07
  306.809725 8.034459e+07
  306.671023 8.004171e+07
  306.532320 7.973637e+07
  306.393618 7.942939e+07
  306.254915 7.912168e+07
  306.116213 7.881412e+07
  305.977511 7.850762e+07
  305.838808 7.820310e+07
  305.700106 7.790149e+07
  305.561403 7.760368e+07
  305.422701 7.731058e+07
  305.283999 7.702301e+07
  305.145296 7.674182e+07
  305.006594 7.646774e+07
  304.867891 7.620149e+07
  304.729189 7.594367e+07
  304.590487 7.569486e+07
  304.451784 7.545547e+07
  304.313082 7.522588e+07
  304.174379 7.500631e+07
  304.035677 7.479690e+07
  303.896975 7.459765e+07
  303.758272 7.440846e+07
  303.619570 7.422910e+07
  303.480867 7.405922e+07
  303.342165 7.389838e+07
  303.203463 7.374602e+07
  303.064760 7.360150e+07
  302.926058 7.346406e+07
  302.787355 7.333295e+07
  302.648653 7.320730e+07
  302.509950 7.308623e+07
  302.371248 7.296887e+07
  302.232546 7.285432e+07
  302.093843 7.274173e+07
  301.955141 7.263026e+07
  301.816438 7.251915e+07
  301.677736 7.240770e+07
  301.539034 7.229530e+07
  301.400331 7.218144e+07
  301.261629 7.206570e+07
  301.122926 7.194773e+07
  300.984224 7.182734e+07
  300.845522 7.170442e+07
  300.706819 7.157895e+07
  300.568117 7.145102e+07
  300.429414 7.132076e+07
  300.290712 7.118842e+07
  300.152010 7.105429e+07
  300.013307 7.091870e+07
  299.874605 7.078199e+07
  299.735902 7.064459e+07
  299.597200 7.050689e+07
  299.458498 7.036930e+07
  299.319795 7.023223e+07
  299.181093 7.009610e+07
  299.042390 6.996130e+07
  298.903688 6.982822e+07
  298.764985 6.969729e+07
  298.626283 6.956890e+07
  298.487581 6.944343e+07
  298.348878 6.932136e+07
  298.210176 6.920310e+07
  298.071473 6.908916e+07
  297.932771 6.898006e+07
  297.794069 6.887632e+07
  297.655366 6.877859e+07
  297.516664 6.868750e+07
  297.377961 6.860372e+07
  297.239259 6.852798e+07
  297.100557 6.846102e+07
  296.961854 6.840363e+07
  296.823152 6.835657e+07
  296.684449 6.832060e+07
  296.545747 6.829646e+07
  296.407045 6.828487e+07
  296.268342 6.828649e+07
  296.129640 6.830190e+07
  295.990937 6.833161e+07
  295.852235 6.837603e+07
  295.713533 6.843550e+07
  295.574830 6.851019e+07
  295.436128 6.860020e+07
  295.297425 6.870550e+07
  295.158723 6.882594e+07
  295.020020 6.896122e+07
  294.881318 6.911098e+07
  294.742616 6.927470e+07
  294.603913 6.945177e+07
  294.465211 6.964152e+07
  294.326508 6.984316e+07
  294.187806 7.005587e+07
  294.049104 7.027874e+07
  293.910401 7.051085e+07
  293.771699 7.075125e+07
  293.632996 7.099897e+07
  293.494294 7.125307e+07
  293.355592 7.151261e+07
  293.216889 7.177670e+07
  293.078187 7.204449e+07
  292.939484 7.231517e+07
  292.800782 7.258802e+07
  292.662080 7.286238e+07
  292.523377 7.313766e+07
  292.384675 7.341336e+07
  292.245972 7.368905e+07
  292.107270 7.396438e+07
  291.968568 7.423911e+07
  291.829865 7.451305e+07
  291.691163 7.478610e+07
  291.552460 7.505826e+07
  291.413758 7.532959e+07
  291.275055 7.560023e+07
  291.136353 7.587044e+07
  290.997651 7.614051e+07
  290.858948 7.641085e+07
  290.720246 7.668192e+07
  290.581543 7.695427e+07
  290.442841 7.722856e+07
  290.304139 7.750547e+07
  290.165436 7.778578e+07
  290.026734 7.807031e+07
  289.888031 7.835996e+07
  289.749329 7.865562e+07
  289.610627 7.895827e+07
  289.471924 7.926884e+07
  289.333222 7.958828e+07
  289.194519 7.991750e+07
  289.055817 8.025739e+07
  288.917115 8.060877e+07
  288.778412 8.097236e+07
  288.639710 8.134881e+07
  288.501007 8.173864e+07
  288.362305 8.214226e+07
  288.223603 8.255993e+07
  288.084900 8.299178e+07
  287.946198 8.343777e+07
  287.807495 8.389772e+07
  287.668793 8.437131e+07
  287.530090 8.485806e+07
  287.391388 8.535734e+07
  287.252686 8.586840e+07
  287.113983 8.639040e+07
  286.975281 8.692235e+07
  286.836578 8.746321e+07
  286.697876 8.801186e+07
  286.559174 8.856714e+07
  286.420471 8.912782e+07
  286.281769 8.969269e+07
  286.143066 9.026054e+07
  286.004364 9.083018e+07
  285.865662 9.140042e+07
  285.726959 9.197014e+07
  285.588257 9.253828e+07
  285.449554 9.310381e+07
  285.310852 9.366578e+07
  285.172150 9.422333e+07
  285.033447 9.477566e+07
  284.894745 9.532205e+07
  284.756042 9.586186e+07
  284.617340 9.639454e+07
  284.478638 9.691960e+07
  284.339935 9.743665e+07
  284.201233 9.794535e+07
  284.062530 9.844548e+07
  283.923828 9.893683e+07
  283.785125 9.941931e+07
  283.646423 9.989287e+07
  283.507721 1.003575e+08
  283.369018 1.008133e+08
  283.230316 1.012604e+08
  283.091613 1.016989e+08
  282.952911 1.021290e+08
  282.814209 1.025510e+08
  282.675506 1.029650e+08
  282.536804 1.033715e+08
  282.398101 1.037706e+08
  282.259399 1.041627e+08
  282.120697 1.045481e+08
  281.981994 1.049270e+08
  281.843292 1.052996e+08
  281.704589 1.056664e+08
  281.565887 1.060276e+08
  281.427185 1.063832e+08
  281.288482 1.067337e+08
  281.149780 1.070790e+08
  281.011077 1.074194e+08
  280.872375 1.077549e+08
  280.733673 1.080855e+08
  280.594970 1.084113e+08
  280.456268 1.087321e+08
  280.317565 1.090478e+08
  280.178863 1.093582e+08
  280.040160 1.096630e+08
  279.901458 1.099619e+08
  279.762756 1.102544e+08
  279.624053 1.105400e+08
  279.485351 1.108182e+08
  279.346648 1.110883e+08
  279.207946 1.113497e+08
  279.069244 1.116015e+08
  278.930541 1.118431e+08
  278.791839 1.120736e+08
  278.653136 1.122922e+08
  278.514434 1.124981e+08
  278.375732 1.126907e+08
  278.237029 1.128692e+08
  278.098327 1.130331e+08
  277.959624 1.131818e+08
  277.820922 1.133152e+08
  277.682220 1.134328e+08
  277.543517 1.135348e+08
  277.404815 1.136213e+08
  277.266112 1.136927e+08
  277.127410 1.137495e+08
  276.988708 1.137926e+08
  276.850005 1.138228e+08
  276.711303 1.138414e+08
  276.572600 1.138496e+08
  276.433898 1.138490e+08
  276.295195 1.138412e+08
  276.156493 1.138279e+08
  276.017791 1.138110e+08
  275.879088 1.137922e+08
  275.740386 1.137735e+08
  275.601683 1.137568e+08
  275.462981 1.137437e+08
  275.324279 1.137361e+08
  275.185576 1.137356e+08
  275.046874 1.137436e+08
  274.908171 1.137615e+08
  274.769469 1.137904e+08
  274.630767 1.138312e+08
  274.492064 1.138848e+08
  274.353362 1.139515e+08
  274.214659 1.140318e+08
  274.075957 1.141257e+08
  273.937255 1.142329e+08
  273.798552 1.143530e+08
  273.659850 1.144855e+08
  273.521147 1.146293e+08
  273.382445 1.147833e+08
  273.243743 1.149462e+08
  273.105040 1.151163e+08
  272.966338 1.152920e+08
  272.827635 1.154712e+08
  272.688933 1.156518e+08
  272.550230 1.158316e+08
  272.411528 1.160081e+08
  272.272826 1.161789e+08
  272.134123 1.163416e+08
  271.995421 1.164934e+08
  271.856718 1.166319e+08
  271.718016 1.167546e+08
  271.579314 1.168590e+08
  271.440611 1.169428e+08
  271.301909 1.170040e+08
  271.163206 1.170404e+08
  271.024504 1.170504e+08
  270.885802 1.170324e+08
  270.747099 1.169850e+08
  270.608397 1.169074e+08
  270.469694 1.167988e+08
  270.330992 1.166587e+08
  270.192290 1.164871e+08
  270.053587 1.162842e+08
  269.914885 1.160503e+08
  269.776182 1.157864e+08
  269.637480 1.154933e+08
  269.498778 1.151725e+08
  269.360075 1.148253e+08
  269.221373 1.144536e+08
  269.082670 1.140592e+08
  268.943968 1.136441e+08
  268.805265 1.132106e+08
  268.666563 1.127610e+08
  268.527861 1.122974e+08
  268.389158 1.118224e+08
  268.250456 1.113382e+08
  268.111753 1.108472e+08
  267.973051 1.103516e+08
  267.834349 1.098538e+08
  267.695646 1.093558e+08
  267.556944 1.088596e+08
  267.418241 1.083671e+08
  267.279539 1.078800e+08
  267.140837 1.073999e+08
  267.002134 1.069283e+08
  266.863432 1.064665e+08
  266.724729 1.060155e+08
  266.586027 1.055765e+08
  266.447325 1.051502e+08
  266.308622 1.047374e+08
  266.169920 1.043387e+08
  266.031217 1.039545e+08
  265.892515 1.035853e+08
  265.753813 1.032314e+08
  265.615110 1.028930e+08
  265.476408 1.025702e+08
  265.337705 1.022631e+08
  265.199003 1.019717e+08
  265.060300 1.016960e+08
  264.921598 1.014359e+08
  264.782896 1.011912e+08
  264.644193 1.009618e+08
  264.505491 1.007473e+08
  264.366788 1.005476e+08
  264.228086 1.003624e+08
  264.089384 1.001912e+08
  263.950681 1.000336e+08
  263.811979 9.988929e+07
  263.673276 9.975774e+07
  263.534574 9.963845e+07
  263.395872 9.953091e+07
  263.257169 9.943457e+07
  263.118467 9.934885e+07
  262.979764 9.927318e+07
  262.841062 9.920697e+07
  262.702360 9.914961e+07
  262.563657 9.910051e+07
  262.424955 9.905910e+07
  262.286252 9.902477e+07
  262.147550 9.899695e+07
  262.008848 9.897510e+07
  261.870145 9.895866e+07
  261.731443 9.894710e+07
  261.592740 9.893994e+07
  261.454038 9.893665e+07
  261.315335 9.893678e+07
  261.176633 9.893984e+07
  261.037931 9.894540e+07
  260.899228 9.895301e+07
  260.760526 9.896222e+07
  260.621823 9.897262e+07
  260.483121 9.898377e+07
  260.344419 9.899526e+07
  260.205716 9.900666e+07
  260.067014 9.901758e+07
  259.928311 9.902762e+07
  259.789609 9.903636e+07
  259.650907 9.904343e+07
  259.512204 9.904847e+07
  259.373502 9.905114e+07
  259.234799 9.905108e+07
  259.096097 9.904800e+07
  258.957395 9.904162e+07
  258.818692 9.903170e+07
  258.679990 9.901801e+07
  258.541287 9.900038e+07
  258.402585 9.897869e+07
  258.263883 9.895283e+07
  258.125180 9.892278e+07
  257.986478 9.888855e+07
  257.847775 9.885023e+07
  257.709073 9.880797e+07
  257.570370 9.876198e+07
  257.431668 9.871255e+07
  257.292966 9.866008e+07
  257.154263 9.860501e+07
  257.015561 9.854789e+07
  256.876858 9.848936e+07
  256.738156 9.843013e+07
  256.599454 9.837100e+07
  256.460751 9.831284e+07
  256.322049 9.825660e+07
  256.183346 9.820327e+07
  256.044644 9.815391e+07
  255.905942 9.810961e+07
  255.767239 9.807143e+07
  255.628537 9.804050e+07
  255.489834 9.801792e+07
  255.351132 9.800470e+07
  255.212430 9.800186e+07
  255.073727 9.801034e+07
  254.935025 9.803099e+07
  254.796322 9.806456e+07
  254.657620 9.811170e+07
  254.518918 9.817290e+07
  254.380215 9.824861e+07
  254.241513 9.833905e+07
  254.102810 9.844437e+07
  253.964108 9.856455e+07
  253.825405 9.869948e+07
  253.686703 9.884888e+07
  253.548001 9.901240e+07
  253.409298 9.918955e+07
  253.270596 9.937978e+07
  253.131893 9.958246e+07
  252.993191 9.979683e+07
  252.854489 1.000222e+08
  252.715786 1.002577e+08
  252.577084 1.005025e+08
  252.438381 1.007557e+08
  252.299679 1.010166e+08
  252.160977 1.012841e+08
  252.022274 1.015573e+08
  251.883572 1.018354e+08
  251.744869 1.021173e+08
  251.606167 1.024022e+08
  251.467465 1.026890e+08
  251.328762 1.029768e+08
  251.190060 1.032645e+08
  251.051357 1.035511e+08
  250.912655 1.038355e+08
  250.773953 1.041167e+08
  250.635250 1.043934e+08
  250.496548 1.046646e+08
  250.357845 1.049292e+08
  250.219143 1.051860e+08
  250.080440 1.054339e+08
  249.941738 1.056718e+08
  249.803036 1.058988e+08
  249.664333 1.061139e+08
  249.525631 1.063161e+08
  249.386928 1.065047e+08
  249.248226 1.066789e+08
  249.109524 1.068382e+08
  248.970821 1.069820e+08
  248.832119 1.071100e+08
  248.693416 1.072220e+08
  248.554714 1.073177e+08
  248.416012 1.073972e+08
  248.277309 1.074606e+08
  248.138607 1.075082e+08
  247.999904 1.075403e+08
  247.861202 1.075575e+08
  247.722500 1.075602e+08
  247.583797 1.075492e+08
  247.445095 1.075253e+08
  247.306392 1.074892e+08
  247.167690 1.074420e+08
  247.028988 1.073847e+08
  246.890285 1.073182e+08
  246.751583 1.072437e+08
  246.612880 1.071624e+08
  246.474178 1.070754e+08
  246.335475 1.069841e+08
  246.196773 1.068895e+08
  246.058071 1.067931e+08
  245.919368 1.066960e+08
  245.780666 1.065996e+08
  245.641963 1.065051e+08
  245.503261 1.064138e+08
  245.364559 1.063269e+08
  245.225856 1.062456e+08
  245.087154 1.061709e+08
  244.948451 1.061041e+08
  244.809749 1.060461e+08
  244.671047 1.059978e+08
  244.532344 1.059600e+08
  244.393642 1.059335e+08
  244.254939 1.059187e+08
  244.116237 1.059162e+08
  243.977535 1.059262e+08
  243.838832 1.059490e+08
  243.700130 1.059844e+08
  243.561427 1.060323e+08
  243.422725 1.060926e+08
  243.284023 1.061646e+08
  243.145320 1.062480e+08
  243.006618 1.063420e+08
  242.867915 1.064460e+08
  242.729213 1.065590e+08
  242.590510 1.066802e+08
  242.451808 1.068086e+08
  242.313106 1.069434e+08
  242.174403 1.070836e+08
  242.035701 1.072283e+08
  241.896998 1.073767e+08
  241.758296 1.075280e+08
  241.619594 1.076816e+08
  241.480891 1.078368e+08
  241.342189 1.079932e+08
  241.203486 1.081504e+08
  241.064784 1.083082e+08
  240.926082 1.084665e+08
  240.787379 1.086251e+08
  240.648677 1.087843e+08
  240.509974 1.089440e+08
  240.371272 1.091047e+08
  240.232570 1.092665e+08
  240.093867 1.094298e+08
  239.955165 1.095948e+08
  239.816462 1.097620e+08
  239.677760 1.099316e+08
  239.539058 1.101039e+08
  239.400355 1.102793e+08
  239.261653 1.104578e+08
  239.122950 1.106396e+08
  238.984248 1.108248e+08
  238.845545 1.110135e+08
  238.706843 1.112056e+08
  238.568141 1.114010e+08
  238.429438 1.115996e+08
  238.290736 1.118012e+08
  238.152033 1.120057e+08
  238.013331 1.122127e+08
  237.874629 1.124222e+08
  237.735926 1.126338e+08
  237.597224 1.128474e+08
  237.458521 1.130628e+08
  237.319819 1.132799e+08
  237.181117 1.134985e+08
  237.042414 1.137186e+08
  236.903712 1.139402e+08
  236.765009 1.141632e+08
  236.626307 1.143877e+08
  236.487605 1.146139e+08
  236.348902 1.148418e+08
  236.210200 1.150715e+08
  236.071497 1.153034e+08
  235.932795 1.155375e+08
  235.794093 1.157740e+08
  235.655390 1.160133e+08
  235.516688 1.162553e+08
  235.377985 1.165004e+08
  235.239283 1.167486e+08
  235.100580 1.170001e+08
  234.961878 1.172550e+08
  234.823176 1.175133e+08
  234.684473 1.177751e+08
  234.545771 1.180404e+08
  234.407068 1.183092e+08
  234.268366 1.185814e+08
  234.129664 1.188568e+08
  233.990961 1.191354e+08
  233.852259 1.194170e+08
  233.713556 1.197014e+08
  233.574854 1.199883e+08
  233.436152 1.202776e+08
  233.297449 1.205689e+08
  233.158747 1.208620e+08
  233.020044 1.211566e+08
  232.881342 1.214522e+08
  232.742640 1.217486e+08
  232.603937 1.220454e+08
  232.465235 1.223422e+08
  232.326532 1.226387e+08
  232.187830 1.229344e+08
  232.049128 1.232290e+08
  231.910425 1.235221e+08
  231.771723 1.238134e+08
  231.633020 1.241026e+08
  231.494318 1.243891e+08
  231.355615 1.246728e+08
  231.216913 1.249533e+08
  231.078211 1.252302e+08
  230.939508 1.255031e+08
  230.800806 1.257716e+08
  230.662103 1.260353e+08
  230.523401 1.262937e+08
  230.384699 1.265461e+08
  230.245996 1.267919e+08
  230.107294 1.270305e+08
  229.968591 1.272609e+08
  229.829889 1.274824e+08
  229.691187 1.276940e+08
  229.552484 1.278945e+08
  229.413782 1.280831e+08
  229.275079 1.282584e+08
  229.136377 1.284195e+08
  228.997675 1.285651e+08
  228.858972 1.286942e+08
  228.720270 1.288057e+08
  228.581567 1.288987e+08
  228.442865 1.289722e+08
  228.304163 1.290257e+08
  228.165460 1.290584e+08
  228.026758 1.290701e+08
  227.888055 1.290603e+08
  227.749353 1.290291e+08
  227.610650 1.289766e+08
  227.471948 1.289029e+08
  227.333246 1.288086e+08
  227.194543 1.286942e+08
  227.055841 1.285605e+08
  226.917138 1.284081e+08
  226.778436 1.282381e+08
  226.639734 1.280514e+08
  226.501031 1.278490e+08
  226.362329 1.276321e+08
  226.223626 1.274015e+08
  226.084924 1.271585e+08
  225.946222 1.269041e+08
  225.807519 1.266392e+08
  225.668817 1.263650e+08
  225.530114 1.260823e+08
  225.391412 1.257921e+08
  225.252710 1.254953e+08
  225.114007 1.251928e+08
  224.975305 1.248853e+08
  224.836602 1.245736e+08
  224.697900 1.242587e+08
  224.559198 1.239413e+08
  224.420495 1.236221e+08
  224.281793 1.233019e+08
  224.143090 1.229815e+08
  224.004388 1.226617e+08
  223.865685 1.223434e+08
  223.726983 1.220271e+08
  223.588281 1.217139e+08
  223.449578 1.214044e+08
  223.310876 1.210993e+08
  223.172173 1.207995e+08
  223.033471 1.205056e+08
  222.894769 1.202183e+08
  222.756066 1.199381e+08
  222.617364 1.196656e+08
  222.478661 1.194012e+08
  222.339959 1.191453e+08
  222.201257 1.188982e+08
  222.062554 1.186601e+08
  221.923852 1.184311e+08
  221.785149 1.182114e+08
  221.646447 1.180008e+08
  221.507745 1.177993e+08
  221.369042 1.176068e+08
  221.230340 1.174232e+08
  221.091637 1.172483e+08
  220.952935 1.170820e+08
  220.814233 1.169242e+08
  220.675530 1.167749e+08
  220.536828 1.166339e+08
  220.398125 1.165014e+08
  220.259423 1.163776e+08
  220.120720 1.162626e+08
  219.982018 1.161568e+08
  219.843316 1.160605e+08
  219.704613 1.159743e+08
  219.565911 1.158987e+08
  219.427208 1.158343e+08
  219.288506 1.157818e+08
  219.149804 1.157419e+08
  219.011101 1.157153e+08
  218.872399 1.157026e+08
  218.733696 1.157045e+08
  218.594994 1.157217e+08
  218.456292 1.157546e+08
  218.317589 1.158037e+08
  218.178887 1.158693e+08
  218.040184 1.159516e+08
  217.901482 1.160507e+08
  217.762780 1.161666e+08
  217.624077 1.162991e+08
  217.485375 1.164479e+08
  217.346672 1.166127e+08
  217.207970 1.167928e+08
  217.069268 1.169878e+08
  216.930565 1.171968e+08
  216.791863 1.174190e+08
  216.653160 1.176536e+08
  216.514458 1.178996e+08
  216.375755 1.181560e+08
  216.237053 1.184218e+08
  216.098351 1.186960e+08
  215.959648 1.189774e+08
  215.820946 1.192651e+08
  215.682243 1.195579e+08
  215.543541 1.198548e+08
  215.404839 1.201547e+08
  215.266136 1.204567e+08
  215.127434 1.207596e+08
  214.988731 1.210626e+08
  214.850029 1.213647e+08
  214.711327 1.216651e+08
  214.572624 1.219628e+08
  214.433922 1.222570e+08
  214.295219 1.225470e+08
  214.156517 1.228319e+08
  214.017815 1.231112e+08
  213.879112 1.233841e+08
  213.740410 1.236501e+08
  213.601707 1.239086e+08
  213.463005 1.241591e+08
  213.324303 1.244012e+08
  213.185600 1.246345e+08
  213.046898 1.248587e+08
  212.908195 1.250736e+08
  212.769493 1.252791e+08
  212.630790 1.254751e+08
  212.492088 1.256617e+08
  212.353386 1.258390e+08
  212.214683 1.260072e+08
  212.075981 1.261667e+08
  211.937278 1.263180e+08
  211.798576 1.264617e+08
  211.659874 1.265983e+08
  211.521171 1.267287e+08
  211.382469 1.268537e+08
  211.243766 1.269742e+08
  211.105064 1.270913e+08
  210.966362 1.272061e+08
  210.827659 1.273197e+08
  210.688957 1.274332e+08
  210.550254 1.275478e+08
  210.411552 1.276647e+08
  210.272850 1.277849e+08
  210.134147 1.279095e+08
  209.995445 1.280394e+08
  209.856742 1.281755e+08
  209.718040 1.283186e+08
  209.579338 1.284692e+08
  209.440635 1.286277e+08
  209.301933 1.287945e+08
  209.163230 1.289695e+08
  209.024528 1.291529e+08
  208.885825 1.293443e+08
  208.747123 1.295435e+08
  208.608421 1.297499e+08
  208.469718 1.299629e+08
  208.331016 1.301819e+08
  208.192313 1.304060e+08
  208.053611 1.306345e+08
  207.914909 1.308664e+08
  207.776206 1.311009e+08
  207.637504 1.313372e+08
  207.498801 1.315744e+08
  207.360099 1.318117e+08
  207.221397 1.320485e+08
  207.082694 1.322842e+08
  206.943992 1.325180e+08
  206.805289 1.327496e+08
  206.666587 1.329787e+08
  206.527885 1.332047e+08
  206.389182 1.334276e+08
  206.250480 1.336472e+08
  206.111777 1.338633e+08
  205.973075 1.340759e+08
  205.834373 1.342850e+08
  205.695670 1.344906e+08
  205.556968 1.346928e+08
  205.418265 1.348917e+08
  205.279563 1.350873e+08
  205.140861 1.352799e+08
  205.002158 1.354695e+08
  204.863456 1.356562e+08
  204.724753 1.358403e+08
  204.586051 1.360218e+08
  204.447348 1.362011e+08
  204.308646 1.363782e+08
  204.169944 1.365536e+08
  204.031241 1.367273e+08
  203.892539 1.368999e+08
  203.753836 1.370717e+08
  203.615134 1.372431e+08
  203.476432 1.374147e+08
  203.337729 1.375870e+08
  203.199027 1.377606e+08
  203.060324 1.379363e+08
  202.921622 1.381147e+08
  202.782920 1.382968e+08
  202.644217 1.384832e+08
  202.505515 1.386748e+08
  202.366812 1.388727e+08
  202.228110 1.390775e+08
  202.089408 1.392901e+08
  201.950705 1.395114e+08
  201.812003 1.397421e+08
  201.673300 1.399828e+08
  201.534598 1.402342e+08
  201.395896 1.404967e+08
  201.257193 1.407705e+08
  201.118491 1.410560e+08
  200.979788 1.413530e+08
  200.841086 1.416615e+08
  200.702383 1.419811e+08
  200.563681 1.423114e+08
  200.424979 1.426516e+08
  200.286276 1.430010e+08
  200.147574 1.433587e+08
  200.008871 1.437235e+08
  199.870169 1.440943e+08
  199.731467 1.444698e+08
  199.592764 1.448485e+08
  199.454062 1.452292e+08
  199.315359 1.456105e+08
  199.176657 1.459908e+08
  199.037955 1.463690e+08
  198.899252 1.467437e+08
  198.760550 1.471137e+08
  198.621847 1.474780e+08
  198.483145 1.478355e+08
  198.344443 1.481855e+08
  198.205740 1.485272e+08
  198.067038 1.488600e+08
  197.928335 1.491836e+08
  197.789633 1.494977e+08
  197.650931 1.498022e+08
  197.512228 1.500970e+08
  197.373526 1.503823e+08
  197.234823 1.506583e+08
  197.096121 1.509253e+08
  196.957418 1.511836e+08
  196.818716 1.514337e+08
  196.680014 1.516761e+08
  196.541311 1.519113e+08
  196.402609 1.521397e+08
  196.263906 1.523619e+08
  196.125204 1.525784e+08
  195.986502 1.527896e+08
  195.847799 1.529960e+08
  195.709097 1.531980e+08
  195.570394 1.533959e+08
  195.431692 1.535901e+08
  195.292990 1.537807e+08
  195.154287 1.539681e+08
  195.015585 1.541524e+08
  194.876882 1.543337e+08
  194.738180 1.545121e+08
  194.599478 1.546877e+08
  194.460775 1.548605e+08
  194.322073 1.550305e+08
  194.183370 1.551978e+08
  194.044668 1.553624e+08
  193.905966 1.555243e+08
  193.767263 1.556837e+08
  193.628561 1.558404e+08
  193.489858 1.559948e+08
  193.351156 1.561468e+08
  193.212453 1.562967e+08
  193.073751 1.564447e+08
  192.935049 1.565910e+08
  192.796346 1.567359e+08
  192.657644 1.568797e+08
  192.518941 1.570228e+08
  192.380239 1.571654e+08
  192.241537 1.573081e+08
  192.102834 1.574510e+08
  191.964132 1.575947e+08
  191.825429 1.577395e+08
  191.686727 1.578857e+08
  191.548025 1.580335e+08
  191.409322 1.581832e+08
  191.270620 1.583350e+08
  191.131917 1.584890e+08
  190.993215 1.586451e+08
  190.854513 1.588033e+08
  190.715810 1.589633e+08
  190.577108 1.591250e+08
  190.438405 1.592879e+08
  190.299703 1.594516e+08
  190.161001 1.596155e+08
  190.022298 1.597790e+08
  189.883596 1.599414e+08
  189.744893 1.601022e+08
  189.606191 1.602604e+08
  189.467488 1.604156e+08
  189.328786 1.605668e+08
  189.190084 1.607137e+08
  189.051381 1.608555e+08
  188.912679 1.609919e+08
  188.773976 1.611224e+08
  188.635274 1.612469e+08
  188.496572 1.613651e+08
  188.357869 1.614771e+08
  188.219167 1.615830e+08
  188.080464 1.616830e+08
  187.941762 1.617775e+08
  187.803060 1.618667e+08
  187.664357 1.619513e+08
  187.525655 1.620316e+08
  187.386952 1.621084e+08
  187.248250 1.621822e+08
  187.109548 1.622535e+08
  186.970845 1.623231e+08
  186.832143 1.623913e+08
  186.693440 1.624589e+08
  186.554738 1.625263e+08
  186.416036 1.625939e+08
  186.277333 1.626622e+08
  186.138631 1.627315e+08
  185.999928 1.628022e+08
  185.861226 1.628745e+08
  185.722523 1.629488e+08
  185.583821 1.630252e+08
  185.445119 1.631039e+08
  185.306416 1.631852e+08
  185.167714 1.632692e+08
  185.029011 1.633561e+08
  184.890309 1.634461e+08
  184.751607 1.635394e+08
  184.612904 1.636361e+08
  184.474202 1.637365e+08
  184.335499 1.638409e+08
  184.196797 1.639496e+08
  184.058095 1.640628e+08
  183.919392 1.641810e+08
  183.780690 1.643045e+08
  183.641987 1.644337e+08
  183.503285 1.645692e+08
  183.364583 1.647114e+08
  183.225880 1.648610e+08
  183.087178 1.650183e+08
  182.948475 1.651842e+08
  182.809773 1.653592e+08
  182.671071 1.655439e+08
  182.532368 1.657390e+08
  182.393666 1.659451e+08
  182.254963 1.661629e+08
  182.116261 1.663929e+08
  181.977558 1.666358e+08
  181.838856 1.668919e+08
  181.700154 1.671618e+08
  181.561451 1.674459e+08
  181.422749 1.677443e+08
  181.284046 1.680572e+08
  181.145344 1.683848e+08
  181.006642 1.687269e+08
  180.867939 1.690833e+08
  180.729237 1.694536e+08
  180.590534 1.698374e+08
  180.451832 1.702340e+08
  180.313130 1.706427e+08
  180.174427 1.710625e+08
  180.035725 1.714923e+08
  179.897022 1.719309e+08
  179.758320 1.723770e+08
  179.619618 1.728292e+08
  179.480915 1.732859e+08
  179.342213 1.737456e+08
  179.203510 1.742066e+08
  179.064808 1.746673e+08
  178.926106 1.751258e+08
  178.787403 1.755807e+08
  178.648701 1.760302e+08
  178.509998 1.764729e+08
  178.371296 1.769071e+08
  178.232593 1.773316e+08
  178.093891 1.777451e+08
  177.955189 1.781465e+08
  177.816486 1.785348e+08
  177.677784 1.789094e+08
  177.539081 1.792695e+08
  177.400379 1.796148e+08
  177.261677 1.799451e+08
  177.122974 1.802604e+08
  176.984272 1.805609e+08
  176.845569 1.808470e+08
  176.706867 1.811192e+08
  176.568165 1.813782e+08
  176.429462 1.816252e+08
  176.290760 1.818611e+08
  176.152057 1.820872e+08
  176.013355 1.823050e+08
  175.874653 1.825159e+08
  175.735950 1.827215e+08
  175.597248 1.829236e+08
  175.458545 1.831240e+08
  175.319843 1.833244e+08
  175.181141 1.835268e+08
  175.042438 1.837330e+08
  174.903736 1.839447e+08
  174.765033 1.841638e+08
  174.626331 1.843921e+08
  174.487628 1.846311e+08
  174.348926 1.848825e+08
  174.210224 1.851475e+08
  174.071521 1.854276e+08
  173.932819 1.857239e+08
  173.794116 1.860372e+08
  173.655414 1.863683e+08
  173.516712 1.867179e+08
  173.378009 1.870862e+08
  173.239307 1.874734e+08
  173.100604 1.878795e+08
  172.961902 1.883042e+08
  172.823200 1.887469e+08
  172.684497 1.892069e+08
  172.545795 1.896835e+08
  172.407092 1.901755e+08
  172.268390 1.906817e+08
  172.129688 1.912009e+08
  171.990985 1.917315e+08
  171.852283 1.922720e+08
  171.713580 1.928209e+08
  171.574878 1.933765e+08
  171.436176 1.939371e+08
  171.297473 1.945012e+08
  171.158771 1.950671e+08
  171.020068 1.956335e+08
  170.881366 1.961987e+08
  170.742663 1.967615e+08
  170.603961 1.973205e+08
  170.465259 1.978748e+08
  170.326556 1.984232e+08
  170.187854 1.989649e+08
  170.049151 1.994991e+08
  169.910449 2.000252e+08
  169.771747 2.005426e+08
  169.633044 2.010511e+08
  169.494342 2.015502e+08
  169.355639 2.020399e+08
  169.216937 2.025201e+08
  169.078235 2.029908e+08
  168.939532 2.034522e+08
  168.800830 2.039046e+08
  168.662127 2.043482e+08
  168.523425 2.047835e+08
  168.384723 2.052110e+08
  168.246020 2.056311e+08
  168.107318 2.060445e+08
  167.968615 2.064519e+08
  167.829913 2.068540e+08
  167.691211 2.072515e+08
  167.552508 2.076453e+08
  167.413806 2.080361e+08
  167.275103 2.084248e+08
  167.136401 2.088121e+08
  166.997698 2.091989e+08
  166.858996 2.095859e+08
  166.720294 2.099738e+08
  166.581591 2.103632e+08
  166.442889 2.107548e+08
  166.304186 2.111490e+08
  166.165484 2.115462e+08
  166.026782 2.119468e+08
  165.888079 2.123508e+08
  165.749377 2.127585e+08
  165.610674 2.131698e+08
  165.471972 2.135847e+08
  165.333270 2.140029e+08
  165.194567 2.144242e+08
  165.055865 2.148482e+08
  164.917162 2.152745e+08
  164.778460 2.157027e+08
  164.639758 2.161322e+08
  164.501055 2.165625e+08
  164.362353 2.169930e+08
  164.223650 2.174231e+08
  164.084948 2.178522e+08
  163.946246 2.182797e+08
  163.807543 2.187050e+08
  163.668841 2.191275e+08
  163.530138 2.195467e+08
  163.391436 2.199620e+08
  163.252733 2.203731e+08
  163.114031 2.207794e+08
  162.975329 2.211807e+08
  162.836626 2.215767e+08
  162.697924 2.219672e+08
  162.559221 2.223523e+08
  162.420519 2.227319e+08
  162.281817 2.231062e+08
  162.143114 2.234754e+08
  162.004412 2.238398e+08
  161.865709 2.242001e+08
  161.727007 2.245565e+08
  161.588305 2.249099e+08
  161.449602 2.252608e+08
  161.310900 2.256099e+08
  161.172197 2.259580e+08
  161.033495 2.263058e+08
  160.894793 2.266539e+08
  160.756090 2.270031e+08
  160.617388 2.273537e+08
  160.478685 2.277064e+08
  160.339983 2.280615e+08
  160.201281 2.284191e+08
  160.062578 2.287795e+08
  159.923876 2.291424e+08
  159.785173 2.295078e+08
  159.646471 2.298752e+08
  159.507768 2.302442e+08
  159.369066 2.306142e+08
  159.230364 2.309845e+08
  159.091661 2.313542e+08
  158.952959 2.317224e+08
  158.814256 2.320882e+08
  158.675554 2.324506e+08
  158.536852 2.328086e+08
  158.398149 2.331612e+08
  158.259447 2.335076e+08
  158.120744 2.338468e+08
  157.982042 2.341781e+08
  157.843340 2.345007e+08
  157.704637 2.348142e+08
  157.565935 2.351180e+08
  157.427232 2.354119e+08
  157.288530 2.356958e+08
  157.149828 2.359695e+08
  157.011125 2.362332e+08
  156.872423 2.364873e+08
  156.733720 2.367322e+08
  156.595018 2.369683e+08
  156.456316 2.371964e+08
  156.317613 2.374173e+08
  156.178911 2.376319e+08
  156.040208 2.378411e+08
  155.901506 2.380461e+08
  155.762803 2.382479e+08
  155.624101 2.384476e+08
  155.485399 2.386466e+08
  155.346696 2.388459e+08
  155.207994 2.390468e+08
  155.069291 2.392504e+08
  154.930589 2.394578e+08
  154.791887 2.396701e+08
  154.653184 2.398882e+08
  154.514482 2.401131e+08
  154.375779 2.403455e+08
  154.237077 2.405860e+08
  154.098375 2.408352e+08
  153.959672 2.410933e+08
  153.820970 2.413606e+08
  153.682267 2.416370e+08
  153.543565 2.419223e+08
  153.404863 2.422162e+08
  153.266160 2.425182e+08
  153.127458 2.428276e+08
  152.988755 2.431434e+08
  152.850053 2.434647e+08
  152.711351 2.437904e+08
  152.572648 2.441192e+08
  152.433946 2.444499e+08
  152.295243 2.447812e+08
  152.156541 2.451117e+08
  152.017838 2.454401e+08
  151.879136 2.457651e+08
  151.740434 2.460854e+08
  151.601731 2.464000e+08
  151.463029 2.467079e+08
  151.324326 2.470081e+08
  151.185624 2.472998e+08
  151.046922 2.475826e+08
  150.908219 2.478558e+08
  150.769517 2.481191e+08
  150.630814 2.483724e+08
  150.492112 2.486156e+08
  150.353410 2.488487e+08
  150.214707 2.490718e+08
  150.076005 2.492852e+08
  149.937302 2.494891e+08
  149.798600 2.496840e+08
  149.659898 2.498701e+08
  149.521195 2.500478e+08
  149.382493 2.502177e+08
  149.243790 2.503800e+08
  149.105088 2.505353e+08
  148.966386 2.506838e+08
  148.827683 2.508261e+08
  148.688981 2.509625e+08
  148.550278 2.510933e+08
  148.411576 2.512190e+08
  148.272873 2.513398e+08
  148.134171 2.514560e+08
  147.995469 2.515681e+08
  147.856766 2.516763e+08
  147.718064 2.517810e+08
  147.579361 2.518824e+08
  147.440659 2.519809e+08
  147.301957 2.520768e+08
  147.163254 2.521704e+08
  147.024552 2.522620e+08
  146.885849 2.523519e+08
  146.747147 2.524404e+08
  146.608445 2.525278e+08
  146.469742 2.526145e+08
  146.331040 2.527007e+08
  146.192337 2.527867e+08
  146.053635 2.528729e+08
  145.914933 2.529593e+08
  145.776230 2.530464e+08
  145.637528 2.531342e+08
  145.498825 2.532231e+08
  145.360123 2.533131e+08
  145.221421 2.534043e+08
  145.082718 2.534967e+08
  144.944016 2.535905e+08
  144.805313 2.536855e+08
  144.666611 2.537816e+08
  144.527908 2.538786e+08
  144.389206 2.539763e+08
  144.250504 2.540744e+08
  144.111801 2.541726e+08
  143.973099 2.542704e+08
  143.834396 2.543676e+08
  143.695694 2.544636e+08
  143.556992 2.545581e+08
  143.418289 2.546507e+08
  143.279587 2.547409e+08
  143.140884 2.548285e+08
  143.002182 2.549131e+08
  142.863480 2.549946e+08
  142.724777 2.550730e+08
  142.586075 2.551481e+08
  142.447372 2.552202e+08
  142.308670 2.552894e+08
  142.169968 2.553562e+08
  142.031265 2.554210e+08
  141.892563 2.554845e+08
  141.753860 2.555474e+08
  141.615158 2.556106e+08
  141.476456 2.556751e+08
  141.337753 2.557418e+08
  141.199051 2.558119e+08
  141.060348 2.558866e+08
  140.921646 2.559670e+08
  140.782943 2.560544e+08
  140.644241 2.561499e+08
  140.505539 2.562545e+08
  140.366836 2.563695e+08
  140.228134 2.564956e+08
  140.089431 2.566339e+08
  139.950729 2.567850e+08
  139.812027 2.569496e+08
  139.673324 2.571281e+08
  139.534622 2.573209e+08
  139.395919 2.575281e+08
  139.257217 2.577499e+08
  139.118515 2.579859e+08
  138.979812 2.582360e+08
  138.841110 2.584996e+08
  138.702407 2.587762e+08
  138.563705 2.590650e+08
  138.425003 2.593651e+08
  138.286300 2.596753e+08
  138.147598 2.599946e+08
  138.008895 2.603216e+08
  137.870193 2.606549e+08
  137.731491 2.609930e+08
  137.592788 2.613343e+08
  137.454086 2.616772e+08
  137.315383 2.620200e+08
  137.176681 2.623611e+08
  137.037978 2.626988e+08
  136.899276 2.630316e+08
  136.760574 2.633580e+08
  136.621871 2.636766e+08
  136.483169 2.639864e+08
  136.344466 2.642862e+08
  136.205764 2.645754e+08
  136.067062 2.648533e+08
  135.928359 2.651197e+08
  135.789657 2.653745e+08
  135.650954 2.656180e+08
  135.512252 2.658505e+08
  135.373550 2.660727e+08
  135.234847 2.662857e+08
  135.096145 2.664904e+08
  134.957442 2.666883e+08
  134.818740 2.668805e+08
  134.680038 2.670688e+08
  134.541335 2.672545e+08
  134.402633 2.674393e+08
  134.263930 2.676247e+08
  134.125228 2.678123e+08
  133.986526 2.680035e+08
  133.847823 2.681996e+08
  133.709121 2.684018e+08
  133.570418 2.686113e+08
  133.431716 2.688290e+08
  133.293013 2.690557e+08
  133.154311 2.692921e+08
  133.015609 2.695388e+08
  132.876906 2.697962e+08
  132.738204 2.700646e+08
  132.599501 2.703443e+08
  132.460799 2.706355e+08
  132.322097 2.709381e+08
  132.183394 2.712524e+08
  132.044692 2.715783e+08
  131.905989 2.719158e+08
  131.767287 2.722649e+08
  131.628585 2.726256e+08
  131.489882 2.729979e+08
  131.351180 2.733818e+08
  131.212477 2.737773e+08
  131.073775 2.741845e+08
  130.935073 2.746035e+08
  130.796370 2.750342e+08
  130.657668 2.754768e+08
  130.518965 2.759313e+08
  130.380263 2.763979e+08
  130.241561 2.768765e+08
  130.102858 2.773674e+08
  129.964156 2.778705e+08
  129.825453 2.783858e+08
  129.686751 2.789132e+08
  129.548048 2.794528e+08
  129.409346 2.800044e+08
  129.270644 2.805678e+08
  129.131941 2.811427e+08
  128.993239 2.817288e+08
  128.854536 2.823258e+08
  128.715834 2.829331e+08
  128.577132 2.835503e+08
  128.438429 2.841768e+08
  128.299727 2.848118e+08
  128.161024 2.854548e+08
  128.022322 2.861048e+08
  127.883620 2.867612e+08
  127.744917 2.874231e+08
  127.606215 2.880896e+08
  127.467512 2.887599e+08
  127.328810 2.894331e+08
  127.190108 2.901083e+08
  127.051405 2.907846e+08
  126.912703 2.914612e+08
  126.774000 2.921373e+08
  126.635298 2.928120e+08
  126.496596 2.934846e+08
  126.357893 2.941543e+08
  126.219191 2.948204e+08
  126.080488 2.954822e+08
  125.941786 2.961389e+08
  125.803083 2.967900e+08
  125.664381 2.974349e+08
  125.525679 2.980728e+08
  125.386976 2.987033e+08
  125.248274 2.993257e+08
  125.109571 2.999395e+08
  124.970869 3.005441e+08
  124.832167 3.011391e+08
  124.693464 3.017239e+08
  124.554762 3.022980e+08
  124.416059 3.028611e+08
  124.277357 3.034126e+08
  124.138655 3.039522e+08
  123.999952 3.044797e+08
  123.861250 3.049946e+08
  123.722547 3.054969e+08
  123.583845 3.059863e+08
  123.445143 3.064627e+08
  123.306440 3.069262e+08
  123.167738 3.073767e+08
  123.029035 3.078145e+08
  122.890333 3.082398e+08
  122.751631 3.086528e+08
  122.612928 3.090541e+08
  122.474226 3.094440e+08
  122.335523 3.098232e+08
  122.196821 3.101923e+08
  122.058118 3.105520e+08
  121.919416 3.109030e+08
  121.780714 3.112463e+08
  121.642011 3.115826e+08
  121.503309 3.119128e+08
  121.364606 3.122379e+08
  121.225904 3.125587e+08
  121.087202 3.128762e+08
  120.948499 3.131910e+08
  120.809797 3.135042e+08
  120.671094 3.138164e+08
  120.532392 3.141283e+08
  120.393690 3.144404e+08
  120.254987 3.147533e+08
  120.116285 3.150673e+08
  119.977582 3.153827e+08
  119.838880 3.156997e+08
  119.700178 3.160182e+08
  119.561475 3.163382e+08
  119.422773 3.166594e+08
  119.284070 3.169815e+08
  119.145368 3.173041e+08
  119.006666 3.176268e+08
  118.867963 3.179488e+08
  118.729261 3.182697e+08
  118.590558 3.185887e+08
  118.451856 3.189051e+08
  118.313153 3.192184e+08
  118.174451 3.195277e+08
  118.035749 3.198325e+08
  117.897046 3.201323e+08
  117.758344 3.204265e+08
  117.619641 3.207148e+08
  117.480939 3.209968e+08
  117.342237 3.212724e+08
  117.203534 3.215415e+08
  117.064832 3.218040e+08
  116.926129 3.220602e+08
  116.787427 3.223103e+08
  116.648725 3.225546e+08
  116.510022 3.227936e+08
  116.371320 3.230277e+08
  116.232617 3.232577e+08
  116.093915 3.234840e+08
  115.955213 3.237075e+08
  115.816510 3.239288e+08
  115.677808 3.241486e+08
  115.539105 3.243677e+08
  115.400403 3.245867e+08
  115.261701 3.248063e+08
  115.122998 3.250272e+08
  114.984296 3.252500e+08
  114.845593 3.254751e+08
  114.706891 3.257031e+08
  114.568188 3.259345e+08
  114.429486 3.261696e+08
  114.290784 3.264088e+08
  114.152081 3.266525e+08
  114.013379 3.269010e+08
  113.874676 3.271546e+08
  113.735974 3.274138e+08
  113.597272 3.276789e+08
  113.458569 3.279504e+08
  113.319867 3.282287e+08
  113.181164 3.285145e+08
  113.042462 3.288082e+08
  112.903760 3.291107e+08
  112.765057 3.294225e+08
  112.626355 3.297446e+08
  112.487652 3.300777e+08
  112.348950 3.304227e+08
  112.210248 3.307804e+08
  112.071545 3.311518e+08
  111.932843 3.315376e+08
  111.794140 3.319385e+08
  111.655438 3.323554e+08
  111.516736 3.327886e+08
  111.378033 3.332389e+08
  111.239331 3.337063e+08
  111.100628 3.341912e+08
  110.961926 3.346935e+08
  110.823223 3.352130e+08
  110.684521 3.357494e+08
  110.545819 3.363021e+08
  110.407116 3.368705e+08
  110.268414 3.374537e+08
  110.129711 3.380507e+08
  109.991009 3.386603e+08
  109.852307 3.392813e+08
  109.713604 3.399124e+08
  109.574902 3.405522e+08
  109.436199 3.411994e+08
  109.297497 3.418525e+08
  109.158795 3.425103e+08
  109.020092 3.431714e+08
  108.881390 3.438346e+08
  108.742687 3.444989e+08
  108.603985 3.451632e+08
  108.465283 3.458268e+08
  108.326580 3.464890e+08
  108.187878 3.471492e+08
  108.049175 3.478069e+08
  107.910473 3.484620e+08
  107.771771 3.491144e+08
  107.633068 3.497640e+08
  107.494366 3.504111e+08
  107.355663 3.510558e+08
  107.216961 3.516986e+08
  107.078258 3.523398e+08
  106.939556 3.529800e+08
  106.800854 3.536198e+08
  106.662151 3.542598e+08
  106.523449 3.549007e+08
  106.384746 3.555430e+08
  106.246044 3.561876e+08
  106.107342 3.568350e+08
  105.968639 3.574860e+08
  105.829937 3.581411e+08
  105.691234 3.588008e+08
  105.552532 3.594657e+08
  105.413830 3.601361e+08
  105.275127 3.608125e+08
  105.136425 3.614949e+08
  104.997722 3.621835e+08
  104.859020 3.628783e+08
  104.720318 3.635792e+08
  104.581615 3.642859e+08
  104.442913 3.649980e+08
  104.304210 3.657152e+08
  104.165508 3.664367e+08
  104.026806 3.671620e+08
  103.888103 3.678902e+08
  103.749401 3.686206e+08
  103.610698 3.693522e+08
  103.471996 3.700841e+08
  103.333293 3.708154e+08
  103.194591 3.715450e+08
  103.055889 3.722720e+08
  102.917186 3.729955e+08
  102.778484 3.737146e+08
  102.639781 3.744284e+08
  102.501079 3.751363e+08
  102.362377 3.758375e+08
  102.223674 3.765315e+08
  102.084972 3.772178e+08
  101.946269 3.778962e+08
  101.807567 3.785664e+08
  101.668865 3.792285e+08
  101.530162 3.798825e+08
  101.391460 3.805288e+08
  101.252757 3.811676e+08
  101.114055 3.817995e+08
  100.975353 3.824253e+08
  100.836650 3.830457e+08
  100.697948 3.836617e+08
  100.559245 3.842744e+08
  100.420543 3.848849e+08
  100.281841 3.854945e+08
  100.143138 3.861045e+08
  100.004436 3.867164e+08
   99.865733 3.873318e+08
   99.727031 3.879521e+08
   99.588328 3.885789e+08
   99.449626 3.892138e+08
   99.310924 3.898585e+08
   99.172221 3.905145e+08
   99.033519 3.911834e+08
   98.894816 3.918666e+08
   98.756114 3.925656e+08
   98.617412 3.932815e+08
   98.478709 3.940157e+08
   98.340007 3.947691e+08
   98.201304 3.955426e+08
   98.062602 3.963370e+08
   97.923900 3.971526e+08
   97.785197 3.979899e+08
   97.646495 3.988489e+08
   97.507792 3.997296e+08
   97.369090 4.006318e+08
   97.230388 4.015548e+08
   97.091685 4.024982e+08
   96.952983 4.034610e+08
   96.814280 4.044423e+08
   96.675578 4.054411e+08
   96.536876 4.064561e+08
   96.398173 4.074861e+08
   96.259471 4.085297e+08
   96.120768 4.095855e+08
   95.982066 4.106520e+08
   95.843363 4.117279e+08
   95.704661 4.128117e+08
   95.565959 4.139020e+08
   95.427256 4.149975e+08
   95.288554 4.160968e+08
   95.149851 4.171986e+08
   95.011149 4.183017e+08
   94.872447 4.194050e+08
   94.733744 4.205073e+08
   94.595042 4.216076e+08
   94.456339 4.227049e+08
   94.317637 4.237982e+08
   94.178935 4.248867e+08
   94.040232 4.259695e+08
   93.901530 4.270458e+08
   93.762827 4.281149e+08
   93.624125 4.291761e+08
   93.485423 4.302285e+08
   93.346720 4.312717e+08
   93.208018 4.323050e+08
   93.069315 4.333278e+08
   92.930613 4.343394e+08
   92.791911 4.353395e+08
   92.653208 4.363274e+08
   92.514506 4.373028e+08
   92.375803 4.382650e+08
   92.237101 4.392136e+08
   92.098398 4.401483e+08
   91.959696 4.410687e+08
   91.820994 4.419742e+08
   91.682291 4.428646e+08
   91.543589 4.437396e+08
   91.404886 4.445988e+08
   91.266184 4.454419e+08
   91.127482 4.462687e+08
   90.988779 4.470790e+08
   90.850077 4.478727e+08
   90.711374 4.486495e+08
   90.572672 4.494095e+08
   90.433970 4.501527e+08
   90.295267 4.508791e+08
   90.156565 4.515888e+08
   90.017862 4.522822e+08
   89.879160 4.529594e+08
   89.740458 4.536209e+08
   89.601755 4.542672e+08
   89.463053 4.548989e+08
   89.324350 4.555165e+08
   89.185648 4.561209e+08
   89.046946 4.567129e+08
   88.908243 4.572935e+08
   88.769541 4.578636e+08
   88.630838 4.584243e+08
   88.492136 4.589766e+08
   88.353433 4.595219e+08
   88.214731 4.600612e+08
   88.076029 4.605958e+08
   87.937326 4.611268e+08
   87.798624 4.616556e+08
   87.659921 4.621831e+08
   87.521219 4.627106e+08
   87.382517 4.632390e+08
   87.243814 4.637693e+08
   87.105112 4.643023e+08
   86.966409 4.648387e+08
   86.827707 4.653791e+08
   86.689005 4.659238e+08
   86.550302 4.664732e+08
   86.411600 4.670273e+08
   86.272897 4.675860e+08
   86.134195 4.681490e+08
   85.995493 4.687160e+08
   85.856790 4.692865e+08
   85.718088 4.698597e+08
   85.579385 4.704349e+08
   85.440683 4.710114e+08
   85.301981 4.715881e+08
   85.163278 4.721644e+08
   85.024576 4.727392e+08
   84.885873 4.733118e+08
   84.747171 4.738815e+08
   84.608468 4.744477e+08
   84.469766 4.750100e+08
   84.331064 4.755680e+08
   84.192361 4.761216e+08
   84.053659 4.766710e+08
   83.914956 4.772164e+08
   83.776254 4.777585e+08
   83.637552 4.782978e+08
   83.498849 4.788354e+08
   83.360147 4.793725e+08
   83.221444 4.799102e+08
   83.082742 4.804502e+08
   82.944040 4.809939e+08
   82.805337 4.815432e+08
   82.666635 4.820997e+08
   82.527932 4.826654e+08
   82.389230 4.832421e+08
   82.250528 4.838316e+08
   82.111825 4.844357e+08
   81.973123 4.850561e+08
   81.834420 4.856943e+08
   81.695718 4.863520e+08
   81.557016 4.870304e+08
   81.418313 4.877308e+08
   81.279611 4.884541e+08
   81.140908 4.892011e+08
   81.002206 4.899727e+08
   80.863503 4.907692e+08
   80.724801 4.915911e+08
   80.586099 4.924385e+08
   80.447396 4.933115e+08
   80.308694 4.942099e+08
   80.169991 4.951337e+08
   80.031289 4.960823e+08
   79.892587 4.970556e+08
   79.753884 4.980528e+08
   79.615182 4.990735e+08
   79.476479 5.001171e+08
   79.337777 5.011827e+08
   79.199075 5.022697e+08
   79.060372 5.033772e+08
   78.921670 5.045044e+08
   78.782967 5.056503e+08
   78.644265 5.068141e+08
   78.505563 5.079946e+08
   78.366860 5.091910e+08
   78.228158 5.104022e+08
   78.089455 5.116270e+08
   77.950753 5.128645e+08
   77.812051 5.141136e+08
   77.673348 5.153732e+08
   77.534646 5.166423e+08
   77.395943 5.179198e+08
   77.257241 5.192048e+08
   77.118538 5.204964e+08
   76.979836 5.217937e+08
   76.841134 5.230958e+08
   76.702431 5.244021e+08
   76.563729 5.257118e+08
   76.425026 5.270243e+08
   76.286324 5.283389e+08
   76.147622 5.296553e+08
   76.008919 5.309728e+08
   75.870217 5.322911e+08
   75.731514 5.336097e+08
   75.592812 5.349281e+08
   75.454110 5.362460e+08
   75.315407 5.375629e+08
   75.176705 5.388784e+08
   75.038002 5.401919e+08
   74.899300 5.415030e+08
   74.760598 5.428110e+08
   74.621895 5.441153e+08
   74.483193 5.454153e+08
   74.344490 5.467102e+08
   74.205788 5.479994e+08
   74.067086 5.492819e+08
   73.928383 5.505570e+08
   73.789681 5.518239e+08
   73.650978 5.530817e+08
   73.512276 5.543295e+08
   73.373573 5.555666e+08
   73.234871 5.567922e+08
   73.096169 5.580054e+08
   72.957466 5.592056e+08
   72.818764 5.603921e+08
   72.680061 5.615643e+08
   72.541359 5.627217e+08
   72.402657 5.638639e+08
   72.263954 5.649905e+08
   72.125252 5.661013e+08
   71.986549 5.671960e+08
   71.847847 5.682744e+08
   71.709145 5.693367e+08
   71.570442 5.703829e+08
   71.431740 5.714129e+08
   71.293037 5.724271e+08
   71.154335 5.734257e+08
   71.015633 5.744090e+08
   70.876930 5.753774e+08
   70.738228 5.763313e+08
   70.599525 5.772713e+08
   70.460823 5.781979e+08
   70.322121 5.791117e+08
   70.183418 5.800134e+08
   70.044716 5.809038e+08
   69.906013 5.817838e+08
   69.767311 5.826540e+08
   69.628608 5.835157e+08
   69.489906 5.843697e+08
   69.351204 5.852172e+08
   69.212501 5.860593e+08
   69.073799 5.868972e+08
   68.935096 5.877324e+08
   68.796394 5.885660e+08
   68.657692 5.893995e+08
   68.518989 5.902342e+08
   68.380287 5.910717e+08
   68.241584 5.919133e+08
   68.102882 5.927605e+08
   67.964180 5.936146e+08
   67.825477 5.944770e+08
   67.686775 5.953490e+08
   67.548072 5.962319e+08
   67.409370 5.971268e+08
   67.270668 5.980347e+08
   67.131965 5.989567e+08
   66.993263 5.998936e+08
   66.854560 6.008461e+08
   66.715858 6.018149e+08
   66.577156 6.028006e+08
   66.438453 6.038034e+08
   66.299751 6.048237e+08
   66.161048 6.058616e+08
   66.022346 6.069172e+08
   65.883644 6.079904e+08
   65.744941 6.090810e+08
   65.606239 6.101885e+08
   65.467536 6.113127e+08
   65.328834 6.124529e+08
   65.190131 6.136085e+08
   65.051429 6.147786e+08
   64.912727 6.159625e+08
   64.774024 6.171592e+08
   64.635322 6.183677e+08
   64.496619 6.195868e+08
   64.357917 6.208155e+08
   64.219215 6.220526e+08
   64.080512 6.232969e+08
   63.941810 6.245472e+08
   63.803107 6.258024e+08
   63.664405 6.270614e+08
   63.525703 6.283229e+08
   63.387000 6.295861e+08
   63.248298 6.308498e+08
   63.109595 6.321132e+08
   62.970893 6.333754e+08
   62.832191 6.346356e+08
   62.693488 6.358932e+08
   62.554786 6.371475e+08
   62.416083 6.383980e+08
   62.277381 6.396443e+08
   62.138679 6.408860e+08
   61.999976 6.421228e+08
   61.861274 6.433546e+08
   61.722571 6.445813e+08
   61.583869 6.458027e+08
   61.445166 6.470189e+08
   61.306464 6.482301e+08
   61.167762 6.494362e+08
   61.029059 6.506377e+08
   60.890357 6.518346e+08
   60.751654 6.530272e+08
   60.612952 6.542158e+08
   60.474250 6.554008e+08
   60.335547 6.565825e+08
   60.196845 6.577612e+08
   60.058142 6.589372e+08
   59.919440 6.601109e+08
   59.780738 6.612826e+08
   59.642035 6.624527e+08
   59.503333 6.636213e+08
   59.364630 6.647888e+08
   59.225928 6.659554e+08
   59.087226 6.671215e+08
   58.948523 6.682871e+08
   58.809821 6.694526e+08
   58.671118 6.706182e+08
   58.532416 6.717842e+08
   58.393714 6.729507e+08
   58.255011 6.741180e+08
   58.116309 6.752864e+08
   57.977606 6.764560e+08
   57.838904 6.776273e+08
   57.700201 6.788005e+08
   57.561499 6.799758e+08
   57.422797 6.811535e+08
   57.284094 6.823340e+08
   57.145392 6.835174e+08
   57.006689 6.847042e+08
   56.867987 6.858943e+08
   56.729285 6.870882e+08
   56.590582 6.882859e+08
   56.451880 6.894876e+08
   56.313177 6.906933e+08
   56.174475 6.919030e+08
   56.035773 6.931169e+08
   55.897070 6.943348e+08
   55.758368 6.955566e+08
   55.619665 6.967821e+08
   55.480963 6.980113e+08
   55.342261 6.992439e+08
   55.203558 7.004797e+08
   55.064856 7.017184e+08
   54.926153 7.029598e+08
   54.787451 7.042037e+08
   54.648749 7.054497e+08
   54.510046 7.066977e+08
   54.371344 7.079474e+08
   54.232641 7.091986e+08
   54.093939 7.104510e+08
   53.955236 7.117046e+08
   53.816534 7.129592e+08
   53.677832 7.142147e+08
   53.539129 7.154709e+08
   53.400427 7.167280e+08
   53.261724 7.179859e+08
   53.123022 7.192448e+08
   52.984320 7.205048e+08
   52.845617 7.217662e+08
   52.706915 7.230293e+08
   52.568212 7.242947e+08
   52.429510 7.255628e+08
   52.290808 7.268344e+08
   52.152105 7.281101e+08
   52.013403 7.293911e+08
   51.874700 7.306782e+08
   51.735998 7.319727e+08
   51.597296 7.332759e+08
   51.458593 7.345890e+08
   51.319891 7.359137e+08
   51.181188 7.372514e+08
   51.042486 7.386039e+08
   50.903784 7.399726e+08
   50.765081 7.413594e+08
   50.626379 7.427659e+08
   50.487676 7.441936e+08
   50.348974 7.456443e+08
   50.210271 7.471192e+08
   50.071569 7.486199e+08
   49.932867 7.501476e+08
   49.794164 7.517033e+08
   49.655462 7.532880e+08
   49.516759 7.549024e+08
   49.378057 7.565471e+08
   49.239355 7.582225e+08
   49.100652 7.599287e+08
   48.961950 7.616656e+08
   48.823247 7.634330e+08
   48.684545 7.652304e+08
   48.545843 7.670573e+08
   48.407140 7.689129e+08
   48.268438 7.707960e+08
   48.129735 7.727058e+08
   47.991033 7.746408e+08
   47.852331 7.765997e+08
   47.713628 7.785811e+08
   47.574926 7.805835e+08
   47.436223 7.826051e+08
   47.297521 7.846445e+08
   47.158819 7.866998e+08
   47.020116 7.887696e+08
   46.881414 7.908522e+08
   46.742711 7.929459e+08
   46.604009 7.950493e+08
   46.465306 7.971609e+08
   46.326604 7.992794e+08
   46.187902 8.014036e+08
   46.049199 8.035323e+08
   45.910497 8.056646e+08
   45.771794 8.077995e+08
   45.633092 8.099363e+08
   45.494390 8.120745e+08
   45.355687 8.142135e+08
   45.216985 8.163531e+08
   45.078282 8.184931e+08
   44.939580 8.206332e+08
   44.800878 8.227735e+08
   44.662175 8.249142e+08
   44.523473 8.270552e+08
   44.384770 8.291968e+08
   44.246068 8.313391e+08
   44.107366 8.334826e+08
   43.968663 8.356273e+08
   43.829961 8.377735e+08
   43.691258 8.399213e+08
   43.552556 8.420710e+08
   43.413854 8.442226e+08
   43.275151 8.463762e+08
   43.136449 8.485316e+08
   42.997746 8.506889e+08
   42.859044 8.528478e+08
   42.720341 8.550081e+08
   42.581639 8.571694e+08
   42.442937 8.593314e+08
   42.304234 8.614938e+08
   42.165532 8.636559e+08
   42.026829 8.658174e+08
   41.888127 8.679778e+08
   41.749425 8.701366e+08
   41.610722 8.722934e+08
   41.472020 8.744476e+08
   41.333317 8.765988e+08
   41.194615 8.787468e+08
   41.055913 8.808912e+08
   40.917210 8.830316e+08
   40.778508 8.851679e+08
   40.639805 8.873000e+08
   40.501103 8.894276e+08
   40.362401 8.915506e+08
   40.223698 8.936690e+08
   40.084996 8.957828e+08
   39.946293 8.978918e+08
   39.807591 8.999961e+08
   39.668889 9.020957e+08
   39.530186 9.041905e+08
   39.391484 9.062804e+08
   39.252781 9.083654e+08
   39.114079 9.104455e+08
   38.975376 9.125206e+08
   38.836674 9.145905e+08
   38.697972 9.166554e+08
   38.559269 9.187150e+08
   38.420567 9.207694e+08
   38.281864 9.228186e+08
   38.143162 9.248626e+08
   38.004460 9.269015e+08
   37.865757 9.289355e+08
   37.727055 9.309648e+08
   37.588352 9.329897e+08
   37.449650 9.350106e+08
   37.310948 9.370279e+08
   37.172245 9.390421e+08
   37.033543 9.410539e+08
   36.894840 9.430641e+08
   36.756138 9.450733e+08
   36.617436 9.470825e+08
   36.478733 9.490926e+08
   36.340031 9.511048e+08
   36.201328 9.531200e+08
   36.062626 9.551397e+08
   35.923924 9.571648e+08
   35.785221 9.591969e+08
   35.646519 9.612373e+08
   35.507816 9.632874e+08
   35.369114 9.653486e+08
   35.230411 9.674225e+08
   35.091709 9.695104e+08
   34.953007 9.716139e+08
   34.814304 9.737344e+08
   34.675602 9.758734e+08
   34.536899 9.780323e+08
   34.398197 9.802125e+08
   34.259495 9.824151e+08
   34.120792 9.846415e+08
   33.982090 9.868928e+08
   33.843387 9.891699e+08
   33.704685 9.914739e+08
   33.565983 9.938055e+08
   33.427280 9.961655e+08
   33.288578 9.985545e+08
   33.149875 1.000973e+09
   33.011173 1.003421e+09
   32.872471 1.005900e+09
   32.733768 1.008409e+09
   32.595066 1.010948e+09
   32.456363 1.013517e+09
   32.317661 1.016117e+09
   32.178959 1.018747e+09
   32.040256 1.021407e+09
   31.901554 1.024096e+09
   31.762851 1.026814e+09
   31.624149 1.029560e+09
   31.485446 1.032333e+09
   31.346744 1.035134e+09
   31.208042 1.037961e+09
   31.069339 1.040812e+09
   30.930637 1.043688e+09
   30.791934 1.046587e+09
   30.653232 1.049508e+09
   30.514530 1.052449e+09
   30.375827 1.055409e+09
   30.237125 1.058387e+09
   30.098422 1.061381e+09
   29.959720 1.064391e+09
   29.821018 1.067413e+09
   29.682315 1.070446e+09
   29.543613 1.073490e+09
   29.404910 1.076541e+09
   29.266208 1.079599e+09
   29.127506 1.082662e+09
   28.988803 1.085728e+09
   28.850101 1.088795e+09
   28.711398 1.091862e+09
   28.572696 1.094929e+09
   28.433994 1.097992e+09
   28.295291 1.101051e+09
   28.156589 1.104106e+09
   28.017886 1.107154e+09
   27.879184 1.110195e+09
   27.740481 1.113229e+09
   27.601779 1.116254e+09
   27.463077 1.119271e+09
   27.324374 1.122280e+09
   27.185672 1.125280e+09
   27.046969 1.128271e+09
   26.908267 1.131255e+09
   26.769565 1.134231e+09
   26.630862 1.137201e+09
   26.492160 1.140166e+09
   26.353457 1.143127e+09
   26.214755 1.146085e+09
   26.076053 1.149043e+09
   25.937350 1.152001e+09
   25.798648 1.154962e+09
   25.659945 1.157927e+09
   25.521243 1.160900e+09
   25.382541 1.163881e+09
   25.243838 1.166873e+09
   25.105136 1.169878e+09
   24.966433 1.172897e+09
   24.827731 1.175934e+09
   24.689029 1.178990e+09
   24.550326 1.182066e+09
   24.411624 1.185163e+09
   24.272921 1.188284e+09
   24.134219 1.191429e+09
   23.995516 1.194600e+09
   23.856814 1.197796e+09
   23.718112 1.201018e+09
   23.579409 1.204268e+09
   23.440707 1.207543e+09
   23.302004 1.210845e+09
   23.163302 1.214173e+09
   23.024600 1.217527e+09
   22.885897 1.220905e+09
   22.747195 1.224307e+09
   22.608492 1.227733e+09
   22.469790 1.231180e+09
   22.331088 1.234648e+09
   22.192385 1.238136e+09
   22.053683 1.241643e+09
   21.914980 1.245168e+09
   21.776278 1.248710e+09
   21.637576 1.252268e+09
   21.498873 1.255841e+09
   21.360171 1.259428e+09
   21.221468 1.263030e+09
   21.082766 1.266645e+09
   20.944064 1.270273e+09
   20.805361 1.273914e+09
   20.666659 1.277569e+09
   20.527956 1.281236e+09
   20.389254 1.284917e+09
   20.250551 1.288612e+09
   20.111849 1.292320e+09
   19.973147 1.296043e+09
   19.834444 1.299780e+09
   19.695742 1.303533e+09
   19.557039 1.307301e+09
   19.418337 1.311085e+09
   19.279635 1.314885e+09
   19.140932 1.318701e+09
   19.002230 1.322535e+09
   18.863527 1.326385e+09
   18.724825 1.330252e+09
   18.586123 1.334136e+09
   18.447420 1.338037e+09
   18.308718 1.341955e+09
   18.170015 1.345888e+09
   18.031313 1.349838e+09
   17.892611 1.353804e+09
   17.753908 1.357784e+09
   17.615206 1.361780e+09
   17.476503 1.365789e+09
   17.337801 1.369813e+09
   17.199099 1.373849e+09
   17.060396 1.377898e+09
   16.921694 1.381959e+09
   16.782991 1.386030e+09
   16.644289 1.390113e+09
   16.505586 1.394205e+09
   16.366884 1.398306e+09
   16.228182 1.402416e+09
   16.089479 1.406533e+09
   15.950777 1.410657e+09
   15.812074 1.414788e+09
   15.673372 1.418924e+09
   15.534670 1.423065e+09
   15.395967 1.427211e+09
   15.257265 1.431360e+09
   15.118562 1.435513e+09
   14.979860 1.439668e+09
   14.841158 1.443827e+09
   14.702455 1.447988e+09
   14.563753 1.452151e+09
   14.425050 1.456317e+09
   14.286348 1.460486e+09
   14.147646 1.464657e+09
   14.008943 1.468833e+09
   13.870241 1.473012e+09
   13.731538 1.477196e+09
   13.592836 1.481387e+09
   13.454134 1.485583e+09
   13.315431 1.489788e+09
   13.176729 1.494001e+09
   13.038026 1.498225e+09
   12.899324 1.502460e+09
   12.760621 1.506708e+09
   12.621919 1.510970e+09
   12.483217 1.515248e+09
   12.344514 1.519542e+09
   12.205812 1.523855e+09
   12.067109 1.528188e+09
   11.928407 1.532543e+09
   11.789705 1.536920e+09
   11.651002 1.541322e+09
   11.512300 1.545749e+09
   11.373597 1.550203e+09
   11.234895 1.554686e+09
   11.096193 1.559198e+09
   10.957490 1.563741e+09
   10.818788 1.568315e+09
   10.680085 1.572923e+09
   10.541383 1.577565e+09
   10.402681 1.582242e+09
   10.263978 1.586956e+09
   10.125276 1.591705e+09
    9.986573 1.596493e+09
    9.847871 1.601318e+09
    9.709169 1.606182e+09
    9.570466 1.611085e+09
    9.431764 1.616028e+09
    9.293061 1.621010e+09
    9.154359 1.626032e+09
    9.015656 1.631093e+09
    8.876954 1.636193e+09
    8.738252 1.641333e+09
    8.599549 1.646511e+09
    8.460847 1.651726e+09
    8.322144 1.656979e+09
    8.183442 1.662268e+09
    8.044740 1.667592e+09
    7.906037 1.672950e+09
    7.767335 1.678340e+09
    7.628632 1.683762e+09
    7.489930 1.689214e+09
    7.351228 1.694694e+09
    7.212525 1.700201e+09
    7.073823 1.705733e+09
    6.935120 1.711287e+09
    6.796418 1.716863e+09
    6.657716 1.722458e+09
    6.519013 1.728071e+09
    6.380311 1.733699e+09
    6.241608 1.739341e+09
    6.102906 1.744994e+09
    5.964204 1.750657e+09
    5.825501 1.756328e+09
    5.686799 1.762006e+09
    5.548096 1.767688e+09
    5.409394 1.773373e+09
    5.270691 1.779059e+09
    5.131989 1.784746e+09
    4.993287 1.790431e+09
    4.854584 1.796114e+09
    4.715882 1.801794e+09
    4.577179 1.807470e+09
    4.438477 1.813141e+09
    4.299775 1.818807e+09
    4.161072 1.824467e+09
    4.022370 1.830122e+09
    3.883667 1.835770e+09
    3.744965 1.841413e+09
    3.606263 1.847050e+09
    3.467560 1.852682e+09
    3.328858 1.858308e+09
    3.190155 1.863931e+09
    3.051453 1.869550e+09
    2.912751 1.875167e+09
    2.774048 1.880781e+09
    2.635346 1.886395e+09
    2.496643 1.892009e+09
    2.357941 1.897624e+09
    2.219239 1.903242e+09
    2.080536 1.908863e+09
    1.941834 1.914489e+09
    1.803131 1.920120e+09
    1.664429 1.925758e+09
    1.525726 1.931404e+09
    1.387024 1.937059e+09
    1.248322 1.942724e+09
    1.109619 1.948400e+09
    0.970917 1.954088e+09
    0.832214 1.959788e+09
    0.693512 1.965500e+09
    0.554810 1.971227e+09
    0.416107 1.976966e+09
    0.277405 1.982720e+09
    0.138702 1.988488e+09
    0.000000 1.994269e+09
   -0.138702 2.000063e+09
   -0.277405 2.005870e+09
   -0.416107 2.011688e+09
   -0.554810 2.017516e+09
   -0.693512 2.023354e+09
   -0.832214 2.029198e+09
   -0.970917 2.035049e+09
   -1.109619 2.040902e+09
   -1.248322 2.046757e+09
   -1.387024 2.052610e+09
   -1.525726 2.058459e+09
   -1.664429 2.064300e+09
   -1.803131 2.070132e+09
   -1.941834 2.075949e+09
   -2.080536 2.081751e+09
   -2.219239 2.087532e+09
   -2.357941 2.093289e+09
   -2.496643 2.099020e+09
   -2.635346 2.104721e+09
   -2.774048 2.110388e+09
   -2.912751 2.116018e+09
   -3.051453 2.121608e+09
   -3.190155 2.127155e+09
   -3.328858 2.132655e+09
   -3.467560 2.138107e+09
   -3.606263 2.143506e+09
   -3.744965 2.148850e+09
   -3.883667 2.154137e+09
   -4.022370 2.159364e+09
   -4.161072 2.164529e+09
   -4.299775 2.169630e+09
   -4.438477 2.174664e+09
   -4.577179 2.179630e+09
   -4.715882 2.184526e+09
   -4.854584 2.189349e+09
   -4.993287 2.194100e+09
   -5.131989 2.198775e+09
   -5.270691 2.203374e+09
   -5.409394 2.207896e+09
   -5.548096 2.212339e+09
   -5.686799 2.216702e+09
   -5.825501 2.220985e+09
   -5.964204 2.225186e+09
   -6.102906 2.229305e+09
   -6.241608 2.233340e+09
   -6.380311 2.237292e+09
   -6.519013 2.241158e+09
   -6.657716 2.244940e+09
   -6.796418 2.248635e+09
   -6.935120 2.252243e+09
   -7.073823 2.255764e+09
   -7.212525 2.259196e+09
   -7.351228 2.262540e+09
   -7.489930 2.265794e+09
   -7.628632 2.268958e+09
   -7.767335 2.272030e+09
   -7.906037 2.275010e+09
   -8.044740 2.277898e+09
   -8.183442 2.280691e+09
   -8.322144 2.283390e+09
   -8.460847 2.285994e+09
   -8.599549 2.288501e+09
   -8.738252 2.290910e+09
   -8.876954 2.293221e+09
   -9.015656 2.295432e+09
   -9.154359 2.297542e+09
   -9.293061 2.299552e+09
   -9.431764 2.301458e+09
   -9.570466 2.303262e+09
   -9.709169 2.304961e+09
   -9.847871 2.306556e+09
   -9.986573 2.308045e+09
  -10.125276 2.309428e+09
  -10.263978 2.310704e+09
  -10.402681 2.311873e+09
  -10.541383 2.312934e+09
  -10.680085 2.313888e+09
  -10.818788 2.314734e+09
  -10.957490 2.315471e+09
  -11.096193 2.316100e+09
  -11.234895 2.316622e+09
  -11.373597 2.317035e+09
  -11.512300 2.317340e+09
  -11.651002 2.317537e+09
  -11.789705 2.317627e+09
  -11.928407 2.317610e+09
  -12.067109 2.317486e+09
  -12.205812 2.317255e+09
  -12.344514 2.316918e+09
  -12.483217 2.316476e+09
  -12.621919 2.315929e+09
  -12.760621 2.315277e+09
  -12.899324 2.314522e+09
  -13.038026 2.313664e+09
  -13.176729 2.312704e+09
  -13.315431 2.311643e+09
  -13.454134 2.310482e+09
  -13.592836 2.309221e+09
  -13.731538 2.307863e+09
  -13.870241 2.306408e+09
  -14.008943 2.304858e+09
  -14.147646 2.303213e+09
  -14.286348 2.301475e+09
  -14.425050 2.299646e+09
  -14.563753 2.297726e+09
  -14.702455 2.295718e+09
  -14.841158 2.293623e+09
  -14.979860 2.291441e+09
  -15.118562 2.289175e+09
  -15.257265 2.286826e+09
  -15.395967 2.284395e+09
  -15.534670 2.281885e+09
  -15.673372 2.279296e+09
  -15.812074 2.276630e+09
  -15.950777 2.273889e+09
  -16.089479 2.271075e+09
  -16.228182 2.268189e+09
  -16.366884 2.265234e+09
  -16.505586 2.262210e+09
  -16.644289 2.259121e+09
  -16.782991 2.255967e+09
  -16.921694 2.252752e+09
  -17.060396 2.249476e+09
  -17.199099 2.246143e+09
  -17.337801 2.242754e+09
  -17.476503 2.239311e+09
  -17.615206 2.235817e+09
  -17.753908 2.232273e+09
  -17.892611 2.228681e+09
  -18.031313 2.225044e+09
  -18.170015 2.221363e+09
  -18.308718 2.217639e+09
  -18.447420 2.213876e+09
  -18.586123 2.210073e+09
  -18.724825 2.206234e+09
  -18.863527 2.202360e+09
  -19.002230 2.198452e+09
  -19.140932 2.194511e+09
  -19.279635 2.190540e+09
  -19.418337 2.186540e+09
  -19.557039 2.182512e+09
  -19.695742 2.178458e+09
  -19.834444 2.174378e+09
  -19.973147 2.170275e+09
  -20.111849 2.166150e+09
  -20.250551 2.162003e+09
  -20.389254 2.157837e+09
  -20.527956 2.153651e+09
  -20.666659 2.149448e+09
  -20.805361 2.145229e+09
  -20.944064 2.140993e+09
  -21.082766 2.136743e+09
  -21.221468 2.132478e+09
  -21.360171 2.128199e+09
  -21.498873 2.123908e+09
  -21.637576 2.119604e+09
  -21.776278 2.115287e+09
  -21.914980 2.110959e+09
  -22.053683 2.106618e+09
  -22.192385 2.102265e+09
  -22.331088 2.097901e+09
  -22.469790 2.093524e+09
  -22.608492 2.089135e+09
  -22.747195 2.084733e+09
  -22.885897 2.080319e+09
  -23.024600 2.075891e+09
  -23.163302 2.071451e+09
  -23.302004 2.066997e+09
  -23.440707 2.062529e+09
  -23.579409 2.058047e+09
  -23.718112 2.053551e+09
  -23.856814 2.049041e+09
  -23.995516 2.044517e+09
  -24.134219 2.039978e+09
  -24.272921 2.035425e+09
  -24.411624 2.030858e+09
  -24.550326 2.026277e+09
  -24.689029 2.021682e+09
  -24.827731 2.017074e+09
  -24.966433 2.012453e+09
  -25.105136 2.007819e+09
  -25.243838 2.003172e+09
  -25.382541 1.998514e+09
  -25.521243 1.993844e+09
  -25.659945 1.989164e+09
  -25.798648 1.984473e+09
  -25.937350 1.979772e+09
  -26.076053 1.975063e+09
  -26.214755 1.970344e+09
  -26.353457 1.965618e+09
  -26.492160 1.960884e+09
  -26.630862 1.956142e+09
  -26.769565 1.951395e+09
  -26.908267 1.946642e+09
  -27.046969 1.941883e+09
  -27.185672 1.937120e+09
  -27.324374 1.932353e+09
  -27.463077 1.927582e+09
  -27.601779 1.922808e+09
  -27.740481 1.918032e+09
  -27.879184 1.913253e+09
  -28.017886 1.908474e+09
  -28.156589 1.903694e+09
  -28.295291 1.898914e+09
  -28.433994 1.894133e+09
  -28.572696 1.889354e+09
  -28.711398 1.884576e+09
  -28.850101 1.879799e+09
  -28.988803 1.875025e+09
  -29.127506 1.870252e+09
  -29.266208 1.865482e+09
  -29.404910 1.860714e+09
  -29.543613 1.855949e+09
  -29.682315 1.851186e+09
  -29.821018 1.846426e+09
  -29.959720 1.841669e+09
  -30.098422 1.836914e+09
  -30.237125 1.832161e+09
  -30.375827 1.827412e+09
  -30.514530 1.822664e+09
  -30.653232 1.817920e+09
  -30.791934 1.813178e+09
  -30.930637 1.808439e+09
  -31.069339 1.803704e+09
  -31.208042 1.798972e+09
  -31.346744 1.794245e+09
  -31.485446 1.789523e+09
  -31.624149 1.784807e+09
  -31.762851 1.780098e+09
  -31.901554 1.775397e+09
  -32.040256 1.770705e+09
  -32.178959 1.766023e+09
  -32.317661 1.761354e+09
  -32.456363 1.756697e+09
  -32.595066 1.752056e+09
  -32.733768 1.747431e+09
  -32.872471 1.742825e+09
  -33.011173 1.738239e+09
  -33.149875 1.733675e+09
  -33.288578 1.729135e+09
  -33.427280 1.724621e+09
  -33.565983 1.720134e+09
  -33.704685 1.715676e+09
  -33.843387 1.711249e+09
  -33.982090 1.706855e+09
  -34.120792 1.702495e+09
  -34.259495 1.698171e+09
  -34.398197 1.693884e+09
  -34.536899 1.689635e+09
  -34.675602 1.685427e+09
  -34.814304 1.681260e+09
  -34.953007 1.677135e+09
  -35.091709 1.673053e+09
  -35.230411 1.669016e+09
  -35.369114 1.665023e+09
  -35.507816 1.661076e+09
  -35.646519 1.657176e+09
  -35.785221 1.653322e+09
  -35.923924 1.649515e+09
  -36.062626 1.645755e+09
  -36.201328 1.642043e+09
  -36.340031 1.638377e+09
  -36.478733 1.634758e+09
  -36.617436 1.631185e+09
  -36.756138 1.627657e+09
  -36.894840 1.624173e+09
  -37.033543 1.620732e+09
  -37.172245 1.617333e+09
  -37.310948 1.613975e+09
  -37.449650 1.610655e+09
  -37.588352 1.607371e+09
  -37.727055 1.604122e+09
  -37.865757 1.600906e+09
  -38.004460 1.597720e+09
  -38.143162 1.594562e+09
  -38.281864 1.591429e+09
  -38.420567 1.588320e+09
  -38.559269 1.585231e+09
  -38.697972 1.582160e+09
  -38.836674 1.579106e+09
  -38.975376 1.576065e+09
  -39.114079 1.573035e+09
  -39.252781 1.570014e+09
  -39.391484 1.567001e+09
  -39.530186 1.563993e+09
  -39.668889 1.560989e+09
  -39.807591 1.557986e+09
  -39.946293 1.554984e+09
  -40.084996 1.551982e+09
  -40.223698 1.548977e+09
  -40.362401 1.545970e+09
  -40.501103 1.542959e+09
  -40.639805 1.539944e+09
  -40.778508 1.536925e+09
  -40.917210 1.533901e+09
  -41.055913 1.530872e+09
  -41.194615 1.527837e+09
  -41.333317 1.524798e+09
  -41.472020 1.521754e+09
  -41.610722 1.518706e+09
  -41.749425 1.515654e+09
  -41.888127 1.512598e+09
  -42.026829 1.509539e+09
  -42.165532 1.506477e+09
  -42.304234 1.503413e+09
  -42.442937 1.500348e+09
  -42.581639 1.497282e+09
  -42.720341 1.494216e+09
  -42.859044 1.491151e+09
  -42.997746 1.488087e+09
  -43.136449 1.485024e+09
  -43.275151 1.481964e+09
  -43.413854 1.478906e+09
  -43.552556 1.475853e+09
  -43.691258 1.472803e+09
  -43.829961 1.469757e+09
  -43.968663 1.466716e+09
  -44.107366 1.463681e+09
  -44.246068 1.460652e+09
  -44.384770 1.457628e+09
  -44.523473 1.454611e+09
  -44.662175 1.451601e+09
  -44.800878 1.448599e+09
  -44.939580 1.445604e+09
  -45.078282 1.442618e+09
  -45.216985 1.439641e+09
  -45.355687 1.436673e+09
  -45.494390 1.433715e+09
  -45.633092 1.430768e+09
  -45.771794 1.427833e+09
  -45.910497 1.424910e+09
  -46.049199 1.422000e+09
  -46.187902 1.419105e+09
  -46.326604 1.416225e+09
  -46.465306 1.413362e+09
  -46.604009 1.410517e+09
  -46.742711 1.407691e+09
  -46.881414 1.404885e+09
  -47.020116 1.402100e+09
  -47.158819 1.399339e+09
  -47.297521 1.396600e+09
  -47.436223 1.393887e+09
  -47.574926 1.391200e+09
  -47.713628 1.388540e+09
  -47.852331 1.385907e+09
  -47.991033 1.383303e+09
  -48.129735 1.380728e+09
  -48.268438 1.378183e+09
  -48.407140 1.375667e+09
  -48.545843 1.373182e+09
  -48.684545 1.370726e+09
  -48.823247 1.368300e+09
  -48.961950 1.365904e+09
  -49.100652 1.363536e+09
  -49.239355 1.361197e+09
  -49.378057 1.358886e+09
  -49.516759 1.356601e+09
  -49.655462 1.354343e+09
  -49.794164 1.352109e+09
  -49.932867 1.349899e+09
  -50.071569 1.347712e+09
  -50.210271 1.345546e+09
  -50.348974 1.343400e+09
  -50.487676 1.341273e+09
  -50.626379 1.339163e+09
  -50.765081 1.337069e+09
  -50.903784 1.334991e+09
  -51.042486 1.332925e+09
  -51.181188 1.330873e+09
  -51.319891 1.328831e+09
  -51.458593 1.326800e+09
  -51.597296 1.324777e+09
  -51.735998 1.322763e+09
  -51.874700 1.320757e+09
  -52.013403 1.318756e+09
  -52.152105 1.316762e+09
  -52.290808 1.314774e+09
  -52.429510 1.312791e+09
  -52.568212 1.310813e+09
  -52.706915 1.308840e+09
  -52.845617 1.306873e+09
  -52.984320 1.304910e+09
  -53.123022 1.302954e+09
  -53.261724 1.301003e+09
  -53.400427 1.299059e+09
  -53.539129 1.297122e+09
  -53.677832 1.295193e+09
  -53.816534 1.293273e+09
  -53.955236 1.291362e+09
  -54.093939 1.289461e+09
  -54.232641 1.287570e+09
  -54.371344 1.285692e+09
  -54.510046 1.283826e+09
  -54.648749 1.281973e+09
  -54.787451 1.280134e+09
  -54.926153 1.278309e+09
  -55.064856 1.276499e+09
  -55.203558 1.274705e+09
  -55.342261 1.272927e+09
  -55.480963 1.271165e+09
  -55.619665 1.269419e+09
  -55.758368 1.267689e+09
  -55.897070 1.265975e+09
  -56.035773 1.264277e+09
  -56.174475 1.262594e+09
  -56.313177 1.260926e+09
  -56.451880 1.259272e+09
  -56.590582 1.257631e+09
  -56.729285 1.256002e+09
  -56.867987 1.254385e+09
  -57.006689 1.252778e+09
  -57.145392 1.251180e+09
  -57.284094 1.249589e+09
  -57.422797 1.248006e+09
  -57.561499 1.246428e+09
  -57.700201 1.244854e+09
  -57.838904 1.243284e+09
  -57.977606 1.241716e+09
  -58.116309 1.240150e+09
  -58.255011 1.238585e+09
  -58.393714 1.237020e+09
  -58.532416 1.235454e+09
  -58.671118 1.233887e+09
  -58.809821 1.232319e+09
  -58.948523 1.230750e+09
  -59.087226 1.229180e+09
  -59.225928 1.227608e+09
  -59.364630 1.226036e+09
  -59.503333 1.224464e+09
  -59.642035 1.222891e+09
  -59.780738 1.221320e+09
  -59.919440 1.219750e+09
  -60.058142 1.218183e+09
  -60.196845 1.216619e+09
  -60.335547 1.215059e+09
  -60.474250 1.213505e+09
  -60.612952 1.211957e+09
  -60.751654 1.210416e+09
  -60.890357 1.208883e+09
  -61.029059 1.207359e+09
  -61.167762 1.205846e+09
  -61.306464 1.204342e+09
  -61.445166 1.202850e+09
  -61.583869 1.201369e+09
  -61.722571 1.199900e+09
  -61.861274 1.198444e+09
  -61.999976 1.196999e+09
  -62.138679 1.195567e+09
  -62.277381 1.194147e+09
  -62.416083 1.192739e+09
  -62.554786 1.191342e+09
  -62.693488 1.189956e+09
  -62.832191 1.188580e+09
  -62.970893 1.187213e+09
  -63.109595 1.185856e+09
  -63.248298 1.184506e+09
  -63.387000 1.183165e+09
  -63.525703 1.181830e+09
  -63.664405 1.180501e+09
  -63.803107 1.179177e+09
  -63.941810 1.177859e+09
  -64.080512 1.176546e+09
  -64.219215 1.175237e+09
  -64.357917 1.173933e+09
  -64.496619 1.172633e+09
  -64.635322 1.171338e+09
  -64.774024 1.170048e+09
  -64.912727 1.168763e+09
  -65.051429 1.167484e+09
  -65.190131 1.166211e+09
  -65.328834 1.164946e+09
  -65.467536 1.163689e+09
  -65.606239 1.162442e+09
  -65.744941 1.161205e+09
  -65.883644 1.159979e+09
  -66.022346 1.158765e+09
  -66.161048 1.157565e+09
  -66.299751 1.156379e+09
  -66.438453 1.155209e+09
  -66.577156 1.154055e+09
  -66.715858 1.152917e+09
  -66.854560 1.151797e+09
  -66.993263 1.150696e+09
  -67.131965 1.149613e+09
  -67.270668 1.148549e+09
  -67.409370 1.147503e+09
  -67.548072 1.146477e+09
  -67.686775 1.145469e+09
  -67.825477 1.144480e+09
  -67.964180 1.143508e+09
  -68.102882 1.142555e+09
  -68.241584 1.141617e+09
  -68.380287 1.140696e+09
  -68.518989 1.139790e+09
  -68.657692 1.138898e+09
  -68.796394 1.138019e+09
  -68.935096 1.137152e+09
  -69.073799 1.136296e+09
  -69.212501 1.135451e+09
  -69.351204 1.134615e+09
  -69.489906 1.133787e+09
  -69.628608 1.132966e+09
  -69.767311 1.132152e+09
  -69.906013 1.131344e+09
  -70.044716 1.130540e+09
  -70.183418 1.129740e+09
  -70.322121 1.128944e+09
  -70.460823 1.128151e+09
  -70.599525 1.127361e+09
  -70.738228 1.126572e+09
  -70.876930 1.125785e+09
  -71.015633 1.124998e+09
  -71.154335 1.124213e+09
  -71.293037 1.123427e+09
  -71.431740 1.122641e+09
  -71.570442 1.121855e+09
  -71.709145 1.121067e+09
  -71.847847 1.120278e+09
  -71.986549 1.119487e+09
  -72.125252 1.118694e+09
  -72.263954 1.117897e+09
  -72.402657 1.117098e+09
  -72.541359 1.116294e+09
  -72.680061 1.115486e+09
  -72.818764 1.114673e+09
  -72.957466 1.113856e+09
  -73.096169 1.113032e+09
  -73.234871 1.112203e+09
  -73.373573 1.111367e+09
  -73.512276 1.110526e+09
  -73.650978 1.109678e+09
  -73.789681 1.108824e+09
  -73.928383 1.107965e+09
  -74.067086 1.107099e+09
  -74.205788 1.106229e+09
  -74.344490 1.105353e+09
  -74.483193 1.104474e+09
  -74.621895 1.103592e+09
  -74.760598 1.102707e+09
  -74.899300 1.101821e+09
  -75.038002 1.100935e+09
  -75.176705 1.100049e+09
  -75.315407 1.099166e+09
  -75.454110 1.098287e+09
  -75.592812 1.097412e+09
  -75.731514 1.096543e+09
  -75.870217 1.095681e+09
  -76.008919 1.094828e+09
  -76.147622 1.093985e+09
  -76.286324 1.093153e+09
  -76.425026 1.092332e+09
  -76.563729 1.091525e+09
  -76.702431 1.090731e+09
  -76.841134 1.089952e+09
  -76.979836 1.089187e+09
  -77.118538 1.088438e+09
  -77.257241 1.087705e+09
  -77.395943 1.086988e+09
  -77.534646 1.086287e+09
  -77.673348 1.085601e+09
  -77.812051 1.084932e+09
  -77.950753 1.084277e+09
  -78.089455 1.083637e+09
  -78.228158 1.083011e+09
  -78.366860 1.082399e+09
  -78.505563 1.081799e+09
  -78.644265 1.081212e+09
  -78.782967 1.080636e+09
  -78.921670 1.080072e+09
  -79.060372 1.079518e+09
  -79.199075 1.078973e+09
  -79.337777 1.078438e+09
  -79.476479 1.077912e+09
  -79.615182 1.077395e+09
  -79.753884 1.076886e+09
  -79.892587 1.076385e+09
  -80.031289 1.075893e+09
  -80.169991 1.075409e+09
  -80.308694 1.074934e+09
  -80.447396 1.074468e+09
  -80.586099 1.074012e+09
  -80.724801 1.073565e+09
  -80.863503 1.073128e+09
  -81.002206 1.072702e+09
  -81.140908 1.072287e+09
  -81.279611 1.071883e+09
  -81.418313 1.071490e+09
  -81.557016 1.071110e+09
  -81.695718 1.070743e+09
  -81.834420 1.070387e+09
  -81.973123 1.070045e+09
  -82.111825 1.069715e+09
  -82.250528 1.069397e+09
  -82.389230 1.069092e+09
  -82.527932 1.068799e+09
  -82.666635 1.068518e+09
  -82.805337 1.068248e+09
  -82.944040 1.067989e+09
  -83.082742 1.067741e+09
  -83.221444 1.067501e+09
  -83.360147 1.067271e+09
  -83.498849 1.067048e+09
  -83.637552 1.066832e+09
  -83.776254 1.066622e+09
  -83.914956 1.066417e+09
  -84.053659 1.066216e+09
  -84.192361 1.066018e+09
  -84.331064 1.065822e+09
  -84.469766 1.065626e+09
  -84.608468 1.065430e+09
  -84.747171 1.065233e+09
  -84.885873 1.065034e+09
  -85.024576 1.064831e+09
  -85.163278 1.064625e+09
  -85.301981 1.064413e+09
  -85.440683 1.064196e+09
  -85.579385 1.063973e+09
  -85.718088 1.063743e+09
  -85.856790 1.063505e+09
  -85.995493 1.063260e+09
  -86.134195 1.063006e+09
  -86.272897 1.062744e+09
  -86.411600 1.062474e+09
  -86.550302 1.062194e+09
  -86.689005 1.061906e+09
  -86.827707 1.061610e+09
  -86.966409 1.061305e+09
  -87.105112 1.060992e+09
  -87.243814 1.060671e+09
  -87.382517 1.060343e+09
  -87.521219 1.060009e+09
  -87.659921 1.059667e+09
  -87.798624 1.059321e+09
  -87.937326 1.058969e+09
  -88.076029 1.058613e+09
  -88.214731 1.058254e+09
  -88.353433 1.057891e+09
  -88.492136 1.057527e+09
  -88.630838 1.057162e+09
  -88.769541 1.056796e+09
  -88.908243 1.056431e+09
  -89.046946 1.056067e+09
  -89.185648 1.055705e+09
  -89.324350 1.055346e+09
  -89.463053 1.054991e+09
  -89.601755 1.054640e+09
  -89.740458 1.054294e+09
  -89.879160 1.053955e+09
  -90.017862 1.053621e+09
  -90.156565 1.053295e+09
  -90.295267 1.052976e+09
  -90.433970 1.052665e+09
  -90.572672 1.052362e+09
  -90.711374 1.052068e+09
  -90.850077 1.051782e+09
  -90.988779 1.051506e+09
  -91.127482 1.051238e+09
  -91.266184 1.050978e+09
  -91.404886 1.050728e+09
  -91.543589 1.050485e+09
  -91.682291 1.050251e+09
  -91.820994 1.050025e+09
  -91.959696 1.049805e+09
  -92.098398 1.049593e+09
  -92.237101 1.049387e+09
  -92.375803 1.049188e+09
  -92.514506 1.048993e+09
  -92.653208 1.048804e+09
  -92.791911 1.048620e+09
  -92.930613 1.048440e+09
  -93.069315 1.048264e+09
  -93.208018 1.048092e+09
  -93.346720 1.047924e+09
  -93.485423 1.047759e+09
  -93.624125 1.047598e+09
  -93.762827 1.047441e+09
  -93.901530 1.047288e+09
  -94.040232 1.047138e+09
  -94.178935 1.046993e+09
  -94.317637 1.046853e+09
  -94.456339 1.046718e+09
  -94.595042 1.046588e+09
  -94.733744 1.046464e+09
  -94.872447 1.046346e+09
  -95.011149 1.046236e+09
  -95.149851 1.046132e+09
  -95.288554 1.046037e+09
  -95.427256 1.045950e+09
  -95.565959 1.045872e+09
  -95.704661 1.045803e+09
  -95.843363 1.045743e+09
  -95.982066 1.045693e+09
  -96.120768 1.045653e+09
  -96.259471 1.045623e+09
  -96.398173 1.045602e+09
  -96.536876 1.045591e+09
  -96.675578 1.045590e+09
  -96.814280 1.045597e+09
  -96.952983 1.045613e+09
  -97.091685 1.045637e+09
  -97.230388 1.045669e+09
  -97.369090 1.045707e+09
  -97.507792 1.045751e+09
  -97.646495 1.045800e+09
  -97.785197 1.045853e+09
  -97.923900 1.045909e+09
  -98.062602 1.045969e+09
  -98.201304 1.046030e+09
  -98.340007 1.046092e+09
  -98.478709 1.046156e+09
  -98.617412 1.046219e+09
  -98.756114 1.046283e+09
  -98.894816 1.046346e+09
  -99.033519 1.046409e+09
  -99.172221 1.046473e+09
  -99.310924 1.046536e+09
  -99.449626 1.046600e+09
  -99.588328 1.046666e+09
  -99.727031 1.046733e+09
  -99.865733 1.046804e+09
 -100.004436 1.046878e+09
 -100.143138 1.046958e+09
 -100.281841 1.047043e+09
 -100.420543 1.047137e+09
 -100.559245 1.047239e+09
 -100.697948 1.047351e+09
 -100.836650 1.047475e+09
 -100.975353 1.047613e+09
 -101.114055 1.047764e+09
 -101.252757 1.047931e+09
 -101.391460 1.048116e+09
 -101.530162 1.048318e+09
 -101.668865 1.048541e+09
 -101.807567 1.048784e+09
 -101.946269 1.049048e+09
 -102.084972 1.049335e+09
 -102.223674 1.049646e+09
 -102.362377 1.049982e+09
 -102.501079 1.050342e+09
 -102.639781 1.050728e+09
 -102.778484 1.051141e+09
 -102.917186 1.051580e+09
 -103.055889 1.052047e+09
 -103.194591 1.052541e+09
 -103.333293 1.053063e+09
 -103.471996 1.053612e+09
 -103.610698 1.054189e+09
 -103.749401 1.054793e+09
 -103.888103 1.055425e+09
 -104.026806 1.056083e+09
 -104.165508 1.056768e+09
 -104.304210 1.057478e+09
 -104.442913 1.058214e+09
 -104.581615 1.058974e+09
 -104.720318 1.059757e+09
 -104.859020 1.060562e+09
 -104.997722 1.061388e+09
 -105.136425 1.062234e+09
 -105.275127 1.063099e+09
 -105.413830 1.063980e+09
 -105.552532 1.064878e+09
 -105.691234 1.065789e+09
 -105.829937 1.066712e+09
 -105.968639 1.067646e+09
 -106.107342 1.068589e+09
 -106.246044 1.069539e+09
 -106.384746 1.070493e+09
 -106.523449 1.071451e+09
 -106.662151 1.072410e+09
 -106.800854 1.073367e+09
 -106.939556 1.074323e+09
 -107.078258 1.075273e+09
 -107.216961 1.076217e+09
 -107.355663 1.077153e+09
 -107.494366 1.078078e+09
 -107.633068 1.078992e+09
 -107.771771 1.079894e+09
 -107.910473 1.080781e+09
 -108.049175 1.081652e+09
 -108.187878 1.082507e+09
 -108.326580 1.083346e+09
 -108.465283 1.084166e+09
 -108.603985 1.084969e+09
 -108.742687 1.085753e+09
 -108.881390 1.086519e+09
 -109.020092 1.087268e+09
 -109.158795 1.087999e+09
 -109.297497 1.088714e+09
 -109.436199 1.089412e+09
 -109.574902 1.090096e+09
 -109.713604 1.090767e+09
 -109.852307 1.091425e+09
 -109.991009 1.092072e+09
 -110.129711 1.092710e+09
 -110.268414 1.093341e+09
 -110.407116 1.093965e+09
 -110.545819 1.094586e+09
 -110.684521 1.095205e+09
 -110.823223 1.095824e+09
 -110.961926 1.096445e+09
 -111.100628 1.097070e+09
 -111.239331 1.097700e+09
 -111.378033 1.098339e+09
 -111.516736 1.098987e+09
 -111.655438 1.099647e+09
 -111.794140 1.100320e+09
 -111.932843 1.101008e+09
 -112.071545 1.101712e+09
 -112.210248 1.102435e+09
 -112.348950 1.103176e+09
 -112.487652 1.103937e+09
 -112.626355 1.104719e+09
 -112.765057 1.105523e+09
 -112.903760 1.106349e+09
 -113.042462 1.107198e+09
 -113.181164 1.108068e+09
 -113.319867 1.108962e+09
 -113.458569 1.109878e+09
 -113.597272 1.110815e+09
 -113.735974 1.111774e+09
 -113.874676 1.112754e+09
 -114.013379 1.113754e+09
 -114.152081 1.114773e+09
 -114.290784 1.115811e+09
 -114.429486 1.116866e+09
 -114.568188 1.117938e+09
 -114.706891 1.119025e+09
 -114.845593 1.120128e+09
 -114.984296 1.121245e+09
 -115.122998 1.122375e+09
 -115.261701 1.123518e+09
 -115.400403 1.124674e+09
 -115.539105 1.125842e+09
 -115.677808 1.127021e+09
 -115.816510 1.128212e+09
 -115.955213 1.129415e+09
 -116.093915 1.130629e+09
 -116.232617 1.131855e+09
 -116.371320 1.133093e+09
 -116.510022 1.134344e+09
 -116.648725 1.135607e+09
 -116.787427 1.136884e+09
 -116.926129 1.138175e+09
 -117.064832 1.139480e+09
 -117.203534 1.140800e+09
 -117.342237 1.142136e+09
 -117.480939 1.143487e+09
 -117.619641 1.144855e+09
 -117.758344 1.146240e+09
 -117.897046 1.147641e+09
 -118.035749 1.149059e+09
 -118.174451 1.150495e+09
 -118.313153 1.151947e+09
 -118.451856 1.153417e+09
 -118.590558 1.154903e+09
 -118.729261 1.156406e+09
 -118.867963 1.157925e+09
 -119.006666 1.159460e+09
 -119.145368 1.161011e+09
 -119.284070 1.162578e+09
 -119.422773 1.164159e+09
 -119.561475 1.165756e+09
 -119.700178 1.167367e+09
 -119.838880 1.168993e+09
 -119.977582 1.170633e+09
 -120.116285 1.172288e+09
 -120.254987 1.173956e+09
 -120.393690 1.175640e+09
 -120.532392 1.177337e+09
 -120.671094 1.179049e+09
 -120.809797 1.180775e+09
 -120.948499 1.182516e+09
 -121.087202 1.184271e+09
 -121.225904 1.186042e+09
 -121.364606 1.187827e+09
 -121.503309 1.189626e+09
 -121.642011 1.191440e+09
 -121.780714 1.193269e+09
 -121.919416 1.195112e+09
 -122.058118 1.196968e+09
 -122.196821 1.198838e+09
 -122.335523 1.200721e+09
 -122.474226 1.202617e+09
 -122.612928 1.204524e+09
 -122.751631 1.206442e+09
 -122.890333 1.208371e+09
 -123.029035 1.210308e+09
 -123.167738 1.212254e+09
 -123.306440 1.214207e+09
 -123.445143 1.216165e+09
 -123.583845 1.218129e+09
 -123.722547 1.220096e+09
 -123.861250 1.222065e+09
 -123.999952 1.224035e+09
 -124.138655 1.226006e+09
 -124.277357 1.227974e+09
 -124.416059 1.229940e+09
 -124.554762 1.231903e+09
 -124.693464 1.233860e+09
 -124.832167 1.235811e+09
 -124.970869 1.237756e+09
 -125.109571 1.239692e+09
 -125.248274 1.241620e+09
 -125.386976 1.243538e+09
 -125.525679 1.245446e+09
 -125.664381 1.247344e+09
 -125.803083 1.249230e+09
 -125.941786 1.251106e+09
 -126.080488 1.252970e+09
 -126.219191 1.254822e+09
 -126.357893 1.256663e+09
 -126.496596 1.258493e+09
 -126.635298 1.260311e+09
 -126.774000 1.262119e+09
 -126.912703 1.263915e+09
 -127.051405 1.265702e+09
 -127.190108 1.267479e+09
 -127.328810 1.269246e+09
 -127.467512 1.271005e+09
 -127.606215 1.272755e+09
 -127.744917 1.274498e+09
 -127.883620 1.276233e+09
 -128.022322 1.277962e+09
 -128.161024 1.279686e+09
 -128.299727 1.281405e+09
 -128.438429 1.283119e+09
 -128.577132 1.284830e+09
 -128.715834 1.286538e+09
 -128.854536 1.288244e+09
 -128.993239 1.289949e+09
 -129.131941 1.291654e+09
 -129.270644 1.293358e+09
 -129.409346 1.295064e+09
 -129.548048 1.296770e+09
 -129.686751 1.298478e+09
 -129.825453 1.300189e+09
 -129.964156 1.301901e+09
 -130.102858 1.303616e+09
 -130.241561 1.305333e+09
 -130.380263 1.307052e+09
 -130.518965 1.308772e+09
 -130.657668 1.310493e+09
 -130.796370 1.312214e+09
 -130.935073 1.313932e+09
 -131.073775 1.315648e+09
 -131.212477 1.317360e+09
 -131.351180 1.319065e+09
 -131.489882 1.320761e+09
 -131.628585 1.322448e+09
 -131.767287 1.324121e+09
 -131.905989 1.325780e+09
 -132.044692 1.327420e+09
 -132.183394 1.329041e+09
 -132.322097 1.330640e+09
 -132.460799 1.332213e+09
 -132.599501 1.333760e+09
 -132.738204 1.335277e+09
 -132.876906 1.336762e+09
 -133.015609 1.338214e+09
 -133.154311 1.339631e+09
 -133.293013 1.341012e+09
 -133.431716 1.342354e+09
 -133.570418 1.343658e+09
 -133.709121 1.344922e+09
 -133.847823 1.346146e+09
 -133.986526 1.347329e+09
 -134.125228 1.348471e+09
 -134.263930 1.349573e+09
 -134.402633 1.350635e+09
 -134.541335 1.351656e+09
 -134.680038 1.352638e+09
 -134.818740 1.353582e+09
 -134.957442 1.354487e+09
 -135.096145 1.355355e+09
 -135.234847 1.356187e+09
 -135.373550 1.356983e+09
 -135.512252 1.357745e+09
 -135.650954 1.358474e+09
 -135.789657 1.359169e+09
 -135.928359 1.359833e+09
 -136.067062 1.360465e+09
 -136.205764 1.361067e+09
 -136.344466 1.361639e+09
 -136.483169 1.362182e+09
 -136.621871 1.362697e+09
 -136.760574 1.363183e+09
 -136.899276 1.363641e+09
 -137.037978 1.364072e+09
 -137.176681 1.364475e+09
 -137.315383 1.364851e+09
 -137.454086 1.365200e+09
 -137.592788 1.365521e+09
 -137.731491 1.365815e+09
 -137.870193 1.366080e+09
 -138.008895 1.366317e+09
 -138.147598 1.366525e+09
 -138.286300 1.366704e+09
 -138.425003 1.366852e+09
 -138.563705 1.366969e+09
 -138.702407 1.367055e+09
 -138.841110 1.367108e+09
 -138.979812 1.367128e+09
 -139.118515 1.367113e+09
 -139.257217 1.367062e+09
 -139.395919 1.366974e+09
 -139.534622 1.366849e+09
 -139.673324 1.366686e+09
 -139.812027 1.366482e+09
 -139.950729 1.366238e+09
 -140.089431 1.365952e+09
 -140.228134 1.365624e+09
 -140.366836 1.365252e+09
 -140.505539 1.364837e+09
 -140.644241 1.364376e+09
 -140.782943 1.363871e+09
 -140.921646 1.363320e+09
 -141.060348 1.362722e+09
 -141.199051 1.362079e+09
 -141.337753 1.361390e+09
 -141.476456 1.360654e+09
 -141.615158 1.359873e+09
 -141.753860 1.359046e+09
 -141.892563 1.358173e+09
 -142.031265 1.357257e+09
 -142.169968 1.356296e+09
 -142.308670 1.355292e+09
 -142.447372 1.354246e+09
 -142.586075 1.353159e+09
 -142.724777 1.352032e+09
 -142.863480 1.350865e+09
 -143.002182 1.349661e+09
 -143.140884 1.348421e+09
 -143.279587 1.347145e+09
 -143.418289 1.345836e+09
 -143.556992 1.344494e+09
 -143.695694 1.343122e+09
 -143.834396 1.341719e+09
 -143.973099 1.340288e+09
 -144.111801 1.338830e+09
 -144.250504 1.337346e+09
 -144.389206 1.335837e+09
 -144.527908 1.334304e+09
 -144.666611 1.332748e+09
 -144.805313 1.331170e+09
 -144.944016 1.329571e+09
 -145.082718 1.327951e+09
 -145.221421 1.326311e+09
 -145.360123 1.324651e+09
 -145.498825 1.322972e+09
 -145.637528 1.321274e+09
 -145.776230 1.319557e+09
 -145.914933 1.317821e+09
 -146.053635 1.316067e+09
 -146.192337 1.314294e+09
 -146.331040 1.312502e+09
 -146.469742 1.310692e+09
 -146.608445 1.308863e+09
 -146.747147 1.307015e+09
 -146.885849 1.305149e+09
 -147.024552 1.303263e+09
 -147.163254 1.301359e+09
 -147.301957 1.299436e+09
 -147.440659 1.297493e+09
 -147.579361 1.295533e+09
 -147.718064 1.293553e+09
 -147.856766 1.291555e+09
 -147.995469 1.289539e+09
 -148.134171 1.287505e+09
 -148.272873 1.285453e+09
 -148.411576 1.283384e+09
 -148.550278 1.281298e+09
 -148.688981 1.279196e+09
 -148.827683 1.277079e+09
 -148.966386 1.274946e+09
 -149.105088 1.272799e+09
 -149.243790 1.270638e+09
 -149.382493 1.268463e+09
 -149.521195 1.266276e+09
 -149.659898 1.264077e+09
 -149.798600 1.261866e+09
 -149.937302 1.259644e+09
 -150.076005 1.257412e+09
 -150.214707 1.255169e+09
 -150.353410 1.252917e+09
 -150.492112 1.250655e+09
 -150.630814 1.248384e+09
 -150.769517 1.246104e+09
 -150.908219 1.243815e+09
 -151.046922 1.241517e+09
 -151.185624 1.239210e+09
 -151.324326 1.236895e+09
 -151.463029 1.234570e+09
 -151.601731 1.232236e+09
 -151.740434 1.229892e+09
 -151.879136 1.227538e+09
 -152.017838 1.225174e+09
 -152.156541 1.222799e+09
 -152.295243 1.220413e+09
 -152.433946 1.218015e+09
 -152.572648 1.215605e+09
 -152.711351 1.213183e+09
 -152.850053 1.210746e+09
 -152.988755 1.208296e+09
 -153.127458 1.205832e+09
 -153.266160 1.203353e+09
 -153.404863 1.200859e+09
 -153.543565 1.198349e+09
 -153.682267 1.195823e+09
 -153.820970 1.193281e+09
 -153.959672 1.190723e+09
 -154.098375 1.188148e+09
 -154.237077 1.185556e+09
 -154.375779 1.182948e+09
 -154.514482 1.180323e+09
 -154.653184 1.177681e+09
 -154.791887 1.175023e+09
 -154.930589 1.172350e+09
 -155.069291 1.169660e+09
 -155.207994 1.166955e+09
 -155.346696 1.164235e+09
 -155.485399 1.161501e+09
 -155.624101 1.158753e+09
 -155.762803 1.155991e+09
 -155.901506 1.153217e+09
 -156.040208 1.150431e+09
 -156.178911 1.147633e+09
 -156.317613 1.144824e+09
 -156.456316 1.142006e+09
 -156.595018 1.139178e+09
 -156.733720 1.136342e+09
 -156.872423 1.133498e+09
 -157.011125 1.130647e+09
 -157.149828 1.127789e+09
 -157.288530 1.124927e+09
 -157.427232 1.122059e+09
 -157.565935 1.119188e+09
 -157.704637 1.116313e+09
 -157.843340 1.113435e+09
 -157.982042 1.110554e+09
 -158.120744 1.107671e+09
 -158.259447 1.104786e+09
 -158.398149 1.101900e+09
 -158.536852 1.099011e+09
 -158.675554 1.096120e+09
 -158.814256 1.093228e+09
 -158.952959 1.090332e+09
 -159.091661 1.087435e+09
 -159.230364 1.084533e+09
 -159.369066 1.081628e+09
 -159.507768 1.078719e+09
 -159.646471 1.075804e+09
 -159.785173 1.072884e+09
 -159.923876 1.069958e+09
 -160.062578 1.067025e+09
 -160.201281 1.064085e+09
 -160.339983 1.061137e+09
 -160.478685 1.058182e+09
 -160.617388 1.055218e+09
 -160.756090 1.052247e+09
 -160.894793 1.049268e+09
 -161.033495 1.046282e+09
 -161.172197 1.043290e+09
 -161.310900 1.040292e+09
 -161.449602 1.037290e+09
 -161.588305 1.034284e+09
 -161.727007 1.031278e+09
 -161.865709 1.028272e+09
 -162.004412 1.025268e+09
 -162.143114 1.022269e+09
 -162.281817 1.019276e+09
 -162.420519 1.016293e+09
 -162.559221 1.013322e+09
 -162.697924 1.010364e+09
 -162.836626 1.007424e+09
 -162.975329 1.004503e+09
 -163.114031 1.001604e+09
 -163.252733 9.987286e+08
 -163.391436 9.958803e+08
 -163.530138 9.930607e+08
 -163.668841 9.902718e+08
 -163.807543 9.875154e+08
 -163.946246 9.847930e+08
 -164.084948 9.821060e+08
 -164.223650 9.794554e+08
 -164.362353 9.768419e+08
 -164.501055 9.742660e+08
 -164.639758 9.717280e+08
 -164.778460 9.692279e+08
 -164.917162 9.667653e+08
 -165.055865 9.643397e+08
 -165.194567 9.619504e+08
 -165.333270 9.595962e+08
 -165.471972 9.572759e+08
 -165.610674 9.549882e+08
 -165.749377 9.527313e+08
 -165.888079 9.505036e+08
 -166.026782 9.483031e+08
 -166.165484 9.461278e+08
 -166.304186 9.439755e+08
 -166.442889 9.418440e+08
 -166.581591 9.397310e+08
 -166.720294 9.376341e+08
 -166.858996 9.355510e+08
 -166.997698 9.334794e+08
 -167.136401 9.314169e+08
 -167.275103 9.293612e+08
 -167.413806 9.273101e+08
 -167.552508 9.252616e+08
 -167.691211 9.232135e+08
 -167.829913 9.211642e+08
 -167.968615 9.191117e+08
 -168.107318 9.170546e+08
 -168.246020 9.149915e+08
 -168.384723 9.129211e+08
 -168.523425 9.108424e+08
 -168.662127 9.087544e+08
 -168.800830 9.066564e+08
 -168.939532 9.045478e+08
 -169.078235 9.024282e+08
 -169.216937 9.002971e+08
 -169.355639 8.981545e+08
 -169.494342 8.960001e+08
 -169.633044 8.938340e+08
 -169.771747 8.916560e+08
 -169.910449 8.894664e+08
 -170.049151 8.872652e+08
 -170.187854 8.850525e+08
 -170.326556 8.828284e+08
 -170.465259 8.805933e+08
 -170.603961 8.783471e+08
 -170.742663 8.760901e+08
 -170.881366 8.738224e+08
 -171.020068 8.715441e+08
 -171.158771 8.692553e+08
 -171.297473 8.669563e+08
 -171.436176 8.646471e+08
 -171.574878 8.623277e+08
 -171.713580 8.599985e+08
 -171.852283 8.576594e+08
 -171.990985 8.553106e+08
 -172.129688 8.529523e+08
 -172.268390 8.505848e+08
 -172.407092 8.482082e+08
 -172.545795 8.458230e+08
 -172.684497 8.434294e+08
 -172.823200 8.410280e+08
 -172.961902 8.386192e+08
 -173.100604 8.362038e+08
 -173.239307 8.337825e+08
 -173.378009 8.313561e+08
 -173.516712 8.289255e+08
 -173.655414 8.264918e+08
 -173.794116 8.240561e+08
 -173.932819 8.216198e+08
 -174.071521 8.191840e+08
 -174.210224 8.167502e+08
 -174.348926 8.143199e+08
 -174.487628 8.118945e+08
 -174.626331 8.094757e+08
 -174.765033 8.070649e+08
 -174.903736 8.046638e+08
 -175.042438 8.022738e+08
 -175.181141 7.998965e+08
 -175.319843 7.975333e+08
 -175.458545 7.951857e+08
 -175.597248 7.928548e+08
 -175.735950 7.905420e+08
 -175.874653 7.882483e+08
 -176.013355 7.859748e+08
 -176.152057 7.837224e+08
 -176.290760 7.814918e+08
 -176.429462 7.792837e+08
 -176.568165 7.770987e+08
 -176.706867 7.749371e+08
 -176.845569 7.727994e+08
 -176.984272 7.706857e+08
 -177.122974 7.685962e+08
 -177.261677 7.665309e+08
 -177.400379 7.644898e+08
 -177.539081 7.624728e+08
 -177.677784 7.604799e+08
 -177.816486 7.585107e+08
 -177.955189 7.565650e+08
 -178.093891 7.546428e+08
 -178.232593 7.527437e+08
 -178.371296 7.508674e+08
 -178.509998 7.490138e+08
 -178.648701 7.471826e+08
 -178.787403 7.453736e+08
 -178.926106 7.435865e+08
 -179.064808 7.418213e+08
 -179.203510 7.400776e+08
 -179.342213 7.383554e+08
 -179.480915 7.366544e+08
 -179.619618 7.349746e+08
 -179.758320 7.333158e+08
 -179.897022 7.316778e+08
 -180.035725 7.300604e+08
 -180.174427 7.284635e+08
 -180.313130 7.268869e+08
 -180.451832 7.253303e+08
 -180.590534 7.237934e+08
 -180.729237 7.222759e+08
 -180.867939 7.207774e+08
 -181.006642 7.192976e+08
 -181.145344 7.178358e+08
 -181.284046 7.163916e+08
 -181.422749 7.149645e+08
 -181.561451 7.135537e+08
 -181.700154 7.121586e+08
 -181.838856 7.107785e+08
 -181.977558 7.094128e+08
 -182.116261 7.080607e+08
 -182.254963 7.067215e+08
 -182.393666 7.053945e+08
 -182.532368 7.040791e+08
 -182.671071 7.027746e+08
 -182.809773 7.014804e+08
 -182.948475 7.001961e+08
 -183.087178 6.989211e+08
 -183.225880 6.976551e+08
 -183.364583 6.963978e+08
 -183.503285 6.951488e+08
 -183.641987 6.939078e+08
 -183.780690 6.926748e+08
 -183.919392 6.914496e+08
 -184.058095 6.902320e+08
 -184.196797 6.890219e+08
 -184.335499 6.878192e+08
 -184.474202 6.866237e+08
 -184.612904 6.854353e+08
 -184.751607 6.842538e+08
 -184.890309 6.830790e+08
 -185.029011 6.819104e+08
 -185.167714 6.807477e+08
 -185.306416 6.795905e+08
 -185.445119 6.784382e+08
 -185.583821 6.772902e+08
 -185.722523 6.761459e+08
 -185.861226 6.750045e+08
 -185.999928 6.738653e+08
 -186.138631 6.727275e+08
 -186.277333 6.715901e+08
 -186.416036 6.704525e+08
 -186.554738 6.693138e+08
 -186.693440 6.681732e+08
 -186.832143 6.670298e+08
 -186.970845 6.658831e+08
 -187.109548 6.647323e+08
 -187.248250 6.635770e+08
 -187.386952 6.624165e+08
 -187.525655 6.612505e+08
 -187.664357 6.600787e+08
 -187.803060 6.589008e+08
 -187.941762 6.577166e+08
 -188.080464 6.565262e+08
 -188.219167 6.553293e+08
 -188.357869 6.541262e+08
 -188.496572 6.529169e+08
 -188.635274 6.517014e+08
 -188.773976 6.504800e+08
 -188.912679 6.492528e+08
 -189.051381 6.480199e+08
 -189.190084 6.467815e+08
 -189.328786 6.455377e+08
 -189.467488 6.442887e+08
 -189.606191 6.430345e+08
 -189.744893 6.417752e+08
 -189.883596 6.405109e+08
 -190.022298 6.392415e+08
 -190.161001 6.379669e+08
 -190.299703 6.366873e+08
 -190.438405 6.354024e+08
 -190.577108 6.341122e+08
 -190.715810 6.328166e+08
 -190.854513 6.315156e+08
 -190.993215 6.302091e+08
 -191.131917 6.288970e+08
 -191.270620 6.275793e+08
 -191.409322 6.262561e+08
 -191.548025 6.249274e+08
 -191.686727 6.235934e+08
 -191.825429 6.222542e+08
 -191.964132 6.209103e+08
 -192.102834 6.195618e+08
 -192.241537 6.182092e+08
 -192.380239 6.168530e+08
 -192.518941 6.154938e+08
 -192.657644 6.141321e+08
 -192.796346 6.127687e+08
 -192.935049 6.114043e+08
 -193.073751 6.100396e+08
 -193.212453 6.086755e+08
 -193.351156 6.073127e+08
 -193.489858 6.059521e+08
 -193.628561 6.045945e+08
 -193.767263 6.032408e+08
 -193.905966 6.018918e+08
 -194.044668 6.005483e+08
 -194.183370 5.992111e+08
 -194.322073 5.978811e+08
 -194.460775 5.965591e+08
 -194.599478 5.952459e+08
 -194.738180 5.939422e+08
 -194.876882 5.926489e+08
 -195.015585 5.913668e+08
 -195.154287 5.900966e+08
 -195.292990 5.888393e+08
 -195.431692 5.875955e+08
 -195.570394 5.863662e+08
 -195.709097 5.851521e+08
 -195.847799 5.839540e+08
 -195.986502 5.827725e+08
 -196.125204 5.816084e+08
 -196.263906 5.804623e+08
 -196.402609 5.793347e+08
 -196.541311 5.782259e+08
 -196.680014 5.771364e+08
 -196.818716 5.760662e+08
 -196.957418 5.750153e+08
 -197.096121 5.739837e+08
 -197.234823 5.729709e+08
 -197.373526 5.719766e+08
 -197.512228 5.709999e+08
 -197.650931 5.700401e+08
 -197.789633 5.690961e+08
 -197.928335 5.681668e+08
 -198.067038 5.672508e+08
 -198.205740 5.663465e+08
 -198.344443 5.654525e+08
 -198.483145 5.645668e+08
 -198.621847 5.636878e+08
 -198.760550 5.628135e+08
 -198.899252 5.619420e+08
 -199.037955 5.610712e+08
 -199.176657 5.601993e+08
 -199.315359 5.593242e+08
 -199.454062 5.584441e+08
 -199.592764 5.575570e+08
 -199.731467 5.566612e+08
 -199.870169 5.557550e+08
 -200.008871 5.548367e+08
 -200.147574 5.539050e+08
 -200.286276 5.529584e+08
 -200.424979 5.519959e+08
 -200.563681 5.510163e+08
 -200.702383 5.500187e+08
 -200.841086 5.490026e+08
 -200.979788 5.479674e+08
 -201.118491 5.469127e+08
 -201.257193 5.458384e+08
 -201.395896 5.447444e+08
 -201.534598 5.436310e+08
 -201.673300 5.424986e+08
 -201.812003 5.413476e+08
 -201.950705 5.401786e+08
 -202.089408 5.389924e+08
 -202.228110 5.377899e+08
 -202.366812 5.365721e+08
 -202.505515 5.353400e+08
 -202.644217 5.340947e+08
 -202.782920 5.328373e+08
 -202.921622 5.315691e+08
 -203.060324 5.302911e+08
 -203.199027 5.290047e+08
 -203.337729 5.277108e+08
 -203.476432 5.264106e+08
 -203.615134 5.251051e+08
 -203.753836 5.237954e+08
 -203.892539 5.224824e+08
 -204.031241 5.211669e+08
 -204.169944 5.198499e+08
 -204.308646 5.185320e+08
 -204.447348 5.172139e+08
 -204.586051 5.158963e+08
 -204.724753 5.145797e+08
 -204.863456 5.132646e+08
 -205.002158 5.119515e+08
 -205.140861 5.106408e+08
 -205.279563 5.093328e+08
 -205.418265 5.080281e+08
 -205.556968 5.067267e+08
 -205.695670 5.054292e+08
 -205.834373 5.041359e+08
 -205.973075 5.028470e+08
 -206.111777 5.015629e+08
 -206.250480 5.002840e+08
 -206.389182 4.990107e+08
 -206.527885 4.977432e+08
 -206.666587 4.964821e+08
 -206.805289 4.952278e+08
 -206.943992 4.939806e+08
 -207.082694 4.927410e+08
 -207.221397 4.915094e+08
 -207.360099 4.902862e+08
 -207.498801 4.890717e+08
 -207.637504 4.878663e+08
 -207.776206 4.866702e+08
 -207.914909 4.854834e+08
 -208.053611 4.843063e+08
 -208.192313 4.831386e+08
 -208.331016 4.819803e+08
 -208.469718 4.808312e+08
 -208.608421 4.796909e+08
 -208.747123 4.785591e+08
 -208.885825 4.774353e+08
 -209.024528 4.763188e+08
 -209.163230 4.752090e+08
 -209.301933 4.741052e+08
 -209.440635 4.730066e+08
 -209.579338 4.719126e+08
 -209.718040 4.708223e+08
 -209.856742 4.697350e+08
 -209.995445 4.686501e+08
 -210.134147 4.675669e+08
 -210.272850 4.664849e+08
 -210.411552 4.654037e+08
 -210.550254 4.643230e+08
 -210.688957 4.632427e+08
 -210.827659 4.621628e+08
 -210.966362 4.610833e+08
 -211.105064 4.600047e+08
 -211.243766 4.589273e+08
 -211.382469 4.578519e+08
 -211.521171 4.567791e+08
 -211.659874 4.557100e+08
 -211.798576 4.546455e+08
 -211.937278 4.535870e+08
 -212.075981 4.525357e+08
 -212.214683 4.514930e+08
 -212.353386 4.504605e+08
 -212.492088 4.494396e+08
 -212.630790 4.484321e+08
 -212.769493 4.474394e+08
 -212.908195 4.464633e+08
 -213.046898 4.455053e+08
 -213.185600 4.445669e+08
 -213.324303 4.436497e+08
 -213.463005 4.427549e+08
 -213.601707 4.418840e+08
 -213.740410 4.410378e+08
 -213.879112 4.402176e+08
 -214.017815 4.394239e+08
 -214.156517 4.386574e+08
 -214.295219 4.379186e+08
 -214.433922 4.372076e+08
 -214.572624 4.365244e+08
 -214.711327 4.358688e+08
 -214.850029 4.352403e+08
 -214.988731 4.346382e+08
 -215.127434 4.340619e+08
 -215.266136 4.335102e+08
 -215.404839 4.329819e+08
 -215.543541 4.324759e+08
 -215.682243 4.319907e+08
 -215.820946 4.315247e+08
 -215.959648 4.310764e+08
 -216.098351 4.306443e+08
 -216.237053 4.302266e+08
 -216.375755 4.298218e+08
 -216.514458 4.294283e+08
 -216.653160 4.290445e+08
 -216.791863 4.286691e+08
 -216.930565 4.283006e+08
 -217.069268 4.279378e+08
 -217.207970 4.275795e+08
 -217.346672 4.272248e+08
 -217.485375 4.268728e+08
 -217.624077 4.265226e+08
 -217.762780 4.261738e+08
 -217.901482 4.258259e+08
 -218.040184 4.254785e+08
 -218.178887 4.251315e+08
 -218.317589 4.247847e+08
 -218.456292 4.244382e+08
 -218.594994 4.240922e+08
 -218.733696 4.237468e+08
 -218.872399 4.234024e+08
 -219.011101 4.230593e+08
 -219.149804 4.227178e+08
 -219.288506 4.223785e+08
 -219.427208 4.220416e+08
 -219.565911 4.217077e+08
 -219.704613 4.213770e+08
 -219.843316 4.210500e+08
 -219.982018 4.207269e+08
 -220.120720 4.204079e+08
 -220.259423 4.200932e+08
 -220.398125 4.197830e+08
 -220.536828 4.194771e+08
 -220.675530 4.191756e+08
 -220.814233 4.188782e+08
 -220.952935 4.185848e+08
 -221.091637 4.182949e+08
 -221.230340 4.180083e+08
 -221.369042 4.177245e+08
 -221.507745 4.174430e+08
 -221.646447 4.171632e+08
 -221.785149 4.168846e+08
 -221.923852 4.166066e+08
 -222.062554 4.163286e+08
 -222.201257 4.160499e+08
 -222.339959 4.157701e+08
 -222.478661 4.154885e+08
 -222.617364 4.152046e+08
 -222.756066 4.149178e+08
 -222.894769 4.146279e+08
 -223.033471 4.143342e+08
 -223.172173 4.140366e+08
 -223.310876 4.137346e+08
 -223.449578 4.134281e+08
 -223.588281 4.131169e+08
 -223.726983 4.128008e+08
 -223.865685 4.124799e+08
 -224.004388 4.121540e+08
 -224.143090 4.118234e+08
 -224.281793 4.114879e+08
 -224.420495 4.111479e+08
 -224.559198 4.108035e+08
 -224.697900 4.104548e+08
 -224.836602 4.101022e+08
 -224.975305 4.097459e+08
 -225.114007 4.093861e+08
 -225.252710 4.090232e+08
 -225.391412 4.086575e+08
 -225.530114 4.082893e+08
 -225.668817 4.079189e+08
 -225.807519 4.075465e+08
 -225.946222 4.071725e+08
 -226.084924 4.067972e+08
 -226.223626 4.064209e+08
 -226.362329 4.060438e+08
 -226.501031 4.056662e+08
 -226.639734 4.052883e+08
 -226.778436 4.049103e+08
 -226.917138 4.045326e+08
 -227.055841 4.041552e+08
 -227.194543 4.037784e+08
 -227.333246 4.034022e+08
 -227.471948 4.030269e+08
 -227.610650 4.026525e+08
 -227.749353 4.022790e+08
 -227.888055 4.019066e+08
 -228.026758 4.015350e+08
 -228.165460 4.011644e+08
 -228.304163 4.007946e+08
 -228.442865 4.004254e+08
 -228.581567 4.000567e+08
 -228.720270 3.996883e+08
 -228.858972 3.993200e+08
 -228.997675 3.989516e+08
 -229.136377 3.985829e+08
 -229.275079 3.982136e+08
 -229.413782 3.978435e+08
 -229.552484 3.974726e+08
 -229.691187 3.971007e+08
 -229.829889 3.967278e+08
 -229.968591 3.963539e+08
 -230.107294 3.959792e+08
 -230.245996 3.956038e+08
 -230.384699 3.952280e+08
 -230.523401 3.948523e+08
 -230.662103 3.944771e+08
 -230.800806 3.941030e+08
 -230.939508 3.937306e+08
 -231.078211 3.933605e+08
 -231.216913 3.929936e+08
 -231.355615 3.926306e+08
 -231.494318 3.922722e+08
 -231.633020 3.919192e+08
 -231.771723 3.915723e+08
 -231.910425 3.912321e+08
 -232.049128 3.908992e+08
 -232.187830 3.905740e+08
 -232.326532 3.902568e+08
 -232.465235 3.899479e+08
 -232.603937 3.896473e+08
 -232.742640 3.893549e+08
 -232.881342 3.890704e+08
 -233.020044 3.887934e+08
 -233.158747 3.885233e+08
 -233.297449 3.882594e+08
 -233.436152 3.880007e+08
 -233.574854 3.877465e+08
 -233.713556 3.874954e+08
 -233.852259 3.872464e+08
 -233.990961 3.869983e+08
 -234.129664 3.867497e+08
 -234.268366 3.864993e+08
 -234.407068 3.862457e+08
 -234.545771 3.859878e+08
 -234.684473 3.857242e+08
 -234.823176 3.854537e+08
 -234.961878 3.851752e+08
 -235.100580 3.848875e+08
 -235.239283 3.845897e+08
 -235.377985 3.842808e+08
 -235.516688 3.839600e+08
 -235.655390 3.836268e+08
 -235.794093 3.832803e+08
 -235.932795 3.829202e+08
 -236.071497 3.825461e+08
 -236.210200 3.821576e+08
 -236.348902 3.817546e+08
 -236.487605 3.813368e+08
 -236.626307 3.809043e+08
 -236.765009 3.804571e+08
 -236.903712 3.799952e+08
 -237.042414 3.795188e+08
 -237.181117 3.790281e+08
 -237.319819 3.785233e+08
 -237.458521 3.780047e+08
 -237.597224 3.774725e+08
 -237.735926 3.769272e+08
 -237.874629 3.763690e+08
 -238.013331 3.757985e+08
 -238.152033 3.752160e+08
 -238.290736 3.746220e+08
 -238.429438 3.740170e+08
 -238.568141 3.734015e+08
 -238.706843 3.727760e+08
 -238.845545 3.721410e+08
 -238.984248 3.714971e+08
 -239.122950 3.708449e+08
 -239.261653 3.701849e+08
 -239.400355 3.695177e+08
 -239.539058 3.688437e+08
 -239.677760 3.681636e+08
 -239.816462 3.674778e+08
 -239.955165 3.667869e+08
 -240.093867 3.660912e+08
 -240.232570 3.653913e+08
 -240.371272 3.646874e+08
 -240.509974 3.639801e+08
 -240.648677 3.632697e+08
 -240.787379 3.625564e+08
 -240.926082 3.618407e+08
 -241.064784 3.611229e+08
 -241.203486 3.604032e+08
 -241.342189 3.596820e+08
 -241.480891 3.589597e+08
 -241.619594 3.582366e+08
 -241.758296 3.575131e+08
 -241.896998 3.567896e+08
 -242.035701 3.560664e+08
 -242.174403 3.553442e+08
 -242.313106 3.546234e+08
 -242.451808 3.539046e+08
 -242.590510 3.531882e+08
 -242.729213 3.524749e+08
 -242.867915 3.517653e+08
 -243.006618 3.510600e+08
 -243.145320 3.503596e+08
 -243.284023 3.496645e+08
 -243.422725 3.489755e+08
 -243.561427 3.482928e+08
 -243.700130 3.476170e+08
 -243.838832 3.469485e+08
 -243.977535 3.462874e+08
 -244.116237 3.456340e+08
 -244.254939 3.449883e+08
 -244.393642 3.443504e+08
 -244.532344 3.437202e+08
 -244.671047 3.430975e+08
 -244.809749 3.424819e+08
 -244.948451 3.418731e+08
 -245.087154 3.412706e+08
 -245.225856 3.406739e+08
 -245.364559 3.400822e+08
 -245.503261 3.394950e+08
 -245.641963 3.389114e+08
 -245.780666 3.383307e+08
 -245.919368 3.377519e+08
 -246.058071 3.371742e+08
 -246.196773 3.365966e+08
 -246.335475 3.360182e+08
 -246.474178 3.354380e+08
 -246.612880 3.348551e+08
 -246.751583 3.342683e+08
 -246.890285 3.336767e+08
 -247.028988 3.330792e+08
 -247.167690 3.324750e+08
 -247.306392 3.318629e+08
 -247.445095 3.312420e+08
 -247.583797 3.306113e+08
 -247.722500 3.299699e+08
 -247.861202 3.293170e+08
 -247.999904 3.286517e+08
 -248.138607 3.279732e+08
 -248.277309 3.272810e+08
 -248.416012 3.265743e+08
 -248.554714 3.258528e+08
 -248.693416 3.251160e+08
 -248.832119 3.243638e+08
 -248.970821 3.235960e+08
 -249.109524 3.228127e+08
 -249.248226 3.220141e+08
 -249.386928 3.212006e+08
 -249.525631 3.203729e+08
 -249.664333 3.195315e+08
 -249.803036 3.186776e+08
 -249.941738 3.178122e+08
 -250.080440 3.169367e+08
 -250.219143 3.160526e+08
 -250.357845 3.151616e+08
 -250.496548 3.142655e+08
 -250.635250 3.133665e+08
 -250.773953 3.124665e+08
 -250.912655 3.115680e+08
 -251.051357 3.106732e+08
 -251.190060 3.097847e+08
 -251.328762 3.089048e+08
 -251.467465 3.080362e+08
 -251.606167 3.071812e+08
 -251.744869 3.063423e+08
 -251.883572 3.055219e+08
 -252.022274 3.047222e+08
 -252.160977 3.039454e+08
 -252.299679 3.031934e+08
 -252.438381 3.024682e+08
 -252.577084 3.017713e+08
 -252.715786 3.011041e+08
 -252.854489 3.004679e+08
 -252.993191 2.998638e+08
 -253.131893 2.992924e+08
 -253.270596 2.987545e+08
 -253.409298 2.982504e+08
 -253.548001 2.977803e+08
 -253.686703 2.973443e+08
 -253.825405 2.969421e+08
 -253.964108 2.965734e+08
 -254.102810 2.962379e+08
 -254.241513 2.959349e+08
 -254.380215 2.956639e+08
 -254.518918 2.954239e+08
 -254.657620 2.952143e+08
 -254.796322 2.950340e+08
 -254.935025 2.948822e+08
 -255.073727 2.947578e+08
 -255.212430 2.946599e+08
 -255.351132 2.945873e+08
 -255.489834 2.945389e+08
 -255.628537 2.945137e+08
 -255.767239 2.945105e+08
 -255.905942 2.945280e+08
 -256.044644 2.945652e+08
 -256.183346 2.946209e+08
 -256.322049 2.946938e+08
 -256.460751 2.947828e+08
 -256.599454 2.948866e+08
 -256.738156 2.950042e+08
 -256.876858 2.951344e+08
 -257.015561 2.952761e+08
 -257.154263 2.954282e+08
 -257.292966 2.955897e+08
 -257.431668 2.957596e+08
 -257.570370 2.959371e+08
 -257.709073 2.961212e+08
 -257.847775 2.963112e+08
 -257.986478 2.965061e+08
 -258.125180 2.967054e+08
 -258.263883 2.969082e+08
 -258.402585 2.971138e+08
 -258.541287 2.973215e+08
 -258.679990 2.975305e+08
 -258.818692 2.977399e+08
 -258.957395 2.979489e+08
 -259.096097 2.981565e+08
 -259.234799 2.983618e+08
 -259.373502 2.985637e+08
 -259.512204 2.987609e+08
 -259.650907 2.989522e+08
 -259.789609 2.991364e+08
 -259.928311 2.993119e+08
 -260.067014 2.994774e+08
 -260.205716 2.996314e+08
 -260.344419 2.997724e+08
 -260.483121 2.998989e+08
 -260.621823 3.000095e+08
 -260.760526 3.001028e+08
 -260.899228 3.001774e+08
 -261.037931 3.002323e+08
 -261.176633 3.002664e+08
 -261.315335 3.002787e+08
 -261.454038 3.002685e+08
 -261.592740 3.002352e+08
 -261.731443 3.001785e+08
 -261.870145 3.000982e+08
 -262.008848 2.999942e+08
 -262.147550 2.998667e+08
 -262.286252 2.997160e+08
 -262.424955 2.995427e+08
 -262.563657 2.993474e+08
 -262.702360 2.991310e+08
 -262.841062 2.988942e+08
 -262.979764 2.986381e+08
 -263.118467 2.983639e+08
 -263.257169 2.980727e+08
 -263.395872 2.977658e+08
 -263.534574 2.974444e+08
 -263.673276 2.971100e+08
 -263.811979 2.967638e+08
 -263.950681 2.964072e+08
 -264.089384 2.960416e+08
 -264.228086 2.956684e+08
 -264.366788 2.952889e+08
 -264.505491 2.949044e+08
 -264.644193 2.945162e+08
 -264.782896 2.941256e+08
 -264.921598 2.937338e+08
 -265.060300 2.933420e+08
 -265.199003 2.929512e+08
 -265.337705 2.925626e+08
 -265.476408 2.921769e+08
 -265.615110 2.917951e+08
 -265.753813 2.914181e+08
 -265.892515 2.910464e+08
 -266.031217 2.906808e+08
 -266.169920 2.903216e+08
 -266.308622 2.899693e+08
 -266.447325 2.896242e+08
 -266.586027 2.892863e+08
 -266.724729 2.889559e+08
 -266.863432 2.886327e+08
 -267.002134 2.883167e+08
 -267.140837 2.880075e+08
 -267.279539 2.877048e+08
 -267.418241 2.874080e+08
 -267.556944 2.871165e+08
 -267.695646 2.868296e+08
 -267.834349 2.865466e+08
 -267.973051 2.862666e+08
 -268.111753 2.859887e+08
 -268.250456 2.857119e+08
 -268.389158 2.854353e+08
 -268.527861 2.851579e+08
 -268.666563 2.848788e+08
 -268.805265 2.845968e+08
 -268.943968 2.843113e+08
 -269.082670 2.840212e+08
 -269.221373 2.837258e+08
 -269.360075 2.834245e+08
 -269.498778 2.831167e+08
 -269.637480 2.828018e+08
 -269.776182 2.824796e+08
 -269.914885 2.821497e+08
 -270.053587 2.818122e+08
 -270.192290 2.814672e+08
 -270.330992 2.811148e+08
 -270.469694 2.807554e+08
 -270.608397 2.803896e+08
 -270.747099 2.800180e+08
 -270.885802 2.796415e+08
 -271.024504 2.792610e+08
 -271.163206 2.788776e+08
 -271.301909 2.784924e+08
 -271.440611 2.781069e+08
 -271.579314 2.777224e+08
 -271.718016 2.773403e+08
 -271.856718 2.769621e+08
 -271.995421 2.765893e+08
 -272.134123 2.762235e+08
 -272.272826 2.758660e+08
 -272.411528 2.755184e+08
 -272.550230 2.751818e+08
 -272.688933 2.748574e+08
 -272.827635 2.745464e+08
 -272.966338 2.742494e+08
 -273.105040 2.739671e+08
 -273.243743 2.736999e+08
 -273.382445 2.734480e+08
 -273.521147 2.732112e+08
 -273.659850 2.729892e+08
 -273.798552 2.727814e+08
 -273.937255 2.725867e+08
 -274.075957 2.724043e+08
 -274.214659 2.722326e+08
 -274.353362 2.720701e+08
 -274.492064 2.719153e+08
 -274.630767 2.717661e+08
 -274.769469 2.716209e+08
 -274.908171 2.714775e+08
 -275.046874 2.713342e+08
 -275.185576 2.711889e+08
 -275.324279 2.710399e+08
 -275.462981 2.708855e+08
 -275.601683 2.707242e+08
 -275.740386 2.705546e+08
 -275.879088 2.703757e+08
 -276.017791 2.701866e+08
 -276.156493 2.699865e+08
 -276.295195 2.697751e+08
 -276.433898 2.695523e+08
 -276.572600 2.693180e+08
 -276.711303 2.690725e+08
 -276.850005 2.688162e+08
 -276.988708 2.685498e+08
 -277.127410 2.682740e+08
 -277.266112 2.679894e+08
 -277.404815 2.676971e+08
 -277.543517 2.673977e+08
 -277.682220 2.670922e+08
 -277.820922 2.667813e+08
 -277.959624 2.664657e+08
 -278.098327 2.661462e+08
 -278.237029 2.658230e+08
 -278.375732 2.654967e+08
 -278.514434 2.651675e+08
 -278.653136 2.648354e+08
 -278.791839 2.645005e+08
 -278.930541 2.641624e+08
 -279.069244 2.638211e+08
 -279.207946 2.634760e+08
 -279.346648 2.631267e+08
 -279.485351 2.627727e+08
 -279.624053 2.624135e+08
 -279.762756 2.620484e+08
 -279.901458 2.616770e+08
 -280.040160 2.612986e+08
 -280.178863 2.609129e+08
 -280.317565 2.605194e+08
 -280.456268 2.601178e+08
 -280.594970 2.597080e+08
 -280.733673 2.592897e+08
 -280.872375 2.588630e+08
 -281.011077 2.584281e+08
 -281.149780 2.579852e+08
 -281.288482 2.575346e+08
 -281.427185 2.570770e+08
 -281.565887 2.566128e+08
 -281.704589 2.561428e+08
 -281.843292 2.556677e+08
 -281.981994 2.551884e+08
 -282.120697 2.547059e+08
 -282.259399 2.542210e+08
 -282.398101 2.537347e+08
 -282.536804 2.532481e+08
 -282.675506 2.527622e+08
 -282.814209 2.522779e+08
 -282.952911 2.517963e+08
 -283.091613 2.513184e+08
 -283.230316 2.508450e+08
 -283.369018 2.503770e+08
 -283.507721 2.499152e+08
 -283.646423 2.494604e+08
 -283.785125 2.490132e+08
 -283.923828 2.485742e+08
 -284.062530 2.481439e+08
 -284.201233 2.477227e+08
 -284.339935 2.473109e+08
 -284.478638 2.469088e+08
 -284.617340 2.465166e+08
 -284.756042 2.461340e+08
 -284.894745 2.457613e+08
 -285.033447 2.453980e+08
 -285.172150 2.450441e+08
 -285.310852 2.446991e+08
 -285.449554 2.443625e+08
 -285.588257 2.440339e+08
 -285.726959 2.437126e+08
 -285.865662 2.433979e+08
 -286.004364 2.430892e+08
 -286.143066 2.427857e+08
 -286.281769 2.424867e+08
 -286.420471 2.421914e+08
 -286.559174 2.418991e+08
 -286.697876 2.416090e+08
 -286.836578 2.413206e+08
 -286.975281 2.410332e+08
 -287.113983 2.407465e+08
 -287.252686 2.404599e+08
 -287.391388 2.401733e+08
 -287.530090 2.398864e+08
 -287.668793 2.395992e+08
 -287.807495 2.393119e+08
 -287.946198 2.390245e+08
 -288.084900 2.387374e+08
 -288.223603 2.384510e+08
 -288.362305 2.381658e+08
 -288.501007 2.378824e+08
 -288.639710 2.376014e+08
 -288.778412 2.373235e+08
 -288.917115 2.370494e+08
 -289.055817 2.367798e+08
 -289.194519 2.365155e+08
 -289.333222 2.362572e+08
 -289.471924 2.360054e+08
 -289.610627 2.357607e+08
 -289.749329 2.355238e+08
 -289.888031 2.352949e+08
 -290.026734 2.350746e+08
 -290.165436 2.348629e+08
 -290.304139 2.346602e+08
 -290.442841 2.344663e+08
 -290.581543 2.342813e+08
 -290.720246 2.341050e+08
 -290.858948 2.339372e+08
 -290.997651 2.337774e+08
 -291.136353 2.336252e+08
 -291.275055 2.334801e+08
 -291.413758 2.333414e+08
 -291.552460 2.332084e+08
 -291.691163 2.330802e+08
 -291.829865 2.329561e+08
 -291.968568 2.328351e+08
 -292.107270 2.327162e+08
 -292.245972 2.325983e+08
 -292.384675 2.324804e+08
 -292.523377 2.323614e+08
 -292.662080 2.322401e+08
 -292.800782 2.321153e+08
 -292.939484 2.319859e+08
 -293.078187 2.318507e+08
 -293.216889 2.317085e+08
 -293.355592 2.315582e+08
 -293.494294 2.313988e+08
 -293.632996 2.312291e+08
 -293.771699 2.310481e+08
 -293.910401 2.308548e+08
 -294.049104 2.306484e+08
 -294.187806 2.304278e+08
 -294.326508 2.301925e+08
 -294.465211 2.299416e+08
 -294.603913 2.296744e+08
 -294.742616 2.293904e+08
 -294.881318 2.290891e+08
 -295.020020 2.287700e+08
 -295.158723 2.284328e+08
 -295.297425 2.280772e+08
 -295.436128 2.277031e+08
 -295.574830 2.273104e+08
 -295.713533 2.268991e+08
 -295.852235 2.264695e+08
 -295.990937 2.260217e+08
 -296.129640 2.255563e+08
 -296.268342 2.250738e+08
 -296.407045 2.245749e+08
 -296.545747 2.240604e+08
 -296.684449 2.235314e+08
 -296.823152 2.229889e+08
 -296.961854 2.224343e+08
 -297.100557 2.218689e+08
 -297.239259 2.212942e+08
 -297.377961 2.207117e+08
 -297.516664 2.201233e+08
 -297.655366 2.195305e+08
 -297.794069 2.189352e+08
 -297.932771 2.183392e+08
 -298.071473 2.177443e+08
 -298.210176 2.171522e+08
 -298.348878 2.165646e+08
 -298.487581 2.159835e+08
 -298.626283 2.154103e+08
 -298.764985 2.148467e+08
 -298.903688 2.142942e+08
 -299.042390 2.137544e+08
 -299.181093 2.132285e+08
 -299.319795 2.127179e+08
 -299.458498 2.122239e+08
 -299.597200 2.117476e+08
 -299.735902 2.112901e+08
 -299.874605 2.108525e+08
 -300.013307 2.104355e+08
 -300.152010 2.100402e+08
 -300.290712 2.096671e+08
 -300.429414 2.093170e+08
 -300.568117 2.089903e+08
 -300.706819 2.086874e+08
 -300.845522 2.084086e+08
 -300.984224 2.081539e+08
 -301.122926 2.079233e+08
 -301.261629 2.077166e+08
 -301.400331 2.075334e+08
 -301.539034 2.073729e+08
 -301.677736 2.072346e+08
 -301.816438 2.071174e+08
 -301.955141 2.070201e+08
 -302.093843 2.069415e+08
 -302.232546 2.068801e+08
 -302.371248 2.068341e+08
 -302.509950 2.068019e+08
 -302.648653 2.067815e+08
 -302.787355 2.067708e+08
 -302.926058 2.067677e+08
 -303.064760 2.067701e+08
 -303.203463 2.067757e+08
 -303.342165 2.067821e+08
 -303.480867 2.067872e+08
 -303.619570 2.067887e+08
 -303.758272 2.067844e+08
 -303.896975 2.067721e+08
 -304.035677 2.067499e+08
 -304.174379 2.067158e+08
 -304.313082 2.066679e+08
 -304.451784 2.066048e+08
 -304.590487 2.065250e+08
 -304.729189 2.064273e+08
 -304.867891 2.063105e+08
 -305.006594 2.061740e+08
 -305.145296 2.060170e+08
 -305.283999 2.058392e+08
 -305.422701 2.056404e+08
 -305.561403 2.054206e+08
 -305.700106 2.051801e+08
 -305.838808 2.049193e+08
 -305.977511 2.046389e+08
 -306.116213 2.043395e+08
 -306.254915 2.040220e+08
 -306.393618 2.036876e+08
 -306.532320 2.033373e+08
 -306.671023 2.029723e+08
 -306.809725 2.025939e+08
 -306.948428 2.022035e+08
 -307.087130 2.018024e+08
 -307.225832 2.013921e+08
 -307.364535 2.009738e+08
 -307.503237 2.005490e+08
 -307.641940 2.001190e+08
 -307.780642 1.996852e+08
 -307.919344 1.992488e+08
 -308.058047 1.988112e+08
 -308.196749 1.983736e+08
 -308.335452 1.979371e+08
 -308.474154 1.975028e+08
 -308.612856 1.970718e+08
 -308.751559 1.966451e+08
 -308.890261 1.962236e+08
 -309.028964 1.958082e+08
 -309.167666 1.953998e+08
 -309.306368 1.949990e+08
 -309.445071 1.946065e+08
 -309.583773 1.942230e+08
 -309.722476 1.938489e+08
 -309.861178 1.934847e+08
 -309.999880 1.931308e+08
 -310.138583 1.927874e+08
 -310.277285 1.924545e+08
 -310.415988 1.921323e+08
 -310.554690 1.918207e+08
 -310.693393 1.915193e+08
 -310.832095 1.912279e+08
 -310.970797 1.909459e+08
 -311.109500 1.906726e+08
 -311.248202 1.904072e+08
 -311.386905 1.901488e+08
 -311.525607 1.898964e+08
 -311.664309 1.896485e+08
 -311.803012 1.894041e+08
 -311.941714 1.891616e+08
 -312.080417 1.889196e+08
 -312.219119 1.886765e+08
 -312.357821 1.884310e+08
 -312.496524 1.881814e+08
 -312.635226 1.879263e+08
 -312.773929 1.876643e+08
 -312.912631 1.873941e+08
 -313.051333 1.871144e+08
 -313.190036 1.868243e+08
 -313.328738 1.865227e+08
 -313.467441 1.862089e+08
 -313.606143 1.858823e+08
 -313.744845 1.855424e+08
 -313.883548 1.851890e+08
 -314.022250 1.848217e+08
 -314.160953 1.844408e+08
 -314.299655 1.840463e+08
 -314.438358 1.836386e+08
 -314.577060 1.832181e+08
 -314.715762 1.827855e+08
 -314.854465 1.823414e+08
 -314.993167 1.818867e+08
 -315.131870 1.814224e+08
 -315.270572 1.809495e+08
 -315.409274 1.804692e+08
 -315.547977 1.799827e+08
 -315.686679 1.794915e+08
 -315.825382 1.789968e+08
 -315.964084 1.785002e+08
 -316.102786 1.780032e+08
 -316.241489 1.775072e+08
 -316.380191 1.770138e+08
 -316.518894 1.765243e+08
 -316.657596 1.760404e+08
 -316.796298 1.755632e+08
 -316.935001 1.750941e+08
 -317.073703 1.746342e+08
 -317.212406 1.741846e+08
 -317.351108 1.737460e+08
 -317.489810 1.733193e+08
 -317.628513 1.729050e+08
 -317.767215 1.725035e+08
 -317.905918 1.721151e+08
 -318.044620 1.717399e+08
 -318.183323 1.713778e+08
 -318.322025 1.710288e+08
 -318.460727 1.706924e+08
 -318.599430 1.703682e+08
 -318.738132 1.700559e+08
 -318.876835 1.697548e+08
 -319.015537 1.694642e+08
 -319.154239 1.691836e+08
 -319.292942 1.689123e+08
 -319.431644 1.686495e+08
 -319.570347 1.683945e+08
 -319.709049 1.681466e+08
 -319.847751 1.679053e+08
 -319.986454 1.676697e+08
 -320.125156 1.674394e+08
 -320.263859 1.672138e+08
 -320.402561 1.669923e+08
 -320.541263 1.667746e+08
 -320.679966 1.665604e+08
 -320.818668 1.663492e+08
 -320.957371 1.661410e+08
 -321.096073 1.659355e+08
 -321.234775 1.657328e+08
 -321.373478 1.655329e+08
 -321.512180 1.653360e+08
 -321.650883 1.651422e+08
 -321.789585 1.649519e+08
 -321.928288 1.647654e+08
 -322.066990 1.645833e+08
 -322.205692 1.644060e+08
 -322.344395 1.642341e+08
 -322.483097 1.640682e+08
 -322.621800 1.639090e+08
 -322.760502 1.637570e+08
 -322.899204 1.636128e+08
 -323.037907 1.634772e+08
 -323.176609 1.633506e+08
 -323.315312 1.632336e+08
 -323.454014 1.631266e+08
 -323.592716 1.630300e+08
 -323.731419 1.629441e+08
 -323.870121 1.628690e+08
 -324.008824 1.628048e+08
 -324.147526 1.627515e+08
 -324.286228 1.627089e+08
 -324.424931 1.626768e+08
 -324.563633 1.626548e+08
 -324.702336 1.626424e+08
 -324.841038 1.626390e+08
 -324.979740 1.626439e+08
 -325.118443 1.626563e+08
 -325.257145 1.626754e+08
 -325.395848 1.627002e+08
 -325.534550 1.627298e+08
 -325.673253 1.627630e+08
 -325.811955 1.627987e+08
 -325.950657 1.628360e+08
 -326.089360 1.628737e+08
 -326.228062 1.629107e+08
 -326.366765 1.629460e+08
 -326.505467 1.629787e+08
 -326.644169 1.630078e+08
 -326.782872 1.630324e+08
 -326.921574 1.630520e+08
 -327.060277 1.630658e+08
 -327.198979 1.630734e+08
 -327.337681 1.630746e+08
 -327.476384 1.630689e+08
 -327.615086 1.630565e+08
 -327.753789 1.630373e+08
 -327.892491 1.630115e+08
 -328.031193 1.629795e+08
 -328.169896 1.629418e+08
 -328.308598 1.628987e+08
 -328.447301 1.628509e+08
 -328.586003 1.627991e+08
 -328.724705 1.627439e+08
 -328.863408 1.626860e+08
 -329.002110 1.626260e+08
 -329.140813 1.625647e+08
 -329.279515 1.625026e+08
 -329.418218 1.624401e+08
 -329.556920 1.623777e+08
 -329.695622 1.623156e+08
 -329.834325 1.622541e+08
 -329.973027 1.621932e+08
 -330.111730 1.621328e+08
 -330.250432 1.620729e+08
 -330.389134 1.620130e+08
 -330.527837 1.619530e+08
 -330.666539 1.618923e+08
 -330.805242 1.618305e+08
 -330.943944 1.617671e+08
 -331.082646 1.617016e+08
 -331.221349 1.616336e+08
 -331.360051 1.615625e+08
 -331.498754 1.614881e+08
 -331.637456 1.614099e+08
 -331.776158 1.613279e+08
 -331.914861 1.612418e+08
 -332.053563 1.611518e+08
 -332.192266 1.610579e+08
 -332.330968 1.609604e+08
 -332.469670 1.608596e+08
 -332.608373 1.607560e+08
 -332.747075 1.606502e+08
 -332.885778 1.605427e+08
 -333.024480 1.604344e+08
 -333.163183 1.603260e+08
 -333.301885 1.602182e+08
 -333.440587 1.601119e+08
 -333.579290 1.600080e+08
 -333.717992 1.599072e+08
 -333.856695 1.598103e+08
 -333.995397 1.597181e+08
 -334.134099 1.596314e+08
 -334.272802 1.595507e+08
 -334.411504 1.594767e+08
 -334.550207 1.594098e+08
 -334.688909 1.593506e+08
 -334.827611 1.592994e+08
 -334.966314 1.592564e+08
 -335.105016 1.592220e+08
 -335.243719 1.591961e+08
 -335.382421 1.591790e+08
 -335.521123 1.591704e+08
 -335.659826 1.591702e+08
 -335.798528 1.591784e+08
 -335.937231 1.591944e+08
 -336.075933 1.592180e+08
 -336.214635 1.592486e+08
 -336.353338 1.592856e+08
 -336.492040 1.593285e+08
 -336.630743 1.593765e+08
 -336.769445 1.594287e+08
 -336.908148 1.594843e+08
 -337.046850 1.595423e+08
 -337.185552 1.596017e+08
 -337.324255 1.596615e+08
 -337.462957 1.597207e+08
 -337.601660 1.597780e+08
 -337.740362 1.598325e+08
 -337.879064 1.598829e+08
 -338.017767 1.599282e+08
 -338.156469 1.599673e+08
 -338.295172 1.599992e+08
 -338.433874 1.600227e+08
 -338.572576 1.600370e+08
 -338.711279 1.600411e+08
 -338.849981 1.600343e+08
 -338.988684 1.600156e+08
 -339.127386 1.599844e+08
 -339.266088 1.599401e+08
 -339.404791 1.598821e+08
 -339.543493 1.598099e+08
 -339.682196 1.597231e+08
 -339.820898 1.596214e+08
 -339.959600 1.595047e+08
 -340.098303 1.593727e+08
 -340.237005 1.592254e+08
 -340.375708 1.590629e+08
 -340.514410 1.588852e+08
 -340.653113 1.586925e+08
 -340.791815 1.584853e+08
 -340.930517 1.582637e+08
 -341.069220 1.580282e+08
 -341.207922 1.577794e+08
 -341.346625 1.575177e+08
 -341.485327 1.572438e+08
 -341.624029 1.569583e+08
 -341.762732 1.566620e+08
 -341.901434 1.563555e+08
 -342.040137 1.560397e+08
 -342.178839 1.557152e+08
 -342.317541 1.553830e+08
 -342.456244 1.550438e+08
 -342.594946 1.546984e+08
 -342.733649 1.543477e+08
 -342.872351 1.539926e+08
 -343.011053 1.536339e+08
 -343.149756 1.532724e+08
 -343.288458 1.529091e+08
 -343.427161 1.525446e+08
 -343.565863 1.521800e+08
 -343.704565 1.518161e+08
 -343.843268 1.514536e+08
 -343.981970 1.510935e+08
 -344.120673 1.507365e+08
 -344.259375 1.503835e+08
 -344.398077 1.500353e+08
 -344.536780 1.496926e+08
 -344.675482 1.493562e+08
 -344.814185 1.490268e+08
 -344.952887 1.487051e+08
 -345.091590 1.483917e+08
 -345.230292 1.480872e+08
 -345.368994 1.477923e+08
 -345.507697 1.475073e+08
 -345.646399 1.472329e+08
 -345.785102 1.469692e+08
 -345.923804 1.467168e+08
 -346.062506 1.464758e+08
 -346.201209 1.462464e+08
 -346.339911 1.460288e+08
 -346.478614 1.458231e+08
 -346.617316 1.456291e+08
 -346.756018 1.454469e+08
 -346.894721 1.452763e+08
 -347.033423 1.451169e+08
 -347.172126 1.449686e+08
 -347.310828 1.448310e+08
 -347.449530 1.447037e+08
 -347.588233 1.445862e+08
 -347.726935 1.444778e+08
 -347.865638 1.443782e+08
 -348.004340 1.442865e+08
 -348.143042 1.442020e+08
 -348.281745 1.441241e+08
 -348.420447 1.440520e+08
 -348.559150 1.439846e+08
 -348.697852 1.439212e+08
 -348.836555 1.438608e+08
 -348.975257 1.438024e+08
 -349.113959 1.437451e+08
 -349.252662 1.436877e+08
 -349.391364 1.436293e+08
 -349.530067 1.435688e+08
 -349.668769 1.435052e+08
 -349.807471 1.434375e+08
 -349.946174 1.433649e+08
 -350.084876 1.432863e+08
 -350.223579 1.432011e+08
 -350.362281 1.431085e+08
 -350.500983 1.430080e+08
 -350.639686 1.428989e+08
 -350.778388 1.427809e+08
 -350.917091 1.426538e+08
 -351.055793 1.425174e+08
 -351.194495 1.423717e+08
 -351.333198 1.422167e+08
 -351.471900 1.420526e+08
 -351.610603 1.418796e+08
 -351.749305 1.416981e+08
 -351.888007 1.415085e+08
 -352.026710 1.413111e+08
 -352.165412 1.411066e+08
 -352.304115 1.408952e+08
 -352.442817 1.406776e+08
 -352.581520 1.404542e+08
 -352.720222 1.402254e+08
 -352.858924 1.399917e+08
 -352.997627 1.397534e+08
 -353.136329 1.395109e+08
 -353.275032 1.392645e+08
 -353.413734 1.390145e+08
 -353.552436 1.387611e+08
 -353.691139 1.385046e+08
 -353.829841 1.382451e+08
 -353.968544 1.379830e+08
 -354.107246 1.377184e+08
 -354.245948 1.374516e+08
 -354.384651 1.371829e+08
 -354.523353 1.369127e+08
 -354.662056 1.366412e+08
 -354.800758 1.363689e+08
 -354.939460 1.360964e+08
 -355.078163 1.358241e+08
 -355.216865 1.355527e+08
 -355.355568 1.352827e+08
 -355.494270 1.350148e+08
 -355.632972 1.347498e+08
 -355.771675 1.344881e+08
 -355.910377 1.342305e+08
 -356.049080 1.339777e+08
 -356.187782 1.337300e+08
 -356.326485 1.334881e+08
 -356.465187 1.332522e+08
 -356.603889 1.330228e+08
 -356.742592 1.328001e+08
 -356.881294 1.325840e+08
 -357.019997 1.323746e+08
 -357.158699 1.321718e+08
 -357.297401 1.319753e+08
 -357.436104 1.317849e+08
 -357.574806 1.316002e+08
 -357.713509 1.314207e+08
 -357.852211 1.312459e+08
 -357.990913 1.310755e+08
 -358.129616 1.309088e+08
 -358.268318 1.307454e+08
 -358.407021 1.305849e+08
 -358.545723 1.304268e+08
 -358.684425 1.302710e+08
 -358.823128 1.301171e+08
 -358.961830 1.299651e+08
 -359.100533 1.298149e+08
 -359.239235 1.296667e+08
 -359.377937 1.295206e+08
 -359.516640 1.293770e+08
 -359.655342 1.292363e+08
 -359.794045 1.290991e+08
 -359.932747 1.289658e+08
 -360.071450 1.288373e+08
 -360.210152 1.287143e+08
 -360.348854 1.285976e+08
 -360.487557 1.284880e+08
 -360.626259 1.283863e+08
 -360.764962 1.282934e+08
 -360.903664 1.282100e+08
 -361.042366 1.281369e+08
 -361.181069 1.280747e+08
 -361.319771 1.280240e+08
 -361.458474 1.279851e+08
 -361.597176 1.279585e+08
 -361.735878 1.279441e+08
 -361.874581 1.279421e+08
 -362.013283 1.279521e+08
 -362.151986 1.279739e+08
 -362.290688 1.280067e+08
 -362.429390 1.280500e+08
 -362.568093 1.281027e+08
 -362.706795 1.281638e+08
 -362.845498 1.282319e+08
 -362.984200 1.283059e+08
 -363.122902 1.283840e+08
 -363.261605 1.284649e+08
 -363.400307 1.285469e+08
 -363.539010 1.286284e+08
 -363.677712 1.287076e+08
 -363.816415 1.287831e+08
 -363.955117 1.288533e+08
 -364.093819 1.289167e+08
 -364.232522 1.289719e+08
 -364.371224 1.290177e+08
 -364.509927 1.290531e+08
 -364.648629 1.290769e+08
 -364.787331 1.290884e+08
 -364.926034 1.290869e+08
 -365.064736 1.290718e+08
 -365.203439 1.290429e+08
 -365.342141 1.289997e+08
 -365.480843 1.289422e+08
 -365.619546 1.288703e+08
 -365.758248 1.287841e+08
 -365.896951 1.286838e+08
 -366.035653 1.285696e+08
 -366.174355 1.284419e+08
 -366.313058 1.283011e+08
 -366.451760 1.281475e+08
 -366.590463 1.279816e+08
 -366.729165 1.278040e+08
 -366.867867 1.276150e+08
 -367.006570 1.274154e+08
 -367.145272 1.272056e+08
 -367.283975 1.269861e+08
 -367.422677 1.267575e+08
 -367.561380 1.265202e+08
 -367.700082 1.262749e+08
 -367.838784 1.260219e+08
 -367.977487 1.257616e+08
 -368.116189 1.254945e+08
 -368.254892 1.252208e+08
 -368.393594 1.249409e+08
 -368.532296 1.246549e+08
 -368.670999 1.243630e+08
 -368.809701 1.240653e+08
 -368.948404 1.237618e+08
 -369.087106 1.234524e+08
 -369.225808 1.231372e+08
 -369.364511 1.228160e+08
 -369.503213 1.224886e+08
 -369.641916 1.221549e+08
 -369.780618 1.218146e+08
 -369.919320 1.214675e+08
 -370.058023 1.211136e+08
 -370.196725 1.207525e+08
 -370.335428 1.203843e+08
 -370.474130 1.200087e+08
 -370.612832 1.196257e+08
 -370.751535 1.192355e+08
 -370.890237 1.188380e+08
 -371.028940 1.184335e+08
 -371.167642 1.180222e+08
 -371.306345 1.176045e+08
 -371.445047 1.171809e+08
 -371.583749 1.167518e+08
 -371.722452 1.163178e+08
 -371.861154 1.158797e+08
 -371.999857 1.154382e+08
 -372.138559 1.149941e+08
 -372.277261 1.145483e+08
 -372.415964 1.141016e+08
 -372.554666 1.136551e+08
 -372.693369 1.132097e+08
 -372.832071 1.127662e+08
 -372.970773 1.123257e+08
 -373.109476 1.118889e+08
 -373.248178 1.114569e+08
 -373.386881 1.110302e+08
 -373.525583 1.106097e+08
 -373.664285 1.101961e+08
 -373.802988 1.097897e+08
 -373.941690 1.093910e+08
 -374.080393 1.090005e+08
 -374.219095 1.086182e+08
 -374.357797 1.082443e+08
 -374.496500 1.078788e+08
 -374.635202 1.075216e+08
 -374.773905 1.071724e+08
 -374.912607 1.068311e+08
 -375.051310 1.064972e+08
 -375.190012 1.061704e+08
 -375.328714 1.058500e+08
 -375.467417 1.055356e+08
 -375.606119 1.052266e+08
 -375.744822 1.049224e+08
 -375.883524 1.046225e+08
 -376.022226 1.043261e+08
 -376.160929 1.040327e+08
 -376.299631 1.037416e+08
 -376.438334 1.034524e+08
 -376.577036 1.031642e+08
 -376.715738 1.028766e+08
 -376.854441 1.025889e+08
 -376.993143 1.023005e+08
 -377.131846 1.020109e+08
 -377.270548 1.017195e+08
 -377.409250 1.014256e+08
 -377.547953 1.011287e+08
 -377.686655 1.008282e+08
 -377.825358 1.005236e+08
 -377.964060 1.002142e+08
 -378.102762 9.989969e+07
 -378.241465 9.957943e+07
 -378.380167 9.925303e+07
 -378.518870 9.892009e+07
 -378.657572 9.858027e+07
 -378.796275 9.823334e+07
 -378.934977 9.787909e+07
 -379.073679 9.751744e+07
 -379.212382 9.714841e+07
 -379.351084 9.677208e+07
 -379.489787 9.638867e+07
 -379.628489 9.599849e+07
 -379.767191 9.560194e+07
 -379.905894 9.519954e+07
 -380.044596 9.479188e+07
 -380.183299 9.437966e+07
 -380.322001 9.396362e+07
 -380.460703 9.354459e+07
 -380.599406 9.312343e+07
 -380.738108 9.270102e+07
 -380.876811 9.227828e+07
 -381.015513 9.185611e+07
 -381.154215 9.143538e+07
 -381.292918 9.101695e+07
 -381.431620 9.060161e+07
 -381.570323 9.019007e+07
 -381.709025 8.978302e+07
 -381.847727 8.938099e+07
 -381.986430 8.898450e+07
 -382.125132 8.859390e+07
 -382.263835 8.820953e+07
 -382.402537 8.783155e+07
 -382.541240 8.746011e+07
 -382.679942 8.709522e+07
 -382.818644 8.673687e+07
 -382.957347 8.638493e+07
 -383.096049 8.603926e+07
 -383.234752 8.569966e+07
 -383.373454 8.536586e+07
 -383.512156 8.503762e+07
 -383.650859 8.471464e+07
 -383.789561 8.439660e+07
 -383.928264 8.408320e+07
 -384.066966 8.377411e+07
 -384.205668 8.346901e+07
 -384.344371 8.316756e+07
 -384.483073 8.286945e+07
 -384.621776 8.257436e+07
 -384.760478 8.228198e+07
 -384.899180 8.199201e+07
 -385.037883 8.170414e+07
 -385.176585 8.141810e+07
 -385.315288 8.113362e+07
 -385.453990 8.085047e+07
 -385.592692 8.056844e+07
 -385.731395 8.028734e+07
 -385.870097 8.000707e+07
 -386.008800 7.972754e+07
 -386.147502 7.944874e+07
 -386.286205 7.917072e+07
 -386.424907 7.889362e+07
 -386.563609 7.861766e+07
 -386.702312 7.834314e+07
 -386.841014 7.807046e+07
 -386.979717 7.780010e+07
 -387.118419 7.753262e+07
 -387.257121 7.726866e+07
 -387.395824 7.700893e+07
 -387.534526 7.675417e+07
 -387.673229 7.650514e+07
 -387.811931 7.626265e+07
 -387.950633 7.602745e+07
 -388.089336 7.580026e+07
 -388.228038 7.558176e+07
 -388.366741 7.537254e+07
 -388.505443 7.517306e+07
 -388.644145 7.498367e+07
 -388.782848 7.480462e+07
 -388.921550 7.463598e+07
 -389.060253 7.447769e+07
 -389.198955 7.432956e+07
 -389.337657 7.419128e+07
 -389.476360 7.406240e+07
 -389.615062 7.394240e+07
 -389.753765 7.383066e+07
 -389.892467 7.372654e+07
 -390.031170 7.362937e+07
 -390.169872 7.353848e+07
 -390.308574 7.345322e+07
 -390.447277 7.337302e+07
 -390.585979 7.329738e+07
 -390.724682 7.322586e+07
 -390.863384 7.315820e+07
 -391.002086 7.309418e+07
 -391.140789 7.303374e+07
 -391.279491 7.297693e+07
 -391.418194 7.292393e+07
 -391.556896 7.287500e+07
 -391.695598 7.283054e+07
 -391.834301 7.279098e+07
 -391.973003 7.275688e+07
 -392.111706 7.272879e+07
 -392.250408 7.270734e+07
 -392.389110 7.269315e+07
 -392.527813 7.268685e+07
 -392.666515 7.268906e+07
 -392.805218 7.270034e+07
 -392.943920 7.272126e+07
 -393.082622 7.275230e+07
 -393.221325 7.279388e+07
 -393.360027 7.284639e+07
 -393.498730 7.291014e+07
 -393.637432 7.298536e+07
 -393.776135 7.307224e+07
 -393.914837 7.317090e+07
 -394.053539 7.328142e+07
 -394.192242 7.340383e+07
 -394.330944 7.353814e+07
 -394.469647 7.368431e+07
 -394.608349 7.384230e+07
 -394.747051 7.401207e+07
 -394.885754 7.419357e+07
 -395.024456 7.438673e+07
 -395.163159 7.459154e+07
 -395.301861 7.480796e+07
 -395.440563 7.503598e+07
 -395.579266 7.527562e+07
 -395.717968 7.552684e+07
 -395.856671 7.578966e+07
 -395.995373 7.606404e+07
 -396.134075 7.634997e+07
 -396.272778 7.664734e+07
 -396.411480 7.695603e+07
 -396.550183 7.727585e+07
 -396.688885 7.760651e+07
 -396.827587 7.794765e+07
 -396.966290 7.829878e+07
 -397.104992 7.865934e+07
 -397.243695 7.902858e+07
 -397.382397 7.940571e+07
 -397.521100 7.978973e+07
 -397.659802 8.017955e+07
 -397.798504 8.057395e+07
 -397.937207 8.097162e+07
 -398.075909 8.137108e+07
 -398.214612 8.177082e+07
 -398.353314 8.216922e+07
 -398.492016 8.256458e+07
 -398.630719 8.295516e+07
 -398.769421 8.333922e+07
 -398.908124 8.371494e+07
 -399.046826 8.408054e+07
 -399.185528 8.443424e+07
 -399.324231 8.477426e+07
 -399.462933 8.509887e+07
 -399.601636 8.540638e+07
 -399.740338 8.569514e+07
 -399.879040 8.596353e+07
 -400.017743 8.621002e+07
 -400.156445 8.643310e+07
 -400.295148 8.663135e+07
 -400.433850 8.680338e+07
 -400.572552 8.694786e+07
 -400.711255 8.706354e+07
 -400.849957 8.714922e+07
 -400.988660 8.720379e+07
 -401.127362 8.722622e+07
 -401.266065 8.721552e+07
 -401.404767 8.717086e+07
 -401.543469 8.709149e+07
 -401.682172 8.697678e+07
 -401.820874 8.682629e+07
 -401.959577 8.663969e+07
 -402.098279 8.641684e+07
 -402.236981 8.615782e+07
 -402.375684 8.586292e+07
 -402.514386 8.553265e+07
 -402.653089 8.516777e+07
 -402.791791 8.476929e+07
 -402.930493 8.433850e+07
 -403.069196 8.387692e+07
 -403.207898 8.338638e+07
 -403.346601 8.286890e+07
 -403.485303 8.232679e+07
 -403.624005 8.176257e+07
 -403.762708 8.117891e+07
 -403.901410 8.057872e+07
 -404.040113 7.996498e+07
 -404.178815 7.934085e+07
 -404.317517 7.870946e+07
 -404.456220 7.807404e+07
 -404.594922 7.743776e+07
 -404.733625 7.680378e+07
 -404.872327 7.617512e+07
 -405.011030 7.555472e+07
 -405.149732 7.494532e+07
 -405.288434 7.434946e+07
 -405.427137 7.376951e+07
 -405.565839 7.320753e+07
 -405.704542 7.266533e+07
 -405.843244 7.214443e+07
 -405.981946 7.164606e+07
 -406.120649 7.117113e+07
 -406.259351 7.072022e+07
 -406.398054 7.029364e+07
 -406.536756 6.989137e+07
 -406.675458 6.951309e+07
 -406.814161 6.915824e+07
 -406.952863 6.882599e+07
 -407.091566 6.851528e+07
 -407.230268 6.822486e+07
 -407.368970 6.795332e+07
 -407.507673 6.769911e+07
 -407.646375 6.746062e+07
 -407.785078 6.723615e+07
 -407.923780 6.702402e+07
 -408.062482 6.682259e+07
 -408.201185 6.663024e+07
 -408.339887 6.644546e+07
 -408.478590 6.626691e+07
 -408.617292 6.609337e+07
 -408.755995 6.592378e+07
 -408.894697 6.575734e+07
 -409.033399 6.559339e+07
 -409.172102 6.543155e+07
 -409.310804 6.527162e+07
 -409.449507 6.511362e+07
 -409.588209 6.495778e+07
 -409.726911 6.480451e+07
 -409.865614 6.465445e+07
 -410.004316 6.450832e+07
 -410.143019 6.436705e+07
 -410.281721 6.423162e+07
 -410.420423 6.410317e+07
 -410.559126 6.398284e+07
 -410.697828 6.387183e+07
 -410.836531 6.377138e+07
 -410.975233 6.368270e+07
 -411.113935 6.360696e+07
 -411.252638 6.354530e+07
 -411.391340 6.349878e+07
 -411.530043 6.346834e+07
 -411.668745 6.345487e+07
 -411.807447 6.345908e+07
 -411.946150 6.348156e+07
 -412.084852 6.352275e+07
 -412.223555 6.358291e+07
 -412.362257 6.366218e+07
 -412.500960 6.376046e+07
 -412.639662 6.387750e+07
 -412.778364 6.401284e+07
 -412.917067 6.416589e+07
 -413.055769 6.433582e+07
 -413.194472 6.452165e+07
 -413.333174 6.472224e+07
 -413.471876 6.493630e+07
 -413.610579 6.516238e+07
 -413.749281 6.539890e+07
 -413.887984 6.564422e+07
 -414.026686 6.589656e+07
 -414.165388 6.615410e+07
 -414.304091 6.641498e+07
 -414.442793 6.667728e+07
 -414.581496 6.693913e+07
 -414.720198 6.719862e+07
 -414.858900 6.745394e+07
 -414.997603 6.770324e+07
 -415.136305 6.794482e+07
 -415.275008 6.817702e+07
 -415.413710 6.839826e+07
 -415.552412 6.860709e+07
 -415.691115 6.880213e+07
 -415.829817 6.898214e+07
 -415.968520 6.914594e+07
 -416.107222 6.929254e+07
 -416.245925 6.942101e+07
 -416.384627 6.953054e+07
 -416.523329 6.962046e+07
 -416.662032 6.969021e+07
 -416.800734 6.973934e+07
 -416.939437 6.976750e+07
 -417.078139 6.977448e+07
 -417.216841 6.976018e+07
 -417.355544 6.972460e+07
 -417.494246 6.966786e+07
 -417.632949 6.959018e+07
 -417.771651 6.949190e+07
 -417.910353 6.937342e+07
 -418.049056 6.923530e+07
 -418.187758 6.907814e+07
 -418.326461 6.890266e+07
 -418.465163 6.870966e+07
 -418.603865 6.850001e+07
 -418.742568 6.827466e+07
 -418.881270 6.803468e+07
 -419.019973 6.778116e+07
 -419.158675 6.751530e+07
 -419.297377 6.723836e+07
 -419.436080 6.695166e+07
 -419.574782 6.665663e+07
 -419.713485 6.635471e+07
 -419.852187 6.604745e+07
 -419.990890 6.573639e+07
 -420.129592 6.542318e+07
 -420.268294 6.510948e+07
 -420.406997 6.479692e+07
 -420.545699 6.448718e+07
 -420.684402 6.418189e+07
 -420.823104 6.388266e+07
 -420.961806 6.359102e+07
 -421.100509 6.330842e+07
 -421.239211 6.303620e+07
 -421.377914 6.277561e+07
 -421.516616 6.252770e+07
 -421.655318 6.229340e+07
 -421.794021 6.207346e+07
 -421.932723 6.186845e+07
 -422.071426 6.167876e+07
 -422.210128 6.150460e+07
 -422.348830 6.134599e+07
 -422.487533 6.120281e+07
 -422.626235 6.107472e+07
 -422.764938 6.096128e+07
 -422.903640 6.086192e+07
 -423.042342 6.077592e+07
 -423.181045 6.070250e+07
 -423.319747 6.064078e+07
 -423.458450 6.058986e+07
 -423.597152 6.054875e+07
 -423.735855 6.051654e+07
 -423.874557 6.049224e+07
 -424.013259 6.047497e+07
 -424.151962 6.046384e+07
 -424.290664 6.045808e+07
 -424.429367 6.045698e+07
 -424.568069 6.045993e+07
 -424.706771 6.046646e+07
 -424.845474 6.047620e+07
 -424.984176 6.048893e+07
 -425.122879 6.050456e+07
 -425.261581 6.052315e+07
 -425.400283 6.054489e+07
 -425.538986 6.057011e+07
 -425.677688 6.059927e+07
 -425.816391 6.063294e+07
 -425.955093 6.067182e+07
 -426.093795 6.071666e+07
 -426.232498 6.076829e+07
 -426.371200 6.082763e+07
 -426.509903 6.089560e+07
 -426.648605 6.097312e+07
 -426.787307 6.106113e+07
 -426.926010 6.116052e+07
 -427.064712 6.127213e+07
 -427.203415 6.139674e+07
 -427.342117 6.153503e+07
 -427.480820 6.168761e+07
 -427.619522 6.185493e+07
 -427.758224 6.203736e+07
 -427.896927 6.223510e+07
 -428.035629 6.244827e+07
 -428.174332 6.267680e+07
 -428.313034 6.292052e+07
 -428.451736 6.317910e+07
 -428.590439 6.345212e+07
 -428.729141 6.373898e+07
 -428.867844 6.403903e+07
 -429.006546 6.435148e+07
 -429.145248 6.467548e+07
 -429.283951 6.501007e+07
 -429.422653 6.535426e+07
 -429.561356 6.570700e+07
 -429.700058 6.606720e+07
 -429.838760 6.643377e+07
 -429.977463 6.680560e+07
 -430.116165 6.718160e+07
 -430.254868 6.756073e+07
 -430.393570 6.794193e+07
 -430.532272 6.832424e+07
 -430.670975 6.870673e+07
 -430.809677 6.908854e+07
 -430.948380 6.946886e+07
 -431.087082 6.984698e+07
 -431.225785 7.022222e+07
 -431.364487 7.059396e+07
 -431.503189 7.096168e+07
 -431.641892 7.132485e+07
 -431.780594 7.168300e+07
 -431.919297 7.203567e+07
 -432.057999 7.238242e+07
 -432.196701 7.272279e+07
 -432.335404 7.305627e+07
 -432.474106 7.338237e+07
 -432.612809 7.370048e+07
 -432.751511 7.400998e+07
 -432.890213 7.431014e+07
 -433.028916 7.460017e+07
 -433.167618 7.487919e+07
 -433.306321 7.514628e+07
 -433.445023 7.540041e+07
 -433.583725 7.564050e+07
 -433.722428 7.586543e+07
 -433.861130 7.607408e+07
 -433.999833 7.626528e+07
 -434.138535 7.643793e+07
 -434.277237 7.659094e+07
 -434.415940 7.672333e+07
 -434.554642 7.683418e+07
 -434.693345 7.692274e+07
 -434.832047 7.698837e+07
 -434.970750 7.703060e+07
 -435.109452 7.704916e+07
 -435.248154 7.704395e+07
 -435.386857 7.701508e+07
 -435.525559 7.696286e+07
 -435.664262 7.688777e+07
 -435.802964 7.679047e+07
 -435.941666 7.667183e+07
 -436.080369 7.653283e+07
 -436.219071 7.637459e+07
 -436.357774 7.619833e+07
 -436.496476 7.600536e+07
 -436.635178 7.579702e+07
 -436.773881 7.557471e+07
 -436.912583 7.533978e+07
 -437.051286 7.509358e+07
 -437.189988 7.483739e+07
 -437.328690 7.457243e+07
 -437.467393 7.429983e+07
 -437.606095 7.402059e+07
 -437.744798 7.373561e+07
 -437.883500 7.344567e+07
 -438.022202 7.315143e+07
 -438.160905 7.285343e+07
 -438.299607 7.255208e+07
 -438.438310 7.224774e+07
 -438.577012 7.194064e+07
 -438.715715 7.163095e+07
 -438.854417 7.131879e+07
 -438.993119 7.100428e+07
 -439.131822 7.068749e+07
 -439.270524 7.036850e+07
 -439.409227 7.004742e+07
 -439.547929 6.972441e+07
 -439.686631 6.939963e+07
 -439.825334 6.907334e+07
 -439.964036 6.874584e+07
 -440.102739 6.841747e+07
 -440.241441 6.808866e+07
 -440.380143 6.775986e+07
 -440.518846 6.743160e+07
 -440.657548 6.710439e+07
 -440.796251 6.677881e+07
 -440.934953 6.645540e+07
 -441.073655 6.613472e+07
 -441.212358 6.581726e+07
 -441.351060 6.550353e+07
 -441.489763 6.519389e+07
 -441.628465 6.488870e+07
 -441.767167 6.458818e+07
 -441.905870 6.429247e+07
 -442.044572 6.400162e+07
 -442.183275 6.371554e+07
 -442.321977 6.343405e+07
 -442.460680 6.315681e+07
 -442.599382 6.288342e+07
 -442.738084 6.261336e+07
 -442.876787 6.234604e+07
 -443.015489 6.208074e+07
 -443.154192 6.181675e+07
 -443.292894 6.155326e+07
 -443.431596 6.128945e+07
 -443.570299 6.102446e+07
 -443.709001 6.075749e+07
 -443.847704 6.048769e+07
 -443.986406 6.021429e+07
 -444.125108 5.993655e+07
 -444.263811 5.965381e+07
 -444.402513 5.936545e+07
 -444.541216 5.907097e+07
 -444.679918 5.876992e+07
 -444.818620 5.846201e+07
 -444.957323 5.814700e+07
 -445.096025 5.782478e+07
 -445.234728 5.749538e+07
 -445.373430 5.715892e+07
 -445.512132 5.681566e+07
 -445.650835 5.646598e+07
 -445.789537 5.611038e+07
 -445.928240 5.574949e+07
 -446.066942 5.538407e+07
 -446.205645 5.501498e+07
 -446.344347 5.464322e+07
 -446.483049 5.426987e+07
 -446.621752 5.389614e+07
 -446.760454 5.352331e+07
 -446.899157 5.315275e+07
 -447.037859 5.278591e+07
 -447.176561 5.242429e+07
 -447.315264 5.206941e+07
 -447.453966 5.172284e+07
 -447.592669 5.138615e+07
 -447.731371 5.106089e+07
 -447.870073 5.074856e+07
 -448.008776 5.045062e+07
 -448.147478 5.016844e+07
 -448.286181 4.990328e+07
 -448.424883 4.965628e+07
 -448.563585 4.942841e+07
 -448.702288 4.922050e+07
 -448.840990 4.903317e+07
 -448.979693 4.886684e+07
 -449.118395 4.872173e+07
 -449.257097 4.859781e+07
 -449.395800 4.849486e+07
 -449.534502 4.841242e+07
 -449.673205 4.834981e+07
 -449.811907 4.830614e+07
 -449.950610 4.828034e+07
 -450.089312 4.827118e+07
 -450.228014 4.827724e+07
 -450.366717 4.829700e+07
 -450.505419 4.832886e+07
 -450.644122 4.837110e+07
 -450.782824 4.842204e+07
 -450.921526 4.847992e+07
 -451.060229 4.854306e+07
 -451.198931 4.860979e+07
 -451.337634 4.867856e+07
 -451.476336 4.874788e+07
 -451.615038 4.881641e+07
 -451.753741 4.888290e+07
 -451.892443 4.894630e+07
 -452.031146 4.900566e+07
 -452.169848 4.906017e+07
 -452.308550 4.910920e+07
 -452.447253 4.915223e+07
 -452.585955 4.918888e+07
 -452.724658 4.921888e+07
 -452.863360 4.924205e+07
 -453.002062 4.925831e+07
 -453.140765 4.926769e+07
 -453.279467 4.927024e+07
 -453.418170 4.926609e+07
 -453.556872 4.925542e+07
 -453.695575 4.923848e+07
 -453.834277 4.921553e+07
 -453.972979 4.918692e+07
 -454.111682 4.915302e+07
 -454.250384 4.911427e+07
 -454.389087 4.907118e+07
 -454.527789 4.902430e+07
 -454.666491 4.897427e+07
 -454.805194 4.892182e+07
 -454.943896 4.886771e+07
 -455.082599 4.881282e+07
 -455.221301 4.875809e+07
 -455.360003 4.870450e+07
 -455.498706 4.865314e+07
 -455.637408 4.860508e+07
 -455.776111 4.856146e+07
 -455.914813 4.852342e+07
 -456.053515 4.849209e+07
 -456.192218 4.846858e+07
 -456.330920 4.845394e+07
 -456.469623 4.844914e+07
 -456.608325 4.845506e+07
 -456.747027 4.847250e+07
 -456.885730 4.850209e+07
 -457.024432 4.854430e+07
 -457.163135 4.859949e+07
 -457.301837 4.866782e+07
 -457.440540 4.874927e+07
 -457.579242 4.884367e+07
 -457.717944 4.895066e+07
 -457.856647 4.906970e+07
 -457.995349 4.920009e+07
 -458.134052 4.934102e+07
 -458.272754 4.949150e+07
 -458.411456 4.965044e+07
 -458.550159 4.981666e+07
 -458.688861 4.998890e+07
 -458.827564 5.016584e+07
 -458.966266 5.034616e+07
 -459.104968 5.052850e+07
 -459.243671 5.071152e+07
 -459.382373 5.089395e+07
 -459.521076 5.107455e+07
 -459.659778 5.125215e+07
 -459.798480 5.142571e+07
 -459.937183 5.159427e+07
 -460.075885 5.175697e+07
 -460.214588 5.191307e+07
 -460.353290 5.206200e+07
 -460.491992 5.220324e+07
 -460.630695 5.233642e+07
 -460.769397 5.246126e+07
 -460.908100 5.257761e+07
 -461.046802 5.268537e+07
 -461.185505 5.278453e+07
 -461.324207 5.287514e+07
 -461.462909 5.295732e+07
 -461.601612 5.303120e+07
 -461.740314 5.309697e+07
 -461.879017 5.315481e+07
 -462.017719 5.320496e+07
 -462.156421 5.324764e+07
 -462.295124 5.328309e+07
 -462.433826 5.331156e+07
 -462.572529 5.333330e+07
 -462.711231 5.334858e+07
 -462.849933 5.335766e+07
 -462.988636 5.336084e+07
 -463.127338 5.335840e+07
 -463.266041 5.335064e+07
 -463.404743 5.333788e+07
 -463.543445 5.332045e+07
 -463.682148 5.329868e+07
 -463.820850 5.327292e+07
 -463.959553 5.324352e+07
 -464.098255 5.321081e+07
 -464.236957 5.317514e+07
 -464.375660 5.313686e+07
 -464.514362 5.309627e+07
 -464.653065 5.305368e+07
 -464.791767 5.300936e+07
 -464.930470 5.296358e+07
 -465.069172 5.291654e+07
 -465.207874 5.286844e+07
 -465.346577 5.281942e+07
 -465.485279 5.276958e+07
 -465.623982 5.271901e+07
 -465.762684 5.266771e+07
 -465.901386 5.261566e+07
 -466.040089 5.256277e+07
 -466.178791 5.250894e+07
 -466.317494 5.245398e+07
 -466.456196 5.239768e+07
 -466.594898 5.233978e+07
 -466.733601 5.227996e+07
 -466.872303 5.221789e+07
 -467.011006 5.215320e+07
 -467.149708 5.208549e+07
 -467.288410 5.201434e+07
 -467.427113 5.193934e+07
 -467.565815 5.186009e+07
 -467.704518 5.177617e+07
 -467.843220 5.168724e+07
 -467.981922 5.159298e+07
 -468.120625 5.149311e+07
 -468.259327 5.138744e+07
 -468.398030 5.127584e+07
 -468.536732 5.115826e+07
 -468.675435 5.103474e+07
 -468.814137 5.090540e+07
 -468.952839 5.077047e+07
 -469.091542 5.063024e+07
 -469.230244 5.048509e+07
 -469.368947 5.033549e+07
 -469.507649 5.018194e+07
 -469.646351 5.002502e+07
 -469.785054 4.986532e+07
 -469.923756 4.970350e+07
 -470.062459 4.954021e+07
 -470.201161 4.937609e+07
 -470.339863 4.921178e+07
 -470.478566 4.904790e+07
 -470.617268 4.888506e+07
 -470.755971 4.872380e+07
 -470.894673 4.856464e+07
 -471.033375 4.840808e+07
 -471.172078 4.825453e+07
 -471.310780 4.810442e+07
 -471.449483 4.795812e+07
 -471.588185 4.781598e+07
 -471.726887 4.767834e+07
 -471.865590 4.754553e+07
 -472.004292 4.741786e+07
 -472.142995 4.729564e+07
 -472.281697 4.717923e+07
 -472.420400 4.706894e+07
 -472.559102 4.696515e+07
 -472.697804 4.686821e+07
 -472.836507 4.677849e+07
 -472.975209 4.669638e+07
 -473.113912 4.662225e+07
 -473.252614 4.655647e+07
 -473.391316 4.649940e+07
 -473.530019 4.645135e+07
 -473.668721 4.641264e+07
 -473.807424 4.638348e+07
 -473.946126 4.636406e+07
 -474.084828 4.635446e+07
 -474.223531 4.635473e+07
 -474.362233 4.636478e+07
 -474.500936 4.638445e+07
 -474.639638 4.641342e+07
 -474.778340 4.645128e+07
 -474.917043 4.649750e+07
 -475.055745 4.655142e+07
 -475.194448 4.661222e+07
 -475.333150 4.667898e+07
 -475.471852 4.675066e+07
 -475.610555 4.682607e+07
 -475.749257 4.690396e+07
 -475.887960 4.698294e+07
 -476.026662 4.706158e+07
 -476.165365 4.713838e+07
 -476.304067 4.721178e+07
 -476.442769 4.728025e+07
 -476.581472 4.734223e+07
 -476.720174 4.739624e+07
 -476.858877 4.744079e+07
 -476.997579 4.747454e+07
 -477.136281 4.749623e+07
 -477.274984 4.750471e+07
 -477.413686 4.749899e+07
 -477.552389 4.747822e+07
 -477.691091 4.744170e+07
 -477.829793 4.738893e+07
 -477.968496 4.731954e+07
 -478.107198 4.723334e+07
 -478.245901 4.713031e+07
 -478.384603 4.701056e+07
 -478.523305 4.687434e+07
 -478.662008 4.672201e+07
 -478.800710 4.655405e+07
 -478.939413 4.637101e+07
 -479.078115 4.617353e+07
 -479.216817 4.596226e+07
 -479.355520 4.573795e+07
 -479.494222 4.550130e+07
 -479.632925 4.525307e+07
 -479.771627 4.499399e+07
 -479.910330 4.472478e+07
 -480.049032 4.444618e+07
 -480.187734 4.415887e+07
 -480.326437 4.386355e+07
 -480.465139 4.356091e+07
 -480.603842 4.325163e+07
 -480.742544 4.293640e+07
 -480.881246 4.261594e+07
 -481.019949 4.229099e+07
 -481.158651 4.196233e+07
 -481.297354 4.163078e+07
 -481.436056 4.129725e+07
 -481.574758 4.096266e+07
 -481.713461 4.062806e+07
 -481.852163 4.029454e+07
 -481.990866 3.996326e+07
 -482.129568 3.963542e+07
 -482.268270 3.931233e+07
 -482.406973 3.899528e+07
 -482.545675 3.868563e+07
 -482.684378 3.838475e+07
 -482.823080 3.809398e+07
 -482.961782 3.781463e+07
 -483.100485 3.754800e+07
 -483.239187 3.729528e+07
 -483.377890 3.705757e+07
 -483.516592 3.683585e+07
 -483.655294 3.663099e+07
 -483.793997 3.644370e+07
 -483.932699 3.627451e+07
 -484.071402 3.612382e+07
 -484.210104 3.599176e+07
 -484.348807 3.587837e+07
 -484.487509 3.578346e+07
 -484.626211 3.570668e+07
 -484.764914 3.564749e+07
 -484.903616 3.560522e+07
 -485.042319 3.557906e+07
 -485.181021 3.556806e+07
 -485.319723 3.557119e+07
 -485.458426 3.558734e+07
 -485.597128 3.561534e+07
 -485.735831 3.565398e+07
 -485.874533 3.570208e+07
 -486.013235 3.575841e+07
 -486.151938 3.582182e+07
 -486.290640 3.589118e+07
 -486.429343 3.596541e+07
 -486.568045 3.604352e+07
 -486.706747 3.612460e+07
 -486.845450 3.620782e+07
 -486.984152 3.629242e+07
 -487.122855 3.637778e+07
 -487.261557 3.646334e+07
 -487.400259 3.654865e+07
 -487.538962 3.663334e+07
 -487.677664 3.671715e+07
 -487.816367 3.679988e+07
 -487.955069 3.688142e+07
 -488.093772 3.696174e+07
 -488.232474 3.704088e+07
 -488.371176 3.711894e+07
 -488.509879 3.719606e+07
 -488.648581 3.727244e+07
 -488.787284 3.734833e+07
 -488.925986 3.742400e+07
 -489.064688 3.749974e+07
 -489.203391 3.757589e+07
 -489.342093 3.765274e+07
 -489.480796 3.773064e+07
 -489.619498 3.780988e+07
 -489.758200 3.789076e+07
 -489.896903 3.797352e+07
 -490.035605 3.805839e+07
 -490.174308 3.814554e+07
 -490.313010 3.823506e+07
 -490.451712 3.832702e+07
 -490.590415 3.842140e+07
 -490.729117 3.851809e+07
 -490.867820 3.861693e+07
 -491.006522 3.871765e+07
 -491.145224 3.881994e+07
 -491.283927 3.892338e+07
 -491.422629 3.902753e+07
 -491.561332 3.913183e+07
 -491.700034 3.923573e+07
 -491.838737 3.933859e+07
 -491.977439 3.943976e+07
 -492.116141 3.953858e+07
 -492.254844 3.963437e+07
 -492.393546 3.972646e+07
 -492.532249 3.981422e+07
 -492.670951 3.989702e+07
 -492.809653 3.997431e+07
 -492.948356 4.004554e+07
 -493.087058 4.011028e+07
 -493.225761 4.016810e+07
 -493.364463 4.021868e+07
 -493.503165 4.026178e+07
 -493.641868 4.029717e+07
 -493.780570 4.032477e+07
 -493.919273 4.034451e+07
 -494.057975 4.035642e+07
 -494.196677 4.036057e+07
 -494.335380 4.035710e+07
 -494.474082 4.034621e+07
 -494.612785 4.032813e+07
 -494.751487 4.030316e+07
 -494.890189 4.027162e+07
 -495.028892 4.023386e+07
 -495.167594 4.019030e+07
 -495.306297 4.014133e+07
 -495.444999 4.008738e+07
 -495.583702 4.002890e+07
 -495.722404 3.996634e+07
 -495.861106 3.990013e+07
 -495.999809 3.983071e+07
 -496.138511 3.975850e+07
 -496.277214 3.968389e+07
 -496.415916 3.960724e+07
 -496.554618 3.952886e+07
 -496.693321 3.944903e+07
 -496.832023 3.936796e+07
 -496.970726 3.928581e+07
 -497.109428 3.920266e+07
 -497.248130 3.911854e+07
 -497.386833 3.903342e+07
 -497.525535 3.894718e+07
 -497.664238 3.885966e+07
 -497.802940 3.877062e+07
 -497.941642 3.867981e+07
 -498.080345 3.858691e+07
 -498.219047 3.849160e+07
 -498.357750 3.839352e+07
 -498.496452 3.829234e+07
 -498.635154 3.818774e+07
 -498.773857 3.807943e+07
 -498.912559 3.796716e+07
 -499.051262 3.785076e+07
 -499.189964 3.773009e+07
 -499.328667 3.760513e+07
 -499.467369 3.747594e+07
 -499.606071 3.734264e+07
 -499.744774 3.720548e+07
 -499.883476 3.706479e+07
 -500.022179 3.692099e+07
 -500.160881 3.677458e+07
 -500.299583 3.662614e+07
 -500.438286 3.647635e+07
 -500.576988 3.632592e+07
 -500.715691 3.617563e+07
 -500.854393 3.602629e+07
 -500.993095 3.587877e+07
 -501.131798 3.573393e+07
 -501.270500 3.559265e+07
 -501.409203 3.545581e+07
 -501.547905 3.532429e+07
 -501.686607 3.519893e+07
 -501.825310 3.508056e+07
 -501.964012 3.496995e+07
 -502.102715 3.486786e+07
 -502.241417 3.477498e+07
 -502.380119 3.469194e+07
 -502.518822 3.461935e+07
 -502.657524 3.455774e+07
 -502.796227 3.450758e+07
 -502.934929 3.446932e+07
 -503.073632 3.444333e+07
 -503.212334 3.442993e+07
 -503.351036 3.442941e+07
 -503.489739 3.444202e+07
 -503.628441 3.446795e+07
 -503.767144 3.450738e+07
 -503.905846 3.456042e+07
 -504.044548 3.462720e+07
 -504.183251 3.470778e+07
 -504.321953 3.480217e+07
 -504.460656 3.491039e+07
 -504.599358 3.503241e+07
 -504.738060 3.516812e+07
 -504.876763 3.531739e+07
 -505.015465 3.548006e+07
 -505.154168 3.565584e+07
 -505.292870 3.584443e+07
 -505.431572 3.604541e+07
 -505.570275 3.625829e+07
 -505.708977 3.648250e+07
 -505.847680 3.671732e+07
 -505.986382 3.696199e+07
 -506.125084 3.721562e+07
 -506.263787 3.747720e+07
 -506.402489 3.774565e+07
 -506.541192 3.801977e+07
 -506.679894 3.829830e+07
 -506.818597 3.857989e+07
 -506.957299 3.886316e+07
 -507.096001 3.914666e+07
 -507.234704 3.942894e+07
 -507.373406 3.970855e+07
 -507.512109 3.998406e+07
 -507.650811 4.025405e+07
 -507.789513 4.051720e+07
 -507.928216 4.077226e+07
 -508.066918 4.101808e+07
 -508.205621 4.125360e+07
 -508.344323 4.147792e+07
 -508.483025 4.169026e+07
 -508.621728 4.189000e+07
 -508.760430 4.207664e+07
 -508.899133 4.224988e+07
 -509.037835 4.240954e+07
 -509.176537 4.255558e+07
 -509.315240 4.268814e+07
 -509.453942 4.280747e+07
 -509.592645 4.291394e+07
 -509.731347 4.300807e+07
 -509.870049 4.309044e+07
 -510.008752 4.316173e+07
 -510.147454 4.322271e+07
 -510.286157 4.327420e+07
 -510.424859 4.331705e+07
 -510.563562 4.335216e+07
 -510.702264 4.338043e+07
 -510.840966 4.340278e+07
 -510.979669 4.342007e+07
 -511.118371 4.343318e+07
 -511.257074 4.344289e+07
 -511.395776 4.344997e+07
 -511.534478 4.345509e+07
 -511.673181 4.345885e+07
 -511.811883 4.346175e+07
 -511.950586 4.346417e+07
 -512.089288 4.346640e+07
 -512.227990 4.346859e+07
 -512.366693 4.347079e+07
 -512.505395 4.347290e+07
 -512.644098 4.347470e+07
 -512.782800 4.347586e+07
 -512.921502 4.347590e+07
 -513.060205 4.347426e+07
 -513.198907 4.347026e+07
 -513.337610 4.346314e+07
 -513.476312 4.345207e+07
 -513.615014 4.343615e+07
 -513.753717 4.341446e+07
 -513.892419 4.338603e+07
 -514.031122 4.334994e+07
 -514.169824 4.330526e+07
 -514.308527 4.325111e+07
 -514.447229 4.318670e+07
 -514.585931 4.311130e+07
 -514.724634 4.302429e+07
 -514.863336 4.292517e+07
 -515.002039 4.281358e+07
 -515.140741 4.268931e+07
 -515.279443 4.255225e+07
 -515.418146 4.240248e+07
 -515.556848 4.224021e+07
 -515.695551 4.206578e+07
 -515.834253 4.187966e+07
 -515.972955 4.168246e+07
 -516.111658 4.147486e+07
 -516.250360 4.125766e+07
 -516.389063 4.103167e+07
 -516.527765 4.079782e+07
 -516.666467 4.055703e+07
 -516.805170 4.031025e+07
 -516.943872 4.005842e+07
 -517.082575 3.980251e+07
 -517.221277 3.954342e+07
 -517.359979 3.928204e+07
 -517.498682 3.901925e+07
 -517.637384 3.875587e+07
 -517.776087 3.849269e+07
 -517.914789 3.823047e+07
 -518.053492 3.796993e+07
 -518.192194 3.771176e+07
 -518.330896 3.745665e+07
 -518.469599 3.720524e+07
 -518.608301 3.695821e+07
 -518.747004 3.671617e+07
 -518.885706 3.647979e+07
 -519.024408 3.624974e+07
 -519.163111 3.602670e+07
 -519.301813 3.581136e+07
 -519.440516 3.560443e+07
 -519.579218 3.540669e+07
 -519.717920 3.521886e+07
 -519.856623 3.504174e+07
 -519.995325 3.487614e+07
 -520.134028 3.472283e+07
 -520.272730 3.458262e+07
 -520.411432 3.445630e+07
 -520.550135 3.434458e+07
 -520.688837 3.424820e+07
 -520.827540 3.416780e+07
 -520.966242 3.410398e+07
 -521.104944 3.405722e+07
 -521.243647 3.402796e+07
 -521.382349 3.401650e+07
 -521.521052 3.402302e+07
 -521.659754 3.404764e+07
 -521.798457 3.409031e+07
 -521.937159 3.415090e+07
 -522.075861 3.422914e+07
 -522.214564 3.432466e+07
 -522.353266 3.443698e+07
 -522.491969 3.456553e+07
 -522.630671 3.470966e+07
 -522.769373 3.486863e+07
 -522.908076 3.504165e+07
 -523.046778 3.522789e+07
 -523.185481 3.542644e+07
 -523.324183 3.563639e+07
 -523.462885 3.585680e+07
 -523.601588 3.608669e+07
 -523.740290 3.632508e+07
 -523.878993 3.657098e+07
 -524.017695 3.682340e+07
 -524.156397 3.708134e+07
 -524.295100 3.734377e+07
 -524.433802 3.760969e+07
 -524.572505 3.787806e+07
 -524.711207 3.814787e+07
 -524.849909 3.841809e+07
 -524.988612 3.868765e+07
 -525.127314 3.895553e+07
 -525.266017 3.922067e+07
 -525.404719 3.948203e+07
 -525.543422 3.973855e+07
 -525.682124 3.998921e+07
 -525.820826 4.023294e+07
 -525.959529 4.046875e+07
 -526.098231 4.069561e+07
 -526.236934 4.091255e+07
 -526.375636 4.111859e+07
 -526.514338 4.131279e+07
 -526.653041 4.149424e+07
 -526.791743 4.166205e+07
 -526.930446 4.181537e+07
 -527.069148 4.195339e+07
 -527.207850 4.207531e+07
 -527.346553 4.218042e+07
 -527.485255 4.226798e+07
 -527.623958 4.233738e+07
 -527.762660 4.238799e+07
 -527.901362 4.241929e+07
 -528.040065 4.243077e+07
 -528.178767 4.242202e+07
 -528.317470 4.239269e+07
 -528.456172 4.234250e+07
 -528.594874 4.227127e+07
 -528.733577 4.217888e+07
 -528.872279 4.206532e+07
 -529.010982 4.193067e+07
 -529.149684 4.177510e+07
 -529.288387 4.159889e+07
 -529.427089 4.140240e+07
 -529.565791 4.118610e+07
 -529.704494 4.095054e+07
 -529.843196 4.069637e+07
 -529.981899 4.042428e+07
 -530.120601 4.013506e+07
 -530.259303 3.982955e+07
 -530.398006 3.950862e+07
 -530.536708 3.917324e+07
 -530.675411 3.882434e+07
 -530.814113 3.846290e+07
 -530.952815 3.808994e+07
 -531.091518 3.770646e+07
 -531.230220 3.731346e+07
 -531.368923 3.691201e+07
 -531.507625 3.650310e+07
 -531.646327 3.608778e+07
 -531.785030 3.566709e+07
 -531.923732 3.524210e+07
 -532.062435 3.481388e+07
 -532.201137 3.438354e+07
 -532.339839 3.395218e+07
 -532.478542 3.352098e+07
 -532.617244 3.309111e+07
 -532.755947 3.266381e+07
 -532.894649 3.224032e+07
 -533.033352 3.182191e+07
 -533.172054 3.140990e+07
 -533.310756 3.100562e+07
 -533.449459 3.061039e+07
 -533.588161 3.022553e+07
 -533.726864 2.985234e+07
 -533.865566 2.949211e+07
 -534.004268 2.914605e+07
 -534.142971 2.881532e+07
 -534.281673 2.850097e+07
 -534.420376 2.820398e+07
 -534.559078 2.792522e+07
 -534.697780 2.766538e+07
 -534.836483 2.742507e+07
 -534.975185 2.720470e+07
 -535.113888 2.700454e+07
 -535.252590 2.682471e+07
 -535.391292 2.666515e+07
 -535.529995 2.652567e+07
 -535.668697 2.640590e+07
 -535.807400 2.630535e+07
 -535.946102 2.622342e+07
 -536.084804 2.615938e+07
 -536.223507 2.611244e+07
 -536.362209 2.608174e+07
 -536.500912 2.606636e+07
 -536.639614 2.606541e+07
 -536.778317 2.607798e+07
 -536.917019 2.610319e+07
 -537.055721 2.614025e+07
 -537.194424 2.618839e+07
 -537.333126 2.624696e+07
 -537.471829 2.631542e+07
 -537.610531 2.639332e+07
 -537.749233 2.648034e+07
 -537.887936 2.657625e+07
 -538.026638 2.668097e+07
 -538.165341 2.679449e+07
 -538.304043 2.691691e+07
 -538.442745 2.704842e+07
 -538.581448 2.718926e+07
 -538.720150 2.733971e+07
 -538.858853 2.750009e+07
 -538.997555 2.767070e+07
 -539.136257 2.785183e+07
 -539.274960 2.804374e+07
 -539.413662 2.824660e+07
 -539.552365 2.846049e+07
 -539.691067 2.868539e+07
 -539.829769 2.892118e+07
 -539.968472 2.916758e+07
 -540.107174 2.942417e+07
 -540.245877 2.969035e+07
 -540.384579 2.996541e+07
 -540.523282 3.024846e+07
 -540.661984 3.053844e+07
 -540.800686 3.083419e+07
 -540.939389 3.113438e+07
 -541.078091 3.143756e+07
 -541.216794 3.174222e+07
 -541.355496 3.204671e+07
 -541.494198 3.234939e+07
 -541.632901 3.264852e+07
 -541.771603 3.294238e+07
 -541.910306 3.322924e+07
 -542.049008 3.350741e+07
 -542.187710 3.377524e+07
 -542.326413 3.403117e+07
 -542.465115 3.427370e+07
 -542.603818 3.450145e+07
 -542.742520 3.471314e+07
 -542.881222 3.490762e+07
 -543.019925 3.508387e+07
 -543.158627 3.524098e+07
 -543.297330 3.537817e+07
 -543.436032 3.549480e+07
 -543.574734 3.559032e+07
 -543.713437 3.566430e+07
 -543.852139 3.571640e+07
 -543.990842 3.574638e+07
 -544.129544 3.575406e+07
 -544.268247 3.573930e+07
 -544.406949 3.570206e+07
 -544.545651 3.564231e+07
 -544.684354 3.556006e+07
 -544.823056 3.545537e+07
 -544.961759 3.532829e+07
 -545.100461 3.517892e+07
 -545.239163 3.500740e+07
 -545.377866 3.481387e+07
 -545.516568 3.459855e+07
 -545.655271 3.436163e+07
 -545.793973 3.410341e+07
 -545.932675 3.382422e+07
 -546.071378 3.352446e+07
 -546.210080 3.320458e+07
 -546.348783 3.286514e+07
 -546.487485 3.250677e+07
 -546.626187 3.213015e+07
 -546.764890 3.173611e+07
 -546.903592 3.132551e+07
 -547.042295 3.089933e+07
 -547.180997 3.045862e+07
 -547.319699 3.000453e+07
 -547.458402 2.953824e+07
 -547.597104 2.906103e+07
 -547.735807 2.857423e+07
 -547.874509 2.807918e+07
 -548.013212 2.757729e+07
 -548.151914 2.706996e+07
 -548.290616 2.655859e+07
 -548.429319 2.604460e+07
 -548.568021 2.552934e+07
 -548.706724 2.501420e+07
 -548.845426 2.450045e+07
 -548.984128 2.398936e+07
 -549.122831 2.348210e+07
 -549.261533 2.297979e+07
 -549.400236 2.248347e+07
 -549.538938 2.199411e+07
 -549.677640 2.151259e+07
 -549.816343 2.103970e+07
 -549.955045 2.057618e+07
 -550.093748 2.012266e+07
 -550.232450 1.967970e+07
 -550.371152 1.924786e+07
 -550.509855 1.882758e+07
 -550.648557 1.841926e+07
 -550.787260 1.802329e+07
 -550.925962 1.764005e+07
 -551.064664 1.726986e+07
 -551.203367 1.691306e+07
 -551.342069 1.656998e+07
 -551.480772 1.624098e+07
 -551.619474 1.592638e+07
 -551.758177 1.562655e+07
 -551.896879 1.534187e+07
 -552.035581 1.507271e+07
 -552.174284 1.481947e+07
 -552.312986 1.458253e+07
 -552.451689 1.436229e+07
 -552.590391 1.415913e+07
 -552.729093 1.397344e+07
 -552.867796 1.380558e+07
 -553.006498 1.365594e+07
 -553.145201 1.352481e+07
 -553.283903 1.341254e+07
 -553.422605 1.331944e+07
 -553.561308 1.324578e+07
 -553.700010 1.319181e+07
 -553.838713 1.315779e+07
 -553.977415 1.314390e+07
 -554.116117 1.315033e+07
 -554.254820 1.317722e+07
 -554.393522 1.322466e+07
 -554.532225 1.329268e+07
 -554.670927 1.338129e+07
 -554.809629 1.349040e+07
 -554.948332 1.361986e+07
 -555.087034 1.376941e+07
 -555.225737 1.393874e+07
 -555.364439 1.412742e+07
 -555.503142 1.433490e+07
 -555.641844 1.456054e+07
 -555.780546 1.480362e+07
 -555.919249 1.506326e+07
 -556.057951 1.533854e+07
 -556.196654 1.562841e+07
 -556.335356 1.593174e+07
 -556.474058 1.624734e+07
 -556.612761 1.657397e+07
 -556.751463 1.691032e+07
 -556.890166 1.725505e+07
 -557.028868 1.760682e+07
 -557.167570 1.796429e+07
 -557.306273 1.832609e+07
 -557.444975 1.869094e+07
 -557.583678 1.905753e+07
 -557.722380 1.942463e+07
 -557.861082 1.979106e+07
 -557.999785 2.015569e+07
 -558.138487 2.051746e+07
 -558.277190 2.087540e+07
 -558.415892 2.122858e+07
 -558.554594 2.157617e+07
 -558.693297 2.191738e+07
 -558.831999 2.225154e+07
 -558.970702 2.257802e+07
 -559.109404 2.289627e+07
 -559.248107 2.320582e+07
 -559.386809 2.350624e+07
 -559.525511 2.379719e+07
 -559.664214 2.407838e+07
 -559.802916 2.434956e+07
 -559.941619 2.461057e+07
 -560.080321 2.486125e+07
 -560.219023 2.510154e+07
 -560.357726 2.533141e+07
 -560.496428 2.555083e+07
 -560.635131 2.575987e+07
 -560.773833 2.595858e+07
 -560.912535 2.614708e+07
 -561.051238 2.632546e+07
 -561.189940 2.649388e+07
 -561.328643 2.665248e+07
 -561.467345 2.680145e+07
 -561.606047 2.694093e+07
 -561.744750 2.707111e+07
 -561.883452 2.719218e+07
 -562.022155 2.730427e+07
 -562.160857 2.740759e+07
 -562.299559 2.750227e+07
 -562.438262 2.758847e+07
 -562.576964 2.766634e+07
 -562.715667 2.773597e+07
 -562.854369 2.779750e+07
 -562.993072 2.785101e+07
 -563.131774 2.789659e+07
 -563.270476 2.793431e+07
 -563.409179 2.796424e+07
 -563.547881 2.798642e+07
 -563.686584 2.800086e+07
 -563.825286 2.800766e+07
 -563.963988 2.800683e+07
 -564.102691 2.799844e+07
 -564.241393 2.798260e+07
 -564.380096 2.795942e+07
 -564.518798 2.792907e+07
 -564.657500 2.789180e+07
 -564.796203 2.784790e+07
 -564.934905 2.779778e+07
 -565.073608 2.774190e+07
 -565.212310 2.768086e+07
 -565.351012 2.761535e+07
 -565.489715 2.754618e+07
 -565.628417 2.747426e+07
 -565.767120 2.740061e+07
 -565.905822 2.732635e+07
 -566.044524 2.725270e+07
 -566.183227 2.718092e+07
 -566.321929 2.711238e+07
 -566.460632 2.704843e+07
 -566.599334 2.699050e+07
 -566.738037 2.693994e+07
 -566.876739 2.689813e+07
 -567.015441 2.686638e+07
 -567.154144 2.684592e+07
 -567.292846 2.683789e+07
 -567.431549 2.684331e+07
 -567.570251 2.686308e+07
 -567.708953 2.689794e+07
 -567.847656 2.694848e+07
 -567.986358 2.701512e+07
 -568.125061 2.709812e+07
 -568.263763 2.719756e+07
 -568.402465 2.731334e+07
 -568.541168 2.744518e+07
 -568.679870 2.759266e+07
 -568.818573 2.775521e+07
 -568.957275 2.793206e+07
 -569.095977 2.812236e+07
 -569.234680 2.832508e+07
 -569.373382 2.853913e+07
 -569.512085 2.876330e+07
 -569.650787 2.899627e+07
 -569.789489 2.923672e+07
 -569.928192 2.948321e+07
 -570.066894 2.973430e+07
 -570.205597 2.998851e+07
 -570.344299 3.024438e+07
 -570.483002 3.050041e+07
 -570.621704 3.075515e+07
 -570.760406 3.100716e+07
 -570.899109 3.125504e+07
 -571.037811 3.149743e+07
 -571.176514 3.173304e+07
 -571.315216 3.196061e+07
 -571.453918 3.217897e+07
 -571.592621 3.238700e+07
 -571.731323 3.258366e+07
 -571.870026 3.276802e+07
 -572.008728 3.293918e+07
 -572.147430 3.309638e+07
 -572.286133 3.323893e+07
 -572.424835 3.336625e+07
 -572.563538 3.347786e+07
 -572.702240 3.357343e+07
 -572.840942 3.365272e+07
 -572.979645 3.371562e+07
 -573.118347 3.376218e+07
 -573.257050 3.379256e+07
 -573.395752 3.380710e+07
 -573.534454 3.380627e+07
 -573.673157 3.379070e+07
 -573.811859 3.376112e+07
 -573.950562 3.371846e+07
 -574.089264 3.366374e+07
 -574.227967 3.359810e+07
 -574.366669 3.352282e+07
 -574.505371 3.343918e+07
 -574.644074 3.334862e+07
 -574.782776 3.325255e+07
 -574.921479 3.315244e+07
 -575.060181 3.304972e+07
 -575.198883 3.294581e+07
 -575.337586 3.284206e+07
 -575.476288 3.273975e+07
 -575.614991 3.264008e+07
 -575.753693 3.254408e+07
 -575.892395 3.245269e+07
 -576.031098 3.236670e+07
 -576.169800 3.228673e+07
 -576.308503 3.221324e+07
 -576.447205 3.214654e+07
 -576.585907 3.208675e+07
 -576.724610 3.203389e+07
 -576.863312 3.198776e+07
 -577.002015 3.194810e+07
 -577.140717 3.191445e+07
 -577.279419 3.188631e+07
 -577.418122 3.186306e+07
 -577.556824 3.184406e+07
 -577.695527 3.182855e+07
 -577.834229 3.181582e+07
 -577.972932 3.180514e+07
 -578.111634 3.179581e+07
 -578.250336 3.178716e+07
 -578.389039 3.177861e+07
 -578.527741 3.176965e+07
 -578.666444 3.175986e+07
 -578.805146 3.174898e+07
 -578.943848 3.173682e+07
 -579.082551 3.172332e+07
 -579.221253 3.170858e+07
 -579.359956 3.169281e+07
 -579.498658 3.167634e+07
 -579.637360 3.165958e+07
 -579.776063 3.164309e+07
 -579.914765 3.162746e+07
 -580.053468 3.161334e+07
 -580.192170 3.160145e+07
 -580.330872 3.159250e+07
 -580.469575 3.158718e+07
 -580.608277 3.158618e+07
 -580.746980 3.159011e+07
 -580.885682 3.159954e+07
 -581.024384 3.161494e+07
 -581.163087 3.163669e+07
 -581.301789 3.166504e+07
 -581.440492 3.170018e+07
 -581.579194 3.174214e+07
 -581.717897 3.179089e+07
 -581.856599 3.184626e+07
 -581.995301 3.190802e+07
 -582.134004 3.197584e+07
 -582.272706 3.204936e+07
 -582.411409 3.212816e+07
 -582.550111 3.221178e+07
 -582.688813 3.229979e+07
 -582.827516 3.239175e+07
 -582.966218 3.248726e+07
 -583.104921 3.258595e+07
 -583.243623 3.268753e+07
 -583.382325 3.279175e+07
 -583.521028 3.289847e+07
 -583.659730 3.300763e+07
 -583.798433 3.311924e+07
 -583.937135 3.323342e+07
 -584.075837 3.335034e+07
 -584.214540 3.347031e+07
 -584.353242 3.359365e+07
 -584.491945 3.372078e+07
 -584.630647 3.385215e+07
 -584.769349 3.398829e+07
 -584.908052 3.412970e+07
 -585.046754 3.427694e+07
 -585.185457 3.443057e+07
 -585.324159 3.459111e+07
 -585.462862 3.475908e+07
 -585.601564 3.493498e+07
 -585.740266 3.511922e+07
 -585.878969 3.531218e+07
 -586.017671 3.551419e+07
 -586.156374 3.572549e+07
 -586.295076 3.594625e+07
 -586.433778 3.617654e+07
 -586.572481 3.641638e+07
 -586.711183 3.666567e+07
 -586.849886 3.692423e+07
 -586.988588 3.719181e+07
 -587.127290 3.746806e+07
 -587.265993 3.775254e+07
 -587.404695 3.804475e+07
 -587.543398 3.834411e+07
 -587.682100 3.864995e+07
 -587.820802 3.896155e+07
 -587.959505 3.927815e+07
 -588.098207 3.959890e+07
 -588.236910 3.992291e+07
 -588.375612 4.024927e+07
 -588.514314 4.057700e+07
 -588.653017 4.090510e+07
 -588.791719 4.123255e+07
 -588.930422 4.155830e+07
 -589.069124 4.188126e+07
 -589.207827 4.220039e+07
 -589.346529 4.251457e+07
 -589.485231 4.282272e+07
 -589.623934 4.312377e+07
 -589.762636 4.341668e+07
 -589.901339 4.370039e+07
 -590.040041 4.397391e+07
 -590.178743 4.423630e+07
 -590.317446 4.448663e+07
 -590.456148 4.472406e+07
 -590.594851 4.494782e+07
 -590.733553 4.515718e+07
 -590.872255 4.535150e+07
 -591.010958 4.553022e+07
 -591.149660 4.569287e+07
 -591.288363 4.583902e+07
 -591.427065 4.596836e+07
 -591.565767 4.608061e+07
 -591.704470 4.617558e+07
 -591.843172 4.625315e+07
 -591.981875 4.631324e+07
 -592.120577 4.635582e+07
 -592.259279 4.638094e+07
 -592.397982 4.638866e+07
 -592.536684 4.637910e+07
 -592.675387 4.635241e+07
 -592.814089 4.630880e+07
 -592.952792 4.624852e+07
 -593.091494 4.617186e+07
 -593.230196 4.607914e+07
 -593.368899 4.597078e+07
 -593.507601 4.584720e+07
 -593.646304 4.570890e+07
 -593.785006 4.555646e+07
 -593.923708 4.539046e+07
 -594.062411 4.521159e+07
 -594.201113 4.502056e+07
 -594.339816 4.481812e+07
 -594.478518 4.460506e+07
 -594.617220 4.438223e+07
 -594.755923 4.415046e+07
 -594.894625 4.391058e+07
 -595.033328 4.366345e+07
 -595.172030 4.340986e+07
 -595.310732 4.315063e+07
 -595.449435 4.288647e+07
 -595.588137 4.261807e+07
 -595.726840 4.234605e+07
 -595.865542 4.207094e+07
 -596.004244 4.179321e+07
 -596.142947 4.151322e+07
 -596.281649 4.123127e+07
 -596.420352 4.094755e+07
 -596.559054 4.066221e+07
 -596.697757 4.037526e+07
 -596.836459 4.008670e+07
 -596.975161 3.979642e+07
 -597.113864 3.950433e+07
 -597.252566 3.921022e+07
 -597.391269 3.891393e+07
 -597.529971 3.861522e+07
 -597.668673 3.831392e+07
 -597.807376 3.800982e+07
 -597.946078 3.770274e+07
 -598.084781 3.739256e+07
 -598.223483 3.707915e+07
 -598.362185 3.676246e+07
 -598.500888 3.644244e+07
 -598.639590 3.611914e+07
 -598.778293 3.579258e+07
 -598.916995 3.546286e+07
 -599.055697 3.513008e+07
 -599.194400 3.479437e+07
 -599.333102 3.445588e+07
 -599.471805 3.411474e+07
 -599.610507 3.377108e+07
 -599.749209 3.342502e+07
 -599.887912 3.307667e+07
 -600.026614 3.272610e+07
 -600.165317 3.237335e+07
 -600.304019 3.201846e+07
 -600.442722 3.166144e+07
 -600.581424 3.130226e+07
 -600.720126 3.094089e+07
 -600.858829 3.057733e+07
 -600.997531 3.021155e+07
 -601.136234 2.984356e+07
 -601.274936 2.947338e+07
 -601.413638 2.910109e+07
 -601.552341 2.872679e+07
 -601.691043 2.835067e+07
 -601.829746 2.797294e+07
 -601.968448 2.759392e+07
 -602.107150 2.721394e+07
 -602.245853 2.683342e+07
 -602.384555 2.645285e+07
 -602.523258 2.607273e+07
 -602.661960 2.569362e+07
 -602.800662 2.531609e+07
 -602.939365 2.494071e+07
 -603.078067 2.456805e+07
 -603.216770 2.419864e+07
 -603.355472 2.383297e+07
 -603.494174 2.347146e+07
 -603.632877 2.311443e+07
 -603.771579 2.276214e+07
 -603.910282 2.241471e+07
 -604.048984 2.207220e+07
 -604.187687 2.173452e+07
 -604.326389 2.140150e+07
 -604.465091 2.107290e+07
 -604.603794 2.074834e+07
 -604.742496 2.042745e+07
 -604.881199 2.010978e+07
 -605.019901 1.979489e+07
 -605.158603 1.948235e+07
 -605.297306 1.917174e+07
 -605.436008 1.886271e+07
 -605.574711 1.855498e+07
 -605.713413 1.824839e+07
 -605.852115 1.794284e+07
 -605.990818 1.763836e+07
 -606.129520 1.733509e+07
 -606.268223 1.703327e+07
 -606.406925 1.673329e+07
 -606.545627 1.643558e+07
 -606.684330 1.614066e+07
 -606.823032 1.584916e+07
 -606.961735 1.556174e+07
 -607.100437 1.527910e+07
 -607.239139 1.500194e+07
 -607.377842 1.473102e+07
 -607.516544 1.446706e+07
 -607.655247 1.421079e+07
 -607.793949 1.396290e+07
 -607.932652 1.372405e+07
 -608.071354 1.349487e+07
 -608.210056 1.327596e+07
 -608.348759 1.306786e+07
 -608.487461 1.287106e+07
 -608.626164 1.268602e+07
 -608.764866 1.251314e+07
 -608.903568 1.235276e+07
 -609.042271 1.220520e+07
 -609.180973 1.207070e+07
 -609.319676 1.194944e+07
 -609.458378 1.184159e+07
 -609.597080 1.174722e+07
 -609.735783 1.166638e+07
 -609.874485 1.159902e+07
 -610.013188 1.154507e+07
 -610.151890 1.150437e+07
 -610.290592 1.147670e+07
 -610.429295 1.146178e+07
 -610.567997 1.145926e+07
 -610.706700 1.146871e+07
 -610.845402 1.148961e+07
 -610.984104 1.152139e+07
 -611.122807 1.156340e+07
 -611.261509 1.161487e+07
 -611.400212 1.167502e+07
 -611.538914 1.174294e+07
 -611.677617 1.181769e+07
 -611.816319 1.189824e+07
 -611.955021 1.198351e+07
 -612.093724 1.207240e+07
 -612.232426 1.216376e+07
 -612.371129 1.225639e+07
 -612.509831 1.234914e+07
 -612.648533 1.244083e+07
 -612.787236 1.253031e+07
 -612.925938 1.261648e+07
 -613.064641 1.269829e+07
 -613.203343 1.277477e+07
 -613.342045 1.284505e+07
 -613.480748 1.290835e+07
 -613.619450 1.296403e+07
 -613.758153 1.301156e+07
 -613.896855 1.305058e+07
 -614.035557 1.308085e+07
 -614.174260 1.310229e+07
 -614.312962 1.311501e+07
 -614.451665 1.311922e+07
 -614.590367 1.311535e+07
 -614.729069 1.310392e+07
 -614.867772 1.308560e+07
 -615.006474 1.306123e+07
 -615.145177 1.303174e+07
 -615.283879 1.299816e+07
 -615.422582 1.296162e+07
 -615.561284 1.292333e+07
 -615.699986 1.288455e+07
 -615.838689 1.284662e+07
 -615.977391 1.281086e+07
 -616.116094 1.277863e+07
 -616.254796 1.275130e+07
 -616.393498 1.273018e+07
 -616.532201 1.271658e+07
 -616.670903 1.271175e+07
 -616.809606 1.271690e+07
 -616.948308 1.273311e+07
 -617.087010 1.276144e+07
 -617.225713 1.280281e+07
 -617.364415 1.285805e+07
 -617.503118 1.292786e+07
 -617.641820 1.301286e+07
 -617.780522 1.311350e+07
 -617.919225 1.323014e+07
 -618.057927 1.336298e+07
 -618.196630 1.351213e+07
 -618.335332 1.367757e+07
 -618.474034 1.385913e+07
 -618.612737 1.405656e+07
 -618.751439 1.426950e+07
 -618.890142 1.449748e+07
 -619.028844 1.473995e+07
 -619.167547 1.499626e+07
 -619.306249 1.526570e+07
 -619.444951 1.554748e+07
 -619.583654 1.584074e+07
 -619.722356 1.614459e+07
 -619.861059 1.645806e+07
 -619.999761 1.678010e+07
 -620.138463 1.710966e+07
 -620.277166 1.744561e+07
 -620.415868 1.778678e+07
 -620.554571 1.813195e+07
 -620.693273 1.847982e+07
 -620.831975 1.882910e+07
 -620.970678 1.917841e+07
 -621.109380 1.952631e+07
 -621.248083 1.987137e+07
 -621.386785 2.021206e+07
 -621.525487 2.054687e+07
 -621.664190 2.087424e+07
 -621.802892 2.119259e+07
 -621.941595 2.150035e+07
 -622.080297 2.179596e+07
 -622.218999 2.207786e+07
 -622.357702 2.234454e+07
 -622.496404 2.259454e+07
 -622.635107 2.282644e+07
 -622.773809 2.303894e+07
 -622.912511 2.323079e+07
 -623.051214 2.340086e+07
 -623.189916 2.354812e+07
 -623.328619 2.367169e+07
 -623.467321 2.377081e+07
 -623.606024 2.384486e+07
 -623.744726 2.389338e+07
 -623.883428 2.391606e+07
 -624.022131 2.391274e+07
 -624.160833 2.388344e+07
 -624.299536 2.382834e+07
 -624.438238 2.374777e+07
 -624.576940 2.364224e+07
 -624.715643 2.351242e+07
 -624.854345 2.335913e+07
 -624.993048 2.318333e+07
 -625.131750 2.298613e+07
 -625.270452 2.276880e+07
 -625.409155 2.253269e+07
 -625.547857 2.227929e+07
 -625.686560 2.201019e+07
 -625.825262 2.172705e+07
 -625.963964 2.143160e+07
 -626.102667 2.112564e+07
 -626.241369 2.081098e+07
 -626.380072 2.048949e+07
 -626.518774 2.016299e+07
 -626.657476 1.983333e+07
 -626.796179 1.950230e+07
 -626.934881 1.917168e+07
 -627.073584 1.884316e+07
 -627.212286 1.851840e+07
 -627.350989 1.819894e+07
 -627.489691 1.788627e+07
 -627.628393 1.758179e+07
 -627.767096 1.728678e+07
 -627.905798 1.700246e+07
 -628.044501 1.672994e+07
 -628.183203 1.647020e+07
 -628.321905 1.622421e+07
 -628.460608 1.599278e+07
 -628.599310 1.577667e+07
 -628.738013 1.557656e+07
 -628.876715 1.539306e+07
 -629.015417 1.522670e+07
 -629.154120 1.507794e+07
 -629.292822 1.494721e+07
 -629.431525 1.483486e+07
 -629.570227 1.474118e+07
 -629.708929 1.466643e+07
 -629.847632 1.461079e+07
 -629.986334 1.457440e+07
 -630.125037 1.455733e+07
 -630.263739 1.455958e+07
 -630.402441 1.458111e+07
 -630.541144 1.462178e+07
 -630.679846 1.468138e+07
 -630.818549 1.475958e+07
 -630.957251 1.485602e+07
 -631.095954 1.497018e+07
 -631.234656 1.510143e+07
 -631.373358 1.524905e+07
 -631.512061 1.541218e+07
 -631.650763 1.558982e+07
 -631.789466 1.578089e+07
 -631.928168 1.598414e+07
 -632.066870 1.619818e+07
 -632.205573 1.642156e+07
 -632.344275 1.665268e+07
 -632.482978 1.688987e+07
 -632.621680 1.713136e+07
 -632.760382 1.737533e+07
 -632.899085 1.761994e+07
 -633.037787 1.786327e+07
 -633.176490 1.810348e+07
 -633.315192 1.833871e+07
 -633.453894 1.856716e+07
 -633.592597 1.878712e+07
 -633.731299 1.899694e+07
 -633.870002 1.919514e+07
 -634.008704 1.938030e+07
 -634.147406 1.955121e+07
 -634.286109 1.970679e+07
 -634.424811 1.984614e+07
 -634.563514 1.996853e+07
 -634.702216 2.007339e+07
 -634.840919 2.016037e+07
 -634.979621 2.022924e+07
 -635.118323 2.028001e+07
 -635.257026 2.031279e+07
 -635.395728 2.032790e+07
 -635.534431 2.032576e+07
 -635.673133 2.030698e+07
 -635.811835 2.027226e+07
 -635.950538 2.022244e+07
 -636.089240 2.015842e+07
 -636.227943 2.008126e+07
 -636.366645 1.999202e+07
 -636.505347 1.989189e+07
 -636.644050 1.978205e+07
 -636.782752 1.966375e+07
 -636.921455 1.953826e+07
 -637.060157 1.940683e+07
 -637.198859 1.927073e+07
 -637.337562 1.913116e+07
 -637.476264 1.898935e+07
 -637.614967 1.884643e+07
 -637.753669 1.870348e+07
 -637.892371 1.856150e+07
 -638.031074 1.842144e+07
 -638.169776 1.828414e+07
 -638.308479 1.815037e+07
 -638.447181 1.802079e+07
 -638.585884 1.789598e+07
 -638.724586 1.777645e+07
 -638.863288 1.766260e+07
 -639.001991 1.755475e+07
 -639.140693 1.745318e+07
 -639.279396 1.735806e+07
 -639.418098 1.726957e+07
 -639.556800 1.718775e+07
 -639.695503 1.711267e+07
 -639.834205 1.704433e+07
 -639.972908 1.698272e+07
 -640.111610 1.692777e+07
 -640.250312 1.687943e+07
 -640.389015 1.683762e+07
 -640.527717 1.680226e+07
 -640.666420 1.677326e+07
 -640.805122 1.675050e+07
 -640.943824 1.673395e+07
 -641.082527 1.672349e+07
 -641.221229 1.671909e+07
 -641.359932 1.672068e+07
 -641.498634 1.672827e+07
 -641.637336 1.674186e+07
 -641.776039 1.676146e+07
 -641.914741 1.678718e+07
 -642.053444 1.681909e+07
 -642.192146 1.685733e+07
 -642.330849 1.690205e+07
 -642.469551 1.695341e+07
 -642.608253 1.701161e+07
 -642.746956 1.707682e+07
 -642.885658 1.714920e+07
 -643.024361 1.722890e+07
 -643.163063 1.731601e+07
 -643.301765 1.741057e+07
 -643.440468 1.751255e+07
 -643.579170 1.762182e+07
 -643.717873 1.773814e+07
 -643.856575 1.786118e+07
 -643.995277 1.799050e+07
 -644.133980 1.812547e+07
 -644.272682 1.826540e+07
 -644.411385 1.840945e+07
 -644.550087 1.855664e+07
 -644.688789 1.870591e+07
 -644.827492 1.885610e+07
 -644.966194 1.900596e+07
 -645.104897 1.915419e+07
 -645.243599 1.929945e+07
 -645.382301 1.944038e+07
 -645.521004 1.957565e+07
 -645.659706 1.970394e+07
 -645.798409 1.982400e+07
 -645.937111 1.993466e+07
 -646.075814 2.003485e+07
 -646.214516 2.012362e+07
 -646.353218 2.020014e+07
 -646.491921 2.026372e+07
 -646.630623 2.031385e+07
 -646.769326 2.035014e+07
 -646.908028 2.037238e+07
 -647.046730 2.038050e+07
 -647.185433 2.037460e+07
 -647.324135 2.035489e+07
 -647.462838 2.032173e+07
 -647.601540 2.027562e+07
 -647.740242 2.021710e+07
 -647.878945 2.014690e+07
 -648.017647 2.006571e+07
 -648.156350 1.997437e+07
 -648.295052 1.987370e+07
 -648.433754 1.976457e+07
 -648.572457 1.964784e+07
 -648.711159 1.952440e+07
 -648.849862 1.939507e+07
 -648.988564 1.926068e+07
 -649.127266 1.912199e+07
 -649.265969 1.897973e+07
 -649.404671 1.883458e+07
 -649.543374 1.868718e+07
 -649.682076 1.853806e+07
 -649.820779 1.838776e+07
 -649.959481 1.823674e+07
 -650.098183 1.808540e+07
 -650.236886 1.793413e+07
 -650.375588 1.778324e+07
 -650.514291 1.763302e+07
 -650.652993 1.748370e+07
 -650.791695 1.733550e+07
 -650.930398 1.718855e+07
 -651.069100 1.704303e+07
 -651.207803 1.689900e+07
 -651.346505 1.675651e+07
 -651.485207 1.661558e+07
 -651.623910 1.647618e+07
 -651.762612 1.633826e+07
 -651.901315 1.620170e+07
 -652.040017 1.606640e+07
 -652.178719 1.593221e+07
 -652.317422 1.579898e+07
 -652.456124 1.566654e+07
 -652.594827 1.553477e+07
 -652.733529 1.540354e+07
 -652.872231 1.527274e+07
 -653.010934 1.514237e+07
 -653.149636 1.501243e+07
 -653.288339 1.488304e+07
 -653.427041 1.475438e+07
 -653.565744 1.462675e+07
 -653.704446 1.450051e+07
 -653.843148 1.437617e+07
 -653.981851 1.425430e+07
 -654.120553 1.413561e+07
 -654.259256 1.402086e+07
 -654.397958 1.391093e+07
 -654.536660 1.380673e+07
 -654.675363 1.370926e+07
 -654.814065 1.361955e+07
 -654.952768 1.353862e+07
 -655.091470 1.346750e+07
 -655.230172 1.340721e+07
 -655.368875 1.335870e+07
 -655.507577 1.332288e+07
 -655.646280 1.330058e+07
 -655.784982 1.329254e+07
 -655.923684 1.329940e+07
 -656.062387 1.332168e+07
 -656.201089 1.335982e+07
 -656.339792 1.341409e+07
 -656.478494 1.348468e+07
 -656.617196 1.357167e+07
 -656.755899 1.367502e+07
 -656.894601 1.379458e+07
 -657.033304 1.393010e+07
 -657.172006 1.408125e+07
 -657.310709 1.424761e+07
 -657.449411 1.442866e+07
 -657.588113 1.462385e+07
 -657.726816 1.483250e+07
 -657.865518 1.505390e+07
 -658.004221 1.528725e+07
 -658.142923 1.553169e+07
 -658.281625 1.578627e+07
 -658.420328 1.605002e+07
 -658.559030 1.632182e+07
 -658.697733 1.660054e+07
 -658.836435 1.688496e+07
 -658.975137 1.717378e+07
 -659.113840 1.746563e+07
 -659.252542 1.775911e+07
 -659.391245 1.805277e+07
 -659.529947 1.834511e+07
 -659.668649 1.863464e+07
 -659.807352 1.891986e+07
 -659.946054 1.919929e+07
 -660.084757 1.947151e+07
 -660.223459 1.973517e+07
 -660.362161 1.998899e+07
 -660.500864 2.023183e+07
 -660.639566 2.046266e+07
 -660.778269 2.068060e+07
 -660.916971 2.088493e+07
 -661.055674 2.107508e+07
 -661.194376 2.125070e+07
 -661.333078 2.141154e+07
 -661.471781 2.155761e+07
 -661.610483 2.168902e+07
 -661.749186 2.180604e+07
 -661.887888 2.190913e+07
 -662.026590 2.199884e+07
 -662.165293 2.207584e+07
 -662.303995 2.214093e+07
 -662.442698 2.219493e+07
 -662.581400 2.223878e+07
 -662.720102 2.227343e+07
 -662.858805 2.229990e+07
 -662.997507 2.231917e+07
 -663.136210 2.233227e+07
 -663.274912 2.234021e+07
 -663.413614 2.234396e+07
 -663.552317 2.234450e+07
 -663.691019 2.234274e+07
 -663.829722 2.233962e+07
 -663.968424 2.233596e+07
 -664.107126 2.233261e+07
 -664.245829 2.233036e+07
 -664.384531 2.232998e+07
 -664.523234 2.233218e+07
 -664.661936 2.233769e+07
 -664.800639 2.234718e+07
 -664.939341 2.236134e+07
 -665.078043 2.238079e+07
 -665.216746 2.240619e+07
 -665.355448 2.243818e+07
 -665.494151 2.247736e+07
 -665.632853 2.252434e+07
 -665.771555 2.257974e+07
 -665.910258 2.264412e+07
 -666.048960 2.271803e+07
 -666.187663 2.280200e+07
 -666.326365 2.289650e+07
 -666.465067 2.300196e+07
 -666.603770 2.311875e+07
 -666.742472 2.324718e+07
 -666.881175 2.338745e+07
 -667.019877 2.353968e+07
 -667.158579 2.370390e+07
 -667.297282 2.388003e+07
 -667.435984 2.406786e+07
 -667.574687 2.426706e+07
 -667.713389 2.447718e+07
 -667.852091 2.469763e+07
 -667.990794 2.492769e+07
 -668.129496 2.516652e+07
 -668.268199 2.541316e+07
 -668.406901 2.566651e+07
 -668.545604 2.592537e+07
 -668.684306 2.618843e+07
 -668.823008 2.645432e+07
 -668.961711 2.672153e+07
 -669.100413 2.698855e+07
 -669.239116 2.725377e+07
 -669.377818 2.751557e+07
 -669.516520 2.777234e+07
 -669.655223 2.802242e+07
 -669.793925 2.826424e+07
 -669.932628 2.849623e+07
 -670.071330 2.871693e+07
 -670.210032 2.892494e+07
 -670.348735 2.911898e+07
 -670.487437 2.929792e+07
 -670.626140 2.946076e+07
 -670.764842 2.960670e+07
 -670.903544 2.973507e+07
 -671.042247 2.984543e+07
 -671.180949 2.993756e+07
 -671.319652 3.001138e+07
 -671.458354 3.006708e+07
 -671.597056 3.010501e+07
 -671.735759 3.012572e+07
 -671.874461 3.012994e+07
 -672.013164 3.011855e+07
 -672.151866 3.009261e+07
 -672.290569 3.005325e+07
 -672.429271 3.000173e+07
 -672.567973 2.993935e+07
 -672.706676 2.986748e+07
 -672.845378 2.978748e+07
 -672.984081 2.970068e+07
 -673.122783 2.960840e+07
 -673.261485 2.951186e+07
 -673.400188 2.941218e+07
 -673.538890 2.931037e+07
 -673.677593 2.920730e+07
 -673.816295 2.910367e+07
 -673.954997 2.900003e+07
 -674.093700 2.889674e+07
 -674.232402 2.879400e+07
 -674.371105 2.869180e+07
 -674.509807 2.858998e+07
 -674.648509 2.848820e+07
 -674.787212 2.838598e+07
 -674.925914 2.828270e+07
 -675.064617 2.817761e+07
 -675.203319 2.806986e+07
 -675.342021 2.795856e+07
 -675.480724 2.784274e+07
 -675.619426 2.772140e+07
 -675.758129 2.759355e+07
 -675.896831 2.745823e+07
 -676.035534 2.731449e+07
 -676.174236 2.716143e+07
 -676.312938 2.699829e+07
 -676.451641 2.682430e+07
 -676.590343 2.663886e+07
 -676.729046 2.644142e+07
 -676.867748 2.623158e+07
 -677.006450 2.600902e+07
 -677.145153 2.577354e+07
 -677.283855 2.552506e+07
 -677.422558 2.526360e+07
 -677.561260 2.498929e+07
 -677.699962 2.470236e+07
 -677.838665 2.440317e+07
 -677.977367 2.409218e+07
 -678.116070 2.376994e+07
 -678.254772 2.343714e+07
 -678.393474 2.309454e+07
 -678.532177 2.274306e+07
 -678.670879 2.238367e+07
 -678.809582 2.201750e+07
 -678.948284 2.164576e+07
 -679.086986 2.126974e+07
 -679.225689 2.089087e+07
 -679.364391 2.051063e+07
 -679.503094 2.013059e+07
 -679.641796 1.975236e+07
 -679.780499 1.937760e+07
 -679.919201 1.900799e+07
 -680.057903 1.864524e+07
 -680.196606 1.829100e+07
 -680.335308 1.794693e+07
 -680.474011 1.761458e+07
 -680.612713 1.729548e+07
 -680.751415 1.699102e+07
 -680.890118 1.670246e+07
 -681.028820 1.643098e+07
 -681.167523 1.617760e+07
 -681.306225 1.594315e+07
 -681.444927 1.572835e+07
 -681.583630 1.553374e+07
 -681.722332 1.535971e+07
 -681.861035 1.520649e+07
 -681.999737 1.507417e+07
 -682.138439 1.496270e+07
 -682.277142 1.487192e+07
 -682.415844 1.480155e+07
 -682.554547 1.475124e+07
 -682.693249 1.472056e+07
 -682.831951 1.470905e+07
 -682.970654 1.471617e+07
 -683.109356 1.474141e+07
 -683.248059 1.478425e+07
 -683.386761 1.484417e+07
 -683.525464 1.492071e+07
 -683.664166 1.501342e+07
 -683.802868 1.512193e+07
 -683.941571 1.524590e+07
 -684.080273 1.538503e+07
 -684.218976 1.553911e+07
 -684.357678 1.570793e+07
 -684.496380 1.589135e+07
 -684.635083 1.608922e+07
 -684.773785 1.630144e+07
 -684.912488 1.652784e+07
 -685.051190 1.676830e+07
 -685.189892 1.702260e+07
 -685.328595 1.729047e+07
 -685.467297 1.757161e+07
 -685.606000 1.786558e+07
 -685.744702 1.817187e+07
 -685.883404 1.848986e+07
 -686.022107 1.881878e+07
 -686.160809 1.915781e+07
 -686.299512 1.950593e+07
 -686.438214 1.986206e+07
 -686.576916 2.022499e+07
 -686.715619 2.059338e+07
 -686.854321 2.096582e+07
 -686.993024 2.134077e+07
 -687.131726 2.171665e+07
 -687.270429 2.209178e+07
 -687.409131 2.246446e+07
 -687.547833 2.283290e+07
 -687.686536 2.319534e+07
 -687.825238 2.354997e+07
 -687.963941 2.389500e+07
 -688.102643 2.422868e+07
 -688.241345 2.454927e+07
 -688.380048 2.485511e+07
 -688.518750 2.514462e+07
 -688.657453 2.541627e+07
 -688.796155 2.566869e+07
 -688.934857 2.590059e+07
 -689.073560 2.611082e+07
 -689.212262 2.629838e+07
 -689.350965 2.646242e+07
 -689.489667 2.660226e+07
 -689.628369 2.671736e+07
 -689.767072 2.680736e+07
 -689.905774 2.687208e+07
 -690.044477 2.691150e+07
 -690.183179 2.692578e+07
 -690.321881 2.691518e+07
 -690.460584 2.688019e+07
 -690.599286 2.682138e+07
 -690.737989 2.673946e+07
 -690.876691 2.663526e+07
 -691.015394 2.650970e+07
 -691.154096 2.636382e+07
 -691.292798 2.619869e+07
 -691.431501 2.601546e+07
 -691.570203 2.581533e+07
 -691.708906 2.559953e+07
 -691.847608 2.536935e+07
 -691.986310 2.512607e+07
 -692.125013 2.487102e+07
 -692.263715 2.460551e+07
 -692.402418 2.433090e+07
 -692.541120 2.404856e+07
 -692.679822 2.375986e+07
 -692.818525 2.346620e+07
 -692.957227 2.316900e+07
 -693.095930 2.286970e+07
 -693.234632 2.256972e+07
 -693.373334 2.227057e+07
 -693.512037 2.197369e+07
 -693.650739 2.168057e+07
 -693.789442 2.139266e+07
 -693.928144 2.111142e+07
 -694.066846 2.083827e+07
 -694.205549 2.057458e+07
 -694.344251 2.032164e+07
 -694.482954 2.008069e+07
 -694.621656 1.985284e+07
 -694.760359 1.963911e+07
 -694.899061 1.944042e+07
 -695.037763 1.925752e+07
 -695.176466 1.909101e+07
 -695.315168 1.894136e+07
 -695.453871 1.880888e+07
 -695.592573 1.869373e+07
 -695.731275 1.859589e+07
 -695.869978 1.851522e+07
 -696.008680 1.845145e+07
 -696.147383 1.840414e+07
 -696.286085 1.837275e+07
 -696.424787 1.835663e+07
 -696.563490 1.835502e+07
 -696.702192 1.836711e+07
 -696.840895 1.839195e+07
 -696.979597 1.842858e+07
 -697.118299 1.847600e+07
 -697.257002 1.853312e+07
 -697.395704 1.859886e+07
 -697.534407 1.867213e+07
 -697.673109 1.875180e+07
 -697.811811 1.883678e+07
 -697.950514 1.892597e+07
 -698.089216 1.901830e+07
 -698.227919 1.911274e+07
 -698.366621 1.920827e+07
 -698.505324 1.930394e+07
 -698.644026 1.939886e+07
 -698.782728 1.949215e+07
 -698.921431 1.958303e+07
 -699.060133 1.967078e+07
 -699.198836 1.975471e+07
 -699.337538 1.983422e+07
 -699.476240 1.990879e+07
 -699.614943 1.997794e+07
 -699.753645 2.004126e+07
 -699.892348 2.009843e+07
 -700.031050 2.014916e+07
 -700.169752 2.019326e+07
 -700.308455 2.023055e+07
 -700.447157 2.026098e+07
 -700.585860 2.028452e+07
 -700.724562 2.030121e+07
 -700.863264 2.031114e+07
 -701.001967 2.031446e+07
 -701.140669 2.031142e+07
 -701.279372 2.030226e+07
 -701.418074 2.028728e+07
 -701.556776 2.026686e+07
 -701.695479 2.024137e+07
 -701.834181 2.021122e+07
 -701.972884 2.017686e+07
 -702.111586 2.013873e+07
 -702.250289 2.009726e+07
 -702.388991 2.005287e+07
 -702.527693 2.000596e+07
 -702.666396 1.995690e+07
 -702.805098 1.990597e+07
 -702.943801 1.985344e+07
 -703.082503 1.979950e+07
 -703.221205 1.974424e+07
 -703.359908 1.968770e+07
 -703.498610 1.962983e+07
 -703.637313 1.957051e+07
 -703.776015 1.950953e+07
 -703.914717 1.944662e+07
 -704.053420 1.938144e+07
 -704.192122 1.931357e+07
 -704.330825 1.924256e+07
 -704.469527 1.916794e+07
 -704.608229 1.908919e+07
 -704.746932 1.900577e+07
 -704.885634 1.891715e+07
 -705.024337 1.882282e+07
 -705.163039 1.872226e+07
 -705.301741 1.861500e+07
 -705.440444 1.850062e+07
 -705.579146 1.837870e+07
 -705.717849 1.824894e+07
 -705.856551 1.811105e+07
 -705.995254 1.796482e+07
 -706.133956 1.781010e+07
 -706.272658 1.764681e+07
 -706.411361 1.747492e+07
 -706.550063 1.729451e+07
 -706.688766 1.710566e+07
 -706.827468 1.690854e+07
 -706.966170 1.670336e+07
 -707.104873 1.649040e+07
 -707.243575 1.626995e+07
 -707.382278 1.604234e+07
 -707.520980 1.580793e+07
 -707.659682 1.556710e+07
 -707.798385 1.532021e+07
 -707.937087 1.506766e+07
 -708.075790 1.480982e+07
 -708.214492 1.454705e+07
 -708.353194 1.427966e+07
 -708.491897 1.400794e+07
 -708.630599 1.373218e+07
 -708.769302 1.345256e+07
 -708.908004 1.316925e+07
 -709.046706 1.288234e+07
 -709.185409 1.259190e+07
 -709.324111 1.229788e+07
 -709.462814 1.200025e+07
 -709.601516 1.169886e+07
 -709.740219 1.139354e+07
 -709.878921 1.108407e+07
 -710.017623 1.077018e+07
 -710.156326 1.045157e+07
 -710.295028 1.012791e+07
 -710.433731 9.798840e+06
 -710.572433 9.464000e+06
 -710.711135 9.123000e+06
 -710.849838 8.775456e+06
 -710.988540 8.420992e+06
 -711.127243 8.059232e+06
 -711.265945 7.689792e+06
 -711.404647 7.312320e+06
 -711.543350 6.926472e+06
 -711.682052 6.531928e+06
 -711.820755 6.128392e+06
 -711.959457 5.715576e+06
 -712.098159 5.293256e+06
 -712.236862 4.861232e+06
 -712.375564 4.419328e+06
 -712.514267 3.967464e+06
 -712.652969 3.505608e+06
 -712.791671 3.033792e+06
 -712.930374 2.552176e+06
 -713.069076 2.060960e+06
 -713.207779 1.560512e+06
 -713.346481 1.051280e+06
 -713.485184 5.338400e+05
 -713.623886 8.904000e+03
 -713.762588 -5.226960e+05
 -713.901291 -1.060024e+06
 -714.039993 -1.602016e+06
 -714.178696 -2.147528e+06
 -714.317398 -2.695304e+06
 -714.456100 -3.244048e+06
 -714.594803 -3.792448e+06
 -714.733505 -4.339128e+06
 -714.872208 -4.882744e+06
 -715.010910 -5.422008e+06
 -715.149612 -5.955656e+06
 -715.288315 -6.482512e+06
 -715.427017 -7.001520e+06
 -715.565720 -7.511720e+06
 -715.704422 -8.012288e+06
 -715.843124 -8.502528e+06
 -715.981827 -8.981896e+06
 -716.120529 -9.449992e+06
 -716.259232 -9.906560e+06
 -716.397934 -1.035146e+07
 -716.536636 -1.078468e+07
 -716.675339 -1.120633e+07
 -716.814041 -1.161662e+07
 -716.952744 -1.201580e+07
 -717.091446 -1.240424e+07
 -717.230149 -1.278230e+07
 -717.368851 -1.315041e+07
 -717.507553 -1.350896e+07
 -717.646256 -1.385835e+07
 -717.784958 -1.419898e+07
 -717.923661 -1.453114e+07
 -718.062363 -1.485514e+07
 -718.201065 -1.517118e+07
 -718.339768 -1.547940e+07
 -718.478470 -1.577986e+07
 -718.617173 -1.607252e+07
 -718.755875 -1.635726e+07
 -718.894577 -1.663387e+07
 -719.033280 -1.690205e+07
 -719.171982 -1.716138e+07
 -719.310685 -1.741134e+07
 -719.449387 -1.765138e+07
 -719.588089 -1.788082e+07
 -719.726792 -1.809886e+07
 -719.865494 -1.830471e+07
 -720.004197 -1.849744e+07
 -720.142899 -1.867610e+07
 -720.281601 -1.883969e+07
 -720.420304 -1.898714e+07
 -720.559006 -1.911744e+07
 -720.697709 -1.922950e+07
 -720.836411 -1.932231e+07
 -720.975114 -1.939485e+07
 -721.113816 -1.944621e+07
 -721.252518 -1.947551e+07
 -721.391221 -1.948204e+07
 -721.529923 -1.946514e+07
 -721.668626 -1.942435e+07
 -721.807328 -1.935937e+07
 -721.946030 -1.927003e+07
 -722.084733 -1.915642e+07
 -722.223435 -1.901876e+07
 -722.362138 -1.885751e+07
 -722.500840 -1.867335e+07
 -722.639542 -1.846713e+07
 -722.778245 -1.823990e+07
 -722.916947 -1.799290e+07
 -723.055650 -1.772754e+07
 -723.194352 -1.744537e+07
 -723.333054 -1.714808e+07
 -723.471757 -1.683746e+07
 -723.610459 -1.651537e+07
 -723.749162 -1.618375e+07
 -723.887864 -1.584458e+07
 -724.026566 -1.549984e+07
 -724.165269 -1.515150e+07
 -724.303971 -1.480154e+07
 -724.442674 -1.445184e+07
 -724.581376 -1.410429e+07
 -724.720079 -1.376067e+07
 -724.858781 -1.342272e+07
 -724.997483 -1.309208e+07
 -725.136186 -1.277033e+07
 -725.274888 -1.245894e+07
 -725.413591 -1.215930e+07
 -725.552293 -1.187273e+07
 -725.690995 -1.160045e+07
 -725.829698 -1.134357e+07
 -725.968400 -1.110312e+07
 -726.107103 -1.088001e+07
 -726.245805 -1.067506e+07
 -726.384507 -1.048898e+07
 -726.523210 -1.032231e+07
 -726.661912 -1.017550e+07
 -726.800615 -1.004884e+07
 -726.939317 -9.942472e+06
 -727.078019 -9.856344e+06
 -727.216722 -9.790296e+06
 -727.355424 -9.743952e+06
 -727.494127 -9.716752e+06
 -727.632829 -9.707992e+06
 -727.771531 -9.716768e+06
 -727.910234 -9.742040e+06
 -728.048936 -9.782560e+06
 -728.187639 -9.837000e+06
 -728.326341 -9.903832e+06
 -728.465044 -9.981488e+06
 -728.603746 -1.006826e+07
 -728.742448 -1.016241e+07
 -728.881151 -1.026211e+07
 -729.019853 -1.036557e+07
 -729.158556 -1.047098e+07
 -729.297258 -1.057654e+07
 -729.435960 -1.068054e+07
 -729.574663 -1.078132e+07
 -729.713365 -1.087733e+07
 -729.852068 -1.096710e+07
 -729.990770 -1.104933e+07
 -730.129472 -1.112278e+07
 -730.268175 -1.118642e+07
 -730.406877 -1.123934e+07
 -730.545580 -1.128075e+07
 -730.684282 -1.131004e+07
 -730.822984 -1.132671e+07
 -730.961687 -1.133040e+07
 -731.100389 -1.132090e+07
 -731.239092 -1.129806e+07
 -731.377794 -1.126190e+07
 -731.516496 -1.121250e+07
 -731.655199 -1.115004e+07
 -731.793901 -1.107474e+07
 -731.932604 -1.098693e+07
 -732.071306 -1.088696e+07
 -732.210009 -1.077523e+07
 -732.348711 -1.065219e+07
 -732.487413 -1.051829e+07
 -732.626116 -1.037402e+07
 -732.764818 -1.021985e+07
 -732.903521 -1.005628e+07
 -733.042223 -9.883816e+06
 -733.180925 -9.702912e+06
 -733.319628 -9.514056e+06
 -733.458330 -9.317696e+06
 -733.597033 -9.114272e+06
 -733.735735 -8.904208e+06
 -733.874437 -8.687920e+06
 -734.013140 -8.465808e+06
 -734.151842 -8.238256e+06
 -734.290545 -8.005680e+06
 -734.429247 -7.768464e+06
 -734.567949 -7.527032e+06
 -734.706652 -7.281792e+06
 -734.845354 -7.033200e+06
 -734.984057 -6.781744e+06
 -735.122759 -6.527896e+06
 -735.261461 -6.272216e+06
 -735.400164 -6.015224e+06
 -735.538866 -5.757544e+06
 -735.677569 -5.499712e+06
 -735.816271 -5.242368e+06
 -735.954974 -4.986088e+06
 -736.093676 -4.731480e+06
 -736.232378 -4.479072e+06
 -736.371081 -4.229416e+06
 -736.509783 -3.982968e+06
 -736.648486 -3.740168e+06
 -736.787188 -3.501368e+06
 -736.925890 -3.266848e+06
 -737.064593 -3.036808e+06
 -737.203295 -2.811392e+06
 -737.341998 -2.590640e+06
 -737.480700 -2.374528e+06
 -737.619402 -2.162944e+06
 -737.758105 -1.955720e+06
 -737.896807 -1.752616e+06
 -738.035510 -1.553352e+06
 -738.174212 -1.357552e+06
 -738.312914 -1.164832e+06
 -738.451617 -9.747600e+05
 -738.590319 -7.868560e+05
 -738.729022 -6.006240e+05
 -738.867724 -4.155280e+05
 -739.006426 -2.310160e+05
 -739.145129 -4.651200e+04
 -739.283831 1.385760e+05
 -739.422534 3.248640e+05
 -739.561236 5.129600e+05
 -739.699939 7.034880e+05
 -739.838641 8.970640e+05
 -739.977343 1.094272e+06
 -740.116046 1.295688e+06
 -740.254748 1.501856e+06
 -740.393451 1.713256e+06
 -740.532153 1.930296e+06
 -740.670855 2.153320e+06
 -740.809558 2.382576e+06
 -740.948260 2.618208e+06
 -741.086963 2.860240e+06
 -741.225665 3.108568e+06
 -741.364367 3.362952e+06
 -741.503070 3.623048e+06
 -741.641772 3.888344e+06
 -741.780475 4.158216e+06
 -741.919177 4.431920e+06
 -742.057879 4.708600e+06
 -742.196582 4.987304e+06
 -742.335284 5.267032e+06
 -742.473987 5.546680e+06
 -742.612689 5.825144e+06
 -742.751391 6.101280e+06
 -742.890094 6.373992e+06
 -743.028796 6.642152e+06
 -743.167499 6.904736e+06
 -743.306201 7.160752e+06
 -743.444904 7.409296e+06
 -743.583606 7.649568e+06
 -743.722308 7.880848e+06
 -743.861011 8.102576e+06
 -743.999713 8.314272e+06
 -744.138416 8.515568e+06
 -744.277118 8.706272e+06
 -744.415820 8.886256e+06
 -744.554523 9.055528e+06
 -744.693225 9.214224e+06
 -744.831928 9.362560e+06
 -744.970630 9.500840e+06
 -745.109332 9.629464e+06
 -745.248035 9.748928e+06
 -745.386737 9.859752e+06
 -745.525440 9.962536e+06
 -745.664142 1.005792e+07
 -745.802844 1.014657e+07
 -745.941547 1.022917e+07
 -746.080249 1.030642e+07
 -746.218952 1.037904e+07
 -746.357654 1.044770e+07
 -746.496356 1.051310e+07
 -746.635059 1.057585e+07
 -746.773761 1.063656e+07
 -746.912464 1.069579e+07
 -747.051166 1.075403e+07
 -747.189869 1.081170e+07
 -747.328571 1.086914e+07
 -747.467273 1.092662e+07
 -747.605976 1.098429e+07
 -747.744678 1.104223e+07
 -747.883381 1.110040e+07
 -748.022083 1.115867e+07
 -748.160785 1.121677e+07
 -748.299488 1.127434e+07
 -748.438190 1.133094e+07
 -748.576893 1.138599e+07
 -748.715595 1.143885e+07
 -748.854297 1.148878e+07
 -748.993000 1.153498e+07
 -749.131702 1.157662e+07
 -749.270405 1.161278e+07
 -749.409107 1.164260e+07
 -749.547809 1.166516e+07
 -749.686512 1.167959e+07
 -749.825214 1.168507e+07
 -749.963917 1.168084e+07
 -750.102619 1.166624e+07
 -750.241321 1.164068e+07
 -750.380024 1.160372e+07
 -750.518726 1.155502e+07
 -750.657429 1.149442e+07
 -750.796131 1.142184e+07
 -750.934834 1.133739e+07
 -751.073536 1.124132e+07
 -751.212238 1.113399e+07
 -751.350941 1.101593e+07
 -751.489643 1.088775e+07
 -751.628346 1.075019e+07
 -751.767048 1.060409e+07
 -751.905750 1.045035e+07
 -752.044453 1.028998e+07
 -752.183155 1.012396e+07
 -752.321858 9.953416e+06
 -752.460560 9.779416e+06
 -752.599262 9.603080e+06
 -752.737965 9.425512e+06
 -752.876667 9.247792e+06
 -753.015370 9.071024e+06
 -753.154072 8.896248e+06
 -753.292774 8.724464e+06
 -753.431477 8.556656e+06
 -753.570179 8.393728e+06
 -753.708882 8.236560e+06
 -753.847584 8.085952e+06
 -753.986286 7.942656e+06
 -754.124989 7.807360e+06
 -754.263691 7.680680e+06
 -754.402394 7.563192e+06
 -754.541096 7.455368e+06
 -754.679799 7.357640e+06
 -754.818501 7.270368e+06
 -754.957203 7.193840e+06
 -755.095906 7.128280e+06
 -755.234608 7.073816e+06
 -755.373311 7.030536e+06
 -755.512013 6.998456e+06
 -755.650715 6.977520e+06
 -755.789418 6.967584e+06
 -755.928120 6.968448e+06
 -756.066823 6.979840e+06
 -756.205525 7.001424e+06
 -756.344227 7.032776e+06
 -756.482930 7.073440e+06
 -756.621632 7.122872e+06
 -756.760335 7.180480e+06
 -756.899037 7.245608e+06
 -757.037739 7.317584e+06
 -757.176442 7.395648e+06
 -757.315144 7.479048e+06
 -757.453847 7.566968e+06
 -757.592549 7.658600e+06
 -757.731251 7.753104e+06
 -757.869954 7.849656e+06
 -758.008656 7.947392e+06
 -758.147359 8.045520e+06
 -758.286061 8.143216e+06
 -758.424763 8.239704e+06
 -758.563466 8.334232e+06
 -758.702168 8.426080e+06
 -758.840871 8.514608e+06
 -758.979573 8.599192e+06
 -759.118276 8.679280e+06
 -759.256978 8.754392e+06
 -759.395680 8.824104e+06
 -759.534383 8.888048e+06
 -759.673085 8.945976e+06
 -759.811788 8.997672e+06
 -759.950490 9.043008e+06
 -760.089192 9.081936e+06
 -760.227895 9.114472e+06
 -760.366597 9.140712e+06
 -760.505300 9.160808e+06
 -760.644002 9.174976e+06
 -760.782704 9.183464e+06
 -760.921407 9.186576e+06
 -761.060109 9.184648e+06
 -761.198812 9.178040e+06
 -761.337514 9.167120e+06
 -761.476216 9.152264e+06
 -761.614919 9.133832e+06
 -761.753621 9.112168e+06
 -761.892324 9.087592e+06
 -762.031026 9.060384e+06
 -762.169728 9.030768e+06
 -762.308431 8.998928e+06
 -762.447133 8.964992e+06
 -762.585836 8.928976e+06
 -762.724538 8.890880e+06
 -762.863241 8.850592e+06
 -763.001943 8.807936e+06
 -763.140645 8.762680e+06
 -763.279348 8.714472e+06
 -763.418050 8.662912e+06
 -763.556753 8.607560e+06
 -763.695455 8.547888e+06
 -763.834157 8.483320e+06
 -763.972860 8.413272e+06
 -764.111562 8.337128e+06
 -764.250265 8.254256e+06
 -764.388967 8.164056e+06
 -764.527669 8.065920e+06
 -764.666372 7.959320e+06
 -764.805074 7.843776e+06
 -764.943777 7.718840e+06
 -765.082479 7.584208e+06
 -765.221181 7.439592e+06
 -765.359884 7.284872e+06
 -765.498586 7.119976e+06
 -765.637289 6.944952e+06
 -765.775991 6.759944e+06
 -765.914693 6.565160e+06
 -766.053396 6.360944e+06
 -766.192098 6.147640e+06
 -766.330801 5.925696e+06
 -766.469503 5.695576e+06
 -766.608206 5.457760e+06
 -766.746908 5.212752e+06
 -766.885610 4.961040e+06
 -767.024313 4.703080e+06
 -767.163015 4.439296e+06
 -767.301718 4.170040e+06
 -767.440420 3.895656e+06
 -767.579122 3.616384e+06
 -767.717825 3.332416e+06
 -767.856527 3.043864e+06
 -767.995230 2.750808e+06
 -768.133932 2.453248e+06
 -768.272634 2.151152e+06
 -768.411337 1.844456e+06
 -768.550039 1.533072e+06
 -768.688742 1.216912e+06
 -768.827444 8.958800e+05
 -768.966146 5.699120e+05
 -769.104849 2.389840e+05
 -769.243551 -9.686400e+04
 -769.382254 -4.375680e+05
 -769.520956 -7.829520e+05
 -769.659658 -1.132784e+06
 -769.798361 -1.486712e+06
 -769.937063 -1.844320e+06
 -770.075766 -2.205064e+06
 -770.214468 -2.568344e+06
 -770.353171 -2.933416e+06
 -770.491873 -3.299504e+06
 -770.630575 -3.665720e+06
 -770.769278 -4.031096e+06
 -770.907980 -4.394624e+06
 -771.046683 -4.755232e+06
 -771.185385 -5.111808e+06
 -771.324087 -5.463200e+06
 -771.462790 -5.808264e+06
 -771.601492 -6.145792e+06
 -771.740195 -6.474616e+06
 -771.878897 -6.793568e+06
 -772.017599 -7.101472e+06
 -772.156302 -7.397184e+06
 -772.295004 -7.679576e+06
 -772.433707 -7.947552e+06
 -772.572409 -8.200088e+06
 -772.711111 -8.436144e+06
 -772.849814 -8.654792e+06
 -772.988516 -8.855128e+06
 -773.127219 -9.036328e+06
 -773.265921 -9.197672e+06
 -773.404623 -9.338480e+06
 -773.543326 -9.458192e+06
 -773.682028 -9.556352e+06
 -773.820731 -9.632592e+06
 -773.959433 -9.686696e+06
 -774.098136 -9.718504e+06
 -774.236838 -9.728016e+06
 -774.375540 -9.715344e+06
 -774.514243 -9.680720e+06
 -774.652945 -9.624456e+06
 -774.791648 -9.547000e+06
 -774.930350 -9.448904e+06
 -775.069052 -9.330816e+06
 -775.207755 -9.193456e+06
 -775.346457 -9.037664e+06
 -775.485160 -8.864312e+06
 -775.623862 -8.674376e+06
 -775.762564 -8.468872e+06
 -775.901267 -8.248880e+06
 -776.039969 -8.015528e+06
 -776.178672 -7.769960e+06
 -776.317374 -7.513376e+06
 -776.456076 -7.246984e+06
 -776.594779 -6.971984e+06
 -776.733481 -6.689608e+06
 -776.872184 -6.401048e+06
 -777.010886 -6.107496e+06
 -777.149588 -5.810104e+06
 -777.288291 -5.509952e+06
 -777.426993 -5.208136e+06
 -777.565696 -4.905624e+06
 -777.704398 -4.603344e+06
 -777.843101 -4.302152e+06
 -777.981803 -4.002808e+06
 -778.120505 -3.706000e+06
 -778.259208 -3.412328e+06
 -778.397910 -3.122288e+06
 -778.536613 -2.836304e+06
 -778.675315 -2.554744e+06
 -778.814017 -2.277856e+06
 -778.952720 -2.005856e+06
 -779.091422 -1.738904e+06
 -779.230125 -1.477088e+06
 -779.368827 -1.220488e+06
 -779.507529 -9.691440e+05
 -779.646232 -7.231040e+05
 -779.784934 -4.824080e+05
 -779.923637 -2.471120e+05
 -780.062339 -1.730400e+04
 -780.201041 2.068880e+05
 -780.339744 4.252880e+05
 -780.478446 6.376880e+05
 -780.617149 8.437680e+05
 -780.755851 1.043192e+06
 -780.894553 1.235536e+06
 -781.033256 1.420304e+06
 -781.171958 1.596968e+06
 -781.310661 1.764928e+06
 -781.449363 1.923536e+06
 -781.588066 2.072160e+06
 -781.726768 2.210104e+06
 -781.865470 2.336712e+06
 -782.004173 2.451336e+06
 -782.142875 2.553392e+06
 -782.281578 2.642344e+06
 -782.420280 2.717744e+06
 -782.558982 2.779264e+06
 -782.697685 2.826680e+06
 -782.836387 2.859936e+06
 -782.975090 2.879128e+06
 -783.113792 2.884496e+06
 -783.252494 2.876496e+06
 -783.391197 2.855752e+06
 -783.529899 2.823064e+06
 -783.668602 2.779448e+06
 -783.807304 2.726088e+06
 -783.946006 2.664344e+06
 -784.084709 2.595768e+06
 -784.223411 2.522032e+06
 -784.362114 2.444984e+06
 -784.500816 2.366576e+06
 -784.639518 2.288856e+06
 -784.778221 2.213960e+06
 -784.916923 2.144056e+06
 -785.055626 2.081376e+06
 -785.194328 2.028112e+06
 -785.333031 1.986440e+06
 -785.471733 1.958488e+06
 -785.610435 1.946256e+06
 -785.749138 1.951664e+06
 -785.887840 1.976456e+06
 -786.026543 2.022216e+06
 -786.165245 2.090296e+06
 -786.303947 2.181856e+06
 -786.442650 2.297800e+06
 -786.581352 2.438752e+06
 -786.720055 2.605072e+06
 -786.858757 2.796872e+06
 -786.997459 3.013920e+06
 -787.136162 3.255760e+06
 -787.274864 3.521624e+06
 -787.413567 3.810528e+06
 -787.552269 4.121200e+06
 -787.690971 4.452200e+06
 -787.829674 4.801856e+06
 -787.968376 5.168376e+06
 -788.107079 5.549784e+06
 -788.245781 5.944056e+06
 -788.384483 6.349072e+06
 -788.523186 6.762696e+06
 -788.661888 7.182784e+06
 -788.800591 7.607240e+06
 -788.939293 8.033992e+06
 -789.077996 8.461112e+06
 -789.216698 8.886760e+06
 -789.355400 9.309208e+06
 -789.494103 9.726920e+06
 -789.632805 1.013852e+07
 -789.771508 1.054281e+07
 -789.910210 1.093878e+07
 -790.048912 1.132562e+07
 -790.187615 1.170270e+07
 -790.326317 1.206962e+07
 -790.465020 1.242614e+07
 -790.603722 1.277219e+07
 -790.742424 1.310788e+07
 -790.881127 1.343347e+07
 -791.019829 1.374935e+07
 -791.158532 1.405601e+07
 -791.297234 1.435406e+07
 -791.435936 1.464414e+07
 -791.574639 1.492699e+07
 -791.713341 1.520334e+07
 -791.852044 1.547395e+07
 -791.990746 1.573956e+07
 -792.129448 1.600086e+07
 -792.268151 1.625854e+07
 -792.406853 1.651319e+07
 -792.545556 1.676534e+07
 -792.684258 1.701545e+07
 -792.822961 1.726389e+07
 -792.961663 1.751094e+07
 -793.100365 1.775684e+07
 -793.239068 1.800168e+07
 -793.377770 1.824551e+07
 -793.516473 1.848835e+07
 -793.655175 1.873010e+07
 -793.793877 1.897068e+07
 -793.932580 1.920996e+07
 -794.071282 1.944779e+07
 -794.209985 1.968404e+07
 -794.348687 1.991859e+07
 -794.487389 2.015133e+07
 -794.626092 2.038222e+07
 -794.764794 2.061120e+07
 -794.903497 2.083833e+07
 -795.042199 2.106362e+07
 -795.180901 2.128722e+07
 -795.319604 2.150920e+07
 -795.458306 2.172974e+07
 -795.597009 2.194897e+07
 -795.735711 2.216706e+07
 -795.874413 2.238410e+07
 -796.013116 2.260018e+07
 -796.151818 2.281533e+07
 -796.290521 2.302950e+07
 -796.429223 2.324257e+07
 -796.567926 2.345431e+07
 -796.706628 2.366441e+07
 -796.845330 2.387239e+07
 -796.984033 2.407774e+07
 -797.122735 2.427976e+07
 -797.261438 2.447770e+07
 -797.400140 2.467064e+07
 -797.538842 2.485762e+07
 -797.677545 2.503758e+07
 -797.816247 2.520938e+07
 -797.954950 2.537182e+07
 -798.093652 2.552369e+07
 -798.232354 2.566374e+07
 -798.371057 2.579073e+07
 -798.509759 2.590346e+07
 -798.648462 2.600075e+07
 -798.787164 2.608152e+07
 -798.925866 2.614475e+07
 -799.064569 2.618954e+07
 -799.203271 2.621509e+07
 -799.341974 2.622074e+07
 -799.480676 2.620599e+07
 -799.619378 2.617048e+07
 -799.758081 2.611401e+07
 -799.896783 2.603655e+07
 -800.035486 2.593824e+07
 -800.174188 2.581935e+07
 -800.312891 2.568034e+07
 -800.451593 2.552182e+07
 -800.590295 2.534453e+07
 -800.728998 2.514933e+07
 -800.867700 2.493725e+07
 -801.006403 2.470938e+07
 -801.145105 2.446697e+07
 -801.283807 2.421130e+07
 -801.422510 2.394378e+07
 -801.561212 2.366587e+07
 -801.699915 2.337912e+07
 -801.838617 2.308511e+07
 -801.977319 2.278549e+07
 -802.116022 2.248195e+07
 -802.254724 2.217623e+07
 -802.393427 2.187009e+07
 -802.532129 2.156530e+07
 -802.670831 2.126366e+07
 -802.809534 2.096698e+07
 -802.948236 2.067704e+07
 -803.086939 2.039561e+07
 -803.225641 2.012441e+07
 -803.364343 1.986510e+07
 -803.503046 1.961931e+07
 -803.641748 1.938854e+07
 -803.780451 1.917419e+07
 -803.919153 1.897756e+07
 -804.057856 1.879981e+07
 -804.196558 1.864193e+07
 -804.335260 1.850478e+07
 -804.473963 1.838906e+07
 -804.612665 1.829524e+07
 -804.751368 1.822366e+07
 -804.890070 1.817446e+07
 -805.028772 1.814762e+07
 -805.167475 1.814288e+07
 -805.306177 1.815986e+07
 -805.444880 1.819796e+07
 -805.583582 1.825644e+07
 -805.722284 1.833436e+07
 -805.860987 1.843066e+07
 -805.999689 1.854407e+07
 -806.138392 1.867322e+07
 -806.277094 1.881655e+07
 -806.415796 1.897241e+07
 -806.554499 1.913898e+07
 -806.693201 1.931434e+07
 -806.831904 1.949647e+07
 -806.970606 1.968322e+07
 -807.109308 1.987239e+07
 -807.248011 2.006169e+07
 -807.386713 2.024879e+07
 -807.525416 2.043133e+07
 -807.664118 2.060694e+07
 -807.802821 2.077328e+07
 -807.941523 2.092802e+07
 -808.080225 2.106895e+07
 -808.218928 2.119392e+07
 -808.357630 2.130092e+07
 -808.496333 2.138808e+07
 -808.635035 2.145370e+07
 -808.773737 2.149631e+07
 -808.912440 2.151464e+07
 -809.051142 2.150762e+07
 -809.189845 2.147451e+07
 -809.328547 2.141476e+07
 -809.467249 2.132812e+07
 -809.605952 2.121461e+07
 -809.744654 2.107450e+07
 -809.883357 2.090834e+07
 -810.022059 2.071695e+07
 -810.160761 2.050138e+07
 -810.299464 2.026287e+07
 -810.438166 2.000294e+07
 -810.576869 1.972325e+07
 -810.715571 1.942562e+07
 -810.854273 1.911200e+07
 -810.992976 1.878446e+07
 -811.131678 1.844514e+07
 -811.270381 1.809620e+07
 -811.409083 1.773982e+07
 -811.547786 1.737815e+07
 -811.686488 1.701328e+07
 -811.825190 1.664718e+07
 -811.963893 1.628177e+07
 -812.102595 1.591873e+07
 -812.241298 1.555963e+07
 -812.380000 1.520582e+07
 -812.518702 1.485848e+07
 -812.657405 1.451851e+07
 -812.796107 1.418664e+07
 -812.934810 1.386334e+07
 -813.073512 1.354885e+07
 -813.212214 1.324320e+07
 -813.350917 1.294622e+07
 -813.489619 1.265754e+07
 -813.628322 1.237660e+07
 -813.767024 1.210272e+07
 -813.905726 1.183506e+07
 -814.044429 1.157270e+07
 -814.183131 1.131463e+07
 -814.321834 1.105980e+07
 -814.460536 1.080711e+07
 -814.599238 1.055550e+07
 -814.737941 1.030390e+07
 -814.876643 1.005131e+07
 -815.015346 9.796768e+06
 -815.154048 9.539392e+06
 -815.292751 9.278392e+06
 -815.431453 9.013072e+06
 -815.570155 8.742824e+06
 -815.708858 8.467152e+06
 -815.847560 8.185680e+06
 -815.986263 7.898080e+06
 -816.124965 7.604160e+06
 -816.263667 7.303808e+06
 -816.402370 6.996992e+06
 -816.541072 6.683728e+06
 -816.679775 6.364152e+06
 -816.818477 6.038392e+06
 -816.957179 5.706688e+06
 -817.095882 5.369296e+06
 -817.234584 5.026512e+06
 -817.373287 4.678672e+06
 -817.511989 4.326144e+06
 -817.650691 3.969328e+06
 -817.789394 3.608656e+06
 -817.928096 3.244576e+06
 -818.066799 2.877576e+06
 -818.205501 2.508160e+06
 -818.344203 2.136856e+06
 -818.482906 1.764232e+06
 -818.621608 1.390872e+06
 -818.760311 1.017384e+06
 -818.899013 6.444080e+05
 -819.037716 2.725920e+05
 -819.176418 -9.739200e+04
 -819.315120 -4.648400e+05
 -819.453823 -8.290640e+05
 -819.592525 -1.189352e+06
 -819.731228 -1.544992e+06
 -819.869930 -1.895272e+06
 -820.008632 -2.239488e+06
 -820.147335 -2.576960e+06
 -820.286037 -2.907016e+06
 -820.424740 -3.229032e+06
 -820.563442 -3.542400e+06
 -820.702144 -3.846528e+06
 -820.840847 -4.140912e+06
 -820.979549 -4.425056e+06
 -821.118252 -4.698528e+06
 -821.256954 -4.960928e+06
 -821.395656 -5.211920e+06
 -821.534359 -5.451192e+06
 -821.673061 -5.678496e+06
 -821.811764 -5.893584e+06
 -821.950466 -6.096288e+06
 -822.089168 -6.286416e+06
 -822.227871 -6.463800e+06
 -822.366573 -6.628296e+06
 -822.505276 -6.779736e+06
 -822.643978 -6.917936e+06
 -822.782681 -7.042680e+06
 -822.921383 -7.153736e+06
 -823.060085 -7.250800e+06
 -823.198788 -7.333560e+06
 -823.337490 -7.401608e+06
 -823.476193 -7.454496e+06
 -823.614895 -7.491720e+06
 -823.753597 -7.512712e+06
 -823.892300 -7.516856e+06
 -824.031002 -7.503464e+06
 -824.169705 -7.471848e+06
 -824.308407 -7.421264e+06
 -824.447109 -7.350944e+06
 -824.585812 -7.260144e+06
 -824.724514 -7.148096e+06
 -824.863217 -7.014088e+06
 -825.001919 -6.857448e+06
 -825.140621 -6.677536e+06
 -825.279324 -6.473848e+06
 -825.418026 -6.245920e+06
 -825.556729 -5.993424e+06
 -825.695431 -5.716184e+06
 -825.834133 -5.414088e+06
 -825.972836 -5.087248e+06
 -826.111538 -4.735896e+06
 -826.250241 -4.360448e+06
 -826.388943 -3.961488e+06
 -826.527646 -3.539752e+06
 -826.666348 -3.096192e+06
 -826.805050 -2.631896e+06
 -826.943753 -2.148112e+06
 -827.082455 -1.646272e+06
 -827.221158 -1.127944e+06
 -827.359860 -5.948080e+05
 -827.498562 -4.868000e+04
 -827.637265 5.085200e+05
 -827.775967 1.074840e+06
 -827.914670 1.648224e+06
 -828.053372 2.226592e+06
 -828.192074 2.807896e+06
 -828.330777 3.390048e+06
 -828.469479 3.971032e+06
 -828.608182 4.548880e+06
 -828.746884 5.121704e+06
 -828.885586 5.687720e+06
 -829.024289 6.245248e+06
 -829.162991 6.792744e+06
 -829.301694 7.328792e+06
 -829.440396 7.852120e+06
 -829.579098 8.361616e+06
 -829.717801 8.856288e+06
 -829.856503 9.335320e+06
 -829.995206 9.798008e+06
 -830.133908 1.024379e+07
 -830.272611 1.067223e+07
 -830.411313 1.108300e+07
 -830.550015 1.147586e+07
 -830.688718 1.185068e+07
 -830.827420 1.220738e+07
 -830.966123 1.254595e+07
 -831.104825 1.286641e+07
 -831.243527 1.316884e+07
 -831.382230 1.345332e+07
 -831.520932 1.371996e+07
 -831.659635 1.396886e+07
 -831.798337 1.420015e+07
 -831.937039 1.441392e+07
 -832.075742 1.461030e+07
 -832.214444 1.478937e+07
 -832.353147 1.495126e+07
 -832.491849 1.509610e+07
 -832.630551 1.522402e+07
 -832.769254 1.533522e+07
 -832.907956 1.542992e+07
 -833.046659 1.550839e+07
 -833.185361 1.557102e+07
 -833.324063 1.561821e+07
 -833.462766 1.565054e+07
 -833.601468 1.566865e+07
 -833.740171 1.567332e+07
 -833.878873 1.566543e+07
 -834.017576 1.564599e+07
 -834.156278 1.561616e+07
 -834.294980 1.557715e+07
 -834.433683 1.553030e+07
 -834.572385 1.547706e+07
 -834.711088 1.541891e+07
 -834.849790 1.535737e+07
 -834.988492 1.529400e+07
 -835.127195 1.523034e+07
 -835.265897 1.516792e+07
 -835.404600 1.510818e+07
 -835.543302 1.505250e+07
 -835.682004 1.500215e+07
 -835.820707 1.495833e+07
 -835.959409 1.492206e+07
 -836.098112 1.489422e+07
 -836.236814 1.487556e+07
 -836.375516 1.486668e+07
 -836.514219 1.486801e+07
 -836.652921 1.487985e+07
 -836.791624 1.490234e+07
 -836.930326 1.493550e+07
 -837.069028 1.497922e+07
 -837.207731 1.503330e+07
 -837.346433 1.509741e+07
 -837.485136 1.517114e+07
 -837.623838 1.525405e+07
 -837.762541 1.534558e+07
 -837.901243 1.544515e+07
 -838.039945 1.555216e+07
 -838.178648 1.566596e+07
 -838.317350 1.578590e+07
 -838.456053 1.591131e+07
 -838.594755 1.604150e+07
 -838.733457 1.617580e+07
 -838.872160 1.631354e+07
 -839.010862 1.645404e+07
 -839.149565 1.659663e+07
 -839.288267 1.674066e+07
 -839.426969 1.688543e+07
 -839.565672 1.703030e+07
 -839.704374 1.717458e+07
 -839.843077 1.731760e+07
 -839.981779 1.745866e+07
 -840.120481 1.759704e+07
 -840.259184 1.773202e+07
 -840.397886 1.786289e+07
 -840.536589 1.798885e+07
 -840.675291 1.810913e+07
 -840.813993 1.822292e+07
 -840.952696 1.832939e+07
 -841.091398 1.842770e+07
 -841.230101 1.851696e+07
 -841.368803 1.859631e+07
 -841.507506 1.866485e+07
 -841.646208 1.872167e+07
 -841.784910 1.876589e+07
 -841.923613 1.879660e+07
 -842.062315 1.881293e+07
 -842.201018 1.881404e+07
 -842.339720 1.879913e+07
 -842.478422 1.876742e+07
 -842.617125 1.871823e+07
 -842.755827 1.865097e+07
 -842.894530 1.856510e+07
 -843.033232 1.846023e+07
 -843.171934 1.833606e+07
 -843.310637 1.819244e+07
 -843.449339 1.802938e+07
 -843.588042 1.784699e+07
 -843.726744 1.764560e+07
 -843.865446 1.742566e+07
 -844.004149 1.718775e+07
 -844.142851 1.693266e+07
 -844.281554 1.666126e+07
 -844.420256 1.637458e+07
 -844.558958 1.607373e+07
 -844.697661 1.575993e+07
 -844.836363 1.543444e+07
 -844.975066 1.509859e+07
 -845.113768 1.475373e+07
 -845.252471 1.440119e+07
 -845.391173 1.404228e+07
 -845.529875 1.367829e+07
 -845.668578 1.331042e+07
 -845.807280 1.293982e+07
 -845.945983 1.256756e+07
 -846.084685 1.219461e+07
 -846.223387 1.182182e+07
 -846.362090 1.144998e+07
 -846.500792 1.107976e+07
 -846.639495 1.071172e+07
 -846.778197 1.034636e+07
 -846.916899 9.984072e+06
 -847.055602 9.625176e+06
 -847.194304 9.269896e+06
 -847.333007 8.918424e+06
 -847.471709 8.570856e+06
 -847.610411 8.227264e+06
 -847.749114 7.887656e+06
 -847.887816 7.551992e+06
 -848.026519 7.220208e+06
 -848.165221 6.892176e+06
 -848.303923 6.567776e+06
 -848.442626 6.246832e+06
 -848.581328 5.929152e+06
 -848.720031 5.614544e+06
 -848.858733 5.302768e+06
 -848.997436 4.993608e+06
 -849.136138 4.686832e+06
 -849.274840 4.382224e+06
 -849.413543 4.079576e+06
 -849.552245 3.778688e+06
 -849.690948 3.479408e+06
 -849.829650 3.181608e+06
 -849.968352 2.885216e+06
 -850.107055 2.590176e+06
 -850.245757 2.296528e+06
 -850.384460 2.004344e+06
 -850.523162 1.713752e+06
 -850.661864 1.424944e+06
 -850.800567 1.138168e+06
 -850.939269 8.537360e+05
 -851.077972 5.719920e+05
 -851.216674 2.933360e+05
 -851.355376 1.816800e+04
 -851.494079 -2.530640e+05
 -851.632781 -5.199360e+05
 -851.771484 -7.820240e+05
 -851.910186 -1.038936e+06
 -852.048888 -1.290312e+06
 -852.187591 -1.535864e+06
 -852.326293 -1.775384e+06
 -852.464996 -2.008736e+06
 -852.603698 -2.235904e+06
 -852.742401 -2.456976e+06
 -852.881103 -2.672160e+06
 -853.019805 -2.881776e+06
 -853.158508 -3.086288e+06
 -853.297210 -3.286272e+06
 -853.435913 -3.482416e+06
 -853.574615 -3.675520e+06
 -853.713317 -3.866464e+06
 -853.852020 -4.056208e+06
 -853.990722 -4.245784e+06
 -854.129425 -4.436248e+06
 -854.268127 -4.628648e+06
 -854.406829 -4.824080e+06
 -854.545532 -5.023576e+06
 -854.684234 -5.228120e+06
 -854.822937 -5.438656e+06
 -854.961639 -5.656016e+06
 -855.100341 -5.880968e+06
 -855.239044 -6.114144e+06
 -855.377746 -6.356072e+06
 -855.516449 -6.607160e+06
 -855.655151 -6.867680e+06
 -855.793853 -7.137784e+06
 -855.932556 -7.417464e+06
 -856.071258 -7.706616e+06
 -856.209961 -8.004992e+06
 -856.348663 -8.312216e+06
 -856.487366 -8.627784e+06
 -856.626068 -8.951096e+06
 -856.764770 -9.281408e+06
 -856.903473 -9.617896e+06
 -857.042175 -9.959648e+06
 -857.180878 -1.030562e+07
 -857.319580 -1.065474e+07
 -857.458282 -1.100584e+07
 -857.596985 -1.135771e+07
 -857.735687 -1.170910e+07
 -857.874390 -1.205873e+07
 -858.013092 -1.240533e+07
 -858.151794 -1.274761e+07
 -858.290497 -1.308432e+07
 -858.429199 -1.341425e+07
 -858.567902 -1.373622e+07
 -858.706604 -1.404913e+07
 -858.845306 -1.435195e+07
 -858.984009 -1.464373e+07
 -859.122711 -1.492359e+07
 -859.261414 -1.519076e+07
 -859.400116 -1.544456e+07
 -859.538818 -1.568438e+07
 -859.677521 -1.590974e+07
 -859.816223 -1.612022e+07
 -859.954926 -1.631548e+07
 -860.093628 -1.649528e+07
 -860.232331 -1.665943e+07
 -860.371033 -1.680782e+07
 -860.509735 -1.694043e+07
 -860.648438 -1.705727e+07
 -860.787140 -1.715841e+07
 -860.925843 -1.724400e+07
 -861.064545 -1.731424e+07
 -861.203247 -1.736940e+07
 -861.341950 -1.740980e+07
 -861.480652 -1.743588e+07
 -861.619355 -1.744810e+07
 -861.758057 -1.744706e+07
 -861.896759 -1.743341e+07
 -862.035462 -1.740794e+07
 -862.174164 -1.737150e+07
 -862.312867 -1.732510e+07
 -862.451569 -1.726982e+07
 -862.590271 -1.720686e+07
 -862.728974 -1.713750e+07
 -862.867676 -1.706318e+07
 -863.006379 -1.698534e+07
 -863.145081 -1.690555e+07
 -863.283783 -1.682538e+07
 -863.422486 -1.674645e+07
 -863.561188 -1.667037e+07
 -863.699891 -1.659876e+07
 -863.838593 -1.653315e+07
 -863.977296 -1.647502e+07
 -864.115998 -1.642571e+07
 -864.254700 -1.638650e+07
 -864.393403 -1.635844e+07
 -864.532105 -1.634246e+07
 -864.670808 -1.633930e+07
 -864.809510 -1.634948e+07
 -864.948212 -1.637331e+07
 -865.086915 -1.641091e+07
 -865.225617 -1.646215e+07
 -865.364320 -1.652673e+07
 -865.503022 -1.660412e+07
 -865.641724 -1.669362e+07
 -865.780427 -1.679434e+07
 -865.919129 -1.690525e+07
 -866.057832 -1.702516e+07
 -866.196534 -1.715281e+07
 -866.335236 -1.728680e+07
 -866.473939 -1.742571e+07
 -866.612641 -1.756802e+07
 -866.751344 -1.771224e+07
 -866.890046 -1.785683e+07
 -867.028748 -1.800031e+07
 -867.167451 -1.814119e+07
 -867.306153 -1.827806e+07
 -867.444856 -1.840957e+07
 -867.583558 -1.853442e+07
 -867.722261 -1.865140e+07
 -867.860963 -1.875942e+07
 -867.999665 -1.885745e+07
 -868.138368 -1.894458e+07
 -868.277070 -1.901998e+07
 -868.415773 -1.908297e+07
 -868.554475 -1.913293e+07
 -868.693177 -1.916935e+07
 -868.831880 -1.919183e+07
 -868.970582 -1.920009e+07
 -869.109285 -1.919389e+07
 -869.247987 -1.917317e+07
 -869.386689 -1.913790e+07
 -869.525392 -1.908819e+07
 -869.664094 -1.902424e+07
 -869.802797 -1.894634e+07
 -869.941499 -1.885489e+07
 -870.080201 -1.875038e+07
 -870.218904 -1.863342e+07
 -870.357606 -1.850470e+07
 -870.496309 -1.836499e+07
 -870.635011 -1.821519e+07
 -870.773713 -1.805623e+07
 -870.912416 -1.788913e+07
 -871.051118 -1.771494e+07
 -871.189821 -1.753476e+07
 -871.328523 -1.734970e+07
 -871.467226 -1.716084e+07
 -871.605928 -1.696924e+07
 -871.744630 -1.677590e+07
 -871.883333 -1.658171e+07
 -872.022035 -1.638749e+07
 -872.160738 -1.619390e+07
 -872.299440 -1.600145e+07
 -872.438142 -1.581050e+07
 -872.576845 -1.562123e+07
 -872.715547 -1.543363e+07
 -872.854250 -1.524753e+07
 -872.992952 -1.506258e+07
 -873.131654 -1.487823e+07
 -873.270357 -1.469384e+07
 -873.409059 -1.450863e+07
 -873.547762 -1.432171e+07
 -873.686464 -1.413210e+07
 -873.825166 -1.393882e+07
 -873.963869 -1.374086e+07
 -874.102571 -1.353720e+07
 -874.241274 -1.332691e+07
 -874.379976 -1.310911e+07
 -874.518678 -1.288301e+07
 -874.657381 -1.264794e+07
 -874.796083 -1.240338e+07
 -874.934786 -1.214894e+07
 -875.073488 -1.188437e+07
 -875.212191 -1.160958e+07
 -875.350893 -1.132466e+07
 -875.489595 -1.102982e+07
 -875.628298 -1.072543e+07
 -875.767000 -1.041198e+07
 -875.905703 -1.009009e+07
 -876.044405 -9.760512e+06
 -876.183107 -9.424056e+06
 -876.321810 -9.081648e+06
 -876.460512 -8.734256e+06
 -876.599215 -8.382912e+06
 -876.737917 -8.028664e+06
 -876.876619 -7.672608e+06
 -877.015322 -7.315824e+06
 -877.154024 -6.959384e+06
 -877.292727 -6.604312e+06
 -877.431429 -6.251640e+06
 -877.570131 -5.902288e+06
 -877.708834 -5.557136e+06
 -877.847536 -5.216992e+06
 -877.986239 -4.882544e+06
 -878.124941 -4.554392e+06
 -878.263643 -4.233064e+06
 -878.402346 -3.918936e+06
 -878.541048 -3.612312e+06
 -878.679751 -3.313368e+06
 -878.818453 -3.022192e+06
 -878.957156 -2.738776e+06
 -879.095858 -2.463024e+06
 -879.234560 -2.194784e+06
 -879.373263 -1.933840e+06
 -879.511965 -1.679944e+06
 -879.650668 -1.432808e+06
 -879.789370 -1.192136e+06
 -879.928072 -9.576640e+05
 -880.066775 -7.291200e+05
 -880.205477 -5.062720e+05
 -880.344180 -2.889600e+05
 -880.482882 -7.704000e+04
 -880.621584 1.295280e+05
 -880.760287 3.307520e+05
 -880.898989 5.265440e+05
 -881.037692 7.167680e+05
 -881.176394 9.012080e+05
 -881.315096 1.079584e+06
 -881.453799 1.251576e+06
 -881.592501 1.416832e+06
 -881.731204 1.574928e+06
 -881.869906 1.725464e+06
 -882.008608 1.867984e+06
 -882.147311 2.002072e+06
 -882.286013 2.127312e+06
 -882.424716 2.243312e+06
 -882.563418 2.349728e+06
 -882.702121 2.446280e+06
 -882.840823 2.532736e+06
 -882.979525 2.608960e+06
 -883.118228 2.674888e+06
 -883.256930 2.730584e+06
 -883.395633 2.776200e+06
 -883.534335 2.812024e+06
 -883.673037 2.838456e+06
 -883.811740 2.856040e+06
 -883.950442 2.865448e+06
 -884.089145 2.867464e+06
 -884.227847 2.863024e+06
 -884.366549 2.853160e+06
 -884.505252 2.838992e+06
 -884.643954 2.821760e+06
 -884.782657 2.802752e+06
 -884.921359 2.783304e+06
 -885.060061 2.764752e+06
 -885.198764 2.748456e+06
 -885.337466 2.735712e+06
 -885.476169 2.727776e+06
 -885.614871 2.725760e+06
 -885.753573 2.730720e+06
 -885.892276 2.743504e+06
 -886.030978 2.764824e+06
 -886.169681 2.795208e+06
 -886.308383 2.834960e+06
 -886.447086 2.884192e+06
 -886.585788 2.942784e+06
 -886.724490 3.010432e+06
 -886.863193 3.086568e+06
 -887.001895 3.170480e+06
 -887.140598 3.261232e+06
 -887.279300 3.357760e+06
 -887.418002 3.458800e+06
 -887.556705 3.563024e+06
 -887.695407 3.668984e+06
 -887.834110 3.775160e+06
 -887.972812 3.880008e+06
 -888.111514 3.981976e+06
 -888.250217 4.079512e+06
 -888.388919 4.171128e+06
 -888.527622 4.255376e+06
 -888.666324 4.330904e+06
 -888.805026 4.396472e+06
 -888.943729 4.450928e+06
 -889.082431 4.493272e+06
 -889.221134 4.522624e+06
 -889.359836 4.538224e+06
 -889.498538 4.539512e+06
 -889.637241 4.526008e+06
 -889.775943 4.497408e+06
 -889.914646 4.453544e+06
 -890.053348 4.394384e+06
 -890.192051 4.320024e+06
 -890.330753 4.230696e+06
 -890.469455 4.126768e+06
 -890.608158 4.008696e+06
 -890.746860 3.877080e+06
 -890.885563 3.732592e+06
 -891.024265 3.576016e+06
 -891.162967 3.408216e+06
 -891.301670 3.230136e+06
 -891.440372 3.042760e+06
 -891.579075 2.847136e+06
 -891.717777 2.644328e+06
 -891.856479 2.435416e+06
 -891.995182 2.221488e+06
 -892.133884 2.003576e+06
 -892.272587 1.782704e+06
 -892.411289 1.559856e+06
 -892.549991 1.335912e+06
 -892.688694 1.111720e+06
 -892.827396 8.879840e+05
 -892.966099 6.653760e+05
 -893.104801 4.444400e+05
 -893.243503 2.256080e+05
 -893.382206 9.264000e+03
 -893.520908 -2.043360e+05
 -893.659611 -4.150240e+05
 -893.798313 -6.226960e+05
 -893.937016 -8.273040e+05
 -894.075718 -1.028904e+06
 -894.214420 -1.227552e+06
 -894.353123 -1.423392e+06
 -894.491825 -1.616576e+06
 -894.630528 -1.807304e+06
 -894.769230 -1.995768e+06
 -894.907932 -2.182224e+06
 -895.046635 -2.366904e+06
 -895.185337 -2.550080e+06
 -895.324040 -2.732016e+06
 -895.462742 -2.912992e+06
 -895.601444 -3.093336e+06
 -895.740147 -3.273320e+06
 -895.878849 -3.453296e+06
 -896.017552 -3.633568e+06
 -896.156254 -3.814488e+06
 -896.294956 -3.996392e+06
 -896.433659 -4.179624e+06
 -896.572361 -4.364496e+06
 -896.711064 -4.551320e+06
 -896.849766 -4.740392e+06
 -896.988468 -4.931960e+06
 -897.127171 -5.126216e+06
 -897.265873 -5.323312e+06
 -897.404576 -5.523344e+06
 -897.543278 -5.726328e+06
 -897.681980 -5.932208e+06
 -897.820683 -6.140856e+06
 -897.959385 -6.352064e+06
 -898.098088 -6.565552e+06
 -898.236790 -6.780952e+06
 -898.375493 -6.997872e+06
 -898.514195 -7.215800e+06
 -898.652897 -7.434256e+06
 -898.791600 -7.652672e+06
 -898.930302 -7.870504e+06
 -899.069005 -8.087152e+06
 -899.207707 -8.302072e+06
 -899.346409 -8.514704e+06
 -899.485112 -8.724528e+06
 -899.623814 -8.931064e+06
 -899.762517 -9.133872e+06
 -899.901219 -9.332552e+06
 -900.039921 -9.526776e+06
 -900.178624 -9.716256e+06
 -900.317326 -9.900752e+06
 -900.456029 -1.008008e+07
 -900.594731 -1.025411e+07
 -900.733433 -1.042276e+07
 -900.872136 -1.058597e+07
 -901.010838 -1.074371e+07
 -901.149541 -1.089604e+07
 -901.288243 -1.104298e+07
 -901.426945 -1.118457e+07
 -901.565648 -1.132093e+07
 -901.704350 -1.145214e+07
 -901.843053 -1.157829e+07
 -901.981755 -1.169949e+07
 -902.120458 -1.181583e+07
 -902.259160 -1.192743e+07
 -902.397862 -1.203435e+07
 -902.536565 -1.213667e+07
 -902.675267 -1.223444e+07
 -902.813970 -1.232770e+07
 -902.952672 -1.241646e+07
 -903.091374 -1.250070e+07
 -903.230077 -1.258041e+07
 -903.368779 -1.265552e+07
 -903.507482 -1.272597e+07
 -903.646184 -1.279165e+07
 -903.784886 -1.285246e+07
 -903.923589 -1.290831e+07
 -904.062291 -1.295903e+07
 -904.200994 -1.300451e+07
 -904.339696 -1.304461e+07
 -904.478398 -1.307921e+07
 -904.617101 -1.310815e+07
 -904.755803 -1.313132e+07
 -904.894506 -1.314861e+07
 -905.033208 -1.315990e+07
 -905.171910 -1.316510e+07
 -905.310613 -1.316412e+07
 -905.449315 -1.315689e+07
 -905.588018 -1.314334e+07
 -905.726720 -1.312346e+07
 -905.865423 -1.309718e+07
 -906.004125 -1.306453e+07
 -906.142827 -1.302550e+07
 -906.281530 -1.298012e+07
 -906.420232 -1.292846e+07
 -906.558935 -1.287058e+07
 -906.697637 -1.280661e+07
 -906.836339 -1.273666e+07
 -906.975042 -1.266090e+07
 -907.113744 -1.257954e+07
 -907.252447 -1.249279e+07
 -907.391149 -1.240094e+07
 -907.529851 -1.230429e+07
 -907.668554 -1.220322e+07
 -907.807256 -1.209811e+07
 -907.945959 -1.198946e+07
 -908.084661 -1.187779e+07
 -908.223363 -1.176368e+07
 -908.362066 -1.164782e+07
 -908.500768 -1.153092e+07
 -908.639471 -1.141381e+07
 -908.778173 -1.129735e+07
 -908.916875 -1.118251e+07
 -909.055578 -1.107030e+07
 -909.194280 -1.096178e+07
 -909.332983 -1.085805e+07
 -909.471685 -1.076023e+07
 -909.610388 -1.066947e+07
 -909.749090 -1.058686e+07
 -909.887792 -1.051347e+07
 -910.026495 -1.045031e+07
 -910.165197 -1.039827e+07
 -910.303900 -1.035814e+07
 -910.442602 -1.033056e+07
 -910.581304 -1.031599e+07
 -910.720007 -1.031473e+07
 -910.858709 -1.032685e+07
 -910.997412 -1.035224e+07
 -911.136114 -1.039054e+07
 -911.274816 -1.044119e+07
 -911.413519 -1.050342e+07
 -911.552221 -1.057625e+07
 -911.690924 -1.065850e+07
 -911.829626 -1.074884e+07
 -911.968328 -1.084576e+07
 -912.107031 -1.094765e+07
 -912.245733 -1.105275e+07
 -912.384436 -1.115926e+07
 -912.523138 -1.126531e+07
 -912.661840 -1.136900e+07
 -912.800543 -1.146840e+07
 -912.939245 -1.156159e+07
 -913.077948 -1.164670e+07
 -913.216650 -1.172185e+07
 -913.355353 -1.178526e+07
 -913.494055 -1.183521e+07
 -913.632757 -1.187003e+07
 -913.771460 -1.188818e+07
 -913.910162 -1.188817e+07
 -914.048865 -1.186866e+07
 -914.187567 -1.182843e+07
 -914.326269 -1.176639e+07
 -914.464972 -1.168161e+07
 -914.603674 -1.157331e+07
 -914.742377 -1.144093e+07
 -914.881079 -1.128406e+07
 -915.019781 -1.110254e+07
 -915.158484 -1.089642e+07
 -915.297186 -1.066599e+07
 -915.435889 -1.041179e+07
 -915.574591 -1.013458e+07
 -915.713293 -9.835416e+06
 -915.851996 -9.515568e+06
 -915.990698 -9.176544e+06
 -916.129401 -8.820080e+06
 -916.268103 -8.448120e+06
 -916.406805 -8.062792e+06
 -916.545508 -7.666368e+06
 -916.684210 -7.261256e+06
 -916.822913 -6.849968e+06
 -916.961615 -6.435056e+06
 -917.100318 -6.019104e+06
 -917.239020 -5.604704e+06
 -917.377722 -5.194408e+06
 -917.516425 -4.790648e+06
 -917.655127 -4.395816e+06
 -917.793830 -4.012136e+06
 -917.932532 -3.641720e+06
 -918.071234 -3.286472e+06
 -918.209937 -2.948160e+06
 -918.348639 -2.628344e+06
 -918.487342 -2.328416e+06
 -918.626044 -2.049536e+06
 -918.764746 -1.792752e+06
 -918.903449 -1.558864e+06
 -919.042151 -1.348576e+06
 -919.180854 -1.162400e+06
 -919.319556 -1.000712e+06
 -919.458258 -8.637920e+05
 -919.596961 -7.517840e+05
 -919.735663 -6.647680e+05
 -919.874366 -6.027280e+05
 -920.013068 -5.655920e+05
 -920.151770 -5.532080e+05
 -920.290473 -5.654080e+05
 -920.429175 -6.019520e+05
 -920.567878 -6.626000e+05
 -920.706580 -7.470400e+05
 -920.845283 -8.549440e+05
 -920.983985 -9.859600e+05
 -921.122687 -1.139680e+06
 -921.261390 -1.315680e+06
 -921.400092 -1.513488e+06
 -921.538795 -1.732576e+06
 -921.677497 -1.972376e+06
 -921.816199 -2.232256e+06
 -921.954902 -2.511528e+06
 -922.093604 -2.809440e+06
 -922.232307 -3.125184e+06
 -922.371009 -3.457856e+06
 -922.509711 -3.806496e+06
 -922.648414 -4.170056e+06
 -922.787116 -4.547432e+06
 -922.925819 -4.937448e+06
 -923.064521 -5.338824e+06
 -923.203223 -5.750240e+06
 -923.341926 -6.170320e+06
 -923.480628 -6.597608e+06
 -923.619331 -7.030616e+06
 -923.758033 -7.467840e+06
 -923.896735 -7.907696e+06
 -924.035438 -8.348640e+06
 -924.174140 -8.789072e+06
 -924.312843 -9.227440e+06
 -924.451545 -9.662200e+06
 -924.590248 -1.009184e+07
 -924.728950 -1.051490e+07
 -924.867652 -1.092998e+07
 -925.006355 -1.133578e+07
 -925.145057 -1.173102e+07
 -925.283760 -1.211461e+07
 -925.422462 -1.248549e+07
 -925.561164 -1.284279e+07
 -925.699867 -1.318571e+07
 -925.838569 -1.351362e+07
 -925.977272 -1.382602e+07
 -926.115974 -1.412256e+07
 -926.254676 -1.440302e+07
 -926.393379 -1.466732e+07
 -926.532081 -1.491554e+07
 -926.670784 -1.514790e+07
 -926.809486 -1.536470e+07
 -926.948188 -1.556639e+07
 -927.086891 -1.575351e+07
 -927.225593 -1.592670e+07
 -927.364296 -1.608668e+07
 -927.502998 -1.623419e+07
 -927.641700 -1.637008e+07
 -927.780403 -1.649520e+07
 -927.919105 -1.661040e+07
 -928.057808 -1.671657e+07
 -928.196510 -1.681458e+07
 -928.335213 -1.690531e+07
 -928.473915 -1.698955e+07
 -928.612617 -1.706811e+07
 -928.751320 -1.714177e+07
 -928.890022 -1.721121e+07
 -929.028725 -1.727712e+07
 -929.167427 -1.734010e+07
 -929.306129 -1.740070e+07
 -929.444832 -1.745942e+07
 -929.583534 -1.751670e+07
 -929.722237 -1.757286e+07
 -929.860939 -1.762822e+07
 -929.999641 -1.768295e+07
 -930.138344 -1.773719e+07
 -930.277046 -1.779094e+07
 -930.415749 -1.784414e+07
 -930.554451 -1.789660e+07
 -930.693153 -1.794802e+07
 -930.831856 -1.799799e+07
 -930.970558 -1.804602e+07
 -931.109261 -1.809146e+07
 -931.247963 -1.813362e+07
 -931.386665 -1.817165e+07
 -931.525368 -1.820466e+07
 -931.664070 -1.823166e+07
 -931.802773 -1.825165e+07
 -931.941475 -1.826358e+07
 -932.080178 -1.826638e+07
 -932.218880 -1.825902e+07
 -932.357582 -1.824048e+07
 -932.496285 -1.820985e+07
 -932.634987 -1.816626e+07
 -932.773690 -1.810898e+07
 -932.912392 -1.803742e+07
 -933.051094 -1.795109e+07
 -933.189797 -1.784969e+07
 -933.328499 -1.773310e+07
 -933.467202 -1.760131e+07
 -933.605904 -1.745455e+07
 -933.744606 -1.729316e+07
 -933.883309 -1.711768e+07
 -934.022011 -1.692874e+07
 -934.160714 -1.672715e+07
 -934.299416 -1.651380e+07
 -934.438118 -1.628970e+07
 -934.576821 -1.605589e+07
 -934.715523 -1.581352e+07
 -934.854226 -1.556375e+07
 -934.992928 -1.530776e+07
 -935.131630 -1.504674e+07
 -935.270333 -1.478189e+07
 -935.409035 -1.451436e+07
 -935.547738 -1.424528e+07
 -935.686440 -1.397576e+07
 -935.825143 -1.370683e+07
 -935.963845 -1.343951e+07
 -936.102547 -1.317474e+07
 -936.241250 -1.291340e+07
 -936.379952 -1.265633e+07
 -936.518655 -1.240431e+07
 -936.657357 -1.215806e+07
 -936.796059 -1.191822e+07
 -936.934762 -1.168542e+07
 -937.073464 -1.146019e+07
 -937.212167 -1.124306e+07
 -937.350869 -1.103445e+07
 -937.489571 -1.083478e+07
 -937.628274 -1.064440e+07
 -937.766976 -1.046363e+07
 -937.905679 -1.029274e+07
 -938.044381 -1.013194e+07
 -938.183083 -9.981408e+06
 -938.321786 -9.841288e+06
 -938.460488 -9.711648e+06
 -938.599191 -9.592520e+06
 -938.737893 -9.483880e+06
 -938.876595 -9.385648e+06
 -939.015298 -9.297680e+06
 -939.154000 -9.219776e+06
 -939.292703 -9.151688e+06
 -939.431405 -9.093088e+06
 -939.570108 -9.043616e+06
 -939.708810 -9.002848e+06
 -939.847512 -8.970304e+06
 -939.986215 -8.945488e+06
 -940.124917 -8.927856e+06
 -940.263620 -8.916880e+06
 -940.402322 -8.912000e+06
 -940.541024 -8.912688e+06
 -940.679727 -8.918448e+06
 -940.818429 -8.928832e+06
 -940.957132 -8.943432e+06
 -941.095834 -8.961952e+06
 -941.234536 -8.984168e+06
 -941.373239 -9.009952e+06
 -941.511941 -9.039304e+06
 -941.650644 -9.072304e+06
 -941.789346 -9.109200e+06
 -941.928048 -9.150288e+06
 -942.066751 -9.196008e+06
 -942.205453 -9.246880e+06
 -942.344156 -9.303512e+06
 -942.482858 -9.366544e+06
 -942.621560 -9.436688e+06
 -942.760263 -9.514640e+06
 -942.898965 -9.601112e+06
 -943.037668 -9.696808e+06
 -943.176370 -9.802328e+06
 -943.315073 -9.918248e+06
 -943.453775 -1.004504e+07
 -943.592477 -1.018306e+07
 -943.731180 -1.033255e+07
 -943.869882 -1.049366e+07
 -944.008585 -1.066635e+07
 -944.147287 -1.085052e+07
 -944.285989 -1.104590e+07
 -944.424692 -1.125212e+07
 -944.563394 -1.146874e+07
 -944.702097 -1.169517e+07
 -944.840799 -1.193079e+07
 -944.979501 -1.217494e+07
 -945.118204 -1.242691e+07
 -945.256906 -1.268596e+07
 -945.395609 -1.295139e+07
 -945.534311 -1.322248e+07
 -945.673013 -1.349858e+07
 -945.811716 -1.377906e+07
 -945.950418 -1.406335e+07
 -946.089121 -1.435094e+07
 -946.227823 -1.464140e+07
 -946.366525 -1.493434e+07
 -946.505228 -1.522944e+07
 -946.643930 -1.552646e+07
 -946.782633 -1.582518e+07
 -946.921335 -1.612545e+07
 -947.060038 -1.642717e+07
 -947.198740 -1.673025e+07
 -947.337442 -1.703466e+07
 -947.476145 -1.734034e+07
 -947.614847 -1.764730e+07
 -947.753550 -1.795553e+07
 -947.892252 -1.826501e+07
 -948.030954 -1.857575e+07
 -948.169657 -1.888774e+07
 -948.308359 -1.920098e+07
 -948.447062 -1.951548e+07
 -948.585764 -1.983122e+07
 -948.724466 -2.014822e+07
 -948.863169 -2.046648e+07
 -949.001871 -2.078604e+07
 -949.140574 -2.110695e+07
 -949.279276 -2.142927e+07
 -949.417978 -2.175310e+07
 -949.556681 -2.207855e+07
 -949.695383 -2.240575e+07
 -949.834086 -2.273488e+07
 -949.972788 -2.306610e+07
 -950.111490 -2.339964e+07
 -950.250193 -2.373566e+07
 -950.388895 -2.407436e+07
 -950.527598 -2.441593e+07
 -950.666300 -2.476049e+07
 -950.805003 -2.510816e+07
 -950.943705 -2.545894e+07
 -951.082407 -2.581282e+07
 -951.221110 -2.616962e+07
 -951.359812 -2.652911e+07
 -951.498515 -2.689093e+07
 -951.637217 -2.725454e+07
 -951.775919 -2.761934e+07
 -951.914622 -2.798452e+07
 -952.053324 -2.834916e+07
 -952.192027 -2.871218e+07
 -952.330729 -2.907236e+07
 -952.469431 -2.942838e+07
 -952.608134 -2.977878e+07
 -952.746836 -3.012200e+07
 -952.885539 -3.045639e+07
 -953.024241 -3.078026e+07
 -953.162943 -3.109186e+07
 -953.301646 -3.138941e+07
 -953.440348 -3.167114e+07
 -953.579051 -3.193531e+07
 -953.717753 -3.218021e+07
 -953.856455 -3.240421e+07
 -953.995158 -3.260574e+07
 -954.133860 -3.278335e+07
 -954.272563 -3.293570e+07
 -954.411265 -3.306157e+07
 -954.549968 -3.315989e+07
 -954.688670 -3.322974e+07
 -954.827372 -3.327033e+07
 -954.966075 -3.328106e+07
 -955.104777 -3.326149e+07
 -955.243480 -3.321130e+07
 -955.382182 -3.313040e+07
 -955.520884 -3.301882e+07
 -955.659587 -3.287674e+07
 -955.798289 -3.270454e+07
 -955.936992 -3.250269e+07
 -956.075694 -3.227184e+07
 -956.214396 -3.201278e+07
 -956.353099 -3.172642e+07
 -956.491801 -3.141379e+07
 -956.630504 -3.107602e+07
 -956.769206 -3.071438e+07
 -956.907908 -3.033016e+07
 -957.046611 -2.992482e+07
 -957.185313 -2.949983e+07
 -957.324016 -2.905674e+07
 -957.462718 -2.859718e+07
 -957.601420 -2.812274e+07
 -957.740123 -2.763514e+07
 -957.878825 -2.713603e+07
 -958.017528 -2.662714e+07
 -958.156230 -2.611013e+07
 -958.294933 -2.558670e+07
 -958.433635 -2.505847e+07
 -958.572337 -2.452708e+07
 -958.711040 -2.399407e+07
 -958.849742 -2.346097e+07
 -958.988445 -2.292918e+07
 -959.127147 -2.240006e+07
 -959.265849 -2.187490e+07
 -959.404552 -2.135484e+07
 -959.543254 -2.084098e+07
 -959.681957 -2.033430e+07
 -959.820659 -1.983566e+07
 -959.959361 -1.934582e+07
 -960.098064 -1.886546e+07
 -960.236766 -1.839519e+07
 -960.375469 -1.793547e+07
 -960.514171 -1.748674e+07
 -960.652873 -1.704934e+07
 -960.791576 -1.662357e+07
 -960.930278 -1.620969e+07
 -961.068981 -1.580790e+07
 -961.207683 -1.541841e+07
 -961.346385 -1.504138e+07
 -961.485088 -1.467700e+07
 -961.623790 -1.432544e+07
 -961.762493 -1.398687e+07
 -961.901195 -1.366150e+07
 -962.039898 -1.334951e+07
 -962.178600 -1.305114e+07
 -962.317302 -1.276658e+07
 -962.456005 -1.249609e+07
 -962.594707 -1.223988e+07
 -962.733410 -1.199818e+07
 -962.872112 -1.177120e+07
 -963.010814 -1.155911e+07
 -963.149517 -1.136209e+07
 -963.288219 -1.118026e+07
 -963.426922 -1.101369e+07
 -963.565624 -1.086242e+07
 -963.704326 -1.072643e+07
 -963.843029 -1.060565e+07
 -963.981731 -1.049994e+07
 -964.120434 -1.040911e+07
 -964.259136 -1.033294e+07
 -964.397838 -1.027113e+07
 -964.536541 -1.022332e+07
 -964.675243 -1.018917e+07
 -964.813946 -1.016824e+07
 -964.952648 -1.016010e+07
 -965.091350 -1.016433e+07
 -965.230053 -1.018043e+07
 -965.368755 -1.020798e+07
 -965.507458 -1.024651e+07
 -965.646160 -1.029561e+07
 -965.784863 -1.035489e+07
 -965.923565 -1.042398e+07
 -966.062267 -1.050258e+07
 -966.200970 -1.059040e+07
 -966.339672 -1.068727e+07
 -966.478375 -1.079301e+07
 -966.617077 -1.090754e+07
 -966.755779 -1.103084e+07
 -966.894482 -1.116293e+07
 -967.033184 -1.130391e+07
 -967.171887 -1.145394e+07
 -967.310589 -1.161318e+07
 -967.449291 -1.178189e+07
 -967.587994 -1.196030e+07
 -967.726696 -1.214869e+07
 -967.865399 -1.234732e+07
 -968.004101 -1.255643e+07
 -968.142803 -1.277623e+07
 -968.281506 -1.300688e+07
 -968.420208 -1.324842e+07
 -968.558911 -1.350083e+07
 -968.697613 -1.376397e+07
 -968.836315 -1.403756e+07
 -968.975018 -1.432117e+07
 -969.113720 -1.461421e+07
 -969.252423 -1.491588e+07
 -969.391125 -1.522525e+07
 -969.529828 -1.554118e+07
 -969.668530 -1.586233e+07
 -969.807232 -1.618721e+07
 -969.945935 -1.651414e+07
 -970.084637 -1.684131e+07
 -970.223340 -1.716674e+07
 -970.362042 -1.748837e+07
 -970.500744 -1.780402e+07
 -970.639447 -1.811149e+07
 -970.778149 -1.840851e+07
 -970.916852 -1.869286e+07
 -971.055554 -1.896234e+07
 -971.194256 -1.921482e+07
 -971.332959 -1.944829e+07
 -971.471661 -1.966088e+07
 -971.610364 -1.985089e+07
 -971.749066 -2.001682e+07
 -971.887768 -2.015740e+07
 -972.026471 -2.027158e+07
 -972.165173 -2.035863e+07
 -972.303876 -2.041803e+07
 -972.442578 -2.044956e+07
 -972.581280 -2.045327e+07
 -972.719983 -2.042952e+07
 -972.858685 -2.037888e+07
 -972.997388 -2.030220e+07
 -973.136090 -2.020055e+07
 -973.274793 -2.007522e+07
 -973.413495 -1.992766e+07
 -973.552197 -1.975946e+07
 -973.690900 -1.957232e+07
 -973.829602 -1.936806e+07
 -973.968305 -1.914846e+07
 -974.107007 -1.891539e+07
 -974.245709 -1.867062e+07
 -974.384412 -1.841590e+07
 -974.523114 -1.815283e+07
 -974.661817 -1.788295e+07
 -974.800519 -1.760760e+07
 -974.939221 -1.732800e+07
 -975.077924 -1.704514e+07
 -975.216626 -1.675989e+07
 -975.355329 -1.647290e+07
 -975.494031 -1.618462e+07
 -975.632733 -1.589535e+07
 -975.771436 -1.560526e+07
 -975.910138 -1.531433e+07
 -976.048841 -1.502241e+07
 -976.187543 -1.472930e+07
 -976.326245 -1.443465e+07
 -976.464948 -1.413809e+07
 -976.603650 -1.383922e+07
 -976.742353 -1.353758e+07
 -976.881055 -1.323277e+07
 -977.019758 -1.292434e+07
 -977.158460 -1.261194e+07
 -977.297162 -1.229522e+07
 -977.435865 -1.197394e+07
 -977.574567 -1.164789e+07
 -977.713270 -1.131694e+07
 -977.851972 -1.098106e+07
 -977.990674 -1.064029e+07
 -978.129377 -1.029475e+07
 -978.268079 -9.944648e+06
 -978.406782 -9.590272e+06
 -978.545484 -9.231984e+06
 -978.684186 -8.870200e+06
 -978.822889 -8.505408e+06
 -978.961591 -8.138128e+06
 -979.100294 -7.768952e+06
 -979.238996 -7.398472e+06
 -979.377698 -7.027320e+06
 -979.516401 -6.656128e+06
 -979.655103 -6.285528e+06
 -979.793806 -5.916160e+06
 -979.932508 -5.548656e+06
 -980.071210 -5.183600e+06
 -980.209913 -4.821576e+06
 -980.348615 -4.463112e+06
 -980.487318 -4.108768e+06
 -980.626020 -3.759016e+06
 -980.764723 -3.414344e+06
 -980.903425 -3.075192e+06
 -981.042127 -2.742024e+06
 -981.180830 -2.415264e+06
 -981.319532 -2.095336e+06
 -981.458235 -1.782704e+06
 -981.596937 -1.477824e+06
 -981.735639 -1.181192e+06
 -981.874342 -8.933280e+05
 -982.013044 -6.148000e+05
 -982.151747 -3.462240e+05
 -982.290449 -8.824000e+04
 -982.429151 1.584080e+05
 -982.567854 3.930000e+05
 -982.706556 6.146880e+05
 -982.845259 8.226320e+05
 -982.983961 1.015936e+06
 -983.122663 1.193648e+06
 -983.261366 1.354848e+06
 -983.400068 1.498536e+06
 -983.538771 1.623760e+06
 -983.677473 1.729552e+06
 -983.816175 1.814944e+06
 -983.954878 1.879024e+06
 -984.093580 1.920912e+06
 -984.232283 1.939768e+06
 -984.370985 1.934792e+06
 -984.509688 1.905296e+06
 -984.648390 1.850624e+06
 -984.787092 1.770224e+06
 -984.925795 1.663632e+06
 -985.064497 1.530488e+06
 -985.203200 1.370544e+06
 -985.341902 1.183664e+06
 -985.480604 9.698320e+05
 -985.619307 7.291920e+05
 -985.758009 4.619920e+05
 -985.896712 1.686560e+05
 -986.035414 -1.502480e+05
 -986.174116 -4.940080e+05
 -986.312819 -8.617520e+05
 -986.451521 -1.252440e+06
 -986.590224 -1.664896e+06
 -986.728926 -2.097784e+06
 -986.867628 -2.549632e+06
 -987.006331 -3.018824e+06
 -987.145033 -3.503656e+06
 -987.283736 -4.002280e+06
 -987.422438 -4.512776e+06
 -987.561140 -5.033144e+06
 -987.699843 -5.561312e+06
 -987.838545 -6.095192e+06
 -987.977248 -6.632672e+06
 -988.115950 -7.171608e+06
 -988.254653 -7.709896e+06
 -988.393355 -8.245464e+06
 -988.532057 -8.776280e+06
 -988.670760 -9.300408e+06
 -988.809462 -9.815976e+06
 -988.948165 -1.032125e+07
 -989.086867 -1.081457e+07
 -989.225569 -1.129447e+07
 -989.364272 -1.175961e+07
 -989.502974 -1.220879e+07
 -989.641677 -1.264102e+07
 -989.780379 -1.305544e+07
 -989.919081 -1.345142e+07
 -990.057784 -1.382845e+07
 -990.196486 -1.418626e+07
 -990.335189 -1.452469e+07
 -990.473891 -1.484378e+07
 -990.612593 -1.514371e+07
 -990.751296 -1.542478e+07
 -990.889998 -1.568742e+07
 -991.028701 -1.593214e+07
 -991.167403 -1.615955e+07
 -991.306105 -1.637030e+07
 -991.444808 -1.656506e+07
 -991.583510 -1.674454e+07
 -991.722213 -1.690941e+07
 -991.860915 -1.706035e+07
 -991.999618 -1.719798e+07
 -992.138320 -1.732290e+07
 -992.277022 -1.743560e+07
 -992.415725 -1.753658e+07
 -992.554427 -1.762622e+07
 -992.693130 -1.770487e+07
 -992.831832 -1.777283e+07
 -992.970534 -1.783034e+07
 -993.109237 -1.787762e+07
 -993.247939 -1.791488e+07
 -993.386642 -1.794226e+07
 -993.525344 -1.795994e+07
 -993.664046 -1.796814e+07
 -993.802749 -1.796706e+07
 -993.941451 -1.795695e+07
 -994.080154 -1.793808e+07
 -994.218856 -1.791079e+07
 -994.357558 -1.787546e+07
 -994.496261 -1.783249e+07
 -994.634963 -1.778237e+07
 -994.773666 -1.772559e+07
 -994.912368 -1.766270e+07
 -995.051070 -1.759426e+07
 -995.189773 -1.752084e+07
 -995.328475 -1.744302e+07
 -995.467178 -1.736138e+07
 -995.605880 -1.727646e+07
 -995.744583 -1.718877e+07
 -995.883285 -1.709878e+07
 -996.021987 -1.700691e+07
 -996.160690 -1.691354e+07
 -996.299392 -1.681898e+07
 -996.438095 -1.672347e+07
 -996.576797 -1.662722e+07
 -996.715499 -1.653038e+07
 -996.854202 -1.643309e+07
 -996.992904 -1.633542e+07
 -997.131607 -1.623747e+07
 -997.270309 -1.613934e+07
 -997.409011 -1.604114e+07
 -997.547714 -1.594302e+07
 -997.686416 -1.584516e+07
 -997.825119 -1.574782e+07
 -997.963821 -1.565131e+07
 -998.102523 -1.555602e+07
 -998.241226 -1.546237e+07
 -998.379928 -1.537090e+07
 -998.518631 -1.528217e+07
 -998.657333 -1.519679e+07
 -998.796035 -1.511544e+07
 -998.934738 -1.503878e+07
 -999.073440 -1.496748e+07
 -999.212143 -1.490222e+07
 -999.350845 -1.484362e+07
 -999.489548 -1.479226e+07
 -999.628250 -1.474862e+07
 -999.766952 -1.471313e+07
 -999.905655 -1.468606e+07
-1000.044357 -1.466758e+07
-1000.183060 -1.465774e+07
-1000.321762 -1.465642e+07
-1000.460464 -1.466334e+07
-1000.599167 -1.467807e+07
-1000.737869 -1.470005e+07
-1000.876572 -1.472850e+07
-1001.015274 -1.476254e+07
-1001.153976 -1.480116e+07
-1001.292679 -1.484322e+07
-1001.431381 -1.488743e+07
-1001.570084 -1.493250e+07
-1001.708786 -1.497700e+07
-1001.847488 -1.501954e+07
-1001.986191 -1.505867e+07
-1002.124893 -1.509298e+07
-1002.263596 -1.512111e+07
-1002.402298 -1.514176e+07
-1002.541000 -1.515373e+07
-1002.679703 -1.515593e+07
-1002.818405 -1.514739e+07
-1002.957108 -1.512734e+07
-1003.095810 -1.509509e+07
-1003.234513 -1.505020e+07
-1003.373215 -1.499237e+07
-1003.511917 -1.492147e+07
-1003.650620 -1.483757e+07
-1003.789322 -1.474090e+07
-1003.928025 -1.463188e+07
-1004.066727 -1.451108e+07
-1004.205429 -1.437925e+07
-1004.344132 -1.423726e+07
-1004.482834 -1.408619e+07
-1004.621537 -1.392718e+07
-1004.760239 -1.376152e+07
-1004.898941 -1.359061e+07
-1005.037644 -1.341592e+07
-1005.176346 -1.323904e+07
-1005.315049 -1.306159e+07
-1005.453751 -1.288523e+07
-1005.592453 -1.271170e+07
-1005.731156 -1.254267e+07
-1005.869858 -1.237986e+07
-1006.008561 -1.222494e+07
-1006.147263 -1.207950e+07
-1006.285965 -1.194510e+07
-1006.424668 -1.182316e+07
-1006.563370 -1.171502e+07
-1006.702073 -1.162186e+07
-1006.840775 -1.154470e+07
-1006.979478 -1.148440e+07
-1007.118180 -1.144163e+07
-1007.256882 -1.141688e+07
-1007.395585 -1.141039e+07
-1007.534287 -1.142226e+07
-1007.672990 -1.145230e+07
-1007.811692 -1.150022e+07
-1007.950394 -1.156544e+07
-1008.089097 -1.164726e+07
-1008.227799 -1.174483e+07
-1008.366502 -1.185711e+07
-1008.505204 -1.198297e+07
-1008.643906 -1.212118e+07
-1008.782609 -1.227043e+07
-1008.921311 -1.242938e+07
-1009.060014 -1.259662e+07
-1009.198716 -1.277081e+07
-1009.337418 -1.295054e+07
-1009.476121 -1.313450e+07
-1009.614823 -1.332137e+07
-1009.753526 -1.350991e+07
-1009.892228 -1.369896e+07
-1010.030930 -1.388736e+07
-1010.169633 -1.407406e+07
-1010.308335 -1.425803e+07
-1010.447038 -1.443833e+07
-1010.585740 -1.461402e+07
-1010.724443 -1.478420e+07
-1010.863145 -1.494801e+07
-1011.001847 -1.510458e+07
-1011.140550 -1.525305e+07
-1011.279252 -1.539254e+07
-1011.417955 -1.552216e+07
-1011.556657 -1.564099e+07
-1011.695359 -1.574811e+07
-1011.834062 -1.584253e+07
-1011.972764 -1.592326e+07
-1012.111467 -1.598931e+07
-1012.250169 -1.603962e+07
-1012.388871 -1.607320e+07
-1012.527574 -1.608902e+07
-1012.666276 -1.608610e+07
-1012.804979 -1.606349e+07
-1012.943681 -1.602030e+07
-1013.082383 -1.595575e+07
-1013.221086 -1.586915e+07
-1013.359788 -1.575990e+07
-1013.498491 -1.562758e+07
-1013.637193 -1.547189e+07
-1013.775895 -1.529274e+07
-1013.914598 -1.509018e+07
-1014.053300 -1.486447e+07
-1014.192003 -1.461610e+07
-1014.330705 -1.434569e+07
-1014.469408 -1.405414e+07
-1014.608110 -1.374249e+07
-1014.746812 -1.341196e+07
-1014.885515 -1.306398e+07
-1015.024217 -1.270007e+07
-1015.162920 -1.232195e+07
-1015.301622 -1.193140e+07
-1015.440324 -1.153031e+07
-1015.579027 -1.112060e+07
-1015.717729 -1.070426e+07
-1015.856432 -1.028325e+07
-1015.995134 -9.859536e+06
-1016.133836 -9.435032e+06
-1016.272539 -9.011584e+06
-1016.411241 -8.590984e+06
-1016.549944 -8.174888e+06
-1016.688646 -7.764888e+06
-1016.827348 -7.362440e+06
-1016.966051 -6.968880e+06
-1017.104753 -6.585416e+06
-1017.243456 -6.213152e+06
-1017.382158 -5.853064e+06
-1017.520860 -5.505992e+06
-1017.659563 -5.172688e+06
-1017.798265 -4.853792e+06
-1017.936968 -4.549832e+06
-1018.075670 -4.261256e+06
-1018.214373 -3.988416e+06
-1018.353075 -3.731600e+06
-1018.491777 -3.491008e+06
-1018.630480 -3.266776e+06
-1018.769182 -3.058976e+06
-1018.907885 -2.867624e+06
-1019.046587 -2.692664e+06
-1019.185289 -2.534016e+06
-1019.323992 -2.391512e+06
-1019.462694 -2.264960e+06
-1019.601397 -2.154088e+06
-1019.740099 -2.058600e+06
-1019.878801 -1.978136e+06
-1020.017504 -1.912288e+06
-1020.156206 -1.860600e+06
-1020.294909 -1.822560e+06
-1020.433611 -1.797616e+06
-1020.572313 -1.785184e+06
-1020.711016 -1.784624e+06
-1020.849718 -1.795264e+06
-1020.988421 -1.816448e+06
-1021.127123 -1.847464e+06
-1021.265825 -1.887616e+06
-1021.404528 -1.936208e+06
-1021.543230 -1.992576e+06
-1021.681933 -2.056104e+06
-1021.820635 -2.126184e+06
-1021.959338 -2.202296e+06
-1022.098040 -2.283992e+06
-1022.236742 -2.370888e+06
-1022.375445 -2.462672e+06
-1022.514147 -2.559136e+06
-1022.652850 -2.660144e+06
-1022.791552 -2.765624e+06
-1022.930254 -2.875600e+06
-1023.068957 -2.990128e+06
-1023.207659 -3.109320e+06
-1023.346362 -3.233320e+06
-1023.485064 -3.362272e+06
-1023.623766 -3.496304e+06
-1023.762469 -3.635528e+06
-1023.901171 -3.780008e+06
-1024.039874 -3.929736e+06
-1024.178576 -4.084600e+06
-1024.317278 -4.244440e+06
-1024.455981 -4.408936e+06
-1024.594683 -4.577680e+06
-1024.733386 -4.750136e+06
-1024.872088 -4.925632e+06
-1025.010790 -5.103376e+06
-1025.149493 -5.282480e+06
-1025.288195 -5.461904e+06
-1025.426898 -5.640528e+06
-1025.565600 -5.817144e+06
-1025.704303 -5.990424e+06
-1025.843005 -6.159008e+06
-1025.981707 -6.321488e+06
-1026.120410 -6.476392e+06
-1026.259112 -6.622240e+06
-1026.397815 -6.757536e+06
-1026.536517 -6.880800e+06
-1026.675219 -6.990584e+06
-1026.813922 -7.085456e+06
-1026.952624 -7.164080e+06
-1027.091327 -7.225144e+06
-1027.230029 -7.267456e+06
-1027.368731 -7.289928e+06
-1027.507434 -7.291576e+06
-1027.646136 -7.271544e+06
-1027.784839 -7.229152e+06
-1027.923541 -7.163856e+06
-1028.062243 -7.075296e+06
-1028.200946 -6.963280e+06
-1028.339648 -6.827840e+06
-1028.478351 -6.669176e+06
-1028.617053 -6.487696e+06
-1028.755755 -6.284032e+06
-1028.894458 -6.059000e+06
-1029.033160 -5.813632e+06
-1029.171863 -5.549144e+06
-1029.310565 -5.266968e+06
-1029.449268 -4.968704e+06
-1029.587970 -4.656120e+06
-1029.726672 -4.331120e+06
-1029.865375 -3.995776e+06
-1030.004077 -3.652232e+06
-1030.142780 -3.302760e+06
-1030.281482 -2.949672e+06
-1030.420184 -2.595296e+06
-1030.558887 -2.242000e+06
-1030.697589 -1.892096e+06
-1030.836292 -1.547824e+06
-1030.974994 -1.211368e+06
-1031.113696 -8.847520e+05
-1031.252399 -5.698480e+05
-1031.391101 -2.683600e+05
-1031.529804 1.822400e+04
-1031.668506 2.886640e+05
-1031.807208 5.419600e+05
-1031.945911 7.773600e+05
-1032.084613 9.944160e+05
-1032.223316 1.192912e+06
-1032.362018 1.372968e+06
-1032.500720 1.534920e+06
-1032.639423 1.679400e+06
-1032.778125 1.807256e+06
-1032.916828 1.919576e+06
-1033.055530 2.017656e+06
-1033.194232 2.102944e+06
-1033.332935 2.177048e+06
-1033.471637 2.241672e+06
-1033.610340 2.298624e+06
-1033.749042 2.349712e+06
-1033.887745 2.396816e+06
-1034.026447 2.441744e+06
-1034.165149 2.486264e+06
-1034.303852 2.532096e+06
-1034.442554 2.580824e+06
-1034.581257 2.633896e+06
-1034.719959 2.692624e+06
-1034.858661 2.758168e+06
-1034.997364 2.831480e+06
-1035.136066 2.913360e+06
-1035.274769 3.004384e+06
-1035.413471 3.104928e+06
-1035.552173 3.215176e+06
-1035.690876 3.335104e+06
-1035.829578 3.464496e+06
-1035.968281 3.602928e+06
-1036.106983 3.749808e+06
-1036.245685 3.904360e+06
-1036.384388 4.065632e+06
-1036.523090 4.232544e+06
-1036.661793 4.403856e+06
-1036.800495 4.578216e+06
-1036.939197 4.754200e+06
-1037.077900 4.930264e+06
-1037.216602 5.104848e+06
-1037.355305 5.276320e+06
-1037.494007 5.443072e+06
-1037.632710 5.603488e+06
-1037.771412 5.755992e+06
-1037.910114 5.899064e+06
-1038.048817 6.031264e+06
-1038.187519 6.151200e+06
-1038.326222 6.257640e+06
-1038.464924 6.349424e+06
-1038.603626 6.425544e+06
-1038.742329 6.485088e+06
-1038.881031 6.527312e+06
-1039.019734 6.551592e+06
-1039.158436 6.557432e+06
-1039.297138 6.544480e+06
-1039.435841 6.512512e+06
-1039.574543 6.461432e+06
-1039.713246 6.391264e+06
-1039.851948 6.302144e+06
-1039.990650 6.194328e+06
-1040.129353 6.068168e+06
-1040.268055 5.924120e+06
-1040.406758 5.762720e+06
-1040.545460 5.584616e+06
-1040.684162 5.390488e+06
-1040.822865 5.181136e+06
-1040.961567 4.957360e+06
-1041.100270 4.720080e+06
-1041.238972 4.470200e+06
-1041.377675 4.208688e+06
-1041.516377 3.936528e+06
-1041.655079 3.654720e+06
-1041.793782 3.364272e+06
-1041.932484 3.066184e+06
-1042.071187 2.761440e+06
-1042.209889 2.451008e+06
-1042.348591 2.135824e+06
-1042.487294 1.816768e+06
-1042.625996 1.494680e+06
-1042.764699 1.170344e+06
-1042.903401 8.444560e+05
-1043.042103 5.176480e+05
-1043.180806 1.904480e+05
-1043.319508 -1.366800e+05
-1043.458211 -4.634000e+05
-1043.596913 -7.894560e+05
-1043.735615 -1.114704e+06
-1043.874318 -1.439096e+06
-1044.013020 -1.762672e+06
-1044.151723 -2.085592e+06
-1044.290425 -2.408072e+06
-1044.429127 -2.730416e+06
-1044.567830 -3.052984e+06
-1044.706532 -3.376184e+06
-1044.845235 -3.700472e+06
-1044.983937 -4.026312e+06
-1045.122640 -4.354152e+06
-1045.261342 -4.684448e+06
-1045.400044 -5.017608e+06
-1045.538747 -5.354000e+06
-1045.677449 -5.693920e+06
-1045.816152 -6.037600e+06
-1045.954854 -6.385152e+06
-1046.093556 -6.736616e+06
-1046.232259 -7.091896e+06
-1046.370961 -7.450800e+06
-1046.509664 -7.812992e+06
-1046.648366 -8.178048e+06
-1046.787068 -8.545384e+06
-1046.925771 -8.914328e+06
-1047.064473 -9.284072e+06
-1047.203176 -9.653712e+06
-1047.341878 -1.002224e+07
-1047.480580 -1.038856e+07
-1047.619283 -1.075150e+07
-1047.757985 -1.110982e+07
-1047.896688 -1.146222e+07
-1048.035390 -1.180735e+07
-1048.174092 -1.214385e+07
-1048.312795 -1.247032e+07
-1048.451497 -1.278536e+07
-1048.590200 -1.308760e+07
-1048.728902 -1.337565e+07
-1048.867605 -1.364817e+07
-1049.006307 -1.390384e+07
-1049.145009 -1.414144e+07
-1049.283712 -1.435974e+07
-1049.422414 -1.455766e+07
-1049.561117 -1.473413e+07
-1049.699819 -1.488821e+07
-1049.838521 -1.501907e+07
-1049.977224 -1.512598e+07
-1050.115926 -1.520832e+07
-1050.254629 -1.526560e+07
-1050.393331 -1.529747e+07
-1050.532033 -1.530374e+07
-1050.670736 -1.528431e+07
-1050.809438 -1.523926e+07
-1050.948141 -1.516881e+07
-1051.086843 -1.507330e+07
-1051.225545 -1.495324e+07
-1051.364248 -1.480921e+07
-1051.502950 -1.464196e+07
-1051.641653 -1.445234e+07
-1051.780355 -1.424128e+07
-1051.919057 -1.400981e+07
-1052.057760 -1.375904e+07
-1052.196462 -1.349010e+07
-1052.335165 -1.320423e+07
-1052.473867 -1.290264e+07
-1052.612570 -1.258661e+07
-1052.751272 -1.225738e+07
-1052.889974 -1.191626e+07
-1053.028677 -1.156448e+07
-1053.167379 -1.120330e+07
-1053.306082 -1.083393e+07
-1053.444784 -1.045759e+07
-1053.583486 -1.007545e+07
-1053.722189 -9.688640e+06
-1053.860891 -9.298288e+06
-1053.999594 -8.905464e+06
-1054.138296 -8.511248e+06
-1054.276998 -8.116656e+06
-1054.415701 -7.722696e+06
-1054.554403 -7.330336e+06
-1054.693106 -6.940528e+06
-1054.831808 -6.554184e+06
-1054.970510 -6.172208e+06
-1055.109213 -5.795440e+06
-1055.247915 -5.424672e+06
-1055.386618 -5.060656e+06
-1055.525320 -4.704104e+06
-1055.664022 -4.355592e+06
-1055.802725 -4.015640e+06
-1055.941427 -3.684704e+06
-1056.080130 -3.363072e+06
-1056.218832 -3.050936e+06
-1056.357535 -2.748376e+06
-1056.496237 -2.455296e+06
-1056.634939 -2.171472e+06
-1056.773642 -1.896544e+06
-1056.912344 -1.629992e+06
-1057.051047 -1.371160e+06
-1057.189749 -1.119248e+06
-1057.328451 -8.733360e+05
-1057.467154 -6.323920e+05
-1057.605856 -3.952800e+05
-1057.744559 -1.607840e+05
-1057.883261 7.237600e+04
-1058.021963 3.055520e+05
-1058.160666 5.400800e+05
-1058.299368 7.773120e+05
-1058.438071 1.018624e+06
-1058.576773 1.265320e+06
-1058.715475 1.518672e+06
-1058.854178 1.779912e+06
-1058.992880 2.050160e+06
-1059.131583 2.330472e+06
-1059.270285 2.621816e+06
-1059.408987 2.925056e+06
-1059.547690 3.240936e+06
-1059.686392 3.570096e+06
-1059.825095 3.913088e+06
-1059.963797 4.270328e+06
-1060.102500 4.642120e+06
-1060.241202 5.028664e+06
-1060.379904 5.430056e+06
-1060.518607 5.846280e+06
-1060.657309 6.277224e+06
-1060.796012 6.722648e+06
-1060.934714 7.182240e+06
-1061.073416 7.655560e+06
-1061.212119 8.142088e+06
-1061.350821 8.641192e+06
-1061.489524 9.152152e+06
-1061.628226 9.674144e+06
-1061.766928 1.020625e+07
-1061.905631 1.074744e+07
-1062.044333 1.129662e+07
-1062.183036 1.185258e+07
-1062.321738 1.241404e+07
-1062.460440 1.297961e+07
-1062.599143 1.354783e+07
-1062.737845 1.411718e+07
-1062.876548 1.468606e+07
-1063.015250 1.525282e+07
-1063.153952 1.581576e+07
-1063.292655 1.637317e+07
-1063.431357 1.692328e+07
-1063.570060 1.746436e+07
-1063.708762 1.799468e+07
-1063.847465 1.851253e+07
-1063.986167 1.901625e+07
-1064.124869 1.950423e+07
-1064.263572 1.997498e+07
-1064.402274 2.042703e+07
-1064.540977 2.085906e+07
-1064.679679 2.126984e+07
-1064.818381 2.165825e+07
-1064.957084 2.202327e+07
-1065.095786 2.236406e+07
-1065.234489 2.267983e+07
-1065.373191 2.296996e+07
-1065.511893 2.323390e+07
-1065.650596 2.347126e+07
-1065.789298 2.368172e+07
-1065.928001 2.386506e+07
-1066.066703 2.402116e+07
-1066.205405 2.415001e+07
-1066.344108 2.425162e+07
-1066.482810 2.432615e+07
-1066.621513 2.437378e+07
-1066.760215 2.439476e+07
-1066.898917 2.438944e+07
-1067.037620 2.435819e+07
-1067.176322 2.430150e+07
-1067.315025 2.421985e+07
-1067.453727 2.411382e+07
-1067.592430 2.398406e+07
-1067.731132 2.383127e+07
-1067.869834 2.365621e+07
-1068.008537 2.345968e+07
-1068.147239 2.324259e+07
-1068.285942 2.300586e+07
-1068.424644 2.275050e+07
-1068.563346 2.247756e+07
-1068.702049 2.218814e+07
-1068.840751 2.188340e+07
-1068.979454 2.156455e+07
-1069.118156 2.123283e+07
-1069.256858 2.088952e+07
-1069.395561 2.053595e+07
-1069.534263 2.017348e+07
-1069.672966 1.980348e+07
-1069.811668 1.942737e+07
-1069.950370 1.904658e+07
-1070.089073 1.866256e+07
-1070.227775 1.827680e+07
-1070.366478 1.789078e+07
-1070.505180 1.750602e+07
-1070.643882 1.712403e+07
-1070.782585 1.674635e+07
-1070.921287 1.637452e+07
-1071.059990 1.601006e+07
-1071.198692 1.565453e+07
-1071.337395 1.530943e+07
-1071.476097 1.497625e+07
-1071.614799 1.465645e+07
-1071.753502 1.435145e+07
-1071.892204 1.406258e+07
-1072.030907 1.379112e+07
-1072.169609 1.353822e+07
-1072.308311 1.330496e+07
-1072.447014 1.309226e+07
-1072.585716 1.290092e+07
-1072.724419 1.273155e+07
-1072.863121 1.258461e+07
-1073.001823 1.246038e+07
-1073.140526 1.235894e+07
-1073.279228 1.228018e+07
-1073.417931 1.222379e+07
-1073.556633 1.218924e+07
-1073.695335 1.217582e+07
-1073.834038 1.218259e+07
-1073.972740 1.220846e+07
-1074.111443 1.225214e+07
-1074.250145 1.231217e+07
-1074.388847 1.238691e+07
-1074.527550 1.247462e+07
-1074.666252 1.257341e+07
-1074.804955 1.268129e+07
-1074.943657 1.279618e+07
-1075.082360 1.291598e+07
-1075.221062 1.303850e+07
-1075.359764 1.316162e+07
-1075.498467 1.328316e+07
-1075.637169 1.340105e+07
-1075.775872 1.351328e+07
-1075.914574 1.361793e+07
-1076.053276 1.371321e+07
-1076.191979 1.379750e+07
-1076.330681 1.386934e+07
-1076.469384 1.392741e+07
-1076.608086 1.397064e+07
-1076.746788 1.399813e+07
-1076.885491 1.400918e+07
-1077.024193 1.400330e+07
-1077.162896 1.398019e+07
-1077.301598 1.393972e+07
-1077.440300 1.388194e+07
-1077.579003 1.380706e+07
-1077.717705 1.371542e+07
-1077.856408 1.360746e+07
-1077.995110 1.348375e+07
-1078.133812 1.334495e+07
-1078.272515 1.319177e+07
-1078.411217 1.302497e+07
-1078.549920 1.284538e+07
-1078.688622 1.265386e+07
-1078.827325 1.245126e+07
-1078.966027 1.223850e+07
-1079.104729 1.201650e+07
-1079.243432 1.178622e+07
-1079.382134 1.154858e+07
-1079.520837 1.130461e+07
-1079.659539 1.105530e+07
-1079.798241 1.080172e+07
-1079.936944 1.054494e+07
-1080.075646 1.028608e+07
-1080.214349 1.002631e+07
-1080.353051 9.766856e+06
-1080.491753 9.508960e+06
-1080.630456 9.253944e+06
-1080.769158 9.003168e+06
-1080.907861 8.758024e+06
-1081.046563 8.519960e+06
-1081.185265 8.290448e+06
-1081.323968 8.071000e+06
-1081.462670 7.863104e+06
-1081.601373 7.668296e+06
-1081.740075 7.488088e+06
-1081.878777 7.323944e+06
-1082.017480 7.177328e+06
-1082.156182 7.049592e+06
-1082.294885 6.942064e+06
-1082.433587 6.855968e+06
-1082.572290 6.792384e+06
-1082.710992 6.752304e+06
-1082.849694 6.736576e+06
-1082.988397 6.745888e+06
-1083.127099 6.780784e+06
-1083.265802 6.841640e+06
-1083.404504 6.928656e+06
-1083.543206 7.041904e+06
-1083.681909 7.181264e+06
-1083.820611 7.346472e+06
-1083.959314 7.537144e+06
-1084.098016 7.752752e+06
-1084.236718 7.992680e+06
-1084.375421 8.256216e+06
-1084.514123 8.542552e+06
-1084.652826 8.850872e+06
-1084.791528 9.180264e+06
-1084.930230 9.529848e+06
-1085.068933 9.898680e+06
-1085.207635 1.028586e+07
-1085.346338 1.069050e+07
-1085.485040 1.111169e+07
-1085.623742 1.154855e+07
-1085.762445 1.200026e+07
-1085.901147 1.246594e+07
-1086.039850 1.294478e+07
-1086.178552 1.343594e+07
-1086.317255 1.393861e+07
-1086.455957 1.445194e+07
-1086.594659 1.497506e+07
-1086.733362 1.550713e+07
-1086.872064 1.604721e+07
-1087.010767 1.659438e+07
-1087.149469 1.714770e+07
-1087.288171 1.770614e+07
-1087.426874 1.826869e+07
-1087.565576 1.883430e+07
-1087.704279 1.940194e+07
-1087.842981 1.997050e+07
-1087.981683 2.053892e+07
-1088.120386 2.110613e+07
-1088.259088 2.167106e+07
-1088.397791 2.223267e+07
-1088.536493 2.278995e+07
-1088.675195 2.334189e+07
-1088.813898 2.388754e+07
-1088.952600 2.442594e+07
-1089.091303 2.495619e+07
-1089.230005 2.547742e+07
-1089.368707 2.598878e+07
-1089.507410 2.648945e+07
-1089.646112 2.697861e+07
-1089.784815 2.745549e+07
-1089.923517 2.791934e+07
-1090.062220 2.836942e+07
-1090.200922 2.880501e+07
-1090.339624 2.922544e+07
-1090.478327 2.963002e+07
-1090.617029 3.001814e+07
-1090.755732 3.038923e+07
-1090.894434 3.074270e+07
-1091.033136 3.107807e+07
-1091.171839 3.139489e+07
-1091.310541 3.169276e+07
-1091.449244 3.197138e+07
-1091.587946 3.223046e+07
-1091.726648 3.246985e+07
-1091.865351 3.268942e+07
-1092.004053 3.288915e+07
-1092.142756 3.306910e+07
-1092.281458 3.322936e+07
-1092.420160 3.337016e+07
-1092.558863 3.349177e+07
-1092.697565 3.359454e+07
-1092.836268 3.367886e+07
-1092.974970 3.374521e+07
-1093.113672 3.379410e+07
-1093.252375 3.382609e+07
-1093.391077 3.384174e+07
-1093.529780 3.384169e+07
-1093.668482 3.382653e+07
-1093.807185 3.379686e+07
-1093.945887 3.375328e+07
-1094.084589 3.369636e+07
-1094.223292 3.362662e+07
-1094.361994 3.354455e+07
-1094.500697 3.345058e+07
-1094.639399 3.334507e+07
-1094.778101 3.322836e+07
-1094.916804 3.310067e+07
-1095.055506 3.296220e+07
-1095.194209 3.281309e+07
-1095.332911 3.265342e+07
-1095.471613 3.248323e+07
-1095.610316 3.230257e+07
-1095.749018 3.211143e+07
-1095.887721 3.190986e+07
-1096.026423 3.169789e+07
-1096.165125 3.147562e+07
-1096.303828 3.124323e+07
-1096.442530 3.100098e+07
-1096.581233 3.074922e+07
-1096.719935 3.048846e+07
-1096.858637 3.021935e+07
-1096.997340 2.994270e+07
-1097.136042 2.965948e+07
-1097.274745 2.937086e+07
-1097.413447 2.907818e+07
-1097.552150 2.878295e+07
-1097.690852 2.848688e+07
-1097.829554 2.819181e+07
-1097.968257 2.789974e+07
-1098.106959 2.761274e+07
-1098.245662 2.733301e+07
-1098.384364 2.706278e+07
-1098.523066 2.680430e+07
-1098.661769 2.655978e+07
-1098.800471 2.633136e+07
-1098.939174 2.612111e+07
-1099.077876 2.593090e+07
-1099.216578 2.576246e+07
-1099.355281 2.561727e+07
-1099.493983 2.549656e+07
-1099.632686 2.540128e+07
-1099.771388 2.533208e+07
-1099.910090 2.528930e+07
-1100.048793 2.527293e+07
-1100.187495 2.528265e+07
-1100.326198 2.531778e+07
-1100.464900 2.537737e+07
-1100.603602 2.546010e+07
-1100.742305 2.556446e+07
-1100.881007 2.568856e+07
-1101.019710 2.583040e+07
-1101.158412 2.598771e+07
-1101.297115 2.615811e+07
-1101.435817 2.633907e+07
-1101.574519 2.652798e+07
-1101.713222 2.672222e+07
-1101.851924 2.691914e+07
-1101.990627 2.711613e+07
-1102.129329 2.731066e+07
-1102.268031 2.750030e+07
-1102.406734 2.768276e+07
-1102.545436 2.785589e+07
-1102.684139 2.801773e+07
-1102.822841 2.816652e+07
-1102.961543 2.830073e+07
-1103.100246 2.841901e+07
-1103.238948 2.852030e+07
-1103.377651 2.860373e+07
-1103.516353 2.866867e+07
-1103.655055 2.871471e+07
-1103.793758 2.874167e+07
-1103.932460 2.874955e+07
-1104.071163 2.873857e+07
-1104.209865 2.870907e+07
-1104.348567 2.866160e+07
-1104.487270 2.859682e+07
-1104.625972 2.851551e+07
-1104.764675 2.841854e+07
-1104.903377 2.830689e+07
-1105.042080 2.818154e+07
-1105.180782 2.804358e+07
-1105.319484 2.789410e+07
-1105.458187 2.773422e+07
-1105.596889 2.756506e+07
-1105.735592 2.738774e+07
-1105.874294 2.720338e+07
-1106.012996 2.701304e+07
-1106.151699 2.681780e+07
-1106.290401 2.661868e+07
-1106.429104 2.641664e+07
-1106.567806 2.621263e+07
-1106.706508 2.600750e+07
-1106.845211 2.580209e+07
-1106.983913 2.559709e+07
-1107.122616 2.539317e+07
-1107.261318 2.519089e+07
-1107.400020 2.499073e+07
-1107.538723 2.479302e+07
-1107.677425 2.459803e+07
-1107.816128 2.440592e+07
-1107.954830 2.421670e+07
-1108.093532 2.403027e+07
-1108.232235 2.384646e+07
-1108.370937 2.366493e+07
-1108.509640 2.348527e+07
-1108.648342 2.330697e+07
-1108.787045 2.312942e+07
-1108.925747 2.295194e+07
-1109.064449 2.277377e+07
-1109.203152 2.259410e+07
-1109.341854 2.241207e+07
-1109.480557 2.222681e+07
-1109.619259 2.203742e+07
-1109.757961 2.184297e+07
-1109.896664 2.164258e+07
-1110.035366 2.143537e+07
-1110.174069 2.122049e+07
-1110.312771 2.099714e+07
-1110.451473 2.076458e+07
-1110.590176 2.052211e+07
-1110.728878 2.026917e+07
-1110.867581 2.000522e+07
-1111.006283 1.972984e+07
-1111.144985 1.944274e+07
-1111.283688 1.914370e+07
-1111.422390 1.883262e+07
-1111.561093 1.850954e+07
-1111.699795 1.817461e+07
-1111.838497 1.782810e+07
-1111.977200 1.747038e+07
-1112.115902 1.710195e+07
-1112.254605 1.672342e+07
-1112.393307 1.633550e+07
-1112.532010 1.593899e+07
-1112.670712 1.553478e+07
-1112.809414 1.512380e+07
-1112.948117 1.470707e+07
-1113.086819 1.428565e+07
-1113.225522 1.386061e+07
-1113.364224 1.343306e+07
-1113.502926 1.300409e+07
-1113.641629 1.257481e+07
-1113.780331 1.214630e+07
-1113.919034 1.171958e+07
-1114.057736 1.129570e+07
-1114.196438 1.087558e+07
-1114.335141 1.046017e+07
-1114.473843 1.005032e+07
-1114.612546 9.646832e+06
-1114.751248 9.250488e+06
-1114.889950 8.861984e+06
-1115.028653 8.481992e+06
-1115.167355 8.111152e+06
-1115.306058 7.750056e+06
-1115.444760 7.399256e+06
-1115.583462 7.059320e+06
-1115.722165 6.730768e+06
-1115.860867 6.414136e+06
-1115.999570 6.109944e+06
-1116.138272 5.818728e+06
-1116.276975 5.541008e+06
-1116.415677 5.277360e+06
-1116.554379 5.028320e+06
-1116.693082 4.794472e+06
-1116.831784 4.576384e+06
-1116.970487 4.374648e+06
-1117.109189 4.189864e+06
-1117.247891 4.022592e+06
-1117.386594 3.873424e+06
-1117.525296 3.742880e+06
-1117.663999 3.631488e+06
-1117.802701 3.539664e+06
-1117.941403 3.467824e+06
-1118.080106 3.416248e+06
-1118.218808 3.385160e+06
-1118.357511 3.374632e+06
-1118.496213 3.384648e+06
-1118.634915 3.415000e+06
-1118.773618 3.465392e+06
-1118.912320 3.535312e+06
-1119.051023 3.624080e+06
-1119.189725 3.730888e+06
-1119.328427 3.854696e+06
-1119.467130 3.994320e+06
-1119.605832 4.148424e+06
-1119.744535 4.315496e+06
-1119.883237 4.493888e+06
-1120.021940 4.681840e+06
-1120.160642 4.877480e+06
-1120.299344 5.078848e+06
-1120.438047 5.283936e+06
-1120.576749 5.490720e+06
-1120.715452 5.697128e+06
-1120.854154 5.901144e+06
-1120.992856 6.100768e+06
-1121.131559 6.294064e+06
-1121.270261 6.479200e+06
-1121.408964 6.654416e+06
-1121.547666 6.818104e+06
-1121.686368 6.968768e+06
-1121.825071 7.105048e+06
-1121.963773 7.225752e+06
-1122.102476 7.329856e+06
-1122.241178 7.416488e+06
-1122.379880 7.484936e+06
-1122.518583 7.534696e+06
-1122.657285 7.565408e+06
-1122.795988 7.576896e+06
-1122.934690 7.569144e+06
-1123.073392 7.542312e+06
-1123.212095 7.496736e+06
-1123.350797 7.432856e+06
-1123.489500 7.351304e+06
-1123.628202 7.252840e+06
-1123.766905 7.138320e+06
-1123.905607 7.008736e+06
-1124.044309 6.865152e+06
-1124.183012 6.708704e+06
-1124.321714 6.540584e+06
-1124.460417 6.362024e+06
-1124.599119 6.174264e+06
-1124.737821 5.978560e+06
-1124.876524 5.776112e+06
-1125.015226 5.568112e+06
-1125.153929 5.355696e+06
-1125.292631 5.139928e+06
-1125.431333 4.921832e+06
-1125.570036 4.702336e+06
-1125.708738 4.482304e+06
-1125.847441 4.262544e+06
-1125.986143 4.043752e+06
-1126.124845 3.826616e+06
-1126.263548 3.611728e+06
-1126.402250 3.399648e+06
-1126.540953 3.190888e+06
-1126.679655 2.985920e+06
-1126.818357 2.785208e+06
-1126.957060 2.589160e+06
-1127.095762 2.398200e+06
-1127.234465 2.212704e+06
-1127.373167 2.033048e+06
-1127.511870 1.859568e+06
-1127.650572 1.692568e+06
-1127.789274 1.532344e+06
-1127.927977 1.379120e+06
-1128.066679 1.233096e+06
-1128.205382 1.094368e+06
-1128.344084 9.629840e+05
-1128.482786 8.389040e+05
-1128.621489 7.220000e+05
-1128.760191 6.120240e+05
-1128.898894 5.086160e+05
-1129.037596 4.113360e+05
-1129.176298 3.196080e+05
