 1129.176298 -1.875271e+07
 1129.037596 -1.836021e+07
 1128.898894 -1.797555e+07
 1128.760191 -1.760001e+07
 1128.621489 -1.723481e+07
 1128.482786 -1.688102e+07
 1128.344084 -1.653963e+07
 1128.205382 -1.621148e+07
 1128.066679 -1.589736e+07
 1127.927977 -1.559790e+07
 1127.789274 -1.531368e+07
 1127.650572 -1.504515e+07
 1127.511870 -1.479276e+07
 1127.373167 -1.455682e+07
 1127.234465 -1.433762e+07
 1127.095762 -1.413539e+07
 1126.957060 -1.395037e+07
 1126.818357 -1.378269e+07
 1126.679655 -1.363250e+07
 1126.540953 -1.349994e+07
 1126.402250 -1.338506e+07
 1126.263548 -1.328793e+07
 1126.124845 -1.320854e+07
 1125.986143 -1.314689e+07
 1125.847441 -1.310286e+07
 1125.708738 -1.307634e+07
 1125.570036 -1.306707e+07
 1125.431333 -1.307478e+07
 1125.292631 -1.309909e+07
 1125.153929 -1.313952e+07
 1125.015226 -1.319556e+07
 1124.876524 -1.326654e+07
 1124.737821 -1.335176e+07
 1124.599119 -1.345041e+07
 1124.460417 -1.356160e+07
 1124.321714 -1.368441e+07
 1124.183012 -1.381782e+07
 1124.044309 -1.396077e+07
 1123.905607 -1.411216e+07
 1123.766905 -1.427086e+07
 1123.628202 -1.443570e+07
 1123.489500 -1.460550e+07
 1123.350797 -1.477909e+07
 1123.212095 -1.495526e+07
 1123.073392 -1.513282e+07
 1122.934690 -1.531062e+07
 1122.795988 -1.548749e+07
 1122.657285 -1.566230e+07
 1122.518583 -1.583394e+07
 1122.379880 -1.600138e+07
 1122.241178 -1.616356e+07
 1122.102476 -1.631955e+07
 1121.963773 -1.646839e+07
 1121.825071 -1.660925e+07
 1121.686368 -1.674129e+07
 1121.547666 -1.686378e+07
 1121.408964 -1.697604e+07
 1121.270261 -1.707741e+07
 1121.131559 -1.716730e+07
 1120.992856 -1.724522e+07
 1120.854154 -1.731066e+07
 1120.715452 -1.736314e+07
 1120.576749 -1.740230e+07
 1120.438047 -1.742773e+07
 1120.299344 -1.743906e+07
 1120.160642 -1.743595e+07
 1120.021940 -1.741808e+07
 1119.883237 -1.738514e+07
 1119.744535 -1.733683e+07
 1119.605832 -1.727284e+07
 1119.467130 -1.719292e+07
 1119.328427 -1.709678e+07
 1119.189725 -1.698418e+07
 1119.051023 -1.685490e+07
 1118.912320 -1.670872e+07
 1118.773618 -1.654546e+07
 1118.634915 -1.636498e+07
 1118.496213 -1.616714e+07
 1118.357511 -1.595186e+07
 1118.218808 -1.571905e+07
 1118.080106 -1.546870e+07
 1117.941403 -1.520083e+07
 1117.802701 -1.491545e+07
 1117.663999 -1.461259e+07
 1117.525296 -1.429235e+07
 1117.386594 -1.395480e+07
 1117.247891 -1.360005e+07
 1117.109189 -1.322821e+07
 1116.970487 -1.283942e+07
 1116.831784 -1.243381e+07
 1116.693082 -1.201156e+07
 1116.554379 -1.157287e+07
 1116.415677 -1.111796e+07
 1116.276975 -1.064713e+07
 1116.138272 -1.016074e+07
 1115.999570 -9.659192e+06
 1115.860867 -9.143056e+06
 1115.722165 -8.612968e+06
 1115.583462 -8.069720e+06
 1115.444760 -7.514216e+06
 1115.306058 -6.947576e+06
 1115.167355 -6.371048e+06
 1115.028653 -5.786048e+06
 1114.889950 -5.194176e+06
 1114.751248 -4.597224e+06
 1114.612546 -3.997096e+06
 1114.473843 -3.395864e+06
 1114.335141 -2.795752e+06
 1114.196438 -2.199048e+06
 1114.057736 -1.608144e+06
 1113.919034 -1.025480e+06
 1113.780331 -4.535040e+05
 1113.641629 1.053040e+05
 1113.502926 6.485600e+05
 1113.364224 1.173888e+06
 1113.225522 1.679024e+06
 1113.086819 2.161824e+06
 1112.948117 2.620272e+06
 1112.809414 3.052504e+06
 1112.670712 3.456848e+06
 1112.532010 3.831784e+06
 1112.393307 4.176008e+06
 1112.254605 4.488400e+06
 1112.115902 4.768080e+06
 1111.977200 5.014344e+06
 1111.838497 5.226736e+06
 1111.699795 5.404992e+06
 1111.561093 5.549080e+06
 1111.422390 5.659168e+06
 1111.283688 5.735688e+06
 1111.144985 5.779200e+06
 1111.006283 5.790536e+06
 1110.867581 5.770696e+06
 1110.728878 5.720848e+06
 1110.590176 5.642368e+06
 1110.451473 5.536752e+06
 1110.312771 5.405640e+06
 1110.174069 5.250800e+06
 1110.035366 5.074088e+06
 1109.896664 4.877416e+06
 1109.757961 4.662752e+06
 1109.619259 4.432072e+06
 1109.480557 4.187336e+06
 1109.341854 3.930480e+06
 1109.203152 3.663368e+06
 1109.064449 3.387752e+06
 1108.925747 3.105336e+06
 1108.787045 2.817632e+06
 1108.648342 2.526040e+06
 1108.509640 2.231808e+06
 1108.370937 1.936016e+06
 1108.232235 1.639560e+06
 1108.093532 1.343184e+06
 1107.954830 1.047464e+06
 1107.816128 7.528000e+05
 1107.677425 4.594720e+05
 1107.538723 1.675920e+05
 1107.400020 -1.228240e+05
 1107.261318 -4.118880e+05
 1107.122616 -6.997920e+05
 1106.983913 -9.867600e+05
 1106.845211 -1.273112e+06
 1106.706508 -1.559160e+06
 1106.567806 -1.845216e+06
 1106.429104 -2.131600e+06
 1106.290401 -2.418592e+06
 1106.151699 -2.706408e+06
 1106.012996 -2.995208e+06
 1105.874294 -3.285104e+06
 1105.735592 -3.576088e+06
 1105.596889 -3.868104e+06
 1105.458187 -4.160960e+06
 1105.319484 -4.454440e+06
 1105.180782 -4.748200e+06
 1105.042080 -5.041824e+06
 1104.903377 -5.334856e+06
 1104.764675 -5.626768e+06
 1104.625972 -5.917000e+06
 1104.487270 -6.204960e+06
 1104.348567 -6.490064e+06
 1104.209865 -6.771688e+06
 1104.071163 -7.049312e+06
 1103.932460 -7.322384e+06
 1103.793758 -7.590408e+06
 1103.655055 -7.852960e+06
 1103.516353 -8.109688e+06
 1103.377651 -8.360328e+06
 1103.238948 -8.604648e+06
 1103.100246 -8.842536e+06
 1102.961543 -9.073976e+06
 1102.822841 -9.298968e+06
 1102.684139 -9.517648e+06
 1102.545436 -9.730208e+06
 1102.406734 -9.936904e+06
 1102.268031 -1.013804e+07
 1102.129329 -1.033399e+07
 1101.990627 -1.052515e+07
 1101.851924 -1.071196e+07
 1101.713222 -1.089488e+07
 1101.574519 -1.107440e+07
 1101.435817 -1.125101e+07
 1101.297115 -1.142519e+07
 1101.158412 -1.159746e+07
 1101.019710 -1.176826e+07
 1100.881007 -1.193807e+07
 1100.742305 -1.210730e+07
 1100.603602 -1.227633e+07
 1100.464900 -1.244553e+07
 1100.326198 -1.261518e+07
 1100.187495 -1.278550e+07
 1100.048793 -1.295669e+07
 1099.910090 -1.312878e+07
 1099.771388 -1.330182e+07
 1099.632686 -1.347569e+07
 1099.493983 -1.365019e+07
 1099.355281 -1.382504e+07
 1099.216578 -1.399982e+07
 1099.077876 -1.417398e+07
 1098.939174 -1.434691e+07
 1098.800471 -1.451784e+07
 1098.661769 -1.468590e+07
 1098.523066 -1.485012e+07
 1098.384364 -1.500942e+07
 1098.245662 -1.516265e+07
 1098.106959 -1.530856e+07
 1097.968257 -1.544586e+07
 1097.829554 -1.557322e+07
 1097.690852 -1.568926e+07
 1097.552150 -1.579265e+07
 1097.413447 -1.588202e+07
 1097.274745 -1.595610e+07
 1097.136042 -1.601365e+07
 1096.997340 -1.605354e+07
 1096.858637 -1.607479e+07
 1096.719935 -1.607650e+07
 1096.581233 -1.605800e+07
 1096.442530 -1.601876e+07
 1096.303828 -1.595849e+07
 1096.165125 -1.587707e+07
 1096.026423 -1.577466e+07
 1095.887721 -1.565161e+07
 1095.749018 -1.550851e+07
 1095.610316 -1.534620e+07
 1095.471613 -1.516569e+07
 1095.332911 -1.496823e+07
 1095.194209 -1.475524e+07
 1095.055506 -1.452830e+07
 1094.916804 -1.428911e+07
 1094.778101 -1.403950e+07
 1094.639399 -1.378132e+07
 1094.500697 -1.351649e+07
 1094.361994 -1.324692e+07
 1094.223292 -1.297452e+07
 1094.084589 -1.270106e+07
 1093.945887 -1.242828e+07
 1093.807185 -1.215777e+07
 1093.668482 -1.189099e+07
 1093.529780 -1.162923e+07
 1093.391077 -1.137358e+07
 1093.252375 -1.112496e+07
 1093.113672 -1.088410e+07
 1092.974970 -1.065150e+07
 1092.836268 -1.042750e+07
 1092.697565 -1.021221e+07
 1092.558863 -1.000561e+07
 1092.420160 -9.807488e+06
 1092.281458 -9.617520e+06
 1092.142756 -9.435256e+06
 1092.004053 -9.260136e+06
 1091.865351 -9.091608e+06
 1091.726648 -8.929016e+06
 1091.587946 -8.771744e+06
 1091.449244 -8.619248e+06
 1091.310541 -8.470952e+06
 1091.171839 -8.326480e+06
 1091.033136 -8.185512e+06
 1090.894434 -8.047872e+06
 1090.755732 -7.913576e+06
 1090.617029 -7.782752e+06
 1090.478327 -7.655752e+06
 1090.339624 -7.533104e+06
 1090.200922 -7.415488e+06
 1090.062220 -7.303760e+06
 1089.923517 -7.198920e+06
 1089.784815 -7.102136e+06
 1089.646112 -7.014632e+06
 1089.507410 -6.937744e+06
 1089.368707 -6.872864e+06
 1089.230005 -6.821392e+06
 1089.091303 -6.784760e+06
 1088.952600 -6.764304e+06
 1088.813898 -6.761320e+06
 1088.675195 -6.777040e+06
 1088.536493 -6.812520e+06
 1088.397791 -6.868696e+06
 1088.259088 -6.946336e+06
 1088.120386 -7.046040e+06
 1087.981683 -7.168184e+06
 1087.842981 -7.312976e+06
 1087.704279 -7.480408e+06
 1087.565576 -7.670272e+06
 1087.426874 -7.882168e+06
 1087.288171 -8.115528e+06
 1087.149469 -8.369592e+06
 1087.010767 -8.643464e+06
 1086.872064 -8.936120e+06
 1086.733362 -9.246400e+06
 1086.594659 -9.573120e+06
 1086.455957 -9.914984e+06
 1086.317255 -1.027066e+07
 1086.178552 -1.063885e+07
 1086.039850 -1.101817e+07
 1085.901147 -1.140738e+07
 1085.762445 -1.180518e+07
 1085.623742 -1.221040e+07
 1085.485040 -1.262189e+07
 1085.346338 -1.303859e+07
 1085.207635 -1.345956e+07
 1085.068933 -1.388387e+07
 1084.930230 -1.431074e+07
 1084.791528 -1.473945e+07
 1084.652826 -1.516935e+07
 1084.514123 -1.559990e+07
 1084.375421 -1.603060e+07
 1084.236718 -1.646103e+07
 1084.098016 -1.689086e+07
 1083.959314 -1.731975e+07
 1083.820611 -1.774749e+07
 1083.681909 -1.817386e+07
 1083.543206 -1.859872e+07
 1083.404504 -1.902194e+07
 1083.265802 -1.944346e+07
 1083.127099 -1.986322e+07
 1082.988397 -2.028122e+07
 1082.849694 -2.069750e+07
 1082.710992 -2.111212e+07
 1082.572290 -2.152517e+07
 1082.433587 -2.193674e+07
 1082.294885 -2.234700e+07
 1082.156182 -2.275610e+07
 1082.017480 -2.316421e+07
 1081.878777 -2.357149e+07
 1081.740075 -2.397813e+07
 1081.601373 -2.438426e+07
 1081.462670 -2.479001e+07
 1081.323968 -2.519542e+07
 1081.185265 -2.560049e+07
 1081.046563 -2.600515e+07
 1080.907861 -2.640921e+07
 1080.769158 -2.681237e+07
 1080.630456 -2.721419e+07
 1080.491753 -2.761410e+07
 1080.353051 -2.801137e+07
 1080.214349 -2.840513e+07
 1080.075646 -2.879431e+07
 1079.936944 -2.917775e+07
 1079.798241 -2.955408e+07
 1079.659539 -2.992181e+07
 1079.520837 -3.027934e+07
 1079.382134 -3.062495e+07
 1079.243432 -3.095687e+07
 1079.104729 -3.127327e+07
 1078.966027 -3.157228e+07
 1078.827325 -3.185206e+07
 1078.688622 -3.211078e+07
 1078.549920 -3.234671e+07
 1078.411217 -3.255822e+07
 1078.272515 -3.274375e+07
 1078.133812 -3.290198e+07
 1077.995110 -3.303165e+07
 1077.856408 -3.313177e+07
 1077.717705 -3.320150e+07
 1077.579003 -3.324023e+07
 1077.440300 -3.324755e+07
 1077.301598 -3.322324e+07
 1077.162896 -3.316733e+07
 1077.024193 -3.308000e+07
 1076.885491 -3.296167e+07
 1076.746788 -3.281296e+07
 1076.608086 -3.263461e+07
 1076.469384 -3.242758e+07
 1076.330681 -3.219297e+07
 1076.191979 -3.193202e+07
 1076.053276 -3.164609e+07
 1075.914574 -3.133671e+07
 1075.775872 -3.100545e+07
 1075.637169 -3.065404e+07
 1075.498467 -3.028424e+07
 1075.359764 -2.989790e+07
 1075.221062 -2.949693e+07
 1075.082360 -2.908325e+07
 1074.943657 -2.865880e+07
 1074.804955 -2.822555e+07
 1074.666252 -2.778540e+07
 1074.527550 -2.734026e+07
 1074.388847 -2.689196e+07
 1074.250145 -2.644229e+07
 1074.111443 -2.599288e+07
 1073.972740 -2.554534e+07
 1073.834038 -2.510114e+07
 1073.695335 -2.466166e+07
 1073.556633 -2.422810e+07
 1073.417931 -2.380160e+07
 1073.279228 -2.338313e+07
 1073.140526 -2.297358e+07
 1073.001823 -2.257370e+07
 1072.863121 -2.218411e+07
 1072.724419 -2.180540e+07
 1072.585716 -2.143800e+07
 1072.447014 -2.108227e+07
 1072.308311 -2.073852e+07
 1072.169609 -2.040695e+07
 1072.030907 -2.008775e+07
 1071.892204 -1.978102e+07
 1071.753502 -1.948679e+07
 1071.614799 -1.920510e+07
 1071.476097 -1.893592e+07
 1071.337395 -1.867918e+07
 1071.198692 -1.843474e+07
 1071.059990 -1.820247e+07
 1070.921287 -1.798220e+07
 1070.782585 -1.777370e+07
 1070.643882 -1.757666e+07
 1070.505180 -1.739086e+07
 1070.366478 -1.721592e+07
 1070.227775 -1.705146e+07
 1070.089073 -1.689710e+07
 1069.950370 -1.675236e+07
 1069.811668 -1.661678e+07
 1069.672966 -1.648982e+07
 1069.534263 -1.637092e+07
 1069.395561 -1.625946e+07
 1069.256858 -1.615480e+07
 1069.118156 -1.605622e+07
 1068.979454 -1.596298e+07
 1068.840751 -1.587427e+07
 1068.702049 -1.578926e+07
 1068.563346 -1.570703e+07
 1068.424644 -1.562663e+07
 1068.285942 -1.554708e+07
 1068.147239 -1.546734e+07
 1068.008537 -1.538635e+07
 1067.869834 -1.530302e+07
 1067.731132 -1.521624e+07
 1067.592430 -1.512491e+07
 1067.453727 -1.502794e+07
 1067.315025 -1.492422e+07
 1067.176322 -1.481271e+07
 1067.037620 -1.469238e+07
 1066.898917 -1.456225e+07
 1066.760215 -1.442138e+07
 1066.621513 -1.426889e+07
 1066.482810 -1.410394e+07
 1066.344108 -1.392574e+07
 1066.205405 -1.373355e+07
 1066.066703 -1.352668e+07
 1065.928001 -1.330448e+07
 1065.789298 -1.306630e+07
 1065.650596 -1.281158e+07
 1065.511893 -1.253970e+07
 1065.373191 -1.225015e+07
 1065.234489 -1.194241e+07
 1065.095786 -1.161598e+07
 1064.957084 -1.127041e+07
 1064.818381 -1.090530e+07
 1064.679679 -1.052028e+07
 1064.540977 -1.011510e+07
 1064.402274 -9.689528e+06
 1064.263572 -9.243480e+06
 1064.124869 -8.776960e+06
 1063.986167 -8.290104e+06
 1063.847465 -7.783192e+06
 1063.708762 -7.256656e+06
 1063.570060 -6.711096e+06
 1063.431357 -6.147280e+06
 1063.292655 -5.566144e+06
 1063.153952 -4.968792e+06
 1063.015250 -4.356512e+06
 1062.876548 -3.730760e+06
 1062.737845 -3.093128e+06
 1062.599143 -2.445344e+06
 1062.460440 -1.789272e+06
 1062.321738 -1.126872e+06
 1062.183036 -4.602080e+05
 1062.044333 2.086160e+05
 1061.905631 8.774480e+05
 1061.766928 1.544120e+06
 1061.628226 2.206456e+06
 1061.489524 2.862320e+06
 1061.350821 3.509608e+06
 1061.212119 4.146288e+06
 1061.073416 4.770408e+06
 1060.934714 5.380120e+06
 1060.796012 5.973688e+06
 1060.657309 6.549528e+06
 1060.518607 7.106152e+06
 1060.379904 7.642264e+06
 1060.241202 8.156720e+06
 1060.102500 8.648528e+06
 1059.963797 9.116864e+06
 1059.825095 9.561072e+06
 1059.686392 9.980696e+06
 1059.547690 1.037541e+07
 1059.408987 1.074506e+07
 1059.270285 1.108967e+07
 1059.131583 1.140938e+07
 1058.992880 1.170451e+07
 1058.854178 1.197550e+07
 1058.715475 1.222293e+07
 1058.576773 1.244748e+07
 1058.438071 1.264999e+07
 1058.299368 1.283139e+07
 1058.160666 1.299274e+07
 1058.021963 1.313518e+07
 1057.883261 1.325997e+07
 1057.744559 1.336850e+07
 1057.605856 1.346225e+07
 1057.467154 1.354275e+07
 1057.328451 1.361169e+07
 1057.189749 1.367080e+07
 1057.051047 1.372189e+07
 1056.912344 1.376683e+07
 1056.773642 1.380751e+07
 1056.634939 1.384588e+07
 1056.496237 1.388384e+07
 1056.357535 1.392328e+07
 1056.218832 1.396602e+07
 1056.080130 1.401382e+07
 1055.941427 1.406828e+07
 1055.802725 1.413090e+07
 1055.664022 1.420300e+07
 1055.525320 1.428568e+07
 1055.386618 1.437988e+07
 1055.247915 1.448628e+07
 1055.109213 1.460534e+07
 1054.970510 1.473724e+07
 1054.831808 1.488196e+07
 1054.693106 1.503922e+07
 1054.554403 1.520850e+07
 1054.415701 1.538907e+07
 1054.276998 1.557995e+07
 1054.138296 1.578000e+07
 1053.999594 1.598790e+07
 1053.860891 1.620215e+07
 1053.722189 1.642117e+07
 1053.583486 1.664318e+07
 1053.444784 1.686642e+07
 1053.306082 1.708900e+07
 1053.167379 1.730902e+07
 1053.028677 1.752458e+07
 1052.889974 1.773379e+07
 1052.751272 1.793478e+07
 1052.612570 1.812582e+07
 1052.473867 1.830521e+07
 1052.335165 1.847138e+07
 1052.196462 1.862293e+07
 1052.057760 1.875859e+07
 1051.919057 1.887731e+07
 1051.780355 1.897822e+07
 1051.641653 1.906062e+07
 1051.502950 1.912410e+07
 1051.364248 1.916840e+07
 1051.225545 1.919354e+07
 1051.086843 1.919973e+07
 1050.948141 1.918738e+07
 1050.809438 1.915709e+07
 1050.670736 1.910964e+07
 1050.532033 1.904597e+07
 1050.393331 1.896713e+07
 1050.254629 1.887429e+07
 1050.115926 1.876866e+07
 1049.977224 1.865154e+07
 1049.838521 1.852421e+07
 1049.699819 1.838795e+07
 1049.561117 1.824402e+07
 1049.422414 1.809362e+07
 1049.283712 1.793784e+07
 1049.145009 1.777774e+07
 1049.006307 1.761423e+07
 1048.867605 1.744813e+07
 1048.728902 1.728013e+07
 1048.590200 1.711080e+07
 1048.451497 1.694061e+07
 1048.312795 1.676985e+07
 1048.174092 1.659875e+07
 1048.035390 1.642738e+07
 1047.896688 1.625576e+07
 1047.757985 1.608373e+07
 1047.619283 1.591110e+07
 1047.480580 1.573758e+07
 1047.341878 1.556278e+07
 1047.203176 1.538629e+07
 1047.064473 1.520763e+07
 1046.925771 1.502626e+07
 1046.787068 1.484166e+07
 1046.648366 1.465327e+07
 1046.509664 1.446055e+07
 1046.370961 1.426297e+07
 1046.232259 1.406003e+07
 1046.093556 1.385132e+07
 1045.954854 1.363643e+07
 1045.816152 1.341510e+07
 1045.677449 1.318711e+07
 1045.538747 1.295237e+07
 1045.400044 1.271087e+07
 1045.261342 1.246278e+07
 1045.122640 1.220834e+07
 1044.983937 1.194792e+07
 1044.845235 1.168204e+07
 1044.706532 1.141133e+07
 1044.567830 1.113654e+07
 1044.429127 1.085849e+07
 1044.290425 1.057817e+07
 1044.151723 1.029662e+07
 1044.013020 1.001493e+07
 1043.874318 9.734304e+06
 1043.735615 9.455960e+06
 1043.596913 9.181136e+06
 1043.458211 8.911112e+06
 1043.319508 8.647128e+06
 1043.180806 8.390432e+06
 1043.042103 8.142208e+06
 1042.903401 7.903584e+06
 1042.764699 7.675592e+06
 1042.625996 7.459208e+06
 1042.487294 7.255280e+06
 1042.348591 7.064512e+06
 1042.209889 6.887496e+06
 1042.071187 6.724640e+06
 1041.932484 6.576224e+06
 1041.793782 6.442344e+06
 1041.655079 6.322928e+06
 1041.516377 6.217744e+06
 1041.377675 6.126384e+06
 1041.238972 6.048248e+06
 1041.100270 5.982648e+06
 1040.961567 5.928696e+06
 1040.822865 5.885400e+06
 1040.684162 5.851648e+06
 1040.545460 5.826256e+06
 1040.406758 5.807936e+06
 1040.268055 5.795392e+06
 1040.129353 5.787256e+06
 1039.990650 5.782200e+06
 1039.851948 5.778888e+06
 1039.713246 5.776016e+06
 1039.574543 5.772352e+06
 1039.435841 5.766752e+06
 1039.297138 5.758120e+06
 1039.158436 5.745496e+06
 1039.019734 5.728016e+06
 1038.881031 5.704944e+06
 1038.742329 5.675640e+06
 1038.603626 5.639592e+06
 1038.464924 5.596432e+06
 1038.326222 5.545840e+06
 1038.187519 5.487672e+06
 1038.048817 5.421848e+06
 1037.910114 5.348368e+06
 1037.771412 5.267304e+06
 1037.632710 5.178824e+06
 1037.494007 5.083112e+06
 1037.355305 4.980400e+06
 1037.216602 4.870960e+06
 1037.077900 4.755032e+06
 1036.939197 4.632904e+06
 1036.800495 4.504816e+06
 1036.661793 4.371008e+06
 1036.523090 4.231656e+06
 1036.384388 4.086936e+06
 1036.245685 3.936936e+06
 1036.106983 3.781696e+06
 1035.968281 3.621216e+06
 1035.829578 3.455400e+06
 1035.690876 3.284104e+06
 1035.552173 3.107112e+06
 1035.413471 2.924136e+06
 1035.274769 2.734824e+06
 1035.136066 2.538760e+06
 1034.997364 2.335480e+06
 1034.858661 2.124456e+06
 1034.719959 1.905112e+06
 1034.581257 1.676840e+06
 1034.442554 1.439000e+06
 1034.303852 1.190904e+06
 1034.165149 9.318880e+05
 1034.026447 6.612480e+05
 1033.887745 3.783040e+05
 1033.749042 8.239200e+04
 1033.610340 -2.271520e+05
 1033.471637 -5.509440e+05
 1033.332935 -8.895440e+05
 1033.194232 -1.243496e+06
 1033.055530 -1.613224e+06
 1032.916828 -1.999128e+06
 1032.778125 -2.401488e+06
 1032.639423 -2.820512e+06
 1032.500720 -3.256296e+06
 1032.362018 -3.708800e+06
 1032.223316 -4.177904e+06
 1032.084613 -4.663328e+06
 1031.945911 -5.164648e+06
 1031.807208 -5.681320e+06
 1031.668506 -6.212624e+06
 1031.529804 -6.757688e+06
 1031.391101 -7.315472e+06
 1031.252399 -7.884800e+06
 1031.113696 -8.464256e+06
 1030.974994 -9.052336e+06
 1030.836292 -9.647320e+06
 1030.697589 -1.024734e+07
 1030.558887 -1.085038e+07
 1030.420184 -1.145429e+07
 1030.281482 -1.205677e+07
 1030.142780 -1.265545e+07
 1030.004077 -1.324787e+07
 1029.865375 -1.383150e+07
 1029.726672 -1.440378e+07
 1029.587970 -1.496221e+07
 1029.449268 -1.550425e+07
 1029.310565 -1.602750e+07
 1029.171863 -1.652965e+07
 1029.033160 -1.700851e+07
 1028.894458 -1.746208e+07
 1028.755755 -1.788857e+07
 1028.617053 -1.828641e+07
 1028.478351 -1.865426e+07
 1028.339648 -1.899108e+07
 1028.200946 -1.929606e+07
 1028.062243 -1.956871e+07
 1027.923541 -1.980878e+07
 1027.784839 -2.001632e+07
 1027.646136 -2.019162e+07
 1027.507434 -2.033525e+07
 1027.368731 -2.044794e+07
 1027.230029 -2.053070e+07
 1027.091327 -2.058468e+07
 1026.952624 -2.061118e+07
 1026.813922 -2.061163e+07
 1026.675219 -2.058757e+07
 1026.536517 -2.054058e+07
 1026.397815 -2.047231e+07
 1026.259112 -2.038441e+07
 1026.120410 -2.027853e+07
 1025.981707 -2.015626e+07
 1025.843005 -2.001918e+07
 1025.704303 -1.986878e+07
 1025.565600 -1.970649e+07
 1025.426898 -1.953361e+07
 1025.288195 -1.935141e+07
 1025.149493 -1.916104e+07
 1025.010790 -1.896352e+07
 1024.872088 -1.875983e+07
 1024.733386 -1.855086e+07
 1024.594683 -1.833741e+07
 1024.455981 -1.812021e+07
 1024.317278 -1.789995e+07
 1024.178576 -1.767728e+07
 1024.039874 -1.745280e+07
 1023.901171 -1.722711e+07
 1023.762469 -1.700078e+07
 1023.623766 -1.677436e+07
 1023.485064 -1.654841e+07
 1023.346362 -1.632350e+07
 1023.207659 -1.610017e+07
 1023.068957 -1.587897e+07
 1022.930254 -1.566046e+07
 1022.791552 -1.544515e+07
 1022.652850 -1.523358e+07
 1022.514147 -1.502626e+07
 1022.375445 -1.482362e+07
 1022.236742 -1.462611e+07
 1022.098040 -1.443412e+07
 1021.959338 -1.424796e+07
 1021.820635 -1.406794e+07
 1021.681933 -1.389422e+07
 1021.543230 -1.372698e+07
 1021.404528 -1.356626e+07
 1021.265825 -1.341207e+07
 1021.127123 -1.326434e+07
 1020.988421 -1.312294e+07
 1020.849718 -1.298768e+07
 1020.711016 -1.285829e+07
 1020.572313 -1.273451e+07
 1020.433611 -1.261602e+07
 1020.294909 -1.250249e+07
 1020.156206 -1.239362e+07
 1020.017504 -1.228908e+07
 1019.878801 -1.218860e+07
 1019.740099 -1.209194e+07
 1019.601397 -1.199889e+07
 1019.462694 -1.190934e+07
 1019.323992 -1.182319e+07
 1019.185289 -1.174047e+07
 1019.046587 -1.166122e+07
 1018.907885 -1.158555e+07
 1018.769182 -1.151366e+07
 1018.630480 -1.144572e+07
 1018.491777 -1.138201e+07
 1018.353075 -1.132277e+07
 1018.214373 -1.126824e+07
 1018.075670 -1.121866e+07
 1017.936968 -1.117419e+07
 1017.798265 -1.113497e+07
 1017.659563 -1.110100e+07
 1017.520860 -1.107224e+07
 1017.382158 -1.104849e+07
 1017.243456 -1.102945e+07
 1017.104753 -1.101466e+07
 1016.966051 -1.100353e+07
 1016.827348 -1.099532e+07
 1016.688646 -1.098916e+07
 1016.549944 -1.098406e+07
 1016.411241 -1.097888e+07
 1016.272539 -1.097243e+07
 1016.133836 -1.096342e+07
 1015.995134 -1.095054e+07
 1015.856432 -1.093243e+07
 1015.717729 -1.090777e+07
 1015.579027 -1.087529e+07
 1015.440324 -1.083378e+07
 1015.301622 -1.078218e+07
 1015.162920 -1.071950e+07
 1015.024217 -1.064498e+07
 1014.885515 -1.055801e+07
 1014.746812 -1.045814e+07
 1014.608110 -1.034518e+07
 1014.469408 -1.021913e+07
 1014.330705 -1.008014e+07
 1014.192003 -9.928632e+06
 1014.053300 -9.765120e+06
 1013.914598 -9.590320e+06
 1013.775895 -9.405072e+06
 1013.637193 -9.210288e+06
 1013.498491 -9.006968e+06
 1013.359788 -8.796136e+06
 1013.221086 -8.578808e+06
 1013.082383 -8.355984e+06
 1012.943681 -8.128592e+06
 1012.804979 -7.897448e+06
 1012.666276 -7.663288e+06
 1012.527574 -7.426680e+06
 1012.388871 -7.188064e+06
 1012.250169 -6.947720e+06
 1012.111467 -6.705736e+06
 1011.972764 -6.462096e+06
 1011.834062 -6.216568e+06
 1011.695359 -5.968808e+06
 1011.556657 -5.718328e+06
 1011.417955 -5.464560e+06
 1011.279252 -5.206800e+06
 1011.140550 -4.944296e+06
 1011.001847 -4.676280e+06
 1010.863145 -4.401928e+06
 1010.724443 -4.120456e+06
 1010.585740 -3.831096e+06
 1010.447038 -3.533152e+06
 1010.308335 -3.226016e+06
 1010.169633 -2.909184e+06
 1010.030930 -2.582256e+06
 1009.892228 -2.245016e+06
 1009.753526 -1.897360e+06
 1009.614823 -1.539368e+06
 1009.476121 -1.171296e+06
 1009.337418 -7.935280e+05
 1009.198716 -4.066640e+05
 1009.060014 -1.144800e+04
 1008.921311 3.912400e+05
 1008.782609 8.003840e+05
 1008.643906 1.214856e+06
 1008.505204 1.633400e+06
 1008.366502 2.054728e+06
 1008.227799 2.477496e+06
 1008.089097 2.900320e+06
 1007.950394 3.321840e+06
 1007.811692 3.740720e+06
 1007.672990 4.155688e+06
 1007.534287 4.565560e+06
 1007.395585 4.969224e+06
 1007.256882 5.365728e+06
 1007.118180 5.754224e+06
 1006.979478 6.134024e+06
 1006.840775 6.504584e+06
 1006.702073 6.865544e+06
 1006.563370 7.216648e+06
 1006.424668 7.557832e+06
 1006.285965 7.889160e+06
 1006.147263 8.210832e+06
 1006.008561 8.523152e+06
 1005.869858 8.826544e+06
 1005.731156 9.121520e+06
 1005.592453 9.408648e+06
 1005.453751 9.688568e+06
 1005.315049 9.961944e+06
 1005.176346 1.022950e+07
 1005.037644 1.049196e+07
 1004.898941 1.075004e+07
 1004.760239 1.100446e+07
 1004.621537 1.125595e+07
 1004.482834 1.150521e+07
 1004.344132 1.175291e+07
 1004.205429 1.199971e+07
 1004.066727 1.224626e+07
 1003.928025 1.249312e+07
 1003.789322 1.274089e+07
 1003.650620 1.299009e+07
 1003.511917 1.324120e+07
 1003.373215 1.349466e+07
 1003.234513 1.375084e+07
 1003.095810 1.401006e+07
 1002.957108 1.427255e+07
 1002.818405 1.453847e+07
 1002.679703 1.480786e+07
 1002.541000 1.508066e+07
 1002.402298 1.535670e+07
 1002.263596 1.563568e+07
 1002.124893 1.591716e+07
 1001.986191 1.620060e+07
 1001.847488 1.648530e+07
 1001.708786 1.677046e+07
 1001.570084 1.705515e+07
 1001.431381 1.733838e+07
 1001.292679 1.761902e+07
 1001.153976 1.789591e+07
 1001.015274 1.816788e+07
 1000.876572 1.843374e+07
 1000.737869 1.869225e+07
 1000.599167 1.894230e+07
 1000.460464 1.918278e+07
 1000.321762 1.941269e+07
 1000.183060 1.963112e+07
 1000.044357 1.983728e+07
  999.905655 2.003051e+07
  999.766952 2.021025e+07
  999.628250 2.037610e+07
  999.489548 2.052776e+07
  999.350845 2.066505e+07
  999.212143 2.078791e+07
  999.073440 2.089634e+07
  998.934738 2.099045e+07
  998.796035 2.107038e+07
  998.657333 2.113634e+07
  998.518631 2.118854e+07
  998.379928 2.122724e+07
  998.241226 2.125268e+07
  998.102523 2.126513e+07
  997.963821 2.126484e+07
  997.825119 2.125207e+07
  997.686416 2.122708e+07
  997.547714 2.119012e+07
  997.409011 2.114147e+07
  997.270309 2.108144e+07
  997.131607 2.101035e+07
  996.992904 2.092858e+07
  996.854202 2.083658e+07
  996.715499 2.073483e+07
  996.576797 2.062388e+07
  996.438095 2.050440e+07
  996.299392 2.037710e+07
  996.160690 2.024280e+07
  996.021987 2.010238e+07
  995.883285 1.995681e+07
  995.744583 1.980713e+07
  995.605880 1.965445e+07
  995.467178 1.949988e+07
  995.328475 1.934466e+07
  995.189773 1.918998e+07
  995.051070 1.903708e+07
  994.912368 1.888720e+07
  994.773666 1.874153e+07
  994.634963 1.860124e+07
  994.496261 1.846749e+07
  994.357558 1.834132e+07
  994.218856 1.822375e+07
  994.080154 1.811570e+07
  993.941451 1.801798e+07
  993.802749 1.793134e+07
  993.664046 1.785635e+07
  993.525344 1.779354e+07
  993.386642 1.774327e+07
  993.247939 1.770582e+07
  993.109237 1.768130e+07
  992.970534 1.766972e+07
  992.831832 1.767097e+07
  992.693130 1.768479e+07
  992.554427 1.771083e+07
  992.415725 1.774858e+07
  992.277022 1.779746e+07
  992.138320 1.785674e+07
  991.999618 1.792562e+07
  991.860915 1.800319e+07
  991.722213 1.808842e+07
  991.583510 1.818026e+07
  991.444808 1.827754e+07
  991.306105 1.837910e+07
  991.167403 1.848366e+07
  991.028701 1.858995e+07
  990.889998 1.869671e+07
  990.751296 1.880266e+07
  990.612593 1.890650e+07
  990.473891 1.900702e+07
  990.335189 1.910302e+07
  990.196486 1.919334e+07
  990.057784 1.927688e+07
  989.919081 1.935260e+07
  989.780379 1.941953e+07
  989.641677 1.947675e+07
  989.502974 1.952339e+07
  989.364272 1.955864e+07
  989.225569 1.958171e+07
  989.086867 1.959188e+07
  988.948165 1.958840e+07
  988.809462 1.957057e+07
  988.670760 1.953768e+07
  988.532057 1.948901e+07
  988.393355 1.942384e+07
  988.254653 1.934146e+07
  988.115950 1.924110e+07
  987.977248 1.912206e+07
  987.838545 1.898362e+07
  987.699843 1.882506e+07
  987.561140 1.864577e+07
  987.422438 1.844516e+07
  987.283736 1.822274e+07
  987.145033 1.797812e+07
  987.006331 1.771106e+07
  986.867628 1.742148e+07
  986.728926 1.710946e+07
  986.590224 1.677526e+07
  986.451521 1.641934e+07
  986.312819 1.604237e+07
  986.174116 1.564522e+07
  986.035414 1.522898e+07
  985.896712 1.479484e+07
  985.758009 1.434425e+07
  985.619307 1.387871e+07
  985.480604 1.339991e+07
  985.341902 1.290954e+07
  985.203200 1.240940e+07
  985.064497 1.190122e+07
  984.925795 1.138675e+07
  984.787092 1.086766e+07
  984.648390 1.034553e+07
  984.509688 9.821776e+06
  984.370985 9.297688e+06
  984.232283 8.774376e+06
  984.093580 8.252752e+06
  983.954878 7.733512e+06
  983.816175 7.217216e+06
  983.677473 6.704152e+06
  983.538771 6.194432e+06
  983.400068 5.688016e+06
  983.261366 5.184704e+06
  983.122663 4.684120e+06
  982.983961 4.185792e+06
  982.845259 3.689160e+06
  982.706556 3.193592e+06
  982.567854 2.698400e+06
  982.429151 2.202928e+06
  982.290449 1.706480e+06
  982.151747 1.208424e+06
  982.013044 7.081920e+05
  981.874342 2.052640e+05
  981.735639 -3.007280e+05
  981.596937 -8.101200e+05
  981.458235 -1.323040e+06
  981.319532 -1.839512e+06
  981.180830 -2.359424e+06
  981.042127 -2.882504e+06
  980.903425 -3.408328e+06
  980.764723 -3.936360e+06
  980.626020 -4.465888e+06
  980.487318 -4.996072e+06
  980.348615 -5.525992e+06
  980.209913 -6.054584e+06
  980.071210 -6.580736e+06
  979.932508 -7.103264e+06
  979.793806 -7.620960e+06
  979.655103 -8.132600e+06
  979.516401 -8.636976e+06
  979.377698 -9.132896e+06
  979.238996 -9.619264e+06
  979.100294 -1.009504e+07
  978.961591 -1.055930e+07
  978.822889 -1.101123e+07
  978.684186 -1.145016e+07
  978.545484 -1.187552e+07
  978.406782 -1.228694e+07
  978.268079 -1.268416e+07
  978.129377 -1.306708e+07
  977.990674 -1.343575e+07
  977.851972 -1.379031e+07
  977.713270 -1.413106e+07
  977.574567 -1.445839e+07
  977.435865 -1.477279e+07
  977.297162 -1.507483e+07
  977.158460 -1.536513e+07
  977.019758 -1.564437e+07
  976.881055 -1.591324e+07
  976.742353 -1.617249e+07
  976.603650 -1.642282e+07
  976.464948 -1.666498e+07
  976.326245 -1.689968e+07
  976.187543 -1.712762e+07
  976.048841 -1.734949e+07
  975.910138 -1.756591e+07
  975.771436 -1.777751e+07
  975.632733 -1.798489e+07
  975.494031 -1.818861e+07
  975.355329 -1.838922e+07
  975.216626 -1.858719e+07
  975.077924 -1.878302e+07
  974.939221 -1.897718e+07
  974.800519 -1.917007e+07
  974.661817 -1.936209e+07
  974.523114 -1.955362e+07
  974.384412 -1.974502e+07
  974.245709 -1.993658e+07
  974.107007 -2.012859e+07
  973.968305 -2.032134e+07
  973.829602 -2.051506e+07
  973.690900 -2.070991e+07
  973.552197 -2.090612e+07
  973.413495 -2.110378e+07
  973.274793 -2.130302e+07
  973.136090 -2.150390e+07
  972.997388 -2.170642e+07
  972.858685 -2.191058e+07
  972.719983 -2.211632e+07
  972.581280 -2.232350e+07
  972.442578 -2.253191e+07
  972.303876 -2.274132e+07
  972.165173 -2.295141e+07
  972.026471 -2.316174e+07
  971.887768 -2.337184e+07
  971.749066 -2.358113e+07
  971.610364 -2.378891e+07
  971.471661 -2.399441e+07
  971.332959 -2.419678e+07
  971.194256 -2.439507e+07
  971.055554 -2.458824e+07
  970.916852 -2.477519e+07
  970.778149 -2.495476e+07
  970.639447 -2.512576e+07
  970.500744 -2.528698e+07
  970.362042 -2.543720e+07
  970.223340 -2.557526e+07
  970.084637 -2.569999e+07
  969.945935 -2.581036e+07
  969.807232 -2.590542e+07
  969.668530 -2.598430e+07
  969.529828 -2.604634e+07
  969.391125 -2.609098e+07
  969.252423 -2.611787e+07
  969.113720 -2.612680e+07
  968.975018 -2.611779e+07
  968.836315 -2.609102e+07
  968.697613 -2.604686e+07
  968.558911 -2.598586e+07
  968.420208 -2.590870e+07
  968.281506 -2.581626e+07
  968.142803 -2.570950e+07
  968.004101 -2.558951e+07
  967.865399 -2.545746e+07
  967.726696 -2.531455e+07
  967.587994 -2.516205e+07
  967.449291 -2.500120e+07
  967.310589 -2.483321e+07
  967.171887 -2.465926e+07
  967.033184 -2.448046e+07
  966.894482 -2.429784e+07
  966.755779 -2.411226e+07
  966.617077 -2.392454e+07
  966.478375 -2.373530e+07
  966.339672 -2.354503e+07
  966.200970 -2.335410e+07
  966.062267 -2.316272e+07
  965.923565 -2.297094e+07
  965.784863 -2.277871e+07
  965.646160 -2.258588e+07
  965.507458 -2.239214e+07
  965.368755 -2.219714e+07
  965.230053 -2.200047e+07
  965.091350 -2.180168e+07
  964.952648 -2.160030e+07
  964.813946 -2.139589e+07
  964.675243 -2.118802e+07
  964.536541 -2.097634e+07
  964.397838 -2.076062e+07
  964.259136 -2.054066e+07
  964.120434 -2.031646e+07
  963.981731 -2.008811e+07
  963.843029 -1.985585e+07
  963.704326 -1.962009e+07
  963.565624 -1.938138e+07
  963.426922 -1.914044e+07
  963.288219 -1.889811e+07
  963.149517 -1.865540e+07
  963.010814 -1.841339e+07
  962.872112 -1.817332e+07
  962.733410 -1.793648e+07
  962.594707 -1.770425e+07
  962.456005 -1.747801e+07
  962.317302 -1.725919e+07
  962.178600 -1.704922e+07
  962.039898 -1.684946e+07
  961.901195 -1.666127e+07
  961.762493 -1.648587e+07
  961.623790 -1.632444e+07
  961.485088 -1.617801e+07
  961.346385 -1.604747e+07
  961.207683 -1.593362e+07
  961.068981 -1.583702e+07
  960.930278 -1.575814e+07
  960.791576 -1.569722e+07
  960.652873 -1.565436e+07
  960.514171 -1.562948e+07
  960.375469 -1.562234e+07
  960.236766 -1.563248e+07
  960.098064 -1.565936e+07
  959.959361 -1.570224e+07
  959.820659 -1.576027e+07
  959.681957 -1.583249e+07
  959.543254 -1.591781e+07
  959.404552 -1.601506e+07
  959.265849 -1.612303e+07
  959.127147 -1.624042e+07
  958.988445 -1.636594e+07
  958.849742 -1.649825e+07
  958.711040 -1.663601e+07
  958.572337 -1.677797e+07
  958.433635 -1.692284e+07
  958.294933 -1.706945e+07
  958.156230 -1.721670e+07
  958.017528 -1.736354e+07
  957.878825 -1.750907e+07
  957.740123 -1.765250e+07
  957.601420 -1.779314e+07
  957.462718 -1.793046e+07
  957.324016 -1.806403e+07
  957.185313 -1.819358e+07
  957.046611 -1.831897e+07
  956.907908 -1.844018e+07
  956.769206 -1.855729e+07
  956.630504 -1.867054e+07
  956.491801 -1.878022e+07
  956.353099 -1.888676e+07
  956.214396 -1.899059e+07
  956.075694 -1.909226e+07
  955.936992 -1.919234e+07
  955.798289 -1.929144e+07
  955.659587 -1.939018e+07
  955.520884 -1.948921e+07
  955.382182 -1.958913e+07
  955.243480 -1.969056e+07
  955.104777 -1.979407e+07
  954.966075 -1.990023e+07
  954.827372 -2.000953e+07
  954.688670 -2.012242e+07
  954.549968 -2.023931e+07
  954.411265 -2.036053e+07
  954.272563 -2.048633e+07
  954.133860 -2.061690e+07
  953.995158 -2.075237e+07
  953.856455 -2.089273e+07
  953.717753 -2.103793e+07
  953.579051 -2.118779e+07
  953.440348 -2.134202e+07
  953.301646 -2.150028e+07
  953.162943 -2.166206e+07
  953.024241 -2.182678e+07
  952.885539 -2.199375e+07
  952.746836 -2.216216e+07
  952.608134 -2.233113e+07
  952.469431 -2.249968e+07
  952.330729 -2.266675e+07
  952.192027 -2.283124e+07
  952.053324 -2.299198e+07
  951.914622 -2.314779e+07
  951.775919 -2.329746e+07
  951.637217 -2.343977e+07
  951.498515 -2.357356e+07
  951.359812 -2.369769e+07
  951.221110 -2.381105e+07
  951.082407 -2.391260e+07
  950.943705 -2.400138e+07
  950.805003 -2.407653e+07
  950.666300 -2.413722e+07
  950.527598 -2.418274e+07
  950.388895 -2.421246e+07
  950.250193 -2.422582e+07
  950.111490 -2.422234e+07
  949.972788 -2.420161e+07
  949.834086 -2.416329e+07
  949.695383 -2.410709e+07
  949.556681 -2.403275e+07
  949.417978 -2.394007e+07
  949.279276 -2.382891e+07
  949.140574 -2.369910e+07
  949.001871 -2.355051e+07
  948.863169 -2.338308e+07
  948.724466 -2.319669e+07
  948.585764 -2.299126e+07
  948.447062 -2.276676e+07
  948.308359 -2.252312e+07
  948.169657 -2.226030e+07
  948.030954 -2.197829e+07
  947.892252 -2.167711e+07
  947.753550 -2.135678e+07
  947.614847 -2.101738e+07
  947.476145 -2.065899e+07
  947.337442 -2.028181e+07
  947.198740 -1.988602e+07
  947.060038 -1.947190e+07
  946.921335 -1.903982e+07
  946.782633 -1.859016e+07
  946.643930 -1.812346e+07
  946.505228 -1.764030e+07
  946.366525 -1.714137e+07
  946.227823 -1.662744e+07
  946.089121 -1.609938e+07
  945.950418 -1.555813e+07
  945.811716 -1.500471e+07
  945.673013 -1.444023e+07
  945.534311 -1.386583e+07
  945.395609 -1.328272e+07
  945.256906 -1.269211e+07
  945.118204 -1.209522e+07
  944.979501 -1.149327e+07
  944.840799 -1.088745e+07
  944.702097 -1.027890e+07
  944.563394 -9.668648e+06
  944.424692 -9.057728e+06
  944.285989 -8.447016e+06
  944.147287 -7.837304e+06
  944.008585 -7.229288e+06
  943.869882 -6.623552e+06
  943.731180 -6.020584e+06
  943.592477 -5.420776e+06
  943.453775 -4.824456e+06
  943.315073 -4.231904e+06
  943.176370 -3.643328e+06
  943.037668 -3.058952e+06
  942.898965 -2.478968e+06
  942.760263 -1.903632e+06
  942.621560 -1.333216e+06
  942.482858 -7.680480e+05
  942.344156 -2.085440e+05
  942.205453 3.448080e+05
  942.066751 8.914720e+05
  941.928048 1.430800e+06
  941.789346 1.962112e+06
  941.650644 2.484632e+06
  941.511941 2.997576e+06
  941.373239 3.500168e+06
  941.234536 3.991616e+06
  941.095834 4.471168e+06
  940.957132 4.938144e+06
  940.818429 5.391952e+06
  940.679727 5.832112e+06
  940.541024 6.258232e+06
  940.402322 6.670128e+06
  940.263620 7.067720e+06
  940.124917 7.451104e+06
  939.986215 7.820528e+06
  939.847512 8.176392e+06
  939.708810 8.519248e+06
  939.570108 8.849768e+06
  939.431405 9.168752e+06
  939.292703 9.477072e+06
  939.154000 9.775696e+06
  939.015298 1.006562e+07
  938.876595 1.034790e+07
  938.737893 1.062360e+07
  938.599191 1.089374e+07
  938.460488 1.115937e+07
  938.321786 1.142145e+07
  938.183083 1.168095e+07
  938.044381 1.193874e+07
  937.905679 1.219569e+07
  937.766976 1.245255e+07
  937.628274 1.271008e+07
  937.489571 1.296894e+07
  937.350869 1.322978e+07
  937.212167 1.349318e+07
  937.073464 1.375974e+07
  936.934762 1.403000e+07
  936.796059 1.430450e+07
  936.657357 1.458378e+07
  936.518655 1.486834e+07
  936.379952 1.515868e+07
  936.241250 1.545527e+07
  936.102547 1.575858e+07
  935.963845 1.606902e+07
  935.825143 1.638697e+07
  935.686440 1.671271e+07
  935.547738 1.704645e+07
  935.409035 1.738828e+07
  935.270333 1.773819e+07
  935.131630 1.809600e+07
  934.992928 1.846138e+07
  934.854226 1.883382e+07
  934.715523 1.921259e+07
  934.576821 1.959684e+07
  934.438118 1.998546e+07
  934.299416 2.037718e+07
  934.160714 2.077057e+07
  934.022011 2.116400e+07
  933.883309 2.155570e+07
  933.744606 2.194381e+07
  933.605904 2.232637e+07
  933.467202 2.270136e+07
  933.328499 2.306674e+07
  933.189797 2.342046e+07
  933.051094 2.376054e+07
  932.912392 2.408508e+07
  932.773690 2.439228e+07
  932.634987 2.468049e+07
  932.496285 2.494822e+07
  932.357582 2.519417e+07
  932.218880 2.541724e+07
  932.080178 2.561656e+07
  931.941475 2.579147e+07
  931.802773 2.594155e+07
  931.664070 2.606659e+07
  931.525368 2.616661e+07
  931.386665 2.624179e+07
  931.247963 2.629258e+07
  931.109261 2.631947e+07
  930.970558 2.632320e+07
  930.831856 2.630456e+07
  930.693153 2.626444e+07
  930.554451 2.620382e+07
  930.415749 2.612364e+07
  930.277046 2.602491e+07
  930.138344 2.590858e+07
  929.999641 2.577561e+07
  929.860939 2.562682e+07
  929.722237 2.546302e+07
  929.583534 2.528493e+07
  929.444832 2.509313e+07
  929.306129 2.488815e+07
  929.167427 2.467045e+07
  929.028725 2.444032e+07
  928.890022 2.419806e+07
  928.751320 2.394383e+07
  928.612617 2.367780e+07
  928.473915 2.340005e+07
  928.335213 2.311064e+07
  928.196510 2.280962e+07
  928.057808 2.249705e+07
  927.919105 2.217296e+07
  927.780403 2.183742e+07
  927.641700 2.149054e+07
  927.502998 2.113241e+07
  927.364296 2.076318e+07
  927.225593 2.038306e+07
  927.086891 1.999224e+07
  926.948188 1.959098e+07
  926.809486 1.917958e+07
  926.670784 1.875835e+07
  926.532081 1.832764e+07
  926.393379 1.788786e+07
  926.254676 1.743941e+07
  926.115974 1.698275e+07
  925.977272 1.651842e+07
  925.838569 1.604691e+07
  925.699867 1.556883e+07
  925.561164 1.508480e+07
  925.422462 1.459548e+07
  925.283760 1.410158e+07
  925.145057 1.360388e+07
  925.006355 1.310315e+07
  924.867652 1.260024e+07
  924.728950 1.209601e+07
  924.590248 1.159135e+07
  924.451545 1.108718e+07
  924.312843 1.058446e+07
  924.174140 1.008411e+07
  924.035438 9.587096e+06
  923.896735 9.094352e+06
  923.758033 8.606848e+06
  923.619331 8.125528e+06
  923.480628 7.651344e+06
  923.341926 7.185216e+06
  923.203223 6.728096e+06
  923.064521 6.280920e+06
  922.925819 5.844608e+06
  922.787116 5.420120e+06
  922.648414 5.008392e+06
  922.509711 4.610392e+06
  922.371009 4.227120e+06
  922.232307 3.859536e+06
  922.093604 3.508656e+06
  921.954902 3.175512e+06
  921.816199 2.861064e+06
  921.677497 2.566360e+06
  921.538795 2.292368e+06
  921.400092 2.040016e+06
  921.261390 1.810224e+06
  921.122687 1.603832e+06
  920.983985 1.421592e+06
  920.845283 1.264184e+06
  920.706580 1.132168e+06
  920.567878 1.026016e+06
  920.429175 9.460160e+05
  920.290473 8.923840e+05
  920.151770 8.651600e+05
  920.013068 8.642640e+05
  919.874366 8.895040e+05
  919.735663 9.405120e+05
  919.596961 1.016816e+06
  919.458258 1.117848e+06
  919.319556 1.242936e+06
  919.180854 1.391328e+06
  919.042151 1.562184e+06
  918.903449 1.754640e+06
  918.764746 1.967776e+06
  918.626044 2.200680e+06
  918.487342 2.452392e+06
  918.348639 2.722016e+06
  918.209937 3.008640e+06
  918.071234 3.311408e+06
  917.932532 3.629488e+06
  917.793830 3.962096e+06
  917.655127 4.308536e+06
  917.516425 4.668136e+06
  917.377722 5.040272e+06
  917.239020 5.424392e+06
  917.100318 5.819992e+06
  916.961615 6.226640e+06
  916.822913 6.643896e+06
  916.684210 7.071400e+06
  916.545508 7.508816e+06
  916.406805 7.955808e+06
  916.268103 8.412112e+06
  916.129401 8.877424e+06
  915.990698 9.351488e+06
  915.851996 9.834024e+06
  915.713293 1.032478e+07
  915.574591 1.082344e+07
  915.435889 1.132975e+07
  915.297186 1.184341e+07
  915.158484 1.236408e+07
  915.019781 1.289142e+07
  914.881079 1.342507e+07
  914.742377 1.396463e+07
  914.603674 1.450967e+07
  914.464972 1.505971e+07
  914.326269 1.561428e+07
  914.187567 1.617282e+07
  914.048865 1.673473e+07
  913.910162 1.729938e+07
  913.771460 1.786608e+07
  913.632757 1.843407e+07
  913.494055 1.900255e+07
  913.355353 1.957066e+07
  913.216650 2.013745e+07
  913.077948 2.070194e+07
  912.939245 2.126309e+07
  912.800543 2.181977e+07
  912.661840 2.237082e+07
  912.523138 2.291503e+07
  912.384436 2.345116e+07
  912.245733 2.397794e+07
  912.107031 2.449406e+07
  911.968328 2.499823e+07
  911.829626 2.548913e+07
  911.690924 2.596552e+07
  911.552221 2.642618e+07
  911.413519 2.686993e+07
  911.274816 2.729569e+07
  911.136114 2.770246e+07
  910.997412 2.808938e+07
  910.858709 2.845567e+07
  910.720007 2.880074e+07
  910.581304 2.912414e+07
  910.442602 2.942555e+07
  910.303900 2.970490e+07
  910.165197 2.996222e+07
  910.026495 3.019775e+07
  909.887792 3.041193e+07
  909.749090 3.060531e+07
  909.610388 3.077866e+07
  909.471685 3.093287e+07
  909.332983 3.106896e+07
  909.194280 3.118804e+07
  909.055578 3.129138e+07
  908.916875 3.138022e+07
  908.778173 3.145591e+07
  908.639471 3.151980e+07
  908.500768 3.157319e+07
  908.362066 3.161736e+07
  908.223363 3.165354e+07
  908.084661 3.168282e+07
  907.945959 3.170621e+07
  907.807256 3.172453e+07
  907.668554 3.173850e+07
  907.529851 3.174865e+07
  907.391149 3.175528e+07
  907.252447 3.175855e+07
  907.113744 3.175844e+07
  906.975042 3.175470e+07
  906.836339 3.174693e+07
  906.697637 3.173457e+07
  906.558935 3.171693e+07
  906.420232 3.169314e+07
  906.281530 3.166230e+07
  906.142827 3.162341e+07
  906.004125 3.157542e+07
  905.865423 3.151731e+07
  905.726720 3.144803e+07
  905.588018 3.136662e+07
  905.449315 3.127218e+07
  905.310613 3.116391e+07
  905.171910 3.104115e+07
  905.033208 3.090337e+07
  904.894506 3.075018e+07
  904.755803 3.058138e+07
  904.617101 3.039690e+07
  904.478398 3.019682e+07
  904.339696 2.998142e+07
  904.200994 2.975108e+07
  904.062291 2.950630e+07
  903.923589 2.924771e+07
  903.784886 2.897601e+07
  903.646184 2.869194e+07
  903.507482 2.839635e+07
  903.368779 2.809006e+07
  903.230077 2.777386e+07
  903.091374 2.744860e+07
  902.952672 2.711505e+07
  902.813970 2.677396e+07
  902.675267 2.642598e+07
  902.536565 2.607174e+07
  902.397862 2.571180e+07
  902.259160 2.534662e+07
  902.120458 2.497662e+07
  901.981755 2.460214e+07
  901.843053 2.422347e+07
  901.704350 2.384082e+07
  901.565648 2.345438e+07
  901.426945 2.306426e+07
  901.288243 2.267059e+07
  901.149541 2.227343e+07
  901.010838 2.187280e+07
  900.872136 2.146878e+07
  900.733433 2.106137e+07
  900.594731 2.065062e+07
  900.456029 2.023655e+07
  900.317326 1.981926e+07
  900.178624 1.939878e+07
  900.039921 1.897526e+07
  899.901219 1.854881e+07
  899.762517 1.811964e+07
  899.623814 1.768794e+07
  899.485112 1.725402e+07
  899.346409 1.681817e+07
  899.207707 1.638079e+07
  899.069005 1.594234e+07
  898.930302 1.550330e+07
  898.791600 1.506424e+07
  898.652897 1.462578e+07
  898.514195 1.418862e+07
  898.375493 1.375350e+07
  898.236790 1.332126e+07
  898.098088 1.289275e+07
  897.959385 1.246890e+07
  897.820683 1.205071e+07
  897.681980 1.163918e+07
  897.543278 1.123543e+07
  897.404576 1.084058e+07
  897.265873 1.045574e+07
  897.127171 1.008215e+07
  896.988468 9.721008e+06
  896.849766 9.373528e+06
  896.711064 9.040952e+06
  896.572361 8.724488e+06
  896.433659 8.425368e+06
  896.294956 8.144752e+06
  896.156254 7.883768e+06
  896.017552 7.643488e+06
  895.878849 7.424912e+06
  895.740147 7.228912e+06
  895.601444 7.056304e+06
  895.462742 6.907712e+06
  895.324040 6.783672e+06
  895.185337 6.684536e+06
  895.046635 6.610488e+06
  894.907932 6.561528e+06
  894.769230 6.537480e+06
  894.630528 6.537960e+06
  894.491825 6.562384e+06
  894.353123 6.610000e+06
  894.214420 6.679816e+06
  894.075718 6.770688e+06
  893.937016 6.881280e+06
  893.798313 7.010104e+06
  893.659611 7.155504e+06
  893.520908 7.315680e+06
  893.382206 7.488752e+06
  893.243503 7.672720e+06
  893.104801 7.865504e+06
  892.966099 8.065000e+06
  892.827396 8.269088e+06
  892.688694 8.475608e+06
  892.549991 8.682480e+06
  892.411289 8.887632e+06
  892.272587 9.089136e+06
  892.133884 9.285104e+06
  891.995182 9.473840e+06
  891.856479 9.653736e+06
  891.717777 9.823384e+06
  891.579075 9.981576e+06
  891.440372 1.012726e+07
  891.301670 1.025961e+07
  891.162967 1.037797e+07
  891.024265 1.048194e+07
  890.885563 1.057128e+07
  890.746860 1.064595e+07
  890.608158 1.070610e+07
  890.469455 1.075202e+07
  890.330753 1.078415e+07
  890.192051 1.080311e+07
  890.053348 1.080954e+07
  889.914646 1.080426e+07
  889.775943 1.078806e+07
  889.637241 1.076186e+07
  889.498538 1.072656e+07
  889.359836 1.068306e+07
  889.221134 1.063222e+07
  889.082431 1.057494e+07
  888.943729 1.051198e+07
  888.805026 1.044413e+07
  888.666324 1.037202e+07
  888.527622 1.029623e+07
  888.388919 1.021727e+07
  888.250217 1.013552e+07
  888.111514 1.005128e+07
  887.972812 9.964752e+06
  887.834110 9.876040e+06
  887.695407 9.785128e+06
  887.556705 9.691968e+06
  887.418002 9.596368e+06
  887.279300 9.498104e+06
  887.140598 9.396856e+06
  887.001895 9.292232e+06
  886.863193 9.183832e+06
  886.724490 9.071128e+06
  886.585788 8.953616e+06
  886.447086 8.830696e+06
  886.308383 8.701800e+06
  886.169681 8.566256e+06
  886.030978 8.423440e+06
  885.892276 8.272680e+06
  885.753573 8.113288e+06
  885.614871 7.944592e+06
  885.476169 7.765944e+06
  885.337466 7.576720e+06
  885.198764 7.376336e+06
  885.060061 7.164248e+06
  884.921359 6.940024e+06
  884.782657 6.703312e+06
  884.643954 6.453848e+06
  884.505252 6.191536e+06
  884.366549 5.916424e+06
  884.227847 5.628728e+06
  884.089145 5.328824e+06
  883.950442 5.017296e+06
  883.811740 4.694920e+06
  883.673037 4.362656e+06
  883.534335 4.021672e+06
  883.395633 3.673312e+06
  883.256930 3.319088e+06
  883.118228 2.960680e+06
  882.979525 2.599880e+06
  882.840823 2.238584e+06
  882.702121 1.878800e+06
  882.563418 1.522544e+06
  882.424716 1.171864e+06
  882.286013 8.288080e+05
  882.147311 4.953280e+05
  882.008608 1.733680e+05
  881.869906 -1.352800e+05
  881.731204 -4.289600e+05
  881.592501 -7.061280e+05
  881.453799 -9.654720e+05
  881.315096 -1.205816e+06
  881.176394 -1.426216e+06
  881.037692 -1.625944e+06
  880.898989 -1.804496e+06
  880.760287 -1.961560e+06
  880.621584 -2.097080e+06
  880.482882 -2.211200e+06
  880.344180 -2.304264e+06
  880.205477 -2.376824e+06
  880.066775 -2.429600e+06
  879.928072 -2.463456e+06
  879.789370 -2.479448e+06
  879.650668 -2.478688e+06
  879.511965 -2.462408e+06
  879.373263 -2.431872e+06
  879.234560 -2.388448e+06
  879.095858 -2.333464e+06
  878.957156 -2.268288e+06
  878.818453 -2.194232e+06
  878.679751 -2.112592e+06
  878.541048 -2.024616e+06
  878.402346 -1.931472e+06
  878.263643 -1.834288e+06
  878.124941 -1.734128e+06
  877.986239 -1.631960e+06
  877.847536 -1.528728e+06
  877.708834 -1.425304e+06
  877.570131 -1.322496e+06
  877.431429 -1.221080e+06
  877.292727 -1.121776e+06
  877.154024 -1.025328e+06
  877.015322 -9.323680e+05
  876.876619 -8.435760e+05
  876.737917 -7.595920e+05
  876.599215 -6.810480e+05
  876.460512 -6.085840e+05
  876.321810 -5.427920e+05
  876.183107 -4.843120e+05
  876.044405 -4.337760e+05
  875.905703 -3.917920e+05
  875.767000 -3.590240e+05
  875.628298 -3.361200e+05
  875.489595 -3.237360e+05
  875.350893 -3.225680e+05
  875.212191 -3.333440e+05
  875.073488 -3.567760e+05
  874.934786 -3.936160e+05
  874.796083 -4.446400e+05
  874.657381 -5.106560e+05
  874.518678 -5.924320e+05
  874.379976 -6.907840e+05
  874.241274 -8.065040e+05
  874.102571 -9.403840e+05
  873.963869 -1.093136e+06
  873.825166 -1.265488e+06
  873.686464 -1.458072e+06
  873.547762 -1.671456e+06
  873.409059 -1.906120e+06
  873.270357 -2.162424e+06
  873.131654 -2.440632e+06
  872.992952 -2.740872e+06
  872.854250 -3.063120e+06
  872.715547 -3.407240e+06
  872.576845 -3.772904e+06
  872.438142 -4.159688e+06
  872.299440 -4.566976e+06
  872.160738 -4.994032e+06
  872.022035 -5.439992e+06
  871.883333 -5.903864e+06
  871.744630 -6.384536e+06
  871.605928 -6.880840e+06
  871.467226 -7.391488e+06
  871.328523 -7.915144e+06
  871.189821 -8.450424e+06
  871.051118 -8.995936e+06
  870.912416 -9.550232e+06
  870.773713 -1.011191e+07
  870.635011 -1.067956e+07
  870.496309 -1.125174e+07
  870.357606 -1.182714e+07
  870.218904 -1.240442e+07
  870.080201 -1.298226e+07
  869.941499 -1.355947e+07
  869.802797 -1.413483e+07
  869.664094 -1.470719e+07
  869.525392 -1.527547e+07
  869.386689 -1.583860e+07
  869.247987 -1.639561e+07
  869.109285 -1.694550e+07
  868.970582 -1.748741e+07
  868.831880 -1.802046e+07
  868.693177 -1.854384e+07
  868.554475 -1.905680e+07
  868.415773 -1.955866e+07
  868.277070 -2.004873e+07
  868.138368 -2.052643e+07
  867.999665 -2.099126e+07
  867.860963 -2.144271e+07
  867.722261 -2.188040e+07
  867.583558 -2.230396e+07
  867.444856 -2.271310e+07
  867.306153 -2.310762e+07
  867.167451 -2.348728e+07
  867.028748 -2.385198e+07
  866.890046 -2.420162e+07
  866.751344 -2.453617e+07
  866.612641 -2.485560e+07
  866.473939 -2.515994e+07
  866.335236 -2.544926e+07
  866.196534 -2.572361e+07
  866.057832 -2.598313e+07
  865.919129 -2.622792e+07
  865.780427 -2.645821e+07
  865.641724 -2.667416e+07
  865.503022 -2.687603e+07
  865.364320 -2.706411e+07
  865.225617 -2.723870e+07
  865.086915 -2.740022e+07
  864.948212 -2.754904e+07
  864.809510 -2.768566e+07
  864.670808 -2.781061e+07
  864.532105 -2.792443e+07
  864.393403 -2.802774e+07
  864.254700 -2.812122e+07
  864.115998 -2.820551e+07
  863.977296 -2.828136e+07
  863.838593 -2.834950e+07
  863.699891 -2.841066e+07
  863.561188 -2.846559e+07
  863.422486 -2.851505e+07
  863.283783 -2.855971e+07
  863.145081 -2.860029e+07
  863.006379 -2.863740e+07
  862.867676 -2.867162e+07
  862.728974 -2.870346e+07
  862.590271 -2.873333e+07
  862.451569 -2.876156e+07
  862.312867 -2.878839e+07
  862.174164 -2.881390e+07
  862.035462 -2.883810e+07
  861.896759 -2.886085e+07
  861.758057 -2.888184e+07
  861.619355 -2.890068e+07
  861.480652 -2.891684e+07
  861.341950 -2.892966e+07
  861.203247 -2.893835e+07
  861.064545 -2.894202e+07
  860.925843 -2.893973e+07
  860.787140 -2.893042e+07
  860.648438 -2.891299e+07
  860.509735 -2.888635e+07
  860.371033 -2.884934e+07
  860.232331 -2.880089e+07
  860.093628 -2.873990e+07
  859.954926 -2.866540e+07
  859.816223 -2.857646e+07
  859.677521 -2.847225e+07
  859.538818 -2.835206e+07
  859.400116 -2.821534e+07
  859.261414 -2.806158e+07
  859.122711 -2.789050e+07
  858.984009 -2.770190e+07
  858.845306 -2.749571e+07
  858.706604 -2.727198e+07
  858.567902 -2.703088e+07
  858.429199 -2.677266e+07
  858.290497 -2.649764e+07
  858.151794 -2.620623e+07
  858.013092 -2.589887e+07
  857.874390 -2.557602e+07
  857.735687 -2.523818e+07
  857.596985 -2.488582e+07
  857.458282 -2.451942e+07
  857.319580 -2.413940e+07
  857.180878 -2.374623e+07
  857.042175 -2.334029e+07
  856.903473 -2.292192e+07
  856.764770 -2.249146e+07
  856.626068 -2.204920e+07
  856.487366 -2.159543e+07
  856.348663 -2.113043e+07
  856.209961 -2.065448e+07
  856.071258 -2.016787e+07
  855.932556 -1.967091e+07
  855.793853 -1.916398e+07
  855.655151 -1.864748e+07
  855.516449 -1.812191e+07
  855.377746 -1.758783e+07
  855.239044 -1.704588e+07
  855.100341 -1.649683e+07
  854.961639 -1.594151e+07
  854.822937 -1.538088e+07
  854.684234 -1.481602e+07
  854.545532 -1.424810e+07
  854.406829 -1.367838e+07
  854.268127 -1.310826e+07
  854.129425 -1.253922e+07
  853.990722 -1.197281e+07
  853.852020 -1.141068e+07
  853.713317 -1.085453e+07
  853.574615 -1.030607e+07
  853.435913 -9.767088e+06
  853.297210 -9.239344e+06
  853.158508 -8.724568e+06
  853.019805 -8.224456e+06
  852.881103 -7.740640e+06
  852.742401 -7.274656e+06
  852.603698 -6.827896e+06
  852.464996 -6.401648e+06
  852.326293 -5.996992e+06
  852.187591 -5.614880e+06
  852.048888 -5.256000e+06
  851.910186 -4.920896e+06
  851.771484 -4.609856e+06
  851.632781 -4.322944e+06
  851.494079 -4.060032e+06
  851.355376 -3.820776e+06
  851.216674 -3.604648e+06
  851.077972 -3.410904e+06
  850.939269 -3.238688e+06
  850.800567 -3.086952e+06
  850.661864 -2.954576e+06
  850.523162 -2.840344e+06
  850.384460 -2.742952e+06
  850.245757 -2.661112e+06
  850.107055 -2.593496e+06
  849.968352 -2.538800e+06
  849.829650 -2.495720e+06
  849.690948 -2.463080e+06
  849.552245 -2.439728e+06
  849.413543 -2.424600e+06
  849.274840 -2.416760e+06
  849.136138 -2.415344e+06
  848.997436 -2.419616e+06
  848.858733 -2.428968e+06
  848.720031 -2.442864e+06
  848.581328 -2.460920e+06
  848.442626 -2.482824e+06
  848.303923 -2.508384e+06
  848.165221 -2.537512e+06
  848.026519 -2.570176e+06
  847.887816 -2.606464e+06
  847.749114 -2.646496e+06
  847.610411 -2.690472e+06
  847.471709 -2.738664e+06
  847.333007 -2.791352e+06
  847.194304 -2.848896e+06
  847.055602 -2.911688e+06
  846.916899 -2.980128e+06
  846.778197 -3.054664e+06
  846.639495 -3.135744e+06
  846.500792 -3.223824e+06
  846.362090 -3.319376e+06
  846.223387 -3.422872e+06
  846.084685 -3.534752e+06
  845.945983 -3.655424e+06
  845.807280 -3.785288e+06
  845.668578 -3.924672e+06
  845.529875 -4.073848e+06
  845.391173 -4.233000e+06
  845.252471 -4.402256e+06
  845.113768 -4.581600e+06
  844.975066 -4.770952e+06
  844.836363 -4.970064e+06
  844.697661 -5.178584e+06
  844.558958 -5.396032e+06
  844.420256 -5.621800e+06
  844.281554 -5.855144e+06
  844.142851 -6.095192e+06
  844.004149 -6.340960e+06
  843.865446 -6.591368e+06
  843.726744 -6.845240e+06
  843.588042 -7.101280e+06
  843.449339 -7.358184e+06
  843.310637 -7.614536e+06
  843.171934 -7.868928e+06
  843.033232 -8.119888e+06
  842.894530 -8.365944e+06
  842.755827 -8.605624e+06
  842.617125 -8.837472e+06
  842.478422 -9.060032e+06
  842.339720 -9.271920e+06
  842.201018 -9.471760e+06
  842.062315 -9.658256e+06
  841.923613 -9.830168e+06
  841.784910 -9.986336e+06
  841.646208 -1.012570e+07
  841.507506 -1.024726e+07
  841.368803 -1.035018e+07
  841.230101 -1.043367e+07
  841.091398 -1.049710e+07
  840.952696 -1.053996e+07
  840.813993 -1.056184e+07
  840.675291 -1.056250e+07
  840.536589 -1.054180e+07
  840.397886 -1.049974e+07
  840.259184 -1.043644e+07
  840.120481 -1.035212e+07
  839.981779 -1.024713e+07
  839.843077 -1.012192e+07
  839.704374 -9.977048e+06
  839.565672 -9.813128e+06
  839.426969 -9.630864e+06
  839.288267 -9.431024e+06
  839.149565 -9.214416e+06
  839.010862 -8.981920e+06
  838.872160 -8.734400e+06
  838.733457 -8.472816e+06
  838.594755 -8.198072e+06
  838.456053 -7.911120e+06
  838.317350 -7.612920e+06
  838.178648 -7.304392e+06
  838.039945 -6.986456e+06
  837.901243 -6.660048e+06
  837.762541 -6.326048e+06
  837.623838 -5.985336e+06
  837.485136 -5.638760e+06
  837.346433 -5.287176e+06
  837.207731 -4.931400e+06
  837.069028 -4.572232e+06
  836.930326 -4.210520e+06
  836.791624 -3.847088e+06
  836.652921 -3.482760e+06
  836.514219 -3.118416e+06
  836.375516 -2.754992e+06
  836.236814 -2.393424e+06
  836.098112 -2.034784e+06
  835.959409 -1.680136e+06
  835.820707 -1.330680e+06
  835.682004 -9.876720e+05
  835.543302 -6.524320e+05
  835.404600 -3.264160e+05
  835.265897 -1.108800e+04
  835.127195 2.919920e+05
  834.988492 5.812160e+05
  834.849790 8.549600e+05
  834.711088 1.111560e+06
  834.572385 1.349400e+06
  834.433683 1.566856e+06
  834.294980 1.762368e+06
  834.156278 1.934448e+06
  834.017576 2.081720e+06
  833.878873 2.202904e+06
  833.740171 2.296864e+06
  833.601468 2.362624e+06
  833.462766 2.399360e+06
  833.324063 2.406440e+06
  833.185361 2.383416e+06
  833.046659 2.330040e+06
  832.907956 2.246232e+06
  832.769254 2.132160e+06
  832.630551 1.988136e+06
  832.491849 1.814664e+06
  832.353147 1.612456e+06
  832.214444 1.382368e+06
  832.075742 1.125416e+06
  831.937039 8.427360e+05
  831.798337 5.356480e+05
  831.659635 2.055520e+05
  831.520932 -1.460560e+05
  831.382230 -5.175840e+05
  831.243527 -9.073680e+05
  831.104825 -1.313680e+06
  830.966123 -1.734736e+06
  830.827420 -2.168696e+06
  830.688718 -2.613720e+06
  830.550015 -3.067904e+06
  830.411313 -3.529344e+06
  830.272611 -3.996096e+06
  830.133908 -4.466240e+06
  829.995206 -4.937824e+06
  829.856503 -5.408904e+06
  829.717801 -5.877536e+06
  829.579098 -6.341832e+06
  829.440396 -6.799880e+06
  829.301694 -7.249840e+06
  829.162991 -7.689912e+06
  829.024289 -8.118360e+06
  828.885586 -8.533544e+06
  828.746884 -8.933888e+06
  828.608182 -9.317968e+06
  828.469479 -9.684448e+06
  828.330777 -1.003214e+07
  828.192074 -1.036006e+07
  828.053372 -1.066730e+07
  827.914670 -1.095317e+07
  827.775967 -1.121718e+07
  827.637265 -1.145898e+07
  827.498562 -1.167841e+07
  827.359860 -1.187550e+07
  827.221158 -1.205046e+07
  827.082455 -1.220363e+07
  826.943753 -1.233556e+07
  826.805050 -1.244691e+07
  826.666348 -1.253850e+07
  826.527646 -1.261123e+07
  826.388943 -1.266618e+07
  826.250241 -1.270446e+07
  826.111538 -1.272729e+07
  825.972836 -1.273598e+07
  825.834133 -1.273186e+07
  825.695431 -1.271633e+07
  825.556729 -1.269082e+07
  825.418026 -1.265679e+07
  825.279324 -1.261570e+07
  825.140621 -1.256902e+07
  825.001919 -1.251823e+07
  824.863217 -1.246475e+07
  824.724514 -1.241002e+07
  824.585812 -1.235542e+07
  824.447109 -1.230226e+07
  824.308407 -1.225189e+07
  824.169705 -1.220546e+07
  824.031002 -1.216414e+07
  823.892300 -1.212901e+07
  823.753597 -1.210098e+07
  823.614895 -1.208093e+07
  823.476193 -1.206958e+07
  823.337490 -1.206753e+07
  823.198788 -1.207527e+07
  823.060085 -1.209314e+07
  822.921383 -1.212133e+07
  822.782681 -1.215988e+07
  822.643978 -1.220871e+07
  822.505276 -1.226759e+07
  822.366573 -1.233615e+07
  822.227871 -1.241388e+07
  822.089168 -1.250018e+07
  821.950466 -1.259433e+07
  821.811764 -1.269550e+07
  821.673061 -1.280281e+07
  821.534359 -1.291526e+07
  821.395656 -1.303188e+07
  821.256954 -1.315159e+07
  821.118252 -1.327332e+07
  820.979549 -1.339597e+07
  820.840847 -1.351847e+07
  820.702144 -1.363974e+07
  820.563442 -1.375870e+07
  820.424740 -1.387434e+07
  820.286037 -1.398567e+07
  820.147335 -1.409171e+07
  820.008632 -1.419156e+07
  819.869930 -1.428433e+07
  819.731228 -1.436918e+07
  819.592525 -1.444533e+07
  819.453823 -1.451201e+07
  819.315120 -1.456853e+07
  819.176418 -1.461420e+07
  819.037716 -1.464842e+07
  818.899013 -1.467059e+07
  818.760311 -1.468018e+07
  818.621608 -1.467665e+07
  818.482906 -1.465954e+07
  818.344203 -1.462845e+07
  818.205501 -1.458295e+07
  818.066799 -1.452270e+07
  817.928096 -1.444736e+07
  817.789394 -1.435666e+07
  817.650691 -1.425031e+07
  817.511989 -1.412810e+07
  817.373287 -1.398982e+07
  817.234584 -1.383528e+07
  817.095882 -1.366434e+07
  816.957179 -1.347683e+07
  816.818477 -1.327267e+07
  816.679775 -1.305179e+07
  816.541072 -1.281412e+07
  816.402370 -1.255965e+07
  816.263667 -1.228842e+07
  816.124965 -1.200049e+07
  815.986263 -1.169599e+07
  815.847560 -1.137515e+07
  815.708858 -1.103823e+07
  815.570155 -1.068562e+07
  815.431453 -1.031776e+07
  815.292751 -9.935240e+06
  815.154048 -9.538712e+06
  815.015346 -9.128984e+06
  814.876643 -8.706928e+06
  814.737941 -8.273568e+06
  814.599238 -7.829984e+06
  814.460536 -7.377400e+06
  814.321834 -6.917072e+06
  814.183131 -6.450328e+06
  814.044429 -5.978576e+06
  813.905726 -5.503224e+06
  813.767024 -5.025688e+06
  813.628322 -4.547408e+06
  813.489619 -4.069736e+06
  813.350917 -3.594032e+06
  813.212214 -3.121552e+06
  813.073512 -2.653488e+06
  812.934810 -2.190920e+06
  812.796107 -1.734824e+06
  812.657405 -1.286064e+06
  812.518702 -8.453680e+05
  812.380000 -4.133360e+05
  812.241298 9.536000e+03
  812.102595 4.229200e+05
  811.963893 8.265760e+05
  811.825190 1.220392e+06
  811.686488 1.604320e+06
  811.547786 1.978456e+06
  811.409083 2.342896e+06
  811.270381 2.697856e+06
  811.131678 3.043520e+06
  810.992976 3.380144e+06
  810.854273 3.707920e+06
  810.715571 4.027040e+06
  810.576869 4.337640e+06
  810.438166 4.639800e+06
  810.299464 4.933528e+06
  810.160761 5.218704e+06
  810.022059 5.495144e+06
  809.883357 5.762592e+06
  809.744654 6.020624e+06
  809.605952 6.268784e+06
  809.467249 6.506504e+06
  809.328547 6.733168e+06
  809.189845 6.948088e+06
  809.051142 7.150584e+06
  808.912440 7.339928e+06
  808.773737 7.515424e+06
  808.635035 7.676432e+06
  808.496333 7.822360e+06
  808.357630 7.952696e+06
  808.218928 8.067064e+06
  808.080225 8.165160e+06
  807.941523 8.246872e+06
  807.802821 8.312176e+06
  807.664118 8.361216e+06
  807.525416 8.394296e+06
  807.386713 8.411832e+06
  807.248011 8.414376e+06
  807.109308 8.402640e+06
  806.970606 8.377392e+06
  806.831904 8.339504e+06
  806.693201 8.289920e+06
  806.554499 8.229640e+06
  806.415796 8.159672e+06
  806.277094 8.081040e+06
  806.138392 7.994752e+06
  805.999689 7.901776e+06
  805.860987 7.803048e+06
  805.722284 7.699416e+06
  805.583582 7.591664e+06
  805.444880 7.480472e+06
  805.306177 7.366440e+06
  805.167475 7.250056e+06
  805.028772 7.131712e+06
  804.890070 7.011672e+06
  804.751368 6.890136e+06
  804.612665 6.767200e+06
  804.473963 6.642864e+06
  804.335260 6.517056e+06
  804.196558 6.389664e+06
  804.057856 6.260504e+06
  803.919153 6.129384e+06
  803.780451 5.996064e+06
  803.641748 5.860328e+06
  803.503046 5.721968e+06
  803.364343 5.580808e+06
  803.225641 5.436688e+06
  803.086939 5.289520e+06
  802.948236 5.139280e+06
  802.809534 4.985984e+06
  802.670831 4.829752e+06
  802.532129 4.670752e+06
  802.393427 4.509200e+06
  802.254724 4.345432e+06
  802.116022 4.179768e+06
  801.977319 4.012632e+06
  801.838617 3.844456e+06
  801.699915 3.675664e+06
  801.561212 3.506752e+06
  801.422510 3.338168e+06
  801.283807 3.170360e+06
  801.145105 3.003760e+06
  801.006403 2.838792e+06
  800.867700 2.675808e+06
  800.728998 2.515184e+06
  800.590295 2.357216e+06
  800.451593 2.202232e+06
  800.312891 2.050504e+06
  800.174188 1.902336e+06
  800.035486 1.757984e+06
  799.896783 1.617752e+06
  799.758081 1.481976e+06
  799.619378 1.350976e+06
  799.480676 1.225128e+06
  799.341974 1.104848e+06
  799.203271 9.905440e+05
  799.064569 8.827040e+05
  798.925866 7.818240e+05
  798.787164 6.884160e+05
  798.648462 6.029840e+05
  798.509759 5.260640e+05
  798.371057 4.581440e+05
  798.232354 3.997120e+05
  798.093652 3.512240e+05
  797.954950 3.130480e+05
  797.816247 2.855520e+05
  797.677545 2.689760e+05
  797.538842 2.635360e+05
  797.400140 2.693520e+05
  797.261438 2.864800e+05
  797.122735 3.148400e+05
  796.984033 3.543200e+05
  796.845330 4.047280e+05
  796.706628 4.657520e+05
  796.567926 5.370240e+05
  796.429223 6.180880e+05
  796.290521 7.084560e+05
  796.151818 8.075280e+05
  796.013116 9.146720e+05
  795.874413 1.029192e+06
  795.735711 1.150352e+06
  795.597009 1.277400e+06
  795.458306 1.409504e+06
  795.319604 1.545880e+06
  795.180901 1.685664e+06
  795.042199 1.828056e+06
  794.903497 1.972224e+06
  794.764794 2.117392e+06
  794.626092 2.262784e+06
  794.487389 2.407672e+06
  794.348687 2.551408e+06
  794.209985 2.693376e+06
  794.071282 2.833032e+06
  793.932580 2.969920e+06
  793.793877 3.103656e+06
  793.655175 3.233952e+06
  793.516473 3.360600e+06
  793.377770 3.483480e+06
  793.239068 3.602560e+06
  793.100365 3.717928e+06
  792.961663 3.829696e+06
  792.822961 3.938088e+06
  792.684258 4.043424e+06
  792.545556 4.146056e+06
  792.406853 4.246400e+06
  792.268151 4.344944e+06
  792.129448 4.442184e+06
  791.990746 4.538688e+06
  791.852044 4.635024e+06
  791.713341 4.731784e+06
  791.574639 4.829536e+06
  791.435936 4.928856e+06
  791.297234 5.030280e+06
  791.158532 5.134320e+06
  791.019829 5.241392e+06
  790.881127 5.351880e+06
  790.742424 5.466040e+06
  790.603722 5.584048e+06
  790.465020 5.705936e+06
  790.326317 5.831640e+06
  790.187615 5.960904e+06
  790.048912 6.093352e+06
  789.910210 6.228456e+06
  789.771508 6.365488e+06
  789.632805 6.503632e+06
  789.494103 6.641872e+06
  789.355400 6.779072e+06
  789.216698 6.913960e+06
  789.077996 7.045200e+06
  788.939293 7.171312e+06
  788.800591 7.290800e+06
  788.661888 7.402104e+06
  788.523186 7.503664e+06
  788.384483 7.593928e+06
  788.245781 7.671384e+06
  788.107079 7.734568e+06
  787.968376 7.782144e+06
  787.829674 7.812848e+06
  787.690971 7.825576e+06
  787.552269 7.819376e+06
  787.413567 7.793456e+06
  787.274864 7.747240e+06
  787.136162 7.680352e+06
  786.997459 7.592624e+06
  786.858757 7.484112e+06
  786.720055 7.355136e+06
  786.581352 7.206224e+06
  786.442650 7.038144e+06
  786.303947 6.851920e+06
  786.165245 6.648760e+06
  786.026543 6.430096e+06
  785.887840 6.197592e+06
  785.749138 5.953032e+06
  785.610435 5.698376e+06
  785.471733 5.435696e+06
  785.333031 5.167160e+06
  785.194328 4.894984e+06
  785.055626 4.621408e+06
  784.916923 4.348656e+06
  784.778221 4.078904e+06
  784.639518 3.814248e+06
  784.500816 3.556632e+06
  784.362114 3.307880e+06
  784.223411 3.069616e+06
  784.084709 2.843224e+06
  783.946006 2.629928e+06
  783.807304 2.430632e+06
  783.668602 2.245992e+06
  783.529899 2.076408e+06
  783.391197 1.921968e+06
  783.252494 1.782528e+06
  783.113792 1.657640e+06
  782.975090 1.546592e+06
  782.836387 1.448456e+06
  782.697685 1.362040e+06
  782.558982 1.285992e+06
  782.420280 1.218744e+06
  782.281578 1.158592e+06
  782.142875 1.103720e+06
  782.004173 1.052232e+06
  781.865470 1.002152e+06
  781.726768 9.515280e+05
  781.588066 8.983760e+05
  781.449363 8.407840e+05
  781.310661 7.769440e+05
  781.171958 7.051040e+05
  781.033256 6.236640e+05
  780.894553 5.312160e+05
  780.755851 4.264880e+05
  780.617149 3.084240e+05
  780.478446 1.761680e+05
  780.339744 2.910400e+04
  780.201041 -1.331840e+05
  780.062339 -3.109120e+05
  779.923637 -5.040320e+05
  779.784934 -7.123040e+05
  779.646232 -9.353120e+05
  779.507529 -1.172408e+06
  779.368827 -1.422824e+06
  779.230125 -1.685608e+06
  779.091422 -1.959704e+06
  778.952720 -2.243912e+06
  778.814017 -2.536952e+06
  778.675315 -2.837480e+06
  778.536613 -3.144064e+06
  778.397910 -3.455240e+06
  778.259208 -3.769488e+06
  778.120505 -4.085296e+06
  777.981803 -4.401096e+06
  777.843101 -4.715328e+06
  777.704398 -5.026416e+06
  777.565696 -5.332768e+06
  777.426993 -5.632816e+06
  777.288291 -5.924976e+06
  777.149588 -6.207648e+06
  777.010886 -6.479272e+06
  776.872184 -6.738304e+06
  776.733481 -6.983176e+06
  776.594779 -7.212416e+06
  776.456076 -7.424536e+06
  776.317374 -7.618136e+06
  776.178672 -7.791864e+06
  776.039969 -7.944480e+06
  775.901267 -8.074808e+06
  775.762564 -8.181816e+06
  775.623862 -8.264592e+06
  775.485160 -8.322384e+06
  775.346457 -8.354624e+06
  775.207755 -8.360896e+06
  775.069052 -8.340984e+06
  774.930350 -8.294880e+06
  774.791648 -8.222784e+06
  774.652945 -8.125104e+06
  774.514243 -8.002456e+06
  774.375540 -7.855664e+06
  774.236838 -7.685744e+06
  774.098136 -7.493880e+06
  773.959433 -7.281464e+06
  773.820731 -7.050008e+06
  773.682028 -6.801136e+06
  773.543326 -6.536632e+06
  773.404623 -6.258296e+06
  773.265921 -5.968016e+06
  773.127219 -5.667728e+06
  772.988516 -5.359304e+06
  772.849814 -5.044640e+06
  772.711111 -4.725568e+06
  772.572409 -4.403832e+06
  772.433707 -4.081064e+06
  772.295004 -3.758808e+06
  772.156302 -3.438440e+06
  772.017599 -3.121200e+06
  771.878897 -2.808160e+06
  771.740195 -2.500208e+06
  771.601492 -2.198056e+06
  771.462790 -1.902248e+06
  771.324087 -1.613128e+06
  771.185385 -1.330872e+06
  771.046683 -1.055472e+06
  770.907980 -7.867840e+05
  770.769278 -5.244800e+05
  770.630575 -2.681040e+05
  770.491873 -1.708800e+04
  770.353171 2.292400e+05
  770.214468 4.716560e+05
  770.075766 7.109680e+05
  769.937063 9.480640e+05
  769.798361 1.183808e+06
  769.659658 1.419112e+06
  769.520956 1.654856e+06
  769.382254 1.891864e+06
  769.243551 2.130944e+06
  769.104849 2.372816e+06
  768.966146 2.618120e+06
  768.827444 2.867432e+06
  768.688742 3.121256e+06
  768.550039 3.379968e+06
  768.411337 3.643856e+06
  768.272634 3.913160e+06
  768.133932 4.187992e+06
  767.995230 4.468416e+06
  767.856527 4.754432e+06
  767.717825 5.045968e+06
  767.579122 5.342928e+06
  767.440420 5.645168e+06
  767.301718 5.952520e+06
  767.163015 6.264808e+06
  767.024313 6.581856e+06
  766.885610 6.903464e+06
  766.746908 7.229488e+06
  766.608206 7.559752e+06
  766.469503 7.894096e+06
  766.330801 8.232392e+06
  766.192098 8.574504e+06
  766.053396 8.920304e+06
  765.914693 9.269656e+06
  765.775991 9.622424e+06
  765.637289 9.978448e+06
  765.498586 1.033754e+07
  765.359884 1.069950e+07
  765.221181 1.106404e+07
  765.082479 1.143088e+07
  764.943777 1.179962e+07
  764.805074 1.216985e+07
  764.666372 1.254106e+07
  764.527669 1.291269e+07
  764.388967 1.328409e+07
  764.250265 1.365454e+07
  764.111562 1.402324e+07
  763.972860 1.438932e+07
  763.834157 1.475186e+07
  763.695455 1.510982e+07
  763.556753 1.546217e+07
  763.418050 1.580777e+07
  763.279348 1.614543e+07
  763.140645 1.647399e+07
  763.001943 1.679218e+07
  762.863241 1.709876e+07
  762.724538 1.739245e+07
  762.585836 1.767198e+07
  762.447133 1.793610e+07
  762.308431 1.818358e+07
  762.169728 1.841322e+07
  762.031026 1.862383e+07
  761.892324 1.881433e+07
  761.753621 1.898366e+07
  761.614919 1.913082e+07
  761.476216 1.925490e+07
  761.337514 1.935510e+07
  761.198812 1.943063e+07
  761.060109 1.948086e+07
  760.921407 1.950519e+07
  760.782704 1.950316e+07
  760.644002 1.947436e+07
  760.505300 1.941847e+07
  760.366597 1.933529e+07
  760.227895 1.922463e+07
  760.089192 1.908645e+07
  759.950490 1.892073e+07
  759.811788 1.872751e+07
  759.673085 1.850694e+07
  759.534383 1.825921e+07
  759.395680 1.798454e+07
  759.256978 1.768323e+07
  759.118276 1.735564e+07
  758.979573 1.700218e+07
  758.840871 1.662333e+07
  758.702168 1.621959e+07
  758.563466 1.579158e+07
  758.424763 1.533992e+07
  758.286061 1.486533e+07
  758.147359 1.436858e+07
  758.008656 1.385050e+07
  757.869954 1.331198e+07
  757.731251 1.275398e+07
  757.592549 1.217750e+07
  757.453847 1.158361e+07
  757.315144 1.097338e+07
  757.176442 1.034798e+07
  757.037739 9.708584e+06
  756.899037 9.056384e+06
  756.760335 8.392616e+06
  756.621632 7.718496e+06
  756.482930 7.035288e+06
  756.344227 6.344200e+06
  756.205525 5.646488e+06
  756.066823 4.943344e+06
  755.928120 4.235976e+06
  755.789418 3.525544e+06
  755.650715 2.813176e+06
  755.512013 2.100000e+06
  755.373311 1.387056e+06
  755.234608 6.754160e+05
  755.095906 -3.393600e+04
  754.957203 -7.400160e+05
  754.818501 -1.441904e+06
  754.679799 -2.138648e+06
  754.541096 -2.829376e+06
  754.402394 -3.513176e+06
  754.263691 -4.189216e+06
  754.124989 -4.856624e+06
  753.986286 -5.514552e+06
  753.847584 -6.162152e+06
  753.708882 -6.798608e+06
  753.570179 -7.423080e+06
  753.431477 -8.034736e+06
  753.292774 -8.632752e+06
  753.154072 -9.216320e+06
  753.015370 -9.784632e+06
  752.876667 -1.033690e+07
  752.737965 -1.087234e+07
  752.599262 -1.139021e+07
  752.460560 -1.188974e+07
  752.321858 -1.237023e+07
  752.183155 -1.283099e+07
  752.044453 -1.327135e+07
  751.905750 -1.369066e+07
  751.767048 -1.408829e+07
  751.628346 -1.446368e+07
  751.489643 -1.481627e+07
  751.350941 -1.514557e+07
  751.212238 -1.545105e+07
  751.073536 -1.573230e+07
  750.934834 -1.598894e+07
  750.796131 -1.622060e+07
  750.657429 -1.642699e+07
  750.518726 -1.660786e+07
  750.380024 -1.676302e+07
  750.241321 -1.689235e+07
  750.102619 -1.699578e+07
  749.963917 -1.707330e+07
  749.825214 -1.712498e+07
  749.686512 -1.715091e+07
  749.547809 -1.715128e+07
  749.409107 -1.712633e+07
  749.270405 -1.707632e+07
  749.131702 -1.700158e+07
  748.993000 -1.690249e+07
  748.854297 -1.677943e+07
  748.715595 -1.663283e+07
  748.576893 -1.646314e+07
  748.438190 -1.627083e+07
  748.299488 -1.605639e+07
  748.160785 -1.582035e+07
  748.022083 -1.556324e+07
  747.883381 -1.528564e+07
  747.744678 -1.498815e+07
  747.605976 -1.467145e+07
  747.467273 -1.433625e+07
  747.328571 -1.398340e+07
  747.189869 -1.361378e+07
  747.051166 -1.322842e+07
  746.912464 -1.282847e+07
  746.773761 -1.241522e+07
  746.635059 -1.199011e+07
  746.496356 -1.155474e+07
  746.357654 -1.111086e+07
  746.218952 -1.066041e+07
  746.080249 -1.020546e+07
  745.941547 -9.748232e+06
  745.802844 -9.291056e+06
  745.664142 -8.836432e+06
  745.525440 -8.386872e+06
  745.386737 -7.944976e+06
  745.248035 -7.513384e+06
  745.109332 -7.094712e+06
  744.970630 -6.691536e+06
  744.831928 -6.306352e+06
  744.693225 -5.941568e+06
  744.554523 -5.599424e+06
  744.415820 -5.282016e+06
  744.277118 -4.991224e+06
  744.138416 -4.728712e+06
  743.999713 -4.495888e+06
  743.861011 -4.293904e+06
  743.722308 -4.123624e+06
  743.583606 -3.985616e+06
  743.444904 -3.880176e+06
  743.306201 -3.807264e+06
  743.167499 -3.766528e+06
  743.028796 -3.757368e+06
  742.890094 -3.778840e+06
  742.751391 -3.829736e+06
  742.612689 -3.908616e+06
  742.473987 -4.013744e+06
  742.335284 -4.143184e+06
  742.196582 -4.294816e+06
  742.057879 -4.466328e+06
  741.919177 -4.655288e+06
  741.780475 -4.859160e+06
  741.641772 -5.075312e+06
  741.503070 -5.301088e+06
  741.364367 -5.533848e+06
  741.225665 -5.770944e+06
  741.086963 -6.009808e+06
  740.948260 -6.247952e+06
  740.809558 -6.483016e+06
  740.670855 -6.712784e+06
  740.532153 -6.935160e+06
  740.393451 -7.148272e+06
  740.254748 -7.350424e+06
  740.116046 -7.540120e+06
  739.977343 -7.716080e+06
  739.838641 -7.877240e+06
  739.699939 -8.022760e+06
  739.561236 -8.152016e+06
  739.422534 -8.264616e+06
  739.283831 -8.360360e+06
  739.145129 -8.439280e+06
  739.006426 -8.501584e+06
  738.867724 -8.547688e+06
  738.729022 -8.578184e+06
  738.590319 -8.593800e+06
  738.451617 -8.595448e+06
  738.312914 -8.584144e+06
  738.174212 -8.560984e+06
  738.035510 -8.527184e+06
  737.896807 -8.484000e+06
  737.758105 -8.432704e+06
  737.619402 -8.374608e+06
  737.480700 -8.310936e+06
  737.341998 -8.242936e+06
  737.203295 -8.171728e+06
  737.064593 -8.098368e+06
  736.925890 -8.023768e+06
  736.787188 -7.948744e+06
  736.648486 -7.873928e+06
  736.509783 -7.799816e+06
  736.371081 -7.726744e+06
  736.232378 -7.654872e+06
  736.093676 -7.584224e+06
  735.954974 -7.514648e+06
  735.816271 -7.445880e+06
  735.677569 -7.377504e+06
  735.538866 -7.309024e+06
  735.400164 -7.239832e+06
  735.261461 -7.169296e+06
  735.122759 -7.096696e+06
  734.984057 -7.021344e+06
  734.845354 -6.942528e+06
  734.706652 -6.859576e+06
  734.567949 -6.771888e+06
  734.429247 -6.678904e+06
  734.290545 -6.580168e+06
  734.151842 -6.475328e+06
  734.013140 -6.364128e+06
  733.874437 -6.246424e+06
  733.735735 -6.122176e+06
  733.597033 -5.991472e+06
  733.458330 -5.854480e+06
  733.319628 -5.711464e+06
  733.180925 -5.562736e+06
  733.042223 -5.408664e+06
  732.903521 -5.249688e+06
  732.764818 -5.086192e+06
  732.626116 -4.918600e+06
  732.487413 -4.747288e+06
  732.348711 -4.572568e+06
  732.210009 -4.394720e+06
  732.071306 -4.213904e+06
  731.932604 -4.030240e+06
  731.793901 -3.843720e+06
  731.655199 -3.654248e+06
  731.516496 -3.461640e+06
  731.377794 -3.265616e+06
  731.239092 -3.065856e+06
  731.100389 -2.861944e+06
  730.961687 -2.653440e+06
  730.822984 -2.439864e+06
  730.684282 -2.220760e+06
  730.545580 -1.995664e+06
  730.406877 -1.764200e+06
  730.268175 -1.526040e+06
  730.129472 -1.280944e+06
  729.990770 -1.028832e+06
  729.852068 -7.697040e+05
  729.713365 -5.037760e+05
  729.574663 -2.313520e+05
  729.435960 4.700800e+04
  729.297258 3.306400e+05
  729.158556 6.186720e+05
  729.019853 9.100640e+05
  728.881151 1.203640e+06
  728.742448 1.498080e+06
  728.603746 1.791968e+06
  728.465044 2.083776e+06
  728.326341 2.371928e+06
  728.187639 2.654824e+06
  728.048936 2.930840e+06
  727.910234 3.198400e+06
  727.771531 3.455992e+06
  727.632829 3.702160e+06
  727.494127 3.935576e+06
  727.355424 4.155024e+06
  727.216722 4.359448e+06
  727.078019 4.547928e+06
  726.939317 4.719696e+06
  726.800615 4.874176e+06
  726.661912 5.010912e+06
  726.523210 5.129640e+06
  726.384507 5.230208e+06
  726.245805 5.312600e+06
  726.107103 5.376920e+06
  725.968400 5.423368e+06
  725.829698 5.452224e+06
  725.690995 5.463832e+06
  725.552293 5.458568e+06
  725.413591 5.436856e+06
  725.274888 5.399120e+06
  725.136186 5.345824e+06
  724.997483 5.277376e+06
  724.858781 5.194232e+06
  724.720079 5.096800e+06
  724.581376 4.985488e+06
  724.442674 4.860720e+06
  724.303971 4.722880e+06
  724.165269 4.572400e+06
  724.026566 4.409680e+06
  723.887864 4.235208e+06
  723.749162 4.049480e+06
  723.610459 3.853032e+06
  723.471757 3.646488e+06
  723.333054 3.430528e+06
  723.194352 3.205904e+06
  723.055650 2.973456e+06
  722.916947 2.734104e+06
  722.778245 2.488864e+06
  722.639542 2.238808e+06
  722.500840 1.985080e+06
  722.362138 1.728904e+06
  722.223435 1.471520e+06
  722.084733 1.214216e+06
  721.946030 9.583040e+05
  721.807328 7.050560e+05
  721.668626 4.557920e+05
  721.529923 2.117200e+05
  721.391221 -2.593600e+04
  721.252518 -2.560800e+05
  721.113816 -4.776560e+05
  720.975114 -6.896880e+05
  720.836411 -8.913200e+05
  720.697709 -1.081784e+06
  720.559006 -1.260440e+06
  720.420304 -1.426680e+06
  720.281601 -1.580080e+06
  720.142899 -1.720256e+06
  720.004197 -1.846912e+06
  719.865494 -1.959856e+06
  719.726792 -2.058944e+06
  719.588089 -2.144112e+06
  719.449387 -2.215312e+06
  719.310685 -2.272568e+06
  719.171982 -2.315896e+06
  719.033280 -2.345368e+06
  718.894577 -2.361064e+06
  718.755875 -2.363048e+06
  718.617173 -2.351400e+06
  718.478470 -2.326200e+06
  718.339768 -2.287536e+06
  718.201065 -2.235456e+06
  718.062363 -2.170048e+06
  717.923661 -2.091376e+06
  717.784958 -1.999504e+06
  717.646256 -1.894512e+06
  717.507553 -1.776496e+06
  717.368851 -1.645544e+06
  717.230149 -1.501816e+06
  717.091446 -1.345416e+06
  716.952744 -1.176568e+06
  716.814041 -9.954640e+05
  716.675339 -8.023520e+05
  716.536636 -5.975200e+05
  716.397934 -3.812880e+05
  716.259232 -1.540240e+05
  716.120529 8.391200e+04
  715.981827 3.321200e+05
  715.843124 5.901360e+05
  715.704422 8.575520e+05
  715.565720 1.133896e+06
  715.427017 1.418744e+06
  715.288315 1.711616e+06
  715.149612 2.012104e+06
  715.010910 2.319768e+06
  714.872208 2.634216e+06
  714.733505 2.955056e+06
  714.594803 3.281920e+06
  714.456100 3.614472e+06
  714.317398 3.952360e+06
  714.178696 4.295264e+06
  714.039993 4.642880e+06
  713.901291 4.994904e+06
  713.762588 5.351024e+06
  713.623886 5.710928e+06
  713.485184 6.074304e+06
  713.346481 6.440856e+06
  713.207779 6.810224e+06
  713.069076 7.182096e+06
  712.930374 7.556096e+06
  712.791671 7.931880e+06
  712.652969 8.309080e+06
  712.514267 8.687312e+06
  712.375564 9.066192e+06
  712.236862 9.445336e+06
  712.098159 9.824336e+06
  711.959457 1.020278e+07
  711.820755 1.058029e+07
  711.682052 1.095647e+07
  711.543350 1.133091e+07
  711.404647 1.170326e+07
  711.265945 1.207316e+07
  711.127243 1.244029e+07
  710.988540 1.280435e+07
  710.849838 1.316512e+07
  710.711135 1.352241e+07
  710.572433 1.387606e+07
  710.433731 1.422604e+07
  710.295028 1.457233e+07
  710.156326 1.491500e+07
  710.017623 1.525419e+07
  709.878921 1.559010e+07
  709.740219 1.592301e+07
  709.601516 1.625316e+07
  709.462814 1.658091e+07
  709.324111 1.690659e+07
  709.185409 1.723049e+07
  709.046706 1.755293e+07
  708.908004 1.787414e+07
  708.769302 1.819426e+07
  708.630599 1.851343e+07
  708.491897 1.883157e+07
  708.353194 1.914857e+07
  708.214492 1.946416e+07
  708.075790 1.977794e+07
  707.937087 2.008942e+07
  707.798385 2.039794e+07
  707.659682 2.070277e+07
  707.520980 2.100307e+07
  707.382278 2.129798e+07
  707.243575 2.158650e+07
  707.104873 2.186770e+07
  706.966170 2.214058e+07
  706.827468 2.240423e+07
  706.688766 2.265777e+07
  706.550063 2.290039e+07
  706.411361 2.313142e+07
  706.272658 2.335029e+07
  706.133956 2.355655e+07
  705.995254 2.374995e+07
  705.856551 2.393034e+07
  705.717849 2.409778e+07
  705.579146 2.425238e+07
  705.440444 2.439450e+07
  705.301741 2.452456e+07
  705.163039 2.464308e+07
  705.024337 2.475070e+07
  704.885634 2.484810e+07
  704.746932 2.493597e+07
  704.608229 2.501506e+07
  704.469527 2.508607e+07
  704.330825 2.514969e+07
  704.192122 2.520649e+07
  704.053420 2.525702e+07
  703.914717 2.530170e+07
  703.776015 2.534082e+07
  703.637313 2.537461e+07
  703.498610 2.540310e+07
  703.359908 2.542624e+07
  703.221205 2.544382e+07
  703.082503 2.545551e+07
  702.943801 2.546090e+07
  702.805098 2.545944e+07
  702.666396 2.545051e+07
  702.527693 2.543344e+07
  702.388991 2.540747e+07
  702.250289 2.537187e+07
  702.111586 2.532586e+07
  701.972884 2.526874e+07
  701.834181 2.519976e+07
  701.695479 2.511834e+07
  701.556776 2.502390e+07
  701.418074 2.491602e+07
  701.279372 2.479438e+07
  701.140669 2.465878e+07
  701.001967 2.450916e+07
  700.863264 2.434564e+07
  700.724562 2.416846e+07
  700.585860 2.397800e+07
  700.447157 2.377482e+07
  700.308455 2.355963e+07
  700.169752 2.333320e+07
  700.031050 2.309651e+07
  699.892348 2.285058e+07
  699.753645 2.259658e+07
  699.614943 2.233570e+07
  699.476240 2.206923e+07
  699.337538 2.179849e+07
  699.198836 2.152486e+07
  699.060133 2.124968e+07
  698.921431 2.097434e+07
  698.782728 2.070020e+07
  698.644026 2.042857e+07
  698.505324 2.016075e+07
  698.366621 1.989800e+07
  698.227919 1.964148e+07
  698.089216 1.939230e+07
  697.950514 1.915151e+07
  697.811811 1.892006e+07
  697.673109 1.869879e+07
  697.534407 1.848848e+07
  697.395704 1.828979e+07
  697.257002 1.810323e+07
  697.118299 1.792924e+07
  696.979597 1.776813e+07
  696.840895 1.762003e+07
  696.702192 1.748502e+07
  696.563490 1.736299e+07
  696.424787 1.725370e+07
  696.286085 1.715681e+07
  696.147383 1.707180e+07
  696.008680 1.699809e+07
  695.869978 1.693490e+07
  695.731275 1.688145e+07
  695.592573 1.683675e+07
  695.453871 1.679981e+07
  695.315168 1.676951e+07
  695.176466 1.674471e+07
  695.037763 1.672420e+07
  694.899061 1.670674e+07
  694.760359 1.669105e+07
  694.621656 1.667587e+07
  694.482954 1.665990e+07
  694.344251 1.664187e+07
  694.205549 1.662051e+07
  694.066846 1.659456e+07
  693.928144 1.656279e+07
  693.789442 1.652402e+07
  693.650739 1.647707e+07
  693.512037 1.642083e+07
  693.373334 1.635423e+07
  693.234632 1.627628e+07
  693.095930 1.618604e+07
  692.957227 1.608263e+07
  692.818525 1.596532e+07
  692.679822 1.583344e+07
  692.541120 1.568643e+07
  692.402418 1.552387e+07
  692.263715 1.534550e+07
  692.125013 1.515114e+07
  691.986310 1.494083e+07
  691.847608 1.471473e+07
  691.708906 1.447313e+07
  691.570203 1.421651e+07
  691.431501 1.394550e+07
  691.292798 1.366084e+07
  691.154096 1.336342e+07
  691.015394 1.305421e+07
  690.876691 1.273431e+07
  690.737989 1.240486e+07
  690.599286 1.206710e+07
  690.460584 1.172224e+07
  690.321881 1.137154e+07
  690.183179 1.101623e+07
  690.044477 1.065753e+07
  689.905774 1.029660e+07
  689.767072 9.934528e+06
  689.628369 9.572344e+06
  689.489667 9.211008e+06
  689.350965 8.851400e+06
  689.212262 8.494272e+06
  689.073560 8.140360e+06
  688.934857 7.790304e+06
  688.796155 7.444704e+06
  688.657453 7.104064e+06
  688.518750 6.768904e+06
  688.380048 6.439736e+06
  688.241345 6.117024e+06
  688.102643 5.801312e+06
  687.963941 5.493120e+06
  687.825238 5.193040e+06
  687.686536 4.901704e+06
  687.547833 4.619824e+06
  687.409131 4.348152e+06
  687.270429 4.087504e+06
  687.131726 3.838776e+06
  686.993024 3.602888e+06
  686.854321 3.380816e+06
  686.715619 3.173528e+06
  686.576916 2.982024e+06
  686.438214 2.807288e+06
  686.299512 2.650256e+06
  686.160809 2.511808e+06
  686.022107 2.392760e+06
  685.883404 2.293816e+06
  685.744702 2.215584e+06
  685.606000 2.158528e+06
  685.467297 2.122984e+06
  685.328595 2.109128e+06
  685.189892 2.116984e+06
  685.051190 2.146424e+06
  684.912488 2.197168e+06
  684.773785 2.268768e+06
  684.635083 2.360664e+06
  684.496380 2.472120e+06
  684.357678 2.602328e+06
  684.218976 2.750336e+06
  684.080273 2.915120e+06
  683.941571 3.095544e+06
  683.802868 3.290472e+06
  683.664166 3.498664e+06
  683.525464 3.718880e+06
  683.386761 3.949832e+06
  683.248059 4.190256e+06
  683.109356 4.438856e+06
  682.970654 4.694352e+06
  682.831951 4.955504e+06
  682.693249 5.221056e+06
  682.554547 5.489800e+06
  682.415844 5.760536e+06
  682.277142 6.032112e+06
  682.138439 6.303400e+06
  681.999737 6.573280e+06
  681.861035 6.840736e+06
  681.722332 7.104720e+06
  681.583630 7.364248e+06
  681.444927 7.618384e+06
  681.306225 7.866224e+06
  681.167523 8.106936e+06
  681.028820 8.339728e+06
  680.890118 8.563896e+06
  680.751415 8.778776e+06
  680.612713 8.983800e+06
  680.474011 9.178480e+06
  680.335308 9.362424e+06
  680.196606 9.535336e+06
  680.057903 9.697048e+06
  679.919201 9.847456e+06
  679.780499 9.986624e+06
  679.641796 1.011470e+07
  679.503094 1.023198e+07
  679.364391 1.033884e+07
  679.225689 1.043579e+07
  679.086986 1.052343e+07
  678.948284 1.060244e+07
  678.809582 1.067361e+07
  678.670879 1.073774e+07
  678.532177 1.079570e+07
  678.393474 1.084836e+07
  678.254772 1.089658e+07
  678.116070 1.094122e+07
  677.977367 1.098307e+07
  677.838665 1.102285e+07
  677.699962 1.106118e+07
  677.561260 1.109856e+07
  677.422558 1.113542e+07
  677.283855 1.117198e+07
  677.145153 1.120838e+07
  677.006450 1.124458e+07
  676.867748 1.128039e+07
  676.729046 1.131549e+07
  676.590343 1.134943e+07
  676.451641 1.138160e+07
  676.312938 1.141132e+07
  676.174236 1.143780e+07
  676.035534 1.146015e+07
  675.896831 1.147746e+07
  675.758129 1.148874e+07
  675.619426 1.149301e+07
  675.480724 1.148926e+07
  675.342021 1.147654e+07
  675.203319 1.145386e+07
  675.064617 1.142036e+07
  674.925914 1.137518e+07
  674.787212 1.131757e+07
  674.648509 1.124688e+07
  674.509807 1.116254e+07
  674.371105 1.106411e+07
  674.232402 1.095124e+07
  674.093700 1.082376e+07
  673.954997 1.068161e+07
  673.816295 1.052486e+07
  673.677593 1.035375e+07
  673.538890 1.016867e+07
  673.400188 9.970160e+06
  673.261485 9.758888e+06
  673.122783 9.535704e+06
  672.984081 9.301568e+06
  672.845378 9.057584e+06
  672.706676 8.805000e+06
  672.567973 8.545152e+06
  672.429271 8.279464e+06
  672.290569 8.009440e+06
  672.151866 7.736648e+06
  672.013164 7.462688e+06
  671.874461 7.189144e+06
  671.735759 6.917608e+06
  671.597056 6.649624e+06
  671.458354 6.386680e+06
  671.319652 6.130176e+06
  671.180949 5.881408e+06
  671.042247 5.641576e+06
  670.903544 5.411696e+06
  670.764842 5.192704e+06
  670.626140 4.985344e+06
  670.487437 4.790216e+06
  670.348735 4.607784e+06
  670.210032 4.438344e+06
  670.071330 4.282040e+06
  669.932628 4.138888e+06
  669.793925 4.008744e+06
  669.655223 3.891376e+06
  669.516520 3.786400e+06
  669.377818 3.693336e+06
  669.239116 3.611584e+06
  669.100413 3.540496e+06
  668.961711 3.479304e+06
  668.823008 3.427160e+06
  668.684306 3.383200e+06
  668.545604 3.346432e+06
  668.406901 3.315872e+06
  668.268199 3.290496e+06
  668.129496 3.269216e+06
  667.990794 3.250960e+06
  667.852091 3.234656e+06
  667.713389 3.219224e+06
  667.574687 3.203600e+06
  667.435984 3.186768e+06
  667.297282 3.167760e+06
  667.158579 3.145640e+06
  667.019877 3.119576e+06
  666.881175 3.088752e+06
  666.742472 3.052480e+06
  666.603770 3.010136e+06
  666.465067 2.961192e+06
  666.326365 2.905216e+06
  666.187663 2.841864e+06
  666.048960 2.770872e+06
  665.910258 2.692064e+06
  665.771555 2.605368e+06
  665.632853 2.510760e+06
  665.494151 2.408304e+06
  665.355448 2.298120e+06
  665.216746 2.180400e+06
  665.078043 2.055400e+06
  664.939341 1.923400e+06
  664.800639 1.784752e+06
  664.661936 1.639848e+06
  664.523234 1.489104e+06
  664.384531 1.333016e+06
  664.245829 1.172112e+06
  664.107126 1.006944e+06
  663.968424 8.381360e+05
  663.829722 6.663520e+05
  663.691019 4.922880e+05
  663.552317 3.167120e+05
  663.413614 1.404320e+05
  663.274912 -3.570400e+04
  663.136210 -2.108000e+05
  662.997507 -3.839200e+05
  662.858805 -5.541200e+05
  662.720102 -7.203600e+05
  662.581400 -8.816480e+05
  662.442698 -1.036936e+06
  662.303995 -1.185160e+06
  662.165293 -1.325272e+06
  662.026590 -1.456216e+06
  661.887888 -1.576952e+06
  661.749186 -1.686456e+06
  661.610483 -1.783736e+06
  661.471781 -1.867824e+06
  661.333078 -1.937792e+06
  661.194376 -1.992744e+06
  661.055674 -2.031880e+06
  660.916971 -2.054416e+06
  660.778269 -2.059656e+06
  660.639566 -2.047008e+06
  660.500864 -2.015944e+06
  660.362161 -1.966040e+06
  660.223459 -1.897016e+06
  660.084757 -1.808688e+06
  659.946054 -1.701000e+06
  659.807352 -1.574104e+06
  659.668649 -1.428240e+06
  659.529947 -1.263848e+06
  659.391245 -1.081560e+06
  659.252542 -8.821600e+05
  659.113840 -6.666480e+05
  658.975137 -4.361520e+05
  658.836435 -1.920320e+05
  658.697733 6.419200e+04
  658.559030 3.308720e+05
  658.420328 6.062000e+05
  658.281625 8.882160e+05
  658.142923 1.174912e+06
  658.004221 1.464152e+06
  657.865518 1.753776e+06
  657.726816 2.041608e+06
  657.588113 2.325448e+06
  657.449411 2.603168e+06
  657.310709 2.872704e+06
  657.172006 3.132088e+06
  657.033304 3.379480e+06
  656.894601 3.613192e+06
  656.755899 3.831720e+06
  656.617196 4.033760e+06
  656.478494 4.218208e+06
  656.339792 4.384200e+06
  656.201089 4.531064e+06
  656.062387 4.658392e+06
  655.923684 4.766000e+06
  655.784982 4.853888e+06
  655.646280 4.922304e+06
  655.507577 4.971656e+06
  655.368875 5.002512e+06
  655.230172 5.015632e+06
  655.091470 5.011840e+06
  654.952768 4.992104e+06
  654.814065 4.957456e+06
  654.675363 4.908960e+06
  654.536660 4.847760e+06
  654.397958 4.774976e+06
  654.259256 4.691744e+06
  654.120553 4.599208e+06
  653.981851 4.498472e+06
  653.843148 4.390608e+06
  653.704446 4.276664e+06
  653.565744 4.157672e+06
  653.427041 4.034608e+06
  653.288339 3.908448e+06
  653.149636 3.780096e+06
  653.010934 3.650472e+06
  652.872231 3.520424e+06
  652.733529 3.390832e+06
  652.594827 3.262504e+06
  652.456124 3.136232e+06
  652.317422 3.012808e+06
  652.178719 2.892952e+06
  652.040017 2.777384e+06
  651.901315 2.666776e+06
  651.762612 2.561776e+06
  651.623910 2.462984e+06
  651.485207 2.370968e+06
  651.346505 2.286216e+06
  651.207803 2.209240e+06
  651.069100 2.140432e+06
  650.930398 2.080200e+06
  650.791695 2.028896e+06
  650.652993 1.986816e+06
  650.514291 1.954256e+06
  650.375588 1.931456e+06
  650.236886 1.918688e+06
  650.098183 1.916168e+06
  649.959481 1.924144e+06
  649.820779 1.942856e+06
  649.682076 1.972592e+06
  649.543374 2.013664e+06
  649.404671 2.066416e+06
  649.265969 2.131224e+06
  649.127266 2.208536e+06
  648.988564 2.298840e+06
  648.849862 2.402680e+06
  648.711159 2.520624e+06
  648.572457 2.653312e+06
  648.433754 2.801360e+06
  648.295052 2.965416e+06
  648.156350 3.146104e+06
  648.017647 3.344040e+06
  647.878945 3.559752e+06
  647.740242 3.793712e+06
  647.601540 4.046288e+06
  647.462838 4.317704e+06
  647.324135 4.608072e+06
  647.185433 4.917312e+06
  647.046730 5.245184e+06
  646.908028 5.591264e+06
  646.769326 5.954920e+06
  646.630623 6.335320e+06
  646.491921 6.731472e+06
  646.353218 7.142168e+06
  646.214516 7.566024e+06
  646.075814 8.001528e+06
  645.937111 8.447000e+06
  645.798409 8.900648e+06
  645.659706 9.360584e+06
  645.521004 9.824824e+06
  645.382301 1.029137e+07
  645.243599 1.075816e+07
  645.104897 1.122315e+07
  644.966194 1.168430e+07
  644.827492 1.213959e+07
  644.688789 1.258710e+07
  644.550087 1.302492e+07
  644.411385 1.345125e+07
  644.272682 1.386439e+07
  644.133980 1.426276e+07
  643.995277 1.464486e+07
  643.856575 1.500934e+07
  643.717873 1.535496e+07
  643.579170 1.568063e+07
  643.440468 1.598540e+07
  643.301765 1.626846e+07
  643.163063 1.652910e+07
  643.024361 1.676682e+07
  642.885658 1.698119e+07
  642.746956 1.717197e+07
  642.608253 1.733899e+07
  642.469551 1.748228e+07
  642.330849 1.760190e+07
  642.192146 1.769804e+07
  642.053444 1.777102e+07
  641.914741 1.782122e+07
  641.776039 1.784904e+07
  641.637336 1.785500e+07
  641.498634 1.783960e+07
  641.359932 1.780342e+07
  641.221229 1.774702e+07
  641.082527 1.767094e+07
  640.943824 1.757575e+07
  640.805122 1.746198e+07
  640.666420 1.733014e+07
  640.527717 1.718065e+07
  640.389015 1.701395e+07
  640.250312 1.683041e+07
  640.111610 1.663034e+07
  639.972908 1.641404e+07
  639.834205 1.618169e+07
  639.695503 1.593348e+07
  639.556800 1.566954e+07
  639.418098 1.538996e+07
  639.279396 1.509480e+07
  639.140693 1.478409e+07
  639.001991 1.445784e+07
  638.863288 1.411610e+07
  638.724586 1.375886e+07
  638.585884 1.338618e+07
  638.447181 1.299816e+07
  638.308479 1.259490e+07
  638.169776 1.217661e+07
  638.031074 1.174354e+07
  637.892371 1.129606e+07
  637.753669 1.083458e+07
  637.614967 1.035966e+07
  637.476264 9.871960e+06
  637.337562 9.372224e+06
  637.198859 8.861304e+06
  637.060157 8.340168e+06
  636.921455 7.809872e+06
  636.782752 7.271536e+06
  636.644050 6.726368e+06
  636.505347 6.175624e+06
  636.366645 5.620568e+06
  636.227943 5.062488e+06
  636.089240 4.502672e+06
  635.950538 3.942360e+06
  635.811835 3.382744e+06
  635.673133 2.824928e+06
  635.534431 2.269968e+06
  635.395728 1.718784e+06
  635.257026 1.172168e+06
  635.118323 6.308400e+05
  634.979621 9.534400e+04
  634.840919 -4.338400e+05
  634.702216 -9.564160e+05
  634.563514 -1.472112e+06
  634.424811 -1.980800e+06
  634.286109 -2.482400e+06
  634.147406 -2.976856e+06
  634.008704 -3.464160e+06
  633.870002 -3.944304e+06
  633.731299 -4.417216e+06
  633.592597 -4.882800e+06
  633.453894 -5.340880e+06
  633.315192 -5.791176e+06
  633.176490 -6.233312e+06
  633.037787 -6.666784e+06
  632.899085 -7.090960e+06
  632.760382 -7.505072e+06
  632.621680 -7.908240e+06
  632.482978 -8.299456e+06
  632.344275 -8.677616e+06
  632.205573 -9.041544e+06
  632.066870 -9.389952e+06
  631.928168 -9.721592e+06
  631.789466 -1.003514e+07
  631.650763 -1.032930e+07
  631.512061 -1.060288e+07
  631.373358 -1.085470e+07
  631.234656 -1.108368e+07
  631.095954 -1.128894e+07
  630.957251 -1.146966e+07
  630.818549 -1.162527e+07
  630.679846 -1.175531e+07
  630.541144 -1.185956e+07
  630.402441 -1.193798e+07
  630.263739 -1.199070e+07
  630.125037 -1.201810e+07
  629.986334 -1.202070e+07
  629.847632 -1.199922e+07
  629.708929 -1.195454e+07
  629.570227 -1.188766e+07
  629.431525 -1.179975e+07
  629.292822 -1.169207e+07
  629.154120 -1.156597e+07
  629.015417 -1.142285e+07
  628.876715 -1.126422e+07
  628.738013 -1.109154e+07
  628.599310 -1.090637e+07
  628.460608 -1.071019e+07
  628.321905 -1.050450e+07
  628.183203 -1.029073e+07
  628.044501 -1.007029e+07
  627.905798 -9.844488e+06
  627.767096 -9.614568e+06
  627.628393 -9.381696e+06
  627.489691 -9.146904e+06
  627.350989 -8.911128e+06
  627.212286 -8.675224e+06
  627.073584 -8.439880e+06
  626.934881 -8.205688e+06
  626.796179 -7.973144e+06
  626.657476 -7.742608e+06
  626.518774 -7.514320e+06
  626.380072 -7.288456e+06
  626.241369 -7.065056e+06
  626.102667 -6.844120e+06
  625.963964 -6.625520e+06
  625.825262 -6.409112e+06
  625.686560 -6.194688e+06
  625.547857 -5.981968e+06
  625.409155 -5.770672e+06
  625.270452 -5.560496e+06
  625.131750 -5.351136e+06
  624.993048 -5.142256e+06
  624.854345 -4.933576e+06
  624.715643 -4.724808e+06
  624.576940 -4.515672e+06
  624.438238 -4.305952e+06
  624.299536 -4.095456e+06
  624.160833 -3.884016e+06
  624.022131 -3.671480e+06
  623.883428 -3.457768e+06
  623.744726 -3.242792e+06
  623.606024 -3.026480e+06
  623.467321 -2.808800e+06
  623.328619 -2.589696e+06
  623.189916 -2.369080e+06
  623.051214 -2.146928e+06
  622.912511 -1.923088e+06
  622.773809 -1.697432e+06
  622.635107 -1.469768e+06
  622.496404 -1.239848e+06
  622.357702 -1.007368e+06
  622.218999 -7.719680e+05
  622.080297 -5.332320e+05
  621.941595 -2.906640e+05
  621.802892 -4.376000e+04
  621.664190 2.080560e+05
  621.525487 4.653760e+05
  621.386785 7.288160e+05
  621.248083 9.989440e+05
  621.109380 1.276360e+06
  620.970678 1.561576e+06
  620.831975 1.855048e+06
  620.693273 2.157144e+06
  620.554571 2.468128e+06
  620.415868 2.788136e+06
  620.277166 3.117136e+06
  620.138463 3.454968e+06
  619.999761 3.801288e+06
  619.861059 4.155592e+06
  619.722356 4.517176e+06
  619.583654 4.885160e+06
  619.444951 5.258512e+06
  619.306249 5.636048e+06
  619.167547 6.016368e+06
  619.028844 6.398024e+06
  618.890142 6.779376e+06
  618.751439 7.158760e+06
  618.612737 7.534384e+06
  618.474034 7.904472e+06
  618.335332 8.267160e+06
  618.196630 8.620648e+06
  618.057927 8.963168e+06
  617.919225 9.292976e+06
  617.780522 9.608440e+06
  617.641820 9.908032e+06
  617.503118 1.019035e+07
  617.364415 1.045413e+07
  617.225713 1.069826e+07
  617.087010 1.092179e+07
  616.948308 1.112397e+07
  616.809606 1.130421e+07
  616.670903 1.146209e+07
  616.532201 1.159739e+07
  616.393498 1.171007e+07
  616.254796 1.180021e+07
  616.116094 1.186812e+07
  615.977391 1.191420e+07
  615.838689 1.193901e+07
  615.699986 1.194322e+07
  615.561284 1.192766e+07
  615.422582 1.189318e+07
  615.283879 1.184078e+07
  615.145177 1.177150e+07
  615.006474 1.168642e+07
  614.867772 1.158669e+07
  614.729069 1.147347e+07
  614.590367 1.134798e+07
  614.451665 1.121135e+07
  614.312962 1.106480e+07
  614.174260 1.090950e+07
  614.035557 1.074656e+07
  613.896855 1.057710e+07
  613.758153 1.040220e+07
  613.619450 1.022284e+07
  613.480748 1.003998e+07
  613.342045 9.854488e+06
  613.203343 9.667216e+06
  613.064641 9.478904e+06
  612.925938 9.290232e+06
  612.787236 9.101800e+06
  612.648533 8.914144e+06
  612.509831 8.727736e+06
  612.371129 8.542992e+06
  612.232426 8.360248e+06
  612.093724 8.179816e+06
  611.955021 8.001944e+06
  611.816319 7.826880e+06
  611.677617 7.654848e+06
  611.538914 7.486048e+06
  611.400212 7.320696e+06
  611.261509 7.159040e+06
  611.122807 7.001336e+06
  610.984104 6.847904e+06
  610.845402 6.699080e+06
  610.706700 6.555304e+06
  610.567997 6.417024e+06
  610.429295 6.284792e+06
  610.290592 6.159184e+06
  610.151890 6.040864e+06
  610.013188 5.930560e+06
  609.874485 5.829016e+06
  609.735783 5.737024e+06
  609.597080 5.655408e+06
  609.458378 5.584976e+06
  609.319676 5.526560e+06
  609.180973 5.480928e+06
  609.042271 5.448808e+06
  608.903568 5.430864e+06
  608.764866 5.427664e+06
  608.626164 5.439656e+06
  608.487461 5.467184e+06
  608.348759 5.510448e+06
  608.210056 5.569488e+06
  608.071354 5.644200e+06
  607.932652 5.734296e+06
  607.793949 5.839384e+06
  607.655247 5.958872e+06
  607.516544 6.092088e+06
  607.377842 6.238208e+06
  607.239139 6.396312e+06
  607.100437 6.565456e+06
  606.961735 6.744584e+06
  606.823032 6.932688e+06
  606.684330 7.128704e+06
  606.545627 7.331640e+06
  606.406925 7.540560e+06
  606.268223 7.754568e+06
  606.129520 7.972904e+06
  605.990818 8.194896e+06
  605.852115 8.419968e+06
  605.713413 8.647720e+06
  605.574711 8.877824e+06
  605.436008 9.110096e+06
  605.297306 9.344480e+06
  605.158603 9.581024e+06
  605.019901 9.819888e+06
  604.881199 1.006132e+07
  604.742496 1.030569e+07
  604.603794 1.055339e+07
  604.465091 1.080494e+07
  604.326389 1.106089e+07
  604.187687 1.132183e+07
  604.048984 1.158844e+07
  603.910282 1.186140e+07
  603.771579 1.214142e+07
  603.632877 1.242926e+07
  603.494174 1.272566e+07
  603.355472 1.303142e+07
  603.216770 1.334727e+07
  603.078067 1.367402e+07
  602.939365 1.401234e+07
  602.800662 1.436298e+07
  602.661960 1.472658e+07
  602.523258 1.510370e+07
  602.384555 1.549482e+07
  602.245853 1.590034e+07
  602.107150 1.632046e+07
  601.968448 1.675528e+07
  601.829746 1.720473e+07
  601.691043 1.766850e+07
  601.552341 1.814610e+07
  601.413638 1.863679e+07
  601.274936 1.913962e+07
  601.136234 1.965339e+07
  600.997531 2.017668e+07
  600.858829 2.070779e+07
  600.720126 2.124483e+07
  600.581424 2.178570e+07
  600.442722 2.232810e+07
  600.304019 2.286955e+07
  600.165317 2.340748e+07
  600.026614 2.393918e+07
  599.887912 2.446190e+07
  599.749209 2.497280e+07
  599.610507 2.546909e+07
  599.471805 2.594798e+07
  599.333102 2.640681e+07
  599.194400 2.684290e+07
  599.055697 2.725382e+07
  598.916995 2.763721e+07
  598.778293 2.799095e+07
  598.639590 2.831307e+07
  598.500888 2.860185e+07
  598.362185 2.885579e+07
  598.223483 2.907365e+07
  598.084781 2.925439e+07
  597.946078 2.939727e+07
  597.807376 2.950183e+07
  597.668673 2.956780e+07
  597.529971 2.959522e+07
  597.391269 2.958433e+07
  597.252566 2.953567e+07
  597.113864 2.944998e+07
  596.975161 2.932822e+07
  596.836459 2.917157e+07
  596.697757 2.898142e+07
  596.559054 2.875931e+07
  596.420352 2.850697e+07
  596.281649 2.822625e+07
  596.142947 2.791914e+07
  596.004244 2.758774e+07
  595.865542 2.723424e+07
  595.726840 2.686087e+07
  595.588137 2.646990e+07
  595.449435 2.606362e+07
  595.310732 2.564429e+07
  595.172030 2.521417e+07
  595.033328 2.477543e+07
  594.894625 2.433018e+07
  594.755923 2.388042e+07
  594.617220 2.342802e+07
  594.478518 2.297474e+07
  594.339816 2.252218e+07
  594.201113 2.207178e+07
  594.062411 2.162482e+07
  593.923708 2.118242e+07
  593.785006 2.074550e+07
  593.646304 2.031486e+07
  593.507601 1.989113e+07
  593.368899 1.947475e+07
  593.230196 1.906607e+07
  593.091494 1.866530e+07
  592.952792 1.827254e+07
  592.814089 1.788777e+07
  592.675387 1.751095e+07
  592.536684 1.714193e+07
  592.397982 1.678054e+07
  592.259279 1.642658e+07
  592.120577 1.607984e+07
  591.981875 1.574011e+07
  591.843172 1.540716e+07
  591.704470 1.508084e+07
  591.565767 1.476098e+07
  591.427065 1.444748e+07
  591.288363 1.414024e+07
  591.149660 1.383923e+07
  591.010958 1.354446e+07
  590.872255 1.325597e+07
  590.733553 1.297383e+07
  590.594851 1.269816e+07
  590.456148 1.242911e+07
  590.317446 1.216685e+07
  590.178743 1.191155e+07
  590.040041 1.166343e+07
  589.901339 1.142270e+07
  589.762636 1.118960e+07
  589.623934 1.096435e+07
  589.485231 1.074714e+07
  589.346529 1.053826e+07
  589.207827 1.033787e+07
  589.069124 1.014624e+07
  588.930422 9.963544e+06
  588.791719 9.790000e+06
  588.653017 9.625808e+06
  588.514314 9.471168e+06
  588.375612 9.326256e+06
  588.236910 9.191216e+06
  588.098207 9.066216e+06
  587.959505 8.951360e+06
  587.820802 8.846744e+06
  587.682100 8.752408e+06
  587.543398 8.668336e+06
  587.404695 8.594480e+06
  587.265993 8.530720e+06
  587.127290 8.476848e+06
  586.988588 8.432616e+06
  586.849886 8.397672e+06
  586.711183 8.371600e+06
  586.572481 8.353920e+06
  586.433778 8.344080e+06
  586.295076 8.341496e+06
  586.156374 8.345504e+06
  586.017671 8.355448e+06
  585.878969 8.370648e+06
  585.740266 8.390392e+06
  585.601564 8.414048e+06
  585.462862 8.440984e+06
  585.324159 8.470616e+06
  585.185457 8.502416e+06
  585.046754 8.535952e+06
  584.908052 8.570840e+06
  584.769349 8.606776e+06
  584.630647 8.643576e+06
  584.491945 8.681096e+06
  584.353242 8.719280e+06
  584.214540 8.758128e+06
  584.075837 8.797704e+06
  583.937135 8.838112e+06
  583.798433 8.879464e+06
  583.659730 8.921920e+06
  583.521028 8.965592e+06
  583.382325 9.010616e+06
  583.243623 9.057072e+06
  583.104921 9.105008e+06
  582.966218 9.154400e+06
  582.827516 9.205176e+06
  582.688813 9.257192e+06
  582.550111 9.310208e+06
  582.411409 9.363928e+06
  582.272706 9.417960e+06
  582.134004 9.471792e+06
  581.995301 9.524904e+06
  581.856599 9.576624e+06
  581.717897 9.626232e+06
  581.579194 9.672928e+06
  581.440492 9.715864e+06
  581.301789 9.754128e+06
  581.163087 9.786744e+06
  581.024384 9.812736e+06
  580.885682 9.831088e+06
  580.746980 9.840776e+06
  580.608277 9.840800e+06
  580.469575 9.830160e+06
  580.330872 9.807936e+06
  580.192170 9.773224e+06
  580.053468 9.725200e+06
  579.914765 9.663136e+06
  579.776063 9.586376e+06
  579.637360 9.494408e+06
  579.498658 9.386776e+06
  579.359956 9.263176e+06
  579.221253 9.123416e+06
  579.082551 8.967416e+06
  578.943848 8.795224e+06
  578.805146 8.607000e+06
  578.666444 8.403016e+06
  578.527741 8.183624e+06
  578.389039 7.949272e+06
  578.250336 7.700504e+06
  578.111634 7.437936e+06
  577.972932 7.162192e+06
  577.834229 6.874024e+06
  577.695527 6.574152e+06
  577.556824 6.263352e+06
  577.418122 5.942408e+06
  577.279419 5.612104e+06
  577.140717 5.273232e+06
  577.002015 4.926568e+06
  576.863312 4.572888e+06
  576.724610 4.212920e+06
  576.585907 3.847384e+06
  576.447205 3.476968e+06
  576.308503 3.102360e+06
  576.169800 2.724176e+06
  576.031098 2.343032e+06
  575.892395 1.959544e+06
  575.753693 1.574240e+06
  575.614991 1.187688e+06
  575.476288 8.004240e+05
  575.337586 4.129440e+05
  575.198883 2.579200e+04
  575.060181 -3.605520e+05
  574.921479 -7.455920e+05
  574.782776 -1.128808e+06
  574.644074 -1.509688e+06
  574.505371 -1.887728e+06
  574.366669 -2.262376e+06
  574.227967 -2.633112e+06
  574.089264 -2.999344e+06
  573.950562 -3.360488e+06
  573.811859 -3.715944e+06
  573.673157 -4.065048e+06
  573.534454 -4.407128e+06
  573.395752 -4.741504e+06
  573.257050 -5.067392e+06
  573.118347 -5.384048e+06
  572.979645 -5.690648e+06
  572.840942 -5.986376e+06
  572.702240 -6.270360e+06
  572.563538 -6.541744e+06
  572.424835 -6.799664e+06
  572.286133 -7.043264e+06
  572.147430 -7.271712e+06
  572.008728 -7.484200e+06
  571.870026 -7.679984e+06
  571.731323 -7.858416e+06
  571.592621 -8.018888e+06
  571.453918 -8.160912e+06
  571.315216 -8.284152e+06
  571.176514 -8.388320e+06
  571.037811 -8.473344e+06
  570.899109 -8.539224e+06
  570.760406 -8.586136e+06
  570.621704 -8.614400e+06
  570.483002 -8.624448e+06
  570.344299 -8.616840e+06
  570.205597 -8.592256e+06
  570.066894 -8.551488e+06
  569.928192 -8.495376e+06
  569.789489 -8.424864e+06
  569.650787 -8.340904e+06
  569.512085 -8.244512e+06
  569.373382 -8.136688e+06
  569.234680 -8.018432e+06
  569.095977 -7.890712e+06
  568.957275 -7.754456e+06
  568.818573 -7.610536e+06
  568.679870 -7.459752e+06
  568.541168 -7.302840e+06
  568.402465 -7.140416e+06
  568.263763 -6.973040e+06
  568.125061 -6.801144e+06
  567.986358 -6.625056e+06
  567.847656 -6.445016e+06
  567.708953 -6.261144e+06
  567.570251 -6.073440e+06
  567.431549 -5.881816e+06
  567.292846 -5.686072e+06
  567.154144 -5.485920e+06
  567.015441 -5.280960e+06
  566.876739 -5.070760e+06
  566.738037 -4.854760e+06
  566.599334 -4.632384e+06
  566.460632 -4.402984e+06
  566.321929 -4.165896e+06
  566.183227 -3.920464e+06
  566.044524 -3.665976e+06
  565.905822 -3.401752e+06
  565.767120 -3.127160e+06
  565.628417 -2.841568e+06
  565.489715 -2.544400e+06
  565.351012 -2.235128e+06
  565.212310 -1.913288e+06
  565.073608 -1.578464e+06
  564.934905 -1.230336e+06
  564.796203 -8.686320e+05
  564.657500 -4.931600e+05
  564.518798 -1.038080e+05
  564.380096 2.994240e+05
  564.241393 7.164960e+05
  564.102691 1.147240e+06
  563.963988 1.591392e+06
  563.825286 2.048552e+06
  563.686584 2.518256e+06
  563.547881 2.999856e+06
  563.409179 3.492568e+06
  563.270476 3.995512e+06
  563.131774 4.507608e+06
  562.993072 5.027616e+06
  562.854369 5.554176e+06
  562.715667 6.085752e+06
  562.576964 6.620656e+06
  562.438262 7.157096e+06
  562.299559 7.693152e+06
  562.160857 8.226808e+06
  562.022155 8.756016e+06
  561.883452 9.278648e+06
  561.744750 9.792632e+06
  561.606047 1.029586e+07
  561.467345 1.078635e+07
  561.328643 1.126222e+07
  561.189940 1.172168e+07
  561.051238 1.216314e+07
  560.912535 1.258518e+07
  560.773833 1.298661e+07
  560.635131 1.336643e+07
  560.496428 1.372390e+07
  560.357726 1.405851e+07
  560.219023 1.437001e+07
  560.080321 1.465835e+07
  559.941619 1.492375e+07
  559.802916 1.516659e+07
  559.664214 1.538747e+07
  559.525511 1.558718e+07
  559.386809 1.576663e+07
  559.248107 1.592689e+07
  559.109404 1.606907e+07
  558.970702 1.619445e+07
  558.831999 1.630428e+07
  558.693297 1.639989e+07
  558.554594 1.648257e+07
  558.415892 1.655361e+07
  558.277190 1.661427e+07
  558.138487 1.666576e+07
  557.999785 1.670918e+07
  557.861082 1.674558e+07
  557.722380 1.677593e+07
  557.583678 1.680106e+07
  557.444975 1.682174e+07
  557.306273 1.683865e+07
  557.167570 1.685237e+07
  557.028868 1.686345e+07
  556.890166 1.687233e+07
  556.751463 1.687946e+07
  556.612761 1.688523e+07
  556.474058 1.689010e+07
  556.335356 1.689446e+07
  556.196654 1.689880e+07
  556.057951 1.690366e+07
  555.919249 1.690963e+07
  555.780546 1.691737e+07
  555.641844 1.692763e+07
  555.503142 1.694125e+07
  555.364439 1.695908e+07
  555.225737 1.698210e+07
  555.087034 1.701126e+07
  554.948332 1.704756e+07
  554.809629 1.709198e+07
  554.670927 1.714549e+07
  554.532225 1.720894e+07
  554.393522 1.728313e+07
  554.254820 1.736875e+07
  554.116117 1.746633e+07
  553.977415 1.757625e+07
  553.838713 1.769871e+07
  553.700010 1.783378e+07
  553.561308 1.798129e+07
  553.422605 1.814090e+07
  553.283903 1.831212e+07
  553.145201 1.849426e+07
  553.006498 1.868650e+07
  552.867796 1.888786e+07
  552.729093 1.909722e+07
  552.590391 1.931342e+07
  552.451689 1.953514e+07
  552.312986 1.976102e+07
  552.174284 1.998966e+07
  552.035581 2.021960e+07
  551.896879 2.044937e+07
  551.758177 2.067747e+07
  551.619474 2.090245e+07
  551.480772 2.112280e+07
  551.342069 2.133708e+07
  551.203367 2.154383e+07
  551.064664 2.174170e+07
  550.925962 2.192930e+07
  550.787260 2.210537e+07
  550.648557 2.226864e+07
  550.509855 2.241796e+07
  550.371152 2.255224e+07
  550.232450 2.267050e+07
  550.093748 2.277181e+07
  549.955045 2.285542e+07
  549.816343 2.292066e+07
  549.677640 2.296696e+07
  549.538938 2.299391e+07
  549.400236 2.300123e+07
  549.261533 2.298876e+07
  549.122831 2.295647e+07
  548.984128 2.290445e+07
  548.845426 2.283294e+07
  548.706724 2.274225e+07
  548.568021 2.263282e+07
  548.429319 2.250518e+07
  548.290616 2.235994e+07
  548.151914 2.219775e+07
  548.013212 2.201938e+07
  547.874509 2.182558e+07
  547.735807 2.161718e+07
  547.597104 2.139502e+07
  547.458402 2.115994e+07
  547.319699 2.091285e+07
  547.180997 2.065459e+07
  547.042295 2.038607e+07
  546.903592 2.010813e+07
  546.764890 1.982167e+07
  546.626187 1.952754e+07
  546.487485 1.922654e+07
  546.348783 1.891954e+07
  546.210080 1.860730e+07
  546.071378 1.829062e+07
  545.932675 1.797018e+07
  545.793973 1.764669e+07
  545.655271 1.732079e+07
  545.516568 1.699306e+07
  545.377866 1.666404e+07
  545.239163 1.633418e+07
  545.100461 1.600390e+07
  544.961759 1.567352e+07
  544.823056 1.534334e+07
  544.684354 1.501357e+07
  544.545651 1.468437e+07
  544.406949 1.435585e+07
  544.268247 1.402810e+07
  544.129544 1.370116e+07
  543.990842 1.337504e+07
  543.852139 1.304974e+07
  543.713437 1.272529e+07
  543.574734 1.240164e+07
  543.436032 1.207885e+07
  543.297330 1.175690e+07
  543.158627 1.143582e+07
  543.019925 1.111569e+07
  542.881222 1.079655e+07
  542.742520 1.047849e+07
  542.603818 1.016160e+07
  542.465115 9.845968e+06
  542.326413 9.531680e+06
  542.187710 9.218840e+06
  542.049008 8.907560e+06
  541.910306 8.597904e+06
  541.771603 8.289976e+06
  541.632901 7.983856e+06
  541.494198 7.679640e+06
  541.355496 7.377432e+06
  541.216794 7.077360e+06
  541.078091 6.779568e+06
  540.939389 6.484248e+06
  540.800686 6.191648e+06
  540.661984 5.902048e+06
  540.523282 5.615784e+06
  540.384579 5.333264e+06
  540.245877 5.054944e+06
  540.107174 4.781360e+06
  539.968472 4.513064e+06
  539.829769 4.250664e+06
  539.691067 3.994808e+06
  539.552365 3.746128e+06
  539.413662 3.505288e+06
  539.274960 3.272904e+06
  539.136257 3.049592e+06
  538.997555 2.835872e+06
  538.858853 2.632256e+06
  538.720150 2.439120e+06
  538.581448 2.256776e+06
  538.442745 2.085440e+06
  538.304043 1.925208e+06
  538.165341 1.776072e+06
  538.026638 1.637920e+06
  537.887936 1.510504e+06
  537.749233 1.393512e+06
  537.610531 1.286520e+06
  537.471829 1.189016e+06
  537.333126 1.100424e+06
  537.194424 1.020112e+06
  537.055721 9.473760e+05
  536.917019 8.815040e+05
  536.778317 8.217760e+05
  536.639614 7.674400e+05
  536.500912 7.177680e+05
  536.362209 6.720560e+05
  536.223507 6.296000e+05
  536.084804 5.897680e+05
  535.946102 5.519360e+05
  535.807400 5.155280e+05
  535.668697 4.800560e+05
  535.529995 4.450320e+05
  535.391292 4.100640e+05
  535.252590 3.747680e+05
  535.113888 3.388800e+05
  534.975185 3.021120e+05
  534.836483 2.643040e+05
  534.697780 2.253040e+05
  534.559078 1.850000e+05
  534.420376 1.433840e+05
  534.281673 1.004240e+05
  534.142971 5.618400e+04
  534.004268 1.072000e+04
  533.865566 -3.587200e+04
  533.726864 -8.348800e+04
  533.588161 -1.320080e+05
  533.449459 -1.813120e+05
  533.310756 -2.313040e+05
  533.172054 -2.819280e+05
  533.033352 -3.331120e+05
  532.894649 -3.848720e+05
  532.755947 -4.372640e+05
  532.617244 -4.903760e+05
  532.478542 -5.443680e+05
  532.339839 -5.994720e+05
  532.201137 -6.559440e+05
  532.062435 -7.141040e+05
  531.923732 -7.743120e+05
  531.785030 -8.369680e+05
  531.646327 -9.024560e+05
  531.507625 -9.712160e+05
  531.368923 -1.043608e+06
  531.230220 -1.120016e+06
  531.091518 -1.200760e+06
  530.952815 -1.286048e+06
  530.814113 -1.376064e+06
  530.675411 -1.470872e+06
  530.536708 -1.570376e+06
  530.398006 -1.674408e+06
  530.259303 -1.782624e+06
  530.120601 -1.894552e+06
  529.981899 -2.009576e+06
  529.843196 -2.126904e+06
  529.704494 -2.245624e+06
  529.565791 -2.364696e+06
  529.427089 -2.482944e+06
  529.288387 -2.599120e+06
  529.149684 -2.711864e+06
  529.010982 -2.819800e+06
  528.872279 -2.921488e+06
  528.733577 -3.015552e+06
  528.594874 -3.100592e+06
  528.456172 -3.175320e+06
  528.317470 -3.238560e+06
  528.178767 -3.289256e+06
  528.040065 -3.326496e+06
  527.901362 -3.349600e+06
  527.762660 -3.358048e+06
  527.623958 -3.351584e+06
  527.485255 -3.330128e+06
  527.346553 -3.293888e+06
  527.207850 -3.243248e+06
  527.069148 -3.178856e+06
  526.930446 -3.101528e+06
  526.791743 -3.012280e+06
  526.653041 -2.912304e+06
  526.514338 -2.802920e+06
  526.375636 -2.685536e+06
  526.236934 -2.561688e+06
  526.098231 -2.432960e+06
  525.959529 -2.300944e+06
  525.820826 -2.167272e+06
  525.682124 -2.033536e+06
  525.543422 -1.901336e+06
  525.404719 -1.772200e+06
  525.266017 -1.647592e+06
  525.127314 -1.528912e+06
  524.988612 -1.417504e+06
  524.849909 -1.314600e+06
  524.711207 -1.221360e+06
  524.572505 -1.138856e+06
  524.433802 -1.068072e+06
  524.295100 -1.009864e+06
  524.156397 -9.650480e+05
  524.017695 -9.343120e+05
  523.878993 -9.182160e+05
  523.740290 -9.172800e+05
  523.601588 -9.318560e+05
  523.462885 -9.622240e+05
  523.324183 -1.008536e+06
  523.185481 -1.070808e+06
  523.046778 -1.148968e+06
  522.908076 -1.242776e+06
  522.769373 -1.351880e+06
  522.630671 -1.475784e+06
  522.491969 -1.613888e+06
  522.353266 -1.765416e+06
  522.214564 -1.929472e+06
  522.075861 -2.105056e+06
  521.937159 -2.291008e+06
  521.798457 -2.486096e+06
  521.659754 -2.688952e+06
  521.521052 -2.898128e+06
  521.382349 -3.112104e+06
  521.243647 -3.329288e+06
  521.104944 -3.548040e+06
  520.966242 -3.766712e+06
  520.827540 -3.983648e+06
  520.688837 -4.197184e+06
  520.550135 -4.405712e+06
  520.411432 -4.607680e+06
  520.272730 -4.801616e+06
  520.134028 -4.986136e+06
  519.995325 -5.160008e+06
  519.856623 -5.322096e+06
  519.717920 -5.471432e+06
  519.579218 -5.607232e+06
  519.440516 -5.728904e+06
  519.301813 -5.835992e+06
  519.163111 -5.928304e+06
  519.024408 -6.005768e+06
  518.885706 -6.068576e+06
  518.747004 -6.117064e+06
  518.608301 -6.151768e+06
  518.469599 -6.173352e+06
  518.330896 -6.182656e+06
  518.192194 -6.180640e+06
  518.053492 -6.168336e+06
  517.914789 -6.146880e+06
  517.776087 -6.117448e+06
  517.637384 -6.081224e+06
  517.498682 -6.039408e+06
  517.359979 -5.993144e+06
  517.221277 -5.943552e+06
  517.082575 -5.891688e+06
  516.943872 -5.838488e+06
  516.805170 -5.784848e+06
  516.666467 -5.731512e+06
  516.527765 -5.679128e+06
  516.389063 -5.628256e+06
  516.250360 -5.579328e+06
  516.111658 -5.532672e+06
  515.972955 -5.488544e+06
  515.834253 -5.447064e+06
  515.695551 -5.408312e+06
  515.556848 -5.372248e+06
  515.418146 -5.338824e+06
  515.279443 -5.307864e+06
  515.140741 -5.279200e+06
  515.002039 -5.252608e+06
  514.863336 -5.227832e+06
  514.724634 -5.204576e+06
  514.585931 -5.182536e+06
  514.447229 -5.161432e+06
  514.308527 -5.140960e+06
  514.169824 -5.120808e+06
  514.031122 -5.100720e+06
  513.892419 -5.080448e+06
  513.753717 -5.059768e+06
  513.615014 -5.038520e+06
  513.476312 -5.016560e+06
  513.337610 -4.993792e+06
  513.198907 -4.970168e+06
  513.060205 -4.945696e+06
  512.921502 -4.920384e+06
  512.782800 -4.894344e+06
  512.644098 -4.867640e+06
  512.505395 -4.840400e+06
  512.366693 -4.812776e+06
  512.227990 -4.784880e+06
  512.089288 -4.756848e+06
  511.950586 -4.728792e+06
  511.811883 -4.700784e+06
  511.673181 -4.672904e+06
  511.534478 -4.645136e+06
  511.395776 -4.617456e+06
  511.257074 -4.589792e+06
  511.118371 -4.562024e+06
  510.979669 -4.533960e+06
  510.840966 -4.505392e+06
  510.702264 -4.476064e+06
  510.563562 -4.445656e+06
  510.424859 -4.413848e+06
  510.286157 -4.380256e+06
  510.147454 -4.344504e+06
  510.008752 -4.306168e+06
  509.870049 -4.264824e+06
  509.731347 -4.220016e+06
  509.592645 -4.171304e+06
  509.453942 -4.118240e+06
  509.315240 -4.060352e+06
  509.176537 -3.997216e+06
  509.037835 -3.928384e+06
  508.899133 -3.853416e+06
  508.760430 -3.771904e+06
  508.621728 -3.683472e+06
  508.483025 -3.587752e+06
  508.344323 -3.484376e+06
  508.205621 -3.373072e+06
  508.066918 -3.253552e+06
  507.928216 -3.125600e+06
  507.789513 -2.989000e+06
  507.650811 -2.843616e+06
  507.512109 -2.689312e+06
  507.373406 -2.526008e+06
  507.234704 -2.353672e+06
  507.096001 -2.172248e+06
  506.957299 -1.981752e+06
  506.818597 -1.782184e+06
  506.679894 -1.573536e+06
  506.541192 -1.355840e+06
  506.402489 -1.129048e+06
  506.263787 -8.931520e+05
  506.125084 -6.480720e+05
  505.986382 -3.937280e+05
  505.847680 -1.299760e+05
  505.708977 1.433360e+05
  505.570275 4.264640e+05
  505.431572 7.196080e+05
  505.292870 1.023080e+06
  505.154168 1.337184e+06
  505.015465 1.662280e+06
  504.876763 1.998696e+06
  504.738060 2.346800e+06
  504.599358 2.706944e+06
  504.460656 3.079488e+06
  504.321953 3.464720e+06
  504.183251 3.862952e+06
  504.044548 4.274400e+06
  503.905846 4.699272e+06
  503.767144 5.137656e+06
  503.628441 5.589632e+06
  503.489739 6.055168e+06
  503.351036 6.534136e+06
  503.212334 7.026368e+06
  503.073632 7.531568e+06
  502.934929 8.049392e+06
  502.796227 8.579376e+06
  502.657524 9.120992e+06
  502.518822 9.673656e+06
  502.380119 1.023672e+07
  502.241417 1.080945e+07
  502.102715 1.139110e+07
  501.964012 1.198088e+07
  501.825310 1.257797e+07
  501.686607 1.318153e+07
  501.547905 1.379072e+07
  501.409203 1.440470e+07
  501.270500 1.502265e+07
  501.131798 1.564373e+07
  500.993095 1.626715e+07
  500.854393 1.689210e+07
  500.715691 1.751782e+07
  500.576988 1.814352e+07
  500.438286 1.876844e+07
  500.299583 1.939185e+07
  500.160881 2.001296e+07
  500.022179 2.063105e+07
  499.883476 2.124533e+07
  499.744774 2.185503e+07
  499.606071 2.245935e+07
  499.467369 2.305750e+07
  499.328667 2.364864e+07
  499.189964 2.423195e+07
  499.051262 2.480658e+07
  498.912559 2.537167e+07
  498.773857 2.592639e+07
  498.635154 2.646990e+07
  498.496452 2.700137e+07
  498.357750 2.752001e+07
  498.219047 2.802506e+07
  498.080345 2.851582e+07
  497.941642 2.899160e+07
  497.802940 2.945185e+07
  497.664238 2.989598e+07
  497.525535 3.032358e+07
  497.386833 3.073424e+07
  497.248130 3.112768e+07
  497.109428 3.150366e+07
  496.970726 3.186203e+07
  496.832023 3.220272e+07
  496.693321 3.252572e+07
  496.554618 3.283106e+07
  496.415916 3.311887e+07
  496.277214 3.338927e+07
  496.138511 3.364244e+07
  495.999809 3.387856e+07
  495.861106 3.409786e+07
  495.722404 3.430053e+07
  495.583702 3.448675e+07
  495.444999 3.465671e+07
  495.306297 3.481056e+07
  495.167594 3.494841e+07
  495.028892 3.507029e+07
  494.890189 3.517626e+07
  494.751487 3.526631e+07
  494.612785 3.534034e+07
  494.474082 3.539829e+07
  494.335380 3.543999e+07
  494.196677 3.546531e+07
  494.057975 3.547408e+07
  493.919273 3.546614e+07
  493.780570 3.544134e+07
  493.641868 3.539955e+07
  493.503165 3.534067e+07
  493.364463 3.526468e+07
  493.225761 3.517158e+07
  493.087058 3.506144e+07
  492.948356 3.493440e+07
  492.809653 3.479067e+07
  492.670951 3.463051e+07
  492.532249 3.445424e+07
  492.393546 3.426222e+07
  492.254844 3.405490e+07
  492.116141 3.383273e+07
  491.977439 3.359619e+07
  491.838737 3.334580e+07
  491.700034 3.308210e+07
  491.561332 3.280560e+07
  491.422629 3.251686e+07
  491.283927 3.221646e+07
  491.145224 3.190494e+07
  491.006522 3.158287e+07
  490.867820 3.125083e+07
  490.729117 3.090942e+07
  490.590415 3.055924e+07
  490.451712 3.020095e+07
  490.313010 2.983522e+07
  490.174308 2.946276e+07
  490.035605 2.908433e+07
  489.896903 2.870072e+07
  489.758200 2.831278e+07
  489.619498 2.792142e+07
  489.480796 2.752757e+07
  489.342093 2.713224e+07
  489.203391 2.673644e+07
  489.064688 2.634124e+07
  488.925986 2.594774e+07
  488.787284 2.555700e+07
  488.648581 2.517015e+07
  488.509879 2.478824e+07
  488.371176 2.441231e+07
  488.232474 2.404336e+07
  488.093772 2.368230e+07
  487.955069 2.332997e+07
  487.816367 2.298708e+07
  487.677664 2.265429e+07
  487.538962 2.233207e+07
  487.400259 2.202079e+07
  487.261557 2.172068e+07
  487.122855 2.143178e+07
  486.984152 2.115407e+07
  486.845450 2.088730e+07
  486.706747 2.063114e+07
  486.568045 2.038507e+07
  486.429343 2.014850e+07
  486.290640 1.992070e+07
  486.151938 1.970085e+07
  486.013235 1.948804e+07
  485.874533 1.928129e+07
  485.735831 1.907956e+07
  485.597128 1.888177e+07
  485.458426 1.868684e+07
  485.319723 1.849366e+07
  485.181021 1.830113e+07
  485.042319 1.810820e+07
  484.903616 1.791384e+07
  484.764914 1.771710e+07
  484.626211 1.751712e+07
  484.487509 1.731310e+07
  484.348807 1.710441e+07
  484.210104 1.689050e+07
  484.071402 1.667097e+07
  483.932699 1.644558e+07
  483.793997 1.621427e+07
  483.655294 1.597712e+07
  483.516592 1.573437e+07
  483.377890 1.548646e+07
  483.239187 1.523397e+07
  483.100485 1.497760e+07
  482.961782 1.471825e+07
  482.823080 1.445686e+07
  482.684378 1.419451e+07
  482.545675 1.393236e+07
  482.406973 1.367154e+07
  482.268270 1.341327e+07
  482.129568 1.315871e+07
  481.990866 1.290899e+07
  481.852163 1.266518e+07
  481.713461 1.242823e+07
  481.574758 1.219901e+07
  481.436056 1.197826e+07
  481.297354 1.176658e+07
  481.158651 1.156440e+07
  481.019949 1.137206e+07
  480.881246 1.118972e+07
  480.742544 1.101737e+07
  480.603842 1.085490e+07
  480.465139 1.070203e+07
  480.326437 1.055841e+07
  480.187734 1.042351e+07
  480.049032 1.029670e+07
  479.910330 1.017733e+07
  479.771627 1.006454e+07
  479.632925 9.957480e+06
  479.494222 9.855160e+06
  479.355520 9.756568e+06
  479.216817 9.660624e+06
  479.078115 9.566184e+06
  478.939413 9.472064e+06
  478.800710 9.377056e+06
  478.662008 9.279936e+06
  478.523305 9.179472e+06
  478.384603 9.074456e+06
  478.245901 8.963712e+06
  478.107198 8.846096e+06
  477.968496 8.720576e+06
  477.829793 8.586168e+06
  477.691091 8.442032e+06
  477.552389 8.287456e+06
  477.413686 8.121880e+06
  477.274984 7.944896e+06
  477.136281 7.756312e+06
  476.997579 7.556088e+06
  476.858877 7.344432e+06
  476.720174 7.121704e+06
  476.581472 6.888496e+06
  476.442769 6.645584e+06
  476.304067 6.393952e+06
  476.165365 6.134744e+06
  476.026662 5.869256e+06
  475.887960 5.598960e+06
  475.749257 5.325408e+06
  475.610555 5.050264e+06
  475.471852 4.775256e+06
  475.333150 4.502168e+06
  475.194448 4.232784e+06
  475.055745 3.968888e+06
  474.917043 3.712200e+06
  474.778340 3.464376e+06
  474.639638 3.226992e+06
  474.500936 3.001480e+06
  474.362233 2.789144e+06
  474.223531 2.591128e+06
  474.084828 2.408400e+06
  473.946126 2.241728e+06
  473.807424 2.091696e+06
  473.668721 1.958712e+06
  473.530019 1.842920e+06
  473.391316 1.744328e+06
  473.252614 1.662736e+06
  473.113912 1.597736e+06
  472.975209 1.548800e+06
  472.836507 1.515200e+06
  472.697804 1.496136e+06
  472.559102 1.490616e+06
  472.420400 1.497600e+06
  472.281697 1.515960e+06
  472.142995 1.544504e+06
  472.004292 1.581968e+06
  471.865590 1.627128e+06
  471.726887 1.678672e+06
  471.588185 1.735336e+06
  471.449483 1.795824e+06
  471.310780 1.858896e+06
  471.172078 1.923312e+06
  471.033375 1.987896e+06
  470.894673 2.051504e+06
  470.755971 2.113032e+06
  470.617268 2.171448e+06
  470.478566 2.225800e+06
  470.339863 2.275232e+06
  470.201161 2.318936e+06
  470.062459 2.356256e+06
  469.923756 2.386632e+06
  469.785054 2.409640e+06
  469.646351 2.424984e+06
  469.507649 2.432544e+06
  469.368947 2.432312e+06
  469.230244 2.424480e+06
  469.091542 2.409352e+06
  468.952839 2.387424e+06
  468.814137 2.359304e+06
  468.675435 2.325752e+06
  468.536732 2.287624e+06
  468.398030 2.245896e+06
  468.259327 2.201584e+06
  468.120625 2.155784e+06
  467.981922 2.109560e+06
  467.843220 2.064056e+06
  467.704518 2.020312e+06
  467.565815 1.979344e+06
  467.427113 1.942096e+06
  467.288410 1.909408e+06
  467.149708 1.882032e+06
  467.011006 1.860608e+06
  466.872303 1.845616e+06
  466.733601 1.837432e+06
  466.594898 1.836328e+06
  466.456196 1.842448e+06
  466.317494 1.855792e+06
  466.178791 1.876336e+06
  466.040089 1.903888e+06
  465.901386 1.938256e+06
  465.762684 1.979168e+06
  465.623982 2.026312e+06
  465.485279 2.079376e+06
  465.346577 2.138032e+06
  465.207874 2.201952e+06
  465.069172 2.270848e+06
  464.930470 2.344448e+06
  464.791767 2.422520e+06
  464.653065 2.504872e+06
  464.514362 2.591344e+06
  464.375660 2.681840e+06
  464.236957 2.776296e+06
  464.098255 2.874664e+06
  463.959553 2.976936e+06
  463.820850 3.083144e+06
  463.682148 3.193304e+06
  463.543445 3.307456e+06
  463.404743 3.425632e+06
  463.266041 3.547840e+06
  463.127338 3.674096e+06
  462.988636 3.804360e+06
  462.849933 3.938600e+06
  462.711231 4.076712e+06
  462.572529 4.218568e+06
  462.433826 4.364024e+06
  462.295124 4.512832e+06
  462.156421 4.664768e+06
  462.017719 4.819552e+06
  461.879017 4.976856e+06
  461.740314 5.136304e+06
  461.601612 5.297552e+06
  461.462909 5.460176e+06
  461.324207 5.623800e+06
  461.185505 5.787992e+06
  461.046802 5.952376e+06
  460.908100 6.116576e+06
  460.769397 6.280272e+06
  460.630695 6.443152e+06
  460.491992 6.604992e+06
  460.353290 6.765616e+06
  460.214588 6.924904e+06
  460.075885 7.082848e+06
  459.937183 7.239504e+06
  459.798480 7.395008e+06
  459.659778 7.549600e+06
  459.521076 7.703584e+06
  459.382373 7.857352e+06
  459.243671 8.011368e+06
  459.104968 8.166152e+06
  458.966266 8.322288e+06
  458.827564 8.480400e+06
  458.688861 8.641136e+06
  458.550159 8.805168e+06
  458.411456 8.973160e+06
  458.272754 9.145784e+06
  458.134052 9.323696e+06
  457.995349 9.507480e+06
  457.856647 9.697712e+06
  457.717944 9.894912e+06
  457.579242 1.009953e+07
  457.440540 1.031195e+07
  457.301837 1.053249e+07
  457.163135 1.076138e+07
  457.024432 1.099879e+07
  456.885730 1.124482e+07
  456.747027 1.149945e+07
  456.608325 1.176266e+07
  456.469623 1.203433e+07
  456.330920 1.231430e+07
  456.192218 1.260238e+07
  456.053515 1.289831e+07
  455.914813 1.320186e+07
  455.776111 1.351281e+07
  455.637408 1.383087e+07
  455.498706 1.415586e+07
  455.360003 1.448759e+07
  455.221301 1.482592e+07
  455.082599 1.517077e+07
  454.943896 1.552210e+07
  454.805194 1.587993e+07
  454.666491 1.624434e+07
  454.527789 1.661546e+07
  454.389087 1.699345e+07
  454.250384 1.737846e+07
  454.111682 1.777066e+07
  453.972979 1.817022e+07
  453.834277 1.857722e+07
  453.695575 1.899169e+07
  453.556872 1.941357e+07
  453.418170 1.984263e+07
  453.279467 2.027855e+07
  453.140765 2.072080e+07
  453.002062 2.116866e+07
  452.863360 2.162123e+07
  452.724658 2.207739e+07
  452.585955 2.253584e+07
  452.447253 2.299505e+07
  452.308550 2.345333e+07
  452.169848 2.390882e+07
  452.031146 2.435952e+07
  451.892443 2.480331e+07
  451.753741 2.523803e+07
  451.615038 2.566147e+07
  451.476336 2.607142e+07
  451.337634 2.646572e+07
  451.198931 2.684233e+07
  451.060229 2.719930e+07
  450.921526 2.753488e+07
  450.782824 2.784750e+07
  450.644122 2.813585e+07
  450.505419 2.839884e+07
  450.366717 2.863564e+07
  450.228014 2.884575e+07
  450.089312 2.902893e+07
  449.950610 2.918522e+07
  449.811907 2.931494e+07
  449.673205 2.941868e+07
  449.534502 2.949729e+07
  449.395800 2.955180e+07
  449.257097 2.958350e+07
  449.118395 2.959380e+07
  448.979693 2.958425e+07
  448.840990 2.955654e+07
  448.702288 2.951240e+07
  448.563585 2.945361e+07
  448.424883 2.938196e+07
  448.286181 2.929922e+07
  448.147478 2.920712e+07
  448.008776 2.910732e+07
  447.870073 2.900136e+07
  447.731371 2.889070e+07
  447.592669 2.877666e+07
  447.453966 2.866043e+07
  447.315264 2.854303e+07
  447.176561 2.842534e+07
  447.037859 2.830809e+07
  446.899157 2.819182e+07
  446.760454 2.807696e+07
  446.621752 2.796375e+07
  446.483049 2.785232e+07
  446.344347 2.774266e+07
  446.205645 2.763464e+07
  446.066942 2.752804e+07
  445.928240 2.742256e+07
  445.789537 2.731783e+07
  445.650835 2.721344e+07
  445.512132 2.710895e+07
  445.373430 2.700392e+07
  445.234728 2.689792e+07
  445.096025 2.679053e+07
  444.957323 2.668140e+07
  444.818620 2.657022e+07
  444.679918 2.645670e+07
  444.541216 2.634073e+07
  444.402513 2.622214e+07
  444.263811 2.610095e+07
  444.125108 2.597719e+07
  443.986406 2.585103e+07
  443.847704 2.572266e+07
  443.709001 2.559237e+07
  443.570299 2.546051e+07
  443.431596 2.532752e+07
  443.292894 2.519386e+07
  443.154192 2.506007e+07
  443.015489 2.492670e+07
  442.876787 2.479437e+07
  442.738084 2.466370e+07
  442.599382 2.453536e+07
  442.460680 2.440998e+07
  442.321977 2.428828e+07
  442.183275 2.417093e+07
  442.044572 2.405858e+07
  441.905870 2.395191e+07
  441.767167 2.385157e+07
  441.628465 2.375818e+07
  441.489763 2.367234e+07
  441.351060 2.359462e+07
  441.212358 2.352557e+07
  441.073655 2.346566e+07
  440.934953 2.341534e+07
  440.796251 2.337503e+07
  440.657548 2.334506e+07
  440.518846 2.332570e+07
  440.380143 2.331718e+07
  440.241441 2.331964e+07
  440.102739 2.333317e+07
  439.964036 2.335775e+07
  439.825334 2.339331e+07
  439.686631 2.343969e+07
  439.547929 2.349663e+07
  439.409227 2.356380e+07
  439.270524 2.364079e+07
  439.131822 2.372710e+07
  438.993119 2.382218e+07
  438.854417 2.392534e+07
  438.715715 2.403590e+07
  438.577012 2.415307e+07
  438.438310 2.427604e+07
  438.299607 2.440394e+07
  438.160905 2.453587e+07
  438.022202 2.467093e+07
  437.883500 2.480819e+07
  437.744798 2.494672e+07
  437.606095 2.508564e+07
  437.467393 2.522402e+07
  437.328690 2.536100e+07
  437.189988 2.549576e+07
  437.051286 2.562748e+07
  436.912583 2.575539e+07
  436.773881 2.587876e+07
  436.635178 2.599690e+07
  436.496476 2.610914e+07
  436.357774 2.621484e+07
  436.219071 2.631341e+07
  436.080369 2.640426e+07
  435.941666 2.648683e+07
  435.802964 2.656058e+07
  435.664262 2.662499e+07
  435.525559 2.667958e+07
  435.386857 2.672387e+07
  435.248154 2.675742e+07
  435.109452 2.677982e+07
  434.970750 2.679071e+07
  434.832047 2.678978e+07
  434.693345 2.677677e+07
  434.554642 2.675150e+07
  434.415940 2.671386e+07
  434.277237 2.666379e+07
  434.138535 2.660139e+07
  433.999833 2.652678e+07
  433.861130 2.644022e+07
  433.722428 2.634202e+07
  433.583725 2.623265e+07
  433.445023 2.611260e+07
  433.306321 2.598248e+07
  433.167618 2.584299e+07
  433.028916 2.569488e+07
  432.890213 2.553895e+07
  432.751511 2.537608e+07
  432.612809 2.520718e+07
  432.474106 2.503318e+07
  432.335404 2.485503e+07
  432.196701 2.467371e+07
  432.057999 2.449019e+07
  431.919297 2.430541e+07
  431.780594 2.412030e+07
  431.641892 2.393578e+07
  431.503189 2.375270e+07
  431.364487 2.357190e+07
  431.225785 2.339414e+07
  431.087082 2.322012e+07
  430.948380 2.305052e+07
  430.809677 2.288590e+07
  430.670975 2.272681e+07
  430.532272 2.257369e+07
  430.393570 2.242694e+07
  430.254868 2.228690e+07
  430.116165 2.215385e+07
  429.977463 2.202802e+07
  429.838760 2.190962e+07
  429.700058 2.179885e+07
  429.561356 2.169585e+07
  429.422653 2.160082e+07
  429.283951 2.151394e+07
  429.145248 2.143544e+07
  429.006546 2.136558e+07
  428.867844 2.130471e+07
  428.729141 2.125323e+07
  428.590439 2.121163e+07
  428.451736 2.118049e+07
  428.313034 2.116046e+07
  428.174332 2.115235e+07
  428.035629 2.115701e+07
  427.896927 2.117538e+07
  427.758224 2.120855e+07
  427.619522 2.125762e+07
  427.480820 2.132380e+07
  427.342117 2.140833e+07
  427.203415 2.151249e+07
  427.064712 2.163756e+07
  426.926010 2.178481e+07
  426.787307 2.195548e+07
  426.648605 2.215074e+07
  426.509903 2.237169e+07
  426.371200 2.261930e+07
  426.232498 2.289442e+07
  426.093795 2.319770e+07
  425.955093 2.352968e+07
  425.816391 2.389065e+07
  425.677688 2.428070e+07
  425.538986 2.469974e+07
  425.400283 2.514741e+07
  425.261581 2.562312e+07
  425.122879 2.612610e+07
  424.984176 2.665534e+07
  424.845474 2.720957e+07
  424.706771 2.778739e+07
  424.568069 2.838718e+07
  424.429367 2.900716e+07
  424.290664 2.964540e+07
  424.151962 3.029985e+07
  424.013259 3.096834e+07
  423.874557 3.164866e+07
  423.735855 3.233850e+07
  423.597152 3.303554e+07
  423.458450 3.373745e+07
  423.319747 3.444191e+07
  423.181045 3.514667e+07
  423.042342 3.584951e+07
  422.903640 3.654831e+07
  422.764938 3.724106e+07
  422.626235 3.792584e+07
  422.487533 3.860093e+07
  422.348830 3.926468e+07
  422.210128 3.991569e+07
  422.071426 4.055266e+07
  421.932723 4.117452e+07
  421.794021 4.178037e+07
  421.655318 4.236946e+07
  421.516616 4.294127e+07
  421.377914 4.349545e+07
  421.239211 4.403178e+07
  421.100509 4.455026e+07
  420.961806 4.505101e+07
  420.823104 4.553427e+07
  420.684402 4.600045e+07
  420.545699 4.645001e+07
  420.406997 4.688355e+07
  420.268294 4.730170e+07
  420.129592 4.770514e+07
  419.990890 4.809461e+07
  419.852187 4.847083e+07
  419.713485 4.883453e+07
  419.574782 4.918640e+07
  419.436080 4.952712e+07
  419.297377 4.985728e+07
  419.158675 5.017744e+07
  419.019973 5.048808e+07
  418.881270 5.078962e+07
  418.742568 5.108237e+07
  418.603865 5.136660e+07
  418.465163 5.164246e+07
  418.326461 5.191006e+07
  418.187758 5.216939e+07
  418.049056 5.242042e+07
  417.910353 5.266300e+07
  417.771651 5.289694e+07
  417.632949 5.312192e+07
  417.494246 5.333765e+07
  417.355544 5.354369e+07
  417.216841 5.373954e+07
  417.078139 5.392466e+07
  416.939437 5.409842e+07
  416.800734 5.426009e+07
  416.662032 5.440890e+07
  416.523329 5.454402e+07
  416.384627 5.466450e+07
  416.245925 5.476936e+07
  416.107222 5.485757e+07
  415.968520 5.492803e+07
  415.829817 5.497962e+07
  415.691115 5.501118e+07
  415.552412 5.502158e+07
  415.413710 5.500968e+07
  415.275008 5.497440e+07
  415.136305 5.491469e+07
  414.997603 5.482962e+07
  414.858900 5.471831e+07
  414.720198 5.458009e+07
  414.581496 5.441434e+07
  414.442793 5.422070e+07
  414.304091 5.399891e+07
  414.165388 5.374894e+07
  414.026686 5.347094e+07
  413.887984 5.316526e+07
  413.749281 5.283242e+07
  413.610579 5.247318e+07
  413.471876 5.208845e+07
  413.333174 5.167926e+07
  413.194472 5.124683e+07
  413.055769 5.079251e+07
  412.917067 5.031770e+07
  412.778364 4.982393e+07
  412.639662 4.931275e+07
  412.500960 4.878575e+07
  412.362257 4.824454e+07
  412.223555 4.769070e+07
  412.084852 4.712578e+07
  411.946150 4.655130e+07
  411.807447 4.596871e+07
  411.668745 4.537937e+07
  411.530043 4.478459e+07
  411.391340 4.418558e+07
  411.252638 4.358346e+07
  411.113935 4.297927e+07
  410.975233 4.237394e+07
  410.836531 4.176832e+07
  410.697828 4.116315e+07
  410.559126 4.055912e+07
  410.420423 3.995680e+07
  410.281721 3.935668e+07
  410.143019 3.875921e+07
  410.004316 3.816470e+07
  409.865614 3.757344e+07
  409.726911 3.698562e+07
  409.588209 3.640140e+07
  409.449507 3.582085e+07
  409.310804 3.524401e+07
  409.172102 3.467087e+07
  409.033399 3.410140e+07
  408.894697 3.353554e+07
  408.755995 3.297321e+07
  408.617292 3.241434e+07
  408.478590 3.185889e+07
  408.339887 3.130682e+07
  408.201185 3.075817e+07
  408.062482 3.021298e+07
  407.923780 2.967140e+07
  407.785078 2.913366e+07
  407.646375 2.860008e+07
  407.507673 2.807107e+07
  407.368970 2.754718e+07
  407.230268 2.702906e+07
  407.091566 2.651748e+07
  406.952863 2.601331e+07
  406.814161 2.551761e+07
  406.675458 2.503148e+07
  406.536756 2.455617e+07
  406.398054 2.409302e+07
  406.259351 2.364343e+07
  406.120649 2.320890e+07
  405.981946 2.279098e+07
  405.843244 2.239120e+07
  405.704542 2.201116e+07
  405.565839 2.165242e+07
  405.427137 2.131653e+07
  405.288434 2.100497e+07
  405.149732 2.071915e+07
  405.011030 2.046040e+07
  404.872327 2.022994e+07
  404.733625 2.002886e+07
  404.594922 1.985810e+07
  404.456220 1.971850e+07
  404.317517 1.961072e+07
  404.178815 1.953525e+07
  404.040113 1.949242e+07
  403.901410 1.948242e+07
  403.762708 1.950527e+07
  403.624005 1.956084e+07
  403.485303 1.964882e+07
  403.346601 1.976880e+07
  403.207898 1.992021e+07
  403.069196 2.010237e+07
  402.930493 2.031446e+07
  402.791791 2.055561e+07
  402.653089 2.082479e+07
  402.514386 2.112094e+07
  402.375684 2.144290e+07
  402.236981 2.178945e+07
  402.098279 2.215934e+07
  401.959577 2.255129e+07
  401.820874 2.296395e+07
  401.682172 2.339601e+07
  401.543469 2.384611e+07
  401.404767 2.431295e+07
  401.266065 2.479522e+07
  401.127362 2.529165e+07
  400.988660 2.580100e+07
  400.849957 2.632210e+07
  400.711255 2.685383e+07
  400.572552 2.739512e+07
  400.433850 2.794495e+07
  400.295148 2.850239e+07
  400.156445 2.906653e+07
  400.017743 2.963654e+07
  399.879040 3.021162e+07
  399.740338 3.079098e+07
  399.601636 3.137391e+07
  399.462933 3.195965e+07
  399.324231 3.254749e+07
  399.185528 3.313666e+07
  399.046826 3.372643e+07
  398.908124 3.431601e+07
  398.769421 3.490458e+07
  398.630719 3.549128e+07
  398.492016 3.607521e+07
  398.353314 3.665546e+07
  398.214612 3.723106e+07
  398.075909 3.780102e+07
  397.937207 3.836437e+07
  397.798504 3.892009e+07
  397.659802 3.946722e+07
  397.521100 4.000478e+07
  397.382397 4.053189e+07
  397.243695 4.104770e+07
  397.104992 4.155147e+07
  396.966290 4.204252e+07
  396.827587 4.252030e+07
  396.688885 4.298439e+07
  396.550183 4.343449e+07
  396.411480 4.387048e+07
  396.272778 4.429230e+07
  396.134075 4.470014e+07
  395.995373 4.509426e+07
  395.856671 4.547507e+07
  395.717968 4.584312e+07
  395.579266 4.619906e+07
  395.440563 4.654359e+07
  395.301861 4.687757e+07
  395.163159 4.720183e+07
  395.024456 4.751724e+07
  394.885754 4.782470e+07
  394.747051 4.812504e+07
  394.608349 4.841907e+07
  394.469647 4.870754e+07
  394.330944 4.899109e+07
  394.192242 4.927025e+07
  394.053539 4.954546e+07
  393.914837 4.981701e+07
  393.776135 5.008510e+07
  393.637432 5.034977e+07
  393.498730 5.061096e+07
  393.360027 5.086849e+07
  393.221325 5.112210e+07
  393.082622 5.137138e+07
  392.943920 5.161594e+07
  392.805218 5.185526e+07
  392.666515 5.208881e+07
  392.527813 5.231602e+07
  392.389110 5.253630e+07
  392.250408 5.274906e+07
  392.111706 5.295375e+07
  391.973003 5.314978e+07
  391.834301 5.333662e+07
  391.695598 5.351376e+07
  391.556896 5.368071e+07
  391.418194 5.383706e+07
  391.279491 5.398238e+07
  391.140789 5.411634e+07
  391.002086 5.423865e+07
  390.863384 5.434905e+07
  390.724682 5.444738e+07
  390.585979 5.453351e+07
  390.447277 5.460739e+07
  390.308574 5.466906e+07
  390.169872 5.471858e+07
  390.031170 5.475614e+07
  389.892467 5.478198e+07
  389.753765 5.479640e+07
  389.615062 5.479976e+07
  389.476360 5.479246e+07
  389.337657 5.477498e+07
  389.198955 5.474777e+07
  389.060253 5.471135e+07
  388.921550 5.466620e+07
  388.782848 5.461282e+07
  388.644145 5.455166e+07
  388.505443 5.448316e+07
  388.366741 5.440770e+07
  388.228038 5.432564e+07
  388.089336 5.423725e+07
  387.950633 5.414278e+07
  387.811931 5.404246e+07
  387.673229 5.393641e+07
  387.534526 5.382480e+07
  387.395824 5.370772e+07
  387.257121 5.358527e+07
  387.118419 5.345758e+07
  386.979717 5.332475e+07
  386.841014 5.318692e+07
  386.702312 5.304425e+07
  386.563609 5.289697e+07
  386.424907 5.274530e+07
  386.286205 5.258954e+07
  386.147502 5.243003e+07
  386.008800 5.226716e+07
  385.870097 5.210134e+07
  385.731395 5.193303e+07
  385.592692 5.176273e+07
  385.453990 5.159094e+07
  385.315288 5.141818e+07
  385.176585 5.124501e+07
  385.037883 5.107194e+07
  384.899180 5.089947e+07
  384.760478 5.072811e+07
  384.621776 5.055830e+07
  384.483073 5.039046e+07
  384.344371 5.022498e+07
  384.205668 5.006212e+07
  384.066966 4.990216e+07
  383.928264 4.974526e+07
  383.789561 4.959156e+07
  383.650859 4.944108e+07
  383.512156 4.929378e+07
  383.373454 4.914956e+07
  383.234752 4.900825e+07
  383.096049 4.886962e+07
  382.957347 4.873337e+07
  382.818644 4.859914e+07
  382.679942 4.846659e+07
  382.541240 4.833525e+07
  382.402537 4.820469e+07
  382.263835 4.807444e+07
  382.125132 4.794402e+07
  381.986430 4.781298e+07
  381.847727 4.768084e+07
  381.709025 4.754718e+07
  381.570323 4.741161e+07
  381.431620 4.727375e+07
  381.292918 4.713333e+07
  381.154215 4.699007e+07
  381.015513 4.684382e+07
  380.876811 4.669449e+07
  380.738108 4.654206e+07
  380.599406 4.638664e+07
  380.460703 4.622838e+07
  380.322001 4.606760e+07
  380.183299 4.590468e+07
  380.044596 4.574013e+07
  379.905894 4.557454e+07
  379.767191 4.540862e+07
  379.628489 4.524318e+07
  379.489787 4.507914e+07
  379.351084 4.491742e+07
  379.212382 4.475910e+07
  379.073679 4.460526e+07
  378.934977 4.445704e+07
  378.796275 4.431560e+07
  378.657572 4.418211e+07
  378.518870 4.405773e+07
  378.380167 4.394358e+07
  378.241465 4.384074e+07
  378.102762 4.375025e+07
  377.964060 4.367303e+07
  377.825358 4.360995e+07
  377.686655 4.356174e+07
  377.547953 4.352902e+07
  377.409250 4.351230e+07
  377.270548 4.351194e+07
  377.131846 4.352817e+07
  376.993143 4.356109e+07
  376.854441 4.361062e+07
  376.715738 4.367658e+07
  376.577036 4.375864e+07
  376.438334 4.385631e+07
  376.299631 4.396902e+07
  376.160929 4.409605e+07
  376.022226 4.423658e+07
  375.883524 4.438966e+07
  375.744822 4.455434e+07
  375.606119 4.472951e+07
  375.467417 4.491402e+07
  375.328714 4.510671e+07
  375.190012 4.530635e+07
  375.051310 4.551170e+07
  374.912607 4.572153e+07
  374.773905 4.593462e+07
  374.635202 4.614977e+07
  374.496500 4.636583e+07
  374.357797 4.658170e+07
  374.219095 4.679633e+07
  374.080393 4.700876e+07
  373.941690 4.721814e+07
  373.802988 4.742364e+07
  373.664285 4.762458e+07
  373.525583 4.782036e+07
  373.386881 4.801046e+07
  373.248178 4.819446e+07
  373.109476 4.837203e+07
  372.970773 4.854290e+07
  372.832071 4.870692e+07
  372.693369 4.886396e+07
  372.554666 4.901396e+07
  372.415964 4.915692e+07
  372.277261 4.929286e+07
  372.138559 4.942185e+07
  371.999857 4.954395e+07
  371.861154 4.965930e+07
  371.722452 4.976796e+07
  371.583749 4.987006e+07
  371.445047 4.996572e+07
  371.306345 5.005504e+07
  371.167642 5.013812e+07
  371.028940 5.021508e+07
  370.890237 5.028602e+07
  370.751535 5.035102e+07
  370.612832 5.041021e+07
  370.474130 5.046369e+07
  370.335428 5.051156e+07
  370.196725 5.055392e+07
  370.058023 5.059088e+07
  369.919320 5.062254e+07
  369.780618 5.064898e+07
  369.641916 5.067027e+07
  369.503213 5.068644e+07
  369.364511 5.069750e+07
  369.225808 5.070341e+07
  369.087106 5.070410e+07
  368.948404 5.069942e+07
  368.809701 5.068916e+07
  368.670999 5.067307e+07
  368.532296 5.065083e+07
  368.393594 5.062205e+07
  368.254892 5.058630e+07
  368.116189 5.054310e+07
  367.977487 5.049193e+07
  367.838784 5.043224e+07
  367.700082 5.036353e+07
  367.561380 5.028522e+07
  367.422677 5.019685e+07
  367.283975 5.009792e+07
  367.145272 4.998803e+07
  367.006570 4.986687e+07
  366.867867 4.973419e+07
  366.729165 4.958986e+07
  366.590463 4.943383e+07
  366.451760 4.926621e+07
  366.313058 4.908722e+07
  366.174355 4.889722e+07
  366.035653 4.869666e+07
  365.896951 4.848622e+07
  365.758248 4.826662e+07
  365.619546 4.803878e+07
  365.480843 4.780368e+07
  365.342141 4.756247e+07
  365.203439 4.731638e+07
  365.064736 4.706676e+07
  364.926034 4.681502e+07
  364.787331 4.656264e+07
  364.648629 4.631118e+07
  364.509927 4.606220e+07
  364.371224 4.581730e+07
  364.232522 4.557807e+07
  364.093819 4.534608e+07
  363.955117 4.512285e+07
  363.816415 4.490982e+07
  363.677712 4.470838e+07
  363.539010 4.451981e+07
  363.400307 4.434522e+07
  363.261605 4.418562e+07
  363.122902 4.404189e+07
  362.984200 4.391466e+07
  362.845498 4.380445e+07
  362.706795 4.371155e+07
  362.568093 4.363608e+07
  362.429390 4.357790e+07
  362.290688 4.353674e+07
  362.151986 4.351205e+07
  362.013283 4.350311e+07
  361.874581 4.350900e+07
  361.735878 4.352862e+07
  361.597176 4.356066e+07
  361.458474 4.360365e+07
  361.319771 4.365598e+07
  361.181069 4.371590e+07
  361.042366 4.378150e+07
  360.903664 4.385086e+07
  360.764962 4.392186e+07
  360.626259 4.399246e+07
  360.487557 4.406046e+07
  360.348854 4.412375e+07
  360.210152 4.418022e+07
  360.071450 4.422778e+07
  359.932747 4.426445e+07
  359.794045 4.428831e+07
  359.655342 4.429761e+07
  359.516640 4.429073e+07
  359.377937 4.426620e+07
  359.239235 4.422276e+07
  359.100533 4.415936e+07
  358.961830 4.407514e+07
  358.823128 4.396952e+07
  358.684425 4.384210e+07
  358.545723 4.369274e+07
  358.407021 4.352157e+07
  358.268318 4.332892e+07
  358.129616 4.311536e+07
  357.990913 4.288171e+07
  357.852211 4.262896e+07
  357.713509 4.235834e+07
  357.574806 4.207124e+07
  357.436104 4.176923e+07
  357.297401 4.145402e+07
  357.158699 4.112747e+07
  357.019997 4.079152e+07
  356.881294 4.044823e+07
  356.742592 4.009970e+07
  356.603889 3.974814e+07
  356.465187 3.939568e+07
  356.326485 3.904458e+07
  356.187782 3.869700e+07
  356.049080 3.835510e+07
  355.910377 3.802104e+07
  355.771675 3.769683e+07
  355.632972 3.738446e+07
  355.494270 3.708581e+07
  355.355568 3.680265e+07
  355.216865 3.653662e+07
  355.078163 3.628927e+07
  354.939460 3.606198e+07
  354.800758 3.585598e+07
  354.662056 3.567236e+07
  354.523353 3.551206e+07
  354.384651 3.537587e+07
  354.245948 3.526440e+07
  354.107246 3.517812e+07
  353.968544 3.511734e+07
  353.829841 3.508221e+07
  353.691139 3.507276e+07
  353.552436 3.508889e+07
  353.413734 3.513034e+07
  353.275032 3.519678e+07
  353.136329 3.528775e+07
  352.997627 3.540270e+07
  352.858924 3.554104e+07
  352.720222 3.570209e+07
  352.581520 3.588508e+07
  352.442817 3.608930e+07
  352.304115 3.631395e+07
  352.165412 3.655822e+07
  352.026710 3.682138e+07
  351.888007 3.710262e+07
  351.749305 3.740120e+07
  351.610603 3.771646e+07
  351.471900 3.804770e+07
  351.333198 3.839434e+07
  351.194495 3.875583e+07
  351.055793 3.913170e+07
  350.917091 3.952150e+07
  350.778388 3.992489e+07
  350.639686 4.034154e+07
  350.500983 4.077124e+07
  350.362281 4.121376e+07
  350.223579 4.166897e+07
  350.084876 4.213675e+07
  349.946174 4.261702e+07
  349.807471 4.310970e+07
  349.668769 4.361474e+07
  349.530067 4.413207e+07
  349.391364 4.466162e+07
  349.252662 4.520326e+07
  349.113959 4.575687e+07
  348.975257 4.632225e+07
  348.836555 4.689914e+07
  348.697852 4.748720e+07
  348.559150 4.808607e+07
  348.420447 4.869524e+07
  348.281745 4.931414e+07
  348.143042 4.994212e+07
  348.004340 5.057842e+07
  347.865638 5.122219e+07
  347.726935 5.187247e+07
  347.588233 5.252825e+07
  347.449530 5.318839e+07
  347.310828 5.385170e+07
  347.172126 5.451695e+07
  347.033423 5.518281e+07
  346.894721 5.584789e+07
  346.756018 5.651085e+07
  346.617316 5.717027e+07
  346.478614 5.782478e+07
  346.339911 5.847302e+07
  346.201209 5.911363e+07
  346.062506 5.974538e+07
  345.923804 6.036707e+07
  345.785102 6.097763e+07
  345.646399 6.157607e+07
  345.507697 6.216154e+07
  345.368994 6.273330e+07
  345.230292 6.329079e+07
  345.091590 6.383358e+07
  344.952887 6.436139e+07
  344.814185 6.487408e+07
  344.675482 6.537168e+07
  344.536780 6.585434e+07
  344.398077 6.632235e+07
  344.259375 6.677610e+07
  344.120673 6.721614e+07
  343.981970 6.764304e+07
  343.843268 6.805750e+07
  343.704565 6.846024e+07
  343.565863 6.885207e+07
  343.427161 6.923380e+07
  343.288458 6.960626e+07
  343.149756 6.997028e+07
  343.011053 7.032671e+07
  342.872351 7.067636e+07
  342.733649 7.102003e+07
  342.594946 7.135850e+07
  342.456244 7.169255e+07
  342.317541 7.202290e+07
  342.178839 7.235024e+07
  342.040137 7.267532e+07
  341.901434 7.299881e+07
  341.762732 7.332138e+07
  341.624029 7.364370e+07
  341.485327 7.396646e+07
  341.346625 7.429030e+07
  341.207922 7.461586e+07
  341.069220 7.494378e+07
  340.930517 7.527466e+07
  340.791815 7.560907e+07
  340.653113 7.594750e+07
  340.514410 7.629041e+07
  340.375708 7.663815e+07
  340.237005 7.699100e+07
  340.098303 7.734910e+07
  339.959600 7.771251e+07
  339.820898 7.808111e+07
  339.682196 7.845466e+07
  339.543493 7.883278e+07
  339.404791 7.921491e+07
  339.266088 7.960038e+07
  339.127386 7.998836e+07
  338.988684 8.037791e+07
  338.849981 8.076793e+07
  338.711279 8.115725e+07
  338.572576 8.154462e+07
  338.433874 8.192873e+07
  338.295172 8.230818e+07
  338.156469 8.268160e+07
  338.017767 8.304759e+07
  337.879064 8.340477e+07
  337.740362 8.375180e+07
  337.601660 8.408738e+07
  337.462957 8.441031e+07
  337.324255 8.471946e+07
  337.185552 8.501380e+07
  337.046850 8.529238e+07
  336.908148 8.555439e+07
  336.769445 8.579917e+07
  336.630743 8.602610e+07
  336.492040 8.623477e+07
  336.353338 8.642485e+07
  336.214635 8.659614e+07
  336.075933 8.674856e+07
  335.937231 8.688219e+07
  335.798528 8.699715e+07
  335.659826 8.709376e+07
  335.521123 8.717239e+07
  335.382421 8.723351e+07
  335.243719 8.727774e+07
  335.105016 8.730576e+07
  334.966314 8.731833e+07
  334.827611 8.731633e+07
  334.688909 8.730066e+07
  334.550207 8.727236e+07
  334.411504 8.723246e+07
  334.272802 8.718208e+07
  334.134099 8.712238e+07
  333.995397 8.705454e+07
  333.856695 8.697974e+07
  333.717992 8.689919e+07
  333.579290 8.681408e+07
  333.440587 8.672559e+07
  333.301885 8.663486e+07
  333.163183 8.654299e+07
  333.024480 8.645103e+07
  332.885778 8.635998e+07
  332.747075 8.627073e+07
  332.608373 8.618415e+07
  332.469670 8.610099e+07
  332.330968 8.602194e+07
  332.192266 8.594758e+07
  332.053563 8.587844e+07
  331.914861 8.581493e+07
  331.776158 8.575740e+07
  331.637456 8.570612e+07
  331.498754 8.566128e+07
  331.360051 8.562303e+07
  331.221349 8.559145e+07
  331.082646 8.556657e+07
  330.943944 8.554842e+07
  330.805242 8.553695e+07
  330.666539 8.553214e+07
  330.527837 8.553396e+07
  330.389134 8.554235e+07
  330.250432 8.555727e+07
  330.111730 8.557873e+07
  329.973027 8.560666e+07
  329.834325 8.564111e+07
  329.695622 8.568204e+07
  329.556920 8.572948e+07
  329.418218 8.578340e+07
  329.279515 8.584379e+07
  329.140813 8.591058e+07
  329.002110 8.598369e+07
  328.863408 8.606292e+07
  328.724705 8.614806e+07
  328.586003 8.623879e+07
  328.447301 8.633468e+07
  328.308598 8.643518e+07
  328.169896 8.653962e+07
  328.031193 8.664719e+07
  327.892491 8.675695e+07
  327.753789 8.686780e+07
  327.615086 8.697846e+07
  327.476384 8.708758e+07
  327.337681 8.719358e+07
  327.198979 8.729478e+07
  327.060277 8.738941e+07
  326.921574 8.747552e+07
  326.782872 8.755112e+07
  326.644169 8.761414e+07
  326.505467 8.766243e+07
  326.366765 8.769382e+07
  326.228062 8.770615e+07
  326.089360 8.769724e+07
  325.950657 8.766498e+07
  325.811955 8.760732e+07
  325.673253 8.752227e+07
  325.534550 8.740800e+07
  325.395848 8.726277e+07
  325.257145 8.708502e+07
  325.118443 8.687335e+07
  324.979740 8.662655e+07
  324.841038 8.634363e+07
  324.702336 8.602383e+07
  324.563633 8.566659e+07
  324.424931 8.527163e+07
  324.286228 8.483891e+07
  324.147526 8.436865e+07
  324.008824 8.386134e+07
  323.870121 8.331771e+07
  323.731419 8.273879e+07
  323.592716 8.212584e+07
  323.454014 8.148038e+07
  323.315312 8.080414e+07
  323.176609 8.009912e+07
  323.037907 7.936746e+07
  322.899204 7.861155e+07
  322.760502 7.783388e+07
  322.621800 7.703712e+07
  322.483097 7.622405e+07
  322.344395 7.539749e+07
  322.205692 7.456036e+07
  322.066990 7.371559e+07
  321.928288 7.286610e+07
  321.789585 7.201481e+07
  321.650883 7.116455e+07
  321.512180 7.031810e+07
  321.373478 6.947811e+07
  321.234775 6.864714e+07
  321.096073 6.782760e+07
  320.957371 6.702174e+07
  320.818668 6.623165e+07
  320.679966 6.545926e+07
  320.541263 6.470632e+07
  320.402561 6.397439e+07
  320.263859 6.326490e+07
  320.125156 6.257905e+07
  319.986454 6.191793e+07
  319.847751 6.128244e+07
  319.709049 6.067336e+07
  319.570347 6.009135e+07
  319.431644 5.953692e+07
  319.292942 5.901051e+07
  319.154239 5.851244e+07
  319.015537 5.804294e+07
  318.876835 5.760222e+07
  318.738132 5.719036e+07
  318.599430 5.680743e+07
  318.460727 5.645346e+07
  318.322025 5.612838e+07
  318.183323 5.583216e+07
  318.044620 5.556464e+07
  317.905918 5.532572e+07
  317.767215 5.511518e+07
  317.628513 5.493278e+07
  317.489810 5.477824e+07
  317.351108 5.465124e+07
  317.212406 5.455138e+07
  317.073703 5.447817e+07
  316.935001 5.443113e+07
  316.796298 5.440959e+07
  316.657596 5.441289e+07
  316.518894 5.444022e+07
  316.380191 5.449068e+07
  316.241489 5.456330e+07
  316.102786 5.465699e+07
  315.964084 5.477056e+07
  315.825382 5.490274e+07
  315.686679 5.505217e+07
  315.547977 5.521739e+07
  315.409274 5.539690e+07
  315.270572 5.558918e+07
  315.131870 5.579259e+07
  314.993167 5.600555e+07
  314.854465 5.622644e+07
  314.715762 5.645366e+07
  314.577060 5.668567e+07
  314.438358 5.692096e+07
  314.299655 5.715810e+07
  314.160953 5.739575e+07
  314.022250 5.763267e+07
  313.883548 5.786773e+07
  313.744845 5.809992e+07
  313.606143 5.832838e+07
  313.467441 5.855234e+07
  313.328738 5.877118e+07
  313.190036 5.898443e+07
  313.051333 5.919171e+07
  312.912631 5.939276e+07
  312.773929 5.958741e+07
  312.635226 5.977559e+07
  312.496524 5.995730e+07
  312.357821 6.013258e+07
  312.219119 6.030150e+07
  312.080417 6.046423e+07
  311.941714 6.062084e+07
  311.803012 6.077149e+07
  311.664309 6.091626e+07
  311.525607 6.105526e+07
  311.386905 6.118856e+07
  311.248202 6.131623e+07
  311.109500 6.143830e+07
  310.970797 6.155478e+07
  310.832095 6.166569e+07
  310.693393 6.177103e+07
  310.554690 6.187085e+07
  310.415988 6.196516e+07
  310.277285 6.205405e+07
  310.138583 6.213759e+07
  309.999880 6.221593e+07
  309.861178 6.228926e+07
  309.722476 6.235779e+07
  309.583773 6.242180e+07
  309.445071 6.248161e+07
  309.306368 6.253759e+07
  309.167666 6.259015e+07
  309.028964 6.263974e+07
  308.890261 6.268686e+07
  308.751559 6.273201e+07
  308.612856 6.277578e+07
  308.474154 6.281872e+07
  308.335452 6.286147e+07
  308.196749 6.290466e+07
  308.058047 6.294896e+07
  307.919344 6.299506e+07
  307.780642 6.304366e+07
  307.641940 6.309548e+07
  307.503237 6.315126e+07
  307.364535 6.321174e+07
  307.225832 6.327765e+07
  307.087130 6.334970e+07
  306.948428 6.342860e+07
  306.809725 6.351498e+07
  306.671023 6.360946e+07
  306.532320 6.371256e+07
  306.393618 6.382470e+07
  306.254915 6.394626e+07
  306.116213 6.407742e+07
  305.977511 6.421827e+07
  305.838808 6.436881e+07
  305.700106 6.452881e+07
  305.561403 6.469792e+07
  305.422701 6.487563e+07
  305.283999 6.506129e+07
  305.145296 6.525405e+07
  305.006594 6.545294e+07
  304.867891 6.565688e+07
  304.729189 6.586459e+07
  304.590487 6.607474e+07
  304.451784 6.628586e+07
  304.313082 6.649647e+07
  304.174379 6.670498e+07
  304.035677 6.690978e+07
  303.896975 6.710930e+07
  303.758272 6.730196e+07
  303.619570 6.748623e+07
  303.480867 6.766067e+07
  303.342165 6.782394e+07
  303.203463 6.797482e+07
  303.064760 6.811222e+07
  302.926058 6.823524e+07
  302.787355 6.834310e+07
  302.648653 6.843530e+07
  302.509950 6.851142e+07
  302.371248 6.857131e+07
  302.232546 6.861498e+07
  302.093843 6.864263e+07
  301.955141 6.865463e+07
  301.816438 6.865151e+07
  301.677736 6.863395e+07
  301.539034 6.860276e+07
  301.400331 6.855883e+07
  301.261629 6.850317e+07
  301.122926 6.843682e+07
  300.984224 6.836089e+07
  300.845522 6.827650e+07
  300.706819 6.818478e+07
  300.568117 6.808686e+07
  300.429414 6.798382e+07
  300.290712 6.787674e+07
  300.152010 6.776666e+07
  300.013307 6.765456e+07
  299.874605 6.754141e+07
  299.735902 6.742805e+07
  299.597200 6.731538e+07
  299.458498 6.720418e+07
  299.319795 6.709522e+07
  299.181093 6.698922e+07
  299.042390 6.688685e+07
  298.903688 6.678878e+07
  298.764985 6.669562e+07
  298.626283 6.660795e+07
  298.487581 6.652630e+07
  298.348878 6.645118e+07
  298.210176 6.638306e+07
  298.071473 6.632234e+07
  297.932771 6.626940e+07
  297.794069 6.622456e+07
  297.655366 6.618807e+07
  297.516664 6.616016e+07
  297.377961 6.614095e+07
  297.239259 6.613056e+07
  297.100557 6.612901e+07
  296.961854 6.613628e+07
  296.823152 6.615233e+07
  296.684449 6.617704e+07
  296.545747 6.621029e+07
  296.407045 6.625191e+07
  296.268342 6.630175e+07
  296.129640 6.635963e+07
  295.990937 6.642539e+07
  295.852235 6.649891e+07
  295.713533 6.658006e+07
  295.574830 6.666880e+07
  295.436128 6.676514e+07
  295.297425 6.686911e+07
  295.158723 6.698089e+07
  295.020020 6.710066e+07
  294.881318 6.722876e+07
  294.742616 6.736558e+07
  294.603913 6.751162e+07
  294.465211 6.766747e+07
  294.326508 6.783382e+07
  294.187806 6.801145e+07
  294.049104 6.820120e+07
  293.910401 6.840400e+07
  293.771699 6.862084e+07
  293.632996 6.885273e+07
  293.494294 6.910074e+07
  293.355592 6.936587e+07
  293.216889 6.964919e+07
  293.078187 6.995166e+07
  292.939484 7.027420e+07
  292.800782 7.061760e+07
  292.662080 7.098257e+07
  292.523377 7.136964e+07
  292.384675 7.177920e+07
  292.245972 7.221142e+07
  292.107270 7.266630e+07
  291.968568 7.314359e+07
  291.829865 7.364286e+07
  291.691163 7.416341e+07
  291.552460 7.470437e+07
  291.413758 7.526459e+07
  291.275055 7.584278e+07
  291.136353 7.643742e+07
  290.997651 7.704687e+07
  290.858948 7.766930e+07
  290.720246 7.830282e+07
  290.581543 7.894544e+07
  290.442841 7.959510e+07
  290.304139 8.024980e+07
  290.165436 8.090751e+07
  290.026734 8.156626e+07
  289.888031 8.222421e+07
  289.749329 8.287958e+07
  289.610627 8.353082e+07
  289.471924 8.417646e+07
  289.333222 8.481528e+07
  289.194519 8.544625e+07
  289.055817 8.606854e+07
  288.917115 8.668157e+07
  288.778412 8.728493e+07
  288.639710 8.787846e+07
  288.501007 8.846218e+07
  288.362305 8.903629e+07
  288.223603 8.960117e+07
  288.084900 9.015732e+07
  287.946198 9.070539e+07
  287.807495 9.124605e+07
  287.668793 9.178010e+07
  287.530090 9.230828e+07
  287.391388 9.283142e+07
  287.252686 9.335022e+07
  287.113983 9.386541e+07
  286.975281 9.437756e+07
  286.836578 9.488720e+07
  286.697876 9.539466e+07
  286.559174 9.590021e+07
  286.420471 9.640394e+07
  286.281769 9.690580e+07
  286.143066 9.740559e+07
  286.004364 9.790296e+07
  285.865662 9.839743e+07
  285.726959 9.888838e+07
  285.588257 9.937510e+07
  285.449554 9.985675e+07
  285.310852 1.003324e+08
  285.172150 1.008011e+08
  285.033447 1.012618e+08
  284.894745 1.017133e+08
  284.756042 1.021547e+08
  284.617340 1.025848e+08
  284.478638 1.030025e+08
  284.339935 1.034068e+08
  284.201233 1.037966e+08
  284.062530 1.041709e+08
  283.923828 1.045288e+08
  283.785125 1.048694e+08
  283.646423 1.051920e+08
  283.507721 1.054958e+08
  283.369018 1.057802e+08
  283.230316 1.060445e+08
  283.091613 1.062884e+08
  282.952911 1.065115e+08
  282.814209 1.067134e+08
  282.675506 1.068941e+08
  282.536804 1.070534e+08
  282.398101 1.071913e+08
  282.259399 1.073081e+08
  282.120697 1.074039e+08
  281.981994 1.074790e+08
  281.843292 1.075341e+08
  281.704589 1.075694e+08
  281.565887 1.075858e+08
  281.427185 1.075837e+08
  281.288482 1.075641e+08
  281.149780 1.075275e+08
  281.011077 1.074748e+08
  280.872375 1.074068e+08
  280.733673 1.073242e+08
  280.594970 1.072276e+08
  280.456268 1.071177e+08
  280.317565 1.069952e+08
  280.178863 1.068603e+08
  280.040160 1.067136e+08
  279.901458 1.065552e+08
  279.762756 1.063853e+08
  279.624053 1.062040e+08
  279.485351 1.060113e+08
  279.346648 1.058071e+08
  279.207946 1.055913e+08
  279.069244 1.053636e+08
  278.930541 1.051239e+08
  278.791839 1.048720e+08
  278.653136 1.046078e+08
  278.514434 1.043311e+08
  278.375732 1.040422e+08
  278.237029 1.037409e+08
  278.098327 1.034277e+08
  277.959624 1.031029e+08
  277.820922 1.027670e+08
  277.682220 1.024208e+08
  277.543517 1.020650e+08
  277.404815 1.017006e+08
  277.266112 1.013287e+08
  277.127410 1.009506e+08
  276.988708 1.005676e+08
  276.850005 1.001809e+08
  276.711303 9.979219e+07
  276.572600 9.940276e+07
  276.433898 9.901408e+07
  276.295195 9.862757e+07
  276.156493 9.824457e+07
  276.017791 9.786635e+07
  275.879088 9.749410e+07
  275.740386 9.712887e+07
  275.601683 9.677163e+07
  275.462981 9.642316e+07
  275.324279 9.608418e+07
  275.185576 9.575525e+07
  275.046874 9.543677e+07
  274.908171 9.512910e+07
  274.769469 9.483246e+07
  274.630767 9.454700e+07
  274.492064 9.427280e+07
  274.353362 9.400988e+07
  274.214659 9.375823e+07
  274.075957 9.351784e+07
  273.937255 9.328866e+07
  273.798552 9.307069e+07
  273.659850 9.286390e+07
  273.521147 9.266836e+07
  273.382445 9.248410e+07
  273.243743 9.231122e+07
  273.105040 9.214986e+07
  272.966338 9.200023e+07
  272.827635 9.186254e+07
  272.688933 9.173704e+07
  272.550230 9.162402e+07
  272.411528 9.152381e+07
  272.272826 9.143673e+07
  272.134123 9.136313e+07
  271.995421 9.130336e+07
  271.856718 9.125780e+07
  271.718016 9.122675e+07
  271.579314 9.121059e+07
  271.440611 9.120960e+07
  271.301909 9.122407e+07
  271.163206 9.125425e+07
  271.024504 9.130034e+07
  270.885802 9.136246e+07
  270.747099 9.144073e+07
  270.608397 9.153517e+07
  270.469694 9.164570e+07
  270.330992 9.177220e+07
  270.192290 9.191442e+07
  270.053587 9.207202e+07
  269.914885 9.224457e+07
  269.776182 9.243153e+07
  269.637480 9.263222e+07
  269.498778 9.284589e+07
  269.360075 9.307166e+07
  269.221373 9.330855e+07
  269.082670 9.355551e+07
  268.943968 9.381139e+07
  268.805265 9.407498e+07
  268.666563 9.434502e+07
  268.527861 9.462021e+07
  268.389158 9.489922e+07
  268.250456 9.518074e+07
  268.111753 9.546346e+07
  267.973051 9.574613e+07
  267.834349 9.602753e+07
  267.695646 9.630650e+07
  267.556944 9.658200e+07
  267.418241 9.685303e+07
  267.279539 9.711873e+07
  267.140837 9.737835e+07
  267.002134 9.763124e+07
  266.863432 9.787687e+07
  266.724729 9.811484e+07
  266.586027 9.834486e+07
  266.447325 9.856675e+07
  266.308622 9.878043e+07
  266.169920 9.898595e+07
  266.031217 9.918340e+07
  265.892515 9.937296e+07
  265.753813 9.955487e+07
  265.615110 9.972943e+07
  265.476408 9.989695e+07
  265.337705 1.000578e+08
  265.199003 1.002122e+08
  265.060300 1.003607e+08
  264.921598 1.005034e+08
  264.782896 1.006407e+08
  264.644193 1.007729e+08
  264.505491 1.009001e+08
  264.366788 1.010225e+08
  264.228086 1.011403e+08
  264.089384 1.012535e+08
  263.950681 1.013622e+08
  263.811979 1.014664e+08
  263.673276 1.015660e+08
  263.534574 1.016612e+08
  263.395872 1.017519e+08
  263.257169 1.018379e+08
  263.118467 1.019194e+08
  262.979764 1.019964e+08
  262.841062 1.020689e+08
  262.702360 1.021370e+08
  262.563657 1.022009e+08
  262.424955 1.022609e+08
  262.286252 1.023173e+08
  262.147550 1.023704e+08
  262.008848 1.024209e+08
  261.870145 1.024691e+08
  261.731443 1.025159e+08
  261.592740 1.025620e+08
  261.454038 1.026081e+08
  261.315335 1.026554e+08
  261.176633 1.027046e+08
  261.037931 1.027570e+08
  260.899228 1.028136e+08
  260.760526 1.028755e+08
  260.621823 1.029441e+08
  260.483121 1.030204e+08
  260.344419 1.031059e+08
  260.205716 1.032016e+08
  260.067014 1.033090e+08
  259.928311 1.034294e+08
  259.789609 1.035638e+08
  259.650907 1.037138e+08
  259.512204 1.038804e+08
  259.373502 1.040649e+08
  259.234799 1.042685e+08
  259.096097 1.044924e+08
  258.957395 1.047378e+08
  258.818692 1.050056e+08
  258.679990 1.052969e+08
  258.541287 1.056126e+08
  258.402585 1.059537e+08
  258.263883 1.063210e+08
  258.125180 1.067151e+08
  257.986478 1.071366e+08
  257.847775 1.075861e+08
  257.709073 1.080639e+08
  257.570370 1.085702e+08
  257.431668 1.091051e+08
  257.292966 1.096685e+08
  257.154263 1.102602e+08
  257.015561 1.108797e+08
  256.876858 1.115265e+08
  256.738156 1.121997e+08
  256.599454 1.128986e+08
  256.460751 1.136218e+08
  256.322049 1.143683e+08
  256.183346 1.151363e+08
  256.044644 1.159245e+08
  255.905942 1.167310e+08
  255.767239 1.175539e+08
  255.628537 1.183912e+08
  255.489834 1.192408e+08
  255.351132 1.201005e+08
  255.212430 1.209680e+08
  255.073727 1.218411e+08
  254.935025 1.227172e+08
  254.796322 1.235942e+08
  254.657620 1.244695e+08
  254.518918 1.253408e+08
  254.380215 1.262057e+08
  254.241513 1.270620e+08
  254.102810 1.279073e+08
  253.964108 1.287394e+08
  253.825405 1.295562e+08
  253.686703 1.303557e+08
  253.548001 1.311358e+08
  253.409298 1.318948e+08
  253.270596 1.326310e+08
  253.131893 1.333426e+08
  252.993191 1.340283e+08
  252.854489 1.346867e+08
  252.715786 1.353167e+08
  252.577084 1.359172e+08
  252.438381 1.364875e+08
  252.299679 1.370267e+08
  252.160977 1.375346e+08
  252.022274 1.380108e+08
  251.883572 1.384551e+08
  251.744869 1.388676e+08
  251.606167 1.392487e+08
  251.467465 1.395987e+08
  251.328762 1.399184e+08
  251.190060 1.402084e+08
  251.051357 1.404699e+08
  250.912655 1.407041e+08
  250.773953 1.409121e+08
  250.635250 1.410956e+08
  250.496548 1.412561e+08
  250.357845 1.413955e+08
  250.219143 1.415155e+08
  250.080440 1.416181e+08
  249.941738 1.417054e+08
  249.803036 1.417795e+08
  249.664333 1.418426e+08
  249.525631 1.418967e+08
  249.386928 1.419440e+08
  249.248226 1.419868e+08
  249.109524 1.420272e+08
  248.970821 1.420670e+08
  248.832119 1.421085e+08
  248.693416 1.421534e+08
  248.554714 1.422035e+08
  248.416012 1.422605e+08
  248.277309 1.423259e+08
  248.138607 1.424010e+08
  247.999904 1.424872e+08
  247.861202 1.425854e+08
  247.722500 1.426966e+08
  247.583797 1.428216e+08
  247.445095 1.429611e+08
  247.306392 1.431153e+08
  247.167690 1.432848e+08
  247.028988 1.434696e+08
  246.890285 1.436700e+08
  246.751583 1.438857e+08
  246.612880 1.441167e+08
  246.474178 1.443627e+08
  246.335475 1.446235e+08
  246.196773 1.448986e+08
  246.058071 1.451875e+08
  245.919368 1.454897e+08
  245.780666 1.458047e+08
  245.641963 1.461319e+08
  245.503261 1.464705e+08
  245.364559 1.468198e+08
  245.225856 1.471792e+08
  245.087154 1.475479e+08
  244.948451 1.479251e+08
  244.809749 1.483100e+08
  244.671047 1.487017e+08
  244.532344 1.490995e+08
  244.393642 1.495025e+08
  244.254939 1.499098e+08
  244.116237 1.503207e+08
  243.977535 1.507343e+08
  243.838832 1.511497e+08
  243.700130 1.515663e+08
  243.561427 1.519832e+08
  243.422725 1.523997e+08
  243.284023 1.528152e+08
  243.145320 1.532289e+08
  243.006618 1.536403e+08
  242.867915 1.540489e+08
  242.729213 1.544539e+08
  242.590510 1.548549e+08
  242.451808 1.552515e+08
  242.313106 1.556430e+08
  242.174403 1.560290e+08
  242.035701 1.564091e+08
  241.896998 1.567826e+08
  241.758296 1.571492e+08
  241.619594 1.575083e+08
  241.480891 1.578593e+08
  241.342189 1.582018e+08
  241.203486 1.585352e+08
  241.064784 1.588590e+08
  240.926082 1.591727e+08
  240.787379 1.594757e+08
  240.648677 1.597676e+08
  240.509974 1.600480e+08
  240.371272 1.603166e+08
  240.232570 1.605730e+08
  240.093867 1.608170e+08
  239.955165 1.610487e+08
  239.816462 1.612678e+08
  239.677760 1.614746e+08
  239.539058 1.616692e+08
  239.400355 1.618519e+08
  239.261653 1.620232e+08
  239.122950 1.621834e+08
  238.984248 1.623333e+08
  238.845545 1.624733e+08
  238.706843 1.626042e+08
  238.568141 1.627268e+08
  238.429438 1.628416e+08
  238.290736 1.629495e+08
  238.152033 1.630512e+08
  238.013331 1.631473e+08
  237.874629 1.632384e+08
  237.735926 1.633251e+08
  237.597224 1.634079e+08
  237.458521 1.634873e+08
  237.319819 1.635636e+08
  237.181117 1.636370e+08
  237.042414 1.637080e+08
  236.903712 1.637766e+08
  236.765009 1.638432e+08
  236.626307 1.639077e+08
  236.487605 1.639705e+08
  236.348902 1.640318e+08
  236.210200 1.640917e+08
  236.071497 1.641506e+08
  235.932795 1.642089e+08
  235.794093 1.642668e+08
  235.655390 1.643251e+08
  235.516688 1.643841e+08
  235.377985 1.644446e+08
  235.239283 1.645073e+08
  235.100580 1.645729e+08
  234.961878 1.646425e+08
  234.823176 1.647167e+08
  234.684473 1.647967e+08
  234.545771 1.648832e+08
  234.407068 1.649774e+08
  234.268366 1.650800e+08
  234.129664 1.651919e+08
  233.990961 1.653141e+08
  233.852259 1.654471e+08
  233.713556 1.655917e+08
  233.574854 1.657482e+08
  233.436152 1.659172e+08
  233.297449 1.660988e+08
  233.158747 1.662930e+08
  233.020044 1.664999e+08
  232.881342 1.667192e+08
  232.742640 1.669504e+08
  232.603937 1.671930e+08
  232.465235 1.674464e+08
  232.326532 1.677096e+08
  232.187830 1.679818e+08
  232.049128 1.682620e+08
  231.910425 1.685491e+08
  231.771723 1.688421e+08
  231.633020 1.691398e+08
  231.494318 1.694411e+08
  231.355615 1.697451e+08
  231.216913 1.700508e+08
  231.078211 1.703573e+08
  230.939508 1.706638e+08
  230.800806 1.709697e+08
  230.662103 1.712745e+08
  230.523401 1.715779e+08
  230.384699 1.718795e+08
  230.245996 1.721794e+08
  230.107294 1.724775e+08
  229.968591 1.727739e+08
  229.829889 1.730690e+08
  229.691187 1.733632e+08
  229.552484 1.736567e+08
  229.413782 1.739501e+08
  229.275079 1.742438e+08
  229.136377 1.745384e+08
  228.997675 1.748343e+08
  228.858972 1.751319e+08
  228.720270 1.754317e+08
  228.581567 1.757338e+08
  228.442865 1.760386e+08
  228.304163 1.763462e+08
  228.165460 1.766565e+08
  228.026758 1.769695e+08
  227.888055 1.772851e+08
  227.749353 1.776030e+08
  227.610650 1.779228e+08
  227.471948 1.782442e+08
  227.333246 1.785666e+08
  227.194543 1.788896e+08
  227.055841 1.792126e+08
  226.917138 1.795350e+08
  226.778436 1.798564e+08
  226.639734 1.801760e+08
  226.501031 1.804934e+08
  226.362329 1.808081e+08
  226.223626 1.811196e+08
  226.084924 1.814277e+08
  225.946222 1.817319e+08
  225.807519 1.820320e+08
  225.668817 1.823279e+08
  225.530114 1.826196e+08
  225.391412 1.829069e+08
  225.252710 1.831901e+08
  225.114007 1.834694e+08
  224.975305 1.837450e+08
  224.836602 1.840172e+08
  224.697900 1.842865e+08
  224.559198 1.845533e+08
  224.420495 1.848183e+08
  224.281793 1.850818e+08
  224.143090 1.853446e+08
  224.004388 1.856072e+08
  223.865685 1.858701e+08
  223.726983 1.861339e+08
  223.588281 1.863990e+08
  223.449578 1.866660e+08
  223.310876 1.869352e+08
  223.172173 1.872068e+08
  223.033471 1.874811e+08
  222.894769 1.877581e+08
  222.756066 1.880379e+08
  222.617364 1.883203e+08
  222.478661 1.886051e+08
  222.339959 1.888921e+08
  222.201257 1.891808e+08
  222.062554 1.894707e+08
  221.923852 1.897612e+08
  221.785149 1.900518e+08
  221.646447 1.903416e+08
  221.507745 1.906301e+08
  221.369042 1.909164e+08
  221.230340 1.911997e+08
  221.091637 1.914793e+08
  220.952935 1.917544e+08
  220.814233 1.920243e+08
  220.675530 1.922883e+08
  220.536828 1.925457e+08
  220.398125 1.927960e+08
  220.259423 1.930387e+08
  220.120720 1.932733e+08
  219.982018 1.934994e+08
  219.843316 1.937169e+08
  219.704613 1.939254e+08
  219.565911 1.941248e+08
  219.427208 1.943151e+08
  219.288506 1.944962e+08
  219.149804 1.946682e+08
  219.011101 1.948311e+08
  218.872399 1.949850e+08
  218.733696 1.951300e+08
  218.594994 1.952663e+08
  218.456292 1.953940e+08
  218.317589 1.955133e+08
  218.178887 1.956242e+08
  218.040184 1.957271e+08
  217.901482 1.958220e+08
  217.762780 1.959091e+08
  217.624077 1.959885e+08
  217.485375 1.960605e+08
  217.346672 1.961252e+08
  217.207970 1.961828e+08
  217.069268 1.962335e+08
  216.930565 1.962775e+08
  216.791863 1.963149e+08
  216.653160 1.963461e+08
  216.514458 1.963712e+08
  216.375755 1.963905e+08
  216.237053 1.964040e+08
  216.098351 1.964121e+08
  215.959648 1.964147e+08
  215.820946 1.964120e+08
  215.682243 1.964040e+08
  215.543541 1.963908e+08
  215.404839 1.963723e+08
  215.266136 1.963484e+08
  215.127434 1.963189e+08
  214.988731 1.962836e+08
  214.850029 1.962425e+08
  214.711327 1.961951e+08
  214.572624 1.961412e+08
  214.433922 1.960807e+08
  214.295219 1.960132e+08
  214.156517 1.959386e+08
  214.017815 1.958567e+08
  213.879112 1.957674e+08
  213.740410 1.956708e+08
  213.601707 1.955668e+08
  213.463005 1.954556e+08
  213.324303 1.953376e+08
  213.185600 1.952128e+08
  213.046898 1.950819e+08
  212.908195 1.949453e+08
  212.769493 1.948036e+08
  212.630790 1.946574e+08
  212.492088 1.945074e+08
  212.353386 1.943544e+08
  212.214683 1.941992e+08
  212.075981 1.940426e+08
  211.937278 1.938854e+08
  211.798576 1.937286e+08
  211.659874 1.935728e+08
  211.521171 1.934190e+08
  211.382469 1.932680e+08
  211.243766 1.931205e+08
  211.105064 1.929774e+08
  210.966362 1.928394e+08
  210.827659 1.927072e+08
  210.688957 1.925814e+08
  210.550254 1.924627e+08
  210.411552 1.923518e+08
  210.272850 1.922491e+08
  210.134147 1.921553e+08
  209.995445 1.920708e+08
  209.856742 1.919962e+08
  209.718040 1.919319e+08
  209.579338 1.918781e+08
  209.440635 1.918355e+08
  209.301933 1.918041e+08
  209.163230 1.917844e+08
  209.024528 1.917767e+08
  208.885825 1.917811e+08
  208.747123 1.917979e+08
  208.608421 1.918274e+08
  208.469718 1.918696e+08
  208.331016 1.919249e+08
  208.192313 1.919934e+08
  208.053611 1.920754e+08
  207.914909 1.921711e+08
  207.776206 1.922807e+08
  207.637504 1.924047e+08
  207.498801 1.925434e+08
  207.360099 1.926970e+08
  207.221397 1.928661e+08
  207.082694 1.930510e+08
  206.943992 1.932521e+08
  206.805289 1.934700e+08
  206.666587 1.937051e+08
  206.527885 1.939576e+08
  206.389182 1.942281e+08
  206.250480 1.945167e+08
  206.111777 1.948237e+08
  205.973075 1.951492e+08
  205.834373 1.954932e+08
  205.695670 1.958555e+08
  205.556968 1.962359e+08
  205.418265 1.966339e+08
  205.279563 1.970490e+08
  205.140861 1.974805e+08
  205.002158 1.979274e+08
  204.863456 1.983888e+08
  204.724753 1.988635e+08
  204.586051 1.993503e+08
  204.447348 1.998476e+08
  204.308646 2.003541e+08
  204.169944 2.008681e+08
  204.031241 2.013880e+08
  203.892539 2.019121e+08
  203.753836 2.024388e+08
  203.615134 2.029665e+08
  203.476432 2.034933e+08
  203.337729 2.040179e+08
  203.199027 2.045386e+08
  203.060324 2.050541e+08
  202.921622 2.055631e+08
  202.782920 2.060644e+08
  202.644217 2.065571e+08
  202.505515 2.070403e+08
  202.366812 2.075134e+08
  202.228110 2.079759e+08
  202.089408 2.084275e+08
  201.950705 2.088680e+08
  201.812003 2.092976e+08
  201.673300 2.097165e+08
  201.534598 2.101250e+08
  201.395896 2.105239e+08
  201.257193 2.109137e+08
  201.118491 2.112953e+08
  200.979788 2.116697e+08
  200.841086 2.120380e+08
  200.702383 2.124012e+08
  200.563681 2.127607e+08
  200.424979 2.131175e+08
  200.286276 2.134730e+08
  200.147574 2.138284e+08
  200.008871 2.141849e+08
  199.870169 2.145437e+08
  199.731467 2.149059e+08
  199.592764 2.152725e+08
  199.454062 2.156446e+08
  199.315359 2.160228e+08
  199.176657 2.164081e+08
  199.037955 2.168011e+08
  198.899252 2.172022e+08
  198.760550 2.176120e+08
  198.621847 2.180306e+08
  198.483145 2.184585e+08
  198.344443 2.188956e+08
  198.205740 2.193420e+08
  198.067038 2.197976e+08
  197.928335 2.202623e+08
  197.789633 2.207357e+08
  197.650931 2.212175e+08
  197.512228 2.217073e+08
  197.373526 2.222047e+08
  197.234823 2.227090e+08
  197.096121 2.232196e+08
  196.957418 2.237359e+08
  196.818716 2.242571e+08
  196.680014 2.247825e+08
  196.541311 2.253112e+08
  196.402609 2.258424e+08
  196.263906 2.263754e+08
  196.125204 2.269094e+08
  195.986502 2.274435e+08
  195.847799 2.279770e+08
  195.709097 2.285092e+08
  195.570394 2.290394e+08
  195.431692 2.295672e+08
  195.292990 2.300919e+08
  195.154287 2.306131e+08
  195.015585 2.311304e+08
  194.876882 2.316436e+08
  194.738180 2.321524e+08
  194.599478 2.326567e+08
  194.460775 2.331564e+08
  194.322073 2.336516e+08
  194.183370 2.341423e+08
  194.044668 2.346286e+08
  193.905966 2.351108e+08
  193.767263 2.355890e+08
  193.628561 2.360636e+08
  193.489858 2.365349e+08
  193.351156 2.370033e+08
  193.212453 2.374692e+08
  193.073751 2.379329e+08
  192.935049 2.383951e+08
  192.796346 2.388561e+08
  192.657644 2.393163e+08
  192.518941 2.397764e+08
  192.380239 2.402366e+08
  192.241537 2.406975e+08
  192.102834 2.411595e+08
  191.964132 2.416230e+08
  191.825429 2.420883e+08
  191.686727 2.425557e+08
  191.548025 2.430258e+08
  191.409322 2.434986e+08
  191.270620 2.439745e+08
  191.131917 2.444538e+08
  190.993215 2.449368e+08
  190.854513 2.454237e+08
  190.715810 2.459148e+08
  190.577108 2.464106e+08
  190.438405 2.469113e+08
  190.299703 2.474174e+08
  190.161001 2.479292e+08
  190.022298 2.484475e+08
  189.883596 2.489725e+08
  189.744893 2.495050e+08
  189.606191 2.500456e+08
  189.467488 2.505948e+08
  189.328786 2.511534e+08
  189.190084 2.517219e+08
  189.051381 2.523009e+08
  188.912679 2.528911e+08
  188.773976 2.534929e+08
  188.635274 2.541068e+08
  188.496572 2.547332e+08
  188.357869 2.553724e+08
  188.219167 2.560246e+08
  188.080464 2.566899e+08
  187.941762 2.573681e+08
  187.803060 2.580592e+08
  187.664357 2.587629e+08
  187.525655 2.594786e+08
  187.386952 2.602059e+08
  187.248250 2.609439e+08
  187.109548 2.616920e+08
  186.970845 2.624491e+08
  186.832143 2.632140e+08
  186.693440 2.639855e+08
  186.554738 2.647623e+08
  186.416036 2.655428e+08
  186.277333 2.663253e+08
  186.138631 2.671082e+08
  185.999928 2.678895e+08
  185.861226 2.686673e+08
  185.722523 2.694394e+08
  185.583821 2.702039e+08
  185.445119 2.709584e+08
  185.306416 2.717006e+08
  185.167714 2.724284e+08
  185.029011 2.731396e+08
  184.890309 2.738317e+08
  184.751607 2.745029e+08
  184.612904 2.751509e+08
  184.474202 2.757739e+08
  184.335499 2.763703e+08
  184.196797 2.769385e+08
  184.058095 2.774773e+08
  183.919392 2.779857e+08
  183.780690 2.784630e+08
  183.641987 2.789090e+08
  183.503285 2.793236e+08
  183.364583 2.797070e+08
  183.225880 2.800600e+08
  183.087178 2.803836e+08
  182.948475 2.806790e+08
  182.809773 2.809479e+08
  182.671071 2.811921e+08
  182.532368 2.814138e+08
  182.393666 2.816152e+08
  182.254963 2.817991e+08
  182.116261 2.819679e+08
  181.977558 2.821244e+08
  181.838856 2.822715e+08
  181.700154 2.824121e+08
  181.561451 2.825489e+08
  181.422749 2.826847e+08
  181.284046 2.828222e+08
  181.145344 2.829640e+08
  181.006642 2.831124e+08
  180.867939 2.832697e+08
  180.729237 2.834379e+08
  180.590534 2.836188e+08
  180.451832 2.838139e+08
  180.313130 2.840244e+08
  180.174427 2.842514e+08
  180.035725 2.844957e+08
  179.897022 2.847575e+08
  179.758320 2.850372e+08
  179.619618 2.853346e+08
  179.480915 2.856494e+08
  179.342213 2.859810e+08
  179.203510 2.863286e+08
  179.064808 2.866911e+08
  178.926106 2.870675e+08
  178.787403 2.874562e+08
  178.648701 2.878561e+08
  178.509998 2.882654e+08
  178.371296 2.886825e+08
  178.232593 2.891060e+08
  178.093891 2.895340e+08
  177.955189 2.899650e+08
  177.816486 2.903974e+08
  177.677784 2.908297e+08
  177.539081 2.912605e+08
  177.400379 2.916883e+08
  177.261677 2.921120e+08
  177.122974 2.925303e+08
  176.984272 2.929423e+08
  176.845569 2.933470e+08
  176.706867 2.937438e+08
  176.568165 2.941319e+08
  176.429462 2.945109e+08
  176.290760 2.948805e+08
  176.152057 2.952402e+08
  176.013355 2.955902e+08
  175.874653 2.959304e+08
  175.735950 2.962610e+08
  175.597248 2.965823e+08
  175.458545 2.968946e+08
  175.319843 2.971985e+08
  175.181141 2.974947e+08
  175.042438 2.977838e+08
  174.903736 2.980666e+08
  174.765033 2.983441e+08
  174.626331 2.986172e+08
  174.487628 2.988867e+08
  174.348926 2.991539e+08
  174.210224 2.994196e+08
  174.071521 2.996850e+08
  173.932819 2.999509e+08
  173.794116 3.002185e+08
  173.655414 3.004885e+08
  173.516712 3.007619e+08
  173.378009 3.010394e+08
  173.239307 3.013217e+08
  173.100604 3.016093e+08
  172.961902 3.019026e+08
  172.823200 3.022021e+08
  172.684497 3.025079e+08
  172.545795 3.028202e+08
  172.407092 3.031389e+08
  172.268390 3.034640e+08
  172.129688 3.037955e+08
  171.990985 3.041331e+08
  171.852283 3.044765e+08
  171.713580 3.048257e+08
  171.574878 3.051804e+08
  171.436176 3.055403e+08
  171.297473 3.059055e+08
  171.158771 3.062757e+08
  171.020068 3.066511e+08
  170.881366 3.070317e+08
  170.742663 3.074177e+08
  170.603961 3.078094e+08
  170.465259 3.082072e+08
  170.326556 3.086116e+08
  170.187854 3.090231e+08
  170.049151 3.094424e+08
  169.910449 3.098702e+08
  169.771747 3.103072e+08
  169.633044 3.107542e+08
  169.494342 3.112122e+08
  169.355639 3.116818e+08
  169.216937 3.121639e+08
  169.078235 3.126594e+08
  168.939532 3.131690e+08
  168.800830 3.136935e+08
  168.662127 3.142334e+08
  168.523425 3.147895e+08
  168.384723 3.153622e+08
  168.246020 3.159521e+08
  168.107318 3.165595e+08
  167.968615 3.171846e+08
  167.829913 3.178276e+08
  167.691211 3.184887e+08
  167.552508 3.191677e+08
  167.413806 3.198646e+08
  167.275103 3.205791e+08
  167.136401 3.213109e+08
  166.997698 3.220596e+08
  166.858996 3.228246e+08
  166.720294 3.236053e+08
  166.581591 3.244011e+08
  166.442889 3.252112e+08
  166.304186 3.260348e+08
  166.165484 3.268711e+08
  166.026782 3.277191e+08
  165.888079 3.285779e+08
  165.749377 3.294466e+08
  165.610674 3.303241e+08
  165.471972 3.312095e+08
  165.333270 3.321018e+08
  165.194567 3.330000e+08
  165.055865 3.339033e+08
  164.917162 3.348105e+08
  164.778460 3.357207e+08
  164.639758 3.366331e+08
  164.501055 3.375466e+08
  164.362353 3.384604e+08
  164.223650 3.393734e+08
  164.084948 3.402847e+08
  163.946246 3.411933e+08
  163.807543 3.420982e+08
  163.668841 3.429983e+08
  163.530138 3.438924e+08
  163.391436 3.447795e+08
  163.252733 3.456583e+08
  163.114031 3.465275e+08
  162.975329 3.473859e+08
  162.836626 3.482320e+08
  162.697924 3.490646e+08
  162.559221 3.498822e+08
  162.420519 3.506835e+08
  162.281817 3.514670e+08
  162.143114 3.522316e+08
  162.004412 3.529760e+08
  161.865709 3.536990e+08
  161.727007 3.543996e+08
  161.588305 3.550769e+08
  161.449602 3.557302e+08
  161.310900 3.563590e+08
  161.172197 3.569628e+08
  161.033495 3.575415e+08
  160.894793 3.580950e+08
  160.756090 3.586236e+08
  160.617388 3.591277e+08
  160.478685 3.596077e+08
  160.339983 3.600645e+08
  160.201281 3.604988e+08
  160.062578 3.609117e+08
  159.923876 3.613041e+08
  159.785173 3.616774e+08
  159.646471 3.620326e+08
  159.507768 3.623711e+08
  159.369066 3.626941e+08
  159.230364 3.630030e+08
  159.091661 3.632990e+08
  158.952959 3.635834e+08
  158.814256 3.638574e+08
  158.675554 3.641224e+08
  158.536852 3.643795e+08
  158.398149 3.646299e+08
  158.259447 3.648748e+08
  158.120744 3.651152e+08
  157.982042 3.653523e+08
  157.843340 3.655872e+08
  157.704637 3.658207e+08
  157.565935 3.660538e+08
  157.427232 3.662874e+08
  157.288530 3.665222e+08
  157.149828 3.667590e+08
  157.011125 3.669983e+08
  156.872423 3.672407e+08
  156.733720 3.674864e+08
  156.595018 3.677358e+08
  156.456316 3.679890e+08
  156.317613 3.682460e+08
  156.178911 3.685067e+08
  156.040208 3.687708e+08
  155.901506 3.690382e+08
  155.762803 3.693084e+08
  155.624101 3.695810e+08
  155.485399 3.698555e+08
  155.346696 3.701315e+08
  155.207994 3.704086e+08
  155.069291 3.706862e+08
  154.930589 3.709640e+08
  154.791887 3.712416e+08
  154.653184 3.715188e+08
  154.514482 3.717954e+08
  154.375779 3.720713e+08
  154.237077 3.723464e+08
  154.098375 3.726210e+08
  153.959672 3.728950e+08
  153.820970 3.731687e+08
  153.682267 3.734424e+08
  153.543565 3.737165e+08
  153.404863 3.739913e+08
  153.266160 3.742673e+08
  153.127458 3.745449e+08
  152.988755 3.748246e+08
  152.850053 3.751068e+08
  152.711351 3.753919e+08
  152.572648 3.756805e+08
  152.433946 3.759728e+08
  152.295243 3.762693e+08
  152.156541 3.765702e+08
  152.017838 3.768759e+08
  151.879136 3.771867e+08
  151.740434 3.775027e+08
  151.601731 3.778240e+08
  151.463029 3.781509e+08
  151.324326 3.784833e+08
  151.185624 3.788214e+08
  151.046922 3.791650e+08
  150.908219 3.795143e+08
  150.769517 3.798691e+08
  150.630814 3.802294e+08
  150.492112 3.805952e+08
  150.353410 3.809665e+08
  150.214707 3.813430e+08
  150.076005 3.817250e+08
  149.937302 3.821123e+08
  149.798600 3.825050e+08
  149.659898 3.829031e+08
  149.521195 3.833068e+08
  149.382493 3.837162e+08
  149.243790 3.841314e+08
  149.105088 3.845526e+08
  148.966386 3.849800e+08
  148.827683 3.854139e+08
  148.688981 3.858545e+08
  148.550278 3.863020e+08
  148.411576 3.867568e+08
  148.272873 3.872189e+08
  148.134171 3.876888e+08
  147.995469 3.881667e+08
  147.856766 3.886528e+08
  147.718064 3.891473e+08
  147.579361 3.896505e+08
  147.440659 3.901626e+08
  147.301957 3.906840e+08
  147.163254 3.912147e+08
  147.024552 3.917553e+08
  146.885849 3.923058e+08
  146.747147 3.928667e+08
  146.608445 3.934383e+08
  146.469742 3.940211e+08
  146.331040 3.946154e+08
  146.192337 3.952217e+08
  146.053635 3.958406e+08
  145.914933 3.964726e+08
  145.776230 3.971184e+08
  145.637528 3.977784e+08
  145.498825 3.984535e+08
  145.360123 3.991443e+08
  145.221421 3.998515e+08
  145.082718 4.005759e+08
  144.944016 4.013181e+08
  144.805313 4.020790e+08
  144.666611 4.028593e+08
  144.527908 4.036597e+08
  144.389206 4.044809e+08
  144.250504 4.053235e+08
  144.111801 4.061882e+08
  143.973099 4.070755e+08
  143.834396 4.079860e+08
  143.695694 4.089200e+08
  143.556992 4.098780e+08
  143.418289 4.108602e+08
  143.279587 4.118667e+08
  143.140884 4.128975e+08
  143.002182 4.139527e+08
  142.863480 4.150320e+08
  142.724777 4.161352e+08
  142.586075 4.172616e+08
  142.447372 4.184108e+08
  142.308670 4.195819e+08
  142.169968 4.207742e+08
  142.031265 4.219865e+08
  141.892563 4.232178e+08
  141.753860 4.244667e+08
  141.615158 4.257319e+08
  141.476456 4.270119e+08
  141.337753 4.283052e+08
  141.199051 4.296102e+08
  141.060348 4.309253e+08
  140.921646 4.322489e+08
  140.782943 4.335793e+08
  140.644241 4.349149e+08
  140.505539 4.362543e+08
  140.366836 4.375960e+08
  140.228134 4.389385e+08
  140.089431 4.402808e+08
  139.950729 4.416215e+08
  139.812027 4.429598e+08
  139.673324 4.442947e+08
  139.534622 4.456255e+08
  139.395919 4.469515e+08
  139.257217 4.482724e+08
  139.118515 4.495878e+08
  138.979812 4.508975e+08
  138.841110 4.522013e+08
  138.702407 4.534995e+08
  138.563705 4.547919e+08
  138.425003 4.560790e+08
  138.286300 4.573609e+08
  138.147598 4.586381e+08
  138.008895 4.599110e+08
  137.870193 4.611800e+08
  137.731491 4.624457e+08
  137.592788 4.637084e+08
  137.454086 4.649689e+08
  137.315383 4.662275e+08
  137.176681 4.674848e+08
  137.037978 4.687412e+08
  136.899276 4.699973e+08
  136.760574 4.712534e+08
  136.621871 4.725100e+08
  136.483169 4.737673e+08
  136.344466 4.750258e+08
  136.205764 4.762856e+08
  136.067062 4.775471e+08
  135.928359 4.788104e+08
  135.789657 4.800759e+08
  135.650954 4.813438e+08
  135.512252 4.826142e+08
  135.373550 4.838875e+08
  135.234847 4.851640e+08
  135.096145 4.864440e+08
  134.957442 4.877280e+08
  134.818740 4.890164e+08
  134.680038 4.903099e+08
  134.541335 4.916090e+08
  134.402633 4.929145e+08
  134.263930 4.942272e+08
  134.125228 4.955480e+08
  133.986526 4.968778e+08
  133.847823 4.982175e+08
  133.709121 4.995682e+08
  133.570418 5.009307e+08
  133.431716 5.023062e+08
  133.293013 5.036956e+08
  133.154311 5.050996e+08
  133.015609 5.065193e+08
  132.876906 5.079551e+08
  132.738204 5.094079e+08
  132.599501 5.108779e+08
  132.460799 5.123655e+08
  132.322097 5.138710e+08
  132.183394 5.153942e+08
  132.044692 5.169351e+08
  131.905989 5.184934e+08
  131.767287 5.200686e+08
  131.628585 5.216602e+08
  131.489882 5.232674e+08
  131.351180 5.248893e+08
  131.212477 5.265251e+08
  131.073775 5.281735e+08
  130.935073 5.298336e+08
  130.796370 5.315039e+08
  130.657668 5.331833e+08
  130.518965 5.348703e+08
  130.380263 5.365634e+08
  130.241561 5.382613e+08
  130.102858 5.399624e+08
  129.964156 5.416653e+08
  129.825453 5.433683e+08
  129.686751 5.450701e+08
  129.548048 5.467690e+08
  129.409346 5.484638e+08
  129.270644 5.501530e+08
  129.131941 5.518352e+08
  128.993239 5.535093e+08
  128.854536 5.551742e+08
  128.715834 5.568289e+08
  128.577132 5.584725e+08
  128.438429 5.601043e+08
  128.299727 5.617240e+08
  128.161024 5.633311e+08
  128.022322 5.649256e+08
  127.883620 5.665076e+08
  127.744917 5.680775e+08
  127.606215 5.696357e+08
  127.467512 5.711831e+08
  127.328810 5.727207e+08
  127.190108 5.742494e+08
  127.051405 5.757707e+08
  126.912703 5.772859e+08
  126.774000 5.787966e+08
  126.635298 5.803044e+08
  126.496596 5.818108e+08
  126.357893 5.833176e+08
  126.219191 5.848264e+08
  126.080488 5.863387e+08
  125.941786 5.878561e+08
  125.803083 5.893800e+08
  125.664381 5.909117e+08
  125.525679 5.924524e+08
  125.386976 5.940031e+08
  125.248274 5.955647e+08
  125.109571 5.971379e+08
  124.970869 5.987234e+08
  124.832167 6.003214e+08
  124.693464 6.019324e+08
  124.554762 6.035563e+08
  124.416059 6.051932e+08
  124.277357 6.068429e+08
  124.138655 6.085051e+08
  123.999952 6.101794e+08
  123.861250 6.118650e+08
  123.722547 6.135613e+08
  123.583845 6.152675e+08
  123.445143 6.169825e+08
  123.306440 6.187052e+08
  123.167738 6.204344e+08
  123.029035 6.221686e+08
  122.890333 6.239062e+08
  122.751631 6.256456e+08
  122.612928 6.273851e+08
  122.474226 6.291226e+08
  122.335523 6.308562e+08
  122.196821 6.325836e+08
  122.058118 6.343028e+08
  121.919416 6.360113e+08
  121.780714 6.377069e+08
  121.642011 6.393871e+08
  121.503309 6.410496e+08
  121.364606 6.426920e+08
  121.225904 6.443118e+08
  121.087202 6.459068e+08
  120.948499 6.474748e+08
  120.809797 6.490135e+08
  120.671094 6.505209e+08
  120.532392 6.519951e+08
  120.393690 6.534343e+08
  120.254987 6.548370e+08
  120.116285 6.562016e+08
  119.977582 6.575269e+08
  119.838880 6.588120e+08
  119.700178 6.600559e+08
  119.561475 6.612582e+08
  119.422773 6.624185e+08
  119.284070 6.635367e+08
  119.145368 6.646130e+08
  119.006666 6.656479e+08
  118.867963 6.666420e+08
  118.729261 6.675963e+08
  118.590558 6.685120e+08
  118.451856 6.693908e+08
  118.313153 6.702342e+08
  118.174451 6.710443e+08
  118.035749 6.718233e+08
  117.897046 6.725736e+08
  117.758344 6.732979e+08
  117.619641 6.739990e+08
  117.480939 6.746799e+08
  117.342237 6.753437e+08
  117.203534 6.759938e+08
  117.064832 6.766334e+08
  116.926129 6.772661e+08
  116.787427 6.778954e+08
  116.648725 6.785249e+08
  116.510022 6.791583e+08
  116.371320 6.797993e+08
  116.232617 6.804514e+08
  116.093915 6.811184e+08
  115.955213 6.818039e+08
  115.816510 6.825114e+08
  115.677808 6.832444e+08
  115.539105 6.840063e+08
  115.400403 6.848005e+08
  115.261701 6.856299e+08
  115.122998 6.864978e+08
  114.984296 6.874069e+08
  114.845593 6.883599e+08
  114.706891 6.893594e+08
  114.568188 6.904076e+08
  114.429486 6.915066e+08
  114.290784 6.926583e+08
  114.152081 6.938643e+08
  114.013379 6.951260e+08
  113.874676 6.964446e+08
  113.735974 6.978209e+08
  113.597272 6.992557e+08
  113.458569 7.007493e+08
  113.319867 7.023020e+08
  113.181164 7.039137e+08
  113.042462 7.055841e+08
  112.903760 7.073127e+08
  112.765057 7.090988e+08
  112.626355 7.109414e+08
  112.487652 7.128393e+08
  112.348950 7.147912e+08
  112.210248 7.167954e+08
  112.071545 7.188502e+08
  111.932843 7.209536e+08
  111.794140 7.231032e+08
  111.655438 7.252968e+08
  111.516736 7.275318e+08
  111.378033 7.298055e+08
  111.239331 7.321149e+08
  111.100628 7.344571e+08
  110.961926 7.368289e+08
  110.823223 7.392271e+08
  110.684521 7.416484e+08
  110.545819 7.440894e+08
  110.407116 7.465469e+08
  110.268414 7.490175e+08
  110.129711 7.514978e+08
  109.991009 7.539847e+08
  109.852307 7.564751e+08
  109.713604 7.589660e+08
  109.574902 7.614545e+08
  109.436199 7.639381e+08
  109.297497 7.664142e+08
  109.158795 7.688808e+08
  109.020092 7.713357e+08
  108.881390 7.737772e+08
  108.742687 7.762037e+08
  108.603985 7.786139e+08
  108.465283 7.810067e+08
  108.326580 7.833811e+08
  108.187878 7.857365e+08
  108.049175 7.880722e+08
  107.910473 7.903879e+08
  107.771771 7.926833e+08
  107.633068 7.949583e+08
  107.494366 7.972127e+08
  107.355663 7.994468e+08
  107.216961 8.016606e+08
  107.078258 8.038543e+08
  106.939556 8.060282e+08
  106.800854 8.081826e+08
  106.662151 8.103177e+08
  106.523449 8.124341e+08
  106.384746 8.145320e+08
  106.246044 8.166119e+08
  106.107342 8.186742e+08
  105.968639 8.207192e+08
  105.829937 8.227475e+08
  105.691234 8.247594e+08
  105.552532 8.267553e+08
  105.413830 8.287356e+08
  105.275127 8.307008e+08
  105.136425 8.326513e+08
  104.997722 8.345875e+08
  104.859020 8.365099e+08
  104.720318 8.384189e+08
  104.581615 8.403153e+08
  104.442913 8.421994e+08
  104.304210 8.440722e+08
  104.165508 8.459343e+08
  104.026806 8.477867e+08
  103.888103 8.496304e+08
  103.749401 8.514666e+08
  103.610698 8.532966e+08
  103.471996 8.551219e+08
  103.333293 8.569441e+08
  103.194591 8.587651e+08
  103.055889 8.605868e+08
  102.917186 8.624112e+08
  102.778484 8.642406e+08
  102.639781 8.660774e+08
  102.501079 8.679238e+08
  102.362377 8.697825e+08
  102.223674 8.716559e+08
  102.084972 8.735465e+08
  101.946269 8.754567e+08
  101.807567 8.773890e+08
  101.668865 8.793456e+08
  101.530162 8.813286e+08
  101.391460 8.833401e+08
  101.252757 8.853817e+08
  101.114055 8.874550e+08
  100.975353 8.895613e+08
  100.836650 8.917014e+08
  100.697948 8.938763e+08
  100.559245 8.960862e+08
  100.420543 8.983313e+08
  100.281841 9.006116e+08
  100.143138 9.029265e+08
  100.004436 9.052755e+08
   99.865733 9.076577e+08
   99.727031 9.100721e+08
   99.588328 9.125173e+08
   99.449626 9.149921e+08
   99.310924 9.174951e+08
   99.172221 9.200248e+08
   99.033519 9.225796e+08
   98.894816 9.251582e+08
   98.756114 9.277590e+08
   98.617412 9.303809e+08
   98.478709 9.330226e+08
   98.340007 9.356831e+08
   98.201304 9.383616e+08
   98.062602 9.410573e+08
   97.923900 9.437698e+08
   97.785197 9.464987e+08
   97.646495 9.492442e+08
   97.507792 9.520061e+08
   97.369090 9.547850e+08
   97.230388 9.575812e+08
   97.091685 9.603954e+08
   96.952983 9.632284e+08
   96.814280 9.660812e+08
   96.675578 9.689549e+08
   96.536876 9.718505e+08
   96.398173 9.747692e+08
   96.259471 9.777124e+08
   96.120768 9.806811e+08
   95.982066 9.836768e+08
   95.843363 9.867006e+08
   95.704661 9.897538e+08
   95.565959 9.928373e+08
   95.427256 9.959522e+08
   95.288554 9.990996e+08
   95.149851 1.002280e+09
   95.011149 1.005494e+09
   94.872447 1.008743e+09
   94.733744 1.012026e+09
   94.595042 1.015344e+09
   94.456339 1.018696e+09
   94.317637 1.022084e+09
   94.178935 1.025505e+09
   94.040232 1.028960e+09
   93.901530 1.032448e+09
   93.762827 1.035967e+09
   93.624125 1.039517e+09
   93.485423 1.043097e+09
   93.346720 1.046704e+09
   93.208018 1.050338e+09
   93.069315 1.053997e+09
   92.930613 1.057678e+09
   92.791911 1.061380e+09
   92.653208 1.065102e+09
   92.514506 1.068840e+09
   92.375803 1.072593e+09
   92.237101 1.076359e+09
   92.098398 1.080136e+09
   91.959696 1.083922e+09
   91.820994 1.087715e+09
   91.682291 1.091513e+09
   91.543589 1.095314e+09
   91.404886 1.099116e+09
   91.266184 1.102918e+09
   91.127482 1.106718e+09
   90.988779 1.110514e+09
   90.850077 1.114306e+09
   90.711374 1.118091e+09
   90.572672 1.121869e+09
   90.433970 1.125639e+09
   90.295267 1.129398e+09
   90.156565 1.133148e+09
   90.017862 1.136885e+09
   89.879160 1.140611e+09
   89.740458 1.144323e+09
   89.601755 1.148022e+09
   89.463053 1.151707e+09
   89.324350 1.155377e+09
   89.185648 1.159031e+09
   89.046946 1.162670e+09
   88.908243 1.166294e+09
   88.769541 1.169900e+09
   88.630838 1.173491e+09
   88.492136 1.177064e+09
   88.353433 1.180621e+09
   88.214731 1.184161e+09
   88.076029 1.187684e+09
   87.937326 1.191190e+09
   87.798624 1.194680e+09
   87.659921 1.198153e+09
   87.521219 1.201610e+09
   87.382517 1.205052e+09
   87.243814 1.208478e+09
   87.105112 1.211890e+09
   86.966409 1.215288e+09
   86.827707 1.218672e+09
   86.689005 1.222045e+09
   86.550302 1.225407e+09
   86.411600 1.228758e+09
   86.272897 1.232101e+09
   86.134195 1.235437e+09
   85.995493 1.238766e+09
   85.856790 1.242091e+09
   85.718088 1.245414e+09
   85.579385 1.248735e+09
   85.440683 1.252056e+09
   85.301981 1.255380e+09
   85.163278 1.258708e+09
   85.024576 1.262042e+09
   84.885873 1.265383e+09
   84.747171 1.268734e+09
   84.608468 1.272096e+09
   84.469766 1.275471e+09
   84.331064 1.278861e+09
   84.192361 1.282267e+09
   84.053659 1.285690e+09
   83.914956 1.289133e+09
   83.776254 1.292596e+09
   83.637552 1.296081e+09
   83.498849 1.299588e+09
   83.360147 1.303119e+09
   83.221444 1.306675e+09
   83.082742 1.310256e+09
   82.944040 1.313863e+09
   82.805337 1.317496e+09
   82.666635 1.321155e+09
   82.527932 1.324842e+09
   82.389230 1.328555e+09
   82.250528 1.332296e+09
   82.111825 1.336063e+09
   81.973123 1.339858e+09
   81.834420 1.343679e+09
   81.695718 1.347528e+09
   81.557016 1.351402e+09
   81.418313 1.355303e+09
   81.279611 1.359231e+09
   81.140908 1.363184e+09
   81.002206 1.367163e+09
   80.863503 1.371168e+09
   80.724801 1.375199e+09
   80.586099 1.379255e+09
   80.447396 1.383337e+09
   80.308694 1.387444e+09
   80.169991 1.391577e+09
   80.031289 1.395735e+09
   79.892587 1.399919e+09
   79.753884 1.404128e+09
   79.615182 1.408363e+09
   79.476479 1.412623e+09
   79.337777 1.416908e+09
   79.199075 1.421219e+09
   79.060372 1.425554e+09
   78.921670 1.429915e+09
   78.782967 1.434301e+09
   78.644265 1.438710e+09
   78.505563 1.443144e+09
   78.366860 1.447602e+09
   78.228158 1.452083e+09
   78.089455 1.456587e+09
   77.950753 1.461112e+09
   77.812051 1.465659e+09
   77.673348 1.470227e+09
   77.534646 1.474815e+09
   77.395943 1.479422e+09
   77.257241 1.484048e+09
   77.118538 1.488692e+09
   76.979836 1.493353e+09
   76.841134 1.498031e+09
   76.702431 1.502726e+09
   76.563729 1.507436e+09
   76.425026 1.512163e+09
   76.286324 1.516905e+09
   76.147622 1.521663e+09
   76.008919 1.526437e+09
   75.870217 1.531228e+09
   75.731514 1.536037e+09
   75.592812 1.540863e+09
   75.454110 1.545708e+09
   75.315407 1.550572e+09
   75.176705 1.555457e+09
   75.038002 1.560365e+09
   74.899300 1.565295e+09
   74.760598 1.570249e+09
   74.621895 1.575228e+09
   74.483193 1.580235e+09
   74.344490 1.585269e+09
   74.205788 1.590332e+09
   74.067086 1.595424e+09
   73.928383 1.600549e+09
   73.789681 1.605705e+09
   73.650978 1.610894e+09
   73.512276 1.616117e+09
   73.373573 1.621374e+09
   73.234871 1.626667e+09
   73.096169 1.631995e+09
   72.957466 1.637360e+09
   72.818764 1.642762e+09
   72.680061 1.648201e+09
   72.541359 1.653677e+09
   72.402657 1.659192e+09
   72.263954 1.664744e+09
   72.125252 1.670335e+09
   71.986549 1.675965e+09
   71.847847 1.681633e+09
   71.709145 1.687340e+09
   71.570442 1.693085e+09
   71.431740 1.698869e+09
   71.293037 1.704691e+09
   71.154335 1.710552e+09
   71.015633 1.716450e+09
   70.876930 1.722386e+09
   70.738228 1.728359e+09
   70.599525 1.734369e+09
   70.460823 1.740415e+09
   70.322121 1.746495e+09
   70.183418 1.752611e+09
   70.044716 1.758759e+09
   69.906013 1.764940e+09
   69.767311 1.771153e+09
   69.628608 1.777395e+09
   69.489906 1.783667e+09
   69.351204 1.789966e+09
   69.212501 1.796292e+09
   69.073799 1.802643e+09
   68.935096 1.809017e+09
   68.796394 1.815413e+09
   68.657692 1.821830e+09
   68.518989 1.828267e+09
   68.380287 1.834722e+09
   68.241584 1.841194e+09
   68.102882 1.847681e+09
   67.964180 1.854183e+09
   67.825477 1.860698e+09
   67.686775 1.867226e+09
   67.548072 1.873765e+09
   67.409370 1.880315e+09
   67.270668 1.886876e+09
   67.131965 1.893446e+09
   66.993263 1.900025e+09
   66.854560 1.906612e+09
   66.715858 1.913208e+09
   66.577156 1.919811e+09
   66.438453 1.926422e+09
   66.299751 1.933041e+09
   66.161048 1.939667e+09
   66.022346 1.946300e+09
   65.883644 1.952939e+09
   65.744941 1.959586e+09
   65.606239 1.966239e+09
   65.467536 1.972898e+09
   65.328834 1.979564e+09
   65.190131 1.986235e+09
   65.051429 1.992913e+09
   64.912727 1.999597e+09
   64.774024 2.006286e+09
   64.635322 2.012981e+09
   64.496619 2.019682e+09
   64.357917 2.026387e+09
   64.219215 2.033098e+09
   64.080512 2.039813e+09
   63.941810 2.046533e+09
   63.803107 2.053257e+09
   63.664405 2.059984e+09
   63.525703 2.066715e+09
   63.387000 2.073449e+09
   63.248298 2.080186e+09
   63.109595 2.086924e+09
   62.970893 2.093663e+09
   62.832191 2.100403e+09
   62.693488 2.107142e+09
   62.554786 2.113880e+09
   62.416083 2.120617e+09
   62.277381 2.127350e+09
   62.138679 2.134081e+09
   61.999976 2.140807e+09
   61.861274 2.147527e+09
   61.722571 2.154243e+09
   61.583869 2.160952e+09
   61.445166 2.167654e+09
   61.306464 2.174348e+09
   61.167762 2.181035e+09
   61.029059 2.187713e+09
   60.890357 2.194383e+09
   60.751654 2.201045e+09
   60.612952 2.207698e+09
   60.474250 2.214342e+09
   60.335547 2.220978e+09
   60.196845 2.227606e+09
   60.058142 2.234225e+09
   59.919440 2.240837e+09
   59.780738 2.247442e+09
   59.642035 2.254039e+09
   59.503333 2.260630e+09
   59.364630 2.267215e+09
   59.225928 2.273794e+09
   59.087226 2.280367e+09
   58.948523 2.286935e+09
   58.809821 2.293498e+09
   58.671118 2.300056e+09
   58.532416 2.306609e+09
   58.393714 2.313156e+09
   58.255011 2.319698e+09
   58.116309 2.326233e+09
   57.977606 2.332761e+09
   57.838904 2.339280e+09
   57.700201 2.345789e+09
   57.561499 2.352287e+09
   57.422797 2.358772e+09
   57.284094 2.365241e+09
   57.145392 2.371693e+09
   57.006689 2.378125e+09
   56.867987 2.384534e+09
   56.729285 2.390917e+09
   56.590582 2.397271e+09
   56.451880 2.403593e+09
   56.313177 2.409881e+09
   56.174475 2.416129e+09
   56.035773 2.422336e+09
   55.897070 2.428497e+09
   55.758368 2.434610e+09
   55.619665 2.440670e+09
   55.480963 2.446675e+09
   55.342261 2.452621e+09
   55.203558 2.458506e+09
   55.064856 2.464325e+09
   54.926153 2.470076e+09
   54.787451 2.475757e+09
   54.648749 2.481364e+09
   54.510046 2.486894e+09
   54.371344 2.492347e+09
   54.232641 2.497718e+09
   54.093939 2.503005e+09
   53.955236 2.508207e+09
   53.816534 2.513322e+09
   53.677832 2.518346e+09
   53.539129 2.523279e+09
   53.400427 2.528118e+09
   53.261724 2.532861e+09
   53.123022 2.537506e+09
   52.984320 2.542053e+09
   52.845617 2.546497e+09
   52.706915 2.550839e+09
   52.568212 2.555076e+09
   52.429510 2.559205e+09
   52.290808 2.563226e+09
   52.152105 2.567137e+09
   52.013403 2.570935e+09
   51.874700 2.574620e+09
   51.735998 2.578188e+09
   51.597296 2.581639e+09
   51.458593 2.584972e+09
   51.319891 2.588184e+09
   51.181188 2.591275e+09
   51.042486 2.594243e+09
   50.903784 2.597087e+09
   50.765081 2.599807e+09
   50.626379 2.602402e+09
   50.487676 2.604870e+09
   50.348974 2.607213e+09
   50.210271 2.609430e+09
   50.071569 2.611522e+09
   49.932867 2.613488e+09
   49.794164 2.615329e+09
   49.655462 2.617046e+09
   49.516759 2.618640e+09
   49.378057 2.620112e+09
   49.239355 2.621464e+09
   49.100652 2.622697e+09
   48.961950 2.623813e+09
   48.823247 2.624813e+09
   48.684545 2.625700e+09
   48.545843 2.626475e+09
   48.407140 2.627141e+09
   48.268438 2.627699e+09
   48.129735 2.628152e+09
   47.991033 2.628500e+09
   47.852331 2.628747e+09
   47.713628 2.628894e+09
   47.574926 2.628942e+09
   47.436223 2.628893e+09
   47.297521 2.628749e+09
   47.158819 2.628511e+09
   47.020116 2.628180e+09
   46.881414 2.627757e+09
   46.742711 2.627243e+09
   46.604009 2.626639e+09
   46.465306 2.625945e+09
   46.326604 2.625162e+09
   46.187902 2.624291e+09
   46.049199 2.623331e+09
   45.910497 2.622283e+09
   45.771794 2.621147e+09
   45.633092 2.619923e+09
   45.494390 2.618612e+09
   45.355687 2.617213e+09
   45.216985 2.615726e+09
   45.078282 2.614153e+09
   44.939580 2.612492e+09
   44.800878 2.610745e+09
   44.662175 2.608912e+09
   44.523473 2.606992e+09
   44.384770 2.604988e+09
   44.246068 2.602900e+09
   44.107366 2.600729e+09
   43.968663 2.598476e+09
   43.829961 2.596142e+09
   43.691258 2.593728e+09
   43.552556 2.591237e+09
   43.413854 2.588670e+09
   43.275151 2.586028e+09
   43.136449 2.583314e+09
   42.997746 2.580530e+09
   42.859044 2.577677e+09
   42.720341 2.574757e+09
   42.581639 2.571773e+09
   42.442937 2.568727e+09
   42.304234 2.565620e+09
   42.165532 2.562455e+09
   42.026829 2.559232e+09
   41.888127 2.555955e+09
   41.749425 2.552624e+09
   41.610722 2.549240e+09
   41.472020 2.545806e+09
   41.333317 2.542322e+09
   41.194615 2.538790e+09
   41.055913 2.535209e+09
   40.917210 2.531582e+09
   40.778508 2.527909e+09
   40.639805 2.524190e+09
   40.501103 2.520427e+09
   40.362401 2.516619e+09
   40.223698 2.512768e+09
   40.084996 2.508873e+09
   39.946293 2.504936e+09
   39.807591 2.500957e+09
   39.668889 2.496937e+09
   39.530186 2.492877e+09
   39.391484 2.488777e+09
   39.252781 2.484639e+09
   39.114079 2.480462e+09
   38.975376 2.476250e+09
   38.836674 2.472002e+09
   38.697972 2.467721e+09
   38.559269 2.463407e+09
   38.420567 2.459062e+09
   38.281864 2.454688e+09
   38.143162 2.450286e+09
   38.004460 2.445858e+09
   37.865757 2.441405e+09
   37.727055 2.436930e+09
   37.588352 2.432434e+09
   37.449650 2.427918e+09
   37.310948 2.423384e+09
   37.172245 2.418833e+09
   37.033543 2.414268e+09
   36.894840 2.409689e+09
   36.756138 2.405097e+09
   36.617436 2.400494e+09
   36.478733 2.395881e+09
   36.340031 2.391258e+09
   36.201328 2.386626e+09
   36.062626 2.381985e+09
   35.923924 2.377337e+09
   35.785221 2.372681e+09
   35.646519 2.368017e+09
   35.507816 2.363346e+09
   35.369114 2.358667e+09
   35.230411 2.353980e+09
   35.091709 2.349284e+09
   34.953007 2.344581e+09
   34.814304 2.339868e+09
   34.675602 2.335145e+09
   34.536899 2.330411e+09
   34.398197 2.325667e+09
   34.259495 2.320910e+09
   34.120792 2.316141e+09
   33.982090 2.311359e+09
   33.843387 2.306562e+09
   33.704685 2.301750e+09
   33.565983 2.296922e+09
   33.427280 2.292077e+09
   33.288578 2.287215e+09
   33.149875 2.282334e+09
   33.011173 2.277435e+09
   32.872471 2.272517e+09
   32.733768 2.267579e+09
   32.595066 2.262622e+09
   32.456363 2.257644e+09
   32.317661 2.252645e+09
   32.178959 2.247627e+09
   32.040256 2.242588e+09
   31.901554 2.237529e+09
   31.762851 2.232451e+09
   31.624149 2.227354e+09
   31.485446 2.222238e+09
   31.346744 2.217106e+09
   31.208042 2.211956e+09
   31.069339 2.206792e+09
   30.930637 2.201613e+09
   30.791934 2.196422e+09
   30.653232 2.191219e+09
   30.514530 2.186007e+09
   30.375827 2.180786e+09
   30.237125 2.175559e+09
   30.098422 2.170327e+09
   29.959720 2.165091e+09
   29.821018 2.159854e+09
   29.682315 2.154617e+09
   29.543613 2.149382e+09
   29.404910 2.144149e+09
   29.266208 2.138921e+09
   29.127506 2.133699e+09
   28.988803 2.128483e+09
   28.850101 2.123275e+09
   28.711398 2.118075e+09
   28.572696 2.112885e+09
   28.433994 2.107704e+09
   28.295291 2.102534e+09
   28.156589 2.097374e+09
   28.017886 2.092225e+09
   27.879184 2.087086e+09
   27.740481 2.081958e+09
   27.601779 2.076840e+09
   27.463077 2.071733e+09
   27.324374 2.066636e+09
   27.185672 2.061549e+09
   27.046969 2.056472e+09
   26.908267 2.051404e+09
   26.769565 2.046346e+09
   26.630862 2.041298e+09
   26.492160 2.036260e+09
   26.353457 2.031231e+09
   26.214755 2.026213e+09
   26.076053 2.021206e+09
   25.937350 2.016209e+09
   25.798648 2.011225e+09
   25.659945 2.006252e+09
   25.521243 2.001293e+09
   25.382541 1.996347e+09
   25.243838 1.991417e+09
   25.105136 1.986502e+09
   24.966433 1.981603e+09
   24.827731 1.976722e+09
   24.689029 1.971860e+09
   24.550326 1.967017e+09
   24.411624 1.962194e+09
   24.272921 1.957393e+09
   24.134219 1.952615e+09
   23.995516 1.947860e+09
   23.856814 1.943130e+09
   23.718112 1.938425e+09
   23.579409 1.933745e+09
   23.440707 1.929092e+09
   23.302004 1.924467e+09
   23.163302 1.919869e+09
   23.024600 1.915299e+09
   22.885897 1.910758e+09
   22.747195 1.906245e+09
   22.608492 1.901761e+09
   22.469790 1.897306e+09
   22.331088 1.892879e+09
   22.192385 1.888480e+09
   22.053683 1.884108e+09
   21.914980 1.879764e+09
   21.776278 1.875447e+09
   21.637576 1.871155e+09
   21.498873 1.866889e+09
   21.360171 1.862648e+09
   21.221468 1.858431e+09
   21.082766 1.854237e+09
   20.944064 1.850065e+09
   20.805361 1.845916e+09
   20.666659 1.841787e+09
   20.527956 1.837679e+09
   20.389254 1.833591e+09
   20.250551 1.829522e+09
   20.111849 1.825472e+09
   19.973147 1.821439e+09
   19.834444 1.817425e+09
   19.695742 1.813427e+09
   19.557039 1.809446e+09
   19.418337 1.805481e+09
   19.279635 1.801532e+09
   19.140932 1.797598e+09
   19.002230 1.793679e+09
   18.863527 1.789774e+09
   18.724825 1.785882e+09
   18.586123 1.782004e+09
   18.447420 1.778138e+09
   18.308718 1.774284e+09
   18.170015 1.770443e+09
   18.031313 1.766612e+09
   17.892611 1.762792e+09
   17.753908 1.758983e+09
   17.615206 1.755183e+09
   17.476503 1.751393e+09
   17.337801 1.747612e+09
   17.199099 1.743840e+09
   17.060396 1.740076e+09
   16.921694 1.736320e+09
   16.782991 1.732573e+09
   16.644289 1.728833e+09
   16.505586 1.725102e+09
   16.366884 1.721379e+09
   16.228182 1.717664e+09
   16.089479 1.713958e+09
   15.950777 1.710260e+09
   15.812074 1.706573e+09
   15.673372 1.702895e+09
   15.534670 1.699229e+09
   15.395967 1.695574e+09
   15.257265 1.691931e+09
   15.118562 1.688302e+09
   14.979860 1.684688e+09
   14.841158 1.681090e+09
   14.702455 1.677509e+09
   14.563753 1.673946e+09
   14.425050 1.670404e+09
   14.286348 1.666882e+09
   14.147646 1.663384e+09
   14.008943 1.659909e+09
   13.870241 1.656460e+09
   13.731538 1.653039e+09
   13.592836 1.649646e+09
   13.454134 1.646283e+09
   13.315431 1.642952e+09
   13.176729 1.639653e+09
   13.038026 1.636389e+09
   12.899324 1.633159e+09
   12.760621 1.629966e+09
   12.621919 1.626810e+09
   12.483217 1.623691e+09
   12.344514 1.620611e+09
   12.205812 1.617570e+09
   12.067109 1.614568e+09
   11.928407 1.611605e+09
   11.789705 1.608681e+09
   11.651002 1.605796e+09
   11.512300 1.602949e+09
   11.373597 1.600139e+09
   11.234895 1.597366e+09
   11.096193 1.594628e+09
   10.957490 1.591924e+09
   10.818788 1.589253e+09
   10.680085 1.586612e+09
   10.541383 1.584001e+09
   10.402681 1.581417e+09
   10.263978 1.578859e+09
   10.125276 1.576323e+09
    9.986573 1.573808e+09
    9.847871 1.571313e+09
    9.709169 1.568834e+09
    9.570466 1.566369e+09
    9.431764 1.563917e+09
    9.293061 1.561476e+09
    9.154359 1.559043e+09
    9.015656 1.556618e+09
    8.876954 1.554197e+09
    8.738252 1.551781e+09
    8.599549 1.549367e+09
    8.460847 1.546956e+09
    8.322144 1.544544e+09
    8.183442 1.542133e+09
    8.044740 1.539722e+09
    7.906037 1.537310e+09
    7.767335 1.534897e+09
    7.628632 1.532484e+09
    7.489930 1.530071e+09
    7.351228 1.527657e+09
    7.212525 1.525245e+09
    7.073823 1.522833e+09
    6.935120 1.520424e+09
    6.796418 1.518019e+09
    6.657716 1.515618e+09
    6.519013 1.513222e+09
    6.380311 1.510832e+09
    6.241608 1.508451e+09
    6.102906 1.506078e+09
    5.964204 1.503716e+09
    5.825501 1.501365e+09
    5.686799 1.499027e+09
    5.548096 1.496702e+09
    5.409394 1.494391e+09
    5.270691 1.492096e+09
    5.131989 1.489817e+09
    4.993287 1.487555e+09
    4.854584 1.485309e+09
    4.715882 1.483082e+09
    4.577179 1.480872e+09
    4.438477 1.478679e+09
    4.299775 1.476504e+09
    4.161072 1.474347e+09
    4.022370 1.472206e+09
    3.883667 1.470081e+09
    3.744965 1.467972e+09
    3.606263 1.465879e+09
    3.467560 1.463799e+09
    3.328858 1.461732e+09
    3.190155 1.459678e+09
    3.051453 1.457634e+09
    2.912751 1.455601e+09
    2.774048 1.453577e+09
    2.635346 1.451561e+09
    2.496643 1.449551e+09
    2.357941 1.447548e+09
    2.219239 1.445549e+09
    2.080536 1.443553e+09
    1.941834 1.441561e+09
    1.803131 1.439570e+09
    1.664429 1.437580e+09
    1.525726 1.435589e+09
    1.387024 1.433597e+09
    1.248322 1.431603e+09
    1.109619 1.429606e+09
    0.970917 1.427605e+09
    0.832214 1.425600e+09
    0.693512 1.423589e+09
    0.554810 1.421573e+09
    0.416107 1.419550e+09
    0.277405 1.417520e+09
    0.138702 1.415483e+09
    0.000000 1.413438e+09
   -0.138702 1.411385e+09
   -0.277405 1.409323e+09
   -0.416107 1.407253e+09
   -0.554810 1.405175e+09
   -0.693512 1.403087e+09
   -0.832214 1.400992e+09
   -0.970917 1.398887e+09
   -1.109619 1.396775e+09
   -1.248322 1.394654e+09
   -1.387024 1.392525e+09
   -1.525726 1.390389e+09
   -1.664429 1.388245e+09
   -1.803131 1.386095e+09
   -1.941834 1.383938e+09
   -2.080536 1.381776e+09
   -2.219239 1.379608e+09
   -2.357941 1.377435e+09
   -2.496643 1.375258e+09
   -2.635346 1.373077e+09
   -2.774048 1.370894e+09
   -2.912751 1.368709e+09
   -3.051453 1.366523e+09
   -3.190155 1.364336e+09
   -3.328858 1.362150e+09
   -3.467560 1.359966e+09
   -3.606263 1.357785e+09
   -3.744965 1.355608e+09
   -3.883667 1.353435e+09
   -4.022370 1.351269e+09
   -4.161072 1.349109e+09
   -4.299775 1.346958e+09
   -4.438477 1.344816e+09
   -4.577179 1.342685e+09
   -4.715882 1.340564e+09
   -4.854584 1.338456e+09
   -4.993287 1.336361e+09
   -5.131989 1.334279e+09
   -5.270691 1.332212e+09
   -5.409394 1.330159e+09
   -5.548096 1.328123e+09
   -5.686799 1.326102e+09
   -5.825501 1.324098e+09
   -5.964204 1.322111e+09
   -6.102906 1.320142e+09
   -6.241608 1.318190e+09
   -6.380311 1.316256e+09
   -6.519013 1.314340e+09
   -6.657716 1.312444e+09
   -6.796418 1.310566e+09
   -6.935120 1.308708e+09
   -7.073823 1.306870e+09
   -7.212525 1.305052e+09
   -7.351228 1.303255e+09
   -7.489930 1.301480e+09
   -7.628632 1.299726e+09
   -7.767335 1.297994e+09
   -7.906037 1.296284e+09
   -8.044740 1.294597e+09
   -8.183442 1.292932e+09
   -8.322144 1.291290e+09
   -8.460847 1.289671e+09
   -8.599549 1.288075e+09
   -8.738252 1.286502e+09
   -8.876954 1.284950e+09
   -9.015656 1.283420e+09
   -9.154359 1.281912e+09
   -9.293061 1.280424e+09
   -9.431764 1.278957e+09
   -9.570466 1.277509e+09
   -9.709169 1.276080e+09
   -9.847871 1.274668e+09
   -9.986573 1.273274e+09
  -10.125276 1.271896e+09
  -10.263978 1.270534e+09
  -10.402681 1.269187e+09
  -10.541383 1.267855e+09
  -10.680085 1.266535e+09
  -10.818788 1.265229e+09
  -10.957490 1.263935e+09
  -11.096193 1.262653e+09
  -11.234895 1.261383e+09
  -11.373597 1.260123e+09
  -11.512300 1.258873e+09
  -11.651002 1.257634e+09
  -11.789705 1.256403e+09
  -11.928407 1.255181e+09
  -12.067109 1.253968e+09
  -12.205812 1.252763e+09
  -12.344514 1.251565e+09
  -12.483217 1.250373e+09
  -12.621919 1.249189e+09
  -12.760621 1.248010e+09
  -12.899324 1.246837e+09
  -13.038026 1.245670e+09
  -13.176729 1.244508e+09
  -13.315431 1.243351e+09
  -13.454134 1.242198e+09
  -13.592836 1.241051e+09
  -13.731538 1.239909e+09
  -13.870241 1.238772e+09
  -14.008943 1.237640e+09
  -14.147646 1.236515e+09
  -14.286348 1.235397e+09
  -14.425050 1.234286e+09
  -14.563753 1.233183e+09
  -14.702455 1.232090e+09
  -14.841158 1.231007e+09
  -14.979860 1.229935e+09
  -15.118562 1.228876e+09
  -15.257265 1.227830e+09
  -15.395967 1.226799e+09
  -15.534670 1.225784e+09
  -15.673372 1.224786e+09
  -15.812074 1.223805e+09
  -15.950777 1.222843e+09
  -16.089479 1.221901e+09
  -16.228182 1.220979e+09
  -16.366884 1.220077e+09
  -16.505586 1.219196e+09
  -16.644289 1.218335e+09
  -16.782991 1.217494e+09
  -16.921694 1.216674e+09
  -17.060396 1.215873e+09
  -17.199099 1.215090e+09
  -17.337801 1.214325e+09
  -17.476503 1.213576e+09
  -17.615206 1.212843e+09
  -17.753908 1.212124e+09
  -17.892611 1.211417e+09
  -18.031313 1.210721e+09
  -18.170015 1.210035e+09
  -18.308718 1.209356e+09
  -18.447420 1.208684e+09
  -18.586123 1.208017e+09
  -18.724825 1.207354e+09
  -18.863527 1.206693e+09
  -19.002230 1.206032e+09
  -19.140932 1.205372e+09
  -19.279635 1.204711e+09
  -19.418337 1.204047e+09
  -19.557039 1.203381e+09
  -19.695742 1.202710e+09
  -19.834444 1.202036e+09
  -19.973147 1.201357e+09
  -20.111849 1.200673e+09
  -20.250551 1.199983e+09
  -20.389254 1.199288e+09
  -20.527956 1.198587e+09
  -20.666659 1.197879e+09
  -20.805361 1.197166e+09
  -20.944064 1.196446e+09
  -21.082766 1.195720e+09
  -21.221468 1.194988e+09
  -21.360171 1.194250e+09
  -21.498873 1.193506e+09
  -21.637576 1.192757e+09
  -21.776278 1.192002e+09
  -21.914980 1.191243e+09
  -22.053683 1.190480e+09
  -22.192385 1.189712e+09
  -22.331088 1.188941e+09
  -22.469790 1.188168e+09
  -22.608492 1.187392e+09
  -22.747195 1.186614e+09
  -22.885897 1.185836e+09
  -23.024600 1.185057e+09
  -23.163302 1.184279e+09
  -23.302004 1.183501e+09
  -23.440707 1.182726e+09
  -23.579409 1.181953e+09
  -23.718112 1.181183e+09
  -23.856814 1.180416e+09
  -23.995516 1.179654e+09
  -24.134219 1.178897e+09
  -24.272921 1.178145e+09
  -24.411624 1.177398e+09
  -24.550326 1.176658e+09
  -24.689029 1.175925e+09
  -24.827731 1.175199e+09
  -24.966433 1.174481e+09
  -25.105136 1.173771e+09
  -25.243838 1.173070e+09
  -25.382541 1.172378e+09
  -25.521243 1.171695e+09
  -25.659945 1.171024e+09
  -25.798648 1.170363e+09
  -25.937350 1.169714e+09
  -26.076053 1.169078e+09
  -26.214755 1.168454e+09
  -26.353457 1.167845e+09
  -26.492160 1.167251e+09
  -26.630862 1.166672e+09
  -26.769565 1.166110e+09
  -26.908267 1.165564e+09
  -27.046969 1.165037e+09
  -27.185672 1.164528e+09
  -27.324374 1.164038e+09
  -27.463077 1.163568e+09
  -27.601779 1.163117e+09
  -27.740481 1.162686e+09
  -27.879184 1.162276e+09
  -28.017886 1.161886e+09
  -28.156589 1.161515e+09
  -28.295291 1.161164e+09
  -28.433994 1.160833e+09
  -28.572696 1.160519e+09
  -28.711398 1.160222e+09
  -28.850101 1.159942e+09
  -28.988803 1.159677e+09
  -29.127506 1.159425e+09
  -29.266208 1.159185e+09
  -29.404910 1.158955e+09
  -29.543613 1.158734e+09
  -29.682315 1.158518e+09
  -29.821018 1.158306e+09
  -29.959720 1.158096e+09
  -30.098422 1.157886e+09
  -30.237125 1.157672e+09
  -30.375827 1.157454e+09
  -30.514530 1.157228e+09
  -30.653232 1.156993e+09
  -30.791934 1.156746e+09
  -30.930637 1.156486e+09
  -31.069339 1.156211e+09
  -31.208042 1.155919e+09
  -31.346744 1.155610e+09
  -31.485446 1.155282e+09
  -31.624149 1.154934e+09
  -31.762851 1.154567e+09
  -31.901554 1.154180e+09
  -32.040256 1.153772e+09
  -32.178959 1.153345e+09
  -32.317661 1.152898e+09
  -32.456363 1.152433e+09
  -32.595066 1.151950e+09
  -32.733768 1.151451e+09
  -32.872471 1.150937e+09
  -33.011173 1.150408e+09
  -33.149875 1.149867e+09
  -33.288578 1.149314e+09
  -33.427280 1.148752e+09
  -33.565983 1.148180e+09
  -33.704685 1.147601e+09
  -33.843387 1.147015e+09
  -33.982090 1.146424e+09
  -34.120792 1.145829e+09
  -34.259495 1.145230e+09
  -34.398197 1.144629e+09
  -34.536899 1.144025e+09
  -34.675602 1.143419e+09
  -34.814304 1.142813e+09
  -34.953007 1.142205e+09
  -35.091709 1.141597e+09
  -35.230411 1.140990e+09
  -35.369114 1.140383e+09
  -35.507816 1.139776e+09
  -35.646519 1.139172e+09
  -35.785221 1.138569e+09
  -35.923924 1.137969e+09
  -36.062626 1.137373e+09
  -36.201328 1.136782e+09
  -36.340031 1.136196e+09
  -36.478733 1.135617e+09
  -36.617436 1.135047e+09
  -36.756138 1.134486e+09
  -36.894840 1.133936e+09
  -37.033543 1.133400e+09
  -37.172245 1.132877e+09
  -37.310948 1.132371e+09
  -37.449650 1.131882e+09
  -37.588352 1.131413e+09
  -37.727055 1.130963e+09
  -37.865757 1.130536e+09
  -38.004460 1.130131e+09
  -38.143162 1.129751e+09
  -38.281864 1.129396e+09
  -38.420567 1.129066e+09
  -38.559269 1.128763e+09
  -38.697972 1.128486e+09
  -38.836674 1.128236e+09
  -38.975376 1.128014e+09
  -39.114079 1.127818e+09
  -39.252781 1.127649e+09
  -39.391484 1.127505e+09
  -39.530186 1.127388e+09
  -39.668889 1.127295e+09
  -39.807591 1.127227e+09
  -39.946293 1.127181e+09
  -40.084996 1.127158e+09
  -40.223698 1.127156e+09
  -40.362401 1.127175e+09
  -40.501103 1.127212e+09
  -40.639805 1.127267e+09
  -40.778508 1.127340e+09
  -40.917210 1.127427e+09
  -41.055913 1.127529e+09
  -41.194615 1.127645e+09
  -41.333317 1.127772e+09
  -41.472020 1.127910e+09
  -41.610722 1.128058e+09
  -41.749425 1.128214e+09
  -41.888127 1.128378e+09
  -42.026829 1.128549e+09
  -42.165532 1.128724e+09
  -42.304234 1.128904e+09
  -42.442937 1.129086e+09
  -42.581639 1.129271e+09
  -42.720341 1.129456e+09
  -42.859044 1.129642e+09
  -42.997746 1.129827e+09
  -43.136449 1.130010e+09
  -43.275151 1.130191e+09
  -43.413854 1.130369e+09
  -43.552556 1.130543e+09
  -43.691258 1.130712e+09
  -43.829961 1.130877e+09
  -43.968663 1.131038e+09
  -44.107366 1.131193e+09
  -44.246068 1.131344e+09
  -44.384770 1.131490e+09
  -44.523473 1.131632e+09
  -44.662175 1.131771e+09
  -44.800878 1.131906e+09
  -44.939580 1.132040e+09
  -45.078282 1.132173e+09
  -45.216985 1.132306e+09
  -45.355687 1.132441e+09
  -45.494390 1.132579e+09
  -45.633092 1.132722e+09
  -45.771794 1.132873e+09
  -45.910497 1.133032e+09
  -46.049199 1.133201e+09
  -46.187902 1.133383e+09
  -46.326604 1.133579e+09
  -46.465306 1.133791e+09
  -46.604009 1.134022e+09
  -46.742711 1.134273e+09
  -46.881414 1.134545e+09
  -47.020116 1.134841e+09
  -47.158819 1.135161e+09
  -47.297521 1.135507e+09
  -47.436223 1.135880e+09
  -47.574926 1.136282e+09
  -47.713628 1.136713e+09
  -47.852331 1.137173e+09
  -47.991033 1.137664e+09
  -48.129735 1.138185e+09
  -48.268438 1.138738e+09
  -48.407140 1.139323e+09
  -48.545843 1.139938e+09
  -48.684545 1.140585e+09
  -48.823247 1.141264e+09
  -48.961950 1.141974e+09
  -49.100652 1.142715e+09
  -49.239355 1.143487e+09
  -49.378057 1.144289e+09
  -49.516759 1.145121e+09
  -49.655462 1.145982e+09
  -49.794164 1.146873e+09
  -49.932867 1.147791e+09
  -50.071569 1.148737e+09
  -50.210271 1.149710e+09
  -50.348974 1.150709e+09
  -50.487676 1.151732e+09
  -50.626379 1.152779e+09
  -50.765081 1.153849e+09
  -50.903784 1.154941e+09
  -51.042486 1.156053e+09
  -51.181188 1.157185e+09
  -51.319891 1.158335e+09
  -51.458593 1.159501e+09
  -51.597296 1.160683e+09
  -51.735998 1.161880e+09
  -51.874700 1.163089e+09
  -52.013403 1.164311e+09
  -52.152105 1.165543e+09
  -52.290808 1.166786e+09
  -52.429510 1.168037e+09
  -52.568212 1.169296e+09
  -52.706915 1.170562e+09
  -52.845617 1.171835e+09
  -52.984320 1.173113e+09
  -53.123022 1.174396e+09
  -53.261724 1.175683e+09
  -53.400427 1.176974e+09
  -53.539129 1.178269e+09
  -53.677832 1.179566e+09
  -53.816534 1.180865e+09
  -53.955236 1.182166e+09
  -54.093939 1.183469e+09
  -54.232641 1.184773e+09
  -54.371344 1.186077e+09
  -54.510046 1.187382e+09
  -54.648749 1.188687e+09
  -54.787451 1.189992e+09
  -54.926153 1.191296e+09
  -55.064856 1.192600e+09
  -55.203558 1.193903e+09
  -55.342261 1.195204e+09
  -55.480963 1.196505e+09
  -55.619665 1.197804e+09
  -55.758368 1.199101e+09
  -55.897070 1.200398e+09
  -56.035773 1.201692e+09
  -56.174475 1.202985e+09
  -56.313177 1.204277e+09
  -56.451880 1.205567e+09
  -56.590582 1.206855e+09
  -56.729285 1.208142e+09
  -56.867987 1.209427e+09
  -57.006689 1.210710e+09
  -57.145392 1.211992e+09
  -57.284094 1.213272e+09
  -57.422797 1.214549e+09
  -57.561499 1.215825e+09
  -57.700201 1.217098e+09
  -57.838904 1.218369e+09
  -57.977606 1.219638e+09
  -58.116309 1.220903e+09
  -58.255011 1.222167e+09
  -58.393714 1.223427e+09
  -58.532416 1.224684e+09
  -58.671118 1.225938e+09
  -58.809821 1.227190e+09
  -58.948523 1.228438e+09
  -59.087226 1.229683e+09
  -59.225928 1.230925e+09
  -59.364630 1.232165e+09
  -59.503333 1.233401e+09
  -59.642035 1.234635e+09
  -59.780738 1.235866e+09
  -59.919440 1.237095e+09
  -60.058142 1.238322e+09
  -60.196845 1.239547e+09
  -60.335547 1.240770e+09
  -60.474250 1.241992e+09
  -60.612952 1.243213e+09
  -60.751654 1.244433e+09
  -60.890357 1.245653e+09
  -61.029059 1.246873e+09
  -61.167762 1.248094e+09
  -61.306464 1.249316e+09
  -61.445166 1.250541e+09
  -61.583869 1.251767e+09
  -61.722571 1.252997e+09
  -61.861274 1.254231e+09
  -61.999976 1.255469e+09
  -62.138679 1.256712e+09
  -62.277381 1.257961e+09
  -62.416083 1.259216e+09
  -62.554786 1.260477e+09
  -62.693488 1.261745e+09
  -62.832191 1.263021e+09
  -62.970893 1.264304e+09
  -63.109595 1.265595e+09
  -63.248298 1.266894e+09
  -63.387000 1.268201e+09
  -63.525703 1.269516e+09
  -63.664405 1.270839e+09
  -63.803107 1.272169e+09
  -63.941810 1.273507e+09
  -64.080512 1.274852e+09
  -64.219215 1.276204e+09
  -64.357917 1.277562e+09
  -64.496619 1.278926e+09
  -64.635322 1.280296e+09
  -64.774024 1.281671e+09
  -64.912727 1.283051e+09
  -65.051429 1.284435e+09
  -65.190131 1.285824e+09
  -65.328834 1.287216e+09
  -65.467536 1.288612e+09
  -65.606239 1.290011e+09
  -65.744941 1.291414e+09
  -65.883644 1.292820e+09
  -66.022346 1.294229e+09
  -66.161048 1.295641e+09
  -66.299751 1.297055e+09
  -66.438453 1.298473e+09
  -66.577156 1.299894e+09
  -66.715858 1.301318e+09
  -66.854560 1.302744e+09
  -66.993263 1.304173e+09
  -67.131965 1.305604e+09
  -67.270668 1.307037e+09
  -67.409370 1.308472e+09
  -67.548072 1.309908e+09
  -67.686775 1.311344e+09
  -67.825477 1.312779e+09
  -67.964180 1.314213e+09
  -68.102882 1.315645e+09
  -68.241584 1.317073e+09
  -68.380287 1.318497e+09
  -68.518989 1.319915e+09
  -68.657692 1.321326e+09
  -68.796394 1.322728e+09
  -68.935096 1.324121e+09
  -69.073799 1.325504e+09
  -69.212501 1.326874e+09
  -69.351204 1.328231e+09
  -69.489906 1.329575e+09
  -69.628608 1.330904e+09
  -69.767311 1.332217e+09
  -69.906013 1.333515e+09
  -70.044716 1.334796e+09
  -70.183418 1.336061e+09
  -70.322121 1.337311e+09
  -70.460823 1.338544e+09
  -70.599525 1.339761e+09
  -70.738228 1.340964e+09
  -70.876930 1.342153e+09
  -71.015633 1.343328e+09
  -71.154335 1.344492e+09
  -71.293037 1.345645e+09
  -71.431740 1.346788e+09
  -71.570442 1.347923e+09
  -71.709145 1.349052e+09
  -71.847847 1.350175e+09
  -71.986549 1.351295e+09
  -72.125252 1.352413e+09
  -72.263954 1.353530e+09
  -72.402657 1.354648e+09
  -72.541359 1.355769e+09
  -72.680061 1.356895e+09
  -72.818764 1.358025e+09
  -72.957466 1.359162e+09
  -73.096169 1.360308e+09
  -73.234871 1.361462e+09
  -73.373573 1.362626e+09
  -73.512276 1.363801e+09
  -73.650978 1.364988e+09
  -73.789681 1.366187e+09
  -73.928383 1.367398e+09
  -74.067086 1.368621e+09
  -74.205788 1.369858e+09
  -74.344490 1.371107e+09
  -74.483193 1.372368e+09
  -74.621895 1.373641e+09
  -74.760598 1.374925e+09
  -74.899300 1.376219e+09
  -75.038002 1.377523e+09
  -75.176705 1.378835e+09
  -75.315407 1.380155e+09
  -75.454110 1.381481e+09
  -75.592812 1.382811e+09
  -75.731514 1.384146e+09
  -75.870217 1.385482e+09
  -76.008919 1.386820e+09
  -76.147622 1.388157e+09
  -76.286324 1.389493e+09
  -76.425026 1.390826e+09
  -76.563729 1.392155e+09
  -76.702431 1.393480e+09
  -76.841134 1.394799e+09
  -76.979836 1.396111e+09
  -77.118538 1.397416e+09
  -77.257241 1.398712e+09
  -77.395943 1.400001e+09
  -77.534646 1.401280e+09
  -77.673348 1.402550e+09
  -77.812051 1.403811e+09
  -77.950753 1.405061e+09
  -78.089455 1.406301e+09
  -78.228158 1.407531e+09
  -78.366860 1.408750e+09
  -78.505563 1.409959e+09
  -78.644265 1.411156e+09
  -78.782967 1.412342e+09
  -78.921670 1.413516e+09
  -79.060372 1.414677e+09
  -79.199075 1.415826e+09
  -79.337777 1.416961e+09
  -79.476479 1.418083e+09
  -79.615182 1.419188e+09
  -79.753884 1.420278e+09
  -79.892587 1.421351e+09
  -80.031289 1.422405e+09
  -80.169991 1.423440e+09
  -80.308694 1.424453e+09
  -80.447396 1.425444e+09
  -80.586099 1.426410e+09
  -80.724801 1.427351e+09
  -80.863503 1.428264e+09
  -81.002206 1.429148e+09
  -81.140908 1.430001e+09
  -81.279611 1.430821e+09
  -81.418313 1.431607e+09
  -81.557016 1.432356e+09
  -81.695718 1.433068e+09
  -81.834420 1.433740e+09
  -81.973123 1.434372e+09
  -82.111825 1.434960e+09
  -82.250528 1.435505e+09
  -82.389230 1.436005e+09
  -82.527932 1.436458e+09
  -82.666635 1.436863e+09
  -82.805337 1.437220e+09
  -82.944040 1.437526e+09
  -83.082742 1.437782e+09
  -83.221444 1.437986e+09
  -83.360147 1.438137e+09
  -83.498849 1.438236e+09
  -83.637552 1.438281e+09
  -83.776254 1.438272e+09
  -83.914956 1.438208e+09
  -84.053659 1.438090e+09
  -84.192361 1.437918e+09
  -84.331064 1.437690e+09
  -84.469766 1.437407e+09
  -84.608468 1.437070e+09
  -84.747171 1.436678e+09
  -84.885873 1.436231e+09
  -85.024576 1.435731e+09
  -85.163278 1.435176e+09
  -85.301981 1.434568e+09
  -85.440683 1.433907e+09
  -85.579385 1.433193e+09
  -85.718088 1.432427e+09
  -85.856790 1.431610e+09
  -85.995493 1.430742e+09
  -86.134195 1.429824e+09
  -86.272897 1.428855e+09
  -86.411600 1.427838e+09
  -86.550302 1.426772e+09
  -86.689005 1.425658e+09
  -86.827707 1.424496e+09
  -86.966409 1.423287e+09
  -87.105112 1.422031e+09
  -87.243814 1.420730e+09
  -87.382517 1.419382e+09
  -87.521219 1.417989e+09
  -87.659921 1.416551e+09
  -87.798624 1.415068e+09
  -87.937326 1.413541e+09
  -88.076029 1.411970e+09
  -88.214731 1.410355e+09
  -88.353433 1.408696e+09
  -88.492136 1.406995e+09
  -88.630838 1.405252e+09
  -88.769541 1.403466e+09
  -88.908243 1.401640e+09
  -89.046946 1.399773e+09
  -89.185648 1.397866e+09
  -89.324350 1.395920e+09
  -89.463053 1.393936e+09
  -89.601755 1.391915e+09
  -89.740458 1.389857e+09
  -89.879160 1.387764e+09
  -90.017862 1.385637e+09
  -90.156565 1.383476e+09
  -90.295267 1.381284e+09
  -90.433970 1.379060e+09
  -90.572672 1.376806e+09
  -90.711374 1.374524e+09
  -90.850077 1.372214e+09
  -90.988779 1.369877e+09
  -91.127482 1.367515e+09
  -91.266184 1.365129e+09
  -91.404886 1.362719e+09
  -91.543589 1.360286e+09
  -91.682291 1.357833e+09
  -91.820994 1.355358e+09
  -91.959696 1.352863e+09
  -92.098398 1.350350e+09
  -92.237101 1.347819e+09
  -92.375803 1.345270e+09
  -92.514506 1.342705e+09
  -92.653208 1.340125e+09
  -92.791911 1.337530e+09
  -92.930613 1.334921e+09
  -93.069315 1.332300e+09
  -93.208018 1.329667e+09
  -93.346720 1.327023e+09
  -93.485423 1.324370e+09
  -93.624125 1.321709e+09
  -93.762827 1.319040e+09
  -93.901530 1.316366e+09
  -94.040232 1.313687e+09
  -94.178935 1.311004e+09
  -94.317637 1.308319e+09
  -94.456339 1.305634e+09
  -94.595042 1.302948e+09
  -94.733744 1.300263e+09
  -94.872447 1.297581e+09
  -95.011149 1.294902e+09
  -95.149851 1.292227e+09
  -95.288554 1.289556e+09
  -95.427256 1.286891e+09
  -95.565959 1.284231e+09
  -95.704661 1.281578e+09
  -95.843363 1.278932e+09
  -95.982066 1.276293e+09
  -96.120768 1.273662e+09
  -96.259471 1.271038e+09
  -96.398173 1.268423e+09
  -96.536876 1.265816e+09
  -96.675578 1.263218e+09
  -96.814280 1.260628e+09
  -96.952983 1.258049e+09
  -97.091685 1.255479e+09
  -97.230388 1.252920e+09
  -97.369090 1.250371e+09
  -97.507792 1.247833e+09
  -97.646495 1.245308e+09
  -97.785197 1.242794e+09
  -97.923900 1.240293e+09
  -98.062602 1.237805e+09
  -98.201304 1.235331e+09
  -98.340007 1.232871e+09
  -98.478709 1.230426e+09
  -98.617412 1.227995e+09
  -98.756114 1.225580e+09
  -98.894816 1.223180e+09
  -99.033519 1.220796e+09
  -99.172221 1.218426e+09
  -99.310924 1.216073e+09
  -99.449626 1.213734e+09
  -99.588328 1.211410e+09
  -99.727031 1.209100e+09
  -99.865733 1.206804e+09
 -100.004436 1.204521e+09
 -100.143138 1.202250e+09
 -100.281841 1.199990e+09
 -100.420543 1.197741e+09
 -100.559245 1.195502e+09
 -100.697948 1.193270e+09
 -100.836650 1.191046e+09
 -100.975353 1.188829e+09
 -101.114055 1.186616e+09
 -101.252757 1.184408e+09
 -101.391460 1.182202e+09
 -101.530162 1.179999e+09
 -101.668865 1.177798e+09
 -101.807567 1.175596e+09
 -101.946269 1.173395e+09
 -102.084972 1.171193e+09
 -102.223674 1.168990e+09
 -102.362377 1.166786e+09
 -102.501079 1.164580e+09
 -102.639781 1.162373e+09
 -102.778484 1.160164e+09
 -102.917186 1.157953e+09
 -103.055889 1.155740e+09
 -103.194591 1.153526e+09
 -103.333293 1.151311e+09
 -103.471996 1.149094e+09
 -103.610698 1.146876e+09
 -103.749401 1.144657e+09
 -103.888103 1.142435e+09
 -104.026806 1.140212e+09
 -104.165508 1.137986e+09
 -104.304210 1.135757e+09
 -104.442913 1.133524e+09
 -104.581615 1.131285e+09
 -104.720318 1.129040e+09
 -104.859020 1.126787e+09
 -104.997722 1.124524e+09
 -105.136425 1.122250e+09
 -105.275127 1.119963e+09
 -105.413830 1.117660e+09
 -105.552532 1.115340e+09
 -105.691234 1.113000e+09
 -105.829937 1.110639e+09
 -105.968639 1.108254e+09
 -106.107342 1.105844e+09
 -106.246044 1.103405e+09
 -106.384746 1.100938e+09
 -106.523449 1.098440e+09
 -106.662151 1.095910e+09
 -106.800854 1.093347e+09
 -106.939556 1.090749e+09
 -107.078258 1.088118e+09
 -107.216961 1.085452e+09
 -107.355663 1.082751e+09
 -107.494366 1.080017e+09
 -107.633068 1.077249e+09
 -107.771771 1.074450e+09
 -107.910473 1.071620e+09
 -108.049175 1.068761e+09
 -108.187878 1.065876e+09
 -108.326580 1.062966e+09
 -108.465283 1.060034e+09
 -108.603985 1.057083e+09
 -108.742687 1.054115e+09
 -108.881390 1.051133e+09
 -109.020092 1.048141e+09
 -109.158795 1.045141e+09
 -109.297497 1.042137e+09
 -109.436199 1.039130e+09
 -109.574902 1.036124e+09
 -109.713604 1.033123e+09
 -109.852307 1.030127e+09
 -109.991009 1.027139e+09
 -110.129711 1.024162e+09
 -110.268414 1.021198e+09
 -110.407116 1.018247e+09
 -110.545819 1.015311e+09
 -110.684521 1.012391e+09
 -110.823223 1.009487e+09
 -110.961926 1.006600e+09
 -111.100628 1.003731e+09
 -111.239331 1.000878e+09
 -111.378033 9.980414e+08
 -111.516736 9.952208e+08
 -111.655438 9.924153e+08
 -111.794140 9.896241e+08
 -111.932843 9.868463e+08
 -112.071545 9.840809e+08
 -112.210248 9.813270e+08
 -112.348950 9.785838e+08
 -112.487652 9.758505e+08
 -112.626355 9.731265e+08
 -112.765057 9.704113e+08
 -112.903760 9.677046e+08
 -113.042462 9.650064e+08
 -113.181164 9.623168e+08
 -113.319867 9.596363e+08
 -113.458569 9.569655e+08
 -113.597272 9.543053e+08
 -113.735974 9.516569e+08
 -113.874676 9.490217e+08
 -114.013379 9.464012e+08
 -114.152081 9.437973e+08
 -114.290784 9.412118e+08
 -114.429486 9.386470e+08
 -114.568188 9.361051e+08
 -114.706891 9.335884e+08
 -114.845593 9.310994e+08
 -114.984296 9.286404e+08
 -115.122998 9.262140e+08
 -115.261701 9.238224e+08
 -115.400403 9.214680e+08
 -115.539105 9.191529e+08
 -115.677808 9.168791e+08
 -115.816510 9.146484e+08
 -115.955213 9.124623e+08
 -116.093915 9.103221e+08
 -116.232617 9.082286e+08
 -116.371320 9.061825e+08
 -116.510022 9.041841e+08
 -116.648725 9.022332e+08
 -116.787427 9.003293e+08
 -116.926129 8.984716e+08
 -117.064832 8.966588e+08
 -117.203534 8.948894e+08
 -117.342237 8.931615e+08
 -117.480939 8.914728e+08
 -117.619641 8.898209e+08
 -117.758344 8.882030e+08
 -117.897046 8.866164e+08
 -118.035749 8.850578e+08
 -118.174451 8.835241e+08
 -118.313153 8.820122e+08
 -118.451856 8.805188e+08
 -118.590558 8.790406e+08
 -118.729261 8.775746e+08
 -118.867963 8.761176e+08
 -119.006666 8.746668e+08
 -119.145368 8.732194e+08
 -119.284070 8.717729e+08
 -119.422773 8.703249e+08
 -119.561475 8.688733e+08
 -119.700178 8.674161e+08
 -119.838880 8.659516e+08
 -119.977582 8.644784e+08
 -120.116285 8.629951e+08
 -120.254987 8.615006e+08
 -120.393690 8.599940e+08
 -120.532392 8.584744e+08
 -120.671094 8.569411e+08
 -120.809797 8.553936e+08
 -120.948499 8.538311e+08
 -121.087202 8.522532e+08
 -121.225904 8.506594e+08
 -121.364606 8.490490e+08
 -121.503309 8.474216e+08
 -121.642011 8.457764e+08
 -121.780714 8.441128e+08
 -121.919416 8.424300e+08
 -122.058118 8.407273e+08
 -122.196821 8.390037e+08
 -122.335523 8.372582e+08
 -122.474226 8.354900e+08
 -122.612928 8.336981e+08
 -122.751631 8.318813e+08
 -122.890333 8.300386e+08
 -123.029035 8.281692e+08
 -123.167738 8.262720e+08
 -123.306440 8.243461e+08
 -123.445143 8.223909e+08
 -123.583845 8.204056e+08
 -123.722547 8.183897e+08
 -123.861250 8.163428e+08
 -123.999952 8.142649e+08
 -124.138655 8.121558e+08
 -124.277357 8.100159e+08
 -124.416059 8.078456e+08
 -124.554762 8.056457e+08
 -124.693464 8.034171e+08
 -124.832167 8.011611e+08
 -124.970869 7.988793e+08
 -125.109571 7.965733e+08
 -125.248274 7.942454e+08
 -125.386976 7.918977e+08
 -125.525679 7.895330e+08
 -125.664381 7.871539e+08
 -125.803083 7.847635e+08
 -125.941786 7.823650e+08
 -126.080488 7.799617e+08
 -126.219191 7.775569e+08
 -126.357893 7.751542e+08
 -126.496596 7.727570e+08
 -126.635298 7.703688e+08
 -126.774000 7.679931e+08
 -126.912703 7.656330e+08
 -127.051405 7.632917e+08
 -127.190108 7.609722e+08
 -127.328810 7.586772e+08
 -127.467512 7.564092e+08
 -127.606215 7.541703e+08
 -127.744917 7.519624e+08
 -127.883620 7.497872e+08
 -128.022322 7.476460e+08
 -128.161024 7.455398e+08
 -128.299727 7.434692e+08
 -128.438429 7.414346e+08
 -128.577132 7.394362e+08
 -128.715834 7.374739e+08
 -128.854536 7.355472e+08
 -128.993239 7.336557e+08
 -129.131941 7.317985e+08
 -129.270644 7.299746e+08
 -129.409346 7.281831e+08
 -129.548048 7.264226e+08
 -129.686751 7.246918e+08
 -129.825453 7.229893e+08
 -129.964156 7.213136e+08
 -130.102858 7.196631e+08
 -130.241561 7.180361e+08
 -130.380263 7.164308e+08
 -130.518965 7.148457e+08
 -130.657668 7.132788e+08
 -130.796370 7.117284e+08
 -130.935073 7.101927e+08
 -131.073775 7.086697e+08
 -131.212477 7.071578e+08
 -131.351180 7.056550e+08
 -131.489882 7.041596e+08
 -131.628585 7.026699e+08
 -131.767287 7.011843e+08
 -131.905989 6.997012e+08
 -132.044692 6.982191e+08
 -132.183394 6.967367e+08
 -132.322097 6.952528e+08
 -132.460799 6.937663e+08
 -132.599501 6.922763e+08
 -132.738204 6.907821e+08
 -132.876906 6.892830e+08
 -133.015609 6.877786e+08
 -133.154311 6.862687e+08
 -133.293013 6.847533e+08
 -133.431716 6.832323e+08
 -133.570418 6.817060e+08
 -133.709121 6.801748e+08
 -133.847823 6.786390e+08
 -133.986526 6.770993e+08
 -134.125228 6.755563e+08
 -134.263930 6.740107e+08
 -134.402633 6.724632e+08
 -134.541335 6.709146e+08
 -134.680038 6.693657e+08
 -134.818740 6.678173e+08
 -134.957442 6.662700e+08
 -135.096145 6.647247e+08
 -135.234847 6.631820e+08
 -135.373550 6.616426e+08
 -135.512252 6.601070e+08
 -135.650954 6.585757e+08
 -135.789657 6.570491e+08
 -135.928359 6.555276e+08
 -136.067062 6.540115e+08
 -136.205764 6.525010e+08
 -136.344466 6.509963e+08
 -136.483169 6.494973e+08
 -136.621871 6.480040e+08
 -136.760574 6.465164e+08
 -136.899276 6.450342e+08
 -137.037978 6.435572e+08
 -137.176681 6.420851e+08
 -137.315383 6.406175e+08
 -137.454086 6.391540e+08
 -137.592788 6.376941e+08
 -137.731491 6.362372e+08
 -137.870193 6.347829e+08
 -138.008895 6.333305e+08
 -138.147598 6.318796e+08
 -138.286300 6.304295e+08
 -138.425003 6.289798e+08
 -138.563705 6.275299e+08
 -138.702407 6.260794e+08
 -138.841110 6.246279e+08
 -138.979812 6.231751e+08
 -139.118515 6.217206e+08
 -139.257217 6.202643e+08
 -139.395919 6.188059e+08
 -139.534622 6.173454e+08
 -139.673324 6.158826e+08
 -139.812027 6.144175e+08
 -139.950729 6.129502e+08
 -140.089431 6.114805e+08
 -140.228134 6.100086e+08
 -140.366836 6.085342e+08
 -140.505539 6.070575e+08
 -140.644241 6.055782e+08
 -140.782943 6.040962e+08
 -140.921646 6.026113e+08
 -141.060348 6.011231e+08
 -141.199051 5.996313e+08
 -141.337753 5.981354e+08
 -141.476456 5.966348e+08
 -141.615158 5.951289e+08
 -141.753860 5.936170e+08
 -141.892563 5.920984e+08
 -142.031265 5.905723e+08
 -142.169968 5.890379e+08
 -142.308670 5.874943e+08
 -142.447372 5.859408e+08
 -142.586075 5.843765e+08
 -142.724777 5.828007e+08
 -142.863480 5.812128e+08
 -143.002182 5.796121e+08
 -143.140884 5.779982e+08
 -143.279587 5.763707e+08
 -143.418289 5.747296e+08
 -143.556992 5.730747e+08
 -143.695694 5.714064e+08
 -143.834396 5.697248e+08
 -143.973099 5.680308e+08
 -144.111801 5.663251e+08
 -144.250504 5.646087e+08
 -144.389206 5.628829e+08
 -144.527908 5.611491e+08
 -144.666611 5.594091e+08
 -144.805313 5.576646e+08
 -144.944016 5.559177e+08
 -145.082718 5.541704e+08
 -145.221421 5.524248e+08
 -145.360123 5.506833e+08
 -145.498825 5.489480e+08
 -145.637528 5.472212e+08
 -145.776230 5.455049e+08
 -145.914933 5.438012e+08
 -146.053635 5.421122e+08
 -146.192337 5.404394e+08
 -146.331040 5.387845e+08
 -146.469742 5.371490e+08
 -146.608445 5.355340e+08
 -146.747147 5.339405e+08
 -146.885849 5.323694e+08
 -147.024552 5.308212e+08
 -147.163254 5.292965e+08
 -147.301957 5.277954e+08
 -147.440659 5.263181e+08
 -147.579361 5.248644e+08
 -147.718064 5.234343e+08
 -147.856766 5.220273e+08
 -147.995469 5.206433e+08
 -148.134171 5.192816e+08
 -148.272873 5.179417e+08
 -148.411576 5.166231e+08
 -148.550278 5.153251e+08
 -148.688981 5.140471e+08
 -148.827683 5.127884e+08
 -148.966386 5.115482e+08
 -149.105088 5.103259e+08
 -149.243790 5.091207e+08
 -149.382493 5.079320e+08
 -149.521195 5.067589e+08
 -149.659898 5.056008e+08
 -149.798600 5.044570e+08
 -149.937302 5.033269e+08
 -150.076005 5.022097e+08
 -150.214707 5.011050e+08
 -150.353410 5.000120e+08
 -150.492112 4.989302e+08
 -150.630814 4.978592e+08
 -150.769517 4.967984e+08
 -150.908219 4.957473e+08
 -151.046922 4.947056e+08
 -151.185624 4.936728e+08
 -151.324326 4.926486e+08
 -151.463029 4.916327e+08
 -151.601731 4.906247e+08
 -151.740434 4.896245e+08
 -151.879136 4.886319e+08
 -152.017838 4.876465e+08
 -152.156541 4.866684e+08
 -152.295243 4.856973e+08
 -152.433946 4.847332e+08
 -152.572648 4.837761e+08
 -152.711351 4.828259e+08
 -152.850053 4.818826e+08
 -152.988755 4.809464e+08
 -153.127458 4.800173e+08
 -153.266160 4.790956e+08
 -153.404863 4.781812e+08
 -153.543565 4.772746e+08
 -153.682267 4.763758e+08
 -153.820970 4.754851e+08
 -153.959672 4.746027e+08
 -154.098375 4.737288e+08
 -154.237077 4.728635e+08
 -154.375779 4.720070e+08
 -154.514482 4.711594e+08
 -154.653184 4.703205e+08
 -154.791887 4.694902e+08
 -154.930589 4.686684e+08
 -155.069291 4.678546e+08
 -155.207994 4.670484e+08
 -155.346696 4.662493e+08
 -155.485399 4.654564e+08
 -155.624101 4.646689e+08
 -155.762803 4.638859e+08
 -155.901506 4.631064e+08
 -156.040208 4.623292e+08
 -156.178911 4.615531e+08
 -156.317613 4.607769e+08
 -156.456316 4.599993e+08
 -156.595018 4.592191e+08
 -156.733720 4.584349e+08
 -156.872423 4.576456e+08
 -157.011125 4.568499e+08
 -157.149828 4.560467e+08
 -157.288530 4.552351e+08
 -157.427232 4.544140e+08
 -157.565935 4.535828e+08
 -157.704637 4.527406e+08
 -157.843340 4.518869e+08
 -157.982042 4.510213e+08
 -158.120744 4.501436e+08
 -158.259447 4.492537e+08
 -158.398149 4.483516e+08
 -158.536852 4.474376e+08
 -158.675554 4.465120e+08
 -158.814256 4.455755e+08
 -158.952959 4.446287e+08
 -159.091661 4.436726e+08
 -159.230364 4.427080e+08
 -159.369066 4.417363e+08
 -159.507768 4.407587e+08
 -159.646471 4.397766e+08
 -159.785173 4.387913e+08
 -159.923876 4.378046e+08
 -160.062578 4.368179e+08
 -160.201281 4.358329e+08
 -160.339983 4.348512e+08
 -160.478685 4.338745e+08
 -160.617388 4.329043e+08
 -160.756090 4.319423e+08
 -160.894793 4.309899e+08
 -161.033495 4.300486e+08
 -161.172197 4.291195e+08
 -161.310900 4.282041e+08
 -161.449602 4.273033e+08
 -161.588305 4.264180e+08
 -161.727007 4.255491e+08
 -161.865709 4.246971e+08
 -162.004412 4.238625e+08
 -162.143114 4.230457e+08
 -162.281817 4.222467e+08
 -162.420519 4.214654e+08
 -162.559221 4.207018e+08
 -162.697924 4.199554e+08
 -162.836626 4.192258e+08
 -162.975329 4.185124e+08
 -163.114031 4.178146e+08
 -163.252733 4.171314e+08
 -163.391436 4.164622e+08
 -163.530138 4.158060e+08
 -163.668841 4.151621e+08
 -163.807543 4.145295e+08
 -163.946246 4.139075e+08
 -164.084948 4.132952e+08
 -164.223650 4.126921e+08
 -164.362353 4.120974e+08
 -164.501055 4.115108e+08
 -164.639758 4.109317e+08
 -164.778460 4.103600e+08
 -164.917162 4.097955e+08
 -165.055865 4.092383e+08
 -165.194567 4.086884e+08
 -165.333270 4.081461e+08
 -165.471972 4.076118e+08
 -165.610674 4.070862e+08
 -165.749377 4.065697e+08
 -165.888079 4.060632e+08
 -166.026782 4.055675e+08
 -166.165484 4.050835e+08
 -166.304186 4.046122e+08
 -166.442889 4.041545e+08
 -166.581591 4.037115e+08
 -166.720294 4.032842e+08
 -166.858996 4.028736e+08
 -166.997698 4.024804e+08
 -167.136401 4.021056e+08
 -167.275103 4.017498e+08
 -167.413806 4.014136e+08
 -167.552508 4.010974e+08
 -167.691211 4.008013e+08
 -167.829913 4.005254e+08
 -167.968615 4.002695e+08
 -168.107318 4.000333e+08
 -168.246020 3.998160e+08
 -168.384723 3.996171e+08
 -168.523425 3.994354e+08
 -168.662127 3.992699e+08
 -168.800830 3.991194e+08
 -168.939532 3.989823e+08
 -169.078235 3.988574e+08
 -169.216937 3.987431e+08
 -169.355639 3.986379e+08
 -169.494342 3.985404e+08
 -169.633044 3.984491e+08
 -169.771747 3.983628e+08
 -169.910449 3.982804e+08
 -170.049151 3.982006e+08
 -170.187854 3.981227e+08
 -170.326556 3.980459e+08
 -170.465259 3.979696e+08
 -170.603961 3.978934e+08
 -170.742663 3.978171e+08
 -170.881366 3.977406e+08
 -171.020068 3.976638e+08
 -171.158771 3.975870e+08
 -171.297473 3.975103e+08
 -171.436176 3.974340e+08
 -171.574878 3.973585e+08
 -171.713580 3.972842e+08
 -171.852283 3.972114e+08
 -171.990985 3.971405e+08
 -172.129688 3.970719e+08
 -172.268390 3.970058e+08
 -172.407092 3.969427e+08
 -172.545795 3.968825e+08
 -172.684497 3.968256e+08
 -172.823200 3.967719e+08
 -172.961902 3.967214e+08
 -173.100604 3.966740e+08
 -173.239307 3.966294e+08
 -173.378009 3.965874e+08
 -173.516712 3.965475e+08
 -173.655414 3.965093e+08
 -173.794116 3.964721e+08
 -173.932819 3.964352e+08
 -174.071521 3.963980e+08
 -174.210224 3.963595e+08
 -174.348926 3.963189e+08
 -174.487628 3.962752e+08
 -174.626331 3.962274e+08
 -174.765033 3.961743e+08
 -174.903736 3.961149e+08
 -175.042438 3.960480e+08
 -175.181141 3.959725e+08
 -175.319843 3.958871e+08
 -175.458545 3.957908e+08
 -175.597248 3.956823e+08
 -175.735950 3.955604e+08
 -175.874653 3.954241e+08
 -176.013355 3.952723e+08
 -176.152057 3.951038e+08
 -176.290760 3.949177e+08
 -176.429462 3.947131e+08
 -176.568165 3.944891e+08
 -176.706867 3.942450e+08
 -176.845569 3.939800e+08
 -176.984272 3.936936e+08
 -177.122974 3.933853e+08
 -177.261677 3.930548e+08
 -177.400379 3.927017e+08
 -177.539081 3.923262e+08
 -177.677784 3.919280e+08
 -177.816486 3.915074e+08
 -177.955189 3.910647e+08
 -178.093891 3.906001e+08
 -178.232593 3.901144e+08
 -178.371296 3.896079e+08
 -178.509998 3.890816e+08
 -178.648701 3.885362e+08
 -178.787403 3.879726e+08
 -178.926106 3.873920e+08
 -179.064808 3.867952e+08
 -179.203510 3.861837e+08
 -179.342213 3.855584e+08
 -179.480915 3.849209e+08
 -179.619618 3.842723e+08
 -179.758320 3.836142e+08
 -179.897022 3.829478e+08
 -180.035725 3.822748e+08
 -180.174427 3.815966e+08
 -180.313130 3.809148e+08
 -180.451832 3.802310e+08
 -180.590534 3.795467e+08
 -180.729237 3.788637e+08
 -180.867939 3.781836e+08
 -181.006642 3.775080e+08
 -181.145344 3.768386e+08
 -181.284046 3.761771e+08
 -181.422749 3.755250e+08
 -181.561451 3.748838e+08
 -181.700154 3.742552e+08
 -181.838856 3.736405e+08
 -181.977558 3.730409e+08
 -182.116261 3.724576e+08
 -182.254963 3.718915e+08
 -182.393666 3.713434e+08
 -182.532368 3.708139e+08
 -182.671071 3.703032e+08
 -182.809773 3.698114e+08
 -182.948475 3.693383e+08
 -183.087178 3.688835e+08
 -183.225880 3.684462e+08
 -183.364583 3.680254e+08
 -183.503285 3.676198e+08
 -183.641987 3.672278e+08
 -183.780690 3.668476e+08
 -183.919392 3.664774e+08
 -184.058095 3.661150e+08
 -184.196797 3.657579e+08
 -184.335499 3.654038e+08
 -184.474202 3.650501e+08
 -184.612904 3.646943e+08
 -184.751607 3.643337e+08
 -184.890309 3.639658e+08
 -185.029011 3.635880e+08
 -185.167714 3.631979e+08
 -185.306416 3.627931e+08
 -185.445119 3.623716e+08
 -185.583821 3.619311e+08
 -185.722523 3.614701e+08
 -185.861226 3.609867e+08
 -185.999928 3.604796e+08
 -186.138631 3.599476e+08
 -186.277333 3.593898e+08
 -186.416036 3.588052e+08
 -186.554738 3.581935e+08
 -186.693440 3.575542e+08
 -186.832143 3.568871e+08
 -186.970845 3.561923e+08
 -187.109548 3.554698e+08
 -187.248250 3.547200e+08
 -187.386952 3.539431e+08
 -187.525655 3.531397e+08
 -187.664357 3.523104e+08
 -187.803060 3.514557e+08
 -187.941762 3.505763e+08
 -188.080464 3.496730e+08
 -188.219167 3.487465e+08
 -188.357869 3.477976e+08
 -188.496572 3.468273e+08
 -188.635274 3.458364e+08
 -188.773976 3.448260e+08
 -188.912679 3.437969e+08
 -189.051381 3.427504e+08
 -189.190084 3.416876e+08
 -189.328786 3.406096e+08
 -189.467488 3.395178e+08
 -189.606191 3.384136e+08
 -189.744893 3.372982e+08
 -189.883596 3.361733e+08
 -190.022298 3.350403e+08
 -190.161001 3.339009e+08
 -190.299703 3.327565e+08
 -190.438405 3.316089e+08
 -190.577108 3.304597e+08
 -190.715810 3.293106e+08
 -190.854513 3.281630e+08
 -190.993215 3.270188e+08
 -191.131917 3.258793e+08
 -191.270620 3.247462e+08
 -191.409322 3.236208e+08
 -191.548025 3.225045e+08
 -191.686727 3.213986e+08
 -191.825429 3.203043e+08
 -191.964132 3.192226e+08
 -192.102834 3.181545e+08
 -192.241537 3.171009e+08
 -192.380239 3.160624e+08
 -192.518941 3.150397e+08
 -192.657644 3.140330e+08
 -192.796346 3.130429e+08
 -192.935049 3.120693e+08
 -193.073751 3.111123e+08
 -193.212453 3.101717e+08
 -193.351156 3.092474e+08
 -193.489858 3.083388e+08
 -193.628561 3.074455e+08
 -193.767263 3.065668e+08
 -193.905966 3.057022e+08
 -194.044668 3.048507e+08
 -194.183370 3.040115e+08
 -194.322073 3.031840e+08
 -194.460775 3.023671e+08
 -194.599478 3.015602e+08
 -194.738180 3.007625e+08
 -194.876882 2.999733e+08
 -195.015585 2.991920e+08
 -195.154287 2.984183e+08
 -195.292990 2.976518e+08
 -195.431692 2.968923e+08
 -195.570394 2.961400e+08
 -195.709097 2.953948e+08
 -195.847799 2.946571e+08
 -195.986502 2.939272e+08
 -196.125204 2.932058e+08
 -196.263906 2.924933e+08
 -196.402609 2.917905e+08
 -196.541311 2.910981e+08
 -196.680014 2.904166e+08
 -196.818716 2.897467e+08
 -196.957418 2.890891e+08
 -197.096121 2.884441e+08
 -197.234823 2.878123e+08
 -197.373526 2.871938e+08
 -197.512228 2.865888e+08
 -197.650931 2.859973e+08
 -197.789633 2.854192e+08
 -197.928335 2.848543e+08
 -198.067038 2.843023e+08
 -198.205740 2.837628e+08
 -198.344443 2.832354e+08
 -198.483145 2.827197e+08
 -198.621847 2.822153e+08
 -198.760550 2.817217e+08
 -198.899252 2.812388e+08
 -199.037955 2.807662e+08
 -199.176657 2.803039e+08
 -199.315359 2.798519e+08
 -199.454062 2.794103e+08
 -199.592764 2.789793e+08
 -199.731467 2.785594e+08
 -199.870169 2.781509e+08
 -200.008871 2.777545e+08
 -200.147574 2.773707e+08
 -200.286276 2.770001e+08
 -200.424979 2.766435e+08
 -200.563681 2.763014e+08
 -200.702383 2.759744e+08
 -200.841086 2.756630e+08
 -200.979788 2.753675e+08
 -201.118491 2.750883e+08
 -201.257193 2.748253e+08
 -201.395896 2.745785e+08
 -201.534598 2.743477e+08
 -201.673300 2.741324e+08
 -201.812003 2.739320e+08
 -201.950705 2.737458e+08
 -202.089408 2.735728e+08
 -202.228110 2.734120e+08
 -202.366812 2.732623e+08
 -202.505515 2.731223e+08
 -202.644217 2.729909e+08
 -202.782920 2.728667e+08
 -202.921622 2.727484e+08
 -203.060324 2.726349e+08
 -203.199027 2.725249e+08
 -203.337729 2.724173e+08
 -203.476432 2.723113e+08
 -203.615134 2.722059e+08
 -203.753836 2.721005e+08
 -203.892539 2.719946e+08
 -204.031241 2.718879e+08
 -204.169944 2.717801e+08
 -204.308646 2.716712e+08
 -204.447348 2.715614e+08
 -204.586051 2.714508e+08
 -204.724753 2.713400e+08
 -204.863456 2.712292e+08
 -205.002158 2.711191e+08
 -205.140861 2.710103e+08
 -205.279563 2.709034e+08
 -205.418265 2.707990e+08
 -205.556968 2.706978e+08
 -205.695670 2.706003e+08
 -205.834373 2.705072e+08
 -205.973075 2.704187e+08
 -206.111777 2.703354e+08
 -206.250480 2.702575e+08
 -206.389182 2.701851e+08
 -206.527885 2.701182e+08
 -206.666587 2.700567e+08
 -206.805289 2.700005e+08
 -206.943992 2.699491e+08
 -207.082694 2.699021e+08
 -207.221397 2.698588e+08
 -207.360099 2.698188e+08
 -207.498801 2.697811e+08
 -207.637504 2.697449e+08
 -207.776206 2.697094e+08
 -207.914909 2.696737e+08
 -208.053611 2.696369e+08
 -208.192313 2.695979e+08
 -208.331016 2.695559e+08
 -208.469718 2.695099e+08
 -208.608421 2.694591e+08
 -208.747123 2.694027e+08
 -208.885825 2.693398e+08
 -209.024528 2.692697e+08
 -209.163230 2.691917e+08
 -209.301933 2.691053e+08
 -209.440635 2.690097e+08
 -209.579338 2.689045e+08
 -209.718040 2.687892e+08
 -209.856742 2.686634e+08
 -209.995445 2.685265e+08
 -210.134147 2.683781e+08
 -210.272850 2.682179e+08
 -210.411552 2.680453e+08
 -210.550254 2.678600e+08
 -210.688957 2.676615e+08
 -210.827659 2.674491e+08
 -210.966362 2.672224e+08
 -211.105064 2.669806e+08
 -211.243766 2.667232e+08
 -211.382469 2.664495e+08
 -211.521171 2.661586e+08
 -211.659874 2.658497e+08
 -211.798576 2.655221e+08
 -211.937278 2.651749e+08
 -212.075981 2.648073e+08
 -212.214683 2.644187e+08
 -212.353386 2.640082e+08
 -212.492088 2.635753e+08
 -212.630790 2.631195e+08
 -212.769493 2.626405e+08
 -212.908195 2.621380e+08
 -213.046898 2.616120e+08
 -213.185600 2.610627e+08
 -213.324303 2.604904e+08
 -213.463005 2.598957e+08
 -213.601707 2.592793e+08
 -213.740410 2.586424e+08
 -213.879112 2.579859e+08
 -214.017815 2.573113e+08
 -214.156517 2.566202e+08
 -214.295219 2.559141e+08
 -214.433922 2.551949e+08
 -214.572624 2.544646e+08
 -214.711327 2.537250e+08
 -214.850029 2.529782e+08
 -214.988731 2.522263e+08
 -215.127434 2.514712e+08
 -215.266136 2.507150e+08
 -215.404839 2.499595e+08
 -215.543541 2.492067e+08
 -215.682243 2.484582e+08
 -215.820946 2.477157e+08
 -215.959648 2.469807e+08
 -216.098351 2.462545e+08
 -216.237053 2.455384e+08
 -216.375755 2.448335e+08
 -216.514458 2.441407e+08
 -216.653160 2.434610e+08
 -216.791863 2.427952e+08
 -216.930565 2.421439e+08
 -217.069268 2.415078e+08
 -217.207970 2.408875e+08
 -217.346672 2.402835e+08
 -217.485375 2.396964e+08
 -217.624077 2.391268e+08
 -217.762780 2.385751e+08
 -217.901482 2.380420e+08
 -218.040184 2.375280e+08
 -218.178887 2.370338e+08
 -218.317589 2.365600e+08
 -218.456292 2.361074e+08
 -218.594994 2.356765e+08
 -218.733696 2.352683e+08
 -218.872399 2.348833e+08
 -219.011101 2.345224e+08
 -219.149804 2.341862e+08
 -219.288506 2.338755e+08
 -219.427208 2.335908e+08
 -219.565911 2.333327e+08
 -219.704613 2.331019e+08
 -219.843316 2.328987e+08
 -219.982018 2.327234e+08
 -220.120720 2.325764e+08
 -220.259423 2.324576e+08
 -220.398125 2.323673e+08
 -220.536828 2.323052e+08
 -220.675530 2.322711e+08
 -220.814233 2.322648e+08
 -220.952935 2.322856e+08
 -221.091637 2.323332e+08
 -221.230340 2.324066e+08
 -221.369042 2.325052e+08
 -221.507745 2.326281e+08
 -221.646447 2.327742e+08
 -221.785149 2.329425e+08
 -221.923852 2.331318e+08
 -222.062554 2.333409e+08
 -222.201257 2.335685e+08
 -222.339959 2.338132e+08
 -222.478661 2.340737e+08
 -222.617364 2.343483e+08
 -222.756066 2.346356e+08
 -222.894769 2.349341e+08
 -223.033471 2.352419e+08
 -223.172173 2.355576e+08
 -223.310876 2.358792e+08
 -223.449578 2.362050e+08
 -223.588281 2.365332e+08
 -223.726983 2.368618e+08
 -223.865685 2.371888e+08
 -224.004388 2.375124e+08
 -224.143090 2.378305e+08
 -224.281793 2.381409e+08
 -224.420495 2.384418e+08
 -224.559198 2.387310e+08
 -224.697900 2.390065e+08
 -224.836602 2.392663e+08
 -224.975305 2.395084e+08
 -225.114007 2.397309e+08
 -225.252710 2.399320e+08
 -225.391412 2.401099e+08
 -225.530114 2.402630e+08
 -225.668817 2.403898e+08
 -225.807519 2.404889e+08
 -225.946222 2.405591e+08
 -226.084924 2.405993e+08
 -226.223626 2.406087e+08
 -226.362329 2.405866e+08
 -226.501031 2.405326e+08
 -226.639734 2.404462e+08
 -226.778436 2.403276e+08
 -226.917138 2.401766e+08
 -227.055841 2.399939e+08
 -227.194543 2.397797e+08
 -227.333246 2.395349e+08
 -227.471948 2.392602e+08
 -227.610650 2.389569e+08
 -227.749353 2.386259e+08
 -227.888055 2.382687e+08
 -228.026758 2.378866e+08
 -228.165460 2.374811e+08
 -228.304163 2.370537e+08
 -228.442865 2.366060e+08
 -228.581567 2.361395e+08
 -228.720270 2.356559e+08
 -228.858972 2.351568e+08
 -228.997675 2.346435e+08
 -229.136377 2.341177e+08
 -229.275079 2.335806e+08
 -229.413782 2.330337e+08
 -229.552484 2.324782e+08
 -229.691187 2.319153e+08
 -229.829889 2.313461e+08
 -229.968591 2.307717e+08
 -230.107294 2.301931e+08
 -230.245996 2.296112e+08
 -230.384699 2.290270e+08
 -230.523401 2.284413e+08
 -230.662103 2.278549e+08
 -230.800806 2.272686e+08
 -230.939508 2.266832e+08
 -231.078211 2.260994e+08
 -231.216913 2.255179e+08
 -231.355615 2.249394e+08
 -231.494318 2.243644e+08
 -231.633020 2.237936e+08
 -231.771723 2.232275e+08
 -231.910425 2.226664e+08
 -232.049128 2.221108e+08
 -232.187830 2.215608e+08
 -232.326532 2.210167e+08
 -232.465235 2.204784e+08
 -232.603937 2.199459e+08
 -232.742640 2.194190e+08
 -232.881342 2.188974e+08
 -233.020044 2.183806e+08
 -233.158747 2.178681e+08
 -233.297449 2.173592e+08
 -233.436152 2.168533e+08
 -233.574854 2.163495e+08
 -233.713556 2.158470e+08
 -233.852259 2.153449e+08
 -233.990961 2.148421e+08
 -234.129664 2.143379e+08
 -234.268366 2.138312e+08
 -234.407068 2.133211e+08
 -234.545771 2.128068e+08
 -234.684473 2.122876e+08
 -234.823176 2.117626e+08
 -234.961878 2.112312e+08
 -235.100580 2.106929e+08
 -235.239283 2.101473e+08
 -235.377985 2.095941e+08
 -235.516688 2.090329e+08
 -235.655390 2.084637e+08
 -235.794093 2.078866e+08
 -235.932795 2.073016e+08
 -236.071497 2.067089e+08
 -236.210200 2.061089e+08
 -236.348902 2.055019e+08
 -236.487605 2.048884e+08
 -236.626307 2.042689e+08
 -236.765009 2.036440e+08
 -236.903712 2.030143e+08
 -237.042414 2.023805e+08
 -237.181117 2.017432e+08
 -237.319819 2.011032e+08
 -237.458521 2.004611e+08
 -237.597224 1.998175e+08
 -237.735926 1.991732e+08
 -237.874629 1.985288e+08
 -238.013331 1.978849e+08
 -238.152033 1.972422e+08
 -238.290736 1.966012e+08
 -238.429438 1.959627e+08
 -238.568141 1.953271e+08
 -238.706843 1.946950e+08
 -238.845545 1.940671e+08
 -238.984248 1.934438e+08
 -239.122950 1.928258e+08
 -239.261653 1.922135e+08
 -239.400355 1.916077e+08
 -239.539058 1.910088e+08
 -239.677760 1.904173e+08
 -239.816462 1.898339e+08
 -239.955165 1.892591e+08
 -240.093867 1.886933e+08
 -240.232570 1.881371e+08
 -240.371272 1.875909e+08
 -240.509974 1.870551e+08
 -240.648677 1.865302e+08
 -240.787379 1.860164e+08
 -240.926082 1.855140e+08
 -241.064784 1.850231e+08
 -241.203486 1.845440e+08
 -241.342189 1.840766e+08
 -241.480891 1.836210e+08
 -241.619594 1.831770e+08
 -241.758296 1.827445e+08
 -241.896998 1.823233e+08
 -242.035701 1.819131e+08
 -242.174403 1.815137e+08
 -242.313106 1.811246e+08
 -242.451808 1.807455e+08
 -242.590510 1.803761e+08
 -242.729213 1.800158e+08
 -242.867915 1.796644e+08
 -243.006618 1.793214e+08
 -243.145320 1.789863e+08
 -243.284023 1.786588e+08
 -243.422725 1.783384e+08
 -243.561427 1.780247e+08
 -243.700130 1.777171e+08
 -243.838832 1.774151e+08
 -243.977535 1.771181e+08
 -244.116237 1.768255e+08
 -244.254939 1.765365e+08
 -244.393642 1.762504e+08
 -244.532344 1.759661e+08
 -244.671047 1.756829e+08
 -244.809749 1.753995e+08
 -244.948451 1.751150e+08
 -245.087154 1.748280e+08
 -245.225856 1.745374e+08
 -245.364559 1.742419e+08
 -245.503261 1.739402e+08
 -245.641963 1.736310e+08
 -245.780666 1.733131e+08
 -245.919368 1.729853e+08
 -246.058071 1.726464e+08
 -246.196773 1.722954e+08
 -246.335475 1.719314e+08
 -246.474178 1.715536e+08
 -246.612880 1.711612e+08
 -246.751583 1.707540e+08
 -246.890285 1.703313e+08
 -247.028988 1.698932e+08
 -247.167690 1.694395e+08
 -247.306392 1.689705e+08
 -247.445095 1.684864e+08
 -247.583797 1.679878e+08
 -247.722500 1.674752e+08
 -247.861202 1.669495e+08
 -247.999904 1.664115e+08
 -248.138607 1.658622e+08
 -248.277309 1.653027e+08
 -248.416012 1.647341e+08
 -248.554714 1.641578e+08
 -248.693416 1.635748e+08
 -248.832119 1.629866e+08
 -248.970821 1.623943e+08
 -249.109524 1.617992e+08
 -249.248226 1.612026e+08
 -249.386928 1.606056e+08
 -249.525631 1.600095e+08
 -249.664333 1.594153e+08
 -249.803036 1.588241e+08
 -249.941738 1.582369e+08
 -250.080440 1.576547e+08
 -250.219143 1.570786e+08
 -250.357845 1.565093e+08
 -250.496548 1.559478e+08
 -250.635250 1.553951e+08
 -250.773953 1.548520e+08
 -250.912655 1.543196e+08
 -251.051357 1.537986e+08
 -251.190060 1.532900e+08
 -251.328762 1.527949e+08
 -251.467465 1.523141e+08
 -251.606167 1.518487e+08
 -251.744869 1.513994e+08
 -251.883572 1.509673e+08
 -252.022274 1.505532e+08
 -252.160977 1.501578e+08
 -252.299679 1.497818e+08
 -252.438381 1.494259e+08
 -252.577084 1.490903e+08
 -252.715786 1.487755e+08
 -252.854489 1.484816e+08
 -252.993191 1.482084e+08
 -253.131893 1.479559e+08
 -253.270596 1.477237e+08
 -253.409298 1.475111e+08
 -253.548001 1.473174e+08
 -253.686703 1.471418e+08
 -253.825405 1.469831e+08
 -253.964108 1.468402e+08
 -254.102810 1.467117e+08
 -254.241513 1.465963e+08
 -254.380215 1.464924e+08
 -254.518918 1.463985e+08
 -254.657620 1.463129e+08
 -254.796322 1.462342e+08
 -254.935025 1.461606e+08
 -255.073727 1.460906e+08
 -255.212430 1.460228e+08
 -255.351132 1.459556e+08
 -255.489834 1.458878e+08
 -255.628537 1.458181e+08
 -255.767239 1.457454e+08
 -255.905942 1.456688e+08
 -256.044644 1.455874e+08
 -256.183346 1.455006e+08
 -256.322049 1.454078e+08
 -256.460751 1.453087e+08
 -256.599454 1.452031e+08
 -256.738156 1.450910e+08
 -256.876858 1.449725e+08
 -257.015561 1.448477e+08
 -257.154263 1.447172e+08
 -257.292966 1.445812e+08
 -257.431668 1.444404e+08
 -257.570370 1.442953e+08
 -257.709073 1.441467e+08
 -257.847775 1.439952e+08
 -257.986478 1.438415e+08
 -258.125180 1.436862e+08
 -258.263883 1.435302e+08
 -258.402585 1.433739e+08
 -258.541287 1.432179e+08
 -258.679990 1.430628e+08
 -258.818692 1.429090e+08
 -258.957395 1.427569e+08
 -259.096097 1.426067e+08
 -259.234799 1.424587e+08
 -259.373502 1.423130e+08
 -259.512204 1.421697e+08
 -259.650907 1.420287e+08
 -259.789609 1.418900e+08
 -259.928311 1.417533e+08
 -260.067014 1.416183e+08
 -260.205716 1.414849e+08
 -260.344419 1.413525e+08
 -260.483121 1.412209e+08
 -260.621823 1.410894e+08
 -260.760526 1.409576e+08
 -260.899228 1.408250e+08
 -261.037931 1.406910e+08
 -261.176633 1.405551e+08
 -261.315335 1.404168e+08
 -261.454038 1.402755e+08
 -261.592740 1.401307e+08
 -261.731443 1.399821e+08
 -261.870145 1.398293e+08
 -262.008848 1.396719e+08
 -262.147550 1.395098e+08
 -262.286252 1.393426e+08
 -262.424955 1.391705e+08
 -262.563657 1.389933e+08
 -262.702360 1.388110e+08
 -262.841062 1.386238e+08
 -262.979764 1.384319e+08
 -263.118467 1.382355e+08
 -263.257169 1.380349e+08
 -263.395872 1.378303e+08
 -263.534574 1.376220e+08
 -263.673276 1.374105e+08
 -263.811979 1.371960e+08
 -263.950681 1.369789e+08
 -264.089384 1.367596e+08
 -264.228086 1.365383e+08
 -264.366788 1.363154e+08
 -264.505491 1.360911e+08
 -264.644193 1.358658e+08
 -264.782896 1.356397e+08
 -264.921598 1.354131e+08
 -265.060300 1.351862e+08
 -265.199003 1.349594e+08
 -265.337705 1.347327e+08
 -265.476408 1.345065e+08
 -265.615110 1.342810e+08
 -265.753813 1.340565e+08
 -265.892515 1.338330e+08
 -266.031217 1.336109e+08
 -266.169920 1.333904e+08
 -266.308622 1.331716e+08
 -266.447325 1.329547e+08
 -266.586027 1.327397e+08
 -266.724729 1.325269e+08
 -266.863432 1.323161e+08
 -267.002134 1.321075e+08
 -267.140837 1.319009e+08
 -267.279539 1.316963e+08
 -267.418241 1.314934e+08
 -267.556944 1.312920e+08
 -267.695646 1.310920e+08
 -267.834349 1.308928e+08
 -267.973051 1.306944e+08
 -268.111753 1.304961e+08
 -268.250456 1.302978e+08
 -268.389158 1.300988e+08
 -268.527861 1.298989e+08
 -268.666563 1.296977e+08
 -268.805265 1.294948e+08
 -268.943968 1.292898e+08
 -269.082670 1.290824e+08
 -269.221373 1.288724e+08
 -269.360075 1.286595e+08
 -269.498778 1.284436e+08
 -269.637480 1.282244e+08
 -269.776182 1.280020e+08
 -269.914885 1.277761e+08
 -270.053587 1.275467e+08
 -270.192290 1.273138e+08
 -270.330992 1.270773e+08
 -270.469694 1.268371e+08
 -270.608397 1.265932e+08
 -270.747099 1.263454e+08
 -270.885802 1.260936e+08
 -271.024504 1.258377e+08
 -271.163206 1.255773e+08
 -271.301909 1.253124e+08
 -271.440611 1.250425e+08
 -271.579314 1.247674e+08
 -271.718016 1.244867e+08
 -271.856718 1.242001e+08
 -271.995421 1.239073e+08
 -272.134123 1.236080e+08
 -272.272826 1.233017e+08
 -272.411528 1.229884e+08
 -272.550230 1.226677e+08
 -272.688933 1.223394e+08
 -272.827635 1.220036e+08
 -272.966338 1.216599e+08
 -273.105040 1.213086e+08
 -273.243743 1.209496e+08
 -273.382445 1.205831e+08
 -273.521147 1.202091e+08
 -273.659850 1.198280e+08
 -273.798552 1.194399e+08
 -273.937255 1.190451e+08
 -274.075957 1.186440e+08
 -274.214659 1.182369e+08
 -274.353362 1.178241e+08
 -274.492064 1.174060e+08
 -274.630767 1.169830e+08
 -274.769469 1.165556e+08
 -274.908171 1.161241e+08
 -275.046874 1.156890e+08
 -275.185576 1.152508e+08
 -275.324279 1.148098e+08
 -275.462981 1.143668e+08
 -275.601683 1.139221e+08
 -275.740386 1.134764e+08
 -275.879088 1.130302e+08
 -276.017791 1.125842e+08
 -276.156493 1.121390e+08
 -276.295195 1.116952e+08
 -276.433898 1.112536e+08
 -276.572600 1.108148e+08
 -276.711303 1.103797e+08
 -276.850005 1.099490e+08
 -276.988708 1.095234e+08
 -277.127410 1.091036e+08
 -277.266112 1.086905e+08
 -277.404815 1.082848e+08
 -277.543517 1.078872e+08
 -277.682220 1.074985e+08
 -277.820922 1.071193e+08
 -277.959624 1.067504e+08
 -278.098327 1.063922e+08
 -278.237029 1.060456e+08
 -278.375732 1.057111e+08
 -278.514434 1.053893e+08
 -278.653136 1.050806e+08
 -278.791839 1.047858e+08
 -278.930541 1.045052e+08
 -279.069244 1.042395e+08
 -279.207946 1.039892e+08
 -279.346648 1.037548e+08
 -279.485351 1.035369e+08
 -279.624053 1.033362e+08
 -279.762756 1.031532e+08
 -279.901458 1.029887e+08
 -280.040160 1.028434e+08
 -280.178863 1.027179e+08
 -280.317565 1.026132e+08
 -280.456268 1.025299e+08
 -280.594970 1.024690e+08
 -280.733673 1.024313e+08
 -280.872375 1.024175e+08
 -281.011077 1.024286e+08
 -281.149780 1.024654e+08
 -281.288482 1.025284e+08
 -281.427185 1.026186e+08
 -281.565887 1.027363e+08
 -281.704589 1.028822e+08
 -281.843292 1.030566e+08
 -281.981994 1.032599e+08
 -282.120697 1.034920e+08
 -282.259399 1.037531e+08
 -282.398101 1.040428e+08
 -282.536804 1.043610e+08
 -282.675506 1.047072e+08
 -282.814209 1.050806e+08
 -282.952911 1.054805e+08
 -283.091613 1.059060e+08
 -283.230316 1.063560e+08
 -283.369018 1.068292e+08
 -283.507721 1.073244e+08
 -283.646423 1.078400e+08
 -283.785125 1.083746e+08
 -283.923828 1.089263e+08
 -284.062530 1.094935e+08
 -284.201233 1.100743e+08
 -284.339935 1.106666e+08
 -284.478638 1.112685e+08
 -284.617340 1.118776e+08
 -284.756042 1.124920e+08
 -284.894745 1.131091e+08
 -285.033447 1.137266e+08
 -285.172150 1.143420e+08
 -285.310852 1.149529e+08
 -285.449554 1.155566e+08
 -285.588257 1.161506e+08
 -285.726959 1.167323e+08
 -285.865662 1.172991e+08
 -286.004364 1.178484e+08
 -286.143066 1.183778e+08
 -286.281769 1.188850e+08
 -286.420471 1.193675e+08
 -286.559174 1.198233e+08
 -286.697876 1.202503e+08
 -286.836578 1.206469e+08
 -286.975281 1.210114e+08
 -287.113983 1.213424e+08
 -287.252686 1.216389e+08
 -287.391388 1.218999e+08
 -287.530090 1.221250e+08
 -287.668793 1.223138e+08
 -287.807495 1.224662e+08
 -287.946198 1.225824e+08
 -288.084900 1.226631e+08
 -288.223603 1.227088e+08
 -288.362305 1.227207e+08
 -288.501007 1.227000e+08
 -288.639710 1.226480e+08
 -288.778412 1.225664e+08
 -288.917115 1.224571e+08
 -289.055817 1.223219e+08
 -289.194519 1.221630e+08
 -289.333222 1.219826e+08
 -289.471924 1.217829e+08
 -289.610627 1.215662e+08
 -289.749329 1.213348e+08
 -289.888031 1.210912e+08
 -290.026734 1.208375e+08
 -290.165436 1.205762e+08
 -290.304139 1.203094e+08
 -290.442841 1.200394e+08
 -290.581543 1.197680e+08
 -290.720246 1.194974e+08
 -290.858948 1.192294e+08
 -290.997651 1.189657e+08
 -291.136353 1.187078e+08
 -291.275055 1.184574e+08
 -291.413758 1.182155e+08
 -291.552460 1.179836e+08
 -291.691163 1.177625e+08
 -291.829865 1.175533e+08
 -291.968568 1.173567e+08
 -292.107270 1.171733e+08
 -292.245972 1.170038e+08
 -292.384675 1.168484e+08
 -292.523377 1.167074e+08
 -292.662080 1.165810e+08
 -292.800782 1.164692e+08
 -292.939484 1.163719e+08
 -293.078187 1.162887e+08
 -293.216889 1.162192e+08
 -293.355592 1.161629e+08
 -293.494294 1.161189e+08
 -293.632996 1.160864e+08
 -293.771699 1.160642e+08
 -293.910401 1.160511e+08
 -294.049104 1.160456e+08
 -294.187806 1.160463e+08
 -294.326508 1.160512e+08
 -294.465211 1.160587e+08
 -294.603913 1.160668e+08
 -294.742616 1.160735e+08
 -294.881318 1.160767e+08
 -295.020020 1.160744e+08
 -295.158723 1.160646e+08
 -295.297425 1.160453e+08
 -295.436128 1.160147e+08
 -295.574830 1.159710e+08
 -295.713533 1.159128e+08
 -295.852235 1.158386e+08
 -295.990937 1.157473e+08
 -296.129640 1.156380e+08
 -296.268342 1.155099e+08
 -296.407045 1.153626e+08
 -296.545747 1.151958e+08
 -296.684449 1.150096e+08
 -296.823152 1.148041e+08
 -296.961854 1.145797e+08
 -297.100557 1.143370e+08
 -297.239259 1.140768e+08
 -297.377961 1.137998e+08
 -297.516664 1.135072e+08
 -297.655366 1.131999e+08
 -297.794069 1.128791e+08
 -297.932771 1.125459e+08
 -298.071473 1.122016e+08
 -298.210176 1.118474e+08
 -298.348878 1.114845e+08
 -298.487581 1.111142e+08
 -298.626283 1.107375e+08
 -298.764985 1.103558e+08
 -298.903688 1.099702e+08
 -299.042390 1.095818e+08
 -299.181093 1.091916e+08
 -299.319795 1.088010e+08
 -299.458498 1.084108e+08
 -299.597200 1.080221e+08
 -299.735902 1.076360e+08
 -299.874605 1.072535e+08
 -300.013307 1.068756e+08
 -300.152010 1.065032e+08
 -300.290712 1.061373e+08
 -300.429414 1.057789e+08
 -300.568117 1.054287e+08
 -300.706819 1.050876e+08
 -300.845522 1.047565e+08
 -300.984224 1.044359e+08
 -301.122926 1.041266e+08
 -301.261629 1.038291e+08
 -301.400331 1.035438e+08
 -301.539034 1.032712e+08
 -301.677736 1.030115e+08
 -301.816438 1.027648e+08
 -301.955141 1.025314e+08
 -302.093843 1.023111e+08
 -302.232546 1.021038e+08
 -302.371248 1.019095e+08
 -302.509950 1.017277e+08
 -302.648653 1.015581e+08
 -302.787355 1.014004e+08
 -302.926058 1.012541e+08
 -303.064760 1.011187e+08
 -303.203463 1.009937e+08
 -303.342165 1.008785e+08
 -303.480867 1.007727e+08
 -303.619570 1.006756e+08
 -303.758272 1.005867e+08
 -303.896975 1.005054e+08
 -304.035677 1.004311e+08
 -304.174379 1.003632e+08
 -304.313082 1.003012e+08
 -304.451784 1.002445e+08
 -304.590487 1.001924e+08
 -304.729189 1.001445e+08
 -304.867891 1.001000e+08
 -305.006594 1.000583e+08
 -305.145296 1.000189e+08
 -305.283999 9.998114e+07
 -305.422701 9.994436e+07
 -305.561403 9.990798e+07
 -305.700106 9.987142e+07
 -305.838808 9.983410e+07
 -305.977511 9.979546e+07
 -306.116213 9.975500e+07
 -306.254915 9.971221e+07
 -306.393618 9.966666e+07
 -306.532320 9.961793e+07
 -306.671023 9.956563e+07
 -306.809725 9.950945e+07
 -306.948428 9.944904e+07
 -307.087130 9.938414e+07
 -307.225832 9.931446e+07
 -307.364535 9.923974e+07
 -307.503237 9.915974e+07
 -307.641940 9.907421e+07
 -307.780642 9.898288e+07
 -307.919344 9.888548e+07
 -308.058047 9.878176e+07
 -308.196749 9.867143e+07
 -308.335452 9.855418e+07
 -308.474154 9.842977e+07
 -308.612856 9.829788e+07
 -308.751559 9.815826e+07
 -308.890261 9.801066e+07
 -309.028964 9.785486e+07
 -309.167666 9.769070e+07
 -309.306368 9.751804e+07
 -309.445071 9.733679e+07
 -309.583773 9.714699e+07
 -309.722476 9.694866e+07
 -309.861178 9.674193e+07
 -309.999880 9.652698e+07
 -310.138583 9.630409e+07
 -310.277285 9.607357e+07
 -310.415988 9.583578e+07
 -310.554690 9.559118e+07
 -310.693393 9.534018e+07
 -310.832095 9.508327e+07
 -310.970797 9.482093e+07
 -311.109500 9.455363e+07
 -311.248202 9.428182e+07
 -311.386905 9.400590e+07
 -311.525607 9.372623e+07
 -311.664309 9.344308e+07
 -311.803012 9.315664e+07
 -311.941714 9.286701e+07
 -312.080417 9.257420e+07
 -312.219119 9.227808e+07
 -312.357821 9.197843e+07
 -312.496524 9.167492e+07
 -312.635226 9.136711e+07
 -312.773929 9.105447e+07
 -312.912631 9.073640e+07
 -313.051333 9.041222e+07
 -313.190036 9.008126e+07
 -313.328738 8.974277e+07
 -313.467441 8.939606e+07
 -313.606143 8.904050e+07
 -313.744845 8.867546e+07
 -313.883548 8.830049e+07
 -314.022250 8.791518e+07
 -314.160953 8.751932e+07
 -314.299655 8.711281e+07
 -314.438358 8.669574e+07
 -314.577060 8.626838e+07
 -314.715762 8.583116e+07
 -314.854465 8.538468e+07
 -314.993167 8.492974e+07
 -315.131870 8.446725e+07
 -315.270572 8.399828e+07
 -315.409274 8.352401e+07
 -315.547977 8.304574e+07
 -315.686679 8.256482e+07
 -315.825382 8.208269e+07
 -315.964084 8.160079e+07
 -316.102786 8.112062e+07
 -316.241489 8.064362e+07
 -316.380191 8.017129e+07
 -316.518894 7.970505e+07
 -316.657596 7.924626e+07
 -316.796298 7.879630e+07
 -316.935001 7.835642e+07
 -317.073703 7.792784e+07
 -317.212406 7.751170e+07
 -317.351108 7.710909e+07
 -317.489810 7.672100e+07
 -317.628513 7.634838e+07
 -317.767215 7.599208e+07
 -317.905918 7.565293e+07
 -318.044620 7.533163e+07
 -318.183323 7.502886e+07
 -318.322025 7.474522e+07
 -318.460727 7.448127e+07
 -318.599430 7.423748e+07
 -318.738132 7.401427e+07
 -318.876835 7.381202e+07
 -319.015537 7.363105e+07
 -319.154239 7.347159e+07
 -319.292942 7.333389e+07
 -319.431644 7.321809e+07
 -319.570347 7.312429e+07
 -319.709049 7.305258e+07
 -319.847751 7.300297e+07
 -319.986454 7.297545e+07
 -320.125156 7.296994e+07
 -320.263859 7.298633e+07
 -320.402561 7.302448e+07
 -320.541263 7.308421e+07
 -320.679966 7.316525e+07
 -320.818668 7.326732e+07
 -320.957371 7.339008e+07
 -321.096073 7.353310e+07
 -321.234775 7.369594e+07
 -321.373478 7.387806e+07
 -321.512180 7.407885e+07
 -321.650883 7.429763e+07
 -321.789585 7.453368e+07
 -321.928288 7.478614e+07
 -322.066990 7.505418e+07
 -322.205692 7.533679e+07
 -322.344395 7.563298e+07
 -322.483097 7.594170e+07
 -322.621800 7.626182e+07
 -322.760502 7.659220e+07
 -322.899204 7.693168e+07
 -323.037907 7.727909e+07
 -323.176609 7.763324e+07
 -323.315312 7.799296e+07
 -323.454014 7.835710e+07
 -323.592716 7.872451e+07
 -323.731419 7.909413e+07
 -323.870121 7.946484e+07
 -324.008824 7.983562e+07
 -324.147526 8.020546e+07
 -324.286228 8.057341e+07
 -324.424931 8.093853e+07
 -324.563633 8.129991e+07
 -324.702336 8.165671e+07
 -324.841038 8.200810e+07
 -324.979740 8.235326e+07
 -325.118443 8.269146e+07
 -325.257145 8.302192e+07
 -325.395848 8.334395e+07
 -325.534550 8.365687e+07
 -325.673253 8.396006e+07
 -325.811955 8.425286e+07
 -325.950657 8.453473e+07
 -326.089360 8.480511e+07
 -326.228062 8.506350e+07
 -326.366765 8.530944e+07
 -326.505467 8.554250e+07
 -326.644169 8.576228e+07
 -326.782872 8.596847e+07
 -326.921574 8.616074e+07
 -327.060277 8.633888e+07
 -327.198979 8.650266e+07
 -327.337681 8.665190e+07
 -327.476384 8.678654e+07
 -327.615086 8.690650e+07
 -327.753789 8.701178e+07
 -327.892491 8.710243e+07
 -328.031193 8.717855e+07
 -328.169896 8.724031e+07
 -328.308598 8.728792e+07
 -328.447301 8.732159e+07
 -328.586003 8.734165e+07
 -328.724705 8.734839e+07
 -328.863408 8.734218e+07
 -329.002110 8.732336e+07
 -329.140813 8.729231e+07
 -329.279515 8.724938e+07
 -329.418218 8.719494e+07
 -329.556920 8.712929e+07
 -329.695622 8.705272e+07
 -329.834325 8.696545e+07
 -329.973027 8.686770e+07
 -330.111730 8.675959e+07
 -330.250432 8.664120e+07
 -330.389134 8.651257e+07
 -330.527837 8.637366e+07
 -330.666539 8.622438e+07
 -330.805242 8.606462e+07
 -330.943944 8.589424e+07
 -331.082646 8.571305e+07
 -331.221349 8.552086e+07
 -331.360051 8.531747e+07
 -331.498754 8.510273e+07
 -331.637456 8.487646e+07
 -331.776158 8.463851e+07
 -331.914861 8.438885e+07
 -332.053563 8.412743e+07
 -332.192266 8.385428e+07
 -332.330968 8.356953e+07
 -332.469670 8.327334e+07
 -332.608373 8.296598e+07
 -332.747075 8.264778e+07
 -332.885778 8.231915e+07
 -333.024480 8.198059e+07
 -333.163183 8.163265e+07
 -333.301885 8.127594e+07
 -333.440587 8.091114e+07
 -333.579290 8.053898e+07
 -333.717992 8.016022e+07
 -333.856695 7.977562e+07
 -333.995397 7.938601e+07
 -334.134099 7.899217e+07
 -334.272802 7.859491e+07
 -334.411504 7.819503e+07
 -334.550207 7.779332e+07
 -334.688909 7.739050e+07
 -334.827611 7.698730e+07
 -334.966314 7.658443e+07
 -335.105016 7.618258e+07
 -335.243719 7.578241e+07
 -335.382421 7.538454e+07
 -335.521123 7.498961e+07
 -335.659826 7.459825e+07
 -335.798528 7.421112e+07
 -335.937231 7.382884e+07
 -336.075933 7.345213e+07
 -336.214635 7.308166e+07
 -336.353338 7.271823e+07
 -336.492040 7.236260e+07
 -336.630743 7.201562e+07
 -336.769445 7.167816e+07
 -336.908148 7.135112e+07
 -337.046850 7.103547e+07
 -337.185552 7.073216e+07
 -337.324255 7.044215e+07
 -337.462957 7.016638e+07
 -337.601660 6.990582e+07
 -337.740362 6.966130e+07
 -337.879064 6.943370e+07
 -338.017767 6.922370e+07
 -338.156469 6.903198e+07
 -338.295172 6.885907e+07
 -338.433874 6.870541e+07
 -338.572576 6.857127e+07
 -338.711279 6.845684e+07
 -338.849981 6.836214e+07
 -338.988684 6.828707e+07
 -339.127386 6.823141e+07
 -339.266088 6.819481e+07
 -339.404791 6.817680e+07
 -339.543493 6.817682e+07
 -339.682196 6.819418e+07
 -339.820898 6.822814e+07
 -339.959600 6.827786e+07
 -340.098303 6.834245e+07
 -340.237005 6.842094e+07
 -340.375708 6.851234e+07
 -340.514410 6.861556e+07
 -340.653113 6.872954e+07
 -340.791815 6.885312e+07
 -340.930517 6.898515e+07
 -341.069220 6.912443e+07
 -341.207922 6.926974e+07
 -341.346625 6.941978e+07
 -341.485327 6.957326e+07
 -341.624029 6.972885e+07
 -341.762732 6.988510e+07
 -341.901434 7.004060e+07
 -342.040137 7.019385e+07
 -342.178839 7.034329e+07
 -342.317541 7.048730e+07
 -342.456244 7.062425e+07
 -342.594946 7.075240e+07
 -342.733649 7.086999e+07
 -342.872351 7.097522e+07
 -343.011053 7.106628e+07
 -343.149756 7.114130e+07
 -343.288458 7.119848e+07
 -343.427161 7.123598e+07
 -343.565863 7.125204e+07
 -343.704565 7.124494e+07
 -343.843268 7.121308e+07
 -343.981970 7.115495e+07
 -344.120673 7.106917e+07
 -344.259375 7.095452e+07
 -344.398077 7.080999e+07
 -344.536780 7.063472e+07
 -344.675482 7.042807e+07
 -344.814185 7.018965e+07
 -344.952887 6.991927e+07
 -345.091590 6.961698e+07
 -345.230292 6.928304e+07
 -345.368994 6.891798e+07
 -345.507697 6.852254e+07
 -345.646399 6.809763e+07
 -345.785102 6.764440e+07
 -345.923804 6.716418e+07
 -346.062506 6.665845e+07
 -346.201209 6.612884e+07
 -346.339911 6.557714e+07
 -346.478614 6.500518e+07
 -346.617316 6.441501e+07
 -346.756018 6.380865e+07
 -346.894721 6.318821e+07
 -347.033423 6.255588e+07
 -347.172126 6.191387e+07
 -347.310828 6.126441e+07
 -347.449530 6.060973e+07
 -347.588233 5.995206e+07
 -347.726935 5.929365e+07
 -347.865638 5.863667e+07
 -348.004340 5.798330e+07
 -348.143042 5.733562e+07
 -348.281745 5.669573e+07
 -348.420447 5.606555e+07
 -348.559150 5.544703e+07
 -348.697852 5.484195e+07
 -348.836555 5.425202e+07
 -348.975257 5.367885e+07
 -349.113959 5.312389e+07
 -349.252662 5.258850e+07
 -349.391364 5.207392e+07
 -349.530067 5.158123e+07
 -349.668769 5.111141e+07
 -349.807471 5.066524e+07
 -349.946174 5.024347e+07
 -350.084876 4.984664e+07
 -350.223579 4.947520e+07
 -350.362281 4.912952e+07
 -350.500983 4.880979e+07
 -350.639686 4.851620e+07
 -350.778388 4.824874e+07
 -350.917091 4.800743e+07
 -351.055793 4.779216e+07
 -351.194495 4.760278e+07
 -351.333198 4.743910e+07
 -351.471900 4.730086e+07
 -351.610603 4.718780e+07
 -351.749305 4.709962e+07
 -351.888007 4.703598e+07
 -352.026710 4.699656e+07
 -352.165412 4.698095e+07
 -352.304115 4.698878e+07
 -352.442817 4.701962e+07
 -352.581520 4.707301e+07
 -352.720222 4.714846e+07
 -352.858924 4.724543e+07
 -352.997627 4.736333e+07
 -353.136329 4.750150e+07
 -353.275032 4.765918e+07
 -353.413734 4.783559e+07
 -353.552436 4.802978e+07
 -353.691139 4.824074e+07
 -353.829841 4.846732e+07
 -353.968544 4.870828e+07
 -354.107246 4.896225e+07
 -354.245948 4.922771e+07
 -354.384651 4.950309e+07
 -354.523353 4.978664e+07
 -354.662056 5.007655e+07
 -354.800758 5.037096e+07
 -354.939460 5.066790e+07
 -355.078163 5.096543e+07
 -355.216865 5.126156e+07
 -355.355568 5.155435e+07
 -355.494270 5.184195e+07
 -355.632972 5.212254e+07
 -355.771675 5.239451e+07
 -355.910377 5.265633e+07
 -356.049080 5.290669e+07
 -356.187782 5.314447e+07
 -356.326485 5.336878e+07
 -356.465187 5.357895e+07
 -356.603889 5.377457e+07
 -356.742592 5.395542e+07
 -356.881294 5.412156e+07
 -357.019997 5.427326e+07
 -357.158699 5.441094e+07
 -357.297401 5.453526e+07
 -357.436104 5.464701e+07
 -357.574806 5.474710e+07
 -357.713509 5.483653e+07
 -357.852211 5.491638e+07
 -357.990913 5.498773e+07
 -358.129616 5.505171e+07
 -358.268318 5.510940e+07
 -358.407021 5.516182e+07
 -358.545723 5.520991e+07
 -358.684425 5.525454e+07
 -358.823128 5.529646e+07
 -358.961830 5.533628e+07
 -359.100533 5.537450e+07
 -359.239235 5.541148e+07
 -359.377937 5.544746e+07
 -359.516640 5.548252e+07
 -359.655342 5.551664e+07
 -359.794045 5.554970e+07
 -359.932747 5.558147e+07
 -360.071450 5.561165e+07
 -360.210152 5.563990e+07
 -360.348854 5.566582e+07
 -360.487557 5.568902e+07
 -360.626259 5.570912e+07
 -360.764962 5.572575e+07
 -360.903664 5.573860e+07
 -361.042366 5.574744e+07
 -361.181069 5.575211e+07
 -361.319771 5.575254e+07
 -361.458474 5.574879e+07
 -361.597176 5.574099e+07
 -361.735878 5.572942e+07
 -361.874581 5.571442e+07
 -362.013283 5.569650e+07
 -362.151986 5.567618e+07
 -362.290688 5.565414e+07
 -362.429390 5.563107e+07
 -362.568093 5.560775e+07
 -362.706795 5.558500e+07
 -362.845498 5.556363e+07
 -362.984200 5.554449e+07
 -363.122902 5.552838e+07
 -363.261605 5.551611e+07
 -363.400307 5.550842e+07
 -363.539010 5.550600e+07
 -363.677712 5.550946e+07
 -363.816415 5.551934e+07
 -363.955117 5.553610e+07
 -364.093819 5.556009e+07
 -364.232522 5.559156e+07
 -364.371224 5.563069e+07
 -364.509927 5.567753e+07
 -364.648629 5.573207e+07
 -364.787331 5.579418e+07
 -364.926034 5.586368e+07
 -365.064736 5.594030e+07
 -365.203439 5.602370e+07
 -365.342141 5.611350e+07
 -365.480843 5.620926e+07
 -365.619546 5.631053e+07
 -365.758248 5.641681e+07
 -365.896951 5.652758e+07
 -366.035653 5.664235e+07
 -366.174355 5.676058e+07
 -366.313058 5.688177e+07
 -366.451760 5.700542e+07
 -366.590463 5.713107e+07
 -366.729165 5.725828e+07
 -366.867867 5.738663e+07
 -367.006570 5.751574e+07
 -367.145272 5.764529e+07
 -367.283975 5.777501e+07
 -367.422677 5.790465e+07
 -367.561380 5.803404e+07
 -367.700082 5.816305e+07
 -367.838784 5.829162e+07
 -367.977487 5.841971e+07
 -368.116189 5.854738e+07
 -368.254892 5.867467e+07
 -368.393594 5.880172e+07
 -368.532296 5.892865e+07
 -368.670999 5.905563e+07
 -368.809701 5.918282e+07
 -368.948404 5.931040e+07
 -369.087106 5.943850e+07
 -369.225808 5.956725e+07
 -369.364511 5.969676e+07
 -369.503213 5.982706e+07
 -369.641916 5.995814e+07
 -369.780618 6.008994e+07
 -369.919320 6.022234e+07
 -370.058023 6.035512e+07
 -370.196725 6.048802e+07
 -370.335428 6.062073e+07
 -370.474130 6.075284e+07
 -370.612832 6.088394e+07
 -370.751535 6.101349e+07
 -370.890237 6.114102e+07
 -371.028940 6.126592e+07
 -371.167642 6.138766e+07
 -371.306345 6.150562e+07
 -371.445047 6.161921e+07
 -371.583749 6.172784e+07
 -371.722452 6.183093e+07
 -371.861154 6.192788e+07
 -371.999857 6.201814e+07
 -372.138559 6.210118e+07
 -372.277261 6.217646e+07
 -372.415964 6.224344e+07
 -372.554666 6.230165e+07
 -372.693369 6.235058e+07
 -372.832071 6.238977e+07
 -372.970773 6.241874e+07
 -373.109476 6.243705e+07
 -373.248178 6.244426e+07
 -373.386881 6.243997e+07
 -373.525583 6.242378e+07
 -373.664285 6.239534e+07
 -373.802988 6.235436e+07
 -373.941690 6.230057e+07
 -374.080393 6.223374e+07
 -374.219095 6.215377e+07
 -374.357797 6.206058e+07
 -374.496500 6.195424e+07
 -374.635202 6.183482e+07
 -374.773905 6.170256e+07
 -374.912607 6.155776e+07
 -375.051310 6.140080e+07
 -375.190012 6.123217e+07
 -375.328714 6.105241e+07
 -375.467417 6.086214e+07
 -375.606119 6.066201e+07
 -375.744822 6.045272e+07
 -375.883524 6.023495e+07
 -376.022226 6.000942e+07
 -376.160929 5.977678e+07
 -376.299631 5.953765e+07
 -376.438334 5.929257e+07
 -376.577036 5.904201e+07
 -376.715738 5.878635e+07
 -376.854441 5.852587e+07
 -376.993143 5.826074e+07
 -377.131846 5.799104e+07
 -377.270548 5.771673e+07
 -377.409250 5.743766e+07
 -377.547953 5.715366e+07
 -377.686655 5.686445e+07
 -377.825358 5.656973e+07
 -377.964060 5.626916e+07
 -378.102762 5.596245e+07
 -378.241465 5.564930e+07
 -378.380167 5.532946e+07
 -378.518870 5.500278e+07
 -378.657572 5.466920e+07
 -378.796275 5.432874e+07
 -378.934977 5.398160e+07
 -379.073679 5.362807e+07
 -379.212382 5.326859e+07
 -379.351084 5.290376e+07
 -379.489787 5.253430e+07
 -379.628489 5.216106e+07
 -379.767191 5.178499e+07
 -379.905894 5.140718e+07
 -380.044596 5.102879e+07
 -380.183299 5.065100e+07
 -380.322001 5.027508e+07
 -380.460703 4.990228e+07
 -380.599406 4.953386e+07
 -380.738108 4.917104e+07
 -380.876811 4.881498e+07
 -381.015513 4.846676e+07
 -381.154215 4.812738e+07
 -381.292918 4.779774e+07
 -381.431620 4.747858e+07
 -381.570323 4.717051e+07
 -381.709025 4.687405e+07
 -381.847727 4.658954e+07
 -381.986430 4.631718e+07
 -382.125132 4.605706e+07
 -382.263835 4.580910e+07
 -382.402537 4.557314e+07
 -382.541240 4.534886e+07
 -382.679942 4.513589e+07
 -382.818644 4.493372e+07
 -382.957347 4.474180e+07
 -383.096049 4.455948e+07
 -383.234752 4.438606e+07
 -383.373454 4.422081e+07
 -383.512156 4.406291e+07
 -383.650859 4.391154e+07
 -383.789561 4.376588e+07
 -383.928264 4.362505e+07
 -384.066966 4.348814e+07
 -384.205668 4.335430e+07
 -384.344371 4.322260e+07
 -384.483073 4.309218e+07
 -384.621776 4.296217e+07
 -384.760478 4.283172e+07
 -384.899180 4.270004e+07
 -385.037883 4.256641e+07
 -385.176585 4.243013e+07
 -385.315288 4.229064e+07
 -385.453990 4.214745e+07
 -385.592692 4.200021e+07
 -385.731395 4.184870e+07
 -385.870097 4.169286e+07
 -386.008800 4.153279e+07
 -386.147502 4.136880e+07
 -386.286205 4.120134e+07
 -386.424907 4.103108e+07
 -386.563609 4.085892e+07
 -386.702312 4.068590e+07
 -386.841014 4.051326e+07
 -386.979717 4.034242e+07
 -387.118419 4.017498e+07
 -387.257121 4.001266e+07
 -387.395824 3.985731e+07
 -387.534526 3.971084e+07
 -387.673229 3.957525e+07
 -387.811931 3.945255e+07
 -387.950633 3.934474e+07
 -388.089336 3.925378e+07
 -388.228038 3.918155e+07
 -388.366741 3.912979e+07
 -388.505443 3.910010e+07
 -388.644145 3.909391e+07
 -388.782848 3.911242e+07
 -388.921550 3.915659e+07
 -389.060253 3.922713e+07
 -389.198955 3.932448e+07
 -389.337657 3.944882e+07
 -389.476360 3.960001e+07
 -389.615062 3.977765e+07
 -389.753765 3.998107e+07
 -389.892467 4.020933e+07
 -390.031170 4.046122e+07
 -390.169872 4.073536e+07
 -390.308574 4.103007e+07
 -390.447277 4.134356e+07
 -390.585979 4.167382e+07
 -390.724682 4.201876e+07
 -390.863384 4.237612e+07
 -391.002086 4.274361e+07
 -391.140789 4.311886e+07
 -391.279491 4.349954e+07
 -391.418194 4.388326e+07
 -391.556896 4.426769e+07
 -391.695598 4.465061e+07
 -391.834301 4.502987e+07
 -391.973003 4.540345e+07
 -392.111706 4.576947e+07
 -392.250408 4.612627e+07
 -392.389110 4.647236e+07
 -392.527813 4.680644e+07
 -392.666515 4.712749e+07
 -392.805218 4.743469e+07
 -392.943920 4.772748e+07
 -393.082622 4.800558e+07
 -393.221325 4.826891e+07
 -393.360027 4.851769e+07
 -393.498730 4.875234e+07
 -393.637432 4.897350e+07
 -393.776135 4.918206e+07
 -393.914837 4.937907e+07
 -394.053539 4.956574e+07
 -394.192242 4.974343e+07
 -394.330944 4.991362e+07
 -394.469647 5.007786e+07
 -394.608349 5.023774e+07
 -394.747051 5.039490e+07
 -394.885754 5.055096e+07
 -395.024456 5.070748e+07
 -395.163159 5.086598e+07
 -395.301861 5.102789e+07
 -395.440563 5.119447e+07
 -395.579266 5.136694e+07
 -395.717968 5.154629e+07
 -395.856671 5.173340e+07
 -395.995373 5.192896e+07
 -396.134075 5.213347e+07
 -396.272778 5.234730e+07
 -396.411480 5.257062e+07
 -396.550183 5.280344e+07
 -396.688885 5.304561e+07
 -396.827587 5.329681e+07
 -396.966290 5.355660e+07
 -397.104992 5.382445e+07
 -397.243695 5.409964e+07
 -397.382397 5.438141e+07
 -397.521100 5.466890e+07
 -397.659802 5.496118e+07
 -397.798504 5.525727e+07
 -397.937207 5.555618e+07
 -398.075909 5.585686e+07
 -398.214612 5.615831e+07
 -398.353314 5.645949e+07
 -398.492016 5.675943e+07
 -398.630719 5.705715e+07
 -398.769421 5.735178e+07
 -398.908124 5.764246e+07
 -399.046826 5.792843e+07
 -399.185528 5.820898e+07
 -399.324231 5.848350e+07
 -399.462933 5.875144e+07
 -399.601636 5.901238e+07
 -399.740338 5.926594e+07
 -399.879040 5.951187e+07
 -400.017743 5.974997e+07
 -400.156445 5.998014e+07
 -400.295148 6.020238e+07
 -400.433850 6.041675e+07
 -400.572552 6.062339e+07
 -400.711255 6.082252e+07
 -400.849957 6.101438e+07
 -400.988660 6.119938e+07
 -401.127362 6.137783e+07
 -401.266065 6.155022e+07
 -401.404767 6.171702e+07
 -401.543469 6.187871e+07
 -401.682172 6.203583e+07
 -401.820874 6.218890e+07
 -401.959577 6.233842e+07
 -402.098279 6.248488e+07
 -402.236981 6.262874e+07
 -402.375684 6.277039e+07
 -402.514386 6.291016e+07
 -402.653089 6.304830e+07
 -402.791791 6.318494e+07
 -402.930493 6.332011e+07
 -403.069196 6.345377e+07
 -403.207898 6.358569e+07
 -403.346601 6.371553e+07
 -403.485303 6.384284e+07
 -403.624005 6.396704e+07
 -403.762708 6.408741e+07
 -403.901410 6.420312e+07
 -404.040113 6.431326e+07
 -404.178815 6.441681e+07
 -404.317517 6.451272e+07
 -404.456220 6.459983e+07
 -404.594922 6.467701e+07
 -404.733625 6.474307e+07
 -404.872327 6.479690e+07
 -405.011030 6.483733e+07
 -405.149732 6.486332e+07
 -405.288434 6.487389e+07
 -405.427137 6.486810e+07
 -405.565839 6.484518e+07
 -405.704542 6.480446e+07
 -405.843244 6.474538e+07
 -405.981946 6.466754e+07
 -406.120649 6.457070e+07
 -406.259351 6.445478e+07
 -406.398054 6.431984e+07
 -406.536756 6.416614e+07
 -406.675458 6.399406e+07
 -406.814161 6.380425e+07
 -406.952863 6.359741e+07
 -407.091566 6.337450e+07
 -407.230268 6.313662e+07
 -407.368970 6.288503e+07
 -407.507673 6.262117e+07
 -407.646375 6.234662e+07
 -407.785078 6.206312e+07
 -407.923780 6.177254e+07
 -408.062482 6.147691e+07
 -408.201185 6.117836e+07
 -408.339887 6.087912e+07
 -408.478590 6.058153e+07
 -408.617292 6.028800e+07
 -408.755995 6.000099e+07
 -408.894697 5.972301e+07
 -409.033399 5.945654e+07
 -409.172102 5.920413e+07
 -409.310804 5.896822e+07
 -409.449507 5.875123e+07
 -409.588209 5.855551e+07
 -409.726911 5.838326e+07
 -409.865614 5.823665e+07
 -410.004316 5.811758e+07
 -410.143019 5.802788e+07
 -410.281721 5.796920e+07
 -410.420423 5.794296e+07
 -410.559126 5.795041e+07
 -410.697828 5.799256e+07
 -410.836531 5.807026e+07
 -410.975233 5.818409e+07
 -411.113935 5.833445e+07
 -411.252638 5.852150e+07
 -411.391340 5.874522e+07
 -411.530043 5.900537e+07
 -411.668745 5.930150e+07
 -411.807447 5.963300e+07
 -411.946150 5.999902e+07
 -412.084852 6.039861e+07
 -412.223555 6.083059e+07
 -412.362257 6.129366e+07
 -412.500960 6.178630e+07
 -412.639662 6.230691e+07
 -412.778364 6.285371e+07
 -412.917067 6.342478e+07
 -413.055769 6.401802e+07
 -413.194472 6.463127e+07
 -413.333174 6.526218e+07
 -413.471876 6.590826e+07
 -413.610579 6.656693e+07
 -413.749281 6.723546e+07
 -413.887984 6.791102e+07
 -414.026686 6.859066e+07
 -414.165388 6.927136e+07
 -414.304091 6.995000e+07
 -414.442793 7.062341e+07
 -414.581496 7.128834e+07
 -414.720198 7.194158e+07
 -414.858900 7.257986e+07
 -414.997603 7.319996e+07
 -415.136305 7.379868e+07
 -415.275008 7.437292e+07
 -415.413710 7.491967e+07
 -415.552412 7.543602e+07
 -415.691115 7.591923e+07
 -415.829817 7.636674e+07
 -415.968520 7.677614e+07
 -416.107222 7.714526e+07
 -416.245925 7.747214e+07
 -416.384627 7.775506e+07
 -416.523329 7.799254e+07
 -416.662032 7.818335e+07
 -416.800734 7.832650e+07
 -416.939437 7.842128e+07
 -417.078139 7.846718e+07
 -417.216841 7.846395e+07
 -417.355544 7.841158e+07
 -417.494246 7.831024e+07
 -417.632949 7.816032e+07
 -417.771651 7.796240e+07
 -417.910353 7.771722e+07
 -418.049056 7.742574e+07
 -418.187758 7.708901e+07
 -418.326461 7.670825e+07
 -418.465163 7.628482e+07
 -418.603865 7.582019e+07
 -418.742568 7.531594e+07
 -418.881270 7.477381e+07
 -419.019973 7.419558e+07
 -419.158675 7.358315e+07
 -419.297377 7.293854e+07
 -419.436080 7.226382e+07
 -419.574782 7.156114e+07
 -419.713485 7.083274e+07
 -419.852187 7.008093e+07
 -419.990890 6.930806e+07
 -420.129592 6.851653e+07
 -420.268294 6.770878e+07
 -420.406997 6.688730e+07
 -420.545699 6.605456e+07
 -420.684402 6.521308e+07
 -420.823104 6.436536e+07
 -420.961806 6.351387e+07
 -421.100509 6.266110e+07
 -421.239211 6.180944e+07
 -421.377914 6.096130e+07
 -421.516616 6.011899e+07
 -421.655318 5.928478e+07
 -421.794021 5.846084e+07
 -421.932723 5.764925e+07
 -422.071426 5.685205e+07
 -422.210128 5.607110e+07
 -422.348830 5.530823e+07
 -422.487533 5.456514e+07
 -422.626235 5.384338e+07
 -422.764938 5.314443e+07
 -422.903640 5.246964e+07
 -423.042342 5.182026e+07
 -423.181045 5.119739e+07
 -423.319747 5.060205e+07
 -423.458450 5.003511e+07
 -423.597152 4.949737e+07
 -423.735855 4.898949e+07
 -423.874557 4.851202e+07
 -424.013259 4.806547e+07
 -424.151962 4.765018e+07
 -424.290664 4.726643e+07
 -424.429367 4.691444e+07
 -424.568069 4.659438e+07
 -424.706771 4.630627e+07
 -424.845474 4.605020e+07
 -424.984176 4.582612e+07
 -425.122879 4.563402e+07
 -425.261581 4.547382e+07
 -425.400283 4.534546e+07
 -425.538986 4.524883e+07
 -425.677688 4.518386e+07
 -425.816391 4.515040e+07
 -425.955093 4.514837e+07
 -426.093795 4.517759e+07
 -426.232498 4.523794e+07
 -426.371200 4.532917e+07
 -426.509903 4.545107e+07
 -426.648605 4.560329e+07
 -426.787307 4.578546e+07
 -426.926010 4.599709e+07
 -427.064712 4.623760e+07
 -427.203415 4.650628e+07
 -427.342117 4.680230e+07
 -427.480820 4.712468e+07
 -427.619522 4.747230e+07
 -427.758224 4.784389e+07
 -427.896927 4.823801e+07
 -428.035629 4.865309e+07
 -428.174332 4.908740e+07
 -428.313034 4.953906e+07
 -428.451736 5.000608e+07
 -428.590439 5.048635e+07
 -428.729141 5.097766e+07
 -428.867844 5.147770e+07
 -429.006546 5.198412e+07
 -429.145248 5.249454e+07
 -429.283951 5.300657e+07
 -429.422653 5.351778e+07
 -429.561356 5.402582e+07
 -429.700058 5.452839e+07
 -429.838760 5.502326e+07
 -429.977463 5.550828e+07
 -430.116165 5.598145e+07
 -430.254868 5.644086e+07
 -430.393570 5.688479e+07
 -430.532272 5.731164e+07
 -430.670975 5.772000e+07
 -430.809677 5.810861e+07
 -430.948380 5.847638e+07
 -431.087082 5.882246e+07
 -431.225785 5.914606e+07
 -431.364487 5.944670e+07
 -431.503189 5.972398e+07
 -431.641892 5.997771e+07
 -431.780594 6.020786e+07
 -431.919297 6.041459e+07
 -432.057999 6.059819e+07
 -432.196701 6.075913e+07
 -432.335404 6.089799e+07
 -432.474106 6.101553e+07
 -432.612809 6.111262e+07
 -432.751511 6.119025e+07
 -432.890213 6.124953e+07
 -433.028916 6.129162e+07
 -433.167618 6.131779e+07
 -433.306321 6.132935e+07
 -433.445023 6.132763e+07
 -433.583725 6.131396e+07
 -433.722428 6.128966e+07
 -433.861130 6.125599e+07
 -433.999833 6.121418e+07
 -434.138535 6.116528e+07
 -434.277237 6.111032e+07
 -434.415940 6.105014e+07
 -434.554642 6.098546e+07
 -434.693345 6.091681e+07
 -434.832047 6.084458e+07
 -434.970750 6.076899e+07
 -435.109452 6.069010e+07
 -435.248154 6.060778e+07
 -435.386857 6.052182e+07
 -435.525559 6.043180e+07
 -435.664262 6.033726e+07
 -435.802964 6.023760e+07
 -435.941666 6.013218e+07
 -436.080369 6.002030e+07
 -436.219071 5.990122e+07
 -436.357774 5.977421e+07
 -436.496476 5.963854e+07
 -436.635178 5.949354e+07
 -436.773881 5.933855e+07
 -436.912583 5.917302e+07
 -437.051286 5.899645e+07
 -437.189988 5.880842e+07
 -437.328690 5.860861e+07
 -437.467393 5.839679e+07
 -437.606095 5.817286e+07
 -437.744798 5.793677e+07
 -437.883500 5.768859e+07
 -438.022202 5.742850e+07
 -438.160905 5.715674e+07
 -438.299607 5.687365e+07
 -438.438310 5.657964e+07
 -438.577012 5.627522e+07
 -438.715715 5.596093e+07
 -438.854417 5.563738e+07
 -438.993119 5.530523e+07
 -439.131822 5.496522e+07
 -439.270524 5.461808e+07
 -439.409227 5.426462e+07
 -439.547929 5.390566e+07
 -439.686631 5.354206e+07
 -439.825334 5.317470e+07
 -439.964036 5.280446e+07
 -440.102739 5.243226e+07
 -440.241441 5.205900e+07
 -440.380143 5.168561e+07
 -440.518846 5.131302e+07
 -440.657548 5.094210e+07
 -440.796251 5.057371e+07
 -440.934953 5.020873e+07
 -441.073655 4.984796e+07
 -441.212358 4.949215e+07
 -441.351060 4.914201e+07
 -441.489763 4.879818e+07
 -441.628465 4.846124e+07
 -441.767167 4.813168e+07
 -441.905870 4.780990e+07
 -442.044572 4.749628e+07
 -442.183275 4.719102e+07
 -442.321977 4.689431e+07
 -442.460680 4.660622e+07
 -442.599382 4.632675e+07
 -442.738084 4.605580e+07
 -442.876787 4.579320e+07
 -443.015489 4.553872e+07
 -443.154192 4.529203e+07
 -443.292894 4.505275e+07
 -443.431596 4.482042e+07
 -443.570299 4.459454e+07
 -443.709001 4.437453e+07
 -443.847704 4.415974e+07
 -443.986406 4.394948e+07
 -444.125108 4.374302e+07
 -444.263811 4.353956e+07
 -444.402513 4.333826e+07
 -444.541216 4.313819e+07
 -444.679918 4.293846e+07
 -444.818620 4.273809e+07
 -444.957323 4.253604e+07
 -445.096025 4.233131e+07
 -445.234728 4.212283e+07
 -445.373430 4.190956e+07
 -445.512132 4.169043e+07
 -445.650835 4.146439e+07
 -445.789537 4.123044e+07
 -445.928240 4.098758e+07
 -446.066942 4.073488e+07
 -446.205645 4.047144e+07
 -446.344347 4.019646e+07
 -446.483049 3.990918e+07
 -446.621752 3.960897e+07
 -446.760454 3.929523e+07
 -446.899157 3.896749e+07
 -447.037859 3.862537e+07
 -447.176561 3.826857e+07
 -447.315264 3.789689e+07
 -447.453966 3.751027e+07
 -447.592669 3.710870e+07
 -447.731371 3.669228e+07
 -447.870073 3.626121e+07
 -448.008776 3.581577e+07
 -448.147478 3.535635e+07
 -448.286181 3.488341e+07
 -448.424883 3.439750e+07
 -448.563585 3.389926e+07
 -448.702288 3.338937e+07
 -448.840990 3.286861e+07
 -448.979693 3.233785e+07
 -449.118395 3.179799e+07
 -449.257097 3.124999e+07
 -449.395800 3.069490e+07
 -449.534502 3.013379e+07
 -449.673205 2.956777e+07
 -449.811907 2.899801e+07
 -449.950610 2.842573e+07
 -450.089312 2.785215e+07
 -450.228014 2.727853e+07
 -450.366717 2.670610e+07
 -450.505419 2.613618e+07
 -450.644122 2.557000e+07
 -450.782824 2.500888e+07
 -450.921526 2.445405e+07
 -451.060229 2.390675e+07
 -451.198931 2.336822e+07
 -451.337634 2.283962e+07
 -451.476336 2.232211e+07
 -451.615038 2.181682e+07
 -451.753741 2.132485e+07
 -451.892443 2.084721e+07
 -452.031146 2.038494e+07
 -452.169848 1.993898e+07
 -452.308550 1.951029e+07
 -452.447253 1.909974e+07
 -452.585955 1.870818e+07
 -452.724658 1.833642e+07
 -452.863360 1.798523e+07
 -453.002062 1.765530e+07
 -453.140765 1.734729e+07
 -453.279467 1.706176e+07
 -453.418170 1.679923e+07
 -453.556872 1.656009e+07
 -453.695575 1.634466e+07
 -453.834277 1.615313e+07
 -453.972979 1.598557e+07
 -454.111682 1.584190e+07
 -454.250384 1.572190e+07
 -454.389087 1.562522e+07
 -454.527789 1.555130e+07
 -454.666491 1.549944e+07
 -454.805194 1.546879e+07
 -454.943896 1.545834e+07
 -455.082599 1.546693e+07
 -455.221301 1.549327e+07
 -455.360003 1.553594e+07
 -455.498706 1.559345e+07
 -455.637408 1.566423e+07
 -455.776111 1.574664e+07
 -455.914813 1.583904e+07
 -456.053515 1.593979e+07
 -456.192218 1.604728e+07
 -456.330920 1.615993e+07
 -456.469623 1.627629e+07
 -456.608325 1.639496e+07
 -456.747027 1.651470e+07
 -456.885730 1.663442e+07
 -457.024432 1.675314e+07
 -457.163135 1.687006e+07
 -457.301837 1.698461e+07
 -457.440540 1.709630e+07
 -457.579242 1.720486e+07
 -457.717944 1.731022e+07
 -457.856647 1.741239e+07
 -457.995349 1.751161e+07
 -458.134052 1.760816e+07
 -458.272754 1.770254e+07
 -458.411456 1.779524e+07
 -458.550159 1.788691e+07
 -458.688861 1.797820e+07
 -458.827564 1.806980e+07
 -458.966266 1.816245e+07
 -459.104968 1.825683e+07
 -459.243671 1.835363e+07
 -459.382373 1.845348e+07
 -459.521076 1.855695e+07
 -459.659778 1.866456e+07
 -459.798480 1.877670e+07
 -459.937183 1.889369e+07
 -460.075885 1.901571e+07
 -460.214588 1.914283e+07
 -460.353290 1.927500e+07
 -460.491992 1.941202e+07
 -460.630695 1.955353e+07
 -460.769397 1.969903e+07
 -460.908100 1.984790e+07
 -461.046802 1.999935e+07
 -461.185505 2.015244e+07
 -461.324207 2.030611e+07
 -461.462909 2.045922e+07
 -461.601612 2.061049e+07
 -461.740314 2.075862e+07
 -461.879017 2.090223e+07
 -462.017719 2.103996e+07
 -462.156421 2.117046e+07
 -462.295124 2.129246e+07
 -462.433826 2.140481e+07
 -462.572529 2.150644e+07
 -462.711231 2.159651e+07
 -462.849933 2.167438e+07
 -462.988636 2.173962e+07
 -463.127338 2.179209e+07
 -463.266041 2.183188e+07
 -463.404743 2.185939e+07
 -463.543445 2.187530e+07
 -463.682148 2.188055e+07
 -463.820850 2.187634e+07
 -463.959553 2.186410e+07
 -464.098255 2.184546e+07
 -464.236957 2.182220e+07
 -464.375660 2.179627e+07
 -464.514362 2.176967e+07
 -464.653065 2.174444e+07
 -464.791767 2.172261e+07
 -464.930470 2.170618e+07
 -465.069172 2.169706e+07
 -465.207874 2.169703e+07
 -465.346577 2.170773e+07
 -465.485279 2.173058e+07
 -465.623982 2.176684e+07
 -465.762684 2.181755e+07
 -465.901386 2.188351e+07
 -466.040089 2.196529e+07
 -466.178791 2.206322e+07
 -466.317494 2.217744e+07
 -466.456196 2.230781e+07
 -466.594898 2.245402e+07
 -466.733601 2.261552e+07
 -466.872303 2.279158e+07
 -467.011006 2.298129e+07
 -467.149708 2.318356e+07
 -467.288410 2.339714e+07
 -467.427113 2.362062e+07
 -467.565815 2.385246e+07
 -467.704518 2.409102e+07
 -467.843220 2.433450e+07
 -467.981922 2.458103e+07
 -468.120625 2.482862e+07
 -468.259327 2.507517e+07
 -468.398030 2.531857e+07
 -468.536732 2.555655e+07
 -468.675435 2.578689e+07
 -468.814137 2.600722e+07
 -468.952839 2.621522e+07
 -469.091542 2.640849e+07
 -469.230244 2.658470e+07
 -469.368947 2.674149e+07
 -469.507649 2.687657e+07
 -469.646351 2.698771e+07
 -469.785054 2.707278e+07
 -469.923756 2.712976e+07
 -470.062459 2.715680e+07
 -470.201161 2.715222e+07
 -470.339863 2.711453e+07
 -470.478566 2.704247e+07
 -470.617268 2.693508e+07
 -470.755971 2.679163e+07
 -470.894673 2.661170e+07
 -471.033375 2.639518e+07
 -471.172078 2.614225e+07
 -471.310780 2.585342e+07
 -471.449483 2.552952e+07
 -471.588185 2.517164e+07
 -471.726887 2.478118e+07
 -471.865590 2.435976e+07
 -472.004292 2.390929e+07
 -472.142995 2.343180e+07
 -472.281697 2.292953e+07
 -472.420400 2.240478e+07
 -472.559102 2.185998e+07
 -472.697804 2.129758e+07
 -472.836507 2.071999e+07
 -472.975209 2.012959e+07
 -473.113912 1.952869e+07
 -473.252614 1.891946e+07
 -473.391316 1.830390e+07
 -473.530019 1.768391e+07
 -473.668721 1.706114e+07
 -473.807424 1.643706e+07
 -473.946126 1.581294e+07
 -474.084828 1.518984e+07
 -474.223531 1.456866e+07
 -474.362233 1.395005e+07
 -474.500936 1.333454e+07
 -474.639638 1.272251e+07
 -474.778340 1.211420e+07
 -474.917043 1.150973e+07
 -475.055745 1.090914e+07
 -475.194448 1.031245e+07
 -475.333150 9.719600e+06
 -475.471852 9.130536e+06
 -475.610555 8.545224e+06
 -475.749257 7.963640e+06
 -475.887960 7.385824e+06
 -476.026662 6.811872e+06
 -476.165365 6.241928e+06
 -476.304067 5.676280e+06
 -476.442769 5.115240e+06
 -476.581472 4.559256e+06
 -476.720174 4.008856e+06
 -476.858877 3.464672e+06
 -476.997579 2.927416e+06
 -477.136281 2.397880e+06
 -477.274984 1.876952e+06
 -477.413686 1.365552e+06
 -477.552389 8.646880e+05
 -477.691091 3.753840e+05
 -477.829793 -1.012640e+05
 -477.968496 -5.641840e+05
 -478.107198 -1.012280e+06
 -478.245901 -1.444440e+06
 -478.384603 -1.859552e+06
 -478.523305 -2.256528e+06
 -478.662008 -2.634288e+06
 -478.800710 -2.991768e+06
 -478.939413 -3.327920e+06
 -479.078115 -3.641728e+06
 -479.216817 -3.932168e+06
 -479.355520 -4.198256e+06
 -479.494222 -4.439016e+06
 -479.632925 -4.653496e+06
 -479.771627 -4.840744e+06
 -479.910330 -4.999848e+06
 -480.049032 -5.129912e+06
 -480.187734 -5.230080e+06
 -480.326437 -5.299544e+06
 -480.465139 -5.337496e+06
 -480.603842 -5.343248e+06
 -480.742544 -5.316160e+06
 -480.881246 -5.255648e+06
 -481.019949 -5.161256e+06
 -481.158651 -5.032624e+06
 -481.297354 -4.869520e+06
 -481.436056 -4.671832e+06
 -481.574758 -4.439608e+06
 -481.713461 -4.173024e+06
 -481.852163 -3.872448e+06
 -481.990866 -3.538384e+06
 -482.129568 -3.171528e+06
 -482.268270 -2.772728e+06
 -482.406973 -2.343016e+06
 -482.545675 -1.883592e+06
 -482.684378 -1.395816e+06
 -482.823080 -8.812160e+05
 -482.961782 -3.414800e+05
 -483.100485 2.215920e+05
 -483.239187 8.059920e+05
 -483.377890 1.409656e+06
 -483.516592 2.030368e+06
 -483.655294 2.665808e+06
 -483.793997 3.313600e+06
 -483.932699 3.971256e+06
 -484.071402 4.636248e+06
 -484.210104 5.306048e+06
 -484.348807 5.978056e+06
 -484.487509 6.649744e+06
 -484.626211 7.318544e+06
 -484.764914 7.981992e+06
 -484.903616 8.637664e+06
 -485.042319 9.283248e+06
 -485.181021 9.916528e+06
 -485.319723 1.053541e+07
 -485.458426 1.113794e+07
 -485.597128 1.172234e+07
 -485.735831 1.228698e+07
 -485.874533 1.283041e+07
 -486.013235 1.335135e+07
 -486.151938 1.384869e+07
 -486.290640 1.432152e+07
 -486.429343 1.476912e+07
 -486.568045 1.519092e+07
 -486.706747 1.558654e+07
 -486.845450 1.595574e+07
 -486.984152 1.629849e+07
 -487.122855 1.661489e+07
 -487.261557 1.690515e+07
 -487.400259 1.716969e+07
 -487.538962 1.740899e+07
 -487.677664 1.762370e+07
 -487.816367 1.781458e+07
 -487.955069 1.798250e+07
 -488.093772 1.812841e+07
 -488.232474 1.825338e+07
 -488.371176 1.835855e+07
 -488.509879 1.844519e+07
 -488.648581 1.851456e+07
 -488.787284 1.856805e+07
 -488.925986 1.860708e+07
 -489.064688 1.863312e+07
 -489.203391 1.864768e+07
 -489.342093 1.865226e+07
 -489.480796 1.864842e+07
 -489.619498 1.863766e+07
 -489.758200 1.862150e+07
 -489.896903 1.860138e+07
 -490.035605 1.857870e+07
 -490.174308 1.855476e+07
 -490.313010 1.853082e+07
 -490.451712 1.850796e+07
 -490.590415 1.848717e+07
 -490.729117 1.846926e+07
 -490.867820 1.845492e+07
 -491.006522 1.844466e+07
 -491.145224 1.843884e+07
 -491.283927 1.843762e+07
 -491.422629 1.844103e+07
 -491.561332 1.844891e+07
 -491.700034 1.846102e+07
 -491.838737 1.847694e+07
 -491.977439 1.849614e+07
 -492.116141 1.851807e+07
 -492.254844 1.854208e+07
 -492.393546 1.856749e+07
 -492.532249 1.859361e+07
 -492.670951 1.861976e+07
 -492.809653 1.864534e+07
 -492.948356 1.866975e+07
 -493.087058 1.869250e+07
 -493.225761 1.871319e+07
 -493.364463 1.873151e+07
 -493.503165 1.874726e+07
 -493.641868 1.876038e+07
 -493.780570 1.877088e+07
 -493.919273 1.877894e+07
 -494.057975 1.878481e+07
 -494.196677 1.878888e+07
 -494.335380 1.879162e+07
 -494.474082 1.879358e+07
 -494.612785 1.879541e+07
 -494.751487 1.879780e+07
 -494.890189 1.880150e+07
 -495.028892 1.880729e+07
 -495.167594 1.881596e+07
 -495.306297 1.882829e+07
 -495.444999 1.884505e+07
 -495.583702 1.886698e+07
 -495.722404 1.889471e+07
 -495.861106 1.892886e+07
 -495.999809 1.896993e+07
 -496.138511 1.901831e+07
 -496.277214 1.907426e+07
 -496.415916 1.913793e+07
 -496.554618 1.920934e+07
 -496.693321 1.928831e+07
 -496.832023 1.937460e+07
 -496.970726 1.946778e+07
 -497.109428 1.956727e+07
 -497.248130 1.967244e+07
 -497.386833 1.978251e+07
 -497.525535 1.989662e+07
 -497.664238 2.001387e+07
 -497.802940 2.013334e+07
 -497.941642 2.025409e+07
 -498.080345 2.037521e+07
 -498.219047 2.049586e+07
 -498.357750 2.061526e+07
 -498.496452 2.073275e+07
 -498.635154 2.084781e+07
 -498.773857 2.096002e+07
 -498.912559 2.106914e+07
 -499.051262 2.117506e+07
 -499.189964 2.127783e+07
 -499.328667 2.137767e+07
 -499.467369 2.147490e+07
 -499.606071 2.156998e+07
 -499.744774 2.166350e+07
 -499.883476 2.175608e+07
 -500.022179 2.184847e+07
 -500.160881 2.194147e+07
 -500.299583 2.203589e+07
 -500.438286 2.213258e+07
 -500.576988 2.223240e+07
 -500.715691 2.233622e+07
 -500.854393 2.244486e+07
 -500.993095 2.255914e+07
 -501.131798 2.267986e+07
 -501.270500 2.280779e+07
 -501.409203 2.294366e+07
 -501.547905 2.308812e+07
 -501.686607 2.324183e+07
 -501.825310 2.340538e+07
 -501.964012 2.357933e+07
 -502.102715 2.376417e+07
 -502.241417 2.396031e+07
 -502.380119 2.416820e+07
 -502.518822 2.438813e+07
 -502.657524 2.462038e+07
 -502.796227 2.486520e+07
 -502.934929 2.512274e+07
 -503.073632 2.539310e+07
 -503.212334 2.567632e+07
 -503.351036 2.597239e+07
 -503.489739 2.628122e+07
 -503.628441 2.660267e+07
 -503.767144 2.693650e+07
 -503.905846 2.728242e+07
 -504.044548 2.764002e+07
 -504.183251 2.800881e+07
 -504.321953 2.838823e+07
 -504.460656 2.877759e+07
 -504.599358 2.917606e+07
 -504.738060 2.958273e+07
 -504.876763 2.999650e+07
 -505.015465 3.041618e+07
 -505.154168 3.084043e+07
 -505.292870 3.126780e+07
 -505.431572 3.169666e+07
 -505.570275 3.212530e+07
 -505.708977 3.255190e+07
 -505.847680 3.297456e+07
 -505.986382 3.339129e+07
 -506.125084 3.380006e+07
 -506.263787 3.419889e+07
 -506.402489 3.458571e+07
 -506.541192 3.495858e+07
 -506.679894 3.531562e+07
 -506.818597 3.565502e+07
 -506.957299 3.597514e+07
 -507.096001 3.627446e+07
 -507.234704 3.655170e+07
 -507.373406 3.680571e+07
 -507.512109 3.703559e+07
 -507.650811 3.724066e+07
 -507.789513 3.742042e+07
 -507.928216 3.757465e+07
 -508.066918 3.770330e+07
 -508.205621 3.780653e+07
 -508.344323 3.788470e+07
 -508.483025 3.793834e+07
 -508.621728 3.796811e+07
 -508.760430 3.797480e+07
 -508.899133 3.795932e+07
 -509.037835 3.792264e+07
 -509.176537 3.786577e+07
 -509.315240 3.778976e+07
 -509.453942 3.769567e+07
 -509.592645 3.758454e+07
 -509.731347 3.745736e+07
 -509.870049 3.731512e+07
 -510.008752 3.715872e+07
 -510.147454 3.698901e+07
 -510.286157 3.680677e+07
 -510.424859 3.661270e+07
 -510.563562 3.640746e+07
 -510.702264 3.619163e+07
 -510.840966 3.596574e+07
 -510.979669 3.573021e+07
 -511.118371 3.548546e+07
 -511.257074 3.523186e+07
 -511.395776 3.496970e+07
 -511.534478 3.469926e+07
 -511.673181 3.442078e+07
 -511.811883 3.413449e+07
 -511.950586 3.384052e+07
 -512.089288 3.353906e+07
 -512.227990 3.323024e+07
 -512.366693 3.291414e+07
 -512.505395 3.259088e+07
 -512.644098 3.226048e+07
 -512.782800 3.192302e+07
 -512.921502 3.157847e+07
 -513.060205 3.122688e+07
 -513.198907 3.086818e+07
 -513.337610 3.050234e+07
 -513.476312 3.012931e+07
 -513.615014 2.974902e+07
 -513.753717 2.936136e+07
 -513.892419 2.896626e+07
 -514.031122 2.856364e+07
 -514.169824 2.815342e+07
 -514.308527 2.773554e+07
 -514.447229 2.730999e+07
 -514.585931 2.687678e+07
 -514.724634 2.643593e+07
 -514.863336 2.598757e+07
 -515.002039 2.553187e+07
 -515.140741 2.506905e+07
 -515.279443 2.459941e+07
 -515.418146 2.412335e+07
 -515.556848 2.364131e+07
 -515.695551 2.315386e+07
 -515.834253 2.266162e+07
 -515.972955 2.216528e+07
 -516.111658 2.166564e+07
 -516.250360 2.116357e+07
 -516.389063 2.065998e+07
 -516.527765 2.015587e+07
 -516.666467 1.965230e+07
 -516.805170 1.915034e+07
 -516.943872 1.865114e+07
 -517.082575 1.815583e+07
 -517.221277 1.766556e+07
 -517.359979 1.718148e+07
 -517.498682 1.670471e+07
 -517.637384 1.623632e+07
 -517.776087 1.577730e+07
 -517.914789 1.532862e+07
 -518.053492 1.489106e+07
 -518.192194 1.446534e+07
 -518.330896 1.405202e+07
 -518.469599 1.365154e+07
 -518.608301 1.326413e+07
 -518.747004 1.288990e+07
 -518.885706 1.252872e+07
 -519.024408 1.218034e+07
 -519.163111 1.184432e+07
 -519.301813 1.152006e+07
 -519.440516 1.120680e+07
 -519.579218 1.090366e+07
 -519.717920 1.060966e+07
 -519.856623 1.032373e+07
 -519.995325 1.004474e+07
 -520.134028 9.771552e+06
 -520.272730 9.503040e+06
 -520.411432 9.238104e+06
 -520.550135 8.975720e+06
 -520.688837 8.714976e+06
 -520.827540 8.455056e+06
 -520.966242 8.195296e+06
 -521.104944 7.935192e+06
 -521.243647 7.674408e+06
 -521.382349 7.412784e+06
 -521.521052 7.150328e+06
 -521.659754 6.887216e+06
 -521.798457 6.623792e+06
 -521.937159 6.360528e+06
 -522.075861 6.098048e+06
 -522.214564 5.837072e+06
 -522.353266 5.578392e+06
 -522.491969 5.322888e+06
 -522.630671 5.071504e+06
 -522.769373 4.825160e+06
 -522.908076 4.584808e+06
 -523.046778 4.351384e+06
 -523.185481 4.125800e+06
 -523.324183 3.908896e+06
 -523.462885 3.701504e+06
 -523.601588 3.504360e+06
 -523.740290 3.318152e+06
 -523.878993 3.143488e+06
 -524.017695 2.980896e+06
 -524.156397 2.830824e+06
 -524.295100 2.693672e+06
 -524.433802 2.569712e+06
 -524.572505 2.459168e+06
 -524.711207 2.362160e+06
 -524.849909 2.278728e+06
 -524.988612 2.208848e+06
 -525.127314 2.152400e+06
 -525.266017 2.109168e+06
 -525.404719 2.078864e+06
 -525.543422 2.061168e+06
 -525.682124 2.055640e+06
 -525.820826 2.061824e+06
 -525.959529 2.079192e+06
 -526.098231 2.107224e+06
 -526.236934 2.145344e+06
 -526.375636 2.193024e+06
 -526.514338 2.249744e+06
 -526.653041 2.315008e+06
 -526.791743 2.388392e+06
 -526.930446 2.469544e+06
 -527.069148 2.558184e+06
 -527.207850 2.654144e+06
 -527.346553 2.757328e+06
 -527.485255 2.867744e+06
 -527.623958 2.985512e+06
 -527.762660 3.110848e+06
 -527.901362 3.244032e+06
 -528.040065 3.385416e+06
 -528.178767 3.535416e+06
 -528.317470 3.694472e+06
 -528.456172 3.863056e+06
 -528.594874 4.041656e+06
 -528.733577 4.230672e+06
 -528.872279 4.430528e+06
 -529.010982 4.641544e+06
 -529.149684 4.863976e+06
 -529.288387 5.097984e+06
 -529.427089 5.343584e+06
 -529.565791 5.600696e+06
 -529.704494 5.869072e+06
 -529.843196 6.148336e+06
 -529.981899 6.437936e+06
 -530.120601 6.737200e+06
 -530.259303 7.045240e+06
 -530.398006 7.361056e+06
 -530.536708 7.683512e+06
 -530.675411 8.011296e+06
 -530.814113 8.342992e+06
 -530.952815 8.677080e+06
 -531.091518 9.011944e+06
 -531.230220 9.345896e+06
 -531.368923 9.677192e+06
 -531.507625 1.000406e+07
 -531.646327 1.032477e+07
 -531.785030 1.063756e+07
 -531.923732 1.094072e+07
 -532.062435 1.123264e+07
 -532.201137 1.151178e+07
 -532.339839 1.177672e+07
 -532.478542 1.202617e+07
 -532.617244 1.225896e+07
 -532.755947 1.247410e+07
 -532.894649 1.267075e+07
 -533.033352 1.284825e+07
 -533.172054 1.300608e+07
 -533.310756 1.314391e+07
 -533.449459 1.326156e+07
 -533.588161 1.335902e+07
 -533.726864 1.343642e+07
 -533.865566 1.349401e+07
 -534.004268 1.353220e+07
 -534.142971 1.355146e+07
 -534.281673 1.355242e+07
 -534.420376 1.353574e+07
 -534.559078 1.350218e+07
 -534.697780 1.345254e+07
 -534.836483 1.338769e+07
 -534.975185 1.330849e+07
 -535.113888 1.321589e+07
 -535.252590 1.311078e+07
 -535.391292 1.299414e+07
 -535.529995 1.286687e+07
 -535.668697 1.272994e+07
 -535.807400 1.258427e+07
 -535.946102 1.243080e+07
 -536.084804 1.227049e+07
 -536.223507 1.210424e+07
 -536.362209 1.193303e+07
 -536.500912 1.175780e+07
 -536.639614 1.157952e+07
 -536.778317 1.139916e+07
 -536.917019 1.121774e+07
 -537.055721 1.103626e+07
 -537.194424 1.085581e+07
 -537.333126 1.067740e+07
 -537.471829 1.050213e+07
 -537.610531 1.033106e+07
 -537.749233 1.016531e+07
 -537.887936 1.000592e+07
 -538.026638 9.853928e+06
 -538.165341 9.710312e+06
 -538.304043 9.576032e+06
 -538.442745 9.451912e+06
 -538.581448 9.338752e+06
 -538.720150 9.237184e+06
 -538.858853 9.147752e+06
 -538.997555 9.070864e+06
 -539.136257 9.006776e+06
 -539.274960 8.955640e+06
 -539.413662 8.917424e+06
 -539.552365 8.891952e+06
 -539.691067 8.878952e+06
 -539.829769 8.877984e+06
 -539.968472 8.888528e+06
 -540.107174 8.909920e+06
 -540.245877 8.941456e+06
 -540.384579 8.982368e+06
 -540.523282 9.031808e+06
 -540.661984 9.088928e+06
 -540.800686 9.152872e+06
 -540.939389 9.222792e+06
 -541.078091 9.297856e+06
 -541.216794 9.377296e+06
 -541.355496 9.460368e+06
 -541.494198 9.546416e+06
 -541.632901 9.634832e+06
 -541.771603 9.725088e+06
 -541.910306 9.816744e+06
 -542.049008 9.909384e+06
 -542.187710 1.000271e+07
 -542.326413 1.009643e+07
 -542.465115 1.019035e+07
 -542.603818 1.028425e+07
 -542.742520 1.037799e+07
 -542.881222 1.047141e+07
 -543.019925 1.056431e+07
 -543.158627 1.065653e+07
 -543.297330 1.074782e+07
 -543.436032 1.083790e+07
 -543.574734 1.092646e+07
 -543.713437 1.101308e+07
 -543.852139 1.109730e+07
 -543.990842 1.117858e+07
 -544.129544 1.125632e+07
 -544.268247 1.132986e+07
 -544.406949 1.139846e+07
 -544.545651 1.146139e+07
 -544.684354 1.151787e+07
 -544.823056 1.156712e+07
 -544.961759 1.160835e+07
 -545.100461 1.164083e+07
 -545.239163 1.166388e+07
 -545.377866 1.167684e+07
 -545.516568 1.167916e+07
 -545.655271 1.167039e+07
 -545.793973 1.165017e+07
 -545.932675 1.161825e+07
 -546.071378 1.157451e+07
 -546.210080 1.151892e+07
 -546.348783 1.145162e+07
 -546.487485 1.137282e+07
 -546.626187 1.128286e+07
 -546.764890 1.118218e+07
 -546.903592 1.107128e+07
 -547.042295 1.095080e+07
 -547.180997 1.082138e+07
 -547.319699 1.068379e+07
 -547.458402 1.053877e+07
 -547.597104 1.038711e+07
 -547.735807 1.022965e+07
 -547.874509 1.006721e+07
 -548.013212 9.900584e+06
 -548.151914 9.730616e+06
 -548.290616 9.558064e+06
 -548.429319 9.383720e+06
 -548.568021 9.208304e+06
 -548.706724 9.032520e+06
 -548.845426 8.857032e+06
 -548.984128 8.682472e+06
 -549.122831 8.509400e+06
 -549.261533 8.338360e+06
 -549.400236 8.169800e+06
 -549.538938 8.004160e+06
 -549.677640 7.841768e+06
 -549.816343 7.682920e+06
 -549.955045 7.527808e+06
 -550.093748 7.376568e+06
 -550.232450 7.229232e+06
 -550.371152 7.085768e+06
 -550.509855 6.946040e+06
 -550.648557 6.809832e+06
 -550.787260 6.676808e+06
 -550.925962 6.546584e+06
 -551.064664 6.418672e+06
 -551.203367 6.292536e+06
 -551.342069 6.167568e+06
 -551.480772 6.043088e+06
 -551.619474 5.918424e+06
 -551.758177 5.792864e+06
 -551.896879 5.665704e+06
 -552.035581 5.536248e+06
 -552.174284 5.403896e+06
 -552.312986 5.268032e+06
 -552.451689 5.128200e+06
 -552.590391 4.984000e+06
 -552.729093 4.835176e+06
 -552.867796 4.681600e+06
 -553.006498 4.523328e+06
 -553.145201 4.360528e+06
 -553.283903 4.193576e+06
 -553.422605 4.023008e+06
 -553.561308 3.849536e+06
 -553.700010 3.674032e+06
 -553.838713 3.497536e+06
 -553.977415 3.321216e+06
 -554.116117 3.146368e+06
 -554.254820 2.974416e+06
 -554.393522 2.806848e+06
 -554.532225 2.645216e+06
 -554.670927 2.491112e+06
 -554.809629 2.346136e+06
 -554.948332 2.211880e+06
 -555.087034 2.089904e+06
 -555.225737 1.981744e+06
 -555.364439 1.888840e+06
 -555.503142 1.812568e+06
 -555.641844 1.754232e+06
 -555.780546 1.715024e+06
 -555.919249 1.696096e+06
 -556.057951 1.698440e+06
 -556.196654 1.723032e+06
 -556.335356 1.770728e+06
 -556.474058 1.842304e+06
 -556.612761 1.938520e+06
 -556.751463 2.060000e+06
 -556.890166 2.207368e+06
 -557.028868 2.381152e+06
 -557.167570 2.581848e+06
 -557.306273 2.809920e+06
 -557.444975 3.065728e+06
 -557.583678 3.349624e+06
 -557.722380 3.661904e+06
 -557.861082 4.002760e+06
 -557.999785 4.372360e+06
 -558.138487 4.770808e+06
 -558.277190 5.198072e+06
 -558.415892 5.654104e+06
 -558.554594 6.138728e+06
 -558.693297 6.651704e+06
 -558.831999 7.192672e+06
 -558.970702 7.761160e+06
 -559.109404 8.356616e+06
 -559.248107 8.978384e+06
 -559.386809 9.625680e+06
 -559.525511 1.029763e+07
 -559.664214 1.099323e+07
 -559.802916 1.171142e+07
 -559.941619 1.245098e+07
 -560.080321 1.321062e+07
 -560.219023 1.398899e+07
 -560.357726 1.478458e+07
 -560.496428 1.559588e+07
 -560.635131 1.642124e+07
 -560.773833 1.725895e+07
 -560.912535 1.810728e+07
 -561.051238 1.896438e+07
 -561.189940 1.982840e+07
 -561.328643 2.069740e+07
 -561.467345 2.156944e+07
 -561.606047 2.244251e+07
 -561.744750 2.331460e+07
 -561.883452 2.418367e+07
 -562.022155 2.504764e+07
 -562.160857 2.590447e+07
 -562.299559 2.675208e+07
 -562.438262 2.758843e+07
 -562.576964 2.841147e+07
 -562.715667 2.921922e+07
 -562.854369 3.000970e+07
 -562.993072 3.078107e+07
 -563.131774 3.153148e+07
 -563.270476 3.225922e+07
 -563.409179 3.296268e+07
 -563.547881 3.364038e+07
 -563.686584 3.429099e+07
 -563.825286 3.491333e+07
 -563.963988 3.550636e+07
 -564.102691 3.606927e+07
 -564.241393 3.660141e+07
 -564.380096 3.710232e+07
 -564.518798 3.757174e+07
 -564.657500 3.800959e+07
 -564.796203 3.841599e+07
 -564.934905 3.879124e+07
 -565.073608 3.913577e+07
 -565.212310 3.945019e+07
 -565.351012 3.973525e+07
 -565.489715 3.999179e+07
 -565.628417 4.022075e+07
 -565.767120 4.042321e+07
 -565.905822 4.060024e+07
 -566.044524 4.075302e+07
 -566.183227 4.088274e+07
 -566.321929 4.099062e+07
 -566.460632 4.107794e+07
 -566.599334 4.114593e+07
 -566.738037 4.119585e+07
 -566.876739 4.122894e+07
 -567.015441 4.124649e+07
 -567.154144 4.124970e+07
 -567.292846 4.123982e+07
 -567.431549 4.121803e+07
 -567.570251 4.118554e+07
 -567.708953 4.114350e+07
 -567.847656 4.109304e+07
 -567.986358 4.103525e+07
 -568.125061 4.097116e+07
 -568.263763 4.090177e+07
 -568.402465 4.082798e+07
 -568.541168 4.075066e+07
 -568.679870 4.067057e+07
 -568.818573 4.058837e+07
 -568.957275 4.050461e+07
 -569.095977 4.041974e+07
 -569.234680 4.033406e+07
 -569.373382 4.024776e+07
 -569.512085 4.016087e+07
 -569.650787 4.007330e+07
 -569.789489 3.998478e+07
 -569.928192 3.989489e+07
 -570.066894 3.980308e+07
 -570.205597 3.970866e+07
 -570.344299 3.961079e+07
 -570.483002 3.950850e+07
 -570.621704 3.940070e+07
 -570.760406 3.928620e+07
 -570.899109 3.916371e+07
 -571.037811 3.903188e+07
 -571.176514 3.888929e+07
 -571.315216 3.873447e+07
 -571.453918 3.856600e+07
 -571.592621 3.838240e+07
 -571.731323 3.818226e+07
 -571.870026 3.796420e+07
 -572.008728 3.772698e+07
 -572.147430 3.746940e+07
 -572.286133 3.719044e+07
 -572.424835 3.688922e+07
 -572.563538 3.656503e+07
 -572.702240 3.621738e+07
 -572.840942 3.584597e+07
 -572.979645 3.545071e+07
 -573.118347 3.503183e+07
 -573.257050 3.458974e+07
 -573.395752 3.412511e+07
 -573.534454 3.363886e+07
 -573.673157 3.313216e+07
 -573.811859 3.260642e+07
 -573.950562 3.206324e+07
 -574.089264 3.150444e+07
 -574.227967 3.093201e+07
 -574.366669 3.034806e+07
 -574.505371 2.975485e+07
 -574.644074 2.915466e+07
 -574.782776 2.854989e+07
 -574.921479 2.794286e+07
 -575.060181 2.733591e+07
 -575.198883 2.673129e+07
 -575.337586 2.613115e+07
 -575.476288 2.553752e+07
 -575.614991 2.495222e+07
 -575.753693 2.437692e+07
 -575.892395 2.381307e+07
 -576.031098 2.326191e+07
 -576.169800 2.272442e+07
 -576.308503 2.220138e+07
 -576.447205 2.169330e+07
 -576.585907 2.120050e+07
 -576.724610 2.072309e+07
 -576.863312 2.026094e+07
 -577.002015 1.981379e+07
 -577.140717 1.938117e+07
 -577.279419 1.896254e+07
 -577.418122 1.855720e+07
 -577.556824 1.816438e+07
 -577.695527 1.778326e+07
 -577.834229 1.741296e+07
 -577.972932 1.705263e+07
 -578.111634 1.670138e+07
 -578.250336 1.635837e+07
 -578.389039 1.602280e+07
 -578.527741 1.569395e+07
 -578.666444 1.537113e+07
 -578.805146 1.505374e+07
 -578.943848 1.474126e+07
 -579.082551 1.443326e+07
 -579.221253 1.412938e+07
 -579.359956 1.382936e+07
 -579.498658 1.353300e+07
 -579.637360 1.324021e+07
 -579.776063 1.295092e+07
 -579.914765 1.266519e+07
 -580.053468 1.238311e+07
 -580.192170 1.210485e+07
 -580.330872 1.183064e+07
 -580.469575 1.156079e+07
 -580.608277 1.129567e+07
 -580.746980 1.103571e+07
 -580.885682 1.078138e+07
 -581.024384 1.053327e+07
 -581.163087 1.029198e+07
 -581.301789 1.005817e+07
 -581.440492 9.832544e+06
 -581.579194 9.615864e+06
 -581.717897 9.408856e+06
 -581.856599 9.212328e+06
 -581.995301 9.026992e+06
 -582.134004 8.853592e+06
 -582.272706 8.692768e+06
 -582.411409 8.545112e+06
 -582.550111 8.411120e+06
 -582.688813 8.291144e+06
 -582.827516 8.185456e+06
 -582.966218 8.094112e+06
 -583.104921 8.017072e+06
 -583.243623 7.954104e+06
 -583.382325 7.904792e+06
 -583.521028 7.868592e+06
 -583.659730 7.844784e+06
 -583.798433 7.832496e+06
 -583.937135 7.830736e+06
 -584.075837 7.838392e+06
 -584.214540 7.854280e+06
 -584.353242 7.877120e+06
 -584.491945 7.905640e+06
 -584.630647 7.938520e+06
 -584.769349 7.974488e+06
 -584.908052 8.012320e+06
 -585.046754 8.050864e+06
 -585.185457 8.089064e+06
 -585.324159 8.126008e+06
 -585.462862 8.160904e+06
 -585.601564 8.193128e+06
 -585.740266 8.222200e+06
 -585.878969 8.247824e+06
 -586.017671 8.269864e+06
 -586.156374 8.288312e+06
 -586.295076 8.303336e+06
 -586.433778 8.315200e+06
 -586.572481 8.324288e+06
 -586.711183 8.331032e+06
 -586.849886 8.335936e+06
 -586.988588 8.339496e+06
 -587.127290 8.342184e+06
 -587.265993 8.344448e+06
 -587.404695 8.346640e+06
 -587.543398 8.348992e+06
 -587.682100 8.351632e+06
 -587.820802 8.354504e+06
 -587.959505 8.357432e+06
 -588.098207 8.360008e+06
 -588.236910 8.361720e+06
 -588.375612 8.361816e+06
 -588.514314 8.359456e+06
 -588.653017 8.353576e+06
 -588.791719 8.343088e+06
 -588.930422 8.326728e+06
 -589.069124 8.303208e+06
 -589.207827 8.271224e+06
 -589.346529 8.229440e+06
 -589.485231 8.176568e+06
 -589.623934 8.111408e+06
 -589.762636 8.032832e+06
 -589.901339 7.939872e+06
 -590.040041 7.831664e+06
 -590.178743 7.707592e+06
 -590.317446 7.567160e+06
 -590.456148 7.410128e+06
 -590.594851 7.236424e+06
 -590.733553 7.046208e+06
 -590.872255 6.839856e+06
 -591.010958 6.617928e+06
 -591.149660 6.381168e+06
 -591.288363 6.130504e+06
 -591.427065 5.867016e+06
 -591.565767 5.591896e+06
 -591.704470 5.306464e+06
 -591.843172 5.012104e+06
 -591.981875 4.710248e+06
 -592.120577 4.402368e+06
 -592.259279 4.089944e+06
 -592.397982 3.774384e+06
 -592.536684 3.457112e+06
 -592.675387 3.139440e+06
 -592.814089 2.822632e+06
 -592.952792 2.507840e+06
 -593.091494 2.196104e+06
 -593.230196 1.888376e+06
 -593.368899 1.585480e+06
 -593.507601 1.288120e+06
 -593.646304 9.969120e+05
 -593.785006 7.123520e+05
 -593.923708 4.348400e+05
 -594.062411 1.646960e+05
 -594.201113 -9.784000e+04
 -594.339816 -3.526000e+05
 -594.478518 -5.994720e+05
 -594.617220 -8.383520e+05
 -594.755923 -1.069208e+06
 -594.894625 -1.292016e+06
 -595.033328 -1.506728e+06
 -595.172030 -1.713328e+06
 -595.310732 -1.911784e+06
 -595.449435 -2.102024e+06
 -595.588137 -2.283976e+06
 -595.726840 -2.457552e+06
 -595.865542 -2.622592e+06
 -596.004244 -2.778992e+06
 -596.142947 -2.926560e+06
 -596.281649 -3.065152e+06
 -596.420352 -3.194600e+06
 -596.559054 -3.314760e+06
 -596.697757 -3.425520e+06
 -596.836459 -3.526832e+06
 -596.975161 -3.618688e+06
 -597.113864 -3.701168e+06
 -597.252566 -3.774456e+06
 -597.391269 -3.838824e+06
 -597.529971 -3.894672e+06
 -597.668673 -3.942544e+06
 -597.807376 -3.983096e+06
 -597.946078 -4.017128e+06
 -598.084781 -4.045552e+06
 -598.223483 -4.069464e+06
 -598.362185 -4.090024e+06
 -598.500888 -4.108520e+06
 -598.639590 -4.126304e+06
 -598.778293 -4.144832e+06
 -598.916995 -4.165576e+06
 -599.055697 -4.190032e+06
 -599.194400 -4.219664e+06
 -599.333102 -4.255944e+06
 -599.471805 -4.300208e+06
 -599.610507 -4.353744e+06
 -599.749209 -4.417680e+06
 -599.887912 -4.492984e+06
 -600.026614 -4.580448e+06
 -600.165317 -4.680672e+06
 -600.304019 -4.794024e+06
 -600.442722 -4.920632e+06
 -600.581424 -5.060384e+06
 -600.720126 -5.212936e+06
 -600.858829 -5.377704e+06
 -600.997531 -5.553856e+06
 -601.136234 -5.740352e+06
 -601.274936 -5.935968e+06
 -601.413638 -6.139272e+06
 -601.552341 -6.348736e+06
 -601.691043 -6.562672e+06
 -601.829746 -6.779304e+06
 -601.968448 -6.996848e+06
 -602.107150 -7.213464e+06
 -602.245853 -7.427320e+06
 -602.384555 -7.636664e+06
 -602.523258 -7.839784e+06
 -602.661960 -8.035080e+06
 -602.800662 -8.221072e+06
 -602.939365 -8.396432e+06
 -603.078067 -8.559944e+06
 -603.216770 -8.710592e+06
 -603.355472 -8.847512e+06
 -603.494174 -8.970008e+06
 -603.632877 -9.077560e+06
 -603.771579 -9.169808e+06
 -603.910282 -9.246544e+06
 -604.048984 -9.307728e+06
 -604.187687 -9.353432e+06
 -604.326389 -9.383848e+06
 -604.465091 -9.399304e+06
 -604.603794 -9.400184e+06
 -604.742496 -9.386984e+06
 -604.881199 -9.360232e+06
 -605.019901 -9.320496e+06
 -605.158603 -9.268376e+06
 -605.297306 -9.204488e+06
 -605.436008 -9.129416e+06
 -605.574711 -9.043736e+06
 -605.713413 -8.947968e+06
 -605.852115 -8.842592e+06
 -605.990818 -8.727984e+06
 -606.129520 -8.604512e+06
 -606.268223 -8.472392e+06
 -606.406925 -8.331800e+06
 -606.545627 -8.182752e+06
 -606.684330 -8.025248e+06
 -606.823032 -7.859112e+06
 -606.961735 -7.684152e+06
 -607.100437 -7.500056e+06
 -607.239139 -7.306432e+06
 -607.377842 -7.102864e+06
 -607.516544 -6.888856e+06
 -607.655247 -6.663928e+06
 -607.793949 -6.427568e+06
 -607.932652 -6.179288e+06
 -608.071354 -5.918656e+06
 -608.210056 -5.645296e+06
 -608.348759 -5.358936e+06
 -608.487461 -5.059416e+06
 -608.626164 -4.746672e+06
 -608.764866 -4.420824e+06
 -608.903568 -4.082168e+06
 -609.042271 -3.731136e+06
 -609.180973 -3.368376e+06
 -609.319676 -2.994696e+06
 -609.458378 -2.611112e+06
 -609.597080 -2.218784e+06
 -609.735783 -1.819048e+06
 -609.874485 -1.413368e+06
 -610.013188 -1.003376e+06
 -610.151890 -5.907520e+05
 -610.290592 -1.772960e+05
 -610.429295 2.351600e+05
 -610.567997 6.447600e+05
 -610.706700 1.049624e+06
 -610.845402 1.447920e+06
 -610.984104 1.837848e+06
 -611.122807 2.217680e+06
 -611.261509 2.585776e+06
 -611.400212 2.940584e+06
 -611.538914 3.280656e+06
 -611.677617 3.604704e+06
 -611.816319 3.911496e+06
 -611.955021 4.199992e+06
 -612.093724 4.469248e+06
 -612.232426 4.718408e+06
 -612.371129 4.946800e+06
 -612.509831 5.153800e+06
 -612.648533 5.338936e+06
 -612.787236 5.501776e+06
 -612.925938 5.642048e+06
 -613.064641 5.759480e+06
 -613.203343 5.853952e+06
 -613.342045 5.925368e+06
 -613.480748 5.973696e+06
 -613.619450 5.999032e+06
 -613.758153 6.001472e+06
 -613.896855 5.981248e+06
 -614.035557 5.938648e+06
 -614.174260 5.874048e+06
 -614.312962 5.787936e+06
 -614.451665 5.680904e+06
 -614.590367 5.553640e+06
 -614.729069 5.407000e+06
 -614.867772 5.241928e+06
 -615.006474 5.059520e+06
 -615.145177 4.861016e+06
 -615.283879 4.647776e+06
 -615.422582 4.421280e+06
 -615.561284 4.183160e+06
 -615.699986 3.935128e+06
 -615.838689 3.678992e+06
 -615.977391 3.416640e+06
 -616.116094 3.149984e+06
 -616.254796 2.880984e+06
 -616.393498 2.611584e+06
 -616.532201 2.343696e+06
 -616.670903 2.079160e+06
 -616.809606 1.819744e+06
 -616.948308 1.567056e+06
 -617.087010 1.322624e+06
 -617.225713 1.087728e+06
 -617.364415 8.635200e+05
 -617.503118 6.509360e+05
 -617.641820 4.506880e+05
 -617.780522 2.632960e+05
 -617.919225 8.907200e+04
 -618.057927 -7.187200e+04
 -618.196630 -2.196480e+05
 -618.335332 -3.544960e+05
 -618.474034 -4.768160e+05
 -618.612737 -5.871360e+05
 -618.751439 -6.860880e+05
 -618.890142 -7.743760e+05
 -619.028844 -8.527760e+05
 -619.167547 -9.220560e+05
 -619.306249 -9.830160e+05
 -619.444951 -1.036440e+06
 -619.583654 -1.083080e+06
 -619.722356 -1.123672e+06
 -619.861059 -1.158864e+06
 -619.999761 -1.189304e+06
 -620.138463 -1.215552e+06
 -620.277166 -1.238176e+06
 -620.415868 -1.257648e+06
 -620.554571 -1.274464e+06
 -620.693273 -1.289048e+06
 -620.831975 -1.301864e+06
 -620.970678 -1.313352e+06
 -621.109380 -1.323968e+06
 -621.248083 -1.334176e+06
 -621.386785 -1.344448e+06
 -621.525487 -1.355320e+06
 -621.664190 -1.367320e+06
 -621.802892 -1.381016e+06
 -621.941595 -1.396976e+06
 -622.080297 -1.415784e+06
 -622.218999 -1.438040e+06
 -622.357702 -1.464280e+06
 -622.496404 -1.495056e+06
 -622.635107 -1.530848e+06
 -622.773809 -1.572112e+06
 -622.912511 -1.619184e+06
 -623.051214 -1.672344e+06
 -623.189916 -1.731752e+06
 -623.328619 -1.797472e+06
 -623.467321 -1.869416e+06
 -623.606024 -1.947424e+06
 -623.744726 -2.031136e+06
 -623.883428 -2.120112e+06
 -624.022131 -2.213728e+06
 -624.160833 -2.311304e+06
 -624.299536 -2.411968e+06
 -624.438238 -2.514776e+06
 -624.576940 -2.618696e+06
 -624.715643 -2.722568e+06
 -624.854345 -2.825248e+06
 -624.993048 -2.925464e+06
 -625.131750 -3.021976e+06
 -625.270452 -3.113504e+06
 -625.409155 -3.198808e+06
 -625.547857 -3.276672e+06
 -625.686560 -3.345952e+06
 -625.825262 -3.405536e+06
 -625.963964 -3.454464e+06
 -626.102667 -3.491848e+06
 -626.241369 -3.516904e+06
 -626.380072 -3.529032e+06
 -626.518774 -3.527752e+06
 -626.657476 -3.512712e+06
 -626.796179 -3.483760e+06
 -626.934881 -3.440888e+06
 -627.073584 -3.384264e+06
 -627.212286 -3.314208e+06
 -627.350989 -3.231216e+06
 -627.489691 -3.135936e+06
 -627.628393 -3.029184e+06
 -627.767096 -2.911904e+06
 -627.905798 -2.785200e+06
 -628.044501 -2.650256e+06
 -628.183203 -2.508392e+06
 -628.321905 -2.361008e+06
 -628.460608 -2.209560e+06
 -628.599310 -2.055536e+06
 -628.738013 -1.900472e+06
 -628.876715 -1.745856e+06
 -629.015417 -1.593168e+06
 -629.154120 -1.443808e+06
 -629.292822 -1.299080e+06
 -629.431525 -1.160192e+06
 -629.570227 -1.028208e+06
 -629.708929 -9.040240e+05
 -629.847632 -7.883760e+05
 -629.986334 -6.817840e+05
 -630.125037 -5.846000e+05
 -630.263739 -4.969520e+05
 -630.402441 -4.187600e+05
 -630.541144 -3.497440e+05
 -630.679846 -2.894400e+05
 -630.818549 -2.371760e+05
 -630.957251 -1.921520e+05
 -631.095954 -1.533920e+05
 -631.234656 -1.197920e+05
 -631.373358 -9.016000e+04
 -631.512061 -6.323200e+04
 -631.650763 -3.766400e+04
 -631.789466 -1.212000e+04
 -631.928168 1.476800e+04
 -632.066870 4.434400e+04
 -632.205573 7.792800e+04
 -632.344275 1.167360e+05
 -632.482978 1.619680e+05
 -632.621680 2.147440e+05
 -632.760382 2.760560e+05
 -632.899085 3.468400e+05
 -633.037787 4.279360e+05
 -633.176490 5.200640e+05
 -633.315192 6.239120e+05
 -633.453894 7.400160e+05
 -633.592597 8.688800e+05
 -633.731299 1.010928e+06
 -633.870002 1.166528e+06
 -634.008704 1.335992e+06
 -634.147406 1.519584e+06
 -634.286109 1.717552e+06
 -634.424811 1.930088e+06
 -634.563514 2.157408e+06
 -634.702216 2.399688e+06
 -634.840919 2.657072e+06
 -634.979621 2.929752e+06
 -635.118323 3.217840e+06
 -635.257026 3.521488e+06
 -635.395728 3.840816e+06
 -635.534431 4.175912e+06
 -635.673133 4.526816e+06
 -635.811835 4.893576e+06
 -635.950538 5.276152e+06
 -636.089240 5.674424e+06
 -636.227943 6.088248e+06
 -636.366645 6.517328e+06
 -636.505347 6.961328e+06
 -636.644050 7.419752e+06
 -636.782752 7.892024e+06
 -636.921455 8.377408e+06
 -637.060157 8.875064e+06
 -637.198859 9.383992e+06
 -637.337562 9.903104e+06
 -637.476264 1.043116e+07
 -637.614967 1.096677e+07
 -637.753669 1.150850e+07
 -637.892371 1.205477e+07
 -638.031074 1.260397e+07
 -638.169776 1.315438e+07
 -638.308479 1.370430e+07
 -638.447181 1.425201e+07
 -638.585884 1.479574e+07
 -638.724586 1.533384e+07
 -638.863288 1.586469e+07
 -639.001991 1.638670e+07
 -639.140693 1.689846e+07
 -639.279396 1.739859e+07
 -639.418098 1.788589e+07
 -639.556800 1.835925e+07
 -639.695503 1.881770e+07
 -639.834205 1.926040e+07
 -639.972908 1.968662e+07
 -640.111610 2.009574e+07
 -640.250312 2.048724e+07
 -640.389015 2.086066e+07
 -640.527717 2.121561e+07
 -640.666420 2.155174e+07
 -640.805122 2.186874e+07
 -640.943824 2.216627e+07
 -641.082527 2.244402e+07
 -641.221229 2.270164e+07
 -641.359932 2.293878e+07
 -641.498634 2.315505e+07
 -641.637336 2.335006e+07
 -641.776039 2.352338e+07
 -641.914741 2.367462e+07
 -642.053444 2.380336e+07
 -642.192146 2.390924e+07
 -642.330849 2.399193e+07
 -642.469551 2.405120e+07
 -642.608253 2.408686e+07
 -642.746956 2.409887e+07
 -642.885658 2.408732e+07
 -643.024361 2.405242e+07
 -643.163063 2.399452e+07
 -643.301765 2.391416e+07
 -643.440468 2.381207e+07
 -643.579170 2.368909e+07
 -643.717873 2.354627e+07
 -643.856575 2.338480e+07
 -643.995277 2.320604e+07
 -644.133980 2.301146e+07
 -644.272682 2.280267e+07
 -644.411385 2.258138e+07
 -644.550087 2.234941e+07
 -644.688789 2.210858e+07
 -644.827492 2.186081e+07
 -644.966194 2.160802e+07
 -645.104897 2.135210e+07
 -645.243599 2.109496e+07
 -645.382301 2.083842e+07
 -645.521004 2.058422e+07
 -645.659706 2.033406e+07
 -645.798409 2.008946e+07
 -645.937111 1.985184e+07
 -646.075814 1.962248e+07
 -646.214516 1.940247e+07
 -646.353218 1.919274e+07
 -646.491921 1.899402e+07
 -646.630623 1.880686e+07
 -646.769326 1.863158e+07
 -646.908028 1.846834e+07
 -647.046730 1.831709e+07
 -647.185433 1.817758e+07
 -647.324135 1.804941e+07
 -647.462838 1.793199e+07
 -647.601540 1.782459e+07
 -647.740242 1.772638e+07
 -647.878945 1.763634e+07
 -648.017647 1.755347e+07
 -648.156350 1.747666e+07
 -648.295052 1.740478e+07
 -648.433754 1.733670e+07
 -648.572457 1.727130e+07
 -648.711159 1.720750e+07
 -648.849862 1.714430e+07
 -648.988564 1.708075e+07
 -649.127266 1.701608e+07
 -649.265969 1.694955e+07
 -649.404671 1.688062e+07
 -649.543374 1.680886e+07
 -649.682076 1.673395e+07
 -649.820779 1.665578e+07
 -649.959481 1.657435e+07
 -650.098183 1.648978e+07
 -650.236886 1.640233e+07
 -650.375588 1.631237e+07
 -650.514291 1.622038e+07
 -650.652993 1.612693e+07
 -650.791695 1.603259e+07
 -650.930398 1.593806e+07
 -651.069100 1.584398e+07
 -651.207803 1.575106e+07
 -651.346505 1.565992e+07
 -651.485207 1.557118e+07
 -651.623910 1.548538e+07
 -651.762612 1.540298e+07
 -651.901315 1.532436e+07
 -652.040017 1.524978e+07
 -652.178719 1.517936e+07
 -652.317422 1.511312e+07
 -652.456124 1.505094e+07
 -652.594827 1.499254e+07
 -652.733529 1.493754e+07
 -652.872231 1.488539e+07
 -653.010934 1.483542e+07
 -653.149636 1.478684e+07
 -653.288339 1.473874e+07
 -653.427041 1.469013e+07
 -653.565744 1.463987e+07
 -653.704446 1.458680e+07
 -653.843148 1.452966e+07
 -653.981851 1.446718e+07
 -654.120553 1.439798e+07
 -654.259256 1.432074e+07
 -654.397958 1.423406e+07
 -654.536660 1.413658e+07
 -654.675363 1.402697e+07
 -654.814065 1.390390e+07
 -654.952768 1.376606e+07
 -655.091470 1.361224e+07
 -655.230172 1.344126e+07
 -655.368875 1.325202e+07
 -655.507577 1.304346e+07
 -655.646280 1.281463e+07
 -655.784982 1.256467e+07
 -655.923684 1.229280e+07
 -656.062387 1.199830e+07
 -656.201089 1.168058e+07
 -656.339792 1.133915e+07
 -656.478494 1.097356e+07
 -656.617196 1.058350e+07
 -656.755899 1.016871e+07
 -656.894601 9.729040e+06
 -657.033304 9.264400e+06
 -657.172006 8.774760e+06
 -657.310709 8.260216e+06
 -657.449411 7.720864e+06
 -657.588113 7.156920e+06
 -657.726816 6.568632e+06
 -657.865518 5.956328e+06
 -658.004221 5.320432e+06
 -658.142923 4.661416e+06
 -658.281625 3.979848e+06
 -658.420328 3.276384e+06
 -658.559030 2.551800e+06
 -658.697733 1.806976e+06
 -658.836435 1.042928e+06
 -658.975137 2.608240e+05
 -659.113840 -5.380160e+05
 -659.252542 -1.352128e+06
 -659.391245 -2.179840e+06
 -659.529947 -3.019288e+06
 -659.668649 -3.868448e+06
 -659.807352 -4.725072e+06
 -659.946054 -5.586768e+06
 -660.084757 -6.450896e+06
 -660.223459 -7.314712e+06
 -660.362161 -8.175280e+06
 -660.500864 -9.029584e+06
 -660.639566 -9.874480e+06
 -660.778269 -1.070677e+07
 -660.916971 -1.152324e+07
 -661.055674 -1.232067e+07
 -661.194376 -1.309594e+07
 -661.333078 -1.384597e+07
 -661.471781 -1.456790e+07
 -661.610483 -1.525900e+07
 -661.749186 -1.591679e+07
 -661.887888 -1.653907e+07
 -662.026590 -1.712390e+07
 -662.165293 -1.766969e+07
 -662.303995 -1.817521e+07
 -662.442698 -1.863955e+07
 -662.581400 -1.906218e+07
 -662.720102 -1.944299e+07
 -662.858805 -1.978214e+07
 -662.997507 -2.008023e+07
 -663.136210 -2.033814e+07
 -663.274912 -2.055705e+07
 -663.413614 -2.073846e+07
 -663.552317 -2.088410e+07
 -663.691019 -2.099591e+07
 -663.829722 -2.107599e+07
 -663.968424 -2.112663e+07
 -664.107126 -2.115016e+07
 -664.245829 -2.114902e+07
 -664.384531 -2.112562e+07
 -664.523234 -2.108242e+07
 -664.661936 -2.102180e+07
 -664.800639 -2.094606e+07
 -664.939341 -2.085742e+07
 -665.078043 -2.075794e+07
 -665.216746 -2.064955e+07
 -665.355448 -2.053399e+07
 -665.494151 -2.041282e+07
 -665.632853 -2.028738e+07
 -665.771555 -2.015882e+07
 -665.910258 -2.002810e+07
 -666.048960 -1.989593e+07
 -666.187663 -1.976284e+07
 -666.326365 -1.962914e+07
 -666.465067 -1.949498e+07
 -666.603770 -1.936028e+07
 -666.742472 -1.922488e+07
 -666.881175 -1.908842e+07
 -667.019877 -1.895044e+07
 -667.158579 -1.881038e+07
 -667.297282 -1.866760e+07
 -667.435984 -1.852138e+07
 -667.574687 -1.837100e+07
 -667.713389 -1.821567e+07
 -667.852091 -1.805464e+07
 -667.990794 -1.788712e+07
 -668.129496 -1.771238e+07
 -668.268199 -1.752969e+07
 -668.406901 -1.733837e+07
 -668.545604 -1.713779e+07
 -668.684306 -1.692740e+07
 -668.823008 -1.670665e+07
 -668.961711 -1.647508e+07
 -669.100413 -1.623229e+07
 -669.239116 -1.597793e+07
 -669.377818 -1.571172e+07
 -669.516520 -1.543346e+07
 -669.655223 -1.514296e+07
 -669.793925 -1.484017e+07
 -669.932628 -1.452504e+07
 -670.071330 -1.419762e+07
 -670.210032 -1.385806e+07
 -670.348735 -1.350656e+07
 -670.487437 -1.314342e+07
 -670.626140 -1.276901e+07
 -670.764842 -1.238384e+07
 -670.903544 -1.198850e+07
 -671.042247 -1.158369e+07
 -671.180949 -1.117025e+07
 -671.319652 -1.074909e+07
 -671.458354 -1.032129e+07
 -671.597056 -9.888008e+06
 -671.735759 -9.450520e+06
 -671.874461 -9.010184e+06
 -672.013164 -8.568448e+06
 -672.151866 -8.126856e+06
 -672.290569 -7.686920e+06
 -672.429271 -7.250232e+06
 -672.567973 -6.818344e+06
 -672.706676 -6.392784e+06
 -672.845378 -5.975032e+06
 -672.984081 -5.566448e+06
 -673.122783 -5.168312e+06
 -673.261485 -4.781704e+06
 -673.400188 -4.407616e+06
 -673.538890 -4.046824e+06
 -673.677593 -3.699936e+06
 -673.816295 -3.367344e+06
 -673.954997 -3.049280e+06
 -674.093700 -2.745760e+06
 -674.232402 -2.456640e+06
 -674.371105 -2.181576e+06
 -674.509807 -1.920112e+06
 -674.648509 -1.671624e+06
 -674.787212 -1.435400e+06
 -674.925914 -1.210624e+06
 -675.064617 -9.964240e+05
 -675.203319 -7.919040e+05
 -675.342021 -5.961440e+05
 -675.480724 -4.082080e+05
 -675.619426 -2.272320e+05
 -675.758129 -5.235200e+04
 -675.896831 1.171920e+05
 -676.035534 2.821440e+05
 -676.174236 4.431360e+05
 -676.312938 6.007440e+05
 -676.451641 7.554320e+05
 -676.590343 9.076320e+05
 -676.729046 1.057704e+06
 -676.867748 1.205912e+06
 -677.006450 1.352528e+06
 -677.145153 1.497728e+06
 -677.283855 1.641728e+06
 -677.422558 1.784712e+06
 -677.561260 1.926824e+06
 -677.699962 2.068296e+06
 -677.838665 2.209336e+06
 -677.977367 2.350216e+06
 -678.116070 2.491216e+06
 -678.254772 2.632672e+06
 -678.393474 2.774976e+06
 -678.532177 2.918544e+06
 -678.670879 3.063840e+06
 -678.809582 3.211336e+06
 -678.948284 3.361560e+06
 -679.086986 3.515008e+06
 -679.225689 3.672216e+06
 -679.364391 3.833648e+06
 -679.503094 3.999808e+06
 -679.641796 4.171088e+06
 -679.780499 4.347880e+06
 -679.919201 4.530480e+06
 -680.057903 4.719112e+06
 -680.196606 4.913936e+06
 -680.335308 5.115008e+06
 -680.474011 5.322304e+06
 -680.612713 5.535736e+06
 -680.751415 5.755104e+06
 -680.890118 5.980160e+06
 -681.028820 6.210552e+06
 -681.167523 6.445928e+06
 -681.306225 6.685832e+06
 -681.444927 6.929816e+06
 -681.583630 7.177376e+06
 -681.722332 7.428016e+06
 -681.861035 7.681208e+06
 -681.999737 7.936448e+06
 -682.138439 8.193232e+06
 -682.277142 8.451080e+06
 -682.415844 8.709496e+06
 -682.554547 8.968056e+06
 -682.693249 9.226320e+06
 -682.831951 9.483880e+06
 -682.970654 9.740352e+06
 -683.109356 9.995360e+06
 -683.248059 1.024858e+07
 -683.386761 1.049965e+07
 -683.525464 1.074826e+07
 -683.664166 1.099410e+07
 -683.802868 1.123686e+07
 -683.941571 1.147622e+07
 -684.080273 1.171188e+07
 -684.218976 1.194353e+07
 -684.357678 1.217086e+07
 -684.496380 1.239353e+07
 -684.635083 1.261122e+07
 -684.773785 1.282358e+07
 -684.912488 1.303029e+07
 -685.051190 1.323096e+07
 -685.189892 1.342524e+07
 -685.328595 1.361274e+07
 -685.467297 1.379311e+07
 -685.606000 1.396598e+07
 -685.744702 1.413095e+07
 -685.883404 1.428769e+07
 -686.022107 1.443582e+07
 -686.160809 1.457506e+07
 -686.299512 1.470510e+07
 -686.438214 1.482568e+07
 -686.576916 1.493660e+07
 -686.715619 1.503771e+07
 -686.854321 1.512893e+07
 -686.993024 1.521022e+07
 -687.131726 1.528166e+07
 -687.270429 1.534337e+07
 -687.409131 1.539556e+07
 -687.547833 1.543858e+07
 -687.686536 1.547278e+07
 -687.825238 1.549866e+07
 -687.963941 1.551674e+07
 -688.102643 1.552771e+07
 -688.241345 1.553223e+07
 -688.380048 1.553106e+07
 -688.518750 1.552500e+07
 -688.657453 1.551490e+07
 -688.796155 1.550167e+07
 -688.934857 1.548617e+07
 -689.073560 1.546936e+07
 -689.212262 1.545215e+07
 -689.350965 1.543546e+07
 -689.489667 1.542022e+07
 -689.628369 1.540734e+07
 -689.767072 1.539770e+07
 -689.905774 1.539215e+07
 -690.044477 1.539152e+07
 -690.183179 1.539660e+07
 -690.321881 1.540813e+07
 -690.460584 1.542678e+07
 -690.599286 1.545319e+07
 -690.737989 1.548790e+07
 -690.876691 1.553137e+07
 -691.015394 1.558399e+07
 -691.154096 1.564600e+07
 -691.292798 1.571758e+07
 -691.431501 1.579874e+07
 -691.570203 1.588935e+07
 -691.708906 1.598918e+07
 -691.847608 1.609783e+07
 -691.986310 1.621471e+07
 -692.125013 1.633914e+07
 -692.263715 1.647026e+07
 -692.402418 1.660706e+07
 -692.541120 1.674842e+07
 -692.679822 1.689309e+07
 -692.818525 1.703974e+07
 -692.957227 1.718693e+07
 -693.095930 1.733318e+07
 -693.234632 1.747700e+07
 -693.373334 1.761684e+07
 -693.512037 1.775122e+07
 -693.650739 1.787865e+07
 -693.789442 1.799771e+07
 -693.928144 1.810709e+07
 -694.066846 1.820554e+07
 -694.205549 1.829194e+07
 -694.344251 1.836526e+07
 -694.482954 1.842462e+07
 -694.621656 1.846926e+07
 -694.760359 1.849855e+07
 -694.899061 1.851198e+07
 -695.037763 1.850918e+07
 -695.176466 1.848982e+07
 -695.315168 1.845376e+07
 -695.453871 1.840088e+07
 -695.592573 1.833118e+07
 -695.731275 1.824469e+07
 -695.869978 1.814149e+07
 -696.008680 1.802171e+07
 -696.147383 1.788552e+07
 -696.286085 1.773305e+07
 -696.424787 1.756448e+07
 -696.563490 1.737997e+07
 -696.702192 1.717965e+07
 -696.840895 1.696367e+07
 -696.979597 1.673214e+07
 -697.118299 1.648515e+07
 -697.257002 1.622279e+07
 -697.395704 1.594510e+07
 -697.534407 1.565214e+07
 -697.673109 1.534397e+07
 -697.811811 1.502060e+07
 -697.950514 1.468211e+07
 -698.089216 1.432856e+07
 -698.227919 1.396002e+07
 -698.366621 1.357664e+07
 -698.505324 1.317857e+07
 -698.644026 1.276601e+07
 -698.782728 1.233924e+07
 -698.921431 1.189858e+07
 -699.060133 1.144443e+07
 -699.198836 1.097722e+07
 -699.337538 1.049754e+07
 -699.476240 1.000594e+07
 -699.614943 9.503136e+06
 -699.753645 8.989880e+06
 -699.892348 8.466992e+06
 -700.031050 7.935376e+06
 -700.169752 7.395968e+06
 -700.308455 6.849808e+06
 -700.447157 6.297936e+06
 -700.585860 5.741456e+06
 -700.724562 5.181496e+06
 -700.863264 4.619216e+06
 -701.001967 4.055768e+06
 -701.140669 3.492320e+06
 -701.279372 2.930056e+06
 -701.418074 2.370096e+06
 -701.556776 1.813568e+06
 -701.695479 1.261560e+06
 -701.834181 7.151200e+05
 -701.972884 1.752560e+05
 -702.111586 -3.570720e+05
 -702.250289 -8.810160e+05
 -702.388991 -1.395736e+06
 -702.527693 -1.900488e+06
 -702.666396 -2.394600e+06
 -702.805098 -2.877488e+06
 -702.943801 -3.348632e+06
 -703.082503 -3.807616e+06
 -703.221205 -4.254088e+06
 -703.359908 -4.687800e+06
 -703.498610 -5.108544e+06
 -703.637313 -5.516224e+06
 -703.776015 -5.910784e+06
 -703.914717 -6.292240e+06
 -704.053420 -6.660648e+06
 -704.192122 -7.016104e+06
 -704.330825 -7.358744e+06
 -704.469527 -7.688712e+06
 -704.608229 -8.006160e+06
 -704.746932 -8.311272e+06
 -704.885634 -8.604176e+06
 -705.024337 -8.885032e+06
 -705.163039 -9.154000e+06
 -705.301741 -9.411184e+06
 -705.440444 -9.656720e+06
 -705.579146 -9.890744e+06
 -705.717849 -1.011336e+07
 -705.856551 -1.032474e+07
 -705.995254 -1.052502e+07
 -706.133956 -1.071446e+07
 -706.272658 -1.089326e+07
 -706.411361 -1.106172e+07
 -706.550063 -1.122023e+07
 -706.688766 -1.136921e+07
 -706.827468 -1.150914e+07
 -706.966170 -1.164062e+07
 -707.104873 -1.176420e+07
 -707.243575 -1.188058e+07
 -707.382278 -1.199046e+07
 -707.520980 -1.209454e+07
 -707.659682 -1.219352e+07
 -707.798385 -1.228807e+07
 -707.937087 -1.237882e+07
 -708.075790 -1.246633e+07
 -708.214492 -1.255100e+07
 -708.353194 -1.263318e+07
 -708.491897 -1.271304e+07
 -708.630599 -1.279058e+07
 -708.769302 -1.286565e+07
 -708.908004 -1.293791e+07
 -709.046706 -1.300686e+07
 -709.185409 -1.307182e+07
 -709.324111 -1.313196e+07
 -709.462814 -1.318628e+07
 -709.601516 -1.323370e+07
 -709.740219 -1.327300e+07
 -709.878921 -1.330295e+07
 -710.017623 -1.332223e+07
 -710.156326 -1.332954e+07
 -710.295028 -1.332363e+07
 -710.433731 -1.330330e+07
 -710.572433 -1.326746e+07
 -710.711135 -1.321512e+07
 -710.849838 -1.314551e+07
 -710.988540 -1.305799e+07
 -711.127243 -1.295217e+07
 -711.265945 -1.282782e+07
 -711.404647 -1.268503e+07
 -711.543350 -1.252404e+07
 -711.682052 -1.234538e+07
 -711.820755 -1.214978e+07
 -711.959457 -1.193821e+07
 -712.098159 -1.171183e+07
 -712.236862 -1.147197e+07
 -712.375564 -1.122011e+07
 -712.514267 -1.095790e+07
 -712.652969 -1.068699e+07
 -712.791671 -1.040918e+07
 -712.930374 -1.012624e+07
 -713.069076 -9.839952e+06
 -713.207779 -9.552064e+06
 -713.346481 -9.264240e+06
 -713.485184 -8.978064e+06
 -713.623886 -8.695008e+06
 -713.762588 -8.416416e+06
 -713.901291 -8.143480e+06
 -714.039993 -7.877240e+06
 -714.178696 -7.618584e+06
 -714.317398 -7.368240e+06
 -714.456100 -7.126800e+06
 -714.594803 -6.894704e+06
 -714.733505 -6.672264e+06
 -714.872208 -6.459696e+06
 -715.010910 -6.257072e+06
 -715.149612 -6.064432e+06
 -715.288315 -5.881712e+06
 -715.427017 -5.708840e+06
 -715.565720 -5.545696e+06
 -715.704422 -5.392152e+06
 -715.843124 -5.248088e+06
 -715.981827 -5.113408e+06
 -716.120529 -4.988040e+06
 -716.259232 -4.871992e+06
 -716.397934 -4.765288e+06
 -716.536636 -4.668024e+06
 -716.675339 -4.580352e+06
 -716.814041 -4.502504e+06
 -716.952744 -4.434728e+06
 -717.091446 -4.377344e+06
 -717.230149 -4.330712e+06
 -717.368851 -4.295216e+06
 -717.507553 -4.271224e+06
 -717.646256 -4.259144e+06
 -717.784958 -4.259304e+06
 -717.923661 -4.272040e+06
 -718.062363 -4.297576e+06
 -718.201065 -4.336096e+06
 -718.339768 -4.387656e+06
 -718.478470 -4.452216e+06
 -718.617173 -4.529584e+06
 -718.755875 -4.619464e+06
 -718.894577 -4.721384e+06
 -719.033280 -4.834744e+06
 -719.171982 -4.958800e+06
 -719.310685 -5.092640e+06
 -719.449387 -5.235248e+06
 -719.588089 -5.385480e+06
 -719.726792 -5.542080e+06
 -719.865494 -5.703688e+06
 -720.004197 -5.868904e+06
 -720.142899 -6.036256e+06
 -720.281601 -6.204256e+06
 -720.420304 -6.371408e+06
 -720.559006 -6.536208e+06
 -720.697709 -6.697216e+06
 -720.836411 -6.853032e+06
 -720.975114 -7.002344e+06
 -721.113816 -7.143888e+06
 -721.252518 -7.276512e+06
 -721.391221 -7.399192e+06
 -721.529923 -7.510992e+06
 -721.668626 -7.611088e+06
 -721.807328 -7.698776e+06
 -721.946030 -7.773488e+06
 -722.084733 -7.834728e+06
 -722.223435 -7.882136e+06
 -722.362138 -7.915448e+06
 -722.500840 -7.934496e+06
 -722.639542 -7.939168e+06
 -722.778245 -7.929472e+06
 -722.916947 -7.905416e+06
 -723.055650 -7.867152e+06
 -723.194352 -7.814816e+06
 -723.333054 -7.748608e+06
 -723.471757 -7.668736e+06
 -723.610459 -7.575472e+06
 -723.749162 -7.469080e+06
 -723.887864 -7.349848e+06
 -724.026566 -7.218056e+06
 -724.165269 -7.074000e+06
 -724.303971 -6.918000e+06
 -724.442674 -6.750320e+06
 -724.581376 -6.571296e+06
 -724.720079 -6.381200e+06
 -724.858781 -6.180336e+06
 -724.997483 -5.969016e+06
 -725.136186 -5.747560e+06
 -725.274888 -5.516248e+06
 -725.413591 -5.275448e+06
 -725.552293 -5.025480e+06
 -725.690995 -4.766720e+06
 -725.829698 -4.499560e+06
 -725.968400 -4.224392e+06
 -726.107103 -3.941696e+06
 -726.245805 -3.651928e+06
 -726.384507 -3.355616e+06
 -726.523210 -3.053336e+06
 -726.661912 -2.745656e+06
 -726.800615 -2.433232e+06
 -726.939317 -2.116744e+06
 -727.078019 -1.796880e+06
 -727.216722 -1.474384e+06
 -727.355424 -1.150016e+06
 -727.494127 -8.245360e+05
 -727.632829 -4.987520e+05
 -727.771531 -1.734080e+05
 -727.910234 1.506640e+05
 -728.048936 4.727440e+05
 -728.187639 7.920320e+05
 -728.326341 1.107784e+06
 -728.465044 1.419248e+06
 -728.603746 1.725672e+06
 -728.742448 2.026296e+06
 -728.881151 2.320368e+06
 -729.019853 2.607080e+06
 -729.158556 2.885600e+06
 -729.297258 3.155040e+06
 -729.435960 3.414472e+06
 -729.574663 3.662864e+06
 -729.713365 3.899136e+06
 -729.852068 4.122104e+06
 -729.990770 4.330520e+06
 -730.129472 4.523032e+06
 -730.268175 4.698240e+06
 -730.406877 4.854696e+06
 -730.545580 4.990856e+06
 -730.684282 5.105192e+06
 -730.822984 5.196168e+06
 -730.961687 5.262264e+06
 -731.100389 5.302000e+06
 -731.239092 5.313968e+06
 -731.377794 5.296888e+06
 -731.516496 5.249576e+06
 -731.655199 5.171032e+06
 -731.793901 5.060400e+06
 -731.932604 4.917072e+06
 -732.071306 4.740648e+06
 -732.210009 4.530960e+06
 -732.348711 4.288136e+06
 -732.487413 4.012512e+06
 -732.626116 3.704768e+06
 -732.764818 3.365840e+06
 -732.903521 2.996928e+06
 -733.042223 2.599536e+06
 -733.180925 2.175416e+06
 -733.319628 1.726576e+06
 -733.458330 1.255256e+06
 -733.597033 7.638720e+05
 -733.735735 2.550640e+05
 -733.874437 -2.683920e+05
 -734.013140 -8.036480e+05
 -734.151842 -1.347704e+06
 -734.290545 -1.897568e+06
 -734.429247 -2.450208e+06
 -734.567949 -3.002632e+06
 -734.706652 -3.551888e+06
 -734.845354 -4.095104e+06
 -734.984057 -4.629512e+06
 -735.122759 -5.152496e+06
 -735.261461 -5.661560e+06
 -735.400164 -6.154408e+06
 -735.538866 -6.628888e+06
 -735.677569 -7.083056e+06
 -735.816271 -7.515176e+06
 -735.954974 -7.923688e+06
 -736.093676 -8.307256e+06
 -736.232378 -8.664744e+06
 -736.371081 -8.995216e+06
 -736.509783 -9.297952e+06
 -736.648486 -9.572456e+06
 -736.787188 -9.818424e+06
 -736.925890 -1.003577e+07
 -737.064593 -1.022462e+07
 -737.203295 -1.038530e+07
 -737.341998 -1.051838e+07
 -737.480700 -1.062457e+07
 -737.619402 -1.070486e+07
 -737.758105 -1.076038e+07
 -737.896807 -1.079249e+07
 -738.035510 -1.080266e+07
 -738.174212 -1.079257e+07
 -738.312914 -1.076402e+07
 -738.451617 -1.071895e+07
 -738.590319 -1.065934e+07
 -738.729022 -1.058730e+07
 -738.867724 -1.050493e+07
 -739.006426 -1.041434e+07
 -739.145129 -1.031766e+07
 -739.283831 -1.021690e+07
 -739.422534 -1.011409e+07
 -739.561236 -1.001106e+07
 -739.699939 -9.909600e+06
 -739.838641 -9.811296e+06
 -739.977343 -9.717656e+06
 -740.116046 -9.629968e+06
 -740.254748 -9.549400e+06
 -740.393451 -9.476960e+06
 -740.532153 -9.413480e+06
 -740.670855 -9.359680e+06
 -740.809558 -9.316144e+06
 -740.948260 -9.283320e+06
 -741.086963 -9.261560e+06
 -741.225665 -9.251136e+06
 -741.364367 -9.252224e+06
 -741.503070 -9.264944e+06
 -741.641772 -9.289384e+06
 -741.780475 -9.325560e+06
 -741.919177 -9.373464e+06
 -742.057879 -9.433040e+06
 -742.196582 -9.504200e+06
 -742.335284 -9.586840e+06
 -742.473987 -9.680808e+06
 -742.612689 -9.785896e+06
 -742.751391 -9.901864e+06
 -742.890094 -1.002841e+07
 -743.028796 -1.016514e+07
 -743.167499 -1.031163e+07
 -743.306201 -1.046734e+07
 -743.444904 -1.063164e+07
 -743.583606 -1.080380e+07
 -743.722308 -1.098300e+07
 -743.861011 -1.116830e+07
 -743.999713 -1.135866e+07
 -744.138416 -1.155294e+07
 -744.277118 -1.174991e+07
 -744.415820 -1.194826e+07
 -744.554523 -1.214661e+07
 -744.693225 -1.234355e+07
 -744.831928 -1.253762e+07
 -744.970630 -1.272734e+07
 -745.109332 -1.291129e+07
 -745.248035 -1.308804e+07
 -745.386737 -1.325626e+07
 -745.525440 -1.341468e+07
 -745.664142 -1.356212e+07
 -745.802844 -1.369753e+07
 -745.941547 -1.381997e+07
 -746.080249 -1.392865e+07
 -746.218952 -1.402290e+07
 -746.357654 -1.410223e+07
 -746.496356 -1.416625e+07
 -746.635059 -1.421472e+07
 -746.773761 -1.424754e+07
 -746.912464 -1.426472e+07
 -747.051166 -1.426637e+07
 -747.189869 -1.425271e+07
 -747.328571 -1.422403e+07
 -747.467273 -1.418072e+07
 -747.605976 -1.412316e+07
 -747.744678 -1.405185e+07
 -747.883381 -1.396726e+07
 -748.022083 -1.386992e+07
 -748.160785 -1.376032e+07
 -748.299488 -1.363900e+07
 -748.438190 -1.350644e+07
 -748.576893 -1.336316e+07
 -748.715595 -1.320962e+07
 -748.854297 -1.304624e+07
 -748.993000 -1.287347e+07
 -749.131702 -1.269170e+07
 -749.270405 -1.250130e+07
 -749.409107 -1.230262e+07
 -749.547809 -1.209601e+07
 -749.686512 -1.188175e+07
 -749.825214 -1.166018e+07
 -749.963917 -1.143158e+07
 -750.102619 -1.119624e+07
 -750.241321 -1.095449e+07
 -750.380024 -1.070663e+07
 -750.518726 -1.045298e+07
 -750.657429 -1.019390e+07
 -750.796131 -9.929744e+06
 -750.934834 -9.660896e+06
 -751.073536 -9.387776e+06
 -751.212238 -9.110808e+06
 -751.350941 -8.830432e+06
 -751.489643 -8.547152e+06
 -751.628346 -8.261432e+06
 -751.767048 -7.973776e+06
 -751.905750 -7.684688e+06
 -752.044453 -7.394680e+06
 -752.183155 -7.104264e+06
 -752.321858 -6.813936e+06
 -752.460560 -6.524200e+06
 -752.599262 -6.235560e+06
 -752.737965 -5.948480e+06
 -752.876667 -5.663472e+06
 -753.015370 -5.381008e+06
 -753.154072 -5.101576e+06
 -753.292774 -4.825712e+06
 -753.431477 -4.553920e+06
 -753.570179 -4.286784e+06
 -753.708882 -4.024904e+06
 -753.847584 -3.768896e+06
 -753.986286 -3.519480e+06
 -754.124989 -3.277368e+06
 -754.263691 -3.043376e+06
 -754.402394 -2.818304e+06
 -754.541096 -2.603072e+06
 -754.679799 -2.398552e+06
 -754.818501 -2.205680e+06
 -754.957203 -2.025368e+06
 -755.095906 -1.858528e+06
 -755.234608 -1.706016e+06
 -755.373311 -1.568664e+06
 -755.512013 -1.447176e+06
 -755.650715 -1.342208e+06
 -755.789418 -1.254272e+06
 -755.928120 -1.183760e+06
 -756.066823 -1.130920e+06
 -756.205525 -1.095856e+06
 -756.344227 -1.078528e+06
 -756.482930 -1.078704e+06
 -756.621632 -1.096056e+06
 -756.760335 -1.130064e+06
 -756.899037 -1.180120e+06
 -757.037739 -1.245472e+06
 -757.176442 -1.325288e+06
 -757.315144 -1.418624e+06
 -757.453847 -1.524520e+06
 -757.592549 -1.641912e+06
 -757.731251 -1.769736e+06
 -757.869954 -1.906952e+06
 -758.008656 -2.052464e+06
 -758.147359 -2.205232e+06
 -758.286061 -2.364232e+06
 -758.424763 -2.528480e+06
 -758.563466 -2.697040e+06
 -758.702168 -2.869008e+06
 -758.840871 -3.043536e+06
 -758.979573 -3.219824e+06
 -759.118276 -3.397112e+06
 -759.256978 -3.574704e+06
 -759.395680 -3.751896e+06
 -759.534383 -3.928096e+06
 -759.673085 -4.102688e+06
 -759.811788 -4.275136e+06
 -759.950490 -4.444904e+06
 -760.089192 -4.611528e+06
 -760.227895 -4.774592e+06
 -760.366597 -4.933680e+06
 -760.505300 -5.088488e+06
 -760.644002 -5.238728e+06
 -760.782704 -5.384184e+06
 -760.921407 -5.524712e+06
 -761.060109 -5.660232e+06
 -761.198812 -5.790736e+06
 -761.337514 -5.916272e+06
 -761.476216 -6.036960e+06
 -761.614919 -6.152976e+06
 -761.753621 -6.264560e+06
 -761.892324 -6.371968e+06
 -762.031026 -6.475512e+06
 -762.169728 -6.575472e+06
 -762.308431 -6.672168e+06
 -762.447133 -6.765872e+06
 -762.585836 -6.856816e+06
 -762.724538 -6.945208e+06
 -762.863241 -7.031128e+06
 -763.001943 -7.114600e+06
 -763.140645 -7.195576e+06
 -763.279348 -7.273856e+06
 -763.418050 -7.349144e+06
 -763.556753 -7.421024e+06
 -763.695455 -7.488992e+06
 -763.834157 -7.552392e+06
 -763.972860 -7.610472e+06
 -764.111562 -7.662440e+06
 -764.250265 -7.707360e+06
 -764.388967 -7.744256e+06
 -764.527669 -7.772120e+06
 -764.666372 -7.789904e+06
 -764.805074 -7.796536e+06
 -764.943777 -7.790968e+06
 -765.082479 -7.772184e+06
 -765.221181 -7.739208e+06
 -765.359884 -7.691136e+06
 -765.498586 -7.627128e+06
 -765.637289 -7.546464e+06
 -765.775991 -7.448520e+06
 -765.914693 -7.332800e+06
 -766.053396 -7.198936e+06
 -766.192098 -7.046680e+06
 -766.330801 -6.875984e+06
 -766.469503 -6.686912e+06
 -766.608206 -6.479656e+06
 -766.746908 -6.254600e+06
 -766.885610 -6.012224e+06
 -767.024313 -5.753152e+06
 -767.163015 -5.478168e+06
 -767.301718 -5.188088e+06
 -767.440420 -4.883880e+06
 -767.579122 -4.566504e+06
 -767.717825 -4.237064e+06
 -767.856527 -3.896616e+06
 -767.995230 -3.546232e+06
 -768.133932 -3.186968e+06
 -768.272634 -2.819872e+06
 -768.411337 -2.445888e+06
 -768.550039 -2.065928e+06
 -768.688742 -1.680800e+06
 -768.827444 -1.291240e+06
 -768.966146 -8.978640e+05
 -769.104849 -5.012480e+05
 -769.243551 -1.018480e+05
 -769.382254 2.999520e+05
 -769.520956 7.038320e+05
 -769.659658 1.109512e+06
 -769.798361 1.516744e+06
 -769.937063 1.925328e+06
 -770.075766 2.335024e+06
 -770.214468 2.745640e+06
 -770.353171 3.156912e+06
 -770.491873 3.568560e+06
 -770.630575 3.980328e+06
 -770.769278 4.391848e+06
 -770.907980 4.802752e+06
 -771.046683 5.212656e+06
 -771.185385 5.621128e+06
 -771.324087 6.027720e+06
 -771.462790 6.431976e+06
 -771.601492 6.833464e+06
 -771.740195 7.231728e+06
 -771.878897 7.626344e+06
 -772.017599 8.016912e+06
 -772.156302 8.403056e+06
 -772.295004 8.784400e+06
 -772.433707 9.160632e+06
 -772.572409 9.531424e+06
 -772.711111 9.896504e+06
 -772.849814 1.025557e+07
 -772.988516 1.060834e+07
 -773.127219 1.095448e+07
 -773.265921 1.129370e+07
 -773.404623 1.162561e+07
 -773.543326 1.194982e+07
 -773.682028 1.226585e+07
 -773.820731 1.257321e+07
 -773.959433 1.287130e+07
 -774.098136 1.315950e+07
 -774.236838 1.343711e+07
 -774.375540 1.370334e+07
 -774.514243 1.395739e+07
 -774.652945 1.419838e+07
 -774.791648 1.442541e+07
 -774.930350 1.463753e+07
 -775.069052 1.483379e+07
 -775.207755 1.501325e+07
 -775.346457 1.517494e+07
 -775.485160 1.531793e+07
 -775.623862 1.544133e+07
 -775.762564 1.554432e+07
 -775.901267 1.562610e+07
 -776.039969 1.568599e+07
 -776.178672 1.572335e+07
 -776.317374 1.573770e+07
 -776.456076 1.572861e+07
 -776.594779 1.569581e+07
 -776.733481 1.563915e+07
 -776.872184 1.555859e+07
 -777.010886 1.545426e+07
 -777.149588 1.532640e+07
 -777.288291 1.517541e+07
 -777.426993 1.500182e+07
 -777.565696 1.480629e+07
 -777.704398 1.458962e+07
 -777.843101 1.435272e+07
 -777.981803 1.409659e+07
 -778.120505 1.382234e+07
 -778.259208 1.353114e+07
 -778.397910 1.322418e+07
 -778.536613 1.290274e+07
 -778.675315 1.256806e+07
 -778.814017 1.222134e+07
 -778.952720 1.186379e+07
 -779.091422 1.149652e+07
 -779.230125 1.112054e+07
 -779.368827 1.073682e+07
 -779.507529 1.034614e+07
 -779.646232 9.949176e+06
 -779.784934 9.546496e+06
 -779.923637 9.138488e+06
 -780.062339 8.725456e+06
 -780.201041 8.307512e+06
 -780.339744 7.884720e+06
 -780.478446 7.456976e+06
 -780.617149 7.024104e+06
 -780.755851 6.585888e+06
 -780.894553 6.141984e+06
 -781.033256 5.692056e+06
 -781.171958 5.235736e+06
 -781.310661 4.772648e+06
 -781.449363 4.302432e+06
 -781.588066 3.824728e+06
 -781.726768 3.339256e+06
 -781.865470 2.845736e+06
 -782.004173 2.343976e+06
 -782.142875 1.833816e+06
 -782.281578 1.315184e+06
 -782.420280 7.880480e+05
 -782.558982 2.524800e+05
 -782.697685 -2.914320e+05
 -782.836387 -8.435040e+05
 -782.975090 -1.403504e+06
 -783.113792 -1.971120e+06
 -783.252494 -2.546032e+06
 -783.391197 -3.127824e+06
 -783.529899 -3.716048e+06
 -783.668602 -4.310208e+06
 -783.807304 -4.909752e+06
 -783.946006 -5.514120e+06
 -784.084709 -6.122648e+06
 -784.223411 -6.734688e+06
 -784.362114 -7.349520e+06
 -784.500816 -7.966384e+06
 -784.639518 -8.584480e+06
 -784.778221 -9.202992e+06
 -784.916923 -9.821024e+06
 -785.055626 -1.043770e+07
 -785.194328 -1.105206e+07
 -785.333031 -1.166315e+07
 -785.471733 -1.227002e+07
 -785.610435 -1.287166e+07
 -785.749138 -1.346708e+07
 -785.887840 -1.405530e+07
 -786.026543 -1.463534e+07
 -786.165245 -1.520624e+07
 -786.303947 -1.576708e+07
 -786.442650 -1.631694e+07
 -786.581352 -1.685500e+07
 -786.720055 -1.738046e+07
 -786.858757 -1.789255e+07
 -786.997459 -1.839065e+07
 -787.136162 -1.887409e+07
 -787.274864 -1.934238e+07
 -787.413567 -1.979506e+07
 -787.552269 -2.023176e+07
 -787.690971 -2.065222e+07
 -787.829674 -2.105624e+07
 -787.968376 -2.144374e+07
 -788.107079 -2.181472e+07
 -788.245781 -2.216930e+07
 -788.384483 -2.250766e+07
 -788.523186 -2.283011e+07
 -788.661888 -2.313702e+07
 -788.800591 -2.342883e+07
 -788.939293 -2.370610e+07
 -789.077996 -2.396939e+07
 -789.216698 -2.421937e+07
 -789.355400 -2.445669e+07
 -789.494103 -2.468206e+07
 -789.632805 -2.489620e+07
 -789.771508 -2.509979e+07
 -789.910210 -2.529354e+07
 -790.048912 -2.547809e+07
 -790.187615 -2.565403e+07
 -790.326317 -2.582193e+07
 -790.465020 -2.598229e+07
 -790.603722 -2.613553e+07
 -790.742424 -2.628204e+07
 -790.881127 -2.642212e+07
 -791.019829 -2.655605e+07
 -791.158532 -2.668402e+07
 -791.297234 -2.680622e+07
 -791.435936 -2.692278e+07
 -791.574639 -2.703386e+07
 -791.713341 -2.713958e+07
 -791.852044 -2.724007e+07
 -791.990746 -2.733548e+07
 -792.129448 -2.742601e+07
 -792.268151 -2.751184e+07
 -792.406853 -2.759323e+07
 -792.545556 -2.767045e+07
 -792.684258 -2.774380e+07
 -792.822961 -2.781362e+07
 -792.961663 -2.788023e+07
 -793.100365 -2.794399e+07
 -793.239068 -2.800523e+07
 -793.377770 -2.806428e+07
 -793.516473 -2.812139e+07
 -793.655175 -2.817680e+07
 -793.793877 -2.823066e+07
 -793.932580 -2.828306e+07
 -794.071282 -2.833396e+07
 -794.209985 -2.838327e+07
 -794.348687 -2.843078e+07
 -794.487389 -2.847614e+07
 -794.626092 -2.851893e+07
 -794.764794 -2.855859e+07
 -794.903497 -2.859448e+07
 -795.042199 -2.862587e+07
 -795.180901 -2.865194e+07
 -795.319604 -2.867182e+07
 -795.458306 -2.868454e+07
 -795.597009 -2.868915e+07
 -795.735711 -2.868470e+07
 -795.874413 -2.867018e+07
 -796.013116 -2.864469e+07
 -796.151818 -2.860730e+07
 -796.290521 -2.855721e+07
 -796.429223 -2.849365e+07
 -796.567926 -2.841596e+07
 -796.706628 -2.832362e+07
 -796.845330 -2.821614e+07
 -796.984033 -2.809326e+07
 -797.122735 -2.795474e+07
 -797.261438 -2.780054e+07
 -797.400140 -2.763069e+07
 -797.538842 -2.744534e+07
 -797.677545 -2.724478e+07
 -797.816247 -2.702937e+07
 -797.954950 -2.679957e+07
 -798.093652 -2.655594e+07
 -798.232354 -2.629906e+07
 -798.371057 -2.602965e+07
 -798.509759 -2.574842e+07
 -798.648462 -2.545618e+07
 -798.787164 -2.515370e+07
 -798.925866 -2.484186e+07
 -799.064569 -2.452154e+07
 -799.203271 -2.419363e+07
 -799.341974 -2.385902e+07
 -799.480676 -2.351859e+07
 -799.619378 -2.317328e+07
 -799.758081 -2.282394e+07
 -799.896783 -2.247147e+07
 -800.035486 -2.211668e+07
 -800.174188 -2.176040e+07
 -800.312891 -2.140338e+07
 -800.451593 -2.104634e+07
 -800.590295 -2.068992e+07
 -800.728998 -2.033474e+07
 -800.867700 -1.998130e+07
 -801.006403 -1.963007e+07
 -801.145105 -1.928145e+07
 -801.283807 -1.893574e+07
 -801.422510 -1.859319e+07
 -801.561212 -1.825402e+07
 -801.699915 -1.791836e+07
 -801.838617 -1.758630e+07
 -801.977319 -1.725790e+07
 -802.116022 -1.693325e+07
 -802.254724 -1.661234e+07
 -802.393427 -1.629525e+07
 -802.532129 -1.598204e+07
 -802.670831 -1.567284e+07
 -802.809534 -1.536780e+07
 -802.948236 -1.506714e+07
 -803.086939 -1.477117e+07
 -803.225641 -1.448027e+07
 -803.364343 -1.419493e+07
 -803.503046 -1.391574e+07
 -803.641748 -1.364337e+07
 -803.780451 -1.337862e+07
 -803.919153 -1.312237e+07
 -804.057856 -1.287561e+07
 -804.196558 -1.263939e+07
 -804.335260 -1.241486e+07
 -804.473963 -1.220318e+07
 -804.612665 -1.200561e+07
 -804.751368 -1.182332e+07
 -804.890070 -1.165756e+07
 -805.028772 -1.150947e+07
 -805.167475 -1.138014e+07
 -805.306177 -1.127058e+07
 -805.444880 -1.118162e+07
 -805.583582 -1.111397e+07
 -805.722284 -1.106813e+07
 -805.860987 -1.104442e+07
 -805.999689 -1.104291e+07
 -806.138392 -1.106346e+07
 -806.277094 -1.110566e+07
 -806.415796 -1.116880e+07
 -806.554499 -1.125201e+07
 -806.693201 -1.135410e+07
 -806.831904 -1.147365e+07
 -806.970606 -1.160902e+07
 -807.109308 -1.175838e+07
 -807.248011 -1.191966e+07
 -807.386713 -1.209071e+07
 -807.525416 -1.226918e+07
 -807.664118 -1.245266e+07
 -807.802821 -1.263865e+07
 -807.941523 -1.282465e+07
 -808.080225 -1.300812e+07
 -808.218928 -1.318657e+07
 -808.357630 -1.335757e+07
 -808.496333 -1.351878e+07
 -808.635035 -1.366797e+07
 -808.773737 -1.380306e+07
 -808.912440 -1.392214e+07
 -809.051142 -1.402346e+07
 -809.189845 -1.410546e+07
 -809.328547 -1.416682e+07
 -809.467249 -1.420638e+07
 -809.605952 -1.422324e+07
 -809.744654 -1.421670e+07
 -809.883357 -1.418626e+07
 -810.022059 -1.413168e+07
 -810.160761 -1.405284e+07
 -810.299464 -1.394989e+07
 -810.438166 -1.382308e+07
 -810.576869 -1.367290e+07
 -810.715571 -1.349993e+07
 -810.854273 -1.330490e+07
 -810.992976 -1.308866e+07
 -811.131678 -1.285214e+07
 -811.270381 -1.259632e+07
 -811.409083 -1.232227e+07
 -811.547786 -1.203110e+07
 -811.686488 -1.172394e+07
 -811.825190 -1.140193e+07
 -811.963893 -1.106618e+07
 -812.102595 -1.071784e+07
 -812.241298 -1.035798e+07
 -812.380000 -9.987680e+06
 -812.518702 -9.607984e+06
 -812.657405 -9.219856e+06
 -812.796107 -8.824264e+06
 -812.934810 -8.422096e+06
 -813.073512 -8.014176e+06
 -813.212214 -7.601296e+06
 -813.350917 -7.184136e+06
 -813.489619 -6.763360e+06
 -813.628322 -6.339512e+06
 -813.767024 -5.913048e+06
 -813.905726 -5.484384e+06
 -814.044429 -5.053784e+06
 -814.183131 -4.621432e+06
 -814.321834 -4.187376e+06
 -814.460536 -3.751616e+06
 -814.599238 -3.313968e+06
 -814.737941 -2.874192e+06
 -814.876643 -2.431912e+06
 -815.015346 -1.986672e+06
 -815.154048 -1.537904e+06
 -815.292751 -1.085000e+06
 -815.431453 -6.272720e+05
 -815.570155 -1.639840e+05
 -815.708858 3.055920e+05
 -815.847560 7.822160e+05
 -815.986263 1.266616e+06
 -816.124965 1.759464e+06
 -816.263667 2.261392e+06
 -816.402370 2.772904e+06
 -816.541072 3.294480e+06
 -816.679775 3.826424e+06
 -816.818477 4.368944e+06
 -816.957179 4.922104e+06
 -817.095882 5.485880e+06
 -817.234584 6.060048e+06
 -817.373287 6.644304e+06
 -817.511989 7.238184e+06
 -817.650691 7.841120e+06
 -817.789394 8.452432e+06
 -817.928096 9.071328e+06
 -818.066799 9.696928e+06
 -818.205501 1.032827e+07
 -818.344203 1.096433e+07
 -818.482906 1.160398e+07
 -818.621608 1.224610e+07
 -818.760311 1.288947e+07
 -818.899013 1.353286e+07
 -819.037716 1.417502e+07
 -819.176418 1.481464e+07
 -819.315120 1.545042e+07
 -819.453823 1.608102e+07
 -819.592525 1.670514e+07
 -819.731228 1.732142e+07
 -819.869930 1.792851e+07
 -820.008632 1.852510e+07
 -820.147335 1.910985e+07
 -820.286037 1.968145e+07
 -820.424740 2.023860e+07
 -820.563442 2.078006e+07
 -820.702144 2.130459e+07
 -820.840847 2.181101e+07
 -820.979549 2.229818e+07
 -821.118252 2.276503e+07
 -821.256954 2.321055e+07
 -821.395656 2.363382e+07
 -821.534359 2.403396e+07
 -821.673061 2.441022e+07
 -821.811764 2.476192e+07
 -821.950466 2.508848e+07
 -822.089168 2.538939e+07
 -822.227871 2.566429e+07
 -822.366573 2.591284e+07
 -822.505276 2.613484e+07
 -822.643978 2.633015e+07
 -822.782681 2.649874e+07
 -822.921383 2.664059e+07
 -823.060085 2.675582e+07
 -823.198788 2.684456e+07
 -823.337490 2.690704e+07
 -823.476193 2.694352e+07
 -823.614895 2.695432e+07
 -823.753597 2.693984e+07
 -823.892300 2.690052e+07
 -824.031002 2.683686e+07
 -824.169705 2.674945e+07
 -824.308407 2.663892e+07
 -824.447109 2.650599e+07
 -824.585812 2.635145e+07
 -824.724514 2.617617e+07
 -824.863217 2.598110e+07
 -825.001919 2.576726e+07
 -825.140621 2.553578e+07
 -825.279324 2.528780e+07
 -825.418026 2.502462e+07
 -825.556729 2.474753e+07
 -825.695431 2.445789e+07
 -825.834133 2.415716e+07
 -825.972836 2.384680e+07
 -826.111538 2.352831e+07
 -826.250241 2.320322e+07
 -826.388943 2.287310e+07
 -826.527646 2.253951e+07
 -826.666348 2.220403e+07
 -826.805050 2.186822e+07
 -826.943753 2.153361e+07
 -827.082455 2.120175e+07
 -827.221158 2.087412e+07
 -827.359860 2.055218e+07
 -827.498562 2.023732e+07
 -827.637265 1.993084e+07
 -827.775967 1.963399e+07
 -827.914670 1.934792e+07
 -828.053372 1.907366e+07
 -828.192074 1.881213e+07
 -828.330777 1.856412e+07
 -828.469479 1.833030e+07
 -828.608182 1.811117e+07
 -828.746884 1.790708e+07
 -828.885586 1.771826e+07
 -829.024289 1.754476e+07
 -829.162991 1.738650e+07
 -829.301694 1.724322e+07
 -829.440396 1.711458e+07
 -829.579098 1.700006e+07
 -829.717801 1.689904e+07
 -829.856503 1.681078e+07
 -829.995206 1.673447e+07
 -830.133908 1.666917e+07
 -830.272611 1.661391e+07
 -830.411313 1.656762e+07
 -830.550015 1.652921e+07
 -830.688718 1.649750e+07
 -830.827420 1.647132e+07
 -830.966123 1.644944e+07
 -831.104825 1.643063e+07
 -831.243527 1.641366e+07
 -831.382230 1.639725e+07
 -831.520932 1.638015e+07
 -831.659635 1.636114e+07
 -831.798337 1.633894e+07
 -831.937039 1.631234e+07
 -832.075742 1.628011e+07
 -832.214444 1.624107e+07
 -832.353147 1.619404e+07
 -832.491849 1.613786e+07
 -832.630551 1.607142e+07
 -832.769254 1.599362e+07
 -832.907956 1.590342e+07
 -833.046659 1.579982e+07
 -833.185361 1.568183e+07
 -833.324063 1.554858e+07
 -833.462766 1.539919e+07
 -833.601468 1.523292e+07
 -833.740171 1.504904e+07
 -833.878873 1.484694e+07
 -834.017576 1.462610e+07
 -834.156278 1.438613e+07
 -834.294980 1.412666e+07
 -834.433683 1.384754e+07
 -834.572385 1.354868e+07
 -834.711088 1.323014e+07
 -834.849790 1.289207e+07
 -834.988492 1.253482e+07
 -835.127195 1.215882e+07
 -835.265897 1.176466e+07
 -835.404600 1.135303e+07
 -835.543302 1.092478e+07
 -835.682004 1.048089e+07
 -835.820707 1.002240e+07
 -835.959409 9.550512e+06
 -836.098112 9.066496e+06
 -836.236814 8.571736e+06
 -836.375516 8.067640e+06
 -836.514219 7.555744e+06
 -836.652921 7.037576e+06
 -836.791624 6.514728e+06
 -836.930326 5.988816e+06
 -837.069028 5.461456e+06
 -837.207731 4.934248e+06
 -837.346433 4.408792e+06
 -837.485136 3.886648e+06
 -837.623838 3.369336e+06
 -837.762541 2.858328e+06
 -837.901243 2.355032e+06
 -838.039945 1.860784e+06
 -838.178648 1.376848e+06
 -838.317350 9.044320e+05
 -838.456053 4.445920e+05
 -838.594755 -1.600000e+03
 -838.733457 -4.332480e+05
 -838.872160 -8.495040e+05
 -839.010862 -1.249624e+06
 -839.149565 -1.632952e+06
 -839.288267 -1.998920e+06
 -839.426969 -2.347080e+06
 -839.565672 -2.677064e+06
 -839.704374 -2.988624e+06
 -839.843077 -3.281624e+06
 -839.981779 -3.556048e+06
 -840.120481 -3.811960e+06
 -840.259184 -4.049624e+06
 -840.397886 -4.269376e+06
 -840.536589 -4.471728e+06
 -840.675291 -4.657312e+06
 -840.813993 -4.826912e+06
 -840.952696 -4.981432e+06
 -841.091398 -5.121976e+06
 -841.230101 -5.249728e+06
 -841.368803 -5.366064e+06
 -841.507506 -5.472448e+06
 -841.646208 -5.570504e+06
 -841.784910 -5.661920e+06
 -841.923613 -5.748536e+06
 -842.062315 -5.832256e+06
 -842.201018 -5.915048e+06
 -842.339720 -5.998904e+06
 -842.478422 -6.085912e+06
 -842.617125 -6.178088e+06
 -842.755827 -6.277456e+06
 -842.894530 -6.386032e+06
 -843.033232 -6.505680e+06
 -843.171934 -6.638216e+06
 -843.310637 -6.785312e+06
 -843.449339 -6.948464e+06
 -843.588042 -7.129016e+06
 -843.726744 -7.328032e+06
 -843.865446 -7.546392e+06
 -844.004149 -7.784688e+06
 -844.142851 -8.043232e+06
 -844.281554 -8.322024e+06
 -844.420256 -8.620792e+06
 -844.558958 -8.938896e+06
 -844.697661 -9.275424e+06
 -844.836363 -9.629152e+06
 -844.975066 -9.998568e+06
 -845.113768 -1.038186e+07
 -845.252471 -1.077700e+07
 -845.391173 -1.118174e+07
 -845.529875 -1.159367e+07
 -845.668578 -1.201019e+07
 -845.807280 -1.242866e+07
 -845.945983 -1.284638e+07
 -846.084685 -1.326063e+07
 -846.223387 -1.366875e+07
 -846.362090 -1.406818e+07
 -846.500792 -1.445648e+07
 -846.639495 -1.483141e+07
 -846.778197 -1.519091e+07
 -846.916899 -1.553321e+07
 -847.055602 -1.585676e+07
 -847.194304 -1.616033e+07
 -847.333007 -1.644302e+07
 -847.471709 -1.670418e+07
 -847.610411 -1.694354e+07
 -847.749114 -1.716109e+07
 -847.887816 -1.735714e+07
 -848.026519 -1.753227e+07
 -848.165221 -1.768733e+07
 -848.303923 -1.782338e+07
 -848.442626 -1.794171e+07
 -848.581328 -1.804378e+07
 -848.720031 -1.813118e+07
 -848.858733 -1.820558e+07
 -848.997436 -1.826877e+07
 -849.136138 -1.832253e+07
 -849.274840 -1.836869e+07
 -849.413543 -1.840898e+07
 -849.552245 -1.844511e+07
 -849.690948 -1.847867e+07
 -849.829650 -1.851114e+07
 -849.968352 -1.854382e+07
 -850.107055 -1.857782e+07
 -850.245757 -1.861409e+07
 -850.384460 -1.865333e+07
 -850.523162 -1.869599e+07
 -850.661864 -1.874229e+07
 -850.800567 -1.879218e+07
 -850.939269 -1.884534e+07
 -851.077972 -1.890119e+07
 -851.216674 -1.895892e+07
 -851.355376 -1.901742e+07
 -851.494079 -1.907539e+07
 -851.632781 -1.913128e+07
 -851.771484 -1.918338e+07
 -851.910186 -1.922981e+07
 -852.048888 -1.926855e+07
 -852.187591 -1.929752e+07
 -852.326293 -1.931454e+07
 -852.464996 -1.931744e+07
 -852.603698 -1.930411e+07
 -852.742401 -1.927250e+07
 -852.881103 -1.922064e+07
 -853.019805 -1.914676e+07
 -853.158508 -1.904929e+07
 -853.297210 -1.892683e+07
 -853.435913 -1.877834e+07
 -853.574615 -1.860297e+07
 -853.713317 -1.840023e+07
 -853.852020 -1.816994e+07
 -853.990722 -1.791225e+07
 -854.129425 -1.762763e+07
 -854.268127 -1.731690e+07
 -854.406829 -1.698117e+07
 -854.545532 -1.662190e+07
 -854.684234 -1.624079e+07
 -854.822937 -1.583984e+07
 -854.961639 -1.542128e+07
 -855.100341 -1.498754e+07
 -855.239044 -1.454123e+07
 -855.377746 -1.408514e+07
 -855.516449 -1.362211e+07
 -855.655151 -1.315509e+07
 -855.793853 -1.268706e+07
 -855.932556 -1.222102e+07
 -856.071258 -1.175992e+07
 -856.209961 -1.130665e+07
 -856.348663 -1.086400e+07
 -856.487366 -1.043468e+07
 -856.626068 -1.002123e+07
 -856.764770 -9.626040e+06
 -856.903473 -9.251352e+06
 -857.042175 -8.899184e+06
 -857.180878 -8.571424e+06
 -857.319580 -8.269760e+06
 -857.458282 -7.995672e+06
 -857.596985 -7.750520e+06
 -857.735687 -7.535440e+06
 -857.874390 -7.351464e+06
 -858.013092 -7.199472e+06
 -858.151794 -7.080192e+06
 -858.290497 -6.994264e+06
 -858.429199 -6.942200e+06
 -858.567902 -6.924408e+06
 -858.706604 -6.941208e+06
 -858.845306 -6.992816e+06
 -858.984009 -7.079336e+06
 -859.122711 -7.200776e+06
 -859.261414 -7.357016e+06
 -859.400116 -7.547832e+06
 -859.538818 -7.772848e+06
 -859.677521 -8.031520e+06
 -859.816223 -8.323168e+06
 -859.954926 -8.646944e+06
 -860.093628 -9.001816e+06
 -860.232331 -9.386536e+06
 -860.371033 -9.799728e+06
 -860.509735 -1.023980e+07
 -860.648438 -1.070502e+07
 -860.787140 -1.119345e+07
 -860.925843 -1.170306e+07
 -861.064545 -1.223168e+07
 -861.203247 -1.277705e+07
 -861.341950 -1.333686e+07
 -861.480652 -1.390874e+07
 -861.619355 -1.449033e+07
 -861.758057 -1.507930e+07
 -861.896759 -1.567337e+07
 -862.035462 -1.627037e+07
 -862.174164 -1.686821e+07
 -862.312867 -1.746494e+07
 -862.451569 -1.805878e+07
 -862.590271 -1.864813e+07
 -862.728974 -1.923153e+07
 -862.867676 -1.980770e+07
 -863.006379 -2.037559e+07
 -863.145081 -2.093429e+07
 -863.283783 -2.148304e+07
 -863.422486 -2.202128e+07
 -863.561188 -2.254855e+07
 -863.699891 -2.306451e+07
 -863.838593 -2.356894e+07
 -863.977296 -2.406165e+07
 -864.115998 -2.454254e+07
 -864.254700 -2.501150e+07
 -864.393403 -2.546843e+07
 -864.532105 -2.591319e+07
 -864.670808 -2.634560e+07
 -864.809510 -2.676542e+07
 -864.948212 -2.717230e+07
 -865.086915 -2.756580e+07
 -865.225617 -2.794540e+07
 -865.364320 -2.831042e+07
 -865.503022 -2.866008e+07
 -865.641724 -2.899349e+07
 -865.780427 -2.930966e+07
 -865.919129 -2.960748e+07
 -866.057832 -2.988578e+07
 -866.196534 -3.014329e+07
 -866.335236 -3.037874e+07
 -866.473939 -3.059082e+07
 -866.612641 -3.077820e+07
 -866.751344 -3.093962e+07
 -866.890046 -3.107383e+07
 -867.028748 -3.117968e+07
 -867.167451 -3.125614e+07
 -867.306153 -3.130229e+07
 -867.444856 -3.131734e+07
 -867.583558 -3.130070e+07
 -867.722261 -3.125196e+07
 -867.860963 -3.117091e+07
 -867.999665 -3.105753e+07
 -868.138368 -3.091205e+07
 -868.277070 -3.073489e+07
 -868.415773 -3.052672e+07
 -868.554475 -3.028842e+07
 -868.693177 -3.002110e+07
 -868.831880 -2.972604e+07
 -868.970582 -2.940474e+07
 -869.109285 -2.905886e+07
 -869.247987 -2.869023e+07
 -869.386689 -2.830082e+07
 -869.525392 -2.789270e+07
 -869.664094 -2.746806e+07
 -869.802797 -2.702915e+07
 -869.941499 -2.657828e+07
 -870.080201 -2.611778e+07
 -870.218904 -2.564997e+07
 -870.357606 -2.517719e+07
 -870.496309 -2.470174e+07
 -870.635011 -2.422586e+07
 -870.773713 -2.375169e+07
 -870.912416 -2.328135e+07
 -871.051118 -2.281681e+07
 -871.189821 -2.235995e+07
 -871.328523 -2.191252e+07
 -871.467226 -2.147614e+07
 -871.605928 -2.105226e+07
 -871.744630 -2.064224e+07
 -871.883333 -2.024722e+07
 -872.022035 -1.986822e+07
 -872.160738 -1.950606e+07
 -872.299440 -1.916138e+07
 -872.438142 -1.883474e+07
 -872.576845 -1.852641e+07
 -872.715547 -1.823655e+07
 -872.854250 -1.796516e+07
 -872.992952 -1.771205e+07
 -873.131654 -1.747686e+07
 -873.270357 -1.725914e+07
 -873.409059 -1.705822e+07
 -873.547762 -1.687337e+07
 -873.686464 -1.670366e+07
 -873.825166 -1.654812e+07
 -873.963869 -1.640566e+07
 -874.102571 -1.627511e+07
 -874.241274 -1.615526e+07
 -874.379976 -1.604486e+07
 -874.518678 -1.594258e+07
 -874.657381 -1.584721e+07
 -874.796083 -1.575746e+07
 -874.934786 -1.567213e+07
 -875.073488 -1.559009e+07
 -875.212191 -1.551027e+07
 -875.350893 -1.543175e+07
 -875.489595 -1.535369e+07
 -875.628298 -1.527539e+07
 -875.767000 -1.519634e+07
 -875.905703 -1.511612e+07
 -876.044405 -1.503451e+07
 -876.183107 -1.495148e+07
 -876.321810 -1.486710e+07
 -876.460512 -1.478165e+07
 -876.599215 -1.469556e+07
 -876.737917 -1.460938e+07
 -876.876619 -1.452382e+07
 -877.015322 -1.443970e+07
 -877.154024 -1.435793e+07
 -877.292727 -1.427952e+07
 -877.431429 -1.420558e+07
 -877.570131 -1.413717e+07
 -877.708834 -1.407546e+07
 -877.847536 -1.402162e+07
 -877.986239 -1.397678e+07
 -878.124941 -1.394206e+07
 -878.263643 -1.391850e+07
 -878.402346 -1.390710e+07
 -878.541048 -1.390880e+07
 -878.679751 -1.392439e+07
 -878.818453 -1.395462e+07
 -878.957156 -1.400008e+07
 -879.095858 -1.406126e+07
 -879.234560 -1.413851e+07
 -879.373263 -1.423205e+07
 -879.511965 -1.434195e+07
 -879.650668 -1.446815e+07
 -879.789370 -1.461041e+07
 -879.928072 -1.476837e+07
 -880.066775 -1.494148e+07
 -880.205477 -1.512907e+07
 -880.344180 -1.533029e+07
 -880.482882 -1.554414e+07
 -880.621584 -1.576948e+07
 -880.760287 -1.600500e+07
 -880.898989 -1.624930e+07
 -881.037692 -1.650082e+07
 -881.176394 -1.675792e+07
 -881.315096 -1.701882e+07
 -881.453799 -1.728170e+07
 -881.592501 -1.754466e+07
 -881.731204 -1.780578e+07
 -881.869906 -1.806314e+07
 -882.008608 -1.831477e+07
 -882.147311 -1.855878e+07
 -882.286013 -1.879331e+07
 -882.424716 -1.901660e+07
 -882.563418 -1.922698e+07
 -882.702121 -1.942285e+07
 -882.840823 -1.960280e+07
 -882.979525 -1.976557e+07
 -883.118228 -1.991002e+07
 -883.256930 -2.003523e+07
 -883.395633 -2.014043e+07
 -883.534335 -2.022506e+07
 -883.673037 -2.028874e+07
 -883.811740 -2.033128e+07
 -883.950442 -2.035267e+07
 -884.089145 -2.035313e+07
 -884.227847 -2.033300e+07
 -884.366549 -2.029279e+07
 -884.505252 -2.023322e+07
 -884.643954 -2.015509e+07
 -884.782657 -2.005937e+07
 -884.921359 -1.994707e+07
 -885.060061 -1.981937e+07
 -885.198764 -1.967746e+07
 -885.337466 -1.952259e+07
 -885.476169 -1.935604e+07
 -885.614871 -1.917910e+07
 -885.753573 -1.899305e+07
 -885.892276 -1.879911e+07
 -886.030978 -1.859853e+07
 -886.169681 -1.839243e+07
 -886.308383 -1.818191e+07
 -886.447086 -1.796798e+07
 -886.585788 -1.775161e+07
 -886.724490 -1.753364e+07
 -886.863193 -1.731490e+07
 -887.001895 -1.709610e+07
 -887.140598 -1.687793e+07
 -887.279300 -1.666101e+07
 -887.418002 -1.644590e+07
 -887.556705 -1.623313e+07
 -887.695407 -1.602323e+07
 -887.834110 -1.581669e+07
 -887.972812 -1.561399e+07
 -888.111514 -1.541564e+07
 -888.250217 -1.522212e+07
 -888.388919 -1.503398e+07
 -888.527622 -1.485175e+07
 -888.666324 -1.467602e+07
 -888.805026 -1.450738e+07
 -888.943729 -1.434650e+07
 -889.082431 -1.419405e+07
 -889.221134 -1.405074e+07
 -889.359836 -1.391730e+07
 -889.498538 -1.379453e+07
 -889.637241 -1.368319e+07
 -889.775943 -1.358408e+07
 -889.914646 -1.349800e+07
 -890.053348 -1.342574e+07
 -890.192051 -1.336806e+07
 -890.330753 -1.332572e+07
 -890.469455 -1.329940e+07
 -890.608158 -1.328978e+07
 -890.746860 -1.329744e+07
 -890.885563 -1.332290e+07
 -891.024265 -1.336663e+07
 -891.162967 -1.342895e+07
 -891.301670 -1.351016e+07
 -891.440372 -1.361040e+07
 -891.579075 -1.372972e+07
 -891.717777 -1.386803e+07
 -891.856479 -1.402517e+07
 -891.995182 -1.420078e+07
 -892.133884 -1.439441e+07
 -892.272587 -1.460545e+07
 -892.411289 -1.483317e+07
 -892.549991 -1.507666e+07
 -892.688694 -1.533488e+07
 -892.827396 -1.560663e+07
 -892.966099 -1.589054e+07
 -893.104801 -1.618515e+07
 -893.243503 -1.648878e+07
 -893.382206 -1.679964e+07
 -893.520908 -1.711581e+07
 -893.659611 -1.743522e+07
 -893.798313 -1.775570e+07
 -893.937016 -1.807497e+07
 -894.075718 -1.839069e+07
 -894.214420 -1.870041e+07
 -894.353123 -1.900169e+07
 -894.491825 -1.929203e+07
 -894.630528 -1.956898e+07
 -894.769230 -1.983010e+07
 -894.907932 -2.007301e+07
 -895.046635 -2.029546e+07
 -895.185337 -2.049530e+07
 -895.324040 -2.067053e+07
 -895.462742 -2.081932e+07
 -895.601444 -2.094006e+07
 -895.740147 -2.103134e+07
 -895.878849 -2.109198e+07
 -896.017552 -2.112103e+07
 -896.156254 -2.111782e+07
 -896.294956 -2.108190e+07
 -896.433659 -2.101311e+07
 -896.572361 -2.091153e+07
 -896.711064 -2.077746e+07
 -896.849766 -2.061143e+07
 -896.988468 -2.041427e+07
 -897.127171 -2.018694e+07
 -897.265873 -1.993064e+07
 -897.404576 -1.964674e+07
 -897.543278 -1.933682e+07
 -897.681980 -1.900252e+07
 -897.820683 -1.864570e+07
 -897.959385 -1.826831e+07
 -898.098088 -1.787242e+07
 -898.236790 -1.746016e+07
 -898.375493 -1.703374e+07
 -898.514195 -1.659542e+07
 -898.652897 -1.614751e+07
 -898.791600 -1.569229e+07
 -898.930302 -1.523206e+07
 -899.069005 -1.476910e+07
 -899.207707 -1.430562e+07
 -899.346409 -1.384377e+07
 -899.485112 -1.338559e+07
 -899.623814 -1.293306e+07
 -899.762517 -1.248798e+07
 -899.901219 -1.205206e+07
 -900.039921 -1.162681e+07
 -900.178624 -1.121361e+07
 -900.317326 -1.081364e+07
 -900.456029 -1.042798e+07
 -900.594731 -1.005746e+07
 -900.733433 -9.702768e+06
 -900.872136 -9.364440e+06
 -901.010838 -9.042832e+06
 -901.149541 -8.738184e+06
 -901.288243 -8.450576e+06
 -901.426945 -8.179976e+06
 -901.565648 -7.926256e+06
 -901.704350 -7.689168e+06
 -901.843053 -7.468400e+06
 -901.981755 -7.263576e+06
 -902.120458 -7.074256e+06
 -902.259160 -6.899952e+06
 -902.397862 -6.740160e+06
 -902.536565 -6.594336e+06
 -902.675267 -6.461928e+06
 -902.813970 -6.342368e+06
 -902.952672 -6.235088e+06
 -903.091374 -6.139488e+06
 -903.230077 -6.055024e+06
 -903.368779 -5.981088e+06
 -903.507482 -5.917112e+06
 -903.646184 -5.862504e+06
 -903.784886 -5.816696e+06
 -903.923589 -5.779088e+06
 -904.062291 -5.749128e+06
 -904.200994 -5.726208e+06
 -904.339696 -5.709768e+06
 -904.478398 -5.699248e+06
 -904.617101 -5.694088e+06
 -904.755803 -5.693768e+06
 -904.894506 -5.697792e+06
 -905.033208 -5.705688e+06
 -905.171910 -5.717056e+06
 -905.310613 -5.731536e+06
 -905.449315 -5.748856e+06
 -905.588018 -5.768776e+06
 -905.726720 -5.791200e+06
 -905.865423 -5.816080e+06
 -906.004125 -5.843488e+06
 -906.142827 -5.873568e+06
 -906.281530 -5.906576e+06
 -906.420232 -5.942896e+06
 -906.558935 -5.982944e+06
 -906.697637 -6.027264e+06
 -906.836339 -6.076464e+06
 -906.975042 -6.131176e+06
 -907.113744 -6.192144e+06
 -907.252447 -6.260072e+06
 -907.391149 -6.335720e+06
 -907.529851 -6.419840e+06
 -907.668554 -6.513144e+06
 -907.807256 -6.616312e+06
 -907.945959 -6.729968e+06
 -908.084661 -6.854664e+06
 -908.223363 -6.990864e+06
 -908.362066 -7.138936e+06
 -908.500768 -7.299136e+06
 -908.639471 -7.471616e+06
 -908.778173 -7.656384e+06
 -908.916875 -7.853360e+06
 -909.055578 -8.062280e+06
 -909.194280 -8.282832e+06
 -909.332983 -8.514536e+06
 -909.471685 -8.756808e+06
 -909.610388 -9.008968e+06
 -909.749090 -9.270240e+06
 -909.887792 -9.539752e+06
 -910.026495 -9.816592e+06
 -910.165197 -1.009978e+07
 -910.303900 -1.038829e+07
 -910.442602 -1.068104e+07
 -910.581304 -1.097702e+07
 -910.720007 -1.127511e+07
 -910.858709 -1.157427e+07
 -910.997412 -1.187346e+07
 -911.136114 -1.217166e+07
 -911.274816 -1.246785e+07
 -911.413519 -1.276113e+07
 -911.552221 -1.305055e+07
 -911.690924 -1.333525e+07
 -911.829626 -1.361439e+07
 -911.968328 -1.388718e+07
 -912.107031 -1.415285e+07
 -912.245733 -1.441070e+07
 -912.384436 -1.466006e+07
 -912.523138 -1.490033e+07
 -912.661840 -1.513091e+07
 -912.800543 -1.535132e+07
 -912.939245 -1.556108e+07
 -913.077948 -1.575985e+07
 -913.216650 -1.594730e+07
 -913.355353 -1.612324e+07
 -913.494055 -1.628757e+07
 -913.632757 -1.644022e+07
 -913.771460 -1.658134e+07
 -913.910162 -1.671105e+07
 -914.048865 -1.682966e+07
 -914.187567 -1.693755e+07
 -914.326269 -1.703514e+07
 -914.464972 -1.712297e+07
 -914.603674 -1.720161e+07
 -914.742377 -1.727166e+07
 -914.881079 -1.733374e+07
 -915.019781 -1.738846e+07
 -915.158484 -1.743643e+07
 -915.297186 -1.747818e+07
 -915.435889 -1.751418e+07
 -915.574591 -1.754482e+07
 -915.713293 -1.757040e+07
 -915.851996 -1.759110e+07
 -915.990698 -1.760698e+07
 -916.129401 -1.761800e+07
 -916.268103 -1.762398e+07
 -916.406805 -1.762462e+07
 -916.545508 -1.761953e+07
 -916.684210 -1.760821e+07
 -916.822913 -1.759010e+07
 -916.961615 -1.756456e+07
 -917.100318 -1.753090e+07
 -917.239020 -1.748845e+07
 -917.377722 -1.743652e+07
 -917.516425 -1.737444e+07
 -917.655127 -1.730163e+07
 -917.793830 -1.721754e+07
 -917.932532 -1.712172e+07
 -918.071234 -1.701382e+07
 -918.209937 -1.689360e+07
 -918.348639 -1.676095e+07
 -918.487342 -1.661587e+07
 -918.626044 -1.645847e+07
 -918.764746 -1.628897e+07
 -918.903449 -1.610770e+07
 -919.042151 -1.591507e+07
 -919.180854 -1.571156e+07
 -919.319556 -1.549770e+07
 -919.458258 -1.527409e+07
 -919.596961 -1.504130e+07
 -919.735663 -1.479993e+07
 -919.874366 -1.455057e+07
 -920.013068 -1.429378e+07
 -920.151770 -1.403008e+07
 -920.290473 -1.375994e+07
 -920.429175 -1.348382e+07
 -920.567878 -1.320210e+07
 -920.706580 -1.291514e+07
 -920.845283 -1.262324e+07
 -920.983985 -1.232673e+07
 -921.122687 -1.202588e+07
 -921.261390 -1.172098e+07
 -921.400092 -1.141235e+07
 -921.538795 -1.110033e+07
 -921.677497 -1.078532e+07
 -921.816199 -1.046775e+07
 -921.954902 -1.014816e+07
 -922.093604 -9.827136e+06
 -922.232307 -9.505384e+06
 -922.371009 -9.183656e+06
 -922.509711 -8.862816e+06
 -922.648414 -8.543800e+06
 -922.787116 -8.227584e+06
 -922.925819 -7.915232e+06
 -923.064521 -7.607856e+06
 -923.203223 -7.306528e+06
 -923.341926 -7.012384e+06
 -923.480628 -6.726504e+06
 -923.619331 -6.449928e+06
 -923.758033 -6.183656e+06
 -923.896735 -5.928576e+06
 -924.035438 -5.685496e+06
 -924.174140 -5.455120e+06
 -924.312843 -5.238008e+06
 -924.451545 -5.034592e+06
 -924.590248 -4.845200e+06
 -924.728950 -4.669976e+06
 -924.867652 -4.508976e+06
 -925.006355 -4.362104e+06
 -925.145057 -4.229160e+06
 -925.283760 -4.109816e+06
 -925.422462 -4.003696e+06
 -925.561164 -3.910304e+06
 -925.699867 -3.829096e+06
 -925.838569 -3.759480e+06
 -925.977272 -3.700848e+06
 -926.115974 -3.652536e+06
 -926.254676 -3.613904e+06
 -926.393379 -3.584320e+06
 -926.532081 -3.563168e+06
 -926.670784 -3.549848e+06
 -926.809486 -3.543808e+06
 -926.948188 -3.544560e+06
 -927.086891 -3.551624e+06
 -927.225593 -3.564600e+06
 -927.364296 -3.583152e+06
 -927.502998 -3.606960e+06
 -927.641700 -3.635768e+06
 -927.780403 -3.669384e+06
 -927.919105 -3.707632e+06
 -928.057808 -3.750360e+06
 -928.196510 -3.797448e+06
 -928.335213 -3.848784e+06
 -928.473915 -3.904216e+06
 -928.612617 -3.963608e+06
 -928.751320 -4.026784e+06
 -928.890022 -4.093528e+06
 -929.028725 -4.163576e+06
 -929.167427 -4.236568e+06
 -929.306129 -4.312128e+06
 -929.444832 -4.389784e+06
 -929.583534 -4.469016e+06
 -929.722237 -4.549224e+06
 -929.860939 -4.629784e+06
 -929.999641 -4.709984e+06
 -930.138344 -4.789136e+06
 -930.277046 -4.866512e+06
 -930.415749 -4.941376e+06
 -930.554451 -5.013040e+06
 -930.693153 -5.080872e+06
 -930.831856 -5.144272e+06
 -930.970558 -5.202760e+06
 -931.109261 -5.255928e+06
 -931.247963 -5.303496e+06
 -931.386665 -5.345320e+06
 -931.525368 -5.381384e+06
 -931.664070 -5.411816e+06
 -931.802773 -5.436888e+06
 -931.941475 -5.456992e+06
 -932.080178 -5.472672e+06
 -932.218880 -5.484552e+06
 -932.357582 -5.493376e+06
 -932.496285 -5.499944e+06
 -932.634987 -5.505144e+06
 -932.773690 -5.509856e+06
 -932.912392 -5.514968e+06
 -933.051094 -5.521352e+06
 -933.189797 -5.529840e+06
 -933.328499 -5.541160e+06
 -933.467202 -5.555984e+06
 -933.605904 -5.574840e+06
 -933.744606 -5.598160e+06
 -933.883309 -5.626224e+06
 -934.022011 -5.659168e+06
 -934.160714 -5.696984e+06
 -934.299416 -5.739528e+06
 -934.438118 -5.786512e+06
 -934.576821 -5.837512e+06
 -934.715523 -5.892000e+06
 -934.854226 -5.949336e+06
 -934.992928 -6.008800e+06
 -935.131630 -6.069608e+06
 -935.270333 -6.130960e+06
 -935.409035 -6.191984e+06
 -935.547738 -6.251872e+06
 -935.686440 -6.309800e+06
 -935.825143 -6.365048e+06
 -935.963845 -6.416936e+06
 -936.102547 -6.464896e+06
 -936.241250 -6.508488e+06
 -936.379952 -6.547400e+06
 -936.518655 -6.581488e+06
 -936.657357 -6.610760e+06
 -936.796059 -6.635416e+06
 -936.934762 -6.655816e+06
 -937.073464 -6.672512e+06
 -937.212167 -6.686240e+06
 -937.350869 -6.697848e+06
 -937.489571 -6.708408e+06
 -937.628274 -6.719056e+06
 -937.766976 -6.731080e+06
 -937.905679 -6.745848e+06
 -938.044381 -6.764768e+06
 -938.183083 -6.789280e+06
 -938.321786 -6.820864e+06
 -938.460488 -6.860920e+06
 -938.599191 -6.910816e+06
 -938.737893 -6.971840e+06
 -938.876595 -7.045160e+06
 -939.015298 -7.131824e+06
 -939.154000 -7.232704e+06
 -939.292703 -7.348528e+06
 -939.431405 -7.479832e+06
 -939.570108 -7.626936e+06
 -939.708810 -7.789968e+06
 -939.847512 -7.968824e+06
 -939.986215 -8.163216e+06
 -940.124917 -8.372592e+06
 -940.263620 -8.596192e+06
 -940.402322 -8.833048e+06
 -940.541024 -9.081944e+06
 -940.679727 -9.341480e+06
 -940.818429 -9.610056e+06
 -940.957132 -9.885840e+06
 -941.095834 -1.016686e+07
 -941.234536 -1.045097e+07
 -941.373239 -1.073587e+07
 -941.511941 -1.101913e+07
 -941.650644 -1.129822e+07
 -941.789346 -1.157054e+07
 -941.928048 -1.183343e+07
 -942.066751 -1.208420e+07
 -942.205453 -1.232020e+07
 -942.344156 -1.253875e+07
 -942.482858 -1.273732e+07
 -942.621560 -1.291341e+07
 -942.760263 -1.306468e+07
 -942.898965 -1.318891e+07
 -943.037668 -1.328413e+07
 -943.176370 -1.334847e+07
 -943.315073 -1.338037e+07
 -943.453775 -1.337846e+07
 -943.592477 -1.334163e+07
 -943.731180 -1.326903e+07
 -943.869882 -1.316006e+07
 -944.008585 -1.301440e+07
 -944.147287 -1.283198e+07
 -944.285989 -1.261299e+07
 -944.424692 -1.235786e+07
 -944.563394 -1.206728e+07
 -944.702097 -1.174212e+07
 -944.840799 -1.138347e+07
 -944.979501 -1.099262e+07
 -945.118204 -1.057099e+07
 -945.256906 -1.012019e+07
 -945.395609 -9.641920e+06
 -945.534311 -9.137976e+06
 -945.673013 -8.610264e+06
 -945.811716 -8.060720e+06
 -945.950418 -7.491328e+06
 -946.089121 -6.904088e+06
 -946.227823 -6.300976e+06
 -946.366525 -5.683976e+06
 -946.505228 -5.055040e+06
 -946.643930 -4.416032e+06
 -946.782633 -3.768792e+06
 -946.921335 -3.115096e+06
 -947.060038 -2.456632e+06
 -947.198740 -1.795024e+06
 -947.337442 -1.131800e+06
 -947.476145 -4.684560e+05
 -947.614847 1.936160e+05
 -947.753550 8.531040e+05
 -947.892252 1.508712e+06
 -948.030954 2.159248e+06
 -948.169657 2.803536e+06
 -948.308359 3.440464e+06
 -948.447062 4.068960e+06
 -948.585764 4.688024e+06
 -948.724466 5.296632e+06
 -948.863169 5.893880e+06
 -949.001871 6.478832e+06
 -949.140574 7.050656e+06
 -949.279276 7.608544e+06
 -949.417978 8.151736e+06
 -949.556681 8.679552e+06
 -949.695383 9.191360e+06
 -949.834086 9.686592e+06
 -949.972788 1.016476e+07
 -950.111490 1.062545e+07
 -950.250193 1.106834e+07
 -950.388895 1.149313e+07
 -950.527598 1.189965e+07
 -950.666300 1.228778e+07
 -950.805003 1.265747e+07
 -950.943705 1.300873e+07
 -951.082407 1.334162e+07
 -951.221110 1.365629e+07
 -951.359812 1.395287e+07
 -951.498515 1.423160e+07
 -951.637217 1.449270e+07
 -951.775919 1.473647e+07
 -951.914622 1.496318e+07
 -952.053324 1.517316e+07
 -952.192027 1.536673e+07
 -952.330729 1.554425e+07
 -952.469431 1.570609e+07
 -952.608134 1.585259e+07
 -952.746836 1.598414e+07
 -952.885539 1.610114e+07
 -953.024241 1.620393e+07
 -953.162943 1.629294e+07
 -953.301646 1.636854e+07
 -953.440348 1.643113e+07
 -953.579051 1.648110e+07
 -953.717753 1.651889e+07
 -953.856455 1.654488e+07
 -953.995158 1.655952e+07
 -954.133860 1.656323e+07
 -954.272563 1.655650e+07
 -954.411265 1.653978e+07
 -954.549968 1.651359e+07
 -954.688670 1.647846e+07
 -954.827372 1.643495e+07
 -954.966075 1.638368e+07
 -955.104777 1.632525e+07
 -955.243480 1.626032e+07
 -955.382182 1.618958e+07
 -955.520884 1.611376e+07
 -955.659587 1.603357e+07
 -955.798289 1.594977e+07
 -955.936992 1.586312e+07
 -956.075694 1.577436e+07
 -956.214396 1.568426e+07
 -956.353099 1.559357e+07
 -956.491801 1.550300e+07
 -956.630504 1.541328e+07
 -956.769206 1.532510e+07
 -956.907908 1.523912e+07
 -957.046611 1.515597e+07
 -957.185313 1.507627e+07
 -957.324016 1.500064e+07
 -957.462718 1.492962e+07
 -957.601420 1.486380e+07
 -957.740123 1.480367e+07
 -957.878825 1.474978e+07
 -958.017528 1.470261e+07
 -958.156230 1.466264e+07
 -958.294933 1.463033e+07
 -958.433635 1.460610e+07
 -958.572337 1.459032e+07
 -958.711040 1.458337e+07
 -958.849742 1.458553e+07
 -958.988445 1.459706e+07
 -959.127147 1.461814e+07
 -959.265849 1.464888e+07
 -959.404552 1.468934e+07
 -959.543254 1.473948e+07
 -959.681957 1.479919e+07
 -959.820659 1.486827e+07
 -959.959361 1.494646e+07
 -960.098064 1.503341e+07
 -960.236766 1.512872e+07
 -960.375469 1.523193e+07
 -960.514171 1.534251e+07
 -960.652873 1.545991e+07
 -960.791576 1.558354e+07
 -960.930278 1.571278e+07
 -961.068981 1.584700e+07
 -961.207683 1.598557e+07
 -961.346385 1.612783e+07
 -961.485088 1.627314e+07
 -961.623790 1.642085e+07
 -961.762493 1.657028e+07
 -961.901195 1.672078e+07
 -962.039898 1.687167e+07
 -962.178600 1.702223e+07
 -962.317302 1.717173e+07
 -962.456005 1.731936e+07
 -962.594707 1.746432e+07
 -962.733410 1.760570e+07
 -962.872112 1.774254e+07
 -963.010814 1.787384e+07
 -963.149517 1.799846e+07
 -963.288219 1.811527e+07
 -963.426922 1.822300e+07
 -963.565624 1.832038e+07
 -963.704326 1.840605e+07
 -963.843029 1.847866e+07
 -963.981731 1.853682e+07
 -964.120434 1.857912e+07
 -964.259136 1.860425e+07
 -964.397838 1.861088e+07
 -964.536541 1.859780e+07
 -964.675243 1.856388e+07
 -964.813946 1.850811e+07
 -964.952648 1.842964e+07
 -965.091350 1.832776e+07
 -965.230053 1.820191e+07
 -965.368755 1.805178e+07
 -965.507458 1.787720e+07
 -965.646160 1.767822e+07
 -965.784863 1.745506e+07
 -965.923565 1.720818e+07
 -966.062267 1.693819e+07
 -966.200970 1.664593e+07
 -966.339672 1.633235e+07
 -966.478375 1.599861e+07
 -966.617077 1.564601e+07
 -966.755779 1.527594e+07
 -966.894482 1.488995e+07
 -967.033184 1.448967e+07
 -967.171887 1.407678e+07
 -967.310589 1.365305e+07
 -967.449291 1.322025e+07
 -967.587994 1.278020e+07
 -967.726696 1.233468e+07
 -967.865399 1.188547e+07
 -968.004101 1.143429e+07
 -968.142803 1.098279e+07
 -968.281506 1.053257e+07
 -968.420208 1.008507e+07
 -968.558911 9.641664e+06
 -968.697613 9.203600e+06
 -968.836315 8.771960e+06
 -968.975018 8.347720e+06
 -969.113720 7.931672e+06
 -969.252423 7.524464e+06
 -969.391125 7.126608e+06
 -969.529828 6.738440e+06
 -969.668530 6.360128e+06
 -969.807232 5.991696e+06
 -969.945935 5.633032e+06
 -970.084637 5.283856e+06
 -970.223340 4.943760e+06
 -970.362042 4.612208e+06
 -970.500744 4.288512e+06
 -970.639447 3.971896e+06
 -970.778149 3.661456e+06
 -970.916852 3.356216e+06
 -971.055554 3.055136e+06
 -971.194256 2.757080e+06
 -971.332959 2.460912e+06
 -971.471661 2.165472e+06
 -971.610364 1.869608e+06
 -971.749066 1.572208e+06
 -971.887768 1.272208e+06
 -972.026471 9.686480e+05
 -972.165173 6.606320e+05
 -972.303876 3.474240e+05
 -972.442578 2.844000e+04
 -972.581280 -2.967520e+05
 -972.719983 -6.284160e+05
 -972.858685 -9.666160e+05
 -972.997388 -1.311232e+06
 -973.136090 -1.661944e+06
 -973.274793 -2.018264e+06
 -973.413495 -2.379496e+06
 -973.552197 -2.744816e+06
 -973.690900 -3.113200e+06
 -973.829602 -3.483552e+06
 -973.968305 -3.854592e+06
 -974.107007 -4.225016e+06
 -974.245709 -4.593424e+06
 -974.384412 -4.958408e+06
 -974.523114 -5.318512e+06
 -974.661817 -5.672320e+06
 -974.800519 -6.018448e+06
 -974.939221 -6.355600e+06
 -975.077924 -6.682512e+06
 -975.216626 -6.998072e+06
 -975.355329 -7.301248e+06
 -975.494031 -7.591160e+06
 -975.632733 -7.867056e+06
 -975.771436 -8.128336e+06
 -975.910138 -8.374528e+06
 -976.048841 -8.605312e+06
 -976.187543 -8.820552e+06
 -976.326245 -9.020160e+06
 -976.464948 -9.204256e+06
 -976.603650 -9.373056e+06
 -976.742353 -9.526888e+06
 -976.881055 -9.666152e+06
 -977.019758 -9.791368e+06
 -977.158460 -9.903112e+06
 -977.297162 -1.000202e+07
 -977.435865 -1.008879e+07
 -977.574567 -1.016412e+07
 -977.713270 -1.022878e+07
 -977.851972 -1.028354e+07
 -977.990674 -1.032920e+07
 -978.129377 -1.036654e+07
 -978.268079 -1.039637e+07
 -978.406782 -1.041949e+07
 -978.545484 -1.043672e+07
 -978.684186 -1.044889e+07
 -978.822889 -1.045680e+07
 -978.961591 -1.046132e+07
 -979.100294 -1.046333e+07
 -979.238996 -1.046369e+07
 -979.377698 -1.046332e+07
 -979.516401 -1.046319e+07
 -979.655103 -1.046426e+07
 -979.793806 -1.046754e+07
 -979.932508 -1.047406e+07
 -980.071210 -1.048486e+07
 -980.209913 -1.050102e+07
 -980.348615 -1.052360e+07
 -980.487318 -1.055366e+07
 -980.626020 -1.059222e+07
 -980.764723 -1.064026e+07
 -980.903425 -1.069870e+07
 -981.042127 -1.076838e+07
 -981.180830 -1.085003e+07
 -981.319532 -1.094429e+07
 -981.458235 -1.105165e+07
 -981.596937 -1.117246e+07
 -981.735639 -1.130690e+07
 -981.874342 -1.145501e+07
 -982.013044 -1.161666e+07
 -982.151747 -1.179154e+07
 -982.290449 -1.197920e+07
 -982.429151 -1.217902e+07
 -982.567854 -1.239026e+07
 -982.706556 -1.261203e+07
 -982.845259 -1.284334e+07
 -982.983961 -1.308314e+07
 -983.122663 -1.333025e+07
 -983.261366 -1.358347e+07
 -983.400068 -1.384161e+07
 -983.538771 -1.410338e+07
 -983.677473 -1.436756e+07
 -983.816175 -1.463296e+07
 -983.954878 -1.489836e+07
 -984.093580 -1.516265e+07
 -984.232283 -1.542474e+07
 -984.370985 -1.568360e+07
 -984.509688 -1.593831e+07
 -984.648390 -1.618796e+07
 -984.787092 -1.643178e+07
 -984.925795 -1.666901e+07
 -985.064497 -1.689904e+07
 -985.203200 -1.712130e+07
 -985.341902 -1.733532e+07
 -985.480604 -1.754071e+07
 -985.619307 -1.773721e+07
 -985.758009 -1.792460e+07
 -985.896712 -1.810282e+07
 -986.035414 -1.827189e+07
 -986.174116 -1.843193e+07
 -986.312819 -1.858321e+07
 -986.451521 -1.872609e+07
 -986.590224 -1.886106e+07
 -986.728926 -1.898874e+07
 -986.867628 -1.910980e+07
 -987.006331 -1.922510e+07
 -987.145033 -1.933554e+07
 -987.283736 -1.944214e+07
 -987.422438 -1.954592e+07
 -987.561140 -1.964801e+07
 -987.699843 -1.974956e+07
 -987.838545 -1.985169e+07
 -987.977248 -1.995554e+07
 -988.115950 -2.006218e+07
 -988.254653 -2.017264e+07
 -988.393355 -2.028784e+07
 -988.532057 -2.040861e+07
 -988.670760 -2.053562e+07
 -988.809462 -2.066942e+07
 -988.948165 -2.081041e+07
 -989.086867 -2.095877e+07
 -989.225569 -2.111458e+07
 -989.364272 -2.127767e+07
 -989.502974 -2.144774e+07
 -989.641677 -2.162431e+07
 -989.780379 -2.180676e+07
 -989.919081 -2.199430e+07
 -990.057784 -2.218602e+07
 -990.196486 -2.238094e+07
 -990.335189 -2.257794e+07
 -990.473891 -2.277586e+07
 -990.612593 -2.297353e+07
 -990.751296 -2.316971e+07
 -990.889998 -2.336319e+07
 -991.028701 -2.355276e+07
 -991.167403 -2.373726e+07
 -991.306105 -2.391554e+07
 -991.444808 -2.408653e+07
 -991.583510 -2.424918e+07
 -991.722213 -2.440257e+07
 -991.860915 -2.454576e+07
 -991.999618 -2.467793e+07
 -992.138320 -2.479828e+07
 -992.277022 -2.490609e+07
 -992.415725 -2.500070e+07
 -992.554427 -2.508150e+07
 -992.693130 -2.514796e+07
 -992.831832 -2.519963e+07
 -992.970534 -2.523616e+07
 -993.109237 -2.525724e+07
 -993.247939 -2.526274e+07
 -993.386642 -2.525259e+07
 -993.525344 -2.522692e+07
 -993.664046 -2.518596e+07
 -993.802749 -2.513012e+07
 -993.941451 -2.505999e+07
 -994.080154 -2.497631e+07
 -994.218856 -2.488001e+07
 -994.357558 -2.477215e+07
 -994.496261 -2.465399e+07
 -994.634963 -2.452689e+07
 -994.773666 -2.439232e+07
 -994.912368 -2.425187e+07
 -995.051070 -2.410718e+07
 -995.189773 -2.395993e+07
 -995.328475 -2.381178e+07
 -995.467178 -2.366445e+07
 -995.605880 -2.351950e+07
 -995.744583 -2.337856e+07
 -995.883285 -2.324307e+07
 -996.021987 -2.311446e+07
 -996.160690 -2.299400e+07
 -996.299392 -2.288289e+07
 -996.438095 -2.278221e+07
 -996.576797 -2.269298e+07
 -996.715499 -2.261606e+07
 -996.854202 -2.255233e+07
 -996.992904 -2.250250e+07
 -997.131607 -2.246727e+07
 -997.270309 -2.244728e+07
 -997.409011 -2.244313e+07
 -997.547714 -2.245536e+07
 -997.686416 -2.248446e+07
 -997.825119 -2.253087e+07
 -997.963821 -2.259501e+07
 -998.102523 -2.267716e+07
 -998.241226 -2.277758e+07
 -998.379928 -2.289638e+07
 -998.518631 -2.303359e+07
 -998.657333 -2.318906e+07
 -998.796035 -2.336254e+07
 -998.934738 -2.355354e+07
 -999.073440 -2.376144e+07
 -999.212143 -2.398539e+07
 -999.350845 -2.422438e+07
 -999.489548 -2.447714e+07
 -999.628250 -2.474224e+07
 -999.766952 -2.501802e+07
 -999.905655 -2.530263e+07
-1000.044357 -2.559407e+07
-1000.183060 -2.589015e+07
-1000.321762 -2.618854e+07
-1000.460464 -2.648681e+07
-1000.599167 -2.678242e+07
-1000.737869 -2.707281e+07
-1000.876572 -2.735532e+07
-1001.015274 -2.762734e+07
-1001.153976 -2.788626e+07
-1001.292679 -2.812952e+07
-1001.431381 -2.835468e+07
-1001.570084 -2.855939e+07
-1001.708786 -2.874143e+07
-1001.847488 -2.889877e+07
-1001.986191 -2.902954e+07
-1002.124893 -2.913213e+07
-1002.263596 -2.920507e+07
-1002.402298 -2.924722e+07
-1002.541000 -2.925764e+07
-1002.679703 -2.923566e+07
-1002.818405 -2.918086e+07
-1002.957108 -2.909313e+07
-1003.095810 -2.897258e+07
-1003.234513 -2.881961e+07
-1003.373215 -2.863485e+07
-1003.511917 -2.841922e+07
-1003.650620 -2.817384e+07
-1003.789322 -2.790006e+07
-1003.928025 -2.759942e+07
-1004.066727 -2.727367e+07
-1004.205429 -2.692469e+07
-1004.344132 -2.655450e+07
-1004.482834 -2.616520e+07
-1004.621537 -2.575905e+07
-1004.760239 -2.533829e+07
-1004.898941 -2.490522e+07
-1005.037644 -2.446214e+07
-1005.176346 -2.401134e+07
-1005.315049 -2.355507e+07
-1005.453751 -2.309554e+07
-1005.592453 -2.263484e+07
-1005.731156 -2.217505e+07
-1005.869858 -2.171811e+07
-1006.008561 -2.126589e+07
-1006.147263 -2.082018e+07
-1006.285965 -2.038262e+07
-1006.424668 -1.995482e+07
-1006.563370 -1.953826e+07
-1006.702073 -1.913434e+07
-1006.840775 -1.874442e+07
-1006.979478 -1.836974e+07
-1007.118180 -1.801150e+07
-1007.256882 -1.767086e+07
-1007.395585 -1.734888e+07
-1007.534287 -1.704662e+07
-1007.672990 -1.676503e+07
-1007.811692 -1.650510e+07
-1007.950394 -1.626770e+07
-1008.089097 -1.605365e+07
-1008.227799 -1.586376e+07
-1008.366502 -1.569874e+07
-1008.505204 -1.555925e+07
-1008.643906 -1.544583e+07
-1008.782609 -1.535899e+07
-1008.921311 -1.529909e+07
-1009.060014 -1.526642e+07
-1009.198716 -1.526111e+07
-1009.337418 -1.528318e+07
-1009.476121 -1.533254e+07
-1009.614823 -1.540887e+07
-1009.753526 -1.551180e+07
-1009.892228 -1.564074e+07
-1010.030930 -1.579493e+07
-1010.169633 -1.597350e+07
-1010.308335 -1.617537e+07
-1010.447038 -1.639932e+07
-1010.585740 -1.664402e+07
-1010.724443 -1.690793e+07
-1010.863145 -1.718946e+07
-1011.001847 -1.748685e+07
-1011.140550 -1.779825e+07
-1011.279252 -1.812176e+07
-1011.417955 -1.845541e+07
-1011.556657 -1.879717e+07
-1011.695359 -1.914500e+07
-1011.834062 -1.949686e+07
-1011.972764 -1.985077e+07
-1012.111467 -2.020473e+07
-1012.250169 -2.055684e+07
-1012.388871 -2.090526e+07
-1012.527574 -2.124826e+07
-1012.666276 -2.158418e+07
-1012.804979 -2.191149e+07
-1012.943681 -2.222881e+07
-1013.082383 -2.253487e+07
-1013.221086 -2.282855e+07
-1013.359788 -2.310886e+07
-1013.498491 -2.337498e+07
-1013.637193 -2.362622e+07
-1013.775895 -2.386206e+07
-1013.914598 -2.408209e+07
-1014.053300 -2.428611e+07
-1014.192003 -2.447405e+07
-1014.330705 -2.464595e+07
-1014.469408 -2.480205e+07
-1014.608110 -2.494268e+07
-1014.746812 -2.506832e+07
-1014.885515 -2.517961e+07
-1015.024217 -2.527725e+07
-1015.162920 -2.536206e+07
-1015.301622 -2.543499e+07
-1015.440324 -2.549702e+07
-1015.579027 -2.554925e+07
-1015.717729 -2.559275e+07
-1015.856432 -2.562870e+07
-1015.995134 -2.565826e+07
-1016.133836 -2.568258e+07
-1016.272539 -2.570278e+07
-1016.411241 -2.571995e+07
-1016.549944 -2.573510e+07
-1016.688646 -2.574918e+07
-1016.827348 -2.576297e+07
-1016.966051 -2.577716e+07
-1017.104753 -2.579230e+07
-1017.243456 -2.580879e+07
-1017.382158 -2.582682e+07
-1017.520860 -2.584638e+07
-1017.659563 -2.586734e+07
-1017.798265 -2.588929e+07
-1017.936968 -2.591164e+07
-1018.075670 -2.593365e+07
-1018.214373 -2.595434e+07
-1018.353075 -2.597255e+07
-1018.491777 -2.598702e+07
-1018.630480 -2.599626e+07
-1018.769182 -2.599876e+07
-1018.907885 -2.599282e+07
-1019.046587 -2.597674e+07
-1019.185289 -2.594875e+07
-1019.323992 -2.590710e+07
-1019.462694 -2.585002e+07
-1019.601397 -2.577583e+07
-1019.740099 -2.568293e+07
-1019.878801 -2.556980e+07
-1020.017504 -2.543510e+07
-1020.156206 -2.527762e+07
-1020.294909 -2.509634e+07
-1020.433611 -2.489042e+07
-1020.572313 -2.465925e+07
-1020.711016 -2.440244e+07
-1020.849718 -2.411980e+07
-1020.988421 -2.381138e+07
-1021.127123 -2.347746e+07
-1021.265825 -2.311848e+07
-1021.404528 -2.273514e+07
-1021.543230 -2.232828e+07
-1021.681933 -2.189889e+07
-1021.820635 -2.144814e+07
-1021.959338 -2.097728e+07
-1022.098040 -2.048767e+07
-1022.236742 -1.998074e+07
-1022.375445 -1.945796e+07
-1022.514147 -1.892082e+07
-1022.652850 -1.837082e+07
-1022.791552 -1.780949e+07
-1022.930254 -1.723826e+07
-1023.068957 -1.665856e+07
-1023.207659 -1.607180e+07
-1023.346362 -1.547931e+07
-1023.485064 -1.488236e+07
-1023.623766 -1.428216e+07
-1023.762469 -1.367986e+07
-1023.901171 -1.307654e+07
-1024.039874 -1.247320e+07
-1024.178576 -1.187078e+07
-1024.317278 -1.127009e+07
-1024.455981 -1.067191e+07
-1024.594683 -1.007691e+07
-1024.733386 -9.485656e+06
-1024.872088 -8.898600e+06
-1025.010790 -8.316096e+06
-1025.149493 -7.738384e+06
-1025.288195 -7.165592e+06
-1025.426898 -6.597712e+06
-1025.565600 -6.034648e+06
-1025.704303 -5.476176e+06
-1025.843005 -4.921976e+06
-1025.981707 -4.371640e+06
-1026.120410 -3.824696e+06
-1026.259112 -3.280592e+06
-1026.397815 -2.738768e+06
-1026.536517 -2.198632e+06
-1026.675219 -1.659592e+06
-1026.813922 -1.121080e+06
-1026.952624 -5.826000e+05
-1027.091327 -4.368000e+04
-1027.230029 4.960240e+05
-1027.368731 1.036808e+06
-1027.507434 1.578832e+06
-1027.646136 2.122136e+06
-1027.784839 2.666656e+06
-1027.923541 3.212184e+06
-1028.062243 3.758400e+06
-1028.200946 4.304872e+06
-1028.339648 4.851032e+06
-1028.478351 5.396200e+06
-1028.617053 5.939592e+06
-1028.755755 6.480360e+06
-1028.894458 7.017536e+06
-1029.033160 7.550096e+06
-1029.171863 8.076936e+06
-1029.310565 8.596920e+06
-1029.449268 9.108856e+06
-1029.587970 9.611512e+06
-1029.726672 1.010363e+07
-1029.865375 1.058395e+07
-1030.004077 1.105117e+07
-1030.142780 1.150401e+07
-1030.281482 1.194116e+07
-1030.420184 1.236132e+07
-1030.558887 1.276321e+07
-1030.697589 1.314554e+07
-1030.836292 1.350703e+07
-1030.974994 1.384645e+07
-1031.113696 1.416251e+07
-1031.252399 1.445405e+07
-1031.391101 1.471987e+07
-1031.529804 1.495886e+07
-1031.668506 1.516998e+07
-1031.807208 1.535220e+07
-1031.945911 1.550466e+07
-1032.084613 1.562654e+07
-1032.223316 1.571723e+07
-1032.362018 1.577618e+07
-1032.500720 1.580304e+07
-1032.639423 1.579766e+07
-1032.778125 1.576004e+07
-1032.916828 1.569045e+07
-1033.055530 1.558934e+07
-1033.194232 1.545744e+07
-1033.332935 1.529567e+07
-1033.471637 1.510522e+07
-1033.610340 1.488756e+07
-1033.749042 1.464434e+07
-1033.887745 1.437749e+07
-1034.026447 1.408916e+07
-1034.165149 1.378169e+07
-1034.303852 1.345763e+07
-1034.442554 1.311969e+07
-1034.581257 1.277073e+07
-1034.719959 1.241373e+07
-1034.858661 1.205174e+07
-1034.997364 1.168789e+07
-1035.136066 1.132526e+07
-1035.274769 1.096702e+07
-1035.413471 1.061616e+07
-1035.552173 1.027563e+07
-1035.690876 9.948256e+06
-1035.829578 9.636672e+06
-1035.968281 9.343320e+06
-1036.106983 9.070400e+06
-1036.245685 8.819840e+06
-1036.384388 8.593328e+06
-1036.523090 8.392224e+06
-1036.661793 8.217624e+06
-1036.800495 8.070280e+06
-1036.939197 7.950640e+06
-1037.077900 7.858888e+06
-1037.216602 7.794896e+06
-1037.355305 7.758288e+06
-1037.494007 7.748440e+06
-1037.632710 7.764512e+06
-1037.771412 7.805496e+06
-1037.910114 7.870192e+06
-1038.048817 7.957328e+06
-1038.187519 8.065504e+06
-1038.326222 8.193280e+06
-1038.464924 8.339176e+06
-1038.603626 8.501728e+06
-1038.742329 8.679464e+06
-1038.881031 8.870984e+06
-1039.019734 9.074928e+06
-1039.158436 9.290024e+06
-1039.297138 9.515080e+06
-1039.435841 9.748976e+06
-1039.574543 9.990704e+06
-1039.713246 1.023934e+07
-1039.851948 1.049406e+07
-1039.990650 1.075410e+07
-1040.129353 1.101879e+07
-1040.268055 1.128754e+07
-1040.406758 1.155983e+07
-1040.545460 1.183517e+07
-1040.684162 1.211315e+07
-1040.822865 1.239341e+07
-1040.961567 1.267559e+07
-1041.100270 1.295941e+07
-1041.238972 1.324462e+07
-1041.377675 1.353098e+07
-1041.516377 1.381831e+07
-1041.655079 1.410646e+07
-1041.793782 1.439530e+07
-1041.932484 1.468477e+07
-1042.071187 1.497479e+07
-1042.209889 1.526540e+07
-1042.348591 1.555660e+07
-1042.487294 1.584847e+07
-1042.625996 1.614109e+07
-1042.764699 1.643457e+07
-1042.903401 1.672906e+07
-1043.042103 1.702467e+07
-1043.180806 1.732154e+07
-1043.319508 1.761977e+07
-1043.458211 1.791944e+07
-1043.596913 1.822058e+07
-1043.735615 1.852319e+07
-1043.874318 1.882718e+07
-1044.013020 1.913239e+07
-1044.151723 1.943862e+07
-1044.290425 1.974557e+07
-1044.429127 2.005284e+07
-1044.567830 2.036000e+07
-1044.706532 2.066652e+07
-1044.845235 2.097182e+07
-1044.983937 2.127523e+07
-1045.122640 2.157607e+07
-1045.261342 2.187358e+07
-1045.400044 2.216699e+07
-1045.538747 2.245548e+07
-1045.677449 2.273819e+07
-1045.816152 2.301430e+07
-1045.954854 2.328288e+07
-1046.093556 2.354308e+07
-1046.232259 2.379398e+07
-1046.370961 2.403467e+07
-1046.509664 2.426421e+07
-1046.648366 2.448168e+07
-1046.787068 2.468614e+07
-1046.925771 2.487663e+07
-1047.064473 2.505223e+07
-1047.203176 2.521200e+07
-1047.341878 2.535500e+07
-1047.480580 2.548034e+07
-1047.619283 2.558714e+07
-1047.757985 2.567458e+07
-1047.896688 2.574185e+07
-1048.035390 2.578822e+07
-1048.174092 2.581305e+07
-1048.312795 2.581575e+07
-1048.451497 2.579586e+07
-1048.590200 2.575298e+07
-1048.728902 2.568687e+07
-1048.867605 2.559737e+07
-1049.006307 2.548448e+07
-1049.145009 2.534832e+07
-1049.283712 2.518913e+07
-1049.422414 2.500732e+07
-1049.561117 2.480339e+07
-1049.699819 2.457800e+07
-1049.838521 2.433193e+07
-1049.977224 2.406604e+07
-1050.115926 2.378133e+07
-1050.254629 2.347886e+07
-1050.393331 2.315976e+07
-1050.532033 2.282523e+07
-1050.670736 2.247648e+07
-1050.809438 2.211475e+07
-1050.948141 2.174128e+07
-1051.086843 2.135727e+07
-1051.225545 2.096390e+07
-1051.364248 2.056226e+07
-1051.502950 2.015342e+07
-1051.641653 1.973829e+07
-1051.780355 1.931774e+07
-1051.919057 1.889250e+07
-1052.057760 1.846320e+07
-1052.196462 1.803032e+07
-1052.335165 1.759424e+07
-1052.473867 1.715522e+07
-1052.612570 1.671341e+07
-1052.751272 1.626880e+07
-1052.889974 1.582136e+07
-1053.028677 1.537090e+07
-1053.167379 1.491722e+07
-1053.306082 1.446003e+07
-1053.444784 1.399901e+07
-1053.583486 1.353381e+07
-1053.722189 1.306409e+07
-1053.860891 1.258951e+07
-1053.999594 1.210980e+07
-1054.138296 1.162470e+07
-1054.276998 1.113406e+07
-1054.415701 1.063776e+07
-1054.554403 1.013581e+07
-1054.693106 9.628312e+06
-1054.831808 9.115496e+06
-1054.970510 8.597680e+06
-1055.109213 8.075336e+06
-1055.247915 7.549064e+06
-1055.386618 7.019552e+06
-1055.525320 6.487664e+06
-1055.664022 5.954368e+06
-1055.802725 5.420728e+06
-1055.941427 4.887968e+06
-1056.080130 4.357368e+06
-1056.218832 3.830336e+06
-1056.357535 3.308328e+06
-1056.496237 2.792928e+06
-1056.634939 2.285704e+06
-1056.773642 1.788320e+06
-1056.912344 1.302416e+06
-1057.051047 8.296880e+05
-1057.189749 3.717840e+05
-1057.328451 -6.968800e+04
-1057.467154 -4.931360e+05
-1057.605856 -8.971200e+05
-1057.744559 -1.280184e+06
-1057.883261 -1.641072e+06
-1058.021963 -1.978592e+06
-1058.160666 -2.291768e+06
-1058.299368 -2.579704e+06
-1058.438071 -2.841736e+06
-1058.576773 -3.077336e+06
-1058.715475 -3.286208e+06
-1058.854178 -3.468216e+06
-1058.992880 -3.623440e+06
-1059.131583 -3.752168e+06
-1059.270285 -3.854872e+06
-1059.408987 -3.932208e+06
-1059.547690 -3.985048e+06
-1059.686392 -4.014400e+06
-1059.825095 -4.021472e+06
-1059.963797 -4.007584e+06
-1060.102500 -3.974192e+06
-1060.241202 -3.922864e+06
-1060.379904 -3.855232e+06
-1060.518607 -3.773000e+06
-1060.657309 -3.677896e+06
-1060.796012 -3.571640e+06
-1060.934714 -3.455952e+06
-1061.073416 -3.332472e+06
-1061.212119 -3.202800e+06
-1061.350821 -3.068424e+06
-1061.489524 -2.930688e+06
-1061.628226 -2.790824e+06
-1061.766928 -2.649912e+06
-1061.905631 -2.508840e+06
-1062.044333 -2.368344e+06
-1062.183036 -2.228968e+06
-1062.321738 -2.091080e+06
-1062.460440 -1.954864e+06
-1062.599143 -1.820344e+06
-1062.737845 -1.687376e+06
-1062.876548 -1.555672e+06
-1063.015250 -1.424808e+06
-1063.153952 -1.294256e+06
-1063.292655 -1.163392e+06
-1063.431357 -1.031528e+06
-1063.570060 -8.979120e+05
-1063.708762 -7.617840e+05
-1063.847465 -6.223440e+05
-1063.986167 -4.788320e+05
-1064.124869 -3.304800e+05
-1064.263572 -1.765760e+05
-1064.402274 -1.647200e+04
-1064.540977 1.504240e+05
-1064.679679 3.246640e+05
-1064.818381 5.066720e+05
-1064.957084 6.968320e+05
-1065.095786 8.954080e+05
-1065.234489 1.102608e+06
-1065.373191 1.318552e+06
-1065.511893 1.543248e+06
-1065.650596 1.776648e+06
-1065.789298 2.018624e+06
-1065.928001 2.268976e+06
-1066.066703 2.527408e+06
-1066.205405 2.793560e+06
-1066.344108 3.067024e+06
-1066.482810 3.347312e+06
-1066.621513 3.633824e+06
-1066.760215 3.925952e+06
-1066.898917 4.222960e+06
-1067.037620 4.524088e+06
-1067.176322 4.828472e+06
-1067.315025 5.135176e+06
-1067.453727 5.443176e+06
-1067.592430 5.751368e+06
-1067.731132 6.058600e+06
-1067.869834 6.363624e+06
-1068.008537 6.665120e+06
-1068.147239 6.961736e+06
-1068.285942 7.252048e+06
-1068.424644 7.534608e+06
-1068.563346 7.807952e+06
-1068.702049 8.070616e+06
-1068.840751 8.321152e+06
-1068.979454 8.558168e+06
-1069.118156 8.780328e+06
-1069.256858 8.986368e+06
-1069.395561 9.175168e+06
-1069.534263 9.345712e+06
-1069.672966 9.497168e+06
-1069.811668 9.628840e+06
-1069.950370 9.740240e+06
-1070.089073 9.831072e+06
-1070.227775 9.901240e+06
-1070.366478 9.950880e+06
-1070.505180 9.980296e+06
-1070.643882 9.990048e+06
-1070.782585 9.980848e+06
-1070.921287 9.953600e+06
-1071.059990 9.909408e+06
-1071.198692 9.849464e+06
-1071.337395 9.775128e+06
-1071.476097 9.687824e+06
-1071.614799 9.589088e+06
-1071.753502 9.480432e+06
-1071.892204 9.363440e+06
-1072.030907 9.239648e+06
-1072.169609 9.110560e+06
-1072.308311 8.977592e+06
-1072.447014 8.842072e+06
-1072.585716 8.705216e+06
-1072.724419 8.568072e+06
-1072.863121 8.431560e+06
-1073.001823 8.296400e+06
-1073.140526 8.163144e+06
-1073.279228 8.032144e+06
-1073.417931 7.903560e+06
-1073.556633 7.777368e+06
-1073.695335 7.653344e+06
-1073.834038 7.531112e+06
-1073.972740 7.410112e+06
-1074.111443 7.289664e+06
-1074.250145 7.168936e+06
-1074.388847 7.047056e+06
-1074.527550 6.923032e+06
-1074.666252 6.795864e+06
-1074.804955 6.664520e+06
-1074.943657 6.528016e+06
-1075.082360 6.385400e+06
-1075.221062 6.235784e+06
-1075.359764 6.078352e+06
-1075.498467 5.912448e+06
-1075.637169 5.737488e+06
-1075.775872 5.553048e+06
-1075.914574 5.358824e+06
-1076.053276 5.154656e+06
-1076.191979 4.940512e+06
-1076.330681 4.716480e+06
-1076.469384 4.482752e+06
-1076.608086 4.239608e+06
-1076.746788 3.987432e+06
-1076.885491 3.726656e+06
-1077.024193 3.457760e+06
-1077.162896 3.181264e+06
-1077.301598 2.897704e+06
-1077.440300 2.607600e+06
-1077.579003 2.311504e+06
-1077.717705 2.009912e+06
-1077.856408 1.703336e+06
-1077.995110 1.392248e+06
-1078.133812 1.077096e+06
-1078.272515 7.583040e+05
-1078.411217 4.362960e+05
-1078.549920 1.114640e+05
-1078.688622 -2.158000e+05
-1078.827325 -5.451360e+05
-1078.966027 -8.761200e+05
-1079.104729 -1.208384e+06
-1079.243432 -1.541496e+06
-1079.382134 -1.875000e+06
-1079.520837 -2.208408e+06
-1079.659539 -2.541216e+06
-1079.798241 -2.872824e+06
-1079.936944 -3.202640e+06
-1080.075646 -3.529952e+06
-1080.214349 -3.854056e+06
-1080.353051 -4.174144e+06
-1080.491753 -4.489344e+06
-1080.630456 -4.798760e+06
-1080.769158 -5.101416e+06
-1080.907861 -5.396312e+06
-1081.046563 -5.682368e+06
-1081.185265 -5.958528e+06
-1081.323968 -6.223688e+06
-1081.462670 -6.476728e+06
-1081.601373 -6.716536e+06
-1081.740075 -6.942032e+06
-1081.878777 -7.152176e+06
-1082.017480 -7.345952e+06
-1082.156182 -7.522416e+06
-1082.294885 -7.680712e+06
-1082.433587 -7.820072e+06
-1082.572290 -7.939824e+06
-1082.710992 -8.039416e+06
-1082.849694 -8.118448e+06
-1082.988397 -8.176624e+06
-1083.127099 -8.213832e+06
-1083.265802 -8.230096e+06
-1083.404504 -8.225624e+06
-1083.543206 -8.200800e+06
-1083.681909 -8.156144e+06
-1083.820611 -8.092392e+06
-1083.959314 -8.010424e+06
-1084.098016 -7.911296e+06
-1084.236718 -7.796208e+06
-1084.375421 -7.666480e+06
-1084.514123 -7.523592e+06
-1084.652826 -7.369088e+06
-1084.791528 -7.204624e+06
-1084.930230 -7.031840e+06
-1085.068933 -6.852488e+06
-1085.207635 -6.668248e+06
-1085.346338 -6.480760e+06
-1085.485040 -6.291640e+06
-1085.623742 -6.102336e+06
-1085.762445 -5.914224e+06
-1085.901147 -5.728496e+06
-1086.039850 -5.546184e+06
-1086.178552 -5.368096e+06
-1086.317255 -5.194848e+06
-1086.455957 -5.026848e+06
-1086.594659 -4.864224e+06
-1086.733362 -4.706936e+06
-1086.872064 -4.554680e+06
-1087.010767 -4.406968e+06
-1087.149469 -4.263096e+06
-1087.288171 -4.122184e+06
-1087.426874 -3.983200e+06
-1087.565576 -3.844976e+06
-1087.704279 -3.706216e+06
-1087.842981 -3.565592e+06
-1087.981683 -3.421656e+06
-1088.120386 -3.273000e+06
-1088.259088 -3.118208e+06
-1088.397791 -2.955856e+06
-1088.536493 -2.784648e+06
-1088.675195 -2.603328e+06
-1088.813898 -2.410776e+06
-1088.952600 -2.205992e+06
-1089.091303 -1.988160e+06
-1089.230005 -1.756592e+06
-1089.368707 -1.510840e+06
-1089.507410 -1.250632e+06
-1089.646112 -9.759280e+05
-1089.784815 -6.868880e+05
-1089.923517 -3.839360e+05
-1090.062220 -6.772800e+04
-1090.200922 2.608800e+05
-1090.339624 6.007440e+05
-1090.478327 9.505680e+05
-1090.617029 1.308784e+06
-1090.755732 1.673656e+06
-1090.894434 2.043240e+06
-1091.033136 2.415472e+06
-1091.171839 2.788120e+06
-1091.310541 3.158840e+06
-1091.449244 3.525224e+06
-1091.587946 3.884792e+06
-1091.726648 4.235064e+06
-1091.865351 4.573528e+06
-1092.004053 4.897744e+06
-1092.142756 5.205328e+06
-1092.281458 5.493992e+06
-1092.420160 5.761576e+06
-1092.558863 6.006072e+06
-1092.697565 6.225616e+06
-1092.836268 6.418576e+06
-1092.974970 6.583496e+06
-1093.113672 6.719160e+06
-1093.252375 6.824584e+06
-1093.391077 6.898976e+06
-1093.529780 6.941848e+06
-1093.668482 6.952888e+06
-1093.807185 6.932072e+06
-1093.945887 6.879576e+06
-1094.084589 6.795784e+06
-1094.223292 6.681328e+06
-1094.361994 6.537000e+06
-1094.500697 6.363792e+06
-1094.639399 6.162888e+06
-1094.778101 5.935576e+06
-1094.916804 5.683352e+06
-1095.055506 5.407768e+06
-1095.194209 5.110544e+06
-1095.332911 4.793488e+06
-1095.471613 4.458440e+06
-1095.610316 4.107384e+06
-1095.749018 3.742272e+06
-1095.887721 3.365144e+06
-1096.026423 2.978024e+06
-1096.165125 2.582936e+06
-1096.303828 2.181904e+06
-1096.442530 1.776864e+06
-1096.581233 1.369712e+06
-1096.719935 9.622960e+05
-1096.858637 5.562960e+05
-1096.997340 1.533280e+05
-1097.136042 -2.451600e+05
-1097.274745 -6.378640e+05
-1097.413447 -1.023632e+06
-1097.552150 -1.401488e+06
-1097.690852 -1.770624e+06
-1097.829554 -2.130416e+06
-1097.968257 -2.480408e+06
-1098.106959 -2.820336e+06
-1098.245662 -3.150048e+06
-1098.384364 -3.469592e+06
-1098.523066 -3.779104e+06
-1098.661769 -4.078864e+06
-1098.800471 -4.369240e+06
-1098.939174 -4.650664e+06
-1099.077876 -4.923648e+06
-1099.216578 -5.188712e+06
-1099.355281 -5.446400e+06
-1099.493983 -5.697280e+06
-1099.632686 -5.941848e+06
-1099.771388 -6.180656e+06
-1099.910090 -6.414120e+06
-1100.048793 -6.642648e+06
-1100.187495 -6.866584e+06
-1100.326198 -7.086176e+06
-1100.464900 -7.301632e+06
-1100.603602 -7.513056e+06
-1100.742305 -7.720456e+06
-1100.881007 -7.923808e+06
-1101.019710 -8.122960e+06
-1101.158412 -8.317744e+06
-1101.297115 -8.507864e+06
-1101.435817 -8.693016e+06
-1101.574519 -8.872792e+06
-1101.713222 -9.046800e+06
-1101.851924 -9.214600e+06
-1101.990627 -9.375704e+06
-1102.129329 -9.529648e+06
-1102.268031 -9.675928e+06
-1102.406734 -9.814088e+06
-1102.545436 -9.943680e+06
-1102.684139 -1.006426e+07
-1102.822841 -1.017543e+07
-1102.961543 -1.027680e+07
-1103.100246 -1.036804e+07
-1103.238948 -1.044882e+07
-1103.377651 -1.051888e+07
-1103.516353 -1.057795e+07
-1103.655055 -1.062585e+07
-1103.793758 -1.066239e+07
-1103.932460 -1.068745e+07
-1104.071163 -1.070094e+07
-1104.209865 -1.070282e+07
-1104.348567 -1.069313e+07
-1104.487270 -1.067195e+07
-1104.625972 -1.063946e+07
-1104.764675 -1.059591e+07
-1104.903377 -1.054169e+07
-1105.042080 -1.047725e+07
-1105.180782 -1.040317e+07
-1105.319484 -1.032016e+07
-1105.458187 -1.022903e+07
-1105.596889 -1.013075e+07
-1105.735592 -1.002630e+07
-1105.874294 -9.916872e+06
-1106.012996 -9.803656e+06
-1106.151699 -9.687928e+06
-1106.290401 -9.571000e+06
-1106.429104 -9.454184e+06
-1106.567806 -9.338792e+06
-1106.706508 -9.226080e+06
-1106.845211 -9.117224e+06
-1106.983913 -9.013328e+06
-1107.122616 -8.915368e+06
-1107.261318 -8.824192e+06
-1107.400020 -8.740504e+06
-1107.538723 -8.664848e+06
-1107.677425 -8.597616e+06
-1107.816128 -8.539032e+06
-1107.954830 -8.489168e+06
-1108.093532 -8.447952e+06
-1108.232235 -8.415176e+06
-1108.370937 -8.390512e+06
-1108.509640 -8.373496e+06
-1108.648342 -8.363584e+06
-1108.787045 -8.360144e+06
-1108.925747 -8.362488e+06
-1109.064449 -8.369848e+06
-1109.203152 -8.381416e+06
-1109.341854 -8.396368e+06
-1109.480557 -8.413840e+06
-1109.619259 -8.432960e+06
-1109.757961 -8.452888e+06
-1109.896664 -8.472768e+06
-1110.035366 -8.491784e+06
-1110.174069 -8.509152e+06
-1110.312771 -8.524160e+06
-1110.451473 -8.536136e+06
-1110.590176 -8.544512e+06
-1110.728878 -8.548792e+06
-1110.867581 -8.548616e+06
-1111.006283 -8.543696e+06
-1111.144985 -8.533896e+06
-1111.283688 -8.519184e+06
-1111.422390 -8.499664e+06
-1111.561093 -8.475584e+06
-1111.699795 -8.447312e+06
-1111.838497 -8.415336e+06
-1111.977200 -8.380232e+06
-1112.115902 -8.342736e+06
-1112.254605 -8.303648e+06
-1112.393307 -8.263840e+06
-1112.532010 -8.224248e+06
-1112.670712 -8.185920e+06
-1112.809414 -8.149872e+06
-1112.948117 -8.117176e+06
-1113.086819 -8.088920e+06
-1113.225522 -8.066192e+06
-1113.364224 -8.050072e+06
-1113.502926 -8.041600e+06
-1113.641629 -8.041832e+06
-1113.780331 -8.051744e+06
-1113.919034 -8.072304e+06
-1114.057736 -8.104432e+06
-1114.196438 -8.148968e+06
-1114.335141 -8.206744e+06
-1114.473843 -8.278480e+06
-1114.612546 -8.364872e+06
-1114.751248 -8.466536e+06
-1114.889950 -8.584000e+06
-1115.028653 -8.717728e+06
-1115.167355 -8.868072e+06
-1115.306058 -9.035320e+06
-1115.444760 -9.219632e+06
-1115.583462 -9.421080e+06
-1115.722165 -9.639608e+06
-1115.860867 -9.875032e+06
-1115.999570 -1.012710e+07
-1116.138272 -1.039536e+07
-1116.276975 -1.067933e+07
-1116.415677 -1.097834e+07
-1116.554379 -1.129165e+07
-1116.693082 -1.161844e+07
-1116.831784 -1.195776e+07
-1116.970487 -1.230864e+07
-1117.109189 -1.267003e+07
-1117.247891 -1.304086e+07
-1117.386594 -1.342001e+07
-1117.525296 -1.380640e+07
-1117.663999 -1.419898e+07
-1117.802701 -1.459669e+07
-1117.941403 -1.499854e+07
-1118.080106 -1.540360e+07
-1118.218808 -1.581102e+07
-1118.357511 -1.622002e+07
-1118.496213 -1.662988e+07
-1118.634915 -1.703998e+07
-1118.773618 -1.744978e+07
-1118.912320 -1.785880e+07
-1119.051023 -1.826662e+07
-1119.189725 -1.867292e+07
-1119.328427 -1.907738e+07
-1119.467130 -1.947978e+07
-1119.605832 -1.987989e+07
-1119.744535 -2.027757e+07
-1119.883237 -2.067265e+07
-1120.021940 -2.106502e+07
-1120.160642 -2.145460e+07
-1120.299344 -2.184126e+07
-1120.438047 -2.222494e+07
-1120.576749 -2.260557e+07
-1120.715452 -2.298303e+07
-1120.854154 -2.335726e+07
-1120.992856 -2.372813e+07
-1121.131559 -2.409550e+07
-1121.270261 -2.445922e+07
-1121.408964 -2.481906e+07
-1121.547666 -2.517476e+07
-1121.686368 -2.552600e+07
-1121.825071 -2.587240e+07
-1121.963773 -2.621349e+07
-1122.102476 -2.654871e+07
-1122.241178 -2.687746e+07
-1122.379880 -2.719902e+07
-1122.518583 -2.751260e+07
-1122.657285 -2.781734e+07
-1122.795988 -2.811230e+07
-1122.934690 -2.839650e+07
-1123.073392 -2.866890e+07
-1123.212095 -2.892842e+07
-1123.350797 -2.917400e+07
-1123.489500 -2.940457e+07
-1123.628202 -2.961908e+07
-1123.766905 -2.981651e+07
-1123.905607 -2.999592e+07
-1124.044309 -3.015641e+07
-1124.183012 -3.029720e+07
-1124.321714 -3.041757e+07
-1124.460417 -3.051692e+07
-1124.599119 -3.059477e+07
-1124.737821 -3.065072e+07
-1124.876524 -3.068450e+07
-1125.015226 -3.069598e+07
-1125.153929 -3.068512e+07
-1125.292631 -3.065198e+07
-1125.431333 -3.059676e+07
-1125.570036 -3.051976e+07
-1125.708738 -3.042137e+07
-1125.847441 -3.030206e+07
-1125.986143 -3.016246e+07
-1126.124845 -3.000322e+07
-1126.263548 -2.982512e+07
-1126.402250 -2.962898e+07
-1126.540953 -2.941570e+07
-1126.679655 -2.918626e+07
-1126.818357 -2.894172e+07
-1126.957060 -2.868314e+07
-1127.095762 -2.841161e+07
-1127.234465 -2.812829e+07
-1127.373167 -2.783433e+07
-1127.511870 -2.753091e+07
-1127.650572 -2.721919e+07
-1127.789274 -2.690030e+07
-1127.927977 -2.657535e+07
-1128.066679 -2.624542e+07
-1128.205382 -2.591158e+07
-1128.344084 -2.557479e+07
-1128.482786 -2.523599e+07
-1128.621489 -2.489609e+07
-1128.760191 -2.455590e+07
-1128.898894 -2.421622e+07
-1129.037596 -2.387777e+07
-1129.176298 -2.354126e+07
