# File created = Monday, May 11, 2026 6:48:21 PM EDT
# Data set = ADF_TR_Nirmat400-Mpro400_EDTA_VT_2026-05-09  293  1  /Users/ramelt2/Library/CloudStorage/Box-Box/Montelione-Lab-Box/MPro_NMR_and_MS_data_and_analysis/MPro-Nirmatrelvir_19F-NMR/Hudson-800-EDTA-data
# Spectral Region:
# LEFT = 2.0 ppm. RIGHT = -2.0 ppm.
#
# SIZE = 16578 ( = number of points)
#
# In the following ordering is from the 'left' to the 'right' limits!
# Lines beginning with '#' must be considered as comment lines.
#
-3684656.0
-3814720.0
-3953880.0
-4100608.0
-4253224.0
-4410024.0
-4569288.0
-4729184.0
-4887920.0
-5043744.0
-5194888.0
-5339728.0
-5476736.0
-5604560.0
-5722040.0
-5828192.0
-5922336.0
-6004016.0
-6073016.0
-6129416.0
-6173488.0
-6205704.0
-6226744.0
-6237368.0
-6238480.0
-6230952.0
-6215752.0
-6193744.0
-6165768.0
-6132600.0
-6094912.0
-6053328.0
-6008360.0
-5960512.0
-5910200.0
-5857848.0
-5803896.0
-5748736.0
-5692888.0
-5636848.0
-5581184.0
-5526544.0
-5473648.0
-5423240.0
-5376160.0
-5333304.0
-5295616.0
-5264096.0
-5239784.0
-5223792.0
-5217208.0
-5221232.0
-5236992.0
-5265704.0
-5308512.0
-5366552.0
-5440904.0
-5532504.0
-5642224.0
-5770784.0
-5918672.0
-6086200.0
-6273448.0
-6480248.0
-6706216.0
-6950672.0
-7212720.0
-7491272.0
-7785024.0
-8092512.0
-8412112.0
-8742104.0
-9080664.0
-9425912.0
-9775912.0
-1.0128712E7
-1.048232E7
-1.0834768E7
-1.1184112E7
-1.1528392E7
-1.186572E7
-1.2194216E7
-1.2512104E7
-1.2817656E7
-1.3109296E7
-1.3385488E7
-1.3644944E7
-1.3886472E7
-1.4109128E7
-1.4312168E7
-1.4495088E7
-1.465764E7
-1.4799848E7
-1.4922024E7
-1.5024768E7
-1.5108952E7
-1.5175688E7
-1.5226368E7
-1.5262584E7
-1.5286128E7
-1.5298888E7
-1.5302864E7
-1.5300112E7
-1.529256E7
-1.5282112E7
-1.5270512E7
-1.5259232E7
-1.5249512E7
-1.5242248E7
-1.5238008E7
-1.5236992E7
-1.5239048E7
-1.524364E7
-1.5249952E7
-1.5256888E7
-1.5263112E7
-1.5267184E7
-1.5267592E7
-1.526284E7
-1.5251544E7
-1.5232472E7
-1.5204656E7
-1.51674E7
-1.5120424E7
-1.5063792E7
-1.499796E7
-1.4923792E7
-1.484256E7
-1.4755896E7
-1.4665728E7
-1.45742E7
-1.4483704E7
-1.4396728E7
-1.4315808E7
-1.4243416E7
-1.4181888E7
-1.4133392E7
-1.4099808E7
-1.4082648E7
-1.4083088E7
-1.4101816E7
-1.4139056E7
-1.4194576E7
-1.426764E7
-1.4357032E7
-1.4461128E7
-1.4577856E7
-1.4704888E7
-1.4839536E7
-1.4979008E7
-1.51204E7
-1.52608E7
-1.5397432E7
-1.5527656E7
-1.5649104E7
-1.575976E7
-1.5857936E7
-1.594236E7
-1.6012128E7
-1.6066768E7
-1.610612E7
-1.6130296E7
-1.613968E7
-1.61348E7
-1.6116224E7
-1.6084592E7
-1.604044E7
-1.5984168E7
-1.5916072E7
-1.5836184E7
-1.5744416E7
-1.56404E7
-1.5523688E7
-1.5393608E7
-1.5249448E7
-1.509044E7
-1.4915856E7
-1.4724992E7
-1.4517336E7
-1.4292488E7
-1.4050256E7
-1.379076E7
-1.351428E7
-1.32214E7
-1.291296E7
-1.2590048E7
-1.2253992E7
-1.190632E7
-1.1548784E7
-1.1183272E7
-1.0811888E7
-1.04368E7
-1.0060328E7
-9684880.0
-9312920.0
-8946944.0
-8589536.0
-8243248.0
-7910648.0
-7594272.0
-7296584.0
-7020024.0
-6766872.0
-6539328.0
-6339400.0
-6168920.0
-6029536.0
-5922592.0
-5849184.0
-5810104.0
-5805816.0
-5836448.0
-5901784.0
-6001224.0
-6133832.0
-6298304.0
-6493032.0
-6716096.0
-6965296.0
-7238240.0
-7532360.0
-7844992.0
-8173464.0
-8515120.0
-8867448.0
-9228088.0
-9594952.0
-9966224.0
-1.0340376E7
-1.0716296E7
-1.1093168E7
-1.1470512E7
-1.1848184E7
-1.2226288E7
-1.2605128E7
-1.2985152E7
-1.3366888E7
-1.375084E7
-1.413744E7
-1.4526992E7
-1.49196E7
-1.5315112E7
-1.5713136E7
-1.6113024E7
-1.6513832E7
-1.6914368E7
-1.7313216E7
-1.7708752E7
-1.8099216E7
-1.8482752E7
-1.88574E7
-1.9221224E7
-1.9572264E7
-1.9908656E7
-2.0228656E7
-2.0530672E7
-2.081324E7
-2.1075136E7
-2.1315392E7
-2.1533256E7
-2.1728232E7
-2.1900096E7
-2.2048864E7
-2.2174816E7
-2.227844E7
-2.2360408E7
-2.2421584E7
-2.2462976E7
-2.2485648E7
-2.24908E7
-2.2479672E7
-2.2453464E7
-2.2413432E7
-2.2360816E7
-2.2296768E7
-2.2222456E7
-2.2138944E7
-2.2047288E7
-2.194844E7
-2.1843352E7
-2.1732872E7
-2.1617848E7
-2.1499096E7
-2.1377392E7
-2.1253496E7
-2.1128216E7
-2.1002328E7
-2.087664E7
-2.0752032E7
-2.0629352E7
-2.0509552E7
-2.0393576E7
-2.0282368E7
-2.017692E7
-2.0078144E7
-1.9986912E7
-1.9903968E7
-1.9829936E7
-1.9765256E7
-1.9710152E7
-1.9664576E7
-1.9628256E7
-1.9600616E7
-1.9580832E7
-1.9567824E7
-1.9560256E7
-1.9556672E7
-1.9555408E7
-1.955476E7
-1.9552976E7
-1.9548328E7
-1.9539136E7
-1.9523848E7
-1.9501016E7
-1.9469392E7
-1.9427864E7
-1.9375496E7
-1.931156E7
-1.9235408E7
-1.9146616E7
-1.904484E7
-1.8929872E7
-1.880156E7
-1.865984E7
-1.8504744E7
-1.8336296E7
-1.8154592E7
-1.7959784E7
-1.7752088E7
-1.753172E7
-1.7299024E7
-1.7054368E7
-1.6798208E7
-1.6531032E7
-1.6253424E7
-1.5966032E7
-1.5669512E7
-1.5364576E7
-1.5051936E7
-1.4732296E7
-1.4406336E7
-1.4074696E7
-1.3737936E7
-1.3396528E7
-1.3050896E7
-1.2701344E7
-1.2348056E7
-1.1991152E7
-1.1630632E7
-1.1266472E7
-1.0898552E7
-1.0526688E7
-1.0150736E7
-9770512.0
-9385896.0
-8996784.0
-8603176.0
-8205152.0
-7802840.0
-7396552.0
-6986648.0
-6573608.0
-6158016.0
-5740520.0
-5321864.0
-4902800.0
-4484184.0
-4066848.0
-3651640.0
-3239416.0
-2831000.0
-2427240.0
-2028920.0
-1636880.0
-1251936.0
-874904.0
-506688.0
-148168.0
199688.0
535904.0
859448.0
1169264.0
1464376.0
1743752.0
2006512.0
2251840.0
2479104.0
2687808.0
2877640.0
3048568.0
3200672.0
3334264.0
3449832.0
3547968.0
3629416.0
3694968.0
3745448.0
3781704.0
3804592.0
3814896.0
3813416.0
3800888.0
3778080.0
3745744.0
3704680.0
3655752.0
3599888.0
3538144.0
3471656.0
3401696.0
3329600.0
3256760.0
3184648.0
3114664.0
3048184.0
2986480.0
2930632.0
2881536.0
2839824.0
2805848.0
2779680.0
2761008.0
2749240.0
2743440.0
2742376.0
2744512.0
2748064.0
2751048.0
2751296.0
2746520.0
2734448.0
2712744.0
2679208.0
2631760.0
2568568.0
2488048.0
2388984.0
2270496.0
2132136.0
1973848.0
1796016.0
1599456.0
1385352.0
1155224.0
910952.0
654664.0
388744.0
115664.0
-161888.0
-441200.0
-719528.0
-994112.0
-1262248.0
-1521296.0
-1768776.0
-2002296.0
-2219656.0
-2418856.0
-2598080.0
-2755784.0
-2890640.0
-3001560.0
-3087696.0
-3148456.0
-3183416.0
-3192400.0
-3175376.0
-3132432.0
-3063808.0
-2969840.0
-2850928.0
-2707616.0
-2540488.0
-2350232.0
-2137704.0
-1903880.0
-1649888.0
-1377088.0
-1087040.0
-781520.0
-462496.0
-132160.0
207096.0
552816.0
902448.0
1253368.0
1603064.0
1949032.0
2288984.0
2620744.0
2942376.0
3252184.0
3548696.0
3830712.0
4097248.0
4347560.0
4581080.0
4797432.0
4996416.0
5177912.0
5341952.0
5488608.0
5618000.0
5730320.0
5825760.0
5904528.0
5966824.0
6012880.0
6042928.0
6057184.0
6055912.0
6039408.0
6008008.0
5962128.0
5902264.0
5829032.0
5743208.0
5645616.0
5537328.0
5419536.0
5293568.0
5160944.0
5023280.0
4882296.0
4739848.0
4597800.0
4458064.0
4322544.0
4193160.0
4071712.0
3960032.0
3859792.0
3772600.0
3700032.0
3643472.0
3604264.0
3583608.0
3582584.0
3602200.0
3643264.0
3706520.0
3792520.0
3901704.0
4034352.0
4190552.0
4370272.0
4573280.0
4799192.0
5047440.0
5317304.0
5607856.0
5918024.0
6246528.0
6591944.0
6952608.0
7326712.0
7712232.0
8106976.0
8508520.0
8914304.0
9321592.0
9727528.0
1.0129136E7
1.052344E7
1.0907424E7
1.1278136E7
1.163276E7
1.1968608E7
1.2283296E7
1.2574608E7
1.2840672E7
1.3079944E7
1.3291144E7
1.3473344E7
1.3625816E7
1.3748144E7
1.3840048E7
1.39014E7
1.3932168E7
1.3932408E7
1.3902136E7
1.3841416E7
1.3750368E7
1.3629128E7
1.3477888E7
1.3297008E7
1.308704E7
1.2848816E7
1.2583544E7
1.2292816E7
1.1978696E7
1.1643808E7
1.1291232E7
1.09246E7
1.0547928E7
1.0165688E7
9782512.0
9403232.0
9032608.0
8675248.0
8335408.0
8016848.0
7722712.0
7455456.0
7216720.0
7007336.0
6827344.0
6675968.0
6551832.0
6452888.0
6376664.0
6320384.0
6281072.0
6255704.0
6241416.0
6235488.0
6235552.0
6239648.0
6246232.0
6254288.0
6263240.0
6273056.0
6284168.0
6297400.0
6313976.0
6335448.0
6363584.0
6400376.0
6447872.0
6508168.0
6583360.0
6675384.0
6786016.0
6916800.0
7068984.0
7243456.0
7440784.0
7661072.0
7904048.0
8169048.0
8455032.0
8760584.0
9084032.0
9423448.0
9776784.0
1.0141896E7
1.0516664E7
1.0899048E7
1.1287168E7
1.1679384E7
1.2074336E7
1.2470968E7
1.286852E7
1.3266568E7
1.3664984E7
1.4063856E7
1.4463512E7
1.4864376E7
1.5266968E7
1.5671808E7
1.607936E7
1.6489944E7
1.6903808E7
1.7320944E7
1.7741152E7
1.8164072E7
1.8589024E7
1.9015216E7
1.94416E7
1.9867016E7
2.0290136E7
2.0709552E7
2.1123792E7
2.1531328E7
2.193064E7
2.2320272E7
2.2698776E7
2.3064792E7
2.3417096E7
2.3754504E7
2.4075944E7
2.4380512E7
2.4667296E7
2.493552E7
2.518444E7
2.5413376E7
2.5621648E7
2.58086E7
2.5973592E7
2.6115952E7
2.6235024E7
2.6330152E7
2.6400712E7
2.6446128E7
2.6465872E7
2.645952E7
2.642676E7
2.63674E7
2.6281368E7
2.6168808E7
2.602992E7
2.5865112E7
2.567492E7
2.5459928E7
2.5220912E7
2.4958672E7
2.4674072E7
2.4368072E7
2.4041648E7
2.3695736E7
2.3331408E7
2.2949648E7
2.2551464E7
2.2137864E7
2.1709832E7
2.1268344E7
2.0814272E7
2.0348512E7
1.9871824E7
1.9384968E7
1.8888568E7
1.8383168E7
1.7869248E7
1.7347152E7
1.6817192E7
1.6279552E7
1.5734424E7
1.5181928E7
1.4622208E7
1.4055392E7
1.3481672E7
1.2901312E7
1.2314664E7
1.1722176E7
1.1124472E7
1.0522288E7
9916512.0
9308216.0
8698624.0
8089168.0
7481344.0
6876872.0
6277600.0
5685480.0
5102624.0
4531160.0
3973400.0
3431632.0
2908184.0
2405424.0
1925672.0
1471208.0
1044176.0
646576.0
280256.0
-53184.0
-352432.0
-616480.0
-844656.0
-1036632.0
-1192472.0
-1312624.0
-1397896.0
-1449472.0
-1468856.0
-1457832.0
-1418512.0
-1353160.0
-1264272.0
-1154416.0
-1026264.0
-882496.0
-725760.0
-558608.0
-383488.0
-202648.0
-18184.0
168096.0
354568.0
539896.0
722968.0
902944.0
1079192.0
1251320.0
1419168.0
1582752.0
1742264.0
1898088.0
2050720.0
2200800.0
2349088.0
2496400.0
2643608.0
2791624.0
2941288.0
3093440.0
3248792.0
3407952.0
3571368.0
3739336.0
3911936.0
4089088.0
4270520.0
4455792.0
4644384.0
4835592.0
5028672.0
5222880.0
5417472.0
5611800.0
5805320.0
5997648.0
6188616.0
6378216.0
6566752.0
6754696.0
6942776.0
7131904.0
7323184.0
7517816.0
7717048.0
7922168.0
8134376.0
8354752.0
8584168.0
8823256.0
9072376.0
9331504.0
9600336.0
9878192.0
1.0164024E7
1.0456488E7
1.075396E7
1.1054608E7
1.13564E7
1.1657176E7
1.19548E7
1.2247104E7
1.2532E7
1.28076E7
1.3072144E7
1.3324064E7
1.3562072E7
1.378512E7
1.3992384E7
1.4183248E7
1.4357328E7
1.4514352E7
1.465424E7
1.4776928E7
1.4882488E7
1.4970912E7
1.5042248E7
1.5096512E7
1.5133664E7
1.5153648E7
1.5156368E7
1.5141784E7
1.510984E7
1.5060584E7
1.4994176E7
1.4910928E7
1.4811344E7
1.4696096E7
1.4566144E7
1.4422648E7
1.4267008E7
1.4100848E7
1.3925992E7
1.3744416E7
1.3558256E7
1.3369712E7
1.3181008E7
1.2994344E7
1.2811864E7
1.2635544E7
1.2467184E7
1.2308344E7
1.2160272E7
1.2023936E7
1.1899904E7
1.1788464E7
1.1689512E7
1.1602624E7
1.1527096E7
1.1461944E7
1.1406032E7
1.1358032E7
1.13166E7
1.1280352E7
1.124796E7
1.1218192E7
1.118996E7
1.1162336E7
1.1134552E7
1.110604E7
1.107632E7
1.104512E7
1.101212E7
1.0977128E7
1.0939872E7
1.0900064E7
1.0857264E7
1.0810952E7
1.0760464E7
1.0705008E7
1.0643688E7
1.0575536E7
1.049952E7
1.041468E7
1.0320056E7
1.0214768E7
1.0098144E7
9969576.0
9828680.0
9675216.0
9509136.0
9330496.0
9139512.0
8936496.0
8721848.0
8496008.0
8259480.0
8012808.0
7756584.0
7491440.0
7218120.0
6937472.0
6650440.0
6358160.0
6061968.0
5763368.0
5464032.0
5165872.0
4870984.0
4581488.0
4299704.0
4027864.0
3768224.0
3522864.0
3293704.0
3082384.0
2890224.0
2718152.0
2566744.0
2436088.0
2325888.0
2235416.0
2163584.0
2108968.0
2069848.0
2044336.0
2030400.0
2025936.0
2028856.0
2037192.0
2049104.0
2062912.0
2077192.0
2090744.0
2102648.0
2112200.0
2118944.0
2122680.0
2123344.0
2121064.0
2116056.0
2108640.0
2099144.0
2087960.0
2075376.0
2061656.0
2046984.0
2031400.0
2014856.0
1997136.0
1977912.0
1956776.0
1933192.0
1906600.0
1876424.0
1842136.0
1803288.0
1759632.0
1711032.0
1657648.0
1599896.0
1538456.0
1474336.0
1408816.0
1343408.0
1279904.0
1220232.0
1166432.0
1120640.0
1084960.0
1061384.0
1051784.0
1057872.0
1081000.0
1122296.0
1182512.0
1262040.0
1360992.0
1479024.0
1615528.0
1769600.0
1940088.0
2125640.0
2324736.0
2535784.0
2757136.0
2987168.0
3224264.0
3466904.0
3713616.0
3963080.0
4214096.0
4465576.0
4716576.0
4966264.0
5214016.0
5459336.0
5701936.0
5941712.0
6178736.0
6413304.0
6645920.0
6877264.0
7108160.0
7339592.0
7572600.0
7808296.0
8047728.0
8291912.0
8541696.0
8797792.0
9060680.0
9330552.0
9607384.0
9890832.0
1.0180312E7
1.047492E7
1.0773608E7
1.1075064E7
1.1377824E7
1.1680352E7
1.1980968E7
1.2278064E7
1.2569952E7
1.2855008E7
1.3131696E7
1.3398528E7
1.3654112E7
1.38972E7
1.4126648E7
1.4341384E7
1.4540528E7
1.4723336E7
1.4889232E7
1.5037792E7
1.516884E7
1.5282368E7
1.5378616E7
1.545804E7
1.5521328E7
1.5569352E7
1.5603208E7
1.5624064E7
1.5633272E7
1.5632128E7
1.5621992E7
1.5604104E7
1.5579616E7
1.5549472E7
1.551444E7
1.5475048E7
1.5431584E7
1.5384168E7
1.5332656E7
1.5276752E7
1.5216104E7
1.5150232E7
1.5078688E7
1.5001088E7
1.4917152E7
1.4826752E7
1.4729968E7
1.4627096E7
1.4518656E7
1.44054E7
1.4288312E7
1.4168536E7
1.4047408E7
1.3926368E7
1.3806952E7
1.3690752E7
1.3579352E7
1.347436E7
1.337728E7
1.3289632E7
1.32128E7
1.3148072E7
1.3096648E7
1.3059616E7
1.3037944E7
1.3032456E7
1.3043808E7
1.3072568E7
1.3119136E7
1.3183696E7
1.326632E7
1.3366872E7
1.3485048E7
1.3620336E7
1.3772008E7
1.3939168E7
1.4120704E7
1.4315304E7
1.4521496E7
1.4737624E7
1.4961888E7
1.5192392E7
1.5427128E7
1.5664096E7
1.5901216E7
1.6136496E7
1.6367968E7
1.6593808E7
1.681228E7
1.7021872E7
1.7221232E7
1.7409232E7
1.7585024E7
1.774804E7
1.7897952E7
1.8034816E7
1.8158936E7
1.8270984E7
1.8371904E7
1.846292E7
1.8545528E7
1.8621456E7
1.8692552E7
1.8760848E7
1.8828368E7
1.8897136E7
1.8969136E7
1.9046128E7
1.9129704E7
1.922116E7
1.9321456E7
1.9431184E7
1.9550536E7
1.9679288E7
1.9816768E7
1.996188E7
2.0113216E7
2.0268928E7
2.042696E7
2.0584928E7
2.0740344E7
2.0890576E7
2.1033E7
2.1164968E7
2.128396E7
2.1387656E7
2.1473848E7
2.1540664E7
2.1586432E7
2.1609808E7
2.160976E7
2.1585528E7
2.153668E7
2.1463024E7
2.1364672E7
2.1241976E7
2.1095488E7
2.0926008E7
2.0734552E7
2.052224E7
2.029044E7
2.004068E7
1.9774656E7
1.9494192E7
1.9201328E7
1.8898184E7
1.8587064E7
1.827032E7
1.7950416E7
1.7629832E7
1.7311024E7
1.6996384E7
1.6688184E7
1.6388536E7
1.6099344E7
1.582228E7
1.5558744E7
1.5309848E7
1.5076472E7
1.4859168E7
1.4658288E7
1.4473952E7
1.430604E7
1.4154312E7
1.4018328E7
1.3897616E7
1.3791472E7
1.36992E7
1.3619976E7
1.3552872E7
1.3496912E7
1.3450984E7
1.341388E7
1.3384288E7
1.3360792E7
1.3341848E7
1.3325792E7
1.3310896E7
1.3295336E7
1.327724E7
1.3254696E7
1.3225832E7
1.318876E7
1.314176E7
1.3083128E7
1.3011328E7
1.2925016E7
1.2822944E7
1.2704128E7
1.2567736E7
1.2413128E7
1.2239864E7
1.2047696E7
1.1836528E7
1.16064E7
1.1357576E7
1.1090416E7
1.0805472E7
1.0503416E7
1.018512E7
9851584.0
9504032.0
9143816.0
8772536.0
8391912.0
8003904.0
7610608.0
7214240.0
6817184.0
6421824.0
6030648.0
5646008.0
5270264.0
4905608.0
4554032.0
4217296.0
3896880.0
3593960.0
3309384.0
3043696.0
2797088.0
2569536.0
2360672.0
2170016.0
1996944.0
1840680.0
1700496.0
1575680.0
1465648.0
1369944.0
1288264.0
1220528.0
1166848.0
1127512.0
1103024.0
1093960.0
1101024.0
1124944.0
1166424.0
1226104.0
1304456.0
1401808.0
1518208.0
1653464.0
1807072.0
1978224.0
2165800.0
2368360.0
2584192.0
2811384.0
3047760.0
3291024.0
3538792.0
3788584.0
4037984.0
4284624.0
4526240.0
4760712.0
4986184.0
5200952.0
5403688.0
5593240.0
5768872.0
5930104.0
6076816.0
6209176.0
6327688.0
6433128.0
6526480.0
6609016.0
6682104.0
6747304.0
6806184.0
6860448.0
6911744.0
6961752.0
7012072.0
7064248.0
7119816.0
7180168.0
7246664.0
7320600.0
7403184.0
7495488.0
7598496.0
7713120.0
7840032.0
7979776.0
8132624.0
8298608.0
8477456.0
8668584.0
8871040.0
9083560.0
9304504.0
9531920.0
9763592.0
9997056.0
1.0229656E7
1.0458672E7
1.068136E7
1.089504E7
1.1097184E7
1.128552E7
1.1458032E7
1.1613096E7
1.1749488E7
1.1866416E7
1.1963528E7
1.204092E7
1.2099152E7
1.2139128E7
1.2162152E7
1.2169824E7
1.2163952E7
1.2146552E7
1.211976E7
1.2085688E7
1.204644E7
1.2003984E7
1.1960112E7
1.191636E7
1.1873984E7
1.1833904E7
1.1796624E7
1.1762328E7
1.173076E7
1.1701312E7
1.1673024E7
1.16446E7
1.1614504E7
1.1580992E7
1.1542152E7
1.1496008E7
1.1440576E7
1.1373904E7
1.1294192E7
1.1199784E7
1.1089264E7
1.096144E7
1.0815464E7
1.0650744E7
1.0467096E7
1.0264544E7
1.004356E7
9804816.0
9549264.0
9278152.0
8992888.0
8695024.0
8386256.0
8068288.0
7742896.0
7411752.0
7076568.0
6738856.0
6400040.0
6061424.0
5724104.0
5389000.0
5056952.0
4728528.0
4404184.0
4084240.0
3768816.0
3457976.0
3151680.0
2849752.0
2552032.0
2258304.0
1968368.0
1682064.0
1399264.0
1119960.0
844216.0
572248.0
304368.0
41016.0
-217224.0
-469688.0
-715624.0
-954224.0
-1184648.0
-1406120.0
-1617920.0
-1819400.0
-2010088.0
-2189648.0
-2357992.0
-2515208.0
-2661600.0
-2797696.0
-2924208.0
-3042008.0
-3152152.0
-3255744.0
-3353992.0
-3448144.0
-3539432.0
-3629072.0
-3718184.0
-3807848.0
-3898984.0
-3992440.0
-4088960.0
-4189112.0
-4293376.0
-4402152.0
-4515704.0
-4634200.0
-4757760.0
-4886408.0
-5020072.0
-5158624.0
-5301864.0
-5449464.0
-5601072.0
-5756200.0
-5914320.0
-6074808.0
-6236992.0
-6400128.0
-6563520.0
-6726416.0
-6888120.0
-7047944.0
-7205328.0
-7359712.0
-7510640.0
-7657752.0
-7800744.0
-7939336.0
-8073344.0
-8202584.0
-8326928.0
-8446224.0
-8560400.0
-8669408.0
-8773192.0
-8871792.0
-8965256.0
-9053688.0
-9137248.0
-9216144.0
-9290568.0
-9360752.0
-9426864.0
-9489120.0
-9547544.0
-9602152.0
-9652824.0
-9699336.0
-9741368.0
-9778512.0
-9810256.0
-9836112.0
-9855544.0
-9868104.0
-9873424.0
-9871264.0
-9861536.0
-9844384.0
-9820104.0
-9789240.0
-9752528.0
-9710864.0
-9665288.0
-9616976.0
-9567128.0
-9516936.0
-9467576.0
-9420104.0
-9375400.0
-9334168.0
-9296824.0
-9263520.0
-9234144.0
-9208216.0
-9184944.0
-9163264.0
-9141824.0
-9119032.0
-9093112.0
-9062152.0
-9024224.0
-8977296.0
-8919504.0
-8849072.0
-8764392.0
-8664104.0
-8547112.0
-8412584.0
-8260024.0
-8089208.0
-7900240.0
-7693536.0
-7469768.0
-7229896.0
-6975120.0
-6706936.0
-6427008.0
-6137296.0
-5839920.0
-5537200.0
-5231664.0
-4925976.0
-4622984.0
-4325608.0
-4036856.0
-3759800.0
-3497480.0
-3252952.0
-3029144.0
-2828904.0
-2654880.0
-2509552.0
-2395136.0
-2313536.0
-2266424.0
-2255040.0
-2280272.0
-2342608.0
-2442120.0
-2578416.0
-2750680.0
-2957640.0
-3197616.0
-3468552.0
-3767960.0
-4093096.0
-4440936.0
-4808264.0
-5191696.0
-5587800.0
-5993128.0
-6404304.0
-6818064.0
-7231352.0
-7641288.0
-8045296.0
-8441096.0
-8826760.0
-9200672.0
-9561552.0
-9908512.0
-1.0241024E7
-1.0558808E7
-1.0861952E7
-1.1150792E7
-1.1425928E7
-1.1688152E7
-1.193844E7
-1.2177864E7
-1.2407584E7
-1.262884E7
-1.2842824E7
-1.305072E7
-1.3253608E7
-1.3452512E7
-1.3648296E7
-1.3841712E7
-1.4033352E7
-1.4223648E7
-1.441288E7
-1.4601192E7
-1.4788608E7
-1.4974992E7
-1.516016E7
-1.5343816E7
-1.5525608E7
-1.5705128E7
-1.5881928E7
-1.605556E7
-1.6225512E7
-1.6391264E7
-1.6552264E7
-1.670796E7
-1.6857728E7
-1.7000944E7
-1.7136976E7
-1.726516E7
-1.7384856E7
-1.7495416E7
-1.7596248E7
-1.7686848E7
-1.7766744E7
-1.7835584E7
-1.7893104E7
-1.7939144E7
-1.7973632E7
-1.7996584E7
-1.8008056E7
-1.8008208E7
-1.7997176E7
-1.7975144E7
-1.794228E7
-1.7898752E7
-1.784472E7
-1.7780392E7
-1.7705928E7
-1.762164E7
-1.7527848E7
-1.742504E7
-1.73138E7
-1.719496E7
-1.7069536E7
-1.693872E7
-1.6803968E7
-1.6666984E7
-1.6529592E7
-1.6393848E7
-1.626192E7
-1.6136096E7
-1.6018648E7
-1.5911896E7
-1.5818032E7
-1.5739184E7
-1.5677296E7
-1.5634112E7
-1.5611152E7
-1.5609632E7
-1.563048E7
-1.5674336E7
-1.5741504E7
-1.583196E7
-1.5945312E7
-1.6080888E7
-1.6237672E7
-1.6414336E7
-1.6609352E7
-1.6820824E7
-1.7046752E7
-1.7284896E7
-1.7532872E7
-1.7788192E7
-1.8048352E7
-1.831076E7
-1.857288E7
-1.8832208E7
-1.908636E7
-1.933304E7
-1.957016E7
-1.9795736E7
-2.0008008E7
-2.0205432E7
-2.0386648E7
-2.0550512E7
-2.0696072E7
-2.08226E7
-2.0929512E7
-2.1016408E7
-2.1083032E7
-2.1129264E7
-2.1155088E7
-2.1160552E7
-2.1145808E7
-2.1111032E7
-2.1056408E7
-2.0982152E7
-2.0888472E7
-2.0775552E7
-2.064356E7
-2.049268E7
-2.0323048E7
-2.013484E7
-1.9928224E7
-1.9703432E7
-1.9460696E7
-1.9200408E7
-1.8922976E7
-1.862892E7
-1.831896E7
-1.799388E7
-1.7654592E7
-1.7302224E7
-1.6938E7
-1.656332E7
-1.6179728E7
-1.578888E7
-1.5392584E7
-1.4992752E7
-1.4591408E7
-1.419068E7
-1.3792696E7
-1.339964E7
-1.3013712E7
-1.2637024E7
-1.2271616E7
-1.1919376E7
-1.1582016E7
-1.1261008E7
-1.0957528E7
-1.0672464E7
-1.0406296E7
-1.0159152E7
-9930744.0
-9720384.0
-9527040.0
-9349256.0
-9185336.0
-9033312.0
-8891072.0
-8756336.0
-8626896.0
-8500584.0
-8375416.0
-8249624.0
-8121736.0
-7990672.0
-7855656.0
-7716384.0
-7572888.0
-7425600.0
-7275240.0
-7122880.0
-6969776.0
-6817376.0
-6667272.0
-6521096.0
-6380488.0
-6247072.0
-6122400.0
-6007888.0
-5904848.0
-5814360.0
-5737384.0
-5674600.0
-5626480.0
-5593216.0
-5574736.0
-5570696.0
-5580472.0
-5603136.0
-5637512.0
-5682200.0
-5735568.0
-5795856.0
-5861168.0
-5929576.0
-5999192.0
-6068192.0
-6134888.0
-6197856.0
-6255872.0
-6308032.0
-6353776.0
-6392856.0
-6425392.0
-6451768.0
-6472760.0
-6489328.0
-6502680.0
-6514184.0
-6525360.0
-6537800.0
-6553072.0
-6572824.0
-6598600.0
-6631880.0
-6674056.0
-6726376.0
-6790000.0
-6865904.0
-6954944.0
-7057784.0
-7174960.0
-7306744.0
-7453280.0
-7614512.0
-7790128.0
-7979576.0
-8182072.0
-8396624.0
-8621896.0
-8856352.0
-9098144.0
-9345280.0
-9595424.0
-9846104.0
-1.0094648E7
-1.0338248E7
-1.0573984E7
-1.0798928E7
-1.1010088E7
-1.1204576E7
-1.1379544E7
-1.15324E7
-1.1660696E7
-1.1762288E7
-1.183532E7
-1.1878344E7
-1.1890224E7
-1.1870304E7
-1.1818256E7
-1.173424E7
-1.1618728E7
-1.1472568E7
-1.1296952E7
-1.1093288E7
-1.0863232E7
-1.0608592E7
-1.0331264E7
-1.00332E7
-9716352.0
-9382568.0
-9033632.0
-8671168.0
-8296664.0
-7911400.0
-7516544.0
-7113016.0
-6701728.0
-6283400.0
-5858744.0
-5428448.0
-4993224.0
-4553920.0
-4111416.0
-3666816.0
-3221336.0
-2776432.0
-2333656.0
-1894768.0
-1461640.0
-1036264.0
-620672.0
-216864.0
173152.0
547512.0
904528.0
1242680.0
1560712.0
1857696.0
2133000.0
2386280.0
2617560.0
2827144.0
3015600.0
3183792.0
3332704.0
3463512.0
3577496.0
3675952.0
3760224.0
3831600.0
3891320.0
3940600.0
3980584.0
4012352.0
4036992.0
4055568.0
4069176.0
4078952.0
4086096.0
4091864.0
4097640.0
4104776.0
4114736.0
4128984.0
4148928.0
4175992.0
4211456.0
4256536.0
4312272.0
4379568.0
4459152.0
4551576.0
4657240.0
4776344.0
4908960.0
5054968.0
5214120.0
5386032.0
5570144.0
5765832.0
5972288.0
6188632.0
6413832.0
6646736.0
6886112.0
7130616.0
7378824.0
7629176.0
7880152.0
8130096.0
8377392.0
8620408.0
8857568.0
9087392.0
9308456.0
9519560.0
9719648.0
9907936.0
1.0083848E7
1.0247168E7
1.0397936E7
1.053656E7
1.066372E7
1.0780448E7
1.088804E7
1.0988016E7
1.1082104E7
1.11722E7
1.1260208E7
1.1348064E7
1.1437608E7
1.1530544E7
1.1628376E7
1.1732256E7
1.1843104E7
1.1961432E7
1.2087368E7
1.2220664E7
1.2360704E7
1.2506552E7
1.265692E7
1.281032E7
1.2965048E7
1.3119296E7
1.3271184E7
1.3418824E7
1.3560384E7
1.369412E7
1.3818408E7
1.3931776E7
1.4032912E7
1.4120664E7
1.4194048E7
1.4252288E7
1.4294752E7
1.4321024E7
1.4330872E7
1.4324248E7
1.4301376E7
1.4262656E7
1.4208776E7
1.414064E7
1.4059424E7
1.3966512E7
1.386352E7
1.375224E7
1.36346E7
1.3512632E7
1.3388424E7
1.3264024E7
1.3141392E7
1.3022432E7
1.2908848E7
1.280212E7
1.270356E7
1.2614168E7
1.2534776E7
1.2465904E7
1.2407904E7
1.236088E7
1.2324768E7
1.229932E7
1.2284184E7
1.2278864E7
1.2282728E7
1.229508E7
1.2315128E7
1.234196E7
1.23746E7
1.2412032E7
1.2453096E7
1.2496672E7
1.2541592E7
1.2586696E7
1.2630912E7
1.2673224E7
1.271276E7
1.274884E7
1.278088E7
1.2808584E7
1.28318E7
1.2850536E7
1.2864976E7
1.2875376E7
1.2882072E7
1.288536E7
1.2885512E7
1.2882688E7
1.2876824E7
1.2867736E7
1.2854944E7
1.2837736E7
1.2815184E7
1.2786032E7
1.2748928E7
1.2702232E7
1.2644248E7
1.257316E7
1.248716E7
1.2384464E7
1.2263416E7
1.2122544E7
1.1960576E7
1.1776552E7
1.15698E7
1.1340024E7
1.1087272E7
1.0811984E7
1.0514984E7
1.0197416E7
9860824.0
9506984.0
9138032.0
8756336.0
8364472.0
7965208.0
7561456.0
7156272.0
6752744.0
6354064.0
5963416.0
5583952.0
5218864.0
4871144.0
4543784.0
4239616.0
3961320.0
3711408.0
3492184.0
3305760.0
3153984.0
3038464.0
2960552.0
2921256.0
2921360.0
2961232.0
3040960.0
3160256.0
3318480.0
3514576.0
3747144.0
4014440.0
4314344.0
4644456.0
5002048.0
5384232.0
5787920.0
6209936.0
6647040.0
7095952.0
7553544.0
8016640.0
8482296.0
8947592.0
9409800.0
9866232.0
1.0314336E7
1.0751576E7
1.117544E7
1.1583432E7
1.1972968E7
1.2341424E7
1.2686128E7
1.3004352E7
1.3293328E7
1.3550328E7
1.3772672E7
1.3957872E7
1.410364E7
1.4208032E7
1.4269464E7
1.4286864E7
1.4259656E7
1.4187832E7
1.4072024E7
1.3913376E7
1.371368E7
1.3475192E7
1.3200688E7
1.2893304E7
1.255656E7
1.2194152E7
1.1810016E7
1.1408104E7
1.0992408E7
1.0566872E7
1.013528E7
9701232.0
9268104.0
8838952.0
8416512.0
8003120.0
7600728.0
7210872.0
6834632.0
6472680.0
6125312.0
5792408.0
5473496.0
5167832.0
4874440.0
4592096.0
4319464.0
4055176.0
3797760.0
3545816.0
3297984.0
3052984.0
2809680.0
2567112.0
2324376.0
2080800.0
1835888.0
1589240.0
1340664.0
1090064.0
837512.0
583176.0
327376.0
70528.0
-186864.0
-444168.0
-700688.0
-955632.0
-1208144.0
-1457352.0
-1702368.0
-1942312.0
-2176392.0
-2403912.0
-2624328.0
-2837232.0
-3042472.0
-3240088.0
-3430368.0
-3613808.0
-3791128.0
-3963264.0
-4131256.0
-4296288.0
-4459552.0
-4622296.0
-4785688.0
-4950768.0
-5118456.0
-5289424.0
-5464144.0
-5642816.0
-5825320.0
-6011264.0
-6199896.0
-6390224.0
-6580872.0
-6770256.0
-6956456.0
-7137360.0
-7310616.0
-7473760.0
-7624136.0
-7759048.0
-7875840.0
-7971808.0
-8044392.0
-8091176.0
-8109928.0
-8098736.0
-8055928.0
-7980176.0
-7870528.0
-7726416.0
-7547696.0
-7334576.0
-7087696.0
-6808104.0
-6497240.0
-6156888.0
-5789192.0
-5396656.0
-4982088.0
-4548576.0
-4099456.0
-3638232.0
-3168616.0
-2694384.0
-2219280.0
-1747104.0
-1281416.0
-825680.0
-383008.0
43816.0
452376.0
840752.0
1207472.0
1551496.0
1872328.0
2169832.0
2444376.0
2696632.0
2927576.0
3138456.0
3330720.0
3505960.0
3665888.0
3812304.0
3947032.0
4071968.0
4188984.0
4300016.0
4406928.0
4511656.0
4616016.0
4721792.0
4830696.0
4944312.0
5064056.0
5191160.0
5326648.0
5471312.0
5625704.0
5790104.0
5964568.0
6148888.0
6342744.0
6545584.0
6756792.0
6975688.0
7201528.0
7433640.0
7671384.0
7914208.0
8161648.0
8413360.0
8669088.0
8928688.0
9192136.0
9459400.0
9730592.0
1.0005824E7
1.0285216E7
1.0568952E7
1.0857176E7
1.1150072E7
1.1447824E7
1.1750592E7
1.2058536E7
1.2371864E7
1.2690792E7
1.301552E7
1.3346264E7
1.3683288E7
1.4026832E7
1.437712E7
1.473436E7
1.5098736E7
1.5470312E7
1.5849136E7
1.6235088E7
1.6627944E7
1.7027328E7
1.743268E7
1.7843288E7
1.825828E7
1.8676536E7
1.9096872E7
1.9517872E7
1.993804E7
2.0355752E7
2.0769312E7
2.1177024E7
2.1577136E7
2.1968008E7
2.2348056E7
2.2715824E7
2.3070008E7
2.3409528E7
2.3733432E7
2.404104E7
2.433184E7
2.460552E7
2.4861944E7
2.5101096E7
2.5323096E7
2.5528096E7
2.5716344E7
2.5888088E7
2.6043536E7
2.6182904E7
2.6306408E7
2.6414184E7
2.6506376E7
2.658312E7
2.664452E7
2.669072E7
2.672188E7
2.67382E7
2.6739936E7
2.6727408E7
2.6701E7
2.6661216E7
2.6608632E7
2.6543896E7
2.6467776E7
2.6381128E7
2.6284856E7
2.6179952E7
2.606744E7
2.594836E7
2.582376E7
2.5694624E7
2.5561912E7
2.5426488E7
2.5289064E7
2.5150264E7
2.5010576E7
2.4870296E7
2.4729608E7
2.4588536E7
2.4446992E7
2.4304744E7
2.4161472E7
2.4016824E7
2.3870344E7
2.37216E7
2.3570112E7
2.3415432E7
2.3257144E7
2.3094888E7
2.2928328E7
2.275724E7
2.2581392E7
2.2400704E7
2.2215136E7
2.2024728E7
2.182956E7
2.1629792E7
2.1425616E7
2.1217264E7
2.100496E7
2.0788936E7
2.0569408E7
2.0346544E7
2.0120432E7
1.989116E7
1.9658664E7
1.9422864E7
1.9183568E7
1.894056E7
1.8693528E7
1.8442128E7
1.8186016E7
1.7924808E7
1.765816E7
1.7385768E7
1.710736E7
1.682276E7
1.6531848E7
1.6234648E7
1.5931264E7
1.5621976E7
1.530712E7
1.4987184E7
1.4662816E7
1.4334704E7
1.400368E7
1.3670616E7
1.333644E7
1.3002056E7
1.2668416E7
1.233636E7
1.2006712E7
1.1680192E7
1.1357424E7
1.103892E7
1.0725088E7
1.0416248E7
1.0112648E7
9814448.0
9521792.0
9234776.0
8953568.0
8678264.0
8409128.0
8146408.0
7890440.0
7641704.0
7400744.0
7168256.0
6945016.0
6731944.0
6530072.0
6340544.0
6164608.0
6003632.0
5859032.0
5732296.0
5624936.0
5538464.0
5474352.0
5433960.0
5418544.0
5429184.0
5466736.0
5531760.0
5624568.0
5745120.0
5892976.0
6067400.0
6267240.0
6491024.0
6736872.0
7002656.0
7285896.0
7583904.0
7893744.0
8212312.0
8536368.0
8862568.0
9187528.0
9507824.0
9820104.0
1.0121048E7
1.0407472E7
1.067636E7
1.0924848E7
1.1150344E7
1.1350496E7
1.152328E7
1.1666984E7
1.1780248E7
1.1862128E7
1.1912072E7
1.1929904E7
1.1915944E7
1.1870872E7
1.1795864E7
1.1692432E7
1.1562512E7
1.1408384E7
1.1232632E7
1.103808E7
1.0827704E7
1.0604608E7
1.0371904E7
1.0132624E7
9889648.0
9645608.0
9402832.0
9163264.0
8928432.0
8699352.0
8476616.0
8260264.0
8049912.0
7844736.0
7643480.0
7444608.0
7246304.0
7046528.0
6843216.0
6634256.0
6417592.0
6191320.0
5953784.0
5703552.0
5439584.0
5161152.0
4867960.0
4560104.0
4238152.0
3903024.0
3556096.0
3199088.0
2834072.0
2463392.0
2089656.0
1715696.0
1344424.0
978864.0
622024.0
276896.0
-53608.0
-366800.0
-660104.0
-931224.0
-1178080.0
-1398888.0
-1592168.0
-1756728.0
-1891672.0
-1996424.0
-2070656.0
-2114360.0
-2127784.0
-2111368.0
-2065840.0
-1992096.0
-1891248.0
-1764544.0
-1613432.0
-1439424.0
-1244208.0
-1029496.0
-797160.0
-549064.0
-287128.0
-13256.0
270624.0
562624.0
860920.0
1163752.0
1469440.0
1776368.0
2083048.0
2388096.0
2690152.0
2987944.0
3280280.0
3565960.0
3843816.0
4112688.0
4371368.0
4618632.0
4853256.0
5073960.0
5279464.0
5468424.0
5639560.0
5791584.0
5923272.0
6033456.0
6121056.0
6185120.0
6224856.0
6239656.0
6229112.0
6193032.0
6131528.0
6044944.0
5933936.0
5799472.0
5642776.0
5465336.0
5268936.0
5055520.0
4827176.0
4586152.0
4334648.0
4074888.0
3808976.0
3538840.0
3266200.0
2992560.0
2719080.0
2446648.0
2175864.0
1907024.0
1640184.0
1375160.0
1111624.0
849104.0
587040.0
324896.0
62112.0
-201760.0
-467080.0
-734024.0
-1002624.0
-1272664.0
-1543744.0
-1815216.0
-2086208.0
-2355584.0
-2621992.0
-2883880.0
-3139472.0
-3386872.0
-3624032.0
-3848800.0
-4059056.0
-4252640.0
-4427512.0
-4581776.0
-4713712.0
-4821896.0
-4905128.0
-4962632.0
-4993976.0
-4999064.0
-4978248.0
-4932208.0
-4861992.0
-4768968.0
-4654760.0
-4521248.0
-4370416.0
-4204408.0
-4025400.0
-3835552.0
-3636960.0
-3431680.0
-3221544.0
-3008296.0
-2793408.0
-2578184.0
-2363664.0
-2150640.0
-1939656.0
-1731016.0
-1524760.0
-1320688.0
-1118400.0
-917312.0
-716616.0
-515480.0
-312904.0
-107880.0
100608.0
313552.0
531776.0
756056.0
986888.0
1224624.0
1469304.0
1720736.0
1978408.0
2241488.0
2508952.0
2779424.0
3051304.0
3322848.0
3592120.0
3857096.0
4115704.0
4365896.0
4605664.0
4833088.0
5046344.0
5243776.0
5423848.0
5585224.0
5726672.0
5847112.0
5945568.0
6021152.0
6073064.0
6100544.0
6102832.0
6079232.0
6029000.0
5951440.0
5845840.0
5711552.0
5547960.0
5354584.0
5131024.0
4877120.0
4592904.0
4278688.0
3935136.0
3563224.0
3164344.0
2740280.0
2293216.0
1825760.0
1340872.0
841864.0
332400.0
-183656.0
-702280.0
-1219272.0
-1730432.0
-2231600.0
-2718744.0
-3188056.0
-3635968.0
-4059280.0
-4455176.0
-4821248.0
-5155584.0
-5456696.0
-5723576.0
-5955672.0
-6152808.0
-6315240.0
-6443520.0
-6538560.0
-6601496.0
-6633728.0
-6636880.0
-6612728.0
-6563248.0
-6490536.0
-6396864.0
-6284600.0
-6156232.0
-6014320.0
-5861504.0
-5700416.0
-5533696.0
-5363928.0
-5193600.0
-5025096.0
-4860616.0
-4702152.0
-4551512.0
-4410272.0
-4279744.0
-4160984.0
-4054856.0
-3961952.0
-3882664.0
-3817144.0
-3765344.0
-3727072.0
-3701864.0
-3689168.0
-3688248.0
-3698256.0
-3718176.0
-3746992.0
-3783512.0
-3826560.0
-3875008.0
-3927680.0
-3983568.0
-4041768.0
-4101512.0
-4162320.0
-4223944.0
-4286424.0
-4350144.0
-4415752.0
-4484328.0
-4557160.0
-4635912.0
-4722448.0
-4818824.0
-4927256.0
-5050000.0
-5189288.0
-5347272.0
-5525872.0
-5726832.0
-5951480.0
-6200856.0
-6475488.0
-6775512.0
-7100576.0
-7449912.0
-7822288.0
-8216080.0
-8629384.0
-9059928.0
-9505264.0
-9962784.0
-1.0429728E7
-1.0903336E7
-1.1380768E7
-1.1859248E7
-1.2336088E7
-1.2808656E7
-1.32744E7
-1.3730976E7
-1.4176144E7
-1.4607848E7
-1.5024184E7
-1.5423504E7
-1.5804312E7
-1.616532E7
-1.6505488E7
-1.6823968E7
-1.7120072E7
-1.739328E7
-1.764324E7
-1.7869696E7
-1.807244E7
-1.8251304E7
-1.8406168E7
-1.8536848E7
-1.8643192E7
-1.8724968E7
-1.878192E7
-1.8813824E7
-1.8820456E7
-1.8801624E7
-1.8757272E7
-1.8687448E7
-1.8592304E7
-1.8472256E7
-1.832784E7
-1.8159888E7
-1.7969328E7
-1.775732E7
-1.7525168E7
-1.727424E7
-1.7005984E7
-1.6721864E7
-1.6423264E7
-1.6111488E7
-1.5787648E7
-1.5452704E7
-1.5107392E7
-1.4752192E7
-1.4387392E7
-1.4013064E7
-1.362904E7
-1.3235048E7
-1.2830688E7
-1.2415536E7
-1.1989112E7
-1.1551008E7
-1.1100912E7
-1.0638632E7
-1.016408E7
-9677360.0
-9178744.0
-8668632.0
-8147600.0
-7616320.0
-7075576.0
-6526216.0
-5969152.0
-5405344.0
-4835760.0
-4261384.0
-3683200.0
-3102216.0
-2519432.0
-1935816.0
-1352360.0
-770056.0
-189904.0
387152.0
960160.0
1528160.0
2090208.0
2645368.0
3192688.0
3731192.0
4259872.0
4777704.0
5283632.0
5776512.0
6255184.0
6718472.0
7165168.0
7594072.0
8003992.0
8393816.0
8762456.0
9108992.0
9432536.0
9732352.0
1.0007832E7
1.025844E7
1.0483752E7
1.0683376E7
1.0856976E7
1.1004216E7
1.1124672E7
1.1217936E7
1.1283432E7
1.132056E7
1.1328536E7
1.1306568E7
1.1253728E7
1.116912E7
1.1051832E7
1.0901056E7
1.0716096E7
1.049652E7
1.0242104E7
9953000.0
9629752.0
9273352.0
8885232.0
8467336.0
8022064.0
7552360.0
7061600.0
6553552.0
6032408.0
5502608.0
4968856.0
4435952.0
3908760.0
3392088.0
2890616.0
2408744.0
1950552.0
1519728.0
1119432.0
752320.0
420472.0
125352.0
-132168.0
-351800.0
-533832.0
-679032.0
-788696.0
-864424.0
-908232.0
-922352.0
-909224.0
-871432.0
-811576.0
-732304.0
-636240.0
-525928.0
-403824.0
-272272.0
-133496.0
10400.0
157448.0
305776.0
453656.0
599472.0
741696.0
878960.0
1009984.0
1133688.0
1249072.0
1355400.0
1452040.0
1538648.0
1615024.0
1681264.0
1737672.0
1784776.0
1823328.0
1854288.0
1878816.0
1898216.0
1913912.0
1927456.0
1940464.0
1954544.0
1971368.0
1992544.0
2019648.0
2054176.0
2097528.0
2150992.0
2215704.0
2292632.0
2382584.0
2486128.0
2603568.0
2734936.0
2879912.0
3037832.0
3207568.0
3387624.0
3576008.0
3770320.0
3967712.0
4164968.0
4358520.0
4544584.0
4719192.0
4878368.0
5018136.0
5134744.0
5224712.0
5284952.0
5312864.0
5306424.0
5264224.0
5185520.0
5070248.0
4918992.0
4733064.0
4514256.0
4264984.0
3988080.0
3686720.0
3364328.0
3024472.0
2670768.0
2306792.0
1935912.0
1561344.0
1186000.0
812448.0
442912.0
79256.0
-277064.0
-624944.0
-963648.0
-1292736.0
-1612096.0
-1921848.0
-2222328.0
-2514056.0
-2797680.0
-3073928.0
-3343536.0
-3607288.0
-3865872.0
-4119896.0
-4369848.0
-4616056.0
-4858624.0
-5097544.0
-5332488.0
-5563008.0
-5788440.0
-6007944.0
-6220576.0
-6425304.0
-6621032.0
-6806744.0
-6981440.0
-7144320.0
-7294728.0
-7432256.0
-7556752.0
-7668408.0
-7767592.0
-7855088.0
-7931928.0
-7999416.0
-8059096.0
-8112672.0
-8162080.0
-8209288.0
-8256368.0
-8305384.0
-8358376.0
-8417288.0
-8483936.0
-8560008.0
-8647016.0
-8746288.0
-8858936.0
-8985904.0
-9127920.0
-9285536.0
-9459168.0
-9649024.0
-9855192.0
-1.0077656E7
-1.0316256E7
-1.0570752E7
-1.0840776E7
-1.1125912E7
-1.1425608E7
-1.1739264E7
-1.2066192E7
-1.2405616E7
-1.275664E7
-1.3118328E7
-1.348968E7
-1.3869552E7
-1.4256784E7
-1.4650128E7
-1.504824E7
-1.544976E7
-1.5853296E7
-1.6257352E7
-1.6660512E7
-1.706128E7
-1.74582E7
-1.784984E7
-1.8234832E7
-1.8611824E7
-1.8979568E7
-1.9336888E7
-1.9682728E7
-2.0016096E7
-2.0336168E7
-2.064224E7
-2.0933696E7
-2.1210072E7
-2.1471064E7
-2.1716416E7
-2.1946016E7
-2.21598E7
-2.2357792E7
-2.254004E7
-2.2706648E7
-2.2857688E7
-2.2993256E7
-2.311344E7
-2.321832E7
-2.3308E7
-2.3382584E7
-2.344224E7
-2.34872E7
-2.35178E7
-2.3534504E7
-2.3537896E7
-2.3528736E7
-2.3508E7
-2.3476744E7
-2.3436256E7
-2.3387968E7
-2.3333432E7
-2.3274272E7
-2.3212224E7
-2.3149E7
-2.308632E7
-2.3025872E7
-2.2969232E7
-2.2917872E7
-2.2873136E7
-2.2836184E7
-2.2808016E7
-2.2789472E7
-2.2781144E7
-2.2783536E7
-2.2796872E7
-2.2821272E7
-2.2856648E7
-2.2902776E7
-2.2959272E7
-2.3025608E7
-2.3101096E7
-2.3184936E7
-2.3276208E7
-2.3373832E7
-2.3476584E7
-2.3583136E7
-2.3692016E7
-2.3801616E7
-2.3910216E7
-2.4015992E7
-2.4116968E7
-2.4211152E7
-2.4296448E7
-2.437076E7
-2.4431992E7
-2.447808E7
-2.450708E7
-2.4517152E7
-2.450672E7
-2.4474384E7
-2.441908E7
-2.4340104E7
-2.4237128E7
-2.411028E7
-2.396016E7
-2.3787856E7
-2.3594928E7
-2.3383408E7
-2.3155832E7
-2.291504E7
-2.2664288E7
-2.2407064E7
-2.2147016E7
-2.188788E7
-2.1633352E7
-2.1387056E7
-2.115232E7
-2.0932192E7
-2.072928E7
-2.054576E7
-2.038328E7
-2.0242824E7
-2.0124936E7
-2.0029432E7
-1.995564E7
-1.990232E7
-1.9867728E7
-1.9849696E7
-1.984576E7
-1.985312E7
-1.9868832E7
-1.9889888E7
-1.9913224E7
-1.9935872E7
-1.9954992E7
-1.9967928E7
-1.997232E7
-1.9966032E7
-1.994724E7
-1.991448E7
-1.9866608E7
-1.9802768E7
-1.9722448E7
-1.9625488E7
-1.9511968E7
-1.938224E7
-1.9236936E7
-1.9076912E7
-1.89032E7
-1.8717024E7
-1.8519744E7
-1.83128E7
-1.8097736E7
-1.7876112E7
-1.764948E7
-1.7419376E7
-1.7187272E7
-1.6954544E7
-1.6722464E7
-1.6492144E7
-1.6264584E7
-1.6040576E7
-1.5820784E7
-1.5605672E7
-1.5395552E7
-1.5190528E7
-1.4990608E7
-1.4795616E7
-1.4605288E7
-1.4419224E7
-1.4236984E7
-1.4058056E7
-1.3881904E7
-1.370804E7
-1.3535936E7
-1.3365144E7
-1.3195272E7
-1.3026016E7
-1.285712E7
-1.2688456E7
-1.2519944E7
-1.23516E7
-1.2183568E7
-1.2015992E7
-1.184916E7
-1.1683368E7
-1.1519E7
-1.135648E7
-1.1196256E7
-1.1038816E7
-1.0884672E7
-1.0734344E7
-1.0588336E7
-1.0447192E7
-1.03114E7
-1.0181496E7
-1.0057936E7
-9941184.0
-9831688.0
-9729784.0
-9635896.0
-9550280.0
-9473232.0
-9404968.0
-9345680.0
-9295504.0
-9254568.0
-9222952.0
-9200832.0
-9188240.0
-9185368.0
-9192368.0
-9209448.0
-9236856.0
-9274864.0
-9323760.0
-9383832.0
-9455352.0
-9538520.0
-9633472.0
-9740216.0
-9858672.0
-9988600.0
-1.012956E7
-1.0281008E7
-1.0442176E7
-1.0612176E7
-1.0789936E7
-1.0974296E7
-1.1163944E7
-1.1357504E7
-1.155356E7
-1.1750656E7
-1.1947352E7
-1.214224E7
-1.2334056E7
-1.2521544E7
-1.2703704E7
-1.2879608E7
-1.30486E7
-1.321016E7
-1.3363984E7
-1.351E7
-1.3648264E7
-1.3778976E7
-1.3902424E7
-1.4018928E7
-1.4128768E7
-1.423212E7
-1.4329008E7
-1.4419192E7
-1.4502192E7
-1.4577184E7
-1.464304E7
-1.469828E7
-1.474116E7
-1.4769632E7
-1.4781512E7
-1.4774456E7
-1.4746056E7
-1.4693992E7
-1.4616096E7
-1.45104E7
-1.4375248E7
-1.4209392E7
-1.4011968E7
-1.3782592E7
-1.3521384E7
-1.322892E7
-1.2906248E7
-1.255488E7
-1.2176744E7
-1.1774112E7
-1.1349592E7
-1.0906048E7
-1.0446568E7
-9974416.0
-9492920.0
-9005560.0
-8515784.0
-8027040.0
-7542800.0
-7066392.0
-6601120.0
-6150168.0
-5716568.0
-5303216.0
-4912872.0
-4548056.0
-4211136.0
-3904200.0
-3629128.0
-3387480.0
-3180520.0
-3009128.0
-2873816.0
-2774624.0
-2711224.0
-2682720.0
-2687688.0
-2724256.0
-2790016.0
-2882024.0
-2996952.0
-3130984.0
-3280056.0
-3439784.0
-3605608.0
-3772920.0
-3937144.0
-4093752.0
-4238504.0
-4367384.0
-4476760.0
-4563416.0
-4624576.0
-4657952.0
-4661744.0
-4634656.0
-4575888.0
-4485096.0
-4362408.0
-4208320.0
-4023768.0
-3810008.0
-3568608.0
-3301432.0
-3010528.0
-2698200.0
-2366880.0
-2019144.0
-1657600.0
-1284944.0
-903824.0
-516856.0
-126576.0
264640.0
654616.0
1041328.0
1423032.0
1798224.0
2165664.0
2524368.0
2873600.0
3212856.0
3541840.0
3860328.0
4168256.0
4465568.0
4752200.0
5028032.0
5292856.0
5546344.0
5788008.0
6017216.0
6233216.0
6435104.0
6621856.0
6792424.0
6945688.0
7080520.0
7195824.0
7290608.0
7363928.0
7415000.0
7443208.0
7448120.0
7429504.0
7387376.0
7321960.0
7233760.0
7123448.0
6992024.0
6840616.0
6670568.0
6483408.0
6280760.0
6064368.0
5836040.0
5597592.0
5350872.0
5097696.0
4839792.0
4578856.0
4316456.0
4054072.0
3793032.0
3534496.0
3279528.0
3029000.0
2783608.0
2543888.0
2310208.0
2082792.0
1861656.0
1646720.0
1437728.0
1234320.0
1036016.0
842272.0
652416.0
465760.0
281552.0
99024.0
-82584.0
-264064.0
-446176.0
-629608.0
-815048.0
-1003072.0
-1194216.0
-1388840.0
-1587232.0
-1789528.0
-1995632.0
-2205344.0
-2418200.0
-2633504.0
-2850376.0
-3067680.0
-3284040.0
-3497896.0
-3707504.0
-3911000.0
-4106392.0
-4291648.0
-4464776.0
-4623896.0
-4767248.0
-4893336.0
-5000960.0
-5089288.0
-5157896.0
-5206832.0
-5236616.0
-5248224.0
-5243128.0
-5223208.0
-5190744.0
-5148312.0
-5098704.0
-5044888.0
-4989848.0
-4936576.0
-4887904.0
-4846488.0
-4814712.0
-4794680.0
-4788200.0
-4796656.0
-4821184.0
-4862496.0
-4921120.0
-4997192.0
-5090648.0
-5201240.0
-5328464.0
-5471776.0
-5630384.0
-5803488.0
-5990112.0
-6189272.0
-6399880.0
-6620800.0
-6850824.0
-7088704.0
-7333152.0
-7582880.0
-7836568.0
-8092968.0
-8350856.0
-8609064.0
-8866592.0
-9122528.0
-9376176.0
-9626992.0
-9874704.0
-1.0119184E7
-1.0360592E7
-1.0599304E7
-1.0835888E7
-1.1071192E7
-1.1306184E7
-1.154204E7
-1.178008E7
-1.2021704E7
-1.2268456E7
-1.2521872E7
-1.2783504E7
-1.3054936E7
-1.3337592E7
-1.3632872E7
-1.3941984E7
-1.4265936E7
-1.4605528E7
-1.4961272E7
-1.5333368E7
-1.5721704E7
-1.6125808E7
-1.6544856E7
-1.6977728E7
-1.7422896E7
-1.7878632E7
-1.8342912E7
-1.8813528E7
-1.9288104E7
-1.9764208E7
-2.0239392E7
-2.0711176E7
-2.117724E7
-2.1635344E7
-2.2083448E7
-2.251968E7
-2.2942424E7
-2.3350248E7
-2.3742016E7
-2.4116776E7
-2.4473768E7
-2.4812456E7
-2.5132424E7
-2.54334E7
-2.5715144E7
-2.5977528E7
-2.6220408E7
-2.6443648E7
-2.664712E7
-2.6830632E7
-2.6994032E7
-2.7137184E7
-2.7259968E7
-2.7362352E7
-2.7444384E7
-2.7506272E7
-2.754832E7
-2.7571024E7
-2.7575032E7
-2.7561096E7
-2.7530112E7
-2.7483024E7
-2.7420848E7
-2.7344528E7
-2.7254952E7
-2.7152928E7
-2.7039064E7
-2.69138E7
-2.6777344E7
-2.6629672E7
-2.6470576E7
-2.6299584E7
-2.611604E7
-2.5919216E7
-2.57082E7
-2.5482048E7
-2.523988E7
-2.4980808E7
-2.4704144E7
-2.4409336E7
-2.4096064E7
-2.3764312E7
-2.3414256E7
-2.304644E7
-2.2661656E7
-2.226096E7
-2.184568E7
-2.1417336E7
-2.0977632E7
-2.0528424E7
-2.007168E7
-1.9609432E7
-1.914376E7
-1.8676776E7
-1.8210576E7
-1.7747304E7
-1.7289E7
-1.6837736E7
-1.6395528E7
-1.5964392E7
-1.5546296E7
-1.5143184E7
-1.4756976E7
-1.4389552E7
-1.4042784E7
-1.3718456E7
-1.3418312E7
-1.3144016E7
-1.2897128E7
-1.2679064E7
-1.2491112E7
-1.2334368E7
-1.2209728E7
-1.2117832E7
-1.2059112E7
-1.2033744E7
-1.2041608E7
-1.2082344E7
-1.2155336E7
-1.2259712E7
-1.2394352E7
-1.255796E7
-1.2749056E7
-1.2965936E7
-1.3206808E7
-1.3469744E7
-1.3752744E7
-1.4053688E7
-1.437044E7
-1.4700824E7
-1.5042632E7
-1.5393672E7
-1.5751712E7
-1.6114568E7
-1.6480048E7
-1.6845944E7
-1.7210128E7
-1.757044E7
-1.792476E7
-1.8270976E7
-1.8607056E7
-1.8930976E7
-1.92408E7
-1.9534624E7
-1.9810664E7
-2.0067192E7
-2.0302584E7
-2.0515336E7
-2.0704032E7
-2.0867408E7
-2.1004264E7
-2.1113568E7
-2.1194368E7
-2.1245872E7
-2.12674E7
-2.12584E7
-2.1218456E7
-2.1147312E7
-2.1044864E7
-2.0911128E7
-2.074636E7
-2.0550896E7
-2.032532E7
-2.007036E7
-1.978692E7
-1.9476072E7
-1.9139E7
-1.8777024E7
-1.8391544E7
-1.7984032E7
-1.7555968E7
-1.7108848E7
-1.664408E7
-1.6163088E7
-1.5667128E7
-1.5157392E7
-1.4635008E7
-1.4100928E7
-1.355612E7
-1.3001408E7
-1.2437584E7
-1.1865424E7
-1.1285672E7
-1.0699088E7
-1.0106456E7
-9508568.0
-8906256.0
-8300432.0
-7691992.0
-7081952.0
-6471352.0
-5861352.0
-5253112.0
-4647912.0
-4047144.0
-3452256.0
-2864768.0
-2286288.0
-1718416.0
-1162832.0
-621152.0
-94952.0
414240.0
905056.0
1376256.0
1826720.0
2255584.0
2662080.0
3045632.0
3405792.0
3742256.0
4054736.0
4343040.0
4606952.0
4846184.0
5060432.0
5249288.0
5412200.0
5548632.0
5657880.0
5739264.0
5792048.0
5815560.0
5809192.0
5772456.0
5705032.0
5606752.0
5477736.0
5318296.0
5129024.0
4910792.0
4664704.0
4392152.0
4094720.0
3774224.0
3432640.0
3072088.0
2694720.0
2302720.0
1898280.0
1483448.0
1060136.0
630120.0
194912.0
-244200.0
-686224.0
-1130432.0
-1576328.0
-2023696.0
-2472560.0
-2923112.0
-3375672.0
-3830720.0
-4288752.0
-4750248.0
-5215680.0
-5685376.0
-6159536.0
-6638136.0
-7120952.0
-7607496.0
-8097048.0
-8588528.0
-9080656.0
-9571912.0
-1.0060496E7
-1.0544496E7
-1.1021832E7
-1.1490416E7
-1.1948096E7
-1.239288E7
-1.2822888E7
-1.3236456E7
-1.363224E7
-1.4009232E7
-1.4366808E7
-1.4704808E7
-1.5023472E7
-1.5323536E7
-1.5606112E7
-1.5872784E7
-1.6125432E7
-1.6366272E7
-1.6597696E7
-1.6822264E7
-1.7042552E7
-1.7261088E7
-1.7480264E7
-1.7702224E7
-1.7928808E7
-1.816152E7
-1.8401416E7
-1.8649144E7
-1.890488E7
-1.9168432E7
-1.9439152E7
-1.9716096E7
-1.9997968E7
-2.0283296E7
-2.057036E7
-2.0857384E7
-2.114248E7
-2.142376E7
-2.1699368E7
-2.1967432E7
-2.2226248E7
-2.247412E7
-2.2709488E7
-2.293092E7
-2.313712E7
-2.3326912E7
-2.3499288E7
-2.3653448E7
-2.378876E7
-2.3904784E7
-2.4001312E7
-2.4078368E7
-2.4136176E7
-2.4175264E7
-2.4196304E7
-2.4200272E7
-2.4188344E7
-2.4161864E7
-2.41224E7
-2.4071656E7
-2.4011448E7
-2.3943688E7
-2.3870312E7
-2.379324E7
-2.3714368E7
-2.3635464E7
-2.3558176E7
-2.3483944E7
-2.3414072E7
-2.334956E7
-2.3291232E7
-2.3239592E7
-2.3195E7
-2.3157496E7
-2.3126968E7
-2.3103048E7
-2.3085264E7
-2.307296E7
-2.3065376E7
-2.3061656E7
-2.3060872E7
-2.3062088E7
-2.3064296E7
-2.3066528E7
-2.3067816E7
-2.3067184E7
-2.3063672E7
-2.3056352E7
-2.3044264E7
-2.3026456E7
-2.3001912E7
-2.2969592E7
-2.2928344E7
-2.2876984E7
-2.281424E7
-2.2738736E7
-2.2649072E7
-2.2543784E7
-2.2421464E7
-2.2280696E7
-2.2120208E7
-2.1938856E7
-2.173572E7
-2.1510104E7
-2.1261632E7
-2.0990192E7
-2.0696032E7
-2.0379712E7
-2.004208E7
-1.9684248E7
-1.9307584E7
-1.8913608E7
-1.850396E7
-1.8080336E7
-1.7644432E7
-1.7197864E7
-1.674216E7
-1.6278616E7
-1.5808432E7
-1.533252E7
-1.4851584E7
-1.436608E7
-1.387628E7
-1.3382232E7
-1.28838E7
-1.2380728E7
-1.187264E7
-1.1359056E7
-1.083956E7
-1.0313656E7
-9780944.0
-9241152.0
-8694136.0
-8139984.0
-7579024.0
-7011848.0
-6439432.0
-5863112.0
-5284512.0
-4705720.0
-4129112.0
-3557424.0
-2993608.0
-2440848.0
-1902440.0
-1381712.0
-881888.0
-406080.0
42848.0
462352.0
850288.0
1204888.0
1524864.0
1809376.0
2058008.0
2270808.0
2448208.0
2591008.0
2700320.0
2777504.0
2824176.0
2842128.0
2833280.0
2799640.0
2743296.0
2666328.0
2570864.0
2459008.0
2332784.0
2194152.0
2045008.0
1887136.0
1722184.0
1551664.0
1376920.0
1199168.0
1019424.0
838520.0
657152.0
475832.0
294936.0
114712.0
-64704.0
-243248.0
-420864.0
-597520.0
-773128.0
-947560.0
-1120576.0
-1291800.0
-1460696.0
-1626640.0
-1788760.0
-1946080.0
-2097440.0
-2241584.0
-2377096.0
-2502488.0
-2616216.0
-2716736.0
-2802408.0
-2871712.0
-2923168.0
-2955376.0
-2967040.0
-2957064.0
-2924496.0
-2868576.0
-2788808.0
-2684904.0
-2556888.0
-2405056.0
-2230008.0
-2032640.0
-1814208.0
-1576240.0
-1320568.0
-1049320.0
-764840.0
-469744.0
-166776.0
141168.0
451176.0
760232.0
1065352.0
1363696.0
1652480.0
1929184.0
2191456.0
2437272.0
2664920.0
2873088.0
3060872.0
3227792.0
3373864.0
3499560.0
3605792.0
3693928.0
3765696.0
3823144.0
3868568.0
3904488.0
3933464.0
3958032.0
3980680.0
4003720.0
4029184.0
4058832.0
4094040.0
4135816.0
4184704.0
4240880.0
4304064.0
4373592.0
4448464.0
4527376.0
4608768.0
4690928.0
4772064.0
4850416.0
4924256.0
4992064.0
5052552.0
5104744.0
5148040.0
5182192.0
5207400.0
5224224.0
5233632.0
5236952.0
5235808.0
5232040.0
5227664.0
5224832.0
5225712.0
5232440.0
5247024.0
5271368.0
5307144.0
5355736.0
5418320.0
5495712.0
5588432.0
5696696.0
5820384.0
5959104.0
6112168.0
6278656.0
6457408.0
6647088.0
6846184.0
7053040.0
7265928.0
7482984.0
7702320.0
7921992.0
8140016.0
8354448.0
8563352.0
8764864.0
8957256.0
9138912.0
9308408.0
9464552.0
9606424.0
9733360.0
9845040.0
9941392.0
1.002264E7
1.0089272E7
1.0141936E7
1.018144E7
1.0208672E7
1.0224528E7
1.0229808E7
1.0225336E7
1.0211704E7
1.0189408E7
1.01588E7
1.012008E7
1.0073384E7
1.0018776E7
9956320.0
9886112.0
9808336.0
9723304.0
9631432.0
9533336.0
9429752.0
9321528.0
9209616.0
9095024.0
8978768.0
8861832.0
8745136.0
8629456.0
8515488.0
8403768.0
8294664.0
8188464.0
8085296.0
7985272.0
7888368.0
7794640.0
7704104.0
7616832.0
7532984.0
7452736.0
7376344.0
7304072.0
7236224.0
7173032.0
7114656.0
7061112.0
7012224.0
6967592.0
6926568.0
6888152.0
6851072.0
6813760.0
6774352.0
6730728.0
6680576.0
6621456.0
6550832.0
6466200.0
6365104.0
6245272.0
6104632.0
5941376.0
5754056.0
5541576.0
5303232.0
5038784.0
4748344.0
4432488.0
4092176.0
3728744.0
3343856.0
2939464.0
2517760.0
2081104.0
1632032.0
1173152.0
707144.0
236688.0
-235496.0
-706760.0
-1174416.0
-1635840.0
-2088368.0
-2529376.0
-2956224.0
-3366232.0
-3756784.0
-4125152.0
-4468704.0
-4784832.0
-5071024.0
-5324864.0
-5544136.0
-5726880.0
-5871384.0
-5976320.0
-6040712.0
-6064024.0
-6046160.0
-5987432.0
-5888664.0
-5751072.0
-5576304.0
-5366360.0
-5123568.0
-4850512.0
-4549992.0
-4224944.0
-3878392.0
-3513384.0
-3132960.0
-2740088.0
-2337648.0
-1928432.0
-1515088.0
-1100176.0
-686128.0
-275296.0
130056.0
527744.0
915624.0
1291616.0
1653688.0
1999824.0
2328160.0
2636848.0
2924184.0
3188608.0
3428736.0
3643392.0
3831592.0
3992672.0
4126184.0
4232000.0
4310240.0
4361304.0
4385840.0
4384720.0
4359000.0
4309880.0
4238680.0
4146784.0
4035608.0
3906584.0
3761136.0
3600648.0
3426456.0
3239896.0
3042272.0
2834864.0
2619008.0
2396024.0
2167296.0
1934224.0
1698296.0
1461008.0
1223872.0
988392.0
756072.0
528288.0
306360.0
91424.0
-115488.0
-313616.0
-502320.0
-681168.0
-849920.0
-1008512.0
-1156976.0
-1295496.0
-1424280.0
-1543600.0
-1653704.0
-1754864.0
-1847304.0
-1931240.0
-2006872.0
-2074408.0
-2134072.0
-2186160.0
-2230984.0
-2269000.0
-2300760.0
-2326920.0
-2348256.0
-2365664.0
-2380144.0
-2392720.0
-2404496.0
-2416576.0
-2430056.0
-2445968.0
-2465296.0
-2488904.0
-2517560.0
-2551952.0
-2592616.0
-2639992.0
-2694432.0
-2756232.0
-2825576.0
-2902600.0
-2987408.0
-3080040.0
-3180512.0
-3288712.0
-3404536.0
-3527736.0
-3657920.0
-3794600.0
-3937088.0
-4084528.0
-4235872.0
-4389880.0
-4545144.0
-4700088.0
-4853120.0
-5002536.0
-5146656.0
-5283976.0
-5413104.0
-5532928.0
-5642656.0
-5741840.0
-5830472.0
-5908976.0
-5978160.0
-6039296.0
-6093976.0
-6144176.0
-6192040.0
-6239936.0
-6290280.0
-6345496.0
-6407864.0
-6479472.0
-6562160.0
-6657376.0
-6766200.0
-6889264.0
-7026752.0
-7178384.0
-7343504.0
-7521016.0
-7709544.0
-7907448.0
-8112864.0
-8323824.0
-8538352.0
-8754424.0
-8970120.0
-9183656.0
-9393344.0
-9597672.0
-9795336.0
-9985168.0
-1.016616E7
-1.0337488E7
-1.0498416E7
-1.0648336E7
-1.0786736E7
-1.0913104E7
-1.1027032E7
-1.112812E7
-1.121596E7
-1.1290176E7
-1.1350352E7
-1.1396144E7
-1.1427144E7
-1.1443E7
-1.1443392E7
-1.1428E7
-1.1396536E7
-1.1348736E7
-1.128436E7
-1.1203168E7
-1.1104928E7
-1.0989368E7
-1.0856248E7
-1.0705272E7
-1.0536144E7
-1.03486E7
-1.0142344E7
-9917192.0
-9673032.0
-9409848.0
-9127808.0
-8827288.0
-8508872.0
-8173432.0
-7822088.0
-7456240.0
-7077576.0
-6688040.0
-6289800.0
-5885192.0
-5476744.0
-5067056.0
-4658784.0
-4254520.0
-3856832.0
-3468128.0
-3090656.0
-2726408.0
-2377160.0
-2044312.0
-1728992.0
-1431912.0
-1153488.0
-893688.0
-652176.0
-428224.0
-220824.0
-28664.0
149776.0
316168.0
472240.0
619816.0
760536.0
895960.0
1027376.0
1155848.0
1282056.0
1406384.0
1528800.0
1648952.0
1766168.0
1879496.0
1987792.0
2089776.0
2184136.0
2269592.0
2345032.0
2409536.0
2462512.0
2503656.0
2533080.0
2551264.0
2559104.0
2557768.0
2548832.0
2534040.0
2515368.0
2494880.0
2474688.0
2456856.0
2443344.0
2436000.0
2436384.0
2445928.0
2465672.0
2496424.0
2538720.0
2592696.0
2658264.0
2735000.0
2822192.0
2918872.0
3023848.0
3135632.0
3252688.0
3373224.0
3495408.0
3617328.0
3737064.0
3852752.0
3962568.0
4064896.0
4158192.0
4241144.0
4312664.0
4371904.0
4418232.0
4451248.0
4470776.0
4476872.0
4469728.0
4449744.0
4417392.0
4373312.0
4318104.0
4252480.0
4177080.0
4092568.0
3999488.0
3898320.0
3789440.0
3673112.0
3549488.0
3418624.0
3280440.0
3134840.0
2981640.0
2820672.0
2651736.0
2474760.0
2289720.0
2096744.0
1896112.0
1688272.0
1473960.0
1254064.0
1029736.0
802360.0
573560.0
345168.0
119184.0
-102192.0
-316680.0
-521912.0
-715520.0
-895160.0
-1058600.0
-1203864.0
-1329152.0
-1433104.0
-1514672.0
-1573376.0
-1609176.0
-1622632.0
-1614864.0
-1587456.0
-1542592.0
-1482824.0
-1411088.0
-1330544.0
-1244504.0
-1156296.0
-1069112.0
-985912.0
-909352.0
-841616.0
-784392.0
-738888.0
-705680.0
-684864.0
-676000.0
-678216.0
-690272.0
-710688.0
-737800.0
-769928.0
-805432.0
-842848.0
-880952.0
-918824.0
-955944.0
-992104.0
-1027528.0
-1062768.0
-1098720.0
-1136440.0
-1177264.0
-1222536.0
-1273640.0
-1331872.0
-1398384.0
-1474080.0
-1559608.0
-1655264.0
-1761048.0
-1876544.0
-2001040.0
-2133496.0
-2272616.0
-2416888.0
-2564656.0
-2714176.0
-2863720.0
-3011624.0
-3156384.0
-3296688.0
-3431488.0
-3560048.0
-3681976.0
-3797184.0
-3905984.0
-4009024.0
-4107216.0
-4201784.0
-4294176.0
-4385992.0
-4478896.0
-4574592.0
-4674704.0
-4780688.0
-4893816.0
-5015032.0
-5144968.0
-5283864.0
-5431552.0
-5587488.0
-5750768.0
-5920128.0
-6094096.0
-6270984.0
-6449040.0
-6626488.0
-6801704.0
-6973192.0
-7139728.0
-7300440.0
-7454744.0
-7602480.0
-7743792.0
-7879168.0
-8009392.0
-8135416.0
-8258328.0
-8379336.0
-8499560.0
-8620080.0
-8741776.0
-8865424.0
-8991528.0
-9120368.0
-9252072.0
-9386608.0
-9523784.0
-9663368.0
-9805168.0
-9948968.0
-1.0094712E7
-1.0242416E7
-1.0392288E7
-1.0544632E7
-1.0699888E7
-1.0858536E7
-1.1021112E7
-1.1188056E7
-1.1359768E7
-1.1536384E7
-1.1717856E7
-1.1903872E7
-1.2093752E7
-1.2286536E7
-1.248088E7
-1.2675144E7
-1.28674E7
-1.3055464E7
-1.3236944E7
-1.3409336E7
-1.3570048E7
-1.3716464E7
-1.384608E7
-1.395648E7
-1.4045416E7
-1.411092E7
-1.4151272E7
-1.4165096E7
-1.4151336E7
-1.4109336E7
-1.4038816E7
-1.393988E7
-1.3812992E7
-1.3658976E7
-1.3479016E7
-1.3274616E7
-1.3047544E7
-1.2799792E7
-1.2533632E7
-1.2251432E7
-1.1955752E7
-1.1649216E7
-1.133452E7
-1.1014376E7
-1.0691432E7
-1.0368312E7
-1.0047472E7
-9731272.0
-9421800.0
-9120936.0
-8830272.0
-8551104.0
-8284376.0
-8030680.0
-7790320.0
-7563216.0
-7348992.0
-7147016.0
-6956376.0
-6776000.0
-6604672.0
-6441088.0
-6283912.0
-6131840.0
-5983616.0
-5838096.0
-5694288.0
-5551312.0
-5408456.0
-5265176.0
-5121024.0
-4975760.0
-4829192.0
-4681312.0
-4532096.0
-4381704.0
-4230312.0
-4078192.0
-3925720.0
-3773328.0
-3621528.0
-3471008.0
-3322464.0
-3176752.0
-3034776.0
-2897504.0
-2765944.0
-2641120.0
-2524000.0
-2415480.0
-2316336.0
-2227184.0
-2148496.0
-2080504.0
-2023264.0
-1976608.0
-1940184.0
-1913448.0
-1895720.0
-1886176.0
-1883848.0
-1887768.0
-1896832.0
-1909904.0
-1925848.0
-1943456.0
-1961544.0
-1978904.0
-1994344.0
-2006688.0
-2014776.0
-2017496.0
-2013800.0
-2002688.0
-1983280.0
-1954784.0
-1916520.0
-1867928.0
-1808592.0
-1738200.0
-1656568.0
-1563648.0
-1459496.0
-1344272.0
-1218256.0
-1081784.0
-935320.0
-779392.0
-614616.0
-441680.0
-261360.0
-74472.0
118072.0
315336.0
516320.0
720008.0
925400.0
1131480.0
1337312.0
1542024.0
1744856.0
1945168.0
2142520.0
2336632.0
2527472.0
2715176.0
2900136.0
3082960.0
3264416.0
3445448.0
3627104.0
3810504.0
3996784.0
4187048.0
4382248.0
4583288.0
4790816.0
5005336.0
5227096.0
5456160.0
5692360.0
5935384.0
6184680.0
6439624.0
6699464.0
6963360.0
7230440.0
7499768.0
7770448.0
8041560.0
8312216.0
8581552.0
8848768.0
9113144.0
9374016.0
9630784.0
9883048.0
1.0130432E7
1.0372768E7
1.0609992E7
1.0842216E7
1.1069696E7
1.1292848E7
1.151224E7
1.1728536E7
1.194252E7
1.2155024E7
1.2366936E7
1.2579128E7
1.27924E7
1.3007512E7
1.3225072E7
1.3445536E7
1.3669168E7
1.3896E7
1.4125856E7
1.4358304E7
1.459264E7
1.482796E7
1.5063096E7
1.5296672E7
1.5527144E7
1.5752784E7
1.5971792E7
1.6182264E7
1.6382312E7
1.6570048E7
1.6743696E7
1.6901576E7
1.704216E7
1.7164184E7
1.7266584E7
1.734856E7
1.740964E7
1.7449592E7
1.7468544E7
1.746692E7
1.7445408E7
1.7404976E7
1.7346872E7
1.7272512E7
1.7183544E7
1.7081728E7
1.6968928E7
1.684712E7
1.6718232E7
1.65842E7
1.6446872E7
1.6308016E7
1.6169232E7
1.6031904E7
1.5897224E7
1.5766048E7
1.5639016E7
1.5516336E7
1.5397904E7
1.5283224E7
1.517136E7
1.5060984E7
1.4950304E7
1.4837184E7
1.4719072E7
1.4593088E7
1.4456048E7
1.4304568E7
1.413516E7
1.39442E7
1.3728192E7
1.3483728E7
1.3207632E7
1.2897072E7
1.2549592E7
1.2163216E7
1.173648E7
1.1268488E7
1.0758952E7
1.02082E7
9617136.0
8987264.0
8320648.0
7619872.0
6887984.0
6128384.0
5344864.0
4541376.0
3722072.0
2891216.0
2052992.0
1211584.0
370976.0
-465016.0
-1292856.0
-2109288.0
-2911376.0
-3696544.0
-4462512.0
-5207432.0
-5929736.0
-6628184.0
-7301872.0
-7950120.0
-8572528.0
-9168864.0
-9739096.0
-1.0283272E7
-1.0801568E7
-1.1294128E7
-1.1761168E7
-1.2202848E7
-1.2619256E7
-1.3010448E7
-1.33764E7
-1.3716976E7
-1.4032048E7
-1.4321416E7
-1.4584896E7
-1.4822344E7
-1.5033688E7
-1.5218976E7
-1.5378408E7
-1.5512352E7
-1.562136E7
-1.5706224E7
-1.5767888E7
-1.580752E7
-1.5826368E7
-1.5825904E7
-1.5807592E7
-1.5772992E7
-1.5723672E7
-1.5661136E7
-1.5586864E7
-1.5502256E7
-1.540864E7
-1.5307264E7
-1.5199304E7
-1.5085864E7
-1.4968064E7
-1.4846944E7
-1.4723592E7
-1.4599136E7
-1.4474712E7
-1.435152E7
-1.4230824E7
-1.4113944E7
-1.4002264E7
-1.3897168E7
-1.3800136E7
-1.37126E7
-1.3636056E7
-1.357188E7
-1.3521488E7
-1.3486192E7
-1.3467176E7
-1.3465544E7
-1.3482176E7
-1.3517784E7
-1.3572856E7
-1.364756E7
-1.3741792E7
-1.3855136E7
-1.3986776E7
-1.4135584E7
-1.4300032E7
-1.447828E7
-1.4668104E7
-1.4866976E7
-1.5072112E7
-1.528052E7
-1.5489008E7
-1.569432E7
-1.5893128E7
-1.6082168E7
-1.6258248E7
-1.641832E7
-1.655956E7
-1.6679408E7
-1.677556E7
-1.6846056E7
-1.6889304E7
-1.6904E7
-1.6889256E7
-1.684452E7
-1.6769616E7
-1.6664688E7
-1.6530224E7
-1.6367008E7
-1.6176144E7
-1.5958976E7
-1.571708E7
-1.5452224E7
-1.5166304E7
-1.486136E7
-1.453944E7
-1.4202616E7
-1.3852904E7
-1.3492256E7
-1.3122488E7
-1.2745272E7
-1.2362136E7
-1.1974408E7
-1.1583304E7
-1.1189848E7
-1.0795E7
-1.0399576E7
-1.0004344E7
-9610048.0
-9217392.0
-8827096.0
-8439848.0
-8056400.0
-7677456.0
-7303704.0
-6935848.0
-6574448.0
-6220072.0
-5873152.0
-5533968.0
-5202752.0
-4879568.0
-4564368.0
-4257024.0
-3957288.0
-3664864.0
-3379440.0
-3100664.0
-2828256.0
-2561896.0
-2301376.0
-2046520.0
-1797280.0
-1553608.0
-1315608.0
-1083400.0
-857208.0
-637304.0
-424016.0
-217728.0
-18896.0
172000.0
354456.0
527912.0
691784.0
845528.0
988600.0
1120528.0
1240920.0
1349528.0
1446288.0
1531352.0
1605192.0
1668512.0
1722424.0
1768376.0
1808168.0
1843976.0
1878320.0
1913920.0
1953800.0
2001080.0
2058896.0
2130352.0
2218360.0
2325560.0
2454184.0
2606056.0
2782376.0
2983784.0
3210288.0
3461192.0
3735176.0
4030312.0
4344112.0
4673520.0
5015144.0
5365232.0
5719848.0
6074968.0
6426560.0
6770752.0
7103904.0
7422680.0
7724184.0
8005952.0
8266040.0
8502992.0
8715888.0
8904216.0
9068000.0
9207568.0
9323560.0
9416872.0
9488568.0
9539744.0
9571632.0
9585416.0
9582224.0
9563184.0
9529336.0
9481672.0
9421192.0
9348832.0
9265568.0
9172392.0
9070344.0
8960512.0
8844032.0
8722088.0
8595872.0
8466648.0
8335560.0
8203816.0
8072448.0
7942432.0
7814592.0
7689600.0
7567952.0
7449984.0
7335864.0
7225576.0
7119032.0
7016008.0
6916224.0
6819400.0
6725280.0
6633640.0
6544416.0
6457664.0
6373584.0
6292568.0
6215256.0
6142424.0
6075104.0
6014456.0
5961832.0
5918704.0
5886608.0
5867112.0
5861744.0
5871960.0
5899064.0
5944168.0
6008104.0
6091384.0
6194232.0
6316456.0
6457536.0
6616520.0
6792136.0
6982752.0
7186432.0
7400976.0
7623960.0
7852760.0
8084656.0
8316864.0
8546560.0
8770928.0
8987288.0
9193024.0
9385704.0
9563072.0
9723136.0
9864104.0
9984504.0
1.0083112E7
1.0159E7
1.0211568E7
1.0240496E7
1.0245776E7
1.0227624E7
1.0186568E7
1.0123368E7
1.003896E7
9934456.0
9811104.0
9670240.0
9513216.0
9341392.0
9156048.0
8958424.0
8749528.0
8530288.0
8301408.0
8063432.0
7816648.0
7561208.0
7297000.0
7023848.0
6741384.0
6449168.0
6146712.0
5833544.0
5509232.0
5173480.0
4826160.0
4467360.0
4097448.0
3717104.0
3327352.0
2929528.0
2525328.0
2116760.0
1706096.0
1295864.0
888720.0
487416.0
94776.0
-286496.0
-653784.0
-1004672.0
-1336968.0
-1648768.0
-1938520.0
-2204952.0
-2447160.0
-2664568.0
-2856880.0
-3024088.0
-3166400.0
-3284216.0
-3378104.0
-3448672.0
-3496640.0
-3522720.0
-3527640.0
-3512064.0
-3476664.0
-3422048.0
-3348752.0
-3257304.0
-3148168.0
-3021776.0
-2878512.0
-2718728.0
-2542752.0
-2350808.0
-2143160.0
-1919928.0
-1681208.0
-1427064.0
-1157480.0
-872376.0
-571728.0
-255488.0
76320.0
423600.0
786024.0
1163128.0
1554096.0
1957840.0
2372952.0
2797576.0
3229544.0
3666280.0
4104952.0
4542416.0
4975392.0
5400480.0
5814320.0
6213648.0
6595496.0
6957200.0
7296544.0
7611816.0
7901896.0
8166256.0
8405040.0
8618984.0
8809360.0
8978048.0
9127304.0
9259744.0
9378248.0
9485856.0
9585576.0
9680448.0
9773312.0
9866808.0
9963312.0
1.006492E7
1.0173416E7
1.029028E7
1.0416736E7
1.0553744E7
1.070204E7
1.0862176E7
1.1034544E7
1.1219416E7
1.1416864E7
1.162688E7
1.1849248E7
1.20836E7
1.232932E7
1.258556E7
1.2851208E7
1.3124832E7
1.3404712E7
1.3688864E7
1.3975032E7
1.4260776E7
1.4543504E7
1.4820584E7
1.5089432E7
1.5347592E7
1.5592856E7
1.5823328E7
1.6037576E7
1.623464E7
1.6414096E7
1.6576088E7
1.6721384E7
1.6851272E7
1.696764E7
1.7072744E7
1.7169368E7
1.726052E7
1.7349448E7
1.7439528E7
1.7534088E7
1.7636376E7
1.7749432E7
1.7875976E7
1.801836E7
1.8178432E7
1.8357616E7
1.855668E7
1.8775936E7
1.901504E7
1.9273216E7
1.954908E7
1.9840848E7
2.0146336E7
2.0463056E7
2.0788256E7
2.1119064E7
2.145248E7
2.1785536E7
2.2115312E7
2.2439008E7
2.2753984E7
2.305776E7
2.3348104E7
2.3623E7
2.3880664E7
2.411952E7
2.4338192E7
2.4535504E7
2.4710456E7
2.486216E7
2.4989848E7
2.5092856E7
2.517056E7
2.5222408E7
2.5247904E7
2.5246576E7
2.5218E7
2.5161872E7
2.5077936E7
2.4966096E7
2.4826416E7
2.4659144E7
2.4464832E7
2.42442E7
2.3998328E7
2.3728496E7
2.3436264E7
2.3123456E7
2.2792016E7
2.2444032E7
2.2081624E7
2.1706896E7
2.132184E7
2.0928304E7
2.0527872E7
2.0121904E7
1.9711424E7
1.9297192E7
1.887968E7
1.8459112E7
1.8035504E7
1.7608784E7
1.7178784E7
1.674536E7
1.6308472E7
1.5868208E7
1.5424904E7
1.4979096E7
1.45316E7
1.4083496E7
1.363612E7
1.3191032E7
1.2749944E7
1.2314776E7
1.188744E7
1.1469968E7
1.1064304E7
1.0672384E7
1.0296024E7
9936896.0
9596544.0
9276312.0
8977408.0
8700824.0
8447384.0
8217712.0
8012304.0
7831448.0
7675272.0
7543752.0
7436720.0
7353872.0
7294704.0
7258608.0
7244824.0
7252416.0
7280328.0
7327328.0
7392080.0
7473072.0
7568704.0
7677264.0
7796976.0
7926000.0
8062536.0
8204768.0
8350960.0
8499488.0
8648864.0
8797712.0
8944840.0
9089248.0
9230016.0
9366432.0
9497880.0
9623864.0
9743896.0
9857608.0
9964648.0
1.0064656E7
1.0157328E7
1.024236E7
1.0319544E7
1.0388664E7
1.0449656E7
1.0502552E7
1.0547536E7
1.0584984E7
1.0615488E7
1.0639848E7
1.065904E7
1.0674336E7
1.0687136E7
1.0699E7
1.0711672E7
1.0726944E7
1.0746616E7
1.0772552E7
1.0806472E7
1.0849984E7
1.0904576E7
1.0971512E7
1.1051792E7
1.1146168E7
1.125512E7
1.1378768E7
1.1517E7
1.1669416E7
1.1835312E7
1.2013808E7
1.2203784E7
1.2404048E7
1.2613288E7
1.2830184E7
1.30534E7
1.328172E7
1.3514008E7
1.3749248E7
1.398664E7
1.4225496E7
1.4465272E7
1.4705624E7
1.494628E7
1.5187096E7
1.542796E7
1.566884E7
1.5909624E7
1.6150224E7
1.639044E7
1.6629976E7
1.6868408E7
1.710516E7
1.7339456E7
1.7570368E7
1.7796736E7
1.8017264E7
1.8230448E7
1.8434576E7
1.8627872E7
1.8808432E7
1.8974248E7
1.912336E7
1.9253872E7
1.936392E7
1.9451864E7
1.9516256E7
1.9555944E7
1.957008E7
1.9558208E7
1.9520224E7
1.9456456E7
1.9367672E7
1.9255048E7
1.9120168E7
1.8965E7
1.879188E7
1.8603408E7
1.8402456E7
1.8192104E7
1.7975528E7
1.7755984E7
1.7536712E7
1.7320864E7
1.711148E7
1.6911384E7
1.6723152E7
1.6549112E7
1.6391232E7
1.62512E7
1.6130336E7
1.6029712E7
1.5950016E7
1.5891728E7
1.5855032E7
1.5839976E7
1.5846376E7
1.5873952E7
1.5922288E7
1.5990944E7
1.6079344E7
1.6186928E7
1.6313048E7
1.6457056E7
1.6618184E7
1.6795704E7
1.6988744E7
1.7196368E7
1.7417584E7
1.7651224E7
1.7896088E7
1.8150816E7
1.8413904E7
1.8683752E7
1.8958656E7
1.9236784E7
1.9516232E7
1.9795008E7
2.0071072E7
2.0342384E7
2.0606888E7
2.0862552E7
2.110744E7
2.1339656E7
2.155744E7
2.175912E7
2.19432E7
2.2108296E7
2.2253232E7
2.2376936E7
2.2478568E7
2.2557424E7
2.2612968E7
2.2644856E7
2.265284E7
2.2636912E7
2.2597096E7
2.2533592E7
2.244668E7
2.2336752E7
2.2204208E7
2.2049568E7
2.1873312E7
2.1676032E7
2.1458312E7
2.122076E7
2.0964024E7
2.0688808E7
2.0395864E7
2.0085992E7
1.9760104E7
1.9419168E7
1.9064264E7
1.8696552E7
1.8317304E7
1.7927912E7
1.7529792E7
1.7124504E7
1.6713672E7
1.6298928E7
1.5882032E7
1.5464736E7
1.5048832E7
1.4636112E7
1.4228392E7
1.3827432E7
1.3434992E7
1.3052768E7
1.2682424E7
1.2325464E7
1.1983384E7
1.1657496E7
1.1349E7
1.1058952E7
1.0788248E7
1.0537624E7
1.030764E7
1.0098656E7
9910904.0
9744448.0
9599192.0
9474928.0
9371328.0
9287992.0
9224440.0
9180216.0
9154824.0
9147784.0
9158680.0
9187112.0
9232752.0
9295368.0
9374664.0
9470488.0
9582640.0
9710896.0
9855072.0
1.0014872E7
1.019E7
1.0380032E7
1.0584504E7
1.0802888E7
1.1034528E7
1.1278768E7
1.1534832E7
1.180192E7
1.2079136E7
1.2365576E7
1.2660208E7
1.296196E7
1.3269656E7
1.3581976E7
1.389752E7
1.421472E7
1.4531848E7
1.4847064E7
1.5158352E7
1.5463632E7
1.5760664E7
1.6047232E7
1.6321064E7
1.6579984E7
1.6821864E7
1.7044792E7
1.7246984E7
1.7426952E7
1.758348E7
1.7715616E7
1.7822784E7
1.7904736E7
1.7961576E7
1.79938E7
1.8002224E7
1.798808E7
1.7952936E7
1.7898736E7
1.7827744E7
1.774256E7
1.7646024E7
1.754128E7
1.7431608E7
1.7320416E7
1.72112E7
1.7107392E7
1.7012368E7
1.6929256E7
1.6861008E7
1.6810168E7
1.6778896E7
1.676892E7
1.6781464E7
1.6817264E7
1.6876544E7
1.6959032E7
1.7063976E7
1.7190296E7
1.7336496E7
1.7500896E7
1.7681584E7
1.7876608E7
1.8083992E7
1.8301888E7
1.8528608E7
1.8762656E7
1.9002872E7
1.9248368E7
1.9498576E7
1.9753208E7
2.0012232E7
2.02758E7
2.0544256E7
2.0817928E7
2.1097192E7
2.1382272E7
2.1673288E7
2.1970176E7
2.2272632E7
2.2580136E7
2.2892064E7
2.3207568E7
2.3525784E7
2.3845872E7
2.4167104E7
2.4488936E7
2.4811144E7
2.513388E7
2.5457672E7
2.5783504E7
2.6112776E7
2.6447256E7
2.6789056E7
2.7140464E7
2.7503848E7
2.7881504E7
2.8275568E7
2.8687768E7
2.9119416E7
2.9571216E7
3.0043208E7
3.0534744E7
3.1044464E7
3.157028E7
3.2109512E7
3.2658888E7
3.3214712E7
3.3772928E7
3.4329304E7
3.4879536E7
3.5419296E7
3.5944456E7
3.6451072E7
3.6935504E7
3.7394432E7
3.782488E7
3.822424E7
3.8590296E7
3.892112E7
3.921512E7
3.9470984E7
3.968772E7
3.9864528E7
4.0000864E7
4.0096416E7
4.0151072E7
4.0164944E7
4.0138344E7
4.0071792E7
3.9965976E7
3.9821792E7
3.9640264E7
3.9422576E7
3.9170016E7
3.8883984E7
3.856592E7
3.8217376E7
3.783992E7
3.743516E7
3.7004792E7
3.6550536E7
3.6074232E7
3.55778E7
3.5063304E7
3.4532968E7
3.3989216E7
3.3434656E7
3.287208E7
3.2304592E7
3.1735408E7
3.1167992E7
3.0606E7
3.0053168E7
2.9513416E7
2.8990664E7
2.848892E7
2.8012064E7
2.7563976E7
2.7148344E7
2.6768728E7
2.64284E7
2.6130376E7
2.5877304E7
2.567148E7
2.5514736E7
2.5408448E7
2.5353496E7
2.535016E7
2.5398224E7
2.5496864E7
2.5644672E7
2.5839688E7
2.607944E7
2.6360888E7
2.6680552E7
2.7034552E7
2.7418624E7
2.7828136E7
2.8258288E7
2.8704016E7
2.9160152E7
2.9621416E7
3.0082536E7
3.0538248E7
3.0983376E7
3.141288E7
3.1821936E7
3.2205928E7
3.2560592E7
3.2881952E7
3.3166448E7
3.341096E7
3.361284E7
3.3769936E7
3.3880664E7
3.394396E7
3.3959376E7
3.392704E7
3.3847648E7
3.3722496E7
3.3553448E7
3.3342856E7
3.3093608E7
3.2809056E7
3.2492848E7
3.2149E7
3.1781792E7
3.13956E7
3.0994856E7
3.0584032E7
3.0167416E7
2.9749176E7
2.9333096E7
2.8922736E7
2.8521224E7
2.813124E7
2.7755016E7
2.7394304E7
2.70504E7
2.6724072E7
2.641568E7
2.6125056E7
2.5851688E7
2.5594648E7
2.5352616E7
2.5124032E7
2.4906992E7
2.4699432E7
2.4499104E7
2.4303648E7
2.4110704E7
2.3917872E7
2.3722936E7
2.352376E7
2.3318512E7
2.3105584E7
2.288372E7
2.265204E7
2.241004E7
2.2157616E7
2.189508E7
2.1623104E7
2.1342712E7
2.1055248E7
2.0762344E7
2.0465888E7
2.016788E7
1.9870608E7
1.95764E7
1.9287672E7
1.9006944E7
1.8736728E7
1.8479592E7
1.8238016E7
1.8014448E7
1.7811264E7
1.7630688E7
1.7474736E7
1.7345272E7
1.7243872E7
1.7171832E7
1.7130104E7
1.711936E7
1.7139888E7
1.7191632E7
1.7274208E7
1.7386936E7
1.7528872E7
1.7698792E7
1.7895304E7
1.8116864E7
1.8361776E7
1.8628296E7
1.8914608E7
1.9218856E7
1.953916E7
1.9873664E7
2.022048E7
2.0577736E7
2.094356E7
2.1316112E7
2.1693496E7
2.2073904E7
2.245548E7
2.2836464E7
2.3215112E7
2.3589752E7
2.3958784E7
2.4320744E7
2.467428E7
2.5018224E7
2.5351528E7
2.567332E7
2.5982952E7
2.627988E7
2.6563768E7
2.6834376E7
2.7091648E7
2.733552E7
2.7566072E7
2.7783408E7
2.798768E7
2.8179008E7
2.8357576E7
2.852352E7
2.8677032E7
2.8818248E7
2.89474E7
2.906476E7
2.9170616E7
2.9265408E7
2.9349632E7
2.942392E7
2.9489024E7
2.9545888E7
2.9595552E7
2.9639216E7
2.9678248E7
2.971408E7
2.974832E7
2.978256E7
2.9818496E7
2.9857816E7
2.9902192E7
2.9953208E7
3.0012368E7
3.0081032E7
3.0160424E7
3.025156E7
3.0355312E7
3.0472312E7
3.060304E7
3.0747792E7
3.0906728E7
3.1079872E7
3.1267176E7
3.1468512E7
3.1683736E7
3.1912672E7
3.2155112E7
3.2410864E7
3.267964E7
3.2961136E7
3.325488E7
3.3560288E7
3.3876512E7
3.4202504E7
3.4536848E7
3.4877872E7
3.5223552E7
3.5571536E7
3.59192E7
3.6263648E7
3.6601904E7
3.6930808E7
3.7247264E7
3.7548288E7
3.7831064E7
3.8093096E7
3.8332248E7
3.8546808E7
3.8735576E7
3.8897848E7
3.9033456E7
3.9142792E7
3.9226696E7
3.9286504E7
3.9323968E7
3.9341216E7
3.9340656E7
3.9324928E7
3.929684E7
3.925928E7
3.9215176E7
3.91674E7
3.9118744E7
3.9071856E7
3.9029232E7
3.899316E7
3.8965672E7
3.8948576E7
3.8943416E7
3.8951448E7
3.8973688E7
3.901084E7
3.9063312E7
3.9131248E7
3.9214464E7
3.9312512E7
3.942468E7
3.9549952E7
3.9687112E7
3.9834696E7
3.9991088E7
4.0154536E7
4.0323176E7
4.0495168E7
4.0668624E7
4.0841784E7
4.101296E7
4.1180656E7
4.134356E7
4.15006E7
4.1650944E7
4.1794032E7
4.1929528E7
4.2057416E7
4.2177864E7
4.2291264E7
4.239816E7
4.2499224E7
4.2595216E7
4.2686872E7
4.2774928E7
4.2860016E7
4.2942656E7
4.3023168E7
4.3101704E7
4.3178208E7
4.3252432E7
4.332396E7
4.3392184E7
4.3456424E7
4.3515912E7
4.356984E7
4.3617424E7
4.3657952E7
4.3690832E7
4.3715608E7
4.373196E7
4.3739792E7
4.3739192E7
4.3730416E7
4.371392E7
4.3690328E7
4.3660344E7
4.36248E7
4.358456E7
4.3540472E7
4.3493344E7
4.3443864E7
4.3392608E7
4.3339976E7
4.328612E7
4.3231064E7
4.3174544E7
4.3116152E7
4.305528E7
4.2991208E7
4.292312E7
4.28502E7
4.2771608E7
4.2686632E7
4.2594632E7
4.2495176E7
4.2387968E7
4.2272976E7
4.215032E7
4.2020352E7
4.1883544E7
4.1740512E7
4.1592008E7
4.1438752E7
4.128156E7
4.1121128E7
4.0958176E7
4.0793288E7
4.0626968E7
4.0459664E7
4.0291736E7
4.0123512E7
3.9955288E7
3.9787432E7
3.962032E7
3.9454432E7
3.9290368E7
3.912884E7
3.8970648E7
3.8816728E7
3.8668072E7
3.8525744E7
3.8390776E7
3.8264192E7
3.8146912E7
3.8039744E7
3.7943336E7
3.7858192E7
3.7784584E7
3.7722672E7
3.7672352E7
3.763352E7
3.760584E7
3.7589024E7
3.7582736E7
3.758672E7
3.7600792E7
3.762492E7
3.7659248E7
3.7704144E7
3.776016E7
3.7828056E7
3.790884E7
3.8003656E7
3.8113816E7
3.8240688E7
3.838572E7
3.8550296E7
3.8735704E7
3.8943088E7
3.917336E7
3.9427136E7
3.9704696E7
4.000596E7
4.0330424E7
4.06772E7
4.1044976E7
4.1432096E7
4.1836528E7
4.2255984E7
4.2687944E7
4.3129736E7
4.3578584E7
4.4031728E7
4.4486408E7
4.4940072E7
4.5390248E7
4.583476E7
4.6271584E7
4.6699048E7
4.711572E7
4.752044E7
4.7912304E7
4.8290648E7
4.8655008E7
4.9005088E7
4.934068E7
4.9661664E7
4.9968024E7
5.0259624E7
5.053636E7
5.0798056E7
5.1044448E7
5.1275152E7
5.148976E7
5.1687696E7
5.1868376E7
5.2031136E7
5.217532E7
5.230028E7
5.2405376E7
5.2490064E7
5.255392E7
5.2596624E7
5.2618008E7
5.2618128E7
5.2597224E7
5.2555752E7
5.2494408E7
5.2414128E7
5.231612E7
5.2201792E7
5.2072808E7
5.193104E7
5.1778504E7
5.16174E7
5.1449944E7
5.1278456E7
5.1105144E7
5.093216E7
5.076148E7
5.0594872E7
5.0433816E7
5.0279504E7
5.0132752E7
4.9994048E7
4.9863552E7
4.9741008E7
4.9625984E7
4.9517672E7
4.9415096E7
4.9317112E7
4.9222488E7
4.9129896E7
4.9038032E7
4.894564E7
4.8851496E7
4.875452E7
4.8653704E7
4.8548184E7
4.8437208E7
4.8320152E7
4.8196472E7
4.8065736E7
4.7927592E7
4.778172E7
4.7627912E7
4.7465976E7
4.7295744E7
4.7117144E7
4.6930112E7
4.673464E7
4.65308E7
4.631872E7
4.6098568E7
4.5870632E7
4.5635224E7
4.5392728E7
4.51436E7
4.488832E7
4.46274E7
4.43614E7
4.4090824E7
4.3816216E7
4.3538048E7
4.3256808E7
4.297292E7
4.2686784E7
4.2398744E7
4.2109168E7
4.1818392E7
4.1526728E7
4.1234536E7
4.0942208E7
4.0650136E7
4.0358808E7
4.0068712E7
3.9780408E7
3.9494512E7
3.9211648E7
3.8932512E7
3.8657752E7
3.8388112E7
3.8124248E7
3.7866848E7
3.7616552E7
3.7374016E7
3.7139848E7
3.6914656E7
3.6699056E7
3.649364E7
3.6299064E7
3.6116008E7
3.59452E7
3.578748E7
3.564368E7
3.5514784E7
3.5401808E7
3.5305848E7
3.5228032E7
3.5169552E7
3.5131576E7
3.5115264E7
3.5121712E7
3.5151912E7
3.5206776E7
3.5286992E7
3.5393144E7
3.5525528E7
3.5684304E7
3.5869312E7
3.6080216E7
3.6316416E7
3.6577128E7
3.6861264E7
3.716768E7
3.7494944E7
3.7841552E7
3.820588E7
3.858624E7
3.898088E7
3.9388088E7
3.980616E7
4.0233488E7
4.066852E7
4.1109848E7
4.1556216E7
4.2006464E7
4.2459672E7
4.2914944E7
4.3371608E7
4.382908E7
4.4286872E7
4.4744592E7
4.5201896E7
4.565844E7
4.611396E7
4.6568152E7
4.702072E7
4.7471344E7
4.7919672E7
4.8365336E7
4.880792E7
4.9247016E7
4.968212E7
5.0112808E7
5.0538576E7
5.0958952E7
5.137348E7
5.178172E7
5.2183272E7
5.2577824E7
5.296504E7
5.3344704E7
5.3716608E7
5.4080592E7
5.443648E7
5.4784136E7
5.5123376E7
5.5453952E7
5.577552E7
5.6087672E7
5.6389832E7
5.668136E7
5.6961448E7
5.7229216E7
5.7483704E7
5.7723944E7
5.7948936E7
5.81578E7
5.8349728E7
5.8524152E7
5.868068E7
5.8819216E7
5.8939968E7
5.904344E7
5.9130472E7
5.9202216E7
5.9260072E7
5.9305736E7
5.9341088E7
5.9368112E7
5.9388968E7
5.9405848E7
5.942092E7
5.9436336E7
5.9454152E7
5.9476352E7
5.950476E7
5.9541024E7
5.9586648E7
5.9642872E7
5.9710728E7
5.9790984E7
5.9884096E7
5.9990248E7
6.0109216E7
6.0240464E7
6.0383112E7
6.0535864E7
6.0697112E7
6.0864952E7
6.103712E7
6.1211224E7
6.1384648E7
6.1554672E7
6.17186E7
6.187372E7
6.201748E7
6.214748E7
6.226156E7
6.2357808E7
6.2434632E7
6.2490736E7
6.2525168E7
6.2537304E7
6.2526888E7
6.249392E7
6.2438792E7
6.2362128E7
6.2264888E7
6.2148272E7
6.2013768E7
6.1863048E7
6.1698032E7
6.152084E7
6.1333672E7
6.1138904E7
6.0938976E7
6.073632E7
6.0533416E7
6.0332648E7
6.013628E7
5.9946456E7
5.9765112E7
5.9593992E7
5.9434584E7
5.9288088E7
5.9155472E7
5.9037392E7
5.8934232E7
5.8846104E7
5.8772872E7
5.8714128E7
5.8669272E7
5.8637496E7
5.861784E7
5.8609248E7
5.8610528E7
5.8620504E7
5.8638E7
5.8661824E7
5.8690912E7
5.872432E7
5.8761248E7
5.8801064E7
5.884332E7
5.8887808E7
5.8934528E7
5.898372E7
5.9035784E7
5.9091392E7
5.9151352E7
5.9216656E7
5.9288416E7
5.9367808E7
5.9456088E7
5.9554512E7
5.9664272E7
5.9786544E7
5.9922312E7
6.0072432E7
6.02376E7
6.041828E7
6.0614736E7
6.0827E7
6.1054896E7
6.129804E7
6.155596E7
6.1827952E7
6.211328E7
6.2411184E7
6.2720904E7
6.3041744E7
6.3373096E7
6.3714456E7
6.4065512E7
6.4426056E7
6.4796016E7
6.5175432E7
6.5564408E7
6.5963072E7
6.6371472E7
6.6789648E7
6.7217432E7
6.765444E7
6.8100112E7
6.8553584E7
6.9013776E7
6.9479264E7
6.9948368E7
7.04192E7
7.0889648E7
7.1357432E7
7.1820136E7
7.2275296E7
7.2720432E7
7.3153112E7
7.3571024E7
7.3971992E7
7.4354072E7
7.471556E7
7.5055072E7
7.5371528E7
7.5664248E7
7.5932912E7
7.6177536E7
7.6398584E7
7.6596864E7
7.6773496E7
7.693E7
7.7068144E7
7.7190008E7
7.7297864E7
7.7394216E7
7.7481688E7
7.756308E7
7.7641184E7
7.7718904E7
7.7799056E7
7.7884424E7
7.7977672E7
7.8081304E7
7.81976E7
7.8328616E7
7.847608E7
7.8641384E7
7.8825608E7
7.902936E7
7.925292E7
7.9496072E7
7.9758248E7
8.003844E7
8.033528E7
8.0647024E7
8.0971664E7
8.1306928E7
8.1650304E7
8.1999256E7
8.2351096E7
8.2703168E7
8.3052904E7
8.3397864E7
8.3735776E7
8.4064656E7
8.4382744E7
8.4688632E7
8.498124E7
8.5259776E7
8.5523856E7
8.57734E7
8.6008624E7
8.6230064E7
8.6438504E7
8.6635016E7
8.6820832E7
8.6997416E7
8.71664E7
8.7329512E7
8.7488616E7
8.7645672E7
8.7802664E7
8.79616E7
8.8124496E7
8.8293296E7
8.8469872E7
8.8655968E7
8.88532E7
8.906296E7
8.9286512E7
8.9524872E7
8.977888E7
9.0049168E7
9.0336184E7
9.0640216E7
9.09614E7
9.1299744E7
9.1655176E7
9.2027504E7
9.2416496E7
9.282188E7
9.324328E7
9.3680328E7
9.4132592E7
9.459956E7
9.5080696E7
9.5575368E7
9.608288E7
9.6602432E7
9.7133128E7
9.7674008E7
9.822396E7
9.8781824E7
9.934632E7
9.9916112E7
1.00489784E8
1.01065856E8
1.01642776E8
1.02219E8
1.02792928E8
1.03362952E8
1.03927424E8
1.04484776E8
1.05033408E8
1.0557176E8
1.06098384E8
1.06611888E8
1.07110968E8
1.07594448E8
1.08061264E8
1.08510544E8
1.08941512E8
1.0935356E8
1.09746184E8
1.10119008E8
1.104718E8
1.10804344E8
1.11116552E8
1.11408336E8
1.11679656E8
1.1193048E8
1.12160784E8
1.12370528E8
1.12559704E8
1.1272828E8
1.12876248E8
1.130036E8
1.13110392E8
1.13196736E8
1.1326276E8
1.1330872E8
1.13334952E8
1.13341896E8
1.13330128E8
1.13300312E8
1.1325332E8
1.13190064E8
1.13111664E8
1.1301932E8
1.12914376E8
1.12798272E8
1.12672576E8
1.1253892E8
1.12399064E8
1.12254792E8
1.12107992E8
1.1196056E8
1.11814416E8
1.11671544E8
1.1153384E8
1.11403192E8
1.112814E8
1.11170144E8
1.11070992E8
1.10985344E8
1.10914392E8
1.10859176E8
1.10820488E8
1.10798936E8
1.10794952E8
1.10808736E8
1.1084036E8
1.1088976E8
1.10956752E8
1.11041032E8
1.11142264E8
1.11260032E8
1.1139388E8
1.11543336E8
1.11707896E8
1.11886984E8
1.12080048E8
1.12286464E8
1.12505536E8
1.12736544E8
1.12978608E8
1.13230848E8
1.13492216E8
1.13761576E8
1.14037656E8
1.14319072E8
1.14604344E8
1.14891856E8
1.15179912E8
1.15466728E8
1.15750472E8
1.16029256E8
1.16301192E8
1.16564384E8
1.16817024E8
1.17057328E8
1.17283672E8
1.17494488E8
1.17688464E8
1.17864408E8
1.18021392E8
1.18158672E8
1.18275808E8
1.18372616E8
1.18449192E8
1.18505904E8
1.18543408E8
1.18562648E8
1.1856484E8
1.18551464E8
1.18524224E8
1.18485096E8
1.1843624E8
1.18380048E8
1.18319032E8
1.18255896E8
1.18193496E8
1.18134696E8
1.18082528E8
1.18040032E8
1.18010248E8
1.17996248E8
1.18001E8
1.18027456E8
1.18078448E8
1.18156648E8
1.18264576E8
1.18404536E8
1.18578584E8
1.18788472E8
1.19035616E8
1.19321112E8
1.19645576E8
1.2000928E8
1.20411968E8
1.20852944E8
1.21331096E8
1.21844792E8
1.2239204E8
1.22970392E8
1.23577112E8
1.24209104E8
1.24863096E8
1.25535472E8
1.26222592E8
1.2692064E8
1.27625728E8
1.28333936E8
1.2904136E8
1.29744096E8
1.30438352E8
1.31120392E8
1.31786624E8
1.32433648E8
1.3305824E8
1.33657416E8
1.34228496E8
1.34769048E8
1.3527704E8
1.35750776E8
1.36188944E8
1.36590656E8
1.36955392E8
1.37283112E8
1.37574096E8
1.37829104E8
1.3804924E8
1.3823596E8
1.38391016E8
1.38516504E8
1.3861472E8
1.38688184E8
1.38739552E8
1.3877164E8
1.38787312E8
1.38789504E8
1.38781152E8
1.387652E8
1.38744584E8
1.38722192E8
1.38700864E8
1.386834E8
1.38672584E8
1.38671096E8
1.386816E8
1.38706672E8
1.38748808E8
1.38810408E8
1.38893744E8
1.3900092E8
1.39133864E8
1.3929424E8
1.39483496E8
1.3970276E8
1.39952856E8
1.40234264E8
1.40547104E8
1.40891152E8
1.41265864E8
1.41670304E8
1.42103256E8
1.42563192E8
1.43048344E8
1.43556656E8
1.44085904E8
1.44633616E8
1.45197128E8
1.45773664E8
1.46360248E8
1.46953824E8
1.475512E8
1.48149032E8
1.48743968E8
1.49332584E8
1.49911448E8
1.50477136E8
1.51026264E8
1.51555624E8
1.52062104E8
1.5254288E8
1.52995336E8
1.53417232E8
1.5380664E8
1.54162104E8
1.54482616E8
1.54767576E8
1.55016928E8
1.55231072E8
1.55410848E8
1.5555756E8
1.55672864E8
1.55758792E8
1.55817584E8
1.5585172E8
1.558638E8
1.55856432E8
1.55832272E8
1.5579376E8
1.55743312E8
1.55683064E8
1.55614952E8
1.55540656E8
1.5546164E8
1.55379072E8
1.55293976E8
1.55207136E8
1.55119216E8
1.55030808E8
1.54942384E8
1.54854408E8
1.5476736E8
1.54681712E8
1.54597944E8
1.54516608E8
1.544382E8
1.54363296E8
1.542924E8
1.54226016E8
1.54164616E8
1.54108584E8
1.54058288E8
1.54014032E8
1.5397604E8
1.5394456E8
1.53919768E8
1.53901832E8
1.53890952E8
1.53887344E8
1.53891296E8
1.53903144E8
1.5392332E8
1.53952376E8
1.53991016E8
1.54040072E8
1.54100568E8
1.5417368E8
1.54260744E8
1.54363256E8
1.54482832E8
1.54621144E8
1.5477992E8
1.54960824E8
1.55165432E8
1.5539512E8
1.55651088E8
1.5593428E8
1.56245288E8
1.56584416E8
1.56951648E8
1.57346656E8
1.57768848E8
1.58217384E8
1.58691224E8
1.59189168E8
1.59709912E8
1.60252064E8
1.60814128E8
1.61394616E8
1.6199192E8
1.62604424E8
1.63230392E8
1.63868048E8
1.64515432E8
1.65170496E8
1.65831032E8
1.6649468E8
1.67158888E8
1.67821016E8
1.68478216E8
1.69127552E8
1.69765984E8
1.703904E8
1.7099768E8
1.71584688E8
1.72148304E8
1.72685496E8
1.73193384E8
1.736692E8
1.74110416E8
1.7451472E8
1.74880096E8
1.75204848E8
1.75487632E8
1.75727464E8
1.75923792E8
1.76076424E8
1.76185608E8
1.76251984E8
1.7627656E8
1.76260704E8
1.76206128E8
1.76114792E8
1.7598896E8
1.75831056E8
1.75643688E8
1.75429592E8
1.75191584E8
1.7493256E8
1.74655408E8
1.74363064E8
1.74058416E8
1.73744328E8
1.73423624E8
1.73099032E8
1.72773224E8
1.72448776E8
1.721282E8
1.71813848E8
1.7150796E8
1.71212696E8
1.70930048E8
1.70661856E8
1.70409816E8
1.70175456E8
1.6996012E8
1.69764976E8
1.69590992E8
1.69438912E8
1.69309272E8
1.69202392E8
1.69118352E8
1.69057E8
1.69017992E8
1.690008E8
1.6900468E8
1.69028784E8
1.6907216E8
1.69133744E8
1.69212456E8
1.69307216E8
1.69416968E8
1.69540752E8
1.69677624E8
1.69826832E8
1.69987688E8
1.70159664E8
1.70342328E8
1.70535464E8
1.70738912E8
1.70952712E8
1.71177008E8
1.71412104E8
1.71658384E8
1.7191644E8
1.72186936E8
1.72470624E8
1.72768408E8
1.73081208E8
1.73410048E8
1.7375596E8
1.74119976E8
1.7450308E8
1.74906248E8
1.75330248E8
1.75775808E8
1.76243416E8
1.76733392E8
1.77245816E8
1.77780512E8
1.78337056E8
1.78914752E8
1.79512624E8
1.80129488E8
1.80763864E8
1.81414104E8
1.82078328E8
1.82754488E8
1.83440416E8
1.84133776E8
1.84832192E8
1.855332E8
1.86234336E8
1.86933144E8
1.87627192E8
1.88314168E8
1.88991872E8
1.89658256E8
1.90311512E8
1.90950016E8
1.91572456E8
1.92177784E8
1.92765272E8
1.93334504E8
1.93885416E8
1.94418176E8
1.94933344E8
1.95431688E8
1.95914232E8
1.9638216E8
1.96836808E8
1.97279568E8
1.9771188E8
1.98135064E8
1.98550368E8
1.98958816E8
1.99361208E8
1.9975804E8
2.0014948E8
2.00535408E8
2.0091532E8
2.01288424E8
2.0165368E8
2.02009792E8
2.02355344E8
2.02688832E8
2.03008728E8
2.033136E8
2.03602144E8
2.03873232E8
2.04126024E8
2.0435996E8
2.04574768E8
2.04770576E8
2.04947848E8
2.05107392E8
2.05250408E8
2.05378408E8
2.05493232E8
2.05596992E8
2.05692056E8
2.05780944E8
2.05866344E8
2.0595092E8
2.06037352E8
2.06128232E8
2.06225928E8
2.0633256E8
2.06449936E8
2.06579472E8
2.0672216E8
2.06878592E8
2.07048856E8
2.07232632E8
2.07429224E8
2.07637584E8
2.0785636E8
2.08084008E8
2.08318872E8
2.08559232E8
2.08803392E8
2.09049744E8
2.0929684E8
2.09543432E8
2.09788456E8
2.10031112E8
2.10270784E8
2.10507104E8
2.10739896E8
2.10969112E8
2.1119484E8
2.11417232E8
2.11636488E8
2.11852776E8
2.12066272E8
2.12277072E8
2.12485176E8
2.12690488E8
2.12892816E8
2.13091832E8
2.13287104E8
2.13478104E8
2.13664216E8
2.13844728E8
2.1401888E8
2.14185848E8
2.14344784E8
2.14494856E8
2.14635232E8
2.14765168E8
2.14883976E8
2.14991072E8
2.1508608E8
2.15168744E8
2.15239056E8
2.15297208E8
2.15343656E8
2.15379096E8
2.15404472E8
2.15420968E8
2.1543E8
2.1543316E8
2.15432232E8
2.15429112E8
2.1542584E8
2.15424512E8
2.15427272E8
2.1543628E8
2.1545368E8
2.15481528E8
2.15521832E8
2.1557648E8
2.1564716E8
2.15735408E8
2.1584248E8
2.15969384E8
2.16116808E8
2.16285152E8
2.16474408E8
2.16684296E8
2.1691412E8
2.17162928E8
2.17429416E8
2.17712088E8
2.18009216E8
2.18318944E8
2.1863936E8
2.18968512E8
2.1930452E8
2.196456E8
2.19990104E8
2.20336568E8
2.2068376E8
2.21030672E8
2.21376496E8
2.21720696E8
2.22062888E8
2.22402968E8
2.22740944E8
2.23076984E8
2.23411424E8
2.23744672E8
2.24077272E8
2.24409776E8
2.24742864E8
2.25077184E8
2.25413456E8
2.2575236E8
2.26094592E8
2.26440744E8
2.26791368E8
2.27146944E8
2.27507784E8
2.2787404E8
2.28245784E8
2.28622872E8
2.29004992E8
2.29391712E8
2.29782424E8
2.30176384E8
2.30572792E8
2.30970776E8
2.313694E8
2.31767744E8
2.3216492E8
2.3256008E8
2.32952432E8
2.33341312E8
2.33726112E8
2.34106376E8
2.34481712E8
2.3485192E8
2.35216848E8
2.35576488E8
2.35930952E8
2.36280448E8
2.36625272E8
2.36965808E8
2.3730252E8
2.37635904E8
2.37966528E8
2.38294976E8
2.38621824E8
2.38947664E8
2.3927308E8
2.39598624E8
2.39924784E8
2.40252032E8
2.4058072E8
2.40911208E8
2.41243688E8
2.41578344E8
2.41915216E8
2.42254296E8
2.42595472E8
2.429386E8
2.43283464E8
2.43629816E8
2.4397744E8
2.44326096E8
2.44675704E8
2.450262E8
2.45377728E8
2.45730552E8
2.46085176E8
2.46442304E8
2.46802848E8
2.47168008E8
2.47539128E8
2.47917776E8
2.48305712E8
2.4870472E8
2.49116728E8
2.49543632E8
2.4998728E8
2.50449424E8
2.50931632E8
2.51435272E8
2.51961456E8
2.52511008E8
2.53084424E8
2.5368188E8
2.54303232E8
2.54947936E8
2.55615192E8
2.56303832E8
2.57012432E8
2.57739312E8
2.5848256E8
2.59240096E8
2.6000972E8
2.60789096E8
2.61575888E8
2.62367736E8
2.63162304E8
2.63957336E8
2.64750624E8
2.65540136E8
2.66323936E8
2.67100208E8
2.67867312E8
2.68623752E8
2.6936816E8
2.70099336E8
2.70816232E8
2.71517944E8
2.72203704E8
2.72872944E8
2.73525248E8
2.74160352E8
2.7477816E8
2.75378768E8
2.75962424E8
2.76529536E8
2.77080656E8
2.77616464E8
2.78137784E8
2.78645504E8
2.79140608E8
2.79624184E8
2.8009732E8
2.8056116E8
2.81016888E8
2.8146572E8
2.8190884E8
2.82347448E8
2.82782736E8
2.8321584E8
2.83647848E8
2.840798E8
2.84512616E8
2.84947112E8
2.8538396E8
2.8582372E8
2.862668E8
2.86713448E8
2.87163752E8
2.87617744E8
2.88075248E8
2.88536048E8
2.88999888E8
2.89466448E8
2.8993544E8
2.90406552E8
2.90879552E8
2.91354272E8
2.91830616E8
2.9230852E8
2.92788024E8
2.93269184E8
2.93752112E8
2.94236904E8
2.94723656E8
2.95212336E8
2.95702952E8
2.96195288E8
2.9668912E8
2.9718404E8
2.97679552E8
2.98175048E8
2.98669824E8
2.99163112E8
2.99654152E8
3.0014216E8
3.00626448E8
3.01106392E8
3.0158152E8
3.02051488E8
3.0251616E8
3.0297556E8
3.03429912E8
3.03879592E8
3.04325128E8
3.047672E8
3.05206536E8
3.05643992E8
3.06080368E8
3.0651652E8
3.06953272E8
3.07391408E8
3.0783164E8
3.08274592E8
3.08720832E8
3.09170872E8
3.09625104E8
3.10083848E8
3.10547392E8
3.1101592E8
3.1148952E8
3.1196824E8
3.12452048E8
3.12940776E8
3.13434208E8
3.13932064E8
3.14433928E8
3.1493932E8
3.15447696E8
3.15958472E8
3.16471024E8
3.16984712E8
3.17498968E8
3.18013264E8
3.185272E8
3.1904048E8
3.19553E8
3.20064904E8
3.20576472E8
3.21088264E8
3.21601056E8
3.2211588E8
3.22633952E8
3.23156688E8
3.23685672E8
3.24222608E8
3.2476932E8
3.25327624E8
3.25899376E8
3.26486336E8
3.27090144E8
3.27712264E8
3.28353952E8
3.29016168E8
3.29699512E8
3.30404232E8
3.311302E8
3.31876824E8
3.32643096E8
3.33427624E8
3.34228632E8
3.35043992E8
3.35871352E8
3.36708128E8
3.37551664E8
3.38399256E8
3.39248296E8
3.40096288E8
3.40940984E8
3.41780384E8
3.4261284E8
3.43436992E8
3.44251896E8
3.45056912E8
3.45851744E8
3.46636384E8
3.47411104E8
3.48176424E8
3.48933008E8
3.49681728E8
3.5042352E8
3.51159496E8
3.51890736E8
3.52618432E8
3.53343752E8
3.54067888E8
3.54791984E8
3.55517104E8
3.56244248E8
3.56974312E8
3.5770808E8
3.58446096E8
3.591888E8
3.59936392E8
3.60688896E8
3.61446096E8
3.62207592E8
3.62972768E8
3.63740864E8
3.6451092E8
3.65281864E8
3.6605252E8
3.6682164E8
3.67587928E8
3.6835008E8
3.69106792E8
3.69856856E8
3.7059912E8
3.7133256E8
3.72056296E8
3.72769688E8
3.73472272E8
3.74163896E8
3.7484464E8
3.75514904E8
3.761754E8
3.76827136E8
3.7747136E8
3.78109624E8
3.78743656E8
3.79375312E8
3.80006584E8
3.806394E8
3.81275728E8
3.81917344E8
3.82565888E8
3.83222744E8
3.83889064E8
3.8456568E8
3.85253104E8
3.85951552E8
3.8666092E8
3.87380848E8
3.88110696E8
3.88849584E8
3.8959648E8
3.90350192E8
3.91109456E8
3.91872928E8
3.9263924E8
3.93407064E8
3.94175104E8
3.94942112E8
3.95706912E8
3.9646844E8
3.97225648E8
3.97977592E8
3.98723368E8
3.99462144E8
4.00193056E8
4.00915336E8
4.0162824E8
4.02331056E8
4.03023136E8
4.03703944E8
4.04373056E8
4.05030168E8
4.05675184E8
4.06308216E8
4.0692956E8
4.07539776E8
4.0813964E8
4.08730144E8
4.09312472E8
4.09887992E8
4.10458168E8
4.11024632E8
4.11588976E8
4.12152864E8
4.12717856E8
4.13285544E8
4.13857328E8
4.14434544E8
4.15018376E8
4.15609856E8
4.1620988E8
4.16819176E8
4.17438344E8
4.18067808E8
4.18707944E8
4.1935892E8
4.20020856E8
4.20693744E8
4.21377504E8
4.22071984E8
4.22776984E8
4.23492192E8
4.24217328E8
4.24952008E8
4.25695872E8
4.26448496E8
4.2720944E8
4.27978272E8
4.28754496E8
4.29537664E8
4.3032724E8
4.31122696E8
4.31923464E8
4.3272892E8
4.33538392E8
4.34351104E8
4.35166248E8
4.35982864E8
4.36799936E8
4.3761632E8
4.38430776E8
4.39241992E8
4.40048616E8
4.40849248E8
4.41642512E8
4.4242712E8
4.43201888E8
4.43965824E8
4.44718184E8
4.45458464E8
4.46186536E8
4.46902592E8
4.47607208E8
4.4830132E8
4.48986208E8
4.496634E8
4.50334736E8
4.51002168E8
4.51667776E8
4.52333656E8
4.53001792E8
4.53674072E8
4.54352128E8
4.55037376E8
4.5573092E8
4.5643356E8
4.57145784E8
4.57867792E8
4.58599536E8
4.59340768E8
4.6009108E8
4.60849984E8
4.61616952E8
4.62391488E8
4.63173232E8
4.63961912E8
4.64757472E8
4.65560096E8
4.66370208E8
4.67188496E8
4.68015912E8
4.68853664E8
4.697032E8
4.70566152E8
4.71444328E8
4.72339696E8
4.73254216E8
4.7418992E8
4.75148792E8
4.76132696E8
4.77143376E8
4.78182368E8
4.79251E8
4.80350256E8
4.81480888E8
4.82643288E8
4.83837472E8
4.85063168E8
4.86319696E8
4.87606064E8
4.88920944E8
4.90262648E8
4.91629248E8
4.93018512E8
4.94427928E8
4.95854848E8
4.9729644E8
4.98749656E8
5.00211464E8
5.01678744E8
5.03148384E8
5.04617312E8
5.0608256E8
5.07541336E8
5.08990944E8
5.1042892E8
5.11853032E8
5.1326124E8
5.1465176E8
5.16023048E8
5.17373768E8
5.18702848E8
5.20009392E8
5.21292744E8
5.22552512E8
5.2378844E8
5.25000608E8
5.26189256E8
5.27354952E8
5.28498488E8
5.29620928E8
5.30723648E8
5.31808248E8
5.32876592E8
5.33930768E8
5.34973008E8
5.3600572E8
5.3703136E8
5.38052424E8
5.39071376E8
5.40090568E8
5.41112216E8
5.42138368E8
5.43170816E8
5.44211136E8
5.45260592E8
5.46320264E8
5.47390904E8
5.48473032E8
5.4956704E8
5.50673096E8
5.51791208E8
5.52921328E8
5.5406332E8
5.55217056E8
5.5638232E8
5.57558952E8
5.5874676E8
5.59945536E8
5.61155104E8
5.62375272E8
5.6360576E8
5.64846296E8
5.6609652E8
5.67356024E8
5.68624312E8
5.69900776E8
5.71184792E8
5.72475584E8
5.73772304E8
5.75074056E8
5.76379864E8
5.77688672E8
5.78999344E8
5.8031072E8
5.8162156E8
5.82930544E8
5.84236312E8
5.85537384E8
5.86832216E8
5.881192E8
5.89396592E8
5.90662624E8
5.91915416E8
5.93153112E8
5.94373816E8
5.95575712E8
5.96757048E8
5.97916256E8
5.99051992E8
6.00163168E8
6.01249016E8
6.02309184E8
6.03343672E8
6.04353008E8
6.0533808E8
6.06300336E8
6.07241592E8
6.08164168E8
6.09070744E8
6.09964376E8
6.10848392E8
6.11726368E8
6.12602032E8
6.13479192E8
6.14361624E8
6.15253064E8
6.16157048E8
6.17076864E8
6.18015568E8
6.1897576E8
6.19959744E8
6.2096936E8
6.22006064E8
6.23070816E8
6.24164192E8
6.25286376E8
6.2643716E8
6.27615984E8
6.28822008E8
6.30054112E8
6.31310992E8
6.32591184E8
6.33893144E8
6.35215272E8
6.36556E8
6.37913872E8
6.39287512E8
6.40675728E8
6.42077544E8
6.434922E8
6.4491916E8
6.46358128E8
6.4780904E8
6.49272008E8
6.50747328E8
6.52235432E8
6.53736864E8
6.55252208E8
6.56782128E8
6.5832724E8
6.59888184E8
6.61465536E8
6.63059816E8
6.64671464E8
6.6630084E8
6.67948184E8
6.69613632E8
6.71297176E8
6.7299868E8
6.74717792E8
6.76454048E8
6.78206736E8
6.79975008E8
6.81757752E8
6.83553688E8
6.85361336E8
6.87179032E8
6.89004944E8
6.9083708E8
6.92673352E8
6.9451156E8
6.96349456E8
6.98184752E8
7.0001516E8
7.01838408E8
7.03652288E8
7.05454696E8
7.072436E8
7.0901708E8
7.107734E8
7.1251092E8
7.14228176E8
7.15923848E8
7.175968E8
7.19246008E8
7.2087064E8
7.2247E8
7.24043616E8
7.2559112E8
7.271124E8
7.28607576E8
7.30076944E8
7.3152112E8
7.32940944E8
7.34337632E8
7.35712672E8
7.37067808E8
7.38405184E8
7.39727128E8
7.4103628E8
7.42335456E8
7.43627632E8
7.44915896E8
7.46203344E8
7.47493048E8
7.48787976E8
7.50090928E8
7.5140448E8
7.5273096E8
7.54072376E8
7.55430416E8
7.56806464E8
7.58201568E8
7.59616456E8
7.61051624E8
7.62507296E8
7.63983504E8
7.65480152E8
7.6699696E8
7.68533592E8
7.70089672E8
7.71664712E8
7.73258272E8
7.748698E8
7.76498752E8
7.78144544E8
7.79806552E8
7.81484056E8
7.8317628E8
7.84882368E8
7.86601368E8
7.8833224E8
7.90073824E8
7.91824944E8
7.93584304E8
7.95350608E8
7.97122528E8
7.98898832E8
8.00678312E8
8.02459888E8
8.04242656E8
8.06025928E8
8.07809216E8
8.0959228E8
8.11375184E8
8.13158272E8
8.14942096E8
8.16727472E8
8.18515448E8
8.20307232E8
8.22104128E8
8.2390756E8
8.25718968E8
8.27539752E8
8.29371256E8
8.31214728E8
8.33071232E8
8.3494172E8
8.36826904E8
8.38727304E8
8.40643216E8
8.4257468E8
8.44521552E8
8.46483432E8
8.48459696E8
8.50449528E8
8.52451896E8
8.5446556E8
8.56489144E8
8.58521112E8
8.60559736E8
8.62603256E8
8.64649744E8
8.6669724E8
8.6874372E8
8.70787104E8
8.72825296E8
8.74856216E8
8.76877792E8
8.78887968E8
8.80884688E8
8.82866008E8
8.84830016E8
8.86774888E8
8.88698936E8
8.90600616E8
8.92478616E8
8.943318E8
8.9615936E8
8.97960792E8
8.9973604E8
9.01485368E8
9.0320956E8
9.04909896E8
9.06588064E8
9.08246264E8
9.09887192E8
9.11513864E8
9.13129736E8
9.14738512E8
9.16344144E8
9.17950712E8
9.19562336E8
9.21183144E8
9.22817088E8
9.24467952E8
9.2613924E8
9.27834104E8
9.29555304E8
9.31305184E8
9.33085584E8
9.34897928E8
9.36743088E8
9.38621512E8
9.40533184E8
9.42477696E8
9.44454232E8
9.46461656E8
9.48498576E8
9.50563368E8
9.52654264E8
9.54769392E8
9.5690688E8
9.59064872E8
9.61241576E8
9.63435392E8
9.65644856E8
9.67868736E8
9.70106064E8
9.72356096E8
9.7461836E8
9.7689268E8
9.79179112E8
9.81477928E8
9.83789632E8
9.8611488E8
9.88454464E8
9.9080928E8
9.93180248E8
9.95568264E8
9.97974184E8
1.000398768E9
1.002842616E9
1.00530612E9
1.00778948E9
1.010292632E9
1.012815288E9
1.015356816E9
1.017916384E9
1.020492864E9
1.023084936E9
1.025691008E9
1.028309328E9
1.030937952E9
1.033574864E9
1.03621788E9
1.038864792E9
1.041513296E9
1.04416116E9
1.04680616E9
1.049446168E9
1.05207916E9
1.054703336E9
1.057317096E9
1.059919088E9
1.062508312E9
1.065084064E9
1.067645976E9
1.07019408E9
1.072728688E9
1.075250456E9
1.077760312E9
1.080259408E9
1.082749112E9
1.085230896E9
1.087706336E9
1.090177024E9
1.092644568E9
1.095110544E9
1.097576456E9
1.100043744E9
1.102513776E9
1.104987824E9
1.107467032E9
1.109952504E9
1.112445184E9
1.114945928E9
1.11745544E9
1.119974224E9
1.122502648E9
1.125040824E9
1.127588672E9
1.130145832E9
1.132711712E9
1.135285472E9
1.137866064E9
1.140452264E9
1.143042752E9
1.145636088E9
1.148230904E9
1.150825896E9
1.153419888E9
1.156011976E9
1.158601472E9
1.161188024E9
1.163771584E9
1.166352432E9
1.168931168E9
1.171508632E9
1.17408592E9
1.17666432E9
1.179245232E9
1.181830112E9
1.184420456E9
1.187017728E9
1.189623336E9
1.192238576E9
1.194864648E9
1.1975026E9
1.200153408E9
1.202817856E9
1.205496632E9
1.20819032E9
1.210899344E9
1.213624088E9
1.216364776E9
1.219121576E9
1.221894536E9
1.2246836E9
1.227488704E9
1.2303096E9
1.23314604E9
1.235997704E9
1.238864232E9
1.241745256E9
1.244640424E9
1.247549408E9
1.250471912E9
1.253407784E9
1.25635692E9
1.259319272E9
1.262294944E9
1.26528412E9
1.26828704E9
1.271304008E9
1.27433536E9
1.27738144E9
1.280442632E9
1.28351928E9
1.286611704E9
1.28972024E9
1.292845176E9
1.295986784E9
1.299145384E9
1.302321224E9
1.305514624E9
1.308725856E9
1.311955272E9
1.315203144E9
1.318469832E9
1.321755624E9
1.325060864E9
1.328385816E9
1.331730744E9
1.335095864E9
1.33848136E9
1.341887344E9
1.345313904E9
1.348761048E9
1.352228712E9
1.3557168E9
1.35922512E9
1.362753432E9
1.3663014E9
1.369868656E9
1.373454744E9
1.377059144E9
1.380681288E9
1.384320528E9
1.387976232E9
1.391647632E9
1.395334016E9
1.399034648E9
1.402748792E9
1.406475776E9
1.410214952E9
1.413965776E9
1.417727784E9
1.421500656E9
1.425284184E9
1.429078296E9
1.43288304E9
1.436698584E9
1.44052524E9
1.444363352E9
1.448213352E9
1.452075656E9
1.455950736E9
1.459839016E9
1.463740808E9
1.467656392E9
1.471585928E9
1.475529456E9
1.479486864E9
1.483457928E9
1.487442232E9
1.491439296E9
1.495448432E9
1.499468848E9
1.503499672E9
1.507539888E9
1.51158848E9
1.515644304E9
1.519706256E9
1.523773208E9
1.527844056E9
1.531917752E9
1.53599328E9
1.540069736E9
1.544146264E9
1.548222128E9
1.552296632E9
1.556369208E9
1.560439376E9
1.564506648E9
1.56857072E9
1.572631248E9
1.576688032E9
1.580740896E9
1.584789752E9
1.588834584E9
1.59287548E9
1.596912648E9
1.60094644E9
1.60497732E9
1.609005936E9
1.613033096E9
1.617059784E9
1.621087088E9
1.62511628E9
1.629148696E9
1.633185784E9
1.637228984E9
1.641279728E9
1.645339416E9
1.649409344E9
1.65349068E9
1.65758444E9
1.661691496E9
1.66581252E9
1.669948032E9
1.674098376E9
1.678263712E9
1.68244412E9
1.686639496E9
1.690849648E9
1.695074296E9
1.699313104E9
1.703565656E9
1.70783152E9
1.712110224E9
1.716401304E9
1.72070424E9
1.725018568E9
1.729343784E9
1.733679416E9
1.738024992E9
1.742380024E9
1.746744056E9
1.751116576E9
1.755497088E9
1.759885E9
1.764279696E9
1.76868048E9
1.77308652E9
1.77749692E9
1.781910608E9
1.786326376E9
1.790742904E9
1.795158656E9
1.799572032E9
1.80398128E9
1.8083846E9
1.812780104E9
1.817165928E9
1.8215402E9
1.82590116E9
1.830247104E9
1.834576456E9
1.838887776E9
1.84317976E9
1.84745128E9
1.851701328E9
1.85592904E9
1.86013372E9
1.864314784E9
1.8684718E9
1.872604504E9
1.876712816E9
1.8807968E9
1.884856736E9
1.888893176E9
1.892906832E9
1.896898616E9
1.90086972E9
1.904821464E9
1.908755296E9
1.912672768E9
1.916575456E9
1.920464896E9
1.924342552E9
1.928209696E9
1.932067376E9
1.93591644E9
1.93975736E9
1.94359028E9
1.94741504E9
1.951231064E9
1.955037408E9
1.95883272E9
1.962615352E9
1.966383168E9
1.970133768E9
1.973864304E9
1.977571688E9
1.981252464E9
1.98490288E9
1.988518944E9
1.992096496E9
1.995631168E9
1.999118576E9
2.002554256E9
2.00593384E9
2.00925308E9
2.012507912E9
2.0156946E9
2.018809624E9
2.021849904E9
2.02481276E9
2.027695872E9
2.030497424E9
2.033215968E9
2.035850512E9
2.038400464E9
2.040865624E9
2.04324612E9
2.04554252E9
2.047755648E9
2.049886672E9
2.051937032E9
2.053908496E9
2.05580304E9
2.05762284E9
2.059370296E9
2.061047968E9
2.062658504E9
2.064204536E9
2.065688768E9
2.067113736E9
2.068481904E9
2.06979548E9
2.071056424E9
2.072266392E9
2.073426696E9
2.074538288E9
2.0756018E9
2.076617456E9
2.077585176E9
2.0785046E9
2.079375096E9
2.08019584E9
2.080965872E9
2.081684144E9
2.082349608E9
2.082961256E9
2.083518176E9
2.084019576E9
2.084464912E9
2.084853832E9
2.085186288E9
2.08546248E9
2.085682928E9
2.085848424E9
2.085960064E9
2.0860192E9
2.086027456E9
2.085986608E9
2.085898624E9
2.08576564E9
2.085589816E9
2.085373416E9
2.085118696E9
2.084827864E9
2.08450308E9
2.084146408E9
2.083759736E9
2.083344848E9
2.082903304E9
2.082436432E9
2.081945344E9
2.081430832E9
2.080893424E9
2.080333368E9
2.079750552E9
2.07914452E9
2.078514528E9
2.077859496E9
2.077178016E9
2.076468384E9
2.075728624E9
2.074956504E9
2.07414956E9
2.073305144E9
2.07242048E9
2.071492648E9
2.07051872E9
2.069495744E9
2.068420856E9
2.067291288E9
2.066104504E9
2.0648582E9
2.063550416E9
2.062179552E9
2.060744496E9
2.059244568E9
2.05767968E9
2.05605024E9
2.054357208E9
2.052602112E9
2.050786968E9
2.04891428E9
2.04698692E9
2.045008096E9
2.04298124E9
2.040909896E9
2.038797624E9
2.036647872E9
2.034463896E9
2.032248616E9
2.030004592E9
2.027733904E9
2.02543812E9
2.023118336E9
2.02077508E9
2.018408432E9
2.016018032E9
2.013603128E9
2.011162728E9
2.008695616E9
2.006200528E9
2.003676128E9
2.001121248E9
1.998534816E9
1.995916016E9
1.993264296E9
1.990579392E9
1.98786132E9
1.985110416E9
1.982327272E9
1.979512664E9
1.976667568E9
1.973793016E9
1.970890136E9
1.967960008E9
1.965003616E9
1.962021808E9
1.959015312E9
1.955984608E9
1.95293E9
1.949851624E9
1.946749408E9
1.943623128E9
1.940472456E9
1.937297048E9
1.934096488E9
1.930870416E9
1.9276186E9
1.924340888E9
1.921037296E9
1.917708E9
1.914353376E9
1.910973984E9
1.907570528E9
1.904143872E9
1.900694968E9
1.897224872E9
1.893734664E9
1.89022548E9
1.886698384E9
1.883154456E9
1.879594688E9
1.876020032E9
1.872431376E9
1.868829528E9
1.865215264E9
1.86158928E9
1.85795224E9
1.854304768E9
1.85064748E9
1.846980952E9
1.843305752E9
1.839622392E9
1.835931416E9
1.832233312E9
1.828528552E9
1.824817584E9
1.821100832E9
1.817378648E9
1.813651424E9
1.809919472E9
1.806183136E9
1.802442728E9
1.798698608E9
1.79495112E9
1.791200656E9
1.787447696E9
1.783692736E9
1.779936368E9
1.7761792E9
1.77242192E9
1.76866524E9
1.764909872E9
1.761156528E9
1.757405888E9
1.753658552E9
1.749915056E9
1.74617584E9
1.742441224E9
1.738711424E9
1.734986528E9
1.73126652E9
1.727551288E9
1.7238406E9
1.72013416E9
1.716431576E9
1.712732416E9
1.709036176E9
1.705342328E9
1.701650288E9
1.697959464E9
1.69426928E9
1.690579152E9
1.686888528E9
1.683196904E9
1.679503864E9
1.67580904E9
1.672112232E9
1.668413352E9
1.664712512E9
1.661009976E9
1.657306224E9
1.653601984E9
1.649898216E9
1.646196128E9
1.642497192E9
1.638803096E9
1.635115808E9
1.631437416E9
1.627770264E9
1.624116736E9
1.620479336E9
1.61686056E9
1.613262816E9
1.609688416E9
1.60613948E9
1.602617848E9
1.599125104E9
1.595662464E9
1.59223076E9
1.588830496E9
1.585461784E9
1.582124376E9
1.578817704E9
1.575540912E9
1.572292904E9
1.569072376E9
1.565877928E9
1.562708056E9
1.559561192E9
1.556435848E9
1.553330552E9
1.55024392E9
1.54717472E9
1.54412188E9
1.541084464E9
1.538061776E9
1.53505328E9
1.53205864E9
1.52907772E9
1.526110536E9
1.523157272E9
1.520218256E9
1.517293856E9
1.514384584E9
1.511490944E9
1.508613504E9
1.505752776E9
1.50290924E9
1.500083392E9
1.497275632E9
1.494486264E9
1.4917156E9
1.488963816E9
1.486231088E9
1.483517448E9
1.480822864E9
1.478147248E9
1.475490408E9
1.47285204E9
1.470231728E9
1.467628936E9
1.465043E9
1.46247316E9
1.459918536E9
1.457378112E9
1.4548508E9
1.452335448E9
1.449830864E9
1.447335808E9
1.444849064E9
1.442369448E9
1.439895808E9
1.437427096E9
1.434962272E9
1.432500448E9
1.430040768E9
1.427582432E9
1.425124688E9
1.422666816E9
1.42020808E9
1.41774772E9
1.415284928E9
1.412818824E9
1.410348464E9
1.407872816E9
1.40539076E9
1.402901104E9
1.400402568E9
1.397893912E9
1.395373848E9
1.39284116E9
1.390294736E9
1.387733616E9
1.385157104E9
1.382564744E9
1.379956416E9
1.377332448E9
1.374693528E9
1.3720408E9
1.369375912E9
1.366700856E9
1.364018096E9
1.361330384E9
1.35864076E9
1.355952448E9
1.353268776E9
1.350593048E9
1.347928496E9
1.345278176E9
1.342644896E9
1.340031152E9
1.337439112E9
1.334870552E9
1.332326896E9
1.329809192E9
1.327318128E9
1.324854088E9
1.322417192E9
1.320007304E9
1.317624152E9
1.315267288E9
1.31293624E9
1.310630464E9
1.308349392E9
1.30609248E9
1.303859232E9
1.301649144E9
1.29946176E9
1.297296624E9
1.295153224E9
1.293031056E9
1.290929512E9
1.288847864E9
1.286785312E9
1.284740896E9
1.28271352E9
1.280701872E9
1.2787046E9
1.276720136E9
1.274746832E9
1.27278296E9
1.270826712E9
1.268876248E9
1.266929768E9
1.264985448E9
1.263041544E9
1.261096336E9
1.2591482E9
1.257195552E9
1.255236848E9
1.25327056E9
1.251295208E9
1.24930924E9
1.247311088E9
1.245299136E9
1.243271736E9
1.2412272E9
1.239163816E9
1.23707992E9
1.23497392E9
1.232844376E9
1.23069E9
1.228509808E9
1.226303072E9
1.224069488E9
1.221809144E9
1.219522504E9
1.217210552E9
1.214874696E9
1.212516832E9
1.210139216E9
1.207744576E9
1.205335944E9
1.202916736E9
1.200490528E9
1.198061216E9
1.195632808E9
1.193209328E9
1.190794952E9
1.188393744E9
1.186009664E9
1.18364656E9
1.181308064E9
1.17899752E9
1.17671796E9
1.174472112E9
1.172262336E9
1.17009056E9
1.167958416E9
1.165867136E9
1.163817608E9
1.161810448E9
1.159845952E9
1.157924224E9
1.156045144E9
1.154208368E9
1.152413432E9
1.15065964E9
1.14894616E9
1.147271928E9
1.145635656E9
1.1440358E9
1.142470552E9
1.140937784E9
1.139435032E9
1.137959552E9
1.13650828E9
1.135077864E9
1.133664752E9
1.132265208E9
1.13087544E9
1.129491624E9
1.128110064E9
1.126727264E9
1.125339984E9
1.123945376E9
1.122541064E9
1.121125176E9
1.119696376E9
1.118253928E9
1.116797656E9
1.11532796E9
1.113845712E9
1.112352264E9
1.110849352E9
1.109338984E9
1.107823408E9
1.106304952E9
1.104786024E9
1.10326896E9
1.10175596E9
1.100249048E9
1.098750048E9
1.09726044E9
1.09578148E9
1.094314024E9
1.092858688E9
1.091415728E9
1.089985152E9
1.088566664E9
1.0871598E9
1.085763912E9
1.084378216E9
1.083001888E9
1.08163408E9
1.080274008E9
1.078921016E9
1.077574616E9
1.07623448E9
1.0749006E9
1.073573168E9
1.07225268E9
1.070939848E9
1.0696356E9
1.068341064E9
1.067057432E9
1.065785928E9
1.064527768E9
1.063284008E9
1.062055488E9
1.060842864E9
1.059646368E9
1.058466016E9
1.057301416E9
1.056151848E9
1.055016256E9
1.0538934E9
1.052781712E9
1.05167956E9
1.050585184E9
1.049496808E9
1.048412712E9
1.04733132E9
1.046251184E9
1.045171072E9
1.044090024E9
1.043007296E9
1.041922472E9
1.040835328E9
1.03974596E9
1.038654632E9
1.037561856E9
1.036468248E9
1.035374592E9
1.034281768E9
1.033190648E9
1.032102192E9
1.03101736E9
1.029937016E9
1.028862016E9
1.02779312E9
1.026731048E9
1.025676392E9
1.02462964E9
1.023591216E9
1.022561408E9
1.021540424E9
1.020528392E9
1.019525416E9
1.018531552E9
1.017546856E9
1.01657144E9
1.015605496E9
1.014649288E9
1.013703328E9
1.012768184E9
1.011844704E9
1.010933904E9
1.010037032E9
1.00915552E9
1.008290944E9
1.007445064E9
1.006619688E9
1.005816712E9
1.005037976E9
1.004285288E9
1.003560328E9
1.002864552E9
1.002199256E9
1.001565392E9
1.000963608E9
1.000394272E9
9.99857304E8
9.99352304E8
9.98878504E8
9.98434776E8
9.98019712E8
9.97631552E8
9.97268424E8
9.96928176E8
9.966086E8
9.96307424E8
9.96022384E8
9.95751264E8
9.95491936E8
9.95242424E8
9.9500092E8
9.94765816E8
9.94535688E8
9.94309296E8
9.94085656E8
9.93863896E8
9.93643376E8
9.93423592E8
9.93204192E8
9.92984896E8
9.92765544E8
9.9254596E8
9.92326056E8
9.92105648E8
9.9188452E8
9.91662376E8
9.9143876E8
9.9121308E8
9.90984536E8
9.90752176E8
9.90514816E8
9.90271072E8
9.9001936E8
9.89757968E8
9.8948496E8
9.89198384E8
9.88896136E8
9.88576144E8
9.88236296E8
9.87874568E8
9.87489056E8
9.87077984E8
9.86639728E8
9.86172928E8
9.85676408E8
9.85149328E8
9.84591096E8
9.84001456E8
9.83380512E8
9.82728752E8
9.82047048E8
9.81336648E8
9.80599296E8
9.7983712E8
9.79052696E8
9.78249016E8
9.77429432E8
9.76597664E8
9.7575772E8
9.74913824E8
9.74070368E8
9.73231848E8
9.72402712E8
9.71587384E8
9.7079012E8
9.70015016E8
9.69265872E8
9.68546248E8
9.67859376E8
9.67208152E8
9.66595136E8
9.66022528E8
9.65492256E8
9.65005824E8
9.64564496E8
9.6416916E8
9.6382044E8
9.63518632E8
9.6326372E8
9.63055408E8
9.62893048E8
9.62775704E8
9.62702088E8
9.6267064E8
9.62679392E8
9.62726128E8
9.62808288E8
9.62923024E8
9.6306724E8
9.63237632E8
9.63430704E8
9.63642856E8
9.63870504E8
9.6411E8
9.64357872E8
9.64610776E8
9.64865632E8
9.6511964E8
9.65370328E8
9.6561564E8
9.65853888E8
9.66083808E8
9.66304504E8
9.66515544E8
9.66716784E8
9.66908424E8
9.67090968E8
9.67265144E8
9.67431872E8
9.67592184E8
9.67747192E8
9.67898048E8
9.68045896E8
9.68191744E8
9.68336552E8
9.6848108E8
9.68625912E8
9.68771472E8
9.6891788E8
9.69065056E8
9.69212704E8
9.69360264E8
9.69506968E8
9.69651912E8
9.69794016E8
9.69932112E8
9.70065032E8
9.70191632E8
9.70310872E8
9.70421888E8
9.70524096E8
9.70617136E8
9.70701064E8
9.70776232E8
9.70843432E8
9.70903784E8
9.70958792E8
9.71010232E8
9.71060096E8
9.71110592E8
9.71163992E8
9.71222584E8
9.7128856E8
9.71363976E8
9.71450664E8
9.71550208E8
9.7166384E8
9.71792488E8
9.71936688E8
9.7209664E8
9.72272208E8
9.72462936E8
9.72668096E8
9.72886696E8
9.73117616E8
9.73359536E8
9.7361112E8
9.73871008E8
9.74137784E8
9.74410216E8
9.7468712E8
9.74967512E8
9.7525052E8
9.75535456E8
9.7582188E8
9.76109464E8
9.76398072E8
9.76687704E8
9.76978488E8
9.77270632E8
9.77564448E8
9.7786024E8
9.7815836E8
9.78459168E8
9.78763024E8
9.79070216E8
9.7938108E8
9.79695872E8
9.800148E8
9.80338088E8
9.80665896E8
9.80998352E8
9.8133556E8
9.81677608E8
9.82024504E8
9.82376232E8
9.82732728E8
9.83093888E8
9.8345948E8
9.8382928E8
9.84202904E8
9.84579888E8
9.84959696E8
9.85341704E8
9.85725136E8
9.86109224E8
9.86493072E8
9.86875856E8
9.87256672E8
9.87634712E8
9.88009272E8
9.88379792E8
9.88745896E8
9.89107488E8
9.89464672E8
9.89817912E8
9.9016796E8
9.9051588E8
9.90863032E8
9.91211072E8
9.91561872E8
9.91917488E8
9.92280136E8
9.92652112E8
9.93035712E8
9.934332E8
9.93846768E8
9.94278384E8
9.94729856E8
9.95202712E8
9.95698224E8
9.96217352E8
9.96760648E8
9.97328392E8
9.97920432E8
9.98536296E8
9.9917516E8
9.99835864E8
1.000516944E9
1.001216648E9
1.001933E9
1.002663824E9
1.003406808E9
1.004159584E9
1.004919728E9
1.005684936E9
1.006452944E9
1.007221752E9
1.007989536E9
1.008754832E9
1.00951648E9
1.010273704E9
1.011026104E9
1.011773656E9
1.012516752E9
1.013256032E9
1.013992528E9
1.014727432E9
1.015462168E9
1.016198248E9
1.01693724E9
1.017680736E9
1.018430256E9
1.019187184E9
1.01995284E9
1.020728344E9
1.021514672E9
1.022312648E9
1.023122952E9
1.023946088E9
1.024782456E9
1.025632328E9
1.026495856E9
1.027373104E9
1.02826404E9
1.029168512E9
1.03008628E9
1.031016976E9
1.031960168E9
1.032915312E9
1.033881744E9
1.034858744E9
1.035845528E9
1.0368412E9
1.037844912E9
1.03885572E9
1.03987268E9
1.040894888E9
1.041921448E9
1.042951472E9
1.043984136E9
1.045018688E9
1.0460544E9
1.047090672E9
1.048126944E9
1.049162808E9
1.050197968E9
1.05123224E9
1.052265568E9
1.053298048E9
1.05432996E9
1.055361624E9
1.056393544E9
1.057426272E9
1.058460456E9
1.059496712E9
1.06053568E9
1.06157792E9
1.062623904E9
1.063673936E9
1.064728184E9
1.065786552E9
1.0668488E9
1.067914376E9
1.068982552E9
1.0700524E9
1.071122752E9
1.072192336E9
1.073259736E9
1.07432348E9
1.075382168E9
1.076434392E9
1.077478928E9
1.078514744E9
1.079541112E9
1.080557632E9
1.081564272E9
1.082561464E9
1.08355012E9
1.084531568E9
1.085507704E9
1.086480808E9
1.087453608E9
1.08842924E9
1.089411072E9
1.090402736E9
1.091408008E9
1.092430648E9
1.0934744E9
1.09454276E9
1.095639016E9
1.096766096E9
1.097926424E9
1.099121984E9
1.10035416E9
1.10162376E9
1.102930984E9
1.104275432E9
1.105656128E9
1.107071576E9
1.108519768E9
1.10999832E9
1.111504472E9
1.113035232E9
1.11458744E9
1.116157856E9
1.1177432E9
1.11934032E9
1.120946144E9
1.122557832E9
1.124172744E9
1.125788528E9
1.127403128E9
1.129014776E9
1.130621984E9
1.132223584E9
1.13381864E9
1.135406472E9
1.13698664E9
1.13855888E9
1.14012312E9
1.141679392E9
1.14322788E9
1.144768896E9
1.1463028E9
1.147830056E9
1.14935124E9
1.150866952E9
1.152377912E9
1.153884888E9
1.155388744E9
1.156890384E9
1.158390832E9
1.159891184E9
1.161392584E9
1.16289628E9
1.164403624E9
1.165915976E9
1.167434784E9
1.168961536E9
1.170497744E9
1.172044888E9
1.173604424E9
1.175177728E9
1.176765976E9
1.178370224E9
1.1799912E9
1.181629336E9
1.183284672E9
1.184956808E9
1.186644792E9
1.188347192E9
1.190061944E9
1.191786424E9
1.193517424E9
1.195251192E9
1.196983448E9
1.198709552E9
1.200424472E9
1.202122952E9
1.203799624E9
1.205449112E9
1.207066152E9
1.208645704E9
1.210183032E9
1.211673864E9
1.21311436E9
1.21450128E9
1.215831952E9
1.217104344E9
1.218317008E9
1.219469152E9
1.220560616E9
1.2215918E9
1.222563688E9
1.223477784E9
1.224336064E9
1.225141E9
1.225895424E9
1.226602536E9
1.227265872E9
1.227889232E9
1.228476608E9
1.229032256E9
1.229560456E9
1.230065624E9
1.230552184E9
1.231024544E9
1.231487008E9
1.231943744E9
1.232398736E9
1.23285576E9
1.233318304E9
1.233789528E9
1.234272312E9
1.23476912E9
1.235282088E9
1.235812976E9
1.236363176E9
1.236933696E9
1.237525184E9
1.238137944E9
1.23877196E9
1.239426848E9
1.240101952E9
1.24079628E9
1.241508552E9
1.24223724E9
1.242980488E9
1.243736224E9
1.244502176E9
1.2452758E9
1.246054424E9
1.246835264E9
1.247615376E9
1.248391856E9
1.249161776E9
1.249922248E9
1.25067056E9
1.251404128E9
1.2521206E9
1.252817832E9
1.253493952E9
1.2541474E9
1.254776864E9
1.255381264E9
1.255959808E9
1.256511912E9
1.257037128E9
1.257535192E9
1.25800592E9
1.258449136E9
1.258864728E9
1.259252528E9
1.259612304E9
1.259943672E9
1.260246168E9
1.26051912E9
1.260761664E9
1.260972728E9
1.261151024E9
1.261295032E9
1.261403032E9
1.261473136E9
1.26150324E9
1.261491128E9
1.261434488E9
1.261330864E9
1.261177824E9
1.260972912E9
1.260713648E9
1.260397568E9
1.260022312E9
1.259585544E9
1.25908504E9
1.25851868E9
1.257884432E9
1.257180504E9
1.256405192E9
1.255557104E9
1.254635048E9
1.253638144E9
1.252565856E9
1.251417968E9
1.250194688E9
1.24889656E9
1.247524576E9
1.246080072E9
1.24456484E9
1.242980968E9
1.241330928E9
1.23961752E9
1.237843888E9
1.236013384E9
1.234129712E9
1.232196752E9
1.23021864E9
1.22819972E9
1.226144496E9
1.224057656E9
1.22194396E9
1.219808296E9
1.217655592E9
1.215490768E9
1.21331868E9
1.211144176E9
1.208971896E9
1.20680632E9
1.204651704E9
1.202512016E9
1.200390888E9
1.1982916E9
1.196217032E9
1.194169624E9
1.192151304E9
1.190163576E9
1.188207368E9
1.186283152E9
1.184390864E9
1.182529912E9
1.180699312E9
1.178897592E9
1.177122872E9
1.175372944E9
1.173645296E9
1.171937176E9
1.170245616E9
1.168567544E9
1.166899752E9
1.16523904E9
1.163582192E9
1.161926024E9
1.160267464E9
1.15860356E9
1.156931488E9
1.155248648E9
1.153552632E9
1.151841296E9
1.150112736E9
1.14836536E9
1.14659788E9
1.14480928E9
1.142998904E9
1.141166384E9
1.13931164E9
1.137434896E9
1.135536616E9
1.133617512E9
1.131678512E9
1.12972068E9
1.127745272E9
1.125753632E9
1.123747208E9
1.12172752E9
1.119696072E9
1.117654432E9
1.115604168E9
1.11354684E9
1.11148396E9
1.109417072E9
1.107347688E9
1.105277256E9
1.103207312E9
1.10113932E9
1.099074776E9
1.097015136E9
1.094961856E9
1.092916336E9
1.09087988E9
1.088853664E9
1.086838672E9
1.084835664E9
1.08284512E9
1.080867104E9
1.078901352E9
1.076947168E9
1.075003368E9
1.0730684E9
1.071140256E9
1.069216552E9
1.0672946E9
1.065371512E9
1.063444168E9
1.06150948E9
1.059564304E9
1.05760572E9
1.055630984E9
1.053637656E9
1.05162368E9
1.049587408E9
1.047527672E9
1.045443784E9
1.043335536E9
1.041203224E9
1.03904764E9
1.03687004E9
1.034672088E9
1.032455824E9
1.030223696E9
1.02797844E9
1.025723056E9
1.023460816E9
1.021195112E9
1.018929544E9
1.016667792E9
1.014413624E9
1.012170808E9
1.009943096E9
1.007734224E9
1.005547784E9
1.00338724E9
1.00125592E9
9.99156872E8
9.97092864E8
9.95066384E8
9.9307956E8
9.91134096E8
9.89231304E8
9.87372024E8
9.855566E8
9.8378496E8
9.82056544E8
9.80370304E8
9.78724792E8
9.77118136E8
9.75548144E8
9.74012272E8
9.72507696E8
9.71031312E8
9.69579848E8
9.68149808E8
9.66737552E8
9.65339272E8
9.63951048E8
9.62568784E8
9.61188336E8
9.59805472E8
9.5841588E8
9.5701524E8
9.55599336E8
9.54163944E8
9.52705056E8
9.51218872E8
9.49701872E8
9.48150936E8
9.46563328E8
9.44936856E8
9.43269824E8
9.4156112E8
9.39810264E8
9.38017344E8
9.36183088E8
9.34308696E8
9.32395984E8
9.30447184E8
9.28464864E8
9.26451944E8
9.2441148E8
9.22346672E8
9.20260712E8
9.1815668E8
9.16037544E8
9.13906E8
9.11764504E8
9.09615208E8
9.0745992E8
9.05300192E8
9.03137272E8
9.00972168E8
8.98805672E8
8.96638464E8
8.94471096E8
8.92304112E8
8.90138064E8
8.87973536E8
8.85811216E8
8.8365192E8
8.81496552E8
8.79346144E8
8.77201872E8
8.75065E8
8.72936848E8
8.708188E8
8.68712296E8
8.66618672E8
8.64539296E8
8.624754E8
8.6042808E8
8.58398312E8
8.56386888E8
8.54394376E8
8.52421128E8
8.50467224E8
8.48532568E8
8.46616784E8
8.44719232E8
8.4283908E8
8.4097528E8
8.39126608E8
8.37291656E8
8.35468928E8
8.33656816E8
8.3185368E8
8.3005788E8
8.28267792E8
8.264818E8
8.24698432E8
8.22916256E8
8.2113396E8
8.19350336E8
8.17564248E8
8.15774688E8
8.13980696E8
8.12181384E8
8.10375936E8
8.08563528E8
8.0674344E8
8.04914944E8
8.03077352E8
8.01229992E8
7.99372272E8
7.97503616E8
7.9562348E8
7.93731392E8
7.91826912E8
7.89909648E8
7.8797928E8
7.86035528E8
7.84078128E8
7.82106936E8
7.80121856E8
7.7812288E8
7.76110096E8
7.7408368E8
7.72043984E8
7.6999152E8
7.67926912E8
7.6585104E8
7.6376492E8
7.616698E8
7.59567104E8
7.57458464E8
7.55345664E8
7.5323064E8
7.51115488E8
7.49002312E8
7.4689336E8
7.44790824E8
7.42696912E8
7.40613744E8
7.38543344E8
7.36487576E8
7.3444812E8
7.32426464E8
7.30423864E8
7.28441296E8
7.26479504E8
7.2453896E8
7.22619848E8
7.20722168E8
7.18845656E8
7.1698988E8
7.15154248E8
7.1333804E8
7.11540488E8
7.09760752E8
7.07998016E8
7.06251488E8
7.04520456E8
7.0280424E8
7.0110228E8
6.99414144E8
6.97739472E8
6.96078E8
6.94429576E8
6.92794112E8
6.911716E8
6.8956204E8
6.8796552E8
6.86382072E8
6.84811712E8
6.83254456E8
6.817102E8
6.80178824E8
6.78660048E8
6.77153544E8
6.75658848E8
6.74175424E8
6.727026E8
6.71239696E8
6.69785888E8
6.68340328E8
6.66902184E8
6.65470512E8
6.6404448E8
6.62623192E8
6.61205824E8
6.59791608E8
6.58379848E8
6.56969896E8
6.55561256E8
6.54153488E8
6.5274632E8
6.51339584E8
6.49933288E8
6.48527512E8
6.47122528E8
6.45718664E8
6.44316424E8
6.4291628E8
6.41518832E8
6.40124648E8
6.38734272E8
6.373482E8
6.35966856E8
6.3459052E8
6.33219424E8
6.31853576E8
6.30492888E8
6.29137112E8
6.27785864E8
6.26438576E8
6.25094592E8
6.23753072E8
6.22413104E8
6.2107368E8
6.1973372E8
6.18392088E8
6.17047672E8
6.15699352E8
6.14346176E8
6.12987232E8
6.11621792E8
6.10249368E8
6.0886968E8
6.07482712E8
6.06088704E8
6.04688232E8
6.03282088E8
6.0187136E8
6.00457352E8
5.99041552E8
5.97625664E8
5.96211472E8
5.9480084E8
5.93395696E8
5.91997976E8
5.90609568E8
5.89232288E8
5.87867944E8
5.8651812E8
5.85184376E8
5.83868064E8
5.82570384E8
5.81292424E8
5.80035008E8
5.7879888E8
5.7758456E8
5.76392392E8
5.75222592E8
5.74075192E8
5.72950088E8
5.71847032E8
5.70765632E8
5.69705416E8
5.68665744E8
5.67645896E8
5.66644992E8
5.65662096E8
5.6469612E8
5.63745864E8
5.62810048E8
5.61887312E8
5.609762E8
5.6007524E8
5.59182944E8
5.58297816E8
5.57418472E8
5.565436E8
5.55672032E8
5.54802744E8
5.53934904E8
5.53067848E8
5.52201104E8
5.51334376E8
5.50467496E8
5.49600408E8
5.48733112E8
5.47865632E8
5.46997936E8
5.46129984E8
5.45261584E8
5.44392416E8
5.43522056E8
5.42649864E8
5.4177512E8
5.40896944E8
5.40014408E8
5.3912644E8
5.38232E8
5.3733008E8
5.36419696E8
5.35500008E8
5.34570256E8
5.33629864E8
5.3267848E8
5.31715848E8
5.3074196E8
5.2975696E8
5.28761104E8
5.27754816E8
5.267386E8
5.25712992E8
5.24678576E8
5.23635936E8
5.22585592E8
5.21528096E8
5.20463856E8
5.19393296E8
5.18316704E8
5.17234384E8
5.1614652E8
5.15053264E8
5.13954744E8
5.12851024E8
5.1174216E8
5.10628184E8
5.09509128E8
5.08384992E8
5.07255808E8
5.06121576E8
5.04982352E8
5.03838192E8
5.02689168E8
5.01535432E8
5.0037716E8
4.992146E8
4.98048088E8
4.96878016E8
4.95704928E8
4.9452944E8
4.93352296E8
4.92174392E8
4.90996712E8
4.89820392E8
4.88646656E8
4.87476832E8
4.86312344E8
4.85154648E8
4.84005216E8
4.82865536E8
4.81737E8
4.80620992E8
4.79518688E8
4.78431184E8
4.77359312E8
4.76303792E8
4.75265072E8
4.742434E8
4.73238824E8
4.72251216E8
4.71280296E8
4.7032564E8
4.69386704E8
4.68462976E8
4.67553816E8
4.66658648E8
4.65776904E8
4.64908016E8
4.64051448E8
4.63206648E8
4.6237308E8
4.61550176E8
4.60737256E8
4.599336E8
4.59138376E8
4.58350616E8
4.57569248E8
4.56793104E8
4.5602092E8
4.55251368E8
4.54483104E8
4.53714792E8
4.52945144E8
4.52173E8
4.51397248E8
4.50617024E8
4.49831632E8
4.49040552E8
4.48243568E8
4.47440656E8
4.46632096E8
4.45818408E8
4.45000328E8
4.44178888E8
4.43355336E8
4.42531096E8
4.41707784E8
4.40887152E8
4.40071056E8
4.39261416E8
4.38460136E8
4.37669144E8
4.368902E8
4.36125032E8
4.3537512E8
4.34641776E8
4.33926104E8
4.33228896E8
4.32550736E8
4.31891904E8
4.3125244E8
4.30632144E8
4.3003056E8
4.29447056E8
4.28880784E8
4.2833076E8
4.27795864E8
4.27274848E8
4.26766424E8
4.2626916E8
4.25781632E8
4.25302344E8
4.24829816E8
4.2436252E8
4.23899E8
4.234378E8
4.22977536E8
4.2251688E8
4.22054608E8
4.21589592E8
4.21120808E8
4.20647392E8
4.20168544E8
4.1968364E8
4.19192136E8
4.18693616E8
4.18187784E8
4.17674392E8
4.17153336E8
4.1662452E8
4.16087928E8
4.15543632E8
4.14991672E8
4.14432112E8
4.13865088E8
4.13290648E8
4.12708832E8
4.12119664E8
4.1152312E8
4.1091908E8
4.1030732E8
4.09687592E8
4.09059504E8
4.0842252E8
4.07776048E8
4.0711932E8
4.06451504E8
4.05771648E8
4.05078744E8
4.04371712E8
4.03649496E8
4.02911056E8
4.02155472E8
4.01381968E8
4.00589984E8
3.997792E8
3.98949704E8
3.98101928E8
3.97236744E8
3.96355512E8
3.95460056E8
3.9455272E8
3.93636272E8
3.92713928E8
3.91789248E8
3.90866056E8
3.8994836E8
3.89040224E8
3.8814564E8
3.87268448E8
3.86412144E8
3.85579848E8
3.84774128E8
3.83996976E8
3.83249776E8
3.82533168E8
3.81847168E8
3.8119112E8
3.80563728E8
3.79963128E8
3.79387E8
3.788326E8
3.78296888E8
3.777766E8
3.772684E8
3.76768896E8
3.76274792E8
3.7578292E8
3.75290392E8
3.74794528E8
3.74293048E8
3.73783992E8
3.73265808E8
3.72737304E8
3.72197632E8
3.71646304E8
3.71083144E8
3.70508192E8
3.69921656E8
3.69323904E8
3.68715376E8
3.68096488E8
3.67467696E8
3.6682936E8
3.66181752E8
3.65525144E8
3.64859656E8
3.64185424E8
3.63502544E8
3.62811112E8
3.62111328E8
3.61403448E8
3.60687832E8
3.59965032E8
3.59235736E8
3.58500784E8
3.57761184E8
3.57018056E8
3.56272664E8
3.5552632E8
3.54780416E8
3.54036312E8
3.53295392E8
3.52558976E8
3.5182824E8
3.51104384E8
3.503884E8
3.49681208E8
3.48983584E8
3.48296216E8
3.476196E8
3.46954224E8
3.46300376E8
3.45658272E8
3.45028072E8
3.444098E8
3.43803424E8
3.43208848E8
3.42625848E8
3.42054224E8
3.41493608E8
3.4094364E8
3.40403888E8
3.3987388E8
3.3935308E8
3.38840928E8
3.38336832E8
3.37840168E8
3.3735028E8
3.36866464E8
3.36388024E8
3.35914144E8
3.35444E8
3.34976712E8
3.34511312E8
3.340468E8
3.3358208E8
3.33116024E8
3.32647456E8
3.32175184E8
3.31698E8
3.31214728E8
3.30724208E8
3.30225336E8
3.29717096E8
3.29198536E8
3.28668792E8
3.28127096E8
3.27572792E8
3.27005328E8
3.26424248E8
3.25829224E8
3.25220016E8
3.24596528E8
3.23958768E8
3.23306856E8
3.22641024E8
3.21961584E8
3.2126892E8
3.20563496E8
3.19845792E8
3.19116288E8
3.18375432E8
3.17623616E8
3.16861184E8
3.16088328E8
3.15305184E8
3.14511744E8
3.13707968E8
3.1289368E8
3.1206872E8
3.11232904E8
3.10386096E8
3.09528224E8
3.08659392E8
3.07779848E8
3.06890048E8
3.0599068E8
3.0508272E8
3.04167344E8
3.03246072E8
3.02320624E8
3.01392992E8
3.00465384E8
2.99540192E8
2.98619912E8
2.97707144E8
2.96804528E8
2.95914664E8
2.95039984E8
2.941828E8
2.93345168E8
2.92528792E8
2.9173508E8
2.90965024E8
2.90219216E8
2.8949784E8
2.88800656E8
2.88127112E8
2.87476336E8
2.86847192E8
2.86238376E8
2.85648496E8
2.85076128E8
2.84519888E8
2.83978488E8
2.83450832E8
2.82935992E8
2.82433304E8
2.81942368E8
2.81463096E8
2.80995656E8
2.80540512E8
2.80098432E8
2.79670432E8
2.79257784E8
2.78862E8
2.78484728E8
2.78127768E8
2.77793048E8
2.77482424E8
2.77197848E8
2.76941048E8
2.76713632E8
2.76516928E8
2.76352016E8
2.76219552E8
2.76119824E8
2.7605268E8
2.76017536E8
2.7601336E8
2.76038688E8
2.76091704E8
2.76170224E8
2.76271776E8
2.76393672E8
2.76533024E8
2.76686896E8
2.76852224E8
2.77025984E8
2.77205136E8
2.77386776E8
2.7756804E8
2.77746152E8
2.77918504E8
2.78082552E8
2.78235904E8
2.7837632E8
2.78501648E8
2.7860992E8
2.78699336E8
2.78768296E8
2.78815384E8
2.78839464E8
2.78839624E8
2.788152E8
2.78765832E8
2.78691368E8
2.78591872E8
2.78467656E8
2.78319088E8
2.78146624E8
2.77950744E8
2.77731872E8
2.77490312E8
2.77226168E8
2.769394E8
2.76629728E8
2.76296608E8
2.75939328E8
2.75557E8
2.75148616E8
2.74713152E8
2.74249592E8
2.73757016E8
2.73234792E8
2.72682456E8
2.72100016E8
2.71487808E8
2.70846688E8
2.70177952E8
2.69483392E8
2.6876528E8
2.68026304E8
2.67269568E8
2.66498504E8
2.65716816E8
2.64928448E8
2.64137432E8
2.63347952E8
2.62564216E8
2.61790424E8
2.61030752E8
2.60289288E8
2.5957004E8
2.58876912E8
2.58213592E8
2.57583632E8
2.5699036E8
2.56436752E8
2.5592556E8
2.55459096E8
2.55039232E8
2.54667424E8
2.54344576E8
2.54071048E8
2.53846648E8
2.53670584E8
2.53541496E8
2.5345752E8
2.53416176E8
2.53414616E8
2.53449536E8
2.53517264E8
2.53613952E8
2.53735504E8
2.53877784E8
2.5403668E8
2.54208152E8
2.54388352E8
2.54573696E8
2.54760864E8
2.54946912E8
2.551292E8
2.5530544E8
2.55473696E8
2.55632272E8
2.55779768E8
2.55914888E8
2.5603656E8
2.56143664E8
2.56235152E8
2.5630992E8
2.56366744E8
2.56404352E8
2.5642136E8
2.56416224E8
2.56387424E8
2.5633336E8
2.56252448E8
2.56143232E8
2.56004368E8
2.55834752E8
2.55633496E8
2.55400088E8
2.5513432E8
2.54836352E8
2.54506696E8
2.54146192E8
2.53755952E8
2.53337344E8
2.52891816E8
2.52421008E8
2.51926488E8
2.51409784E8
2.50872264E8
2.50315168E8
2.4973952E8
2.49146144E8
2.48535696E8
2.47908616E8
2.47265288E8
2.46605984E8
2.45931E8
2.45240712E8
2.44535584E8
2.43816304E8
2.430838E8
2.4233924E8
2.41584144E8
2.40820304E8
2.40049888E8
2.39275264E8
2.38499144E8
2.37724448E8
2.36954224E8
2.36191696E8
2.3544004E8
2.34702488E8
2.33982072E8
2.3328172E8
2.3260408E8
2.31951496E8
2.31325904E8
2.30728856E8
2.30161424E8
2.29624216E8
2.2911732E8
2.28640352E8
2.28192416E8
2.27772216E8
2.27378064E8
2.27007944E8
2.266596E8
2.26330608E8
2.26018496E8
2.25720744E8
2.25434992E8
2.25158992E8
2.24890752E8
2.2462852E8
2.2437084E8
2.24116584E8
2.2386492E8
2.23615256E8
2.23367304E8
2.23120952E8
2.22876232E8
2.2263332E8
2.22392424E8
2.22153736E8
2.21917464E8
2.21683736E8
2.21452576E8
2.21223952E8
2.20997688E8
2.2077356E8
2.20551248E8
2.20330312E8
2.2011036E8
2.19890928E8
2.19671528E8
2.19451728E8
2.19231104E8
2.19009296E8
2.18786008E8
2.18561056E8
2.18334272E8
2.18105664E8
2.17875296E8
2.17643312E8
2.17409944E8
2.1717552E8
2.16940368E8
2.16704896E8
2.16469496E8
2.1623456E8
2.16000408E8
2.15767336E8
2.15535552E8
2.1530516E8
2.15076144E8
2.14848376E8
2.14621568E8
2.14395352E8
2.1416916E8
2.13942352E8
2.1371412E8
2.13483544E8
2.132496E8
2.13011168E8
2.12767064E8
2.12516016E8
2.12256776E8
2.11988096E8
2.11708744E8
2.11417632E8
2.11113784E8
2.10796376E8
2.10464808E8
2.10118744E8
2.09758024E8
2.09382848E8
2.08993624E8
2.08591032E8
2.08175992E8
2.07749608E8
2.0731316E8
2.06868096E8
2.06415912E8
2.05958184E8
2.05496464E8
2.05032344E8
2.0456732E8
2.0410284E8
2.03640264E8
2.03180808E8
2.0272556E8
2.02275464E8
2.01831272E8
2.0139356E8
2.0096272E8
2.00538896E8
2.00122048E8
1.99711888E8
1.99307952E8
1.98909616E8
1.98516072E8
1.98126432E8
1.97739752E8
1.97355072E8
1.9697152E8
1.96588248E8
1.9620464E8
1.95820224E8
1.95434792E8
1.95048352E8
1.94661184E8
1.94273792E8
1.93886928E8
1.93501512E8
1.93118672E8
1.92739616E8
1.92365616E8
1.9199796E8
1.9163792E8
1.9128668E8
1.90945352E8
1.9061488E8
1.90296128E8
1.89989752E8
1.8969628E8
1.89416144E8
1.89149584E8
1.88896752E8
1.88657696E8
1.88432408E8
1.88220808E8
1.88022792E8
1.87838248E8
1.87667056E8
1.87509168E8
1.87364528E8
1.87233152E8
1.87115184E8
1.87010752E8
1.86920064E8
1.86843368E8
1.86780928E8
1.86733E8
1.86699752E8
1.8668136E8
1.866778E8
1.86688992E8
1.86714688E8
1.86754432E8
1.8680768E8
1.8687368E8
1.86951576E8
1.87040336E8
1.87138896E8
1.87245976E8
1.87360384E8
1.87480736E8
1.87605704E8
1.8773388E8
1.87863816E8
1.87994072E8
1.88123192E8
1.8824972E8
1.88372168E8
1.88489112E8
1.88599192E8
1.88701088E8
1.88793592E8
1.88875696E8
1.88946528E8
1.89005416E8
1.89051968E8
1.89085992E8
1.89107576E8
1.89117056E8
1.89114968E8
1.89102072E8
1.89079272E8
1.89047576E8
1.89008056E8
1.88961744E8
1.88909608E8
1.88852528E8
1.88791152E8
1.88725936E8
1.88657096E8
1.88584592E8
1.88508112E8
1.88427112E8
1.88340832E8
1.88248304E8
1.8814844E8
1.88040016E8
1.87921768E8
1.8779244E8
1.87650744E8
1.87495448E8
1.87325408E8
1.87139568E8
1.86936944E8
1.86716672E8
1.86477976E8
1.86220224E8
1.85942816E8
1.85645336E8
1.85327408E8
1.849888E8
1.84629352E8
1.84249032E8
1.8384788E8
1.8342608E8
1.82983896E8
1.8252168E8
1.82039848E8
1.8153892E8
1.81019448E8
1.80482064E8
1.79927384E8
1.79356064E8
1.78768752E8
1.78166104E8
1.77548744E8
1.76917248E8
1.76272184E8
1.75614088E8
1.7494344E8
1.74260704E8
1.73566328E8
1.72860768E8
1.72144432E8
1.71417824E8
1.70681408E8
1.6993576E8
1.6918152E8
1.68419384E8
1.676502E8
1.66874912E8
1.66094648E8
1.65310608E8
1.64524224E8
1.63737048E8
1.62950744E8
1.62167136E8
1.61388112E8
1.60615632E8
1.59851664E8
1.59098144E8
1.5835688E8
1.57629608E8
1.56917864E8
1.56222904E8
1.55545784E8
1.54887216E8
1.54247632E8
1.53627152E8
1.53025552E8
1.52442328E8
1.5187668E8
1.51327664E8
1.50794048E8
1.50274544E8
1.49767808E8
1.49272496E8
1.48787352E8
1.48311256E8
1.47843296E8
1.47382832E8
1.46929432E8
1.46483008E8
1.46043752E8
1.45612072E8
1.45188632E8
1.44774248E8
1.44369864E8
1.439764E8
1.43594784E8
1.43225808E8
1.42870064E8
1.42527928E8
1.42199512E8
1.41884584E8
1.41582608E8
1.41292712E8
1.4101372E8
1.40744144E8
1.40482272E8
1.4022612E8
1.39973544E8
1.39722272E8
1.39469936E8
1.3921408E8
1.38952296E8
1.38682168E8
1.38401368E8
1.38107656E8
1.37798968E8
1.37473368E8
1.37129136E8
1.36764808E8
1.36379104E8
1.35971056E8
1.35539944E8
1.3508532E8
1.34607072E8
1.34105336E8
1.33580552E8
1.33033456E8
1.32465064E8
1.31876664E8
1.31269784E8
1.30646216E8
1.30007952E8
1.29357168E8
1.28696192E8
1.28027464E8
1.27353472E8
1.2667672E8
1.25999656E8
1.25324664E8
1.24653992E8
1.23989664E8
1.23333592E8
1.22687384E8
1.22052448E8
1.21429952E8
1.20820816E8
1.20225768E8
1.19645264E8
1.19079624E8
1.18529E8
1.17993376E8
1.17472648E8
1.16966568E8
1.16474832E8
1.15997096E8
1.15532896E8
1.150818E8
1.1464332E8
1.14216968E8
1.13802248E8
1.13398704E8
1.13005936E8
1.12623592E8
1.12251416E8
1.11889304E8
1.11537256E8
1.11195408E8
1.10864112E8
1.10543808E8
1.10235144E8
1.09938872E8
1.09655856E8
1.09387E8
1.0913324E8
1.0889552E8
1.08674688E8
1.08471528E8
1.0828664E8
1.08120544E8
1.07973552E8
1.07845832E8
1.07737392E8
1.07648064E8
1.07577616E8
1.07525648E8
1.07491712E8
1.07475296E8
1.07475792E8
1.07492624E8
1.07525144E8
1.0757272E8
1.07634672E8
1.07710336E8
1.07799016E8
1.07900024E8
1.08012656E8
1.0813624E8
1.08270096E8
1.08413632E8
1.08566296E8
1.0872764E8
1.08897384E8
1.09075384E8
1.09261728E8
1.09456712E8
1.09660928E8
1.09875216E8
1.1010068E8
1.1033872E8
1.10590928E8
1.10859072E8
1.11145088E8
1.11450912E8
1.11778496E8
1.12129616E8
1.12505864E8
1.1290856E8
1.13338592E8
1.1379648E8
1.14282208E8
1.14795264E8
1.153346E8
1.1589864E8
1.16485312E8
1.17092064E8
1.17715944E8
1.18353624E8
1.19001552E8
1.19655944E8
1.2031292E8
1.20968568E8
1.21619024E8
1.2226056E8
1.22889616E8
1.2350288E8
1.24097264E8
1.24670032E8
1.2521868E8
1.25741008E8
1.26235072E8
1.26699168E8
1.2713176E8
1.27531496E8
1.27897128E8
1.2822748E8
1.28521496E8
1.2877812E8
1.28996384E8
1.291754E8
1.2931436E8
1.29412576E8
1.29469592E8
1.29485144E8
1.2945924E8
1.29392208E8
1.29284728E8
1.2913784E8
1.28952952E8
1.28731848E8
1.28476624E8
1.28189672E8
1.27873632E8
1.2753128E8
1.27165488E8
1.26779184E8
1.26375192E8
1.25956232E8
1.25524848E8
1.25083336E8
1.24633768E8
1.24177928E8
1.23717336E8
1.23253288E8
1.22786792E8
1.2231872E8
1.21849776E8
1.21380568E8
1.20911584E8
1.20443344E8
1.19976336E8
1.19511104E8
1.190482E8
1.1858824E8
1.18131928E8
1.17679984E8
1.17233152E8
1.16792232E8
1.16357968E8
1.15931128E8
1.15512392E8
1.15102352E8
1.1470156E8
1.14310384E8
1.13929096E8
1.13557864E8
1.13196656E8
1.1284532E8
1.12503576E8
1.12171032E8
1.11847144E8
1.11531336E8
1.11222936E8
1.10921312E8
1.10625744E8
1.1033564E8
1.10050416E8
1.0976964E8
1.09492984E8
1.09220296E8
1.08951576E8
1.08687E8
1.08426952E8
1.08171984E8
1.07922864E8
1.0768044E8
1.074458E8
1.07220064E8
1.07004472E8
1.06800312E8
1.06608848E8
1.06431312E8
1.06268864E8
1.06122512E8
1.05993096E8
1.05881288E8
1.0578752E8
1.05711928E8
1.05654488E8
1.05614864E8
1.0559248E8
1.05586576E8
1.05596176E8
1.05620144E8
1.05657232E8
1.0570612E8
1.0576544E8
1.05833864E8
1.05910096E8
1.05992976E8
1.06081424E8
1.06174576E8
1.06271736E8
1.06372336E8
1.06476088E8
1.06582792E8
1.06692432E8
1.06805104E8
1.06920944E8
1.07040136E8
1.07162816E8
1.07289008E8
1.07418616E8
1.0755136E8
1.07686736E8
1.07823976E8
1.07962032E8
1.08099592E8
1.08235032E8
1.0836648E8
1.08491784E8
1.08608584E8
1.08714296E8
1.08806232E8
1.08881504E8
1.08937248E8
1.08970544E8
1.08978496E8
1.08958328E8
1.08907416E8
1.08823288E8
1.08703752E8
1.0854692E8
1.0835124E8
1.08115552E8
1.07839096E8
1.07521528E8
1.07162992E8
1.06764056E8
1.06325736E8
1.05849472E8
1.05337112E8
1.0479084E8
1.04213168E8
1.0360688E8
1.02974936E8
1.02320472E8
1.01646744E8
1.00956992E8
1.00254456E8
9.9542344E7
9.8823712E7
9.8101464E7
9.73784E7
9.6657112E7
9.593996E7
9.5229152E7
9.452676E7
9.3834664E7
9.3154624E7
9.2488344E7
9.183744E7
9.1203512E7
9.0588152E7
8.999292E7
8.9419432E7
8.8869264E7
8.8343968E7
8.7845016E7
8.7373824E7
8.6931616E7
8.6519464E7
8.6138208E7
8.5788424E7
8.5470424E7
8.5184224E7
8.4929568E7
8.4705904E7
8.4512456E7
8.4348184E7
8.4211856E7
8.4102144E7
8.4017512E7
8.3956448E7
8.391732E7
8.3898536E7
8.3898536E7
8.3915776E7
8.3948856E7
8.3996432E7
8.4057312E7
8.4130424E7
8.4214824E7
8.4309728E7
8.4414472E7
8.4528464E7
8.465124E7
8.478236E7
8.492144E7
8.5068024E7
8.5221656E7
8.5381744E7
8.5547584E7
8.571832E7
8.5892952E7
8.6070288E7
8.6249E7
8.6427592E7
8.6604528E7
8.6778128E7
8.6946704E7
8.7108632E7
8.726232E7
8.7406304E7
8.7539352E7
8.7660376E7
8.7768584E7
8.7863424E7
8.7944688E7
8.8012464E7
8.8067192E7
8.81096E7
8.8140752E7
8.8161992E7
8.8174944E7
8.8181448E7
8.818356E7
8.818344E7
8.8183376E7
8.8185672E7
8.8192624E7
8.8206448E7
8.8229304E7
8.826312E7
8.8309712E7
8.8370664E7
8.8447336E7
8.854084E7
8.865208E7
8.8781688E7
8.893008E7
8.9097432E7
8.9283752E7
8.9488784E7
8.9712144E7
8.995328E7
9.021148E7
9.0485944E7
9.077572E7
9.1079808E7
9.1397064E7
9.1726328E7
9.2066328E7
9.241576E7
9.277324E7
9.3137288E7
9.3506376E7
9.3878872E7
9.4253088E7
9.4627248E7
9.4999464E7
9.5367824E7
9.5730344E7
9.608496E7
9.64296E7
9.6762176E7
9.708064E7
9.738296E7
9.76672E7
9.7931528E7
9.8174256E7
9.8393936E7
9.8589304E7
9.8759368E7
9.8903424E7
9.9021024E7
9.9112112E7
9.9176912E7
9.921588E7
9.9229792E7
9.9219616E7
9.9186496E7
9.9131624E7
9.9056296E7
9.8961744E7
9.8849104E7
9.8719416E7
9.857348E7
9.8411912E7
9.8235104E7
9.8043192E7
9.7836088E7
9.7613496E7
9.737496E7
9.7119848E7
9.6847472E7
9.6557032E7
9.6247776E7
9.5918952E7
9.5569896E7
9.5200064E7
9.4809088E7
9.4396776E7
9.396316E7
9.3508552E7
9.3033528E7
9.2538896E7
9.2025744E7
9.1495392E7
9.0949424E7
9.0389536E7
8.981764E7
8.9235696E7
8.8645728E7
8.8049688E7
8.7449568E7
8.6847176E7
8.6244224E7
8.5642216E7
8.5042536E7
8.4446304E7
8.385452E7
8.3268E7
8.2687392E7
8.2113328E7
8.1546344E7
8.0986968E7
8.0435768E7
7.9893424E7
7.9360664E7
7.8838392E7
7.8327584E7
7.782936E7
7.7344872E7
7.6875328E7
7.6421896E7
7.5985632E7
7.556748E7
7.5168096E7
7.4787928E7
7.4427032E7
7.4085136E7
7.3761576E7
7.3455376E7
7.3165152E7
7.2889224E7
7.2625696E7
7.2372472E7
7.212736E7
7.188816E7
7.1652704E7
7.1418984E7
7.1185224E7
7.094988E7
7.0711776E7
7.0470056E7
7.0224232E7
6.99742E7
6.9720224E7
6.9462856E7
6.920296E7
6.894164E7
6.8680224E7
6.842008E7
6.8162752E7
6.7909728E7
6.7662504E7
6.7422488E7
6.7190944E7
6.6968992E7
6.6757576E7
6.6557408E7
6.6369032E7
6.6192736E7
6.6028624E7
6.5876568E7
6.5736248E7
6.5607168E7
6.5488712E7
6.538008E7
6.52804E7
6.518872E7
6.510408E7
6.5025448E7
6.4951928E7
6.48826E7
6.481668E7
6.4753512E7
6.469256E7
6.463348E7
6.4576072E7
6.4520304E7
6.4466344E7
6.441448E7
6.4365128E7
6.4318824E7
6.4276152E7
6.4237712E7
6.4204088E7
6.4175776E7
6.415316E7
6.413648E7
6.4125792E7
6.4120904E7
6.4121496E7
6.412696E7
6.413656E7
6.4149384E7
6.41644E7
6.4180496E7
6.4196496E7
6.4211296E7
6.4223752E7
6.4232792E7
6.4237464E7
6.4236864E7
6.42302E7
6.4216776E7
6.4195984E7
6.4167272E7
6.41302E7
6.4084312E7
6.4029312E7
6.3964888E7
6.3890824E7
6.3807008E7
6.3713368E7
6.3609976E7
6.3497032E7
6.3374912E7
6.3244144E7
6.3105416E7
6.2959656E7
6.2807984E7
6.265176E7
6.2492464E7
6.23318E7
6.2171592E7
6.2013792E7
6.18604E7
6.1713384E7
6.1574664E7
6.1446048E7
6.1329128E7
6.1225224E7
6.1135392E7
6.106024E7
6.100008E7
6.0954784E7
6.0923824E7
6.090628E7
6.090088E7
6.0906064E7
6.0919944E7
6.0940488E7
6.096552E7
6.0992728E7
6.10198E7
6.1044472E7
6.1064552E7
6.1078E7
6.1082968E7
6.1077832E7
6.1061272E7
6.1032248E7
6.099004E7
6.0934288E7
6.0864984E7
6.0782432E7
6.0687224E7
6.0580248E7
6.0462608E7
6.0335528E7
6.0200384E7
6.0058496E7
5.9911232E7
5.975976E7
5.9605152E7
5.9448192E7
5.9289464E7
5.9129224E7
5.8967464E7
5.880384E7
5.8637824E7
5.8468552E7
5.8295008E7
5.811604E7
5.793036E7
5.7736672E7
5.7533664E7
5.7320128E7
5.7094896E7
5.6857008E7
5.6605656E7
5.63402E7
5.6060192E7
5.5765408E7
5.545576E7
5.5131328E7
5.4792368E7
5.44392E7
5.4072256E7
5.3692E7
5.3298944E7
5.2893672E7
5.2476696E7
5.2048608E7
5.1609984E7
5.1161432E7
5.07036E7
5.0237184E7
4.976296E7
4.9281816E7
4.8794736E7
4.8302816E7
4.7807336E7
4.730968E7
4.681136E7
4.6314056E7
4.5819512E7
4.5329624E7
4.4846296E7
4.4371536E7
4.3907312E7
4.3455616E7
4.301836E7
4.2597392E7
4.2194472E7
4.181124E7
4.1449192E7
4.110968E7
4.0793912E7
4.0502936E7
4.023764E7
3.9998768E7
3.9786896E7
3.960248E7
3.9445832E7
3.9317072E7
3.9216256E7
3.9143248E7
3.9097768E7
3.90794E7
3.9087552E7
3.9121504E7
3.9180304E7
3.9262904E7
3.9368016E7
3.9494232E7
3.9639936E7
3.9803384E7
3.9982624E7
4.0175624E7
4.0380136E7
4.0593896E7
4.0814472E7
4.1039392E7
4.1266144E7
4.1492176E7
4.1714992E7
4.1932128E7
4.2141232E7
4.234008E7
4.2526616E7
4.2698968E7
4.2855568E7
4.2995056E7
4.3116376E7
4.3218816E7
4.330192E7
4.336564E7
4.3410192E7
4.3436136E7
4.3444352E7
4.3435984E7
4.3412456E7
4.3375384E7
4.3326656E7
4.326824E7
4.3202288E7
4.313096E7
4.3056464E7
4.2980936E7
4.2906496E7
4.2835024E7
4.2768264E7
4.2707616E7
4.265428E7
4.2609032E7
4.2572352E7
4.2544296E7
4.2524536E7
4.2512352E7
4.2506704E7
4.2506224E7
4.2509264E7
4.2514E7
4.251844E7
4.2520536E7
4.2518264E7
4.2509688E7
4.2492984E7
4.2466576E7
4.2429184E7
4.237976E7
4.2317664E7
4.2242544E7
4.215444E7
4.2053704E7
4.1940984E7
4.1817224E7
4.1683568E7
4.1541344E7
4.1391976E7
4.1236976E7
4.1077856E7
4.0916056E7
4.0752968E7
4.05898E7
4.0427656E7
4.0267424E7
4.0109784E7
3.995528E7
3.980416E7
3.965656E7
3.951236E7
3.937132E7
3.9232984E7
3.9096768E7
3.8961952E7
3.8827696E7
3.869304E7
3.8556968E7
3.8418408E7
3.8276232E7
3.8129376E7
3.797672E7
3.7817296E7
3.7650208E7
3.747464E7
3.7290016E7
3.7095864E7
3.6891928E7
3.6678192E7
3.645476E7
3.6222016E7
3.5980504E7
3.5730928E7
3.5474216E7
3.5211368E7
3.4943528E7
3.4671928E7
3.4397848E7
3.4122616E7
3.3847544E7
3.357396E7
3.330316E7
3.3036384E7
3.2774832E7
3.2519664E7
3.2271992E7
3.203284E7
3.1803192E7
3.158396E7
3.1376E7
3.1180048E7
3.0996736E7
3.08266E7
3.0669984E7
3.0527112E7
3.0397976E7
3.02824E7
3.0179992E7
3.0090184E7
3.0012176E7
2.9945064E7
2.9887784E7
2.9839168E7
2.979804E7
2.9763176E7
2.9733448E7
2.9707792E7
2.968532E7
2.9665344E7
2.9647344E7
2.963112E7
2.9616712E7
2.9604472E7
2.9595008E7
2.9589176E7
2.9588144E7
2.959324E7
2.9605968E7
2.9627984E7
2.9661008E7
2.9706792E7
2.9767048E7
2.9843432E7
2.9937504E7
3.0050656E7
3.0184088E7
3.03388E7
3.0515544E7
3.0714808E7
3.09368E7
3.1181464E7
3.1448432E7
3.173704E7
3.204632E7
3.2375032E7
3.2721616E7
3.3084264E7
3.3460944E7
3.384936E7
3.4247056E7
3.4651448E7
3.5059824E7
3.5469448E7
3.5877576E7
3.6281568E7
3.6678864E7
3.7067104E7
3.744416E7
3.7808144E7
3.8157504E7
3.8491016E7
3.8807784E7
3.9107272E7
3.9389288E7
3.9653912E7
3.9901584E7
4.0132888E7
4.0348656E7
4.05498E7
4.0737328E7
4.0912256E7
4.1075496E7
4.1227912E7
4.1370176E7
4.1502784E7
4.1625992E7
4.1739864E7
4.1844144E7
4.1938416E7
4.2021984E7
4.2093984E7
4.215332E7
4.2198792E7
4.2229104E7
4.224288E7
4.2238752E7
4.2215392E7
4.2171608E7
4.210636E7
4.2018824E7
4.1908456E7
4.1775032E7
4.1618688E7
4.1439928E7
4.1239672E7
4.1019248E7
4.0780376E7
4.0525128E7
4.0255928E7
3.9975488E7
3.9686728E7
3.9392744E7
3.909672E7
3.8801888E7
3.8511384E7
3.8228288E7
3.7955496E7
3.7695648E7
3.7451144E7
3.7224088E7
3.7016264E7
3.6829104E7
3.6663688E7
3.6520792E7
3.6400832E7
3.6303912E7
3.6229864E7
3.6178216E7
3.614828E7
3.613912E7
3.6149592E7
3.6178408E7
3.6224088E7
3.6285016E7
3.6359416E7
3.6445456E7
3.6541136E7
3.6644352E7
3.675296E7
3.686468E7
3.69772E7
3.7088184E7
3.719524E7
3.7296024E7
3.73882E7
3.7469528E7
3.7537888E7
3.7591312E7
3.7627992E7
3.7646368E7
3.7645112E7
3.76232E7
3.7579856E7
3.751464E7
3.7427376E7
3.7318232E7
3.7187664E7
3.7036344E7
3.686524E7
3.6675568E7
3.6468688E7
3.624612E7
3.6009528E7
3.576068E7
3.550132E7
3.5233264E7
3.4958264E7
3.4678032E7
3.439416E7
3.410812E7
3.3821344E7
3.3535048E7
3.3250368E7
3.2968336E7
3.2689888E7
3.2415872E7
3.2147136E7
3.1884464E7
3.1628688E7
3.1380624E7
3.1141152E7
3.09112E7
3.069172E7
3.0483712E7
3.028824E7
3.0106288E7
2.9938896E7
2.9787024E7
2.9651512E7
2.9533144E7
2.9432488E7
2.9349976E7
2.9285848E7
2.924008E7
2.921248E7
2.9202584E7
2.9209784E7
2.9233208E7
2.9271848E7
2.932456E7
2.9390112E7
2.9467168E7
2.9554384E7
2.9650448E7
2.9754072E7
2.986404E7
2.9979264E7
3.009876E7
3.0221656E7
3.0347208E7
3.0474824E7
3.0604016E7
3.0734392E7
3.0865664E7
3.0997616E7
3.1130088E7
3.1262992E7
3.1396264E7
3.1529888E7
3.166384E7
3.1798184E7
3.1932888E7
3.2068072E7
3.2203744E7
3.2339992E7
3.2476888E7
3.2614496E7
3.2752848E7
3.2892E7
3.3031976E7
3.3172736E7
3.3314232E7
3.345636E7
3.3598952E7
3.3741784E7
3.3884536E7
3.4026864E7
3.4168328E7
3.4308464E7
3.4446696E7
3.4582464E7
3.4715184E7
3.4844216E7
3.4969032E7
3.5089032E7
3.5203752E7
3.5312752E7
3.5415672E7
3.5512272E7
3.5602352E7
3.5685864E7
3.57628E7
3.5833272E7
3.5897432E7
3.5955544E7
3.6007864E7
3.6054736E7
3.6096488E7
3.6133464E7
3.6165968E7
3.6194312E7
3.6218712E7
3.623928E7
3.6256096E7
3.6269096E7
3.6278072E7
3.6282704E7
3.6282504E7
3.6276864E7
3.626504E7
3.6246104E7
3.6219088E7
3.6182848E7
3.613624E7
3.6078016E7
3.6006928E7
3.59218E7
3.5821472E7
3.5704928E7
3.5571264E7
3.5419776E7
3.525E7
3.5061688E7
3.4854896E7
3.4629928E7
3.4387376E7
3.412812E7
3.3853264E7
3.3564184E7
3.326236E7
3.2949472E7
3.2627248E7
3.229744E7
3.1961824E7
3.1622096E7
3.127984E7
3.0936496E7
3.0593392E7
3.025168E7
2.9912296E7
2.9576048E7
2.9243544E7
2.8915256E7
2.8591496E7
2.8272448E7
2.7958208E7
2.764876E7
2.7344064E7
2.7044024E7
2.6748536E7
2.6457568E7
2.6171104E7
2.5889184E7
2.5612016E7
2.5339856E7
2.5073144E7
2.48124E7
2.4558336E7
2.431168E7
2.4073344E7
2.3844208E7
2.3625216E7
2.3417272E7
2.3221216E7
2.30378E7
2.2867608E7
2.271112E7
2.2568592E7
2.2440144E7
2.2325704E7
2.2225032E7
2.2137784E7
2.2063472E7
2.2001552E7
2.195144E7
2.1912544E7
2.188428E7
2.1866104E7
2.1857584E7
2.1858328E7
2.1868064E7
2.1886592E7
2.1913824E7
2.1949744E7
2.1994368E7
2.2047816E7
2.211016E7
2.2181552E7
2.2262064E7
2.2351816E7
2.2450848E7
2.2559152E7
2.2676752E7
2.2803552E7
2.2939456E7
2.3084312E7
2.3237912E7
2.3399976E7
2.3570184E7
2.3748096E7
2.393316E7
2.4124728E7
2.4321984E7
2.4524008E7
2.4729704E7
2.4937848E7
2.5147104E7
2.535604E7
2.5563136E7
2.576684E7
2.5965576E7
2.6157832E7
2.6342112E7
2.6517032E7
2.668128E7
2.6833704E7
2.6973224E7
2.7098968E7
2.7210128E7
2.7306104E7
2.7386384E7
2.745064E7
2.7498656E7
2.7530328E7
2.7545768E7
2.7545144E7
2.75288E7
2.7497152E7
2.7450784E7
2.7390328E7
2.7316512E7
2.7230128E7
2.7131984E7
2.7022912E7
2.6903712E7
2.6775184E7
2.6638008E7
2.649284E7
2.6340224E7
2.6180608E7
2.601436E7
2.5841728E7
2.5662928E7
2.5478144E7
2.5287552E7
2.509132E7
2.4889728E7
2.4683136E7
2.4472096E7
2.4257288E7
2.40396E7
2.3820152E7
2.3600248E7
2.3381352E7
2.3165152E7
2.2953408E7
2.2747936E7
2.2550568E7
2.2363096E7
2.2187152E7
2.20242E7
2.187548E7
2.1741928E7
2.16242E7
2.1522592E7
2.1437128E7
2.1367456E7
2.1312928E7
2.127264E7
2.1245408E7
2.1229856E7
2.12244E7
2.122732E7
2.1236808E7
2.1250952E7
2.1267824E7
2.128548E7
2.130208E7
2.1315784E7
2.132496E7
2.132812E7
2.1323976E7
2.1311544E7
2.1290096E7
2.125924E7
2.1218928E7
2.1169456E7
2.1111432E7
2.10458E7
2.0973776E7
2.0896808E7
2.0816528E7
2.0734688E7
2.0653112E7
2.0573584E7
2.049788E7
2.0427632E7
2.0364328E7
2.0309248E7
2.026348E7
2.022788E7
2.0203E7
2.0189232E7
2.018664E7
2.0195096E7
2.02142E7
2.0243368E7
2.0281776E7
2.0328464E7
2.0382248E7
2.044188E7
2.0505992E7
2.0573112E7
2.0641776E7
2.0710504E7
2.0777848E7
2.084244E7
2.0903016E7
2.0958464E7
2.1007776E7
2.1050152E7
2.1084968E7
2.1111784E7
2.1130352E7
2.1140616E7
2.1142688E7
2.1136872E7
2.1123616E7
2.1103528E7
2.1077344E7
2.1045936E7
2.1010256E7
2.0971352E7
2.0930328E7
2.0888304E7
2.08464E7
2.0805712E7
2.0767208E7
2.0731744E7
2.0700016E7
2.0672472E7
2.064936E7
2.0630576E7
2.0615776E7
2.0604264E7
2.0595072E7
2.0586904E7
2.0578296E7
2.0567544E7
2.0552856E7
2.0532368E7
2.0504248E7
2.046684E7
2.041864E7
2.0358432E7
2.0285352E7
2.0198904E7
2.0099E7
1.9986008E7
1.9860672E7
1.9724176E7
1.9577976E7
1.942388E7
1.9263872E7
1.9100128E7
1.8934832E7
1.8770192E7
1.8608328E7
1.8451128E7
1.8300296E7
1.8157248E7
1.8022992E7
1.7898192E7
1.7783088E7
1.7677496E7
1.7580832E7
1.7492072E7
1.7409912E7
1.733268E7
1.7258448E7
1.7185144E7
1.711056E7
1.7032472E7
1.6948712E7
1.6857176E7
1.6755976E7
1.6643416E7
1.6518104E7
1.6378856E7
1.6224856E7
1.6055544E7
1.5870656E7
1.5670152E7
1.5454296E7
1.5223496E7
1.49784E7
1.4719752E7
1.444848E7
1.4165568E7
1.3872104E7
1.3569256E7
1.3258208E7
1.2940224E7
1.2616512E7
1.2288328E7
1.195688E7
1.162332E7
1.1288696E7
1.0954024E7
1.062016E7
1.0287856E7
9957744.0
9630344.0
9306088.0
8985344.0
8668448.0
8355736.0
8047600.0
7744504.0
7447032.0
7155904.0
6871992.0
6596312.0
6330056.0
6074496.0
5831016.0
5601112.0
5386240.0
5187864.0
5007328.0
4845904.0
4704640.0
4584416.0
4485800.0
4409104.0
4354336.0
4321152.0
4308904.0
4316680.0
4343176.0
4386944.0
4446248.0
4519216.0
4603848.0
4698080.0
4799816.0
4907008.0
5017664.0
5129880.0
5241912.0
5352120.0
5459016.0
5561224.0
5657520.0
5746728.0
5827800.0
5899704.0
5961464.0
6012112.0
6050736.0
6076392.0
6088232.0
6085424.0
6067280.0
6033232.0
5982872.0
5916024.0
5832800.0
5733560.0
5619000.0
5490136.0
5348304.0
5195144.0
5032536.0
4862640.0
4687744.0
4510248.0
4332640.0
4157376.0
3986808.0
3823160.0
3668480.0
3524584.0
3392976.0
3274872.0
3171200.0
3082536.0
3009096.0
2950824.0
2907376.0
2878096.0
2862136.0
2858424.0
2865768.0
2882904.0
2908472.0
2941184.0
2979776.0
3023080.0
3070064.0
3119816.0
3171544.0
3224624.0
3278496.0
3332696.0
3386776.0
3440312.0
3492792.0
3543648.0
3592240.0
3637752.0
3679288.0
3715792.0
3746168.0
3769200.0
3783672.0
3788304.0
3781888.0
3763288.0
3731464.0
3685512.0
3624664.0
3548320.0
3456104.0
3347728.0
3223176.0
3082496.0
2925928.0
2753832.0
2566632.0
2364848.0
2149040.0
1919824.0
1677848.0
1423768.0
1158320.0
882216.0
596264.0
301280.0
-1776.0
-311920.0
-628032.0
-948928.0
-1273288.0
-1599704.0
-1926720.0
-2252744.0
-2576208.0
-2895464.0
-3208936.0
-3515000.0
-3812176.0
-4098992.0
-4374128.0
-4636328.0
-4884488.0
-5117560.0
-5334640.0
-5534864.0
-5717424.0
-5881584.0
-6026608.0
-6151760.0
-6256336.0
-6339560.0
-6400704.0
-6439000.0
-6453704.0
-6444072.0
-6409392.0
-6349032.0
-6262432.0
-6149112.0
-6008776.0
-5841264.0
-5646624.0
-5425136.0
-5177296.0
-4903896.0
-4606032.0
-4285056.0
-3942664.0
-3580800.0
-3201696.0
-2807864.0
-2401976.0
-1986920.0
-1565688.0
-1141320.0
-716896.0
-295424.0
120112.0
526968.0
922512.0
1304368.0
1670376.0
2018664.0
2347624.0
2655888.0
2942440.0
3206464.0
3447456.0
3665136.0
3859504.0
4030824.0
4179568.0
4306504.0
4412616.0
4499136.0
4567536.0
4619496.0
4656848.0
4681608.0
4695824.0
4701632.0
4701112.0
4696232.0
4688880.0
4680648.0
4672928.0
4666816.0
4663088.0
4662208.0
4664352.0
4669384.0
4676888.0
4686312.0
4696808.0
4707480.0
4717328.0
4725296.0
4730368.0
4731536.0
4727976.0
4718936.0
4703880.0
4682504.0
4654720.0
4620720.0
4580952.0
4536144.0
4487288.0
4435584.0
4382472.0
4329504.0
4278368.0
4230808.0
4188528.0
4153256.0
4126536.0
4109824.0
4104408.0
4111360.0
4131592.0
4165768.0
4214408.0
4277840.0
4356256.0
4449736.0
4558248.0
4681712.0
4819960.0
4972824.0
5140064.0
5321400.0
5516488.0
5724928.0
5946192.0
6179632.0
6424464.0
6679744.0
6944392.0
7217176.0
7496720.0
7781552.0
8070144.0
8360888.0
8652216.0
8942592.0
9230536.0
9514696.0
9793808.0
1.0066736E7
1.033252E7
1.059028E7
1.0839248E7
1.1078776E7
1.1308248E7
1.1527136E7
1.1734904E7
1.193104E7
1.2115032E7
1.2286312E7
1.244436E7
1.2588616E7
1.2718576E7
1.283384E7
1.2934072E7
1.3019144E7
1.3089144E7
1.3144416E7
1.3185656E7
1.3213912E7
1.3230568E7
1.323744E7
1.3236632E7
1.3230592E7
1.3222032E7
1.3213832E7
1.3209008E7
1.321056E7
1.3221448E7
1.324444E7
1.3282096E7
1.3336616E7
1.340988E7
1.3503304E7
1.361784E7
1.3754008E7
1.3911816E7
1.409084E7
1.4290192E7
1.4508616E7
1.4744456E7
1.4995808E7
1.5260496E7
1.5536192E7
1.5820456E7
1.61108E7
1.6404824E7
1.6700136E7
1.6994576E7
1.7286152E7
1.7573176E7
1.7854224E7
1.81282E7
1.8394376E7
1.8652376E7
1.8902184E7
1.9144048E7
1.9378584E7
1.9606632E7
1.98292E7
2.0047416E7
2.0262448E7
2.04754E7
2.0687304E7
2.0898904E7
2.1110768E7
2.1323048E7
2.1535608E7
2.1747848E7
2.1958784E7
2.216704E7
2.2370824E7
2.2568048E7
2.2756312E7
2.2932992E7
2.3095384E7
2.3240696E7
2.3366184E7
2.346928E7
2.354764E7
2.3599232E7
2.3622432E7
2.361608E7
2.357952E7
2.3512592E7
2.3415624E7
2.328952E7
2.3135576E7
2.2955504E7
2.2751392E7
2.2525528E7
2.2280416E7
2.2018656E7
2.1742912E7
2.1455776E7
2.115976E7
2.0857272E7
2.0550536E7
2.02416E7
1.9932328E7
1.9624368E7
1.93192E7
1.9018112E7
1.872228E7
1.843268E7
1.81502E7
1.7875592E7
1.7609536E7
1.73526E7
1.7105216E7
1.6867792E7
1.6640608E7
1.6423832E7
1.6217584E7
1.60218E7
1.58364E7
1.5661168E7
1.5495832E7
1.5340008E7
1.519328E7
1.5055192E7
1.4925192E7
1.480272E7
1.468724E7
1.4578128E7
1.4474776E7
1.4376568E7
1.4282824E7
1.4192912E7
1.4106152E7
1.4021856E7
1.3939336E7
1.3857904E7
1.3776928E7
1.369576E7
1.3613816E7
1.3530616E7
1.3445704E7
1.3358776E7
1.3269616E7
1.3178144E7
1.308444E7
1.2988664E7
1.28912E7
1.2792488E7
1.2693144E7
1.2593896E7
1.2495576E7
1.239908E7
1.2305408E7
1.2215584E7
1.213076E7
1.2052016E7
1.198056E7
1.1917576E7
1.1864248E7
1.1821832E7
1.1791504E7
1.177452E7
1.1772E7
1.1785112E7
1.181492E7
1.1862384E7
1.1928336E7
1.201348E7
1.2118288E7
1.2243008E7
1.2387624E7
1.25518E7
1.2734872E7
1.29358E7
1.315316E7
1.3385112E7
1.3629432E7
1.3883504E7
1.4144312E7
1.4408528E7
1.467248E7
1.4932256E7
1.5183744E7
1.5422688E7
1.564476E7
1.5845624E7
1.6021056E7
1.6166984E7
1.6279528E7
1.6355192E7
1.6390832E7
1.6383776E7
1.6331816E7
1.6233376E7
1.60874E7
1.5893512E7
1.5651928E7
1.5363488E7
1.5029696E7
1.4652584E7
1.4234816E7
1.377948E7
1.3290192E7
1.2770896E7
1.222592E7
1.1659792E7
1.1077272E7
1.0483192E7
9882416.0
9279752.0
8679904.0
8087360.0
7506344.0
6940752.0
6394096.0
5869400.0
5369240.0
4895616.0
4450008.0
4033272.0
3645680.0
3286976.0
2956288.0
2652248.0
2373000.0
2116296.0
1879528.0
1659816.0
1454112.0
1259224.0
1071928.0
889032.0
707432.0
524168.0
336456.0
141776.0
-62152.0
-277328.0
-505416.0
-747792.0
-1005488.0
-1279200.0
-1569304.0
-1875880.0
-2198688.0
-2537224.0
-2890712.0
-3258152.0
-3638344.0
-4029920.0
-4431312.0
-4840872.0
-5256776.0
-5677128.0
-6099920.0
-6523056.0
-6944320.0
-7361496.0
-7772248.0
-8174192.0
-8564960.0
-8942136.0
-9303384.0
-9646400.0
-9968976.0
-1.0269056E7
-1.0544744E7
-1.0794336E7
-1.1016344E7
-1.120952E7
-1.137296E7
-1.150596E7
-1.1608136E7
-1.1679464E7
-1.17202E7
-1.1730936E7
-1.1712624E7
-1.1666448E7
-1.1593976E7
-1.1497016E7
-1.13776E7
-1.1237992E7
-1.1080624E7
-1.0908048E7
-1.0722832E7
-1.0527616E7
-1.0324992E7
-1.01174E7
-9907232.0
-9696664.0
-9487680.0
-9282080.0
-9081384.0
-8886936.0
-8699832.0
-8520968.0
-8351080.0
-8190696.0
-8040232.0
-7899992.0
-7770160.0
-7650880.0
-7542232.0
-7444264.0
-7356960.0
-7280328.0
-7214344.0
-7158952.0
-7114072.0
-7079600.0
-7055392.0
-7041256.0
-7036880.0
-7041960.0
-7055968.0
-7078352.0
-7108392.0
-7145192.0
-7187768.0
-7234920.0
-7285336.0
-7337592.0
-7390112.0
-7441296.0
-7489472.0
-7532976.0
-7570248.0
-7599816.0
-7620360.0
-7630840.0
-7630456.0
-7618760.0
-7595592.0
-7561280.0
-7516432.0
-7462112.0
-7399688.0
-7330912.0
-7257768.0
-7182456.0
-7107400.0
-7035040.0
-6967896.0
-6908352.0
-6858768.0
-6821248.0
-6797696.0
-6789704.0
-6798536.0
-6825088.0
-6869888.0
-6933072.0
-7014376.0
-7113144.0
-7228400.0
-7358816.0
-7502800.0
-7658488.0
-7823904.0
-7996928.0
-8175368.0
-8357080.0
-8539960.0
-8722008.0
-8901416.0
-9076488.0
-9245784.0
-9408072.0
-9562336.0
-9707720.0
-9843680.0
-9969792.0
-1.0085864E7
-1.019188E7
-1.0288032E7
-1.037472E7
-1.0452488E7
-1.052212E7
-1.0584592E7
-1.0641064E7
-1.0692864E7
-1.0741512E7
-1.0788624E7
-1.0835928E7
-1.0885192E7
-1.0938168E7
-1.0996576E7
-1.1061968E7
-1.1135752E7
-1.1219104E7
-1.131296E7
-1.141792E7
-1.1534384E7
-1.1662392E7
-1.1801736E7
-1.1951936E7
-1.2112344E7
-1.2282064E7
-1.2460128E7
-1.2645424E7
-1.2836816E7
-1.3033104E7
-1.3233096E7
-1.34356E7
-1.3639512E7
-1.3843712E7
-1.4047144E7
-1.4248832E7
-1.4447808E7
-1.4643192E7
-1.4834144E7
-1.5019896E7
-1.5199704E7
-1.5372936E7
-1.553896E7
-1.5697248E7
-1.5847336E7
-1.5988816E7
-1.6121368E7
-1.6244744E7
-1.6358816E7
-1.6463504E7
-1.6558904E7
-1.6645192E7
-1.6722696E7
-1.6791856E7
-1.6853272E7
-1.6907736E7
-1.6956088E7
-1.6999376E7
-1.7038704E7
-1.7075288E7
-1.7110408E7
-1.7145376E7
-1.7181472E7
-1.721992E7
-1.7261936E7
-1.7308544E7
-1.7360656E7
-1.7418992E7
-1.7484024E7
-1.7556072E7
-1.7635088E7
-1.7720832E7
-1.7812744E7
-1.7909968E7
-1.8011424E7
-1.8115752E7
-1.8221344E7
-1.8326464E7
-1.8429184E7
-1.852756E7
-1.861956E7
-1.8703232E7
-1.8776704E7
-1.8838264E7
-1.8886432E7
-1.891996E7
-1.8937928E7
-1.893976E7
-1.8925216E7
-1.8894416E7
-1.8847824E7
-1.8786248E7
-1.8710824E7
-1.8622888E7
-1.8524024E7
-1.8415944E7
-1.8300464E7
-1.8179448E7
-1.8054728E7
-1.7928032E7
-1.7801032E7
-1.7675224E7
-1.7551968E7
-1.743244E7
-1.7317632E7
-1.7208312E7
-1.7105136E7
-1.7008528E7
-1.691876E7
-1.6835976E7
-1.6760128E7
-1.6691048E7
-1.6628472E7
-1.6571952E7
-1.6520976E7
-1.6474872E7
-1.6432912E7
-1.6394184E7
-1.6357704E7
-1.632236E7
-1.6286888E7
-1.624992E7
-1.6209944E7
-1.6165304E7
-1.6114184E7
-1.6054712E7
-1.5984856E7
-1.5902496E7
-1.5805512E7
-1.5691744E7
-1.5559088E7
-1.5405536E7
-1.5229224E7
-1.5028568E7
-1.4802184E7
-1.454904E7
-1.4268488E7
-1.39602E7
-1.362432E7
-1.3261328E7
-1.2872088E7
-1.2457808E7
-1.2019952E7
-1.156024E7
-1.1080536E7
-1.0582744E7
-1.0068936E7
-9541056.0
-9001040.0
-8450744.0
-7891968.0
-7326336.0
-6755472.0
-6180912.0
-5604144.0
-5026704.0
-4450072.0
-3875856.0
-3305648.0
-2741128.0
-2184008.0
-1636056.0
-1098992.0
-574560.0
-64400.0
429904.0
906952.0
1365512.0
1804520.0
2223176.0
2620864.0
2997280.0
3352328.0
3686184.0
3999264.0
4292184.0
4565800.0
4821128.0
5059384.0
5281888.0
5490128.0
5685624.0
5870000.0
6044928.0
6212088.0
6373176.0
6529864.0
6683816.0
6836648.0
6989896.0
7145032.0
7303432.0
7466344.0
7634840.0
7809848.0
7992072.0
8181936.0
8379648.0
8585120.0
8797888.0
9017272.0
9242192.0
9471312.0
9703008.0
9935408.0
1.0166448E7
1.0393904E7
1.0615456E7
1.082872E7
1.103136E7
1.1221072E7
1.139568E7
1.1553224E7
1.1691928E7
1.1810312E7
1.1907208E7
1.198184E7
1.2033768E7
1.2063008E7
1.207E7
1.205564E7
1.2021232E7
1.1968528E7
1.189964E7
1.1817072E7
1.1723576E7
1.1622144E7
1.1515984E7
1.1408296E7
1.1302336E7
1.1201264E7
1.1108064E7
1.1025536E7
1.0956136E7
1.0902016E7
1.0864912E7
1.0846136E7
1.0846576E7
1.0866656E7
1.0906336E7
1.0965176E7
1.1042288E7
1.11364E7
1.1245896E7
1.1368864E7
1.150308E7
1.1646136E7
1.1795448E7
1.1948312E7
1.2101952E7
1.2253584E7
1.2400376E7
1.2539616E7
1.2668592E7
1.2784704E7
1.288548E7
1.2968576E7
1.3031744E7
1.3073E7
1.3090496E7
1.3082624E7
1.3048064E7
1.298576E7
1.2895024E7
1.2775528E7
1.262736E7
1.2451E7
1.2247416E7
1.2017896E7
1.1764224E7
1.1488464E7
1.1193032E7
1.0880536E7
1.0553792E7
1.0215648E7
9869024.0
9516736.0
9161512.0
8805888.0
8452248.0
8102720.0
7759216.0
7423376.0
7096680.0
6780352.0
6475416.0
6182696.0
5902912.0
5636512.0
5383856.0
5145176.0
4920504.0
4709816.0
4512928.0
4329600.0
4159480.0
4002184.0
3857272.0
3724248.0
3602648.0
3491968.0
3391792.0
3301672.0
3221224.0
3150160.0
3088232.0
3035216.0
2991072.0
2955720.0
2929200.0
2911600.0
2903032.0
2903624.0
2913488.0
2932704.0
2961280.0
2999088.0
3045960.0
3101504.0
3165248.0
3236528.0
3314552.0
3398392.0
3487048.0
3579376.0
3674288.0
3770616.0
3867304.0
3963368.0
4057960.0
4150328.0
4239960.0
4326496.0
4409760.0
4489736.0
4566544.0
4640432.0
4711696.0
4780688.0
4847680.0
4912952.0
4976616.0
5038728.0
5099136.0
5157568.0
5213560.0
5266552.0
5315840.0
5360592.0
5399968.0
5433080.0
5459056.0
5477080.0
5486408.0
5486440.0
5476712.0
5456936.0
5427024.0
5387080.0
5337456.0
5278720.0
5211640.0
5137216.0
5056656.0
4971344.0
4882808.0
4792744.0
4702904.0
4615128.0
4531312.0
4453312.0
4383000.0
4322152.0
4272440.0
4235464.0
4212616.0
4205120.0
4213992.0
4240056.0
4283856.0
4345728.0
4425720.0
4523664.0
4639120.0
4771432.0
4919688.0
5082760.0
5259376.0
5448032.0
5647096.0
5854784.0
6069208.0
6288392.0
6510280.0
6732776.0
6953784.0
7171160.0
7382856.0
7586832.0
7781120.0
7963848.0
8133288.0
8287752.0
8425704.0
8545760.0
8646600.0
8726976.0
8785792.0
8821968.0
8834528.0
8822528.0
8785064.0
8721352.0
8630664.0
8512408.0
8366152.0
8191688.0
7989032.0
7758552.0
7500904.0
7217224.0
6908968.0
6578072.0
6226832.0
5857976.0
5474512.0
5079776.0
4677248.0
4270536.0
3863264.0
3459000.0
3061064.0
2672648.0
2296560.0
1935272.0
1590856.0
1265000.0
958952.0
673624.0
409528.0
166872.0
-54392.0
-254584.0
-434144.0
-593704.0
-733968.0
-855696.0
-959688.0
-1046752.0
-1117696.0
-1173272.0
-1214248.0
-1241280.0
-1255032.0
-1256072.0
-1244944.0
-1222104.0
-1188000.0
-1143032.0
-1087536.0
-1021864.0
-946352.0
-861320.0
-767112.0
-664056.0
-552544.0
-432952.0
-305712.0
-171256.0
-30032.0
117432.0
270616.0
428992.0
591920.0
758768.0
928896.0
1101544.0
1275984.0
1451384.0
1626936.0
1801792.0
1975112.0
2146072.0
2313888.0
2477864.0
2637360.0
2791912.0
2941160.0
3084920.0
3223168.0
3356104.0
3484064.0
3607616.0
3727400.0
3844272.0
3959080.0
4072792.0
4186320.0
4300512.0
4416112.0
4533712.0
4653624.0
4775944.0
4900464.0
5026624.0
5153592.0
5280120.0
5404664.0
5525376.0
5640104.0
5746424.0
5841752.0
5923296.0
5988144.0
6033368.0
6056008.0
6053192.0
6022144.0
5960288.0
5865320.0
5735208.0
5568328.0
5363440.0
5119784.0
4837072.0
4515576.0
4156048.0
3759784.0
3328600.0
2864768.0
2370944.0
1850224.0
1305992.0
741768.0
161328.0
-431536.0
-1033056.0
-1639512.0
-2247336.0
-2853224.0
-3454048.0
-4047008.0
-4629576.0
-5199568.0
-5755080.0
-6294480.0
-6816416.0
-7319760.0
-7803560.0
-8266976.0
-8709352.0
-9130000.0
-9528328.0
-9903720.0
-1.0255552E7
-1.0583144E7
-1.0885864E7
-1.1162968E7
-1.1413792E7
-1.1637624E7
-1.1833848E7
-1.2001856E7
-1.2141152E7
-1.2251384E7
-1.2332264E7
-1.2383704E7
-1.2405736E7
-1.2398568E7
-1.236256E7
-1.2298224E7
-1.2206208E7
-1.2087312E7
-1.1942472E7
-1.177272E7
-1.15792E7
-1.1363144E7
-1.1125896E7
-1.0868816E7
-1.059336E7
-1.0301048E7
-9993376.0
-9671880.0
-9338120.0
-8993624.0
-8639872.0
-8278344.0
-7910440.0
-7537536.0
-7160896.0
-6781760.0
-6401328.0
-6020720.0
-5641064.0
-5263448.0
-4888976.0
-4518800.0
-4154112.0
-3796152.0
-3446248.0
-3105784.0
-2776232.0
-2459144.0
-2156056.0
-1868568.0
-1598288.0
-1346712.0
-1115328.0
-905488.0
-718424.0
-555216.0
-416792.0
-303864.0
-216992.0
-156560.0
-122736.0
-115552.0
-134840.0
-180320.0
-251536.0
-347872.0
-468640.0
-612968.0
-779880.0
-968280.0
-1176944.0
-1404544.0
-1649600.0
-1910576.0
-2185768.0
-2473400.0
-2771568.0
-3078272.0
-3391408.0
-3708808.0
-4028184.0
-4347192.0
-4663456.0
-4974544.0
-5278072.0
-5571608.0
-5852832.0
-6119480.0
-6369464.0
-6600808.0
-6811688.0
-7000568.0
-7166080.0
-7307112.0
-7422824.0
-7512648.0
-7576264.0
-7613624.0
-7624960.0
-7610720.0
-7571632.0
-7508624.0
-7422848.0
-7315664.0
-7188656.0
-7043528.0
-6882216.0
-6706832.0
-6519632.0
-6323016.0
-6119552.0
-5911904.0
-5702784.0
-5495000.0
-5291304.0
-5094424.0
-4906920.0
-4731200.0
-4569400.0
-4423376.0
-4294624.0
-4184200.0
-4092816.0
-4020656.0
-3967560.0
-3932856.0
-3915552.0
-3914288.0
-3927424.0
-3953112.0
-3989360.0
-4034096.0
-4085296.0
-4140960.0
-4199280.0
-4258616.0
-4317552.0
-4374952.0
-4429976.0
-4482056.0
-4530920.0
-4576560.0
-4619288.0
-4659584.0
-4698184.0
-4735992.0
-4774024.0
-4813384.0
-4855264.0
-4900792.0
-4951024.0
-5006968.0
-5069360.0
-5138824.0
-5215680.0
-5299920.0
-5391336.0
-5489312.0
-5593064.0
-5701432.0
-5813104.0
-5926624.0
-6040424.0
-6152880.0
-6262496.0
-6367840.0
-6467696.0
-6561112.0
-6647368.0
-6726072.0
-6797200.0
-6861008.0
-6918056.0
-6969168.0
-7015432.0
-7058048.0
-7098424.0
-7137952.0
-7178120.0
-7220320.0
-7265896.0
-7316088.0
-7371976.0
-7434464.0
-7504288.0
-7581984.0
-7667880.0
-7762072.0
-7864448.0
-7974688.0
-8092208.0
-8216216.0
-8345728.0
-8479528.0
-8616248.0
-8754376.0
-8892320.0
-9028448.0
-9161128.0
-9288912.0
-9410448.0
-9524640.0
-9630696.0
-9728128.0
-9816824.0
-9897016.0
-9969280.0
-1.0034488E7
-1.0093768E7
-1.01484E7
-1.0199784E7
-1.0249336E7
-1.0298416E7
-1.0348272E7
-1.039996E7
-1.0454344E7
-1.0512E7
-1.057328E7
-1.0638208E7
-1.070664E7
-1.0778088E7
-1.085188E7
-1.0927152E7
-1.1002816E7
-1.1077664E7
-1.115032E7
-1.1219296E7
-1.1283048E7
-1.1339976E7
-1.13884E7
-1.142672E7
-1.145332E7
-1.1466688E7
-1.1465416E7
-1.1448256E7
-1.1414112E7
-1.13622E7
-1.1291904E7
-1.1202952E7
-1.10954E7
-1.0969632E7
-1.0826352E7
-1.066672E7
-1.0492192E7
-1.0304632E7
-1.0106232E7
-9899528.0
-9687344.0
-9472744.0
-9259032.0
-9049624.0
-8848032.0
-8657744.0
-8482224.0
-8324768.0
-8188496.0
-8076200.0
-7990408.0
-7933184.0
-7906224.0
-7910704.0
-7947360.0
-8016416.0
-8117640.0
-8250272.0
-8413168.0
-8604760.0
-8823104.0
-9065968.0
-9330856.0
-9615064.0
-9915808.0
-1.0230184E7
-1.055532E7
-1.0888424E7
-1.1226816E7
-1.1567992E7
-1.190972E7
-1.2249944E7
-1.2587024E7
-1.2919528E7
-1.3246376E7
-1.35668E7
-1.3880304E7
-1.4186616E7
-1.448568E7
-1.4777592E7
-1.5062584E7
-1.5340864E7
-1.5612736E7
-1.5878416E7
-1.6138088E7
-1.6391784E7
-1.6639512E7
-1.6881128E7
-1.711644E7
-1.7345168E7
-1.7567016E7
-1.7781624E7
-1.7988744E7
-1.8188128E7
-1.8379616E7
-1.8563184E7
-1.8738904E7
-1.8906984E7
-1.9067704E7
-1.9221488E7
-1.9368816E7
-1.9510224E7
-1.9646248E7
-1.97774E7
-1.9904144E7
-2.0026816E7
-2.0145576E7
-2.0260456E7
-2.0371224E7
-2.0477432E7
-2.057836E7
-2.0673024E7
-2.076016E7
-2.0838288E7
-2.090568E7
-2.0960424E7
-2.1000504E7
-2.1023784E7
-2.102812E7
-2.1011424E7
-2.0971688E7
-2.090712E7
-2.0816112E7
-2.0697384E7
-2.054996E7
-2.0373232E7
-2.0166992E7
-1.9931464E7
-1.9667256E7
-1.9375456E7
-1.9057536E7
-1.87154E7
-1.835128E7
-1.7967808E7
-1.7567856E7
-1.7154592E7
-1.6731392E7
-1.6301752E7
-1.5869272E7
-1.5437584E7
-1.5010264E7
-1.459084E7
-1.4182648E7
-1.3788888E7
-1.341244E7
-1.3056008E7
-1.2721936E7
-1.24122E7
-1.2128496E7
-1.187212E7
-1.164404E7
-1.1444792E7
-1.1274632E7
-1.1133432E7
-1.1020744E7
-1.093584E7
-1.0877632E7
-1.0844832E7
-1.083592E7
-1.0849144E7
-1.0882592E7
-1.0934232E7
-1.1001936E7
-1.1083504E7
-1.1176736E7
-1.1279416E7
-1.13894E7
-1.150456E7
-1.1622864E7
-1.1742384E7
-1.186124E7
-1.1977672E7
-1.2089992E7
-1.2196608E7
-1.2295992E7
-1.2386672E7
-1.2467256E7
-1.2536424E7
-1.2592864E7
-1.2635392E7
-1.2662808E7
-1.2674072E7
-1.266816E7
-1.2644176E7
-1.2601304E7
-1.253888E7
-1.2456336E7
-1.2353272E7
-1.2229456E7
-1.2084776E7
-1.1919288E7
-1.1733216E7
-1.1526936E7
-1.130092E7
-1.10558E7
-1.0792296E7
-1.0511224E7
-1.0213464E7
-9899984.0
-9571736.0
-9229800.0
-8875256.0
-8509224.0
-8132880.0
-7747464.0
-7354240.0
-6954504.0
-6549648.0
-6141064.0
-5730160.0
-5318376.0
-4907112.0
-4497792.0
-4091736.0
-3690248.0
-3294560.0
-2905832.0
-2525216.0
-2153696.0
-1792272.0
-1441864.0
-1103360.0
-777536.0
-465144.0
-166872.0
116696.0
385088.0
637944.0
875064.0
1096416.0
1302128.0
1492496.0
1668008.0
1829288.0
1977096.0
2112272.0
2235712.0
2348320.0
2450992.0
2544592.0
2629896.0
2707656.0
2778552.0
2843272.0
2902512.0
2957056.0
3007768.0
3055648.0
3101888.0
3147840.0
3195008.0
3245032.0
3299648.0
3360616.0
3429624.0
3508240.0
3597816.0
3699480.0
3813944.0
3941608.0
4082448.0
4236048.0
4401656.0
4578144.0
4764104.0
4957968.0
5157984.0
5362336.0
5569224.0
5776864.0
5983584.0
6187816.0
6388144.0
6583304.0
6772184.0
6953768.0
7127232.0
7291824.0
7446872.0
7591832.0
7726184.0
7849480.0
7961320.0
8061344.0
8149256.0
8224720.0
8287504.0
8337392.0
8374112.0
8397536.0
8407448.0
8403672.0
8386096.0
8354504.0
8308776.0
8248744.0
8174224.0
8085056.0
7981032.0
7861960.0
7727664.0
7577912.0
7412544.0
7231376.0
7034272.0
6821144.0
6591992.0
6346880.0
6086008.0
5809696.0
5518456.0
5212968.0
4894112.0
4562968.0
4220840.0
3869240.0
3509912.0
3144704.0
2775664.0
2404936.0
2034704.0
1667192.0
1304488.0
948608.0
601360.0
264288.0
-61400.0
-374848.0
-675616.0
-963680.0
-1239528.0
-1504056.0
-1758552.0
-2004768.0
-2244752.0
-2480848.0
-2715608.0
-2951696.0
-3191864.0
-3438792.0
-3695096.0
-3963216.0
-4245312.0
-4543336.0
-4858880.0
-5193192.0
-5547168.0
-5921296.0
-6315728.0
-6730200.0
-7164112.0
-7616512.0
-8086096.0
-8571272.0
-9070184.0
-9580680.0
-1.0100432E7
-1.062696E7
-1.1157632E7
-1.1689744E7
-1.2220536E7
-1.2747288E7
-1.3267304E7
-1.377796E7
-1.4276712E7
-1.4761192E7
-1.5229112E7
-1.5678392E7
-1.6107096E7
-1.6513464E7
-1.6895904E7
-1.7253016E7
-1.75836E7
-1.7886592E7
-1.8161152E7
-1.8406592E7
-1.8622376E7
-1.880812E7
-1.8963552E7
-1.9088512E7
-1.9182912E7
-1.9246752E7
-1.9280088E7
-1.9282968E7
-1.9255544E7
-1.9197952E7
-1.9110448E7
-1.8993312E7
-1.8846944E7
-1.8671928E7
-1.8468936E7
-1.823892E7
-1.7983008E7
-1.7702608E7
-1.7399392E7
-1.707528E7
-1.6732528E7
-1.6373568E7
-1.6001112E7
-1.5618024E7
-1.5227344E7
-1.4832184E7
-1.4435656E7
-1.4040952E7
-1.3651136E7
-1.3269192E7
-1.2897896E7
-1.2539944E7
-1.219772E7
-1.1873408E7
-1.1568952E7
-1.1286016E7
-1.1026016E7
-1.0790072E7
-1.0579008E7
-1.0393448E7
-1.0233648E7
-1.0099656E7
-9991232.0
-9907856.0
-9848760.0
-9812936.0
-9799104.0
-9805792.0
-9831248.0
-9873560.0
-9930584.0
-9999984.0
-1.0079248E7
-1.0165752E7
-1.0256712E7
-1.0349256E7
-1.0440472E7
-1.05274E7
-1.0607168E7
-1.0676968E7
-1.0734152E7
-1.0776248E7
-1.0801104E7
-1.0806808E7
-1.0791848E7
-1.075504E7
-1.0695648E7
-1.061328E7
-1.0507944E7
-1.0379976E7
-1.0230048E7
-1.0059096E7
-9868264.0
-9658888.0
-9432368.0
-9190200.0
-8933880.0
-8664912.0
-8384688.0
-8094576.0
-7795824.0
-7489552.0
-7176792.0
-6858488.0
-6535424.0
-6208392.0
-5878016.0
-5544976.0
-5209864.0
-4873352.0
-4536096.0
-4198800.0
-3862328.0
-3527520.0
-3195392.0
-2867032.0
-2543536.0
-2226128.0
-1916064.0
-1614568.0
-1322832.0
-1042000.0
-773120.0
-517128.0
-274784.0
-46712.0
166640.0
364992.0
548232.0
716416.0
869768.0
1008600.0
1133368.0
1244624.0
1342976.0
1429112.0
1503768.0
1567696.0
1621728.0
1666672.0
1703416.0
1732864.0
1755936.0
1773600.0
1786848.0
1796656.0
1804008.0
1809880.0
1815104.0
1820504.0
1826696.0
1834224.0
1843344.0
1854152.0
1866520.0
1880048.0
1894072.0
1907696.0
1919832.0
1929128.0
1934112.0
1933168.0
1924584.0
1906640.0
1877616.0
1835888.0
1779880.0
1708288.0
1619880.0
1513720.0
1389072.0
1245448.0
1082576.0
900432.0
699176.0
479200.0
241024.0
-14680.0
-287112.0
-575432.0
-878680.0
-1195856.0
-1525920.0
-1867808.0
-2220472.0
-2582800.0
-2953648.0
-3331880.0
-3716344.0
-4105776.0
-4498928.0
-4894512.0
-5291176.0
-5687528.0
-6082216.0
-6473832.0
-6860984.0
-7242392.0
-7616776.0
-7982984.0
-8340016.0
-8686968.0
-9023152.0
-9348032.0
-9661264.0
-9962656.0
-1.0252224E7
-1.053012E7
-1.0796616E7
-1.1052128E7
-1.1297144E7
-1.1532208E7
-1.1757872E7
-1.1974728E7
-1.2183352E7
-1.2384288E7
-1.2578016E7
-1.2765016E7
-1.2945648E7
-1.31202E7
-1.3288928E7
-1.3451976E7
-1.3609392E7
-1.3761112E7
-1.3906984E7
-1.4046728E7
-1.4179872E7
-1.4305904E7
-1.442408E7
-1.4533536E7
-1.4633288E7
-1.4722192E7
-1.4799064E7
-1.4862648E7
-1.491168E7
-1.494496E7
-1.4961408E7
-1.4960104E7
-1.4940424E7
-1.4901992E7
-1.4844832E7
-1.4769328E7
-1.4676296E7
-1.456696E7
-1.4442976E7
-1.4306344E7
-1.4159408E7
-1.4004808E7
-1.3845336E7
-1.3683904E7
-1.3523448E7
-1.3366816E7
-1.321668E7
-1.3075488E7
-1.2945336E7
-1.2827952E7
-1.27246E7
-1.2636088E7
-1.2562776E7
-1.2504584E7
-1.2460928E7
-1.2430904E7
-1.241324E7
-1.2406416E7
-1.2408688E7
-1.2418184E7
-1.2432968E7
-1.2451112E7
-1.2470736E7
-1.249008E7
-1.2507512E7
-1.2521568E7
-1.2531008E7
-1.253476E7
-1.2531952E7
-1.2521912E7
-1.2504128E7
-1.2478192E7
-1.2443848E7
-1.2400888E7
-1.2349176E7
-1.228856E7
-1.221892E7
-1.214004E7
-1.2051728E7
-1.1953712E7
-1.184568E7
-1.172728E7
-1.1598152E7
-1.1457888E7
-1.1306104E7
-1.114244E7
-1.0966536E7
-1.0778064E7
-1.0576728E7
-1.0362264E7
-1.0134432E7
-9892960.0
-9637640.0
-9368240.0
-9084544.0
-8786392.0
-8473640.0
-8146264.0
-7804256.0
-7447848.0
-7077384.0
-6693344.0
-6296520.0
-5887880.0
-5468576.0
-5040048.0
-4603904.0
-4161944.0
-3716080.0
-3268328.0
-2820872.0
-2375808.0
-1935352.0
-1501632.0
-1076800.0
-662944.0
-262160.0
123512.0
492040.0
841384.0
1169544.0
1474488.0
1754208.0
2006736.0
2230200.0
2422768.0
2582776.0
2708800.0
2799560.0
2854168.0
2872008.0
2852840.0
2796864.0
2704648.0
2577192.0
2415968.0
2222752.0
1999736.0
1749408.0
1474552.0
1178128.0
863264.0
533192.0
191120.0
-159728.0
-516224.0
-875360.0
-1234296.0
-1590320.0
-1940952.0
-2283896.0
-2617008.0
-2938304.0
-3246032.0
-3538528.0
-3814240.0
-4071808.0
-4309944.0
-4527488.0
-4723360.0
-4896656.0
-5046552.0
-5172392.0
-5273616.0
-5349808.0
-5400696.0
-5426128.0
-5426080.0
-5400656.0
-5350016.0
-5274448.0
-5174360.0
-5050160.0
-4902408.0
-4731712.0
-4538784.0
-4324400.0
-4089448.0
-3834944.0
-3562024.0
-3271928.0
-2966048.0
-2645896.0
-2313088.0
-1969384.0
-1616560.0
-1256496.0
-891032.0
-522032.0
-151280.0
219512.0
588744.0
954928.0
1316736.0
1672976.0
2022568.0
2364648.0
2698400.0
3023216.0
3338576.0
3644080.0
3939432.0
4224456.0
4499048.0
4763216.0
5016976.0
5260480.0
5493840.0
5717216.0
5930760.0
6134552.0
6328656.0
6513080.0
6687760.0
6852528.0
7007192.0
7151520.0
7285224.0
7408056.0
7519768.0
7620216.0
7709304.0
7787072.0
7853736.0
7909632.0
7955248.0
7991304.0
8018616.0
8038184.0
8051120.0
8058656.0
8062088.0
8062712.0
8061864.0
8060808.0
8060744.0
8062752.0
8067792.0
8076640.0
8089984.0
8108248.0
8131784.0
8160768.0
8195256.0
8235168.0
8280368.0
8330584.0
8385480.0
8444608.0
8507472.0
8573376.0
8641560.0
8711080.0
8780824.0
8849496.0
8915608.0
8977504.0
9033336.0
9081144.0
9118848.0
9144320.0
9155416.0
9150120.0
9126512.0
9082856.0
9017744.0
8930064.0
8819064.0
8684424.0
8526272.0
8345152.0
8142056.0
7918328.0
7675712.0
7416192.0
7141992.0
6855464.0
6559024.0
6255088.0
5945928.0
5633704.0
5320368.0
5007640.0
4696992.0
4389680.0
4086680.0
3788816.0
3496712.0
3210888.0
2931768.0
2659784.0
2395312.0
2138824.0
1890824.0
1651888.0
1422720.0
1204064.0
996776.0
801728.0
619832.0
451968.0
298984.0
161640.0
40560.0
-63808.0
-151160.0
-221448.0
-274824.0
-311616.0
-332416.0
-338016.0
-329336.0
-307456.0
-273544.0
-228856.0
-174632.0
-112120.0
-42504.0
33200.0
114080.0
199408.0
288712.0
381728.0
478456.0
579160.0
684344.0
794752.0
911328.0
1035160.0
1167432.0
1309408.0
1462312.0
1627360.0
1805560.0
1997840.0
2204864.0
2427056.0
2664552.0
2917216.0
3184576.0
3465848.0
3759880.0
4065264.0
4380248.0
4702768.0
5030544.0
5361064.0
5691592.0
6019272.0
6341208.0
6654400.0
6955920.0
7242872.0
7512544.0
7762392.0
7990024.0
8193368.0
8370608.0
8520224.0
8641032.0
8732136.0
8793008.0
8823352.0
8823280.0
8793096.0
8733376.0
8644904.0
8528600.0
8385544.0
8216832.0
8023664.0
7807152.0
7568424.0
7308552.0
7028512.0
6729232.0
6411584.0
6076384.0
5724472.0
5356672.0
4973840.0
4576952.0
4166976.0
3745000.0
3312248.0
2869992.0
2419608.0
1962456.0
1500008.0
1033688.0
564936.0
95048.0
-374696.0
-843256.0
-1309704.0
-1773312.0
-2233600.0
-2690360.0
-3143592.0
-3593560.0
-4040720.0
-4485800.0
-4929544.0
-5372848.0
-5816592.0
-6261552.0
-6708392.0
-7157528.0
-7609080.0
-8062904.0
-8518432.0
-8974832.0
-9430912.0
-9885224.0
-1.0336112E7
-1.07818E7
-1.122048E7
-1.1650368E7
-1.2069816E7
-1.2477384E7
-1.2871888E7
-1.3252448E7
-1.3618528E7
-1.396996E7
-1.4306936E7
-1.4629976E7
-1.493992E7
-1.523788E7
-1.552524E7
-1.5803488E7
-1.607436E7
-1.633956E7
-1.6600912E7
-1.6860136E7
-1.7118912E7
-1.7378808E7
-1.7641192E7
-1.7907272E7
-1.8178032E7
-1.84542E7
-1.873628E7
-1.9024496E7
-1.9318864E7
-1.9619096E7
-1.9924728E7
-2.0235088E7
-2.0549272E7
-2.0866232E7
-2.1184776E7
-2.1503568E7
-2.1821184E7
-2.213612E7
-2.244684E7
-2.2751744E7
-2.3049232E7
-2.3337728E7
-2.361564E7
-2.3881456E7
-2.4133688E7
-2.4370912E7
-2.4591736E7
-2.4794848E7
-2.4978984E7
-2.5142928E7
-2.528552E7
-2.540564E7
-2.55022E7
-2.5574216E7
-2.5620736E7
-2.564092E7
-2.5633952E7
-2.5599224E7
-2.55362E7
-2.544456E7
-2.5324144E7
-2.5175024E7
-2.4997488E7
-2.4792016E7
-2.4559352E7
-2.4300488E7
-2.4016552E7
-2.370892E7
-2.337904E7
-2.302856E7
-2.2659112E7
-2.2272416E7
-2.1870152E7
-2.1453984E7
-2.1025464E7
-2.0586128E7
-2.0137328E7
-1.9680392E7
-1.9216432E7
-1.8746512E7
-1.8271576E7
-1.7792464E7
-1.730992E7
-1.6824584E7
-1.6337032E7
-1.5847752E7
-1.5357128E7
-1.4865528E7
-1.4373208E7
-1.3880416E7
-1.3387312E7
-1.2894048E7
-1.2400736E7
-1.190752E7
-1.1414528E7
-1.0921944E7
-1.0429992E7
-9938968.0
-9449248.0
-8961304.0
-8475704.0
-7993088.0
-7514208.0
-7039896.0
-6571072.0
-6108680.0
-5653760.0
-5207360.0
-4770544.0
-4344448.0
-3930128.0
-3528688.0
-3141176.0
-2768664.0
-2412144.0
-2072584.0
-1750888.0
-1447920.0
-1164464.0
-901216.0
-658784.0
-437688.0
-238304.0
-60936.0
94240.0
227200.0
337984.0
426784.0
493896.0
539736.0
564760.0
569608.0
554936.0
521512.0
470192.0
401888.0
317616.0
218456.0
105496.0
-20056.0
-156992.0
-304088.0
-460088.0
-623736.0
-793872.0
-969328.0
-1149032.0
-1332048.0
-1517488.0
-1704704.0
-1893152.0
-2082496.0
-2272568.0
-2463408.0
-2655184.0
-2848280.0
-3043176.0
-3240456.0
-3440728.0
-3644616.0
-3852720.0
-4065536.0
-4283488.0
-4506808.0
-4735616.0
-4969856.0
-5209296.0
-5453560.0
-5702152.0
-5954416.0
-6209584.0
-6466800.0
-6725136.0
-6983616.0
-7241192.0
-7496800.0
-7749368.0
-7997856.0
-8241232.0
-8478584.0
-8709088.0
-8932016.0
-9146880.0
-9353400.0
-9551464.0
-9741256.0
-9923176.0
-1.0097864E7
-1.02662E7
-1.0429224E7
-1.0588104E7
-1.0744112E7
-1.0898528E7
-1.1052616E7
-1.1207528E7
-1.1364264E7
-1.1523648E7
-1.1686264E7
-1.1852448E7
-1.2022304E7
-1.2195616E7
-1.2371944E7
-1.2550592E7
-1.2730672E7
-1.2911104E7
-1.3090648E7
-1.3267952E7
-1.3441624E7
-1.361016E7
-1.3772176E7
-1.3926208E7
-1.4070952E7
-1.4205176E7
-1.4327784E7
-1.4437864E7
-1.4534664E7
-1.4617648E7
-1.4686456E7
-1.4740968E7
-1.4781216E7
-1.4807456E7
-1.4820096E7
-1.4819688E7
-1.4806864E7
-1.478236E7
-1.4746976E7
-1.4701456E7
-1.4646592E7
-1.4583072E7
-1.4511568E7
-1.4432648E7
-1.4346776E7
-1.4254376E7
-1.415572E7
-1.4051064E7
-1.3940504E7
-1.3824128E7
-1.370192E7
-1.3573792E7
-1.34396E7
-1.329916E7
-1.315216E7
-1.2998296E7
-1.2837136E7
-1.2668216E7
-1.2490976E7
-1.2304824E7
-1.2109072E7
-1.1903016E7
-1.1685896E7
-1.1456944E7
-1.1215376E7
-1.09604E7
-1.0691304E7
-1.040744E7
-1.0108232E7
-9793216.0
-9462144.0
-9114872.0
-8751512.0
-8372344.0
-7977928.0
-7569032.0
-7146632.0
-6711960.0
-6266368.0
-5811416.0
-5348800.0
-4880248.0
-4407552.0
-3932528.0
-3456912.0
-2982376.0
-2510536.0
-2042784.0
-1580392.0
-1124496.0
-676008.0
-235688.0
195872.0
618232.0
1031064.0
1434128.0
1827296.0
2210424.0
2583376.0
2946040.0
3298240.0
3639736.0
3970240.0
4289384.0
4596776.0
4891880.0
5174208.0
5443144.0
5698064.0
5938320.0
6163200.0
6371992.0
6563928.0
6738304.0
6894304.0
7031192.0
7148272.0
7244864.0
7320344.0
7374240.0
7406144.0
7415848.0
7403304.0
7368632.0
7312200.0
7234552.0
7136480.0
7019000.0
6883312.0
6730808.0
6563072.0
6381784.0
6188784.0
5985936.0
5775224.0
5558616.0
5338072.0
5115536.0
4892904.0
4672016.0
4454648.0
4242464.0
4037072.0
3839952.0
3652488.0
3475944.0
3311480.0
3160104.0
3022680.0
2899912.0
2792288.0
2700184.0
2623688.0
2562728.0
2516944.0
2485784.0
2468392.0
2463728.0
2470432.0
2486960.0
2511520.0
2542104.0
2576592.0
2612696.0
2648072.0
2680344.0
2707208.0
2726432.0
2735968.0
2733952.0
2718832.0
2689352.0
2644568.0
2583912.0
2507128.0
2414312.0
2305840.0
2182344.0
2044656.0
1893712.0
1730584.0
1556320.0
1371968.0
1178488.0
976760.0
767528.0
551432.0
329008.0
100696.0
-133120.0
-372080.0
-615768.0
-863760.0
-1115536.0
-1370456.0
-1627816.0
-1886728.0
-2146344.0
-2405688.0
-2663800.0
-2919776.0
-3172808.0
-3422192.0
-3667464.0
-3908296.0
-4144656.0
-4376640.0
-4604664.0
-4829224.0
-5051040.0
-5270952.0
-5489784.0
-5708472.0
-5927832.0
-6148680.0
-6371680.0
-6597376.0
-6826144.0
-7058200.0
-7293584.0
-7532232.0
-7773888.0
-8018200.0
-8264784.0
-8513144.0
-8762800.0
-9013312.0
-9264248.0
-9515200.0
-9765920.0
-1.001612E7
-1.0265648E7
-1.0514368E7
-1.076216E7
-1.1008928E7
-1.1254536E7
-1.1498776E7
-1.1741448E7
-1.1982184E7
-1.2220528E7
-1.2455936E7
-1.2687768E7
-1.2915216E7
-1.313744E7
-1.3353552E7
-1.356256E7
-1.376352E7
-1.3955504E7
-1.4137648E7
-1.4309216E7
-1.4469616E7
-1.461844E7
-1.475552E7
-1.4880904E7
-1.4994904E7
-1.5098064E7
-1.5191176E7
-1.527524E7
-1.5351408E7
-1.5421008E7
-1.5485424E7
-1.5546112E7
-1.5604496E7
-1.566196E7
-1.5719848E7
-1.5779304E7
-1.5841432E7
-1.5907112E7
-1.5977112E7
-1.6051952E7
-1.6132008E7
-1.6217504E7
-1.6308464E7
-1.6404696E7
-1.6505912E7
-1.6611624E7
-1.67212E7
-1.6833816E7
-1.6948552E7
-1.7064272E7
-1.7179744E7
-1.7293576E7
-1.7404216E7
-1.7510032E7
-1.7609264E7
-1.7700072E7
-1.7780592E7
-1.784892E7
-1.7903232E7
-1.7941736E7
-1.7962792E7
-1.7964928E7
-1.7946888E7
-1.790764E7
-1.7846416E7
-1.776276E7
-1.765644E7
-1.7527576E7
-1.7376464E7
-1.7203712E7
-1.701012E7
-1.6796696E7
-1.6564544E7
-1.6314944E7
-1.604928E7
-1.5769E7
-1.5475608E7
-1.5170632E7
-1.4855656E7
-1.4532288E7
-1.4202144E7
-1.3866848E7
-1.352804E7
-1.3187424E7
-1.2846656E7
-1.2507456E7
-1.2171536E7
-1.1840624E7
-1.1516472E7
-1.1200832E7
-1.0895464E7
-1.0602144E7
-1.0322584E7
-1.005852E7
-9811624.0
-9583504.0
-9375672.0
-9189528.0
-9026280.0
-8886984.0
-8772456.0
-8683232.0
-8619576.0
-8581416.0
-8568352.0
-8579616.0
-8614128.0
-8670440.0
-8746792.0
-8841112.0
-8951072.0
-9074112.0
-9207488.0
-9348344.0
-9493712.0
-9640592.0
-9786008.0
-9927056.0
-1.0060944E7
-1.0185064E7
-1.0297008E7
-1.0394616E7
-1.0475992E7
-1.0539576E7
-1.058416E7
-1.060884E7
-1.061308E7
-1.0596704E7
-1.0559848E7
-1.0503016E7
-1.0426976E7
-1.0332776E7
-1.022168E7
-1.0095176E7
-9954872.0
-9802456.0
-9639720.0
-9468424.0
-9290336.0
-9107096.0
-8920264.0
-8731256.0
-8541256.0
-8351304.0
-8162208.0
-7974536.0
-7788648.0
-7604672.0
-7422552.0
-7242032.0
-7062696.0
-6884032.0
-6705376.0
-6526080.0
-6345408.0
-6162704.0
-5977288.0
-5788600.0
-5596160.0
-5399608.0
-5198760.0
-4993496.0
-4783904.0
-4570184.0
-4352672.0
-4131832.0
-3908216.0
-3682448.0
-3455264.0
-3227392.0
-2999544.0
-2772440.0
-2546760.0
-2323048.0
-2101752.0
-1883208.0
-1667544.0
-1454736.0
-1244520.0
-1036488.0
-829976.0
-624128.0
-417912.0
-210096.0
672.0
215888.0
437168.0
666152.0
904520.0
1154008.0
1416280.0
1692920.0
1985480.0
2295328.0
2623696.0
2971720.0
3340224.0
3729856.0
4141064.0
4573984.0
5028456.0
5504048.0
6000064.0
6515416.0
7048792.0
7598512.0
8162712.0
8739216.0
9325640.0
9919480.0
1.0518072E7
1.1118752E7
1.17188E7
1.2315552E7
1.2906456E7
1.3489088E7
1.4061152E7
1.462056E7
1.5165384E7
1.5693848E7
1.6204368E7
1.6695456E7
1.7165736E7
1.761396E7
1.8038864E7
1.8439296E7
1.8814104E7
1.9162184E7
1.9482448E7
1.9773904E7
2.003564E7
2.0266848E7
2.046688E7
2.0635264E7
2.0771736E7
2.0876272E7
2.0949088E7
2.0990672E7
2.1001744E7
2.0983264E7
2.093648E7
2.08628E7
2.07638E7
2.064124E7
2.0497E7
2.0333096E7
2.0151576E7
1.9954568E7
1.9744312E7
1.9523016E7
1.9292936E7
1.905632E7
1.8815408E7
1.8572448E7
1.8329536E7
1.8088792E7
1.7852232E7
1.762172E7
1.7399008E7
1.718572E7
1.6983304E7
1.6793056E7
1.6616056E7
1.6453256E7
1.6305384E7
1.6173E7
1.6056504E7
1.595608E7
1.5871792E7
1.5803488E7
1.5750936E7
1.5713696E7
1.5691248E7
1.568292E7
1.5687952E7
1.5705496E7
1.5734624E7
1.5774368E7
1.5823712E7
1.5881632E7
1.5947128E7
1.6019192E7
1.6096872E7
1.6179296E7
1.62656E7
1.6355056E7
1.6446944E7
1.654064E7
1.6635552E7
1.6731128E7
1.682684E7
1.6922208E7
1.7016728E7
1.7109864E7
1.7201056E7
1.7289784E7
1.737536E7
1.7457192E7
1.7534544E7
1.7606704E7
1.7672944E7
1.773248E7
1.7784592E7
1.7828616E7
1.7863904E7
1.7889896E7
1.7906128E7
1.7912264E7
1.7908048E7
1.7893376E7
1.7868224E7
1.7832704E7
1.7786968E7
1.7731288E7
1.7665968E7
1.7591336E7
1.7507744E7
1.7415536E7
1.7315048E7
1.7206576E7
1.7090424E7
1.6966896E7
1.6836256E7
1.66988E7
1.6554912E7
1.6405E7
1.6249608E7
1.6089344E7
1.5925E7
1.575748E7
1.5587848E7
1.541728E7
1.5247072E7
1.5078624E7
1.4913352E7
1.4752728E7
1.4598176E7
1.4451024E7
1.431252E7
1.4183728E7
1.4065504E7
1.3958488E7
1.3863056E7
1.3779304E7
1.3707024E7
1.3645784E7
1.3594872E7
1.3553328E7
1.3520048E7
1.349376E7
1.3473128E7
1.3456728E7
1.3443224E7
1.3431264E7
1.3419624E7
1.3407208E7
1.3392992E7
1.3376176E7
1.3356048E7
1.3332016E7
1.3303584E7
1.327036E7
1.3231984E7
1.3188112E7
1.313844E7
1.3082672E7
1.3020512E7
1.2951664E7
1.2875928E7
1.2793192E7
1.2703408E7
1.2606768E7
1.2503608E7
1.2394568E7
1.2280528E7
1.2162608E7
1.2042272E7
1.1921216E7
1.1801312E7
1.1684608E7
1.1573272E7
1.1469456E7
1.137524E7
1.1292624E7
1.1223352E7
1.1168936E7
1.1130544E7
1.1109016E7
1.1104792E7
1.1117936E7
1.114808E7
1.1194544E7
1.1256224E7
1.133168E7
1.1419184E7
1.1516696E7
1.1621968E7
1.1732568E7
1.1845896E7
1.1959296E7
1.207008E7
1.2175632E7
1.2273376E7
1.2360928E7
1.2436096E7
1.249692E7
1.2541704E7
1.2569064E7
1.2577832E7
1.2567224E7
1.2536672E7
1.2485904E7
1.2414888E7
1.2323848E7
1.2213232E7
1.208372E7
1.1936208E7
1.1771784E7
1.1591792E7
1.1397752E7
1.11914E7
1.0974696E7
1.0749688E7
1.0518712E7
1.0284104E7
1.004836E7
9814024.0
9583576.0
9359488.0
9144136.0
8939664.0
8748104.0
8571176.0
8410368.0
8266856.0
8141528.0
8034984.0
7947512.0
7879184.0
7829840.0
7799112.0
7786552.0
7791584.0
7813584.0
7851944.0
7906112.0
7975560.0
8059896.0
8158856.0
8272216.0
8399976.0
8542104.0
8698736.0
8869976.0
9055872.0
9256472.0
9471544.0
9700728.0
9943328.0
1.0198344E7
1.0464336E7
1.073952E7
1.1021624E7
1.1308024E7
1.1595624E7
1.1881096E7
1.2160752E7
1.2430744E7
1.2687128E7
1.2925976E7
1.314344E7
1.3335888E7
1.3500024E7
1.3632904E7
1.3732072E7
1.3795592E7
1.3822112E7
1.3810824E7
1.3761552E7
1.3674672E7
1.355108E7
1.3392184E7
1.319976E7
1.2975992E7
1.2723248E7
1.244412E7
1.2141264E7
1.1817304E7
1.1474808E7
1.11162E7
1.074364E7
1.035912E7
9964256.0
9560384.0
9148552.0
8729504.0
8303704.0
7871368.0
7432528.0
6987088.0
6534832.0
6075544.0
5609016.0
5135120.0
4653880.0
4165464.0
3670296.0
3168992.0
2662432.0
2151752.0
1638360.0
1123912.0
610216.0
99304.0
-406648.0
-905392.0
-1394624.0
-1872024.0
-2335360.0
-2782448.0
-3211256.0
-3619936.0
-4006840.0
-4370560.0
-4709920.0
-5024016.0
-5312216.0
-5574144.0
-5809664.0
-6018864.0
-6202064.0
-6359760.0
-6492544.0
-6601176.0
-6686472.0
-6749264.0
-6790424.0
-6810752.0
-6811040.0
-6791920.0
-6753984.0
-6697656.0
-6623256.0
-6530952.0
-6420816.0
-6292792.0
-6146744.0
-5982520.0
-5799952.0
-5598896.0
-5379304.0
-5141288.0
-4885168.0
-4611440.0
-4320872.0
-4014544.0
-3693784.0
-3360192.0
-3015648.0
-2662240.0
-2302216.0
-1937976.0
-1572000.0
-1206744.0
-844648.0
-488024.0
-139048.0
200296.0
528280.0
843432.0
1144528.0
1430704.0
1701320.0
1956064.0
2194912.0
2418096.0
2626080.0
2819560.0
2999424.0
3166680.0
3322456.0
3468000.0
3604592.0
3733512.0
3856040.0
3973448.0
4086880.0
4197456.0
4306208.0
4414008.0
4521672.0
4629952.0
4739448.0
4850672.0
4964144.0
5080280.0
5199528.0
5322352.0
5449272.0
5580912.0
5718008.0
5861440.0
6012272.0
6171696.0
6341128.0
6522056.0
6716120.0
6925008.0
7150424.0
7394088.0
7657512.0
7942152.0
8249160.0
8579440.0
8933560.0
9311688.0
9713576.0
1.0138536E7
1.0585424E7
1.1052632E7
1.153812E7
1.20394E7
1.255364E7
1.3077704E7
1.3608168E7
1.4141472E7
1.4673936E7
1.5201928E7
1.5721864E7
1.6230368E7
1.6724288E7
1.72008E7
1.7657488E7
1.8092296E7
1.8503664E7
1.889044E7
1.9251944E7
1.9587936E7
1.9898568E7
2.0184384E7
2.044624E7
2.0685264E7
2.0902824E7
2.1100456E7
2.1279768E7
2.144248E7
2.1590264E7
2.1724728E7
2.184744E7
2.1959736E7
2.2062776E7
2.2157552E7
2.2244752E7
2.232484E7
2.239796E7
2.246408E7
2.252284E7
2.2573728E7
2.2615976E7
2.2648704E7
2.2670872E7
2.2681384E7
2.267908E7
2.2662752E7
2.263124E7
2.25834E7
2.2518096E7
2.2434304E7
2.2331016E7
2.2207336E7
2.2062432E7
2.1895552E7
2.170604E7
2.1493344E7
2.1257016E7
2.0996696E7
2.0712224E7
2.0403472E7
2.0070456E7
1.971336E7
1.9332424E7
1.8927992E7
1.8500456E7
1.8050296E7
1.7578E7
1.7084064E7
1.6568968E7
1.6033184E7
1.5477168E7
1.4901304E7
1.4306064E7
1.369184E7
1.3059144E7
1.2408504E7
1.1740576E7
1.1056192E7
1.0356288E7
9642120.0
8915088.0
8176840.0
7429344.0
6674752.0
5915456.0
5154048.0
4393296.0
3636016.0
2885192.0
2143696.0
1414448.0
700240.0
3712.0
-672656.0
-1326600.0
-1956136.0
-2559464.0
-3135128.0
-3681904.0
-4198896.0
-4685488.0
-5141344.0
-5566432.0
-5961032.0
-6325712.0
-6661352.0
-6969096.0
-7250416.0
-7507048.0
-7740936.0
-7954280.0
-8149440.0
-8328888.0
-8495144.0
-8650728.0
-8798032.0
-8939360.0
-9076696.0
-9211776.0
-9345968.0
-9480280.0
-9615304.0
-9751192.0
-9887736.0
-1.0024344E7
-1.0160056E7
-1.0293632E7
-1.042364E7
-1.0548416E7
-1.0666168E7
-1.0775136E7
-1.0873472E7
-1.0959392E7
-1.1031248E7
-1.1087544E7
-1.1126912E7
-1.1148248E7
-1.1150624E7
-1.1133416E7
-1.10962E7
-1.103884E7
-1.0961408E7
-1.0864248E7
-1.0747904E7
-1.0613088E7
-1.0460704E7
-1.0291776E7
-1.010748E7
-9909080.0
-9697880.0
-9475288.0
-9242720.0
-9001640.0
-8753552.0
-8499936.0
-8242288.0
-7982088.0
-7720792.0
-7459840.0
-7200576.0
-6944304.0
-6692224.0
-6445424.0
-6204832.0
-5971312.0
-5745480.0
-5527896.0
-5318920.0
-5118848.0
-4927872.0
-4746104.0
-4573680.0
-4410720.0
-4257448.0
-4114152.0
-3981280.0
-3859464.0
-3749480.0
-3652336.0
-3569256.0
-3501640.0
-3451064.0
-3419272.0
-3408040.0
-3419216.0
-3454624.0
-3515920.0
-3604600.0
-3721840.0
-3868504.0
-4044984.0
-4251216.0
-4486632.0
-4750088.0
-5039968.0
-5354104.0
-5689904.0
-6044344.0
-6414088.0
-6795560.0
-7185008.0
-7578544.0
-7972352.0
-8362688.0
-8745912.0
-9118656.0
-9477736.0
-9820344.0
-1.0143936E7
-1.0446368E7
-1.0725888E7
-1.0981088E7
-1.1210936E7
-1.1414784E7
-1.1592328E7
-1.1743648E7
-1.1869112E7
-1.1969368E7
-1.2045376E7
-1.209832E7
-1.2129584E7
-1.2140712E7
-1.213344E7
-1.21096E7
-1.2071144E7
-1.2020056E7
-1.1958384E7
-1.1888208E7
-1.1811576E7
-1.1730504E7
-1.1646936E7
-1.156276E7
-1.1479688E7
-1.1399296E7
-1.1323056E7
-1.1252176E7
-1.1187744E7
-1.1130576E7
-1.1081376E7
-1.1040648E7
-1.1008736E7
-1.0985848E7
-1.0972112E7
-1.0967576E7
-1.0972216E7
-1.098604E7
-1.1009008E7
-1.1041136E7
-1.1082456E7
-1.1133008E7
-1.119288E7
-1.126212E7
-1.1340784E7
-1.142884E7
-1.1526144E7
-1.163248E7
-1.1747352E7
-1.1870152E7
-1.1999976E7
-1.2135696E7
-1.2275904E7
-1.241896E7
-1.2562992E7
-1.2705944E7
-1.2845608E7
-1.2979704E7
-1.310596E7
-1.3222136E7
-1.3326104E7
-1.3416016E7
-1.3490256E7
-1.354752E7
-1.3586904E7
-1.3607912E7
-1.361044E7
-1.35948E7
-1.3561664E7
-1.3511992E7
-1.3447104E7
-1.336844E7
-1.3277544E7
-1.3176056E7
-1.3065528E7
-1.2947432E7
-1.2823016E7
-1.269344E7
-1.2559504E7
-1.2421832E7
-1.2280768E7
-1.2136464E7
-1.1988832E7
-1.1837616E7
-1.1682416E7
-1.152272E7
-1.1357992E7
-1.118756E7
-1.10108E7
-1.082708E7
-1.0635728E7
-1.0436144E7
-1.022768E7
-1.0009776E7
-9781824.0
-9543248.0
-9293480.0
-9031928.0
-8758032.0
-8471264.0
-8171080.0
-7857024.0
-7528672.0
-7185712.0
-6827912.0
-6455192.0
-6067600.0
-5665384.0
-5248896.0
-4818696.0
-4375504.0
-3920152.0
-3453648.0
-2977096.0
-2491712.0
-1998752.0
-1499576.0
-995520.0
-487976.0
21672.0
532088.0
1041976.0
1550072.0
2055224.0
2556384.0
3052592.0
3543040.0
4027040.0
4504032.0
4973600.0
5435440.0
5889296.0
6335048.0
6772568.0
7201712.0
7622344.0
8034240.0
8437112.0
8830576.0
9214128.0
9587168.0
9949072.0
1.0299072E7
1.0636392E7
1.0960288E7
1.1270008E7
1.1564872E7
1.1844264E7
1.2107736E7
1.2354896E7
1.2585528E7
1.2799576E7
1.2997072E7
1.317824E7
1.3343424E7
1.3493056E7
1.3627712E7
1.3748024E7
1.3854752E7
1.3948704E7
1.4030736E7
1.4101808E7
1.4162872E7
1.4214944E7
1.4259064E7
1.4296256E7
1.432756E7
1.4353984E7
1.437652E7
1.4396048E7
1.4413424E7
1.4429368E7
1.444456E7
1.4459488E7
1.4474576E7
1.4490128E7
1.4506312E7
1.4523224E7
1.4540832E7
1.4559048E7
1.4577656E7
1.459644E7
1.4615048E7
1.4633072E7
1.4650048E7
1.4665392E7
1.4678496E7
1.4688632E7
1.4694976E7
1.4696664E7
1.4692744E7
1.4682176E7
1.4663912E7
1.4636864E7
1.4599944E7
1.4552032E7
1.4492072E7
1.4419088E7
1.4332088E7
1.423028E7
1.4112896E7
1.3979376E7
1.3829272E7
1.3662312E7
1.347844E7
1.3277808E7
1.3060792E7
1.2828E7
1.2580328E7
1.2318864E7
1.2044984E7
1.1760256E7
1.1466472E7
1.1165568E7
1.0859608E7
1.055076E7
1.0241176E7
9933072.0
9628568.0
9329752.0
9038592.0
8756960.0
8486608.0
8229264.0
7986512.0
7759912.0
7551008.0
7361368.0
7192544.0
7046160.0
6923832.0
6827248.0
6758048.0
6717904.0
6708344.0
6730848.0
6786680.0
6876920.0
7002344.0
7163408.0
7360240.0
7592536.0
7859536.0
8160064.0
8492432.0
8854456.0
9243488.0
9656352.0
1.008944E7
1.0538704E7
1.0999648E7
1.1467488E7
1.1937088E7
1.2403144E7
1.2860168E7
1.3302568E7
1.3724832E7
1.4121528E7
1.4487416E7
1.4817536E7
1.5107296E7
1.5352528E7
1.5549544E7
1.5695272E7
1.578716E7
1.582332E7
1.5802552E7
1.5724216E7
1.5588432E7
1.5395888E7
1.5147952E7
1.484656E7
1.4494208E7
1.4093968E7
1.3649304E7
1.3164168E7
1.2642856E7
1.2089984E7
1.1510336E7
1.090892E7
1.0290768E7
9660976.0
9024456.0
8386040.0
7750264.0
7121376.0
6503256.0
5899296.0
5312432.0
4745096.0
4199168.0
3676024.0
3176488.0
2700920.0
2249240.0
1820984.0
1415368.0
1031336.0
667704.0
323152.0
-3608.0
-313872.0
-608800.0
-889384.0
-1156440.0
-1410560.0
-1652120.0
-1881232.0
-2097832.0
-2301672.0
-2492352.0
-2669400.0
-2832328.0
-2980656.0
-3114056.0
-3232272.0
-3335328.0
-3423464.0
-3497168.0
-3557248.0
-3604736.0
-3640944.0
-3667408.0
-3685832.0
-3698032.0
-3705864.0
-3711184.0
-3715760.0
-3721232.0
-3729024.0
-3740344.0
-3756112.0
-3776960.0
-3803224.0
-3834984.0
-3872048.0
-3914024.0
-3960336.0
-4010296.0
-4063160.0
-4118176.0
-4174648.0
-4231904.0
-4289448.0
-4346896.0
-4403960.0
-4460536.0
-4516600.0
-4572192.0
-4627440.0
-4682448.0
-4737304.0
-4791984.0
-4846376.0
-4900208.0
-4953048.0
-5004208.0
-5052848.0
-5097864.0
-5138000.0
-5171752.0
-5197528.0
-5213576.0
-5218088.0
-5209264.0
-5185280.0
-5144480.0
-5085312.0
-5006448.0
-4906856.0
-4785736.0
-4642712.0
-4477672.0
-4290928.0
-4083104.0
-3855240.0
-3608600.0
-3344784.0
-3065616.0
-2773096.0
-2469336.0
-2156568.0
-1837016.0
-1512912.0
-1186456.0
-859736.0
-534768.0
-213440.0
102504.0
411408.0
711752.0
1002152.0
1281312.0
1547984.0
1801080.0
2039504.0
2262240.0
2468272.0
2656656.0
2826472.0
2976840.0
3106968.0
3216176.0
3303856.0
3369672.0
3413424.0
3435184.0
3435312.0
3414480.0
3373656.0
3314128.0
3237512.0
3145760.0
3041000.0
2925656.0
2802328.0
2673752.0
2542792.0
2412320.0
2285296.0
2164592.0
2053096.0
1953584.0
1868720.0
1801088.0
1753056.0
1726872.0
1724528.0
1747800.0
1798176.0
1876832.0
1984624.0
2121976.0
2288928.0
2485072.0
2709552.0
2961088.0
3237912.0
3537952.0
3858664.0
4197280.0
4550728.0
4915832.0
5289264.0
5667704.0
6047880.0
6426688.0
6801200.0
7168728.0
7526968.0
7873904.0
8207960.0
8527944.0
8833120.0
9123152.0
9398176.0
9658704.0
9905624.0
1.0140136E7
1.0363784E7
1.0578272E7
1.0785488E7
1.0987448E7
1.1186128E7
1.1383496E7
1.1581432E7
1.1781672E7
1.1985736E7
1.2195E7
1.2410608E7
1.2633448E7
1.2864264E7
1.3103536E7
1.3351592E7
1.3608544E7
1.3874368E7
1.4148848E7
1.443156E7
1.4721936E7
1.501924E7
1.5322496E7
1.5630568E7
1.5942136E7
1.6255704E7
1.6569576E7
1.6881944E7
1.7190904E7
1.7494456E7
1.7790568E7
1.8077224E7
1.8352488E7
1.8614496E7
1.8861512E7
1.9091992E7
1.9304544E7
1.9497976E7
1.9671296E7
1.9823704E7
1.9954512E7
2.0063224E7
2.0149432E7
2.0212808E7
2.025308E7
2.0270096E7
2.0263704E7
2.0233816E7
2.01804E7
2.0103552E7
2.0003416E7
1.9880296E7
1.973464E7
1.9567032E7
1.937824E7
1.9169208E7
1.8941072E7
1.8695112E7
1.843276E7
1.815564E7
1.7865456E7
1.756404E7
1.7253296E7
1.6935216E7
1.6611808E7
1.6285152E7
1.5957304E7
1.5630328E7
1.5306248E7
1.498712E7
1.4674872E7
1.4371424E7
1.407864E7
1.379828E7
1.3532016E7
1.3281424E7
1.3047928E7
1.2832824E7
1.2637264E7
1.24622E7
1.23084E7
1.2176464E7
1.206676E7
1.1979472E7
1.1914632E7
1.1872008E7
1.1851224E7
1.1851752E7
1.1872856E7
1.191364E7
1.1973064E7
1.2049856E7
1.2142608E7
1.2249688E7
1.2369296E7
1.2499432E7
1.2637912E7
1.278236E7
1.2930304E7
1.3079136E7
1.3226176E7
1.3368752E7
1.3504232E7
1.363008E7
1.3743992E7
1.3843816E7
1.392772E7
1.3994208E7
1.404212E7
1.4070688E7
1.407952E7
1.40686E7
1.4038248E7
1.3989128E7
1.3922152E7
1.3838488E7
1.3739384E7
1.3626312E7
1.3500696E7
1.3364024E7
1.3217728E7
1.3063136E7
1.290152E7
1.2734032E7
1.2561672E7
1.2385344E7
1.220584E7
1.2023824E7
1.1839912E7
1.1654544E7
1.1468136E7
1.1280984E7
1.1093248E7
1.0905032E7
1.071624E7
1.0526672E7
1.0335968E7
1.0143552E7
9948712.0
9750584.0
9548144.0
9340256.0
9125760.0
8903456.0
8672184.0
8430928.0
8178872.0
7915352.0
7640072.0
7353032.0
7054656.0
6745672.0
6427232.0
6100912.0
5768624.0
5432648.0
5095544.0
4760160.0
4429560.0
4106936.0
3795656.0
3499040.0
3220440.0
2963056.0
2729960.0
2523992.0
2347664.0
2203176.0
2092344.0
2016536.0
1976752.0
1973480.0
2006816.0
2076440.0
2181608.0
2321256.0
2493944.0
2697960.0
2931312.0
3191816.0
3476992.0
3784232.0
4110784.0
4453712.0
4809984.0
5176480.0
5550024.0
5927416.0
6305472.0
6681008.0
7050968.0
7412360.0
7762360.0
8098328.0
8417808.0
8718568.0
8998584.0
9256088.0
9489544.0
9697688.0
9879456.0
1.0034064E7
1.016096E7
1.0259904E7
1.033088E7
1.0374192E7
1.0390392E7
1.0380376E7
1.0345288E7
1.0286544E7
1.0205832E7
1.0105032E7
9986152.0
9851320.0
9702632.0
9542184.0
9371952.0
9193696.0
9008952.0
8819016.0
8624840.0
8427120.0
8226232.0
8022312.0
7815272.0
7604800.0
7390504.0
7171888.0
6948424.0
6719616.0
6485016.0
6244280.0
5997104.0
5743384.0
5483056.0
5216224.0
4943080.0
4663904.0
4379040.0
4088976.0
3794120.0
3495040.0
3192232.0
2886272.0
2577704.0
2267064.0
1954896.0
1641744.0
1328080.0
1014448.0
701352.0
389304.0
78792.0
-229680.0
-535592.0
-838496.0
-1137896.0
-1433352.0
-1724488.0
-2010944.0
-2292472.0
-2568856.0
-2839944.0
-3105656.0
-3365960.0
-3620864.0
-3870344.0
-4114384.0
-4352888.0
-4585672.0
-4812488.0
-5032880.0
-5246280.0
-5451960.0
-5649000.0
-5836320.0
-6012672.0
-6176632.0
-6326688.0
-6461176.0
-6578336.0
-6676376.0
-6753552.0
-6808088.0
-6838368.0
-6842960.0
-6820656.0
-6770576.0
-6692248.0
-6585584.0
-6451024.0
-6289512.0
-6102512.0
-5892016.0
-5660480.0
-5410824.0
-5146304.0
-4870544.0
-4587288.0
-4300520.0
-4014144.0
-3732080.0
-3458072.0
-3195672.0
-2948168.0
-2718496.0
-2509176.0
-2322408.0
-2159856.0
-2022760.0
-1911864.0
-1827456.0
-1769312.0
-1736768.0
-1728768.0
-1743808.0
-1780032.0
-1835304.0
-1907256.0
-1993320.0
-2090776.0
-2196896.0
-2308880.0
-2423976.0
-2539456.0
-2652752.0
-2761320.0
-2862824.0
-2955032.0
-3035864.0
-3103440.0
-3156064.0
-3192224.0
-3210680.0
-3210384.0
-3190544.0
-3150656.0
-3090488.0
-3010056.0
-2909672.0
-2789904.0
-2651560.0
-2495688.0
-2323536.0
-2136552.0
-1936360.0
-1724632.0
-1503224.0
-1274064.0
-1039056.0
-800192.0
-559400.0
-318576.0
-79560.0
155904.0
386272.0
610048.0
825944.0
1032840.0
1229792.0
1416032.0
1590960.0
1754128.0
1905304.0
2044376.0
2171360.0
2286448.0
2389936.0
2482328.0
2564216.0
2636392.0
2699760.0
2755384.0
2804472.0
2848288.0
2888232.0
2925664.0
2962008.0
2998576.0
3036536.0
3076928.0
3120552.0
3167928.0
3219312.0
3274656.0
3333592.0
3395408.0
3459176.0
3523672.0
3587488.0
3649032.0
3706592.0
3758392.0
3802656.0
3837592.0
3861544.0
3872896.0
3870184.0
3852064.0
3817368.0
3765056.0
3694280.0
3604296.0
3494536.0
3364536.0
3213984.0
3042688.0
2850560.0
2637688.0
2404280.0
2150720.0
1877576.0
1585616.0
1275824.0
949448.0
607944.0
253096.0
-113096.0
-488376.0
-870232.0
-1255952.0
-1642600.0
-2027128.0
-2406344.0
-2777008.0
-3135848.0
-3479648.0
-3805240.0
-4109664.0
-4390080.0
-4643928.0
-4868912.0
-5063056.0
-5224760.0
-5352736.0
-5446184.0
-5504648.0
-5528120.0
-5516984.0
-5472064.0
-5394544.0
-5286024.0
-5148424.0
-4984000.0
-4795272.0
-4584968.0
-4356040.0
-4111504.0
-3854464.0
-3587968.0
-3315040.0
-3038512.0
-2761072.0
-2485168.0
-2213000.0
-1946472.0
-1687216.0
-1436600.0
-1195736.0
-965504.0
-746568.0
-539464.0
-344552.0
-162080.0
7752.0
164896.0
309328.0
441104.0
560336.0
667232.0
762040.0
845056.0
916664.0
977240.0
1027208.0
1066984.0
1096960.0
1117448.0
1128736.0
1130968.0
1124128.0
1108136.0
1082720.0
1047368.0
1001520.0
944344.0
874904.0
792128.0
694856.0
581864.0
451920.0
303840.0
136552.0
-50832.0
-259024.0
-488440.0
-739176.0
-1011000.0
-1303336.0
-1615264.0
-1945536.0
-2292632.0
-2654768.0
-3030072.0
-3416480.0
-3811992.0
-4214584.0
-4622424.0
-5033816.0
-5447312.0
-5861728.0
-6276144.0
-6689968.0
-7102840.0
-7514704.0
-7925728.0
-8336224.0
-8746696.0
-9157696.0
-9569824.0
-9983672.0
-1.0399768E7
-1.081852E7
-1.1240224E7
-1.166496E7
-1.2092696E7
-1.2523168E7
-1.2955984E7
-1.3390576E7
-1.3826296E7
-1.4262392E7
-1.4698064E7
-1.5132592E7
-1.5565272E7
-1.5995528E7
-1.6422888E7
-1.6847088E7
-1.7267944E7
-1.7685472E7
-1.8099792E7
-1.851116E7
-1.8919792E7
-1.9325976E7
-1.9729936E7
-2.0131736E7
-2.053136E7
-2.0928552E7
-2.1322872E7
-2.1713608E7
-2.2099864E7
-2.2480432E7
-2.285392E7
-2.321872E7
-2.3573032E7
-2.3914912E7
-2.4242304E7
-2.4553064E7
-2.4845016E7
-2.5116024E7
-2.5363952E7
-2.5586832E7
-2.57828E7
-2.5950176E7
-2.6087568E7
-2.6193824E7
-2.6268136E7
-2.631004E7
-2.631944E7
-2.6296656E7
-2.6242376E7
-2.6157736E7
-2.604416E7
-2.5903528E7
-2.5737952E7
-2.5549848E7
-2.5341816E7
-2.5116632E7
-2.4877152E7
-2.4626264E7
-2.4366792E7
-2.410148E7
-2.3832888E7
-2.3563352E7
-2.3294984E7
-2.3029568E7
-2.2768552E7
-2.2513072E7
-2.226388E7
-2.2021408E7
-2.1785712E7
-2.1556584E7
-2.1333448E7
-2.111552E7
-2.090176E7
-2.069096E7
-2.0481696E7
-2.027252E7
-2.0061856E7
-1.9848136E7
-1.9629824E7
-1.940544E7
-1.9173624E7
-1.8933168E7
-1.8683064E7
-1.8422536E7
-1.8151064E7
-1.7868368E7
-1.7574496E7
-1.7269752E7
-1.6954736E7
-1.6630328E7
-1.6297632E7
-1.5957928E7
-1.5612728E7
-1.5263656E7
-1.491244E7
-1.4560872E7
-1.4210728E7
-1.3863808E7
-1.3521816E7
-1.3186328E7
-1.2858888E7
-1.2540784E7
-1.2233152E7
-1.1936904E7
-1.1652728E7
-1.1381032E7
-1.1121976E7
-1.0875416E7
-1.064092E7
-1.04178E7
-1.0205072E7
-1.0001488E7
-9805600.0
-9615760.0
-9430160.0
-9246896.0
-9064040.0
-8879672.0
-8691928.0
-8573008.0
