# File created = Monday, May 11, 2026 6:50:10 PM EDT
# Data set = ADF_TR_Nirmat400-Mpro400_EDTA_VT_2026-05-09  1288  1  /Users/ramelt2/Library/CloudStorage/Box-Box/Montelione-Lab-Box/MPro_NMR_and_MS_data_and_analysis/MPro-Nirmatrelvir_19F-NMR/Hudson-800-EDTA-data
# Spectral Region:
# LEFT = 2.0 ppm. RIGHT = -2.0 ppm.
#
# SIZE = 16578 ( = number of points)
#
# In the following ordering is from the 'left' to the 'right' limits!
# Lines beginning with '#' must be considered as comment lines.
#
-7658300.0
-7718808.0
-7786548.0
-7859248.0
-7934604.0
-8010268.0
-8083948.0
-8153380.0
-8216380.0
-8270860.0
-8314900.0
-8346740.0
-8364852.0
-8367908.0
-8354912.0
-8325156.0
-8278260.0
-8214232.0
-8133416.0
-8036512.0
-7924572.0
-7798960.0
-7661296.0
-7513456.0
-7357444.0
-7195396.0
-7029500.0
-6861912.0
-6694712.0
-6529880.0
-6369196.0
-6214232.0
-6066344.0
-5926596.0
-5795804.0
-5674508.0
-5562988.0
-5461284.0
-5369224.0
-5286464.0
-5212536.0
-5146864.0
-5088844.0
-5037848.0
-4993300.0
-4954736.0
-4921752.0
-4894116.0
-4871764.0
-4854804.0
-4843536.0
-4838440.0
-4840192.0
-4849640.0
-4867780.0
-4895744.0
-4934756.0
-4986112.0
-5051140.0
-5131168.0
-5227464.0
-5341232.0
-5473528.0
-5625292.0
-5797268.0
-5989996.0
-6203792.0
-6438752.0
-6694740.0
-6971352.0
-7267984.0
-7583776.0
-7917676.0
-8268444.0
-8634672.0
-9014796.0
-9407148.0
-9809984.0
-1.0221508E7
-1.0639936E7
-1.1063476E7
-1.1490424E7
-1.1919176E7
-1.234826E7
-1.2776332E7
-1.3202256E7
-1.3625068E7
-1.4043984E7
-1.4458416E7
-1.4867948E7
-1.5272284E7
-1.5671284E7
-1.606488E7
-1.6453052E7
-1.683582E7
-1.7213176E7
-1.7585088E7
-1.7951468E7
-1.8312164E7
-1.8666944E7
-1.9015512E7
-1.9357528E7
-1.9692596E7
-2.0020308E7
-2.034026E7
-2.0652056E7
-2.0955356E7
-2.1249856E7
-2.1535336E7
-2.181164E7
-2.207866E7
-2.2336372E7
-2.25848E7
-2.2824008E7
-2.3054096E7
-2.3275188E7
-2.3487412E7
-2.3690904E7
-2.3885812E7
-2.4072264E7
-2.42504E7
-2.442036E7
-2.4582284E7
-2.4736312E7
-2.4882576E7
-2.5021228E7
-2.5152388E7
-2.5276156E7
-2.5392608E7
-2.5501796E7
-2.560368E7
-2.5698204E7
-2.5785212E7
-2.5864488E7
-2.5935768E7
-2.5998712E7
-2.6052936E7
-2.6098028E7
-2.6133564E7
-2.6159096E7
-2.6174216E7
-2.6178524E7
-2.6171632E7
-2.6153196E7
-2.6122868E7
-2.608032E7
-2.6025212E7
-2.5957152E7
-2.5875744E7
-2.5780524E7
-2.5670956E7
-2.554648E7
-2.5406488E7
-2.5250348E7
-2.5077452E7
-2.4887252E7
-2.46793E7
-2.4453288E7
-2.4209108E7
-2.3946864E7
-2.3666944E7
-2.337002E7
-2.3057048E7
-2.2729312E7
-2.2388372E7
-2.2036068E7
-2.1674484E7
-2.1305896E7
-2.0932736E7
-2.0557532E7
-2.0182844E7
-1.9811204E7
-1.9445032E7
-1.9086604E7
-1.8737992E7
-1.8400992E7
-1.8077084E7
-1.7767408E7
-1.7472764E7
-1.719354E7
-1.6929792E7
-1.668118E7
-1.6447068E7
-1.6226512E7
-1.6018292E7
-1.5821024E7
-1.5633132E7
-1.5452944E7
-1.527876E7
-1.5108816E7
-1.4941408E7
-1.4774868E7
-1.4607576E7
-1.4437996E7
-1.4264644E7
-1.40861E7
-1.3900952E7
-1.370782E7
-1.3505308E7
-1.3291988E7
-1.3066388E7
-1.2826996E7
-1.2572248E7
-1.2300564E7
-1.2010344E7
-1.1700028E7
-1.1368136E7
-1.1013288E7
-1.0634324E7
-1.0230288E7
-9800524.0
-9344720.0
-8862976.0
-8355788.0
-7824116.0
-7269368.0
-6693440.0
-6098636.0
-5487696.0
-4863744.0
-4230212.0
-3590820.0
-2949476.0
-2310232.0
-1677220.0
-1054576.0
-446356.0
143484.0
711192.0
1253236.0
1766384.0
2247724.0
2694732.0
3105280.0
3477660.0
3810640.0
4103396.0
4355596.0
4567300.0
4738964.0
4871404.0
4965728.0
5023264.0
5045512.0
5034072.0
4990560.0
4916568.0
4813612.0
4683076.0
4526200.0
4344060.0
4137568.0
3907512.0
3654552.0
3379308.0
3082364.0
2764368.0
2426092.0
2068492.0
1692756.0
1300372.0
893124.0
473184.0
43016.0
-394600.0
-836636.0
-1279856.0
-1720944.0
-2156600.0
-2583584.0
-2998884.0
-3399776.0
-3783912.0
-4149404.0
-4494804.0
-4819204.0
-5122152.0
-5403692.0
-5664252.0
-5904596.0
-6125772.0
-6328976.0
-6515496.0
-6686600.0
-6843480.0
-6987160.0
-7118468.0
-7237968.0
-7345956.0
-7442476.0
-7527276.0
-7599868.0
-7659560.0
-7705492.0
-7736700.0
-7752144.0
-7750776.0
-7731616.0
-7693772.0
-7636532.0
-7559352.0
-7461952.0
-7344300.0
-7206656.0
-7049608.0
-6874000.0
-6680988.0
-6472004.0
-6248724.0
-6013024.0
-5766916.0
-5512564.0
-5252156.0
-4987888.0
-4721920.0
-4456304.0
-4192996.0
-3933788.0
-3680316.0
-3434076.0
-3196392.0
-2968500.0
-2751536.0
-2546556.0
-2354584.0
-2176648.0
-2013768.0
-1866980.0
-1737292.0
-1625748.0
-1533320.0
-1460936.0
-1409380.0
-1379328.0
-1371252.0
-1385420.0
-1421844.0
-1480288.0
-1560248.0
-1660944.0
-1781336.0
-1920152.0
-2075848.0
-2246696.0
-2430764.0
-2625928.0
-2829908.0
-3040280.0
-3254464.0
-3469784.0
-3683400.0
-3892392.0
-4093704.0
-4284232.0
-4460780.0
-4620088.0
-4758896.0
-4873968.0
-4962108.0
-5020204.0
-5045316.0
-5034636.0
-4985648.0
-4896060.0
-4763920.0
-4587592.0
-4365840.0
-4097788.0
-3783004.0
-3421476.0
-3013664.0
-2560428.0
-2063108.0
-1523452.0
-943636.0
-326228.0
325856.0
1009408.0
1720952.0
2456788.0
3213120.0
3986024.0
4771592.0
5565912.0
6365184.0
7165728.0
7964032.0
8756796.0
9540920.0
1.0313568E7
1.1072152E7
1.1814304E7
1.2537924E7
1.3241128E7
1.3922252E7
1.4579804E7
1.521248E7
1.5819092E7
1.639858E7
1.6949976E7
1.7472376E7
1.796492E7
1.842678E7
1.885716E7
1.9255276E7
1.9620372E7
1.995174E7
2.024874E7
2.0510816E7
2.0737564E7
2.092876E7
2.108442E7
2.1204836E7
2.1290608E7
2.1342724E7
2.1362568E7
2.1351924E7
2.1313012E7
2.1248444E7
2.116124E7
2.1054752E7
2.0932628E7
2.0798744E7
2.0657092E7
2.051174E7
2.0366688E7
2.0225792E7
2.0092684E7
1.997062E7
1.9862456E7
1.9770536E7
1.9696644E7
1.9641972E7
1.9607068E7
1.9591848E7
1.959562E7
1.9617096E7
1.9654432E7
1.9705324E7
1.9767052E7
1.9836572E7
1.9910616E7
1.9985784E7
2.0058644E7
2.0125852E7
2.0184212E7
2.0230792E7
2.0263028E7
2.027872E7
2.0276144E7
2.0254084E7
2.02118E7
2.0149076E7
2.0066164E7
1.996376E7
1.984294E7
1.9705088E7
1.9551836E7
1.9384972E7
1.9206344E7
1.90178E7
1.8821096E7
1.8617824E7
1.8409376E7
1.8196836E7
1.7981032E7
1.7762408E7
1.7541108E7
1.7316928E7
1.708934E7
1.685756E7
1.6620568E7
1.6377164E7
1.6126096E7
1.5866036E7
1.5595772E7
1.5314204E7
1.5020488E7
1.4714056E7
1.4394712E7
1.4062636E7
1.3718452E7
1.3363196E7
1.2998324E7
1.2625668E7
1.2247396E7
1.186594E7
1.1483936E7
1.1104124E7
1.0729308E7
1.0362232E7
1.0005516E7
9661620.0
9332748.0
9020800.0
8727360.0
8453644.0
8200492.0
7968368.0
7757344.0
7567148.0
7397160.0
7246452.0
7113836.0
6997892.0
6897040.0
6809564.0
6733700.0
6667664.0
6609712.0
6558172.0
6511496.0
6468280.0
6427292.0
6387444.0
6347844.0
6307748.0
6266560.0
6223800.0
6179064.0
6132036.0
6082448.0
6030024.0
5974500.0
5915604.0
5853048.0
5786520.0
5715692.0
5640244.0
5559848.0
5474180.0
5382956.0
5285932.0
5182880.0
5073644.0
4958108.0
4836200.0
4707920.0
4573288.0
4432416.0
4285424.0
4132500.0
3973904.0
3809928.0
3640956.0
3467460.0
3289964.0
3109132.0
2925680.0
2740472.0
2554448.0
2368620.0
2184076.0
2001956.0
1823392.0
1649504.0
1481360.0
1319932.0
1166076.0
1020512.0
883800.0
756352.0
638428.0
530128.0
431456.0
342304.0
262508.0
191848.0
130120.0
77088.0
32560.0
-3640.0
-31668.0
-51672.0
-63768.0
-68104.0
-64868.0
-54276.0
-36644.0
-12384.0
18012.0
53936.0
94620.0
139228.0
186780.0
236212.0
286352.0
335984.0
383828.0
428584.0
468980.0
503760.0
531732.0
551828.0
563112.0
564788.0
556288.0
537232.0
507480.0
467148.0
416572.0
356336.0
287228.0
210236.0
126496.0
37236.0
-56220.0
-152564.0
-250492.0
-348796.0
-446344.0
-542192.0
-635540.0
-725784.0
-812504.0
-895516.0
-974764.0
-1050404.0
-1122744.0
-1192204.0
-1259296.0
-1324592.0
-1388680.0
-1452132.0
-1515488.0
-1579172.0
-1643508.0
-1708648.0
-1774588.0
-1841092.0
-1907736.0
-1973836.0
-2038472.0
-2100500.0
-2158536.0
-2210996.0
-2256128.0
-2292012.0
-2316660.0
-2328020.0
-2324044.0
-2302780.0
-2262364.0
-2201168.0
-2117764.0
-2011040.0
-1880228.0
-1724912.0
-1545084.0
-1341140.0
-1113876.0
-864492.0
-594552.0
-305956.0
-888.0
318208.0
648712.0
987904.0
1332968.0
1681124.0
2029612.0
2375828.0
2717284.0
3051740.0
3377160.0
3691788.0
3994184.0
4283204.0
4558064.0
4818300.0
5063832.0
5294908.0
5512136.0
5716444.0
5909040.0
6091396.0
6265204.0
6432276.0
6594516.0
6753832.0
6912092.0
7071036.0
7232228.0
7397040.0
7566592.0
7741756.0
7923164.0
8111220.0
8306132.0
8507944.0
8716584.0
8931888.0
9153652.0
9381648.0
9615652.0
9855432.0
1.0100784E7
1.0351456E7
1.0607196E7
1.0867676E7
1.1132472E7
1.1401092E7
1.1672884E7
1.1947072E7
1.222276E7
1.2498928E7
1.2774424E7
1.3048052E7
1.3318552E7
1.3584652E7
1.3845084E7
1.409864E7
1.4344148E7
1.458052E7
1.4806736E7
1.5021816E7
1.5224852E7
1.5414984E7
1.5591364E7
1.5753156E7
1.5899564E7
1.6029784E7
1.614306E7
1.6238688E7
1.6316044E7
1.6374656E7
1.6414192E7
1.643454E7
1.6435828E7
1.6418468E7
1.6383156E7
1.6330916E7
1.6263024E7
1.6181072E7
1.6086872E7
1.5982452E7
1.5869976E7
1.5751648E7
1.5629732E7
1.5506412E7
1.5383768E7
1.5263696E7
1.514788E7
1.5037756E7
1.4934496E7
1.4838956E7
1.4751752E7
1.4673204E7
1.4603404E7
1.454222E7
1.4489404E7
1.4444536E7
1.440718E7
1.4376864E7
1.4353184E7
1.4335808E7
1.4324528E7
1.43193E7
1.4320252E7
1.4327672E7
1.4342028E7
1.436392E7
1.4394044E7
1.4433184E7
1.4482132E7
1.4541644E7
1.4612416E7
1.4694992E7
1.4789772E7
1.4896948E7
1.5016472E7
1.5148064E7
1.5291188E7
1.5445032E7
1.5608556E7
1.5780448E7
1.5959204E7
1.614308E7
1.6330168E7
1.6518388E7
1.6705536E7
1.6889276E7
1.7067228E7
1.7236928E7
1.7395912E7
1.7541716E7
1.7671928E7
1.7784248E7
1.7876488E7
1.794664E7
1.7992904E7
1.8013744E7
1.800792E7
1.7974472E7
1.7912808E7
1.7822644E7
1.7704088E7
1.7557536E7
1.7383728E7
1.7183712E7
1.69588E7
1.6710568E7
1.6440796E7
1.6151484E7
1.584478E7
1.5522996E7
1.5188576E7
1.4844016E7
1.4491964E7
1.413508E7
1.3776048E7
1.3417572E7
1.3062304E7
1.2712808E7
1.2371552E7
1.2040816E7
1.1722684E7
1.1418976E7
1.1131232E7
1.086066E7
1.0608116E7
1.037408E7
1.0158652E7
9961572.0
9782188.0
9619532.0
9472288.0
9338900.0
9217544.0
9106228.0
9002808.0
8905052.0
8810676.0
8717404.0
8623004.0
8525316.0
8422296.0
8312068.0
8192904.0
8063288.0
7921920.0
7767720.0
7599852.0
7417724.0
7221004.0
7009584.0
6783612.0
6543448.0
6289684.0
6023076.0
5744564.0
5455204.0
5156188.0
4848752.0
4534188.0
4213820.0
3888952.0
3560856.0
3230760.0
2899868.0
2569288.0
2240076.0
1913252.0
1589748.0
1270452.0
956200.0
647780.0
345932.0
51332.0
-235360.0
-513568.0
-782740.0
-1042364.0
-1292008.0
-1531228.0
-1759668.0
-1976976.0
-2182868.0
-2377068.0
-2559364.0
-2729584.0
-2887616.0
-3033396.0
-3166924.0
-3288292.0
-3397648.0
-3495232.0
-3581352.0
-3656396.0
-3720836.0
-3775204.0
-3820088.0
-3856168.0
-3884132.0
-3904776.0
-3918924.0
-3927460.0
-3931340.0
-3931556.0
-3929180.0
-3925348.0
-3921208.0
-3917980.0
-3916876.0
-3919116.0
-3925860.0
-3938240.0
-3957244.0
-3983760.0
-4018484.0
-4061936.0
-4114392.0
-4175920.0
-4246348.0
-4325240.0
-4411988.0
-4505760.0
-4605592.0
-4710412.0
-4819096.0
-4930524.0
-5043628.0
-5157444.0
-5271180.0
-5384180.0
-5496020.0
-5606460.0
-5715444.0
-5823068.0
-5929576.0
-6035272.0
-6140480.0
-6245536.0
-6350672.0
-6456024.0
-6561560.0
-6667068.0
-6772120.0
-6876072.0
-6978068.0
-7077032.0
-7171688.0
-7260604.0
-7342224.0
-7414880.0
-7476892.0
-7526584.0
-7562360.0
-7582744.0
-7586476.0
-7572504.0
-7540092.0
-7488836.0
-7418684.0
-7329980.0
-7223436.0
-7100184.0
-6961680.0
-6809752.0
-6646492.0
-6474252.0
-6295532.0
-6112956.0
-5929156.0
-5746720.0
-5568092.0
-5395520.0
-5230992.0
-5076144.0
-4932276.0
-4800272.0
-4680628.0
-4573432.0
-4478372.0
-4394792.0
-4321704.0
-4257840.0
-4201696.0
-4151596.0
-4105696.0
-4062072.0
-4018732.0
-3973656.0
-3924848.0
-3870308.0
-3808132.0
-3736448.0
-3653508.0
-3557668.0
-3447404.0
-3321352.0
-3178276.0
-3017188.0
-2837256.0
-2637888.0
-2418744.0
-2179744.0
-1921104.0
-1643332.0
-1347252.0
-1034040.0
-705160.0
-362444.0
-8016.0
355684.0
725968.0
1099884.0
1474328.0
1846080.0
2211848.0
2568388.0
2912516.0
3241276.0
3551900.0
3841952.0
4109336.0
4352312.0
4569576.0
4760184.0
4923620.0
5059696.0
5168592.0
5250764.0
5306948.0
5338084.0
5345308.0
5329908.0
5293300.0
5236984.0
5162584.0
5071768.0
4966292.0
4847968.0
4718680.0
4580372.0
4435032.0
4284708.0
4131492.0
3977492.0
3824828.0
3675632.0
3531968.0
3395880.0
3269308.0
3154084.0
3051916.0
2964352.0
2892768.0
2838336.0
2802056.0
2784724.0
2786932.0
2809104.0
2851504.0
2914248.0
2997372.0
3100788.0
3224416.0
3368128.0
3531816.0
3715400.0
3918840.0
4142124.0
4385284.0
4648344.0
4931316.0
5234136.0
5556636.0
5898520.0
6259272.0
6638152.0
7034172.0
7446060.0
7872232.0
8310836.0
8759744.0
9216584.0
9678776.0
1.0143584E7
1.0608188E7
1.106968E7
1.1525212E7
1.1971964E7
1.2407256E7
1.282854E7
1.3233468E7
1.3619884E7
1.398586E7
1.432966E7
1.4649776E7
1.4944876E7
1.5213828E7
1.5455628E7
1.5669448E7
1.5854592E7
1.6010472E7
1.613664E7
1.6232776E7
1.62987E7
1.6334344E7
1.6339824E7
1.6315404E7
1.6261516E7
1.6178776E7
1.6068E7
1.5930144E7
1.5766388E7
1.5578056E7
1.5366648E7
1.5133788E7
1.4881248E7
1.4610892E7
1.4324688E7
1.402466E7
1.3712888E7
1.3391472E7
1.3062536E7
1.2728172E7
1.2390484E7
1.20515E7
1.17132E7
1.1377488E7
1.1046184E7
1.0721004E7
1.040354E7
1.009528E7
9797580.0
9511676.0
9238700.0
8979676.0
8735540.0
8507176.0
8295420.0
8101096.0
7925044.0
7768128.0
7631260.0
7515412.0
7421624.0
7350992.0
7304636.0
7283712.0
7289360.0
7322636.0
7384520.0
7475824.0
7597160.0
7748868.0
7930984.0
8143208.0
8384860.0
8654840.0
8951688.0
9273532.0
9618120.0
9982876.0
1.0364932E7
1.076118E7
1.1168304E7
1.1582892E7
1.200146E7
1.2420508E7
1.2836584E7
1.3246332E7
1.3646536E7
1.403416E7
1.4406328E7
1.4760412E7
1.5094E7
1.5404928E7
1.5691272E7
1.5951348E7
1.6183712E7
1.6387168E7
1.6560716E7
1.6703584E7
1.6815188E7
1.6895132E7
1.6943208E7
1.6959336E7
1.6943592E7
1.6896184E7
1.681744E7
1.6707792E7
1.6567796E7
1.639812E7
1.6199544E7
1.5972964E7
1.5719448E7
1.5440192E7
1.513656E7
1.481012E7
1.4462608E7
1.4095972E7
1.3712368E7
1.3314124E7
1.2903744E7
1.2483868E7
1.2057252E7
1.1626696E7
1.1195036E7
1.076504E7
1.03394E7
9920672.0
9511200.0
9113100.0
8728244.0
8358180.0
8004196.0
7667240.0
7347988.0
7046796.0
6763796.0
6498840.0
6251576.0
6021456.0
5807728.0
5609536.0
5425828.0
5255452.0
5097132.0
4949484.0
4811028.0
4680192.0
4555356.0
4434840.0
4316988.0
4200120.0
4082680.0
3963184.0
3840324.0
3712988.0
3580272.0
3441548.0
3296428.0
3144816.0
2986836.0
2822832.0
2653364.0
2479120.0
2300896.0
2119564.0
1936044.0
1751284.0
1566276.0
1382028.0
1199600.0
1020140.0
844864.0
675148.0
512488.0
358520.0
215040.0
83932.0
-32788.0
-133112.0
-215032.0
-276612.0
-316088.0
-331880.0
-322688.0
-287524.0
-225772.0
-137172.0
-21876.0
119592.0
286316.0
477020.0
690132.0
923788.0
1175856.0
1444044.0
1725900.0
2018840.0
2320248.0
2627440.0
2937760.0
3248576.0
3557300.0
3861420.0
4158544.0
4446368.0
4722728.0
4985596.0
5233120.0
5463620.0
5675620.0
5867860.0
6039312.0
6189224.0
6317104.0
6422744.0
6506240.0
6567984.0
6608652.0
6629184.0
6630804.0
6614948.0
6583256.0
6537516.0
6479648.0
6411668.0
6335612.0
6253552.0
6167516.0
6079488.0
5991364.0
5904936.0
5821864.0
5743648.0
5671648.0
5607020.0
5550772.0
5503700.0
5466440.0
5439456.0
5423044.0
5417384.0
5422516.0
5438396.0
5464888.0
5501808.0
5548888.0
5605836.0
5672308.0
5747896.0
5832144.0
5924492.0
6024308.0
6130852.0
6243252.0
6360536.0
6481604.0
6605260.0
6730200.0
6855092.0
6978560.0
7099260.0
7215920.0
7327384.0
7432664.0
7530976.0
7621804.0
7704880.0
7780256.0
7848280.0
7909576.0
7965040.0
8015820.0
8063248.0
8108804.0
8154044.0
8200592.0
8249992.0
8303744.0
8363200.0
8429528.0
8503704.0
8586436.0
8678228.0
8779292.0
8889616.0
9008944.0
9136816.0
9272588.0
9415440.0
9564432.0
9718528.0
9876604.0
1.0037492E7
1.0200008E7
1.0362968E7
1.0525208E7
1.0685624E7
1.0843172E7
1.0996912E7
1.1146E7
1.1289724E7
1.1427488E7
1.1558864E7
1.1683552E7
1.1801408E7
1.1912412E7
1.2016708E7
1.2114524E7
1.2206212E7
1.2292196E7
1.2372976E7
1.2449092E7
1.2521116E7
1.2589616E7
1.2655136E7
1.2718208E7
1.277932E7
1.2838892E7
1.2897304E7
1.2954844E7
1.3011776E7
1.3068272E7
1.3124452E7
1.31804E7
1.3236148E7
1.329166E7
1.3346888E7
1.3401712E7
1.3455988E7
1.3509504E7
1.3562004E7
1.3613176E7
1.3662648E7
1.371E7
1.3754788E7
1.3796516E7
1.3834708E7
1.3868896E7
1.389864E7
1.3923616E7
1.3943564E7
1.3958368E7
1.3968068E7
1.3972876E7
1.3973164E7
1.3969504E7
1.3962636E7
1.3953448E7
1.3942996E7
1.3932408E7
1.3922908E7
1.391574E7
1.3912172E7
1.3913392E7
1.392054E7
1.3934636E7
1.3956584E7
1.3987112E7
1.4026788E7
1.4076028E7
1.4135068E7
1.4203964E7
1.4282632E7
1.4370836E7
1.4468208E7
1.457424E7
1.4688284E7
1.4809584E7
1.4937212E7
1.5070112E7
1.5207032E7
1.5346536E7
1.5487004E7
1.5626584E7
1.5763236E7
1.5894712E7
1.601862E7
1.6132436E7
1.6233584E7
1.631948E7
1.638764E7
1.6435728E7
1.6461684E7
1.6463748E7
1.6440592E7
1.6391332E7
1.63156E7
1.621356E7
1.6085916E7
1.5933896E7
1.5759208E7
1.5564012E7
1.535084E7
1.5122492E7
1.4881992E7
1.4632484E7
1.4377116E7
1.4118988E7
1.3861044E7
1.3606044E7
1.3356472E7
1.3114512E7
1.288206E7
1.2660652E7
1.2451536E7
1.225566E7
1.2073708E7
1.1906136E7
1.1753212E7
1.1615064E7
1.1491708E7
1.1383084E7
1.1289076E7
1.120956E7
1.1144372E7
1.1093348E7
1.1056288E7
1.1032952E7
1.1023056E7
1.1026208E7
1.1041912E7
1.1069508E7
1.1108176E7
1.1156892E7
1.1214408E7
1.1279304E7
1.1349932E7
1.1424508E7
1.1501076E7
1.1577644E7
1.1652164E7
1.172264E7
1.1787164E7
1.1843972E7
1.18915E7
1.1928408E7
1.1953592E7
1.1966244E7
1.196578E7
1.195188E7
1.192446E7
1.188362E7
1.1829636E7
1.1762908E7
1.1683956E7
1.1593356E7
1.1491716E7
1.1379696E7
1.1257932E7
1.1127032E7
1.0987616E7
1.0840216E7
1.0685368E7
1.0523544E7
1.03552E7
1.0180732E7
1.0000536E7
9814996.0
9624484.0
9429408.0
9230196.0
9027336.0
8821380.0
8612932.0
8402688.0
8191388.0
7979852.0
7768888.0
7559332.0
7351960.0
7147512.0
6946572.0
6749624.0
6556972.0
6368748.0
6184884.0
6005172.0
5829208.0
5656472.0
5486332.0
5318084.0
5150968.0
4984224.0
4817100.0
4648880.0
4478876.0
4306484.0
4131168.0
3952440.0
3769912.0
3583260.0
3392280.0
3196832.0
2996892.0
2792540.0
2583980.0
2371524.0
2155636.0
1936856.0
1715884.0
1493496.0
1270564.0
1048048.0
826940.0
608276.0
393108.0
182464.0
-22644.0
-221244.0
-412412.0
-595272.0
-769012.0
-932864.0
-1086096.0
-1228036.0
-1358024.0
-1475428.0
-1579612.0
-1669952.0
-1745824.0
-1806604.0
-1851640.0
-1880312.0
-1891996.0
-1886124.0
-1862128.0
-1819576.0
-1758068.0
-1677360.0
-1577364.0
-1458136.0
-1319952.0
-1163304.0
-988900.0
-797708.0
-590952.0
-370088.0
-136804.0
106984.0
359160.0
617484.0
879552.0
1142924.0
1405108.0
1663652.0
1916156.0
2160324.0
2394040.0
2615336.0
2822456.0
3013868.0
3188268.0
3344596.0
3482020.0
3599912.0
3697892.0
3775708.0
3833316.0
3870780.0
3888260.0
3885980.0
3864204.0
3823180.0
3763128.0
3684232.0
3586584.0
3470232.0
3335148.0
3181260.0
3008468.0
2816692.0
2605900.0
2376172.0
2127728.0
1860996.0
1576644.0
1275632.0
959216.0
628992.0
286876.0
-64892.0
-423784.0
-786984.0
-1151496.0
-1514124.0
-1871572.0
-2220484.0
-2557492.0
-2879288.0
-3182680.0
-3464604.0
-3722200.0
-3952856.0
-4154188.0
-4324164.0
-4461060.0
-4563508.0
-4630524.0
-4661536.0
-4656400.0
-4615380.0
-4539192.0
-4428972.0
-4286280.0
-4113052.0
-3911588.0
-3684508.0
-3434664.0
-3165148.0
-2879204.0
-2580152.0
-2271352.0
-1956164.0
-1637880.0
-1319672.0
-1004620.0
-695588.0
-395288.0
-106208.0
169360.0
429392.0
672060.0
895772.0
1099188.0
1281160.0
1440752.0
1577232.0
1690012.0
1778668.0
1842916.0
1882544.0
1897448.0
1887584.0
1852988.0
1793728.0
1709920.0
1601740.0
1469408.0
1313176.0
1133356.0
930328.0
704512.0
456432.0
186644.0
-104168.0
-415280.0
-745828.0
-1094868.0
-1461376.0
-1844184.0
-2242068.0
-2653692.0
-3077664.0
-3512544.0
-3956816.0
-4408968.0
-4867488.0
-5330876.0
-5797640.0
-6266320.0
-6735508.0
-7203796.0
-7669828.0
-8132228.0
-8589636.0
-9040664.0
-9483916.0
-9917928.0
-1.034124E7
-1.0752344E7
-1.1149696E7
-1.153176E7
-1.1897E7
-1.2243908E7
-1.2571056E7
-1.2877092E7
-1.3160792E7
-1.3421096E7
-1.3657164E7
-1.386836E7
-1.4054332E7
-1.421502E7
-1.4350668E7
-1.4461832E7
-1.4549396E7
-1.4614528E7
-1.465868E7
-1.4683524E7
-1.46909E7
-1.4682784E7
-1.4661216E7
-1.4628212E7
-1.4585728E7
-1.45356E7
-1.447948E7
-1.4418824E7
-1.4354832E7
-1.4288464E7
-1.422042E7
-1.4151156E7
-1.4080896E7
-1.400968E7
-1.393736E7
-1.3863676E7
-1.3788256E7
-1.3710684E7
-1.36305E7
-1.3547268E7
-1.3460548E7
-1.3369952E7
-1.3275112E7
-1.317572E7
-1.3071488E7
-1.296216E7
-1.284748E7
-1.2727168E7
-1.260092E7
-1.2468392E7
-1.2329168E7
-1.21828E7
-1.2028752E7
-1.186648E7
-1.1695408E7
-1.1514968E7
-1.1324632E7
-1.1123948E7
-1.0912564E7
-1.0690268E7
-1.0456992E7
-1.0212836E7
-9958072.0
-9693156.0
-9418712.0
-9135516.0
-8844512.0
-8546752.0
-8243436.0
-7935884.0
-7625516.0
-7313868.0
-7002576.0
-6693384.0
-6388124.0
-6088724.0
-5797176.0
-5515532.0
-5245880.0
-4990276.0
-4750740.0
-4529176.0
-4327352.0
-4146800.0
-3988792.0
-3854276.0
-3743792.0
-3657508.0
-3595104.0
-3555804.0
-3538364.0
-3541084.0
-3561840.0
-3598124.0
-3647124.0
-3705740.0
-3770760.0
-3838816.0
-3906604.0
-3970900.0
-4028652.0
-4077076.0
-4113736.0
-4136612.0
-4144124.0
-4135204.0
-4109300.0
-4066400.0
-4007016.0
-3932152.0
-3843292.0
-3742296.0
-3631392.0
-3513056.0
-3389928.0
-3264756.0
-3140264.0
-3019120.0
-2903812.0
-2796608.0
-2699520.0
-2614256.0
-2542212.0
-2484444.0
-2441720.0
-2414524.0
-2403088.0
-2407420.0
-2427356.0
-2462596.0
-2512728.0
-2577288.0
-2655732.0
-2747520.0
-2852092.0
-2968856.0
-3097264.0
-3236716.0
-3386608.0
-3546324.0
-3715168.0
-3892428.0
-4077280.0
-4268852.0
-4466168.0
-4668152.0
-4873668.0
-5081492.0
-5290344.0
-5498940.0
-5705976.0
-5910204.0
-6110428.0
-6305568.0
-6494668.0
-6676932.0
-6851740.0
-7018632.0
-7177336.0
-7327744.0
-7469872.0
-7603856.0
-7729880.0
-7848164.0
-7958896.0
-8062212.0
-8158140.0
-8246584.0
-8327296.0
-8399896.0
-8463852.0
-8518540.0
-8563228.0
-8597176.0
-8619668.0
-8630028.0
-8627704.0
-8612324.0
-8583696.0
-8541868.0
-8487100.0
-8419896.0
-8340984.0
-8251292.0
-8151912.0
-8044068.0
-7929064.0
-7808264.0
-7683024.0
-7554688.0
-7424524.0
-7293732.0
-7163412.0
-7034576.0
-6908116.0
-6784848.0
-6665500.0
-6550740.0
-6441180.0
-6337412.0
-6240028.0
-6149596.0
-6066712.0
-5992008.0
-5926132.0
-5869764.0
-5823632.0
-5788456.0
-5765012.0
-5754064.0
-5756388.0
-5772740.0
-5803872.0
-5850484.0
-5913224.0
-5992680.0
-6089348.0
-6203612.0
-6335732.0
-6485808.0
-6653788.0
-6839400.0
-7042168.0
-7261408.0
-7496176.0
-7745312.0
-8007388.0
-8280760.0
-8563560.0
-8853724.0
-9148988.0
-9446972.0
-9745168.0
-1.0041024E7
-1.0331952E7
-1.0615408E7
-1.0888928E7
-1.1150204E7
-1.1397092E7
-1.1627712E7
-1.1840448E7
-1.2033996E7
-1.2207404E7
-1.236006E7
-1.2491704E7
-1.2602416E7
-1.2692588E7
-1.2762892E7
-1.2814228E7
-1.284766E7
-1.2864392E7
-1.2865676E7
-1.2852748E7
-1.2826788E7
-1.2788856E7
-1.2739844E7
-1.2680424E7
-1.2611028E7
-1.253184E7
-1.2442752E7
-1.2343388E7
-1.2233088E7
-1.2110948E7
-1.1975796E7
-1.1826276E7
-1.1660836E7
-1.1477808E7
-1.1275392E7
-1.1051784E7
-1.080518E7
-1.0533832E7
-1.023614E7
-9910684.0
-9556300.0
-9172128.0
-8757692.0
-8312912.0
-7838176.0
-7334364.0
-6802836.0
-6245476.0
-5664656.0
-5063188.0
-4444316.0
-3811628.0
-3168960.0
-2520308.0
-1869776.0
-1221400.0
-579080.0
53484.0
672916.0
1276224.0
1860816.0
2424516.0
2965612.0
3482768.0
3975024.0
4441724.0
4882444.0
5296936.0
5685040.0
6046600.0
6381480.0
6689400.0
6970020.0
7222836.0
7447228.0
7642444.0
7807632.0
7941872.0
8044224.0
8113760.0
8149636.0
8151116.0
8117616.0
8048788.0
7944468.0
7804784.0
7630084.0
7421036.0
7178520.0
6903696.0
6597932.0
6262832.0
5900152.0
5511824.0
5099920.0
4666612.0
4214140.0
3744832.0
3261044.0
2765140.0
2259500.0
1746488.0
1228420.0
707576.0
186180.0
-333632.0
-849796.0
-1360336.0
-1863364.0
-2357100.0
-2839856.0
-3310064.0
-3766252.0
-4207072.0
-4631268.0
-5037740.0
-5425468.0
-5793616.0
-6141428.0
-6468328.0
-6773860.0
-7057704.0
-7319708.0
-7559836.0
-7778164.0
-7974908.0
-8150352.0
-8304892.0
-8438984.0
-8553140.0
-8647952.0
-8724056.0
-8782160.0
-8823056.0
-8847620.0
-8856844.0
-8851844.0
-8833896.0
-8804412.0
-8764976.0
-8717320.0
-8663308.0
-8604928.0
-8544252.0
-8483356.0
-8424348.0
-8369244.0
-8319976.0
-8278300.0
-8245800.0
-8223808.0
-8213424.0
-8215476.0
-8230496.0
-8258772.0
-8300328.0
-8354924.0
-8422124.0
-8501284.0
-8591596.0
-8692132.0
-8801836.0
-8919584.0
-9044200.0
-9174440.0
-9309080.0
-9446848.0
-9586484.0
-9726748.0
-9866404.0
-1.0004268E7
-1.0139184E7
-1.0270112E7
-1.0396068E7
-1.0516228E7
-1.0629916E7
-1.0736652E7
-1.0836176E7
-1.0928476E7
-1.1013792E7
-1.1092648E7
-1.1165808E7
-1.1234304E7
-1.129938E7
-1.1362436E7
-1.1425024E7
-1.1488748E7
-1.1555184E7
-1.1625848E7
-1.1702092E7
-1.178504E7
-1.1875532E7
-1.1974052E7
-1.20807E7
-1.2195164E7
-1.2316708E7
-1.2444164E7
-1.2575992E7
-1.2710276E7
-1.2844832E7
-1.2977224E7
-1.3104908E7
-1.322526E7
-1.3335704E7
-1.343378E7
-1.3517244E7
-1.3584116E7
-1.3632736E7
-1.3661848E7
-1.3670576E7
-1.3658448E7
-1.3625396E7
-1.357174E7
-1.3498124E7
-1.3405532E7
-1.3295168E7
-1.3168504E7
-1.3027168E7
-1.2872952E7
-1.270778E7
-1.2533668E7
-1.2352764E7
-1.2167284E7
-1.1979568E7
-1.1792016E7
-1.160712E7
-1.142746E7
-1.1255632E7
-1.1094272E7
-1.094596E7
-1.08132E7
-1.0698348E7
-1.0603568E7
-1.05307E7
-1.0481284E7
-1.0456428E7
-1.0456792E7
-1.0482532E7
-1.0533284E7
-1.0608152E7
-1.0705704E7
-1.082402E7
-1.0960704E7
-1.1112952E7
-1.1277624E7
-1.1451288E7
-1.1630372E7
-1.181118E7
-1.199004E7
-1.2163356E7
-1.232772E7
-1.2480012E7
-1.2617432E7
-1.2737584E7
-1.2838532E7
-1.2918824E7
-1.297752E7
-1.3014184E7
-1.3028892E7
-1.302216E7
-1.2994984E7
-1.294868E7
-1.288494E7
-1.280568E7
-1.2712996E7
-1.2609124E7
-1.2496312E7
-1.2376828E7
-1.2252824E7
-1.2126344E7
-1.1999232E7
-1.1873144E7
-1.174948E7
-1.162936E7
-1.1513672E7
-1.1403004E7
-1.129768E7
-1.119778E7
-1.1103148E7
-1.101346E7
-1.0928184E7
-1.0846708E7
-1.0768336E7
-1.0692336E7
-1.0618016E7
-1.0544724E7
-1.047196E7
-1.039934E7
-1.0326656E7
-1.0253916E7
-1.0181324E7
-1.0109304E7
-1.0038448E7
-9969532.0
-9903476.0
-9841256.0
-9783916.0
-9732476.0
-9687888.0
-9650992.0
-9622464.0
-9602764.0
-9592148.0
-9590628.0
-9597940.0
-9613604.0
-9636924.0
-9667004.0
-9702804.0
-9743176.0
-9786908.0
-9832776.0
-9879592.0
-9926208.0
-9971608.0
-1.0014856E7
-1.005518E7
-1.0091916E7
-1.0124556E7
-1.015268E7
-1.0176012E7
-1.0194336E7
-1.0207536E7
-1.0215528E7
-1.0218244E7
-1.0215644E7
-1.020768E7
-1.0194252E7
-1.017524E7
-1.0150484E7
-1.0119736E7
-1.0082704E7
-1.0039076E7
-9988456.0
-9930484.0
-9864792.0
-9791056.0
-9709056.0
-9618664.0
-9519924.0
-9413036.0
-9298384.0
-9176552.0
-9048304.0
-8914592.0
-8776484.0
-8635172.0
-8491888.0
-8347908.0
-8204448.0
-8062648.0
-7923552.0
-7788032.0
-7656800.0
-7530392.0
-7409156.0
-7293236.0
-7182664.0
-7077296.0
-6976908.0
-6881172.0
-6789728.0
-6702176.0
-6618116.0
-6537156.0
-6458928.0
-6383088.0
-6309324.0
-6237364.0
-6166956.0
-6097880.0
-6029952.0
-5963000.0
-5896904.0
-5831552.0
-5766860.0
-5702788.0
-5639300.0
-5576388.0
-5514084.0
-5452400.0
-5391384.0
-5331084.0
-5271520.0
-5212716.0
-5154656.0
-5097244.0
-5040356.0
-4983736.0
-4927008.0
-4869652.0
-4810988.0
-4750148.0
-4686052.0
-4617432.0
-4542832.0
-4460596.0
-4368956.0
-4266008.0
-4149828.0
-4018472.0
-3870104.0
-3703044.0
-3515844.0
-3307360.0
-3076828.0
-2823936.0
-2548824.0
-2252168.0
-1935132.0
-1599404.0
-1247132.0
-880900.0
-503672.0
-118676.0
270648.0
660752.0
1048068.0
1429100.0
1800528.0
2159252.0
2502488.0
2827828.0
3133260.0
3417216.0
3678576.0
3916684.0
4131352.0
4322828.0
4491788.0
4639268.0
4766656.0
4875648.0
4968156.0
5046300.0
5112296.0
5168444.0
5217056.0
5260392.0
5300604.0
5339752.0
5379676.0
5422060.0
5468340.0
5519732.0
5577200.0
5641508.0
5713148.0
5792432.0
5879460.0
5974172.0
6076348.0
6185624.0
6301536.0
6423544.0
6551008.0
6683204.0
6819376.0
6958696.0
7100264.0
7243120.0
7386260.0
7528584.0
7668940.0
7806116.0
7938844.0
8065804.0
8185644.0
8296996.0
8398500.0
8488804.0
8566588.0
8630604.0
8679668.0
8712736.0
8728840.0
8727188.0
8707172.0
8668372.0
8610580.0
8533844.0
8438464.0
8324984.0
8194224.0
8047252.0
7885348.0
7710016.0
7522908.0
7325820.0
7120600.0
6909152.0
6693328.0
6474912.0
6255576.0
6036808.0
5819904.0
5605924.0
5395656.0
5189632.0
4988104.0
4791060.0
4598244.0
4409164.0
4223160.0
4039412.0
3856996.0
3674952.0
3492296.0
3308084.0
3121460.0
2931676.0
2738132.0
2540404.0
2338252.0
2131664.0
1920796.0
1706044.0
1488024.0
1267520.0
1045516.0
823164.0
601764.0
382732.0
167620.0
-41984.0
-244424.0
-438020.0
-621116.0
-792092.0
-949416.0
-1091660.0
-1217560.0
-1326040.0
-1416252.0
-1487568.0
-1539672.0
-1572516.0
-1586340.0
-1581672.0
-1559332.0
-1520384.0
-1466108.0
-1397988.0
-1317656.0
-1226860.0
-1127428.0
-1021240.0
-910188.0
-796160.0
-681012.0
-566548.0
-454516.0
-346556.0
-244228.0
-148948.0
-62008.0
15464.0
82540.0
138452.0
182652.0
214816.0
234820.0
242752.0
238868.0
223604.0
197528.0
161300.0
115620.0
61220.0
-1212.0
-71064.0
-147816.0
-231080.0
-320632.0
-416384.0
-518436.0
-627024.0
-742544.0
-865476.0
-996432.0
-1136056.0
-1285032.0
-1444040.0
-1613688.0
-1794536.0
-1987000.0
-2191372.0
-2407764.0
-2636124.0
-2876192.0
-3127524.0
-3389496.0
-3661312.0
-3942048.0
-4230648.0
-4525968.0
-4826828.0
-5131996.0
-5440252.0
-5750392.0
-6061252.0
-6371700.0
-6680672.0
-6987160.0
-7290200.0
-7588920.0
-7882508.0
-8170220.0
-8451424.0
-8725592.0
-8992348.0
-9251476.0
-9502944.0
-9746952.0
-9983932.0
-1.0214556E7
-1.0439764E7
-1.0660732E7
-1.0878864E7
-1.1095736E7
-1.1313096E7
-1.1532744E7
-1.1756532E7
-1.1986248E7
-1.2223584E7
-1.2470068E7
-1.2726996E7
-1.29954E7
-1.3276032E7
-1.3569316E7
-1.3875388E7
-1.4194084E7
-1.4524952E7
-1.4867316E7
-1.5220252E7
-1.5582696E7
-1.5953388E7
-1.633098E7
-1.6713988E7
-1.710084E7
-1.748988E7
-1.7879352E7
-1.8267416E7
-1.8652132E7
-1.9031436E7
-1.9403188E7
-1.9765116E7
-2.0114888E7
-2.0450056E7
-2.0768112E7
-2.1066552E7
-2.1342828E7
-2.1594464E7
-2.1819068E7
-2.2014404E7
-2.2178396E7
-2.230922E7
-2.2405344E7
-2.2465564E7
-2.2488996E7
-2.2475176E7
-2.2423988E7
-2.2335704E7
-2.221098E7
-2.20508E7
-2.1856452E7
-2.1629512E7
-2.1371792E7
-2.1085268E7
-2.07721E7
-2.0434536E7
-2.0074928E7
-1.9695712E7
-1.9299368E7
-1.8888432E7
-1.8465496E7
-1.8033216E7
-1.7594288E7
-1.7151484E7
-1.6707592E7
-1.6265448E7
-1.582788E7
-1.5397684E7
-1.4977584E7
-1.4570212E7
-1.4178012E7
-1.380326E7
-1.3447972E7
-1.3113916E7
-1.2802548E7
-1.2515024E7
-1.2252196E7
-1.2014568E7
-1.1802356E7
-1.1615464E7
-1.1453512E7
-1.1315896E7
-1.1201744E7
-1.111002E7
-1.103952E7
-1.0988924E7
-1.0956808E7
-1.0941724E7
-1.094218E7
-1.0956724E7
-1.09839E7
-1.1022332E7
-1.1070688E7
-1.112768E7
-1.1192068E7
-1.1262668E7
-1.1338296E7
-1.141778E7
-1.1499956E7
-1.158362E7
-1.166758E7
-1.1750652E7
-1.1831636E7
-1.1909404E7
-1.1982896E7
-1.2051192E7
-1.2113516E7
-1.2169308E7
-1.2218224E7
-1.2260212E7
-1.22955E7
-1.2324604E7
-1.2348344E7
-1.2367832E7
-1.2384424E7
-1.2399716E7
-1.2415488E7
-1.2433664E7
-1.245628E7
-1.2485392E7
-1.2523048E7
-1.2571228E7
-1.2631808E7
-1.2706468E7
-1.2796696E7
-1.2903696E7
-1.3028384E7
-1.3171344E7
-1.3332788E7
-1.3512548E7
-1.3710072E7
-1.3924376E7
-1.4154096E7
-1.4397448E7
-1.4652276E7
-1.4916064E7
-1.5185968E7
-1.545884E7
-1.5731304E7
-1.5999752E7
-1.6260452E7
-1.6509572E7
-1.6743228E7
-1.6957572E7
-1.7148824E7
-1.7313336E7
-1.7447656E7
-1.7548608E7
-1.7613284E7
-1.7639156E7
-1.7624128E7
-1.7566496E7
-1.746508E7
-1.7319184E7
-1.712862E7
-1.6893704E7
-1.6615252E7
-1.6294532E7
-1.5933244E7
-1.5533468E7
-1.509762E7
-1.4628376E7
-1.4128636E7
-1.3601496E7
-1.3050112E7
-1.2477752E7
-1.1887668E7
-1.1283144E7
-1.0667376E7
-1.0043504E7
-9414512.0
-8783264.0
-8152412.0
-7524404.0
-6901408.0
-6285284.0
-5677548.0
-5079356.0
-4491460.0
-3914232.0
-3347596.0
-2791148.0
-2244112.0
-1705412.0
-1173752.0
-647660.0
-125592.0
394004.0
912600.0
1431548.0
1951980.0
2474768.0
3000516.0
3529536.0
4061832.0
4597108.0
5134820.0
5674180.0
6214200.0
6753748.0
7291548.0
7826272.0
8356536.0
8880920.0
9398008.0
9906392.0
1.0404668E7
1.089146E7
1.1365388E7
1.1825112E7
1.226926E7
1.2696508E7
1.3105552E7
1.3495088E7
1.386388E7
1.4210724E7
1.4534492E7
1.4834128E7
1.5108652E7
1.535718E7
1.5578936E7
1.5773216E7
1.5939412E7
1.6077012E7
1.6185576E7
1.6264744E7
1.6314248E7
1.6333876E7
1.6323544E7
1.6283244E7
1.621314E7
1.6113512E7
1.598486E7
1.5827876E7
1.56435E7
1.543292E7
1.5197604E7
1.4939284E7
1.4659936E7
1.4361752E7
1.4047108E7
1.37185E7
1.3378484E7
1.3029584E7
1.2674248E7
1.2314764E7
1.19532E7
1.1591336E7
1.1230672E7
1.0872372E7
1.0517284E7
1.016594E7
9818632.0
9475396.0
9136108.0
8800532.0
8468376.0
8139360.0
7813264.0
7489944.0
7169424.0
6851860.0
6537584.0
6227084.0
5921028.0
5620184.0
5325432.0
5037720.0
4758028.0
4487304.0
4226416.0
3976144.0
3737112.0
3509784.0
3294396.0
3090980.0
2899364.0
2719148.0
2549764.0
2390476.0
2240448.0
2098768.0
1964552.0
1836960.0
1715300.0
1599044.0
1487920.0
1381924.0
1281396.0
1186960.0
1099552.0
1020408.0
950964.0
892848.0
847792.0
817520.0
803712.0
807932.0
831508.0
875532.0
940796.0
1027752.0
1136540.0
1266920.0
1418352.0
1589968.0
1780636.0
1988944.0
2213288.0
2451864.0
2702744.0
2963884.0
3233172.0
3508492.0
3787716.0
4068772.0
4349684.0
4628560.0
4903684.0
5173452.0
5436468.0
5691480.0
5937412.0
6173368.0
6398572.0
6612380.0
6814260.0
7003772.0
7180524.0
7344180.0
7494448.0
7631060.0
7753772.0
7862368.0
7956672.0
8036556.0
8101928.0
8152772.0
8189132.0
8211152.0
8219064.0
8213180.0
8193920.0
8161800.0
8117420.0
8061460.0
7994660.0
7917860.0
7831908.0
7737716.0
7636224.0
7528396.0
7415212.0
7297664.0
7176756.0
7053500.0
6928932.0
6804096.0
6680012.0
6557732.0
6438292.0
6322712.0
6211968.0
6107012.0
6008700.0
5917824.0
5835044.0
5760904.0
5695800.0
5639940.0
5593356.0
5555908.0
5527228.0
5506744.0
5493716.0
5487180.0
5486012.0
5488936.0
5494516.0
5501212.0
5507400.0
5511404.0
5511536.0
5506084.0
5493432.0
5472032.0
5440456.0
5397432.0
5341884.0
5272940.0
5189980.0
5092612.0
4980736.0
4854508.0
4714360.0
4560980.0
4395320.0
4218528.0
4032000.0
3837280.0
3636048.0
3430112.0
3221320.0
3011544.0
2802644.0
2596396.0
2394504.0
2198512.0
2009824.0
1829648.0
1659020.0
1498744.0
1349468.0
1211628.0
1085476.0
971128.0
868544.0
777548.0
697844.0
629060.0
570668.0
522072.0
482532.0
451188.0
427024.0
408884.0
395404.0
385064.0
376160.0
366772.0
354868.0
338240.0
314616.0
281636.0
236980.0
178360.0
103620.0
10776.0
-101932.0
-235976.0
-392548.0
-572476.0
-776260.0
-1004036.0
-1255620.0
-1530472.0
-1827784.0
-2146444.0
-2485104.0
-2842212.0
-3216020.0
-3604640.0
-4006060.0
-4418164.0
-4838772.0
-5265656.0
-5696540.0
-6129124.0
-6561112.0
-6990200.0
-7414068.0
-7830424.0
-8236980.0
-8631468.0
-9011644.0
-9375288.0
-9720256.0
-1.0044452E7
-1.0345872E7
-1.0622652E7
-1.0873056E7
-1.1095548E7
-1.1288796E7
-1.1451696E7
-1.1583432E7
-1.1683452E7
-1.1751488E7
-1.178758E7
-1.1792052E7
-1.1765504E7
-1.1708808E7
-1.1623088E7
-1.150966E7
-1.1370064E7
-1.1205988E7
-1.101926E7
-1.0811808E7
-1.058566E7
-1.0342876E7
-1.0085512E7
-9815624.0
-9535216.0
-9246176.0
-8950312.0
-8649260.0
-8344492.0
-8037272.0
-7728676.0
-7419540.0
-7110516.0
-6802048.0
-6494400.0
-6187724.0
-5882060.0
-5577396.0
-5273760.0
-4971220.0
-4670004.0
-4370480.0
-4073244.0
-3779152.0
-3489288.0
-3204992.0
-2927848.0
-2659616.0
-2402216.0
-2157624.0
-1927880.0
-1714916.0
-1520596.0
-1346584.0
-1194312.0
-1064952.0
-959372.0
-878092.0
-821288.0
-788796.0
-780108.0
-794360.0
-830388.0
-886704.0
-961588.0
-1053056.0
-1158944.0
-1276976.0
-1404748.0
-1539876.0
-1679940.0
-1822660.0
-1965860.0
-2107568.0
-2246020.0
-2379728.0
-2507484.0
-2628360.0
-2741760.0
-2847360.0
-2945112.0
-3035232.0
-3118136.0
-3194440.0
-3264872.0
-3330252.0
-3391444.0
-3449324.0
-3504688.0
-3558276.0
-3610680.0
-3662360.0
-3713608.0
-3764544.0
-3815112.0
-3865088.0
-3914104.0
-3961696.0
-4007284.0
-4050296.0
-4090152.0
-4126316.0
-4158332.0
-4185900.0
-4208840.0
-4227140.0
-4240940.0
-4250548.0
-4256408.0
-4259100.0
-4259276.0
-4257664.0
-4255040.0
-4252196.0
-4249908.0
-4248960.0
-4250088.0
-4253996.0
-4261388.0
-4272908.0
-4289224.0
-4310960.0
-4338764.0
-4373280.0
-4415164.0
-4465076.0
-4523700.0
-4591696.0
-4669716.0
-4758404.0
-4858352.0
-4970088.0
-5094080.0
-5230720.0
-5380276.0
-5542920.0
-5718704.0
-5907528.0
-6109184.0
-6323304.0
-6549412.0
-6786912.0
-7035096.0
-7293180.0
-7560320.0
-7835628.0
-8118220.0
-8407220.0
-8701772.0
-9001104.0
-9304472.0
-9611212.0
-9920724.0
-1.0232448E7
-1.054586E7
-1.0860428E7
-1.1175592E7
-1.1490732E7
-1.1805132E7
-1.2117956E7
-1.2428204E7
-1.2734736E7
-1.3036212E7
-1.3331124E7
-1.3617812E7
-1.3894448E7
-1.4159096E7
-1.4409696E7
-1.4644184E7
-1.4860452E7
-1.5056444E7
-1.5230232E7
-1.538002E7
-1.5504244E7
-1.5601592E7
-1.5671104E7
-1.5712148E7
-1.572454E7
-1.5708484E7
-1.5664624E7
-1.5594012E7
-1.5498108E7
-1.5378724E7
-1.5237948E7
-1.5078084E7
-1.4901572E7
-1.4710884E7
-1.4508428E7
-1.4296472E7
-1.4077036E7
-1.3851848E7
-1.3622256E7
-1.3389252E7
-1.3153372E7
-1.29148E7
-1.267338E7
-1.2428636E7
-1.2179912E7
-1.1926412E7
-1.1667332E7
-1.140198E7
-1.1129816E7
-1.0850612E7
-1.0564504E7
-1.0272068E7
-9974364.0
-9672944.0
-9369892.0
-9067768.0
-8769580.0
-8478712.0
-8198856.0
-7933880.0
-7687768.0
-7464468.0
-7267784.0
-7101260.0
-6968084.0
-6870980.0
-6812148.0
-6793184.0
-6815048.0
-6878056.0
-6981872.0
-7125508.0
-7307428.0
-7525524.0
-7777244.0
-8059652.0
-8369508.0
-8703372.0
-9057680.0
-9428828.0
-9813276.0
-1.0207588E7
-1.0608504E7
-1.101302E7
-1.1418348E7
-1.1822036E7
-1.2221892E7
-1.261604E7
-1.3002876E7
-1.3381068E7
-1.3749496E7
-1.410722E7
-1.4453468E7
-1.478752E7
-1.5108752E7
-1.5416504E7
-1.5710112E7
-1.598884E7
-1.6251864E7
-1.6498276E7
-1.6727076E7
-1.6937196E7
-1.7127492E7
-1.7296828E7
-1.744406E7
-1.756812E7
-1.7668032E7
-1.7742972E7
-1.7792284E7
-1.7815528E7
-1.7812504E7
-1.7783256E7
-1.7728096E7
-1.7647576E7
-1.754252E7
-1.7413988E7
-1.7263264E7
-1.709182E7
-1.6901328E7
-1.6693584E7
-1.6470516E7
-1.6234128E7
-1.5986488E7
-1.5729656E7
-1.5465688E7
-1.5196584E7
-1.4924252E7
-1.4650484E7
-1.4376924E7
-1.410504E7
-1.3836132E7
-1.3571288E7
-1.3311396E7
-1.3057148E7
-1.2809024E7
-1.2567336E7
-1.2332244E7
-1.2103736E7
-1.1881708E7
-1.1665972E7
-1.1456276E7
-1.1252348E7
-1.1053912E7
-1.0860744E7
-1.0672652E7
-1.0489544E7
-1.0311408E7
-1.013832E7
-9970472.0
-9808136.0
-9651648.0
-9501428.0
-9357900.0
-9221484.0
-9092572.0
-8971456.0
-8858316.0
-8753220.0
-8656020.0
-8566404.0
-8483852.0
-8407648.0
-8336896.0
-8270520.0
-8207324.0
-8145988.0
-8085140.0
-8023392.0
-7959376.0
-7891772.0
-7819384.0
-7741120.0
-7656064.0
-7563456.0
-7462732.0
-7353488.0
-7235536.0
-7108840.0
-6973540.0
-6829924.0
-6678432.0
-6519620.0
-6354188.0
-6182932.0
-6006772.0
-5826712.0
-5643876.0
-5459464.0
-5274800.0
-5091240.0
-4910272.0
-4733408.0
-4562240.0
-4398408.0
-4243544.0
-4099328.0
-3967416.0
-3849468.0
-3747088.0
-3661864.0
-3595296.0
-3548836.0
-3523820.0
-3521492.0
-3542960.0
-3589144.0
-3660780.0
-3758340.0
-3882004.0
-4031624.0
-4206668.0
-4406164.0
-4628700.0
-4872376.0
-5134852.0
-5413280.0
-5704412.0
-6004608.0
-6309928.0
-6616196.0
-6919100.0
-7214284.0
-7497452.0
-7764464.0
-8011444.0
-8234832.0
-8431464.0
-8598628.0
-8734104.0
-8836160.0
-8903584.0
-8935664.0
-8932164.0
-8893292.0
-8819680.0
-8712328.0
-8572576.0
-8402024.0
-8202552.0
-7976216.0
-7725240.0
-7451944.0
-7158736.0
-6848060.0
-6522328.0
-6183932.0
-5835156.0
-5478180.0
-5115060.0
-4747676.0
-4377776.0
-4006944.0
-3636628.0
-3268156.0
-2902788.0
-2541732.0
-2186148.0
-1837252.0
-1496280.0
-1164540.0
-843420.0
-534360.0
-238872.0
41492.0
305180.0
550644.0
776400.0
981036.0
1163268.0
1321924.0
1456004.0
1564636.0
1647152.0
1703000.0
1731828.0
1733404.0
1707672.0
1654708.0
1574752.0
1468176.0
1335524.0
1177512.0
995028.0
789164.0
561200.0
312656.0
45248.0
-239080.0
-538196.0
-849784.0
-1171364.0
-1500360.0
-1834116.0
-2169940.0
-2505188.0
-2837276.0
-3163728.0
-3482244.0
-3790688.0
-4087148.0
-4369936.0
-4637588.0
-4888892.0
-5122900.0
-5338864.0
-5536308.0
-5715020.0
-5875012.0
-6016576.0
-6140292.0
-6247000.0
-6337872.0
-6414368.0
-6478280.0
-6531684.0
-6576964.0
-6616780.0
-6653988.0
-6691644.0
-6732924.0
-6781036.0
-6839168.0
-6910428.0
-6997716.0
-7103696.0
-7230740.0
-7380828.0
-7555544.0
-7756000.0
-7982860.0
-8236272.0
-8515908.0
-8820920.0
-9150016.0
-9501424.0
-9872948.0
-1.0261988E7
-1.06656E7
-1.1080516E7
-1.1503232E7
-1.1930032E7
-1.235706E7
-1.2780424E7
-1.3196216E7
-1.3600612E7
-1.3989936E7
-1.4360724E7
-1.4709776E7
-1.5034208E7
-1.53315E7
-1.5599492E7
-1.5836428E7
-1.6040908E7
-1.621194E7
-1.6348836E7
-1.6451256E7
-1.6519132E7
-1.6552636E7
-1.655218E7
-1.6518356E7
-1.645194E7
-1.6353868E7
-1.6225248E7
-1.6067308E7
-1.5881456E7
-1.5669232E7
-1.5432332E7
-1.5172556E7
-1.489186E7
-1.459228E7
-1.4275948E7
-1.3945016E7
-1.3601704E7
-1.3248176E7
-1.2886588E7
-1.2519008E7
-1.2147412E7
-1.177366E7
-1.1399444E7
-1.10263E7
-1.0655572E7
-1.0288404E7
-9925704.0
-9568176.0
-9216284.0
-8870272.0
-8530172.0
-8195844.0
-7866960.0
-7543080.0
-7223704.0
-6908260.0
-6596212.0
-6287048.0
-5980400.0
-5675968.0
-5373676.0
-5073568.0
-4775928.0
-4481164.0
-4189908.0
-3902924.0
-3621088.0
-3345368.0
-3076784.0
-2816352.0
-2565048.0
-2323780.0
-2093328.0
-1874332.0
-1667236.0
-1472280.0
-1289492.0
-1118632.0
-959212.0
-810488.0
-671440.0
-540788.0
-417020.0
-298368.0
-182912.0
-68524.0
46992.0
165948.0
290612.0
423260.0
566012.0
720864.0
889600.0
1073744.0
1274560.0
1492984.0
1729616.0
1984748.0
2258292.0
2549844.0
2858656.0
3183664.0
3523532.0
3876604.0
4241040.0
4614764.0
4995560.0
5381092.0
5768952.0
6156720.0
6542004.0
6922496.0
7296012.0
7660536.0
8014240.0
8355540.0
8683076.0
8995748.0
9292696.0
9573304.0
9837128.0
1.0083932E7
1.0313608E7
1.0526124E7
1.0721532E7
1.0899872E7
1.1061172E7
1.1205396E7
1.1332456E7
1.1442176E7
1.153432E7
1.1608584E7
1.1664644E7
1.1702188E7
1.1720916E7
1.1720632E7
1.1701256E7
1.1662848E7
1.1605668E7
1.1530152E7
1.1436984E7
1.1327048E7
1.1201452E7
1.1061488E7
1.0908648E7
1.074456E7
1.0571004E7
1.03898E7
1.0202896E7
1.0012208E7
9819672.0
9627200.0
9436644.0
9249768.0
9068252.0
8893672.0
8727460.0
8570940.0
8425264.0
8291432.0
8170264.0
8062364.0
7968164.0
7887828.0
7821292.0
7768252.0
7728128.0
7700092.0
7683092.0
7675824.0
7676828.0
7684444.0
7696916.0
7712420.0
7729068.0
7745020.0
7758480.0
7767744.0
7771260.0
7767600.0
7755520.0
7733968.0
7702052.0
7659068.0
7604468.0
7537860.0
7459000.0
7367736.0
7264044.0
7147976.0
7019672.0
6879352.0
6727296.0
6563836.0
6389396.0
6204436.0
6009468.0
5805064.0
5591840.0
5370428.0
5141480.0
4905668.0
4663620.0
4415964.0
4163252.0
3906016.0
3644676.0
3379608.0
3111080.0
2839288.0
2564344.0
2286284.0
2005076.0
1720628.0
1432804.0
1141440.0
846332.0
547244.0
243968.0
-63780.0
-376260.0
-693780.0
-1016652.0
-1345228.0
-1679896.0
-2021032.0
-2369092.0
-2724488.0
-3087640.0
-3458928.0
-3838660.0
-4227024.0
-4624064.0
-5029636.0
-5443352.0
-5864568.0
-6292344.0
-6725424.0
-7162240.0
-7600916.0
-8039292.0
-8474948.0
-8905260.0
-9327436.0
-9738612.0
-1.01359E7
-1.0516432E7
-1.0877488E7
-1.1216516E7
-1.1531212E7
-1.1819568E7
-1.2079924E7
-1.2310976E7
-1.2511848E7
-1.2682076E7
-1.2821596E7
-1.2930764E7
-1.3010328E7
-1.306142E7
-1.3085476E7
-1.3084248E7
-1.3059712E7
-1.3014028E7
-1.294948E7
-1.2868392E7
-1.2773084E7
-1.2665776E7
-1.2548548E7
-1.2423268E7
-1.229154E7
-1.2154684E7
-1.2013704E7
-1.1869284E7
-1.1721816E7
-1.1571392E7
-1.1417904E7
-1.126106E7
-1.1100444E7
-1.0935616E7
-1.076616E7
-1.0591724E7
-1.0412108E7
-1.0227272E7
-1.0037376E7
-9842776.0
-9643992.0
-9441736.0
-9236808.0
-9030132.0
-8822636.0
-8615260.0
-8408900.0
-8204376.0
-8002456.0
-7803820.0
-7609080.0
-7418824.0
-7233632.0
-7054148.0
-6881084.0
-6715264.0
-6557660.0
-6409416.0
-6271804.0
-6146264.0
-6034288.0
-5937440.0
-5857252.0
-5795140.0
-5752356.0
-5729864.0
-5728332.0
-5747992.0
-5788648.0
-5849620.0
-5929744.0
-6027372.0
-6140428.0
-6266436.0
-6402600.0
-6545888.0
-6693156.0
-6841208.0
-6986944.0
-7127440.0
-7260056.0
-7382552.0
-7493120.0
-7590480.0
-7673900.0
-7743244.0
-7798932.0
-7841956.0
-7873848.0
-7896572.0
-7912484.0
-7924268.0
-7934812.0
-7947100.0
-7964172.0
-7988960.0
-8024296.0
-8072748.0
-8136624.0
-8217896.0
-8318172.0
-8438688.0
-8580268.0
-8743356.0
-8928004.0
-9133904.0
-9360388.0
-9606456.0
-9870840.0
-1.0152E7
-1.0448204E7
-1.0757544E7
-1.107802E7
-1.1407568E7
-1.1744136E7
-1.2085716E7
-1.2430436E7
-1.2776576E7
-1.31226E7
-1.346724E7
-1.3809448E7
-1.414846E7
-1.448376E7
-1.4815084E7
-1.514238E7
-1.54658E7
-1.5785656E7
-1.6102356E7
-1.6416416E7
-1.6728392E7
-1.7038872E7
-1.7348416E7
-1.7657612E7
-1.7967E7
-1.8277136E7
-1.8588548E7
-1.8901776E7
-1.92174E7
-1.9536028E7
-1.9858336E7
-2.0185072E7
-2.0517028E7
-2.0855084E7
-2.1200168E7
-2.155322E7
-2.1915204E7
-2.2287012E7
-2.266946E7
-2.3063208E7
-2.3468756E7
-2.388634E7
-2.4315968E7
-2.4757304E7
-2.5209736E7
-2.5672344E7
-2.6143872E7
-2.662282E7
-2.7107424E7
-2.7595748E7
-2.8085672E7
-2.8575012E7
-2.9061512E7
-2.9542976E7
-3.0017232E7
-3.048226E7
-3.0936192E7
-3.137736E7
-3.1804364E7
-3.2216068E7
-3.2611628E7
-3.2990544E7
-3.3352644E7
-3.36981E7
-3.4027452E7
-3.4341552E7
-3.464158E7
-3.4929028E7
-3.5205596E7
-3.5473236E7
-3.5734008E7
-3.5990052E7
-3.6243552E7
-3.6496564E7
-3.6751044E7
-3.7008692E7
-3.7270956E7
-3.7538912E7
-3.7813248E7
-3.80942E7
-3.8381548E7
-3.8674584E7
-3.8972104E7
-3.9272432E7
-3.95734E7
-3.9872424E7
-4.0166492E7
-4.045222E7
-4.0725932E7
-4.0983684E7
-4.1221344E7
-4.1434676E7
-4.1619392E7
-4.1771268E7
-4.18862E7
-4.196032E7
-4.1990024E7
-4.197212E7
-4.1903852E7
-4.178296E7
-4.1607736E7
-4.1377116E7
-4.1090608E7
-4.0748388E7
-4.03513E7
-3.9900768E7
-3.9398908E7
-3.884836E7
-3.8252364E7
-3.761462E7
-3.6939296E7
-3.623094E7
-3.5494392E7
-3.4734716E7
-3.3957124E7
-3.3166876E7
-3.2369172E7
-3.1569064E7
-3.0771384E7
-2.9980596E7
-2.920074E7
-2.8435376E7
-2.7687492E7
-2.6959452E7
-2.6253E7
-2.5569232E7
-2.4908628E7
-2.4271092E7
-2.3655992E7
-2.3062268E7
-2.2488456E7
-2.193288E7
-2.139366E7
-2.0868856E7
-2.0356556E7
-1.9854972E7
-1.9362472E7
-1.88777E7
-1.8399556E7
-1.792726E7
-1.7460332E7
-1.6998608E7
-1.6542208E7
-1.6091476E7
-1.5646988E7
-1.5209456E7
-1.4779716E7
-1.4358672E7
-1.3947248E7
-1.3546364E7
-1.3156888E7
-1.2779644E7
-1.2415368E7
-1.2064712E7
-1.172824E7
-1.1406412E7
-1.109958E7
-1.0808004E7
-1.0531824E7
-1.0271064E7
-1.00256E7
-9795188.0
-9579424.0
-9377748.0
-9189428.0
-9013592.0
-8849192.0
-8695056.0
-8549908.0
-8412372.0
-8281048.0
-8154536.0
-8031504.0
-7910716.0
-7791084.0
-7671752.0
-7552068.0
-7431648.0
-7310384.0
-7188448.0
-7066248.0
-6944428.0
-6823812.0
-6705368.0
-6590152.0
-6479200.0
-6373556.0
-6274168.0
-6181868.0
-6097340.0
-6021108.0
-5953540.0
-5894856.0
-5845160.0
-5804456.0
-5772692.0
-5749788.0
-5735636.0
-5730168.0
-5733288.0
-5744956.0
-5765088.0
-5793604.0
-5830328.0
-5875036.0
-5927348.0
-5986736.0
-6052496.0
-6123760.0
-6199436.0
-6278252.0
-6358800.0
-6439492.0
-6518672.0
-6594628.0
-6665636.0
-6730036.0
-6786264.0
-6832908.0
-6868768.0
-6892896.0
-6904580.0
-6903420.0
-6889324.0
-6862484.0
-6823404.0
-6772860.0
-6711880.0
-6641716.0
-6563792.0
-6479676.0
-6391024.0
-6299504.0
-6206788.0
-6114428.0
-6023880.0
-5936372.0
-5852928.0
-5774268.0
-5700804.0
-5632644.0
-5569524.0
-5510872.0
-5455796.0
-5403116.0
-5351400.0
-5299060.0
-5244328.0
-5185404.0
-5120460.0
-5047736.0
-4965604.0
-4872604.0
-4767516.0
-4649368.0
-4517492.0
-4371544.0
-4211492.0
-4037620.0
-3850532.0
-3651140.0
-3440580.0
-3220260.0
-2991772.0
-2756840.0
-2517344.0
-2275168.0
-2032252.0
-1790500.0
-1551712.0
-1317600.0
-1089716.0
-869416.0
-657856.0
-455952.0
-264336.0
-83388.0
86784.0
246408.0
395952.0
536184.0
668132.0
793088.0
912536.0
1028176.0
1141828.0
1255420.0
1370924.0
1490324.0
1615528.0
1748356.0
1890452.0
2043296.0
2208104.0
2385844.0
2577212.0
2782584.0
3002044.0
3235356.0
3481996.0
3741140.0
4011696.0
4292336.0
4581528.0
4877536.0
5178560.0
5482668.0
5787940.0
6092496.0
6394520.0
6692336.0
6984456.0
7269584.0
7546664.0
7814880.0
8073632.0
8322580.0
8561560.0
8790568.0
9009724.0
9219236.0
9419312.0
9610128.0
9791788.0
9964284.0
1.0127456E7
1.0280976E7
1.0424336E7
1.0556872E7
1.0677756E7
1.078606E7
1.088076E7
1.0960812E7
1.1025192E7
1.1072948E7
1.1103264E7
1.1115484E7
1.1109188E7
1.1084208E7
1.1040628E7
1.0978856E7
1.0899584E7
1.0803804E7
1.0692776E7
1.0568048E7
1.0431372E7
1.0284736E7
1.0130284E7
9970332.0
9807284.0
9643660.0
9482036.0
9325036.0
9175324.0
9035564.0
8908440.0
8796624.0
8702760.0
8629436.0
8579200.0
8554504.0
8557636.0
8590760.0
8655808.0
8754448.0
8888056.0
9057636.0
9263836.0
9506800.0
9786252.0
1.0101408E7
1.0450976E7
1.0833168E7
1.1245688E7
1.16858E7
1.2150316E7
1.2635692E7
1.3138052E7
1.3653284E7
1.4177116E7
1.4705156E7
1.5233036E7
1.5756464E7
1.6271272E7
1.6773568E7
1.7259752E7
1.77266E7
1.8171332E7
1.859164E7
1.8985748E7
1.9352432E7
1.9691004E7
2.0001352E7
2.0283864E7
2.053942E7
2.0769332E7
2.097524E7
2.115908E7
2.1322928E7
2.1468944E7
2.1599272E7
2.1715912E7
2.1820676E7
2.19151E7
2.2000392E7
2.2077408E7
2.2146636E7
2.2208212E7
2.2261928E7
2.2307304E7
2.234362E7
2.2369992E7
2.2385412E7
2.2388868E7
2.2379356E7
2.235596E7
2.2317868E7
2.2264456E7
2.219526E7
2.2110024E7
2.200866E7
2.1891276E7
2.175816E7
2.1609716E7
2.1446476E7
2.1269068E7
2.1078176E7
2.0874536E7
2.0658912E7
2.0432024E7
2.019464E7
1.9947492E7
1.9691272E7
1.9426692E7
1.9154432E7
1.8875156E7
1.8589548E7
1.8298272E7
1.8002016E7
1.7701432E7
1.7397208E7
1.708996E7
1.678032E7
1.6468816E7
1.615594E7
1.5842096E7
1.5527584E7
1.5212608E7
1.4897284E7
1.4581604E7
1.4265504E7
1.3948844E7
1.3631428E7
1.3313056E7
1.2993492E7
1.2672572E7
1.2350124E7
1.2026076E7
1.17004E7
1.1373148E7
1.1044464E7
1.071456E7
1.0383728E7
1.0052328E7
9720788.0
9389580.0
9059220.0
8730280.0
8403312.0
8078904.0
7757584.0
7439860.0
7126176.0
6816856.0
6512132.0
6212068.0
5916584.0
5625424.0
5338168.0
5054204.0
4772784.0
4493008.0
4213880.0
3934316.0
3653196.0
3369380.0
3081776.0
2789344.0
2491168.0
2186460.0
1874576.0
1555112.0
1227848.0
892836.0
550344.0
200912.0
-154664.0
-515380.0
-880024.0
-1247216.0
-1615488.0
-1983292.0
-2349092.0
-2711380.0
-3068780.0
-3420032.0
-3764024.0
-4099828.0
-4426664.0
-4743884.0
-5050964.0
-5347420.0
-5632788.0
-5906572.0
-6168216.0
-6417040.0
-6652244.0
-6872908.0
-7077952.0
-7266204.0
-7436364.0
-7587100.0
-7717056.0
-7824904.0
-7909392.0
-7969416.0
-8004020.0
-8012500.0
-7994400.0
-7949552.0
-7878124.0
-7780592.0
-7657796.0
-7510880.0
-7341304.0
-7150816.0
-6941372.0
-6715160.0
-6474484.0
-6221740.0
-5959340.0
-5689684.0
-5415060.0
-5137652.0
-4859444.0
-4582224.0
-4307532.0
-4036680.0
-3770664.0
-3510240.0
-3255896.0
-3007812.0
-2765932.0
-2529956.0
-2299328.0
-2073292.0
-1850900.0
-1631032.0
-1412416.0
-1193672.0
-973332.0
-749876.0
-521752.0
-287412.0
-45332.0
205944.0
467832.0
741612.0
1028472.0
1329472.0
1645552.0
1977500.0
2325964.0
2691432.0
3074248.0
3474588.0
3892460.0
4327664.0
4779816.0
5248328.0
5732352.0
6230836.0
6742432.0
7265592.0
7798484.0
8339052.0
8885040.0
9434008.0
9983360.0
1.0530436E7
1.107252E7
1.1606944E7
1.21311E7
1.2642544E7
1.3139036E7
1.3618588E7
1.4079516E7
1.452044E7
1.4940312E7
1.5338432E7
1.571442E7
1.6068176E7
1.639984E7
1.6709796E7
1.6998568E7
1.7266788E7
1.7515168E7
1.7744444E7
1.7955336E7
1.8148548E7
1.8324692E7
1.8484344E7
1.8628024E7
1.8756156E7
1.886914E7
1.8967308E7
1.9050988E7
1.912048E7
1.9176072E7
1.9218064E7
1.9246776E7
1.9262524E7
1.9265668E7
1.925658E7
1.9235672E7
1.9203352E7
1.9160108E7
1.9106448E7
1.9042912E7
1.8970104E7
1.8888684E7
1.8799364E7
1.8702928E7
1.8600208E7
1.849212E7
1.8379624E7
1.8263728E7
1.8145476E7
1.8025916E7
1.7906084E7
1.7786968E7
1.7669476E7
1.7554384E7
1.7442308E7
1.7333648E7
1.7228584E7
1.712702E7
1.702858E7
1.6932592E7
1.6838116E7
1.6743952E7
1.6648728E7
1.6550892E7
1.6448836E7
1.6340972E7
1.6225796E7
1.6101996E7
1.596854E7
1.582468E7
1.5670124E7
1.5504968E7
1.532976E7
1.5145484E7
1.495354E7
1.47557E7
1.4554024E7
1.4350848E7
1.4148632E7
1.3949924E7
1.3757272E7
1.3573136E7
1.3399768E7
1.3239276E7
1.309342E7
1.2963696E7
1.2851236E7
1.2756844E7
1.2680988E7
1.26238E7
1.258512E7
1.2564508E7
1.2561292E7
1.2574616E7
1.2603444E7
1.2646632E7
1.2702944E7
1.2771092E7
1.2849772E7
1.2937684E7
1.3033564E7
1.3136224E7
1.3244516E7
1.3357384E7
1.3473876E7
1.3593088E7
1.3714184E7
1.3836348E7
1.3958776E7
1.4080608E7
1.4200884E7
1.4318524E7
1.4432264E7
1.4540632E7
1.4641904E7
1.4734132E7
1.4815112E7
1.4882404E7
1.4933404E7
1.4965372E7
1.49755E7
1.4960996E7
1.4919144E7
1.48474E7
1.4743484E7
1.4605396E7
1.4431516E7
1.422062E7
1.3971888E7
1.3684948E7
1.3359836E7
1.2996972E7
1.2597116E7
1.2161376E7
1.1691096E7
1.1187856E7
1.0653404E7
1.0089624E7
9498484.0
8882036.0
8242372.0
7581636.0
6902000.0
6205696.0
5495008.0
4772272.0
4039952.0
3300568.0
2556768.0
1811304.0
1067000.0
326768.0
-406464.0
-1129748.0
-1840204.0
-2535052.0
-3211652.0
-3867576.0
-4500652.0
-5108976.0
-5690964.0
-6245356.0
-6771248.0
-7268060.0
-7735524.0
-8173712.0
-8583004.0
-8964016.0
-9317652.0
-9645024.0
-9947440.0
-1.0226404E7
-1.0483564E7
-1.0720708E7
-1.0939716E7
-1.1142548E7
-1.1331236E7
-1.1507824E7
-1.167436E7
-1.1832856E7
-1.198528E7
-1.21335E7
-1.2279292E7
-1.24243E7
-1.2570016E7
-1.2717768E7
-1.286874E7
-1.302392E7
-1.3184136E7
-1.3350068E7
-1.3522228E7
-1.3701008E7
-1.3886676E7
-1.4079396E7
-1.4279224E7
-1.4486164E7
-1.4700136E7
-1.4920992E7
-1.5148552E7
-1.5382524E7
-1.5622572E7
-1.5868268E7
-1.61191E7
-1.6374408E7
-1.6633444E7
-1.689528E7
-1.7158876E7
-1.7423016E7
-1.7686336E7
-1.794734E7
-1.8204384E7
-1.8455736E7
-1.8699584E7
-1.8934056E7
-1.915728E7
-1.9367388E7
-1.95626E7
-1.9741216E7
-1.9901668E7
-2.0042532E7
-2.0162548E7
-2.0260648E7
-2.0335932E7
-2.0387672E7
-2.0415272E7
-2.0418292E7
-2.0396356E7
-2.0349176E7
-2.02765E7
-2.017806E7
-2.0053608E7
-1.990284E7
-1.9725412E7
-1.9520956E7
-1.928906E7
-1.9029304E7
-1.8741252E7
-1.842452E7
-1.807874E7
-1.7703648E7
-1.7299088E7
-1.6864992E7
-1.6401488E7
-1.5908852E7
-1.5387564E7
-1.4838312E7
-1.4262008E7
-1.3659776E7
-1.303298E7
-1.2383204E7
-1.171222E7
-1.1021992E7
-1.0314636E7
-9592364.0
-8857456.0
-8112224.0
-7358924.0
-6599776.0
-5836856.0
-5072108.0
-4307320.0
-3544072.0
-2783800.0
-2027724.0
-1276936.0
-532376.0
205108.0
934772.0
1655876.0
2367708.0
3069508.0
3760488.0
4439728.0
5106228.0
5758864.0
6396364.0
7017324.0
7620220.0
8203416.0
8765216.0
9303852.0
9817584.0
1.030472E7
1.0763676E7
1.1193024E7
1.159156E7
1.1958328E7
1.229268E7
1.259428E7
1.2863156E7
1.3099672E7
1.3304512E7
1.3478704E7
1.3623544E7
1.374056E7
1.383148E7
1.389816E7
1.3942572E7
1.3966672E7
1.397242E7
1.3961692E7
1.3936288E7
1.3897864E7
1.3847908E7
1.3787792E7
1.3718704E7
1.3641668E7
1.35576E7
1.3467256E7
1.3371328E7
1.3270368E7
1.3164868E7
1.305524E7
1.294188E7
1.2825064E7
1.2705064E7
1.2582088E7
1.245628E7
1.2327708E7
1.2196384E7
1.206224E7
1.1925108E7
1.1784752E7
1.1640848E7
1.1492976E7
1.1340688E7
1.1183456E7
1.1020788E7
1.0852184E7
1.0677224E7
1.0495592E7
1.0307124E7
1.011186E7
9910084.0
9702340.0
9489464.0
9272596.0
9053164.0
8832856.0
8613596.0
8397496.0
8186772.0
7983680.0
7790464.0
7609256.0
7441996.0
7290416.0
7155904.0
7039552.0
6942048.0
6863716.0
6804476.0
6763896.0
6741180.0
6735212.0
6744624.0
6767792.0
6802928.0
6848124.0
6901396.0
6960712.0
7024056.0
7089476.0
7155088.0
7219104.0
7279856.0
7335848.0
7385684.0
7428164.0
7462188.0
7486856.0
7501388.0
7505148.0
7497656.0
7478544.0
7447600.0
7404728.0
7350000.0
7283616.0
7205932.0
7117488.0
7019000.0
6911356.0
6795660.0
6673224.0
6545556.0
6414364.0
6281548.0
6149196.0
6019500.0
5894796.0
5777472.0
5669956.0
5574644.0
5493864.0
5429816.0
5384548.0
5359872.0
5357356.0
5378276.0
5423600.0
5493944.0
5589588.0
5710428.0
5856044.0
6025648.0
6218132.0
6432092.0
6665824.0
6917404.0
7184656.0
7465248.0
7756692.0
8056368.0
8361592.0
8669620.0
8977692.0
9283072.0
9583076.0
9875112.0
1.0156708E7
1.042556E7
1.067954E7
1.0916768E7
1.1135576E7
1.1334572E7
1.1512652E7
1.166894E7
1.180288E7
1.1914112E7
1.2002576E7
1.2068376E7
1.211186E7
1.2133548E7
1.213416E7
1.2114552E7
1.20758E7
1.2019136E7
1.1945964E7
1.1857892E7
1.175672E7
1.1644412E7
1.1523132E7
1.1395204E7
1.1263044E7
1.1129184E7
1.0996196E7
1.08666E7
1.0742876E7
1.0627324E7
1.0522076E7
1.0428992E7
1.0349636E7
1.0285256E7
1.0236752E7
1.020466E7
1.0189184E7
1.0190216E7
1.0207352E7
1.0239956E7
1.0287196E7
1.0348108E7
1.0421636E7
1.05067E7
1.0602228E7
1.0707204E7
1.0820696E7
1.0941868E7
1.107E7
1.1204488E7
1.13448E7
1.1490496E7
1.164118E7
1.1796436E7
1.1955868E7
1.2118988E7
1.2285248E7
1.2453984E7
1.26244E7
1.2795612E7
1.2966592E7
1.3136232E7
1.3303324E7
1.3466608E7
1.3624812E7
1.377666E7
1.3920912E7
1.4056388E7
1.4182012E7
1.4296792E7
1.4399888E7
1.4490576E7
1.4568288E7
1.4632584E7
1.4683172E7
1.4719916E7
1.4742784E7
1.4751888E7
1.474746E7
1.472982E7
1.4699376E7
1.4656668E7
1.4602228E7
1.4536724E7
1.4460796E7
1.4375164E7
1.428052E7
1.4177608E7
1.4067136E7
1.394982E7
1.3826388E7
1.369756E7
1.3564084E7
1.3426748E7
1.3286376E7
1.3143868E7
1.3000188E7
1.2856408E7
1.2713676E7
1.2573224E7
1.2436356E7
1.2304444E7
1.2178868E7
1.2061032E7
1.1952288E7
1.1853912E7
1.1767068E7
1.1692764E7
1.163182E7
1.1584808E7
1.1552072E7
1.1533648E7
1.15293E7
1.153848E7
1.156038E7
1.1593908E7
1.1637748E7
1.1690384E7
1.175016E7
1.181534E7
1.1884144E7
1.1954832E7
1.2025756E7
1.2095388E7
1.2162432E7
1.2225728E7
1.2284416E7
1.2337828E7
1.2385524E7
1.2427284E7
1.2463048E7
1.249286E7
1.2516876E7
1.253526E7
1.2548188E7
1.2555756E7
1.2557992E7
1.2554816E7
1.254602E7
1.2531272E7
1.2510144E7
1.2482104E7
1.244654E7
1.2402804E7
1.2350232E7
1.2288172E7
1.2216008E7
1.2133188E7
1.2039276E7
1.193392E7
1.1816908E7
1.168818E7
1.1547852E7
1.1396216E7
1.1233748E7
1.1061124E7
1.0879224E7
1.0689112E7
1.0492008E7
1.0289312E7
1.0082532E7
9873256.0
9663100.0
9453708.0
9246652.0
9043436.0
8845456.0
8653968.0
8470092.0
8294788.0
8128896.0
7973132.0
7828096.0
7694320.0
7572252.0
7462344.0
7364992.0
7280576.0
7209496.0
7152108.0
7108776.0
7079800.0
7065440.0
7065884.0
7081216.0
7111380.0
7156172.0
7215204.0
7287876.0
7373372.0
7470612.0
7578276.0
7694772.0
7818256.0
7946632.0
8077572.0
8208572.0
8336944.0
8459884.0
8574548.0
8678068.0
8767628.0
8840560.0
8894348.0
8926752.0
8935840.0
8920008.0
8878100.0
8809348.0
8713452.0
8590556.0
8441260.0
8266572.0
8067908.0
7846996.0
7605892.0
7346844.0
7072312.0
6784808.0
6486904.0
6181140.0
5869964.0
5555676.0
5240412.0
4926056.0
4614252.0
4306380.0
4003524.0
3706460.0
3415684.0
3131364.0
2853408.0
2581440.0
2314852.0
2052776.0
1794204.0
1537940.0
1282724.0
1027248.0
770200.0
510360.0
246616.0
-21980.0
-296132.0
-576304.0
-862700.0
-1155228.0
-1453520.0
-1756924.0
-2064560.0
-2375352.0
-2688028.0
-3001224.0
-3313476.0
-3623300.0
-3929232.0
-4229844.0
-4523796.0
-4809852.0
-5086896.0
-5353948.0
-5610152.0
-5854792.0
-6087264.0
-6307088.0
-6513860.0
-6707276.0
-6887068.0
-7053036.0
-7205008.0
-7342856.0
-7466500.0
-7575892.0
-7671080.0
-7752180.0
-7819464.0
-7873336.0
-7914384.0
-7943408.0
-7961416.0
-7969644.0
-7969524.0
-7962700.0
-7950952.0
-7936136.0
-7920192.0
-7905032.0
-7892456.0
-7884152.0
-7881564.0
-7885912.0
-7898088.0
-7918672.0
-7947924.0
-7985760.0
-8031800.0
-8085372.0
-8145576.0
-8211308.0
-8281332.0
-8354316.0
-8428892.0
-8503696.0
-8577436.0
-8648892.0
-8716992.0
-8780812.0
-8839596.0
-8892792.0
-8940044.0
-8981184.0
-9016240.0
-9045404.0
-9069036.0
-9087580.0
-9101584.0
-9111616.0
-9118248.0
-9121984.0
-9123236.0
-9122296.0
-9119272.0
-9114108.0
-9106548.0
-9096140.0
-9082264.0
-9064124.0
-9040788.0
-9011224.0
-8974336.0
-8928976.0
-8874000.0
-8808292.0
-8730772.0
-8640444.0
-8536376.0
-8417740.0
-8283776.0
-8133820.0
-7967284.0
-7783648.0
-7582452.0
-7363280.0
-7125784.0
-6869644.0
-6594608.0
-6300440.0
-5987032.0
-5654324.0
-5302368.0
-4931392.0
-4541752.0
-4133996.0
-3708884.0
-3267416.0
-2810812.0
-2340508.0
-1858192.0
-1365728.0
-865176.0
-358720.0
151344.0
662656.0
1172824.0
1679472.0
2180276.0
2672964.0
3155400.0
3625512.0
4081416.0
4521340.0
4943672.0
5346960.0
5729908.0
6091384.0
6430428.0
6746240.0
7038176.0
7305788.0
7548768.0
7767016.0
7960592.0
8129772.0
8275032.0
8397048.0
8496740.0
8575268.0
8634000.0
8674560.0
8698792.0
8708740.0
8706636.0
8694872.0
8675912.0
8652304.0
8626584.0
8601284.0
8578816.0
8561464.0
8551352.0
8550392.0
8560304.0
8582548.0
8618360.0
8668740.0
8734440.0
8815984.0
8913672.0
9027580.0
9157560.0
9303252.0
9464088.0
9639292.0
9827896.0
1.0028752E7
1.0240548E7
1.0461844E7
1.0691076E7
1.0926636E7
1.1166848E7
1.1410052E7
1.1654604E7
1.1898924E7
1.2141488E7
1.2380876E7
1.2615744E7
1.2844824E7
1.3066904E7
1.3280828E7
1.3485452E7
1.367964E7
1.3862228E7
1.4032016E7
1.4187768E7
1.4328236E7
1.4452108E7
1.4558136E7
1.4645064E7
1.4711748E7
1.4757144E7
1.4780376E7
1.4780768E7
1.4757892E7
1.4711584E7
1.4641964E7
1.4549472E7
1.4434872E7
1.4299216E7
1.4143892E7
1.3970536E7
1.378108E7
1.357766E7
1.3362604E7
1.3138372E7
1.2907528E7
1.2672656E7
1.24363E7
1.2200932E7
1.196886E7
1.174218E7
1.1522712E7
1.1311972E7
1.1111088E7
1.0920816E7
1.0741464E7
1.0572892E7
1.0414544E7
1.0265388E7
1.0123992E7
9988532.0
9856836.0
9726456.0
9594708.0
9458804.0
9315892.0
9163164.0
8997964.0
8817880.0
8620828.0
8405140.0
8169616.0
7913604.0
7636984.0
7340252.0
7024440.0
6691116.0
6342380.0
5980756.0
5609160.0
5230828.0
4849232.0
4468012.0
4090916.0
3721716.0
3364148.0
3021844.0
2698312.0
2396832.0
2120464.0
1871952.0
1653744.0
1467940.0
1316256.0
1200060.0
1120288.0
1077524.0
1071944.0
1103376.0
1171300.0
1274868.0
1412928.0
1584068.0
1786628.0
2018732.0
2278284.0
2563040.0
2870556.0
3198256.0
3543404.0
3903168.0
4274580.0
4654612.0
5040156.0
5428108.0
5815360.0
6198872.0
6575720.0
6943140.0
7298588.0
7639760.0
7964692.0
8271740.0
8559640.0
8827516.0
9074900.0
9301724.0
9508296.0
9695280.0
9863676.0
1.001476E7
1.0150056E7
1.027126E7
1.0380204E7
1.0478796E7
1.0569E7
1.0652724E7
1.0731868E7
1.0808208E7
1.0883436E7
1.0959116E7
1.1036672E7
1.1117388E7
1.12024E7
1.1292712E7
1.1389156E7
1.1492428E7
1.1603048E7
1.1721384E7
1.1847636E7
1.19818E7
1.2123696E7
1.2272964E7
1.2429048E7
1.259122E7
1.2758584E7
1.293012E7
1.3104696E7
1.3281096E7
1.3458076E7
1.3634368E7
1.3808752E7
1.3980028E7
1.4147112E7
1.4308964E7
1.4464656E7
1.4613372E7
1.4754384E7
1.4887064E7
1.501088E7
1.5125372E7
1.5230188E7
1.5325068E7
1.5409848E7
1.5484468E7
1.5549E7
1.560366E7
1.5648828E7
1.568502E7
1.571296E7
1.5733532E7
1.5747812E7
1.5757012E7
1.5762496E7
1.576574E7
1.5768268E7
1.577164E7
1.5777388E7
1.5786948E7
1.5801636E7
1.5822576E7
1.5850668E7
1.588656E7
1.5930604E7
1.5982872E7
1.604314E7
1.6110908E7
1.6185428E7
1.6265744E7
1.6350728E7
1.6439152E7
1.6529696E7
1.662106E7
1.6711992E7
1.6801312E7
1.6888016E7
1.6971288E7
1.705056E7
1.7125492E7
1.7196072E7
1.7262576E7
1.7325612E7
1.738608E7
1.74452E7
1.7504444E7
1.756554E7
1.7630372E7
1.7700964E7
1.7779384E7
1.7867692E7
1.79678E7
1.8081472E7
1.8210148E7
1.8354948E7
1.8516544E7
1.8695136E7
1.8890408E7
1.9101476E7
1.932694E7
1.9564876E7
1.9812872E7
2.0068112E7
2.0327468E7
2.0587568E7
2.0844932E7
2.1096064E7
2.1337592E7
2.1566332E7
2.1779424E7
2.1974392E7
2.2149208E7
2.230232E7
2.2432728E7
2.2539908E7
2.2623856E7
2.2685056E7
2.2724424E7
2.274326E7
2.2743216E7
2.272626E7
2.2694588E7
2.2650628E7
2.2596952E7
2.2536292E7
2.2471456E7
2.2405352E7
2.2340884E7
2.2280972E7
2.2228504E7
2.2186276E7
2.2156968E7
2.2143092E7
2.2146928E7
2.2170528E7
2.2215616E7
2.2283576E7
2.2375412E7
2.2491744E7
2.2632752E7
2.2798228E7
2.2987512E7
2.3199592E7
2.3433064E7
2.3686244E7
2.3957164E7
2.4243684E7
2.4543528E7
2.4854388E7
2.5173952E7
2.5500024E7
2.583054E7
2.6163636E7
2.6497728E7
2.6831436E7
2.7163708E7
2.7493764E7
2.7821064E7
2.8145316E7
2.8466432E7
2.8784452E7
2.9099528E7
2.9411864E7
2.9721632E7
3.0028948E7
3.0333828E7
3.0636124E7
3.0935504E7
3.1231432E7
3.1523164E7
3.180974E7
3.2089988E7
3.236256E7
3.2625952E7
3.2878564E7
3.3118688E7
3.3344608E7
3.3554612E7
3.3747028E7
3.3920304E7
3.4073028E7
3.4203964E7
3.4312108E7
3.439672E7
3.4457356E7
3.4493916E7
3.4506668E7
3.4496264E7
3.4463784E7
3.441074E7
3.4339052E7
3.4251072E7
3.4149536E7
3.4037532E7
3.3918416E7
3.37958E7
3.3673408E7
3.3555016E7
3.344436E7
3.3345E7
3.326028E7
3.3193184E7
3.314626E7
3.3121584E7
3.3120664E7
3.3144424E7
3.3193184E7
3.326666E7
3.3363976E7
3.348372E7
3.3624E7
3.3782512E7
3.3956604E7
3.4143424E7
3.4339964E7
3.4543164E7
3.4750032E7
3.495768E7
3.5163432E7
3.5364864E7
3.5559844E7
3.5746528E7
3.5923416E7
3.6089296E7
3.624324E7
3.6384568E7
3.6512816E7
3.6627684E7
3.672902E7
3.6816756E7
3.68909E7
3.6951512E7
3.6998676E7
3.7032548E7
3.7053272E7
3.7061064E7
3.7056188E7
3.7038972E7
3.7009788E7
3.69691E7
3.6917404E7
3.6855288E7
3.6783336E7
3.6702184E7
3.6612444E7
3.6514728E7
3.6409576E7
3.6297476E7
3.6178848E7
3.6054016E7
3.5923216E7
3.5786608E7
3.5644256E7
3.5496176E7
3.5342304E7
3.5182572E7
3.5016844E7
3.4845012E7
3.4666948E7
3.448254E7
3.4291708E7
3.4094372E7
3.3890508E7
3.368008E7
3.3463088E7
3.3239528E7
3.3009388E7
3.27726E7
3.2529096E7
3.2278736E7
3.2021316E7
3.1756588E7
3.1484208E7
3.1203816E7
3.0915008E7
3.0617376E7
3.0310556E7
2.9994228E7
2.9668208E7
2.9332452E7
2.8987108E7
2.863256E7
2.826946E7
2.7898716E7
2.7521564E7
2.7139504E7
2.6754332E7
2.6368068E7
2.5982964E7
2.5601408E7
2.52259E7
2.4858948E7
2.4503036E7
2.4160516E7
2.3833576E7
2.3524136E7
2.3233828E7
2.2963952E7
2.2715388E7
2.2488636E7
2.2283776E7
2.2100464E7
2.193796E7
2.1795172E7
2.1670644E7
2.1562672E7
2.1469312E7
2.1388468E7
2.1317972E7
2.125562E7
2.1199292E7
2.1146988E7
2.1096908E7
2.1047488E7
2.0997484E7
2.094596E7
2.0892344E7
2.083642E7
2.0778348E7
2.0718608E7
2.0658016E7
2.059764E7
2.0538808E7
2.0482996E7
2.0431816E7
2.0386928E7
2.0350008E7
2.0322668E7
2.0306412E7
2.0302584E7
2.031234E7
2.033658E7
2.0375956E7
2.043082E7
2.0501236E7
2.058694E7
2.068736E7
2.0801636E7
2.0928588E7
2.1066804E7
2.1214604E7
2.137014E7
2.1531392E7
2.1696228E7
2.1862508E7
2.2028096E7
2.2190924E7
2.2349104E7
2.2500928E7
2.264498E7
2.2780172E7
2.2905748E7
2.3021348E7
2.3127016E7
2.3223176E7
2.3310632E7
2.3390536E7
2.3464356E7
2.3533796E7
2.360078E7
2.3667356E7
2.3735684E7
2.3807936E7
2.3886272E7
2.3972804E7
2.4069528E7
2.4178328E7
2.4300944E7
2.4438964E7
2.4593808E7
2.476672E7
2.4958784E7
2.5170916E7
2.540386E7
2.565818E7
2.593428E7
2.6232376E7
2.6552508E7
2.689454E7
2.7258132E7
2.7642804E7
2.8047892E7
2.8472568E7
2.8915864E7
2.9376708E7
2.9853892E7
3.0346148E7
3.0852128E7
3.1370412E7
3.189956E7
3.2438092E7
3.2984484E7
3.3537212E7
3.4094712E7
3.4655396E7
3.5217684E7
3.5779928E7
3.634048E7
3.6897672E7
3.7449804E7
3.7995164E7
3.8532024E7
3.9058648E7
3.9573312E7
4.0074304E7
4.0559944E7
4.1028584E7
4.1478668E7
4.190866E7
4.2317148E7
4.2702784E7
4.3064344E7
4.3400696E7
4.3710828E7
4.3993852E7
4.4248992E7
4.4475612E7
4.4673196E7
4.4841384E7
4.497994E7
4.5088796E7
4.516806E7
4.5217984E7
4.5239036E7
4.5231856E7
4.5197296E7
4.5136384E7
4.5050368E7
4.4940664E7
4.4808876E7
4.4656768E7
4.4486248E7
4.4299344E7
4.409818E7
4.388496E7
4.3661928E7
4.343138E7
4.3195588E7
4.2956848E7
4.2717404E7
4.2479468E7
4.2245184E7
4.2016632E7
4.1795776E7
4.1584488E7
4.1384512E7
4.1197412E7
4.10246E7
4.0867268E7
4.0726376E7
4.0602612E7
4.04964E7
4.040782E7
4.0336632E7
4.0282216E7
4.0243624E7
4.0219524E7
4.0208236E7
4.0207744E7
4.0215736E7
4.0229628E7
4.024666E7
4.0263876E7
4.0278296E7
4.0286944E7
4.0286912E7
4.0275504E7
4.0250284E7
4.0209156E7
4.0150456E7
4.0073004E7
3.9976104E7
3.9859632E7
3.9723972E7
3.9570016E7
3.9399132E7
3.9213052E7
3.9013856E7
3.880384E7
3.8585456E7
3.836122E7
3.8133636E7
3.7905148E7
3.7678084E7
3.7454672E7
3.723696E7
3.7026912E7
3.6826348E7
3.6637048E7
3.6460724E7
3.6299068E7
3.6153796E7
3.60266E7
3.5919192E7
3.5833284E7
3.577052E7
3.5732476E7
3.5720592E7
3.5736076E7
3.5779952E7
3.5852884E7
3.5955192E7
3.6086824E7
3.624728E7
3.6435632E7
3.6650512E7
3.6890116E7
3.7152256E7
3.7434368E7
3.7733592E7
3.8046816E7
3.8370796E7
3.870216E7
3.9037592E7
3.9373824E7
3.9707804E7
4.003672E7
4.0358084E7
4.0669824E7
4.097028E7
4.1258272E7
4.1533088E7
4.1794504E7
4.2042732E7
4.2278424E7
4.2502572E7
4.2716484E7
4.2921708E7
4.3119952E7
4.3313012E7
4.3502712E7
4.3690816E7
4.3878996E7
4.4068744E7
4.4261368E7
4.4457964E7
4.465938E7
4.4866216E7
4.507886E7
4.5297472E7
4.5522036E7
4.5752376E7
4.5988204E7
4.6229144E7
4.6474772E7
4.6724672E7
4.69784E7
4.72356E7
4.7495928E7
4.7759136E7
4.8025024E7
4.8293484E7
4.8564464E7
4.883798E7
4.91141E7
4.9392944E7
4.967466E7
4.9959452E7
5.02475E7
5.0539048E7
5.0834332E7
5.1133632E7
5.1437204E7
5.1745364E7
5.2058412E7
5.23767E7
5.2700572E7
5.3030376E7
5.336646E7
5.3709156E7
5.4058756E7
5.4415472E7
5.4779492E7
5.5150852E7
5.5529504E7
5.5915268E7
5.6307824E7
5.6706716E7
5.711134E7
5.7520968E7
5.7934756E7
5.8351748E7
5.8770928E7
5.9191204E7
5.961146E7
6.0030588E7
6.0447512E7
6.0861184E7
6.1270664E7
6.1675104E7
6.2073796E7
6.2466164E7
6.2851836E7
6.3230608E7
6.3602488E7
6.3967712E7
6.4326732E7
6.4680196E7
6.5028964E7
6.5374044E7
6.5716588E7
6.6057804E7
6.639894E7
6.6741204E7
6.7085712E7
6.7433428E7
6.778512E7
6.8141336E7
6.8502372E7
6.8868252E7
6.9238768E7
6.9613424E7
6.9991552E7
7.0372236E7
7.0754444E7
7.1136968E7
7.1518536E7
7.1897776E7
7.2273284E7
7.2643648E7
7.3007424E7
7.3363232E7
7.3709728E7
7.404564E7
7.4369776E7
7.4681084E7
7.497862E7
7.5261604E7
7.5529404E7
7.578156E7
7.6017764E7
7.6237868E7
7.6441872E7
7.6629892E7
7.6802144E7
7.6958928E7
7.7100596E7
7.722752E7
7.7340092E7
7.7438704E7
7.75237E7
7.7595404E7
7.76541E7
7.7700036E7
7.7733396E7
7.7754344E7
7.7763012E7
7.7759464E7
7.7743784E7
7.7715996E7
7.7676124E7
7.7624192E7
7.7560224E7
7.7484256E7
7.7396376E7
7.7296716E7
7.7185472E7
7.7062936E7
7.6929532E7
7.67858E7
7.6632436E7
7.647028E7
7.6300336E7
7.6123744E7
7.5941784E7
7.5755832E7
7.556734E7
7.5377776E7
7.5188644E7
7.5001344E7
7.4817232E7
7.4637556E7
7.4463404E7
7.4295716E7
7.4135292E7
7.3982776E7
7.3838656E7
7.3703328E7
7.3577044E7
7.3459988E7
7.3352296E7
7.3254024E7
7.3165208E7
7.3085836E7
7.3015888E7
7.2955276E7
7.2903912E7
7.2861628E7
7.2828236E7
7.2803472E7
7.2787036E7
7.2778572E7
7.2777688E7
7.2783976E7
7.279704E7
7.2816488E7
7.2841976E7
7.2873252E7
7.29101E7
7.2952444E7
7.3000264E7
7.305366E7
7.311278E7
7.317786E7
7.3249144E7
7.3326868E7
7.3411264E7
7.350248E7
7.36006E7
7.3705608E7
7.381734E7
7.393554E7
7.4059788E7
7.4189548E7
7.4324132E7
7.4462756E7
7.460452E7
7.4748396E7
7.4893308E7
7.5038076E7
7.5181504E7
7.5322368E7
7.5459428E7
7.5591516E7
7.5717492E7
7.5836328E7
7.594714E7
7.6049176E7
7.6141868E7
7.6224844E7
7.6297948E7
7.6361176E7
7.6414728E7
7.645894E7
7.649424E7
7.6521116E7
7.6540072E7
7.6551564E7
7.655594E7
7.655346E7
7.6544212E7
7.652814E7
7.6505032E7
7.6474516E7
7.6436156E7
7.6389388E7
7.6333636E7
7.626832E7
7.619288E7
7.6106824E7
7.6009728E7
7.590128E7
7.5781244E7
7.5649488E7
7.5505956E7
7.5350696E7
7.5183808E7
7.5005456E7
7.4815836E7
7.4615244E7
7.4404016E7
7.4182548E7
7.395132E7
7.371092E7
7.3462036E7
7.320548E7
7.2942192E7
7.2673272E7
7.2399932E7
7.212354E7
7.184558E7
7.1567632E7
7.129138E7
7.1018524E7
7.0750816E7
7.048998E7
7.0237688E7
6.9995548E7
6.9765064E7
6.9547604E7
6.9344408E7
6.9156556E7
6.8984996E7
6.8830508E7
6.8693768E7
6.8575316E7
6.84756E7
6.8394988E7
6.8333792E7
6.8292244E7
6.8270564E7
6.8268888E7
6.8287304E7
6.83258E7
6.8384244E7
6.8462356E7
6.855964E7
6.8675376E7
6.8808556E7
6.895784E7
6.9121572E7
6.9297744E7
6.9484004E7
6.96777E7
6.9875892E7
7.0075448E7
7.0273104E7
7.0465552E7
7.0649524E7
7.08219E7
7.0979812E7
7.1120712E7
7.1242456E7
7.1343364E7
7.1422272E7
7.1478564E7
7.1512152E7
7.1523516E7
7.1513656E7
7.1484076E7
7.1436704E7
7.1373884E7
7.129828E7
7.121282E7
7.112064E7
7.102496E7
7.092908E7
7.0836272E7
7.0749732E7
7.0672512E7
7.0607484E7
7.0557296E7
7.052434E7
7.0510732E7
7.051828E7
7.054848E7
7.060252E7
7.0681232E7
7.0785108E7
7.0914308E7
7.1068624E7
7.124748E7
7.1449948E7
7.1674724E7
7.1920156E7
7.2184244E7
7.246466E7
7.2758788E7
7.306376E7
7.33765E7
7.3693808E7
7.401238E7
7.432896E7
7.4640344E7
7.4943496E7
7.5235636E7
7.5514288E7
7.5777348E7
7.6023144E7
7.6250476E7
7.6458612E7
7.6647308E7
7.6816788E7
7.6967732E7
7.7101204E7
7.72186E7
7.7321612E7
7.741214E7
7.749222E7
7.7563948E7
7.762946E7
7.7690816E7
7.7750008E7
7.78089E7
7.7869212E7
7.7932536E7
7.8000284E7
7.8073768E7
7.8154164E7
7.8242556E7
7.833996E7
7.8447368E7
7.8565708E7
7.869594E7
7.8839008E7
7.8995876E7
7.916748E7
7.93548E7
7.9558764E7
7.9780264E7
8.0020148E7
8.027916E7
8.0557948E7
8.0857032E7
8.117676E7
8.1517296E7
8.1878628E7
8.2260512E7
8.2662468E7
8.3083732E7
8.3523296E7
8.3979848E7
8.4451756E7
8.4937076E7
8.5433536E7
8.593856E7
8.6449272E7
8.6962516E7
8.747492E7
8.798294E7
8.848294E7
8.897126E7
8.9444296E7
8.9898608E7
9.0330988E7
9.0738576E7
9.1118892E7
9.146992E7
9.179014E7
9.2078584E7
9.233482E7
9.2558936E7
9.2751556E7
9.2913748E7
9.3047016E7
9.3153176E7
9.323438E7
9.3292932E7
9.3331296E7
9.3351984E7
9.3357488E7
9.3350248E7
9.333258E7
9.3306652E7
9.3274428E7
9.3237704E7
9.3198068E7
9.3156896E7
9.31154E7
9.3074596E7
9.3035368E7
9.2998468E7
9.2964528E7
9.2934088E7
9.2907636E7
9.2885576E7
9.2868268E7
9.2856056E7
9.2849248E7
9.2848112E7
9.2852892E7
9.2863796E7
9.2880988E7
9.2904556E7
9.2934536E7
9.2970824E7
9.3013236E7
9.3061444E7
9.3114996E7
9.317328E7
9.323558E7
9.3301028E7
9.3368692E7
9.3437548E7
9.3506564E7
9.35747E7
9.3640964E7
9.3704452E7
9.3764372E7
9.382006E7
9.3871012E7
9.3916872E7
9.395744E7
9.3992636E7
9.4022524E7
9.4047236E7
9.4066968E7
9.4081964E7
9.4092468E7
9.4098712E7
9.410092E7
9.4099284E7
9.4093972E7
9.4085136E7
9.4072928E7
9.405752E7
9.4039116E7
9.4017988E7
9.399448E7
9.3969012E7
9.394214E7
9.3914496E7
9.388682E7
9.385996E7
9.3834828E7
9.38124E7
9.3793692E7
9.3779728E7
9.3771524E7
9.3770048E7
9.3776232E7
9.3790904E7
9.3814848E7
9.384874E7
9.3893172E7
9.3948688E7
9.401574E7
9.4094764E7
9.4186148E7
9.4290272E7
9.440754E7
9.4538328E7
9.4683032E7
9.4842068E7
9.501582E7
9.5204656E7
9.5408896E7
9.5628772E7
9.5864424E7
9.6115844E7
9.6382868E7
9.6665152E7
9.6962136E7
9.7273036E7
9.7596852E7
9.7932332E7
9.8277976E7
9.863208E7
9.8992708E7
9.935772E7
9.9724836E7
1.00091616E8
1.00455568E8
1.0081414E8
1.01164828E8
1.01505208E8
1.01832988E8
1.02146112E8
1.02442784E8
1.0272152E8
1.0298118E8
1.03221028E8
1.03440692E8
1.03640224E8
1.03820052E8
1.03980964E8
1.04124104E8
1.04250916E8
1.04363128E8
1.04462692E8
1.04551792E8
1.04632748E8
1.0470804E8
1.04780256E8
1.04852064E8
1.04926156E8
1.0500528E8
1.0509218E8
1.05189556E8
1.0530006E8
1.05426256E8
1.05570584E8
1.05735348E8
1.05922664E8
1.06134408E8
1.06372212E8
1.066374E8
1.0693096E8
1.07253528E8
1.07605332E8
1.07986208E8
1.0839558E8
1.08832492E8
1.09295604E8
1.09783264E8
1.10293524E8
1.10824252E8
1.11373164E8
1.11937916E8
1.12516156E8
1.13105616E8
1.13704144E8
1.1430974E8
1.14920624E8
1.15535176E8
1.16151976E8
1.16769764E8
1.17387412E8
1.18003848E8
1.18618044E8
1.19228928E8
1.1983534E8
1.20436004E8
1.21029468E8
1.21614088E8
1.22188044E8
1.22749296E8
1.23295672E8
1.23824852E8
1.24334436E8
1.24822004E8
1.25285188E8
1.2572172E8
1.26129528E8
1.26506756E8
1.26851872E8
1.27163692E8
1.27441376E8
1.27684512E8
1.2789308E8
1.28067448E8
1.28208364E8
1.28316896E8
1.28394424E8
1.2844256E8
1.28463104E8
1.2845798E8
1.28429208E8
1.28378808E8
1.28308808E8
1.28221164E8
1.28117744E8
1.28000336E8
1.27870584E8
1.27730032E8
1.27580076E8
1.27422012E8
1.27257012E8
1.27086148E8
1.26910404E8
1.2673064E8
1.26547696E8
1.26362296E8
1.2617514E8
1.25986848E8
1.25798016E8
1.256092E8
1.2542092E8
1.25233692E8
1.25047984E8
1.24864276E8
1.24683032E8
1.24504716E8
1.24329784E8
1.24158708E8
1.23991956E8
1.23830048E8
1.23673524E8
1.23522988E8
1.23379104E8
1.23242628E8
1.2311442E8
1.22995468E8
1.22886884E8
1.22789924E8
1.22705972E8
1.22636572E8
1.22583356E8
1.22548084E8
1.2253258E8
1.22538708E8
1.22568348E8
1.2262334E8
1.22705456E8
1.22816332E8
1.22957448E8
1.2313008E8
1.23335244E8
1.23573668E8
1.2384578E8
1.24151652E8
1.24490996E8
1.24863172E8
1.25267168E8
1.25701624E8
1.26164836E8
1.26654796E8
1.27169208E8
1.27705524E8
1.28260996E8
1.28832684E8
1.29417504E8
1.30012272E8
1.30613696E8
1.31218444E8
1.31823132E8
1.3242436E8
1.33018708E8
1.33602772E8
1.34173168E8
1.3472656E8
1.35259672E8
1.35769344E8
1.36252532E8
1.36706376E8
1.3712824E8
1.37515752E8
1.37866864E8
1.38179892E8
1.38453568E8
1.3868706E8
1.38880028E8
1.39032608E8
1.39145464E8
1.39219772E8
1.39257168E8
1.39259792E8
1.392302E8
1.39171328E8
1.39086432E8
1.38979044E8
1.38852844E8
1.38711644E8
1.38559248E8
1.38399396E8
1.38235688E8
1.38071496E8
1.37909904E8
1.3775368E8
1.37605208E8
1.37466496E8
1.37339196E8
1.37224572E8
1.37123596E8
1.37036952E8
1.36965132E8
1.36908464E8
1.368672E8
1.36841576E8
1.36831852E8
1.3683836E8
1.3686154E8
1.36901924E8
1.3696016E8
1.37036992E8
1.37133188E8
1.37249552E8
1.37386836E8
1.37545716E8
1.37726708E8
1.37930176E8
1.38156252E8
1.38404828E8
1.38675564E8
1.38967852E8
1.39280864E8
1.39613544E8
1.39964672E8
1.40332876E8
1.407167E8
1.41114604E8
1.4152508E8
1.41946604E8
1.42377728E8
1.42817092E8
1.43263436E8
1.43715596E8
1.4417252E8
1.44633248E8
1.45096872E8
1.45562528E8
1.46029344E8
1.46496444E8
1.46962844E8
1.47427488E8
1.4788918E8
1.4834658E8
1.48798192E8
1.49242372E8
1.49677336E8
1.5010116E8
1.50511876E8
1.50907412E8
1.5128574E8
1.51644876E8
1.51982924E8
1.52298168E8
1.52589116E8
1.52854544E8
1.53093524E8
1.53305496E8
1.5349024E8
1.5364792E8
1.53779068E8
1.53884544E8
1.53965508E8
1.54023408E8
1.54059868E8
1.54076652E8
1.54075636E8
1.54058672E8
1.54027592E8
1.53984096E8
1.53929756E8
1.5386592E8
1.5379374E8
1.53714108E8
1.53627668E8
1.53534832E8
1.53435776E8
1.5333048E8
1.53218776E8
1.53100384E8
1.52974944E8
1.52842108E8
1.5270158E8
1.52553148E8
1.52396776E8
1.52232632E8
1.52061092E8
1.51882816E8
1.51698732E8
1.51510056E8
1.5131826E8
1.51125068E8
1.50932416E8
1.50742416E8
1.5055728E8
1.50379296E8
1.5021072E8
1.5005374E8
1.49910392E8
1.49782488E8
1.49671544E8
1.49578748E8
1.49504876E8
1.49450248E8
1.49414748E8
1.49397764E8
1.49398204E8
1.49414512E8
1.49444728E8
1.49486492E8
1.49537172E8
1.4959388E8
1.49653628E8
1.49713376E8
1.4977016E8
1.49821184E8
1.49863944E8
1.49896292E8
1.4991654E8
1.49923496E8
1.49916556E8
1.49895708E8
1.4986154E8
1.49815228E8
1.497585E8
1.49693584E8
1.49623112E8
1.49550068E8
1.49477644E8
1.49409132E8
1.49347848E8
1.4929696E8
1.49259416E8
1.49237856E8
1.49234472E8
1.49251024E8
1.49288712E8
1.49348216E8
1.49429652E8
1.495326E8
1.49656144E8
1.49798932E8
1.49959208E8
1.50134956E8
1.50323912E8
1.50523712E8
1.5073194E8
1.50946248E8
1.51164408E8
1.51384392E8
1.51604436E8
1.51823072E8
1.52039168E8
1.52251944E8
1.52460976E8
1.52666196E8
1.52867856E8
1.5306652E8
1.53263016E8
1.53458412E8
1.53653936E8
1.53850952E8
1.54050916E8
1.5425532E8
1.54465624E8
1.54683272E8
1.54909592E8
1.55145776E8
1.55392888E8
1.55651808E8
1.55923216E8
1.56207592E8
1.5650522E8
1.5681616E8
1.5714026E8
1.57477168E8
1.57826348E8
1.58187064E8
1.5855842E8
1.58939384E8
1.593288E8
1.597254E8
1.60127872E8
1.60534876E8
1.6094508E8
1.61357224E8
1.61770156E8
1.6218286E8
1.62594492E8
1.63004432E8
1.63412272E8
1.63817832E8
1.64221128E8
1.6462238E8
1.65021928E8
1.65420248E8
1.65817824E8
1.66215168E8
1.66612712E8
1.67010796E8
1.6740962E8
1.67809232E8
1.68209508E8
1.68610128E8
1.69010632E8
1.69410372E8
1.69808596E8
1.70204424E8
1.70596896E8
1.7098498E8
1.71367608E8
1.71743716E8
1.72112216E8
1.7247208E8
1.72822316E8
1.73162012E8
1.7349038E8
1.73806752E8
1.7411062E8
1.74401676E8
1.74679812E8
1.74945176E8
1.75198148E8
1.75439372E8
1.75669748E8
1.75890428E8
1.76102788E8
1.76308404E8
1.76509016E8
1.76706508E8
1.76902816E8
1.77099944E8
1.77299864E8
1.77504492E8
1.7771566E8
1.77935032E8
1.78164116E8
1.78404172E8
1.78656224E8
1.7892102E8
1.79198988E8
1.7949026E8
1.79794612E8
1.801115E8
1.8044006E8
1.80779112E8
1.81127172E8
1.814825E8
1.81843152E8
1.8220698E8
1.82571708E8
1.82935004E8
1.83294472E8
1.8364776E8
1.8399256E8
1.843267E8
1.8464812E8
1.84954948E8
1.85245492E8
1.85518248E8
1.8577192E8
1.86005412E8
1.86217792E8
1.86408336E8
1.86576484E8
1.86721852E8
1.86844248E8
1.86943668E8
1.87020324E8
1.87074692E8
1.87107496E8
1.871198E8
1.87112984E8
1.87088784E8
1.87049332E8
1.86997084E8
1.86934868E8
1.86865812E8
1.8679328E8
1.86720848E8
1.86652192E8
1.86591004E8
1.8654094E8
1.8650546E8
1.86487824E8
1.86490956E8
1.86517424E8
1.8656934E8
1.86648364E8
1.8675564E8
1.86891824E8
1.87057052E8
1.8725098E8
1.87472788E8
1.87721224E8
1.87994636E8
1.8829102E8
1.8860806E8
1.88943176E8
1.89293592E8
1.89656388E8
1.90028532E8
1.90406984E8
1.90788732E8
1.91170884E8
1.91550716E8
1.91925764E8
1.92293876E8
1.92653272E8
1.93002608E8
1.93340988E8
1.93668012E8
1.93983752E8
1.9428876E8
1.94583992E8
1.948708E8
1.95150832E8
1.95425944E8
1.9569814E8
1.95969452E8
1.96241872E8
1.96517264E8
1.9679728E8
1.9708332E8
1.97376456E8
1.9767744E8
1.97986672E8
1.98304152E8
1.98629612E8
1.98962388E8
1.99301576E8
1.99646024E8
1.99994376E8
2.00345136E8
2.00696736E8
2.01047556E8
2.01396036E8
2.01740664E8
2.02080096E8
2.0241316E8
2.02738936E8
2.03056756E8
2.03366292E8
2.0366752E8
2.03960752E8
2.04246652E8
2.04526204E8
2.04800648E8
2.05071488E8
2.05340432E8
2.05609288E8
2.05879948E8
2.06154276E8
2.064341E8
2.06721112E8
2.07016816E8
2.07322516E8
2.07639288E8
2.07967928E8
2.08309016E8
2.08662848E8
2.0902952E8
2.09408896E8
2.09800656E8
2.10204328E8
2.10619304E8
2.1104486E8
2.11480164E8
2.1192434E8
2.12376416E8
2.12835388E8
2.133002E8
2.13769772E8
2.14243E8
2.14718784E8
2.15196028E8
2.15673676E8
2.16150692E8
2.16626112E8
2.17099052E8
2.17568708E8
2.18034356E8
2.18495376E8
2.18951228E8
2.19401448E8
2.19845652E8
2.20283492E8
2.20714636E8
2.21138812E8
2.21555728E8
2.21965112E8
2.22366692E8
2.22760212E8
2.23145468E8
2.23522288E8
2.23890604E8
2.24250464E8
2.24602048E8
2.24945716E8
2.25282032E8
2.25611748E8
2.2593582E8
2.26255404E8
2.2657184E8
2.26886588E8
2.27201208E8
2.27517308E8
2.27836464E8
2.2816016E8
2.28489768E8
2.28826432E8
2.29171036E8
2.2952418E8
2.2988614E8
2.30256828E8
2.30635824E8
2.31022352E8
2.31415308E8
2.31813292E8
2.32214636E8
2.32617472E8
2.33019768E8
2.33419372E8
2.33814112E8
2.34201832E8
2.34580456E8
2.34948056E8
2.35302924E8
2.35643588E8
2.3596888E8
2.36277968E8
2.36570316E8
2.36845788E8
2.37104544E8
2.37347044E8
2.3757404E8
2.37786468E8
2.37985468E8
2.3817226E8
2.38348132E8
2.3851438E8
2.38672256E8
2.3882294E8
2.38967516E8
2.39106952E8
2.392421E8
2.393737E8
2.39502396E8
2.39628724E8
2.39753144E8
2.3987604E8
2.3999776E8
2.40118552E8
2.4023862E8
2.40358116E8
2.4047708E8
2.40595484E8
2.407132E8
2.40829992E8
2.40945544E8
2.41059428E8
2.4117114E8
2.41280136E8
2.41385868E8
2.41487784E8
2.4158544E8
2.41678464E8
2.41766632E8
2.4184992E8
2.41928496E8
2.42002736E8
2.42073272E8
2.42140928E8
2.42206736E8
2.42271916E8
2.4233782E8
2.4240592E8
2.42477752E8
2.425549E8
2.426389E8
2.42731268E8
2.42833404E8
2.42946596E8
2.43071952E8
2.4321042E8
2.43362708E8
2.43529312E8
2.43710492E8
2.43906296E8
2.441165E8
2.443407E8
2.44578284E8
2.44828484E8
2.45090416E8
2.453631E8
2.45645528E8
2.459367E8
2.46235668E8
2.46541596E8
2.46853776E8
2.47171692E8
2.47495032E8
2.478237E8
2.48157824E8
2.48497788E8
2.4884416E8
2.4919772E8
2.49559372E8
2.49930152E8
2.5031114E8
2.50703404E8
2.5110798E8
2.51525748E8
2.51957444E8
2.52403576E8
2.52864372E8
2.53339768E8
2.53829372E8
2.54332468E8
2.54848012E8
2.5537462E8
2.55910636E8
2.56454184E8
2.57003152E8
2.57555304E8
2.58108356E8
2.58660012E8
2.59208044E8
2.59750376E8
2.60285116E8
2.60810668E8
2.61325696E8
2.6182922E8
2.62320632E8
2.62799672E8
2.63266452E8
2.6372144E8
2.64165412E8
2.64599444E8
2.65024844E8
2.6544312E8
2.65855908E8
2.6626494E8
2.6667196E8
2.67078708E8
2.67486816E8
2.67897832E8
2.6831314E8
2.68733936E8
2.6916124E8
2.69595856E8
2.70038396E8
2.704893E8
2.70948808E8
2.71417056E8
2.71894024E8
2.72379624E8
2.72873664E8
2.73375944E8
2.73886204E8
2.74404172E8
2.7492956E8
2.75462088E8
2.76001432E8
2.76547296E8
2.77099344E8
2.77657252E8
2.78220664E8
2.78789248E8
2.7936266E8
2.79940584E8
2.80522732E8
2.81108864E8
2.81698796E8
2.82292412E8
2.82889672E8
2.83490592E8
2.84095264E8
2.84703832E8
2.85316452E8
2.8593332E8
2.8655458E8
2.8718034E8
2.87810612E8
2.88445312E8
2.8908422E8
2.89726952E8
2.90372976E8
2.9102158E8
2.91671904E8
2.92322928E8
2.92973516E8
2.93622432E8
2.94268372E8
2.94910008E8
2.95546024E8
2.96175136E8
2.9679612E8
2.97407876E8
2.98009356E8
2.98599636E8
2.99177896E8
2.99743352E8
3.00295292E8
3.00832996E8
3.01355732E8
3.01862748E8
3.02353196E8
3.02826188E8
3.03280756E8
3.03715908E8
3.0413064E8
3.04523996E8
3.04895112E8
3.05243284E8
3.0556804E8
3.0586916E8
3.0614676E8
3.0640132E8
3.06633692E8
3.06845132E8
3.07037256E8
3.0721206E8
3.07371844E8
3.07519176E8
3.07656852E8
3.07787804E8
3.07915056E8
3.08041648E8
3.08170588E8
3.08304788E8
3.08447024E8
3.08599904E8
3.08765832E8
3.08947012E8
3.09145412E8
3.0936278E8
3.09600652E8
3.09860332E8
3.1014294E8
3.10449352E8
3.10780284E8
3.1113624E8
3.11517524E8
3.1192422E8
3.12356228E8
3.12813228E8
3.13294688E8
3.13799864E8
3.1432782E8
3.14877392E8
3.15447272E8
3.16036E8
3.1664198E8
3.17263544E8
3.1789898E8
3.18546584E8
3.19204692E8
3.19871716E8
3.20546196E8
3.21226816E8
3.21912424E8
3.22602048E8
3.23294884E8
3.23990312E8
3.24687856E8
3.25387208E8
3.26088168E8
3.26790672E8
3.2749472E8
3.2820044E8
3.2890798E8
3.29617588E8
3.3032958E8
3.31044284E8
3.31762096E8
3.32483416E8
3.33208676E8
3.33938264E8
3.3467252E8
3.35411724E8
3.36156004E8
3.36905356E8
3.3765958E8
3.38418252E8
3.39180724E8
3.39946112E8
3.40713272E8
3.41480836E8
3.4224724E8
3.43010748E8
3.43769504E8
3.44521568E8
3.45264984E8
3.45997832E8
3.4671826E8
3.47424556E8
3.4811518E8
3.48788776E8
3.49444236E8
3.50080684E8
3.506975E8
3.5129432E8
3.51871032E8
3.52427772E8
3.52964888E8
3.53482952E8
3.53982724E8
3.54465136E8
3.54931264E8
3.55382308E8
3.55819564E8
3.56244396E8
3.56658252E8
3.57062564E8
3.5745882E8
3.57848472E8
3.58232968E8
3.58613716E8
3.58992096E8
3.5936942E8
3.5974696E8
3.60125892E8
3.60507344E8
3.60892336E8
3.61281796E8
3.6167656E8
3.62077328E8
3.62484712E8
3.62899176E8
3.63321104E8
3.63750772E8
3.64188368E8
3.6463404E8
3.65087904E8
3.65550112E8
3.66020836E8
3.66500364E8
3.66989072E8
3.67487512E8
3.67996388E8
3.68516556E8
3.6904906E8
3.69595076E8
3.7015588E8
3.70732832E8
3.71327268E8
3.71940512E8
3.72573744E8
3.73227944E8
3.73903872E8
3.74601964E8
3.75322316E8
3.76064636E8
3.76828248E8
3.77612068E8
3.78414652E8
3.79234204E8
3.8006866E8
3.80915684E8
3.81772808E8
3.82637444E8
3.83506984E8
3.8437886E8
3.8525058E8
3.86119816E8
3.86984408E8
3.8784238E8
3.88691972E8
3.89531628E8
3.90359964E8
3.91175768E8
3.9197794E8
3.92765532E8
3.93537636E8
3.94293452E8
3.95032224E8
3.95753288E8
3.96456028E8
3.9713994E8
3.9780464E8
3.98449872E8
3.99075548E8
3.99681756E8
4.00268768E8
4.00837048E8
4.01387252E8
4.01920208E8
4.02436888E8
4.02938424E8
4.03426044E8
4.03901076E8
4.04364912E8
4.04818984E8
4.0526476E8
4.05703728E8
4.06137376E8
4.06567192E8
4.06994656E8
4.07421224E8
4.07848332E8
4.082774E8
4.08709808E8
4.09146896E8
4.0958994E8
4.100402E8
4.10498844E8
4.1096696E8
4.11445612E8
4.11935744E8
4.1243826E8
4.12953984E8
4.13483676E8
4.14028044E8
4.14587748E8
4.1516342E8
4.15755648E8
4.16364988E8
4.16991988E8
4.17637164E8
4.18301024E8
4.18984032E8
4.19686628E8
4.20409212E8
4.21152128E8
4.21915668E8
4.22700044E8
4.23505336E8
4.2433154E8
4.25178508E8
4.26045924E8
4.269333E8
4.27839948E8
4.28764972E8
4.2970728E8
4.3066556E8
4.31638316E8
4.3262384E8
4.3362028E8
4.34625656E8
4.35637896E8
4.36654864E8
4.3767444E8
4.38694516E8
4.39713088E8
4.40728268E8
4.41738296E8
4.42741632E8
4.43736908E8
4.44722996E8
4.45698968E8
4.46664128E8
4.47618004E8
4.48560336E8
4.49491052E8
4.5041028E8
4.51318336E8
4.52215696E8
4.53103004E8
4.53981044E8
4.54850768E8
4.55713268E8
4.56569768E8
4.57421616E8
4.5827026E8
4.5911724E8
4.59964168E8
4.6081268E8
4.61664412E8
4.6252094E8
4.63383768E8
4.64254252E8
4.65133612E8
4.66022808E8
4.669226E8
4.67833476E8
4.68755644E8
4.69689044E8
4.7063336E8
4.71588024E8
4.72552272E8
4.7352516E8
4.7450562E8
4.75492496E8
4.76484596E8
4.77480744E8
4.78479788E8
4.79480656E8
4.80482348E8
4.81483988E8
4.8248476E8
4.83483964E8
4.84480968E8
4.85475192E8
4.8646606E8
4.8745302E8
4.88435484E8
4.89412828E8
4.90384372E8
4.91349384E8
4.92307076E8
4.93256604E8
4.94197128E8
4.95127796E8
4.96047808E8
4.96956424E8
4.97853E8
4.98737064E8
4.99608276E8
5.00466516E8
5.01311852E8
5.02144608E8
5.02965336E8
5.03774808E8
5.04574068E8
5.05364368E8
5.06147176E8
5.0692418E8
5.0769722E8
5.08468304E8
5.0923952E8
5.10013076E8
5.10791176E8
5.11576036E8
5.12369832E8
5.1317464E8
5.13992436E8
5.14825036E8
5.1567408E8
5.16541012E8
5.17427068E8
5.18333288E8
5.19260484E8
5.2020924E8
5.21179956E8
5.22172808E8
5.23187772E8
5.24224612E8
5.252829E8
5.26361996E8
5.27461028E8
5.2857896E8
5.29714464E8
5.3086604E8
5.32031976E8
5.33210336E8
5.34399024E8
5.35595784E8
5.36798244E8
5.38003968E8
5.39210496E8
5.40415416E8
5.41616368E8
5.42811144E8
5.43997684E8
5.45174112E8
5.46338764E8
5.4749016E8
5.48627008E8
5.49748172E8
5.50852624E8
5.51939404E8
5.53007588E8
5.54056228E8
5.55084332E8
5.56090812E8
5.57074488E8
5.58034068E8
5.58968156E8
5.59875256E8
5.6075386E8
5.61602404E8
5.62419388E8
5.63203384E8
5.63953104E8
5.6466748E8
5.6534568E8
5.659872E8
5.66591856E8
5.67159876E8
5.67691872E8
5.68188908E8
5.68652428E8
5.690843E8
5.69486776E8
5.69862432E8
5.70214156E8
5.70545064E8
5.70858464E8
5.71157776E8
5.71446464E8
5.71728004E8
5.72005832E8
5.72283236E8
5.72563396E8
5.72849296E8
5.73143748E8
5.73449356E8
5.73768524E8
5.74103468E8
5.74456248E8
5.74828768E8
5.75222816E8
5.7564006E8
5.76082124E8
5.76550556E8
5.77046852E8
5.77572472E8
5.78128816E8
5.78717232E8
5.79338996E8
5.79995276E8
5.8068714E8
5.8141552E8
5.8218118E8
5.82984712E8
5.83826552E8
5.84706928E8
5.85625888E8
5.86583312E8
5.87578904E8
5.88612208E8
5.89682648E8
5.90789472E8
5.91931832E8
5.9310874E8
5.94319104E8
5.95561676E8
5.96835092E8
5.98137864E8
5.99468376E8
6.0082488E8
6.02205516E8
6.03608352E8
6.05031384E8
6.06472576E8
6.07929928E8
6.09401456E8
6.1088532E8
6.12379776E8
6.13883292E8
6.1539452E8
6.16912368E8
6.18435964E8
6.1996472E8
6.21498276E8
6.23036496E8
6.24579456E8
6.26127352E8
6.27680504E8
6.29239276E8
6.30803992E8
6.323749E8
6.33952096E8
6.35535464E8
6.37124628E8
6.3871894E8
6.4031738E8
6.41918648E8
6.435211E8
6.45122804E8
6.46721556E8
6.48314956E8
6.4990046E8
6.5147544E8
6.5303726E8
6.54583344E8
6.56111248E8
6.57618704E8
6.5910368E8
6.6056444E8
6.61999524E8
6.63407852E8
6.6478866E8
6.66141576E8
6.67466592E8
6.68764064E8
6.7003474E8
6.71279704E8
6.72500412E8
6.73698648E8
6.74876516E8
6.76036408E8
6.77180964E8
6.78313048E8
6.7943568E8
6.80551996E8
6.8166516E8
6.82778356E8
6.83894664E8
6.85017028E8
6.86148192E8
6.87290644E8
6.88446604E8
6.89617936E8
6.90806204E8
6.92012612E8
6.93238036E8
6.94483036E8
6.95747884E8
6.97032564E8
6.98336852E8
6.99660292E8
7.01002276E8
7.02362016E8
7.03738604E8
7.0513104E8
7.06538184E8
7.07958844E8
7.09391748E8
7.10835552E8
7.12288888E8
7.13750328E8
7.15218448E8
7.16691808E8
7.18169004E8
7.19648652E8
7.21129448E8
7.22610136E8
7.2408958E8
7.25566736E8
7.27040672E8
7.28510552E8
7.29975664E8
7.31435376E8
7.32889144E8
7.34336448E8
7.3577682E8
7.3720978E8
7.3863482E8
7.40051356E8
7.41458756E8
7.42856276E8
7.44243064E8
7.45618172E8
7.46980548E8
7.48329048E8
7.49662456E8
7.50979544E8
7.5227906E8
7.53559808E8
7.5482068E8
7.56060716E8
7.57279108E8
7.58475304E8
7.59649012E8
7.6080024E8
7.61929316E8
7.63036932E8
7.6412408E8
7.65192116E8
7.66242676E8
7.67277696E8
7.68299316E8
7.69309876E8
7.70311844E8
7.7130776E8
7.72300188E8
7.73291664E8
7.74284672E8
7.75281568E8
7.76284612E8
7.7729592E8
7.78317456E8
7.79351028E8
7.8039836E8
7.81461032E8
7.82540556E8
7.83638384E8
7.84755956E8
7.85894696E8
7.87056076E8
7.88241612E8
7.89452868E8
7.90691468E8
7.919591E8
7.93257468E8
7.94588264E8
7.95953164E8
7.97353744E8
7.98791456E8
8.00267584E8
8.01783192E8
8.03339072E8
8.04935744E8
8.06573388E8
8.08251864E8
8.09970688E8
8.11729028E8
8.13525712E8
8.15359256E8
8.17227876E8
8.19129496E8
8.21061832E8
8.23022368E8
8.25008412E8
8.27017164E8
8.29045712E8
8.31091108E8
8.33150376E8
8.352206E8
8.37298912E8
8.39382588E8
8.41469008E8
8.43555756E8
8.45640612E8
8.47721536E8
8.4979678E8
8.51864776E8
8.539242E8
8.55973952E8
8.58013152E8
8.60041108E8
8.6205732E8
8.64061436E8
8.66053272E8
8.6803278E8
8.70000008E8
8.71955164E8
8.73898544E8
8.75830552E8
8.77751752E8
8.79662796E8
8.81564496E8
8.83457808E8
8.85343864E8
8.8722394E8
8.89099512E8
8.90972196E8
8.9284376E8
8.94716064E8
8.9659106E8
8.98470708E8
9.00356916E8
9.02251504E8
9.04156104E8
9.06072132E8
9.0800072E8
9.09942668E8
9.11898468E8
9.13868244E8
9.15851772E8
9.17848552E8
9.19857812E8
9.21878564E8
9.23909668E8
9.25949904E8
9.27998024E8
9.30052792E8
9.3211302E8
9.3417766E8
9.36245708E8
9.3831632E8
9.40388716E8
9.42462184E8
9.44536068E8
9.46609716E8
9.48682428E8
9.50753456E8
9.52821956E8
9.54886968E8
9.56947472E8
9.59002304E8
9.61050256E8
9.6309006E8
9.65120472E8
9.67140248E8
9.691483E8
9.71143632E8
9.73125452E8
9.7509318E8
9.7704648E8
9.78985272E8
9.80909756E8
9.82820376E8
9.8471782E8
9.86602984E8
9.8847698E8
9.90341056E8
9.92196576E8
9.94045024E8
9.95887924E8
9.97726872E8
9.9956346E8
1.001399336E9
1.003236136E9
1.005075548E9
1.006919272E9
1.008769064E9
1.010626704E9
1.012494044E9
1.014372968E9
1.0162654E9
1.018173268E9
1.020098472E9
1.022042848E9
1.024008104E9
1.025995792E9
1.028007204E9
1.03004336E9
1.032104916E9
1.03419218E9
1.03630502E9
1.038442896E9
1.040604868E9
1.042789604E9
1.04499542E9
1.047220376E9
1.049462316E9
1.051718944E9
1.053987944E9
1.056267028E9
1.058554028E9
1.060846984E9
1.06314416E9
1.065444136E9
1.067745796E9
1.070048348E9
1.072351336E9
1.074654616E9
1.076958296E9
1.079262776E9
1.081568656E9
1.083876712E9
1.086187916E9
1.088503352E9
1.09082422E9
1.09315184E9
1.095487604E9
1.097833004E9
1.100189572E9
1.102558928E9
1.104942688E9
1.107342476E9
1.109759896E9
1.112196444E9
1.114653496E9
1.117132268E9
1.119633732E9
1.122158576E9
1.124707184E9
1.127279588E9
1.12987546E9
1.132494092E9
1.135134412E9
1.137795008E9
1.140474152E9
1.143169856E9
1.14587992E9
1.148601984E9
1.151333596E9
1.1540723E9
1.15681566E9
1.159561348E9
1.162307176E9
1.16505118E9
1.167791612E9
1.170527E9
1.17325616E9
1.175978212E9
1.178692584E9
1.181398992E9
1.184097436E9
1.1867882E9
1.189471808E9
1.19214898E9
1.19482064E9
1.197487836E9
1.200151744E9
1.202813536E9
1.20547444E9
1.2081356E9
1.210798056E9
1.21346268E9
1.21613016E9
1.2188009E9
1.221475032E9
1.224152392E9
1.226832508E9
1.229514592E9
1.232197592E9
1.234880232E9
1.237561044E9
1.240238476E9
1.24291092E9
1.24557682E9
1.248234732E9
1.250883404E9
1.25352182E9
1.25614924E9
1.25876526E9
1.261369816E9
1.263963152E9
1.266545844E9
1.269118764E9
1.27168302E9
1.27423996E9
1.276791044E9
1.27933786E9
1.28188204E9
1.284425216E9
1.28696898E9
1.28951482E9
1.292064104E9
1.29461808E9
1.297177804E9
1.299744196E9
1.30231798E9
1.304899748E9
1.307489904E9
1.31008876E9
1.312696476E9
1.315313132E9
1.317938724E9
1.32057318E9
1.3232164E9
1.32586826E9
1.328528636E9
1.331197416E9
1.33387452E9
1.336559936E9
1.339253696E9
1.34195592E9
1.344666848E9
1.34738678E9
1.350116144E9
1.352855468E9
1.355605368E9
1.358366536E9
1.361139708E9
1.363925664E9
1.366725168E9
1.369538936E9
1.372367612E9
1.375211752E9
1.378071728E9
1.380947824E9
1.38384008E9
1.38674842E9
1.38967258E9
1.39261214E9
1.395566588E9
1.398535288E9
1.401517572E9
1.404512764E9
1.407520228E9
1.410539404E9
1.41356984E9
1.416611272E9
1.419663608E9
1.42272696E9
1.425801712E9
1.428888484E9
1.431988128E9
1.435101788E9
1.438230804E9
1.441376752E9
1.444541376E9
1.44772656E9
1.450934264E9
1.454166488E9
1.457425152E9
1.460712104E9
1.464028972E9
1.467377148E9
1.470757704E9
1.474171336E9
1.47761832E9
1.4810985E9
1.48461124E9
1.488155468E9
1.491729632E9
1.495331772E9
1.498959544E9
1.50261026E9
1.506280964E9
1.509968464E9
1.513669408E9
1.517380384E9
1.521097924E9
1.524818608E9
1.528539124E9
1.532256304E9
1.5359672E9
1.539669104E9
1.543359604E9
1.54703662E9
1.550698404E9
1.554343576E9
1.55797114E9
1.561580464E9
1.565171276E9
1.568743656E9
1.572297984E9
1.575834928E9
1.579355348E9
1.582860304E9
1.586350916E9
1.589828356E9
1.59329372E9
1.59674804E9
1.600192152E9
1.603626688E9
1.60705206E9
1.610468416E9
1.613875652E9
1.61727342E9
1.620661184E9
1.624038224E9
1.627403704E9
1.630756712E9
1.634096288E9
1.63742148E9
1.640731356E9
1.644025076E9
1.647301832E9
1.650560932E9
1.653801736E9
1.657023692E9
1.66022634E9
1.663409268E9
1.666572124E9
1.669714624E9
1.672836552E9
1.67593774E9
1.67901808E9
1.682077536E9
1.685116132E9
1.688133948E9
1.69113112E9
1.694107828E9
1.697064272E9
1.70000066E9
1.702917176E9
1.705813964E9
1.708691128E9
1.711548656E9
1.71438646E9
1.717204332E9
1.720001948E9
1.722778852E9
1.725534488E9
1.728268176E9
1.730979152E9
1.733666564E9
1.7363295E9
1.738966996E9
1.741578076E9
1.744161752E9
1.74671706E9
1.749243064E9
1.75173888E9
1.754203684E9
1.756636736E9
1.759037376E9
1.76140504E9
1.763739264E9
1.766039676E9
1.768305996E9
1.770538036E9
1.772735696E9
1.77489892E9
1.777027716E9
1.779122136E9
1.781182224E9
1.783208052E9
1.785199676E9
1.787157092E9
1.789080264E9
1.790969088E9
1.792823392E9
1.794642904E9
1.796427276E9
1.79817606E9
1.799888744E9
1.801564692E9
1.803203264E9
1.804803708E9
1.806365276E9
1.807887164E9
1.809368584E9
1.810808736E9
1.812206832E9
1.813562096E9
1.814873764E9
1.816141092E9
1.817363332E9
1.818539736E9
1.819669572E9
1.820752068E9
1.821786464E9
1.822771984E9
1.823707872E9
1.824593364E9
1.825427736E9
1.826210304E9
1.826940436E9
1.827617568E9
1.828241208E9
1.828810984E9
1.829326572E9
1.829787792E9
1.83019452E9
1.830546764E9
1.83084462E9
1.831088292E9
1.831278108E9
1.831414496E9
1.831498032E9
1.831529416E9
1.831509512E9
1.831439316E9
1.831319984E9
1.831152824E9
1.83093928E9
1.830680928E9
1.830379436E9
1.83003656E9
1.829654104E9
1.829233908E9
1.828777796E9
1.828287568E9
1.827764964E9
1.827211648E9
1.82662922E9
1.826019156E9
1.825382868E9
1.824721684E9
1.824036852E9
1.823329604E9
1.822601156E9
1.821852736E9
1.821085644E9
1.820301268E9
1.819501104E9
1.818686776E9
1.817860064E9
1.817022876E9
1.816177236E9
1.8153253E9
1.81446924E9
1.81361128E9
1.8127536E9
1.811898296E9
1.8110473E9
1.810202364E9
1.809364952E9
1.808536228E9
1.807717008E9
1.806907696E9
1.806108268E9
1.805318248E9
1.804536712E9
1.803762228E9
1.802992924E9
1.802226468E9
1.801460096E9
1.800690644E9
1.799914604E9
1.799128148E9
1.79832722E9
1.797507596E9
1.796664952E9
1.795794928E9
1.794893264E9
1.79395584E9
1.792978768E9
1.791958452E9
1.790891676E9
1.78977562E9
1.788607932E9
1.787386724E9
1.786110596E9
1.7847786E9
1.78339026E9
1.781945548E9
1.78044482E9
1.778888828E9
1.777278692E9
1.775615824E9
1.773901976E9
1.772139152E9
1.77032962E9
1.768475856E9
1.766580548E9
1.76464652E9
1.762676684E9
1.760674024E9
1.758641496E9
1.756581968E9
1.754498196E9
1.752392692E9
1.750267724E9
1.7481252E9
1.745966684E9
1.74379332E9
1.741605836E9
1.739404496E9
1.737189152E9
1.734959232E9
1.732713756E9
1.7304514E9
1.728170508E9
1.725869156E9
1.72354518E9
1.721196256E9
1.718819932E9
1.716413692E9
1.713975012E9
1.71150142E9
1.70899054E9
1.706440184E9
1.703848372E9
1.701213416E9
1.69853396E9
1.695809048E9
1.693038112E9
1.690221068E9
1.687358276E9
1.684450588E9
1.681499272E9
1.67850604E9
1.675473004E9
1.672402576E9
1.669297444E9
1.666160512E9
1.662994772E9
1.659803316E9
1.656589192E9
1.653355412E9
1.650104856E9
1.64684026E9
1.643564192E9
1.640279024E9
1.63698696E9
1.633690016E9
1.63039004E9
1.62708876E9
1.623787772E9
1.62048858E9
1.61719264E9
1.613901312E9
1.610615956E9
1.607337868E9
1.604068328E9
1.600808584E9
1.597559816E9
1.594323188E9
1.591099768E9
1.587890576E9
1.584696516E9
1.581518448E9
1.578357124E9
1.575213228E9
1.572087348E9
1.568980036E9
1.56589182E9
1.562823156E9
1.559774556E9
1.556746524E9
1.553739616E9
1.550754464E9
1.547791764E9
1.544852328E9
1.541937072E9
1.539047016E9
1.536183304E9
1.53334718E9
1.530539976E9
1.527763084E9
1.52501794E9
1.522305968E9
1.519628548E9
1.516986948E9
1.514382304E9
1.511815548E9
1.509287364E9
1.50679818E9
1.504348076E9
1.501936852E9
1.499563936E9
1.497228456E9
1.494929228E9
1.4926648E9
1.49043346E9
1.488233308E9
1.4860623E9
1.4839183E9
1.481799072E9
1.479702424E9
1.477626164E9
1.47556814E9
1.473526328E9
1.471498772E9
1.469483624E9
1.467479136E9
1.465483656E9
1.46349558E9
1.461513356E9
1.459535428E9
1.457560228E9
1.455586128E9
1.453611436E9
1.45163438E9
1.449653088E9
1.44766564E9
1.445670036E9
1.443664296E9
1.44164644E9
1.439614612E9
1.437567056E9
1.435502248E9
1.433418916E9
1.431316092E9
1.429193144E9
1.42704984E9
1.424886328E9
1.422703176E9
1.42050132E9
1.418282096E9
1.416047168E9
1.4137985E9
1.411538304E9
1.409269004E9
1.406993152E9
1.404713372E9
1.402432324E9
1.400152604E9
1.39787674E9
1.395607096E9
1.393345888E9
1.391095108E9
1.3888565E9
1.386631568E9
1.384421564E9
1.382227452E9
1.38004998E9
1.377889636E9
1.375746708E9
1.373621276E9
1.371513296E9
1.369422564E9
1.367348812E9
1.365291676E9
1.363250792E9
1.361225748E9
1.359216124E9
1.35722152E9
1.355241508E9
1.353275668E9
1.35132352E9
1.349384564E9
1.347458208E9
1.345543788E9
1.34364052E9
1.341747504E9
1.339863724E9
1.337988036E9
1.336119164E9
1.334255764E9
1.332396388E9
1.33053956E9
1.328683752E9
1.32682746E9
1.324969216E9
1.323107592E9
1.321241248E9
1.319368944E9
1.317489524E9
1.315601972E9
1.313705356E9
1.311798892E9
1.309881888E9
1.307953792E9
1.306014148E9
1.304062616E9
1.302098968E9
1.300123068E9
1.2981349E9
1.296134508E9
1.294122048E9
1.29209772E9
1.2900618E9
1.288014588E9
1.285956452E9
1.283887744E9
1.281808848E9
1.27972014E9
1.277622028E9
1.27551492E9
1.273399232E9
1.271275416E9
1.269143964E9
1.267005404E9
1.264860336E9
1.262709408E9
1.260553348E9
1.25839296E9
1.256229112E9
1.254062716E9
1.251894788E9
1.249726336E9
1.247558452E9
1.245392224E9
1.243228784E9
1.241069252E9
1.238914776E9
1.236766492E9
1.23462552E9
1.232492996E9
1.230370016E9
1.228257656E9
1.226156964E9
1.224068928E9
1.221994496E9
1.21993452E9
1.2178898E9
1.215861024E9
1.213848772E9
1.21185352E9
1.209875632E9
1.20791534E9
1.205972768E9
1.204047924E9
1.202140696E9
1.200250876E9
1.198378152E9
1.196522112E9
1.194682264E9
1.192858008E9
1.191048652E9
1.189253388E9
1.187471344E9
1.185701476E9
1.183942672E9
1.182193696E9
1.1804532E9
1.178719792E9
1.176991984E9
1.175268316E9
1.173547352E9
1.17182776E9
1.170108332E9
1.168388104E9
1.166666356E9
1.164942696E9
1.163217064E9
1.161489792E9
1.159761576E9
1.158033488E9
1.156306924E9
1.154583592E9
1.152865444E9
1.151154576E9
1.149453236E9
1.14776368E9
1.146088136E9
1.14442878E9
1.142787608E9
1.14116648E9
1.13956704E9
1.13799074E9
1.13643878E9
1.134912164E9
1.133411684E9
1.131937916E9
1.130491272E9
1.129071948E9
1.127680004E9
1.126315312E9
1.124977624E9
1.12366654E9
1.122381536E9
1.121122E9
1.119887216E9
1.118676412E9
1.11748878E9
1.116323492E9
1.11517972E9
1.114056688E9
1.112953632E9
1.11186988E9
1.110804804E9
1.109757848E9
1.108728524E9
1.107716372E9
1.106720964E9
1.10574186E9
1.104778616E9
1.103830728E9
1.102897624E9
1.101978644E9
1.101073032E9
1.100179928E9
1.099298352E9
1.098427256E9
1.097565484E9
1.096711832E9
1.095865016E9
1.095023744E9
1.094186676E9
1.093352484E9
1.092519804E9
1.091687284E9
1.090853568E9
1.09001726E9
1.089176988E9
1.08833132E9
1.087478836E9
1.086618088E9
1.08574764E9
1.084866072E9
1.083972024E9
1.083064212E9
1.082141508E9
1.081202904E9
1.080247656E9
1.079275224E9
1.078285364E9
1.077278116E9
1.076253856E9
1.075213224E9
1.074157204E9
1.073087016E9
1.072004144E9
1.070910272E9
1.069807208E9
1.068696892E9
1.067581284E9
1.066462328E9
1.065341908E9
1.064221764E9
1.063103472E9
1.061988388E9
1.060877628E9
1.059772032E9
1.058672188E9
1.057578384E9
1.0564907E9
1.055408988E9
1.054332944E9
1.05326216E9
1.052196196E9
1.051134632E9
1.050077148E9
1.049023552E9
1.047973872E9
1.046928328E9
1.045887384E9
1.044851748E9
1.043822344E9
1.042800256E9
1.041786736E9
1.040783104E9
1.039790736E9
1.038810964E9
1.037845092E9
1.036894256E9
1.035959484E9
1.035041612E9
1.034141292E9
1.03325896E9
1.032394856E9
1.031549032E9
1.030721364E9
1.029911536E9
1.02911912E9
1.028343528E9
1.027584092E9
1.02684004E9
1.026110536E9
1.025394692E9
1.024691584E9
1.02400026E9
1.02331974E9
1.022649032E9
1.021987124E9
1.02133298E9
1.020685536E9
1.020043692E9
1.019406324E9
1.018772228E9
1.018140188E9
1.01750892E9
1.016877092E9
1.01624336E9
1.015606336E9
1.014964648E9
1.014316928E9
1.013661868E9
1.01299824E9
1.012324888E9
1.011640836E9
1.010945264E9
1.010237568E9
1.009517376E9
1.008784616E9
1.008039504E9
1.007282588E9
1.006514768E9
1.00573728E9
1.004951712E9
1.004159968E9
1.00336426E9
1.002567032E9
1.001770936E9
1.000978748E9
1.0001933E9
9.99417416E8
9.98653836E8
9.97905128E8
9.97173672E8
9.96461564E8
9.95770636E8
9.95102348E8
9.94457868E8
9.93838E8
9.93243252E8
9.9267382E8
9.921296E8
9.91610252E8
9.9111522E8
9.90643716E8
9.90194816E8
9.89767412E8
9.8936026E8
9.88972012E8
9.886012E8
9.88246232E8
9.87905428E8
9.87577032E8
9.87259176E8
9.86949948E8
9.86647364E8
9.8634942E8
9.86054108E8
9.85759436E8
9.85463508E8
9.85164504E8
9.84860772E8
9.84550856E8
9.8423354E8
9.83907872E8
9.835732E8
9.83229204E8
9.828759E8
9.8251364E8
9.82143068E8
9.81765156E8
9.8138112E8
9.80992384E8
9.80600508E8
9.80207184E8
9.7981412E8
9.79423004E8
9.79035452E8
9.78652948E8
9.78276828E8
9.77908228E8
9.77548096E8
9.7719716E8
9.76855928E8
9.76524708E8
9.76203624E8
9.7589264E8
9.75591536E8
9.75299988E8
9.75017532E8
9.74743624E8
9.7447762E8
9.74218816E8
9.73966432E8
9.7371964E8
9.73477576E8
9.7323936E8
9.73004084E8
9.72770868E8
9.72538832E8
9.7230718E8
9.72075188E8
9.71842228E8
9.71607832E8
9.71371664E8
9.71133608E8
9.70893744E8
9.70652336E8
9.70409924E8
9.70167188E8
9.69925044E8
9.69684536E8
9.69446844E8
9.69213212E8
9.68984908E8
9.68763184E8
9.68549196E8
9.68343992E8
9.68148444E8
9.67963264E8
9.67788928E8
9.67625752E8
9.67473828E8
9.67333092E8
9.67203344E8
9.67084264E8
9.66975492E8
9.66876616E8
9.66787236E8
9.66707E8
9.66635576E8
9.66572712E8
9.66518228E8
9.6647196E8
9.664338E8
9.66403648E8
9.66381396E8
9.66366904E8
9.66359964E8
9.663603E8
9.66367528E8
9.663812E8
9.66400704E8
9.66425356E8
9.66454352E8
9.66486784E8
9.6652168E8
9.6655798E8
9.66594556E8
9.66630276E8
9.66663948E8
9.66694412E8
9.66720528E8
9.66741168E8
9.66755304E8
9.66761968E8
9.66760312E8
9.66749596E8
9.66729236E8
9.66698796E8
9.66658024E8
9.66606856E8
9.66545436E8
9.66474116E8
9.66393484E8
9.6630434E8
9.66207712E8
9.66104864E8
9.6599724E8
9.65886476E8
9.65774344E8
9.6566274E8
9.65553608E8
9.65448908E8
9.65350568E8
9.65260412E8
9.65180112E8
9.65111188E8
9.65054908E8
9.65012308E8
9.64984132E8
9.64970868E8
9.6497272E8
9.649896E8
9.65021188E8
9.6506688E8
9.65125876E8
9.65197136E8
9.65279468E8
9.65371488E8
9.65471704E8
9.65578492E8
9.65690144E8
9.65804952E8
9.65921152E8
9.6603704E8
9.66150972E8
9.66261424E8
9.6636704E8
9.66466616E8
9.66559228E8
9.66644152E8
9.66720968E8
9.66789528E8
9.66849956E8
9.6690266E8
9.66948296E8
9.66987772E8
9.67022192E8
9.67052844E8
9.67081192E8
9.67108816E8
9.67137404E8
9.67168732E8
9.6720466E8
9.67247108E8
9.6729804E8
9.6735948E8
9.6743348E8
9.67522112E8
9.6762748E8
9.67751684E8
9.67896776E8
9.68064804E8
9.68257708E8
9.68477364E8
9.68725512E8
9.69003752E8
9.69313516E8
9.6965604E8
9.7003236E8
9.70443276E8
9.70889356E8
9.71370884E8
9.718879E8
9.72440144E8
9.73027044E8
9.7364776E8
9.74301112E8
9.74985632E8
9.75699552E8
9.76440816E8
9.77207104E8
9.77995856E8
9.78804296E8
9.79629496E8
9.804684E8
9.81317908E8
9.8217488E8
9.83036264E8
9.83899072E8
9.84760544E8
9.8561812E8
9.86469552E8
9.87312912E8
9.88146672E8
9.8896974E8
9.89781472E8
9.90581724E8
9.91370844E8
9.92149696E8
9.92919652E8
9.93682576E8
9.94440816E8
9.9519714E8
9.95954704E8
9.96716948E8
9.97487588E8
9.98270468E8
9.9906948E8
9.99888448E8
1.000731036E9
1.001600616E9
1.002500192E9
1.003432292E9
1.004398872E9
1.00540128E9
1.0064402E9
1.007515612E9
1.0086268E9
1.009772368E9
1.01095026E9
1.01215778E9
1.013391696E9
1.014648268E9
1.015923304E9
1.017212264E9
1.018510316E9
1.019812452E9
1.0211135E9
1.022408268E9
1.023691596E9
1.024958468E9
1.026204048E9
1.027423844E9
1.028613688E9
1.029769892E9
1.030889256E9
1.03196916E9
1.033007568E9
1.03400304E9
1.034954768E9
1.035862504E9
1.03672656E9
1.037547744E9
1.038327272E9
1.039066708E9
1.03976788E9
1.040432804E9
1.041063592E9
1.041662412E9
1.042231428E9
1.042772744E9
1.043288424E9
1.043780492E9
1.044250912E9
1.044701648E9
1.045134724E9
1.045552212E9
1.04595634E9
1.04634948E9
1.046734216E9
1.047113332E9
1.04748984E9
1.047866924E9
1.04824796E9
1.048636408E9
1.049035808E9
1.049449648E9
1.049881348E9
1.050334128E9
1.05081096E9
1.051314488E9
1.051846972E9
1.05241026E9
1.053005712E9
1.053634232E9
1.05429626E9
1.054991784E9
1.055720408E9
1.056481352E9
1.057273592E9
1.058095864E9
1.058946744E9
1.059824768E9
1.060728424E9
1.061656252E9
1.062606868E9
1.063578948E9
1.064571276E9
1.065582708E9
1.066612132E9
1.067658456E9
1.068720548E9
1.069797172E9
1.070886996E9
1.071988496E9
1.073099972E9
1.074219516E9
1.075345028E9
1.076474184E9
1.077604528E9
1.078733428E9
1.079858196E9
1.080976052E9
1.082084268E9
1.083180148E9
1.084261104E9
1.085324716E9
1.086368764E9
1.08739126E9
1.088390508E9
1.089365108E9
1.090313972E9
1.091236356E9
1.092131868E9
1.093000432E9
1.093842308E9
1.094658076E9
1.095448584E9
1.096214928E9
1.096958432E9
1.097680552E9
1.098382868E9
1.099066996E9
1.099734564E9
1.10038714E9
1.101026192E9
1.101653052E9
1.10226888E9
1.102874672E9
1.10347124E9
1.104059216E9
1.104639104E9
1.105211264E9
1.105775992E9
1.106333528E9
1.106884108E9
1.107427996E9
1.107965536E9
1.108497104E9
1.109023196E9
1.109544376E9
1.11006128E9
1.110574584E9
1.111084992E9
1.11159314E9
1.112099632E9
1.112604924E9
1.113109296E9
1.113612852E9
1.114115424E9
1.114616612E9
1.115115708E9
1.11561178E9
1.1161036E9
1.116589728E9
1.117068556E9
1.117538312E9
1.11799718E9
1.118443324E9
1.118874992E9
1.11929056E9
1.119688616E9
1.120068024E9
1.120427988E9
1.120768096E9
1.12108836E9
1.121389244E9
1.121671644E9
1.121936916E9
1.12218684E9
1.122423564E9
1.122649552E9
1.122867584E9
1.12308058E9
1.123291608E9
1.12350374E9
1.123720044E9
1.123943424E9
1.124176628E9
1.124422112E9
1.124682056E9
1.12495828E9
1.125252224E9
1.125564952E9
1.1258971E9
1.12624892E9
1.1266203E9
1.127010728E9
1.127419388E9
1.127845148E9
1.128286612E9
1.128742164E9
1.129209984E9
1.129688136E9
1.13017454E9
1.13066708E9
1.13116358E9
1.131661876E9
1.132159824E9
1.132655304E9
1.133146284E9
1.13363078E9
1.134106888E9
1.134572804E9
1.135026776E9
1.135467152E9
1.135892368E9
1.13630096E9
1.136691552E9
1.137062892E9
1.137413856E9
1.137743452E9
1.138050848E9
1.138335432E9
1.13859676E9
1.138834604E9
1.139049E9
1.139240208E9
1.139408708E9
1.139555232E9
1.139680684E9
1.139786168E9
1.139872868E9
1.139942096E9
1.139995132E9
1.140033272E9
1.14005768E9
1.14006936E9
1.140069132E9
1.140057552E9
1.140034896E9
1.14000114E9
1.139955932E9
1.139898632E9
1.139828284E9
1.139743688E9
1.139643396E9
1.139525796E9
1.139389152E9
1.139231648E9
1.139051476E9
1.138846844E9
1.138616096E9
1.138357672E9
1.138070192E9
1.137752484E9
1.137403552E9
1.137022604E9
1.136609068E9
1.136162532E9
1.135682756E9
1.135169644E9
1.134623248E9
1.134043716E9
1.13343132E9
1.13278644E9
1.132109544E9
1.131401208E9
1.130662152E9
1.129893192E9
1.129095252E9
1.128269404E9
1.127416816E9
1.12653878E9
1.125636636E9
1.124711788E9
1.123765636E9
1.122799556E9
1.12181482E9
1.120812544E9
1.119793676E9
1.1187589E9
1.117708608E9
1.11664288E9
1.11556146E9
1.114463776E9
1.113348916E9
1.112215708E9
1.111062736E9
1.109888436E9
1.108691164E9
1.107469272E9
1.106221196E9
1.104945576E9
1.10364128E9
1.1023075E9
1.100943792E9
1.099550124E9
1.09812684E9
1.0966747E9
1.095194816E9
1.093688624E9
1.0921578E9
1.090604204E9
1.089029848E9
1.087436752E9
1.085826924E9
1.0842023E9
1.082564704E9
1.080915784E9
1.07925704E9
1.077589788E9
1.075915152E9
1.074234112E9
1.072547496E9
1.070855996E9
1.0691602E9
1.06746058E9
1.065757544E9
1.064051392E9
1.062342352E9
1.060630588E9
1.058916156E9
1.057199056E9
1.055479208E9
1.053756472E9
1.052030672E9
1.050301596E9
1.048569036E9
1.046832856E9
1.045092956E9
1.043349368E9
1.041602248E9
1.03985194E9
1.038098964E9
1.036344032E9
1.034588068E9
1.032832188E9
1.031077672E9
1.029325932E9
1.027578504E9
1.025836976E9
1.024102956E9
1.02237802E9
1.020663648E9
1.018961224E9
1.017271948E9
1.015596812E9
1.013936568E9
1.012291716E9
1.01066246E9
1.009048712E9
1.007450056E9
1.005865756E9
1.004294792E9
1.00273578E9
1.001187064E9
9.9964664E8
9.98112268E8
9.96581384E8
9.950512E8
9.93518688E8
9.91980632E8
9.9043366E8
9.88874292E8
9.87298992E8
9.85704248E8
9.84086616E8
9.8244282E8
9.80769808E8
9.79064836E8
9.77325548E8
9.75550024E8
9.73736864E8
9.71885196E8
9.69994744E8
9.6806582E8
9.66099316E8
9.64096692E8
9.62059928E8
9.59991484E8
9.57894188E8
9.5577122E8
9.53625972E8
9.51461984E8
9.49282848E8
9.47092108E8
9.44893204E8
9.42689392E8
9.40483668E8
9.3827878E8
9.36077152E8
9.33880876E8
9.3169178E8
9.29511384E8
9.27340964E8
9.251816E8
9.23034212E8
9.20899652E8
9.18778708E8
9.1667218E8
9.1458092E8
9.12505856E8
9.10447988E8
9.08408376E8
9.0638816E8
9.0438846E8
9.02410364E8
9.00454848E8
8.98522728E8
8.9661458E8
8.94730676E8
8.92870976E8
8.91035076E8
8.892222E8
8.87431224E8
8.85660696E8
8.83908884E8
8.82173872E8
8.80453584E8
8.78745888E8
8.77048668E8
8.75359908E8
8.73677732E8
8.72000472E8
8.70326692E8
8.68655204E8
8.66985064E8
8.65315572E8
8.63646232E8
8.61976688E8
8.6030672E8
8.58636156E8
8.56964812E8
8.5529252E8
8.53618956E8
8.51943748E8
8.50266384E8
8.48586228E8
8.46902504E8
8.4521438E8
8.43520944E8
8.41821256E8
8.40114404E8
8.38399556E8
8.36675976E8
8.3494312E8
8.3320064E8
8.31448444E8
8.29686716E8
8.2791594E8
8.26136932E8
8.24350792E8
8.22558968E8
8.20763152E8
8.18965308E8
8.17167596E8
8.1537232E8
8.13581868E8
8.1179864E8
8.10024996E8
8.08263188E8
8.06515316E8
8.04783256E8
8.03068668E8
8.01372964E8
7.99697304E8
7.98042604E8
7.96409556E8
7.94798648E8
7.932102E8
7.91644352E8
7.90101124E8
7.88580396E8
7.87081924E8
7.8560536E8
7.841502E8
7.8271584E8
7.81301512E8
7.7990632E8
7.78529212E8
7.77169024E8
7.75824448E8
7.7449408E8
7.7317644E8
7.7187002E8
7.70573264E8
7.69284668E8
7.68002776E8
7.66726192E8
7.65453664E8
7.64184044E8
7.62916324E8
7.61649652E8
7.60383308E8
7.59116696E8
7.57849336E8
7.56580848E8
7.5531092E8
7.54039284E8
7.527657E8
7.5148994E8
7.50211756E8
7.4893086E8
7.47646948E8
7.4635966E8
7.45068608E8
7.43773364E8
7.42473468E8
7.4116846E8
7.39857856E8
7.385412E8
7.3721804E8
7.35887952E8
7.34550564E8
7.33205496E8
7.3185242E8
7.30491024E8
7.29120976E8
7.2774196E8
7.26353612E8
7.2495554E8
7.23547276E8
7.22128308E8
7.20698064E8
7.1925588E8
7.1780106E8
7.16332868E8
7.1485056E8
7.13353376E8
7.11840608E8
7.10311628E8
7.08765876E8
7.07202904E8
7.05622428E8
7.04024288E8
7.02408508E8
7.0077528E8
6.99124944E8
6.9745802E8
6.9577516E8
6.94077172E8
6.9236496E8
6.90639536E8
6.8890198E8
6.8715344E8
6.85395092E8
6.83628168E8
6.81853904E8
6.8007358E8
6.78288504E8
6.7650004E8
6.74709588E8
6.7291864E8
6.71128788E8
6.69341696E8
6.67559164E8
6.657831E8
6.6401552E8
6.6225852E8
6.60514272E8
6.5878498E8
6.57072868E8
6.55380084E8
6.5370872E8
6.52060732E8
6.50437928E8
6.48841916E8
6.47274096E8
6.45735648E8
6.44227508E8
6.42750368E8
6.41304728E8
6.39890864E8
6.38508852E8
6.37158616E8
6.35839936E8
6.34552468E8
6.3329576E8
6.32069284E8
6.30872464E8
6.29704656E8
6.2856518E8
6.27453336E8
6.26368372E8
6.25309532E8
6.2427602E8
6.23266984E8
6.22281564E8
6.21318812E8
6.2037774E8
6.19457284E8
6.18556276E8
6.17673496E8
6.16807608E8
6.1595718E8
6.15120704E8
6.142966E8
6.13483208E8
6.12678828E8
6.11881716E8
6.1109016E8
6.1030242E8
6.09516844E8
6.08731812E8
6.07945804E8
6.07157436E8
6.0636542E8
6.05568668E8
6.04766208E8
6.03957276E8
6.03141276E8
6.02317812E8
6.01486668E8
6.00647792E8
5.99801304E8
5.9894746E8
5.98086632E8
5.97219288E8
5.96345956E8
5.95467184E8
5.94583536E8
5.93695536E8
5.92803672E8
5.9190834E8
5.91009876E8
5.9010854E8
5.89204464E8
5.88297724E8
5.87388352E8
5.86476292E8
5.85561468E8
5.84643808E8
5.8372324E8
5.82799736E8
5.81873344E8
5.80944168E8
5.80012424E8
5.79078428E8
5.78142604E8
5.77205476E8
5.76267688E8
5.7532998E8
5.74393168E8
5.73458124E8
5.72525804E8
5.7159718E8
5.70673248E8
5.69755016E8
5.6884346E8
5.67939532E8
5.670441E8
5.6615798E8
5.6528186E8
5.64416304E8
5.63561684E8
5.62718236E8
5.61885936E8
5.61064552E8
5.60253604E8
5.59452356E8
5.58659828E8
5.578748E8
5.57095832E8
5.56321308E8
5.55549472E8
5.54778452E8
5.54006352E8
5.53231248E8
5.52451268E8
5.51664648E8
5.50869704E8
5.50064904E8
5.49248856E8
5.48420308E8
5.47578152E8
5.46721368E8
5.45849044E8
5.44960304E8
5.4405434E8
5.43130352E8
5.42187512E8
5.41225036E8
5.402421E8
5.39237916E8
5.38211728E8
5.37162828E8
5.3609058E8
5.34994512E8
5.33874248E8
5.32729608E8
5.31560612E8
5.3036746E8
5.29150564E8
5.27910532E8
5.26648144E8
5.2536434E8
5.24060196E8
5.22736864E8
5.21395596E8
5.20037668E8
5.18664392E8
5.1727708E8
5.15877072E8
5.14465692E8
5.13044324E8
5.11614348E8
5.101772E8
5.08734396E8
5.072875E8
5.0583818E8
5.04388152E8
5.02939244E8
5.01493304E8
5.00052228E8
4.98617924E8
4.97192248E8
4.95777E8
4.9437388E8
4.92984432E8
4.91610024E8
4.9025184E8
4.88910792E8
4.87587584E8
4.86282676E8
4.84996284E8
4.83728416E8
4.82478892E8
4.81247396E8
4.80033512E8
4.78836764E8
4.7765668E8
4.76492848E8
4.75344924E8
4.74212704E8
4.73096152E8
4.71995388E8
4.70910724E8
4.69842624E8
4.68791736E8
4.67758804E8
4.66744688E8
4.65750288E8
4.647765E8
4.6382418E8
4.62894088E8
4.61986876E8
4.61103012E8
4.60242784E8
4.59406308E8
4.5859348E8
4.5780406E8
4.57037652E8
4.56293748E8
4.55571812E8
4.54871268E8
4.54191624E8
4.53532484E8
4.52893588E8
4.52274856E8
4.51676444E8
4.51098712E8
4.50542232E8
4.5000782E8
4.49496416E8
4.49009136E8
4.48547156E8
4.48111676E8
4.47703828E8
4.47324644E8
4.46974924E8
4.46655204E8
4.46365688E8
4.4610616E8
4.45875988E8
4.45674024E8
4.45498648E8
4.45347744E8
4.45218688E8
4.45108424E8
4.45013504E8
4.44930104E8
4.44854156E8
4.44781408E8
4.447075E8
4.44628072E8
4.44538868E8
4.4443582E8
4.44315108E8
4.44173296E8
4.44007356E8
4.43814748E8
4.4359342E8
4.43341892E8
4.43059224E8
4.42744992E8
4.42399308E8
4.42022744E8
4.41616312E8
4.41181364E8
4.40719596E8
4.40232884E8
4.39723316E8
4.39193052E8
4.386443E8
4.38079256E8
4.3750002E8
4.36908604E8
4.3630684E8
4.35696396E8
4.35078696E8
4.34454964E8
4.33826148E8
4.33192972E8
4.325559E8
4.31915176E8
4.31270856E8
4.30622828E8
4.29970864E8
4.29314684E8
4.28654004E8
4.27988592E8
4.2731834E8
4.26643308E8
4.25963748E8
4.25280148E8
4.24593236E8
4.23903968E8
4.23213508E8
4.22523184E8
4.2183444E8
4.2114876E8
4.20467616E8
4.19792364E8
4.19124204E8
4.18464116E8
4.17812776E8
4.17170536E8
4.16537428E8
4.1591312E8
4.15296956E8
4.14688E8
4.14085052E8
4.13486776E8
4.1289172E8
4.12298416E8
4.1170546E8
4.11111608E8
4.10515796E8
4.09917236E8
4.09315404E8
4.08710108E8
4.08101416E8
4.07489696E8
4.0687554E8
4.06259716E8
4.05643152E8
4.0502682E8
4.04411732E8
4.03798844E8
4.0318904E8
4.02583052E8
4.01981512E8
4.01384828E8
4.00793252E8
4.00206836E8
3.9962544E8
3.99048724E8
3.98476188E8
3.97907136E8
3.97340716E8
3.96775932E8
3.96211624E8
3.95646544E8
3.95079312E8
3.94508492E8
3.93932596E8
3.933501E8
3.9275952E8
3.92159396E8
3.9154838E8
3.90925228E8
3.9028886E8
3.8963836E8
3.8897306E8
3.88292484E8
3.87596388E8
3.8688476E8
3.8615784E8
3.85416052E8
3.84660036E8
3.83890584E8
3.8310866E8
3.82315336E8
3.81511788E8
3.80699252E8
3.79879028E8
3.79052444E8
3.7822084E8
3.77385568E8
3.7654796E8
3.7570936E8
3.74871084E8
3.74034448E8
3.73200748E8
3.72371276E8
3.71547356E8
3.7073028E8
3.6992136E8
3.69121928E8
3.6833332E8
3.67556864E8
3.66793884E8
3.66045688E8
3.6531354E8
3.64598616E8
3.63902008E8
3.63224684E8
3.62567444E8
3.61930884E8
3.61315376E8
3.60721032E8
3.60147664E8
3.59594808E8
3.5906168E8
3.58547176E8
3.58049924E8
3.57568236E8
3.57100228E8
3.56643752E8
3.56196544E8
3.55756192E8
3.55320224E8
3.54886148E8
3.544515E8
3.54013892E8
3.53571024E8
3.53120772E8
3.52661156E8
3.521904E8
3.51706976E8
3.51209532E8
3.50696992E8
3.50168504E8
3.49623452E8
3.49061424E8
3.48482256E8
3.47885948E8
3.47272656E8
3.46642712E8
3.45996548E8
3.4533472E8
3.44657868E8
3.43966724E8
3.43262116E8
3.42544956E8
3.41816272E8
3.41077196E8
3.4032898E8
3.39573E8
3.38810748E8
3.38043832E8
3.37273904E8
3.36502692E8
3.35731872E8
3.34963092E8
3.34197844E8
3.33437448E8
3.32682988E8
3.31935244E8
3.311947E8
3.30461468E8
3.29735352E8
3.290158E8
3.28301984E8
3.27592832E8
3.26887064E8
3.26183296E8
3.25480096E8
3.2477604E8
3.2406982E8
3.23360244E8
3.2264634E8
3.21927348E8
3.21202768E8
3.20472356E8
3.19736132E8
3.18994316E8
3.1824738E8
3.17495972E8
3.16740888E8
3.15983048E8
3.15223496E8
3.14463328E8
3.13703696E8
3.12945808E8
3.12190868E8
3.11440132E8
3.10694844E8
3.09956228E8
3.092255E8
3.0850384E8
3.07792376E8
3.07092132E8
3.06404024E8
3.05728848E8
3.05067184E8
3.04419436E8
3.03785764E8
3.03166088E8
3.02560076E8
3.01967132E8
3.01386416E8
3.00816872E8
3.00257228E8
2.99706084E8
2.99161892E8
2.9862306E8
2.98087936E8
2.97554868E8
2.97022272E8
2.96488604E8
2.9595244E8
2.95412452E8
2.9486744E8
2.94316376E8
2.9375836E8
2.9319268E8
2.92618796E8
2.92036364E8
2.91445224E8
2.90845428E8
2.9023724E8
2.89621112E8
2.88997724E8
2.88367948E8
2.87732844E8
2.87093688E8
2.86451924E8
2.85809128E8
2.85167072E8
2.8452764E8
2.83892824E8
2.83264688E8
2.82645356E8
2.82036952E8
2.81441568E8
2.80861228E8
2.8029784E8
2.79753116E8
2.79228608E8
2.78725584E8
2.78245088E8
2.77787852E8
2.77354316E8
2.7694466E8
2.76558764E8
2.76196288E8
2.75856628E8
2.75539056E8
2.75242668E8
2.74966456E8
2.74709352E8
2.74470244E8
2.7424802E8
2.74041596E8
2.738499E8
2.73671928E8
2.7350672E8
2.7335334E8
2.73210952E8
2.73078728E8
2.72955896E8
2.72841708E8
2.7273544E8
2.72636384E8
2.72543836E8
2.72457084E8
2.72375432E8
2.72298168E8
2.72224584E8
2.72154E8
2.72085716E8
2.7201908E8
2.71953476E8
2.7188832E8
2.71823072E8
2.71757248E8
2.71690428E8
2.71622224E8
2.71552324E8
2.7148044E8
2.71406348E8
2.7132986E8
2.71250836E8
2.71169196E8
2.71084892E8
2.7099796E8
2.70908512E8
2.70816708E8
2.70722844E8
2.70627256E8
2.705304E8
2.70432796E8
2.70335032E8
2.70237728E8
2.70141548E8
2.70047088E8
2.69954968E8
2.69865676E8
2.69779636E8
2.6969712E8
2.6961828E8
2.69543092E8
2.69471404E8
2.69402896E8
2.69337116E8
2.69273488E8
2.69211348E8
2.69149952E8
2.69088504E8
2.69026204E8
2.68962248E8
2.6889586E8
2.68826288E8
2.68752876E8
2.68674988E8
2.68592096E8
2.68503724E8
2.68409472E8
2.68309024E8
2.68202116E8
2.68088564E8
2.6796824E8
2.67841092E8
2.6770714E8
2.67566444E8
2.67419116E8
2.67265336E8
2.67105284E8
2.66939148E8
2.6676712E8
2.66589336E8
2.66405896E8
2.6621682E8
2.66022044E8
2.65821432E8
2.6561476E8
2.65401764E8
2.65182136E8
2.64955576E8
2.64721844E8
2.6448078E8
2.64232348E8
2.6397668E8
2.63714092E8
2.63445072E8
2.63170324E8
2.62890688E8
2.62607132E8
2.62320724E8
2.62032544E8
2.61743636E8
2.6145496E8
2.61167328E8
2.60881372E8
2.60597504E8
2.60315896E8
2.60036476E8
2.59758936E8
2.59482748E8
2.59207176E8
2.58931328E8
2.58654172E8
2.58374572E8
2.58091312E8
2.57803152E8
2.57508828E8
2.57207076E8
2.56896652E8
2.5657638E8
2.5624512E8
2.55901812E8
2.55545476E8
2.55175256E8
2.54790388E8
2.54390244E8
2.53974348E8
2.5354238E8
2.5309418E8
2.526298E8
2.52149448E8
2.5165356E8
2.51142768E8
2.50617928E8
2.5008008E8
2.4953048E8
2.48970564E8
2.48401936E8
2.47826336E8
2.47245628E8
2.46661712E8
2.4607654E8
2.45492016E8
2.44909952E8
2.44332048E8
2.43759764E8
2.4319436E8
2.42636776E8
2.42087612E8
2.41547148E8
2.41015248E8
2.40491444E8
2.39974876E8
2.39464368E8
2.38958456E8
2.38455448E8
2.3795346E8
2.37450484E8
2.36944504E8
2.36433472E8
2.35915432E8
2.3538856E8
2.34851192E8
2.34301856E8
2.3373932E8
2.33162608E8
2.32570964E8
2.31963948E8
2.3134136E8
2.30703264E8
2.3005002E8
2.2938224E8
2.28700804E8
2.2800686E8
2.27301796E8
2.26587268E8
2.2586516E8
2.25137572E8
2.2440682E8
2.23675408E8
2.22945972E8
2.222213E8
2.21504252E8
2.20797752E8
2.20104724E8
2.1942808E8
2.18770636E8
2.181351E8
2.1752398E8
2.16939588E8
2.16383948E8
2.1585878E8
2.1536544E8
2.149049E8
2.144777E8
2.14083944E8
2.13723284E8
2.1339492E8
2.13097608E8
2.12829716E8
2.12589204E8
2.12373744E8
2.12180724E8
2.12007336E8
2.11850668E8
2.11707736E8
2.11575632E8
2.11451516E8
2.11332748E8
2.112169E8
2.11101852E8
2.10985784E8
2.10867204E8
2.10744972E8
2.10618268E8
2.10486628E8
2.1034986E8
2.10208048E8
2.10061536E8
2.09910856E8
2.09756728E8
2.096E8
2.09441636E8
2.09282688E8
2.09124252E8
2.08967424E8
2.0881334E8
2.08663044E8
2.085176E8
2.08377936E8
2.08244892E8
2.08119188E8
2.08001396E8
2.07891904E8
2.07790916E8
2.0769842E8
2.07614196E8
2.07537768E8
2.07468424E8
2.07405228E8
2.07347012E8
2.07292412E8
2.07239896E8
2.07187788E8
2.07134368E8
2.07077872E8
2.07016592E8
2.06948932E8
2.06873448E8
2.0678894E8
2.06694472E8
2.06589388E8
2.06473384E8
2.0634644E8
2.0620886E8
2.06061212E8
2.05904312E8
2.0573914E8
2.05566808E8
2.05388488E8
2.05205364E8
2.05018564E8
2.04829104E8
2.046379E8
2.04445688E8
2.04253044E8
2.04060408E8
2.03868036E8
2.03676076E8
2.03484596E8
2.03293588E8
2.03103044E8
2.0291296E8
2.02723384E8
2.02534448E8
2.0234636E8
2.02159464E8
2.01974192E8
2.01791084E8
2.01610764E8
2.01433924E8
2.01261292E8
2.01093584E8
2.0093148E8
2.0077562E8
2.00626496E8
2.00484492E8
2.00349812E8
2.00222492E8
2.0010238E8
1.9998912E8
1.9988218E8
1.99780868E8
1.99684296E8
1.9959146E8
1.99501244E8
1.9941242E8
1.99323736E8
1.9923388E8
1.99141536E8
1.9904542E8
1.98944316E8
1.98837072E8
1.98722688E8
1.98600284E8
1.98469176E8
1.98328884E8
1.98179144E8
1.98019932E8
1.97851448E8
1.9767414E8
1.97488624E8
1.97295708E8
1.97096316E8
1.9689146E8
1.9668218E8
1.9646948E8
1.96254288E8
1.9603742E8
1.95819532E8
1.956011E8
1.95382408E8
1.95163556E8
1.94944444E8
1.94724836E8
1.94504356E8
1.94282524E8
1.94058812E8
1.93832656E8
1.93603508E8
1.9337088E8
1.9313434E8
1.92893572E8
1.9264836E8
1.92398632E8
1.92144452E8
1.91886004E8
1.9162362E8
1.9135776E8
1.9108896E8
1.90817872E8
1.90545192E8
1.90271672E8
1.89998056E8
1.89725112E8
1.89453556E8
1.89184072E8
1.8891728E8
1.8865374E8
1.88393944E8
1.88138308E8
1.8788718E8
1.87640852E8
1.87399532E8
1.8716334E8
1.86932348E8
1.867065E8
1.86485636E8
1.86269452E8
1.86057484E8
1.85849076E8
1.85643364E8
1.85439244E8
1.8523536E8
1.8503012E8
1.84821688E8
1.84607968E8
1.843867E8
1.8415544E8
1.83911644E8
1.83652716E8
1.83376076E8
1.830792E8
1.82759732E8
1.82415508E8
1.8204466E8
1.81645604E8
1.81217156E8
1.80758528E8
1.80269372E8
1.79749776E8
1.79200316E8
1.7862198E8
1.78016236E8
1.77384932E8
1.767303E8
1.76054908E8
1.75361564E8
1.74653308E8
1.7393332E8
1.73204824E8
1.72471088E8
1.71735292E8
1.71000488E8
1.70269628E8
1.69545424E8
1.68830396E8
1.68126852E8
1.67436896E8
1.66762392E8
1.66105048E8
1.65466372E8
1.64847724E8
1.64250312E8
1.63675196E8
1.631233E8
1.62595388E8
1.62092084E8
1.61613808E8
1.61160832E8
1.60733188E8
1.60330728E8
1.5995308E8
1.5959964E8
1.59269624E8
1.58962032E8
1.58675708E8
1.58409332E8
1.58161484E8
1.5793066E8
1.57715324E8
1.57513904E8
1.57324868E8
1.57146744E8
1.56978116E8
1.56817692E8
1.56664288E8
1.5651686E8
1.56374512E8
1.56236472E8
1.56102148E8
1.55971056E8
1.5584284E8
1.55717276E8
1.55594196E8
1.55473492E8
1.55355076E8
1.5523884E8
1.55124636E8
1.5501224E8
1.54901316E8
1.54791424E8
1.54681992E8
1.54572344E8
1.54461668E8
1.5434912E8
1.54233756E8
1.54114652E8
1.53990896E8
1.53861628E8
1.53726096E8
1.53583656E8
1.53433804E8
1.5327618E8
1.53110556E8
1.52936852E8
1.52755092E8
1.52565368E8
1.52367852E8
1.52162744E8
1.51950252E8
1.51730596E8
1.51503972E8
1.51270596E8
1.51030684E8
1.507845E8
1.50532392E8
1.5027478E8
1.50012276E8
1.49745648E8
1.49475872E8
1.49204152E8
1.48931948E8
1.48660908E8
1.4839292E8
1.48130008E8
1.4787434E8
1.47628128E8
1.4739356E8
1.47172772E8
1.46967716E8
1.46780164E8
1.46611576E8
1.46463112E8
1.46335532E8
1.4622922E8
1.46144156E8
1.4607988E8
1.46035544E8
1.4600992E8
1.46001424E8
1.46008152E8
1.46027972E8
1.4605852E8
1.46097304E8
1.46141744E8
1.46189252E8
1.46237268E8
1.46283344E8
1.46325188E8
1.4636068E8
1.4638796E8
1.46405412E8
1.4641172E8
1.4640584E8
1.46387048E8
1.46354932E8
1.46309368E8
1.46250536E8
1.46178876E8
1.46095096E8
1.46000144E8
1.45895184E8
1.45781556E8
1.45660784E8
1.45534472E8
1.45404348E8
1.45272152E8
1.45139648E8
1.45008524E8
1.44880364E8
1.44756572E8
1.44638352E8
1.44526636E8
1.44422016E8
1.4432474E8
1.44234696E8
1.44151332E8
1.44073752E8
1.44000656E8
1.43930428E8
1.43861156E8
1.43790708E8
1.43716784E8
1.43637028E8
1.43549064E8
1.4345062E8
1.43339556E8
1.43213964E8
1.43072188E8
1.42912892E8
1.42735056E8
1.4253802E8
1.4232144E8
1.42085304E8
1.41829888E8
1.41555712E8
1.41263532E8
1.4095424E8
1.40628872E8
1.40288528E8
1.39934324E8
1.39567384E8
1.39188772E8
1.38799496E8
1.38400496E8
1.37992564E8
1.37576456E8
1.37152796E8
1.36722156E8
1.3628504E8
1.35841924E8
1.35393288E8
1.34939612E8
1.34481432E8
1.34019356E8
1.33554064E8
1.33086312E8
1.32616984E8
1.32147012E8
1.31677436E8
1.3120932E8
1.30743788E8
1.3028196E8
1.29824912E8
1.29373704E8
1.28929268E8
1.2849244E8
1.28063916E8
1.27644252E8
1.27233796E8
1.26832752E8
1.26441128E8
1.26058768E8
1.2568534E8
1.2532038E8
1.24963272E8
1.246133E8
1.24269672E8
1.23931516E8
1.23597928E8
1.23267988E8
1.22940784E8
1.22615444E8
1.2229116E8
1.21967188E8
1.21642924E8
1.21317868E8
1.20991664E8
1.20664136E8
1.20335268E8
1.20005216E8
1.19674352E8
1.19343192E8
1.19012444E8
1.18682972E8
1.18355784E8
1.18031996E8
1.17712808E8
1.17399496E8
1.17093308E8
1.16795508E8
1.16507248E8
1.16229592E8
1.15963416E8
1.15709424E8
1.1546806E8
1.15239492E8
1.15023608E8
1.14819972E8
1.14627844E8
1.14446148E8
1.1427354E8
1.14108368E8
1.13948764E8
1.13792644E8
1.13637768E8
1.13481812E8
1.13322388E8
1.13157152E8
1.12983792E8
1.12800164E8
1.12604284E8
1.12394396E8
1.12169036E8
1.1192704E8
1.11667536E8
1.11390024E8
1.11094328E8
1.10780604E8
1.10449316E8
1.1010122E8
1.09737332E8
1.09358896E8
1.08967324E8
1.08564212E8
1.08151256E8
1.07730244E8
1.07303048E8
1.0687154E8
1.06437656E8
1.06003316E8
1.05570456E8
1.0514098E8
1.04716768E8
1.04299692E8
1.03891564E8
1.0349412E8
1.03109056E8
1.02737968E8
1.02382356E8
1.02043592E8
1.01722924E8
1.01421456E8
1.01140128E8
1.00879712E8
1.00640816E8
1.00423856E8
1.00229068E8
1.00056504E8
9.9906052E7
9.9777392E7
9.9670052E7
9.9583356E7
9.9516492E7
9.9468456E7
9.943808E7
9.9424044E7
9.9424856E7
9.9438892E7
9.9464348E7
9.9499296E7
9.9541684E7
9.9589352E7
9.964008E7
9.9691576E7
9.9741604E7
9.9787948E7
9.982854E7
9.986148E7
9.9885136E7
9.98982E7
9.989972E7
9.9889192E7
9.9866568E7
9.983228E7
9.9787264E7
9.9732924E7
9.9671108E7
9.9604052E7
9.9534328E7
9.946474E7
9.9398292E7
9.9338028E7
9.9286984E7
9.9248076E7
9.9224044E7
9.921734E7
9.9230064E7
9.9263936E7
9.9320224E7
9.9399736E7
9.9502804E7
9.9629308E7
9.9778672E7
9.9949928E7
1.00141768E8
1.00352576E8
1.00580516E8
1.00823576E8
1.01079652E8
1.01346572E8
1.01622156E8
1.01904264E8
1.0219078E8
1.0247966E8
1.02768904E8
1.03056584E8
1.03340812E8
1.03619748E8
1.03891576E8
1.04154532E8
1.04406852E8
1.0464684E8
1.04872816E8
1.05083184E8
1.05276412E8
1.05451084E8
1.05605856E8
1.0573956E8
1.05851136E8
1.05939684E8
1.06004468E8
1.06044884E8
1.06060492E8
1.06051008E8
1.06016272E8
1.05956268E8
1.05871108E8
1.05761052E8
1.05626488E8
1.0546796E8
1.05286172E8
1.05081992E8
1.04856444E8
1.04610756E8
1.04346292E8
1.0406458E8
1.0376726E8
1.03456056E8
1.03132724E8
1.02799024E8
1.02456644E8
1.02107128E8
1.01751884E8
1.01392064E8
1.0102858E8
1.00662056E8
1.00292804E8
9.9920856E7
9.9545964E7
9.9167596E7
9.8785036E7
9.8397392E7
9.8003672E7
9.7602844E7
9.719394E7
9.6776064E7
9.6348512E7
9.59108E7
9.5462736E7
9.5004412E7
9.4536296E7
9.4059156E7
9.3574124E7
9.3082636E7
9.2586392E7
9.2087344E7
9.1587612E7
9.1089464E7
9.0595232E7
9.0107292E7
8.9627968E7
8.9159528E7
8.8704156E7
8.8263896E7
8.7840652E7
8.7436164E7
8.705202E7
8.668962E7
8.6350212E7
8.6034876E7
8.5744524E7
8.5479892E7
8.5241568E7
8.5029964E7
8.4845296E7
8.4687632E7
8.4556824E7
8.4452528E7
8.4374228E7
8.4321192E7
8.4292484E7
8.4287E7
8.4303412E7
8.4340268E7
8.4395932E7
8.4468656E7
8.4556544E7
8.4657668E7
8.4769972E7
8.48914E7
8.501988E7
8.5153324E7
8.5289704E7
8.542702E7
8.5563372E7
8.5696928E7
8.582598E7
8.5948932E7
8.6064332E7
8.6170892E7
8.6267468E7
8.6353104E7
8.6427048E7
8.648876E7
8.6537904E7
8.6574424E7
8.6598508E7
8.6610616E7
8.6611476E7
8.6602108E7
8.658378E7
8.655802E7
8.6526584E7
8.6491388E7
8.645454E7
8.6418208E7
8.6384624E7
8.635604E7
8.6334636E7
8.6322488E7
8.6321548E7
8.6333556E7
8.6360024E7
8.6402224E7
8.6461128E7
8.6537404E7
8.66314E7
8.6743164E7
8.6872412E7
8.7018568E7
8.7180776E7
8.7357924E7
8.754866E7
8.775144E7
8.7964576E7
8.818624E7
8.8414532E7
8.8647488E7
8.8883148E7
8.9119536E7
8.9354788E7
8.958708E7
8.981472E7
9.0036172E7
9.0250036E7
9.0455128E7
9.0650448E7
9.0835184E7
9.100878E7
9.117084E7
9.132118E7
9.1459796E7
9.1586828E7
9.1702568E7
9.1807396E7
9.1901764E7
9.1986172E7
9.2061132E7
9.212714E7
9.2184652E7
9.223406E7
9.2275716E7
9.2309868E7
9.2336716E7
9.2356376E7
9.2368936E7
9.2374432E7
9.2372892E7
9.2364344E7
9.2348852E7
9.2326528E7
9.2297524E7
9.2262072E7
9.2220516E7
9.2173244E7
9.2120756E7
9.206364E7
9.200252E7
9.1938116E7
9.1871168E7
9.1802424E7
9.1732644E7
9.1662512E7
9.1592716E7
9.152378E7
9.1456152E7
9.1390156E7
9.1325948E7
9.126354E7
9.1202808E7
9.1143448E7
9.1085052E7
9.1027076E7
9.0968884E7
9.0909764E7
9.0848948E7
9.078562E7
9.0718944E7
9.0648056E7
9.05721E7
9.0490176E7
9.0401408E7
9.0304872E7
9.0199664E7
9.0084856E7
8.9959556E7
8.9822864E7
8.967396E7
8.9512084E7
8.9336572E7
8.9146916E7
8.8942724E7
8.8723828E7
8.8490208E7
8.824208E7
8.797984E7
8.7704092E7
8.7415604E7
8.7115328E7
8.6804356E7
8.6483876E7
8.6155224E7
8.581978E7
8.5478988E7
8.5134356E7
8.4787392E7
8.4439656E7
8.4092692E7
8.3748052E7
8.3407248E7
8.3071784E7
8.2743104E7
8.2422572E7
8.2111484E7
8.1811008E7
8.1522184E7
8.1245924E7
8.0982952E7
8.0733836E7
8.0498964E7
8.0278544E7
8.0072616E7
7.988102E7
7.970346E7
7.9539472E7
7.9388432E7
7.9249584E7
7.9122048E7
7.9004796E7
7.8896688E7
7.879648E7
7.8702832E7
7.8614312E7
7.8529404E7
7.8446568E7
7.8364204E7
7.8280724E7
7.8194528E7
7.8104068E7
7.8007824E7
7.7904364E7
7.7792352E7
7.7670532E7
7.7537772E7
7.7393052E7
7.7235492E7
7.7064308E7
7.6878864E7
7.6678636E7
7.6463208E7
7.6232288E7
7.598568E7
7.5723284E7
7.5445084E7
7.5151152E7
7.4841608E7
7.4516648E7
7.417652E7
7.3821504E7
7.345192E7
7.3068148E7
7.2670596E7
7.2259732E7
7.1836096E7
7.1400316E7
7.0953112E7
7.0495352E7
7.0028036E7
6.9552324E7
6.906958E7
6.8581328E7
6.8089284E7
6.7595324E7
6.7101492E7
6.660996E7
6.6122976E7
6.564286E7
6.5171912E7
6.4712416E7
6.4266548E7
6.3836332E7
6.3423624E7
6.3030024E7
6.2656844E7
6.2305104E7
6.1975436E7
6.1668128E7
6.138306E7
6.11197E7
6.087712E7
6.0654E7
6.0448632E7
6.025898E7
6.0082716E7
5.9917256E7
5.9759872E7
5.9607736E7
5.9458024E7
5.9308012E7
5.9155156E7
5.899716E7
5.8832128E7
5.8658548E7
5.84754E7
5.8282188E7
5.8078936E7
5.7866208E7
5.7645056E7
5.7417028E7
5.7184056E7
5.6948424E7
5.6712668E7
5.6479496E7
5.625172E7
5.6032136E7
5.5823492E7
5.5628356E7
5.5449124E7
5.5287908E7
5.5146516E7
5.5026464E7
5.4928912E7
5.485468E7
5.4804256E7
5.4777812E7
5.4775236E7
5.4796144E7
5.4839896E7
5.4905664E7
5.4992428E7
5.5099012E7
5.5224124E7
5.536636E7
5.5524244E7
5.5696268E7
5.5880892E7
5.6076624E7
5.628198E7
5.6495592E7
5.6716204E7
5.6942704E7
5.7174188E7
5.7409916E7
5.76494E7
5.7892352E7
5.8138736E7
5.8388672E7
5.8642456E7
5.8900548E7
5.9163436E7
5.9431628E7
5.97056E7
5.9985708E7
6.0272136E7
6.0564812E7
6.0863436E7
6.1167376E7
6.1475668E7
6.1787052E7
6.2099936E7
6.2412436E7
6.2722456E7
6.302768E7
6.3325648E7
6.3613836E7
6.3889696E7
6.415072E7
6.4394496E7
6.461874E7
6.4821356E7
6.5000484E7
6.51545E7
6.5282052E7
6.5382096E7
6.545388E7
6.5496964E7
6.5511244E7
6.549692E7
6.5454504E7
6.538482E7
6.5288928E7
6.5168156E7
6.5024016E7
6.4858168E7
6.4672364E7
6.446842E7
6.4248104E7
6.4013144E7
6.3765136E7
6.3505504E7
6.3235504E7
6.2956184E7
6.2668364E7
6.2372696E7
6.2069628E7
6.1759456E7
6.1442404E7
6.111862E7
6.0788244E7
6.0451488E7
6.0108668E7
5.9760272E7
5.9406968E7
5.9049704E7
5.8689676E7
5.8328384E7
5.7967632E7
5.7609512E7
5.7256416E7
5.6910972E7
5.6576052E7
5.6254688E7
5.5950072E7
5.5665436E7
5.5404052E7
5.5169148E7
5.496384E7
5.4791108E7
5.4653692E7
5.4554076E7
5.4494428E7
5.4476556E7
5.4501868E7
5.4571352E7
5.468554E7
5.4844492E7
5.50478E7
5.529458E7
5.5583496E7
5.5912764E7
5.6280196E7
5.6683244E7
5.7119024E7
5.75844E7
5.8076016E7
5.8590364E7
5.9123808E7
5.9672708E7
6.0233404E7
6.0802284E7
6.1375836E7
6.1950688E7
6.2523608E7
6.3091556E7
6.3651704E7
6.4201472E7
6.47385E7
6.52607E7
6.5766252E7
6.6253592E7
6.6721448E7
6.7168804E7
6.7594892E7
6.7999192E7
6.838142E7
6.874148E7
6.9079468E7
6.9395608E7
6.9690264E7
6.9963872E7
7.0216904E7
7.044986E7
7.06632E7
7.0857316E7
7.1032528E7
7.1189008E7
7.1326824E7
7.14459E7
7.1546008E7
7.1626836E7
7.1687984E7
7.1729004E7
7.1749456E7
7.174898E7
7.1727324E7
7.1684436E7
7.1620452E7
7.1535804E7
7.1431212E7
7.1307672E7
7.1166484E7
7.1009216E7
7.083764E7
7.0653712E7
7.0459448E7
7.0256888E7
7.004798E7
6.9834504E7
6.9617988E7
6.9399652E7
6.9180344E7
6.8960468E7
6.8740048E7
6.8518668E7
6.8295508E7
6.8069412E7
6.7838936E7
6.7602428E7
6.7358112E7
6.7104176E7
6.6838868E7
6.6560572E7
6.626788E7
6.5959656E7
6.5635108E7
6.5293756E7
6.493552E7
6.4560652E7
6.4169756E7
6.3763756E7
6.3343824E7
6.2911364E7
6.2467952E7
6.2015272E7
6.1555112E7
6.1089228E7
6.06194E7
6.0147364E7
5.967474E7
5.9203112E7
5.8733896E7
5.8268452E7
5.7808E7
5.7353668E7
5.6906488E7
5.6467424E7
5.603738E7
5.5617216E7
5.52078E7
5.4809984E7
5.4424652E7
5.4052736E7
5.3695196E7
5.3353036E7
5.3027336E7
5.2719172E7
5.2429664E7
5.2159888E7
5.1910924E7
5.1683784E7
5.1479376E7
5.1298524E7
5.11419E7
5.1010044E7
5.0903312E7
5.0821888E7
5.0765764E7
5.0734748E7
5.0728432E7
5.0746196E7
5.0787216E7
5.0850452E7
5.0934624E7
5.1038256E7
5.1159632E7
5.129686E7
5.1447824E7
5.1610252E7
5.1781748E7
5.1959792E7
5.2141828E7
5.2325268E7
5.250756E7
5.2686248E7
5.2858972E7
5.3023552E7
5.3178E7
5.3320524E7
5.344958E7
5.356382E7
5.3662152E7
5.3743664E7
5.3807652E7
5.3853544E7
5.3880908E7
5.38894E7
5.3878712E7
5.3848584E7
5.3798716E7
5.3728772E7
5.363836E7
5.352702E7
5.339418E7
5.3239208E7
5.3061396E7
5.285998E7
5.2634204E7
5.2383316E7
5.2106632E7
5.18036E7
5.1473824E7
5.1117136E7
5.0733584E7
5.0323532E7
4.9887612E7
4.9426772E7
4.8942216E7
4.8435444E7
4.7908136E7
4.7362176E7
4.6799552E7
4.6222316E7
4.5632532E7
4.5032208E7
4.4423272E7
4.3807512E7
4.3186556E7
4.2561884E7
4.1934776E7
4.1306364E7
4.0677624E7
4.0049404E7
3.942248E7
3.8797592E7
3.817548E7
3.755694E7
3.694288E7
3.6334336E7
3.5732564E7
3.5138972E7
3.4555268E7
3.3983332E7
3.3425304E7
3.2883512E7
3.236046E7
3.185878E7
3.1381172E7
3.0930344E7
3.0508944E7
3.01195E7
2.976436E7
2.9445596E7
2.9164996E7
2.8923952E7
2.8723516E7
2.8564268E7
2.8446392E7
2.8369632E7
2.8333332E7
2.8336428E7
2.8377528E7
2.8454944E7
2.856672E7
2.8710708E7
2.8884592E7
2.908596E7
2.9312304E7
2.9561092E7
2.9829748E7
3.0115712E7
3.04164E7
3.0729252E7
3.1051712E7
3.138124E7
3.171536E7
3.2051596E7
3.2387584E7
3.2721048E7
3.304984E7
3.3372E7
3.3685784E7
3.3989696E7
3.4282528E7
3.4563404E7
3.4831744E7
3.5087348E7
3.533032E7
3.5561096E7
3.57804E7
3.59892E7
3.6188708E7
3.6380292E7
3.6565452E7
3.6745796E7
3.6922972E7
3.709866E7
3.7274524E7
3.7452224E7
3.7633368E7
3.78195E7
3.8012124E7
3.8212656E7
3.842246E7
3.864282E7
3.8874924E7
3.9119876E7
3.9378668E7
3.9652168E7
3.9941088E7
4.0245988E7
4.0567212E7
4.0904892E7
4.1258928E7
4.1628932E7
4.2014264E7
4.241402E7
4.2826984E7
4.3251704E7
4.3686484E7
4.4129392E7
4.4578276E7
4.5030852E7
4.5484668E7
4.5937164E7
4.6385696E7
4.6827588E7
4.72601E7
4.7680532E7
4.808622E7
4.8474564E7
4.8843096E7
4.9189476E7
4.9511588E7
4.9807548E7
5.0075748E7
5.031492E7
5.052414E7
5.0702888E7
5.0851E7
5.0968748E7
5.1056776E7
5.1116052E7
5.1147896E7
5.1153876E7
5.1135756E7
5.1095456E7
5.1034936E7
5.095618E7
5.0861116E7
5.0751552E7
5.0629168E7
5.0495452E7
5.0351684E7
5.019894E7
5.00381E7
4.9869868E7
4.9694732E7
4.9513104E7
4.932524E7
4.9131348E7
4.8931564E7
4.8726048E7
4.8514948E7
4.829844E7
4.8076768E7
4.7850256E7
4.7619272E7
4.7384288E7
4.7145872E7
4.6904652E7
4.6661348E7
4.6416748E7
4.6171704E7
4.5927112E7
4.5683904E7
4.5443016E7
4.52054E7
4.4971968E7
4.4743592E7
4.4521084E7
4.4305152E7
4.4096448E7
4.3895476E7
4.3702632E7
4.3518176E7
4.3342224E7
4.3174788E7
4.3015696E7
4.286468E7
4.2721308E7
4.2585056E7
4.245524E7
4.2331092E7
4.2211728E7
4.2096156E7
4.1983288E7
4.1871972E7
4.1760976E7
4.1649016E7
4.1534768E7
4.1416904E7
4.1294108E7
4.1165088E7
4.102866E7
4.0883704E7
4.0729264E7
4.0564536E7
4.0388916E7
4.020202E7
4.0003684E7
3.9794008E7
3.9573336E7
3.9342276E7
3.9101664E7
3.8852592E7
3.8596352E7
3.8334424E7
3.8068448E7
3.7800212E7
3.7531544E7
3.7264336E7
3.700048E7
3.67418E7
3.6490044E7
3.6246816E7
3.601356E7
3.5791512E7
3.5581684E7
3.5384852E7
3.5201552E7
3.5032068E7
3.487648E7
3.4734648E7
3.460626E7
3.4490852E7
3.4387888E7
3.42967E7
3.421664E7
3.4147004E7
3.408716E7
3.4036484E7
3.3994436E7
3.396054E7
3.3934432E7
3.3915824E7
3.3904532E7
3.3900472E7
3.390366E7
3.3914188E7
3.3932228E7
3.3958024E7
3.399186E7
3.4034044E7
3.4084872E7
3.41446E7
3.4213408E7
3.4291336E7
3.4378288E7
3.4473928E7
3.4577688E7
3.468868E7
3.4805744E7
3.492734E7
3.5051612E7
3.5176384E7
3.529916E7
3.5417228E7
3.552766E7
3.562744E7
3.571352E7
3.5782948E7
3.5832924E7
3.5860952E7
3.5864872E7
3.5842996E7
3.5794104E7
3.5717552E7
3.5613248E7
3.5481672E7
3.5323856E7
3.514136E7
3.4936164E7
3.4710696E7
3.4467668E7
3.4210068E7
3.3941004E7
3.3663688E7
3.338132E7
3.3097048E7
3.2813856E7
3.253456E7
3.2261724E7
3.1997648E7
3.1744336E7
3.1503472E7
3.1276428E7
3.106424E7
3.0867644E7
3.0687052E7
3.0522608E7
3.037418E7
3.0241384E7
3.0123628E7
3.0020104E7
2.9929848E7
2.985176E7
2.9784608E7
2.9727112E7
2.967792E7
2.9635684E7
2.9599068E7
2.956678E7
2.953762E7
2.9510508E7
2.9484464E7
2.94587E7
2.9432564E7
2.9405604E7
2.937754E7
2.9348284E7
2.9317912E7
2.9286664E7
2.9254904E7
2.9223124E7
2.9191884E7
2.916176E7
2.9133332E7
2.9107124E7
2.9083576E7
2.9062976E7
2.9045468E7
2.9031028E7
2.9019432E7
2.901028E7
2.9003004E7
2.8996912E7
2.8991196E7
2.8984996E7
2.8977456E7
2.8967752E7
2.8955156E7
2.8939072E7
2.8919084E7
2.8894964E7
2.8866744E7
2.8834656E7
2.8799184E7
2.8761036E7
2.8721136E7
2.8680584E7
2.8640644E7
2.8602704E7
2.856824E7
2.8538796E7
2.8515908E7
2.8501096E7
2.8495812E7
2.8501428E7
2.8519132E7
2.8549996E7
2.8594848E7
2.86543E7
2.8728724E7
2.881824E7
2.8922708E7
2.90417E7
2.9174596E7
2.93205E7
2.9478332E7
2.9646836E7
2.9824592E7
3.001008E7
3.0201688E7
3.0397736E7
3.059654E7
3.079638E7
3.0995572E7
3.1192472E7
3.1385472E7
3.1573052E7
3.1753748E7
3.1926212E7
3.2089172E7
3.2241492E7
3.2382136E7
3.2510196E7
3.2624908E7
3.272566E7
3.2811996E7
3.2883596E7
3.2940364E7
3.2982372E7
3.3009896E7
3.3023412E7
3.3023628E7
3.3011464E7
3.2988072E7
3.2954828E7
3.2913328E7
3.2865384E7
3.2813004E7
3.2758376E7
3.2703868E7
3.265196E7
3.2605248E7
3.2566432E7
3.25382E7
3.2523268E7
3.252434E7
3.2543996E7
3.2584748E7
3.2648896E7
3.2738592E7
3.285572E7
3.3001888E7
3.3178392E7
3.3386192E7
3.3625852E7
3.3897564E7
3.4201112E7
3.453586E7
3.4900812E7
3.5294572E7
3.5715416E7
3.61613E7
3.6629944E7
3.711886E7
3.762538E7
3.8146756E7
3.8680196E7
3.9222888E7
3.9772052E7
4.0324992E7
4.0879068E7
4.143178E7
4.1980692E7
4.2523468E7
4.3057856E7
4.358164E7
4.409266E7
4.458876E7
4.5067772E7
4.5527508E7
4.5965736E7
4.6380196E7
4.67686E7
4.7128612E7
4.7457944E7
4.775432E7
4.801554E7
4.8239504E7
4.8424248E7
4.8568028E7
4.8669268E7
4.8726672E7
4.8739208E7
4.8706116E7
4.8626968E7
4.8501604E7
4.8330196E7
4.8113184E7
4.7851308E7
4.7545548E7
4.7197172E7
4.6807628E7
4.63786E7
4.5911956E7
4.5409736E7
4.4874124E7
4.4307432E7
4.3712084E7
4.3090584E7
4.244552E7
4.1779508E7
4.10952E7
4.0395236E7
3.9682248E7
3.8958828E7
3.8227504E7
3.7490712E7
3.6750812E7
3.601002E7
3.5270456E7
3.4534048E7
3.380258E7
3.307766E7
3.2360704E7
3.1652896E7
3.0955248E7
3.0268548E7
2.9593368E7
2.8930084E7
2.827888E7
2.763978E7
2.7012656E7
2.6397284E7
2.579332E7
2.5200392E7
2.4618092E7
2.4046048E7
2.3483876E7
2.2931268E7
2.2387992E7
2.18539E7
2.1328924E7
2.0813096E7
2.0306548E7
1.9809508E7
1.9322292E7
1.8845296E7
1.8379012E7
1.7923992E7
1.748086E7
1.7050292E7
1.663302E7
1.6229828E7
1.5841536E7
1.5468968E7
1.511302E7
1.4774584E7
1.4454592E7
1.415398E7
1.3873764E7
1.3614984E7
1.3378716E7
1.3166128E7
1.297844E7
1.2816936E7
1.2682952E7
1.257788E7
1.250308E7
1.2459912E7
1.2449644E7
1.2473404E7
1.2532152E7
1.2626572E7
1.2757096E7
1.292378E7
1.3126352E7
1.3364152E7
1.3636136E7
1.3940884E7
1.4276648E7
1.4641356E7
1.5032664E7
1.5448E7
1.588462E7
1.633962E7
1.6810032E7
1.7292812E7
1.7784908E7
1.8283284E7
1.8784928E7
1.9286904E7
1.9786344E7
2.0280488E7
2.0766708E7
2.1242488E7
2.1705492E7
2.2153552E7
2.2584676E7
2.2997056E7
2.3389088E7
2.3759356E7
2.4106644E7
2.44299E7
2.4728236E7
2.5000888E7
2.5247256E7
2.5466824E7
2.565916E7
2.5823916E7
2.5960808E7
2.60696E7
2.615012E7
2.6202252E7
2.6225952E7
2.6221272E7
2.6188368E7
2.6127548E7
2.6039304E7
2.5924308E7
2.57835E7
2.5618076E7
2.5429508E7
2.521958E7
2.4990364E7
2.47442E7
2.4483668E7
2.4211552E7
2.393078E7
2.364432E7
2.3355168E7
2.306618E7
2.2780068E7
2.2499272E7
2.22259E7
2.1961688E7
2.1707924E7
2.1465424E7
2.1234536E7
2.1015152E7
2.0806696E7
2.0608212E7
2.0418392E7
2.0235644E7
2.0058228E7
1.988426E7
1.9711924E7
1.9539424E7
1.9365212E7
1.9187992E7
1.9006812E7
1.8821136E7
1.8630852E7
1.8436324E7
1.8238336E7
1.8038136E7
1.7837328E7
1.763782E7
1.7441772E7
1.7251476E7
1.7069284E7
1.6897516E7
1.6738364E7
1.6593824E7
1.6465644E7
1.6355276E7
1.6263824E7
1.6192084E7
1.6140496E7
1.6109204E7
1.6098052E7
1.6106644E7
1.613438E7
1.6180488E7
1.6244064E7
1.63241E7
1.6419544E7
1.6529272E7
1.6652116E7
1.6786892E7
1.6932372E7
1.708732E7
1.7250428E7
1.7420372E7
1.7595788E7
1.7775248E7
1.795728E7
1.8140372E7
1.8322964E7
1.8503472E7
1.868026E7
1.8851696E7
1.901612E7
1.9171888E7
1.9317376E7
1.945096E7
1.95711E7
1.9676268E7
1.9765048E7
1.9836084E7
1.9888132E7
1.9920084E7
1.9930948E7
1.991992E7
1.9886352E7
1.9829796E7
1.9750032E7
1.964702E7
1.952096E7
1.9372244E7
1.92015E7
1.9009512E7
1.8797272E7
1.8565888E7
1.831664E7
1.8050896E7
1.777014E7
1.747596E7
1.7170028E7
1.68541E7
1.6530032E7
1.6199792E7
1.5865444E7
1.5529172E7
1.519326E7
1.4860136E7
1.4532324E7
1.4212432E7
1.3903136E7
1.3607156E7
1.332722E7
1.3065984E7
1.2826028E7
1.2609772E7
1.2419428E7
1.225694E7
1.2123932E7
1.2021664E7
1.1951E7
1.1912332E7
1.1905616E7
1.1930312E7
1.1985408E7
1.2069444E7
1.2180524E7
1.2316348E7
1.2474264E7
1.2651316E7
1.2844312E7
1.3049844E7
1.3264392E7
1.3484332E7
1.370606E7
1.3925956E7
1.414054E7
1.434642E7
1.4540436E7
1.471966E7
1.4881468E7
1.5023556E7
1.5144012E7
1.5241312E7
1.5314356E7
1.5362452E7
1.5385328E7
1.5383092E7
1.5356224E7
1.5305488E7
1.523194E7
1.5136824E7
1.5021544E7
1.48876E7
1.4736572E7
1.4570044E7
1.4389596E7
1.419676E7
1.3993036E7
1.377986E7
1.3558612E7
1.3330632E7
1.3097196E7
1.285956E7
1.261896E7
1.2376628E7
1.2133788E7
1.1891704E7
1.1651644E7
1.1414932E7
1.1182892E7
1.0956888E7
1.0738292E7
1.0528456E7
1.0328696E7
1.0140256E7
9964264.0
9801680.0
9653296.0
9519636.0
9400980.0
9297308.0
9208308.0
9133356.0
9071576.0
9021836.0
8982816.0
8953040.0
8930952.0
8914976.0
8903556.0
8895224.0
8888624.0
8882576.0
8876012.0
8868092.0
8858120.0
8845572.0
8830076.0
8811380.0
8789384.0
8764072.0
8735516.0
8703896.0
8669432.0
8632388.0
8593092.0
8551836.0
8508928.0
8464620.0
8419100.0
8372456.0
8324648.0
8275516.0
8224736.0
8171828.0
8116176.0
8057024.0
7993508.0
7924696.0
7849596.0
7767236.0
7676672.0
7577036.0
7467612.0
7347816.0
7217284.0
7075836.0
6923544.0
6760752.0
6588008.0
6406144.0
6216208.0
6019500.0
5817504.0
5611912.0
5404564.0
5197448.0
4992672.0
4792408.0
4598920.0
4414456.0
4241276.0
4081600.0
3937540.0
3811108.0
3704176.0
3618400.0
3555252.0
3515940.0
3501420.0
3512372.0
3549196.0
3612000.0
3700608.0
3814556.0
3953108.0
4115260.0
4299744.0
4505068.0
4729488.0
4971064.0
5227648.0
5496912.0
5776400.0
6063508.0
6355568.0
6649832.0
6943548.0
7234000.0
7518524.0
7794572.0
8059760.0
8311872.0
8548936.0
8769244.0
8971364.0
9154212.0
9317020.0
9459396.0
9581324.0
9683160.0
9765644.0
9829880.0
9877344.0
9909848.0
9929496.0
9938664.0
9939936.0
9936068.0
9929896.0
9924280.0
9922052.0
9925920.0
9938396.0
9961744.0
9997888.0
1.0048384E7
1.0114364E7
1.0196456E7
1.0294852E7
1.0409196E7
1.0538676E7
1.0681976E7
1.083738E7
1.1002772E7
1.1175728E7
1.1353572E7
1.1533476E7
1.1712524E7
1.188782E7
1.2056524E7
1.2215968E7
1.23637E7
1.2497528E7
1.2615588E7
1.271634E7
1.2798604E7
1.2861584E7
1.2904828E7
1.2928256E7
1.2932152E7
1.2917104E7
1.2884056E7
1.283424E7
1.2769152E7
1.2690572E7
1.2600524E7
1.2501192E7
1.2394956E7
1.2284316E7
1.2171828E7
1.2060056E7
1.1951532E7
1.1848664E7
1.1753724E7
1.1668736E7
1.1595504E7
1.1535544E7
1.1490116E7
1.1460164E7
1.1446412E7
1.1449348E7
1.1469256E7
1.1506296E7
1.156048E7
1.1631776E7
1.17201E7
1.182532E7
1.1947308E7
1.2085912E7
1.2240948E7
1.24122E7
1.2599404E7
1.2802212E7
1.3020204E7
1.3252844E7
1.3499516E7
1.3759476E7
1.4031884E7
1.431582E7
1.4610268E7
1.4914152E7
1.5226356E7
1.5545716E7
1.5871064E7
1.6201184E7
1.65349E7
1.6870976E7
1.7208208E7
1.7545356E7
1.7881176E7
1.82144E7
1.8543752E7
1.8867924E7
1.91856E7
1.9495444E7
1.9796136E7
2.0086344E7
2.0364776E7
2.0630152E7
2.0881252E7
2.1116888E7
2.1335964E7
2.1537416E7
2.1720276E7
2.1883632E7
2.2026616E7
2.2148464E7
2.2248408E7
2.2325772E7
2.2379904E7
2.2410172E7
2.2416028E7
2.239692E7
2.2352368E7
2.2281952E7
2.2185328E7
2.206226E7
2.1912632E7
2.1736472E7
2.1533992E7
2.1305588E7
2.1051888E7
2.0773748E7
2.0472292E7
2.0148884E7
1.9805168E7
1.9443044E7
1.9064676E7
1.8672468E7
1.8269072E7
1.7857328E7
1.744028E7
1.7021116E7
1.6603164E7
1.6189808E7
1.5784492E7
1.5390648E7
1.501166E7
1.4650808E7
1.4311236E7
1.399588E7
1.370746E7
1.3448452E7
1.3221008E7
1.3026992E7
1.2867936E7
1.2745056E7
1.2659212E7
1.261096E7
1.2600508E7
1.2627764E7
1.269234E7
1.2793568E7
1.2930496E7
1.3101964E7
1.330652E7
1.3542564E7
1.3808284E7
1.4101684E7
1.4420636E7
1.4762868E7
1.5125984E7
1.55075E7
1.5904792E7
1.6315192E7
1.6735924E7
1.7164156E7
1.7596976E7
1.803142E7
1.8464472E7
1.8893088E7
1.931418E7
1.9724668E7
2.0121496E7
2.0501636E7
2.0862132E7
2.1200124E7
2.1512884E7
2.1797844E7
2.2052636E7
2.2275108E7
2.2463376E7
2.2615816E7
2.273114E7
2.2808376E7
2.28469E7
2.2846456E7
2.2807156E7
2.2729484E7
2.261432E7
2.246288E7
2.2276764E7
2.2057888E7
2.1808476E7
2.153104E7
2.122832E7
2.0903252E7
2.055892E7
2.0198492E7
1.9825188E7
1.9442192E7
1.9052644E7
1.8659508E7
1.8265612E7
1.7873512E7
1.7485508E7
1.7103588E7
1.6729404E7
1.6364224E7
1.6008976E7
1.5664172E7
1.5329992E7
1.5006224E7
1.4692344E7
1.4387504E7
1.409058E7
1.3800248E7
1.351498E7
1.3233128E7
1.2953E7
1.2672916E7
1.2391252E7
1.2106564E7
1.1817564E7
1.1523284E7
1.1222996E7
1.0916324E7
1.0603208E7
1.0283912E7
9958960.0
9629104.0
9295268.0
8958456.0
8619660.0
8279808.0
7939672.0
7599812.0
7260528.0
6921840.0
6583456.0
6244832.0
5905136.0
5563372.0
5218344.0
4868784.0
4513424.0
4151008.0
3780388.0
3400584.0
3010820.0
2610556.0
2199500.0
1777668.0
1345324.0
903024.0
451568.0
-7992.0
-474412.0
-946252.0
-1421904.0
-1899636.0
-2377604.0
-2853864.0
-3326384.0
-3793088.0
-4251788.0
-4700252.0
-5136204.0
-5557268.0
-5961044.0
-6345084.0
-6706920.0
-7044088.0
-7354188.0
-7634888.0
-7883984.0
-8099484.0
-8279636.0
-8422984.0
-8528424.0
-8595268.0
-8623264.0
-8612604.0
-8564000.0
-8478600.0
-8358044.0
-8204356.0
-8019968.0
-7807616.0
-7570296.0
-7311176.0
-7033540.0
-6740680.0
-6435892.0
-6122364.0
-5803148.0
-5481128.0
-5158960.0
-4839104.0
-4523772.0
-4214960.0
-3914416.0
-3623724.0
-3344248.0
-3077188.0
-2823604.0
-2584408.0
-2360392.0
-2152224.0
-1960456.0
-1785492.0
-1627616.0
-1486944.0
-1363388.0
-1256676.0
-1166332.0
-1091620.0
-1031588.0
-985060.0
-950636.0
-926744.0
-911656.0
-903556.0
-900576.0
-900848.0
-902600.0
-904152.0
-904016.0
-900888.0
-893716.0
-881704.0
-864324.0
-841308.0
-812636.0
-778544.0
-739464.0
-696040.0
-649084.0
-599568.0
-548572.0
-497296.0
-447044.0
-399168.0
-355088.0
-316264.0
-284172.0
-260300.0
-246120.0
-243072.0
-252544.0
-275840.0
-314212.0
-368772.0
-440536.0
-530384.0
-639064.0
-767176.0
-915192.0
-1083444.0
-1272116.0
-1481276.0
-1710852.0
-1960676.0
-2230428.0
-2519668.0
-2827848.0
-3154236.0
-3497988.0
-3858072.0
-4233300.0
-4622284.0
-5023468.0
-5435124.0
-5855348.0
-6282108.0
-6713260.0
-7146600.0
-7579912.0
-8010984.0
-8437732.0
-8858160.0
-9270464.0
-9673036.0
-1.0064532E7
-1.0443808E7
-1.081E7
-1.1162444E7
-1.15007E7
-1.1824496E7
-1.2133704E7
-1.2428284E7
-1.2708232E7
-1.2973588E7
-1.3224328E7
-1.3460392E7
-1.368166E7
-1.3887872E7
-1.4078732E7
-1.4253812E7
-1.4412616E7
-1.4554588E7
-1.467912E7
-1.4785576E7
-1.4873332E7
-1.4941808E7
-1.4990472E7
-1.5018872E7
-1.5026688E7
-1.5013736E7
-1.4980004E7
-1.4925664E7
-1.4851096E7
-1.475692E7
-1.4643968E7
-1.4513336E7
-1.4366352E7
-1.4204592E7
-1.4029876E7
-1.3844236E7
-1.3649932E7
-1.3449388E7
-1.3245208E7
-1.3040136E7
-1.2837028E7
-1.2638812E7
-1.244846E7
-1.2268968E7
-1.210326E7
-1.1954204E7
-1.1824536E7
-1.1716816E7
-1.1633356E7
-1.1576212E7
-1.1547088E7
-1.1547356E7
-1.1577936E7
-1.163932E7
-1.1731492E7
-1.185398E7
-1.200576E7
-1.218532E7
-1.2390632E7
-1.2619176E7
-1.2867972E7
-1.3133628E7
-1.341236E7
-1.3700072E7
-1.3992412E7
-1.4284844E7
-1.457272E7
-1.4851352E7
-1.5116124E7
-1.5362528E7
-1.5586252E7
-1.5783288E7
-1.594994E7
-1.6082896E7
-1.6179308E7
-1.6236776E7
-1.62534E7
-1.6227792E7
-1.615908E7
-1.6046896E7
-1.5891372E7
-1.5693108E7
-1.5453184E7
-1.5173092E7
-1.485474E7
-1.4500396E7
-1.4112668E7
-1.369446E7
-1.3248944E7
-1.2779496E7
-1.2289672E7
-1.1783148E7
-1.126368E7
-1.0735008E7
-1.020084E7
-9664764.0
-9130204.0
-8600340.0
-8078064.0
-7565940.0
-7066180.0
-6580576.0
-6110532.0
-5657064.0
-5220788.0
-4801980.0
-4400588.0
-4016296.0
-3648544.0
-3296612.0
-2959648.0
-2636700.0
-2326788.0
-2028916.0
-1742124.0
-1465476.0
-1198100.0
-939228.0
-688144.0
-444240.0
-206992.0
24024.0
249172.0
468712.0
682872.0
891796.0
1095644.0
1294512.0
1488540.0
1677848.0
1862612.0
2043036.0
2219340.0
2391776.0
2560616.0
2726092.0
2888420.0
3047740.0
3204120.0
3357496.0
3507696.0
3654416.0
3797232.0
3935608.0
4068932.0
4196532.0
4317712.0
4431800.0
4538176.0
4636272.0
4725644.0
4805956.0
4876996.0
4938688.0
4991064.0
5034280.0
5068612.0
5094444.0
5112244.0
5122608.0
5126208.0
5123844.0
5116436.0
5105028.0
5090764.0
5074940.0
5058944.0
5044244.0
5032368.0
5024868.0
5023236.0
5028892.0
5043108.0
5066944.0
5101224.0
5146488.0
5202952.0
5270532.0
5348808.0
5437068.0
5534344.0
5639448.0
5751032.0
5867640.0
5987772.0
6109944.0
6232700.0
6354708.0
6474724.0
6591616.0
6704404.0
6812200.0
6914232.0
7009788.0
7098224.0
7178948.0
7251380.0
7314984.0
7369232.0
7413612.0
7447660.0
7470932.0
7483024.0
7483560.0
7472236.0
7448764.0
7412884.0
7364388.0
7303052.0
7228672.0
7141076.0
7040064.0
6925480.0
6797168.0
6655044.0
6499076.0
6329328.0
6145968.0
5949312.0
5739800.0
5518048.0
5284836.0
5041068.0
4787824.0
4526276.0
4257684.0
3983380.0
3704732.0
3423096.0
3139808.0
2856140.0
2573324.0
2292484.0
2014684.0
1740888.0
1471952.0
1208680.0
951784.0
701920.0
459680.0
225604.0
204.0
-216044.0
-422684.0
-619272.0
-805364.0
-980508.0
-1144236.0
-1296072.0
-1435508.0
-1562024.0
-1675076.0
-1774132.0
-1858636.0
-1928064.0
-1981920.0
-2019776.0
-2041240.0
-2046028.0
-2033940.0
-2004888.0
-1958888.0
-1896096.0
-1816764.0
-1721292.0
-1610212.0
-1484184.0
-1344008.0
-1190608.0
-1025092.0
-848680.0
-662712.0
-468704.0
-268260.0
-63088.0
145028.0
354284.0
562856.0
768980.0
970980.0
1167304.0
1356584.0
1537656.0
1709604.0
1871740.0
2023632.0
2165092.0
2296148.0
2417028.0
2528096.0
2629848.0
2722824.0
2807600.0
2884732.0
2954716.0
3017980.0
3074844.0
3125532.0
3170128.0
3208640.0
3240976.0
3266948.0
3286336.0
3298880.0
3304312.0
3302356.0
3292796.0
3275408.0
3250068.0
3216656.0
3175108.0
3125412.0
3067564.0
3001576.0
2927460.0
2845200.0
2754748.0
2655980.0
2548732.0
2432732.0
2307656.0
2173084.0
2028556.0
1873556.0
1707580.0
1530140.0
1340852.0
1139456.0
925852.0
700208.0
462928.0
214716.0
-43372.0
-310004.0
-583508.0
-861908.0
-1143000.0
-1424336.0
-1703324.0
-1977272.0
-2243448.0
-2499140.0
-2741736.0
-2968752.0
-3177912.0
-3367184.0
-3534800.0
-3679328.0
-3799656.0
-3895012.0
-3964988.0
-4009544.0
-4028968.0
-4023884.0
-3995240.0
-3944300.0
-3872544.0
-3781724.0
-3673792.0
-3550836.0
-3415048.0
-3268668.0
-3113944.0
-2953048.0
-2788016.0
-2620704.0
-2452716.0
-2285352.0
-2119592.0
-1956032.0
-1794892.0
-1636008.0
-1478832.0
-1322500.0
-1165816.0
-1007364.0
-845516.0
-678540.0
-504628.0
-321976.0
-128884.0
76232.0
294776.0
527892.0
776488.0
1041152.0
1322168.0
1619516.0
1932864.0
2261620.0
2604932.0
2961716.0
3330744.0
3710640.0
4099932.0
4497140.0
4900768.0
5309360.0
5721512.0
6135956.0
6551512.0
6967152.0
7382012.0
7795388.0
8206724.0
8615668.0
9022008.0
9425720.0
9826920.0
1.0225872E7
1.0622964E7
1.1018688E7
1.14136E7
1.180834E7
1.2203544E7
1.2599892E7
1.2998008E7
1.3398488E7
1.3801848E7
1.4208516E7
1.4618788E7
1.5032832E7
1.5450616E7
1.5871944E7
1.6296368E7
1.6723212E7
1.7151524E7
1.7580088E7
1.8007404E7
1.8431696E7
1.8850904E7
1.926276E7
1.9664748E7
2.0054196E7
2.0428296E7
2.0784176E7
2.1118924E7
2.1429672E7
2.1713644E7
2.196818E7
2.2190832E7
2.2379368E7
2.2531832E7
2.2646536E7
2.2722164E7
2.2757736E7
2.2752628E7
2.2706608E7
2.2619852E7
2.2492932E7
2.2326836E7
2.2122964E7
2.1883124E7
2.1609524E7
2.1304752E7
2.0971768E7
2.0613868E7
2.0234656E7
1.983802E7
1.9428024E7
1.9008972E7
1.858524E7
1.8161288E7
1.7741552E7
1.7330388E7
1.6932016E7
1.6550404E7
1.6189232E7
1.5851772E7
1.5540856E7
1.5258776E7
1.5007264E7
1.4787424E7
1.459972E7
1.4443964E7
1.43193E7
1.4224288E7
1.4156864E7
1.4114492E7
1.4094128E7
1.4092416E7
1.410566E7
1.413E7
1.416146E7
1.4196076E7
1.4229936E7
1.4259316E7
1.4280724E7
1.4290976E7
1.4287264E7
1.4267176E7
1.4228764E7
1.417052E7
1.4091412E7
1.3990824E7
1.386856E7
1.372482E7
1.3560056E7
1.3375012E7
1.3170592E7
1.2947812E7
1.2707748E7
1.2451468E7
1.2180008E7
1.1894348E7
1.1595368E7
1.1283896E7
1.096072E7
1.0626588E7
1.0282292E7
9928680.0
9566704.0
9197456.0
8822236.0
8442508.0
8059948.0
7676440.0
7294032.0
6914900.0
6541308.0
6175548.0
5819876.0
5476456.0
5147268.0
4834088.0
4538388.0
4261344.0
4003744.0
3766004.0
3548148.0
3349792.0
3170184.0
3008188.0
2862364.0
2730980.0
2612080.0
2503528.0
2403100.0
2308524.0
2217532.0
2127976.0
2037804.0
1945208.0
1848572.0
1746596.0
1638252.0
1522852.0
1400036.0
1269832.0
1132584.0
988988.0
840088.0
687244.0
532104.0
376612.0
222924.0
73392.0
-69460.0
-203024.0
-324640.0
-431648.0
-521444.0
-591536.0
-639588.0
-663476.0
-661292.0
-631400.0
-572444.0
-483372.0
-363396.0
-212056.0
-29128.0
185308.0
430964.0
707292.0
1013540.0
1348780.0
1711840.0
2101416.0
2516008.0
2953924.0
3413308.0
3892124.0
4388136.0
4898952.0
5421980.0
5954460.0
6493492.0
7036008.0
7578852.0
8118748.0
8652412.0
9176516.0
9687788.0
1.018304E7
1.0659204E7
1.1113396E7
1.1542956E7
1.1945484E7
1.2318888E7
1.266138E7
1.2971544E7
1.3248292E7
1.3490892E7
1.369898E7
1.3872492E7
1.4011664E7
1.4117028E7
1.4189328E7
1.4229508E7
1.4238668E7
1.4218032E7
1.4168912E7
1.4092672E7
1.3990716E7
1.3864464E7
1.371534E7
1.354478E7
1.3354208E7
1.3145064E7
1.2918808E7
1.2676924E7
1.2420936E7
1.2152412E7
1.1872976E7
1.1584332E7
1.1288224E7
1.098646E7
1.0680896E7
1.0373428E7
1.0065968E7
9760400.0
9458592.0
9162368.0
8873460.0
8593496.0
8323992.0
8066308.0
7821680.0
7591184.0
7375712.0
7176028.0
6992716.0
6826244.0
6676920.0
6544944.0
6430416.0
6333324.0
6253576.0
6191032.0
6145452.0
6116536.0
6103936.0
6107196.0
6125800.0
6159112.0
6206396.0
6266772.0
6339244.0
6422644.0
6515660.0
6616864.0
6724680.0
6837464.0
6953468.0
7070960.0
7188184.0
7303464.0
7415180.0
7521872.0
7622200.0
7715008.0
7799328.0
7874340.0
7939444.0
7994156.0
8038152.0
8071204.0
8093156.0
8103916.0
8103368.0
8091368.0
8067724.0
8032152.0
7984264.0
7923528.0
7849340.0
7760964.0
7657592.0
7538364.0
7402416.0
7248912.0
7077140.0
6886496.0
6676588.0
6447276.0
6198668.0
5931168.0
5645504.0
5342664.0
5023948.0
4690864.0
4345124.0
3988580.0
3623148.0
3250780.0
2873376.0
2492736.0
2110532.0
1728252.0
1347208.0
968468.0
592916.0
221188.0
-146240.0
-509100.0
-867292.0
-1220844.0
-1569884.0
-1914660.0
-2255424.0
-2592516.0
-2926228.0
-3256848.0
-3584572.0
-3909540.0
-4231752.0
-4551072.0
-4867228.0
-5179768.0
-5488068.0
-5791372.0
-6088780.0
-6379296.0
-6661860.0
-6935412.0
-7198956.0
-7451592.0
-7692608.0
-7921504.0
-8138064.0
-8342392.0
-8534896.0
-8716332.0
-8887776.0
-9050600.0
-9206428.0
-9357072.0
-9504516.0
-9650812.0
-9798020.0
-9948180.0
-1.0103252E7
-1.0265036E7
-1.0435212E7
-1.0615264E7
-1.0806488E7
-1.1010008E7
-1.122676E7
-1.145752E7
-1.1702904E7
-1.1963364E7
-1.2239244E7
-1.2530708E7
-1.2837828E7
-1.3160476E7
-1.3498388E7
-1.3851108E7
-1.4218E7
-1.4598164E7
-1.499052E7
-1.5393692E7
-1.5806112E7
-1.6225884E7
-1.6650936E7
-1.707894E7
-1.7507408E7
-1.7933684E7
-1.8355016E7
-1.8768608E7
-1.917166E7
-1.956144E7
-1.9935324E7
-2.0290864E7
-2.0625828E7
-2.0938204E7
-2.1226268E7
-2.1488592E7
-2.1724028E7
-2.1931752E7
-2.2111228E7
-2.2262184E7
-2.2384676E7
-2.2478964E7
-2.254556E7
-2.2585196E7
-2.2598808E7
-2.2587524E7
-2.255262E7
-2.2495552E7
-2.2417928E7
-2.2321476E7
-2.220806E7
-2.2079628E7
-2.193822E7
-2.1785904E7
-2.162476E7
-2.1456808E7
-2.1283968E7
-2.1108012E7
-2.0930452E7
-2.0752548E7
-2.0575216E7
-2.0399E7
-2.0224064E7
-2.0050152E7
-1.9876612E7
-1.9702484E7
-1.9526476E7
-1.9347076E7
-1.9162648E7
-1.8971492E7
-1.8771964E7
-1.8562568E7
-1.8342E7
-1.8109284E7
-1.7863776E7
-1.7605208E7
-1.7333724E7
-1.704984E7
-1.6754444E7
-1.6448784E7
-1.6134368E7
-1.5812952E7
-1.5486472E7
-1.5157004E7
-1.4826672E7
-1.4497648E7
-1.417206E7
-1.3852E7
-1.3539448E7
-1.3236244E7
-1.2944068E7
-1.2664408E7
-1.2398524E7
-1.2147392E7
-1.1911732E7
-1.1691932E7
-1.1488072E7
-1.1299876E7
-1.112672E7
-1.0967668E7
-1.0821464E7
-1.068656E7
-1.0561176E7
-1.0443304E7
-1.033086E7
-1.0221616E7
-1.011338E7
-1.000398E7
-9891408.0
-9773804.0
-9649584.0
-9517420.0
-9376364.0
-9225780.0
-9065420.0
-8895404.0
-8716204.0
-8528580.0
-8333600.0
-8132528.0
-7926804.0
-7717960.0
-7507572.0
-7297212.0
-7088372.0
-6882440.0
-6680684.0
-6484212.0
-6293956.0
-6110664.0
-5934932.0
-5767200.0
-5607728.0
-5456684.0
-5314104.0
-5179944.0
-5054084.0
-4936380.0
-4826660.0
-4724776.0
-4630604.0
-4544080.0
-4465196.0
-4394056.0
-4330832.0
-4275792.0
-4229284.0
-4191704.0
-4163500.0
-4145116.0
-4136992.0
-4139500.0
-4152940.0
-4177516.0
-4213328.0
-4260348.0
-4318456.0
-4387412.0
-4466924.0
-4556636.0
-4656140.0
-4765036.0
-4882924.0
-5009384.0
-5144040.0
-5286492.0
-5436340.0
-5593160.0
-5756460.0
-5925712.0
-6100280.0
-6279468.0
-6462456.0
-6648376.0
-6836240.0
-7025044.0
-7213720.0
-7401232.0
-7586548.0
-7768712.0
-7946852.0
-8120240.0
-8288284.0
-8450576.0
-8606892.0
-8757164.0
-8901524.0
-9040264.0
-9173832.0
-9302776.0
-9427728.0
-9549372.0
-9668424.0
-9785548.0
-9901400.0
-1.0016552E7
-1.0131488E7
-1.0246616E7
-1.0362256E7
-1.0478644E7
-1.0595928E7
-1.0714212E7
-1.0833532E7
-1.09539E7
-1.10753E7
-1.1197676E7
-1.132098E7
-1.1445124E7
-1.1570004E7
-1.16955E7
-1.1821464E7
-1.1947692E7
-1.2073988E7
-1.2200092E7
-1.2325764E7
-1.2450708E7
-1.2574644E7
-1.2697316E7
-1.2818464E7
-1.2937868E7
-1.3055356E7
-1.3170796E7
-1.3284096E7
-1.3395192E7
-1.3504108E7
-1.3610864E7
-1.3715516E7
-1.3818156E7
-1.3918896E7
-1.4017868E7
-1.4115224E7
-1.4211132E7
-1.4305772E7
-1.4399324E7
-1.4491972E7
-1.4583884E7
-1.4675216E7
-1.4766064E7
-1.4856484E7
-1.4946444E7
-1.5035824E7
-1.5124404E7
-1.5211836E7
-1.5297636E7
-1.5381196E7
-1.5461752E7
-1.5538416E7
-1.5610172E7
-1.56759E7
-1.5734392E7
-1.5784364E7
-1.5824532E7
-1.5853612E7
-1.5870348E7
-1.587358E7
-1.5862276E7
-1.5835532E7
-1.5792656E7
-1.573316E7
-1.5656792E7
-1.5563568E7
-1.5453756E7
-1.5327912E7
-1.5186872E7
-1.5031752E7
-1.4863952E7
-1.468512E7
-1.4497168E7
-1.4302248E7
-1.4102712E7
-1.3901116E7
-1.3700164E7
-1.3502688E7
-1.3311608E7
-1.3129892E7
-1.2960488E7
-1.2806316E7
-1.2670184E7
-1.2554772E7
-1.2462576E7
-1.2395868E7
-1.2356672E7
-1.2346716E7
-1.236742E7
-1.24199E7
-1.2504904E7
-1.2622872E7
-1.277386E7
-1.2957632E7
-1.3173584E7
-1.3420812E7
-1.36981E7
-1.4003936E7
-1.4336536E7
-1.4693856E7
-1.5073612E7
-1.54733E7
-1.5890236E7
-1.632156E7
-1.6764272E7
-1.7215296E7
-1.7671452E7
-1.8129572E7
-1.8586476E7
-1.9039048E7
-1.948426E7
-1.99192E7
-2.03411E7
-2.074736E7
-2.1135584E7
-2.1503552E7
-2.1849256E7
-2.2170888E7
-2.2466836E7
-2.27357E7
-2.2976268E7
-2.3187508E7
-2.3368564E7
-2.3518748E7
-2.3637528E7
-2.3724528E7
-2.3779496E7
-2.3802308E7
-2.379296E7
-2.3751544E7
-2.3678276E7
-2.3573452E7
-2.3437512E7
-2.3270984E7
-2.3074524E7
-2.2848932E7
-2.259518E7
-2.2314404E7
-2.2007928E7
-2.1677312E7
-2.1324296E7
-2.095088E7
-2.0559292E7
-2.0151976E7
-1.973162E7
-1.9301084E7
-1.8863444E7
-1.8421904E7
-1.7979808E7
-1.7540576E7
-1.7107672E7
-1.6684544E7
-1.6274588E7
-1.588108E7
-1.550712E7
-1.5155608E7
-1.4829132E7
-1.4529996E7
-1.42601E7
-1.4020976E7
-1.381372E7
-1.3638996E7
-1.349702E7
-1.3387632E7
-1.3310232E7
-1.3263904E7
-1.3247396E7
-1.3259192E7
-1.3297576E7
-1.336068E7
-1.344652E7
-1.3553048E7
-1.3678196E7
-1.3819904E7
-1.3976148E7
-1.4144956E7
-1.4324408E7
-1.4512684E7
-1.4708052E7
-1.4908876E7
-1.5113644E7
-1.5320976E7
-1.5529668E7
-1.5738676E7
-1.5947172E7
-1.615458E7
-1.6360544E7
-1.656498E7
-1.6768112E7
-1.6970376E7
-1.7172496E7
-1.73754E7
-1.7580208E7
-1.7788148E7
-1.800052E7
-1.8218612E7
-1.844364E7
-1.8676664E7
-1.8918528E7
-1.9169808E7
-1.943076E7
-1.9701296E7
-1.998096E7
-2.0268924E7
-2.0564028E7
-2.086478E7
-2.1169432E7
-2.1475992E7
-2.1782324E7
-2.2086208E7
-2.2385352E7
-2.2677528E7
-2.2960604E7
-2.323258E7
-2.3491672E7
-2.3736308E7
-2.3965212E7
-2.417738E7
-2.4372084E7
-2.454892E7
-2.470776E7
-2.4848732E7
-2.4972232E7
-2.5078856E7
-2.5169396E7
-2.5244812E7
-2.530614E7
-2.5354524E7
-2.5391148E7
-2.541718E7
-2.5433756E7
-2.5441952E7
-2.5442728E7
-2.54369E7
-2.5425144E7
-2.540794E7
-2.5385568E7
-2.5358136E7
-2.5325536E7
-2.5287488E7
-2.524354E7
-2.5193124E7
-2.5135572E7
-2.5070164E7
-2.4996172E7
-2.4912952E7
-2.481992E7
-2.471666E7
-2.4602944E7
-2.4478768E7
-2.4344408E7
-2.420038E7
-2.4047484E7
-2.3886816E7
-2.3719684E7
-2.3547608E7
-2.33723E7
-2.3195584E7
-2.3019304E7
-2.2845344E7
-2.267548E7
-2.2511368E7
-2.2354464E7
-2.2205976E7
-2.2066852E7
-2.1937684E7
-2.1818784E7
-2.171012E7
-2.1611332E7
-2.1521788E7
-2.1440612E7
-2.1366712E7
-2.1298848E7
-2.1235692E7
-2.1175892E7
-2.1118088E7
-2.1061016E7
-2.10035E7
-2.0944548E7
-2.08833E7
-2.0819096E7
-2.0751476E7
-2.0680164E7
-2.0605072E7
-2.0526264E7
-2.0443992E7
-2.0358608E7
-2.0270628E7
-2.018064E7
-2.0089356E7
-1.9997572E7
-1.9906156E7
-1.9816072E7
-1.9728352E7
-1.9644084E7
-1.9564456E7
-1.9490672E7
-1.9424004E7
-1.9365736E7
-1.9317164E7
-1.927956E7
-1.925412E7
-1.9241968E7
-1.9244108E7
-1.9261372E7
-1.9294436E7
-1.9343736E7
-1.9409508E7
-1.9491764E7
-1.959028E7
-1.97046E7
-1.9834088E7
-1.9977884E7
-2.0134984E7
-2.030424E7
-2.048436E7
-2.0673964E7
-2.0871572E7
-2.107564E7
-2.1284556E7
-2.1496652E7
-2.1710232E7
-2.1923544E7
-2.2134824E7
-2.2342312E7
-2.2544224E7
-2.2738808E7
-2.2924388E7
-2.3099324E7
-2.3262116E7
-2.341136E7
-2.3545836E7
-2.3664496E7
-2.37665E7
-2.3851204E7
-2.39182E7
-2.39673E7
-2.3998528E7
-2.4012088E7
-2.4008392E7
-2.3987972E7
-2.3951508E7
-2.3899748E7
-2.3833464E7
-2.3753484E7
-2.3660544E7
-2.3555316E7
-2.3438364E7
-2.3310028E7
-2.31705E7
-2.30197E7
-2.2857328E7
-2.2682804E7
-2.2495304E7
-2.2293744E7
-2.2076868E7
-2.184324E7
-2.1591336E7
-2.1319604E7
-2.1026528E7
-2.071072E7
-2.0370984E7
-2.0006392E7
-1.9616368E7
-1.9200708E7
-1.875966E7
-1.8293908E7
-1.7804604E7
-1.7293364E7
-1.6762228E7
-1.6213644E7
-1.5650372E7
-1.5075464E7
-1.4492176E7
-1.3903868E7
-1.3313956E7
-1.2725828E7
-1.2142748E7
-1.156786E7
-1.1004044E7
-1.0453988E7
-9920060.0
-9404380.0
-8908796.0
-8434872.0
-7983948.0
-7557128.0
-7155316.0
-6779256.0
-6429508.0
-6106496.0
-5810508.0
-5541676.0
-5299976.0
-5085216.0
-4897000.0
-4734716.0
-4597504.0
-4484232.0
-4393468.0
-4323488.0
-4272252.0
-4237436.0
-4216440.0
-4206448.0
-4204484.0
-4207476.0
-4212328.0
-4216036.0
-4215748.0
-4208868.0
-4193108.0
-4166596.0
-4127884.0
-4076016.0
-4010524.0
-3931416.0
-3839188.0
-3734740.0
-3619336.0
-3494556.0
-3362152.0
-3224040.0
-3082156.0
-2938384.0
-2794492.0
-2652040.0
-2512336.0
-2376412.0
-2244968.0
-2118384.0
-1996728.0
-1879788.0
-1767068.0
-1657868.0
-1551324.0
-1446424.0
-1342116.0
-1237324.0
-1130992.0
-1022144.0
-909920.0
-793596.0
-672624.0
-546676.0
-415608.0
-279520.0
-138740.0
6200.0
154508.0
305244.0
457244.0
609200.0
759684.0
907172.0
1050060.0
1186716.0
1315524.0
1434896.0
1543320.0
1639356.0
1721700.0
1789184.0
1840808.0
1875736.0
1893340.0
1893164.0
1874980.0
1838728.0
1784560.0
1712812.0
1623976.0
1518688.0
1397712.0
1261908.0
1112216.0
949564.0
774924.0
589220.0
393320.0
187988.0
-26100.0
-248396.0
-478464.0
-715988.0
-960784.0
-1212704.0
-1471652.0
-1737536.0
-2010228.0
-2289492.0
-2574940.0
-2866000.0
-3161888.0
-3461576.0
-3763760.0
-4066936.0
-4369336.0
-4669032.0
-4963928.0
-5251888.0
-5530744.0
-5798392.0
-6052876.0
-6292444.0
-6515624.0
-6721268.0
-6908620.0
-7077324.0
-7227476.0
-7359584.0
-7474592.0
-7573828.0
-7658948.0
-7731896.0
-7794828.0
-7850008.0
-7899748.0
-7946292.0
-7991744.0
-8037996.0
-8086636.0
-8138884.0
-8195588.0
-8257152.0
-8323540.0
-8394320.0
-8468596.0
-8545132.0
-8622348.0
-8698368.0
-8771088.0
-8838212.0
-8897324.0
-8945908.0
-8981416.0
-9001292.0
-9003028.0
-8984180.0
-8942408.0
-8875552.0
-8781604.0
-8658808.0
-8505676.0
-8321032.0
-8104036.0
-7854264.0
-7571680.0
-7256688.0
-6910148.0
-6533360.0
-6128060.0
-5696396.0
-5240920.0
-4764520.0
-4270356.0
-3761860.0
-3242600.0
-2716284.0
-2186648.0
-1657416.0
-1132232.0
-614584.0
-107820.0
384944.0
860844.0
1317268.0
1751876.0
2162620.0
2547720.0
2905684.0
3235292.0
3535616.0
3805968.0
4045972.0
4255484.0
4434624.0
4583772.0
4703524.0
4794684.0
4858228.0
4895288.0
4907096.0
4894912.0
4860032.0
4803676.0
4727012.0
4631040.0
4516640.0
4384456.0
4234984.0
4068492.0
3885056.0
3684604.0
3466892.0
3231584.0
2978260.0
2706488.0
2415816.0
2105892.0
1776432.0
1427284.0
1058484.0
670224.0
262928.0
-162796.0
-606096.0
-1065928.0
-1541024.0
-2029976.0
-2531160.0
-3042836.0
-3563112.0
-4090016.0
-4621476.0
-5155384.0
-5689576.0
-6221896.0
-6750200.0
-7272404.0
-7786496.0
-8290592.0
-8782948.0
-9262056.0
-9726584.0
-1.0175508E7
-1.060808E7
-1.1023896E7
-1.1422868E7
-1.1805296E7
-1.2171808E7
-1.25234E7
-1.2861376E7
-1.3187336E7
-1.3503112E7
-1.3810736E7
-1.411234E7
-1.441012E7
-1.4706236E7
-1.5002736E7
-1.5301476E7
-1.5604084E7
-1.5911832E7
-1.6225632E7
-1.6545992E7
-1.6872952E7
-1.7206104E7
-1.75446E7
-1.7887108E7
-1.823192E7
-1.8576944E7
-1.8919776E7
-1.9257752E7
-1.9588036E7
-1.990766E7
-2.0213636E7
-2.0503E7
-2.07729E7
-2.1020676E7
-2.1243876E7
-2.1440352E7
-2.1608264E7
-2.1746144E7
-2.185286E7
-2.1927676E7
-2.1970176E7
-2.198028E7
-2.1958196E7
-2.1904388E7
-2.1819488E7
-2.1704288E7
-2.1559664E7
-2.1386504E7
-2.1185712E7
-2.0958124E7
-2.0704516E7
-2.0425548E7
-2.0121812E7
-1.9793804E7
-1.9441944E7
-1.9066644E7
-1.8668292E7
-1.824736E7
-1.780438E7
-1.7340048E7
-1.6855228E7
-1.635098E7
-1.5828616E7
-1.5289672E7
-1.4735908E7
-1.4169328E7
-1.359212E7
-1.300664E7
-1.2415344E7
-1.1820788E7
-1.1225532E7
-1.0632092E7
-1.0042924E7
-9460300.0
-8886332.0
-8322884.0
-7771540.0
-7233572.0
-6709956.0
-6201320.0
-5707980.0
-5229940.0
-4766924.0
-4318428.0
-3883736.0
-3461976.0
-3052192.0
-2653352.0
-2264432.0
-1884420.0
-1512400.0
-1147532.0
-789088.0
-436492.0
-89264.0
252900.0
590204.0
922712.0
1250372.0
1573040.0
1890464.0
2202316.0
2508176.0
2807572.0
3099948.0
3384672.0
3661088.0
3928452.0
4185988.0
4432880.0
4668276.0
4891292.0
5101068.0
5296724.0
5477436.0
5642436.0
5791024.0
5922644.0
6036876.0
6133468.0
6212400.0
6273864.0
6318336.0
6346544.0
6359516.0
6358556.0
6345244.0
6321424.0
6289168.0
6250764.0
6208648.0
6165372.0
6123520.0
6085696.0
6054408.0
6032020.0
6020700.0
6022308.0
6038376.0
6070036.0
6117968.0
6182396.0
6263036.0
6359108.0
6469388.0
6592156.0
6725312.0
6866388.0
7012640.0
7161100.0
7308656.0
7452168.0
7588496.0
7714628.0
7827732.0
7925260.0
8004964.0
8065028.0
8104020.0
8121012.0
8115532.0
8087588.0
8037672.0
7966704.0
7876036.0
7767332.0
7642596.0
7504040.0
7354048.0
7195108.0
7029752.0
6860484.0
6689692.0
6519680.0
6352524.0
6190120.0
6034112.0
5885888.0
5746596.0
5617128.0
5498172.0
5390196.0
5293524.0
5208376.0
5134856.0
5073056.0
5023048.0
4984948.0
4958880.0
4945032.0
4943636.0
4954952.0
4979244.0
5016752.0
5067696.0
5132152.0
5210140.0
5301500.0
5405920.0
5522952.0
5651944.0
5792120.0
5942580.0
6102328.0
6270300.0
6445432.0
6626632.0
6812896.0
7003260.0
7196840.0
7392856.0
7590588.0
7789404.0
7988720.0
8187996.0
8386676.0
8584248.0
8780132.0
8973772.0
9164556.0
9351880.0
9535156.0
9713796.0
9887300.0
1.0055212E7
1.0217204E7
1.0373024E7
1.0522552E7
1.0665784E7
1.0802804E7
1.0933772E7
1.1058916E7
1.1178484E7
1.1292704E7
1.1401804E7
1.1505912E7
1.1605116E7
1.1699404E7
1.1788696E7
1.1872804E7
1.1951508E7
1.2024512E7
1.2091508E7
1.2152168E7
1.2206164E7
1.2253188E7
1.2292972E7
1.2325236E7
1.2349764E7
1.236632E7
1.2374708E7
1.2374688E7
1.2366044E7
1.2348504E7
1.23218E7
1.22856E7
1.2239604E7
1.218346E7
1.2116864E7
1.2039524E7
1.1951232E7
1.1851864E7
1.1741436E7
1.1620112E7
1.1488228E7
1.134636E7
1.1195272E7
1.1035984E7
1.0869716E7
1.0697944E7
1.052232E7
1.0344672E7
1.0166984E7
9991328.0
9819852.0
9654684.0
9497968.0
9351720.0
9217848.0
9098068.0
8993864.0
8906428.0
8836668.0
8785068.0
8751752.0
8736376.0
8738172.0
8755888.0
8787820.0
8831832.0
8885388.0
8945604.0
9009316.0
9073156.0
9133616.0
9187164.0
9230296.0
9259636.0
9272024.0
9264580.0
9234720.0
9180292.0
9099544.0
8991188.0
8854412.0
8688872.0
8494708.0
8272516.0
8023316.0
7748524.0
7449900.0
7129472.0
6789528.0
6432488.0
6060876.0
5677260.0
5284160.0
4884036.0
4479228.0
4071920.0
3664144.0
3257732.0
2854360.0
2455536.0
2062616.0
1676824.0
1299308.0
931128.0
573292.0
226808.0
-107348.0
-428168.0
-734616.0
-1025640.0
-1300140.0
-1556976.0
-1795016.0
-2013076.0
-2210004.0
-2384680.0
-2536028.0
-2663056.0
-2764856.0
-2840692.0
-2889924.0
-2912132.0
-2907048.0
-2874596.0
-2814872.0
-2728136.0
-2614784.0
-2475336.0
-2310376.0
-2120532.0
-1906464.0
-1668788.0
-1408096.0
-1124936.0
-819780.0
-493100.0
-145308.0
223172.0
611840.0
1020132.0
1447340.0
1892564.0
2354668.0
2832272.0
3323688.0
3826900.0
4339616.0
4859188.0
5382716.0
5907052.0
6428820.0
6944540.0
7450652.0
7943564.0
8419812.0
8876036.0
9309108.0
9716192.0
1.0094784E7
1.0442768E7
1.0758436E7
1.1040556E7
1.128836E7
1.1501552E7
1.168032E7
1.1825308E7
1.1937612E7
1.2018732E7
1.207054E7
1.209524E7
1.209528E7
1.207332E7
1.2032152E7
1.1974632E7
1.1903596E7
1.1821812E7
1.1731908E7
1.1636276E7
1.1537104E7
1.1436284E7
1.1335408E7
1.1235736E7
1.1138236E7
1.1043584E7
1.095218E7
1.0864196E7
1.0779608E7
1.0698248E7
1.061984E7
1.0544008E7
1.0470376E7
1.0398548E7
1.032814E7
1.0258792E7
1.0190188E7
1.0122056E7
1.005414E7
9986208.0
9918028.0
9849352.0
9779908.0
9709360.0
9637304.0
9563236.0
9486580.0
9406640.0
9322644.0
9233744.0
9139020.0
9037544.0
8928360.0
8810592.0
8683412.0
8546096.0
8398080.0
8238944.0
8068448.0
7886540.0
7693376.0
7489268.0
7274692.0
7050280.0
6816760.0
6574940.0
6325664.0
6069776.0
5808108.0
5541408.0
5270372.0
4995572.0
4717492.0
4436544.0
4153020.0
3867176.0
3579232.0
3289388.0
2997872.0
2704960.0
2410988.0
2116364.0
1821584.0
1527196.0
1233824.0
942140.0
652808.0
366496.0
83840.0
-194580.0
-468280.0
-736828.0
-999884.0
-1257196.0
-1508548.0
-1753832.0
-1992912.0
-2225700.0
-2452100.0
-2671980.0
-2885196.0
-3091564.0
-3290852.0
-3482796.0
-3667096.0
-3843428.0
-4011452.0
-4170808.0
-4321148.0
-4462132.0
-4593416.0
-4714720.0
-4825772.0
-4926364.0
-5016344.0
-5095632.0
-5164244.0
-5222288.0
-5269988.0
-5307680.0
-5335816.0
-5354980.0
-5365816.0
-5369088.0
-5365556.0
-5356004.0
-5341148.0
-5321612.0
-5297888.0
-5270248.0
-5238772.0
-5203272.0
-5163316.0
-5118224.0
-5067104.0
-5008896.0
-4942416.0
-4866436.0
-4779768.0
-4681312.0
-4570168.0
-4445680.0
-4307484.0
-4155556.0
-3990232.0
-3812184.0
-3622432.0
-3422276.0
-3213264.0
-2997120.0
-2775700.0
-2550876.0
-2324540.0
-2098504.0
-1874496.0
-1654072.0
-1438672.0
-1229552.0
-1027828.0
-834476.0
-650328.0
-476120.0
-312504.0
-160032.0
-19200.0
109572.0
225972.0
329780.0
420880.0
499320.0
565316.0
619280.0
661824.0
693812.0
716316.0
730628.0
738236.0
740772.0
740012.0
737764.0
735852.0
735996.0
739820.0
748736.0
763888.0
786144.0
816016.0
853668.0
898924.0
951220.0
1009688.0
1073168.0
1140244.0
1209328.0
1278700.0
1346612.0
1411328.0
1471216.0
1524796.0
1570832.0
1608372.0
1636760.0
1655724.0
1665348.0
1666080.0
1658736.0
1644456.0
1624700.0
1601140.0
1575668.0
1550276.0
1527012.0
1507924.0
1494936.0
1489836.0
1494196.0
1509300.0
1536112.0
1575280.0
1627084.0
1691444.0
1767940.0
1855864.0
1954208.0
2061752.0
2177096.0
2298744.0
2425136.0
2554692.0
2685900.0
2817304.0
2947568.0
3075472.0
3199928.0
3320000.0
3434848.0
3543800.0
3646280.0
3741824.0
3830104.0
3910892.0
3984104.0
4049756.0
4108056.0
4159324.0
4204056.0
4242884.0
4276580.0
4306028.0
4332184.0
4356024.0
4378508.0
4400528.0
4422816.0
4445952.0
4470252.0
4495800.0
4522392.0
4549540.0
4576500.0
4602272.0
4625660.0
4645312.0
4659768.0
4667512.0
4667028.0
4656832.0
4635544.0
4601872.0
4554704.0
4493072.0
4416208.0
4323504.0
4214596.0
4089296.0
3947616.0
3789784.0
3616188.0
3427440.0
3224300.0
3007688.0
2778688.0
2538464.0
2288296.0
2029544.0
1763572.0
1491776.0
1215504.0
936072.0
654728.0
372644.0
90904.0
-189444.0
-467424.0
-742060.0
-1012324.0
-1277140.0
-1535312.0
-1785504.0
-2026188.0
-2255656.0
-2472024.0
-2673216.0
-2857064.0
-3021300.0
-3163660.0
-3281964.0
-3374164.0
-3438464.0
-3473372.0
-3477776.0
-3450960.0
-3392684.0
-3303132.0
-3182964.0
-3033220.0
-2855308.0
-2650944.0
-2422040.0
-2170696.0
-1899068.0
-1609304.0
-1303520.0
-983720.0
-651744.0
-309312.0
42044.0
400948.0
766132.0
1136428.0
1510708.0
1887836.0
2266644.0
2645848.0
3024064.0
3399740.0
3771188.0
4136556.0
4493856.0
4841036.0
5175948.0
5496472.0
5800524.0
6086168.0
6351608.0
6595304.0
6815976.0
7012660.0
7184720.0
7331884.0
7454232.0
7552196.0
7626532.0
7678336.0
7708996.0
7720176.0
7713788.0
7691968.0
7657052.0
7611540.0
7558076.0
7499432.0
7438424.0
7377928.0
7320796.0
7269808.0
7227636.0
7196764.0
7179444.0
7177628.0
7192936.0
7226608.0
7279488.0
7351964.0
7444044.0
7555312.0
7684988.0
7831944.0
7994784.0
8171900.0
8361528.0
8561860.0
8771072.0
8987404.0
9209260.0
9435228.0
9664096.0
9894932.0
1.012704E7
1.0359968E7
1.0593484E7
1.0827536E7
1.106218E7
1.129756E7
1.1533804E7
1.1771016E7
1.200918E7
1.2248132E7
1.2487548E7
1.2726868E7
1.2965368E7
1.3202076E7
1.3435836E7
1.366532E7
1.388902E7
1.4105336E7
1.4312572E7
1.4508984E7
1.469284E7
1.4862444E7
1.5016196E7
1.5152632E7
1.527044E7
1.5368532E7
1.544608E7
1.5502504E7
1.5537532E7
1.5551164E7
1.5543764E7
1.5515956E7
1.5468672E7
1.5403128E7
1.5320792E7
1.5223352E7
1.5112684E7
1.4990828E7
1.4859924E7
1.4722188E7
1.4579876E7
1.4435248E7
1.4290504E7
1.4147772E7
1.4009072E7
1.3876272E7
1.3751036E7
1.363482E7
1.352882E7
1.343394E7
1.3350764E7
1.3279556E7
1.32202E7
1.3172232E7
1.313484E7
1.310684E7
1.3086752E7
1.3072792E7
1.306296E7
1.305504E7
1.3046708E7
1.303556E7
1.3019192E7
1.2995284E7
1.2961596E7
1.2916084E7
1.2856896E7
1.2782472E7
1.2691456E7
1.2582824E7
1.2455796E7
1.2309852E7
1.2144688E7
1.1960224E7
1.1756476E7
1.15336E7
1.129176E7
1.103116E7
1.0751952E7
1.045424E7
1.0138068E7
9803440.0
9450324.0
9078692.0
8688604.0
8280236.0
7853964.0
7410412.0
6950536.0
6475640.0
5987432.0
5488040.0
4979984.0
4466192.0
3949936.0
3434792.0
2924544.0
2423160.0
1934660.0
1463036.0
1012192.0
585844.0
187384.0
-180096.0
-513956.0
-812016.0
-1072632.0
-1294720.0
-1477748.0
-1621768.0
-1727408.0
-1795820.0
-1828644.0
-1827964.0
-1796216.0
-1736160.0
-1650756.0
-1543136.0
-1416484.0
-1274004.0
-1118856.0
-954096.0
-782664.0
-607328.0
-430660.0
-255060.0
-82708.0
84412.0
244576.0
396244.0
538136.0
669204.0
788672.0
896028.0
991040.0
1073756.0
1144532.0
1203996.0
1253080.0
1293000.0
1325216.0
1351408.0
1373476.0
1393444.0
1413436.0
1435584.0
1462016.0
1494720.0
1535524.0
1585980.0
1647360.0
1720556.0
1806068.0
1903968.0
2013908.0
2135104.0
2266384.0
2406232.0
2552784.0
2703960.0
2857448.0
3010820.0
3161612.0
3307308.0
3445472.0
3573776.0
3690048.0
3792284.0
3878748.0
3947924.0
3998588.0
4029796.0
4040904.0
4031584.0
4001796.0
3951820.0
3882220.0
3793864.0
3687908.0
3565764.0
3429112.0
3279824.0
3119996.0
2951852.0
2777740.0
2600076.0
2421280.0
2243744.0
2069776.0
1901532.0
1741016.0
1590004.0
1450040.0
1322412.0
1208152.0
1108020.0
1022544.0
951992.0
896480.0
855908.0
830048.0
818576.0
821072.0
837048.0
865996.0
907408.0
960732.0
1025476.0
1101152.0
1187332.0
1283600.0
1389608.0
1505040.0
1629636.0
1763168.0
1905428.0
2056232.0
2215364.0
2382624.0
2557732.0
2740392.0
2930204.0
3126728.0
3329376.0
3537520.0
3750380.0
3967088.0
4186652.0
4407992.0
4629904.0
4851060.0
5070076.0
5285440.0
5495584.0
5698880.0
5893656.0
6078220.0
6250896.0
6410044.0
6554092.0
6681576.0
6791180.0
6881740.0
6952344.0
7002284.0
7031156.0
7038836.0
7025524.0
6991744.0
6938340.0
6866484.0
6777660.0
6673608.0
6556344.0
6428076.0
6291208.0
6148260.0
6001852.0
5854628.0
5709264.0
5568372.0
5434468.0
5309944.0
5197024.0
5097716.0
5013776.0
4946700.0
4897652.0
4867524.0
4856840.0
4865836.0
4894404.0
4942160.0
5008436.0
5092328.0
5192736.0
5308428.0
5438040.0
5580172.0
5733468.0
5896556.0
6068216.0
6247380.0
6433108.0
6624704.0
6821636.0
7023596.0
7230460.0
7442232.0
7659084.0
7881244.0
8108980.0
8342548.0
8582148.0
8827880.0
9079700.0
9337384.0
9600552.0
9868568.0
1.0140628E7
1.0415692E7
1.0692524E7
1.0969704E7
1.1245644E7
1.1518608E7
1.1786748E7
1.2048112E7
1.2300708E7
1.2542516E7
1.27715E7
1.2985676E7
1.318314E7
1.3362056E7
1.3520752E7
1.3657668E7
1.3771424E7
1.3860836E7
1.3924904E7
1.3962824E7
1.3974016E7
1.3958084E7
1.3914864E7
1.3844376E7
1.374684E7
1.3622676E7
1.34725E7
1.3297116E7
1.3097528E7
1.2874932E7
1.2630716E7
1.2366456E7
1.2083904E7
1.1785E7
1.1471836E7
1.1146648E7
1.08118E7
1.0469772E7
1.0123108E7
9774416.0
9426352.0
9081564.0
8742696.0
8412356.0
8093096.0
7787412.0
7497692.0
7226248.0
6975252.0
6746744.0
6542620.0
6364604.0
6214216.0
6092756.0
6001272.0
5940540.0
5911020.0
5912844.0
5945756.0
6009124.0
6101912.0
6222652.0
6369492.0
6540120.0
6731900.0
6941808.0
7166536.0
7402492.0
7645940.0
7892960.0
8139608.0
8381932.0
8616064.0
8838276.0
9045048.0
9233124.0
9399568.0
9541792.0
9657584.0
9745168.0
9803148.0
9830580.0
9826888.0
9791856.0
9725628.0
9628600.0
9501400.0
9344836.0
9159812.0
8947320.0
8708372.0
8443944.0
8154996.0
7842468.0
7507216.0
7150124.0
6772048.0
6373892.0
5956620.0
5521284.0
5069088.0
4601348.0
4119576.0
3625432.0
3120748.0
2607528.0
2087904.0
1564128.0
1038568.0
513628.0
-8212.0
-524468.0
-1032696.0
-1530452.0
-2015396.0
-2485256.0
-2937900.0
-3371328.0
-3783748.0
-4173532.0
-4539312.0
-4879948.0
-5194596.0
-5482684.0
-5743936.0
-5978372.0
-6186316.0
-6368348.0
-6525300.0
-6658228.0
-6768352.0
-6857036.0
-6925740.0
-6975952.0
-7009172.0
-7026876.0
-7030464.0
-7021272.0
-7000532.0
-6969392.0
-6928884.0
-6879976.0
-6823548.0
-6760412.0
-6691360.0
-6617092.0
-6538324.0
-6455708.0
-6369896.0
-6281484.0
-6191040.0
-6099104.0
-6006172.0
-5912704.0
-5819120.0
-5725812.0
-5633148.0
-5541504.0
-5451244.0
-5362748.0
-5276428.0
-5192712.0
-5112076.0
-5035020.0
-4962060.0
-4893736.0
-4830596.0
-4773168.0
-4721992.0
-4677560.0
-4640348.0
-4610784.0
-4589300.0
-4576264.0
-4572044.0
-4576988.0
-4591388.0
-4615560.0
-4649784.0
-4694300.0
-4749348.0
-4815100.0
-4891696.0
-4979224.0
-5077712.0
-5187124.0
-5307336.0
-5438164.0
-5579336.0
-5730496.0
-5891176.0
-6060836.0
-6238800.0
-6424276.0
-6616344.0
-6813932.0
-7015824.0
-7220648.0
-7426880.0
-7632844.0
-7836768.0
-8036736.0
-8230800.0
-8416964.0
-8593228.0
-8757684.0
-8908516.0
-9044044.0
-9162832.0
-9263644.0
-9345528.0
-9407824.0
-9450144.0
-9472412.0
-9474808.0
-9457772.0
-9421908.0
-9368028.0
-9297004.0
-9209784.0
-9107296.0
-8990428.0
-8859980.0
-8716608.0
-8560860.0
-8393104.0
-8213584.0
-8022428.0
-7819660.0
-7605272.0
-7379240.0
-7141624.0
-6892556.0
-6632340.0
-6361468.0
-6080668.0
-5790904.0
-5493408.0
-5189644.0
-4881324.0
-4570340.0
-4258752.0
-3948716.0
-3642412.0
-3341980.0
-3049484.0
-2766788.0
-2495540.0
-2237080.0
-1992404.0
-1762124.0
-1546452.0
-1345164.0
-1157644.0
-982856.0
-819420.0
-665596.0
-519408.0
-378628.0
-240896.0
-103756.0
35272.0
178628.0
328640.0
487488.0
657132.0
839280.0
1035340.0
1246388.0
1473136.0
1715936.0
1974744.0
2249116.0
2538184.0
2840716.0
3155092.0
3479300.0
3811024.0
4147664.0
4486348.0
4824032.0
5157544.0
5483648.0
5799128.0
6100836.0
6385788.0
6651224.0
6894628.0
7113848.0
7307092.0
7472984.0
7610564.0
7719328.0
7799212.0
7850592.0
7874228.0
7871288.0
7843260.0
7791952.0
7719400.0
7627864.0
7519720.0
7397496.0
7263736.0
7121008.0
6971864.0
6818768.0
6664084.0
6510032.0
6358680.0
6211856.0
6071180.0
5938012.0
5813444.0
5698256.0
5592956.0
5497724.0
5412464.0
5336792.0
5270072.0
5211412.0
5159740.0
5113800.0
5072232.0
5033580.0
4996356.0
4959084.0
4920336.0
4878788.0
4833228.0
4782648.0
4726244.0
4663484.0
4594100.0
4518168.0
4436112.0
4348736.0
4257212.0
4163120.0
4068412.0
3975408.0
3886712.0
3805200.0
3733956.0
3676112.0
3634848.0
3613228.0
3614104.0
3640056.0
3693224.0
3775292.0
3887392.0
4030064.0
4203228.0
4406204.0
4637704.0
4895888.0
5178452.0
5482632.0
5805364.0
6143332.0
6493064.0
6851012.0
7213620.0
7577420.0
7939032.0
8295248.0
8643032.0
8979548.0
9302156.0
9608432.0
9896148.0
1.0163292E7
1.0408048E7
1.0628836E7
1.0824304E7
1.0993368E7
1.1135208E7
1.1249316E7
1.1335488E7
1.1393884E7
1.1425008E7
1.14297E7
1.1409152E7
1.1364868E7
1.129866E7
1.1212544E7
1.110876E7
1.0989688E7
1.0857764E7
1.0715448E7
1.0565156E7
1.0409188E7
1.0249656E7
1.008848E7
9927276.0
9767344.0
9609676.0
9454880.0
9303228.0
9154608.0
9008600.0
8864496.0
8721308.0
8577880.0
8432876.0
8284900.0
8132508.0
7974320.0
7809032.0
7635480.0
7452680.0
7259896.0
7056596.0
6842544.0
6617736.0
6382440.0
6137152.0
5882572.0
5619596.0
5349240.0
5072660.0
4791080.0
4505756.0
4217976.0
3929012.0
3640108.0
3352472.0
3067244.0
2785508.0
2508268.0
2236440.0
1970868.0
1712284.0
1461316.0
1218512.0
984296.0
758956.0
542684.0
335500.0
137304.0
-52184.0
-233420.0
-407028.0
-573848.0
-734904.0
-891388.0
-1044712.0
-1196412.0
-1348188.0
-1501824.0
-1659184.0
-1822140.0
-1992544.0
-2172204.0
-2362768.0
-2565772.0
-2782556.0
-3014228.0
-3261656.0
-3525460.0
-3805952.0
-4103200.0
-4416980.0
-4746828.0
-5091996.0
-5451556.0
-5824356.0
-6209104.0
-6604368.0
-7008608.0
-7420220.0
-7837556.0
-8258924.0
-8682604.0
-9106872.0
-9529972.0
-9950120.0
-1.0365508E7
-1.0774276E7
-1.1174512E7
-1.1564244E7
-1.1941464E7
-1.2304104E7
-1.2650052E7
-1.297722E7
-1.3283512E7
-1.3566884E7
-1.38254E7
-1.405726E7
-1.4260824E7
-1.4434656E7
-1.45776E7
-1.468874E7
-1.4767468E7
-1.4813468E7
-1.4826708E7
-1.4807476E7
-1.4756296E7
-1.4673952E7
-1.4561424E7
-1.4419888E7
-1.425066E7
-1.4055188E7
-1.3835004E7
-1.3591712E7
-1.3326988E7
-1.3042548E7
-1.274016E7
-1.2421596E7
-1.2088708E7
-1.1743316E7
-1.1387288E7
-1.102248E7
-1.0650728E7
-1.0273852E7
-9893608.0
-9511672.0
-9129620.0
-8748900.0
-8370828.0
-7996512.0
-7626916.0
-7262800.0
-6904724.0
-6553072.0
-6208056.0
-5869708.0
-5537956.0
-5212620.0
-4893452.0
-4580188.0
-4272588.0
-3970456.0
-3673676.0
-3382284.0
-3096448.0
-2816492.0
-2542940.0
-2276472.0
-2017932.0
-1768324.0
-1528772.0
-1300504.0
-1084800.0
-882960.0
-696276.0
-525976.0
-373208.0
-238996.0
-124204.0
-29524.0
44528.0
97652.0
129764.0
140976.0
131600.0
102140.0
53268.0
-14184.0
-99284.0
-200976.0
-318148.0
-449632.0
-594248.0
-750812.0
-918132.0
-1095064.0
-1280480.0
-1473264.0
-1672336.0
-1876596.0
-2084932.0
-2296180.0
-2509084.0
-2722288.0
-2934304.0
-3143440.0
-3347840.0
-3545448.0
-3733992.0
-3911004.0
-4073844.0
-4219728.0
-4345796.0
-4449140.0
-4526884.0
-4576264.0
-4594704.0
-4579864.0
-4529752.0
-4442768.0
-4317752.0
-4154056.0
-3951572.0
-3710700.0
-3432448.0
-3118316.0
-2770328.0
-2390976.0
-1983168.0
-1550144.0
-1095420.0
-622716.0
-135860.0
361280.0
864888.0
1371264.0
1876864.0
2378428.0
2872932.0
3357720.0
3830460.0
4289196.0
4732344.0
5158668.0
5567288.0
5957620.0
6329356.0
6682380.0
7016788.0
7332744.0
7630468.0
7910204.0
8172112.0
8416296.0
8642744.0
8851300.0
9041720.0
9213672.0
9366756.0
9500528.0
9614616.0
9708704.0
9782648.0
9836476.0
9870440.0
9885056.0
9881116.0
9859672.0
9822020.0
9769716.0
9704460.0
9628128.0
9542668.0
9450072.0
9352312.0
9251308.0
9148872.0
9046660.0
8946172.0
8848700.0
8755304.0
8666840.0
8583896.0
8506812.0
8435684.0
8370368.0
8310472.0
8255404.0
8204352.0
8156316.0
8110184.0
8064712.0
8018592.0
7970484.0
7919076.0
7863132.0
7801504.0
7733220.0
7657480.0
7573716.0
7481592.0
7381020.0
7272164.0
7155416.0
7031388.0
6900880.0
6764852.0
6624348.0
6480516.0
6334504.0
6187440.0
6040392.0
5894300.0
5749992.0
5608084.0
5469020.0
5332996.0
5200004.0
5069788.0
4941852.0
4815528.0
4689912.0
4563960.0
4436508.0
4306284.0
4172024.0
4032428.0
3886300.0
3732524.0
3570168.0
3398504.0
3217024.0
3025524.0
2824072.0
2613028.0
2393080.0
2165204.0
1930632.0
1690856.0
1447516.0
1202452.0
957524.0
714620.0
475556.0
242016.0
15468.0
-202880.0
-412144.0
-611804.0
-801696.0
-982052.0
-1153480.0
-1316908.0
-1473564.0
-1624900.0
-1772524.0
-1918124.0
-2063412.0
-2210008.0
-2359400.0
-2512860.0
-2671400.0
-2835728.0
-3006224.0
-3182912.0
-3365476.0
-3553264.0
-3745304.0
-3940388.0
-4137032.0
-4333600.0
-4528336.0
-4719388.0
-4904904.0
-5083032.0
-5251964.0
-5410000.0
-5555536.0
-5687080.0
-5803268.0
-5902868.0
-5984764.0
-6047988.0
-6091704.0
-6115208.0
-6117956.0
-6099588.0
-6059916.0
-5999000.0
-5917108.0
-5814780.0
-5692848.0
-5552396.0
-5394812.0
-5221728.0
-5035000.0
-4836692.0
-4629012.0
-4414232.0
-4194644.0
-3972500.0
-3749932.0
-3528904.0
-3311148.0
-3098136.0
-2891044.0
-2690732.0
-2497768.0
-2312400.0
-2134600.0
-1964080.0
-1800340.0
-1642684.0
-1490284.0
-1342188.0
-1197368.0
-1054756.0
-913276.0
-771808.0
-629292.0
-484680.0
-336936.0
-185100.0
-28204.0
134636.0
304264.0
481468.0
666960.0
861364.0
1065172.0
1278764.0
1502360.0
1735980.0
1979468.0
2232428.0
2494256.0
2764120.0
3040972.0
3323580.0
3610552.0
3900348.0
4191360.0
4481912.0
4770364.0
5055052.0
5334440.0
5607076.0
5871624.0
6126908.0
6371888.0
6605672.0
6827524.0
7036792.0
7232980.0
7415640.0
7584424.0
7738992.0
7879064.0
8004348.0
8114588.0
8209516.0
8288856.0
8352380.0
8399860.0
8431124.0
8446060.0
8444644.0
8426940.0
8393140.0
8343548.0
8278596.0
8198868.0
8105064.0
7997984.0
7878568.0
7747804.0
7606752.0
7456512.0
7298208.0
7132928.0
6961764.0
6785744.0
6605852.0
6423004.0
6238076.0
6051872.0
5865144.0
5678628.0
5493016.0
5309012.0
5127296.0
4948548.0
4773452.0
4602680.0
4436860.0
4276628.0
4122484.0
3974904.0
3834244.0
3700716.0
3574432.0
3455320.0
3343192.0
3237708.0
3138384.0
3044644.0
2955784.0
2871056.0
2789640.0
2710692.0
2633368.0
2556868.0
2480412.0
2403324.0
2325028.0
2245064.0
2163128.0
2079068.0
1992932.0
1904904.0
1815396.0
1724948.0
1634268.0
1544164.0
1455532.0
1369296.0
1286364.0
1207588.0
1133688.0
1065244.0
1002624.0
945988.0
895260.0
850132.0
810100.0
774464.0
742424.0
713088.0
685568.0
659028.0
632768.0
606268.0
579224.0
551620.0
523696.0
495988.0
469268.0
444520.0
422896.0
405640.0
394000.0
389160.0
392148.0
403792.0
424624.0
454808.0
494152.0
542088.0
597620.0
659380.0
725664.0
794492.0
863644.0
930756.0
993376.0
1049096.0
1095548.0
1130536.0
1152072.0
1158464.0
1148280.0
1120460.0
1074268.0
1009352.0
925676.0
823556.0
703600.0
566712.0
413980.0
246736.0
66440.0
-125368.0
-327052.0
-536968.0
-753488.0
-975004.0
-1199964.0
-1426920.0
-1654476.0
-1881364.0
-2106400.0
-2328540.0
-2546880.0
-2760640.0
-2969252.0
-3172296.0
-3369588.0
-3561132.0
-3747188.0
-3928220.0
-4104936.0
-4278236.0
-4449208.0
-4619072.0
-4789160.0
-4960856.0
-5135488.0
-5314360.0
-5498604.0
-5689164.0
-5886720.0
-6091660.0
-6304012.0
-6523436.0
-6749212.0
-6980236.0
-7215044.0
-7451836.0
-7688524.0
-7922768.0
-8152068.0
-8373792.0
-8585288.0
-8783916.0
-8967120.0
-9132484.0
-9277796.0
-9401092.0
-9500660.0
-9575092.0
-9623284.0
-9644452.0
-9638136.0
-9604152.0
-9542632.0
-9453968.0
-9338808.0
-9198032.0
-9032728.0
-8844172.0
-8633820.0
-8403264.0
-8154260.0
-7888652.0
-7608416.0
-7315612.0
-7012372.0
-6700884.0
-6383380.0
-6062104.0
-5739284.0
-5417132.0
-5097808.0
-4783364.0
-4475756.0
-4176792.0
-3888128.0
-3611192.0
-3347240.0
-3097244.0
-2861928.0
-2641756.0
-2436868.0
-2247156.0
-2072188.0
-1911288.0
-1763504.0
-1627672.0
-1502420.0
-1386252.0
-1277536.0
-1174604.0
-1075780.0
-979416.0
-883948.0
-787940.0
-690108.0
-589340.0
-484724.0
-375556.0
-261340.0
-141816.0
-16900.0
113228.0
248228.0
387528.0
530376.0
675808.0
822684.0
969696.0
1115380.0
1258132.0
1396256.0
1527996.0
1651600.0
1765356.0
1867664.0
1957100.0
2032496.0
2092940.0
2137904.0
2167228.0
2181164.0
2180380.0
2165940.0
2139292.0
2102216.0
2056760.0
2005184.0
1949876.0
1893264.0
1837780.0
1785708.0
1739192.0
1700132.0
1670160.0
1650604.0
1642496.0
1646512.0
1663040.0
1692208.0
1733864.0
1787680.0
1853152.0
1929668.0
2016564.0
2113108.0
2218592.0
2332288.0
2453508.0
2581564.0
2715752.0
2855352.0
2999556.0
3147488.0
3298128.0
3450296.0
3602652.0
3753632.0
3901500.0
4044324.0
4180016.0
4306348.0
4421020.0
4521676.0
4606040.0
4671904.0
4717264.0
4740352.0
4739736.0
4714372.0
4663644.0
4587412.0
4486036.0
4360388.0
4211856.0
4042252.0
3853820.0
3649176.0
3431180.0
3202892.0
2967448.0
2728012.0
2487616.0
2249144.0
2015220.0
1788180.0
1570016.0
1362328.0
1166368.0
983028.0
812836.0
656000.0
512452.0
381880.0
263780.0
157480.0
62196.0
-22928.0
-98804.0
-166364.0
-226536.0
-280240.0
-328356.0
-371720.0
-411148.0
-447388.0
-481140.0
-513076.0
-543792.0
-573864.0
-603788.0
-634032.0
-665000.0
-697024.0
-730392.0
-765292.0
-801844.0
-840056.0
-879868.0
-921100.0
-963456.0
-1006564.0
-1049912.0
-1092932.0
-1134936.0
-1175220.0
-1213012.0
-1247536.0
-1278040.0
-1303828.0
-1324316.0
-1339028.0
-1347684.0
-1350216.0
-1346788.0
-1337848.0
-1324132.0
-1306676.0
-1286800.0
-1266148.0
-1246572.0
-1230204.0
-1219308.0
-1216296.0
-1223648.0
-1243800.0
-1279136.0
-1331856.0
-1403952.0
-1497108.0
-1612684.0
-1751600.0
-1914396.0
-2101144.0
-2311492.0
-2544632.0
-2799388.0
-3074188.0
-3367160.0
-3676188.0
-3998936.0
-4332964.0
-4675740.0
-5024740.0
-5377484.0
-5731596.0
-6084840.0
-6435168.0
-6780716.0
-7119864.0
-7451200.0
-7773556.0
-8085972.0
-8387696.0
-8678164.0
-8956964.0
-9223820.0
-9478580.0
-9721172.0
-9951588.0
-1.0169868E7
-1.0376072E7
-1.0570284E7
-1.0752584E7
-1.0923044E7
-1.108172E7
-1.1228628E7
-1.136378E7
-1.1487132E7
-1.1598616E7
-1.1698132E7
-1.1785544E7
-1.1860708E7
-1.192346E7
-1.197364E7
-1.2011112E7
-1.203578E7
-1.2047596E7
-1.2046624E7
-1.2032984E7
-1.2006956E7
-1.1968932E7
-1.1919476E7
-1.1859296E7
-1.1789284E7
-1.1710464E7
-1.162402E7
-1.1531272E7
-1.1433612E7
-1.133252E7
-1.1229484E7
-1.112598E7
-1.1023392E7
-1.0922996E7
-1.0825908E7
-1.073302E7
-1.0645E7
-1.0562236E7
-1.0484844E7
-1.0412628E7
-1.0345104E7
-1.028148E7
-1.0220688E7
-1.0161372E7
-1.0101956E7
-1.0040604E7
-9975304.0
-9903896.0
-9824080.0
-9733508.0
-9629804.0
-9510652.0
-9373820.0
-9217268.0
-9039188.0
-8838072.0
-8612780.0
-8362564.0
-8087132.0
-7786664.0
-7461824.0
-9518432.0
-9149716.0
