# File created = Monday, May 11, 2026 6:48:41 PM EDT
# Data set = ADF_TR_Nirmat400-Mpro400_EDTA_VT_2026-05-09  298  1  /Users/ramelt2/Library/CloudStorage/Box-Box/Montelione-Lab-Box/MPro_NMR_and_MS_data_and_analysis/MPro-Nirmatrelvir_19F-NMR/Hudson-800-EDTA-data
# Spectral Region:
# LEFT = 2.0 ppm. RIGHT = -2.0 ppm.
#
# SIZE = 16579 ( = number of points)
#
# In the following ordering is from the 'left' to the 'right' limits!
# Lines beginning with '#' must be considered as comment lines.
#
-6043672.0
-5704456.0
-5360664.0
-5013800.0
-4665696.0
-4318456.0
-3974360.0
-3635856.0
-3305520.0
-2985928.0
-2679720.0
-2389464.0
-2117608.0
-1866488.0
-1638312.0
-1435032.0
-1258400.0
-1109896.0
-990712.0
-901696.0
-843384.0
-815888.0
-818968.0
-851960.0
-913768.0
-1002944.0
-1117616.0
-1255592.0
-1414384.0
-1591272.0
-1783376.0
-1987744.0
-2201408.0
-2421448.0
-2645128.0
-2869904.0
-3093496.0
-3313912.0
-3529488.0
-3738936.0
-3941272.0
-4135856.0
-4322336.0
-4500664.0
-4671032.0
-4833832.0
-4989696.0
-5139296.0
-5283520.0
-5423272.0
-5559528.0
-5693256.0
-5825424.0
-5956952.0
-6088672.0
-6221320.0
-6355512.0
-6491680.0
-6630160.0
-6771040.0
-6914304.0
-7059704.0
-7206848.0
-7355184.0
-7504048.0
-7652656.0
-7800112.0
-7945512.0
-8087856.0
-8226200.0
-8359576.0
-8487048.0
-8607792.0
-8721016.0
-8826080.0
-8922464.0
-9009736.0
-9087712.0
-9156304.0
-9215608.0
-9265960.0
-9307808.0
-9341856.0
-9368896.0
-9389960.0
-9406104.0
-9418608.0
-9428768.0
-9437944.0
-9447480.0
-9458712.0
-9472928.0
-9491264.0
-9514728.0
-9544176.0
-9580208.0
-9623176.0
-9673192.0
-9730056.0
-9793312.0
-9862232.0
-9935800.0
-1.001284E7
-1.0091928E7
-1.0171576E7
-1.0250232E7
-1.0326352E7
-1.0398432E7
-1.046508E7
-1.052508E7
-1.0577424E7
-1.0621312E7
-1.065612E7
-1.0681496E7
-1.0697248E7
-1.0703344E7
-1.0699896E7
-1.0687088E7
-1.0665216E7
-1.063456E7
-1.0595456E7
-1.0548256E7
-1.0493344E7
-1.0431096E7
-1.0361968E7
-1.0286496E7
-1.020532E7
-1.011916E7
-1.0028904E7
-9935648.0
-9840536.0
-9744984.0
-9650456.0
-9558608.0
-9471120.0
-9389760.0
-9316248.0
-9252288.0
-9199440.0
-9159128.0
-9132552.0
-9120680.0
-9124224.0
-9143512.0
-9178648.0
-9229384.0
-9295192.0
-9375200.0
-9468376.0
-9573360.0
-9688688.0
-9812744.0
-9943800.0
-1.0080104E7
-1.0219904E7
-1.0361504E7
-1.0503312E7
-1.064388E7
-1.0781888E7
-1.0916272E7
-1.1046152E7
-1.1170928E7
-1.1290176E7
-1.1403816E7
-1.1511872E7
-1.1614696E7
-1.1712744E7
-1.1806696E7
-1.1897336E7
-1.198556E7
-1.2072304E7
-1.21586E7
-1.2245456E7
-1.2333816E7
-1.2424688E7
-1.251888E7
-1.2617208E7
-1.2720264E7
-1.2828568E7
-1.29424E7
-1.3061912E7
-1.318696E7
-1.3317248E7
-1.3452144E7
-1.3590888E7
-1.3732344E7
-1.3875176E7
-1.4017848E7
-1.4158552E7
-1.4295288E7
-1.4425888E7
-1.4548088E7
-1.465944E7
-1.4757536E7
-1.483988E7
-1.4904104E7
-1.494784E7
-1.4968984E7
-1.4965496E7
-1.4935728E7
-1.4878232E7
-1.4791912E7
-1.4676016E7
-1.4530144E7
-1.4354312E7
-1.4148808E7
-1.3914328E7
-1.3651792E7
-1.3362448E7
-1.3047688E7
-1.2709136E7
-1.2348544E7
-1.1967696E7
-1.1568496E7
-1.1152832E7
-1.0722664E7
-1.0279904E7
-9826568.0
-9364608.0
-8896056.0
-8422976.0
-7947472.0
-7471680.0
-6997776.0
-6527888.0
-6064192.0
-5608680.0
-5163288.0
-4729776.0
-4309616.0
-3904072.0
-3514016.0
-3139992.0
-2782112.0
-2440048.0
-2113104.0
-1800152.0
-1499672.0
-1209800.0
-928392.0
-653104.0
-381464.0
-110952.0
160848.0
436248.0
717232.0
1005488.0
1302240.0
1608264.0
1923784.0
2248536.0
2581720.0
2922064.0
3267840.0
3616944.0
3967048.0
4315520.0
4659696.0
4996816.0
5324272.0
5639552.0
5940336.0
6224616.0
6490712.0
6737264.0
6963312.0
7168280.0
7351960.0
7514536.0
7656528.0
7778760.0
7882360.0
7968696.0
8039312.0
8095952.0
8140392.0
8174488.0
8200136.0
8219136.0
8233280.0
8244152.0
8253272.0
8261984.0
8271432.0
8282568.0
8296128.0
8312648.0
8332384.0
8355424.0
8381488.0
8410128.0
8440520.0
8471648.0
8502112.0
8530296.0
8554272.0
8571960.0
8581080.0
8579264.0
8564136.0
8533400.0
8484968.0
8417000.0
8328056.0
8217144.0
8083784.0
7928048.0
7750584.0
7552600.0
7335864.0
7102528.0
6855192.0
6596784.0
6330328.0
6059024.0
5786008.0
5514328.0
5246856.0
4986248.0
4734800.0
4494544.0
4267184.0
4054096.0
3856384.0
3674848.0
3510152.0
3362688.0
3232800.0
3120664.0
3026416.0
2950160.0
2891952.0
2851808.0
2829760.0
2825768.0
2839720.0
2871512.0
2920872.0
2987472.0
3070880.0
3170552.0
3285832.0
3415976.0
3560096.0
3717296.0
3886536.0
4066688.0
4256640.0
4455128.0
4660848.0
4872392.0
5088320.0
5307040.0
5526920.0
5746200.0
5963072.0
6175720.0
6382216.0
6580736.0
6769464.0
6946752.0
7111056.0
7261096.0
7395776.0
7514360.0
7616344.0
7701576.0
7770208.0
7822680.0
7859720.0
7882280.0
7891520.0
7888696.0
7875208.0
7852440.0
7821776.0
7784552.0
7741960.0
7695080.0
7644800.0
7591832.0
7536728.0
7479864.0
7421416.0
7361512.0
7300112.0
7237176.0
7172592.0
7106320.0
7038376.0
6968904.0
6898168.0
6826576.0
6754768.0
6683480.0
6613744.0
6546624.0
6483344.0
6425208.0
6373528.0
6329584.0
6294536.0
6269432.0
6255072.0
6252088.0
6260792.0
6281240.0
6313216.0
6356224.0
6409560.0
6472248.0
6543256.0
6621272.0
6705048.0
6793224.0
6884448.0
6977432.0
7070976.0
7163968.0
7255448.0
7344576.0
7430672.0
7513256.0
7591952.0
7666584.0
7737104.0
7803632.0
7866360.0
7925616.0
7981800.0
8035416.0
8086952.0
8136992.0
8186120.0
8234880.0
8283848.0
8333496.0
8384296.0
8436584.0
8490624.0
8546576.0
8604432.0
8664144.0
8725448.0
8788064.0
8851600.0
8915560.0
8979480.0
9042856.0
9105232.0
9166160.0
9225264.0
9282296.0
9337008.0
9389296.0
9439088.0
9486400.0
9531264.0
9573800.0
9614080.0
9652184.0
9688184.0
9722128.0
9753976.0
9783680.0
9811080.0
9836008.0
9858160.0
9877240.0
9892888.0
9904608.0
9911968.0
9914472.0
9911584.0
9902800.0
9887648.0
9865640.0
9836432.0
9799672.0
9755104.0
9702616.0
9642144.0
9573728.0
9497528.0
9413792.0
9322864.0
9225136.0
9121104.0
9011264.0
8896184.0
8776408.0
8652472.0
8524912.0
8394256.0
8260904.0
8125272.0
7987720.0
7848568.0
7708048.0
7566384.0
7423816.0
7280472.0
7136584.0
6992272.0
6847768.0
6703192.0
6558776.0
6414728.0
6271248.0
6128576.0
5986960.0
5846672.0
5707992.0
5571232.0
5436736.0
5304856.0
5175968.0
5050464.0
4928744.0
4811184.0
4698144.0
4589936.0
4486816.0
4388880.0
4296152.0
4208528.0
4125624.0
4046960.0
3971768.0
3899112.0
3827824.0
3756536.0
3683720.0
3607720.0
3526816.0
3439216.0
3343224.0
3237184.0
3119664.0
2989376.0
2845320.0
2686776.0
2513376.0
2325064.0
2122120.0
1905192.0
1675232.0
1433528.0
1181640.0
921400.0
654832.0
384208.0
111944.0
-159424.0
-427264.0
-688880.0
-941520.0
-1182536.0
-1409256.0
-1619216.0
-1810008.0
-1979520.0
-2125848.0
-2247432.0
-2343048.0
-2411888.0
-2453568.0
-2468144.0
-2456096.0
-2418416.0
-2356480.0
-2272048.0
-2167256.0
-2044512.0
-1906424.0
-1755792.0
-1595456.0
-1428248.0
-1256944.0
-1084144.0
-912312.0
-743648.0
-580072.0
-423296.0
-274728.0
-135464.0
-6440.0
111664.0
218416.0
313464.0
396696.0
468032.0
527592.0
575544.0
612232.0
638072.0
653656.0
659728.0
657168.0
647080.0
630696.0
609496.0
585024.0
558984.0
533160.0
509320.0
489208.0
474416.0
466376.0
466208.0
474768.0
492472.0
519344.0
554960.0
598448.0
648528.0
703488.0
761304.0
819664.0
876072.0
927888.0
972480.0
1007264.0
1029816.0
1037936.0
1029704.0
1003552.0
958272.0
893096.0
807592.0
701776.0
575984.0
430928.0
267528.0
87008.0
-109320.0
-320000.0
-543560.0
-778544.0
-1023488.0
-1277104.0
-1538224.0
-1805728.0
-2078784.0
-2356560.0
-2638448.0
-2923848.0
-3212288.0
-3503264.0
-3796312.0
-4090896.0
-4386448.0
-4682272.0
-4977592.0
-5271536.0
-5563080.0
-5851152.0
-6134520.0
-6411920.0
-6682032.0
-6943456.0
-7194824.0
-7434776.0
-7661936.0
-7875056.0
-8072888.0
-8254352.0
-8418360.0
-8563992.0
-8690416.0
-8796856.0
-8882632.0
-8947128.0
-8989728.0
-9009888.0
-9007064.0
-8980656.0
-8930160.0
-8854984.0
-8754632.0
-8628552.0
-8476360.0
-8297648.0
-8092240.0
-7860080.0
-7601336.0
-7316448.0
-7006112.0
-6671368.0
-6313528.0
-5934304.0
-5535648.0
-5119840.0
-4689440.0
-4247224.0
-3796136.0
-3339264.0
-2879760.0
-2420776.0
-1965512.0
-1516984.0
-1078192.0
-651912.0
-240760.0
152840.0
526784.0
879144.0
1208368.0
1513096.0
1792360.0
2045440.0
2271928.0
2471776.0
2645176.0
2792672.0
2915048.0
3013384.0
3089024.0
3143536.0
3178712.0
3196496.0
3199024.0
3188496.0
3167200.0
3137408.0
3101384.0
3061264.0
3019112.0
2976736.0
2935808.0
2897736.0
2863672.0
2834624.0
2811296.0
2794264.0
2783976.0
2780728.0
2784808.0
2796488.0
2816096.0
2843992.0
2880696.0
2926776.0
2982944.0
3050000.0
3128768.0
3220120.0
3324888.0
3443776.0
3577312.0
3725840.0
3889360.0
4067528.0
4259640.0
4464568.0
4680760.0
4906248.0
5138752.0
5375600.0
5613880.0
5850544.0
6082328.0
6306088.0
6518672.0
6717160.0
6898824.0
7061360.0
7202832.0
7321760.0
7417200.0
7488728.0
7536480.0
7561080.0
7563680.0
7545872.0
7509648.0
7457288.0
7391360.0
7314552.0
7229592.0
7139264.0
7046184.0
6952832.0
6861488.0
6774112.0
6692448.0
6617856.0
6551472.0
6494040.0
6446152.0
6408064.0
6379888.0
6361568.0
6352912.0
6353712.0
6363664.0
6382496.0
6409928.0
6445720.0
6489720.0
6541688.0
6601504.0
6668936.0
6743808.0
6825784.0
6914424.0
7009112.0
7109096.0
7213408.0
7320864.0
7430056.0
7539432.0
7647296.0
7751832.0
7851224.0
7943640.0
8027360.0
8100848.0
8162736.0
8211968.0
8247720.0
8269592.0
8277408.0
8271424.0
8252160.0
8220408.0
8177248.0
8123928.0
8061920.0
7992728.0
7918000.0
7839392.0
7758536.0
7677056.0
7596480.0
7518224.0
7443600.0
7373744.0
7309664.0
7252136.0
7201784.0
7158968.0
7123840.0
7096288.0
7076000.0
7062352.0
7054496.0
7051368.0
7051560.0
7053544.0
7055536.0
7055656.0
7051856.0
7042088.0
7024304.0
6996472.0
6956792.0
6903576.0
6835464.0
6751352.0
6650504.0
6532584.0
6397584.0
6245952.0
6078472.0
5896304.0
5700896.0
5493976.0
5277496.0
5053520.0
4824224.0
4591824.0
4358488.0
4126248.0
3897072.0
3672696.0
3454712.0
3244416.0
3042960.0
2851216.0
2669928.0
2499624.0
2340704.0
2193464.0
2058144.0
1934928.0
1824008.0
1725624.0
1640048.0
1567576.0
1508576.0
1463360.0
1432352.0
1415800.0
1413960.0
1426944.0
1454648.0
1496824.0
1552928.0
1622176.0
1703488.0
1795560.0
1896768.0
2005264.0
2119032.0
2235848.0
2353392.0
2469320.0
2581232.0
2686808.0
2783824.0
2870216.0
2944064.0
3003736.0
3047784.0
3075096.0
3084816.0
3076432.0
3049752.0
3004928.0
2942504.0
2863344.0
2768752.0
2660408.0
2540344.0
2411008.0
2275112.0
2135728.0
1996048.0
1859544.0
1729616.0
1609664.0
1502936.0
1412424.0
1340760.0
1290160.0
1262344.0
1258496.0
1279232.0
1324592.0
1394152.0
1486888.0
1601392.0
1735856.0
1888096.0
2055736.0
2236152.0
2426600.0
2624216.0
2826192.0
3029632.0
3231680.0
3429560.0
3620568.0
3802104.0
3971648.0
4126824.0
4265360.0
4385152.0
4484248.0
4560880.0
4613488.0
4640688.0
4641384.0
4614728.0
4560152.0
4477416.0
4366544.0
4227952.0
4062360.0
3870816.0
3654672.0
3415624.0
3155656.0
2876960.0
2582064.0
2273624.0
1954512.0
1627720.0
1296424.0
963848.0
633208.0
307792.0
-9176.0
-314584.0
-605408.0
-878800.0
-1132160.0
-1363112.0
-1569616.0
-1749928.0
-1902760.0
-2027128.0
-2122496.0
-2188744.0
-2226184.0
-2235456.0
-2217632.0
-2174080.0
-2106520.0
-2016904.0
-1907424.0
-1780448.0
-1638528.0
-1484376.0
-1320728.0
-1150512.0
-976680.0
-802296.0
-630384.0
-464088.0
-306448.0
-160448.0
-29040.0
85056.0
179320.0
251496.0
299664.0
322256.0
318144.0
286624.0
227440.0
140808.0
27344.0
-111936.0
-275632.0
-462136.0
-669528.0
-895736.0
-1138632.0
-1396048.0
-1665824.0
-1945912.0
-2234368.0
-2529400.0
-2829336.0
-3132736.0
-3438272.0
-3744792.0
-4051224.0
-4356624.0
-4660112.0
-4960848.0
-5258000.0
-5550728.0
-5838160.0
-6119368.0
-6393400.0
-6659192.0
-6915680.0
-7161720.0
-7396120.0
-7617720.0
-7825312.0
-8017744.0
-8193928.0
-8352864.0
-8493680.0
-8615664.0
-8718304.0
-8801296.0
-8864592.0
-8908424.0
-8933304.0
-8940032.0
-8929712.0
-8903712.0
-8863632.0
-8811360.0
-8748896.0
-8678408.0
-8602120.0
-8522224.0
-8440840.0
-8359976.0
-8281376.0
-8206512.0
-8136496.0
-8072112.0
-8013656.0
-7961088.0
-7913880.0
-7871192.0
-7831800.0
-7794256.0
-7756856.0
-7717840.0
-7675352.0
-7627616.0
-7572976.0
-7509912.0
-7437240.0
-7354032.0
-7259664.0
-7153888.0
-7036784.0
-6908792.0
-6770624.0
-6623344.0
-6468224.0
-6306768.0
-6140592.0
-5971480.0
-5801208.0
-5631576.0
-5464320.0
-5301048.0
-5143216.0
-4992072.0
-4848656.0
-4713728.0
-4587808.0
-4471128.0
-4363640.0
-4265120.0
-4175072.0
-4092856.0
-4017672.0
-3948688.0
-3884976.0
-3825648.0
-3769888.0
-3716960.0
-3666320.0
-3617552.0
-3570448.0
-3524984.0
-3481336.0
-3439864.0
-3401008.0
-3365368.0
-3333608.0
-3306352.0
-3284192.0
-3267608.0
-3256968.0
-3252328.0
-3253624.0
-3260408.0
-3272064.0
-3287560.0
-3305616.0
-3324736.0
-3343128.0
-3358840.0
-3369808.0
-3373920.0
-3369032.0
-3353160.0
-3324416.0
-3281200.0
-3222176.0
-3146368.0
-3053184.0
-2942400.0
-2814280.0
-2669432.0
-2508872.0
-2333984.0
-2146400.0
-1948096.0
-1741112.0
-1527712.0
-1310184.0
-1090784.0
-871752.0
-655176.0
-443032.0
-237080.0
-38888.0
150232.0
329160.0
497056.0
653232.0
797256.0
928840.0
1047808.0
1154072.0
1247656.0
1328504.0
1396600.0
1451816.0
1493968.0
1522776.0
1537864.0
1538760.0
1524936.0
1495856.0
1450952.0
1389752.0
1311792.0
1216776.0
1104504.0
974920.0
828128.0
664360.0
484000.0
287552.0
75624.0
-151072.0
-391768.0
-645640.0
-911768.0
-1189248.0
-1477096.0
-1774352.0
-2080008.0
-2393032.0
-2712408.0
-3037016.0
-3365816.0
-3697624.0
-4031288.0
-4365568.0
-4699176.0
-5030776.0
-5358936.0
-5682216.0
-5999120.0
-6308152.0
-6607792.0
-6896552.0
-7173024.0
-7435856.0
-7683760.0
-7915592.0
-8130288.0
-8326928.0
-8504624.0
-8662680.0
-8800400.0
-8917216.0
-9012568.0
-9085984.0
-9137016.0
-9165264.0
-9170368.0
-9152040.0
-9110032.0
-9044240.0
-8954656.0
-8841416.0
-8704832.0
-8545448.0
-8363952.0
-8161384.0
-7938904.0
-7698000.0
-7440312.0
-7167752.0
-6882328.0
-6586216.0
-6281664.0
-5970912.0
-5656264.0
-5339880.0
-5023880.0
-4710152.0
-4400504.0
-4096464.0
-3799320.0
-3510184.0
-3229792.0
-2958712.0
-2697120.0
-2445008.0
-2202088.0
-1967800.0
-1741400.0
-1521968.0
-1308480.0
-1099800.0
-894832.0
-692488.0
-491840.0
-292104.0
-92744.0
106464.0
305528.0
504000.0
701192.0
895992.0
1087024.0
1272624.0
1450888.0
1619744.0
1777040.0
1920552.0
2048136.0
2157808.0
2247768.0
2316512.0
2362984.0
2386432.0
2386632.0
2363896.0
2318952.0
2253080.0
2167976.0
2065808.0
1949032.0
1820392.0
1682856.0
1539472.0
1393320.0
1247440.0
1104792.0
968128.0
840024.0
722872.0
618776.0
529664.0
457232.0
403008.0
368280.0
354240.0
361872.0
392040.0
445408.0
522512.0
623656.0
748920.0
898208.0
1071048.0
1266768.0
1484312.0
1722344.0
1979176.0
2252848.0
2541088.0
2841360.0
3150944.0
3466936.0
3786336.0
4106080.0
4423168.0
4734608.0
5037560.0
5329400.0
5607704.0
5870328.0
6115392.0
6341368.0
6546992.0
6731352.0
6893808.0
7034008.0
7151832.0
7247344.0
7320816.0
7372584.0
7403120.0
7412856.0
7402288.0
7371792.0
7321712.0
7252256.0
7163512.0
7055432.0
6927808.0
6780344.0
6612568.0
6423928.0
6213824.0
5981568.0
5726568.0
5448200.0
5146000.0
4819656.0
4469056.0
4094360.0
3696000.0
3274712.0
2831584.0
2368024.0
1885736.0
1386760.0
873312.0
347800.0
-187216.0
-729200.0
-1275600.0
-1823984.0
-2372104.0
-2917960.0
-3459760.0
-3996112.0
-4525848.0
-5048128.0
-5562424.0
-6068360.0
-6565800.0
-7054664.0
-7534912.0
-8006448.0
-8469088.0
-8922424.0
-9365840.0
-9798496.0
-1.0219232E7
-1.0626648E7
-1.101912E7
-1.1394824E7
-1.1751824E7
-1.2088088E7
-1.2401696E7
-1.2690712E7
-1.295348E7
-1.3188512E7
-1.3394656E7
-1.3571064E7
-1.3717208E7
-1.3832952E7
-1.3918432E7
-1.3974104E7
-1.40006E7
-1.3998808E7
-1.3969752E7
-1.3914496E7
-1.3834208E7
-1.3730016E7
-1.3603128E7
-1.3454648E7
-1.3285712E7
-1.3097416E7
-1.2890848E7
-1.2667112E7
-1.2427328E7
-1.2172664E7
-1.1904296E7
-1.162348E7
-1.1331512E7
-1.102972E7
-1.0719472E7
-1.0402136E7
-1.0079136E7
-9751808.0
-9421512.0
-9089512.0
-8757056.0
-8425312.0
-8095360.0
-7768200.0
-7444784.0
-7125992.0
-6812632.0
-6505496.0
-6205288.0
-5912736.0
-5628496.0
-5353232.0
-5087552.0
-4832016.0
-4587128.0
-4353376.0
-4131104.0
-3920568.0
-3721936.0
-3535240.0
-3360392.0
-3197192.0
-3045296.0
-2904344.0
-2773848.0
-2653320.0
-2542248.0
-2440216.0
-2346808.0
-2261768.0
-2185040.0
-2116608.0
-2056800.0
-2006056.0
-1965088.0
-1934760.0
-1916168.0
-1910584.0
-1919384.0
-1944088.0
-1986240.0
-2047416.0
-2129072.0
-2232648.0
-2359328.0
-2510136.0
-2685776.0
-2886640.0
-3112784.0
-3363840.0
-3639112.0
-3937432.0
-4257352.0
-4597016.0
-4954304.0
-5326840.0
-5712024.0
-6107160.0
-6509416.0
-6915984.0
-7324008.0
-7730752.0
-8133528.0
-8529720.0
-8916928.0
-9292744.0
-9654992.0
-1.0001552E7
-1.033044E7
-1.0639784E7
-1.0927856E7
-1.1192992E7
-1.1433704E7
-1.1648656E7
-1.1836632E7
-1.1996648E7
-1.212792E7
-1.2229864E7
-1.230212E7
-1.234464E7
-1.2357568E7
-1.2341328E7
-1.2296592E7
-1.222428E7
-1.2125544E7
-1.200176E7
-1.1854496E7
-1.1685496E7
-1.1496672E7
-1.129008E7
-1.1067832E7
-1.0832168E7
-1.058532E7
-1.0329552E7
-1.0067072E7
-9799984.0
-9530272.0
-9259736.0
-8989928.0
-8722128.0
-8457272.0
-8195992.0
-7938552.0
-7684760.0
-7434152.0
-7185888.0
-6938808.0
-6691552.0
-6442472.0
-6189928.0
-5932152.0
-5667464.0
-5394248.0
-5111096.0
-4816864.0
-4510624.0
-4191848.0
-3860264.0
-3516008.0
-3159528.0
-2791600.0
-2413280.0
-2025880.0
-1630904.0
-1229992.0
-824872.0
-417288.0
-8952.0
398520.0
803696.0
1205288.0
1602232.0
1993672.0
2379016.0
2757832.0
3129960.0
3495288.0
3853880.0
4205824.0
4551272.0
4890296.0
5222928.0
5549144.0
5868720.0
6181480.0
6487048.0
6785048.0
7075008.0
7356536.0
7629232.0
7892776.0
8147000.0
8391856.0
8627496.0
8854224.0
9072592.0
9283296.0
9487216.0
9685400.0
9878952.0
1.0069112E7
1.0257096E7
1.0444136E7
1.063136E7
1.0819816E7
1.1010368E7
1.1203704E7
1.1400312E7
1.160044E7
1.1804104E7
1.201112E7
1.2221096E7
1.2433456E7
1.264748E7
1.2862384E7
1.3077288E7
1.3291328E7
1.3503672E7
1.371356E7
1.3920336E7
1.412352E7
1.4322784E7
1.4517984E7
1.4709176E7
1.4896608E7
1.5080736E7
1.526208E7
1.5441376E7
1.5619352E7
1.579684E7
1.5974576E7
1.6153224E7
1.6333296E7
1.651508E7
1.6698632E7
1.6883704E7
1.706972E7
1.725584E7
1.744088E7
1.76234E7
1.7801784E7
1.7974216E7
1.8138832E7
1.8293752E7
1.8437184E7
1.8567488E7
1.8683208E7
1.87832E7
1.8866568E7
1.8932736E7
1.8981488E7
1.9012824E7
1.9027064E7
1.9024744E7
1.9006592E7
1.897344E7
1.8926232E7
1.8865952E7
1.8793616E7
1.8710224E7
1.8616712E7
1.8514088E7
1.840324E7
1.8285096E7
1.8160552E7
1.8030568E7
1.7896104E7
1.7758192E7
1.7617912E7
1.7476424E7
1.7334968E7
1.7194848E7
1.7057456E7
1.6924216E7
1.6796624E7
1.6676224E7
1.656456E7
1.6463192E7
1.6373664E7
1.6297544E7
1.6236248E7
1.619124E7
1.6163808E7
1.6155192E7
1.6166416E7
1.6198456E7
1.6252016E7
1.6327632E7
1.6425632E7
1.6546072E7
1.6688816E7
1.6853376E7
1.703908E7
1.724492E7
1.7469648E7
1.7711752E7
1.7969464E7
1.8240832E7
1.852368E7
1.8815712E7
1.9114504E7
1.9417616E7
1.9722616E7
2.0027136E7
2.0328944E7
2.0625992E7
2.0916488E7
2.1198928E7
2.1472104E7
2.1735176E7
2.1987608E7
2.2229216E7
2.2460096E7
2.2680576E7
2.2891208E7
2.3092656E7
2.3285648E7
2.3470856E7
2.3648888E7
2.3820208E7
2.3985064E7
2.414348E7
2.4295216E7
2.4439776E7
2.45764E7
2.4704104E7
2.4821752E7
2.4927976E7
2.5021344E7
2.5100336E7
2.5163416E7
2.5209056E7
2.5235832E7
2.5242368E7
2.522748E7
2.519012E7
2.5129392E7
2.5044672E7
2.4935504E7
2.4801672E7
2.4643184E7
2.446028E7
2.4253344E7
2.402304E7
2.377016E7
2.349568E7
2.3200752E7
2.28866E7
2.25546E7
2.2206176E7
2.1842872E7
2.146624E7
2.1077872E7
2.0679312E7
2.027216E7
1.9857936E7
1.943808E7
1.9013992E7
1.8587008E7
1.8158352E7
1.7729192E7
1.7300688E7
1.687388E7
1.6449848E7
1.6029672E7
1.5614392E7
1.5205128E7
1.4803048E7
1.4409328E7
1.4025256E7
1.3652112E7
1.3291216E7
1.2943976E7
1.2611696E7
1.2295712E7
1.1997304E7
1.1717616E7
1.1457768E7
1.1218632E7
1.1000984E7
1.0805312E7
1.0631928E7
1.0480816E7
1.0351736E7
1.0244184E7
1.015732E7
1.0090112E7
1.0041288E7
1.0009464E7
9993112.0
9990736.0
1.0000832E7
1.0022096E7
1.0053368E7
1.0093768E7
1.0142696E7
1.0199872E7
1.026532E7
1.0339312E7
1.0422416E7
1.051532E7
1.0618864E7
1.0733856E7
1.0861032E7
1.1000976E7
1.1154016E7
1.1320184E7
1.149908E7
1.1690016E7
1.1891808E7
1.2102912E7
1.2321432E7
1.2545168E7
1.2771648E7
1.299828E7
1.32224E7
1.344132E7
1.365252E7
1.3853616E7
1.4042488E7
1.4217304E7
1.4376592E7
1.451916E7
1.4644256E7
1.475136E7
1.484032E7
1.4911176E7
1.4964176E7
1.4999704E7
1.5018208E7
1.5020104E7
1.50058E7
1.497556E7
1.492952E7
1.48676E7
1.4789544E7
1.4694896E7
1.4582976E7
1.4452992E7
1.4303968E7
1.4134856E7
1.3944576E7
1.3732072E7
1.3496336E7
1.323652E7
1.2951936E7
1.2642112E7
1.230684E7
1.1946248E7
1.1560696E7
1.1150936E7
1.0718016E7
1.0263336E7
9788600.0
9295848.0
8787360.0
8265688.0
7733608.0
7194024.0
6650008.0
6104648.0
5561064.0
5022264.0
4491168.0
3970472.0
3462648.0
2969864.0
2493952.0
2036384.0
1598264.0
1180344.0
783032.0
406432.0
50344.0
-285656.0
-602192.0
-900040.0
-1180064.0
-1443264.0
-1690640.0
-1923272.0
-2142216.0
-2348592.0
-2543488.0
-2728008.0
-2903192.0
-3070128.0
-3229776.0
-3383088.0
-3530904.0
-3673968.0
-3812896.0
-3948120.0
-4079992.0
-4208616.0
-4333968.0
-4455872.0
-4573984.0
-4687816.0
-4796784.0
-4900240.0
-4997416.0
-5087632.0
-5170104.0
-5244200.0
-5309256.0
-5364800.0
-5410384.0
-5445816.0
-5470944.0
-5485824.0
-5490672.0
-5485776.0
-5471664.0
-5448848.0
-5417976.0
-5379728.0
-5334768.0
-5283760.0
-5227312.0
-5165936.0
-5100048.0
-5029976.0
-4955880.0
-4877840.0
-4795784.0
-4709584.0
-4618984.0
-4523736.0
-4423496.0
-4317992.0
-4206928.0
-4090096.0
-3967408.0
-3838824.0
-3704472.0
-3564552.0
-3419480.0
-3269704.0
-3115824.0
-2958496.0
-2798440.0
-2636376.0
-2473008.0
-2308960.0
-2144832.0
-1981040.0
-1817888.0
-1655576.0
-1494104.0
-1333440.0
-1173384.0
-1013712.0
-854136.0
-694384.0
-534200.0
-373424.0
-211904.0
-49560.0
113584.0
277504.0
442104.0
607328.0
773072.0
939312.0
1106040.0
1273320.0
1441272.0
1610040.0
1779824.0
1950800.0
2123144.0
2296928.0
2472208.0
2648792.0
2826448.0
3004640.0
3182768.0
3359936.0
3535120.0
3707096.0
3874560.0
4036064.0
4190104.0
4335168.0
4469816.0
4592600.0
4702200.0
4797440.0
4877240.0
4940656.0
4986960.0
5015560.0
5025992.0
5018056.0
4991704.0
4947088.0
4884648.0
4805040.0
4709232.0
4598456.0
4474344.0
4338736.0
4193904.0
4042376.0
3886960.0
3730720.0
3576888.0
3428872.0
3290072.0
3163944.0
3053800.0
2962800.0
2893832.0
2849480.0
2831928.0
2842952.0
2883800.0
2955248.0
3057560.0
3190528.0
3353448.0
3545152.0
3764144.0
4008512.0
4276080.0
4564416.0
4870968.0
5192936.0
5527496.0
5871792.0
6222952.0
6578144.0
6934656.0
7289904.0
7641448.0
7987120.0
8324944.0
8653304.0
8970840.0
9276528.0
9569664.0
9849928.0
1.011724E7
1.0371848E7
1.0614256E7
1.084516E7
1.1065456E7
1.1276096E7
1.1478128E7
1.1672592E7
1.1860512E7
1.2042768E7
1.2220152E7
1.2393272E7
1.2562568E7
1.2728216E7
1.2890224E7
1.3048336E7
1.320208E7
1.3350768E7
1.3493488E7
1.3629232E7
1.3756784E7
1.3874896E7
1.3982296E7
1.4077704E7
1.4159936E7
1.4227976E7
1.4280992E7
1.4318416E7
1.4339936E7
1.4345624E7
1.433584E7
1.4311264E7
1.4272952E7
1.4222232E7
1.416068E7
1.4090072E7
1.4012344E7
1.3929536E7
1.3843736E7
1.3756968E7
1.3671272E7
1.3588536E7
1.3510584E7
1.3439016E7
1.3375352E7
1.332096E7
1.3276976E7
1.324444E7
1.322424E7
1.3217048E7
1.3223424E7
1.3243768E7
1.3278256E7
1.332696E7
1.3389648E7
1.3465984E7
1.3555304E7
1.3656784E7
1.3769272E7
1.3891456E7
1.402168E7
1.4158064E7
1.4298544E7
1.4440752E7
1.45822E7
1.4720264E7
1.4852112E7
1.4974936E7
1.5085888E7
1.518212E7
1.5260896E7
1.531956E7
1.5355704E7
1.536704E7
1.535156E7
1.5307544E7
1.5233528E7
1.5128352E7
1.4991184E7
1.482152E7
1.461916E7
1.438424E7
1.4117208E7
1.3818856E7
1.3490208E7
1.3132592E7
1.274764E7
1.2337152E7
1.1903144E7
1.1447824E7
1.0973496E7
1.0482624E7
9977680.0
9461192.0
8935656.0
8403544.0
7867312.0
7329272.0
6791712.0
6256768.0
5726520.0
5202880.0
4687688.0
4182648.0
3689392.0
3209416.0
2744080.0
2294736.0
1862544.0
1448624.0
1053968.0
679480.0
325960.0
-5888.0
-315528.0
-602536.0
-866632.0
-1107704.0
-1325856.0
-1521312.0
-1694560.0
-1846200.0
-1977088.0
-2088160.0
-2180480.0
-2255240.0
-2313616.0
-2356872.0
-2386168.0
-2402664.0
-2407408.0
-2401408.0
-2385520.0
-2360528.0
-2327160.0
-2286056.0
-2237824.0
-2183120.0
-2122512.0
-2056704.0
-1986408.0
-1912408.0
-1835552.0
-1756816.0
-1677208.0
-1597824.0
-1519752.0
-1444152.0
-1372152.0
-1304816.0
-1243144.0
-1188080.0
-1140368.0
-1100648.0
-1069384.0
-1046880.0
-1033304.0
-1028616.0
-1032736.0
-1045416.0
-1066408.0
-1095424.0
-1132176.0
-1176464.0
-1228168.0
-1287304.0
-1354008.0
-1428608.0
-1511568.0
-1603600.0
-1705488.0
-1818224.0
-1942944.0
-2080880.0
-2233320.0
-2401664.0
-2587296.0
-2791584.0
-3015904.0
-3261488.0
-3529536.0
-3821056.0
-4136936.0
-4477856.0
-4844304.0
-5236480.0
-5654392.0
-6097680.0
-6565736.0
-7057568.0
-7571896.0
-8107040.0
-8661000.0
-9231392.0
-9815552.0
-1.0410432E7
-1.1012776E7
-1.1619104E7
-1.222572E7
-1.2828936E7
-1.3424912E7
-1.4009936E7
-1.4580368E7
-1.5132816E7
-1.566404E7
-1.6171192E7
-1.6651696E7
-1.7103408E7
-1.7524576E7
-1.7913864E7
-1.8270336E7
-1.8593504E7
-1.8883216E7
-1.9139792E7
-1.9363784E7
-1.9556128E7
-1.9717952E7
-1.9850696E7
-1.9955904E7
-2.003524E7
-2.0090504E7
-2.0123504E7
-2.0136048E7
-2.0129904E7
-2.0106808E7
-2.006836E7
-2.0016112E7
-1.995144E7
-1.987568E7
-1.9789976E7
-1.96954E7
-1.959292E7
-1.9483392E7
-1.936764E7
-1.92464E7
-1.9120376E7
-1.8990232E7
-1.8856664E7
-1.8720288E7
-1.8581808E7
-1.8441848E7
-1.8301096E7
-1.8160168E7
-1.8019672E7
-1.7880224E7
-1.7742328E7
-1.7606456E7
-1.747304E7
-1.7342376E7
-1.7214728E7
-1.7090296E7
-1.6969088E7
-1.6851128E7
-1.673632E7
-1.6624456E7
-1.6515216E7
-1.6408192E7
-1.6302888E7
-1.6198656E7
-1.6094752E7
-1.5990296E7
-1.5884368E7
-1.5775912E7
-1.5663808E7
-1.554696E7
-1.5424152E7
-1.529432E7
-1.5156424E7
-1.5009528E7
-1.4852888E7
-1.4685984E7
-1.450848E7
-1.4320384E7
-1.4121912E7
-1.3913664E7
-1.3696464E7
-1.3471488E7
-1.3240104E7
-1.3003984E7
-1.276492E7
-1.2524928E7
-1.2286072E7
-1.2050528E7
-1.1820464E7
-1.1598072E7
-1.138548E7
-1.1184704E7
-1.0997696E7
-1.0826272E7
-1.0672088E7
-1.0536608E7
-1.0421112E7
-1.0326624E7
-1.0253984E7
-1.0203696E7
-1.0176032E7
-1.0170896E7
-1.018796E7
-1.022648E7
-1.0285384E7
-1.0363344E7
-1.045864E7
-1.056928E7
-1.0693024E7
-1.0827344E7
-1.0969616E7
-1.1117048E7
-1.1266816E7
-1.1416096E7
-1.1562208E7
-1.1702536E7
-1.1834824E7
-1.1957E7
-1.2067424E7
-1.2164792E7
-1.2248248E7
-1.2317344E7
-1.2372024E7
-1.2412648E7
-1.2439864E7
-1.245464E7
-1.2458128E7
-1.2451608E7
-1.2436448E7
-1.2414008E7
-1.2385504E7
-1.2352104E7
-1.2314728E7
-1.2274168E7
-1.2230888E7
-1.2185232E7
-1.2137272E7
-1.2086944E7
-1.2034024E7
-1.197816E7
-1.1919008E7
-1.1856168E7
-1.1789296E7
-1.1718152E7
-1.1642528E7
-1.1562456E7
-1.1477976E7
-1.1389392E7
-1.1297056E7
-1.1201496E7
-1.1103328E7
-1.1003264E7
-1.0902048E7
-1.0800504E7
-1.069944E7
-1.059968E7
-1.0502008E7
-1.0407128E7
-1.0315736E7
-1.0228408E7
-1.0145688E7
-1.0067976E7
-9995608.0
-9928832.0
-9867840.0
-9812696.0
-9763464.0
-9720088.0
-9682544.0
-9650696.0
-9624384.0
-9603456.0
-9587672.0
-9576712.0
-9570272.0
-9567888.0
-9569064.0
-9573120.0
-9579320.0
-9586768.0
-9594448.0
-9601208.0
-9605832.0
-9606960.0
-9603208.0
-9593176.0
-9575464.0
-9548704.0
-9511672.0
-9463224.0
-9402408.0
-9328456.0
-9240800.0
-9139104.0
-9023232.0
-8893328.0
-8749672.0
-8592816.0
-8423408.0
-8242312.0
-8050440.0
-7848832.0
-7638536.0
-7420672.0
-7196304.0
-6966472.0
-6732184.0
-6494360.0
-6253880.0
-6011536.0
-5768064.0
-5524128.0
-5280360.0
-5037352.0
-4795600.0
-4555672.0
-4317984.0
-4082976.0
-3850960.0
-3622216.0
-3396880.0
-3175000.0
-2956464.0
-2741000.0
-2528152.0
-2317392.0
-2107952.0
-1899032.0
-1689664.0
-1478896.0
-1265720.0
-1049224.0
-828520.0
-602880.0
-371768.0
-134760.0
108248.0
357256.0
611928.0
871808.0
1136192.0
1404264.0
1675040.0
1947496.0
2220456.0
2492832.0
2763472.0
3031296.0
3295248.0
3554392.0
3807784.0
4054616.0
4294112.0
4525624.0
4748480.0
4962160.0
5166144.0
5359984.0
5543280.0
5715736.0
5877032.0
6026992.0
6165440.0
6292328.0
6407576.0
6511248.0
6603392.0
6684128.0
6753584.0
6811928.0
6859288.0
6895848.0
6921744.0
6937144.0
6942208.0
6937112.0
6922072.0
6897400.0
6863456.0
6820736.0
6769848.0
6711600.0
6646912.0
6576888.0
6502776.0
6425960.0
6347912.0
6270192.0
6194360.0
6122008.0
6054576.0
5993440.0
5939816.0
5894672.0
5858800.0
5832688.0
5816536.0
5810272.0
5813528.0
5825664.0
5845768.0
5872736.0
5905256.0
5941856.0
5980984.0
6021064.0
6060432.0
6097552.0
6130904.0
6159104.0
6180880.0
6195144.0
6200920.0
6197448.0
6184104.0
6160456.0
6126192.0
6081176.0
6025352.0
5958816.0
5881736.0
5794416.0
5697176.0
5590448.0
5474704.0
5350528.0
5218472.0
5079248.0
4933560.0
4782232.0
4626120.0
4466232.0
4303624.0
4139464.0
3975072.0
3811840.0
3651280.0
3495008.0
3344680.0
3201992.0
3068584.0
2946096.0
2835960.0
2739432.0
2657560.0
2591032.0
2540232.0
2505200.0
2485568.0
2480624.0
2489304.0
2510256.0
2541872.0
2582368.0
2629832.0
2682336.0
2737984.0
2794944.0
2851616.0
2906600.0
2958688.0
3007056.0
3051104.0
3090576.0
3125432.0
3155944.0
3182528.0
3205816.0
3226528.0
3245464.0
3263448.0
3281296.0
3299752.0
3319520.0
3341168.0
3365216.0
3392048.0
3421968.0
3455176.0
3491808.0
3531936.0
3575544.0
3622584.0
3672960.0
3726472.0
3782920.0
3841992.0
3903288.0
3966336.0
4030608.0
4095424.0
4160088.0
4223768.0
4285584.0
4344616.0
4399888.0
4450432.0
4495256.0
4533360.0
4563792.0
4585632.0
4597992.0
4600008.0
4590888.0
4569848.0
4536216.0
4489312.0
4428560.0
4353392.0
4263448.0
4158312.0
4037824.0
3901848.0
3750520.0
3584072.0
3403008.0
3208040.0
3000136.0
2780536.0
2550792.0
2312704.0
2068376.0
1820232.0
1570896.0
1323248.0
1080376.0
845480.0
621904.0
412984.0
222072.0
52480.0
-92664.0
-210384.0
-297904.0
-352744.0
-372728.0
-356024.0
-301176.0
-207192.0
-73432.0
100152.0
313264.0
565016.0
854032.0
1178488.0
1536008.0
1923856.0
2338816.0
2777304.0
3235440.0
3709112.0
4193944.0
4685520.0
5179280.0
5670800.0
6155608.0
6629480.0
7088328.0
7528304.0
7945872.0
8337792.0
8701200.0
9033576.0
9332744.0
9597032.0
9825088.0
1.0016008E7
1.0169304E7
1.0284936E7
1.0363256E7
1.0405056E7
1.0411512E7
1.0384152E7
1.032492E7
1.023604E7
1.0119976E7
9979472.0
9817424.0
9636816.0
9440680.0
9232072.0
9013888.0
8788976.0
8559920.0
8329112.0
8098624.0
7870256.0
7645424.0
7425256.0
7210504.0
7001584.0
6798648.0
6601480.0
6409720.0
6222760.0
6039952.0
5860472.0
5683664.0
5508816.0
5335416.0
5163120.0
4991816.0
4821608.0
4652888.0
4486240.0
4322472.0
4162568.0
4007640.0
3858856.0
3717416.0
3584432.0
3460968.0
3347888.0
3245944.0
3155624.0
3077232.0
3010784.0
2956120.0
2912848.0
2880376.0
2857920.0
2844544.0
2839192.0
2840712.0
2847888.0
2859448.0
2874160.0
2890760.0
2908064.0
2924968.0
2940480.0
2953680.0
2963872.0
2970440.0
2972976.0
2971248.0
2965200.0
2954928.0
2940704.0
2922928.0
2902096.0
2878784.0
2853608.0
2827144.0
2799952.0
2772472.0
2745040.0
2717824.0
2690808.0
2663824.0
2636496.0
2608288.0
2578552.0
2546464.0
2511128.0
2471632.0
2427024.0
2376424.0
2319000.0
2254080.0
2181120.0
2099784.0
2009992.0
1911936.0
1806032.0
1693048.0
1573984.0
1450208.0
1323232.0
1194888.0
1067104.0
942000.0
821704.0
708384.0
604104.0
510848.0
430392.0
364352.0
314048.0
280600.0
264856.0
267392.0
288584.0
328592.0
387376.0
464784.0
560536.0
674240.0
805472.0
953760.0
1118544.0
1299304.0
1495432.0
1706304.0
1931272.0
2169560.0
2420408.0
2682904.0
2956104.0
3238936.0
3530320.0
3829032.0
4133816.0
4443392.0
4756456.0
5071664.0
5387720.0
5703360.0
6017312.0
6328368.0
6635352.0
6937064.0
7232384.0
7520144.0
7799152.0
8068224.0
8326080.0
8571472.0
8803048.0
9019480.0
9219448.0
9401664.0
9564944.0
9708152.0
9830408.0
9930952.0
1.0009304E7
1.00652E7
1.0098672E7
1.011004E7
1.009988E7
1.006904E7
1.0018648E7
9949968.0
9864528.0
9763920.0
9649880.0
9524176.0
9388560.0
9244744.0
9094360.0
8938896.0
8779656.0
8617800.0
8454224.0
8289664.0
8124544.0
7959200.0
7793664.0
7627872.0
7461648.0
7294720.0
7126840.0
6957768.0
6787400.0
6615752.0
6443040.0
6269704.0
6096448.0
5924192.0
5754104.0
5587552.0
5426080.0
5271288.0
5124832.0
4988264.0
4863056.0
4750336.0
4651056.0
4565640.0
4494184.0
4436232.0
4390888.0
4356720.0
4331816.0
4313824.0
4299976.0
4287176.0
4272048.0
4251024.0
4220400.0
4176472.0
4115528.0
4034072.0
3928720.0
3796464.0
3634592.0
3440856.0
3213464.0
2951208.0
2653408.0
2320088.0
1951816.0
1549888.0
1116240.0
653400.0
164536.0
-346672.0
-876096.0
-1419208.0
-1971256.0
-2527272.0
-3082296.0
-3631416.0
-4169904.0
-4693376.0
-5197792.0
-5679600.0
-6135784.0
-6563904.0
-6962128.0
-7329208.0
-7664560.0
-7968120.0
-8240424.0
-8482472.0
-8695736.0
-8882064.0
-9043656.0
-9182952.0
-9302584.0
-9405360.0
-9494096.0
-9571688.0
-9640904.0
-9704496.0
-9765016.0
-9824856.0
-9886144.0
-9950824.0
-1.0020464E7
-1.009644E7
-1.017972E7
-1.0271032E7
-1.0370696E7
-1.0478816E7
-1.0595128E7
-1.0719096E7
-1.0849896E7
-1.098648E7
-1.1127592E7
-1.1271752E7
-1.1417408E7
-1.15628E7
-1.1706168E7
-1.1845632E7
-1.1979392E7
-1.2105576E7
-1.2222416E7
-1.2328176E7
-1.242124E7
-1.2500096E7
-1.256332E7
-1.2609704E7
-1.263816E7
-1.2647792E7
-1.2637888E7
-1.2607936E7
-1.2557632E7
-1.248684E7
-1.239564E7
-1.2284272E7
-1.2153064E7
-1.2002504E7
-1.1833136E7
-1.1645544E7
-1.1440288E7
-1.1217904E7
-1.097892E7
-1.07238E7
-1.0452936E7
-1.0166712E7
-9865472.0
-9549616.0
-9219568.0
-8875888.0
-8519224.0
-8150432.0
-7770456.0
-7380512.0
-6981864.0
-6576072.0
-6164680.0
-5749392.0
-5331944.0
-4914088.0
-4497488.0
-4083832.0
-3674640.0
-3271352.0
-2875264.0
-2487528.0
-2109144.0
-1741000.0
-1383760.0
-1038056.0
-704352.0
-383056.0
-74528.0
220888.0
502888.0
771016.0
1024824.0
1263672.0
1486824.0
1693376.0
1882280.0
2052304.0
2202144.0
2330328.0
2435384.0
2515752.0
2569984.0
2596696.0
2594672.0
2562928.0
2500768.0
2407872.0
2284288.0
2130560.0
1947632.0
1737056.0
1500776.0
1241304.0
961560.0
664888.0
355024.0
35960.0
-288040.0
-612656.0
-933416.0
-1245968.0
-1546008.0
-1829464.0
-2092560.0
-2331848.0
-2544304.0
-2727360.0
-2878960.0
-2997584.0
-3082248.0
-3132496.0
-3148448.0
-3130672.0
-3080232.0
-2998608.0
-2887576.0
-2749240.0
-2585920.0
-2400104.0
-2194328.0
-1971216.0
-1733368.0
-1483416.0
-1223864.0
-957192.0
-685792.0
-411968.0
-137928.0
134224.0
402488.0
664984.0
919944.0
1165752.0
1400952.0
1624248.0
1834496.0
2030752.0
2212272.0
2378400.0
2528784.0
2663136.0
2781376.0
2883560.0
2969896.0
3040712.0
3096504.0
3137856.0
3165464.0
3180184.0
3182936.0
3174760.0
3156832.0
3130384.0
3096736.0
3057352.0
3013720.0
2967368.0
2919896.0
2872888.0
2827880.0
2786280.0
2749488.0
2718608.0
2694600.0
2678104.0
2669480.0
2668784.0
2675680.0
2689552.0
2709432.0
2734080.0
2762024.0
2791656.0
2821208.0
2848920.0
2873064.0
2891984.0
2904248.0
2908512.0
2903680.0
2888848.0
2863344.0
2826600.0
2778240.0
2717968.0
2645536.0
2560776.0
2463480.0
2353432.0
2230400.0
2094136.0
1944312.0
1780688.0
1602976.0
1410952.0
1204448.0
983328.0
747600.0
497328.0
232696.0
-46040.0
-338536.0
-644320.0
-962872.0
-1293560.0
-1635664.0
-1988392.0
-2350856.0
-2722096.0
-3101032.0
-3486536.0
-3877320.0
-4272072.0
-4669344.0
-5067640.0
-5465344.0
-5860808.0
-6252328.0
-6638136.0
-7016480.0
-7385568.0
-7743608.0
-8088840.0
-8419504.0
-8733880.0
-9030336.0
-9307264.0
-9563152.0
-9796584.0
-1.0006232E7
-1.0190968E7
-1.0349752E7
-1.048176E7
-1.0586344E7
-1.0663104E7
-1.0711856E7
-1.0732616E7
-1.0725704E7
-1.0691608E7
-1.063108E7
-1.0545056E7
-1.0434648E7
-1.030108E7
-1.0145728E7
-9970056.0
-9775552.0
-9563760.0
-9336216.0
-9094480.0
-8840096.0
-8574608.0
-8299584.0
-8016560.0
-7727168.0
-7433032.0
-7135880.0
-6837440.0
-6539528.0
-6243960.0
-5952592.0
-5667232.0
-5389624.0
-5121424.0
-4864072.0
-4618856.0
-4386768.0
-4168488.0
-3964360.0
-3774304.0
-3597936.0
-3434360.0
-3282312.0
-3140120.0
-3005688.0
-2876608.0
-2750136.0
-2623224.0
-2492584.0
-2354832.0
-2206416.0
-2043744.0
-1863296.0
-1661640.0
-1435576.0
-1182128.0
-898680.0
-583056.0
-233560.0
150944.0
571016.0
1026520.0
1516720.0
2040088.0
2594568.0
3177336.0
3785040.0
4413760.0
5059128.0
5716416.0
6380608.0
7046608.0
7709200.0
8363336.0
9004048.0
9626728.0
1.0227112E7
1.0801344E7
1.134608E7
1.1858432E7
1.2336168E7
1.277744E7
1.318104E7
1.3546184E7
1.3872528E7
1.4160168E7
1.4409416E7
1.4620944E7
1.4795488E7
1.4933976E7
1.503728E7
1.5106304E7
1.5141824E7
1.5144552E7
1.5115064E7
1.5053808E7
1.4961136E7
1.4837304E7
1.4682584E7
1.449716E7
1.428132E7
1.4035384E7
1.3759824E7
1.3455224E7
1.3122256E7
1.2761832E7
1.2374896E7
1.1962568E7
1.1526032E7
1.1066504E7
1.058532E7
1.0083752E7
9563088.0
9024616.0
8469560.0
7899128.0
7314504.0
6716792.0
6107080.0
5486464.0
4855960.0
4216576.0
3569320.0
2915120.0
2254952.0
1589696.0
920248.0
247456.0
-427872.0
-1104968.0
-1783016.0
-2461256.0
-3138904.0
-3815168.0
-4489200.0
-5160184.0
-5827144.0
-6489184.0
-7145304.0
-7794488.0
-8435704.0
-9067888.0
-9690056.0
-1.0301152E7
-1.0900232E7
-1.1486368E7
-1.205872E7
-1.2616512E7
-1.3159048E7
-1.3685776E7
-1.4196176E7
-1.4689896E7
-1.5166608E7
-1.5626136E7
-1.6068368E7
-1.6493224E7
-1.6900632E7
-1.729056E7
-1.7662928E7
-1.8017584E7
-1.8354272E7
-1.8672616E7
-1.8972056E7
-1.9251896E7
-1.9511224E7
-1.9748936E7
-1.9963768E7
-2.0154256E7
-2.03188E7
-2.0455672E7
-2.0563064E7
-2.0639152E7
-2.068208E7
-2.0690056E7
-2.0661376E7
-2.0594488E7
-2.048796E7
-2.034064E7
-2.0151544E7
-1.992E7
-1.96456E7
-1.9328256E7
-1.8968168E7
-1.8565872E7
-1.812224E7
-1.7638512E7
-1.7116192E7
-1.6557144E7
-1.5963504E7
-1.5337768E7
-1.468256E7
-1.4000848E7
-1.3295688E7
-1.257032E7
-1.1828064E7
-1.1072264E7
-1.0306304E7
-9533448.0
-8756920.0
-7979824.0
-7205032.0
-6435328.0
-5673272.0
-4921168.0
-4181232.0
-3455416.0
-2745504.0
-2053176.0
-1379888.0
-727040.0
-95896.0
512360.0
1096680.0
1656040.0
2189528.0
2696336.0
3175704.0
3627064.0
4049896.0
4443896.0
4808848.0
5144744.0
5451760.0
5730184.0
5980560.0
6203504.0
6399848.0
6570536.0
6716584.0
6839136.0
6939352.0
7018440.0
7077584.0
7117968.0
7140720.0
7146896.0
7137472.0
7113280.0
7075144.0
7023704.0
6959504.0
6883048.0
6794744.0
6694960.0
6584072.0
6462456.0
6330648.0
6189160.0
6038760.0
5880312.0
5714920.0
5543816.0
5368504.0
5190624.0
5011960.0
4834440.0
4660056.0
4490816.0
4328744.0
4175704.0
4033504.0
3903768.0
3787856.0
3686952.0
3601928.0
3533456.0
3481912.0
3447464.0
3430040.0
3429400.0
3445184.0
3476888.0
3523976.0
3585808.0
3661760.0
3751208.0
3853496.0
3968000.0
4094104.0
4231168.0
4378576.0
4535752.0
4702032.0
4876816.0
5059528.0
5249568.0
5446400.0
5649448.0
5858256.0
6072320.0
6291248.0
6514560.0
6741904.0
6972808.0
7206888.0
7443600.0
7682392.0
7922640.0
8163568.0
8404288.0
8643776.0
8880840.0
9114136.0
9342184.0
9563288.0
9775640.0
9977280.0
1.0166176E7
1.0340168E7
1.0497064E7
1.063472E7
1.075092E7
1.08436E7
1.0910728E7
1.0950504E7
1.0961216E7
1.0941392E7
1.0889784E7
1.0805352E7
1.0687336E7
1.05352E7
1.0348704E7
1.0127808E7
9872744.0
9584040.0
9262336.0
8908640.0
8524096.0
8110056.0
7668120.0
7200040.0
6707752.0
6193320.0
5659000.0
5107112.0
4540120.0
3960536.0
3370952.0
2773960.0
2172168.0
1568184.0
964528.0
363688.0
-231992.0
-820280.0
-1399160.0
-1966720.0
-2521336.0
-3061592.0
-3586312.0
-4094592.0
-4585760.0
-5059400.0
-5515360.0
-5953648.0
-6374504.0
-6778320.0
-7165656.0
-7537152.0
-7893568.0
-8235728.0
-8564456.0
-8880672.0
-9185224.0
-9478952.0
-9762688.0
-1.0037192E7
-1.030312E7
-1.056112E7
-1.0811664E7
-1.1055216E7
-1.129208E7
-1.152248E7
-1.1746536E7
-1.1964248E7
-1.2175504E7
-1.238008E7
-1.2577648E7
-1.2767736E7
-1.29498E7
-1.3123256E7
-1.3287328E7
-1.344136E7
-1.35846E7
-1.3716344E7
-1.3836016E7
-1.3943128E7
-1.4037392E7
-1.4118728E7
-1.4187272E7
-1.4243488E7
-1.4288088E7
-1.4322032E7
-1.43466E7
-1.4363232E7
-1.4373544E7
-1.4379336E7
-1.4382328E7
-1.4384328E7
-1.4386968E7
-1.4391728E7
-1.4399864E7
-1.4412288E7
-1.4429616E7
-1.4452032E7
-1.4479336E7
-1.4510888E7
-1.454564E7
-1.4582176E7
-1.4618672E7
-1.4653072E7
-1.4683064E7
-1.470616E7
-1.4719872E7
-1.4721752E7
-1.4709504E7
-1.4681072E7
-1.4634736E7
-1.4569248E7
-1.44838E7
-1.4378152E7
-1.4252624E7
-1.4108072E7
-1.3945944E7
-1.3768136E7
-1.3576952E7
-1.3375144E7
-1.3165632E7
-1.295152E7
-1.2736048E7
-1.2522352E7
-1.2313544E7
-1.211248E7
-1.1921816E7
-1.1743912E7
-1.1580824E7
-1.1434264E7
-1.13056E7
-1.1195928E7
-1.1106056E7
-1.1036528E7
-1.0987672E7
-1.095968E7
-1.0952592E7
-1.0966344E7
-1.1000816E7
-1.1055808E7
-1.1131056E7
-1.122624E7
-1.1340888E7
-1.1474464E7
-1.1626224E7
-1.1795312E7
-1.1980552E7
-1.2180648E7
-1.2393984E7
-1.261872E7
-1.2852816E7
-1.3094032E7
-1.3339952E7
-1.3588112E7
-1.3835952E7
-1.4080944E7
-1.4320648E7
-1.4552728E7
-1.4775072E7
-1.4985664E7
-1.5182816E7
-1.5364976E7
-1.5530872E7
-1.5679408E7
-1.580968E7
-1.5920896E7
-1.6012464E7
-1.6083848E7
-1.6134648E7
-1.6164504E7
-1.6173152E7
-1.616044E7
-1.6126256E7
-1.6070656E7
-1.5993808E7
-1.5896064E7
-1.5777968E7
-1.5640224E7
-1.5483856E7
-1.5309984E7
-1.5120064E7
-1.4915744E7
-1.4698816E7
-1.4471264E7
-1.4235192E7
-1.399276E7
-1.374616E7
-1.3497568E7
-1.3249112E7
-1.3002792E7
-1.276044E7
-1.2523776E7
-1.2294264E7
-1.2073184E7
-1.1861584E7
-1.1660248E7
-1.1469784E7
-1.1290552E7
-1.1122736E7
-1.0966336E7
-1.0821224E7
-1.06872E7
-1.0564032E7
-1.0451424E7
-1.0349232E7
-1.025736E7
-1.0175824E7
-1.0104904E7
-1.0044952E7
-9996568.0
-9960504.0
-9937608.0
-9928880.0
-9935312.0
-9957888.0
-9997464.0
-1.00548E7
-1.0130344E7
-1.0224328E7
-1.0336632E7
-1.0466744E7
-1.0613808E7
-1.0776552E7
-1.0953376E7
-1.1142352E7
-1.1341216E7
-1.1547584E7
-1.17588E7
-1.197228E7
-1.2185328E7
-1.2395392E7
-1.260008E7
-1.27972E7
-1.2984848E7
-1.3161416E7
-1.3325616E7
-1.347652E7
-1.3613488E7
-1.37362E7
-1.3844592E7
-1.3938752E7
-1.4018992E7
-1.4085656E7
-1.4139112E7
-1.4179736E7
-1.4207752E7
-1.4223272E7
-1.4226288E7
-1.421656E7
-1.4193704E7
-1.4157128E7
-1.4106128E7
-1.4039856E7
-1.3957392E7
-1.3857784E7
-1.3740144E7
-1.3603624E7
-1.344752E7
-1.3271368E7
-1.3074872E7
-1.2858064E7
-1.2621256E7
-1.2365104E7
-1.209064E7
-1.1799168E7
-1.1492376E7
-1.1172224E7
-1.0840928E7
-1.0500952E7
-1.015488E7
-9805408.0
-9455272.0
-9107168.0
-8763736.0
-8427448.0
-8100584.0
-7785224.0
-7483200.0
-7196048.0
-6925032.0
-6671176.0
-6435200.0
-6217584.0
-6018560.0
-5838168.0
-5676272.0
-5532520.0
-5406472.0
-5297536.0
-5205024.0
-5128144.0
-5066032.0
-5017728.0
-4982192.0
-4958272.0
-4944792.0
-4940392.0
-4943744.0
-4953384.0
-4967760.0
-4985272.0
-5004384.0
-5023456.0
-5040952.0
-5055416.0
-5065488.0
-5070000.0
-5067992.0
-5058752.0
-5041800.0
-5016992.0
-4984464.0
-4944640.0
-4898184.0
-4846120.0
-4789592.0
-4730016.0
-4668952.0
-4608016.0
-4548992.0
-4493672.0
-4443848.0
-4401288.0
-4367760.0
-4344896.0
-4334304.0
-4337400.0
-4355520.0
-4389800.0
-4441216.0
-4510552.0
-4598392.0
-4705064.0
-4830672.0
-4975072.0
-5137864.0
-5318440.0
-5515880.0
-5729096.0
-5956744.0
-6197280.0
-6449040.0
-6710200.0
-6978848.0
-7253024.0
-7530760.0
-7810096.0
-8089176.0
-8366192.0
-8639592.0
-8907872.0
-9169808.0
-9424288.0
-9670488.0
-9907728.0
-1.0135496E7
-1.0353504E7
-1.056156E7
-1.075956E7
-1.0947528E7
-1.1125488E7
-1.1293552E7
-1.1451808E7
-1.160032E7
-1.1739176E7
-1.1868424E7
-1.1988144E7
-1.209832E7
-1.2199016E7
-1.2290304E7
-1.2372288E7
-1.244512E7
-1.250904E7
-1.256432E7
-1.2611384E7
-1.2650672E7
-1.2682736E7
-1.2708184E7
-1.2727688E7
-1.2741936E7
-1.2751584E7
-1.275732E7
-1.2759696E7
-1.2759224E7
-1.2756248E7
-1.2751E7
-1.2743528E7
-1.2733736E7
-1.2721344E7
-1.2705912E7
-1.2686848E7
-1.2663456E7
-1.2634944E7
-1.260048E7
-1.2559216E7
-1.2510312E7
-1.2452984E7
-1.238656E7
-1.2310448E7
-1.2224176E7
-1.2127456E7
-1.2020056E7
-1.190192E7
-1.177312E7
-1.1633792E7
-1.1484192E7
-1.132464E7
-1.1155504E7
-1.0977184E7
-1.0790144E7
-1.0594856E7
-1.0391816E7
-1.0181616E7
-9964856.0
-9742240.0
-9514568.0
-9282768.0
-9047888.0
-8811184.0
-8574016.0
-8338000.0
-8104872.0
-7876576.0
-7655192.0
-7442896.0
-7241944.0
-7054680.0
-6883352.0
-6730192.0
-6597296.0
-6486616.0
-6399912.0
-6338656.0
-6304160.0
-6297440.0
-6319200.0
-6369960.0
-6449952.0
-6559136.0
-6697368.0
-6864256.0
-7059256.0
-7281728.0
-7530952.0
-7806112.0
-8106376.0
-8430912.0
-8778808.0
-9149256.0
-9541312.0
-9954088.0
-1.0386584E7
-1.083772E7
-1.1306288E7
-1.1790888E7
-1.2289888E7
-1.2801448E7
-1.332336E7
-1.3853208E7
-1.43882E7
-1.4925288E7
-1.5461152E7
-1.5992248E7
-1.6514888E7
-1.7025304E7
-1.7519712E7
-1.7994456E7
-1.8446024E7
-1.8871192E7
-1.9267088E7
-1.9631256E7
-1.996176E7
-2.0257184E7
-2.0516664E7
-2.0739904E7
-2.0927224E7
-2.107944E7
-2.1197904E7
-2.1284416E7
-2.1341232E7
-2.1370912E7
-2.1376304E7
-2.1360488E7
-2.1326664E7
-2.1278128E7
-2.121816E7
-2.1150072E7
-2.1077E7
-2.1002016E7
-2.0928016E7
-2.0857656E7
-2.0793416E7
-2.073748E7
-2.0691784E7
-2.0657968E7
-2.0637376E7
-2.0631016E7
-2.0639536E7
-2.0663296E7
-2.0702256E7
-2.0756072E7
-2.0824056E7
-2.0905176E7
-2.099812E7
-2.110132E7
-2.1212928E7
-2.133096E7
-2.1453256E7
-2.1577512E7
-2.1701448E7
-2.1822752E7
-2.1939136E7
-2.2048464E7
-2.2148696E7
-2.2238E7
-2.2314752E7
-2.2377544E7
-2.2425184E7
-2.2456824E7
-2.247176E7
-2.2469568E7
-2.2450024E7
-2.2413096E7
-2.2358856E7
-2.2287576E7
-2.219952E7
-2.2095088E7
-2.1974664E7
-2.1838672E7
-2.1687472E7
-2.1521528E7
-2.1341168E7
-2.114684E7
-2.0938936E7
-2.0717952E7
-2.0484432E7
-2.0239032E7
-1.9982496E7
-1.9715808E7
-1.9440088E7
-1.9156632E7
-1.8867008E7
-1.8573008E7
-1.8276576E7
-1.797992E7
-1.7685384E7
-1.739548E7
-1.711276E7
-1.683988E7
-1.6579376E7
-1.6333752E7
-1.6105312E7
-1.5896136E7
-1.5708024E7
-1.5542368E7
-1.5400224E7
-1.5282208E7
-1.5188472E7
-1.511876E7
-1.507236E7
-1.5048192E7
-1.5044768E7
-1.5060344E7
-1.5092904E7
-1.5140232E7
-1.5200008E7
-1.5269872E7
-1.5347392E7
-1.5430272E7
-1.5516232E7
-1.5603112E7
-1.5688904E7
-1.5771704E7
-1.5849752E7
-1.5921368E7
-1.598496E7
-1.6038984E7
-1.6081928E7
-1.6112224E7
-1.6128288E7
-1.6128488E7
-1.6111056E7
-1.6074136E7
-1.60158E7
-1.5934032E7
-1.5826744E7
-1.5691808E7
-1.5527168E7
-1.5330752E7
-1.5100648E7
-1.4835112E7
-1.45326E7
-1.4191792E7
-1.3811776E7
-1.3391888E7
-1.2931944E7
-1.243208E7
-1.1892896E7
-1.1315408E7
-1.0701056E7
-1.0051672E7
-9369440.0
-8656936.0
-7916984.0
-7152704.0
-6367344.0
-5564360.0
-4747256.0
-3919536.0
-3084736.0
-2246224.0
-1407304.0
-571024.0
259696.0
1082272.0
1894320.0
2693792.0
3478856.0
4248008.0
5000024.0
5733880.0
6448776.0
7144184.0
7819672.0
8474904.0
9109728.0
9723992.0
1.0317616E7
1.0890496E7
1.1442512E7
1.1973504E7
1.2483216E7
1.2971312E7
1.3437296E7
1.3880592E7
1.4300424E7
1.4695856E7
1.5065792E7
1.5408976E7
1.5723992E7
1.6009328E7
1.626336E7
1.6484392E7
1.6670792E7
1.6820928E7
1.6933288E7
1.7006512E7
1.7039472E7
1.7031264E7
1.6981288E7
1.6889296E7
1.6755368E7
1.657996E7
1.6363944E7
1.6108504E7
1.5815248E7
1.5486072E7
1.5123248E7
1.472928E7
1.4306976E7
1.3859304E7
1.338936E7
1.2900368E7
1.2395576E7
1.1878144E7
1.1351208E7
1.0817696E7
1.0280304E7
9741472.0
9203336.0
8667632.0
8135752.0
7608720.0
7087152.0
6571376.0
6061336.0
5556752.0
5057112.0
4561736.0
4069792.0
3580424.0
3092728.0
2605808.0
2118808.0
1630960.0
1141520.0
649928.0
155640.0
-341736.0
-842552.0
-1347024.0
-1855320.0
-2367536.0
-2883704.0
-3403816.0
-3927840.0
-4455704.0
-4987280.0
-5522432.0
-6061048.0
-6602896.0
-7147768.0
-7695424.0
-8245560.0
-8797872.0
-9352056.0
-9907680.0
-1.0464416E7
-1.1021872E7
-1.1579648E7
-1.2137344E7
-1.2694576E7
-1.325092E7
-1.3805936E7
-1.4359216E7
-1.4910224E7
-1.5458408E7
-1.6003112E7
-1.6543624E7
-1.7079072E7
-1.7608496E7
-1.8130776E7
-1.8644648E7
-1.9148688E7
-1.9641344E7
-2.0120864E7
-2.0585352E7
-2.1032768E7
-2.1460936E7
-2.1867528E7
-2.225012E7
-2.2606272E7
-2.2933504E7
-2.3229424E7
-2.3491728E7
-2.371832E7
-2.3907424E7
-2.4057608E7
-2.4167872E7
-2.4237768E7
-2.426732E7
-2.4257224E7
-2.4208688E7
-2.4123512E7
-2.400404E7
-2.3853064E7
-2.3673752E7
-2.3469616E7
-2.324436E7
-2.3001768E7
-2.2745712E7
-2.2479896E7
-2.2207952E7
-2.1933264E7
-2.1658896E7
-2.1387648E7
-2.1121864E7
-2.0863584E7
-2.0614336E7
-2.0375312E7
-2.0147248E7
-1.9930488E7
-1.9725E7
-1.9530424E7
-1.9346096E7
-1.9171136E7
-1.900452E7
-1.8845112E7
-1.8691752E7
-1.8543336E7
-1.839892E7
-1.8257672E7
-1.8119008E7
-1.7982624E7
-1.7848392E7
-1.7716496E7
-1.7587304E7
-1.7461344E7
-1.7339304E7
-1.7221912E7
-1.7109904E7
-1.700396E7
-1.690464E7
-1.6812352E7
-1.6727312E7
-1.6649504E7
-1.6578752E7
-1.6514592E7
-1.64564E7
-1.6403352E7
-1.6354496E7
-1.630872E7
-1.6264824E7
-1.6221528E7
-1.617748E7
-1.6131328E7
-1.608164E7
-1.6027008E7
-1.5965968E7
-1.5897128E7
-1.5819064E7
-1.5730376E7
-1.5629744E7
-1.5515912E7
-1.5387712E7
-1.524412E7
-1.5084296E7
-1.4907552E7
-1.471348E7
-1.4501904E7
-1.4272904E7
-1.4026768E7
-1.3764096E7
-1.3485672E7
-1.3192472E7
-1.2885624E7
-1.256632E7
-1.2235824E7
-1.189536E7
-1.1546136E7
-1.118928E7
-1.082576E7
-1.0456472E7
-1.0082184E7
-9703552.0
-9321120.0
-8935464.0
-8547056.0
-8156432.0
-7764168.0
-7370896.0
-6977408.0
-6584560.0
-6193384.0
-5804992.0
-5420632.0
-5041656.0
-4669536.0
-4305704.0
-3951728.0
-3609112.0
-3279360.0
-2963920.0
-2664168.0
-2381344.0
-2116592.0
-1870904.0
-1645072.0
-1439760.0
-1255376.0
-1092120.0
-949976.0
-828704.0
-727776.0
-646512.0
-583896.0
-538792.0
-509800.0
-495344.0
-493688.0
-502976.0
-521224.0
-546392.0
-576344.0
-608968.0
-642144.0
-673728.0
-701664.0
-723976.0
-738728.0
-744160.0
-738592.0
-720576.0
-688800.0
-642224.0
-580024.0
-501688.0
-407048.0
-296224.0
-169712.0
-28376.0
126536.0
293504.0
470632.0
655776.0
846544.0
1040440.0
1234864.0
1427184.0
1614896.0
1795632.0
1967272.0
2127992.0
2276408.0
2411480.0
2532656.0
2639864.0
2733472.0
2814336.0
2883704.0
2943184.0
2994768.0
3040608.0
3083144.0
3124856.0
3168304.0
3216024.0
3270464.0
3333936.0
3408512.0
3496128.0
3598352.0
3716520.0
3851600.0
4004280.0
4174928.0
4363552.0
4569936.0
4793464.0
5033328.0
5288376.0
5557336.0
5838608.0
6130440.0
6430936.0
6738024.0
7049528.0
7363192.0
7676720.0
7987808.0
8294152.0
8593528.0
8883752.0
9162784.0
9428632.0
9679512.0
9913712.0
1.0129648E7
1.0325856E7
1.0501016E7
1.065384E7
1.078316E7
1.0887912E7
1.0967056E7
1.101968E7
1.1044904E7
1.1042008E7
1.1010336E7
1.09494E7
1.0858864E7
1.0738568E7
1.058852E7
1.0409008E7
1.0200496E7
9963744.0
9699672.0
9409536.0
9094776.0
8757080.0
8398360.0
8020728.0
7626448.0
7217952.0
6797768.0
6368536.0
5932944.0
5493712.0
5053576.0
4615216.0
4181320.0
3754472.0
3337168.0
2931784.0
2540576.0
2165632.0
1808840.0
1471904.0
1156248.0
863112.0
593440.0
347856.0
126760.0
-69752.0
-241920.0
-390184.0
-515280.0
-618168.0
-700000.0
-762168.0
-806176.0
-833728.0
-846648.0
-846896.0
-836520.0
-817728.0
-792776.0
-764072.0
-734064.0
-705312.0
-680392.0
-661920.0
-652488.0
-654648.0
-670832.0
-703288.0
-754120.0
-825152.0
-917872.0
-1033480.0
-1172792.0
-1336224.0
-1523784.0
-1735088.0
-1969424.0
-2225656.0
-2502360.0
-2797832.0
-3110160.0
-3437224.0
-3776784.0
-4126544.0
-4484160.0
-4847296.0
-5213640.0
-5580976.0
-5947176.0
-6310136.0
-6667952.0
-7018720.0
-7360704.0
-7692176.0
-8011520.0
-8317144.0
-8607504.0
-8881104.0
-9136488.0
-9372272.0
-9587160.0
-9779904.0
-9949488.0
-1.0095024E7
-1.0215824E7
-1.0311488E7
-1.0381872E7
-1.0427112E7
-1.044768E7
-1.0444304E7
-1.041804E7
-1.037012E7
-1.0302048E7
-1.0215424E7
-1.0111976E7
-9993400.0
-9861400.0
-9717616.0
-9563488.0
-9400264.0
-9229000.0
-9050448.0
-8865120.0
-8673200.0
-8474616.0
-8269032.0
-8055872.0
-7834304.0
-7603440.0
-7362176.0
-7109480.0
-6844256.0
-6565560.0
-6272592.0
-5964752.0
-5641680.0
-5303320.0
-4949888.0
-4581856.0
-4200008.0
-3805312.0
-3398936.0
-2982160.0
-2556360.0
-2122984.0
-1683440.0
-1239184.0
-791616.0
-342136.0
107816.0
556816.0
1003368.0
1445888.0
1882656.0
2311912.0
2731720.0
3140048.0
3534808.0
3913880.0
4275160.0
4616608.0
4936312.0
5232568.0
5503928.0
5749216.0
5967608.0
6158672.0
6322336.0
6458936.0
6569240.0
6654392.0
6715888.0
6755608.0
6775736.0
6778720.0
6767248.0
6744200.0
6712568.0
6675448.0
6635936.0
6597096.0
6561928.0
6533272.0
6513792.0
6505912.0
6511800.0
6533280.0
6571872.0
6628696.0
6704536.0
6799728.0
6914224.0
7047568.0
7198920.0
7367056.0
7550424.0
7747152.0
7955168.0
8172152.0
8395736.0
8623440.0
8852864.0
9081720.0
9307816.0
9529280.0
9744448.0
9952000.0
1.0150952E7
1.034064E7
1.0520728E7
1.0691224E7
1.0852368E7
1.100468E7
1.1148864E7
1.1285784E7
1.1416424E7
1.1541832E7
1.1663096E7
1.178132E7
1.1897544E7
1.2012808E7
1.212808E7
1.2244232E7
1.236208E7
1.248236E7
1.2605752E7
1.2732848E7
1.28642E7
1.3000304E7
1.3141656E7
1.3288704E7
1.3441928E7
1.3601768E7
1.3768704E7
1.394324E7
1.4125912E7
1.4317264E7
1.4517904E7
1.4728432E7
1.4949536E7
1.5181816E7
1.5425952E7
1.568252E7
1.5952032E7
1.6234912E7
1.6531376E7
1.684152E7
1.7165112E7
1.7501648E7
1.7850304E7
1.820992E7
1.8578968E7
1.8955592E7
1.9337552E7
1.9722384E7
2.010736E7
2.0489592E7
2.0866048E7
2.123376E7
2.1589776E7
2.1931272E7
2.2255672E7
2.2560704E7
2.2844376E7
2.3105088E7
2.3341632E7
2.3553216E7
2.3739424E7
2.3900216E7
2.4035848E7
2.4146944E7
2.4234296E7
2.429896E7
2.434208E7
2.436496E7
2.4368912E7
2.4355304E7
2.4325496E7
2.4280752E7
2.4222384E7
2.4151576E7
2.4069416E7
2.3976952E7
2.387508E7
2.3764624E7
2.3646312E7
2.3520744E7
2.3388416E7
2.324976E7
2.310512E7
2.295476E7
2.2798944E7
2.2637944E7
2.2471992E7
2.2301408E7
2.2126536E7
2.1947816E7
2.1765712E7
2.1580808E7
2.1393672E7
2.1204976E7
2.1015312E7
2.082532E7
2.0635528E7
2.0446432E7
2.0258392E7
2.0071704E7
1.988644E7
1.9702656E7
1.952016E7
1.9338696E7
1.9157856E7
1.8977056E7
1.8795712E7
1.8613056E7
1.8428272E7
1.8240464E7
1.8048664E7
1.7851864E7
1.7649104E7
1.743932E7
1.7221504E7
1.699468E7
1.6757896E7
1.6510288E7
1.6251128E7
1.5979752E7
1.5695672E7
1.539856E7
1.5088296E7
1.476496E7
1.4428872E7
1.40806E7
1.3720944E7
1.3350968E7
1.2971944E7
1.258536E7
1.2192856E7
1.179628E7
1.1397536E7
1.0998608E7
1.0601504E7
1.0208232E7
9820712.0
9440816.0
9070240.0
8710568.0
8363200.0
8029304.0
7709816.0
7405472.0
7116672.0
6843624.0
6586184.0
6343936.0
6116144.0
5901832.0
5699728.0
5508232.0
5325552.0
5149680.0
4978376.0
4809304.0
4639992.0
4467912.0
4290576.0
4105512.0
3910440.0
3703200.0
3481920.0
3245008.0
2991192.0
2719576.0
2429616.0
2121160.0
1794408.0
1449888.0
1088408.0
711072.0
319112.0
-86048.0
-502976.0
-930144.0
-1366064.0
-1809296.0
-2258520.0
-2712488.0
-3170064.0
-3630272.0
-4092200.0
-4555064.0
-5018192.0
-5480832.0
-5942384.0
-6402200.0
-6859616.0
-7313864.0
-7764112.0
-8209456.0
-8648880.0
-9081248.0
-9505344.0
-9919864.0
-1.0323456E7
-1.07148E7
-1.1092512E7
-1.145532E7
-1.1802024E7
-1.2131576E7
-1.2443072E7
-1.2735728E7
-1.3009016E7
-1.3262504E7
-1.3496008E7
-1.3709392E7
-1.3902664E7
-1.407592E7
-1.4229256E7
-1.4362752E7
-1.4476424E7
-1.4570168E7
-1.4643808E7
-1.4696976E7
-1.4729208E7
-1.4739864E7
-1.4728208E7
-1.4693416E7
-1.463468E7
-1.4551072E7
-1.444184E7
-1.4306296E7
-1.4143856E7
-1.3954208E7
-1.3737144E7
-1.3492728E7
-1.322124E7
-1.2923152E7
-1.2599144E7
-1.224996E7
-1.1876576E7
-1.1479984E7
-1.1061248E7
-1.0621456E7
-1.016168E7
-9683040.0
-9186632.0
-8673584.0
-8145040.0
-7602264.0
-7046568.0
-6479432.0
-5902496.0
-5317552.0
-4726592.0
-4131824.0
-3535568.0
-2940368.0
-2348808.0
-1763608.0
-1187440.0
-623040.0
-72960.0
460328.0
974592.0
1467792.0
1938128.0
2384136.0
2804640.0
3198792.0
3566024.0
3906040.0
4218920.0
4504944.0
4764592.0
4998600.0
5207864.0
5393376.0
5556208.0
5697544.0
5818552.0
5920448.0
6004368.0
6071480.0
6122840.0
6159520.0
6182544.0
6192872.0
6191504.0
6179392.0
6157520.0
6126928.0
6088680.0
6043912.0
5993816.0
5939632.0
5882712.0
5824368.0
5766032.0
5709056.0
5654808.0
5604640.0
5559792.0
5521400.0
5490528.0
5468032.0
5454680.0
5450992.0
5457384.0
5474040.0
5500960.0
5537952.0
5584696.0
5640640.0
5705096.0
5777264.0
5856192.0
5940816.0
6029976.0
6122416.0
6216872.0
6311928.0
6406200.0
6498224.0
6586496.0
6669488.0
6745672.0
6813448.0
6871280.0
6917576.0
6950840.0
6969616.0
6972512.0
6958296.0
6925832.0
6874224.0
6802720.0
6710800.0
6598200.0
6464840.0
6310944.0
6136912.0
5943352.0
5731040.0
5500968.0
5254184.0
4991912.0
4715408.0
4426040.0
4125168.0
3814264.0
3494824.0
3168360.0
2836456.0
2500776.0
2162992.0
1824888.0
1488312.0
1155168.0
827448.0
507128.0
196328.0
-102880.0
-388448.0
-658320.0
-910512.0
-1143176.0
-1354584.0
-1543216.0
-1707752.0
-1847192.0
-1960768.0
-2048120.0
-2109192.0
-2144304.0
-2154168.0
-2139840.0
-2102664.0
-2044344.0
-1966784.0
-1872104.0
-1762528.0
-1640344.0
-1507848.0
-1367200.0
-1220440.0
-1069360.0
-915528.0
-760144.0
-604120.0
-448000.0
-291984.0
-136032.0
20256.0
177456.0
336376.0
497832.0
662776.0
832136.0
1006784.0
1187472.0
1374848.0
1569392.0
1771416.0
1981016.0
2198128.0
2422456.0
2653520.0
2890592.0
3132808.0
3379016.0
3627872.0
3877800.0
4127024.0
4373536.0
4615160.0
4849552.0
5074192.0
5286576.0
5484080.0
5664200.0
5824504.0
5962752.0
6076992.0
6165600.0
6227304.0
6261320.0
6267304.0
6245432.0
6196368.0
6121288.0
6021840.0
5900064.0
5758416.0
5599624.0
5426704.0
5242760.0
5050928.0
4854328.0
4655928.0
4458416.0
4264176.0
4075136.0
3892744.0
3717960.0
3551112.0
3392056.0
3240008.0
3093728.0
2951520.0
2811304.0
2670744.0
2527344.0
2378528.0
2221800.0
2054824.0
1875528.0
1682264.0
1473720.0
1249168.0
1008384.0
751680.0
479960.0
194640.0
-102392.0
-408816.0
-721920.0
-1038736.0
-1356064.0
-1670632.0
-1979112.0
-2278248.0
-2564976.0
-2836384.0
-3089936.0
-3323336.0
-3534752.0
-3722760.0
-3886320.0
-4024872.0
-4138272.0
-4226768.0
-4290976.0
-4331856.0
-4350624.0
-4348736.0
-4327872.0
-4289776.0
-4236344.0
-4169512.0
-4091240.0
-4003480.0
-3908184.0
-3807280.0
-3702640.0
-3596120.0
-3489488.0
-3384504.0
-3282856.0
-3186208.0
-3096112.0
-3014096.0
-2941584.0
-2879864.0
-2830080.0
-2793200.0
-2769976.0
-2760872.0
-2766000.0
-2785168.0
-2817744.0
-2862680.0
-2918504.0
-2983360.0
-3054856.0
-3130384.0
-3206952.0
-3281368.0
-3350312.0
-3410368.0
-3458224.0
-3490696.0
-3504824.0
-3497968.0
-3467848.0
-3412640.0
-3330912.0
-3221736.0
-3084632.0
-2919552.0
-2726816.0
-2507136.0
-2261432.0
-1990872.0
-1696744.0
-1380360.0
-1043048.0
-686000.0
-310264.0
83264.0
494008.0
921584.0
1365848.0
1826912.0
2305072.0
2800752.0
3314456.0
3846672.0
4397872.0
4968280.0
5557960.0
6166648.0
6793720.0
7438168.0
8098520.0
8772928.0
9459104.0
1.0154368E7
1.0855752E7
1.1559944E7
1.2263496E7
1.2962808E7
1.3654232E7
1.4334168E7
1.4999112E7
1.5645712E7
1.6270888E7
1.687176E7
1.7445824E7
1.7990856E7
1.8504968E7
1.898664E7
1.9434664E7
1.984812E7
2.0226408E7
2.05692E7
2.0876344E7
2.1147952E7
2.1384208E7
2.158552E7
2.1752328E7
2.1885184E7
2.1984656E7
2.2051368E7
2.2085928E7
2.2088984E7
2.20612E7
2.2003216E7
2.1915728E7
2.1799456E7
2.1655136E7
2.1483656E7
2.128596E7
2.106316E7
2.0816528E7
2.0547528E7
2.0257864E7
1.9949496E7
1.9624656E7
1.928584E7
1.893584E7
1.8577704E7
1.8214728E7
1.7850448E7
1.7488592E7
1.7133016E7
1.678768E7
1.6456632E7
1.6143864E7
1.5853352E7
1.558892E7
1.5354176E7
1.5152576E7
1.4987184E7
1.4860696E7
1.4775416E7
1.4733144E7
1.473512E7
1.4782056E7
1.4874064E7
1.5010648E7
1.5190696E7
1.541256E7
1.5674016E7
1.5972408E7
1.630468E7
1.6667464E7
1.705716E7
1.7470096E7
1.7902576E7
1.8350984E7
1.8811864E7
1.9282024E7
1.9758544E7
2.0238832E7
2.072064E7
2.1202032E7
2.168144E7
2.2157512E7
2.2629176E7
2.3095456E7
2.355556E7
2.4008712E7
2.4454152E7
2.4891064E7
2.5318568E7
2.573564E7
2.6141176E7
2.6533912E7
2.6912464E7
2.72754E7
2.7621072E7
2.7947896E7
2.825424E7
2.8538424E7
2.8798888E7
2.903416E7
2.9242904E7
2.9423992E7
2.9576528E7
2.9699912E7
2.9793832E7
2.985832E7
2.9893712E7
2.9900768E7
2.9880504E7
2.983428E7
2.976368E7
2.9670512E7
2.9556736E7
2.9424416E7
2.927564E7
2.9112456E7
2.893688E7
2.875076E7
2.8555832E7
2.8353624E7
2.8145488E7
2.7932592E7
2.7715896E7
2.7496184E7
2.7274072E7
2.7050064E7
2.6824512E7
2.6597704E7
2.6369864E7
2.6141176E7
2.5911824E7
2.568204E7
2.5452048E7
2.5222176E7
2.4992856E7
2.4764528E7
2.4537832E7
2.4313464E7
2.4092248E7
2.3875072E7
2.3662952E7
2.345696E7
2.325824E7
2.3067984E7
2.2887368E7
2.2717568E7
2.2559728E7
2.241488E7
2.2283944E7
2.216768E7
2.2066648E7
2.198116E7
2.1911256E7
2.1856672E7
2.1816832E7
2.17908E7
2.1777336E7
2.1774912E7
2.1781672E7
2.1795592E7
2.1814448E7
2.183588E7
2.1857536E7
2.1877064E7
2.1892272E7
2.1901104E7
2.19018E7
2.189288E7
2.1873224E7
2.184212E7
2.1799232E7
2.1744632E7
2.1678784E7
2.160252E7
2.151696E7
2.1423512E7
2.1323712E7
2.1219312E7
2.111204E7
2.1003632E7
2.0895736E7
2.0789808E7
2.068712E7
2.0588648E7
2.0495128E7
2.0406936E7
2.032412E7
2.0246472E7
2.0173384E7
2.0104072E7
2.0037432E7
1.9972208E7
1.9907032E7
1.984036E7
1.9770704E7
1.9696568E7
1.9616512E7
1.952932E7
1.9433872E7
1.9329336E7
1.9215144E7
1.9091056E7
1.8957136E7
1.8813848E7
1.8662008E7
1.8502792E7
1.8337784E7
1.8168832E7
1.7998184E7
1.782828E7
1.7661816E7
1.750156E7
1.73504E7
1.7211128E7
1.7086472E7
1.6978912E7
1.6890672E7
1.6823584E7
1.6779128E7
1.6758288E7
1.6761568E7
1.6789008E7
1.684016E7
1.6914128E7
1.7009568E7
1.7124792E7
1.7257768E7
1.7406144E7
1.7567328E7
1.7738544E7
1.7916848E7
1.8099176E7
1.8282368E7
1.8463288E7
1.8638688E7
1.8805424E7
1.8960392E7
1.9100592E7
1.9223136E7
1.9325336E7
1.9404704E7
1.945904E7
1.9486344E7
1.9484936E7
1.945348E7
1.9390984E7
1.929676E7
1.9170512E7
1.9012256E7
1.8822384E7
1.8601592E7
1.835088E7
1.8071528E7
1.7765128E7
1.7433504E7
1.7078672E7
1.670292E7
1.6308712E7
1.589872E7
1.5475776E7
1.504288E7
1.4603176E7
1.4159968E7
1.3716648E7
1.327668E7
1.2843584E7
1.242092E7
1.2012128E7
1.1620624E7
1.1249648E7
1.0902256E7
1.058124E7
1.0289128E7
1.0028096E7
9799968.0
9606216.0
9447928.0
9325752.0
9240040.0
9190680.0
9177288.0
9199112.0
9255128.0
9344040.0
9464320.0
9614216.0
9791880.0
9995224.0
1.022212E7
1.0470328E7
1.073752E7
1.1021368E7
1.1319488E7
1.1629488E7
1.1949008E7
1.227568E7
1.260724E7
1.2941472E7
1.327628E7
1.3609624E7
1.393968E7
1.4264728E7
1.45832E7
1.4893696E7
1.5195E7
1.5486008E7
1.5765792E7
1.6033512E7
1.6288456E7
1.6530016E7
1.6757584E7
1.6970664E7
1.7168752E7
1.7351368E7
1.7518024E7
1.7668232E7
1.7801448E7
1.791716E7
1.801476E7
1.8093648E7
1.8153168E7
1.819268E7
1.8211472E7
1.8208888E7
1.818428E7
1.8137016E7
1.806656E7
1.7972464E7
1.7854408E7
1.7712232E7
1.7545944E7
1.7355864E7
1.7142488E7
1.6906664E7
1.6649536E7
1.637252E7
1.6077448E7
1.5766384E7
1.5441672E7
1.5105944E7
1.4761976E7
1.4412696E7
1.4061072E7
1.371008E7
1.33626E7
1.3021456E7
1.2689168E7
1.2368088E7
1.2060272E7
1.176748E7
1.1491144E7
1.1232416E7
1.0992088E7
1.0770672E7
1.0568456E7
1.03854E7
1.0221296E7
1.007568E7
9947960.0
9837368.0
9743040.0
9663936.0
9598992.0
9547024.0
9506840.0
9477160.0
9456768.0
9444392.0
9438904.0
9439192.0
9444336.0
9453504.0
9466112.0
9481720.0
9500128.0
9521344.0
9545552.0
9573136.0
9604576.0
9640456.0
9681352.0
9727848.0
9780368.0
9839232.0
9904488.0
9975952.0
1.0053128E7
1.013516E7
1.0220888E7
1.03088E7
1.039712E7
1.048376E7
1.0566448E7
1.0642776E7
1.0710216E7
1.0766256E7
1.0808432E7
1.0834448E7
1.0842128E7
1.0829624E7
1.0795392E7
1.0738232E7
1.0657328E7
1.0552272E7
1.0423112E7
1.0270304E7
1.0094768E7
9897848.0
9681240.0
9447064.0
9197768.0
8936064.0
8664936.0
8387512.0
8107128.0
7827080.0
7550712.0
7281352.0
7022136.0
6776072.0
6545920.0
6334160.0
6143000.0
5974192.0
5829208.0
5709016.0
5614208.0
5544912.0
5500888.0
5481408.0
5485464.0
5511672.0
5558424.0
5623904.0
5706160.0
5803216.0
5913080.0
6033856.0
6163792.0
6301280.0
6444952.0
6593656.0
6746448.0
6902656.0
7061776.0
7223480.0
7387648.0
7554216.0
7723232.0
7894800.0
8069024.0
8245992.0
8425720.0
8608176.0
8793160.0
8980440.0
9169520.0
9359896.0
9550816.0
9741488.0
9930976.0
1.0118304E7
1.0302488E7
1.0482576E7
1.0657712E7
1.0827184E7
1.0990504E7
1.1147424E7
1.1297968E7
1.144256E7
1.158196E7
1.1717248E7
1.1849872E7
1.19816E7
1.2114456E7
1.2250696E7
1.2392656E7
1.2542768E7
1.2703424E7
1.2876896E7
1.3065264E7
1.3270384E7
1.3493744E7
1.3736528E7
1.3999528E7
1.4283192E7
1.4587568E7
1.4912392E7
1.5257072E7
1.562076E7
1.6002368E7
1.6400624E7
1.6814112E7
1.7241256E7
1.7680464E7
1.8129992E7
1.858808E7
1.9052928E7
1.952268E7
1.9995424E7
2.046924E7
2.0942144E7
2.1412144E7
2.1877248E7
2.233536E7
2.2784496E7
2.3222608E7
2.3647744E7
2.4057968E7
2.445148E7
2.4826592E7
2.518176E7
2.55156E7
2.5826984E7
2.6114968E7
2.6378888E7
2.6618288E7
2.6833048E7
2.702324E7
2.7189208E7
2.7331552E7
2.745112E7
2.7548936E7
2.762624E7
2.7684408E7
2.7724984E7
2.7749584E7
2.7759888E7
2.7757656E7
2.7744544E7
2.7722208E7
2.7692176E7
2.7655792E7
2.761424E7
2.7568448E7
2.7519056E7
2.746648E7
2.7410792E7
2.7351808E7
2.7289016E7
2.7221712E7
2.7148912E7
2.7069448E7
2.6981992E7
2.6885104E7
2.6777256E7
2.6656808E7
2.6522176E7
2.6371712E7
2.6203856E7
2.6017104E7
2.5810064E7
2.5581488E7
2.5330288E7
2.50556E7
2.4756808E7
2.4433584E7
2.4085928E7
2.3714144E7
2.331892E7
2.2901272E7
2.246264E7
2.2004784E7
2.1529872E7
2.1040344E7
2.0538992E7
2.0028888E7
1.9513264E7
1.89956E7
1.8479464E7
1.7968488E7
1.746636E7
1.6976624E7
1.6502752E7
1.6047984E7
1.5615352E7
1.5207504E7
1.4826784E7
1.4475072E7
1.4153824E7
1.3864016E7
1.3606144E7
1.3380208E7
1.318576E7
1.3021928E7
1.2887408E7
1.2780664E7
1.26998E7
1.2642752E7
1.2607352E7
1.2591392E7
1.2592648E7
1.2609064E7
1.2638688E7
1.2679792E7
1.2730872E7
1.2790696E7
1.2858296E7
1.2932976E7
1.301424E7
1.3101832E7
1.319572E7
1.3295928E7
1.3402632E7
1.3516048E7
1.3636464E7
1.3764144E7
1.3899312E7
1.4042264E7
1.4193184E7
1.4352256E7
1.4519688E7
1.4695664E7
1.4880376E7
1.5074064E7
1.5276976E7
1.5489424E7
1.5711744E7
1.5944304E7
1.6187512E7
1.6441792E7
1.6707544E7
1.6985184E7
1.727508E7
1.7577576E7
1.789296E7
1.8221448E7
1.8563192E7
1.8918304E7
1.92868E7
1.96686E7
2.0063544E7
2.0471384E7
2.0891728E7
2.1324088E7
2.1767808E7
2.2222064E7
2.2685864E7
2.3158016E7
2.3637104E7
2.4121528E7
2.4609456E7
2.5098816E7
2.5587384E7
2.6072736E7
2.6552304E7
2.7023368E7
2.7483208E7
2.7929008E7
2.8358056E7
2.8767648E7
2.9155328E7
2.9518816E7
2.9856136E7
3.016564E7
3.0446072E7
3.0696584E7
3.0916816E7
3.1106832E7
3.1267128E7
3.1398656E7
3.1502712E7
3.1580968E7
3.1635344E7
3.1668E7
3.1681272E7
3.1677568E7
3.165936E7
3.1629136E7
3.1589368E7
3.154248E7
3.1490816E7
3.143664E7
3.1382128E7
3.132936E7
3.1280272E7
3.1236704E7
3.120036E7
3.117272E7
3.1155168E7
3.1148824E7
3.1154608E7
3.1173224E7
3.1205104E7
3.125048E7
3.1309312E7
3.138136E7
3.146612E7
3.1562976E7
3.1671112E7
3.1789536E7
3.19172E7
3.205288E7
3.2195272E7
3.2343016E7
3.2494632E7
3.2648552E7
3.2803128E7
3.2956632E7
3.3107256E7
3.3253112E7
3.3392272E7
3.3522768E7
3.364268E7
3.3750064E7
3.3843128E7
3.392016E7
3.3979632E7
3.4020192E7
3.4040768E7
3.4040448E7
3.4018672E7
3.3975048E7
3.3909496E7
3.3822152E7
3.3713416E7
3.3583856E7
3.3434256E7
3.3265568E7
3.3078896E7
3.2875472E7
3.2656664E7
3.2423912E7
3.2178752E7
3.1922792E7
3.1657664E7
3.1385032E7
3.1106584E7
3.0823936E7
3.0538752E7
3.02526E7
2.9966992E7
2.9683352E7
2.940312E7
2.9127552E7
2.8857872E7
2.8595232E7
2.8340712E7
2.8095296E7
2.785988E7
2.7635288E7
2.7422232E7
2.722132E7
2.7032992E7
2.6857576E7
2.6695224E7
2.654596E7
2.640956E7
2.6285728E7
2.6173944E7
2.6073552E7
2.59838E7
2.5903832E7
2.583272E7
2.576948E7
2.57132E7
2.5662912E7
2.5617784E7
2.5577048E7
2.5540104E7
2.550648E7
2.5475912E7
2.5448328E7
2.5423904E7
2.5403008E7
2.5386296E7
2.5374568E7
2.5368904E7
2.5370536E7
2.5380848E7
2.5401336E7
2.5433576E7
2.5479152E7
2.5539616E7
2.5616384E7
2.5710792E7
2.5823912E7
2.5956608E7
2.610944E7
2.6282664E7
2.6476168E7
2.668952E7
2.6921904E7
2.7172216E7
2.743896E7
2.7720392E7
2.8014456E7
2.831896E7
2.8631464E7
2.8949416E7
2.9270232E7
2.9591256E7
2.9909896E7
3.0223592E7
3.0529936E7
3.0826616E7
3.1111536E7
3.13828E7
3.1638712E7
3.1877792E7
3.2098816E7
3.2300808E7
3.2483008E7
3.264492E7
3.2786224E7
3.290688E7
3.3006984E7
3.3086824E7
3.3146832E7
3.3187616E7
3.32098E7
3.3214184E7
3.3201568E7
3.3172808E7
3.3128768E7
3.3070368E7
3.2998448E7
3.2913912E7
3.2817632E7
3.271048E7
3.2593304E7
3.2466944E7
3.2332248E7
3.2190064E7
3.2041176E7
3.1886384E7
3.1726416E7
3.1562008E7
3.1393776E7
3.1222288E7
3.104804E7
3.0871456E7
3.06928E7
3.0512352E7
3.0330248E7
3.0146584E7
2.99614E7
2.977472E7
2.9586544E7
2.9396856E7
2.9205656E7
2.9012952E7
2.8818776E7
2.862312E7
2.8426024E7
2.8227464E7
2.8027432E7
2.7825832E7
2.762256E7
2.7417424E7
2.7210248E7
2.700076E7
2.6788688E7
2.6573832E7
2.6355928E7
2.6134848E7
2.5910528E7
2.5683008E7
2.5452512E7
2.5219424E7
2.498428E7
2.4747824E7
2.4510992E7
2.4274888E7
2.4040768E7
2.381008E7
2.3584376E7
2.3365296E7
2.315456E7
2.2953944E7
2.2765184E7
2.2590016E7
2.2430144E7
2.2287128E7
2.2162456E7
2.2057488E7
2.1973368E7
2.1911128E7
2.1871568E7
2.1855328E7
2.1862784E7
2.1894128E7
2.194932E7
2.202808E7
2.2129976E7
2.2254304E7
2.240024E7
2.2566736E7
2.2752664E7
2.2956768E7
2.3177704E7
2.3414104E7
2.3664544E7
2.3927624E7
2.4201976E7
2.4486248E7
2.4779144E7
2.5079392E7
2.5385832E7
2.569728E7
2.601268E7
2.6330976E7
2.6651168E7
2.697232E7
2.7293536E7
2.7613936E7
2.7932704E7
2.8249048E7
2.8562152E7
2.8871264E7
2.9175568E7
2.947424E7
2.97664E7
3.0051136E7
3.0327424E7
3.0594176E7
3.0850272E7
3.1094456E7
3.1325424E7
3.1541848E7
3.174236E7
3.1925584E7
3.2090168E7
3.22348E7
3.2358264E7
3.2459392E7
3.2537144E7
3.25906E7
3.2618952E7
3.262156E7
3.2597952E7
3.2547784E7
3.2470936E7
3.236752E7
3.223784E7
3.2082456E7
3.1902232E7
3.1698312E7
3.1472096E7
3.1225312E7
3.0959976E7
3.0678288E7
3.038276E7
3.0076024E7
2.97608E7
2.9439856E7
2.9116E7
2.8791864E7
2.8470048E7
2.815288E7
2.784252E7
2.7540872E7
2.7249576E7
2.6970032E7
2.6703448E7
2.6450824E7
2.6213024E7
2.5990808E7
2.5784912E7
2.5596048E7
2.5425E7
2.5272632E7
2.5139928E7
2.5027968E7
2.4937944E7
2.4871176E7
2.4829048E7
2.4812936E7
2.4824264E7
2.486428E7
2.4934184E7
2.5034904E7
2.5167144E7
2.5331296E7
2.5527424E7
2.5755184E7
2.6013904E7
2.6302488E7
2.661948E7
2.6963072E7
2.7331088E7
2.772116E7
2.8130552E7
2.8556408E7
2.8995688E7
2.9445248E7
2.9901896E7
3.0362384E7
3.08236E7
3.1282456E7
3.173604E7
3.2181608E7
3.2616656E7
3.3038944E7
3.344656E7
3.383788E7
3.4211664E7
3.456704E7
3.4903472E7
3.5220816E7
3.5519296E7
3.579944E7
3.6062088E7
3.6308376E7
3.6539608E7
3.6757256E7
3.696288E7
3.7158128E7
3.7344528E7
3.7523576E7
3.7696576E7
3.7864656E7
3.8028704E7
3.8189312E7
3.8346896E7
3.850148E7
3.8652936E7
3.8800888E7
3.8944752E7
3.9083848E7
3.92174E7
3.9344632E7
3.9464776E7
3.9577168E7
3.9681312E7
3.9776816E7
3.9863552E7
3.9941576E7
4.0011136E7
4.0072704E7
4.0126904E7
4.0174504E7
4.0216344E7
4.0253376E7
4.0286464E7
4.0316496E7
4.0344304E7
4.0370584E7
4.0395976E7
4.0420992E7
4.0446032E7
4.0471488E7
4.0497616E7
4.0524736E7
4.0553128E7
4.058316E7
4.0615256E7
4.0649968E7
4.0687992E7
4.0730168E7
4.0777488E7
4.0831096E7
4.0892288E7
4.0962448E7
4.1043088E7
4.1135704E7
4.1241832E7
4.136288E7
4.1500208E7
4.1654896E7
4.1827864E7
4.2019648E7
4.2230512E7
4.2460264E7
4.2708344E7
4.297376E7
4.325512E7
4.3550664E7
4.3858192E7
4.4175288E7
4.4499256E7
4.4827168E7
4.5156048E7
4.5482784E7
4.5804328E7
4.6117704E7
4.6420016E7
4.6708552E7
4.6980808E7
4.7234472E7
4.7467488E7
4.7678064E7
4.7864648E7
4.8025936E7
4.8160912E7
4.8268776E7
4.834904E7
4.8401424E7
4.8425904E7
4.8422728E7
4.8392368E7
4.833552E7
4.8253096E7
4.814624E7
4.8016224E7
4.7864504E7
4.7692632E7
4.7502256E7
4.7295072E7
4.7072816E7
4.68372E7
4.6589912E7
4.6332592E7
4.6066832E7
4.579412E7
4.5515928E7
4.5233608E7
4.4948464E7
4.4661712E7
4.4374584E7
4.4088152E7
4.3803544E7
4.3521808E7
4.324392E7
4.2970928E7
4.270376E7
4.244336E7
4.2190704E7
4.1946728E7
4.1712392E7
4.1488672E7
4.1276592E7
4.1077208E7
4.0891648E7
4.072108E7
4.0566712E7
4.0429848E7
4.0311776E7
4.021388E7
4.0137472E7
4.0083904E7
4.005448E7
4.0050392E7
4.0072752E7
4.0122568E7
4.0200664E7
4.0307728E7
4.0444248E7
4.0610544E7
4.0806768E7
4.1032856E7
4.128864E7
4.1573792E7
4.1887848E7
4.2230256E7
4.2600384E7
4.2997568E7
4.342104E7
4.3870024E7
4.434368E7
4.4841128E7
4.5361424E7
4.590356E7
4.64664E7
4.7048704E7
4.7649048E7
4.8265936E7
4.88976E7
4.9542128E7
5.0197432E7
5.08612E7
5.1530976E7
5.2204112E7
5.2877896E7
5.3549472E7
5.421592E7
5.4874352E7
5.5521856E7
5.6155568E7
5.6772816E7
5.7370976E7
5.7947648E7
5.8500672E7
5.9028048E7
5.9528128E7
5.9999496E7
6.0441072E7
6.0852112E7
6.1232168E7
6.158116E7
6.1899352E7
6.2187344E7
6.244604E7
6.2676648E7
6.2880648E7
6.3059768E7
6.3215872E7
6.3351008E7
6.3467264E7
6.3566744E7
6.3651536E7
6.37236E7
6.3784808E7
6.3836824E7
6.3881136E7
6.3919032E7
6.3951536E7
6.3979552E7
6.4003776E7
6.4024736E7
6.4042856E7
6.4058512E7
6.4071952E7
6.4083504E7
6.409344E7
6.410212E7
6.4109896E7
6.4117224E7
6.4124576E7
6.4132496E7
6.4141528E7
6.4152272E7
6.4165288E7
6.4181176E7
6.4200448E7
6.42236E7
6.425104E7
6.4283168E7
6.4320232E7
6.4362456E7
6.4409984E7
6.4462792E7
6.452084E7
6.4583952E7
6.4651872E7
6.47242E7
6.480044E7
6.488E7
6.4962096E7
6.504588E7
6.5130328E7
6.5214328E7
6.5296584E7
6.5375752E7
6.5450304E7
6.5518672E7
6.557924E7
6.5630296E7
6.5670168E7
6.5697208E7
6.5709856E7
6.5706656E7
6.5686352E7
6.5647896E7
6.5590496E7
6.5513648E7
6.5417208E7
6.530136E7
6.5166632E7
6.5014008E7
6.4844744E7
6.4660488E7
6.4463144E7
6.4254936E7
6.4038304E7
6.38158E7
6.3590144E7
6.3364032E7
6.3140184E7
6.2921208E7
6.2709584E7
6.25076E7
6.2317352E7
6.2140648E7
6.1979072E7
6.183392E7
6.1706296E7
6.1597016E7
6.1506728E7
6.143592E7
6.1384968E7
6.1354104E7
6.1343576E7
6.1353552E7
6.1384232E7
6.1435816E7
6.1508496E7
6.1602472E7
6.171796E7
6.1855176E7
6.2014248E7
6.2195264E7
6.2398288E7
6.2623272E7
6.2870048E7
6.3138416E7
6.3428024E7
6.3738448E7
6.4069184E7
6.4419616E7
6.478908E7
6.5176824E7
6.5582024E7
6.6003792E7
6.6441184E7
6.689316E7
6.7358592E7
6.7836264E7
6.8324792E7
6.8822664E7
6.9328184E7
6.9839472E7
7.03544E7
7.0870688E7
7.1385816E7
7.189712E7
7.2401744E7
7.2896744E7
7.3379112E7
7.384584E7
7.4294024E7
7.472084E7
7.5123696E7
7.5500264E7
7.5848496E7
7.6166752E7
7.645376E7
7.6708648E7
7.6931024E7
7.7120864E7
7.7278584E7
7.7404944E7
7.7501088E7
7.756844E7
7.7608632E7
7.7623496E7
7.7615E7
7.7585136E7
7.7535928E7
7.746936E7
7.7387376E7
7.7291792E7
7.718436E7
7.7066672E7
7.6940304E7
7.680668E7
7.6667176E7
7.6523104E7
7.6375784E7
7.6226488E7
7.6076504E7
7.5927136E7
7.5779688E7
7.5635504E7
7.5495928E7
7.5362312E7
7.5236032E7
7.511844E7
7.5010856E7
7.49146E7
7.4830912E7
7.4760984E7
7.4705888E7
7.4666632E7
7.4644072E7
7.4638944E7
7.4651792E7
7.4682992E7
7.4732712E7
7.4800936E7
7.48874E7
7.499164E7
7.511296E7
7.5250464E7
7.5403024E7
7.5569376E7
7.5748048E7
7.5937384E7
7.6135656E7
7.6341E7
7.6551456E7
7.6765016E7
7.6979608E7
7.7193184E7
7.7403664E7
7.7609016E7
7.7807296E7
7.7996576E7
7.8175128E7
7.8341304E7
7.8493648E7
7.8630904E7
7.8752024E7
7.885624E7
7.8943048E7
7.9012192E7
7.9063792E7
7.90982E7
7.9116104E7
7.9118432E7
7.9106384E7
7.908136E7
7.9044904E7
7.8998704E7
7.8944448E7
7.8883888E7
7.8818664E7
7.8750376E7
7.8680416E7
7.8610096E7
7.8540488E7
7.8472544E7
7.8406992E7
7.8344432E7
7.8285328E7
7.8230056E7
7.8178896E7
7.8132072E7
7.80898E7
7.8052256E7
7.8019608E7
7.7992032E7
7.7969688E7
7.7952712E7
7.79412E7
7.793524E7
7.7934808E7
7.7939832E7
7.79502E7
7.7965672E7
7.798596E7
7.8010728E7
7.8039536E7
7.8071936E7
7.8107432E7
7.8145496E7
7.8185608E7
7.8227192E7
7.8269752E7
7.8312744E7
7.8355664E7
7.8397992E7
7.8439304E7
7.8479104E7
7.8517048E7
7.8552728E7
7.8585872E7
7.8616224E7
7.8643648E7
7.8668032E7
7.86894E7
7.870788E7
7.8723664E7
7.873712E7
7.8748672E7
7.8758872E7
7.8768384E7
7.8777944E7
7.8788384E7
7.8800576E7
7.8815448E7
7.8833952E7
7.885704E7
7.8885616E7
7.89206E7
7.89628E7
7.9013008E7
7.9071944E7
7.9140248E7
7.9218552E7
7.9307408E7
7.9407376E7
7.9519024E7
7.9642976E7
7.977984E7
7.9930344E7
8.0095248E7
8.0275408E7
8.0471704E7
8.0685048E7
8.0916344E7
8.1166424E7
8.1436064E7
8.1725896E7
8.2036304E7
8.2367488E7
8.2719368E7
8.3091512E7
8.348324E7
8.3893488E7
8.4320888E7
8.4763744E7
8.522008E7
8.5687656E7
8.616404E7
8.66466E7
8.713264E7
8.7619368E7
8.8104032E7
8.8583912E7
8.905644E7
8.9519184E7
8.9969976E7
9.0406896E7
9.0828328E7
9.1232968E7
9.161988E7
9.1988448E7
9.2338448E7
9.2669968E7
9.29834E7
9.3279472E7
9.3559136E7
9.3823608E7
9.4074272E7
9.4312696E7
9.4540608E7
9.4759792E7
9.4972152E7
9.5179648E7
9.538428E7
9.5588E7
9.5792832E7
9.6000704E7
9.6213488E7
9.6432944E7
9.6660744E7
9.6898344E7
9.7147056E7
9.7407952E7
9.7681864E7
9.796936E7
9.827072E7
9.8585944E7
9.8914752E7
9.9256576E7
9.9610568E7
9.9975616E7
1.00350448E8
1.00733528E8
1.01123176E8
1.01517664E8
1.0191512E8
1.02313656E8
1.02711392E8
1.03106472E8
1.03497104E8
1.03881544E8
1.04258144E8
1.0462532E8
1.04981616E8
1.05325592E8
1.05655912E8
1.05971272E8
1.06270448E8
1.06552208E8
1.0681544E8
1.07059E8
1.0728184E8
1.07483008E8
1.07661616E8
1.07816888E8
1.07948192E8
1.08054992E8
1.08136952E8
1.08193888E8
1.08225736E8
1.082326E8
1.08214696E8
1.08172424E8
1.08106256E8
1.08016752E8
1.079046E8
1.0777056E8
1.07615456E8
1.0744024E8
1.07245912E8
1.07033592E8
1.06804472E8
1.0655988E8
1.0630124E8
1.06030056E8
1.05747936E8
1.05456536E8
1.05157576E8
1.04852824E8
1.04544E8
1.04232824E8
1.03920984E8
1.03610032E8
1.03301512E8
1.02996816E8
1.02697224E8
1.02403952E8
1.02118064E8
1.01840536E8
1.01572256E8
1.01314024E8
1.010666E8
1.00830688E8
1.00606984E8
1.00396144E8
1.00198896E8
1.0001596E8
9.9848144E7
9.9696344E7
9.9561544E7
9.944488E7
9.9347592E7
9.9271056E7
9.92168E7
9.9186472E7
9.9181768E7
9.920452E7
9.9256536E7
9.9339576E7
9.94554E7
9.9605576E7
9.9791552E7
1.00014472E8
1.0027528E8
1.0057456E8
1.009126E8
1.0128932E8
1.01704264E8
1.02156656E8
1.026454E8
1.03169056E8
1.03725952E8
1.04314192E8
1.04931656E8
1.05576144E8
1.06245296E8
1.0693672E8
1.07648024E8
1.08376736E8
1.09120488E8
1.09876888E8
1.10643584E8
1.11418296E8
1.12198736E8
1.12982664E8
1.13767888E8
1.14552224E8
1.15333536E8
1.16109752E8
1.168788E8
1.17638696E8
1.18387512E8
1.19123448E8
1.19844784E8
1.20549928E8
1.21237392E8
1.21905896E8
1.22554296E8
1.23181584E8
1.23786944E8
1.24369688E8
1.24929296E8
1.2546536E8
1.25977592E8
1.26465848E8
1.26930064E8
1.27370312E8
1.27786696E8
1.28179496E8
1.28549016E8
1.28895744E8
1.29220224E8
1.29523144E8
1.29805312E8
1.30067672E8
1.30311256E8
1.30537184E8
1.3074672E8
1.30941112E8
1.31121672E8
1.3128972E8
1.31446496E8
1.31593224E8
1.31731016E8
1.31860856E8
1.319836E8
1.3209996E8
1.32210512E8
1.32315592E8
1.32415496E8
1.32510336E8
1.3260012E8
1.32684784E8
1.32764152E8
1.32838056E8
1.32906296E8
1.32968688E8
1.3302508E8
1.33075376E8
1.33119592E8
1.33157832E8
1.3319028E8
1.33217352E8
1.33239528E8
1.3325744E8
1.33271912E8
1.33283832E8
1.33294256E8
1.3330436E8
1.33315312E8
1.33328376E8
1.33344776E8
1.33365728E8
1.33392328E8
1.33425624E8
1.33466456E8
1.33515544E8
1.33573416E8
1.33640392E8
1.33716576E8
1.33801864E8
1.33895968E8
1.33998368E8
1.34108384E8
1.34225128E8
1.34347552E8
1.34474456E8
1.3460452E8
1.34736256E8
1.34868096E8
1.3499836E8
1.35125304E8
1.35247112E8
1.35361944E8
1.35467952E8
1.35563328E8
1.35646272E8
1.35715152E8
1.35768416E8
1.35804728E8
1.35822944E8
1.35822216E8
1.35801928E8
1.357618E8
1.35701872E8
1.35622536E8
1.35524496E8
1.3540876E8
1.35276672E8
1.35129824E8
1.34970072E8
1.34799408E8
1.34620048E8
1.3443428E8
1.34244504E8
1.34053152E8
1.33862648E8
1.33675432E8
1.3349392E8
1.3332048E8
1.33157456E8
1.33007136E8
1.32871792E8
1.32753632E8
1.32654864E8
1.32577624E8
1.32523992E8
1.32496024E8
1.3249568E8
1.325248E8
1.32585096E8
1.3267812E8
1.32805192E8
1.32967352E8
1.33165376E8
1.33399704E8
1.33670392E8
1.3397712E8
1.34319112E8
1.34695224E8
1.3510392E8
1.35543192E8
1.36010792E8
1.36504064E8
1.37020144E8
1.37555952E8
1.381082E8
1.38673608E8
1.39248744E8
1.3983032E8
1.40415008E8
1.40999688E8
1.41581376E8
1.42157312E8
1.42724952E8
1.43282048E8
1.43826632E8
1.44357064E8
1.44871976E8
1.45370328E8
1.45851392E8
1.46314712E8
1.4676008E8
1.47187512E8
1.4759724E8
1.479896E8
1.48365064E8
1.48724096E8
1.49067168E8
1.4939468E8
1.49706904E8
1.50003984E8
1.50285832E8
1.50552152E8
1.50802432E8
1.51035888E8
1.51251528E8
1.51448152E8
1.5162436E8
1.51778688E8
1.51909536E8
1.5201532E8
1.52094536E8
1.52145752E8
1.52167768E8
1.52159648E8
1.52120824E8
1.52051048E8
1.5195056E8
1.5182008E8
1.5166076E8
1.51474328E8
1.5126296E8
1.51029304E8
1.50776448E8
1.50507896E8
1.50227464E8
1.49939184E8
1.49647336E8
1.49356264E8
1.49070328E8
1.48793824E8
1.48530872E8
1.48285376E8
1.48060856E8
1.47860448E8
1.47686808E8
1.47542104E8
1.47427864E8
1.4734512E8
1.47294248E8
1.47275088E8
1.47286952E8
1.47328664E8
1.4739864E8
1.4749496E8
1.47615448E8
1.47757752E8
1.4791948E8
1.48098224E8
1.48291688E8
1.48497704E8
1.48714352E8
1.48939944E8
1.49173088E8
1.49412728E8
1.49658152E8
1.49908992E8
1.50165232E8
1.50427176E8
1.50695448E8
1.50971008E8
1.51255056E8
1.51549048E8
1.51854608E8
1.5217352E8
1.5250768E8
1.52858904E8
1.5322908E8
1.53619936E8
1.54032968E8
1.54469512E8
1.54930592E8
1.554168E8
1.5592844E8
1.56465344E8
1.5702692E8
1.57612176E8
1.58219616E8
1.58847424E8
1.59493304E8
1.60154712E8
1.6082872E8
1.6151224E8
1.62201912E8
1.62894296E8
1.63585856E8
1.64273064E8
1.649524E8
1.65620552E8
1.66274232E8
1.66910512E8
1.67526584E8
1.68119944E8
1.68688448E8
1.69230208E8
1.69743624E8
1.70227488E8
1.70680856E8
1.71103064E8
1.71493816E8
1.71853056E8
1.7218104E8
1.72478336E8
1.72745752E8
1.72984392E8
1.73195672E8
1.73381272E8
1.73543152E8
1.73683544E8
1.73804888E8
1.73909856E8
1.74001304E8
1.740822E8
1.7415564E8
1.74224728E8
1.74292576E8
1.74362224E8
1.74436632E8
1.74518544E8
1.74610568E8
1.74715048E8
1.74834088E8
1.74969504E8
1.75122792E8
1.75295184E8
1.75487608E8
1.75700688E8
1.759348E8
1.7619E8
1.76466128E8
1.76762824E8
1.77079472E8
1.77415272E8
1.77769256E8
1.78140272E8
1.78527008E8
1.78927968E8
1.79341552E8
1.79765944E8
1.80199224E8
1.80639344E8
1.81084128E8
1.81531328E8
1.81978656E8
1.82423808E8
1.8286452E8
1.83298552E8
1.83723824E8
1.84138432E8
1.84540576E8
1.8492872E8
1.85301512E8
1.85657856E8
1.85996848E8
1.86317808E8
1.86620296E8
1.86904032E8
1.8716896E8
1.87415184E8
1.87643008E8
1.87852912E8
1.88045584E8
1.88221848E8
1.88382752E8
1.88529464E8
1.88663392E8
1.88786088E8
1.8889916E8
1.89004424E8
1.8910368E8
1.89198792E8
1.89291592E8
1.89383872E8
1.89477296E8
1.89573424E8
1.89673624E8
1.8977908E8
1.89890808E8
1.90009608E8
1.90136104E8
1.90270768E8
1.9041388E8
1.90565616E8
1.90726048E8
1.90895144E8
1.91072768E8
1.91258776E8
1.91452872E8
1.91654728E8
1.91863976E8
1.92080088E8
1.92302496E8
1.92530512E8
1.92763368E8
1.93000168E8
1.93239952E8
1.93481688E8
1.93724304E8
1.93966712E8
1.94207856E8
1.94446784E8
1.94682624E8
1.949148E8
1.95142904E8
1.9536684E8
1.95586872E8
1.95803632E8
1.96018104E8
1.96231712E8
1.96446176E8
1.96663496E8
1.96885984E8
1.97116016E8
1.97356112E8
1.97608688E8
1.97876056E8
1.9816032E8
1.98463288E8
1.98786416E8
1.99130768E8
1.9949704E8
1.99885512E8
2.00296112E8
2.00728424E8
2.01181784E8
2.0165528E8
2.02147816E8
2.02658232E8
2.03185272E8
2.03727688E8
2.04284256E8
2.048538E8
2.05435216E8
2.0602752E8
2.06629864E8
2.0724144E8
2.07861672E8
2.08490016E8
2.09126144E8
2.09769792E8
2.10420888E8
2.11079408E8
2.1174544E8
2.1241916E8
2.1310084E8
2.13790728E8
2.14489096E8
2.15196192E8
2.15912152E8
2.16637048E8
2.1737084E8
2.1811328E8
2.18863976E8
2.19622328E8
2.20387552E8
2.21158696E8
2.21934552E8
2.227138E8
2.23494944E8
2.24276344E8
2.2505624E8
2.25832816E8
2.26604168E8
2.273684E8
2.28123552E8
2.28867792E8
2.29599296E8
2.30316392E8
2.31017552E8
2.31701416E8
2.3236696E8
2.33013368E8
2.33640208E8
2.34247392E8
2.34835224E8
2.35404424E8
2.35956176E8
2.36492E8
2.37013872E8
2.37524096E8
2.38025256E8
2.38520232E8
2.39012008E8
2.39503704E8
2.399984E8
2.4049912E8
2.41008672E8
2.41529632E8
2.42064176E8
2.42614168E8
2.4318092E8
2.43765248E8
2.44367456E8
2.44987296E8
2.45624008E8
2.4627628E8
2.469424E8
2.4762024E8
2.4830736E8
2.49001096E8
2.49698704E8
2.50397384E8
2.5109444E8
2.51787352E8
2.52473848E8
2.5315204E8
2.53820288E8
2.54477464E8
2.55122776E8
2.55755832E8
2.56376568E8
2.56985216E8
2.57582232E8
2.58168248E8
2.58743984E8
2.59310216E8
2.5986764E8
2.60416976E8
2.6095884E8
2.61493704E8
2.62022024E8
2.62544128E8
2.6306036E8
2.63571E8
2.64076424E8
2.64577E8
2.65073256E8
2.65565768E8
2.66055272E8
2.66542584E8
2.67028672E8
2.67514456E8
2.68001008E8
2.68489296E8
2.68980328E8
2.69474968E8
2.69973944E8
2.7047788E8
2.7098724E8
2.71502272E8
2.72023112E8
2.72549664E8
2.73081712E8
2.73618864E8
2.74160592E8
2.74706232E8
2.75255008E8
2.75806008E8
2.76358224E8
2.76910528E8
2.77461792E8
2.78010688E8
2.78556016E8
2.79096448E8
2.79630768E8
2.80157808E8
2.80676544E8
2.81186088E8
2.81685784E8
2.82175208E8
2.82654144E8
2.8312268E8
2.83581144E8
2.84030128E8
2.84470384E8
2.8490288E8
2.85328688E8
2.85748968E8
2.86164912E8
2.86577704E8
2.8698848E8
2.87398256E8
2.87807984E8
2.88218464E8
2.8863036E8
2.8904416E8
2.89460296E8
2.89878976E8
2.90300352E8
2.90724432E8
2.91151144E8
2.91580336E8
2.920118E8
2.9244532E8
2.9288064E8
2.9331748E8
2.93755688E8
2.94195056E8
2.94635544E8
2.95077168E8
2.95520048E8
2.9596444E8
2.9641072E8
2.96859352E8
2.97310896E8
2.97765976E8
2.98225256E8
2.98689384E8
2.99158968E8
2.9963452E8
3.00116448E8
3.00605E8
3.01100296E8
3.01602288E8
3.0211076E8
3.02625384E8
3.03145736E8
3.03671352E8
3.04201736E8
3.04736496E8
3.05275304E8
3.05818008E8
3.06364648E8
3.06915464E8
3.0747096E8
3.08031896E8
3.0859928E8
3.09174312E8
3.09758344E8
3.10352848E8
3.10959352E8
3.11579368E8
3.12214272E8
3.12865272E8
3.13533304E8
3.14219072E8
3.14922848E8
3.15644608E8
3.16383904E8
3.17140008E8
3.17911832E8
3.18698096E8
3.19497296E8
3.20307864E8
3.21128192E8
3.21956752E8
3.22792096E8
3.23632968E8
3.2447828E8
3.25327136E8
3.26178832E8
3.27032776E8
3.27888488E8
3.28745456E8
3.29603184E8
3.30460944E8
3.3131792E8
3.32173E8
3.33024792E8
3.33871608E8
3.34711488E8
3.35542144E8
3.36361112E8
3.3716572E8
3.3795316E8
3.38720664E8
3.3946544E8
3.40184848E8
3.40876456E8
3.41538048E8
3.42167776E8
3.42764144E8
3.4332604E8
3.43852776E8
3.44344096E8
3.44800224E8
3.45221728E8
3.45609688E8
3.45965496E8
3.46290984E8
3.46588304E8
3.4685992E8
3.47108576E8
3.47337288E8
3.47549248E8
3.47747896E8
3.47936776E8
3.48119504E8
3.48299864E8
3.48481608E8
3.48668536E8
3.48864352E8
3.49072744E8
3.49297224E8
3.49541152E8
3.49807608E8
3.50099464E8
3.50419208E8
3.50768952E8
3.51150344E8
3.515646E8
3.52012424E8
3.52493984E8
3.53008992E8
3.53556616E8
3.5413556E8
3.5474412E8
3.55380232E8
3.56041544E8
3.56725408E8
3.57429136E8
3.58149888E8
3.58884824E8
3.596312E8
3.60386368E8
3.6114784E8
3.61913368E8
3.62680904E8
3.63448672E8
3.642152E8
3.64979304E8
3.6574008E8
3.66496928E8
3.67249536E8
3.67997864E8
3.68742144E8
3.69482808E8
3.70220496E8
3.70956056E8
3.71690416E8
3.72424592E8
3.73159696E8
3.73896824E8
3.74637056E8
3.7538148E8
3.76131016E8
3.768866E8
3.77649008E8
3.78418912E8
3.79196824E8
3.79983184E8
3.80778304E8
3.81582296E8
3.82395216E8
3.8321692E8
3.8404716E8
3.84885544E8
3.85731528E8
3.86584432E8
3.87443416E8
3.8830752E8
3.8917564E8
3.90046568E8
3.9091892E8
3.9179132E8
3.92662336E8
3.93530456E8
3.94394272E8
3.95252448E8
3.96103736E8
3.96947088E8
3.97781696E8
3.98606944E8
3.99422584E8
4.002286E8
4.01025304E8
4.01813336E8
4.02593648E8
4.03367424E8
4.04136136E8
4.04901416E8
4.05665056E8
4.06428952E8
4.07195072E8
4.07965296E8
4.0874152E8
4.09525448E8
4.10318648E8
4.11122504E8
4.11938112E8
4.12766304E8
4.13607608E8
4.14462232E8
4.15330056E8
4.16210632E8
4.1710316E8
4.18006544E8
4.18919448E8
4.19840264E8
4.20767192E8
4.21698368E8
4.22631824E8
4.23565688E8
4.24498176E8
4.25427728E8
4.26353048E8
4.27273248E8
4.28187768E8
4.29096536E8
4.29999936E8
4.30898816E8
4.31794416E8
4.32688408E8
4.33582808E8
4.34479856E8
4.35381992E8
4.3629176E8
4.37211704E8
4.38144304E8
4.39091832E8
4.40056368E8
4.41039696E8
4.42043232E8
4.43068072E8
4.44114824E8
4.45183776E8
4.46274792E8
4.47387368E8
4.48520648E8
4.49673528E8
4.50844592E8
4.52032264E8
4.532348E8
4.54450352E8
4.55677016E8
4.56912912E8
4.58156168E8
4.59404976E8
4.60657712E8
4.61912792E8
4.63168864E8
4.64424704E8
4.6567932E8
4.66931864E8
4.6818172E8
4.69428448E8
4.70671744E8
4.71911488E8
4.73147712E8
4.74380488E8
4.7561004E8
4.76836608E8
4.7806048E8
4.79281976E8
4.80501408E8
4.8171908E8
4.82935376E8
4.84150648E8
4.85365312E8
4.86579824E8
4.8779476E8
4.89010816E8
4.90228728E8
4.9144944E8
4.92674008E8
4.93903536E8
4.95139288E8
4.96382576E8
4.97634736E8
4.98897056E8
5.0017088E8
5.01457376E8
5.02757616E8
5.04072528E8
5.05402848E8
5.06749088E8
5.08111552E8
5.09490328E8
5.10885232E8
5.12295816E8
5.13721456E8
5.15161232E8
5.16614072E8
5.1807868E8
5.19553592E8
5.21037224E8
5.22527944E8
5.24023976E8
5.25523616E8
5.27025168E8
5.28527024E8
5.30027704E8
5.31525912E8
5.33020536E8
5.34510768E8
5.35995968E8
5.37475872E8
5.38950432E8
5.40419904E8
5.41884824E8
5.43345928E8
5.44804184E8
5.46260672E8
5.47716584E8
5.49173168E8
5.50631616E8
5.52093048E8
5.5355844E8
5.55028576E8
5.56504008E8
5.57984992E8
5.59471496E8
5.609632E8
5.6245944E8
5.63959272E8
5.6546144E8
5.66964432E8
5.68466472E8
5.69965632E8
5.71459736E8
5.72946536E8
5.74423656E8
5.75888688E8
5.77339224E8
5.78772952E8
5.80187568E8
5.81580984E8
5.82951336E8
5.84296944E8
5.85616472E8
5.86908888E8
5.88173512E8
5.89410104E8
5.9061872E8
5.91799896E8
5.92954528E8
5.94083888E8
5.95189616E8
5.9627368E8
5.9733832E8
5.98386088E8
5.9941972E8
6.00442152E8
6.01456448E8
6.02465792E8
6.03473384E8
6.04482488E8
6.05496304E8
6.06517928E8
6.07550368E8
6.08596448E8
6.09658776E8
6.10739664E8
6.1184116E8
6.12964992E8
6.14112504E8
6.15284656E8
6.16482064E8
6.17704936E8
6.18953088E8
6.20226016E8
6.21522888E8
6.22842568E8
6.24183712E8
6.25544752E8
6.2692404E8
6.28319752E8
6.29730144E8
6.31153456E8
6.32588E8
6.34032184E8
6.35484608E8
6.36944024E8
6.38409368E8
6.39879736E8
6.41354432E8
6.42832952E8
6.44314848E8
6.4579984E8
6.47287696E8
6.48778248E8
6.5027124E8
6.51766448E8
6.53263528E8
6.54761992E8
6.56261232E8
6.57760472E8
6.5925876E8
6.60754976E8
6.62247856E8
6.63736016E8
6.6521796E8
6.66692152E8
6.68157072E8
6.69611264E8
6.71053352E8
6.72482176E8
6.7389676E8
6.75296488E8
6.76681016E8
6.78050336E8
6.79404888E8
6.80745504E8
6.82073368E8
6.8339012E8
6.84697744E8
6.85998576E8
6.87295232E8
6.885906E8
6.89887784E8
6.91190008E8
6.92500616E8
6.93822984E8
6.95160448E8
6.96516312E8
6.97893744E8
6.99295744E8
7.00725024E8
7.0218408E8
7.03675016E8
7.05199584E8
7.06759064E8
7.08354296E8
7.099856E8
7.11652776E8
7.13355096E8
7.150914E8
7.16859944E8
7.18658656E8
7.20485032E8
7.2233632E8
7.24209512E8
7.26101464E8
7.28008976E8
7.29928832E8
7.31857888E8
7.33793168E8
7.35731808E8
7.37671168E8
7.39608856E8
7.41542696E8
7.43470728E8
7.45391256E8
7.47302792E8
7.49204024E8
7.51093792E8
7.52971136E8
7.54835184E8
7.56685112E8
7.58520288E8
7.60340032E8
7.621438E8
7.63931048E8
7.65701408E8
7.67454472E8
7.69190016E8
7.70907912E8
7.726082E8
7.74291048E8
7.7595684E8
7.7760612E8
7.7923964E8
7.80858352E8
7.82463376E8
7.84056E8
7.8563768E8
7.87209984E8
7.88774528E8
7.90333096E8
7.918874E8
7.93439248E8
7.949904E8
7.96542592E8
7.98097544E8
7.99656928E8
8.01222352E8
8.02795408E8
8.04377648E8
8.05970576E8
8.07575696E8
8.09194464E8
8.10828304E8
8.1247864E8
8.14146832E8
8.15834152E8
8.17541832E8
8.19270928E8
8.21022384E8
8.22796968E8
8.24595232E8
8.26417456E8
8.2826372E8
8.30133792E8
8.32027168E8
8.33943112E8
8.35880576E8
8.37838288E8
8.39814776E8
8.418084E8
8.438174E8
8.45839976E8
8.47874264E8
8.49918496E8
8.51970992E8
8.54030256E8
8.56094976E8
8.5816408E8
8.60236816E8
8.62312656E8
8.643914E8
8.66473072E8
8.68557968E8
8.70646544E8
8.7273944E8
8.74837328E8
8.7694096E8
8.79051064E8
8.81168288E8
8.83293232E8
8.85426336E8
8.87567968E8
8.89718352E8
8.91877656E8
8.94045968E8
8.96223328E8
8.98409768E8
9.00605416E8
9.02810384E8
9.05024944E8
9.07249424E8
9.09484304E8
9.117302E8
9.13987824E8
9.16258016E8
9.18541696E8
9.2083988E8
9.23153648E8
9.25484048E8
9.27832192E8
9.3019912E8
9.32585784E8
9.34993048E8
9.37421632E8
9.39872048E8
9.42344608E8
9.44839352E8
9.47356032E8
9.49894104E8
9.5245272E8
9.55030656E8
9.57626392E8
9.60238064E8
9.62863496E8
9.65500256E8
9.68145664E8
9.70796816E8
9.73450704E8
9.76104248E8
9.78754312E8
9.81397872E8
9.84032056E8
9.866542E8
9.89261952E8
9.91853344E8
9.94426848E8
9.96981464E8
9.99516712E8
1.002032696E9
1.00453012E9
1.007010312E9
1.009475104E9
1.011926912E9
1.014368664E9
1.016803656E9
1.019235624E9
1.021668552E9
1.02410664E9
1.026554184E9
1.029015544E9
1.031495008E9
1.033996712E9
1.036524536E9
1.03908208E9
1.04167248E9
1.04429844E9
1.04696208E9
1.049664928E9
1.05240788E9
1.055191152E9
1.05801428E9
1.060876192E9
1.06377516E9
1.066708968E9
1.069674912E9
1.07266996E9
1.07569084E9
1.078734088E9
1.081796288E9
1.08487412E9
1.08796444E9
1.091064392E9
1.094171496E9
1.097283664E9
1.10039924E9
1.103517096E9
1.106636472E9
1.10975712E9
1.112879168E9
1.116003144E9
1.119129824E9
1.122260304E9
1.125395816E9
1.128537712E9
1.1316874E9
1.134846216E9
1.13801544E9
1.141196128E9
1.14438916E9
1.147595144E9
1.150814368E9
1.154046776E9
1.157291984E9
1.16054924E9
1.163817488E9
1.167095272E9
1.170380976E9
1.173672648E9
1.1769682E9
1.1802654E9
1.183561968E9
1.186855616E9
1.190144112E9
1.193425304E9
1.196697272E9
1.199958184E9
1.20320648E9
1.206440848E9
1.209660136E9
1.21286348E9
1.216050232E9
1.21921992E9
1.222372232E9
1.225507048E9
1.22862436E9
1.2317242E9
1.234806744E9
1.2378722E9
1.240920768E9
1.24395268E9
1.246968224E9
1.249967624E9
1.252951152E9
1.255919104E9
1.258871752E9
1.261809456E9
1.264732632E9
1.267641736E9
1.270537344E9
1.273420144E9
1.276290976E9
1.279150768E9
1.282000664E9
1.284841888E9
1.287675848E9
1.290504112E9
1.293328352E9
1.2961504E9
1.298972192E9
1.301795792E9
1.30462336E9
1.307457208E9
1.310299672E9
1.313153264E9
1.316020544E9
1.31890416E9
1.321806824E9
1.324731296E9
1.3276804E9
1.33065692E9
1.33366368E9
1.336703424E9
1.339778808E9
1.342892408E9
1.346046672E9
1.349243792E9
1.35248584E9
1.355774608E9
1.3591116E9
1.362498088E9
1.365934992E9
1.369422936E9
1.372962256E9
1.376553016E9
1.380194944E9
1.383887592E9
1.387630256E9
1.391422032E9
1.395261936E9
1.399148808E9
1.403081392E9
1.407058416E9
1.41107856E9
1.4151404E9
1.419242544E9
1.423383552E9
1.427561952E9
1.431776224E9
1.436024768E9
1.44030596E9
1.444618064E9
1.44895924E9
1.45332752E9
1.457720864E9
1.462137064E9
1.466573744E9
1.471028416E9
1.475498472E9
1.47998112E9
1.484473504E9
1.488972632E9
1.493475472E9
1.497978968E9
1.502480136E9
1.506976024E9
1.511463872E9
1.515941152E9
1.520405584E9
1.524855272E9
1.529288744E9
1.533704976E9
1.53810344E9
1.542484144E9
1.546847624E9
1.551194904E9
1.55552752E9
1.559847376E9
1.564156752E9
1.56845824E9
1.57275456E9
1.577048608E9
1.581343328E9
1.585641536E9
1.589946064E9
1.594259496E9
1.598584312E9
1.60292272E9
1.607276688E9
1.611647952E9
1.616037968E9
1.620447944E9
1.624878824E9
1.629331288E9
1.633805776E9
1.638302456E9
1.64282128E9
1.647361992E9
1.65192412E9
1.656507008E9
1.661109904E9
1.665731896E9
1.670371984E9
1.6750292E9
1.679702512E9
1.684390976E9
1.689093728E9
1.69381E9
1.6985392E9
1.70328092E9
1.708034912E9
1.712801136E9
1.717579784E9
1.722371216E9
1.72717592E9
1.731994616E9
1.736828048E9
1.741677136E9
1.746542808E9
1.751426056E9
1.756327864E9
1.761249208E9
1.76619108E9
1.771154416E9
1.776140088E9
1.781148936E9
1.786181808E9
1.791239384E9
1.796322296E9
1.801431056E9
1.806566048E9
1.811727464E9
1.81691528E9
1.822129208E9
1.827368728E9
1.83263296E9
1.837920696E9
1.843230448E9
1.848560288E9
1.853908024E9
1.859271144E9
1.864646864E9
1.870032112E9
1.875423656E9
1.880818096E9
1.886211904E9
1.891601504E9
1.896983312E9
1.90235376E9
1.907709368E9
1.913046784E9
1.918362824E9
1.92365452E9
1.928919152E9
1.934154304E9
1.939357904E9
1.944528232E9
1.949663992E9
1.95476432E9
1.959828752E9
1.96485732E9
1.96985048E9
1.974809112E9
1.979734456E9
1.984628184E9
1.989492144E9
1.994328464E9
1.9991394E9
2.003927256E9
2.008694312E9
2.013442736E9
2.018174512E9
2.022891304E9
2.02759452E9
2.032285208E9
2.036963984E9
2.041631072E9
2.046286344E9
2.0509292E9
2.055558792E9
2.060173864E9
2.064772976E9
2.069354432E9
2.073916392E9
2.078456896E9
2.08297388E9
2.087465328E9
2.091929144E9
2.096363272E9
2.10076568E9
2.105134328E9
2.109467256E9
2.113762512E9
2.118018096E9
2.122232088E9
2.12640256E9
2.130527552E9
2.134605216E9
2.138633672E9
2.142611104E9
2.146535816E9
2.15040616E9
2.154220656E9
2.157977912E9
2.16167676E9
2.165316072E9
2.168894944E9
2.172412568E9
2.175868264E9
2.179261472E9
2.18259168E9
2.185858464E9
2.189061464E9
2.192200336E9
2.195274744E9
2.198284424E9
2.201229064E9
2.204108416E9
2.206922224E9
2.209670264E9
2.212352368E9
2.214968344E9
2.217518096E9
2.220001624E9
2.222418952E9
2.224770296E9
2.227055992E9
2.229276544E9
2.231432712E9
2.233525416E9
2.235555848E9
2.237525488E9
2.239435984E9
2.241289232E9
2.243087304E9
2.244832328E9
2.24652656E9
2.248172224E9
2.249771328E9
2.251325776E9
2.252837152E9
2.254306632E9
2.255735032E9
2.257122592E9
2.258469064E9
2.259773672E9
2.261035096E9
2.262251464E9
2.263420496E9
2.264539464E9
2.265605328E9
2.266614784E9
2.267564312E9
2.268450352E9
2.269269296E9
2.270017544E9
2.27069168E9
2.27128836E9
2.271804472E9
2.272237144E9
2.272583688E9
2.27284172E9
2.273009016E9
2.273083592E9
2.273063696E9
2.272947672E9
2.27273408E9
2.272421544E9
2.272008744E9
2.27149448E9
2.27087756E9
2.270156824E9
2.269331184E9
2.268399552E9
2.267360928E9
2.2662144E9
2.264959128E9
2.263594432E9
2.262119824E9
2.260534976E9
2.258839832E9
2.2570346E9
2.255119752E9
2.25309612E9
2.25096488E9
2.248727552E9
2.246386112E9
2.243942848E9
2.241400504E9
2.238762208E9
2.236031456E9
2.233212152E9
2.230308496E9
2.227324984E9
2.22426636E9
2.221137512E9
2.217943456E9
2.21468928E9
2.211379968E9
2.20802044E9
2.20461544E9
2.201169448E9
2.197686728E9
2.194171168E9
2.190626328E9
2.187055464E9
2.183461416E9
2.179846728E9
2.176213632E9
2.172564016E9
2.168899568E9
2.16522164E9
2.161531448E9
2.157829952E9
2.154117888E9
2.150395824E9
2.146664128E9
2.142922936E9
2.1391722E9
2.135411632E9
2.131640728E9
2.12785876E9
2.124064792E9
2.120257736E9
2.116436296E9
2.112599056E9
2.108744552E9
2.10487124E9
2.100977592E9
2.097062152E9
2.093123456E9
2.089160208E9
2.085171224E9
2.081155424E9
2.077111848E9
2.073039664E9
2.068938128E9
2.064806656E9
2.06064468E9
2.056451736E9
2.052227464E9
2.047971568E9
2.043683904E9
2.039364376E9
2.035013152E9
2.030630488E9
2.02621688E9
2.02177308E9
2.017300088E9
2.012799184E9
2.008271984E9
2.003720296E9
1.999146352E9
1.994552552E9
1.9899416E9
1.985316368E9
1.98067984E9
1.976035152E9
1.971385456E9
1.96673376E9
1.962083088E9
1.957436184E9
1.95279556E9
1.948163472E9
1.94354176E9
1.938931976E9
1.93433528E9
1.929752456E9
1.925183936E9
1.920629888E9
1.9160902E9
1.911564576E9
1.907052504E9
1.902553504E9
1.898066984E9
1.893592408E9
1.88912932E9
1.88467732E9
1.880236232E9
1.875805968E9
1.87138656E9
1.866978256E9
1.86258136E9
1.858196368E9
1.8538238E9
1.84946424E9
1.845118328E9
1.840786688E9
1.836469872E9
1.832168448E9
1.827882832E9
1.823613376E9
1.81936032E9
1.815123728E9
1.810903568E9
1.806699632E9
1.802511568E9
1.79833888E9
1.794180872E9
1.790036768E9
1.785905584E9
1.781786288E9
1.77767768E9
1.773578528E9
1.769487504E9
1.765403328E9
1.761324664E9
1.757250344E9
1.753179216E9
1.74911032E9
1.745042936E9
1.740976448E9
1.736910616E9
1.732845384E9
1.728781024E9
1.724718E9
1.720657104E9
1.716599272E9
1.712545624E9
1.708497432E9
1.704456048E9
1.700422776E9
1.696398968E9
1.69238588E9
1.688384616E9
1.684396176E9
1.68042136E9
1.676460816E9
1.67251496E9
1.66858404E9
1.664668064E9
1.66076688E9
1.656880192E9
1.653007432E9
1.649147984E9
1.645301048E9
1.641465704E9
1.637640944E9
1.633825728E9
1.630018928E9
1.626219448E9
1.622426232E9
1.618638272E9
1.614854688E9
1.611074792E9
1.607298024E9
1.603524048E9
1.599752816E9
1.595984472E9
1.592219416E9
1.588458304E9
1.58470196E9
1.5809514E9
1.577207776E9
1.573472296E9
1.569746208E9
1.566030736E9
1.562327032E9
1.558636096E9
1.5549588E9
1.551295792E9
1.54764748E9
1.544014096E9
1.540395648E9
1.5367918E9
1.53320216E9
1.529626032E9
1.526062616E9
1.522510928E9
1.518969912E9
1.515438424E9
1.51191524E9
1.50839916E9
1.504888952E9
1.501383488E9
1.497881672E9
1.494382504E9
1.490885176E9
1.487389048E9
1.48389364E9
1.480398792E9
1.476904528E9
1.473411184E9
1.469919384E9
1.466430008E9
1.462944248E9
1.459463488E9
1.455989384E9
1.452523744E9
1.449068512E9
1.445625704E9
1.442197368E9
1.438785504E9
1.43539208E9
1.432018864E9
1.428667488E9
1.425339368E9
1.422035656E9
1.418757296E9
1.415504904E9
1.412278872E9
1.40907932E9
1.405906144E9
1.402759E9
1.399637392E9
1.396540648E9
1.393467984E9
1.390418536E9
1.387391424E9
1.384385672E9
1.381400392E9
1.37843468E9
1.375487728E9
1.372558752E9
1.369647088E9
1.36675216E9
1.363873488E9
1.361010664E9
1.35816344E9
1.355331584E9
1.352515008E9
1.349713664E9
1.346927592E9
1.344156816E9
1.34140144E9
1.338661584E9
1.335937296E9
1.33322864E9
1.330535632E9
1.327858208E9
1.325196264E9
1.32254956E9
1.31991784E9
1.317300664E9
1.31469752E9
1.31210772E9
1.309530512E9
1.306964912E9
1.30440976E9
1.301863768E9
1.29932532E9
1.296792704E9
1.294263888E9
1.291736664E9
1.289208608E9
1.286677088E9
1.284139336E9
1.281592472E9
1.279033584E9
1.276459736E9
1.273868088E9
1.271255904E9
1.268620696E9
1.26596016E9
1.263272376E9
1.260555704E9
1.257808992E9
1.255031424E9
1.25222272E9
1.249383008E9
1.246512896E9
1.243613504E9
1.240686344E9
1.237733448E9
1.234757264E9
1.231760624E9
1.22874676E9
1.225719264E9
1.222682096E9
1.219639392E9
1.216595632E9
1.21355548E9
1.210523704E9
1.207505232E9
1.20450496E9
1.201527784E9
1.198578456E9
1.195661584E9
1.192781528E9
1.189942272E9
1.187147424E9
1.18440012E9
1.181702952E9
1.179057968E9
1.176466592E9
1.173929656E9
1.17144732E9
1.169019232E9
1.166644408E9
1.164321384E9
1.162048224E9
1.159822696E9
1.157642184E9
1.155503928E9
1.153405024E9
1.151342544E9
1.149313584E9
1.147315312E9
1.14534508E9
1.14340044E9
1.141479176E9
1.139579296E9
1.137699112E9
1.135837224E9
1.133992496E9
1.132164048E9
1.130351312E9
1.128553984E9
1.126771968E9
1.125005472E9
1.123254864E9
1.1215208E9
1.119804064E9
1.11810564E9
1.116426704E9
1.114768472E9
1.113132312E9
1.11151956E9
1.109931616E9
1.108369776E9
1.106835248E9
1.10532908E9
1.103852104E9
1.102404912E9
1.100987792E9
1.099600728E9
1.098243344E9
1.09691492E9
1.095614376E9
1.094340272E9
1.093090816E9
1.091863928E9
1.090657208E9
1.089468048E9
1.088293592E9
1.087130904E9
1.085976872E9
1.084828352E9
1.083682256E9
1.082535552E9
1.08138532E9
1.080228824E9
1.079063592E9
1.077887352E9
1.07669824E9
1.07549464E9
1.074275344E9
1.073039496E9
1.071786608E9
1.070516584E9
1.069229632E9
1.067926368E9
1.0666076E9
1.065274504E9
1.063928392E9
1.062570816E9
1.061203424E9
1.059827936E9
1.058446136E9
1.057059728E9
1.055670432E9
1.0542798E9
1.052889296E9
1.051500232E9
1.05011372E9
1.048730736E9
1.047352072E9
1.045978368E9
1.044610104E9
1.043247656E9
1.041891344E9
1.040541352E9
1.039197856E9
1.037860976E9
1.036530864E9
1.035207648E9
1.033891488E9
1.032582552E9
1.031281024E9
1.029987104E9
1.02870104E9
1.027423072E9
1.026153456E9
1.024892496E9
1.023640472E9
1.022397736E9
1.021164672E9
1.019941656E9
1.018729176E9
1.017527744E9
1.016337936E9
1.015160432E9
1.013995952E9
1.01284532E9
1.011709416E9
1.010589176E9
1.009485576E9
1.008399632E9
1.00733232E9
1.006284584E9
1.005257312E9
1.004251208E9
1.003266824E9
1.002304488E9
1.00136428E9
1.000445944E9
9.99548968E8
9.9867244E8
9.978152E8
9.96975744E8
9.96152312E8
9.9534292E8
9.94545416E8
9.93757568E8
9.92977032E8
9.92201584E8
9.91428984E8
9.90657216E8
9.89884352E8
9.89108656E8
9.88328656E8
9.87543088E8
9.86750864E8
9.85951144E8
9.8514332E8
9.84326904E8
9.83501648E8
9.82667472E8
9.81824472E8
9.80972888E8
9.80113208E8
9.79246064E8
9.78372272E8
9.77492904E8
9.76609192E8
9.757226E8
9.7483476E8
9.73947512E8
9.7306284E8
9.72182848E8
9.71309744E8
9.704458E8
9.69593272E8
9.68754424E8
9.67931384E8
9.67126248E8
9.66340848E8
9.65576864E8
9.64835696E8
9.64118504E8
9.63426048E8
9.627588E8
9.62116896E8
9.615E8
9.60907464E8
9.60338264E8
9.59790984E8
9.59263944E8
9.58755208E8
9.58262552E8
9.57783688E8
9.57316224E8
9.56857696E8
9.56405784E8
9.559582E8
9.5551288E8
9.55067856E8
9.54621456E8
9.54172176E8
9.53718776E8
9.53260176E8
9.52795528E8
9.52324144E8
9.51845472E8
9.51359144E8
9.50864848E8
9.50362448E8
9.49851888E8
9.49333184E8
9.48806448E8
9.4827192E8
9.47729872E8
9.47180656E8
9.46624672E8
9.46062352E8
9.4549412E8
9.449204E8
9.4434156E8
9.43757864E8
9.43169536E8
9.42576648E8
9.41979152E8
9.41376936E8
9.40769648E8
9.40156984E8
9.39538408E8
9.38913448E8
9.38281504E8
9.3764204E8
9.36994528E8
9.36338528E8
9.35673704E8
9.3499988E8
9.34317048E8
9.33625424E8
9.32925416E8
9.3221768E8
9.31503144E8
9.30782952E8
9.3005852E8
9.29331488E8
9.28603744E8
9.27877336E8
9.27154528E8
9.26437744E8
9.25729504E8
9.25032448E8
9.24349256E8
9.23682632E8
9.23035272E8
9.22409824E8
9.218088E8
9.21234608E8
9.20689448E8
9.20175304E8
9.19693864E8
9.19246512E8
9.18834264E8
9.18457744E8
9.18117176E8
9.17812288E8
9.17542416E8
9.173064E8
9.17102624E8
9.1692908E8
9.16783376E8
9.16662744E8
9.1656416E8
9.1648436E8
9.16419968E8
9.16367528E8
9.16323576E8
9.16284792E8
9.16247984E8
9.16210208E8
9.16168848E8
9.1612164E8
9.16066744E8
9.16002736E8
9.15928752E8
9.15844328E8
9.15749608E8
9.1564512E8
9.15531944E8
9.15411552E8
9.15285832E8
9.15156984E8
9.15027488E8
9.14900032E8
9.14777456E8
9.14662664E8
9.14558592E8
9.1446812E8
9.14394072E8
9.14339168E8
9.1430592E8
9.14296752E8
9.14313848E8
9.14359224E8
9.14434664E8
9.14541776E8
9.14681856E8
9.1485604E8
9.15065168E8
9.15309832E8
9.15590328E8
9.15906672E8
9.162586E8
9.1664548E8
9.17066456E8
9.1752032E8
9.18005568E8
9.18520416E8
9.19062824E8
9.1963052E8
9.20221E8
9.2083164E8
9.21459672E8
9.22102272E8
9.22756584E8
9.23419832E8
9.2408932E8
9.24762512E8
9.25437104E8
9.26111024E8
9.26782488E8
9.27450096E8
9.28112664E8
9.28769456E8
9.29419944E8
9.30063952E8
9.30701472E8
9.31332728E8
9.31958016E8
9.32577712E8
9.33192168E8
9.33801696E8
9.34406424E8
9.35006384E8
9.35601408E8
9.3619108E8
9.36774816E8
9.37351776E8
9.3792096E8
9.38481128E8
9.39030968E8
9.39569008E8
9.40093712E8
9.40603568E8
9.4109708E8
9.41572816E8
9.42029616E8
9.42466424E8
9.42882584E8
9.43277704E8
9.43651848E8
9.44005472E8
9.4433948E8
9.44655296E8
9.44954672E8
9.4523992E8
9.4551364E8
9.45778776E8
9.46038544E8
9.46296312E8
9.46555568E8
9.46819816E8
9.4709244E8
9.4737672E8
9.47675688E8
9.47992056E8
9.4832816E8
9.48685968E8
9.49066896E8
9.49471952E8
9.49901552E8
9.50355632E8
9.50833656E8
9.51334552E8
9.51856864E8
9.52398704E8
9.52957936E8
9.53532128E8
9.54118728E8
9.54715112E8
9.55318672E8
9.55926888E8
9.56537488E8
9.57148392E8
9.57757912E8
9.58364688E8
9.58967816E8
9.59566816E8
9.60161664E8
9.60752792E8
9.61341064E8
9.61927792E8
9.62514608E8
9.63103512E8
9.63696856E8
9.64297168E8
9.64907208E8
9.65529888E8
9.66168192E8
9.66825168E8
9.67503784E8
9.6820696E8
9.689374E8
9.6969764E8
9.7048988E8
9.71316016E8
9.72177472E8
9.7307532E8
9.74010072E8
9.74981808E8
9.7599004E8
9.7703384E8
9.78111712E8
9.79221784E8
9.80361648E8
9.81528592E8
9.82719448E8
9.83930856E8
9.85159096E8
9.86400288E8
9.87650456E8
9.8890548E8
9.90161272E8
9.91413824E8
9.92659192E8
9.93893704E8
9.9511396E8
9.9631688E8
9.97499824E8
9.98660624E8
9.9979764E8
1.000909784E9
1.001996576E9
1.00305808E9
1.00409496E9
1.005108392E9
1.00610004E9
1.007071968E9
1.008026544E9
1.008966352E9
1.00989412E9
1.010812592E9
1.01172444E9
1.012632168E9
1.01353808E9
1.014444176E9
1.015352168E9
1.016263416E9
1.017178984E9
1.018099584E9
1.01902568E9
1.019957496E9
1.02089504E9
1.021838184E9
1.022786752E9
1.023740424E9
1.024698968E9
1.02566212E9
1.02662968E9
1.027601496E9
1.028577544E9
1.0295578E9
1.03054236E9
1.031531368E9
1.03252504E9
1.033523616E9
1.034527384E9
1.035536656E9
1.036551792E9
1.03757316E9
1.03860116E9
1.039636288E9
1.040679E9
1.041729904E9
1.042789552E9
1.043858672E9
1.044937904E9
1.046028024E9
1.047129704E9
1.048243648E9
1.049370432E9
1.05051056E9
1.051664328E9
1.052831888E9
1.05401316E9
1.055207848E9
1.056415448E9
1.057635232E9
1.058866264E9
1.060107504E9
1.061357784E9
1.06261584E9
1.063880456E9
1.065150424E9
1.066424568E9
1.067701888E9
1.068981528E9
1.070262792E9
1.071545192E9
1.072828512E9
1.074112712E9
1.075398056E9
1.076685032E9
1.077974432E9
1.079267248E9
1.08056476E9
1.081868328E9
1.083179584E9
1.084500184E9
1.085831808E9
1.087176144E9
1.08853476E9
1.089908992E9
1.091300016E9
1.092708632E9
1.094135368E9
1.095580344E9
1.09704336E9
1.098523816E9
1.100020784E9
1.101533072E9
1.10305924E9
1.104597648E9
1.106146552E9
1.107704152E9
1.109268672E9
1.110838384E9
1.112411696E9
1.113987152E9
1.115563472E9
1.117139576E9
1.118714576E9
1.120287752E9
1.121858624E9
1.123426744E9
1.124991904E9
1.126553952E9
1.1281128E9
1.129668456E9
1.131220928E9
1.13277028E9
1.134316648E9
1.135860128E9
1.13740096E9
1.138939416E9
1.14047584E9
1.142010696E9
1.143544576E9
1.145078192E9
1.146612432E9
1.148148224E9
1.14968672E9
1.151229144E9
1.152776808E9
1.154331072E9
1.155893336E9
1.157464968E9
1.159047256E9
1.160641432E9
1.162248568E9
1.163869552E9
1.16550508E9
1.167155584E9
1.168821272E9
1.17050208E9
1.172197656E9
1.173907384E9
1.175630432E9
1.177365704E9
1.179111952E9
1.180867776E9
1.18263168E9
1.184402184E9
1.186177752E9
1.187957016E9
1.18973872E9
1.191521792E9
1.193305432E9
1.195089096E9
1.196872504E9
1.198655752E9
1.200439112E9
1.202223192E9
1.204008744E9
1.205796712E9
1.207588104E9
1.209383936E9
1.211185184E9
1.212992648E9
1.214806992E9
1.216628632E9
1.218457664E9
1.220293904E9
1.222136856E9
1.22398572E9
1.225839344E9
1.22769632E9
1.229554968E9
1.23141336E9
1.233269384E9
1.235120744E9
1.23696496E9
1.238799488E9
1.240621664E9
1.242428784E9
1.244218096E9
1.245986832E9
1.247732336E9
1.249451896E9
1.251142984E9
1.25280316E9
1.254430144E9
1.25602188E9
1.25757648E9
1.259092336E9
1.260568104E9
1.262002624E9
1.26339516E9
1.26474512E9
1.266052288E9
1.2673166E9
1.268538312E9
1.269717792E9
1.270855656E9
1.271952552E9
1.273009224E9
1.274026416E9
1.275004856E9
1.27594516E9
1.276847864E9
1.277713312E9
1.278541752E9
1.279333192E9
1.280087536E9
1.280804512E9
1.281483736E9
1.282124736E9
1.28272696E9
1.283289824E9
1.2838128E9
1.284295368E9
1.284737072E9
1.285137576E9
1.28549664E9
1.285814184E9
1.28609028E9
1.286325112E9
1.286519072E9
1.286672704E9
1.286786696E9
1.286861904E9
1.286899264E9
1.286899912E9
1.286865008E9
1.28679588E9
1.286693856E9
1.286560376E9
1.286396912E9
1.286204992E9
1.285986192E9
1.28574216E9
1.285474536E9
1.285185096E9
1.284875608E9
1.284547912E9
1.284203848E9
1.28384524E9
1.283473984E9
1.283091792E9
1.282700408E9
1.282301376E9
1.28189612E9
1.281485872E9
1.281071656E9
1.280654304E9
1.280234408E9
1.27981232E9
1.279388256E9
1.278962096E9
1.278533664E9
1.278102496E9
1.277668024E9
1.27722944E9
1.276785888E9
1.276336216E9
1.275879216E9
1.275413456E9
1.274937352E9
1.27444916E9
1.273946952E9
1.273428672E9
1.272892096E9
1.272334936E9
1.271754752E9
1.27114912E9
1.2705156E9
1.269851768E9
1.26915528E9
1.26842396E9
1.267655744E9
1.266848768E9
1.266001408E9
1.265112224E9
1.264180064E9
1.263204008E9
1.26218336E9
1.261117656E9
1.260006712E9
1.258850472E9
1.257649152E9
1.256403088E9
1.255112784E9
1.25377888E9
1.252402152E9
1.250983456E9
1.249523736E9
1.248024024E9
1.246485408E9
1.244909072E9
1.243296232E9
1.241648136E9
1.239966168E9
1.23825168E9
1.236506064E9
1.234730776E9
1.232927216E9
1.231096832E9
1.229240968E9
1.227360928E9
1.225457912E9
1.223533016E9
1.221587216E9
1.219621416E9
1.21763636E9
1.215632792E9
1.21361136E9
1.211572776E9
1.209517816E9
1.207447336E9
1.205362432E9
1.203264336E9
1.2011546E9
1.19903496E9
1.19690744E9
1.194774248E9
1.192637816E9
1.190500616E9
1.188365184E9
1.186233992E9
1.18410932E9
1.181993256E9
1.179887448E9
1.177793256E9
1.175711488E9
1.17364248E9
1.17158604E9
1.169541472E9
1.16750756E9
1.165482656E9
1.163464736E9
1.161451432E9
1.159440104E9
1.157427952E9
1.155412088E9
1.15338952E9
1.151357328E9
1.149312648E9
1.147252728E9
1.14517492E9
1.143076824E9
1.140956144E9
1.138810808E9
1.136638992E9
1.134439096E9
1.132209688E9
1.12994964E9
1.127658056E9
1.125334304E9
1.122978032E9
1.120589152E9
1.11816788E9
1.115714712E9
1.113230472E9
1.110716224E9
1.108173416E9
1.105603672E9
1.10300896E9
1.1003914E9
1.097753424E9
1.095097536E9
1.0924264E9
1.089742736E9
1.087049248E9
1.084348592E9
1.081643304E9
1.078935736E9
1.076227968E9
1.07352184E9
1.07081876E9
1.06811988E9
1.065425864E9
1.062737032E9
1.060053328E9
1.057374336E9
1.054699336E9
1.052027392E9
1.049357376E9
1.046688088E9
1.044018296E9
1.041346848E9
1.038672768E9
1.035995264E9
1.033313888E9
1.030628448E9
1.027939112E9
1.025246432E9
1.02255128E9
1.019854856E9
1.017158624E9
1.014464304E9
1.0117738E9
1.009089152E9
1.006412448E9
1.003745832E9
1.001091408E9
9.98451192E8
9.95827104E8
9.93220856E8
9.90634008E8
9.880678E8
9.85523272E8
9.83001064E8
9.80501544E8
9.78024688E8
9.75570128E8
9.73137176E8
9.70724808E8
9.683318E8
9.6595668E8
9.63597896E8
9.61253832E8
9.58922936E8
9.56603792E8
9.54295216E8
9.5199624E8
9.49706288E8
9.47425152E8
9.45152928E8
9.42890136E8
9.40637576E8
9.3839636E8
9.36167776E8
9.33953256E8
9.31754344E8
9.29572544E8
9.2740928E8
9.25265824E8
9.23143304E8
9.21042568E8
9.18964288E8
9.16908808E8
9.14876208E8
9.1286632E8
9.10878744E8
9.08912768E8
9.06967504E8
9.05041824E8
9.03134416E8
9.012438E8
8.99368296E8
8.9750612E8
8.95655328E8
8.93813928E8
8.91979752E8
8.90150656E8
8.88324456E8
8.86498936E8
8.84671888E8
8.82841144E8
8.810046E8
8.79160136E8
8.77305744E8
8.75439408E8
8.73559136E8
8.71662928E8
8.69748832E8
8.67814872E8
8.65859024E8
8.63879344E8
8.61873832E8
8.59840688E8
8.57778104E8
8.55684528E8
8.53558648E8
8.5139944E8
8.49206272E8
8.46978912E8
8.44717616E8
8.42423088E8
8.40096584E8
8.37739808E8
8.35354944E8
8.32944624E8
8.305118E8
8.28059768E8
8.25592048E8
8.23112272E8
8.20624168E8
8.18131424E8
8.15637616E8
8.13146112E8
8.10660064E8
8.0818228E8
8.05715224E8
8.03260984E8
8.00821256E8
7.98397344E8
7.95990192E8
7.93600376E8
7.912282E8
7.88873728E8
7.86536784E8
7.84217056E8
7.81914112E8
7.79627496E8
7.77356696E8
7.75101216E8
7.728606E8
7.70634456E8
7.68422512E8
7.66224584E8
7.64040624E8
7.61870792E8
7.59715376E8
7.5757492E8
7.55450176E8
7.53342152E8
7.51252136E8
7.4918164E8
7.47132424E8
7.45106472E8
7.4310592E8
7.41133032E8
7.39190112E8
7.37279448E8
7.35403232E8
7.3356348E8
7.3176192E8
7.29999976E8
7.28278672E8
7.265986E8
7.24959816E8
7.23361936E8
7.21803936E8
7.20284392E8
7.18801232E8
7.17352E8
7.15933704E8
7.14542984E8
7.13176096E8
7.11829016E8
7.10497472E8
7.09177E8
7.07863048E8
7.06550936E8
7.05236032E8
7.03913688E8
7.02579368E8
7.01228656E8
6.99857256E8
6.98461168E8
6.9703656E8
6.9557992E8
6.94088088E8
6.92558296E8
6.90988216E8
6.89375976E8
6.8772028E8
6.8602036E8
6.84276056E8
6.82487832E8
6.80656776E8
6.78784552E8
6.768734E8
6.74926136E8
6.72946008E8
6.70936632E8
6.68902016E8
6.66846256E8
6.64773648E8
6.62688472E8
6.60594872E8
6.5849684E8
6.56398048E8
6.54301872E8
6.52211264E8
6.50128704E8
6.48056272E8
6.45995528E8
6.43947656E8
6.41913328E8
6.39892968E8
6.37886568E8
6.35893952E8
6.33914688E8
6.3194828E8
6.2999412E8
6.28051624E8
6.2612028E8
6.24199656E8
6.22289544E8
6.20389824E8
6.18500736E8
6.16622648E8
6.14756184E8
6.12902336E8
6.11062192E8
6.09237224E8
6.07429E8
6.0563936E8
6.03870304E8
6.02123928E8
6.00402448E8
5.98708128E8
5.9704324E8
5.95410048E8
5.9381072E8
5.92247312E8
5.90721728E8
5.89235656E8
5.87790552E8
5.86387608E8
5.85027704E8
5.83711376E8
5.82438864E8
5.81210008E8
5.80024344E8
5.7888104E8
5.77778936E8
5.76716592E8
5.75692328E8
5.747042E8
5.73750144E8
5.7282796E8
5.71935352E8
5.71070024E8
5.70229616E8
5.69411864E8
5.68614576E8
5.67835568E8
5.67072824E8
5.66324416E8
5.65588488E8
5.64863376E8
5.64147472E8
5.63439344E8
5.62737648E8
5.62041216E8
5.61348912E8
5.60659792E8
5.5997296E8
5.592876E8
5.58603008E8
5.57918424E8
5.5723316E8
5.5654652E8
5.55857696E8
5.55165912E8
5.54470224E8
5.53769624E8
5.53063008E8
5.52349104E8
5.51626544E8
5.50893824E8
5.50149336E8
5.49391312E8
5.4861792E8
5.4782716E8
5.47017056E8
5.46185584E8
5.45330672E8
5.4445044E8
5.43543E8
5.42606784E8
5.41640512E8
5.40643248E8
5.39614512E8
5.38554336E8
5.37463352E8
5.36342776E8
5.351944E8
5.34020696E8
5.32824616E8
5.31609648E8
5.30379656E8
5.29138832E8
5.27891544E8
5.26642208E8
5.25395248E8
5.24154856E8
5.22924992E8
5.21709248E8
5.20510832E8
5.19332456E8
5.18176352E8
5.17044248E8
5.159374E8
5.14856536E8
5.13802024E8
5.1277372E8
5.11771216E8
5.10793728E8
5.09840224E8
5.08909424E8
5.07999888E8
5.07110008E8
5.06238056E8
5.05382208E8
5.04540584E8
5.037112E8
5.02892064E8
5.02081072E8
5.01276096E8
5.00474992E8
4.99675512E8
4.98875384E8
4.98072344E8
4.97264072E8
4.96448328E8
4.95622888E8
4.94785632E8
4.93934632E8
4.93068144E8
4.92184592E8
4.9128272E8
4.90361624E8
4.89420632E8
4.88459456E8
4.87478088E8
4.8647684E8
4.85456312E8
4.84417264E8
4.83360664E8
4.82287576E8
4.81199072E8
4.80096224E8
4.78980016E8
4.7785128E8
4.76710712E8
4.75558776E8
4.74395736E8
4.7322168E8
4.72036456E8
4.70839776E8
4.696312E8
4.6841024E8
4.67176328E8
4.65929E8
4.64667824E8
4.63392536E8
4.6210308E8
4.60799632E8
4.59482728E8
4.58153176E8
4.5681212E8
4.5546112E8
4.5410196E8
4.52736776E8
4.5136788E8
4.499978E8
4.48629128E8
4.47264416E8
4.45906192E8
4.44556792E8
4.43218352E8
4.41892664E8
4.40581176E8
4.39284968E8
4.38004696E8
4.36740616E8
4.35492528E8
4.3425984E8
4.33041632E8
4.31836584E8
4.30643168E8
4.29459568E8
4.28283856E8
4.2711396E8
4.25947768E8
4.247832E8
4.23618248E8
4.22451016E8
4.21279832E8
4.20103192E8
4.18919896E8
4.17729048E8
4.1653004E8
4.1532264E8
4.14106984E8
4.12883592E8
4.11653336E8
4.10417496E8
4.09177768E8
4.07936184E8
4.0669516E8
4.0545744E8
4.0422604E8
4.03004288E8
4.01795688E8
4.0060392E8
3.99432752E8
3.98285944E8
3.9716728E8
3.96080384E8
3.95028744E8
3.94015616E8
3.93043912E8
3.92116288E8
3.91234968E8
3.90401736E8
3.89617952E8
3.88884464E8
3.88201616E8
3.87569256E8
3.86986624E8
3.86452488E8
3.85965064E8
3.85522024E8
3.8512056E8
3.84757432E8
3.84428952E8
3.84131056E8
3.83859464E8
3.83609592E8
3.83376768E8
3.83156272E8
3.82943312E8
3.82733256E8
3.825216E8
3.82304E8
3.82076448E8
3.8183512E8
3.81576568E8
3.81297664E8
3.80995632E8
3.80668032E8
3.80312792E8
3.79928216E8
3.79512936E8
3.79065944E8
3.78586544E8
3.78074392E8
3.77529432E8
3.7695192E8
3.76342336E8
3.75701472E8
3.75030376E8
3.74330264E8
3.73602616E8
3.72849064E8
3.72071464E8
3.71271736E8
3.70451976E8
3.69614336E8
3.68761E8
3.67894104E8
3.67015792E8
3.66128032E8
3.65232704E8
3.64331464E8
3.63425776E8
3.62516912E8
3.61605888E8
3.6069356E8
3.59780584E8
3.58867464E8
3.57954616E8
3.57042384E8
3.56131136E8
3.55221224E8
3.54313056E8
3.53407152E8
3.5250412E8
3.5160472E8
3.50709792E8
3.4982028E8
3.48937288E8
3.4806196E8
3.47195472E8
3.46339104E8
3.45494064E8
3.44661536E8
3.43842632E8
3.43038344E8
3.42249504E8
3.41476728E8
3.40720384E8
3.39980592E8
3.39257128E8
3.38549464E8
3.37856728E8
3.37177712E8
3.3651088E8
3.3585444E8
3.35206328E8
3.34564304E8
3.33925992E8
3.33288992E8
3.32650912E8
3.32009456E8
3.31362512E8
3.307082E8
3.30044936E8
3.29371456E8
3.28686824E8
3.27990552E8
3.27282408E8
3.26562568E8
3.2583148E8
3.2508984E8
3.24338584E8
3.23578784E8
3.22811608E8
3.22038312E8
3.2126012E8
3.2047828E8
3.19693944E8
3.18908272E8
3.18122264E8
3.17336968E8
3.1655328E8
3.1577212E8
3.14994336E8
3.14220784E8
3.13452288E8
3.12689704E8
3.11933856E8
3.111856E8
3.1044576E8
3.09715192E8
3.08994688E8
3.08285024E8
3.07586952E8
3.0690108E8
3.0622804E8
3.05568232E8
3.04922032E8
3.04289576E8
3.03670872E8
3.03065768E8
3.02473848E8
3.0189456E8
3.01327144E8
3.00770696E8
3.00224176E8
2.99686456E8
2.99156352E8
2.98632744E8
2.98114512E8
2.97600672E8
2.97090424E8
2.9658316E8
2.96078512E8
2.95576352E8
2.95076872E8
2.9458048E8
2.9408788E8
2.93600016E8
2.93118064E8
2.92643376E8
2.92177432E8
2.91721848E8
2.91278264E8
2.90848328E8
2.90433648E8
2.90035712E8
2.8965588E8
2.8929528E8
2.88954824E8
2.88635128E8
2.8833648E8
2.88058864E8
2.8780188E8
2.87564744E8
2.87346368E8
2.87145256E8
2.86959648E8
2.86787456E8
2.86626352E8
2.86473888E8
2.86327432E8
2.8618432E8
2.86041968E8
2.85897832E8
2.85749592E8
2.85595096E8
2.8543256E8
2.85260448E8
2.85077648E8
2.8488332E8
2.84677008E8
2.844586E8
2.84228216E8
2.8398624E8
2.83733216E8
2.83469848E8
2.83196888E8
2.82915128E8
2.82625336E8
2.82328256E8
2.82024504E8
2.8171468E8
2.81399272E8
2.81078696E8
2.80753288E8
2.80423312E8
2.80089E8
2.79750504E8
2.79407944E8
2.79061384E8
2.78710816E8
2.78356216E8
2.77997408E8
2.77634144E8
2.77266136E8
2.76892872E8
2.76513784E8
2.76128216E8
2.75735304E8
2.75334176E8
2.74923856E8
2.74503296E8
2.74071472E8
2.73627432E8
2.731702E8
2.72699032E8
2.72213288E8
2.71712544E8
2.71196672E8
2.70665768E8
2.70120224E8
2.69560776E8
2.68988408E8
2.68404384E8
2.67810288E8
2.67207832E8
2.66598992E8
2.65985792E8
2.653704E8
2.64754992E8
2.6414172E8
2.63532704E8
2.62929968E8
2.62335416E8
2.61750936E8
2.61178192E8
2.60618792E8
2.60074256E8
2.59546008E8
2.59035392E8
2.58543744E8
2.58072304E8
2.57622256E8
2.571948E8
2.56790952E8
2.56411744E8
2.56058016E8
2.55730528E8
2.55429832E8
2.55156304E8
2.54910088E8
2.54691112E8
2.54498992E8
2.54333144E8
2.5419272E8
2.54076584E8
2.53983352E8
2.53911472E8
2.53859184E8
2.53824552E8
2.5380556E8
2.53800048E8
2.53805912E8
2.53820968E8
2.53843064E8
2.53870152E8
2.53900192E8
2.53931288E8
2.53961632E8
2.53989488E8
2.54013288E8
2.5403152E8
2.54042776E8
2.54045752E8
2.54039208E8
2.54021968E8
2.5399296E8
2.53951136E8
2.53895512E8
2.538252E8
2.53739328E8
2.53637112E8
2.53517864E8
2.53380936E8
2.53225848E8
2.53052208E8
2.52859712E8
2.52648328E8
2.52418088E8
2.5216924E8
2.51902216E8
2.51617576E8
2.51316016E8
2.50998384E8
2.50665544E8
2.50318336E8
2.49957688E8
2.4958432E8
2.49198888E8
2.4880188E8
2.48393544E8
2.47974016E8
2.47543152E8
2.47100672E8
2.46646152E8
2.46179048E8
2.45698696E8
2.4520452E8
2.44695888E8
2.44172232E8
2.43633176E8
2.43078352E8
2.42507664E8
2.4192116E8
2.41319072E8
2.40701816E8
2.40070024E8
2.39424536E8
2.38766312E8
2.38096576E8
2.37416664E8
2.36728048E8
2.36032408E8
2.35331488E8
2.34627152E8
2.33921352E8
2.3321604E8
2.32513256E8
2.31814984E8
2.31123136E8
2.30439592E8
2.2976604E8
2.29104032E8
2.28454936E8
2.27819832E8
2.271996E8
2.26594816E8
2.26005768E8
2.25432488E8
2.2487476E8
2.2433208E8
2.23803856E8
2.2328924E8
2.22787392E8
2.22297408E8
2.21818456E8
2.2134976E8
2.20890728E8
2.20440984E8
2.20000328E8
2.19568824E8
2.19146752E8
2.18734608E8
2.18333072E8
2.17942928E8
2.17565056E8
2.17200336E8
2.16849552E8
2.16513464E8
2.16192608E8
2.1588732E8
2.15597768E8
2.15323848E8
2.15065256E8
2.1482148E8
2.14591872E8
2.14375624E8
2.1417188E8
2.13979704E8
2.137982E8
2.13626496E8
2.13463768E8
2.13309208E8
2.13162176E8
2.13022008E8
2.12888072E8
2.12759768E8
2.12636464E8
2.12517432E8
2.12401928E8
2.12288992E8
2.1217756E8
2.12066456E8
2.11954288E8
2.11839544E8
2.11720592E8
2.11595664E8
2.11462952E8
2.11320632E8
2.11166864E8
2.1099984E8
2.10817896E8
2.1061948E8
2.10403184E8
2.10167832E8
2.09912456E8
2.09636312E8
2.09338928E8
2.09020128E8
2.0868E8
2.08318912E8
2.07937544E8
2.0753688E8
2.07118208E8
2.06683088E8
2.0623344E8
2.05771376E8
2.05299296E8
2.04819912E8
2.04336048E8
2.03850736E8
2.03367176E8
2.02888624E8
2.02418416E8
2.01959856E8
2.01516176E8
2.01090512E8
2.00685848E8
2.00304888E8
1.99950088E8
1.99623528E8
1.99326936E8
1.99061568E8
1.98828248E8
1.98627304E8
1.98458544E8
1.98321288E8
1.98214384E8
1.98136176E8
1.98084648E8
1.98057368E8
1.98051632E8
1.9806448E8
1.980928E8
1.98133392E8
1.98183064E8
1.9823868E8
1.98297232E8
1.98355928E8
1.984122E8
1.98463792E8
1.98508712E8
1.98545368E8
1.98572432E8
1.9858896E8
1.98594272E8
1.98588016E8
1.9857008E8
1.98540544E8
1.98499632E8
1.9844772E8
1.983852E8
1.9831244E8
1.9822976E8
1.9813736E8
1.98035264E8
1.9792332E8
1.97801144E8
1.97668088E8
1.97523328E8
1.97365808E8
1.97194288E8
1.9700744E8
1.96803832E8
1.96582056E8
1.9634076E8
1.96078744E8
1.95794952E8
1.95488624E8
1.95159224E8
1.94806496E8
1.9443052E8
1.94031616E8
1.93610336E8
1.93167552E8
1.92704224E8
1.92221536E8
1.91720784E8
1.91203384E8
1.90670792E8
1.90124608E8
1.89566488E8
1.88998128E8
1.8842136E8
1.87838152E8
1.87250496E8
1.866606E8
1.86070728E8
1.85483264E8
1.84900768E8
1.84325768E8
1.83760904E8
1.83208784E8
1.8267196E8
1.82152864E8
1.81653752E8
1.81176624E8
1.80723224E8
1.8029492E8
1.79892736E8
1.7951728E8
1.79168768E8
1.78847024E8
1.78551464E8
1.78281216E8
1.78035048E8
1.77811472E8
1.7760884E8
1.77425328E8
1.77259E8
1.77107872E8
1.76969936E8
1.768432E8
1.7672568E8
1.76615472E8
1.76510736E8
1.76409696E8
1.7631068E8
1.76212128E8
1.76112576E8
1.76010704E8
1.75905368E8
1.75795504E8
1.75680376E8
1.75559272E8
1.75431816E8
1.75297776E8
1.7515716E8
1.75010096E8
1.74856912E8
1.74698056E8
1.74534032E8
1.74365392E8
1.74192672E8
1.74016328E8
1.73836728E8
1.7365412E8
1.73468552E8
1.73279936E8
1.73088008E8
1.72892352E8
1.72692456E8
1.72487728E8
1.7227752E8
1.72061296E8
1.71838536E8
1.71608904E8
1.7137224E8
1.71128656E8
1.7087848E8
1.70622328E8
1.70361184E8
1.70096208E8
1.69828872E8
1.69560888E8
1.6929408E8
1.69030432E8
1.68771984E8
1.68520728E8
1.68278576E8
1.68047288E8
1.67828432E8
1.67623256E8
1.67432752E8
1.67257568E8
1.6709796E8
1.6695388E8
1.66824944E8
1.66710488E8
1.6660952E8
1.66520912E8
1.66443296E8
1.66375184E8
1.66315048E8
1.66261272E8
1.6621224E8
1.6616636E8
1.66122072E8
1.6607784E8
1.66032216E8
1.65983768E8
1.65931096E8
1.6587292E8
1.65807952E8
1.65734904E8
1.65652576E8
1.65559768E8
1.65455312E8
1.65338056E8
1.65206848E8
1.65060576E8
1.64898088E8
1.64718312E8
1.64520056E8
1.6430224E8
1.64063728E8
1.63803432E8
1.63520272E8
1.63213256E8
1.62881456E8
1.62524056E8
1.621404E8
1.6173004E8
1.61292784E8
1.60828648E8
1.60338E8
1.59821488E8
1.59280088E8
1.58715128E8
1.58128192E8
1.57521144E8
1.56896072E8
1.56255232E8
1.55600936E8
1.54935552E8
1.54261368E8
1.53580552E8
1.52895104E8
1.52206752E8
1.51516984E8
1.50826968E8
1.50137576E8
1.49449416E8
1.48762792E8
1.48077832E8
1.47394488E8
1.46712552E8
1.460318E8
1.45351976E8
1.44672856E8
1.43994312E8
1.43316312E8
1.42638928E8
1.41962392E8
1.41287088E8
1.40613464E8
1.39942104E8
1.3927364E8
1.38608712E8
1.37947968E8
1.37291976E8
1.36641136E8
1.35995736E8
1.35355816E8
1.34721216E8
1.3409148E8
1.33465928E8
1.32843656E8
1.32223528E8
1.31604288E8
1.30984608E8
1.30363136E8
1.29738648E8
1.29110072E8
1.284766E8
1.27837768E8
1.27193456E8
1.2654404E8
1.25890344E8
1.2523364E8
1.24575672E8
1.2391856E8
1.23264856E8
1.22617352E8
1.21979112E8
1.21353304E8
1.2074316E8
1.20151896E8
1.19582592E8
1.1903816E8
1.185212E8
1.18034016E8
1.17578528E8
1.171562E8
1.1676804E8
1.16414512E8
1.16095664E8
1.15810944E8
1.1555932E8
1.15339312E8
1.15148904E8
1.14985704E8
1.14846976E8
1.14729616E8
1.14630272E8
1.14545424E8
1.14471456E8
1.14404648E8
1.14341336E8
1.14277952E8
1.1421104E8
1.141374E8
1.14054048E8
1.13958296E8
1.13847816E8
1.13720592E8
1.13575008E8
1.134098E8
1.13224128E8
1.13017544E8
1.12789936E8
1.12541624E8
1.12273272E8
1.11985904E8
1.1168088E8
1.11359872E8
1.11024904E8
1.106782E8
1.10322256E8
1.09959768E8
1.09593608E8
1.0922672E8
1.08862176E8
1.08503024E8
1.08152264E8
1.07812824E8
1.07487512E8
1.0717892E8
1.06889392E8
1.0662108E8
1.06375768E8
1.06154928E8
1.05959688E8
1.05790832E8
1.05648736E8
1.05533376E8
1.05444368E8
1.05380912E8
1.0534184E8
1.05325656E8
1.05330488E8
1.05354208E8
1.05394432E8
1.05448624E8
1.0551408E8
1.05588096E8
1.05667976E8
1.05751112E8
1.05835024E8
1.05917488E8
1.05996488E8
1.06070336E8
1.06137584E8
1.06197152E8
1.06248248E8
1.06290328E8
1.06323128E8
1.06346544E8
1.06360648E8
1.06365664E8
1.06361808E8
1.0634936E8
1.06328536E8
1.06299576E8
1.06262576E8
1.062176E8
1.0616464E8
1.06103576E8
1.06034296E8
1.05956608E8
1.05870312E8
1.05775216E8
1.05671112E8
1.05557864E8
1.05435272E8
1.05303232E8
1.05161568E8
1.05010152E8
1.04848848E8
1.04677432E8
1.0449572E8
1.04303456E8
1.04100328E8
1.03886112E8
1.0366048E8
1.03423224E8
1.03174064E8
1.0291292E8
1.02639712E8
1.02354496E8
1.02057456E8
1.01748864E8
1.01429104E8
1.01098696E8
1.00758208E8
1.00408272E8
1.00049576E8
9.9682832E7
9.9308768E7
9.8928128E7
9.8541616E7
9.8149936E7
9.77538E7
9.7353872E7
9.6950856E7
9.6545384E7
9.6138112E7
9.5729696E7
9.5320688E7
9.4911664E7
9.4503144E7
9.4095608E7
9.3689504E7
9.3285168E7
9.2882992E7
9.2483264E7
9.2086288E7
9.1692368E7
9.130184E7
9.0915048E7
9.0532432E7
9.0154464E7
8.9781736E7
8.941488E7
8.905464E7
8.87018E7
8.8357256E7
8.8021864E7
8.7696536E7
8.7382176E7
8.7079608E7
8.6789616E7
8.6512904E7
8.6250064E7
8.6001552E7
8.5767728E7
8.5548784E7
8.534476E7
8.5155584E7
8.498104E7
8.4820736E7
8.4674144E7
8.4540648E7
8.441948E7
8.4309752E7
8.4210552E7
8.4120872E7
8.4039664E7
8.3965896E7
8.3898608E7
8.3836864E7
8.377984E7
8.3726832E7
8.3677384E7
8.3631168E7
8.3588048E7
8.3548208E7
8.3512E7
8.3480064E7
8.345316E7
8.3432352E7
8.3418816E7
8.34138E7
8.3418672E7
8.343476E7
8.3463296E7
8.3505416E7
8.3562008E7
8.3633656E7
8.3720632E7
8.3822784E7
8.3939528E7
8.4069824E7
8.421212E7
8.4364552E7
8.452468E7
8.4689784E7
8.4856824E7
8.5022576E7
8.518364E7
8.5336568E7
8.5478016E7
8.5604712E7
8.5713648E7
8.5802056E7
8.5867576E7
8.5908152E7
8.5922176E7
8.590848E7
8.5866312E7
8.579532E7
8.5695488E7
8.5567192E7
8.5411056E7
8.5227928E7
8.5018856E7
8.4784992E7
8.452752E7
8.4247696E7
8.3946696E7
8.3625672E7
8.3285608E7
8.2927456E7
8.2551992E7
8.2159928E7
8.1751856E7
8.1328328E7
8.0889872E7
8.0437016E7
7.9970416E7
7.9490824E7
7.8999184E7
7.8496608E7
7.7984472E7
7.7464448E7
7.6938392E7
7.6408408E7
7.5876872E7
7.5346296E7
7.4819352E7
7.4298768E7
7.3787344E7
7.328784E7
7.2802944E7
7.23352E7
7.1887008E7
7.1460536E7
7.1057728E7
7.068028E7
7.032956E7
7.0006688E7
6.9712504E7
6.9447584E7
6.9212224E7
6.9006504E7
6.8830264E7
6.8683224E7
6.8564848E7
6.8474584E7
6.8411712E7
6.8375488E7
6.8365056E7
6.8379592E7
6.8418208E7
6.8479992E7
6.8564032E7
6.8669376E7
6.8795016E7
6.8939936E7
6.9103008E7
6.9283104E7
6.9478952E7
6.9689216E7
6.991252E7
7.014736E7
7.0392184E7
7.0645384E7
7.0905264E7
7.1170152E7
7.1438304E7
7.1708E7
7.1977528E7
7.2245224E7
7.2509456E7
7.2768664E7
7.3021432E7
7.3266368E7
7.3502288E7
7.3728072E7
7.3942824E7
7.414576E7
7.4336272E7
7.451396E7
7.467856E7
7.4830024E7
7.4968504E7
7.5094344E7
7.5208064E7
7.5310432E7
7.5402368E7
7.5485048E7
7.5559736E7
7.5627928E7
7.56912E7
7.5751264E7
7.5809832E7
7.5868672E7
7.5929536E7
7.5994048E7
7.6063712E7
7.6139912E7
7.622384E7
7.6316456E7
7.641848E7
7.653044E7
7.6652592E7
7.6784936E7
7.6927296E7
7.7079224E7
7.7240072E7
7.7409024E7
7.7585008E7
7.7766896E7
7.7953272E7
7.8142656E7
7.8333408E7
7.8523768E7
7.8711896E7
7.8895808E7
7.9073472E7
7.9242816E7
7.940168E7
7.9547944E7
7.967944E7
7.9794056E7
7.9889704E7
7.996436E7
8.001608E7
8.0043096E7
8.0043712E7
8.0016432E7
7.9959944E7
7.9873128E7
7.9755136E7
7.9605288E7
7.9423272E7
7.920892E7
7.8962416E7
7.8684136E7
7.8374776E7
7.803524E7
7.7666656E7
7.7270368E7
7.684792E7
7.6400976E7
7.5931328E7
7.5440832E7
7.4931424E7
7.4405016E7
7.3863456E7
7.3308552E7
7.2741976E7
7.2165264E7
7.1579832E7
7.0986968E7
7.0387776E7
6.9783256E7
6.9174376E7
6.8561976E7
6.794692E7
6.733004E7
6.6712256E7
6.6094504E7
6.54778E7
6.4863224E7
6.4251904E7
6.364504E7
6.3043896E7
6.2449664E7
6.1863672E7
6.1287168E7
6.0721488E7
6.0167936E7
5.9627896E7
5.9102768E7
5.8594064E7
5.810332E7
5.7632168E7
5.7182296E7
5.6755432E7
5.6353264E7
5.5977448E7
5.5629504E7
5.5310768E7
5.5022248E7
5.476472E7
5.4538512E7
5.434352E7
5.4179208E7
5.4044544E7
5.393804E7
5.3857808E7
5.3801544E7
5.3766632E7
5.3750216E7
5.3749224E7
5.3760448E7
5.3780744E7
5.380688E7
5.383576E7
5.38644E7
5.3890064E7
5.3910144E7
5.392232E7
5.392452E7
5.3914944E7
5.3892024E7
5.3854496E7
5.380128E7
5.37316E7
5.36448E7
5.3540408E7
5.3418144E7
5.3277824E7
5.3119344E7
5.294272E7
5.2748016E7
5.2535376E7
5.2305024E7
5.205724E7
5.1792392E7
5.1511E7
5.121368E7
5.0901168E7
5.0574424E7
5.0234536E7
4.9882856E7
4.9520896E7
4.9150392E7
4.8773352E7
4.839192E7
4.8008528E7
4.7625728E7
4.7246272E7
4.6873024E7
4.6508888E7
4.6156808E7
4.581972E7
4.5500416E7
4.5201504E7
4.49254E7
4.4674184E7
4.4449584E7
4.4252928E7
4.408504E7
4.3946328E7
4.3836624E7
4.3755304E7
4.3701184E7
4.3672584E7
4.3667464E7
4.3683272E7
4.3717136E7
4.3765952E7
4.3826328E7
4.3894792E7
4.3967784E7
4.4041808E7
4.4113448E7
4.4179504E7
4.4237016E7
4.4283376E7
4.4316304E7
4.4333992E7
4.4335064E7
4.4318624E7
4.428428E7
4.4232104E7
4.416264E7
4.4076928E7
4.3976416E7
4.3862888E7
4.373852E7
4.36058E7
4.3467328E7
4.3325944E7
4.3184552E7
4.3046064E7
4.2913344E7
4.278916E7
4.2676064E7
4.2576416E7
4.2492312E7
4.2425496E7
4.2377432E7
4.2349224E7
4.2341656E7
4.2355104E7
4.2389672E7
4.244512E7
4.2520936E7
4.261628E7
4.2730152E7
4.286128E7
4.3008264E7
4.3169544E7
4.3343392E7
4.352808E7
4.3721752E7
4.3922528E7
4.4128496E7
4.4337712E7
4.454828E7
4.4758304E7
4.4965912E7
4.5169248E7
4.5366624E7
4.5556328E7
4.5736864E7
4.5906856E7
4.6065128E7
4.6210752E7
4.6342992E7
4.6461512E7
4.656624E7
4.6657432E7
4.6735712E7
4.6801976E7
4.685752E7
4.6903832E7
4.6942664E7
4.6975976E7
4.70058E7
4.7034248E7
4.706344E7
4.7095328E7
4.7131792E7
4.7174456E7
4.7224664E7
4.7283432E7
4.7351344E7
4.7428672E7
4.7515152E7
4.761008E7
4.771236E7
4.7820416E7
4.7932272E7
4.80456E7
4.8157736E7
4.8265784E7
4.8366688E7
4.8457248E7
4.8534232E7
4.8594504E7
4.8635016E7
4.865288E7
4.864552E7
4.8610632E7
4.8546208E7
4.845064E7
4.8322648E7
4.8161296E7
4.7966032E7
4.7736592E7
4.7472992E7
4.7175512E7
4.6844664E7
4.6481128E7
4.6085728E7
4.5659432E7
4.5203264E7
4.4718328E7
4.4205808E7
4.366684E7
4.3102672E7
4.251448E7
4.1903488E7
4.1270896E7
4.0617944E7
3.9945848E7
3.9255856E7
3.8549232E7
3.7827288E7
3.7091408E7
3.6342992E7
3.5583544E7
3.4814656E7
3.4038016E7
3.3255392E7
3.2468688E7
3.1679864E7
3.0890976E7
3.0104208E7
2.9321776E7
2.8545928E7
2.7778968E7
2.7023208E7
2.628088E7
2.5554232E7
2.4845376E7
2.4156344E7
2.3488992E7
2.2844984E7
2.2225792E7
2.1632616E7
2.1066408E7
2.0527784E7
2.0017032E7
1.9534216E7
1.9079016E7
1.86508E7
1.8248704E7
1.7871632E7
1.7518272E7
1.7187176E7
1.6876824E7
1.6585672E7
1.6312168E7
1.6054912E7
1.5812528E7
1.558388E7
1.5367976E7
1.5163992E7
1.4971336E7
1.4789544E7
1.4618296E7
1.4457408E7
1.4306728E7
1.4166112E7
1.4035352E7
1.3914248E7
1.3802368E7
1.36992E7
1.3604008E7
1.3515952E7
1.3433976E7
1.3356888E7
1.3283424E7
1.32122E7
1.3141912E7
1.3071232E7
1.299896E7
1.2924056E7
1.2845712E7
1.276332E7
1.2676528E7
1.258532E7
1.2489904E7
1.2390824E7
1.2288816E7
1.2184872E7
1.2080208E7
1.1976168E7
1.1874256E7
1.1776112E7
1.1683384E7
1.159788E7
1.1521416E7
1.145584E7
1.1403056E7
1.1364984E7
1.1343528E7
1.134064E7
1.1358184E7
1.139796E7
1.1461696E7
1.155092E7
1.1666976E7
1.1810904E7
1.1983456E7
1.2185032E7
1.24156E7
1.2674712E7
1.296148E7
1.3274632E7
1.361244E7
1.3972784E7
1.4353288E7
1.475124E7
1.5163728E7
1.558768E7
1.6019936E7
1.6457256E7
1.6896464E7
1.7334424E7
1.7768096E7
1.8194648E7
1.8611392E7
1.9015896E7
1.9405952E7
1.9779704E7
2.0135592E7
2.0472392E7
2.0789296E7
2.1085856E7
2.1362072E7
2.1618384E7
2.1855632E7
2.2075152E7
2.2278648E7
2.246828E7
2.2646584E7
2.2816376E7
2.29808E7
2.3143128E7
2.3306816E7
2.3475328E7
2.3652072E7
2.3840312E7
2.4043096E7
2.4263184E7
2.4502928E7
2.4764328E7
2.504888E7
2.5357632E7
2.569112E7
2.6049408E7
2.6432032E7
2.6838056E7
2.726616E7
2.7714512E7
2.8180936E7
2.8662896E7
2.9157544E7
2.96618E7
3.01724E7
3.0685936E7
3.1198968E7
3.1708088E7
3.2209912E7
3.2701272E7
3.3179176E7
3.364088E7
3.4084E7
3.450644E7
3.4906448E7
3.5282696E7
3.5634184E7
3.5960248E7
3.6260568E7
3.6535088E7
3.6784E7
3.7007696E7
3.7206712E7
3.7381624E7
3.7533104E7
3.7661792E7
3.7768256E7
3.7853024E7
3.7916544E7
3.7959136E7
3.7981088E7
3.7982576E7
3.7963736E7
3.7924752E7
3.7865712E7
3.7786856E7
3.7688456E7
3.757084E7
3.7434552E7
3.7280144E7
3.7108416E7
3.6920176E7
3.6716456E7
3.6498296E7
3.6266912E7
3.6023488E7
3.5769312E7
3.5505616E7
3.523364E7
3.4954576E7
3.4669552E7
3.437952E7
3.4085408E7
3.3787968E7
3.3487832E7
3.318548E7
3.2881296E7
3.2575488E7
3.2268208E7
3.1959488E7
3.1649304E7
3.1337608E7
3.102432E7
3.0709408E7
3.0392848E7
3.007472E7
2.9755208E7
2.9434568E7
2.9113264E7
2.8791856E7
2.8471064E7
2.81518E7
2.7835136E7
2.7522296E7
2.7214672E7
2.6913848E7
2.6621536E7
2.6339592E7
2.6070048E7
2.5814992E7
2.557664E7
2.5357272E7
2.5159192E7
2.4984704E7
2.4836056E7
2.4715384E7
2.462468E7
2.4565728E7
2.4540096E7
2.4549E7
2.4593336E7
2.467368E7
2.4790168E7
2.4942544E7
2.5130136E7
2.535188E7
2.560632E7
2.5891608E7
2.6205576E7
2.6545768E7
2.6909464E7
2.72938E7
2.7695728E7
2.8112192E7
2.8540112E7
2.8976504E7
2.9418504E7
2.9863416E7
3.0308776E7
3.0752336E7
3.1192072E7
3.162624E7
3.2053312E7
3.2471936E7
3.2880904E7
3.327916E7
3.3665784E7
3.4039856E7
3.440052E7
3.4746952E7
3.5078392E7
3.539408E7
3.569332E7
3.5975496E7
3.6240112E7
3.6486848E7
3.671544E7
3.6925896E7
3.7118424E7
3.7293384E7
3.745144E7
3.759336E7
3.7720128E7
3.7832864E7
3.7932744E7
3.8021064E7
3.8099064E7
3.8168E7
3.8229016E7
3.828312E7
3.833124E7
3.8374096E7
3.841228E7
3.84462E7
3.8476144E7
3.8502304E7
3.8524768E7
3.8543568E7
3.8558736E7
3.8570344E7
3.857852E7
3.8583416E7
3.8585336E7
3.858468E7
3.8581904E7
3.8577616E7
3.8572472E7
3.8567184E7
3.8562472E7
3.8559176E7
3.8558016E7
3.8559728E7
3.8564992E7
3.8574424E7
3.85886E7
3.8607976E7
3.8632952E7
3.8663832E7
3.8700856E7
3.8744184E7
3.8793872E7
3.8849952E7
3.8912336E7
3.898088E7
3.9055392E7
3.9135608E7
3.9221208E7
3.9311824E7
3.940704E7
3.9506456E7
3.9609616E7
3.9716088E7
3.9825424E7
3.9937272E7
4.005124E7
4.016704E7
4.0284424E7
4.0403216E7
4.0523304E7
4.0644696E7
4.0767408E7
4.0891616E7
4.1017472E7
4.114528E7
4.1275352E7
4.1408E7
4.1543592E7
4.1682392E7
4.1824584E7
4.1970304E7
4.2119416E7
4.2271576E7
4.2426192E7
4.2582368E7
4.2738856E7
4.2894072E7
4.304612E7
4.3192744E7
4.3331456E7
4.3459568E7
4.357424E7
4.3672568E7
4.3751648E7
4.3808768E7
4.384132E7
4.3847032E7
4.3823936E7
4.3770456E7
4.3685496E7
4.3568384E7
4.3418968E7
4.3237576E7
4.3025048E7
4.278268E7
4.2512192E7
4.2215776E7
4.1895928E7
4.1555464E7
4.1197448E7
4.0825048E7
4.0441584E7
4.0050312E7
3.9654416E7
3.9256912E7
3.8860552E7
3.8467824E7
3.8080808E7
3.770124E7
3.7330392E7
3.6969144E7
3.6618008E7
3.6277056E7
3.5946048E7
3.562444E7
3.5311432E7
3.5006056E7
3.4707168E7
3.4413568E7
3.4124024E7
3.3837304E7
3.3552264E7
3.3267848E7
3.2983112E7
3.2697296E7
3.2409816E7
3.2120248E7
3.1828464E7
3.153448E7
3.1238592E7
3.0941272E7
3.064324E7
3.03454E7
3.0048832E7
2.9754752E7
2.946452E7
2.9179552E7
2.8901296E7
2.8631192E7
2.837064E7
2.8120888E7
2.7883072E7
2.7658176E7
2.744692E7
2.7249816E7
2.7067088E7
2.6898736E7
2.6744448E7
2.6603688E7
2.647564E7
2.6359264E7
2.625332E7
2.6156368E7
2.6066856E7
2.598312E7
2.5903392E7
2.5825944E7
2.5748984E7
2.5670848E7
2.5589864E7
2.5504584E7
2.5413632E7
2.5315808E7
2.521016E7
2.5095904E7
2.497248E7
2.48396E7
2.469716E7
2.4545328E7
2.4384512E7
2.4215288E7
2.403848E7
2.385508E7
2.3666248E7
2.3473328E7
2.3277728E7
2.3081E7
2.2884744E7
2.2690624E7
2.250032E7
2.2315568E7
2.213796E7
2.1969144E7
2.1810672E7
2.1663952E7
2.1530312E7
2.1410872E7
2.13066E7
2.1218256E7
2.114628E7
2.1090928E7
2.1052128E7
2.1029472E7
2.1022224E7
2.1029312E7
2.1049312E7
2.1080472E7
2.1120696E7
2.11676E7
2.1218544E7
2.1270688E7
2.1321048E7
2.1366536E7
2.1404072E7
2.1430624E7
2.1443288E7
2.1439392E7
2.1416552E7
2.1372688E7
2.130612E7
2.121564E7
2.110044E7
2.0960256E7
2.079524E7
2.0606056E7
2.0393784E7
2.0159912E7
1.9906288E7
1.9635072E7
1.9348624E7
1.9049496E7
1.8740344E7
1.842384E7
1.810264E7
1.7779312E7
1.7456312E7
1.7135896E7
1.6820152E7
1.6511024E7
1.621016E7
1.5919096E7
1.563912E7
1.5371416E7
1.5116928E7
1.4876584E7
1.4651088E7
1.4441152E7
1.4247296E7
1.407E7
1.3909624E7
1.376648E7
1.3640696E7
1.3532336E7
1.344128E7
1.336728E7
1.3309904E7
1.3268528E7
1.324236E7
1.3230384E7
1.3231392E7
1.3243992E7
1.3266624E7
1.3297544E7
1.333488E7
1.337664E7
1.3420704E7
1.3464896E7
1.3506976E7
1.3544608E7
1.3575464E7
1.3597128E7
1.3607248E7
1.3603376E7
1.3583112E7
1.354412E7
1.348408E7
1.3400792E7
1.329224E7
1.3156536E7
1.2992096E7
1.2797632E7
1.257216E7
1.2315208E7
1.2026688E7
1.1707008E7
1.1357104E7
1.0978384E7
1.0572776E7
1.0142664E7
9690864.0
9220568.0
8735208.0
8238456.0
7734128.0
7226088.0
6718072.0
6213800.0
5716656.0
5229800.0
4756048.0
4297800.0
3856992.0
3435064.0
3033040.0
2651360.0
2290000.0
1948504.0
1625912.0
1320872.0
1031744.0
756528.0
493064.0
239040.0
-7952.0
-250304.0
-490312.0
-730144.0
-971744.0
-1216872.0
-1466896.0
-1722976.0
-1985872.0
-2256032.0
-2533600.0
-2818408.0
-3110024.0
-3407752.0
-3710784.0
-4018064.0
-4328544.0
-4641104.0
-4954680.0
-5268224.0
-5580872.0
-5891896.0
-6200736.0
-6507064.0
-6810744.0
-7111880.0
-7410720.0
-7707696.0
-8003416.0
-8298528.0
-8593728.0
-8889744.0
-9187232.0
-9486760.0
-9788760.0
-1.0093496E7
-1.0401048E7
-1.0711296E7
-1.1023864E7
-1.13382E7
-1.1653488E7
-1.1968808E7
-1.2282984E7
-1.2594712E7
-1.2902544E7
-1.3204888E7
-1.3500112E7
-1.3786416E7
-1.406192E7
-1.4324744E7
-1.4572832E7
-1.4804104E7
-1.5016448E7
-1.520768E7
-1.5375656E7
-1.5518216E7
-1.5633304E7
-1.5719E7
-1.577352E7
-1.5795368E7
-1.5783264E7
-1.5736368E7
-1.5654136E7
-1.5536472E7
-1.5383752E7
-1.5196776E7
-1.4976808E7
-1.4725512E7
-1.4444976E7
-1.4137656E7
-1.3806256E7
-1.3453784E7
-1.3083384E7
-1.2698272E7
-1.230176E7
-1.1897048E7
-1.1487256E7
-1.1075336E7
-1.0664008E7
-1.0255704E7
-9852544.0
-9456336.0
-9068496.0
-8690152.0
-8322040.0
-7964576.0
-7617896.0
-7281888.0
-6956216.0
-6640392.0
-6333792.0
-6035744.0
-5745544.0
-5462520.0
-5186032.0
-4915504.0
-4650504.0
-4390656.0
-4135720.0
-3885552.0
-3640152.0
-3399560.0
-3163912.0
-2933416.0
-2708256.0
-2488672.0
-2274904.0
-2067160.0
-1865552.0
-1670192.0
-1481000.0
-1297864.0
-1120512.0
-948536.0
-781336.0
-618176.0
-458120.0
-300080.0
-142776.0
15184.0
175376.0
339400.0
508960.0
685768.0
871440.0
1067560.0
1275528.0
1496560.0
1731632.0
1981432.0
2246344.0
2526376.0
2821224.0
3130216.0
3452336.0
3786232.0
4130192.0
4482240.0
4840136.0
5201408.0
5563384.0
5923280.0
6278144.0
6625088.0
6961104.0
7283376.0
7589112.0
7875752.0
8140912.0
8382544.0
8598840.0
8788360.0
8950000.0
9083080.0
9187264.0
9262624.0
9309552.0
9328872.0
9321664.0
9289432.0
9233888.0
9157032.0
9061096.0
8948488.0
8821768.0
8683600.0
8536680.0
8383744.0
8227448.0
8070384.0
7915000.0
7763600.0
7618304.0
7480992.0
7353320.0
7236696.0
7132336.0
7041152.0
6963896.0
6901048.0
6852920.0
6819568.0
6800896.0
6796608.0
6806248.0
6829144.0
6864480.0
6911320.0
6968544.0
7034928.0
7109200.0
7189968.0
7275824.0
7365392.0
7457288.0
7550192.0
7642920.0
7734368.0
7823552.0
7909648.0
7992016.0
8070096.0
8143528.0
8212048.0
8275544.0
8333952.0
8387312.0
8435712.0
8479288.0
8518120.0
8552360.0
8582104.0
8607384.0
8628216.0
8644544.0
8656248.0
8663176.0
8665136.0
8661888.0
8653200.0
8638864.0
8618720.0
8592672.0
8560792.0
8523256.0
8480384.0
8432712.0
8380936.0
8325936.0
8268768.0
8210616.0
8152792.0
8096672.0
8043688.0
7995272.0
7952816.0
7917688.0
7891112.0
7874224.0
7868008.0
7873304.0
7890736.0
7920776.0
7963656.0
8019456.0
8087912.0
8168664.0
8261048.0
8364152.0
8476944.0
8598152.0
8726352.0
8860032.0
8997568.0
9137296.0
9277648.0
9417040.0
9553984.0
9687160.0
9815384.0
9937648.0
1.005312E7
1.0161168E7
1.0261336E7
1.0353328E7
1.043704E7
1.0512488E7
1.057984E7
1.0639376E7
1.0691512E7
1.0736696E7
1.0775448E7
1.080828E7
1.0835752E7
1.0858288E7
1.0876336E7
1.0890144E7
1.089988E7
1.0905544E7
1.0907024E7
1.0904056E7
1.0896264E7
1.0883224E7
1.0864464E7
1.0839544E7
1.0808048E7
1.076968E7
1.072432E7
1.0671992E7
1.0612912E7
1.0547544E7
1.0476544E7
1.04008E7
1.0321416E7
1.0239744E7
1.0157248E7
1.0075688E7
9996840.0
9922776.0
9855560.0
9797408.0
9750552.0
9717272.0
9699760.0
9700192.0
9720576.0
9762768.0
9828440.0
9918968.0
1.0035488E7
1.0178792E7
1.0349344E7
1.0547296E7
1.07724E7
1.1024088E7
1.1301416E7
1.1603152E7
1.1927704E7
1.22732E7
1.2637464E7
1.3018128E7
1.3412544E7
1.3817888E7
1.4231232E7
1.464948E7
1.5069464E7
1.5487968E7
1.5901792E7
1.6307776E7
1.6702784E7
1.708384E7
1.7448136E7
1.7793024E7
1.8116056E7
1.8415048E7
1.8688072E7
1.8933384E7
1.9149584E7
1.933548E7
1.9490072E7
1.9612664E7
1.970264E7
1.9759632E7
1.9783352E7
1.9773696E7
1.9730632E7
1.9654248E7
1.9544752E7
1.9402432E7
1.9227688E7
1.9021104E7
1.8783392E7
1.8515432E7
1.8218296E7
1.7893256E7
1.7541824E7
1.7165704E7
1.67668E7
1.6347288E7
1.5909536E7
1.5456064E7
1.4989608E7
1.4513024E7
1.4029344E7
1.354164E7
1.305312E7
1.2566968E7
1.208636E7
1.1614448E7
1.1154264E7
1.070868E7
1.028036E7
9871720.0
9484880.0
9121608.0
8783304.0
8470968.0
8185240.0
7926272.0
7693864.0
7487408.0
7305960.0
7148192.0
7012536.0
6897088.0
6799768.0
6718344.0
6650400.0
6593432.0
6544928.0
6502312.0
6463048.0
6424640.0
6384680.0
6340848.0
6290912.0
6232784.0
6164536.0
6084368.0
5990608.0
5881800.0
5756608.0
5613880.0
5452584.0
5271896.0
5071144.0
4849808.0
4607536.0
4344208.0
4059856.0
3754720.0
3429304.0
3084320.0
2720744.0
2339800.0
1943008.0
1532112.0
1109096.0
676192.0
235808.0
-209424.0
-656824.0
-1103520.0
-1546608.0
-1983160.0
-2410288.0
-2825136.0
-3224976.0
-3607208.0
-3969504.0
-4309680.0
-4625936.0
-4916752.0
-5181000.0
-5417960.0
-5627288.0
-5809144.0
-5964016.0
-6092896.0
-6197096.0
-6278352.0
-6338584.0
-6380072.0
-6405160.0
-6416376.0
-6416192.0
-6407096.0
-6391360.0
-6371168.0
-6348384.0
-6324576.0
-6301032.0
-6278616.0
-6257856.0
-6238952.0
-6221648.0
-6205496.0
-6189616.0
-6172944.0
-6154088.0
-6131552.0
-6103632.0
-6068512.0
-6024280.0
-5969040.0
-5900848.0
-5817832.0
-5718216.0
-5600392.0
-5462888.0
-5304528.0
-5124344.0
-4921720.0
-4696352.0
-4448272.0
-4177896.0
-3885920.0
-3573376.0
-3241600.0
-2892136.0
-2526680.0
-2147088.0
-1755280.0
-1353160.0
-942624.0
-525464.0
-103400.0
322000.0
749328.0
1177288.0
1604760.0
2030688.0
2454168.0
2874368.0
3290464.0
3701696.0
4107272.0
4506400.0
4898200.0
5281768.0
5656072.0
6020072.0
6372616.0
6712544.0
7038600.0
7349624.0
7644424.0
7921872.0
8180944.0
8420760.0
8640624.0
8839984.0
9018536.0
9176208.0
9313144.0
9429768.0
9526712.0
9604880.0
9665368.0
9709472.0
9738704.0
9754696.0
9759184.0
9754032.0
9741168.0
9722512.0
9699992.0
9675496.0
9650824.0
9627696.0
9607640.0
9592072.0
9582144.0
9578824.0
9582824.0
9594576.0
9614344.0
9642048.0
9677416.0
9719976.0
9769016.0
9823744.0
9883208.0
9946424.0
1.00124E7
1.0080112E7
1.0148664E7
1.0217256E7
1.0285224E7
1.0352048E7
1.0417424E7
1.0481208E7
1.0543472E7
1.0604384E7
1.066428E7
1.0723584E7
1.0782744E7
1.084216E7
1.09022E7
1.096308E7
1.1024776E7
1.1087088E7
1.1149472E7
1.1211104E7
1.127084E7
1.1327232E7
1.1378528E7
1.14228E7
1.1457896E7
1.1481608E7
1.1491728E7
1.1486152E7
1.1462952E7
1.1420544E7
1.1357688E7
1.1273592E7
1.1167992E7
1.1041152E7
1.0893808E7
1.0727288E7
1.0543328E7
1.0344088E7
1.013204E7
9909888.0
9680472.0
9446648.0
9211232.0
8976824.0
8745896.0
8520536.0
8302584.0
8093432.0
7894224.0
7705632.0
7528072.0
7361624.0
7206088.0
7061096.0
6926088.0
6800416.0
6683344.0
6574168.0
6472160.0
6376664.0
6287168.0
6203208.0
6124456.0
6050760.0
5982064.0
5918456.0
5860144.0
5807416.0
5760648.0
5720320.0
5686824.0
5660616.0
5642080.0
5631512.0
5629048.0
5634736.0
5648424.0
5669776.0
5698216.0
5733072.0
5773368.0
5818080.0
5865968.0
5915688.0
5965856.0
6015056.0
6061840.0
6104880.0
6142848.0
6174576.0
6198992.0
6215176.0
6222312.0
6219784.0
6207056.0
6183768.0
6149672.0
6104624.0
6048608.0
5981728.0
5904200.0
5816328.0
5718536.0
5611344.0
5495376.0
5371336.0
5240040.0
5102344.0
4959168.0
4811464.0
4660192.0
4506296.0
4350680.0
4194224.0
4037656.0
3881608.0
3726608.0
3572976.0
3420912.0
3270448.0
3121432.0
2973560.0
2826408.0
2679416.0
2531904.0
2383128.0
2232264.0
2078504.0
1920968.0
1758880.0
1591408.0
1417896.0
1237720.0
1050352.0
855440.0
652744.0
442168.0
223784.0
-2168.0
-235400.0
-475400.0
-721600.0
-973320.0
-1229864.0
-1490432.0
-1754216.0
-2020416.0
-2288216.0
-2556840.0
-2825504.0
-3093432.0
-3359920.0
-3624208.0
-3885616.0
-4143400.0
-4396872.0
-4645288.0
-4887936.0
-5124112.0
-5353088.0
-5574152.0
-5786680.0
-5990008.0
-6183552.0
-6366808.0
-6539320.0
-6700640.0
-6850512.0
-6988672.0
-7114920.0
-7229200.0
-7331440.0
-7421696.0
-7500064.0
-7566752.0
-7621920.0
-7665952.0
-7699168.0
-7722064.0
-7735136.0
-7738928.0
-7734080.0
-7721232.0
-7701048.0
-7674176.0
-7641264.0
-7602904.0
-7559640.0
-7511984.0
-7460328.0
-7405040.0
-7346352.0
-7284464.0
-7219456.0
-7151384.0
-7080200.0
-7005792.0
-6928000.0
-6846608.0
-6761312.0
-6671832.0
-6577800.0
-6478840.0
-6374544.0
-6264496.0
-6148288.0
-6025504.0
-5895760.0
-5758704.0
-5614024.0
-5461560.0
-5301152.0
-5132888.0
-4956968.0
-4773792.0
-4584040.0
-4388600.0
-4188584.0
-3985448.0
-3780848.0
-3576640.0
-3374904.0
-3177800.0
-2987584.0
-2806448.0
-2636528.0
-2479704.0
-2337640.0
-2211600.0
-2102456.0
-2010616.0
-1935992.0
-1878016.0
-1835576.0
-1807120.0
-1790688.0
-1783952.0
-1784280.0
-1788864.0
-1794816.0
-1799192.0
-1799208.0
-1792200.0
-1775816.0
-1748080.0
-1707352.0
-1652504.0
-1582848.0
-1498184.0
-1398784.0
-1285336.0
-1158952.0
-1021040.0
-873304.0
-717632.0
-556048.0
-390688.0
-223672.0
-57120.0
106880.0
266352.0
419392.0
564168.0
699000.0
822232.0
932352.0
1027960.0
1107752.0
1170528.0
1215272.0
1241144.0
1247480.0
1233936.0
1200408.0
1147160.0
1074800.0
984328.0
877200.0
755224.0
620632.0
476008.0
324272.0
168624.0
12440.0
-140776.0
-287520.0
-424344.0
-547936.0
-655240.0
-743512.0
-810408.0
-853960.0
-872704.0
-865664.0
-832352.0
-772712.0
-687200.0
-576696.0
-442480.0
-286240.0
-109944.0
84088.0
293376.0
515120.0
746448.0
984352.0
1225744.0
1467592.0
1706872.0
1940712.0
2166400.0
2381440.0
2583640.0
2771048.0
2942112.0
3095616.0
3230656.0
3346736.0
3443672.0
3521592.0
3580888.0
3622184.0
3646304.0
3654176.0
3646864.0
3625472.0
3591088.0
3544824.0
3487704.0
3420728.0
3344816.0
3260840.0
3169560.0
3071736.0
2968056.0
2859192.0
2745784.0
2628504.0
2508024.0
2385008.0
2260208.0
2134344.0
2008208.0
1882624.0
1758440.0
1636496.0
1517688.0
1402864.0
1292928.0
1188680.0
1090936.0
1000392.0
917696.0
843344.0
777736.0
721064.0
673336.0
634392.0
603840.0
581120.0
565432.0
555840.0
551240.0
550472.0
552272.0
555368.0
558512.0
560552.0
560392.0
557112.0
549904.0
538160.0
521368.0
499208.0
471440.0
437936.0
398632.0
353480.0
302448.0
245488.0
182528.0
113464.0
38120.0
-43608.0
-131944.0
-227032.0
-329048.0
-438072.0
-554128.0
-677168.0
-807104.0
-943712.0
-1086688.0
-1235704.0
-1390296.0
-1550008.0
-1714296.0
-1882592.0
-2054304.0
-2228784.0
-2405368.0
-2583320.0
-2761840.0
-2940016.0
-3116840.0
-3291144.0
-3461648.0
-3626848.0
-3785152.0
-3934776.0
-4073800.0
-4200256.0
-4312096.0
-4407320.0
-4483984.0
-4540328.0
-4574752.0
-4586032.0
-4573192.0
-4535696.0
-4473440.0
-4386760.0
-4276424.0
-4143688.0
-3990224.0
-3818056.0
-3629584.0
-3427448.0
-3214512.0
-2993768.0
-2768256.0
-2541000.0
-2314984.0
-2092976.0
-1877616.0
-1671272.0
-1476032.0
-1293688.0
-1125728.0
-973296.0
-837208.0
-717992.0
-615856.0
-530728.0
-462368.0
-410288.0
-373848.0
-352320.0
-344912.0
-350856.0
-369360.0
-399704.0
-441280.0
-493528.0
-556072.0
-628600.0
-710968.0
-803072.0
-904976.0
-1016784.0
-1138688.0
-1270904.0
-1413704.0
-1567360.0
-1732144.0
-1908296.0
-2095992.0
-2295408.0
-2506568.0
-2729448.0
-2963896.0
-3209656.0
-3466320.0
-3733368.0
-4010184.0
-4296024.0
-4590064.0
-4891416.0
-5199184.0
-5512424.0
-5830304.0
-6151976.0
-6476704.0
-6803848.0
-7132848.0
-7463280.0
-7794816.0
-8127176.0
-8460216.0
-8793760.0
-9127720.0
-9462016.0
-9796512.0
-1.0131064E7
-1.0465456E7
-1.0799408E7
-1.1132536E7
-1.1464352E7
-1.179424E7
-1.2121472E7
-1.2445136E7
-1.2764264E7
-1.3077656E7
-1.3384072E7
-1.3682096E7
-1.397028E7
-1.4247064E7
-1.451084E7
-1.476E7
-1.499292E7
-1.5207984E7
-1.5403656E7
-1.5578416E7
-1.573088E7
-1.5859688E7
-1.5963656E7
-1.604168E7
-1.6092768E7
-1.6116048E7
-1.611076E7
-1.6076264E7
-1.6012008E7
-1.5917544E7
-1.5792496E7
-1.563656E7
-1.5449536E7
-1.5231264E7
-1.4981664E7
-1.4700776E7
-1.4388672E7
-1.4045576E7
-1.3671848E7
-1.3267952E7
-1.2834584E7
-1.2372512E7
-1.18828E7
-1.1366664E7
-1.0825592E7
-1.0261256E7
-9675576.0
-9070728.0
-8449088.0
-7813256.0
-7166072.0
-6510528.0
-5849768.0
-5187104.0
-4525888.0
-3869560.0
-3221536.0
-2585232.0
-1963928.0
-1360824.0
-778912.0
-221016.0
310312.0
812744.0
1284256.0
1723080.0
2127720.0
2496936.0
2829776.0
3125440.0
3383384.0
3603224.0
3784680.0
3927624.0
4031968.0
4097728.0
4124944.0
4113688.0
4064120.0
3976384.0
3850728.0
3687480.0
3487088.0
3250128.0
2977416.0
2669992.0
2329176.0
1956648.0
1554416.0
1124872.0
670776.0
195280.0
-298096.0
-805632.0
-1323280.0
-1846888.0
-2372200.0
-2894992.0
-3411128.0
-3916624.0
-4407800.0
-4881248.0
-5333952.0
-5763296.0
-6167080.0
-6543576.0
-6891480.0
-7209968.0
-7498592.0
-7757408.0
-7986760.0
-8187464.0
-8360656.0
-8507784.0
-8630640.0
-8731288.0
-8812048.0
-8875488.0
-8924400.0
-8961768.0
-8990704.0
-9014464.0
-9036336.0
-9059720.0
-9087912.0
-9124192.0
-9171680.0
-9233296.0
-9311712.0
-9409256.0
-9527904.0
-9669184.0
-9834128.0
-1.0023248E7
-1.023656E7
-1.0473448E7
-1.0732816E7
-1.1013008E7
-1.1311952E7
-1.1627128E7
-1.1955704E7
-1.229464E7
-1.2640704E7
-1.2990696E7
-1.3341416E7
-1.3689848E7
-1.4033192E7
-1.4368912E7
-1.4694792E7
-1.5008976E7
-1.530992E7
-1.5596384E7
-1.5867424E7
-1.6122304E7
-1.6360504E7
-1.6581576E7
-1.6785192E7
-1.6971056E7
-1.7138856E7
-1.7288256E7
-1.7418904E7
-1.7530448E7
-1.762248E7
-1.7694664E7
-1.7746648E7
-1.7778248E7
-1.7789312E7
-1.7779888E7
-1.7750184E7
-1.7700616E7
-1.7631792E7
-1.754452E7
-1.7439792E7
-1.7318808E7
-1.7182896E7
-1.7033496E7
-1.6872128E7
-1.6700384E7
-1.6519856E7
-1.633208E7
-1.6138576E7
-1.594076E7
-1.5739952E7
-1.5537376E7
-1.5334056E7
-1.5130912E7
-1.492868E7
-1.4727936E7
-1.4529096E7
-1.4332352E7
-1.4137768E7
-1.3945224E7
-1.375444E7
-1.356496E7
-1.337624E7
-1.3187616E7
-1.2998312E7
-1.2807512E7
-1.2614368E7
-1.2418032E7
-1.2217648E7
-1.201244E7
-1.180168E7
-1.1584776E7
-1.1361176E7
-1.1130536E7
-1.0892632E7
-1.0647344E7
-1.0394768E7
-1.0135128E7
-9868768.0
-9596216.0
-9318120.0
-9035232.0
-8748384.0
-8458536.0
-8166656.0
-7873808.0
-7581088.0
-7289584.0
-7000472.0
-6714848.0
-6433872.0
-6158680.0
-5890384.0
-5630088.0
-5378856.0
-5137744.0
-4907720.0
-4689712.0
-4484584.0
-4293112.0
-4116000.0
-3953808.0
-3807048.0
-3676056.0
-3561088.0
-3462192.0
-3379312.0
-3312240.0
-3260584.0
-3223808.0
-3201216.0
-3191968.0
-3195088.0
-3209472.0
-3233976.0
-3267304.0
-3308120.0
-3355104.0
-3406888.0
-3462144.0
-3519552.0
-3577896.0
-3636016.0
-3692824.0
-3747384.0
-3798856.0
-3846528.0
-3889792.0
-3928208.0
-3961400.0
-3989136.0
-4011304.0
-4027824.0
-4038784.0
-4044272.0
-4044464.0
-4039640.0
-4030096.0
-4016248.0
-3998560.0
-3977600.0
-3954056.0
-3928768.0
-3902664.0
-3876872.0
-3852664.0
-3831520.0
-3815032.0
-3804960.0
-3803192.0
-3811648.0
-3832336.0
-3867232.0
-3918240.0
-3987096.0
-4075408.0
-4184544.0
-4315512.0
-4469144.0
-4645840.0
-4845664.0
-5068408.0
-5313432.0
-5579824.0
-5866376.0
-6171552.0
-6493592.0
-6830536.0
-7180168.0
-7540128.0
-7907912.0
-8280920.0
-8656512.0
-9031968.0
-9404568.0
-9771736.0
-1.0130936E7
-1.0479792E7
-1.0816144E7
-1.1138056E7
-1.1443848E7
-1.1732136E7
-1.2001848E7
-1.22522E7
-1.248264E7
-1.2692952E7
-1.288312E7
-1.3053256E7
-1.3203704E7
-1.3334832E7
-1.3447088E7
-1.3540888E7
-1.3616672E7
-1.3674752E7
-1.3715368E7
-1.3738632E7
-1.374456E7
-1.3733024E7
-1.3703792E7
-1.3656528E7
-1.3590816E7
-1.3506264E7
-1.3402416E7
-1.327888E7
-1.3135368E7
-1.2971736E7
-1.2787968E7
-1.2584336E7
-1.2361296E7
-1.2119648E7
-1.1860448E7
-1.1585096E7
-1.1295304E7
-1.0993088E7
-1.0680768E7
-1.036096E7
-1.0036512E7
-9710424.0
-9385896.0
-9066144.0
-8754384.0
-8453800.0
-8167304.0
-7897696.0
-7647328.0
-7418248.0
-7212048.0
-7029784.0
-6872072.0
-6739000.0
-6630184.0
-6544768.0
-6481464.0
-6438680.0
-6414504.0
-6406808.0
-6413288.0
-6431608.0
-6459368.0
-6494240.0
-6533984.0
-6576480.0
-6619816.0
-6662280.0
-6702368.0
-6738896.0
-6770864.0
-6797536.0
-6818448.0
-6833328.0
-6842112.0
-6844856.0
-6841816.0
-6833256.0
-6819464.0
-6800776.0
-6777472.0
-6749736.0
-6717760.0
-6681600.0
-6641264.0
-6596672.0
-6547736.0
-6494360.0
-6436424.0
-6373848.0
-6306600.0
-6234704.0
-6158224.0
-6077280.0
-5991984.0
-5902512.0
-5808952.0
-5711368.0
-5609776.0
-5504040.0
-5393936.0
-5279128.0
-5159128.0
-5033400.0
-4901224.0
-4761872.0
-4614544.0
-4458416.0
-4292656.0
-4116400.0
-3928880.0
-3729296.0
-3516944.0
-3291160.0
-3051304.0
-2796872.0
-2527408.0
-2242584.0
-1942152.0
-1626064.0
-1294392.0
-947456.0
-585792.0
-210160.0
178360.0
578464.0
988528.0
1406648.0
1830736.0
2258424.0
2687200.0
3114392.0
3537296.0
3953176.0
4359312.0
4753096.0
5132032.0
5493792.0
5836240.0
6157480.0
6455816.0
6729752.0
6978032.0
7199600.0
7393560.0
7559176.0
7695856.0
7803112.0
7880576.0
7927912.0
7944896.0
7931360.0
7887240.0
7812528.0
7707320.0
7571840.0
7406464.0
7211688.0
6988184.0
6736832.0
6458616.0
6154768.0
5826672.0
5475848.0
5103968.0
4712792.0
4304192.0
3880048.0
3442304.0
2992832.0
2533520.0
2066144.0
1592368.0
1113760.0
631760.0
147616.0
-337528.0
-822752.0
-1307248.0
-1790408.0
-2271704.0
-2750848.0
-3227640.0
-3702024.0
-4174128.0
-4644176.0
-5112528.0
-5579704.0
-6046296.0
-6513056.0
-6980800.0
-7450352.0
-7922632.0
-8398408.0
-8878376.0
-9363120.0
-9852904.0
-1.0347776E7
-1.0847392E7
-1.1351048E7
-1.1857664E7
-1.236572E7
-1.2873352E7
-1.3378328E7
-1.387816E7
-1.4370072E7
-1.4851232E7
-1.5318672E7
-1.5769504E7
-1.6200904E7
-1.6610264E7
-1.6995192E7
-1.7353584E7
-1.7683688E7
-1.798408E7
-1.8253704E7
-1.8491864E7
-1.869824E7
-1.8872792E7
-1.90158E7
-1.9127808E7
-1.9209576E7
-1.9262016E7
-1.92862E7
-1.9283248E7
-1.9254304E7
-1.9200536E7
-1.9123024E7
-1.9022792E7
-1.8900744E7
-1.8757704E7
-1.859436E7
-1.8411288E7
-1.8208968E7
-1.798788E7
-1.7748344E7
-1.7490792E7
-1.7215568E7
-1.6923168E7
-1.661408E7
-1.6288952E7
-1.594844E7
-1.55934E7
-1.5224752E7
-1.484348E7
-1.4450656E7
-1.4047432E7
-1.363496E7
-1.3214416E7
-1.2786992E7
-1.2353808E7
-1.1915984E7
-1.1474608E7
-1.1030728E7
-1.0585336E7
-1.0139416E7
-9693952.0
-9249936.0
-8808312.0
-8370088.0
-7936272.0
-7507912.0
-7086024.0
-6671672.0
-6265888.0
-5869696.0
-5484032.0
-5109824.0
-4747888.0
-4398920.0
-4063560.0
-3742304.0
-3435576.0
-3143672.0
-2866792.0
-2605112.0
-2358712.0
-2127648.0
-1912008.0
-1711816.0
-1527176.0
-1358136.0
-1204808.0
-1067264.0
-945552.0
-839664.0
-749552.0
-675040.0
-615864.0
-571640.0
-541832.0
-525808.0
-522768.0
-531840.0
-552016.0
-582256.0
-621440.0
-668432.0
-722072.0
-781248.0
-844840.0
-911808.0
-981136.0
-1051912.0
-1123304.0
-1194560.0
-1265000.0
-1334112.0
-1401392.0
-1466544.0
-1529264.0
-1589424.0
-1646944.0
-1701808.0
-1754096.0
-1803880.0
-1851272.0
-1896368.0
-1939232.0
-1979872.0
-2018208.0
-2054112.0
-2087248.0
-2117248.0
-2143592.0
-2165640.0
-2182624.0
-2193728.0
-2198040.0
-2194648.0
-2182616.0
-2161072.0
-2129216.0
-2086408.0
-2032128.0
-1966112.0
-1888256.0
-1798776.0
-1698064.0
-1586800.0
-1465864.0
-1336384.0
-1199624.0
-1057000.0
-910000.0
-760128.0
-608928.0
-457832.0
-308176.0
-161112.0
-17616.0
121576.0
256056.0
385584.0
510256.0
630424.0
746688.0
859880.0
971000.0
1081136.0
1191536.0
1303392.0
1417872.0
1536048.0
1658904.0
1787200.0
1921536.0
2062280.0
2209640.0
2363624.0
2524056.0
2690680.0
2863096.0
3040880.0
3223616.0
3410864.0
3602240.0
3797456.0
3996256.0
4198504.0
4404080.0
4612968.0
4825152.0
5040568.0
5259176.0
5480792.0
5705168.0
5931888.0
6160320.0
6389704.0
6619040.0
6847128.0
7072592.0
7293896.0
7509416.0
7717416.0
7916168.0
8103960.0
8279232.0
8440480.0
8586464.0
8716112.0
8828624.0
8923440.0
9000248.0
9058952.0
9099672.0
9122720.0
9128464.0
9117432.0
9090136.0
9047120.0
8988832.0
8915688.0
8827960.0
8725784.0
8609224.0
8478184.0
8332488.0
8171880.0
7996096.0
7804872.0
7598024.0
7375432.0
7137160.0
6883416.0
6614616.0
6331352.0
6034456.0
5724896.0
5403808.0
5072456.0
4732128.0
4384208.0
4029952.0
3670584.0
3307208.0
2940720.0
2571864.0
2201136.0
1828832.0
1455040.0
1079632.0
702328.0
322672.0
-59848.0
-445856.0
-835888.0
-1230504.0
-1630096.0
-2034912.0
-2444944.0
-2859920.0
-3279208.0
-3701872.0
-4126528.0
-4551392.0
-4974288.0
-5392632.0
-5803456.0
-6203488.0
-6589160.0
-6956752.0
-7302360.0
-7622080.0
-7912080.0
-8168640.0
-8388312.0
-8567944.0
-8704728.0
-8796400.0
-8841136.0
-8837640.0
-8785176.0
-8683584.0
-8533304.0
-8335264.0
-8091016.0
-7802640.0
-7472696.0
-7104256.0
-6700824.0
-6266352.0
-5805064.0
-5321560.0
-4820632.0
-4307216.0
-3786360.0
-3263080.0
-2742288.0
-2228736.0
-1726904.0
-1240968.0
-774680.0
-331392.0
86064.0
475376.0
834736.0
1162880.0
1459088.0
1723112.0
1955184.0
2156008.0
2326616.0
2468408.0
2583056.0
2672432.0
2738584.0
2783648.0
2809824.0
2819320.0
2814320.0
2796944.0
2769216.0
2733056.0
2690256.0
2642536.0
2591448.0
2538472.0
2484928.0
2432104.0
2381216.0
2333400.0
2289792.0
2251480.0
2219512.0
2194920.0
2178680.0
2171664.0
2174608.0
2188128.0
2212544.0
2247960.0
2294128.0
2350496.0
2416176.0
2489936.0
2570280.0
2655448.0
2743544.0
2832616.0
2920696.0
3006000.0
3086912.0
3162104.0
3230696.0
3292168.0
3346416.0
3393872.0
3435352.0
3472072.0
3505664.0
3537984.0
3571136.0
3607344.0
3648896.0
3698032.0
3756824.0
3827208.0
3910808.0
4008952.0
4122576.0
4252248.0
4398120.0
4559960.0
4737152.0
4928728.0
5133376.0
5349528.0
5575392.0
5808968.0
6048104.0
6290616.0
6534216.0
6776616.0
7015624.0
7249056.0
7474872.0
7691160.0
7896208.0
8088440.0
8266544.0
8429352.0
8575992.0
8705728.0
8818080.0
8912720.0
8989496.0
9048400.0
9089528.0
9113104.0
9119336.0
9108536.0
9081016.0
9037104.0
8977112.0
8901320.0
8810008.0
8703448.0
8581848.0
8445416.0
8294384.0
8128928.0
7949232.0
7755504.0
7547992.0
7326952.0
7092728.0
6845744.0
6586512.0
6315712.0
6034184.0
5742904.0
5443104.0
5136216.0
4823848.0
4507920.0
4190488.0
3873800.0
3560272.0
3252448.0
2952960.0
2664464.0
2389608.0
2130992.0
1891128.0
1672328.0
1476744.0
1306224.0
1162352.0
1046368.0
959104.0
901000.0
872072.0
871880.0
899544.0
953784.0
1032856.0
1134712.0
1256928.0
1396824.0
1551480.0
1717840.0
1892720.0
2072912.0
2255184.0
2436432.0
2613624.0
2783856.0
2944464.0
3092960.0
3227056.0
3344776.0
3444336.0
3524232.0
3583256.0
3620448.0
3635168.0
3627024.0
3596008.0
3542360.0
3466704.0
3369992.0
3253512.0
3118872.0
2968000.0
2803184.0
2626912.0
2441920.0
2251160.0
2057624.0
1864424.0
1674616.0
1491152.0
1316832.0
1154200.0
1005480.0
872560.0
756912.0
659536.0
580984.0
521288.0
480024.0
456248.0
448608.0
455264.0
474048.0
502368.0
537416.0
576112.0
615216.0
651392.0
681248.0
701448.0
708760.0
700072.0
672536.0
623568.0
550920.0
452704.0
327408.0
173960.0
-8296.0
-219656.0
-459984.0
-728760.0
-1025160.0
-1348072.0
-1696080.0
-2067576.0
-2460784.0
-2873768.0
-3304432.0
-3750656.0
-4210200.0
-4680768.0
-5160064.0
-5645752.0
-6135456.0
-6626928.0
-7117872.0
-7606112.0
-8089576.0
-8566368.0
-9034768.0
-9493224.0
-9940536.0
-1.0375696E7
-1.079804E7
-1.1207168E7
-1.1603008E7
-1.1985728E7
-1.2355784E7
-1.2713888E7
-1.3060856E7
-1.3397688E7
-1.372548E7
-1.4045296E7
-1.4358264E7
-1.4665368E7
-1.4967496E7
-1.5265368E7
-1.555948E7
-1.5850152E7
-1.6137416E7
-1.6421056E7
-1.6700592E7
-1.6975312E7
-1.724424E7
-1.7506216E7
-1.7759872E7
-1.8003704E7
-1.8236096E7
-1.8455424E7
-1.866E7
-1.8848192E7
-1.9018472E7
-1.9169464E7
-1.9299904E7
-1.9408792E7
-1.9495304E7
-1.9558848E7
-1.959912E7
-1.9616016E7
-1.960968E7
-1.9580488E7
-1.9529048E7
-1.9456168E7
-1.9362824E7
-1.9250224E7
-1.9119664E7
-1.897264E7
-1.8810768E7
-1.8635712E7
-1.8449256E7
-1.825316E7
-1.80492E7
-1.7839064E7
-1.7624296E7
-1.740628E7
-1.7186168E7
-1.6964792E7
-1.6742688E7
-1.6519992E7
-1.6296472E7
-1.607148E7
-1.5843992E7
-1.5612648E7
-1.5375752E7
-1.5131352E7
-1.487736E7
-1.4611544E7
-1.4331736E7
-1.4035752E7
-1.3721664E7
-1.3387736E7
-1.3032544E7
-1.265508E7
-1.2254712E7
-1.1831256E7
-1.1385E7
-1.091668E7
-1.0427456E7
-9918896.0
-9392984.0
-8851920.0
-8298216.0
-7734552.0
-7163728.0
-6588552.0
-6011824.0
-5436256.0
-4864384.0
-4298544.0
-3740776.0
-3192840.0
-2656136.0
-2131728.0
-1620272.0
-1122096.0
-637096.0
-164872.0
295312.0
744488.0
1183856.0
1614808.0
2038832.0
2457424.0
2872024.0
3283944.0
3694304.0
4103968.0
4513480.0
4922984.0
5332264.0
5740600.0
6146912.0
6549600.0
6946672.0
7335728.0
7714016.0
8078472.0
8425864.0
8752728.0
9055664.0
9331264.0
9576328.0
9787896.0
9963432.0
1.0100808E7
1.0198488E7
1.025548E7
1.0271464E7
1.0246744E7
1.0182232E7
1.0079472E7
9940480.0
9767816.0
9564352.0
9333304.0
9078040.0
8802120.0
8509096.0
8202504.0
7885840.0
7562464.0
7235600.0
6908344.0
6583632.0
6264232.0
5952792.0
5651832.0
5363704.0
5090656.0
4834816.0
4598120.0
4382376.0
4189184.0
4019912.0
3875712.0
3757464.0
3665680.0
3600632.0
3562232.0
3550048.0
3563344.0
3601048.0
3661896.0
3744320.0
3846576.0
3966800.0
4103040.0
4253312.0
4415640.0
4588104.0
4768904.0
4956304.0
5148776.0
5344920.0
5543496.0
5743384.0
5943656.0
6143432.0
6341992.0
6538664.0
6732872.0
6924080.0
7111808.0
7295672.0
7475320.0
7650528.0
7821136.0
7987120.0
8148584.0
8305776.0
8459024.0
8608824.0
8755760.0
8900504.0
9043720.0
9186144.0
9328480.0
9471360.0
9615352.0
9760976.0
9908600.0
1.0058488E7
1.0210824E7
1.036568E7
1.0523032E7
1.06828E7
1.08448E7
1.1008864E7
1.117472E7
1.134216E7
1.1510904E7
1.168068E7
1.1851272E7
1.2022408E7
1.2193912E7
1.2365544E7
1.2537128E7
1.2708456E7
1.2879344E7
1.3049576E7
1.321892E7
1.3387096E7
1.3553816E7
1.3718712E7
1.3881352E7
1.4041216E7
1.4197696E7
1.4350048E7
1.4497408E7
1.4638696E7
1.4772736E7
1.489812E7
1.5013256E7
1.5116352E7
1.520552E7
1.5278672E7
1.5333664E7
1.5368304E7
1.5380456E7
1.5368048E7
1.5329168E7
1.5262184E7
1.5165672E7
1.5038592E7
1.488024E7
1.4690336E7
1.446896E7
1.4216592E7
1.393404E7
1.3622496E7
1.3283392E7
1.2918448E7
1.2529576E7
1.2118824E7
1.1688432E7
1.1240672E7
1.0777912E7
1.0302528E7
9816984.0
9323688.0
8825080.0
8323592.0
7821656.0
7321664.0
6826024.0
6337072.0
5857168.0
5388600.0
4933592.0
4494384.0
4073072.0
3671672.0
3292160.0
2936320.0
2605832.0
2302192.0
2026704.0
1780488.0
1564384.0
1379024.0
1224728.0
1101584.0
1009392.0
947640.0
915632.0
912360.0
936656.0
987112.0
1062208.0
1160264.0
1279568.0
1418312.0
1574688.0
1746936.0
1933248.0
2131952.0
2341384.0
2559968.0
2786192.0
3018632.0
3255888.0
3496704.0
3739808.0
3984072.0
4228400.0
4471792.0
4713368.0
4952304.0
5187928.0
5419672.0
5647112.0
5869960.0
6088112.0
6301592.0
6510584.0
6715432.0
6916656.0
7114888.0
7310904.0
7505624.0
7700048.0
7895296.0
8092520.0
8292944.0
8497816.0
8708392.0
8925888.0
9151544.0
9386480.0
9631760.0
9888336.0
1.015704E7
1.0438552E7
1.0733416E7
1.104196E7
1.1364288E7
1.1700304E7
1.204968E7
1.2411808E7
1.2785832E7
1.3170648E7
1.3564872E7
1.3966872E7
1.4374776E7
1.4786536E7
1.5199912E7
1.5612568E7
1.6022096E7
1.6426096E7
1.6822224E7
1.7208312E7
1.7582384E7
1.794276E7
1.8288088E7
1.861736E7
1.8930008E7
1.922584E7
1.9505096E7
1.9768312E7
2.0016376E7
2.025044E7
2.0471768E7
2.0681744E7
2.0881776E7
2.107316E7
2.1257088E7
2.143452E7
2.1606168E7
2.1772448E7
2.1933536E7
2.2089232E7
2.2239152E7
2.2382648E7
2.2518888E7
2.2646896E7
2.2765632E7
2.2874064E7
2.297116E7
2.3055968E7
2.3127688E7
2.3185632E7
2.3229312E7
2.3258368E7
2.3272648E7
2.327216E7
2.3257064E7
2.3227608E7
2.3184168E7
2.3127176E7
2.3057136E7
2.2974496E7
2.2879728E7
2.2773256E7
2.2655424E7
2.2526528E7
2.2386744E7
2.2236168E7
2.2074848E7
2.190276E7
2.17198E7
2.1525896E7
2.1320952E7
2.110488E7
2.087764E7
2.0639208E7
2.0389616E7
2.0128904E7
1.9857112E7
1.9574248E7
1.9280256E7
1.8975E7
1.8658208E7
1.8329384E7
1.7987936E7
1.7632968E7
1.726344E7
1.6878032E7
1.647528E7
1.6053512E7
1.5610944E7
1.5145752E7
1.4656016E7
1.4139936E7
1.3595768E7
1.302196E7
1.2417256E7
1.1780592E7
1.1111352E7
1.0409304E7
9674632.0
8908008.0
8110648.0
7284232.0
6430976.0
5553576.0
4655224.0
3739480.0
2810328.0
1872016.0
928976.0
-14200.0
-952952.0
-1882728.0
-2799200.0
-3698272.0
-4576176.0
-5429544.0
-6255472.0
-7051504.0
-7815640.0
-8546376.0
-9242632.0
-9903728.0
-1.052928E7
-1.1119208E7
-1.1673568E7
-1.2192544E7
-1.2676328E7
-1.3125096E7
-1.3538872E7
-1.391764E7
-1.426112E7
-1.4568936E7
-1.4840536E7
-1.5075248E7
-1.5272384E7
-1.5431184E7
-1.5551024E7
-1.5631392E7
-1.5672032E7
-1.5673008E7
-1.5634752E7
-1.5558128E7
-1.5444488E7
-1.5295696E7
-1.511416E7
-1.4902768E7
-1.4664928E7
-1.4404472E7
-1.4125632E7
-1.3832952E7
-1.3531232E7
-1.3225376E7
-1.2920392E7
-1.2621144E7
-1.2332424E7
-1.2058712E7
-1.1804136E7
-1.1572376E7
-1.1366616E7
-1.1189424E7
-1.1042704E7
-1.0927704E7
-1.0845016E7
-1.0794464E7
-1.0775224E7
-1.0785856E7
-1.0824272E7
-1.0887896E7
-1.0973648E7
-1.1078192E7
-1.1197768E7
-1.132852E7
-1.146656E7
-1.1607968E7
-1.174896E7
-1.1886016E7
-1.2015896E7
-1.213576E7
-1.22432E7
-1.2336296E7
-1.24136E7
-1.24742E7
-1.251764E7
-1.2543896E7
-1.255336E7
-1.2546712E7
-1.2524896E7
-1.2488984E7
-1.244016E7
-1.237956E7
-1.2308264E7
-1.2227232E7
-1.2137232E7
-1.2038848E7
-1.1932464E7
-1.181828E7
-1.1696296E7
-1.156648E7
-1.142868E7
-1.1282752E7
-1.1128632E7
-1.0966264E7
-1.0795848E7
-1.061764E7
-1.0432128E7
-1.0239976E7
-1.0042008E7
-9839208.0
-9632672.0
-9423656.0
-9213424.0
-9003392.0
-8794976.0
-8589672.0
-8388936.0
-8194368.0
-8007544.0
-7830104.0
-7663752.0
-7510232.0
-7371304.0
-7248776.0
-7144456.0
-7060072.0
-6997312.0
-6957752.0
-6942744.0
-6953504.0
-6990928.0
-7055664.0
-7148024.0
-7267976.0
-7415192.0
-7588976.0
-7788232.0
-8011640.0
-8257464.0
-8523712.0
-8808048.0
-9107864.0
-9420288.0
-9742136.0
-1.0070024E7
-1.040032E7
-1.0729192E7
-1.105268E7
-1.1366696E7
-1.1667128E7
-1.1949872E7
-1.221092E7
-1.244648E7
-1.2652936E7
-1.2827032E7
-1.2965928E7
-1.3067168E7
-1.3128848E7
-1.3149576E7
-1.312852E7
-1.3065472E7
-1.2960704E7
-1.281516E7
-1.2630224E7
-1.2407816E7
-1.215032E7
-1.1860512E7
-1.1541432E7
-1.1196448E7
-1.0829032E7
-1.0442784E7
-1.0041296E7
-9628120.0
-9206624.0
-8779968.0
-8351096.0
-7922560.0
-7496640.0
-7075240.0
-6659856.0
-6251664.0
-5851512.0
-5459912.0
-5077136.0
-4703216.0
-4338072.0
-3981440.0
-3633064.0
-3292624.0
-2959840.0
-2634544.0
-2316584.0
-2005992.0
-1702896.0
-1407528.0
-1120240.0
-841448.0
-571648.0
-311288.0
-60840.0
179296.0
408896.0
627784.0
836008.0
1033736.0
1221328.0
1399296.0
1568280.0
1728984.0
1882208.0
2028752.0
2169360.0
2304784.0
2435608.0
2562352.0
2685440.0
2805104.0
2921520.0
3034712.0
3144632.0
3251168.0
3354104.0
3453224.0
3548224.0
3638800.0
3724616.0
3805304.0
3880488.0
3949752.0
4012680.0
4068792.0
4117600.0
4158592.0
4191256.0
4214960.0
4229160.0
4233240.0
4226544.0
4208472.0
4178352.0
4135536.0
4079408.0
4009336.0
3924720.0
3824968.0
3709552.0
3577968.0
3429816.0
3264712.0
3082440.0
2882920.0
2666232.0
2432648.0
2182688.0
1917208.0
1637240.0
1344272.0
1040016.0
726528.0
406152.0
81504.0
-244592.0
-569216.0
-889288.0
-1201800.0
-1503784.0
-1792456.0
-2065272.0
-2319968.0
-2554704.0
-2768016.0
-2958880.0
-3126800.0
-3271712.0
-3394000.0
-3494472.0
-3574400.0
-3635296.0
-3679024.0
-3707624.0
-3723304.0
-3728336.0
-3725072.0
-3715696.0
-3702448.0
-3687360.0
-3672264.0
-3658872.0
-3648648.0
-3642840.0
-3642496.0
-3648392.0
-3661168.0
-3681184.0
-3708656.0
-3743576.0
-3785760.0
-3834832.0
-3890280.0
-3951384.0
-4017328.0
-4087160.0
-4159816.0
-4234168.0
-4309032.0
-4383256.0
-4455584.0
-4524872.0
-4589976.0
-4649776.0
-4703168.0
-4749072.0
-4786384.0
-4813960.0
-4830576.0
-4834936.0
-4825640.0
-4801104.0
-4759704.0
-4699704.0
-4619344.0
-4516848.0
-4390544.0
-4238952.0
-4060816.0
-3855232.0
-3621776.0
-3360456.0
-3071896.0
-2757280.0
-2418384.0
-2057568.0
-1677728.0
-1282176.0
-874648.0
-459168.0
-39848.0
379048.0
793384.0
1199136.0
1592536.0
1970088.0
2328656.0
2665488.0
2978216.0
3264880.0
3523904.0
3754064.0
3954528.0
4124744.0
4264456.0
4373760.0
4452952.0
4502560.0
4523352.0
4516264.0
4482384.0
4423008.0
4339448.0
4233168.0
4105680.0
3958544.0
3793320.0
3611552.0
3414768.0
3204440.0
2982000.0
2748808.0
2506152.0
2255272.0
1997344.0
1733504.0
1464848.0
1192480.0
917504.0
641096.0
364488.0
89000.0
-183872.0
-452552.0
-715192.0
-969808.0
-1214232.0
-1446040.0
-1662672.0
-1861440.0
-2039496.0
-2193976.0
-2322000.0
-2420744.0
-2487560.0
-2519984.0
-2515864.0
-2473376.0
-2391120.0
-2268120.0
-2103912.0
-1898552.0
-1652592.0
-1367104.0
-1043656.0
-684352.0
-291704.0
131320.0
581384.0
1054808.0
1547600.0
2055512.0
2574144.0
3098968.0
3625336.0
4148624.0
4664272.0
5167840.0
5655120.0
6122112.0
6565216.0
6981184.0
7367264.0
7721192.0
8041312.0
8326552.0
8576448.0
8791168.0
8971480.0
9118728.0
9234776.0
9321968.0
9382960.0
9420712.0
9438320.0
9438984.0
9425744.0
9401528.0
9368992.0
9330384.0
9287584.0
9241936.0
9194288.0
9144952.0
9093704.0
9039792.0
8982024.0
8918720.0
8847888.0
8767216.0
8674112.0
8565920.0
8439880.0
8293240.0
8123424.0
7928008.0
7704840.0
7452144.0
7168568.0
6853240.0
6505768.0
6126352.0
5715704.0
5275160.0
4806568.0
4312296.0
3795208.0
3258568.0
2706016.0
2141440.0
1568952.0
992728.0
417040.0
-153968.0
-716272.0
-1266072.0
-1799776.0
-2314224.0
-2806512.0
-3274208.0
-3715240.0
-4127992.0
-4511216.0
-4864088.0
-5186152.0
-5477248.0
-5737576.0
-5967544.0
-6167824.0
-6339240.0
-6482784.0
-6599528.0
-6690624.0
-6757248.0
-6800592.0
-6821824.0
-6822080.0
-6802440.0
-6763912.0
-6707424.0
-6633872.0
-6543984.0
-6438536.0
-6318184.0
-6183592.0
-6035400.0
-5874256.0
-5700896.0
-5516088.0
-5320664.0
-5115608.0
-4901984.0
-4680944.0
-4453792.0
-4221904.0
-3986752.0
-3749856.0
-3512736.0
-3276960.0
-3044024.0
-2815392.0
-2592384.0
-2376216.0
-2167960.0
-1968512.0
-1778552.0
-1598632.0
-1429032.0
-1269888.0
-1121144.0
-982600.0
-853840.0
-734384.0
-623584.0
-520712.0
-424936.0
-335360.0
-251000.0
-170824.0
-93760.0
-18712.0
55432.0
129776.0
205392.0
283248.0
364248.0
449160.0
538616.0
633096.0
732912.0
838200.0
948936.0
1064976.0
1186096.0
1311960.0
1442240.0
1576648.0
1714952.0
1857040.0
2003000.0
2153040.0
2307680.0
2467600.0
2633736.0
2807264.0
2989488.0
3181888.0
3386096.0
3603688.0
3836264.0
4085320.0
4352184.0
4637976.0
4943512.0
5269288.0
5615488.0
5981848.0
6367768.0
6772240.0
7193904.0
7631056.0
8081656.0
8543376.0
9013624.0
9489616.0
9968304.0
1.0446472E7
1.0920728E7
1.1387496E7
1.1843056E7
1.2283544E7
1.2704936E7
1.3103136E7
1.3474008E7
1.381336E7
1.411712E7
1.4381312E7
1.4602232E7
1.4776472E7
1.4901128E7
1.49738E7
1.4992752E7
1.4957E7
1.486632E7
1.4721368E7
1.4523592E7
1.4275288E7
1.3979496E7
1.3639936E7
1.326088E7
1.2847008E7
1.2403312E7
1.1934864E7
1.144676E7
1.0943928E7
1.0431016E7
9912320.0
9391720.0
8872608.0
8357928.0
7850096.0
7351152.0
6862680.0
6385960.0
5921944.0
5471416.0
5034928.0
4612992.0
4206024.0
3814432.0
3438680.0
3079216.0
2736608.0
2411472.0
2104560.0
1816672.0
1548680.0
1301600.0
1076432.0
874288.0
696240.0
543400.0
416784.0
317376.0
246008.0
203320.0
189848.0
205776.0
251088.0
325424.0
428096.0
558088.0
713984.0
894040.0
1096176.0
1317928.0
1556568.0
1809104.0
2072336.0
2342904.0
2617336.0
2892144.0
3163864.0
3429120.0
3684672.0
3927504.0
4154816.0
4364096.0
4553144.0
4720048.0
4863312.0
4981768.0
5074608.0
5141432.0
5182232.0
5197376.0
5187672.0
5154304.0
5098816.0
5023168.0
4929616.0
4820664.0
4699104.0
4567840.0
4429848.0
4288120.0
4145536.0
4004768.0
3868272.0
3738192.0
3616272.0
3503912.0
3402048.0
3311256.0
3231744.0
3163408.0
3105848.0
3058480.0
3020624.0
2991552.0
2970544.0
2957056.0
2950640.0
2951144.0
2958616.0
2973368.0
2995968.0
3027216.0
3068088.0
3119728.0
3183360.0
3260224.0
3351488.0
3458264.0
3581448.0
3721744.0
3879560.0
4055080.0
4248120.0
4458288.0
4684832.0
4926800.0
5182992.0
5452080.0
5732552.0
6022864.0
6321368.0
6626440.0
6936408.0
7249720.0
7564752.0
7879960.0
8193808.0
8504768.0
8811360.0
9112032.0
9405320.0
9689656.0
9963560.0
1.0225512E7
1.0474064E7
1.0707816E7
1.092544E7
1.1125704E7
1.1307544E7
1.1470072E7
1.161252E7
1.1734416E7
1.183544E7
1.1915504E7
1.1974792E7
1.2013624E7
1.2032552E7
1.2032296E7
1.2013688E7
1.1977688E7
1.1925296E7
1.1857504E7
1.177532E7
1.1679632E7
1.157128E7
1.1450976E7
1.1319256E7
1.117652E7
1.1023056E7
1.0859016E7
1.0684448E7
1.049936E7
1.0303736E7
1.009764E7
9881208.0
9654712.0
9418616.0
9173672.0
8920824.0
8661304.0
8396648.0
8128648.0
7859360.0
7590992.0
7326064.0
7067168.0
6817008.0
6578392.0
6354136.0
6147088.0
5959992.0
5795560.0
5656360.0
5544824.0
5463184.0
5413448.0
5397368.0
5416368.0
5471496.0
5563416.0
5692344.0
5858016.0
6059608.0
6295848.0
6564824.0
6864160.0
7190920.0
7541744.0
7912848.0
8300080.0
8699120.0
9105448.0
9514520.0
9921856.0
1.0323112E7
1.0714208E7
1.1091336E7
1.145108E7
1.1790376E7
1.2106552E7
1.2397352E7
1.2660888E7
1.2895616E7
1.3100296E7
1.3273952E7
1.3415832E7
1.3525392E7
1.3602248E7
1.3646184E7
1.3657128E7
1.3635152E7
1.3580464E7
1.349348E7
1.3374704E7
1.3224936E7
1.3045096E7
1.283632E7
1.2599976E7
1.2337576E7
1.205088E7
1.1741744E7
1.1412256E7
1.106456E7
1.0700984E7
1.0323848E7
9935608.0
9538704.0
9135584.0
8728720.0
8320456.0
7913112.0
7508872.0
7109800.0
6717800.0
6334592.0
5961704.0
5600472.0
5251952.0
4917104.0
4596616.0
4291000.0
4000600.0
3725600.0
3466024.0
3221848.0
2992832.0
2778656.0
2578904.0
2392984.0
2220176.0
2059632.0
1910336.0
1771152.0
1640760.0
1517752.0
1400616.0
1287816.0
1177744.0
1068856.0
959656.0
848808.0
735032.0
617280.0
494664.0
366504.0
232312.0
91784.0
-55192.0
-208560.0
-368112.0
-533520.0
-704336.0
-880056.0
-1060088.0
-1243816.0
-1430624.0
-1619912.0
-1811056.0
-2003496.0
-2196736.0
-2390232.0
-2583552.0
-2776176.0
-2967584.0
-3157224.0
-3344456.0
-3528520.0
-3708568.0
-3883560.0
-4052352.0
-4213672.0
-4366104.0
-4508144.0
-4638200.0
-4754640.0
-4855872.0
-4940280.0
-5006400.0
-5052856.0
-5078472.0
-5082296.0
-5063616.0
-5022032.0
-4957472.0
-4870216.0
-4760928.0
-4630624.0
-4480768.0
-4313128.0
-4129888.0
-3933504.0
-3726720.0
-3512552.0
-3294080.0
-3074544.0
-2857168.0
-2645080.0
-2441240.0
-2248424.0
-2069024.0
-1905088.0
-1758184.0
-1629424.0
-1519360.0
-1428104.0
-1355160.0
-1299600.0
-1260064.0
-1234760.0
-1221584.0
-1218256.0
-1222280.0
-1231112.0
-1242224.0
-1253160.0
-1261600.0
-1265440.0
-1262800.0
-1252032.0
-1231816.0
-1201072.0
-1158992.0
-1105048.0
-1038912.0
-960520.0
-869936.0
-767464.0
-653448.0
-528400.0
-392904.0
-247536.0
-92984.0
70144.0
241264.0
419816.0
605296.0
797280.0
995432.0
1199432.0
1409096.0
1624216.0
1844656.0
2070224.0
2300744.0
2535968.0
2775544.0
3019032.0
3265864.0
3515320.0
3766560.0
4018632.0
4270440.0
4520824.0
4768568.0
5012432.0
5251184.0
5483688.0
5708848.0
5925768.0
6133624.0
6331840.0
6520056.0
6698136.0
6866208.0
7024576.0
7173856.0
7314896.0
7448760.0
7576696.0
7700088.0
7820456.0
7939376.0
8058408.0
8179064.0
8302728.0
8430624.0
8563760.0
8702872.0
8848392.0
9000536.0
9159136.0
9323768.0
9493752.0
9668112.0
9845728.0
1.0025248E7
1.0205176E7
1.0383984E7
1.0560008E7
1.0731664E7
1.0897312E7
1.105544E7
1.1204624E7
1.134356E7
1.1471144E7
1.1586424E7
1.1688624E7
1.1777192E7
1.1851712E7
1.1911976E7
1.1957904E7
1.1989552E7
1.2007056E7
1.2010664E7
1.2000656E7
1.1977344E7
1.1941072E7
1.1892152E7
1.1830944E7
1.1757776E7
1.167292E7
1.157672E7
1.1469432E7
1.1351368E7
1.1222856E7
1.10842E7
1.09358E7
1.0778088E7
1.0611592E7
1.0436936E7
1.0254856E7
1.00662E7
9871976.0
9673304.0
9471424.0
9267664.0
9063464.0
8860232.0
8659400.0
8462352.0
8270360.0
8084536.0
7905864.0
7735088.0
7572744.0
7419168.0
7274512.0
7138704.0
7011520.0
6892616.0
6781488.0
6677592.0
6580224.0
6488656.0
6402040.0
6319480.0
6239872.0
6162104.0
6084776.0
6006504.0
5925600.0
5840296.0
5748664.0
5648704.0
5538304.0
5415440.0
5278056.0
5124312.0
4952520.0
4761296.0
4549592.0
4316752.0
4062560.0
3787264.0
3491560.0
3176672.0
2844184.0
2496208.0
2135144.0
1763800.0
1385248.0
1002760.0
619816.0
240024.0
-132984.0
-495552.0
-844064.0
-1174992.0
-1484944.0
-1770752.0
-2029448.0
-2258336.0
-2455064.0
-2617544.0
-2744144.0
-2833504.0
-2884760.0
-2897376.0
-2871248.0
-2806688.0
-2704344.0
-2565288.0
-2390920.0
-2183000.0
-1943616.0
-1675128.0
-1380216.0
-1061776.0
-722960.0
-367120.0
2248.0
381456.0
766768.0
1154384.0
1540432.0
1921144.0
2292824.0
2651912.0
2995080.0
3319216.0
3621568.0
3899712.0
4151608.0
4375664.0
4570704.0
4736008.0
4871320.0
4976752.0
5052872.0
5100576.0
5121080.0
5115832.0
5086464.0
5034776.0
4962528.0
4871544.0
4763544.0
4640080.0
4502536.0
4352048.0
4189504.0
4015496.0
3830288.0
3633904.0
3426024.0
3206048.0
2973192.0
2726408.0
2464536.0
2186240.0
1890240.0
1575168.0
1239784.0
882952.0
503784.0
101616.0
-323904.0
-772832.0
-1244800.0
-1739112.0
-2254704.0
-2790136.0
-3343704.0
-3913416.0
-4497088.0
-5092368.0
-5696824.0
-6308080.0
-6923728.0
-7541488.0
-8159224.0
-8774984.0
-9386968.0
-9993616.0
-1.0593456E7
-1.118524E7
-1.1767784E7
-1.2339976E7
-1.290068E7
-1.3448808E7
-1.3983136E7
-1.450236E7
-1.5005088E7
-1.5489792E7
-1.5954872E7
-1.6398616E7
-1.6819336E7
-1.7215344E7
-1.7585016E7
-1.7926856E7
-1.8239568E7
-1.8522064E7
-1.8773512E7
-1.8993384E7
-1.9181408E7
-1.9337608E7
-1.9462312E7
-1.9556136E7
-1.9619896E7
-1.965464E7
-1.9661632E7
-1.9642288E7
-1.959812E7
-1.9530824E7
-1.944212E7
-1.93338E7
-1.9207704E7
-1.9065688E7
-1.8909632E7
-1.8741408E7
-1.8562856E7
-1.8375864E7
-1.8182248E7
-1.798384E7
-1.778252E7
-1.7580104E7
-1.7378464E7
-1.7179464E7
-1.6984976E7
-1.679684E7
-1.6616912E7
-1.6446984E7
-1.6288752E7
-1.61438E7
-1.601356E7
-1.5899296E7
-1.5802008E7
-1.5722432E7
-1.5661016E7
-1.5617904E7
-1.5592896E7
-1.5585464E7
-1.5594728E7
-1.5619512E7
-1.5658336E7
-1.570948E7
-1.5770992E7
-1.5840744E7
-1.591656E7
-1.5996192E7
-1.6077416E7
-1.6158072E7
-1.62362E7
-1.630996E7
-1.63778E7
-1.6438408E7
-1.6490808E7
-1.6534304E7
-1.6568528E7
-1.6593432E7
-1.6609296E7
-1.6616632E7
-1.6616288E7
-1.6609272E7
-1.6596848E7
-1.65804E7
-1.6561472E7
-1.6541648E7
-1.6522608E7
-1.6505992E7
-1.6493416E7
-1.6486416E7
-1.6486464E7
-1.6494824E7
-1.6512648E7
-1.654088E7
-1.6580256E7
-1.6631288E7
-1.6694264E7
-1.6769232E7
-1.685596E7
-1.6954048E7
-1.7062776E7
-1.718128E7
-1.7308456E7
-1.7442984E7
-1.7583432E7
-1.7728192E7
-1.7875528E7
-1.8023672E7
-1.8170736E7
-1.831484E7
-1.8454032E7
-1.85864E7
-1.8710016E7
-1.8822968E7
-1.8923384E7
-1.9009368E7
-1.9079096E7
-1.913076E7
-1.91626E7
-1.917292E7
-1.916016E7
-1.9122848E7
-1.9059736E7
-1.8969768E7
-1.8852224E7
-1.870668E7
-1.853312E7
-1.8331984E7
-1.8104184E7
-1.7851112E7
-1.7574632E7
-1.7277176E7
-1.6961536E7
-1.6630992E7
-1.6289072E7
-1.5939632E7
-1.5586664E7
-1.5234192E7
-1.4886264E7
-1.4546688E7
-1.4219104E7
-1.3906744E7
-1.361244E7
-1.3338472E7
-1.3086608E7
-1.285796E7
-1.2653008E7
-1.24716E7
-1.2312936E7
-1.2175608E7
-1.2057616E7
-1.195652E7
-1.1869424E7
-1.1793088E7
-1.1724096E7
-1.1658864E7
-1.159388E7
-1.1525664E7
-1.145104E7
-1.1367096E7
-1.1271352E7
-1.11618E7
-1.1036944E7
-1.0895872E7
-1.073816E7
-1.0563976E7
-1.0373976E7
-1.0169272E7
-9951360.0
-9722088.0
-9483528.0
-9237936.0
-8987704.0
-8735224.0
-8482888.0
-8233032.0
-7987896.0
-7749544.0
-7519896.0
-7300656.0
-7093360.0
-6899232.0
-6719288.0
-6554240.0
-6404528.0
-6270296.0
-6151376.0
-6047336.0
-5957384.0
-5880560.0
-5815632.0
-5761200.0
-5715760.0
-5677720.0
-5645528.0
-5617632.0
-5592656.0
-5569392.0
-5546816.0
-5524184.0
-5500992.0
-5476992.0
-5452216.0
-5426856.0
-5401360.0
-5376224.0
-5352088.0
-5329576.0
-5309304.0
-5291792.0
-5277464.0
-5266552.0
-5259144.0
-5255160.0
-5254328.0
-5256264.0
-5260440.0
-5266288.0
-5273216.0
-5280664.0
-5288120.0
-5295224.0
-5301696.0
-5307472.0
-5312560.0
-5317112.0
-5321368.0
-5325616.0
-5330112.0
-5335088.0
-5340672.0
-5346896.0
-5353584.0
-5360488.0
-5367160.0
-5373048.0
-5377456.0
-5379672.0
-5378888.0
-5374328.0
-5365200.0
-5350752.0
-5330288.0
-5303160.0
-5268752.0
-5226512.0
-5175928.0
-5116520.0
-5047816.0
-4969416.0
-4880936.0
-4782048.0
-4672504.0
-4552168.0
-4420984.0
-4279088.0
-4126752.0
-3964456.0
-3792872.0
-3612872.0
-3425520.0
-3232104.0
-3034080.0
-2833016.0
-2630656.0
-2428848.0
-2229480.0
-2034488.0
-1845800.0
-1665328.0
-1494912.0
-1336224.0
-1190904.0
-1060304.0
-945616.0
-847720.0
-767256.0
-704496.0
-659424.0
-631648.0
-620488.0
-624856.0
-643376.0
-674400.0
-716008.0
-766056.0
-822272.0
-882272.0
-943584.0
-1003744.0
-1060368.0
-1111192.0
-1154112.0
-1187312.0
-1209272.0
-1218816.0
-1215176.0
-1198048.0
-1167592.0
-1124408.0
-1069624.0
-1004760.0
-931784.0
-852936.0
-770744.0
-687936.0
-607272.0
-531576.0
-463520.0
-405608.0
-360120.0
-329072.0
-314112.0
-316576.0
-337408.0
-377296.0
-436568.0
-515240.0
-613160.0
-729888.0
-864880.0
-1017392.0
-1186648.0
-1371712.0
-1571632.0
-1785392.0
-2011968.0
-2250288.0
-2499256.0
-2757776.0
-3024744.0
-3299016.0
-3579440.0
-3864880.0
-4154144.0
-4446032.0
-4739320.0
-5032784.0
-5325136.0
-5615104.0
-5901432.0
-6182856.0
-6458144.0
-6726136.0
-6985720.0
-7235936.0
-7475936.0
-7704984.0
-7922544.0
-8128192.0
-8321664.0
-8502888.0
-8671816.0
-8828632.0
-8973496.0
-9106656.0
-9228424.0
-9339072.0
-9438856.0
-9528032.0
-9606760.0
-9675160.0
-9733256.0
-9780984.0
-9818240.0
-9844832.0
-9860544.0
-9865096.0
-9858120.0
-9839336.0
-9808376.0
-9764936.0
-9708688.0
-9639336.0
-9556640.0
-9460360.0
-9350320.0
-9226368.0
-9088448.0
-8936496.0
-8770552.0
-8590712.0
-8397184.0
-8190256.0
-7970344.0
-7737976.0
-7493856.0
-7238816.0
-6973840.0
-6700096.0
-6418864.0
-6131592.0
-5839792.0
-5545064.0
-5249040.0
-4953352.0
-4659544.0
-4369112.0
-4083368.0
-3803504.0
-3530488.0
-3265128.0
-3008008.0
-2759528.0
-2519960.0
-2289416.0
-2067944.0
-1855576.0
-1652304.0
-1458208.0
-1273448.0
-1098360.0
-933400.0
-779256.0
-636776.0
-506984.0
-391128.0
-290504.0
-206576.0
-140776.0
-94592.0
-69408.0
-66424.0
-86720.0
-131088.0
-200096.0
-293976.0
-412720.0
-556000.0
-723192.0
-913456.0
-1125688.0
-1358608.0
-1610744.0
-1880496.0
-2166120.0
-2465768.0
-2777544.0
-3099456.0
-3429432.0
-3765376.0
-4105176.0
-4446648.0
-4787648.0
-5125992.0
-5459568.0
-5786320.0
-6104184.0
-6411264.0
-6705760.0
-6985968.0
-7250376.0
-7497608.0
-7726472.0
-7935920.0
-8125136.0
-8293424.0
-8440288.0
-8565400.0
-8668560.0
-8749704.0
-8808960.0
-8846488.0
-8862616.0
-8857744.0
-8832336.0
-8786944.0
-8722192.0
-8638736.0
-8537280.0
-8418536.0
-8283288.0
-8132264.0
-7966272.0
-7786048.0
-7592376.0
-7385952.0
-7167504.0
-6937736.0
-6697280.0
-6446736.0
-6186760.0
-5917912.0
-5640776.0
-5355896.0
-5063904.0
-4765368.0
-4460920.0
-4151192.0
-3836872.0
-3518688.0
-3197392.0
-2873752.0
-2548608.0
-2222808.0
-1897224.0
-1572768.0
-1250352.0
-930920.0
-615392.0
-304728.0
152.0
298352.0
588992.0
871208.0
1144216.0
1407200.0
1659424.0
1900232.0
2128920.0
2344896.0
2547552.0
2736320.0
2910720.0
3070288.0
3214624.0
3343424.0
3456520.0
3553840.0
3635528.0
3701856.0
3753320.0
3790664.0
3814800.0
3826864.0
3828152.0
3820184.0
3804504.0
3782784.0
3756720.0
3727928.0
3698016.0
3668400.0
3640400.0
3615112.0
3593464.0
3576144.0
3563640.0
3556248.0
3554008.0
3556832.0
3564360.0
3576136.0
3591472.0
3609560.0
3629400.0
3649856.0
3669696.0
3687512.0
3701888.0
3711296.0
3714256.0
3709328.0
3695112.0
3670400.0
3634200.0
3585704.0
3524440.0
3450224.0
3363168.0
3263784.0
3152856.0
3031520.0
2901200.0
2763544.0
2620464.0
2473968.0
2326224.0
2179408.0
2035696.0
1897152.0
1765720.0
1643128.0
1530840.0
1429992.0
1341392.0
1265488.0
1202328.0
1151584.0
1112584.0
1084272.0
1065344.0
1054160.0
1048928.0
1047672.0
1048328.0
1048800.0
1047048.0
1041096.0
1029144.0
1009632.0
981232.0
942944.0
894120.0
834440.0
764000.0
683208.0
592784.0
493800.0
387536.0
275496.0
159296.0
40624.0
-78728.0
-197088.0
-312776.0
-424224.0
-529928.0
-628560.0
-718856.0
-799672.0
-869944.0
-928728.0
-975112.0
-1008256.0
-1027360.0
-1031656.0
-1020416.0
-992944.0
-948544.0
-886632.0
-806584.0
-707920.0
-590200.0
-453096.0
-296448.0
-120264.0
75288.0
289800.0
522568.0
772648.0
1038760.0
1319344.0
1612576.0
1916360.0
2228344.0
2546048.0
2866832.0
3188024.0
3506992.0
3821128.0
4128000.0
4425352.0
4711136.0
4983600.0
5241184.0
5482680.0
5707064.0
5913600.0
6101776.0
6271304.0
6422104.0
6554288.0
6668128.0
6764064.0
6842736.0
6904824.0
6951208.0
6982848.0
7000744.0
7005928.0
6999424.0
6982224.0
6955224.0
6919304.0
6875128.0
6823328.0
6764384.0
6698688.0
6626552.0
6548256.0
6464056.0
6374216.0
6279048.0
6179008.0
6074624.0
5966504.0
5855448.0
5742392.0
5628368.0
5514512.0
5402016.0
5292112.0
5185976.0
5084768.0
4989504.0
4901040.0
4820032.0
4746960.0
4681984.0
4625024.0
4575736.0
4533504.0
4497472.0
4466552.0
4439464.0
4414816.0
4391064.0
4366664.0
4340024.0
4309680.0
4274168.0
4232240.0
4182752.0
4124760.0
4057520.0
3980424.0
3893064.0
3795168.0
3686536.0
3567064.0
3436704.0
3295416.0
3143072.0
2979632.0
2804912.0
2618776.0
2421040.0
2211560.0
1990256.0
1757120.0
1512352.0
1256288.0
989528.0
712944.0
427592.0
134856.0
-163640.0
-466104.0
-770528.0
-1074824.0
-1376768.0
-1674248.0
-1965072.0
-2247256.0
-2518928.0
-2778352.0
-3024080.0
-3254824.0
-3469600.0
-3667592.0
-3848272.0
-4011288.0
-4156528.0
-4283992.0
-4393904.0
-4486576.0
-4562456.0
-4622064.0
-4666016.0
-4694920.0
-4709512.0
-4710520.0
-4698696.0
-4674848.0
-4639808.0
-4594432.0
-4539560.0
-4476104.0
-4404968.0
-4327040.0
-4243216.0
-4154392.0
-4061416.0
-3965096.0
-3866232.0
-3765576.0
-3663840.0
-3561720.0
-3459904.0
-3359032.0
-3259752.0
-3162712.0
-3068584.0
-2977992.0
-2891568.0
-2809952.0
-2733736.0
-2663464.0
-2599672.0
-2542768.0
-2493160.0
-2451104.0
-2416800.0
-2390320.0
-2371640.0
-2360624.0
-2357016.0
-2360440.0
-2370488.0
-2386560.0
-2408064.0
-2434264.0
-2464480.0
-2497912.0
-2533824.0
-2571448.0
-2610056.0
-2648944.0
-2687448.0
-2724944.0
-2760824.0
-2794520.0
-2825472.0
-2853144.0
-2876920.0
-2896248.0
-2910488.0
-2919000.0
-2921136.0
-2916192.0
-2903496.0
-2882400.0
-2852208.0
-2812376.0
-2762320.0
-2701568.0
-2629712.0
-2546432.0
-2451440.0
-2344584.0
-2225744.0
-2094896.0
-1952088.0
-1797424.0
-1631152.0
-1453584.0
-1265096.0
-1066264.0
-857752.0
-640344.0
-414992.0
-182752.0
55136.0
297432.0
542736.0
789568.0
1036496.0
1282080.0
1524880.0
1763616.0
1997056.0
2224096.0
2443776.0
2655304.0
2857952.0
3051176.0
3234512.0
3407592.0
3570120.0
3721896.0
3862760.0
3992600.0
4111360.0
4219040.0
4315736.0
4401560.0
4476728.0
4541528.0
4596328.0
4641576.0
4677752.0
4705376.0
4725048.0
4737360.0
4742864.0
4742088.0
4735544.0
4723624.0
4706664.0
4684904.0
4658480.0
4627408.0
4591632.0
4550944.0
4505072.0
4453672.0
4396256.0
4332328.0
4261296.0
4182536.0
4095456.0
3999384.0
3893760.0
3778016.0
3651664.0
3514384.0
3365888.0
3206104.0
3035040.0
2852904.0
2660064.0
2457040.0
2244520.0
2023336.0
1794456.0
1558992.0
1318184.0
1073400.0
826096.0
577856.0
330312.0
85208.0
-155680.0
-390536.0
-617480.0
-834672.0
-1040272.0
-1232440.0
-1409424.0
-1569560.0
-1711248.0
-1833016.0
-1933472.0
-2011432.0
-2065832.0
-2095784.0
-2100608.0
-2079808.0
-2033144.0
-1960576.0
-1862336.0
-1738920.0
-1591048.0
-1419752.0
-1226280.0
-1012088.0
-778880.0
-528496.0
-262904.0
15784.0
305504.0
604128.0
909592.0
1219928.0
1533280.0
1847952.0
2162416.0
2475352.0
2785656.0
3092408.0
3394944.0
3692808.0
3985744.0
4273728.0
4556928.0
4835696.0
5110560.0
5382184.0
5651360.0
5919000.0
6186024.0
6453440.0
6722216.0
6993264.0
7267408.0
7545352.0
7827640.0
8114624.0
8406448.0
8703024.0
9004016.0
9308856.0
9616712.0
9926512.0
1.0236976E7
1.0546544E7
1.0853512E7
1.1155976E7
1.1451888E7
1.1739064E7
1.2015232E7
1.2278104E7
1.252536E7
1.2754736E7
1.2964032E7
1.3151224E7
1.3314408E7
1.3451928E7
1.3562392E7
1.3644712E7
1.3698104E7
1.3722176E7
1.3716928E7
1.3682712E7
1.3620368E7
1.353112E7
1.3416592E7
1.3278832E7
1.3120288E7
1.2943704E7
1.275216E7
1.2549064E7
1.2337928E7
1.2122472E7
1.1906448E7
1.1693656E7
1.1487744E7
1.1292256E7
1.1110464E7
1.0945328E7
1.0799448E7
1.0674928E7
1.057344E7
1.0496088E7
1.0443456E7
1.0415592E7
1.041196E7
1.0431552E7
1.0472904E7
1.0534072E7
1.0612808E7
1.0706528E7
1.0812448E7
1.092768E7
1.1049232E7
1.117416E7
1.1299656E7
1.1423048E7
1.1541936E7
1.1654248E7
1.175828E7
1.1852752E7
1.1936816E7
1.201012E7
1.207272E7
1.2125256E7
1.2168672E7
1.22044E7
1.22342E7
1.2260096E7
1.2284368E7
1.2309408E7
1.2337656E7
1.2371536E7
1.2413384E7
1.246532E7
1.2529184E7
1.2606568E7
1.2698632E7
1.2806136E7
1.2929432E7
1.306836E7
1.3222336E7
1.3390288E7
1.357068E7
1.3761568E7
1.3960592E7
1.4165048E7
1.4371936E7
1.4577976E7
1.4779736E7
1.4973688E7
1.5156264E7
1.5323976E7
1.5473432E7
1.5601512E7
1.5705344E7
1.5782448E7
1.5830728E7
1.5848592E7
1.5834944E7
1.5789192E7
1.571128E7
1.560168E7
1.5461416E7
1.5291904E7
1.5095096E7
1.4873248E7
1.462904E7
1.4365392E7
1.4085496E7
1.379272E7
1.3490536E7
1.3182528E7
1.2872312E7
1.2563448E7
1.225948E7
1.1963776E7
1.1679544E7
1.1409752E7
1.1157024E7
1.0923664E7
1.071144E7
1.0521672E7
1.0355064E7
1.0211704E7
1.0090984E7
9991624.0
9911704.0
9848528.0
9798912.0
9759088.0
9724864.0
9691736.0
9655032.0
9610040.0
9552112.0
9476872.0
9380288.0
9258816.0
9109368.0
8929552.0
8717536.0
8472176.0
8192920.0
7879776.0
7533288.0
7154472.0
6744664.0
6305544.0
5838944.0
5346848.0
4831296.0
4294368.0
3738072.0
3164408.0
2575304.0
1972680.0
1358408.0
734424.0
102688.0
-534696.0
-1175568.0
-1817544.0
-2458128.0
-3094632.0
-3724264.0
-4344120.0
-4951224.0
-5542640.0
-6115456.0
-6666976.0
-7194640.0
-7696240.0
-8169848.0
-8613936.0
-9027384.0
-9409544.0
-9760176.0
-1.0079456E7
-1.0367976E7
-1.062672E7
-1.0856976E7
-1.1060312E7
-1.123852E7
-1.139356E7
-1.1527528E7
-1.1642584E7
-1.174088E7
-1.182456E7
-1.1895656E7
-1.1956152E7
-1.20078E7
-1.2052256E7
-1.2090904E7
-1.2124952E7
-1.215536E7
-1.2182872E7
-1.2207992E7
-1.2231008E7
-1.2252032E7
-1.2270952E7
-1.2287536E7
-1.2301464E7
-1.231228E7
-1.2319456E7
-1.2322456E7
-1.2320704E7
-1.2313656E7
-1.2300752E7
-1.2281488E7
-1.2255432E7
-1.2222152E7
-1.218136E7
-1.2132832E7
-1.2076464E7
-1.2012232E7
-1.194032E7
-1.1860952E7
-1.1774568E7
-1.1681688E7
-1.1583032E7
-1.1479328E7
-1.1371456E7
-1.126032E7
-1.114684E7
-1.1031912E7
-1.0916392E7
-1.0801008E7
-1.068636E7
-1.0572824E7
-1.046064E7
-1.0349768E7
-1.0239968E7
-1.013072E7
-1.002128E7
-9910720.0
-9797848.0
-9681392.0
-9559984.0
-9432160.0
-9296512.0
-9151720.0
-8996608.0
-8830200.0
-8651784.0
-8460952.0
-8257608.0
-8041992.0
-7814656.0
-7576448.0
-7328416.0
-7071872.0
-6808160.0
-6538712.0
-6264912.0
-5988024.0
-5709184.0
-5429224.0
-5148824.0
-4868256.0
-4587600.0
-4306600.0
-4024752.0
-3741368.0
-3455544.0
-3166344.0
-2872744.0
-2573792.0
-2268648.0
-1956600.0
-1637224.0
273128.0
619640.0
